# Blender 5.0.1
# www.blender.org
mtllib i02_head_left_eye_vertical_visual_3.mtl
o i02.head.eyeHolder.left_visual.001
v 0.006832 0.073711 0.014152
v 0.007326 0.073711 0.013298
v 0.006907 0.080959 0.014051
v 0.007239 0.083322 0.013486
v 0.006953 0.083322 0.013981
v 0.007095 0.073711 0.013797
v 0.004650 0.073711 0.016591
v 0.005350 0.073711 0.015944
v 0.004694 0.083322 0.016550
v 0.004950 0.073711 0.016342
v 0.005698 0.073711 0.015650
v 0.004622 0.099137 0.016617
v 0.002826 0.073711 0.017581
v 0.003859 0.073711 0.017045
v 0.003025 0.083322 0.017491
v 0.002766 0.073711 0.017615
v 0.003315 0.073711 0.017399
v 0.008246 0.083322 0.010855
v 0.008475 0.070996 0.008814
v 0.008481 0.073711 0.008920
v 0.008526 0.072287 0.008571
v 0.008526 0.073711 0.008644
v 0.008528 0.070279 0.008453
v 0.008461 0.070279 0.008997
v 0.008434 0.072287 0.009213
v 0.001894 0.083322 0.017937
v 0.002068 0.073711 0.017890
v 0.004269 0.073711 0.016851
v 0.003275 0.072287 0.017414
v 0.004368 0.071666 0.016784
v 0.004335 0.072287 0.016806
v 0.003204 0.070279 0.017444
v 0.004441 0.070279 0.016734
v 0.004717 0.072287 0.016544
v 0.004685 0.070279 0.016567
v 0.005714 0.072287 0.015629
v 0.004652 0.068158 0.016592
v 0.005750 0.070279 0.015586
v 0.005717 0.083322 0.015583
v 0.005975 0.073711 0.015291
v 0.006218 0.072287 0.014982
v 0.004567 0.073711 0.016648
v 0.004622 0.083321 0.016617
v 0.004480 0.083322 0.016696
v 0.007339 0.072287 0.013270
v 0.007922 0.072287 0.012015
v 0.007512 0.083322 0.012897
v 0.007095 0.072287 0.013797
v 0.007365 0.083321 0.013269
v 0.008025 0.072287 0.011647
v 0.007922 0.051889 0.012015
v 0.008246 0.072287 0.010855
v 0.008057 0.072287 0.011533
v 0.008422 0.072287 0.009291
v 0.008514 0.062306 0.008463
v 0.008312 0.072287 0.010498
v 0.008538 0.099137 0.008252
v 0.008411 0.083321 0.009960
v 0.008435 0.083322 0.009694
v -0.016217 0.006215 -0.013061
v -0.016217 0.004395 -0.014231
v -0.000000 0.004772 -0.014014
v -0.016217 0.002725 -0.015598
v -0.000000 0.001509 -0.016881
v -0.016217 -0.002131 -0.021370
v -0.000000 -0.001037 -0.020097
v -0.016217 -0.000717 -0.019738
v -0.016217 -0.000085 -0.018861
v -0.016217 0.001226 -0.017145
v 0.000000 -0.004055 -0.023048
v -0.016217 -0.003310 -0.022473
v 0.016217 -0.002131 -0.021370
v -0.016217 -0.005460 -0.024104
v -0.016217 -0.015684 -0.027113
v 0.016217 -0.015684 -0.027113
v -0.016217 -0.014599 -0.027085
v 0.016217 -0.014599 -0.027085
v 0.000000 -0.012175 -0.026745
v 0.016217 -0.011402 -0.026622
v -0.016217 -0.011402 -0.026622
v -0.016217 -0.010355 -0.026349
v 0.016217 -0.010355 -0.026349
v 0.016217 -0.007337 -0.025170
v 0.000000 -0.007894 -0.025378
v 0.016217 -0.005460 -0.024104
v -0.016217 -0.007337 -0.025170
v 0.016217 -0.022068 0.004923
v 0.003446 -0.080577 0.004923
v 0.004062 -0.081011 0.004923
v 0.004190 0.057707 0.016859
v 0.004000 0.050964 0.016950
v 0.004622 0.059763 0.016617
v 0.004906 -0.081784 0.004923
v 0.003446 -0.080577 0.027113
v 0.004646 -0.081501 0.027113
v 0.003018 0.057707 0.017532
v 0.000714 -0.079615 0.027113
v 0.002457 -0.080077 0.027113
v 0.001070 -0.079681 0.004923
v 0.008493 0.057707 0.008784
v 0.008533 0.057707 0.008344
v 0.008534 0.057707 0.008261
v 0.008534 0.057707 0.008192
v 0.008522 0.057707 0.008082
v 0.008526 0.053914 0.008082
v -0.016217 0.073711 -0.010611
v -0.016217 0.073759 -0.010609
v -0.016217 0.073711 -0.010609
v 0.008531 0.067600 0.008188
v 0.008530 0.069495 0.008082
v 0.008530 0.068017 0.008321
v 0.008532 0.066233 0.008375
v 0.008532 0.066244 0.008264
v 0.008533 0.066253 0.008174
v 0.002457 -0.080077 0.004923
v 0.004589 0.067050 0.016635
v 0.004618 0.060621 0.016619
v 0.004624 0.060621 0.016615
v 0.004640 0.067600 0.016600
v 0.004593 0.067396 0.016632
v 0.005871 -0.083020 0.004923
v 0.006608 -0.084453 0.004923
v 0.002118 0.070279 -0.001328
v 0.001769 0.067884 -0.001473
v 0.001916 0.070279 -0.001429
v 0.002402 0.070279 -0.001218
v 0.001884 0.064605 -0.001442
v 0.016217 0.004395 -0.014231
v 0.016217 0.002726 -0.015598
v 0.016217 0.006215 -0.013061
v 0.016217 0.007658 -0.012326
v -0.000433 0.064086 -0.001649
v 0.001703 0.067600 -0.001492
v 0.001727 0.059763 -0.001490
v 0.005118 0.070279 0.000279
v 0.005547 0.070279 0.000726
v 0.005074 0.062821 0.000245
v 0.005885 0.057707 0.001098
v 0.005044 0.057707 0.000222
v 0.016217 -0.000085 -0.018861
v 0.016217 -0.000717 -0.019738
v 0.016217 0.001226 -0.017145
v 0.005094 0.057707 0.000259
v 0.005647 0.057707 0.000835
v 0.016217 -0.003310 -0.022473
v 0.007784 0.059744 0.004112
v 0.007544 0.058848 0.003654
v 0.007103 0.070279 0.002879
v 0.016217 -0.022068 -0.016739
v 0.008086 0.073711 0.005172
v 0.008249 0.070279 0.005721
v 0.008259 0.068646 0.005774
v 0.016217 -0.111661 0.027113
v 0.016217 0.072287 0.027113
v 0.008263 0.068092 0.005793
v 0.008265 0.067376 0.005797
v 0.008113 0.070279 0.005265
v 0.008180 0.066031 0.005500
v 0.016217 -0.111661 0.004923
v 0.007741 0.057707 0.004020
v 0.007588 0.057707 0.003732
v 0.007194 0.070279 0.003050
v 0.007610 0.057707 0.003768
v 0.016217 -0.111661 -0.027113
v 0.016217 -0.111661 -0.016739
v 0.008269 0.066351 0.005816
v 0.008286 0.067600 0.005916
v 0.008324 0.070279 0.006130
v 0.008289 0.061166 0.005909
v 0.008520 0.063214 0.007998
v 0.008305 0.063214 0.006000
v 0.008497 0.057707 0.007848
v 0.008505 0.059763 0.007947
v 0.016217 0.111661 0.027113
v 0.001520 0.111661 0.018043
v 0.001932 0.111661 0.017943
v 0.004261 0.070279 -0.000361
v 0.004484 0.057707 -0.000196
v 0.003787 0.057707 -0.000654
v 0.003897 0.070279 -0.000601
v 0.003321 0.111661 0.017396
v 0.000792 0.111661 0.018111
v 0.000241 0.111661 0.018190
v 0.003852 0.057707 -0.000625
v 0.004336 0.057707 -0.000306
v 0.003717 0.043948 -0.000690
v 0.002719 0.040503 -0.001147
v 0.002263 0.043948 -0.001316
v 0.002071 0.043948 -0.001390
v 0.001682 0.070279 -0.001496
v 0.008312 0.111661 0.010497
v 0.008422 0.111661 0.009291
v 0.008246 0.111661 0.010855
v 0.006462 0.043948 0.001735
v 0.004738 0.111661 0.016530
v 0.004958 0.111661 0.016334
v 0.005846 0.099137 0.015485
v 0.006345 0.111661 0.014811
v 0.005694 0.111661 0.015654
v 0.007095 0.099137 0.013797
v 0.007095 0.111661 0.013797
v 0.007922 0.111661 0.012015
v 0.007784 0.044089 0.004112
v 0.008525 0.111661 0.008655
v 0.008528 0.111661 0.007849
v 0.016217 0.111661 -0.010609
v 0.004259 0.111661 0.016858
v 0.006992 0.072287 0.002687
v 0.006960 0.043948 0.002557
v 0.006873 0.043948 0.002393
v 0.006462 0.072287 0.001735
v 0.006626 0.072287 0.001998
v 0.003537 0.111661 -0.000764
v 0.002643 0.111661 -0.001110
v 0.003926 0.111661 -0.000587
v 0.005051 0.043948 0.000226
v 0.004465 0.043948 -0.000211
v 0.007643 0.070279 0.003791
v 0.007691 0.057707 0.003902
v 0.007778 0.057707 0.004098
v 0.004199 0.111661 -0.000407
v 0.008284 0.059763 0.005896
v 0.008289 0.057707 0.005922
v 0.007838 0.057707 0.004312
v 0.007815 0.057707 0.004219
v 0.008193 0.057707 0.005547
v 0.007794 0.057707 0.004147
v 0.007784 0.057707 0.004112
v 0.007595 0.111661 0.003682
v 0.006992 0.111661 0.002687
v 0.007784 0.111661 0.004112
v 0.008270 0.057707 0.005821
v 0.008214 0.057707 0.005619
v 0.007784 0.072287 0.004112
v 0.007812 0.072287 0.004209
v 0.005139 0.111661 0.000294
v 0.005451 0.111661 0.000619
v 0.006462 0.111661 0.001735
v 0.007640 0.070484 0.003785
v 0.007623 0.071752 0.003747
v 0.008081 0.111661 0.005154
v 0.008227 0.111661 0.005610
v 0.008279 0.099137 0.005847
v 0.006626 0.111661 0.001998
v 0.008235 0.043948 0.005721
v 0.008373 0.111661 0.006404
v -0.001940 0.111661 0.017943
v -0.016217 0.111661 0.027113
v -0.002876 0.111661 0.017620
v -0.001531 0.111661 0.018043
v -0.000591 0.111661 0.018111
v -0.016217 0.111661 -0.010609
v -0.002803 0.111661 -0.001113
v -0.003777 0.111661 -0.000677
v -0.005244 0.111661 0.000411
v -0.005535 0.111661 0.000761
v -0.004308 0.111661 -0.000286
v -0.004914 0.099137 0.000113
v -0.006471 0.111661 0.001735
v -0.007666 0.111661 0.003826
v -0.007265 0.111661 0.003163
v -0.002004 0.111661 -0.001388
v -0.007682 0.111661 0.012640
v -0.007317 0.111661 0.013379
v -0.008140 0.111661 0.010898
v -0.006851 0.111661 0.014185
v -0.006100 0.111661 0.015199
v -0.004967 0.111661 0.016334
v -0.004513 0.111661 0.016707
v -0.007938 0.111661 0.004567
v -0.008313 0.111661 0.005961
v -0.008459 0.111661 0.006755
v -0.008386 0.111661 0.010141
v -0.008490 0.111661 0.009504
v -0.008493 0.111661 0.008699
v -0.003761 0.111661 0.017132
v -0.005702 0.111661 0.015654
v 0.000170 0.099137 0.018182
v 0.005660 -0.082680 0.027113
v 0.007298 -0.087669 0.004923
v -0.000357 -0.079596 0.004923
v 0.008492 0.079409 0.009142
v 0.008323 0.072287 0.010437
v -0.016217 0.072287 0.027113
v -0.016217 0.072287 -0.010609
v 0.002731 0.083321 0.017660
v 0.002240 0.083321 0.017854
v 0.002460 0.072287 0.017739
v 0.003255 0.072287 0.017425
v 0.006345 0.072287 0.014811
v 0.005733 0.072287 0.015611
v 0.006013 0.072287 0.015248
v 0.005790 0.072287 0.015537
v 0.006818 0.072287 0.014172
v 0.007095 0.067600 0.013797
v 0.006776 0.083321 0.014287
v 0.006157 0.083321 0.015123
v 0.008528 0.072287 0.008553
v 0.008530 0.072287 0.008082
v 0.004662 0.068806 0.016584
v 0.004735 0.073711 0.016532
v 0.004709 0.072287 0.016552
v 0.004579 0.072287 0.016640
v 0.004381 0.072287 0.016776
v 0.008283 0.057707 0.005866
v -0.001776 -0.079842 0.004923
v -0.002797 -0.080219 0.027113
v -0.001776 -0.079842 0.027113
v -0.005173 -0.082067 0.027113
v -0.004354 -0.081256 0.004923
v -0.005173 -0.082067 0.004923
v -0.005660 -0.082680 0.027113
v -0.006081 -0.083359 0.004923
v -0.006608 -0.084453 0.027113
v -0.000357 -0.079596 0.027113
v -0.016217 -0.022068 0.004923
v -0.004062 -0.081011 0.027113
v -0.002797 -0.080219 0.004923
v -0.003446 -0.080577 0.004923
v 0.008530 0.070279 0.008038
v -0.001790 0.057707 0.017972
v -0.001462 0.057707 0.018052
v -0.001821 0.057707 0.017944
v -0.001453 0.067447 0.018055
v -0.001988 0.070279 0.017928
v -0.002058 0.065872 0.017906
v -0.002038 0.057707 0.017903
v -0.002188 0.057707 0.017866
v -0.002098 0.057707 0.017897
v -0.002589 0.057707 0.017728
v -0.002779 0.068228 0.017656
v -0.002248 0.043948 0.017854
v -0.000591 0.072287 0.018111
v 0.000041 0.068518 0.018170
v -0.000168 0.070279 0.018151
v -0.001436 0.066643 0.018057
v -0.001286 0.059763 0.018077
v -0.001249 0.057707 0.018081
v -0.001445 0.066830 0.018056
v -0.001439 0.057707 0.018056
v -0.001325 0.057707 0.018075
v -0.001372 0.057707 0.018072
v 0.000095 0.061000 0.018175
v -0.001493 0.070279 0.018048
v 0.000041 0.058730 0.018173
v 0.000062 0.059763 0.018174
v 0.000019 0.057707 0.018173
v 0.000065 0.052149 0.018180
v 0.000041 0.057707 0.018174
v 0.000170 0.067600 0.018182
v 0.000240 0.073711 0.018189
v 0.000020 0.073711 0.018169
v 0.002457 -0.096091 0.027113
v 0.001070 -0.096496 0.027113
v 0.002457 -0.096091 0.004923
v 0.000142 0.065295 0.018180
v 0.000149 0.067600 0.018181
v 0.004354 -0.094912 0.004923
v 0.005173 -0.094101 0.027113
v 0.004646 -0.094667 0.027113
v -0.001502 0.043948 0.018025
v -0.002044 0.039825 0.017901
v -0.001944 0.034328 0.017908
v -0.001976 0.043948 0.017920
v -0.008474 0.067321 0.009623
v -0.008473 0.067501 0.009628
v -0.008418 0.067600 0.006497
v -0.008461 0.064985 0.008082
v -0.008492 0.073711 0.008724
v -0.008474 0.067901 0.009620
v -0.008476 0.068429 0.009609
v -0.008480 0.070279 0.009571
v 0.006081 -0.092809 0.027113
v 0.006268 -0.092451 0.004923
v -0.004664 0.067600 0.016585
v -0.004796 0.070279 0.016476
v -0.005796 0.069585 0.015548
v -0.005781 0.070279 0.015565
v 0.006762 -0.091338 0.027113
v 0.007225 -0.089329 0.004923
v 0.007176 -0.089744 0.027113
v -0.005891 0.059763 0.015436
v -0.005908 0.057707 0.015415
v -0.005135 0.057707 0.016130
v -0.005900 0.062102 0.015432
v -0.004653 0.067151 0.016594
v -0.005841 0.067600 0.015497
v 0.006884 -0.090951 0.004923
v -0.004630 0.059763 0.016617
v -0.005873 0.057707 0.015463
v 0.003446 -0.095591 0.004923
v 0.003446 -0.095591 0.027113
v 0.007087 -0.086019 0.004923
v 0.006454 -0.084076 0.027113
v 0.007006 -0.085613 0.027113
v -0.004617 0.067386 0.016624
v -0.004618 0.067516 0.016623
v 0.005660 -0.093488 0.004923
v -0.003236 0.057707 0.017365
v -0.004112 0.058945 0.016907
v -0.003990 0.057707 0.016974
v 0.007314 -0.088084 0.027113
v -0.002772 0.057707 0.017627
v -0.004617 0.067590 0.016624
v 0.007281 -0.087254 0.027113
v -0.003309 0.057707 0.017358
v -0.003314 0.057707 0.017356
v -0.003329 0.057707 0.017347
v -0.002723 0.057707 0.017682
v -0.004571 0.070279 0.016660
v -0.004618 0.066682 0.016623
v -0.003107 0.050964 0.017459
v -0.004529 0.059603 0.016673
v 0.005173 -0.094101 0.004923
v 0.000714 -0.096553 0.004923
v -0.002579 0.043948 0.017739
v -0.000357 -0.096572 0.004923
v -0.001956 0.072287 0.017938
v -0.002852 0.072287 0.017628
v -0.002815 0.070279 0.017642
v -0.016217 0.034328 -0.010609
v -0.016217 0.034385 -0.010609
v -0.003750 0.073711 0.017137
v -0.000697 0.072287 -0.001637
v -0.000911 0.072287 -0.001641
v -0.000794 0.073711 -0.001629
v -0.000973 0.073711 -0.001633
v -0.000953 0.072287 -0.001631
v 0.001727 0.099137 -0.001490
v 0.002132 0.111661 -0.001366
v -0.000031 0.072287 -0.001624
v 0.000040 0.072287 -0.001619
v 0.000169 0.072287 -0.001610
v -0.000838 0.063569 -0.001646
v -0.000844 0.059763 -0.001636
v -0.001137 0.063569 -0.001575
v 0.001659 0.111661 -0.001501
v -0.000626 0.057707 -0.001663
v -0.000691 0.057707 -0.001668
v -0.000739 0.057707 -0.001663
v 0.002239 0.043948 0.017854
v 0.001286 0.050964 0.018087
v 0.001894 0.043948 0.017937
v 0.001464 0.043948 0.018041
v 0.000227 0.057707 0.018179
v 0.000715 0.043948 0.018148
v 0.006873 0.083321 0.002393
v 0.006462 0.083322 0.001735
v 0.008435 0.043948 0.009694
v 0.008492 0.040033 0.009142
v 0.008411 0.043948 0.009961
v 0.007074 0.057707 0.013826
v 0.007053 0.057707 0.013861
v 0.006953 0.043948 0.013981
v 0.005717 0.043948 0.015583
v 0.006157 0.043948 0.015123
v 0.005753 0.054987 0.015571
v 0.004622 0.043948 0.016617
v 0.004694 0.043948 0.016550
v 0.004480 0.043948 0.016696
v 0.003859 0.034328 0.017045
v -0.001395 0.099137 0.018069
v -0.000049 0.083321 0.018177
v 0.002732 0.043948 0.017660
v 0.003026 0.043948 0.017491
v 0.001727 0.043948 -0.001490
v 0.001631 0.043948 -0.001497
v -0.000565 0.057707 -0.001659
v 0.003782 0.043948 -0.000660
v -0.008473 0.099137 0.009666
v -0.007103 0.099137 0.013797
v -0.004630 0.099137 0.016617
v 0.005961 0.034328 0.001182
v 0.005066 0.043948 0.000241
v 0.003800 0.043948 -0.000648
v 0.004416 0.043948 -0.000243
v -0.016217 0.034328 -0.010612
v 0.004643 0.072287 0.016596
v 0.007784 0.043936 0.004113
v -0.016217 0.015504 -0.010609
v -0.016217 0.012279 -0.010883
v -0.004614 0.072287 0.016625
v 0.007785 0.043948 0.004113
v -0.016217 0.007658 -0.012326
v -0.016217 0.010185 -0.011373
v 0.008311 0.043948 0.005994
v -0.007748 0.083321 0.012473
v -0.008473 0.043948 0.009666
v -0.008473 0.059763 0.009666
v -0.008471 0.057707 0.009560
v -0.005854 0.099137 0.015485
v -0.002834 0.034328 0.017581
v -0.003867 0.034328 0.017045
v -0.002597 0.034328 0.017714
v -0.002715 0.043948 0.017665
v -0.016217 -0.022068 -0.016739
v -0.004577 0.043948 0.016646
v -0.016217 -0.084236 -0.027113
v -0.016217 -0.111661 0.027113
v -0.016217 -0.111661 0.004923
v -0.007664 0.057707 0.012659
v -0.007716 0.057707 0.012554
v -0.007690 0.043948 0.012591
v -0.007176 -0.086424 0.004923
v -0.007322 -0.088084 0.027113
v -0.007095 -0.086019 0.027113
v -0.008443 0.043948 0.009868
v -0.008373 0.043948 0.010124
v -0.008280 0.050964 0.010429
v -0.007748 0.043948 0.012473
v -0.000357 -0.096572 0.027113
v -0.006884 0.043948 0.014118
v -0.006712 0.043948 0.014350
v -0.005908 0.050964 0.015427
v -0.006032 0.043948 0.015270
v -0.004683 0.057707 0.016566
v -0.005873 0.043948 0.015452
v -0.016217 -0.111661 -0.016739
v -0.016217 -0.111661 -0.027113
v -0.007306 -0.087669 0.004923
v -0.007176 -0.089744 0.027113
v -0.005281 0.034328 0.015989
v -0.004727 0.043948 0.016523
v -0.002775 0.050964 -0.001108
v -0.002239 0.043948 -0.001321
v -0.002799 0.043948 -0.001092
v -0.004062 -0.081011 -0.027113
v -0.002797 -0.080219 -0.027113
v -0.003870 0.043948 -0.000623
v -0.004009 0.057707 -0.000549
v -0.008264 0.043948 0.005833
v -0.008355 0.050964 0.006187
v -0.007970 0.043948 0.004742
v -0.000965 0.043947 -0.001624
v -0.001188 0.043948 -0.001571
v -0.000896 0.057707 -0.001626
v -0.000485 0.043947 -0.001672
v -0.006762 -0.091338 0.027113
v -0.006081 -0.092809 0.027113
v -0.005173 -0.094101 0.027113
v -0.004354 -0.094912 0.027113
v -0.001776 -0.096336 0.027113
v -0.002797 -0.095949 0.027113
v 0.002760 0.057707 0.017633
v 0.002153 0.057707 0.017873
v 0.001209 0.043948 0.018102
v -0.000049 0.043948 0.018177
v 0.000065 0.043948 0.018174
v -0.006922 0.034328 0.014063
v -0.006751 0.034328 0.014313
v -0.006805 0.038252 0.014234
v -0.006858 0.034328 0.014174
v -0.006072 0.034328 0.015232
v -0.008471 0.064985 0.008662
v -0.008459 0.059763 0.008860
v -0.006093 0.034328 0.015207
v -0.008481 0.064985 0.009263
v -0.005949 0.034328 0.015372
v -0.008461 0.057707 0.008595
v -0.008456 0.057707 0.008648
v -0.008472 0.057707 0.009271
v -0.004668 0.034328 0.016580
v -0.008472 0.043948 0.006970
v -0.008477 0.057707 0.009507
v -0.005706 0.034328 0.015650
v -0.004957 0.034328 0.016342
v -0.008471 0.043948 0.009525
v -0.008472 0.034328 0.009611
v -0.008390 0.034328 0.010116
v -0.007239 0.034328 0.013515
v -0.007450 0.043812 0.013077
v -0.007454 0.043948 0.013069
v -0.007103 0.059763 0.013797
v -0.007172 0.065998 0.013653
v -0.007532 0.057707 0.012906
v -0.007148 0.057707 0.013704
v -0.007103 0.043948 0.013797
v -0.007103 0.028227 0.013797
v -0.007722 0.059486 0.012525
v -0.007447 0.043948 0.013083
v -0.005854 0.028227 0.015485
v -0.008473 0.028227 0.009666
v -0.007683 0.034328 0.012638
v -0.007707 0.034328 0.012545
v -0.008381 0.034328 0.010152
v -0.008035 0.039810 0.011395
v -0.007832 0.043948 0.012155
v -0.008473 0.067272 0.009633
v -0.008388 0.034328 0.010127
v -0.007727 0.057707 0.012510
v -0.007690 0.070279 0.012615
v -0.007671 0.043325 0.012628
v -0.008428 0.070279 0.009895
v -0.008457 0.067913 0.009728
v -0.008473 0.067600 0.009631
v -0.008456 0.067215 0.009733
v -0.008480 0.073711 0.008041
v -0.008450 0.073711 0.008355
v -0.002598 0.073711 0.017714
v -0.002586 0.073711 0.017720
v -0.002715 0.083322 0.017665
v -0.002834 0.073711 0.017581
v -0.002872 0.073711 0.017622
v -0.003867 0.073711 0.017045
v -0.007690 0.083322 0.012591
v -0.007671 0.082699 0.012628
v -0.007450 0.083189 0.013077
v -0.007656 0.073711 0.012649
v -0.006072 0.073711 0.015232
v -0.006032 0.083322 0.015270
v -0.006805 0.077627 0.014234
v -0.006712 0.083322 0.014350
v -0.006751 0.073711 0.014313
v -0.006857 0.073711 0.014174
v -0.006094 0.073711 0.015206
v -0.004516 0.073711 0.016705
v -0.007454 0.083322 0.013069
v -0.006914 0.072287 0.014086
v -0.006882 0.072287 0.014131
v -0.006942 0.070279 0.014034
v -0.006044 0.072287 0.015264
v -0.006074 0.073202 0.015230
v -0.008140 0.072287 0.010898
v -0.008370 0.065233 0.010075
v -0.008447 0.063528 0.009809
v 0.005173 -0.082067 -0.027113
v 0.006081 -0.083359 -0.027113
v -0.008215 0.070279 0.010635
v -0.008153 0.072287 0.010858
v 0.004646 -0.081501 -0.027113
v 0.003446 -0.080577 -0.027113
v 0.006762 -0.084830 -0.027113
v 0.002457 -0.080077 -0.027113
v 0.001070 -0.079681 -0.027113
v -0.000357 -0.079596 -0.027113
v -0.005173 -0.082067 -0.027113
v -0.001776 -0.079842 -0.027113
v -0.005660 -0.082680 -0.027113
v -0.006608 -0.084453 -0.027113
v -0.007262 0.070279 0.013481
v -0.007304 0.072287 0.013400
v -0.007684 0.072287 0.012632
v 0.008349 0.083322 0.006345
v 0.008486 0.073711 0.007514
v 0.002457 -0.096091 -0.027113
v 0.001070 -0.096496 -0.027113
v -0.006987 0.063386 0.013968
v -0.007027 0.064856 0.013908
v 0.003446 -0.095591 -0.027113
v -0.005909 0.064569 0.015420
v -0.005868 0.067600 0.015466
v -0.007022 0.067600 0.013906
v -0.005931 0.063386 0.015395
v 0.004906 -0.094384 -0.027113
v -0.005969 0.070279 0.015350
v -0.005926 0.063386 0.015402
v -0.000357 -0.096572 -0.027113
v 0.006454 -0.092092 -0.027113
v 0.005660 -0.093488 -0.027113
v 0.007176 -0.089744 -0.027113
v 0.006762 -0.091338 -0.027113
v 0.007176 -0.086424 -0.027113
v 0.007314 -0.088084 -0.027113
v 0.008529 0.073711 0.007859
v 0.008370 0.073711 0.006389
v 0.008528 0.072287 0.007925
v 0.008344 0.071699 0.006244
v 0.008352 0.072287 0.006291
v 0.008349 0.072287 0.006263
v -0.005867 0.057707 0.015471
v -0.004630 0.043948 0.016617
v -0.004538 0.072287 0.016687
v -0.004062 -0.095157 -0.027113
v -0.005173 -0.094101 -0.027113
v -0.005660 -0.093488 -0.027113
v -0.002797 -0.095949 -0.027113
v -0.005540 0.073922 0.000765
v -0.005101 0.070279 0.000296
v -0.005040 0.068875 0.000245
v -0.006608 -0.091715 -0.027113
v -0.007006 -0.090555 -0.027113
v -0.005108 0.063678 0.000316
v -0.004999 0.065887 0.000202
v -0.005017 0.063678 0.000206
v -0.001776 -0.096336 -0.027113
v 0.005066 0.083322 0.000241
v 0.004416 0.083322 -0.000243
v 0.004465 0.083322 -0.000211
v 0.001515 0.041802 0.018027
v 0.002069 0.034328 0.017890
v 0.000636 0.042931 0.018157
v 0.000020 0.034328 0.018169
v 0.000476 0.034328 0.018155
v -0.008486 0.072287 0.009529
v 0.002263 0.083322 -0.001316
v 0.001631 0.083322 -0.001497
v 0.002071 0.083321 -0.001390
v -0.004958 0.073711 0.016342
v -0.005706 0.073711 0.015650
v -0.005735 0.072287 0.015616
v -0.004895 0.072287 0.016393
v 0.002766 0.034328 0.017615
v 0.000229 0.075046 -0.001600
v 0.001268 0.083322 -0.001524
v 0.002719 0.079876 -0.001147
v 0.002314 0.076709 -0.001310
v -0.003571 0.083322 -0.000757
v -0.005348 0.083322 0.000566
v -0.005306 0.083321 0.000522
v 0.005033 0.073711 0.000215
v 0.005961 0.073711 0.001182
v 0.005455 0.073711 0.000624
v 0.000170 0.028227 0.018182
v 0.001378 0.034328 0.018056
v 0.003824 0.079461 -0.000630
v 0.003875 0.082317 -0.000598
v 0.001516 0.034328 0.018043
v 0.001936 0.034328 0.017942
v 0.006776 0.043948 0.014287
v -0.008306 0.083321 0.005992
v -0.008264 0.083322 0.005833
v -0.008472 0.083322 0.006970
v 0.007914 0.073711 0.004593
v 0.007784 0.083463 0.004112
v 0.008235 0.083322 0.005721
v 0.002039 0.072287 -0.001392
v 0.002029 0.072287 -0.001397
v 0.002585 0.072287 -0.001139
v 0.008246 0.043948 0.010855
v 0.007149 0.057707 0.013680
v 0.007130 0.057707 0.013728
v 0.007365 0.043948 0.013269
v 0.001690 0.073711 -0.001493
v 0.007239 0.043948 0.013486
v 0.007512 0.043948 0.012898
v 0.000040 0.072784 -0.001619
v 0.000174 0.073711 -0.001611
v 0.001667 0.072287 -0.001499
v 0.006832 0.034328 0.014152
v 0.007327 0.034328 0.013298
v 0.006907 0.041586 0.014050
v 0.005493 0.072287 0.000666
v 0.005130 0.072287 0.000288
v 0.007095 0.034328 0.013797
v -0.002018 0.073711 -0.001384
v -0.001898 0.083322 -0.001402
v -0.001059 0.077593 -0.001608
v 0.007398 0.073711 0.003359
v 0.005975 0.034328 0.015291
v 0.005350 0.034328 0.015944
v 0.005698 0.034328 0.015650
v 0.007616 0.072287 0.003730
v 0.008486 0.034328 0.007514
v 0.007597 0.073711 0.003687
v 0.007025 0.072287 0.002742
v 0.004650 0.034328 0.016591
v 0.004735 0.034328 0.016532
v 0.004949 0.034328 0.016342
v -0.006471 0.072287 0.001735
v -0.005326 0.082522 0.000543
v 0.004567 0.034328 0.016648
v 0.002826 0.034328 0.017581
v -0.002408 0.099137 -0.001264
v -0.003467 0.073711 -0.000812
v -0.003631 0.080902 -0.000733
v 0.008235 0.072287 0.005654
v -0.001776 -0.096336 0.004923
v 0.003314 0.034328 0.017399
v 0.004269 0.034328 0.016851
v 0.007680 0.073711 0.003891
v -0.006762 -0.084830 0.004923
v 0.007922 0.012515 0.012015
v 0.007095 0.028227 0.013797
v -0.007233 -0.089329 0.004923
v -0.006884 -0.090951 0.004923
v 0.008281 0.073711 0.005906
v 0.008481 0.034328 0.008919
v 0.008538 0.028227 0.008252
v 0.008081 0.072287 0.005154
v 0.002643 0.072287 -0.001110
v 0.004622 0.028227 0.016617
v 0.004516 0.073711 -0.000170
v 0.003786 0.073711 -0.000651
v -0.005173 -0.094101 0.004923
v 0.005846 0.028227 0.015485
v -0.002797 -0.095949 0.004923
v 0.004225 0.072287 -0.000387
v 0.003914 0.072287 -0.000592
v 0.004202 0.073711 -0.000405
v 0.003800 0.083322 -0.000648
v -0.006268 -0.092451 0.004923
v -0.005660 -0.093488 0.004923
v 0.003455 0.072287 -0.000802
v 0.003777 0.072287 -0.000655
v 0.003550 0.072287 -0.000759
v 0.003910 0.072287 -0.000595
v 0.003924 0.073711 -0.000588
v 0.008356 0.034328 0.006312
v 0.008349 0.043948 0.006345
v 0.008370 0.034328 0.006389
v 0.008529 0.034328 0.007860
v 0.008526 0.034328 0.008643
v -0.004354 -0.094912 0.004923
v 0.002457 -0.080077 -0.016739
v 0.005173 -0.082067 -0.016739
v 0.004062 -0.081011 -0.016739
v 0.003446 -0.080577 -0.016739
v 0.005871 -0.083020 -0.016739
v 0.000714 -0.079615 -0.016739
v -0.000357 -0.079596 -0.016739
v -0.001776 -0.079842 -0.016739
v -0.004354 -0.081256 -0.016739
v -0.005173 -0.082067 -0.016739
v -0.006081 -0.083359 -0.016739
v -0.002797 -0.080219 -0.016739
v -0.003446 -0.080577 -0.016739
v -0.005950 0.043948 0.015380
v -0.004610 0.034328 0.016628
v -0.005436 0.070279 0.000657
v -0.005535 0.072287 0.000761
v -0.004630 0.028227 0.016617
v -0.004517 0.034328 0.016704
v -0.004626 0.063830 -0.000084
v -0.003990 0.063830 -0.000552
v -0.003945 0.063375 -0.000583
v -0.004158 0.057707 -0.000403
v -0.004946 0.060621 0.000146
v -0.004957 0.061385 0.000152
v -0.004762 0.062905 0.000013
v -0.007278 0.073711 0.003188
v -0.007751 0.068096 0.004037
v -0.007716 0.070279 0.003953
v -0.007349 0.070279 0.003315
v -0.007627 0.063678 0.003815
v -0.007757 0.066767 0.004049
v -0.007265 0.072287 0.003163
v 0.007087 -0.090149 -0.016739
v 0.007290 -0.088292 -0.016739
v 0.005660 -0.093488 -0.016739
v 0.006608 -0.091715 -0.016739
v -0.002421 0.064487 -0.001254
v -0.002327 0.062270 -0.001289
v -0.002759 0.063375 -0.001114
v -0.002720 0.060621 -0.001126
v -0.000796 0.064847 -0.001654
v -0.002285 0.063569 -0.001301
v 0.007087 -0.086019 -0.016739
v 0.006608 -0.084453 -0.016739
v -0.008350 0.070279 0.006148
v -0.007879 0.070279 0.004397
v -0.007829 0.067600 0.004249
v -0.008383 0.067600 0.006305
v -0.008395 0.064064 0.006344
v -0.008387 0.065492 0.006315
v -0.008346 0.062535 0.006150
v -0.008377 0.061305 0.006275
v -0.007824 0.062535 0.004213
v -0.008435 0.070279 0.006613
v -0.008395 0.060621 0.006345
v -0.008412 0.060621 0.006414
v 0.000714 -0.096553 -0.016739
v 0.002457 -0.096091 -0.016739
v -0.008434 0.064985 0.006567
v 0.003446 -0.095591 -0.016739
v 0.004906 -0.094384 -0.016739
v -0.007782 0.065068 0.004109
v -0.007822 0.062346 0.004206
v -0.007499 0.060621 0.003584
v -0.007822 0.060621 0.004217
v -0.002708 0.059763 -0.001129
v -0.002334 0.060621 -0.001283
v -0.002337 0.059763 -0.001281
v -0.002306 0.057707 -0.001290
v -0.002833 0.057707 -0.001075
v -0.002426 0.057707 -0.001255
v -0.002494 0.057707 -0.001227
v -0.003921 0.059763 -0.000586
v -0.003886 0.057707 -0.000604
v -0.003927 0.060621 -0.000586
v 0.003782 0.083322 -0.000661
v 0.003717 0.083322 -0.000690
v -0.004951 0.058246 0.000152
v -0.004943 0.060351 0.000144
v -0.003894 0.057707 -0.000600
v -0.004317 0.057707 -0.000322
v -0.004835 0.057707 0.000059
v -0.008417 0.059763 0.006432
v -0.007376 0.057707 0.003364
v -0.007822 0.059763 0.004222
v -0.007832 0.057707 0.004256
v -0.007749 0.057707 0.004034
v -0.002386 0.057707 -0.001271
v -0.002178 0.070279 -0.001331
v -0.002320 0.067600 -0.001285
v -0.002636 0.070279 -0.001173
v -0.007095 -0.086019 -0.016739
v -0.007281 -0.087254 -0.016739
v -0.007306 -0.088499 -0.016739
v -0.007095 -0.090149 -0.016739
v -0.007006 -0.085613 -0.027113
v 0.001727 0.083321 -0.001490
v -0.006081 -0.092809 -0.016739
v -0.005173 -0.094101 -0.016739
v 0.000281 0.073711 -0.001597
v 0.001661 0.073711 -0.001501
v -0.004354 -0.094912 -0.016739
v -0.003446 -0.095591 -0.016739
v -0.002797 -0.095949 -0.016739
v 0.001698 0.072287 -0.001492
v -0.000357 -0.096572 -0.016739
v -0.001776 -0.096336 -0.016739
v 0.001676 0.072287 -0.001498
v 0.006022 0.072287 0.001250
v 0.005980 0.072287 0.001203
v 0.006296 0.072287 0.001552
v -0.007281 -0.087254 -0.027113
v 0.006320 0.072287 0.001578
v -0.007281 -0.088914 -0.027113
v 0.007630 0.072287 0.003764
v 0.007653 0.072287 0.003814
v -0.004030 0.099137 -0.000538
v 0.006960 0.083322 0.002557
v -0.007792 0.099137 0.004112
v 0.006654 0.072287 0.002042
v -0.000705 0.099137 -0.001669
v -0.008417 0.099137 0.006432
v 0.005051 0.083322 0.000226
v 0.005138 0.073711 0.000293
v 0.004591 0.072287 -0.000115
v 0.005028 0.072287 0.000211
v 0.007785 0.083277 0.004117
v 0.007784 0.083309 0.004113
v 0.007808 0.073711 0.004196
v 0.007784 0.073711 0.004112
v 0.007857 0.073711 0.004368
v 0.007868 0.072287 0.004405
v -0.002450 0.065165 -0.001243
v -0.003571 0.043948 -0.000757
v -0.004308 0.043948 -0.000301
v -0.005061 0.043947 0.000227
v -0.005306 0.043948 0.000522
v -0.005348 0.043948 0.000566
v -0.002504 0.066444 -0.001223
v -0.003929 0.067600 -0.000583
v -0.002498 0.067600 -0.001224
v -0.003954 0.063830 -0.000578
v -0.003855 0.070279 -0.000627
v -0.004308 0.072287 -0.000286
v -0.004957 0.057707 0.000157
v -0.004940 0.057707 0.000137
v -0.004933 0.057707 0.000128
v -0.007256 0.034328 0.003148
v -0.006471 -0.003207 0.001735
v -0.001898 0.043948 -0.001402
v -0.007788 0.057707 0.004111
v -0.007798 0.057707 0.004131
v -0.007839 0.043948 0.004257
v 0.016217 0.073711 -0.010611
v 0.016217 0.073711 -0.010609
v 0.016217 0.073759 -0.010609
v -0.008417 0.043948 0.006432
v -0.008470 0.043948 0.006841
v -0.007672 0.043948 0.003929
v 0.000198 0.111661 -0.001609
v -0.000981 0.111661 -0.001632
v -0.008306 0.043948 0.005992
v 0.008279 0.028227 0.005847
v 0.008282 0.034328 0.005906
v -0.002329 0.034328 -0.001277
v -0.003467 0.034328 -0.000812
v -0.001059 0.038219 -0.001608
v -0.002018 0.034328 -0.001383
v -0.005540 0.034548 0.000765
v -0.005326 0.043147 0.000543
v -0.005246 0.034549 0.000413
v 0.001208 0.083321 0.018102
v 0.001464 0.083322 0.018041
v -0.003631 0.041528 -0.000733
v -0.003780 0.034951 -0.000672
v -0.003773 0.034328 -0.000675
v -0.000092 0.043947 -0.001624
v 0.001268 0.043948 -0.001524
v -0.002792 0.034328 -0.001117
v -0.003784 0.034328 -0.000673
v -0.003940 0.034328 -0.000553
v -0.003964 0.034951 -0.000536
v -0.004110 0.034328 -0.000433
v -0.008354 0.034328 0.006183
v -0.008286 0.041021 0.005910
v -0.008239 0.034328 0.005724
v -0.008316 0.034328 0.005974
v 0.000229 0.035672 -0.001600
v 0.002314 0.037333 -0.001310
v -0.007898 0.034328 0.004456
v 0.005033 0.034328 0.000215
v -0.007934 0.034328 0.004555
v 0.005138 0.034328 0.000293
v 0.005456 0.034328 0.000624
v 0.003824 0.040088 -0.000630
v 0.003875 0.042943 -0.000598
v -0.008487 0.038760 0.006975
v -0.008506 0.038760 0.008042
v 0.007399 0.034328 0.003360
v -0.007829 0.034328 0.004270
v -0.007669 0.034328 0.003834
v -0.007279 0.034328 0.003189
v -0.002408 0.028227 -0.001264
v 0.007914 0.034328 0.004593
v 0.007785 0.043904 0.004117
v 0.008228 0.034328 0.005616
v 0.008087 0.034328 0.005173
v 0.001727 0.028227 -0.001490
v 0.004517 0.034328 -0.000170
v 0.003786 0.034328 -0.000651
v -0.004914 0.028227 0.000113
v 0.003924 0.034328 -0.000588
v 0.004202 0.034328 -0.000405
v 0.002408 0.012515 -0.001292
v -0.004030 0.028227 -0.000538
v 0.001690 0.034328 -0.001493
v 0.001661 0.034328 -0.001501
v 0.004906 -0.003206 0.000113
v 0.008311 0.083321 0.005994
v 0.006462 -0.003206 0.001735
v -0.002248 0.083321 0.017854
v 0.007784 0.020371 0.004112
v -0.007792 0.028227 0.004112
v 0.007597 0.034328 0.003687
v -0.002579 0.083321 0.017739
v -0.008417 0.028227 0.006432
v 0.007680 0.034328 0.003891
v -0.003784 0.073711 -0.000673
v -0.003773 0.073711 -0.000675
v 0.007808 0.034328 0.004196
v 0.007784 0.034328 0.004112
v -0.008480 0.034328 0.008041
v 0.007857 0.034328 0.004368
v -0.008492 0.034328 0.008726
v -0.001315 0.034328 0.018059
v -0.001527 0.034328 0.018043
v -0.001395 0.028227 0.018069
v -0.007898 0.073711 0.004457
v -0.008239 0.073711 0.005724
v -0.008286 0.080396 0.005910
v -0.007970 0.083322 0.004742
v -0.007256 0.073711 0.003148
v -0.007829 0.073711 0.004270
v -0.007672 0.083322 0.003929
v -0.002329 0.073711 -0.001276
v -0.002799 0.083322 -0.001092
v -0.002739 0.072287 -0.001135
v 0.000240 0.034328 0.018189
v -0.003800 0.072287 -0.000660
v -0.002793 0.073711 -0.001117
v -0.001944 0.034328 0.017942
v -0.002416 0.012515 0.017805
v 0.002408 0.012515 0.017805
v -0.003815 0.072287 -0.000654
v -0.003841 0.072287 -0.000642
v -0.008489 0.034328 0.009509
v -0.000697 -0.003206 0.018163
v 0.001038 0.012515 0.018135
v 0.001387 -0.003206 0.018069
v -0.005189 0.072287 0.000370
v -0.005246 0.073924 0.000413
v -0.006279 0.072287 0.001535
v -0.003750 0.034328 0.017137
v -0.002586 0.034328 0.017720
v -0.002872 0.034328 0.017622
v -0.007684 0.072287 0.003875
v -0.002165 0.034328 0.017866
v 0.016075 0.073711 -0.010611
v -0.016075 0.073711 -0.010611
v -0.000892 0.070279 -0.001637
v -0.002070 0.072287 -0.001365
v -0.007784 0.012515 0.012382
v -0.007841 -0.003207 0.012194
v -0.008352 -0.003207 0.010468
v -0.008336 0.071411 0.006081
v -0.007900 0.071411 0.004459
v -0.008316 0.073711 0.005973
v -0.007934 0.073711 0.004555
v -0.007916 0.072287 0.004507
v -0.008325 0.072287 0.006029
v -0.008354 0.073711 0.006183
v -0.008487 0.078136 0.006975
v -0.007311 0.034328 0.013391
v -0.008448 0.072287 0.006700
v -0.008448 0.072287 0.006673
v -0.006235 -0.003207 0.015070
v -0.002239 0.083321 -0.001321
v -0.004630 -0.003206 0.016617
v -0.003714 0.012515 -0.000707
v 0.016217 0.072287 -0.010609
v -0.002014 0.073711 -0.001385
v -0.002106 0.072287 -0.001356
v -0.002260 0.072287 -0.001304
v -0.002703 0.072287 -0.001151
v 0.016217 0.034385 -0.010609
v 0.000164 0.073711 -0.001611
v 0.000040 0.070712 -0.001617
v 0.000005 0.070279 -0.001620
v -0.000212 0.067600 -0.001633
v 0.000575 0.059763 -0.001575
v -0.001188 0.083322 -0.001571
v -0.000099 0.059763 -0.001625
v -0.000432 0.063552 -0.001651
v 0.000041 0.059763 -0.001614
v -0.000614 0.061205 -0.001663
v -0.000609 0.061100 -0.001663
v -0.000810 0.067600 -0.001644
v -0.000594 0.059763 -0.001661
v -0.000595 0.059824 -0.001661
v -0.000677 0.057707 -0.001670
v -0.000485 0.083320 -0.001672
v -0.000965 0.083321 -0.001624
v -0.000092 0.083321 -0.001624
v -0.004727 0.083322 0.016523
v -0.004630 0.083321 0.016617
v 0.006462 0.012515 0.014768
v -0.003870 0.083321 -0.000623
v -0.004308 0.083321 -0.000301
v -0.007839 0.083321 0.004257
v -0.008470 0.083321 0.006841
v 0.008246 -0.003206 0.010855
v 0.008465 0.012515 0.009666
v 0.007630 0.012515 0.012750
v 0.006900 -0.003206 0.014136
v 0.001514 0.081175 0.018027
v 0.001479 0.070279 0.018049
v 0.001972 0.070279 0.017930
v 0.001943 0.072287 0.017939
v 0.000477 0.073711 0.018155
v 0.001935 0.073711 0.017942
v 0.001516 0.073711 0.018043
v 0.001508 0.072287 0.018044
v 0.000581 0.070279 0.018138
v 0.000724 0.072287 0.018120
v 0.001378 0.073711 0.018056
v 0.002094 0.072287 0.017883
v 0.001966 0.072287 0.017933
v 0.000792 0.072287 0.018111
v -0.001219 0.043948 0.018093
v 0.001295 0.057707 0.018079
v 0.000266 0.061697 0.018171
v 0.000715 0.083322 0.018148
v -0.001487 0.041899 0.018026
v 0.000636 0.082307 0.018157
v 0.000065 0.083322 0.018174
v 0.001485 0.072287 0.018049
v 0.001352 0.072287 0.018062
v -0.003780 0.074326 -0.000672
v -0.008450 0.034328 0.008354
v -0.003940 0.073711 -0.000553
v -0.003964 0.074326 -0.000536
v -0.004441 0.072287 -0.000200
v -0.007656 0.034328 0.012649
v -0.005061 0.083321 0.000227
v -0.006038 0.072287 0.015271
v 0.007785 0.083322 0.004113
v -0.004108 0.073711 -0.000435
v -0.004462 0.072287 -0.000185
v 0.007767 0.072287 0.004074
v -0.005160 0.072287 0.000335
v 0.008356 0.073711 0.006312
v 0.008344 0.072287 0.006234
v 0.008228 0.073711 0.005616
v 0.008240 0.072287 0.005670
v 0.008288 0.072287 0.005934
v -0.005206 0.012515 0.000339
v -0.007979 -0.003207 0.004687
v -0.008417 -0.003207 0.006432
v -0.008522 0.012515 0.007243
v 0.016047 0.034328 -0.010612
v 0.016217 0.034328 -0.010612
v 0.016217 0.034328 -0.010609
v -0.016047 0.034328 -0.010612
v 0.000281 0.034328 -0.001597
v 0.000163 0.034328 -0.001611
v 0.016217 0.012279 -0.010883
v 0.016217 0.015504 -0.010609
v -0.000000 0.012798 -0.010845
v -0.000705 0.028227 -0.001669
v -0.000973 0.034328 -0.001633
v -0.000793 0.034328 -0.001629
v 0.016217 0.010185 -0.011373
v 0.001727 -0.003206 -0.001490
v -0.001735 -0.003206 -0.001490
v 0.002741 -0.003206 0.017673
v 0.004622 -0.003206 0.016617
v 0.008506 -0.003206 0.009261
v -0.007669 0.073711 0.003833
v -0.007698 0.072287 0.003898
v -0.007853 0.072287 0.004320
v -0.007887 0.072287 0.004414
v -0.007901 0.072287 0.004452
v 0.008531 0.072287 0.007951
v -0.001976 0.083322 0.017920
v -0.008403 0.072287 0.010036
v -0.008471 0.083322 0.009525
v -0.001502 0.083322 0.018025
v -0.001944 0.073711 0.017908
v -0.002044 0.079209 0.017901
v -0.001943 0.073711 0.017942
v -0.001527 0.073711 0.018043
v -0.008472 0.073711 0.009611
v -0.008489 0.073711 0.009509
v -0.002165 0.073711 0.017866
v -0.008390 0.073711 0.010116
v -0.008373 0.083322 0.010124
v -0.008469 0.072287 0.009644
v -0.008485 0.072287 0.009545
v -0.008465 0.072287 0.009669
v -0.007103 0.083321 0.013797
v -0.006884 0.083321 0.014118
v -0.007239 0.073711 0.013515
v -0.007311 0.073711 0.013390
v -0.006922 0.073711 0.014063
v -0.007207 0.072287 0.013580
v -0.006964 0.072287 0.014001
v -0.007263 0.072287 0.013485
v -0.008380 0.073711 0.010154
v -0.008035 0.079186 0.011395
v -0.008473 0.083321 0.009666
v -0.008443 0.083321 0.009869
v -0.008408 0.072287 0.010021
v -0.008388 0.073711 0.010128
v -0.007832 0.083322 0.012155
v -0.007707 0.073711 0.012545
v -0.007683 0.073711 0.012638
v -0.007714 0.072287 0.012529
v -0.007689 0.072287 0.012621
v -0.005950 0.083321 0.015380
v -0.005873 0.083322 0.015452
v -0.005281 0.073711 0.015990
v -0.005949 0.073711 0.015372
v -0.005960 0.072287 0.015360
v -0.004577 0.083322 0.016646
v -0.004609 0.073711 0.016628
v -0.004668 0.073711 0.016580
v -0.004659 0.072287 0.016589
v -0.004881 0.072287 0.016406
v -0.001487 0.081272 0.018026
v -0.002843 0.072287 0.017634
v -0.002781 0.072287 0.017655
v -0.002567 0.072287 0.017728
v -0.000406 0.072287 0.018128
v -0.001521 0.072287 0.018043
v -0.008417 0.083321 0.006432
v -0.002294 0.072287 0.017823
v -0.001974 0.072287 0.017933
v -0.002159 0.072287 0.017869
v -0.008339 0.072287 0.006080
v -0.008369 0.072287 0.006241
v -0.008347 0.072287 0.006123
v -0.001315 0.073711 0.018059
v -0.008506 0.078136 0.008042
v -0.001219 0.083321 0.018093
v 0.000267 0.065850 0.018177
v 0.000420 0.057707 0.018161
v 0.000103 0.061762 0.018176
v 0.002090 0.057707 0.017897
v 0.002028 0.057707 0.017912
v 0.002863 0.060621 0.017590
v -0.001283 0.072287 0.018065
v -0.001384 0.072287 0.018057
v -0.001496 0.072287 0.018049
v 0.000142 0.057707 0.018181
v 0.000157 0.057707 0.018181
v 0.001360 0.057707 0.018073
v 0.000164 0.067372 0.018182
v -0.007447 0.083322 0.013083
v 0.008527 0.065283 0.008460
v 0.006951 0.060621 0.013991
v 0.007222 0.060621 0.013524
v 0.005541 0.059763 0.015767
v 0.005952 0.060621 0.015342
v 0.005932 0.061925 0.015369
v 0.006021 0.057707 0.015256
v 0.005965 0.059763 0.015324
v 0.005806 0.066559 0.015522
v 0.007281 -0.003206 0.003046
v 0.008408 -0.003206 0.006432
v 0.007971 -0.003206 0.004687
v 0.003543 -0.003206 -0.000783
v 0.000170 -0.003206 -0.001679
v -0.002749 -0.003206 0.017673
v -0.007103 -0.003207 0.013797
v 0.005461 0.057707 0.015841
v 0.005806 0.057707 0.015522
v 0.008507 0.060621 0.008580
v 0.006934 0.059763 0.014015
v 0.007275 0.057707 0.013409
v 0.006871 0.057707 0.014107
v 0.007114 0.057707 0.013757
v 0.005799 0.067600 0.015528
v 0.005862 0.057707 0.015464
v 0.005887 0.057707 0.015438
v 0.003228 0.057707 0.017365
v 0.004030 0.057707 0.016949
v -0.008473 0.012515 0.009666
v -0.004914 -0.003206 0.000113
v -0.003552 -0.003206 -0.000783
v -0.000000 0.008601 -0.011958
v 0.003537 0.072287 -0.000765
v -0.004542 0.072287 0.016684
v -0.008472 0.072287 0.009624
v 0.005129 0.072287 0.000287
v -0.002015 0.034328 -0.001384
v -0.001123 0.034328 -0.001597
v 0.007692 0.057707 0.003904
v 0.000173 0.034328 -0.001610
v -0.007713 0.072287 0.012532
v -0.005740 0.072287 0.015611
v -0.002196 0.072287 0.017857
v 0.004228 0.072287 -0.000385
v -0.001123 0.073711 -0.001597
v -0.002537 0.072287 0.017738
v 0.004531 0.072287 -0.000159
v 0.004351 0.072287 0.016796
vn -0.8656 0.0019 -0.5008
vn -0.0000 -1.0000 -0.0000
vn -0.6788 -0.0000 -0.7344
vn -0.4604 -0.0011 -0.8877
vn -0.4978 0.0023 -0.8673
vn -0.4980 0.0023 -0.8671
vn -0.9870 0.0083 -0.1607
vn -0.9870 0.0083 -0.1606
vn -0.9959 -0.0035 -0.0905
vn -0.9959 -0.0035 -0.0906
vn -0.3666 -0.0021 -0.9304
vn -0.4978 0.0046 -0.8673
vn -0.4978 0.0045 -0.8673
vn -0.6645 0.0020 -0.7473
vn -0.6788 0.0034 -0.7344
vn -0.7917 -0.0027 -0.6108
vn -0.5644 -0.0009 -0.8255
vn 0.0015 1.0000 0.0020
vn -0.9071 -0.0000 -0.4209
vn 0.0021 1.0000 0.0010
vn -0.9631 -0.0000 -0.2693
vn -0.9870 0.0041 -0.1605
vn -0.9870 0.0042 -0.1608
vn -0.9835 -0.0000 -0.1811
vn -0.9959 -0.0018 -0.0905
vn 0.0027 1.0000 0.0004
vn -0.0013 0.5405 -0.8413
vn -0.0044 0.6337 -0.7736
vn -0.0099 0.6600 -0.7512
vn 0.0005 0.7555 -0.6551
vn 0.0031 0.8114 -0.5845
vn -0.0012 0.7840 -0.6208
vn -0.0040 0.7947 -0.6070
vn -0.0012 0.7180 -0.6961
vn 0.0055 0.6833 -0.7301
vn 0.0090 0.6992 -0.7149
vn -0.0090 0.6992 -0.7149
vn -0.0005 0.6044 -0.7966
vn -0.0000 0.0261 -0.9997
vn -0.0000 0.1387 -0.9903
vn 0.0007 0.1431 -0.9897
vn 0.0047 0.2528 -0.9675
vn -0.0047 0.2528 -0.9675
vn -0.0006 0.3638 -0.9315
vn -0.0058 0.4938 -0.8696
vn 0.0058 0.4938 -0.8696
vn 0.0109 0.3042 -0.9525
vn 0.0006 0.3638 -0.9315
vn -0.0109 0.3042 -0.9525
vn -0.0107 0.5188 -0.8548
vn 0.0107 0.5188 -0.8548
vn -0.0007 0.1431 -0.9897
vn -0.0000 -0.0000 -1.0000
vn -0.4977 0.0023 -0.8673
vn -0.6102 -0.7923 0.0030
vn -0.6759 -0.7370 -0.0044
vn -0.5756 -0.8177 -0.0000
vn -0.2562 -0.9666 -0.0012
vn -0.0000 -1.0000 0.0001
vn -0.9942 -0.0011 0.1073
vn -1.0000 0.0022 -0.0036
vn -1.0000 -0.0000 -0.0000
vn -1.0000 -0.0009 -0.0037
vn -1.0000 -0.0009 -0.0039
vn -1.0000 -0.0009 -0.0038
vn -1.0000 -0.0009 -0.0040
vn -1.0000 -0.0009 -0.0042
vn -0.2747 -0.9615 -0.0000
vn -0.5620 -0.0004 -0.8271
vn -0.5642 -0.0005 -0.8256
vn -0.5646 -0.0004 -0.8254
vn -0.5644 -0.0004 -0.8255
vn -0.7881 -0.6155 -0.0014
vn -0.5622 -0.0005 -0.8270
vn -0.4477 0.0112 0.8941
vn -0.3606 -0.0039 0.9327
vn 1.0000 -0.0000 -0.0000
vn -0.0735 -0.0000 0.9973
vn -0.7215 0.0011 0.6925
vn -0.7215 0.0011 0.6924
vn -0.0000 -1.0000 -0.0009
vn -0.0000 -1.0000 0.0006
vn -0.8835 -0.0023 0.4684
vn -0.9525 0.0036 0.3046
vn -0.9617 -0.0000 0.2740
vn -0.9617 -0.0000 0.2742
vn -0.8836 -0.0024 0.4683
vn -0.8836 -0.0023 0.4683
vn -0.9629 0.0010 0.2698
vn -0.9942 0.0054 0.1073
vn -0.9629 0.0010 0.2697
vn -0.9629 0.0011 0.2698
vn -0.9942 -0.0021 0.1073
vn -1.0000 0.0043 -0.0035
vn -0.4477 0.0056 0.8942
vn -0.0000 1.0000 -0.0000
vn -0.5495 0.0012 0.8355
vn -0.0000 -1.0000 0.0012
vn -0.0000 -1.0000 -0.0008
vn -0.4162 -0.0002 0.9093
vn -0.4153 -0.0003 0.9097
vn -0.3607 -0.0019 0.9327
vn -0.2755 -0.0006 0.9613
vn -0.2756 -0.0006 0.9613
vn -0.7410 -0.0000 0.6715
vn -0.7918 -0.0014 -0.6108
vn -0.8039 -0.0000 -0.5947
vn -0.8554 0.0021 0.5180
vn -0.8549 0.0022 0.5189
vn -0.8555 0.0021 0.5178
vn -0.8836 -0.0012 0.4683
vn -0.8481 -0.0000 0.5298
vn -0.8480 -0.0000 0.5299
vn -0.5980 -0.0001 0.8015
vn -0.8553 0.0043 0.5181
vn -0.0000 -1.0000 -0.0002
vn -0.0000 -1.0000 0.0009
vn -0.9699 -0.0017 0.2436
vn 0.0001 -1.0000 -0.0003
vn -0.9220 0.0022 0.3873
vn -0.0000 -1.0000 0.0007
vn 0.0001 -1.0000 -0.0000
vn -0.9617 -0.0001 0.2740
vn -0.9617 -0.0000 0.2741
vn -0.9618 -0.0000 0.2737
vn -0.9149 -0.0000 0.4036
vn -0.9149 -0.0000 0.4037
vn -0.9525 0.0018 0.3046
vn -0.9141 -0.0000 0.4054
vn -0.8553 0.0021 0.5182
vn -0.9630 0.0005 0.2696
vn -0.9942 0.0027 0.1073
vn -0.9836 -0.0007 0.1804
vn 0.5972 -0.0033 0.8021
vn -0.1422 0.0014 -0.9898
vn -0.0929 -0.0011 -0.9957
vn -0.9870 0.0041 -0.1606
vn -0.9834 -0.0000 -0.1812
vn -0.9959 -0.0018 -0.0904
vn -0.8040 -0.0000 -0.5947
vn -0.6645 0.0010 -0.7473
vn -0.7583 -0.6519 0.0028
vn -0.4510 -0.8925 -0.0000
vn 0.0013 1.0000 0.0028
vn -0.4981 0.0046 -0.8671
vn -0.0000 1.0000 0.0009
vn -0.7222 0.0016 -0.6917
vn -0.6794 0.0034 -0.7338
vn -0.7918 -0.0027 -0.6108
vn -0.7917 -0.0027 -0.6109
vn -0.7916 -0.0027 -0.6110
vn -0.0000 1.0000 -0.0008
vn -0.8040 0.0001 -0.5946
vn -0.8039 -0.0022 -0.5947
vn -0.8040 -0.0022 -0.5947
vn 0.0020 1.0000 0.0016
vn -0.9873 0.0082 -0.1586
vn -1.0000 -0.0018 -0.0041
vn -0.5644 -0.0005 -0.8255
vn -0.5646 -0.0005 -0.8254
vn -0.5643 -0.0005 -0.8256
vn -0.5644 0.0007 -0.8255
vn -0.4894 -0.0000 -0.8720
vn -0.4896 -0.0000 -0.8720
vn -0.5197 0.0031 -0.8543
vn -0.6645 0.0020 -0.7472
vn -0.6670 0.0021 -0.7451
vn -0.5719 -0.0003 -0.8203
vn -0.5645 -0.0009 -0.8254
vn -0.5569 -0.0005 -0.8306
vn -0.5643 -0.0009 -0.8256
vn -0.5535 0.0003 -0.8328
vn -0.6791 -0.0000 -0.7340
vn -0.0000 1.0000 -0.0036
vn -0.0000 1.0000 -0.0024
vn -0.0000 -1.0000 -0.0003
vn 0.3464 -0.9381 -0.0000
vn 0.7037 -0.7105 -0.0000
vn 0.7833 -0.6216 -0.0000
vn 0.8181 -0.5750 0.0021
vn -0.9629 0.0005 0.2698
vn 0.8817 -0.4718 -0.0023
vn -0.9943 -0.0012 0.1070
vn -0.0594 -0.9982 0.0020
vn -0.0176 -0.9998 -0.0000
vn 0.5308 -0.8475 0.0024
vn -0.9836 -0.0006 0.1803
vn -0.9837 -0.0007 0.1801
vn 0.4836 -0.8753 -0.0000
vn 0.5988 -0.8009 -0.0046
vn -0.9836 -0.0007 0.1801
vn -0.9836 -0.0006 0.1806
vn 0.6891 -0.7247 -0.0011
vn 0.1703 -0.9854 -0.0000
vn 0.2355 0.0010 -0.9719
vn -0.0000 -1.0000 -0.0006
vn -0.0000 -1.0000 0.0004
vn 0.3264 -0.0006 -0.9452
vn 0.3266 -0.0006 -0.9452
vn 0.0946 -0.0000 -0.9955
vn 0.2325 0.0022 -0.9726
vn 0.1881 0.0043 -0.9821
vn 0.1871 0.0043 -0.9823
vn -0.0000 -1.0000 -0.0017
vn -0.0000 -1.0000 0.0005
vn 0.0728 -0.0012 -0.9973
vn 0.0721 -0.0013 -0.9974
vn 0.0721 -0.0007 -0.9974
vn 0.0710 -0.0007 -0.9975
vn 0.0719 -0.0027 -0.9974
vn 0.0946 0.0001 -0.9955
vn -0.2807 0.9598 -0.0000
vn 0.0944 0.0001 -0.9955
vn -0.7317 0.6816 0.0021
vn 0.2331 0.0011 -0.9725
vn 0.1882 0.0021 -0.9821
vn 0.2354 0.0005 -0.9719
vn 0.2356 0.0005 -0.9719
vn 0.9998 -0.0056 0.0176
vn 0.9998 -0.0058 0.0175
vn 1.0000 0.0025 -0.0039
vn -0.8181 0.5750 0.0024
vn 0.6787 0.0034 -0.7344
vn 0.6788 0.0033 -0.7344
vn -0.9679 0.2512 0.0026
vn 0.6788 0.0015 -0.7344
vn 0.6787 0.0015 -0.7344
vn -0.9787 0.2055 -0.0018
vn 0.6938 -0.0000 -0.7202
vn -0.9075 0.4201 0.0023
vn -0.4510 0.8925 -0.0000
vn -0.9413 -0.3376 0.0027
vn 0.6356 -0.0002 -0.7720
vn 0.4613 -0.0021 -0.8872
vn -0.8627 0.5057 -0.0049
vn 0.4604 -0.0022 -0.8877
vn 0.4604 -0.0023 -0.8877
vn -0.9966 0.0828 0.0023
vn 0.4916 0.0034 -0.8708
vn 0.4907 0.0032 -0.8713
vn -0.9990 0.0439 -0.0014
vn 0.4831 0.0027 -0.8756
vn -0.9249 0.3801 -0.0016
vn -0.9992 -0.0390 -0.0000
vn -0.0000 -1.0000 -0.0021
vn -0.0000 -1.0000 -0.0001
vn -0.9862 -0.1657 0.0024
vn -0.9919 -0.1267 -0.0013
vn 0.6353 -0.0003 -0.7723
vn 0.6346 -0.0003 -0.7728
vn 0.6350 -0.0004 -0.7725
vn 0.6352 -0.0003 -0.7723
vn 0.6353 -0.0005 -0.7722
vn -0.8690 -0.4948 0.0024
vn 0.6344 -0.0003 -0.7730
vn -0.8891 -0.4577 -0.0014
vn -0.9563 -0.2922 -0.0017
vn 0.4917 0.0017 -0.8708
vn 0.4914 0.0016 -0.8709
vn 0.4915 0.0017 -0.8709
vn 0.4831 0.0014 -0.8756
vn 0.4830 0.0014 -0.8756
vn 0.3265 -0.0006 -0.9452
vn -0.7037 0.7105 -0.0000
vn -0.7833 0.6216 -0.0000
vn 0.4899 -0.0000 -0.8718
vn -0.2562 0.9666 0.0017
vn 0.4896 -0.0000 -0.8719
vn 0.4894 -0.0000 -0.8720
vn -0.6788 0.0017 -0.7344
vn -0.6788 0.0017 -0.7343
vn -0.3666 -0.0010 -0.9304
vn -0.0000 -1.0000 0.0011
vn -0.0192 -0.0068 0.9998
vn -0.0191 -0.0068 0.9998
vn 0.2319 0.0043 0.9727
vn -0.4476 0.0056 0.8942
vn -0.0000 1.0000 -0.0010
vn -0.0000 1.0000 0.0016
vn -0.0000 1.0000 -0.0012
vn -0.3606 -0.0019 0.9327
vn 0.2317 0.0022 0.9728
vn -0.2757 -0.0006 0.9613
vn -0.2342 0.0005 -0.9722
vn -0.0930 -0.0011 -0.9957
vn -0.9959 -0.0017 -0.0902
vn -0.8652 0.0019 -0.5015
vn -1.0000 -0.0009 -0.0041
vn -0.6791 0.0001 -0.7340
vn -0.4896 -0.0000 -0.8719
vn -0.0733 -0.0000 0.9973
vn 0.2355 0.0005 -0.9719
vn -0.4154 -0.0003 0.9096
vn -0.4155 -0.0003 0.9096
vn 0.9870 -0.0008 -0.1607
vn -0.3605 -0.0019 0.9328
vn 0.8656 -0.0019 -0.5008
vn -0.2792 -0.0000 0.9602
vn -0.7215 0.0006 0.6924
vn -0.5486 0.0006 0.8361
vn -0.5495 0.0006 0.8355
vn -0.5489 0.0006 0.8359
vn -0.9616 -0.0000 0.2745
vn -0.9146 -0.0000 0.4043
vn -0.8931 0.0008 0.4499
vn 0.4916 0.0017 -0.8708
vn -0.5978 -0.0001 0.8016
vn 1.0000 0.0012 -0.0040
vn -0.0000 1.0000 -0.0025
vn 0.8965 0.0005 -0.4430
vn 0.0720 -0.0007 -0.9974
vn 0.0722 -0.0007 -0.9974
vn 0.9672 -0.0008 -0.2542
vn 0.2326 0.0011 -0.9726
vn 0.9510 0.0051 -0.3091
vn 0.9998 -0.0000 0.0175
vn 0.8039 0.0022 -0.5947
vn 0.7529 -0.0002 -0.6581
vn 0.4603 -0.0011 -0.8877
vn 0.6788 0.0017 -0.7343
vn 0.6788 0.0017 -0.7344
vn 0.4831 0.0014 -0.8755
vn -0.5988 0.8009 -0.0000
vn -0.6102 0.7923 -0.0007
vn 0.8966 0.0005 -0.4428
vn 0.9940 -0.1093 -0.0016
vn 0.9651 -0.0015 -0.2620
vn -0.0176 0.9998 -0.0000
vn -0.0528 0.9986 -0.0017
vn 0.8040 -0.0010 -0.5946
vn 0.8039 -0.0009 -0.5947
vn 0.6788 0.0007 -0.7344
vn 0.9962 0.0876 0.0024
vn 0.3776 0.0007 0.9260
vn 0.4087 -0.0008 0.9127
vn 0.9656 -0.0005 0.2599
vn 0.2317 -0.0010 0.9728
vn 0.0985 0.0012 0.9951
vn -0.0000 -0.0000 1.0000
vn 0.0008 1.0000 0.0057
vn -0.0287 0.0007 -0.9996
vn -0.0003 1.0000 0.0033
vn 0.8264 -0.0000 -0.5631
vn 0.4935 0.0018 -0.8697
vn 0.4781 0.0012 -0.8783
vn 0.8040 -0.0009 -0.5947
vn 0.8039 -0.0010 -0.5947
vn 0.9998 0.0029 0.0176
vn -0.0000 -1.0000 -0.0012
vn 0.9998 0.0029 0.0175
vn 0.6788 0.0007 -0.7343
vn 0.9955 0.0115 -0.0943
vn 0.9998 -0.0029 0.0176
vn 0.9998 -0.0029 0.0175
vn 0.9870 -0.0016 -0.1606
vn 0.9870 -0.0016 -0.1607
vn 0.8656 -0.0039 -0.5008
vn 0.8656 -0.0037 -0.5007
vn 0.9010 -0.0000 -0.4339
vn 0.8656 -0.0039 -0.5007
vn 0.8965 0.0010 -0.4430
vn 0.8969 0.0005 -0.4423
vn 0.8039 0.0044 -0.5947
vn 0.9672 -0.0016 -0.2540
vn 0.9998 -0.0058 0.0176
vn 0.9650 -0.0014 -0.2622
vn 0.9651 -0.0015 -0.2619
vn 0.9956 0.0113 -0.0930
vn 0.9954 0.0115 -0.0948
vn 0.9873 -0.0017 -0.1590
vn -0.0000 -1.0000 -0.0004
vn 0.9506 0.0102 -0.3103
vn 0.9510 0.0101 -0.3091
vn 0.9870 -0.0008 -0.1608
vn 0.9870 -0.0008 -0.1606
vn 0.9868 -0.0011 -0.1617
vn 0.9870 -0.0007 -0.1606
vn 0.9669 -0.0004 -0.2552
vn 0.7529 -0.0005 -0.6582
vn 0.7530 -0.0005 -0.6581
vn 0.7529 -0.0005 -0.6581
vn 0.7531 -0.0005 -0.6579
vn 0.4836 0.0014 -0.8753
vn -0.0000 -1.0000 0.0028
vn 0.8040 -0.0010 -0.5947
vn 0.8040 0.0044 -0.5946
vn 0.9651 -0.0030 -0.2620
vn 0.9672 -0.0015 -0.2542
vn 0.9671 -0.0015 -0.2543
vn 0.9671 -0.0015 -0.2542
vn 0.9869 -0.0017 -0.1615
vn 0.9869 -0.0008 -0.1611
vn 0.9509 0.0051 -0.3093
vn 0.8041 -0.0010 -0.5944
vn 0.8263 -0.0000 -0.5633
vn 0.8039 -0.0019 -0.5947
vn 0.8040 -0.0019 -0.5947
vn 0.8040 0.0044 -0.5947
vn 0.6788 0.0034 -0.7344
vn 0.8046 -0.0019 -0.5938
vn 0.6787 0.0014 -0.7344
vn 0.8656 -0.0019 -0.5007
vn 0.8656 -0.0020 -0.5008
vn -1.0000 0.0022 -0.0035
vn 0.8040 0.0022 -0.5947
vn 0.8046 0.0022 -0.5938
vn 0.7523 -0.0002 -0.6588
vn 0.7529 -0.0003 -0.6581
vn -0.9942 0.0053 0.1073
vn 0.7529 -0.0003 -0.6582
vn 0.7526 -0.0003 -0.6585
vn 0.7532 -0.0003 -0.6578
vn -0.9943 0.0054 0.1060
vn -0.0000 -1.0000 -0.0014
vn -0.0000 -1.0000 0.0002
vn 0.8042 -0.0010 -0.5944
vn 0.6938 -0.0000 -0.7201
vn 0.4830 0.0027 -0.8756
vn 0.7687 0.0101 0.6395
vn 0.7687 -0.0051 0.6396
vn 0.0026 1.0000 -0.0026
vn -0.2341 0.0005 -0.9722
vn 0.9998 0.0058 0.0176
vn -0.0931 -0.0011 -0.9957
vn -0.0290 0.0007 -0.9996
vn 1.0000 0.0025 -0.0040
vn 0.0013 1.0000 -0.0048
vn -0.0736 -0.0000 0.9973
vn -0.0013 1.0000 -0.0019
vn -0.1422 0.0028 -0.9898
vn -0.0000 -1.0000 0.0003
vn -0.1421 0.0028 -0.9898
vn -0.0929 -0.0022 -0.9957
vn -0.0027 1.0000 -0.0007
vn 0.0019 1.0000 0.0014
vn -0.4499 0.0113 0.8930
vn -0.4475 0.0111 0.8942
vn -0.4477 0.0111 0.8941
vn 0.0012 1.0000 0.0034
vn 0.0012 1.0000 0.0030
vn -0.3607 -0.0039 0.9327
vn 0.0027 1.0000 0.0005
vn -0.9293 -0.0035 -0.3694
vn -0.2757 -0.0013 0.9613
vn -0.2756 -0.0013 0.9613
vn 0.0022 1.0000 0.0010
vn -0.0735 0.0010 0.9973
vn -0.8655 0.0019 -0.5008
vn 0.2316 -0.0010 0.9728
vn -0.8552 0.0043 0.5182
vn -0.8553 0.0043 0.5182
vn -0.8835 -0.0023 0.4685
vn -0.6787 -0.0000 -0.7344
vn 0.7214 -0.0000 0.6925
vn -0.9524 0.0037 0.3047
vn -0.4976 0.0023 -0.8674
vn 0.3540 0.9353 -0.0000
vn 0.1639 0.9865 -0.0000
vn 0.9550 -0.2968 -0.0016
vn 0.9679 -0.2512 0.0011
vn 0.9777 0.2101 -0.0017
vn -0.8553 0.0042 0.5181
vn -0.9836 -0.0013 0.1803
vn -0.4470 0.0055 0.8945
vn -0.4473 0.0056 0.8944
vn 0.9679 0.2512 0.0022
vn 0.9075 0.4201 0.0023
vn 0.7037 0.7105 -0.0000
vn 0.5545 0.8322 -0.0000
vn -0.4156 -0.0002 0.9096
vn -0.4161 -0.0001 0.9093
vn -0.5642 -0.0009 -0.8256
vn -0.4152 -0.0005 0.9098
vn -0.4153 -0.0002 0.9097
vn -0.4151 -0.0002 0.9098
vn -0.4152 -0.0002 0.9097
vn 0.9075 -0.4201 0.0008
vn 0.9946 -0.1036 -0.0012
vn -0.4851 0.0007 0.8745
vn -0.0000 0.9992 0.0409
vn 0.9990 0.0439 -0.0017
vn -0.3602 -0.0020 0.9329
vn -0.3604 -0.0019 0.9328
vn 0.9249 0.3801 -0.0016
vn 0.8181 0.5750 0.0024
vn 0.8627 0.5057 -0.0049
vn 0.7833 0.6216 -0.0000
vn -0.6890 -0.7247 0.0106
vn -0.6101 -0.7922 -0.0122
vn -0.8181 -0.5750 0.0022
vn -0.8069 -0.5907 -0.0000
vn -0.7317 -0.6816 -0.0000
vn -0.2562 -0.9666 -0.0027
vn -0.0594 -0.9982 0.0043
vn 0.8817 -0.4718 0.0050
vn 0.5988 -0.8008 0.0098
vn 0.5308 -0.8475 -0.0051
vn 0.6891 -0.7247 0.0023
vn 0.8181 -0.5750 -0.0044
vn 0.6785 0.0007 -0.7346
vn -0.0013 1.0000 0.0007
vn 0.6351 -0.0007 -0.7724
vn 0.7215 -0.0000 0.6924
vn 0.6354 -0.0007 -0.7722
vn 0.5929 0.0032 0.8053
vn 0.5744 0.0011 0.8186
vn 0.8553 0.0064 0.5180
vn 0.4893 -0.0000 -0.8721
vn 0.6937 -0.0000 -0.7202
vn 0.8740 -0.0000 0.4860
vn 0.8739 -0.0000 0.4861
vn 0.8739 -0.0000 0.4860
vn -0.0018 1.0000 0.0022
vn -0.9941 0.1085 -0.0043
vn 0.3777 0.0014 0.9259
vn 0.3776 0.0014 0.9260
vn 0.2317 -0.0020 0.9728
vn -0.8891 -0.4577 -0.0031
vn 0.9656 0.0036 0.2599
vn 0.9656 0.0035 0.2599
vn 0.9700 -0.0000 0.2433
vn 0.9699 -0.0000 0.2433
vn 0.9656 -0.0010 0.2599
vn 0.3265 -0.0011 -0.9452
vn 0.9998 0.0058 0.0175
vn 0.9699 -0.0000 0.2435
vn 0.9699 -0.0000 0.2436
vn 0.9998 -0.0061 0.0175
vn -0.7651 0.6440 -0.0000
vn 0.8905 0.0030 0.4549
vn 0.8905 0.0030 0.4550
vn 0.8905 0.0031 0.4550
vn -0.0528 0.9986 0.0036
vn -0.0000 -1.0000 0.0010
vn -0.2562 0.9666 -0.0035
vn -0.4151 -0.0003 0.9098
vn -0.4152 -0.0003 0.9097
vn -0.6373 0.7706 -0.0000
vn -0.9563 0.2922 -0.0036
vn -0.9960 -0.0888 -0.0051
vn 0.5743 0.0011 0.8186
vn 0.5739 0.0009 0.8189
vn -0.9679 -0.2512 0.0015
vn -0.5498 0.0006 0.8353
vn -0.9563 -0.2922 -0.0036
vn -0.0000 -1.0000 0.0029
vn -0.8690 0.4947 -0.0051
vn 0.0026 1.0000 -0.0075
vn -0.8817 0.4718 -0.0000
vn -0.9258 0.3781 -0.0000
vn -0.9679 0.2512 0.0015
vn -0.9966 0.0828 -0.0007
vn -0.9966 -0.0828 -0.0040
vn 0.3251 -0.0011 0.9457
vn -0.9075 -0.4201 0.0018
vn -0.4476 0.0111 0.8942
vn -0.4476 0.0112 0.8942
vn -0.4185 0.0005 0.9082
vn -0.2758 -0.0006 0.9612
vn 0.9888 -0.1493 0.0027
vn 0.8181 0.5750 -0.0044
vn 0.0012 1.0000 -0.0040
vn -0.2757 -0.0013 0.9612
vn -0.2753 -0.0013 0.9613
vn -0.2763 -0.0013 0.9611
vn -0.0734 0.0010 0.9973
vn 0.5988 0.8008 0.0098
vn 0.4836 0.8753 -0.0000
vn 0.9344 -0.3561 -0.0059
vn -0.7411 -0.0000 0.6714
vn 0.9460 -0.3240 -0.0139
vn 0.9862 -0.1657 -0.0000
vn -0.7409 0.0001 0.6716
vn 0.9998 -0.0195 -0.0000
vn 1.0000 -0.0000 0.0023
vn -0.7411 0.0001 0.6714
vn 0.9862 0.1657 -0.0043
vn -0.7410 -0.0000 0.6716
vn 0.9460 0.3240 -0.0139
vn 0.9919 0.1267 0.0036
vn 0.9344 0.3561 -0.0059
vn -0.7409 -0.0001 0.6716
vn 0.8817 0.4718 0.0050
vn -0.9151 -0.0000 0.4032
vn 0.4086 0.0019 0.9127
vn 0.4087 0.0019 0.9127
vn 0.5929 -0.0030 0.8053
vn -0.8552 0.0022 0.5183
vn -0.8553 0.0021 0.5181
vn 0.7687 0.0051 0.6396
vn 0.7215 -0.0000 0.6925
vn 0.0024 1.0000 -0.0014
vn 0.8553 0.0032 0.5181
vn 0.9389 -0.0016 0.3442
vn -0.0000 1.0000 -0.0009
vn 0.9656 0.0018 0.2599
vn 0.9836 -0.0014 0.1804
vn -0.8482 -0.0000 0.5297
vn -0.5979 -0.0001 0.8016
vn -0.5979 -0.0000 0.8016
vn -0.5979 -0.0001 0.8015
vn -0.7191 0.0006 0.6949
vn 0.0013 1.0000 -0.0059
vn -0.6650 0.0006 0.7469
vn -0.5496 0.0012 0.8354
vn -0.5858 0.0003 0.8105
vn -0.5989 -0.0001 0.8008
vn -0.5976 -0.0001 0.8018
vn -0.0000 0.9996 0.0296
vn -0.9629 0.0005 0.2697
vn -0.9714 -0.0012 0.2373
vn -0.8835 -0.0012 0.4684
vn -0.9220 0.0011 0.3872
vn -0.9235 0.0012 0.3836
vn -0.9699 -0.0009 0.2435
vn -0.9580 0.0001 0.2868
vn 0.4088 -0.0008 0.9126
vn 0.5929 0.0016 0.8053
vn 0.5744 0.0006 0.8186
vn -0.0016 1.0000 -0.0021
vn -0.0016 1.0000 -0.0023
vn -0.0018 1.0000 -0.0020
vn 0.4085 -0.0009 0.9128
vn 0.4099 -0.0006 0.9121
vn 0.4087 -0.0016 0.9127
vn 0.4087 -0.0017 0.9127
vn 0.4087 0.0038 0.9127
vn 0.5922 0.0031 0.8058
vn 0.3249 -0.0011 0.9457
vn 0.3249 -0.0012 0.9458
vn 0.5928 -0.0030 0.8054
vn 0.5922 -0.0030 0.8058
vn 0.7688 0.0051 0.6394
vn 0.7671 0.0049 0.6415
vn 0.7676 -0.0025 0.6409
vn 0.7687 -0.0025 0.6396
vn 0.7685 -0.0025 0.6399
vn 0.5971 -0.0033 0.8021
vn 0.5928 0.0016 0.8053
vn 0.5930 0.0016 0.8052
vn -0.0000 -1.0000 -0.0005
vn 0.5745 0.0006 0.8185
vn 0.7685 -0.0025 0.6398
vn 0.9389 -0.0016 0.3441
vn 0.9388 -0.0016 0.3443
vn 0.9390 -0.0016 0.3440
vn 0.9396 -0.0017 0.3424
vn 0.3775 0.0007 0.9260
vn 0.2315 -0.0010 0.9728
vn 0.9656 0.0017 0.2599
vn 0.9656 0.0016 0.2599
vn 0.9836 -0.0014 0.1803
vn 0.9836 -0.0014 0.1802
vn 0.9836 -0.0013 0.1802
vn 0.9836 -0.0013 0.1803
vn 0.9837 -0.0014 0.1799
vn 0.9917 -0.0000 0.1289
vn 0.9699 -0.0000 0.2434
vn 0.9998 -0.0029 0.0172
vn 0.8906 0.0015 0.4548
vn 0.8905 0.0015 0.4550
vn 0.8901 0.0015 0.4558
vn -0.0735 0.0005 0.9973
vn -0.0012 1.0000 -0.0036
vn -0.0192 -0.0034 0.9998
vn 0.9657 -0.0005 0.2598
vn -0.0025 1.0000 -0.0005
vn -0.0030 1.0000 -0.0005
vn -0.9835 -0.0013 0.1810
vn -0.0024 1.0000 -0.0009
vn 0.0021 1.0000 -0.0011
vn 0.0027 1.0000 -0.0004
vn -0.7214 0.0006 0.6925
vn 0.0019 1.0000 -0.0038
vn 0.0019 1.0000 -0.0010
vn 0.7217 -0.0000 0.6923
vn 0.0020 1.0000 -0.0038
vn 0.4086 -0.0008 0.9127
vn 0.0002 1.0000 -0.0096
vn 0.5929 0.0017 0.8053
vn 0.5743 0.0006 0.8187
vn -0.9295 -0.0036 -0.3688
vn 0.0011 1.0000 -0.0039
vn 0.0011 1.0000 -0.0035
vn -0.9834 -0.0000 -0.1813
vn 0.3250 -0.0022 0.9457
vn 0.3251 -0.0022 0.9457
vn 0.2767 0.0012 0.9610
vn -0.9681 -0.0005 0.2505
vn -0.9672 -0.0004 0.2541
vn 0.5929 -0.0060 0.8052
vn 0.5929 -0.0060 0.8053
vn -0.4152 -0.0005 0.9097
vn -0.4154 -0.0005 0.9097
vn -0.8481 -0.0000 0.5299
vn -0.2748 -0.0012 0.9615
vn 0.5972 -0.0066 0.8021
vn -0.7214 0.0011 0.6925
vn -0.7409 -0.0000 0.6716
vn -0.0000 -1.0000 -0.0018
vn 0.8743 -0.0001 0.4855
vn 0.9389 -0.0032 0.3442
vn 0.9388 -0.0032 0.3445
vn 0.9389 -0.0032 0.3443
vn -0.5983 -0.0001 0.8013
vn -0.9552 0.0031 0.2960
vn 0.9836 -0.0027 0.1803
vn -0.0000 -1.0000 -0.0044
vn 0.9836 -0.0027 0.1804
vn -0.9220 0.0011 0.3873
vn -0.9699 -0.0009 0.2433
vn -0.9235 0.0012 0.3835
vn 0.0721 -0.0026 -0.9974
vn -0.9630 -0.0000 0.2696
vn -0.9836 -0.0013 0.1805
vn -0.1423 0.0028 -0.9898
vn -0.0930 -0.0021 -0.9957
vn -0.3667 -0.0021 -0.9303
vn 0.4093 0.0038 0.9124
vn -0.0290 0.0014 -0.9996
vn 0.6352 -0.0007 -0.7723
vn -0.2341 -0.0011 -0.9722
vn 0.7687 0.0101 0.6396
vn 0.3264 -0.0011 -0.9452
vn 0.8552 0.0064 0.5182
vn 0.8740 -0.0000 0.4859
vn 0.8741 -0.0000 0.4857
vn 0.0005 0.0427 -0.9991
vn 0.9390 -0.0032 0.3440
vn -0.0000 0.0442 -0.9990
vn -0.0000 -1.0000 -0.0016
vn -0.0000 -1.0000 -0.0007
vn 0.2317 0.0043 0.9728
vn -0.0005 0.0427 -0.9991
vn 0.9589 -0.0001 -0.2838
vn 0.9651 -0.0029 -0.2619
vn 0.9998 0.0059 0.0164
vn 0.8655 -0.0039 -0.5010
vn 0.3250 -0.0011 0.9457
vn -0.0013 1.0000 -0.0040
vn 0.7686 0.0101 0.6396
vn 0.3252 -0.0022 0.9456
vn 0.2763 0.0011 0.9611
vn 0.4089 0.0038 0.9126
vn 0.0002 1.0000 -0.0000
vn 0.2318 -0.0011 0.9728
vn 0.2317 0.0042 0.9728
vn 0.2308 0.0042 0.9730
vn 0.2318 0.0042 0.9727
vn -0.1201 -0.0036 0.9928
vn 0.0983 0.0025 0.9952
vn 0.2317 -0.0021 0.9728
vn 0.0987 0.0025 0.9951
vn 0.0985 0.0024 0.9951
vn 0.0986 0.0025 0.9951
vn 0.0985 0.0023 0.9951
vn -0.0735 0.0004 0.9973
vn -0.1203 -0.0018 0.9927
vn -0.0729 -0.0000 0.9973
vn 0.0990 0.0012 0.9951
vn -0.0191 -0.0034 0.9998
vn -0.0199 -0.0034 0.9998
vn 0.0002 1.0000 -0.0094
vn -0.0737 0.0010 0.9973
vn -0.0734 0.0011 0.9973
vn -0.0175 -0.0071 0.9998
vn 0.0002 1.0000 -0.0098
vn 0.6891 0.7247 0.0023
vn -0.2342 0.0011 -0.9722
vn 0.5308 0.8475 -0.0051
vn 0.0721 -0.0014 -0.9974
vn -0.9071 -0.0000 -0.4210
vn -0.8039 -0.0044 -0.5947
vn -0.6646 0.0020 -0.7472
vn 0.2318 -0.0010 0.9728
vn -0.1202 -0.0018 0.9927
vn -0.8656 -0.0040 -0.5008
vn 0.0013 1.0000 0.0036
vn -0.9295 -0.0071 -0.3688
vn -0.8656 0.0039 -0.5008
vn -0.9295 0.0080 -0.3688
vn -0.9252 0.0095 -0.3794
vn -0.2341 0.0010 -0.9722
vn -0.0932 -0.0021 -0.9956
vn -0.0732 0.0010 0.9973
vn -0.3665 -0.0021 -0.9304
vn -0.2350 0.0010 -0.9720
vn -0.2342 0.0010 -0.9722
vn -0.0000 1.0000 -0.0028
vn -0.9525 0.0036 0.3045
vn -0.9616 0.0001 0.2744
vn -0.1423 0.0014 -0.9898
vn -1.0000 -0.0018 -0.0040
vn 0.2324 0.0011 -0.9726
vn -0.0003 1.0000 0.0032
vn -0.0009 1.0000 0.0026
vn 0.2325 0.0011 -0.9726
vn 0.1873 0.0022 -0.9823
vn 0.0009 1.0000 0.0063
vn -0.0933 -0.0011 -0.9956
vn -0.0289 0.0007 -0.9996
vn -0.2332 0.0010 -0.9724
vn -0.0929 -0.0021 -0.9957
vn -0.0931 -0.0022 -0.9957
vn -0.0000 1.0000 0.0004
vn 0.9672 -0.0007 -0.2541
vn -0.0000 1.0000 0.0030
vn -0.0013 1.0000 0.0004
vn -0.8655 0.0019 -0.5009
vn -0.0009 1.0000 0.0025
vn 0.9010 -0.0000 -0.4338
vn -0.0001 1.0000 0.0038
vn -0.0014 1.0000 0.0008
vn 0.9887 -0.0000 -0.1498
vn 0.4087 -0.0009 0.9127
vn -0.0017 1.0000 0.0003
vn -0.0019 1.0000 0.0003
vn 0.9998 -0.0000 0.0176
vn 0.9955 0.0058 -0.0950
vn 0.9954 0.0058 -0.0954
vn 0.4856 0.0014 -0.8742
vn 0.8965 0.0007 -0.4430
vn 0.8965 0.0005 -0.4431
vn 0.7688 -0.0025 0.6395
vn 0.5743 0.0006 0.8186
vn -0.0017 1.0000 -0.0023
vn -0.0016 1.0000 -0.0020
vn -0.9620 -0.0002 0.2731
vn 0.4080 0.0038 0.9130
vn 0.5928 -0.0060 0.8053
vn -0.9506 0.0029 0.3105
vn 0.5936 -0.0062 0.8047
vn 0.5930 -0.0060 0.8052
vn -0.9147 -0.0000 0.4041
vn -0.9147 -0.0001 0.4041
vn -0.9147 -0.0004 0.4041
vn 0.7684 0.0101 0.6399
vn -0.9836 -0.0006 0.1804
vn -0.0000 1.0000 0.0013
vn -0.9942 -0.0011 0.1072
vn -0.9837 -0.0013 0.1800
vn 0.9389 -0.0016 0.3443
vn 0.0028 1.0000 -0.0005
vn -0.9525 0.0037 0.3046
vn -0.9522 0.0037 0.3054
vn 0.8905 0.0015 0.4551
vn -0.9836 -0.0013 0.1804
vn -0.0024 1.0000 -0.0008
vn 0.8553 0.0064 0.5181
vn 0.0004 0.0426 -0.9991
vn -0.0000 0.0438 -0.9990
vn -0.1202 -0.0022 0.9927
vn -0.0734 -0.0000 0.9973
vn -0.0000 -1.0000 0.0008
vn 0.0004 0.0845 -0.9964
vn -0.0735 0.0009 0.9973
vn 0.0969 0.0012 0.9953
vn 0.0002 1.0000 -0.0092
vn -0.0004 0.0426 -0.9991
vn 0.0980 0.0012 0.9952
vn -0.0191 -0.0069 0.9998
vn -0.0004 0.0845 -0.9964
vn -0.0000 0.0868 -0.9962
vn -0.0698 0.0004 0.9976
vn 0.2318 0.0043 0.9728
vn -0.2807 0.0021 -0.9598
vn -0.0452 0.0032 -0.9990
vn -0.7222 0.0032 -0.6917
vn -0.9870 0.0016 -0.1607
vn -0.7364 0.0067 -0.6765
vn -0.4603 -0.0023 -0.8877
vn 0.0981 0.0012 0.9952
vn -0.0000 1.0000 -0.0014
vn -0.0000 1.0000 0.0005
vn 0.8555 0.0064 0.5177
vn -0.0192 -0.0069 0.9998
vn 0.9389 -0.0032 0.3440
vn 0.9388 -0.0032 0.3444
vn 0.9657 0.0036 0.2597
vn -0.9944 0.0053 0.1055
vn -1.0000 -0.0018 -0.0038
vn -0.0000 1.0000 -0.0005
vn -0.0000 1.0000 0.0006
vn 0.1883 0.0021 -0.9821
vn 0.9871 -0.0014 -0.1604
vn 0.9865 -0.0015 -0.1636
vn 0.9870 -0.0016 -0.1605
vn 0.8657 -0.0039 -0.5005
vn 0.8655 -0.0039 -0.5009
vn 0.8964 0.0010 -0.4433
vn -0.0000 1.0000 0.0007
vn -0.0000 1.0000 -0.0007
vn 0.9649 -0.0013 -0.2626
vn 0.9509 0.0101 -0.3092
vn 0.9510 0.0101 -0.3090
vn 0.9887 -0.0000 -0.1501
vn 0.9883 -0.0012 -0.1523
vn 0.9514 0.0101 -0.3079
vn 0.9506 0.0102 -0.3102
vn 0.9512 0.0050 -0.3086
vn 0.9511 0.0050 -0.3087
vn 0.9671 -0.0008 -0.2543
vn -0.0019 1.0000 0.0007
vn 0.9646 -0.0014 -0.2638
vn 0.9672 -0.0015 -0.2540
vn 0.9670 -0.0015 -0.2546
vn 0.9510 0.0101 -0.3092
vn -0.0000 1.0000 -0.0001
vn -0.0000 1.0000 -0.0003
vn 0.7529 -0.0002 -0.6582
vn 0.7529 -0.0000 -0.6581
vn 0.7804 0.0025 -0.6253
vn 0.7528 -0.0001 -0.6582
vn 0.7532 -0.0005 -0.6578
vn 0.7528 -0.0002 -0.6583
vn 0.7529 -0.0001 -0.6581
vn -0.0015 1.0000 0.0013
vn 0.7177 0.0017 -0.6963
vn -0.0000 0.9999 0.0140
vn 0.6352 -0.0000 -0.7723
vn 0.4896 -0.0000 -0.8720
vn 0.6291 -0.0003 -0.7773
vn 0.6352 -0.0007 -0.7724
vn 0.6328 -0.0003 -0.7743
vn 0.6353 -0.0001 -0.7723
vn -0.0018 1.0000 0.0018
vn 0.5954 0.0010 -0.8034
vn 0.6784 0.0033 -0.7347
vn -0.0000 0.9997 0.0235
vn -0.0000 0.9999 0.0118
vn 0.4831 0.0028 -0.8756
vn 0.4844 0.0028 -0.8748
vn 0.3261 -0.0011 -0.9454
vn 0.0747 -0.0023 -0.9972
vn 0.0718 -0.0027 -0.9974
vn -0.0005 1.0000 -0.0089
vn -0.0009 1.0000 0.0024
vn -0.0009 1.0000 0.0028
vn 0.3172 -0.0012 -0.9484
vn -0.0029 1.0000 -0.0005
vn -0.0032 1.0000 -0.0006
vn 0.3243 -0.0009 -0.9460
vn 0.3279 -0.0008 -0.9447
vn 0.3266 -0.0011 -0.9452
vn 0.3298 -0.0010 -0.9441
vn 0.3270 -0.0010 -0.9450
vn 0.2354 0.0010 -0.9719
vn 0.2358 0.0010 -0.9718
vn 0.0005 1.0000 0.0093
vn 0.0007 1.0000 -0.0036
vn 0.9657 0.0035 0.2596
vn -0.0000 1.0000 0.0020
vn 0.9835 -0.0027 0.1808
vn 0.0949 0.0001 -0.9955
vn -0.0000 1.0000 -0.0006
vn -0.0930 -0.0022 -0.9957
vn -0.0003 1.0000 0.0019
vn -0.0003 1.0000 0.0034
vn -0.3666 -0.0011 -0.9304
vn 0.0722 -0.0026 -0.9974
vn 0.0724 -0.0026 -0.9974
vn 0.2357 0.0010 -0.9718
vn -0.2339 0.0005 -0.9723
vn 0.0945 0.0001 -0.9955
vn -0.0288 0.0014 -0.9996
vn -0.0000 -1.0000 -0.0036
vn -0.1425 0.0014 -0.9898
vn -0.0000 -1.0000 0.0013
vn -0.2341 0.0011 -0.9722
vn 0.4604 -0.0011 -0.8877
vn -0.0932 -0.0011 -0.9956
vn -0.0279 0.0007 -0.9996
vn 0.0723 -0.0007 -0.9974
vn 0.0737 -0.0024 -0.9973
vn -0.0286 0.0014 -0.9996
vn 0.0734 -0.0014 -0.9973
vn 0.8973 0.0004 -0.4414
vn 0.0948 0.0001 -0.9955
vn 0.0963 0.0001 -0.9953
vn 0.6786 0.0007 -0.7345
vn -0.9959 -0.0035 -0.0903
vn -0.8655 0.0039 -0.5008
vn -1.0000 0.0043 -0.0037
vn -0.7221 0.0032 -0.6917
vn 0.7213 -0.0000 0.6926
vn -0.0014 1.0000 0.0010
vn -0.0014 1.0000 0.0007
vn -0.0017 1.0000 0.0004
vn -0.9994 -0.0035 0.0344
vn -0.9699 -0.0017 0.2434
vn -0.9220 0.0022 0.3872
vn -0.3629 0.0040 0.9318
vn -0.4153 -0.0005 0.9097
vn 0.1882 0.0043 -0.9821
vn 0.9084 0.0017 -0.4181
vn -1.0000 0.0043 -0.0034
vn -0.8655 0.0038 -0.5008
vn -0.9295 -0.0035 -0.3689
vn -0.7917 -0.0014 -0.6109
vn -0.7918 -0.0013 -0.6108
vn -0.8040 -0.0022 -0.5946
vn -0.8659 0.0019 -0.5001
vn -0.7217 0.0016 -0.6922
vn -0.7222 0.0016 -0.6916
vn -0.7225 0.0016 -0.6914
vn -1.0000 0.0022 -0.0037
vn -0.6788 -0.0000 -0.7343
vn -0.6788 0.0034 -0.7343
vn -0.4603 -0.0011 -0.8878
vn -0.6640 0.0020 -0.7477
vn -0.4605 -0.0022 -0.8876
vn -0.4895 -0.0000 -0.8720
vn -0.4604 -0.0023 -0.8877
vn 0.9887 -0.0000 -0.1500
vn 0.5744 -0.0011 0.8186
vn 0.5495 0.0017 0.8355
vn 0.3629 -0.0007 0.9318
vn 0.9954 0.0116 -0.0950
vn 0.9998 0.0069 -0.0161
vn 0.7215 0.0034 0.6925
vn 0.0050 0.2281 -0.9736
vn -0.0007 0.3526 -0.9358
vn 0.0044 0.6337 -0.7736
vn 0.0013 0.5405 -0.8413
vn 0.0097 0.4730 -0.8810
vn 0.0062 0.4542 -0.8909
vn 0.0012 0.7180 -0.6961
vn 0.0099 0.6600 -0.7512
vn 0.0040 0.7947 -0.6070
vn -0.0031 0.8114 -0.5845
vn -0.0005 0.7555 -0.6551
vn 0.0012 0.7840 -0.6208
vn -0.1203 -0.0036 0.9927
vn -0.0055 0.6833 -0.7301
vn 0.0005 0.6044 -0.7966
vn -0.0098 0.2563 -0.9665
vn -0.0050 0.2281 -0.9736
vn 0.0098 0.2563 -0.9665
vn 0.0007 0.3526 -0.9358
vn -0.0062 0.4542 -0.8909
vn -0.0097 0.4730 -0.8810
vn -0.0000 0.9983 -0.0581
vn -0.0000 0.9998 -0.0182
vn -0.0000 1.0000 0.0085
s 0
f 1//1 3//1 2//1
f 4//1 3//1 5//1
f 3//1 4//1 2//1
f 6//2 1//2 2//2
f 7//3 9//3 8//3
f 8//2 10//2 7//2
f 10//2 8//2 11//2
f 12//4 14//4 13//4
f 13//5 15//5 12//5
f 15//6 13//6 16//6
f 17//2 13//2 14//2
f 18//7 20//7 19//7
f 21//7 20//7 22//7
f 20//8 21//8 19//8
f 21//8 23//8 19//8
f 24//9 25//9 19//9
f 19//10 25//10 18//10
f 26//11 16//11 27//11
f 28//12 29//12 17//12
f 30//13 29//13 31//13
f 29//12 30//12 32//12
f 30//12 33//12 32//12
f 10//14 35//14 34//14
f 36//15 10//15 11//15
f 37//15 36//15 38//15
f 3//16 39//16 5//16
f 40//16 3//16 41//16
f 42//17 9//17 7//17
f 9//18 44//18 43//18
f 45//19 2//19 46//19
f 47//19 2//19 4//19
f 46//19 2//19 47//19
f 48//19 2//19 45//19
f 2//19 48//19 6//19
f 49//20 47//20 4//20
f 18//21 50//21 46//21
f 51//21 53//21 52//21
f 24//22 54//22 25//22
f 54//23 24//23 55//23
f 50//21 18//21 53//21
f 53//21 18//21 52//21
f 52//24 18//24 56//24
f 56//25 54//25 55//25
f 57//25 59//25 58//25
f 18//26 58//26 59//26
f 60//27 62//27 61//27
f 61//28 62//28 63//28
f 63//29 62//29 64//29
f 65//30 67//30 66//30
f 67//31 68//31 66//31
f 68//32 64//32 66//32
f 68//33 69//33 64//33
f 69//34 63//34 64//34
f 70//35 71//35 65//35
f 65//36 66//36 70//36
f 66//37 72//37 70//37
f 73//38 71//38 70//38
f 74//39 76//39 75//39
f 76//39 77//39 75//39
f 78//40 77//40 76//40
f 79//41 77//41 78//41
f 80//42 81//42 78//42
f 82//43 79//43 78//43
f 83//44 82//44 84//44
f 85//45 83//45 84//45
f 86//46 73//46 84//46
f 81//47 84//47 78//47
f 86//48 84//48 81//48
f 82//49 78//49 84//49
f 85//50 84//50 70//50
f 70//51 84//51 73//51
f 80//52 78//52 76//52
f 87//53 89//53 88//53
f 90//54 92//54 91//54
f 93//55 95//55 94//55
f 89//56 93//56 94//56
f 90//5 91//5 96//5
f 94//57 88//57 89//57
f 97//58 99//58 98//58
f 100//59 102//59 101//59
f 102//2 104//2 103//2
f 104//60 105//60 103//60
f 103//61 105//61 102//61
f 106//62 108//62 107//62
f 109//63 111//63 110//63
f 111//64 23//64 110//64
f 109//65 112//65 111//65
f 112//66 109//66 113//66
f 113//67 109//67 114//67
f 99//68 115//68 98//68
f 116//69 118//69 117//69
f 116//70 119//70 118//70
f 119//71 116//71 120//71
f 120//71 37//71 119//71
f 30//72 35//72 33//72
f 121//73 95//73 93//73
f 92//74 117//74 118//74
f 87//53 122//53 121//53
f 123//75 125//75 124//75
f 124//76 126//76 123//76
f 126//76 124//76 127//76
f 87//77 129//77 128//77
f 87//77 128//77 130//77
f 87//77 130//77 131//77
f 132//78 134//78 133//78
f 135//79 137//79 136//79
f 137//79 138//79 136//79
f 138//80 137//80 139//80
f 87//77 141//77 140//77
f 87//77 140//77 142//77
f 87//77 142//77 129//77
f 87//77 72//77 141//77
f 143//81 144//81 139//81
f 144//82 138//82 139//82
f 87//77 145//77 72//77
f 87//77 85//77 145//77
f 146//83 148//83 147//83
f 149//77 77//77 79//77
f 149//77 79//77 82//77
f 149//77 82//77 83//77
f 87//77 83//77 85//77
f 77//77 149//77 75//77
f 150//84 152//84 151//84
f 153//77 87//77 154//77
f 155//85 157//85 156//85
f 157//86 158//86 156//86
f 87//77 153//77 159//77
f 160//87 147//87 161//87
f 146//83 147//83 160//83
f 148//88 146//88 162//88
f 163//2 160//2 161//2
f 149//77 164//77 75//77
f 164//77 149//77 165//77
f 158//89 166//89 156//89
f 167//90 110//90 168//90
f 146//91 169//91 158//91
f 169//92 166//92 158//92
f 114//93 171//93 170//93
f 171//93 114//93 167//93
f 100//94 173//94 172//94
f 127//95 134//95 126//95
f 174//96 176//96 175//96
f 177//97 179//97 178//97
f 179//97 177//97 180//97
f 176//96 174//96 181//96
f 175//96 182//96 174//96
f 174//96 182//96 183//96
f 184//98 185//98 179//98
f 185//99 178//99 179//99
f 1305//100 179//100 180//100
f 186//101 179//101 187//101
f 188//102 134//102 189//102
f 133//103 124//103 190//103
f 124//104 125//104 190//104
f 133//103 127//103 124//103
f 127//104 133//104 134//104
f 174//96 192//96 191//96
f 174//96 191//96 193//96
f 138//105 144//105 194//105
f 174//96 196//96 195//96
f 197//106 199//106 198//106
f 200//107 198//107 201//107
f 202//96 174//96 193//96
f 201//96 174//96 202//96
f 198//96 174//96 201//96
f 174//96 198//96 199//96
f 147//108 148//108 203//108
f 174//96 204//96 192//96
f 203//109 161//109 147//109
f 163//110 161//110 203//110
f 205//96 174//96 206//96
f 199//96 196//96 174//96
f 174//96 195//96 207//96
f 181//96 174//96 207//96
f 208//111 210//111 209//111
f 138//105 194//105 211//105
f 212//112 194//112 210//112
f 194//113 212//113 211//113
f 206//96 214//96 213//96
f 206//96 213//96 215//96
f 178//114 216//114 139//114
f 137//114 178//114 139//114
f 137//114 177//114 178//114
f 216//114 178//114 217//114
f 146//115 218//115 162//115
f 163//116 219//116 1311//116 160//116
f 220//117 160//117 1311//117
f 206//96 215//96 221//96
f 222//91 224//91 223//91
f 225//118 224//118 146//118
f 226//119 224//119 225//119
f 227//120 146//120 160//120
f 220//2 227//2 160//2
f 227//121 220//121 228//121
f 224//91 222//91 146//91
f 206//96 230//96 229//96
f 206//96 229//96 231//96
f 226//122 223//122 224//122
f 223//2 233//2 232//2
f 223//2 226//2 233//2
f 234//123 157//123 235//123
f 157//124 234//124 158//124
f 158//124 234//124 146//124
f 227//125 225//125 146//125
f 203//86 226//86 225//86
f 203//125 225//125 227//125
f 236//96 206//96 221//96
f 237//96 206//96 236//96
f 238//96 206//96 237//96
f 239//126 234//126 240//126
f 234//127 218//127 146//127
f 241//128 243//128 242//128
f 228//129 220//129 203//129
f 244//96 206//96 238//96
f 230//96 206//96 244//96
f 206//96 231//96 241//96
f 203//130 219//130 163//130
f 233//131 245//131 232//131
f 57//132 246//132 243//132
f 246//133 242//133 243//133
f 206//96 241//96 242//96
f 206//96 242//96 246//96
f 206//96 246//96 205//96
f 222//132 173//132 169//132
f 173//132 170//132 169//132
f 170//132 171//132 169//132
f 169//91 146//91 222//91
f 174//96 205//96 204//96
f 247//96 249//96 248//96
f 248//96 251//96 250//96
f 248//96 183//96 251//96
f 183//96 248//96 174//96
f 250//96 247//96 248//96
f 252//96 254//96 253//96
f 252//96 256//96 255//96
f 257//134 255//134 258//134
f 257//96 252//96 255//96
f 254//96 252//96 257//96
f 256//96 252//96 259//96
f 260//96 261//96 252//96
f 259//96 252//96 261//96
f 252//96 253//96 262//96
f 248//96 264//96 263//96
f 265//96 248//96 263//96
f 266//96 248//96 267//96
f 264//96 248//96 266//96
f 248//96 269//96 268//96
f 252//96 270//96 260//96
f 271//96 252//96 272//96
f 270//96 252//96 271//96
f 248//96 265//96 273//96
f 274//96 248//96 273//96
f 275//96 248//96 274//96
f 252//96 275//96 272//96
f 276//96 248//96 249//96
f 269//96 248//96 276//96
f 277//96 248//96 268//96
f 267//96 248//96 277//96
f 182//135 278//135 183//135
f 175//136 278//136 182//136
f 202//19 200//19 201//19
f 47//19 202//19 46//19
f 192//137 204//137 57//137
f 18//21 202//21 193//21
f 202//21 18//21 46//21
f 18//138 191//138 58//138
f 191//139 192//139 57//139
f 198//140 200//140 197//140
f 195//141 196//141 12//141
f 87//53 121//53 93//53
f 87//53 93//53 89//53
f 279//142 95//142 121//142
f 98//143 115//143 94//143
f 115//143 88//143 94//143
f 280//53 87//53 159//53
f 88//53 115//53 87//53
f 99//53 87//53 115//53
f 281//53 87//53 99//53
f 282//7 18//7 59//7
f 282//7 20//7 18//7
f 56//24 18//24 283//24
f 18//9 25//9 283//9
f 54//96 283//96 25//96
f 283//96 54//96 56//96
f 248//62 252//62 107//62
f 284//62 248//62 107//62
f 284//62 108//62 285//62
f 108//62 284//62 107//62
f 286//144 15//144 287//144
f 13//98 17//98 16//98
f 27//11 16//11 288//11
f 288//11 16//11 289//11
f 17//11 289//11 16//11
f 17//145 29//145 289//145
f 288//146 289//146 29//146
f 36//106 290//106 38//106
f 8//147 39//147 40//147
f 40//59 11//59 8//59
f 36//148 11//148 291//148
f 292//149 40//149 41//149
f 3//16 40//16 39//16
f 293//16 40//16 292//16
f 40//150 293//150 11//150
f 291//151 11//151 293//151
f 292//96 41//96 290//96
f 36//152 292//152 290//152
f 292//96 36//96 293//96
f 36//96 291//96 293//96
f 3//107 1//107 41//107
f 290//107 1//107 294//107
f 41//153 1//153 290//153
f 294//140 1//140 48//140
f 1//140 6//140 48//140
f 295//140 294//140 48//140
f 296//154 197//154 200//154
f 197//155 296//155 297//155
f 200//1 5//1 296//1
f 197//147 297//147 39//147
f 39//156 296//156 5//156
f 296//156 39//156 297//156
f 21//157 22//157 298//157
f 22//158 299//158 298//158
f 21//96 298//96 299//96
f 300//159 33//159 35//159
f 37//160 33//160 300//160
f 33//161 37//161 120//161
f 35//159 30//159 34//159
f 34//162 30//162 31//162 478//162
f 9//3 12//3 197//3
f 43//163 44//163 12//163
f 10//121 301//121 7//121
f 14//164 44//164 42//164
f 14//2 28//2 17//2
f 28//2 14//2 42//2
f 29//13 28//13 31//13
f 31//165 28//165 1320//165
f 10//166 34//166 301//166
f 34//167 302//167 301//167
f 9//17 42//17 44//17
f 42//17 7//17 303//17
f 7//168 478//168 303//168
f 302//169 7//169 301//169
f 7//170 302//170 478//170
f 42//17 303//17 304//17
f 304//171 28//171 42//171
f 28//172 304//172 1320//172
f 12//173 9//173 43//173
f 478//174 302//174 34//174
f 303//175 31//175 1320//175 304//175
f 223//176 232//176 305//176
f 306//177 308//177 307//177
f 309//178 311//178 310//178
f 309//179 312//179 311//179
f 312//180 313//180 311//180
f 245//181 233//181 203//181
f 312//182 314//182 313//182
f 223//60 172//60 222//60
f 172//60 173//60 222//60
f 105//183 223//183 305//183
f 99//184 97//184 281//184
f 223//60 105//60 172//60
f 172//60 105//60 104//60
f 315//185 281//185 97//185
f 87//53 281//53 316//53
f 307//186 317//186 310//186
f 168//187 155//187 167//187
f 155//187 168//187 152//187
f 152//133 168//133 151//133
f 307//177 318//177 306//177
f 167//188 166//188 171//188
f 307//189 319//189 318//189
f 307//190 310//190 319//190
f 156//191 167//191 155//191
f 166//188 167//188 156//188
f 166//192 169//192 171//192
f 310//193 317//193 309//193
f 313//53 316//53 311//53
f 310//53 316//53 319//53
f 311//53 316//53 310//53
f 110//66 23//66 320//66
f 306//194 281//194 308//194
f 281//194 315//194 308//194
f 306//53 316//53 281//53
f 318//53 316//53 306//53
f 319//53 316//53 318//53
f 321//2 323//2 322//2
f 324//195 326//195 325//195
f 327//195 328//195 326//195
f 327//2 329//2 328//2
f 329//196 327//196 321//196
f 323//197 321//197 327//197
f 328//198 330//198 326//198
f 331//198 326//198 330//198
f 332//198 330//198 328//198
f 332//199 328//199 329//199
f 333//200 335//200 334//200
f 336//201 337//201 323//201
f 323//201 337//201 338//201
f 327//202 336//202 323//202
f 336//203 327//203 339//203
f 323//116 341//116 340//116
f 341//2 323//2 338//2
f 326//195 324//195 339//195
f 326//195 339//195 327//195
f 342//204 340//204 341//204
f 323//205 340//205 322//205
f 339//206 343//206 336//206
f 324//207 343//207 339//207
f 333//207 324//207 344//207
f 343//207 324//207 333//207
f 345//208 337//208 346//208
f 337//208 345//208 338//208
f 347//208 338//208 345//208
f 348//209 347//209 349//209
f 334//210 335//210 350//210
f 351//211 350//211 352//211
f 353//212 355//212 354//212
f 356//213 334//213 357//213
f 358//214 360//214 359//214
f 361//215 340//215 342//215
f 362//216 340//216 363//216
f 364//217 329//217 321//217
f 364//218 321//218 322//218
f 365//219 367//219 366//219
f 367//220 365//220 368//220
f 369//221 371//221 370//221
f 371//221 369//221 372//221
f 373//222 374//222 359//222
f 375//223 377//223 376//223
f 377//224 378//224 376//224
f 379//225 381//225 380//225
f 382//226 384//226 383//226
f 385//226 384//226 382//226
f 384//227 385//227 386//227
f 387//226 386//226 385//226
f 379//228 380//228 388//228
f 389//229 384//229 386//229
f 373//230 379//230 388//230
f 384//59 390//59 383//59
f 391//231 355//231 392//231
f 355//231 353//231 392//231
f 393//232 395//232 394//232
f 396//233 375//233 397//233
f 388//53 159//53 374//53
f 374//53 159//53 398//53
f 159//53 380//53 280//53
f 380//53 159//53 388//53
f 87//53 280//53 393//53
f 397//234 399//234 396//234
f 359//235 374//235 398//235
f 400//236 399//236 401//236
f 399//237 400//237 396//237
f 381//238 402//238 280//238
f 399//239 397//239 403//239
f 403//240 397//240 404//240
f 380//241 381//241 280//241
f 330//242 403//242 331//242
f 373//243 388//243 374//243
f 402//244 405//244 280//244
f 403//59 406//59 399//59
f 399//245 406//245 407//245
f 399//2 408//2 401//2
f 406//246 403//246 409//246
f 409//2 403//2 330//2
f 280//247 405//247 395//247
f 393//248 280//248 395//248
f 375//249 410//249 404//249
f 386//250 396//250 411//250
f 375//251 396//251 386//251
f 410//252 375//252 376//252
f 87//53 393//53 122//53
f 375//253 404//253 397//253
f 279//254 122//254 394//254
f 386//255 411//255 389//255
f 121//256 122//256 279//256
f 122//257 393//257 394//257
f 412//258 401//258 408//258
f 401//259 389//259 413//259
f 412//260 389//260 401//260
f 159//53 414//53 398//53
f 159//53 415//53 355//53
f 401//258 413//258 400//258
f 414//53 159//53 358//53
f 409//261 412//261 406//261
f 412//262 409//262 416//262
f 415//53 159//53 417//53
f 391//53 159//53 355//53
f 358//53 159//53 391//53
f 418//263 420//263 419//263
f 325//263 331//263 420//263
f 331//263 325//263 326//263
f 358//264 359//264 414//264
f 359//265 398//265 414//265
f 400//266 411//266 396//266
f 415//267 354//267 355//267
f 411//268 400//268 413//268
f 413//269 389//269 411//269
f 12//270 196//270 197//270
f 196//271 199//271 197//271
f 284//62 422//62 421//62
f 176//272 181//272 286//272
f 12//5 181//5 207//5
f 423//239 404//239 410//239
f 423//242 331//242 403//242
f 399//273 407//273 408//273
f 12//159 207//159 195//159
f 424//274 426//274 425//274
f 426//275 427//275 425//275
f 427//276 428//276 425//276
f 214//277 430//277 429//277
f 424//278 432//278 431//278
f 432//96 424//96 433//96
f 428//279 424//279 425//279
f 424//280 428//280 433//280
f 429//281 213//281 214//281
f 434//282 436//282 435//282
f 430//283 437//283 429//283
f 438//2 440//2 439//2
f 441//284 443//284 442//284
f 443//284 444//284 442//284
f 445//285 442//285 446//285
f 230//111 244//111 447//111
f 448//113 244//113 238//113
f 241//124 231//124 243//124
f 449//25 101//25 450//25
f 100//286 449//286 451//286
f 452//287 454//287 453//287
f 246//132 57//132 205//132
f 455//147 457//147 456//147
f 204//288 205//288 57//288
f 458//289 457//289 459//289
f 460//290 461//290 92//290
f 278//211 251//211 183//211
f 251//207 462//207 250//207
f 462//207 251//207 278//207
f 462//208 278//208 463//208
f 464//5 91//5 465//5
f 466//291 468//291 467//291
f 468//78 466//78 134//78
f 462//292 247//292 250//292
f 179//293 469//293 184//293
f 469//294 179//294 186//294
f 273//295 470//295 274//295
f 1305//296 188//296 187//296
f 266//297 471//297 264//297
f 466//298 189//298 134//298
f 268//252 269//252 472//252
f 144//299 474//299 473//299
f 474//299 144//299 143//299
f 194//105 144//105 473//105
f 475//300 184//300 469//300
f 185//301 475//301 476//301
f 185//302 476//302 217//302
f 475//301 185//301 184//301
f 226//85 203//85 233//85
f 228//303 203//303 227//303
f 220//304 1311//304 203//304
f 284//62 285//62 422//62
f 219//305 203//305 1311//305
f 421//62 422//62 477//62
f 276//306 472//306 269//306
f 208//111 209//111 203//111
f 480//62 284//62 421//62
f 185//307 217//307 178//307
f 316//62 480//62 481//62
f 470//308 275//308 274//308
f 232//131 245//131 305//131
f 1211//309 694//309 1307//309
f 316//62 485//62 484//62
f 316//62 481//62 485//62
f 486//60 105//60 305//60
f 316//62 60//62 61//62
f 480//62 316//62 284//62
f 63//62 316//62 61//62
f 471//310 263//310 264//310
f 330//199 416//199 409//199
f 416//263 330//263 332//263
f 348//311 341//311 338//311
f 348//208 338//208 347//208
f 341//312 348//312 342//312
f 487//313 470//313 263//313
f 263//313 470//313 265//313
f 340//314 361//314 363//314
f 273//315 265//315 470//315
f 68//62 316//62 69//62
f 329//292 364//292 332//292
f 488//316 490//316 489//316
f 86//62 316//62 73//62
f 73//62 316//62 71//62
f 471//317 266//317 491//317
f 266//317 267//317 491//317
f 67//62 316//62 68//62
f 267//318 277//318 491//318
f 492//319 493//319 389//319
f 69//62 316//62 63//62
f 316//62 484//62 60//62
f 268//320 491//320 277//320
f 491//321 268//321 472//321
f 389//306 412//306 492//306
f 492//306 412//306 494//306
f 65//62 316//62 67//62
f 71//62 316//62 65//62
f 412//262 495//262 494//262
f 495//322 412//322 416//322
f 496//62 86//62 81//62
f 496//62 81//62 80//62
f 497//268 389//268 493//268
f 76//62 496//62 80//62
f 316//62 86//62 496//62
f 496//62 76//62 74//62
f 496//62 74//62 498//62
f 391//323 392//323 358//323
f 358//324 392//324 360//324
f 316//62 499//62 284//62
f 499//62 316//62 500//62
f 501//325 503//325 502//325
f 504//326 506//326 505//326
f 507//327 509//327 508//327
f 510//313 509//313 502//313
f 417//328 511//328 415//328
f 511//329 354//329 415//329
f 512//330 514//330 513//330
f 513//331 514//331 515//331
f 516//332 517//332 514//332
f 518//62 498//62 519//62
f 498//62 518//62 496//62
f 499//2 500//2 153//2
f 500//2 159//2 153//2
f 518//2 519//2 165//2
f 519//2 164//2 165//2
f 520//333 505//333 521//333
f 516//229 523//229 522//229
f 524//334 526//334 525//334
f 527//53 74//53 528//53
f 529//335 524//335 530//335
f 531//336 533//336 532//336
f 534//337 536//337 535//337
f 537//338 440//338 534//338
f 279//339 154//339 95//339
f 394//339 154//339 279//339
f 154//339 97//339 98//339
f 315//339 154//339 284//339
f 98//339 94//339 154//339
f 94//339 95//339 154//339
f 284//339 312//339 309//339
f 284//339 309//339 317//339
f 284//339 317//339 307//339
f 315//339 284//339 308//339
f 154//339 315//339 97//339
f 308//339 284//339 307//339
f 360//339 153//339 359//339
f 153//339 360//339 392//339
f 359//339 153//339 373//339
f 373//339 153//339 379//339
f 379//339 153//339 381//339
f 153//339 402//339 381//339
f 392//339 353//339 153//339
f 353//339 354//339 153//339
f 511//339 153//339 354//339
f 154//339 394//339 395//339
f 405//339 154//339 395//339
f 153//339 405//339 402//339
f 405//339 153//339 154//339
f 284//339 506//339 314//339
f 314//339 312//339 284//339
f 505//339 499//339 521//339
f 499//339 506//339 284//339
f 506//339 499//339 505//339
f 521//339 499//339 538//339
f 539//339 499//339 540//339
f 538//339 499//339 539//339
f 540//339 499//339 541//339
f 153//339 511//339 499//339
f 542//339 499//339 511//339
f 543//339 499//339 542//339
f 499//339 543//339 541//339
f 544//272 441//272 545//272
f 444//284 546//284 442//284
f 546//136 446//136 442//136
f 444//340 446//340 546//340
f 348//341 548//341 547//341
f 548//342 361//342 547//342
f 549//343 551//343 550//343
f 408//344 407//344 412//344
f 407//345 406//345 412//345
f 549//2 550//2 552//2
f 551//346 553//346 550//346
f 553//347 551//347 515//347
f 551//347 513//347 515//347
f 554//348 555//348 368//348
f 550//2 556//2 552//2
f 556//349 550//349 553//349
f 555//350 554//350 557//350
f 517//351 522//351 558//351
f 490//316 555//316 489//316
f 559//352 555//352 560//352
f 561//2 559//2 560//2
f 562//229 522//229 523//229
f 559//353 561//353 563//353
f 564//354 563//354 561//354
f 522//2 565//2 558//2
f 565//2 522//2 566//2
f 566//59 522//59 562//59
f 555//316 490//316 560//316
f 490//2 561//2 560//2
f 561//2 490//2 564//2
f 508//355 568//355 567//355
f 569//356 568//356 508//356
f 549//357 570//357 551//357
f 570//357 571//357 551//357
f 571//357 513//357 551//357
f 571//358 572//358 513//358
f 573//359 575//359 574//359
f 575//359 573//359 576//359
f 576//359 573//359 577//359
f 578//360 549//360 552//360
f 579//361 574//361 575//361
f 501//176 575//176 576//176
f 572//362 501//362 580//362
f 556//363 581//363 552//363
f 582//364 584//364 583//364
f 368//365 365//365 554//365
f 569//366 586//366 585//366
f 508//367 586//367 569//367
f 586//327 508//327 509//327
f 586//313 509//313 587//313
f 588//316 489//316 555//316
f 589//2 569//2 585//2
f 588//368 557//368 365//368
f 557//369 588//369 555//369
f 554//220 365//220 557//220
f 568//356 569//356 582//356
f 569//370 589//370 582//370
f 590//361 579//361 575//361
f 591//361 574//361 579//361
f 590//371 501//371 502//371
f 501//2 590//2 575//2
f 585//372 582//372 589//372
f 586//373 582//373 585//373
f 582//373 586//373 592//373
f 592//373 587//373 503//373
f 587//373 592//373 586//373
f 593//374 371//374 372//374
f 594//375 370//375 371//375
f 370//375 594//375 595//375
f 596//376 366//376 595//376
f 597//2 598//2 369//2
f 596//377 365//377 366//377
f 502//378 509//378 590//378
f 558//379 581//379 553//379
f 558//380 515//380 517//380
f 515//379 558//379 553//379
f 565//381 581//381 558//381
f 590//313 489//313 579//313
f 553//382 581//382 556//382
f 489//313 590//313 509//313
f 599//383 601//383 600//383
f 599//246 603//246 602//246
f 603//384 599//384 600//384
f 602//116 423//116 604//116
f 605//310 607//310 606//310
f 606//310 607//310 608//310
f 609//385 611//385 610//385
f 611//331 612//331 610//331
f 613//2 615//2 614//2
f 423//2 616//2 604//2
f 611//357 607//357 612//357
f 607//357 617//357 612//357
f 614//386 619//386 618//386
f 619//363 621//363 620//363
f 622//363 614//363 615//363
f 619//363 622//363 621//363
f 579//313 489//313 591//313
f 489//313 623//313 591//313
f 624//387 625//387 596//387
f 75//53 627//53 626//53
f 624//388 596//388 628//388
f 596//389 594//389 628//389
f 629//390 594//390 606//390
f 607//310 605//310 617//310
f 75//53 626//53 630//53
f 75//53 630//53 631//53
f 627//53 75//53 632//53
f 593//373 606//373 594//373
f 631//53 633//53 75//53
f 75//53 633//53 634//53
f 365//391 596//391 588//391
f 625//392 588//392 596//392
f 588//375 625//375 489//375
f 75//53 634//53 635//53
f 635//53 74//53 75//53
f 636//53 74//53 527//53
f 595//375 594//375 596//375
f 74//53 637//53 528//53
f 489//393 625//393 624//393
f 624//393 628//393 489//393
f 638//53 639//53 498//53
f 580//310 501//310 576//310
f 74//53 635//53 637//53
f 638//53 74//53 636//53
f 591//361 640//361 574//361
f 591//361 641//361 640//361
f 641//361 591//361 642//361
f 74//53 638//53 498//53
f 382//346 383//346 573//346
f 514//347 573//347 383//347
f 514//394 383//394 390//394
f 643//60 644//60 57//60
f 164//53 646//53 645//53
f 573//395 648//395 647//395
f 164//53 645//53 649//53
f 650//396 647//396 648//396
f 651//396 648//396 652//396
f 650//396 648//396 651//396
f 647//397 650//397 653//397
f 164//53 649//53 654//53
f 655//398 652//398 620//398
f 655//398 620//398 621//398
f 652//363 655//363 651//363
f 387//399 377//399 375//399
f 656//400 653//400 650//400
f 386//401 387//401 375//401
f 646//53 164//53 657//53
f 574//402 648//402 573//402
f 164//53 659//53 658//53
f 164//53 661//53 660//53
f 640//403 620//403 652//403
f 164//53 663//53 662//53
f 663//53 164//53 660//53
f 282//404 644//404 20//404
f 385//405 647//405 653//405
f 385//405 573//405 647//405
f 75//53 662//53 632//53
f 662//53 75//53 164//53
f 382//317 573//317 385//317
f 653//406 656//406 385//406
f 20//2 644//2 664//2
f 664//2 644//2 665//2
f 651//407 387//407 650//407
f 387//407 651//407 377//407
f 655//408 377//408 651//408
f 666//409 667//409 320//409
f 168//90 320//90 667//90
f 377//410 655//410 378//410
f 650//411 385//411 656//411
f 385//412 650//412 387//412
f 668//413 665//413 669//413
f 516//229 384//229 389//229
f 384//414 670//414 390//414
f 670//415 384//415 516//415
f 667//409 666//409 668//409
f 665//409 666//409 664//409
f 390//416 670//416 514//416
f 404//239 423//239 403//239
f 517//351 516//351 522//351
f 516//332 514//332 670//332
f 671//417 516//417 389//417
f 672//239 423//239 410//239
f 423//239 672//239 616//239
f 519//53 674//53 673//53
f 519//53 675//53 674//53
f 420//242 423//242 419//242
f 331//418 423//418 420//418
f 519//53 673//53 676//53
f 677//419 679//419 678//419
f 680//53 519//53 681//53
f 682//420 684//420 683//420
f 519//53 676//53 685//53
f 686//421 688//421 687//421
f 685//53 657//53 519//53
f 443//284 689//284 444//284
f 689//422 443//422 690//422
f 370//423 597//423 369//423
f 446//424 691//424 445//424
f 348//425 691//425 548//425
f 692//425 691//425 693//425
f 369//426 694//426 372//426
f 695//427 697//427 696//427
f 698//399 700//399 699//399
f 378//399 701//399 376//399
f 700//223 701//223 378//223
f 702//11 443//11 465//11
f 703//428 696//428 704//428
f 705//281 695//281 706//281
f 707//429 709//429 708//429
f 691//430 689//430 693//430
f 689//430 691//430 444//430
f 691//430 446//430 444//430
f 710//431 712//431 711//431
f 713//432 693//432 689//432
f 714//284 689//284 690//284
f 715//301 687//301 716//301
f 714//2 718//2 717//2
f 718//2 714//2 690//2
f 717//433 713//433 714//433
f 453//1 454//1 719//1
f 720//434 722//434 721//434
f 723//181 725//181 724//181
f 454//156 455//156 719//156
f 719//435 455//435 456//435
f 544//272 464//272 441//272
f 91//5 464//5 96//5
f 726//436 706//436 727//436
f 716//437 726//437 123//437
f 726//438 125//438 123//438
f 465//439 441//439 464//439
f 441//440 465//440 443//440
f 126//76 728//76 123//76
f 728//441 716//441 123//441
f 729//442 451//442 449//442
f 730//443 732//443 731//443
f 733//444 706//444 696//444
f 706//445 695//445 696//445
f 732//1 734//1 731//1
f 735//446 734//446 732//446
f 736//447 738//447 737//447
f 739//448 741//448 740//448
f 734//1 741//1 454//1
f 741//1 734//1 740//1
f 742//79 135//79 136//79
f 135//80 742//80 743//80
f 743//80 742//80 712//80
f 744//2 739//2 740//2
f 745//449 747//449 746//449
f 162//115 748//115 448//115
f 749//147 750//147 455//147
f 750//147 457//147 455//147
f 751//59 750//59 749//59
f 752//115 162//115 240//115
f 450//404 105//404 753//404
f 748//450 752//450 754//450
f 162//451 752//451 748//451
f 162//88 755//88 148//88
f 755//452 162//452 448//452
f 459//3 750//3 756//3
f 750//453 459//453 457//453
f 756//2 758//2 757//2
f 750//59 758//59 756//59
f 758//2 750//2 751//2
f 759//454 677//454 760//454
f 759//454 760//454 708//454
f 460//290 761//290 461//290
f 762//4 91//4 461//4
f 763//335 765//335 764//335
f 152//455 150//455 155//455
f 150//84 151//84 766//84
f 702//456 465//456 762//456
f 465//5 91//5 762//5
f 543//457 542//457 767//457
f 417//458 542//458 511//458
f 542//458 417//458 767//458
f 762//196 768//196 702//196
f 768//59 461//59 769//59
f 768//59 762//59 461//59
f 769//2 461//2 761//2
f 754//2 770//2 748//2
f 506//459 771//459 314//459
f 504//460 771//460 506//460
f 735//19 740//19 734//19
f 772//19 740//19 735//19
f 773//19 740//19 772//19
f 538//461 775//461 774//461
f 150//176 776//176 723//176
f 450//7 729//7 449//7
f 777//7 729//7 450//7
f 729//7 777//7 778//7
f 155//124 779//124 157//124
f 779//85 155//85 150//85
f 162//115 239//115 240//115
f 239//462 162//462 218//462
f 320//90 168//90 110//90
f 643//463 725//463 776//463
f 443//11 702//11 690//11
f 126//464 780//464 728//464
f 780//465 126//465 134//465
f 521//466 538//466 774//466
f 538//467 539//467 775//467
f 768//13 769//13 781//13
f 782//301 715//301 783//301
f 540//468 541//468 784//468
f 741//16 455//16 454//16
f 455//150 741//150 749//150
f 749//150 741//150 785//150
f 541//469 543//469 786//469
f 751//16 749//16 785//16
f 786//457 543//457 767//457
f 773//107 739//107 744//107
f 739//140 785//140 741//140
f 787//97 180//97 177//97
f 180//97 787//97 788//97
f 789//97 788//97 787//97
f 316//53 771//53 504//53
f 179//470 1305//470 187//470
f 771//53 316//53 313//53
f 500//53 520//53 774//53
f 180//471 788//471 794//471 1305//471
f 221//301 790//301 687//301
f 761//472 459//472 756//472
f 459//17 761//17 460//17
f 500//53 774//53 775//53
f 500//53 775//53 791//53
f 500//53 504//53 520//53
f 504//53 500//53 316//53
f 500//53 791//53 792//53
f 784//53 500//53 792//53
f 715//301 782//301 687//301
f 761//17 781//17 769//17
f 781//472 761//472 756//472
f 457//3 458//3 92//3
f 793//473 783//473 715//473
f 783//474 795//474 794//474
f 458//163 460//163 92//163
f 459//18 460//18 458//18
f 796//475 783//475 794//475
f 783//476 796//476 797//476
f 314//477 771//477 313//477
f 520//478 504//478 505//478
f 788//479 797//479 796//479
f 753//60 799//60 798//60
f 799//60 753//60 105//60
f 794//480 795//480 1305//480
f 800//246 753//246 798//246
f 521//481 774//481 520//481
f 450//404 753//404 777//404
f 105//404 450//404 101//404
f 134//482 1305//482 780//482
f 188//483 1305//483 134//483
f 791//484 775//484 539//484
f 801//2 777//2 753//2
f 777//2 801//2 802//2
f 801//2 753//2 800//2
f 791//485 539//485 540//485
f 792//486 791//486 540//486
f 500//53 784//53 803//53
f 500//53 786//53 767//53
f 500//53 803//53 786//53
f 417//53 500//53 767//53
f 540//487 784//487 792//487
f 784//468 541//468 803//468
f 803//469 541//469 786//469
f 500//53 417//53 159//53
f 634//68 633//68 804//68
f 805//488 806//488 631//488
f 630//489 805//489 631//489
f 807//57 631//57 806//57
f 627//490 808//490 626//490
f 805//491 626//491 808//491
f 630//492 626//492 805//492
f 808//339 149//339 805//339
f 804//143 633//143 807//143
f 633//143 631//143 807//143
f 806//339 149//339 807//339
f 805//339 149//339 806//339
f 809//493 634//493 804//493
f 810//339 149//339 496//339
f 149//339 809//339 804//339
f 149//339 804//339 807//339
f 149//339 810//339 809//339
f 810//339 496//339 811//339
f 496//339 813//339 812//339
f 496//339 814//339 813//339
f 811//339 496//339 815//339
f 816//339 496//339 812//339
f 815//339 496//339 816//339
f 810//185 635//185 809//185
f 816//189 528//189 815//189
f 813//178 636//178 812//178
f 635//494 634//494 809//494
f 635//194 810//194 637//194
f 810//194 811//194 637//194
f 528//177 637//177 815//177
f 637//177 811//177 815//177
f 813//179 638//179 636//179
f 639//495 638//495 814//495
f 528//496 816//496 812//496
f 528//497 812//497 527//497
f 527//498 812//498 636//498
f 638//499 813//499 814//499
f 515//416 514//416 817//416
f 817//500 514//500 517//500
f 817//501 517//501 515//501
f 562//502 497//502 818//502
f 497//502 562//502 523//502
f 683//454 819//454 682//454
f 679//503 819//503 683//503
f 820//454 679//454 677//454
f 562//502 818//502 821//502
f 818//504 822//504 821//504
f 823//505 825//505 824//505
f 826//506 828//506 827//506
f 826//506 829//506 828//506
f 830//507 832//507 831//507
f 671//508 389//508 497//508
f 516//509 671//509 523//509
f 833//510 835//510 834//510
f 835//511 833//511 831//511
f 836//512 831//512 833//512
f 497//513 523//513 671//513
f 837//514 838//514 660//514
f 165//339 840//339 839//339
f 840//339 165//339 837//339
f 841//515 843//515 842//515
f 844//516 842//516 843//516
f 837//339 165//339 838//339
f 845//517 846//517 436//517
f 165//339 847//339 838//339
f 847//339 149//339 848//339
f 808//518 627//518 848//518
f 849//519 851//519 850//519
f 851//520 849//520 852//520
f 848//339 149//339 808//339
f 149//339 847//339 165//339
f 853//521 855//521 854//521
f 855//522 853//522 856//522
f 855//523 857//523 854//523
f 857//523 851//523 854//523
f 851//523 852//523 854//523
f 362//524 495//524 364//524
f 370//525 367//525 858//525
f 367//525 370//525 595//525
f 856//526 860//526 859//526
f 860//527 856//527 853//527
f 861//339 165//339 862//339
f 367//365 368//365 863//365
f 366//528 367//528 595//528
f 165//339 864//339 862//339
f 865//529 839//529 659//529
f 866//530 834//530 835//530
f 867//531 834//531 866//531
f 868//532 867//532 869//532
f 165//339 839//339 865//339
f 165//339 865//339 864//339
f 657//533 861//533 646//533
f 870//516 872//516 871//516
f 873//516 870//516 874//516
f 873//534 876//534 875//534
f 646//212 862//212 645//212
f 646//535 861//535 862//535
f 877//505 826//505 878//505
f 826//505 877//505 823//505
f 879//505 823//505 877//505
f 864//231 645//231 862//231
f 645//231 864//231 649//231
f 215//536 881//536 880//536
f 213//537 881//537 215//537
f 865//538 649//538 864//538
f 649//538 865//538 654//538
f 823//505 879//505 825//505
f 837//539 661//539 840//539
f 838//540 847//540 662//540
f 882//541 826//541 883//541
f 883//542 826//542 827//542
f 829//541 826//541 823//541
f 662//543 847//543 632//543
f 215//544 880//544 790//544
f 847//545 848//545 632//545
f 878//546 826//546 884//546
f 885//2 826//2 886//2
f 530//2 826//2 885//2
f 659//529 654//529 865//529
f 826//246 530//246 884//246
f 659//547 840//547 658//547
f 887//526 859//526 860//526
f 790//548 880//548 881//548
f 840//549 659//549 839//549
f 868//531 889//531 888//531
f 889//531 868//531 869//531
f 840//550 661//550 658//550
f 890//2 891//2 888//2
f 660//551 661//551 837//551
f 892//334 524//334 525//334
f 687//301 790//301 716//301
f 660//552 838//552 663//552
f 662//553 663//553 838//553
f 893//554 895//554 894//554
f 627//555 632//555 848//555
f 881//556 716//556 790//556
f 716//556 881//556 705//556
f 716//557 705//557 706//557
f 783//558 793//558 1305//558 795//558
f 496//339 896//339 814//339
f 728//76 715//76 716//76
f 715//76 728//76 793//76
f 896//339 496//339 897//339
f 518//339 897//339 496//339
f 780//96 793//96 728//96
f 1305//96 793//96 780//96
f 898//339 518//339 899//339
f 897//339 518//339 898//339
f 125//104 738//104 190//104
f 738//559 125//559 726//559
f 900//560 896//560 897//560
f 696//428 429//428 704//428
f 429//291 696//291 901//291
f 902//561 903//561 675//561
f 696//562 697//562 901//562
f 904//273 905//273 733//273
f 899//339 518//339 902//339
f 706//557 726//557 716//557
f 902//339 518//339 903//339
f 903//339 518//339 906//339
f 907//339 518//339 908//339
f 906//339 518//339 907//339
f 706//563 733//563 727//563
f 733//563 909//563 727//563
f 910//339 518//339 165//339
f 908//339 518//339 911//339
f 518//339 910//339 911//339
f 165//339 861//339 910//339
f 912//564 733//564 905//564
f 733//565 912//565 909//565
f 738//447 905//447 737//447
f 905//566 738//566 912//566
f 726//96 727//96 909//96
f 657//328 910//328 861//328
f 738//96 909//96 912//96
f 909//96 738//96 726//96
f 907//567 676//567 906//567
f 907//568 908//568 676//568
f 911//457 676//457 908//457
f 676//457 911//457 685//457
f 911//458 910//458 685//458
f 814//569 896//569 900//569
f 913//570 711//570 914//570
f 915//105 711//105 913//105
f 639//571 814//571 900//571
f 914//105 711//105 742//105
f 711//105 712//105 742//105
f 897//572 916//572 900//572
f 917//573 711//573 915//573
f 897//574 898//574 916//574
f 211//105 711//105 917//105
f 916//575 898//575 918//575
f 914//576 136//576 913//576
f 918//577 898//577 681//577
f 136//578 914//578 742//578
f 902//579 680//579 681//579
f 899//580 681//580 898//580
f 899//581 902//581 681//581
f 917//105 136//105 211//105
f 211//105 136//105 138//105
f 906//468 674//468 903//468
f 136//105 915//105 913//105
f 136//582 917//582 915//582
f 680//583 902//583 675//583
f 675//487 903//487 674//487
f 919//584 754//584 752//584
f 920//127 754//127 919//127
f 639//53 900//53 498//53
f 900//53 916//53 498//53
f 918//53 498//53 916//53
f 519//53 680//53 675//53
f 498//53 681//53 519//53
f 681//53 498//53 918//53
f 253//554 763//554 262//554
f 752//584 240//584 919//584
f 164//53 654//53 659//53
f 164//53 658//53 661//53
f 164//53 519//53 657//53
f 921//585 253//585 254//585
f 253//586 921//586 763//586
f 919//127 240//127 920//127
f 257//587 921//587 254//587
f 921//587 257//587 258//587
f 148//588 208//588 203//588
f 208//589 148//589 755//589
f 258//590 255//590 256//590
f 259//591 258//591 256//591
f 210//111 208//111 212//111
f 230//111 922//111 724//111
f 447//592 448//592 922//592
f 261//593 260//593 923//593
f 922//115 448//115 748//115
f 259//512 261//512 923//512
f 260//594 270//594 923//594
f 755//88 448//88 924//88
f 925//282 262//282 763//282
f 208//146 924//146 212//146
f 924//595 208//595 755//595
f 448//105 237//105 711//105
f 923//596 270//596 926//596
f 270//596 271//596 926//596
f 711//105 211//105 448//105
f 271//597 272//597 926//597
f 275//350 926//350 272//350
f 926//350 275//350 470//350
f 212//113 448//113 211//113
f 448//598 212//598 924//598
f 177//599 135//599 743//599
f 177//600 743//600 929//600 787//600
f 135//599 177//599 137//599
f 790//301 221//301 215//301
f 236//601 688//601 927//601
f 237//299 686//299 711//299
f 236//602 927//602 686//602
f 688//599 236//599 221//599
f 927//603 688//603 686//603
f 711//299 686//299 710//299
f 712//415 710//415 928//415
f 797//81 789//81 783//81
f 789//2 782//2 783//2
f 928//80 743//80 712//80
f 743//604 928//604 1308//604
f 788//605 789//605 797//605
f 787//606 1316//606 789//606
f 686//599 782//599 710//599
f 782//599 686//599 687//599
f 929//599 710//599 782//599
f 928//114 710//114 1308//114
f 710//114 930//114 1308//114
f 710//599 929//599 930//599
f 782//607 1319//607 929//607
f 1316//600 782//600 789//600
f 782//608 1316//608 1319//608
f 929//609 1319//609 1316//609 787//609
f 725//610 723//610 776//610
f 931//611 723//611 724//611
f 724//612 748//612 770//612
f 748//111 724//111 922//111
f 932//613 770//613 933//613
f 770//614 932//614 1160//614 724//614
f 754//82 934//82 770//82
f 935//615 723//615 931//615
f 150//59 723//59 935//59
f 770//176 934//176 933//176
f 932//616 933//616 931//616
f 935//85 235//85 936//85
f 235//86 935//86 933//86
f 933//86 935//86 931//86
f 935//124 936//124 150//124
f 936//86 779//86 150//86
f 235//85 933//85 234//85
f 933//85 934//85 234//85
f 937//554 846//554 894//554
f 841//554 842//554 846//554
f 524//335 529//335 938//335
f 874//617 524//617 876//617
f 939//618 529//618 530//618
f 886//619 940//619 939//619
f 877//335 874//335 870//335
f 878//335 874//335 877//335
f 524//335 874//335 878//335
f 939//620 941//620 938//620
f 939//621 938//621 529//621
f 941//620 939//620 940//620
f 942//622 938//622 941//622
f 524//623 884//623 530//623
f 884//624 524//624 878//624
f 844//515 871//515 842//515
f 937//516 943//516 843//516
f 944//625 943//625 945//625
f 946//625 943//625 944//625
f 943//625 946//625 843//625
f 946//626 825//626 843//626
f 944//627 895//627 947//627
f 895//627 944//627 945//627
f 825//628 946//628 824//628
f 843//515 841//515 937//515
f 871//515 844//515 870//515
f 894//629 943//629 937//629
f 943//554 894//554 945//554
f 945//554 894//554 895//554
f 846//630 937//630 841//630
f 825//586 879//586 843//586
f 843//586 879//586 844//586
f 844//586 877//586 870//586
f 877//586 844//586 879//586
f 944//587 823//587 824//587
f 944//587 948//587 823//587
f 823//631 948//631 829//631
f 946//632 944//632 824//632
f 948//587 944//587 947//587
f 828//633 682//633 827//633
f 682//590 828//590 684//590
f 883//634 827//634 682//634
f 826//541 882//541 949//541
f 886//431 949//431 950//431
f 950//635 940//635 951//635
f 940//636 949//636 941//636
f 941//637 949//637 882//637
f 759//454 682//454 819//454
f 882//454 942//454 941//454
f 759//503 882//503 883//503
f 882//503 759//503 942//503
f 759//454 883//454 682//454
f 829//134 683//134 684//134
f 683//638 948//638 679//638
f 683//134 829//134 948//134
f 829//134 684//134 828//134
f 939//639 885//639 886//639
f 939//640 530//640 885//640
f 949//2 886//2 826//2
f 886//641 950//641 951//641
f 940//642 886//642 951//642
f 949//643 940//643 950//643
f 867//531 868//531 834//531
f 888//512 759//512 868//512
f 759//512 834//512 868//512
f 952//510 759//510 888//510
f 952//512 888//512 891//512
f 759//512 952//512 953//512
f 851//644 831//644 850//644
f 831//645 832//645 850//645
f 851//646 835//646 831//646
f 851//644 866//644 835//644
f 866//644 851//644 857//644
f 866//647 857//647 867//647
f 846//282 842//282 436//282
f 435//282 842//282 871//282
f 842//282 435//282 436//282
f 435//282 871//282 872//282
f 870//516 873//516 872//516
f 873//2 875//2 892//2
f 876//2 873//2 874//2
f 524//334 875//334 876//334
f 524//648 892//648 875//648
f 872//337 536//337 435//337
f 954//337 536//337 873//337
f 536//337 872//337 873//337
f 873//449 525//449 954//449
f 525//649 873//649 892//649
f 867//596 855//596 856//596
f 869//650 856//650 859//650
f 867//596 856//596 869//596
f 855//651 867//651 857//651
f 859//596 889//596 869//596
f 889//596 859//596 887//596
f 890//531 888//531 889//531
f 891//415 890//415 955//415
f 955//121 890//121 956//121
f 533//336 957//336 532//336
f 532//336 890//336 887//336
f 890//336 889//336 887//336
f 956//336 532//336 957//336
f 532//336 956//336 890//336
f 858//652 852//652 849//652
f 852//653 858//653 367//653
f 958//77 960//77 959//77
f 367//654 854//654 852//654
f 854//655 863//655 853//655
f 854//652 367//652 863//652
f 863//597 860//597 853//597
f 860//656 863//656 887//656
f 887//348 368//348 555//348
f 368//348 887//348 863//348
f 961//657 887//657 962//657
f 961//658 532//658 887//658
f 559//354 962//354 887//354
f 962//659 559//659 563//659
f 559//353 887//353 555//353
f 963//660 891//660 955//660
f 891//661 963//661 952//661
f 955//661 957//661 963//661
f 957//662 955//662 956//662
f 964//663 429//663 437//663
f 429//663 964//663 925//663
f 954//664 525//664 526//664
f 214//96 206//96 430//96
f 964//665 965//665 925//665
f 532//658 961//658 966//658
f 966//666 531//666 532//666
f 437//96 206//96 964//96
f 430//96 206//96 437//96
f 262//282 925//282 965//282
f 964//96 206//96 965//96
f 778//90 800//90 967//90
f 531//667 966//667 563//667
f 962//668 966//668 961//668
f 966//668 962//668 563//668
f 275//96 252//96 248//96
f 965//96 252//96 262//96
f 252//96 965//96 206//96
f 800//669 798//669 967//669
f 968//463 799//463 245//463
f 248//339 154//339 174//339
f 533//670 963//670 957//670
f 194//671 209//671 210//671
f 969//334 526//334 970//334
f 526//648 524//648 970//648
f 154//339 248//339 284//339
f 245//131 486//131 305//131
f 105//60 486//60 799//60
f 971//337 954//337 972//337
f 245//672 799//672 486//672
f 474//673 143//673 216//673
f 139//114 216//114 143//114
f 217//674 474//674 216//674
f 474//675 217//675 476//675
f 973//636 975//636 974//636
f 759//591 973//591 942//591
f 942//676 973//676 974//676
f 475//677 469//677 186//677
f 175//284 977//284 976//284
f 278//136 175//136 976//136
f 978//335 524//335 938//335
f 524//335 978//335 970//335
f 979//678 970//678 978//678
f 970//335 979//335 980//335
f 981//679 535//679 982//679
f 970//246 983//246 969//246
f 983//2 970//2 984//2
f 970//246 980//246 984//246
f 980//680 979//680 985//680
f 979//680 986//680 985//680
f 987//681 985//681 986//681
f 49//682 200//682 47//682
f 202//19 47//19 200//19
f 985//99 984//99 980//99
f 984//205 985//205 987//205
f 189//683 467//683 188//683
f 467//684 189//684 466//684
f 988//526 990//526 989//526
f 991//246 990//246 988//246
f 191//685 18//685 193//685
f 992//428 467//428 982//428
f 59//139 57//139 282//139
f 57//139 58//139 191//139
f 187//281 188//281 993//281
f 994//336 989//336 990//336
f 533//336 989//336 994//336
f 989//336 533//336 531//336
f 474//299 995//299 473//299
f 990//2 996//2 994//2
f 996//2 990//2 991//2
f 997//2 998//2 995//2
f 998//2 473//2 995//2
f 999//301 476//301 1000//301
f 1000//301 476//301 475//301
f 563//353 1002//353 1001//353
f 9//453 197//453 8//453
f 203//111 209//111 1003//111
f 1004//661 952//661 963//661
f 14//290 12//290 44//290
f 1005//59 1006//59 1004//59
f 972//686 969//686 1007//686
f 954//686 969//686 972//686
f 969//687 954//687 526//687
f 181//5 12//5 286//5
f 286//5 12//5 15//5
f 881//101 213//101 705//101
f 1008//181 245//181 203//181
f 245//181 1008//181 968//181
f 972//688 1007//688 1309//688
f 695//102 429//102 697//102
f 429//281 695//281 213//281
f 213//281 695//281 705//281
f 203//689 1009//689 1008//689
f 1009//690 203//690 483//690
f 968//2 1011//2 1010//2
f 697//298 429//298 901//298
f 686//299 237//299 236//299
f 186//556 1000//556 475//556
f 187//556 1000//556 186//556
f 1000//557 187//557 993//557
f 1000//557 993//557 1012//557
f 237//105 448//105 238//105
f 476//301 999//301 1013//301
f 1013//301 999//301 1014//301
f 978//691 986//691 979//691
f 987//692 978//692 1015//692
f 1016//2 1017//2 1014//2
f 1017//2 1013//2 1014//2
f 221//544 687//544 688//544
f 978//691 987//691 986//691
f 1014//693 999//693 1018//693
f 922//111 230//111 447//111
f 1019//692 987//692 1015//692
f 1016//694 1014//694 1018//694
f 1012//76 999//76 1000//76
f 244//695 448//695 447//695
f 467//445 993//445 188//445
f 1020//563 993//563 467//563
f 1012//563 993//563 1020//563
f 243//124 231//124 724//124
f 1012//696 1020//696 1021//696
f 1015//697 978//697 975//697
f 974//697 978//697 938//697
f 975//697 978//697 974//697
f 229//589 230//589 724//589
f 974//697 938//697 942//697
f 998//698 997//698 1022//698
f 725//181 243//181 724//181
f 643//60 243//60 1023//60
f 998//699 1024//699 473//699
f 1006//700 952//700 1004//700
f 1025//263 249//263 247//263
f 1026//115 1003//115 194//115
f 1003//115 209//115 194//115
f 1027//701 952//701 1006//701
f 1026//115 1028//115 1003//115
f 533//702 1004//702 963//702
f 994//702 1004//702 533//702
f 1027//703 994//703 996//703
f 994//702 1027//702 1004//702
f 1004//704 1027//704 1005//704
f 473//105 1024//105 194//105
f 601//262 249//262 1029//262
f 249//262 601//262 276//262
f 474//599 1013//599 995//599
f 1013//599 474//599 476//599
f 1022//705 997//705 995//705
f 995//599 1013//599 1022//599
f 971//274 982//274 535//274
f 996//520 991//520 1030//520
f 1030//519 1027//519 996//519
f 483//706 479//706 1009//706
f 788//96 796//96 794//96
f 1001//707 989//707 563//707
f 563//707 989//707 531//707
f 989//707 1001//707 988//707
f 1003//111 1031//111 203//111
f 1028//59 1031//59 1003//59
f 1032//708 764//708 1033//708
f 1001//709 1030//709 988//709
f 988//707 1030//707 991//707
f 479//710 1031//710 1034//710
f 1028//2 1035//2 1031//2
f 1036//423 1001//423 1002//423
f 1037//711 1008//711 1009//711
f 582//423 1036//423 1038//423
f 1008//59 1011//59 968//59
f 1011//246 1008//246 1037//246
f 1031//712 479//712 483//712 203//712
f 1031//2 1035//2 1034//2
f 1039//713 1041//713 1040//713
f 1009//85 1034//85 1037//85
f 1034//714 1009//714 479//714
f 1042//336 1044//336 1043//336
f 1045//336 1044//336 1042//336
f 1044//336 1045//336 721//336
f 967//124 1035//124 1026//124
f 1046//661 1048//661 1047//661
f 1010//715 967//715 968//715
f 798//463 968//463 967//463
f 799//463 968//463 798//463
f 1049//687 746//687 1050//687
f 1051//627 947//627 895//627
f 693//716 713//716 1052//716
f 714//717 713//717 689//717
f 1053//627 1051//627 1054//627
f 1055//195 1041//195 1056//195
f 690//718 1057//718 718//718
f 1058//719 1032//719 1059//719
f 582//356 1060//356 568//356
f 578//357 570//357 549//357
f 1032//627 1053//627 1054//627
f 1051//627 1053//627 947//627
f 713//720 1062//720 1061//720
f 821//721 566//721 562//721
f 1062//722 1057//722 1063//722
f 1064//419 677//419 678//419
f 677//723 1064//723 1065//723
f 679//503 820//503 819//503
f 820//591 677//591 1066//591
f 821//239 1067//239 1056//239
f 206//53 107//53 252//53
f 707//697 760//697 765//697
f 760//697 707//697 708//697
f 362//724 1068//724 495//724
f 1068//524 1056//524 1069//524
f 1070//725 832//725 830//725
f 1067//239 821//239 822//239
f 830//2 1046//2 1047//2
f 1056//242 1067//242 1069//242
f 759//512 1046//512 836//512
f 1071//724 1056//724 1068//724
f 831//726 836//726 830//726
f 830//727 836//727 1046//727
f 1072//728 960//728 958//728
f 582//426 1038//426 1060//426
f 1047//729 1045//729 1042//729
f 1072//2 958//2 959//2
f 1073//730 107//730 1072//730
f 107//730 960//730 1072//730
f 1072//731 108//731 1073//731
f 108//732 1072//732 959//732
f 1074//733 1075//733 893//733
f 1073//734 106//734 107//734
f 1073//2 108//2 106//2
f 583//361 578//361 1076//361
f 1077//735 1078//735 1076//735
f 206//53 960//53 107//53
f 582//736 1076//736 1078//736
f 850//519 1079//519 849//519
f 1079//520 850//520 1080//520
f 1081//519 1083//519 1082//519
f 1084//520 1080//520 1083//520
f 1080//520 1084//520 1079//520
f 584//390 582//390 592//390
f 582//388 583//388 1076//388
f 722//707 1044//707 721//707
f 1044//709 1086//709 1085//709
f 578//361 583//361 1087//361
f 370//525 858//525 1088//525
f 370//525 1088//525 597//525
f 1086//737 1088//737 1089//737
f 1088//525 1086//525 597//525
f 578//397 581//397 1090//397
f 570//738 578//738 1087//738
f 581//363 578//363 552//363
f 893//739 1075//739 1051//739
f 821//399 581//399 566//399
f 581//399 565//399 566//399
f 1051//554 895//554 893//554
f 1090//226 581//226 821//226
f 763//334 1050//334 1091//334
f 1092//229 1090//229 821//229
f 1007//687 969//687 983//687
f 763//337 1091//337 746//337
f 1007//625 1019//625 1093//625
f 1094//53 108//53 959//53
f 108//53 1094//53 285//53
f 1091//740 1050//740 746//740
f 1049//334 1050//334 764//334
f 983//627 1019//627 1007//627
f 1019//627 983//627 984//627
f 987//692 1019//692 984//692
f 1015//741 975//741 973//741
f 764//116 1054//116 1049//116
f 1054//2 764//2 1032//2
f 1096//742 1049//742 1097//742
f 745//687 1049//687 1096//687
f 746//687 1049//687 745//687
f 1097//686 1049//686 1098//686
f 745//743 1096//743 1095//743
f 1049//687 1054//687 1098//687
f 1054//744 1051//744 1098//744
f 285//53 1099//53 422//53
f 1096//96 1097//96 1075//96
f 1097//745 1051//745 1075//745
f 696//78 703//78 733//78
f 905//197 904//197 737//197
f 737//2 904//2 1100//2
f 1101//566 738//566 433//566
f 738//447 1101//447 190//447
f 1101//447 1102//447 190//447
f 1102//447 133//447 190//447
f 133//447 1102//447 1103//447
f 132//78 133//78 1103//78
f 134//78 132//78 1104//78
f 746//337 747//337 1105//337
f 745//746 1095//746 1317//746 747//746
f 1105//274 747//274 704//274
f 1095//747 1075//747 428//747
f 1075//748 1095//748 1096//748
f 1095//749 428//749 427//749 1317//749
f 1106//750 132//750 1107//750
f 1104//78 132//78 1108//78
f 1108//428 132//428 1106//428
f 435//751 1110//751 1109//751
f 893//733 1111//733 1074//733
f 1075//733 1074//733 428//733
f 1111//733 893//733 894//733
f 845//517 436//517 434//517
f 846//517 845//517 894//517
f 845//752 1111//752 894//752
f 845//753 434//753 1109//753
f 434//754 435//754 1109//754
f 468//755 435//755 536//755
f 1112//754 435//754 468//754
f 1113//756 435//756 1112//756
f 1110//754 435//754 1113//754
f 440//2 438//2 536//2
f 1113//663 1106//663 1110//663
f 1106//663 1107//663 1110//663
f 1112//757 1106//757 1113//757
f 536//176 438//176 468//176
f 438//2 439//2 1114//2
f 438//758 537//758 981//758
f 537//758 438//758 1114//758
f 468//78 1104//78 1108//78
f 468//428 1108//428 1106//428
f 468//78 1106//78 1112//78
f 982//78 468//78 981//78
f 468//759 438//759 981//759
f 537//760 439//760 440//760
f 428//665 1101//665 433//665
f 1101//665 1074//665 1102//665
f 1101//665 428//665 1074//665
f 1074//761 1111//761 1103//761
f 1074//665 1103//665 1102//665
f 845//761 1103//761 1111//761
f 1103//665 845//665 132//665
f 132//665 845//665 1107//665
f 1109//762 1110//762 1107//762
f 1107//665 845//665 1109//665
f 925//338 1116//338 1115//338
f 1105//763 704//763 1117//763
f 904//758 703//758 1100//758
f 733//78 703//78 904//78
f 432//764 433//764 736//764
f 738//765 736//765 433//765
f 704//274 747//274 703//274
f 426//274 1100//274 703//274
f 1100//766 736//766 737//766
f 429//78 1117//78 704//78
f 1117//679 1116//679 1105//679
f 1116//767 1117//767 1115//767
f 702//11 1057//11 690//11
f 674//768 906//768 673//768
f 1062//769 718//769 1057//769
f 718//769 1062//769 717//769
f 676//770 673//770 906//770
f 960//77 154//77 959//77
f 960//77 174//77 154//77
f 713//717 717//717 1062//717
f 1041//771 713//771 1061//771
f 959//77 154//77 1094//77
f 657//458 685//458 910//458
f 740//772 773//772 744//772
f 802//8 778//8 777//8
f 174//77 960//77 206//77
f 612//347 491//347 610//347
f 1118//509 472//509 1119//509
f 739//140 773//140 785//140
f 1120//773 785//773 773//773
f 707//678 921//678 1121//678
f 708//591 259//591 759//591
f 1122//618 921//618 258//618
f 757//774 758//774 781//774
f 785//15 758//15 751//15
f 758//15 785//15 781//15
f 1057//11 702//11 768//11
f 925//775 1105//775 1116//775
f 768//13 781//13 1057//13
f 923//336 1045//336 1123//336
f 781//171 756//171 757//171
f 926//659 722//659 1124//659
f 1117//776 925//776 1115//776
f 429//78 925//78 1117//78
f 1125//138 729//138 1126//138
f 729//9 778//9 1126//9
f 746//337 925//337 763//337
f 1127//777 1128//777 1120//777
f 15//778 26//778 287//778
f 772//779 1127//779 773//779
f 1129//422 26//422 27//422
f 773//780 1127//780 1120//780
f 16//11 26//11 15//11
f 1130//769 1132//769 1131//769
f 772//781 1125//781 1127//781
f 1127//782 1125//782 1128//782
f 350//430 1133//430 1129//430
f 350//430 351//430 1133//430
f 999//76 1012//76 1018//76
f 1134//783 1136//783 1135//783
f 350//784 1138//784 1137//784
f 1138//784 350//784 1129//784
f 1312//785 1012//785 1021//785
f 286//272 287//272 176//272
f 26//284 176//284 287//284
f 175//284 26//284 977//284
f 1139//2 1134//2 1135//2
f 27//11 288//11 1140//11
f 1141//786 27//786 1140//786
f 27//11 1141//11 1134//11
f 1132//787 1134//787 1141//787
f 1136//788 1134//788 1132//788
f 1017//599 1022//599 1013//599
f 1132//96 288//96 29//96
f 288//789 1132//789 1140//789
f 1011//790 967//790 1010//790
f 1132//96 1141//96 1140//96
f 967//85 1037//85 1034//85
f 1037//124 967//124 1011//124
f 1035//791 967//791 1034//791
f 1035//127 1028//127 1026//127
f 1138//792 1142//792 1137//792
f 800//409 778//409 801//409
f 977//284 26//284 1129//284
f 1139//422 1129//422 27//422
f 802//793 801//793 778//793
f 1134//2 1139//2 27//2
f 1143//208 348//208 547//208
f 348//208 1143//208 342//208
f 1143//794 361//794 342//794
f 547//795 361//795 1143//795
f 1144//136 1145//136 1130//136
f 1130//136 1142//136 1136//136
f 26//284 175//284 176//284
f 495//796 332//796 364//796
f 976//136 1146//136 278//136
f 691//425 692//425 548//425
f 1052//2 692//2 693//2
f 1147//314 363//314 361//314
f 363//797 1147//797 1039//797
f 1071//216 362//216 363//216
f 340//798 362//798 322//798
f 1040//415 363//415 1039//415
f 1055//2 1071//2 363//2
f 977//799 1146//799 976//799
f 362//217 364//217 322//217
f 1146//800 1148//800 278//800
f 352//425 1148//425 1133//425
f 1149//801 1148//801 352//801
f 1068//724 362//724 1071//724
f 1056//524 1071//524 1055//524
f 1148//716 1129//716 1133//716
f 1129//430 1148//430 977//430
f 1148//430 1146//430 977//430
f 548//211 1147//211 361//211
f 692//211 1147//211 548//211
f 1147//211 692//211 713//211
f 1052//211 713//211 692//211
f 363//2 1040//2 1055//2
f 1136//802 1150//802 1135//802
f 1039//713 1147//713 713//713
f 1041//713 1039//713 713//713
f 1138//803 1139//803 1151//803
f 1139//803 1138//803 1129//803
f 1135//804 1150//804 1139//804
f 1150//803 1151//803 1139//803
f 1040//195 1041//195 1055//195
f 1151//805 1142//805 1138//805
f 509//806 510//806 587//806
f 1136//96 1151//96 1150//96
f 1151//807 1136//807 1142//807
f 510//310 502//310 503//310
f 503//808 587//808 510//808
f 4//809 200//809 49//809
f 200//1 4//1 5//1
f 197//147 39//147 8//147
f 332//810 495//810 416//810
f 577//811 580//811 576//811
f 1097//812 1098//812 1051//812
f 503//310 501//310 572//310
f 577//343 573//343 512//343
f 514//347 512//347 573//347
f 948//587 947//587 1053//587
f 512//813 580//813 577//813
f 580//813 512//813 513//813
f 572//96 580//96 513//96
f 490//316 488//316 567//316
f 488//814 489//814 507//814
f 509//327 507//327 489//327
f 1152//335 764//335 765//335
f 764//815 1152//815 1033//815
f 507//816 567//816 488//816
f 567//817 507//817 508//817
f 567//316 1153//316 490//316
f 1153//818 567//818 568//818
f 1152//640 1154//640 1033//640
f 1154//618 1152//618 1155//618
f 1002//819 1153//819 1036//819
f 1002//819 490//819 1153//819
f 490//820 1002//820 564//820
f 1060//2 1038//2 568//2
f 1153//2 1038//2 1036//2
f 1038//2 1153//2 568//2
f 1154//415 1032//415 1033//415
f 494//821 495//821 1068//821
f 1067//2 492//2 1069//2
f 494//2 1069//2 492//2
f 1069//176 494//176 1068//176
f 948//96 1059//96 1156//96
f 818//268 497//268 493//268
f 493//59 822//59 818//59
f 822//2 493//2 1067//2
f 492//2 1067//2 493//2
f 677//591 759//591 1066//591
f 1002//354 563//354 564//354
f 759//591 819//591 1066//591
f 1066//591 819//591 820//591
f 1157//811 571//811 570//811
f 584//310 592//310 1157//310
f 571//822 503//822 572//822
f 503//823 571//823 592//823
f 592//823 571//823 1157//823
f 678//134 948//134 1064//134
f 679//134 948//134 678//134
f 1157//2 583//2 584//2
f 583//2 1157//2 1087//2
f 1087//2 1157//2 570//2
f 1158//824 258//824 709//824
f 1122//825 258//825 1158//825
f 921//618 1122//618 1121//618
f 953//591 1015//591 973//591
f 1122//826 707//826 1121//826
f 709//621 707//621 1122//621
f 709//827 1122//827 1158//827
f 677//636 1065//636 760//636
f 157//123 936//123 235//123
f 936//86 157//86 779//86
f 724//828 1160//828 931//828
f 1155//619 1161//619 1154//619
f 1032//2 1154//2 1161//2
f 1053//829 1032//829 1058//829
f 1152//692 765//692 1155//692
f 1161//830 765//830 1162//830
f 1160//831 932//831 931//831
f 621//96 1159//96 1237//96
f 229//127 724//127 231//127
f 1156//832 1161//832 1162//832
f 765//833 1161//833 1155//833
f 934//126 920//126 1163//126
f 1059//692 1161//692 1156//692
f 1161//833 1059//833 1032//833
f 934//834 1163//834 234//834
f 920//127 934//127 754//127
f 234//835 239//835 218//835
f 240//126 1163//126 920//126
f 240//836 234//836 1163//836
f 1164//837 1065//837 1064//837
f 1065//697 765//697 760//697
f 765//697 1065//697 1162//697
f 766//133 667//133 668//133
f 151//133 667//133 766//133
f 667//838 151//838 168//838
f 1065//697 1164//697 1162//697
f 1156//96 1162//96 948//96
f 1064//96 1162//96 1164//96
f 1162//839 1064//839 948//839
f 243//131 725//131 1023//131
f 1058//96 948//96 1053//96
f 1059//96 948//96 1058//96
f 1094//77 154//77 1099//77
f 243//60 643//60 57//60
f 644//840 643//840 1165//840
f 665//2 644//2 1165//2
f 973//591 759//591 953//591
f 666//90 665//90 668//90
f 923//512 759//512 259//512
f 833//512 759//512 836//512
f 834//512 759//512 833//512
f 1166//669 669//669 1165//669
f 776//715 1165//715 643//715
f 1165//841 669//841 665//841
f 1070//842 1080//842 832//842
f 1080//645 850//645 832//645
f 725//843 643//843 1023//843
f 1080//594 1070//594 1083//594
f 150//246 1167//246 776//246
f 1045//336 923//336 926//336
f 150//844 766//844 1167//844
f 766//845 1168//845 1167//845
f 923//846 1123//846 1048//846
f 1165//715 776//715 1166//715
f 1166//847 776//847 1169//847
f 1093//505 1019//505 1015//505
f 1123//848 1045//848 1048//848
f 1093//506 1015//506 1170//506
f 1006//849 1005//849 1027//849
f 952//512 1027//512 953//512
f 1171//523 1027//523 1030//523
f 1036//525 1030//525 1001//525
f 1036//525 582//525 1030//525
f 1171//658 1030//658 1172//658
f 1173//657 1172//657 1030//657
f 1030//220 582//220 1173//220
f 1174//850 1099//850 1175//850
f 1174//2 1175//2 1176//2
f 467//428 468//428 982//428
f 1174//851 422//851 1099//851
f 422//851 1174//851 1177//851
f 1177//245 1174//245 1176//245
f 1178//852 992//852 1179//852 1312//852
f 467//853 992//853 1020//853
f 1020//78 992//78 1178//78
f 1178//854 1021//854 1020//854
f 1021//414 1178//414 1312//414
f 83//77 87//77 149//77
f 982//274 971//274 992//274
f 1180//855 1182//855 1181//855
f 1012//856 1312//856 1183//856
f 468//78 134//78 1104//78
f 536//337 534//337 440//337
f 535//337 536//337 954//337
f 439//857 537//857 1114//857
f 534//679 981//679 537//679
f 981//858 534//858 535//858
f 1099//53 285//53 1094//53
f 1177//859 477//859 422//859
f 1177//2 421//2 477//2
f 421//546 1177//546 1176//546
f 1175//77 1099//77 1176//77
f 954//337 971//337 535//337
f 972//746 1309//746 1310//746 971//746
f 1185//860 971//860 1310//860
f 1310//2 1184//2 1185//2
f 1185//274 992//274 971//274
f 992//861 1185//861 1179//861
f 1183//275 1179//275 1185//275
f 1183//274 1185//274 1184//274
f 154//77 1176//77 1099//77
f 1183//733 1309//733 1007//733
f 1176//77 154//77 1181//77
f 154//77 87//77 1181//77
f 421//53 1181//53 480//53
f 1181//53 421//53 1176//53
f 87//77 131//77 1186//77
f 1180//77 1181//77 87//77
f 481//862 480//862 1182//862
f 1181//863 1182//863 480//863
f 87//77 1186//77 1180//77
f 1012//78 1183//78 1187//78
f 1179//864 1183//864 1312//864
f 1309//865 1183//865 1184//865 1310//865
f 1183//517 1007//517 1188//517
f 1057//866 1189//866 1063//866
f 1061//867 1062//867 1063//867
f 772//21 729//21 1125//21
f 785//868 1120//868 1190//868
f 1191//869 1125//869 1126//869
f 1128//870 1190//870 1120//870
f 785//3 1190//3 781//3
f 1190//164 1189//164 781//164
f 781//871 1189//871 1057//871
f 1191//96 1063//96 1125//96
f 1125//96 1189//96 1190//96
f 1189//96 1125//96 1063//96
f 1190//96 1128//96 1125//96
f 1168//847 776//847 1167//847
f 776//847 1168//847 1169//847
f 1082//2 1042//2 1043//2
f 668//146 669//146 1166//146
f 426//872 747//872 1317//872
f 427//641 426//641 1317//641
f 1166//873 1169//873 668//873
f 1169//96 766//96 668//96
f 1047//2 1192//2 830//2
f 432//764 736//764 431//764
f 1169//874 1168//874 766//874
f 1192//849 1070//849 830//849
f 1070//875 1192//875 1193//875
f 736//861 424//861 431//861
f 424//274 736//274 426//274
f 1100//274 426//274 736//274
f 703//876 747//876 426//876
f 1045//702 1047//702 1048//702
f 1047//877 1042//877 1194//877
f 1042//702 1195//702 1194//702
f 23//66 666//66 320//66
f 666//66 23//66 21//66
f 1196//878 1042//878 1082//878
f 1042//702 1196//702 1195//702
f 282//404 57//404 644//404
f 1192//704 1047//704 1193//704
f 1047//702 1194//702 1193//702
f 664//2 22//2 20//2
f 1196//879 1082//879 1083//879
f 666//880 1197//880 664//880
f 1194//96 1195//96 1083//96
f 299//881 664//881 1197//881
f 664//793 299//793 22//793
f 1195//96 1196//96 1083//96
f 299//96 666//96 21//96
f 666//96 299//96 1197//96
f 1070//882 1194//882 1083//882
f 1194//883 1070//883 1193//883
f 1025//292 462//292 1198//292
f 593//295 694//295 1199//295
f 1148//801 1149//801 278//801
f 351//196 352//196 1133//196
f 470//818 1200//818 598//818
f 1201//794 1202//794 462//794
f 462//884 1202//884 1203//884
f 1204//2 1202//2 1205//2
f 1206//2 369//2 598//2
f 369//2 1206//2 1207//2
f 1208//524 600//524 1203//524
f 1203//724 601//724 1198//724
f 1206//356 1210//356 1209//356
f 1210//355 1206//355 1200//355
f 1206//885 1211//885 1307//885
f 1212//886 1206//886 1307//886
f 1206//887 1212//887 1207//887
f 694//221 1207//221 1212//221
f 1207//426 694//426 369//426
f 1307//96 694//96 1212//96
f 652//402 574//402 640//402
f 574//402 652//402 648//402
f 620//297 641//297 619//297
f 641//297 620//297 640//297
f 1214//343 471//343 1215//343
f 608//811 607//811 1216//811
f 1217//2 608//2 1216//2
f 613//343 1218//343 611//343
f 614//2 1218//2 613//2
f 1216//357 1220//357 1219//357
f 1220//357 1216//357 1218//357
f 1218//357 1216//357 611//357
f 611//357 1216//357 607//357
f 1221//888 1216//888 1219//888
f 1216//357 1221//357 1217//357
f 1220//889 1218//889 618//889
f 618//889 1218//889 614//889
f 622//363 619//363 614//363
f 641//890 1217//890 1221//890
f 642//361 1217//361 641//361
f 1219//96 1220//96 619//96
f 641//891 1219//891 619//891
f 1219//96 641//96 1221//96
f 619//892 1220//892 618//892
f 642//313 591//313 623//313
f 594//390 629//390 628//390
f 1209//893 1223//893 1222//893
f 470//367 1223//367 1210//367
f 593//894 1199//894 606//894
f 1223//895 1199//895 1222//895
f 694//374 593//374 372//374
f 371//295 593//295 594//295
f 1224//896 470//896 1225//896
f 470//367 1210//367 1225//367
f 1206//897 1213//897 1211//897
f 1226//356 1206//356 1209//356
f 1227//2 1209//2 1222//2
f 1206//356 1226//356 1213//356
f 1209//887 1227//887 1226//887
f 1227//898 1199//898 1226//898
f 1199//899 1227//899 1222//899
f 1226//96 1199//96 1213//96
f 694//96 1211//96 1213//96 1199//96
f 623//900 628//900 629//900
f 628//901 623//901 489//901
f 470//902 487//902 1228//902
f 1228//903 487//903 605//903
f 1229//310 606//310 608//310
f 1217//246 1230//246 608//246
f 1230//415 1229//415 608//415
f 1229//388 629//388 606//388
f 1231//904 1229//904 1313//904
f 629//388 1229//388 1231//388
f 1313//905 1229//905 1232//905
f 1229//906 1230//906 1232//906
f 1210//367 1223//367 1209//367
f 1223//313 470//313 1228//313
f 1199//907 1223//907 606//907
f 1228//907 606//907 1223//907
f 606//894 1228//894 605//894
f 642//361 1230//361 1217//361
f 1230//890 642//890 1232//890
f 623//908 1231//908 1313//908 642//908
f 1231//883 623//883 629//883
f 1313//909 1232//909 642//909
f 655//910 700//910 378//910
f 700//911 655//911 621//911 1237//911
f 610//385 491//385 1233//385
f 1234//332 491//332 472//332
f 1234//332 472//332 1235//332
f 611//347 609//347 613//347
f 615//2 613//2 609//2
f 1235//332 1236//332 1234//332
f 699//2 1236//2 1235//2
f 621//912 622//912 1159//912
f 610//381 1236//381 609//381
f 1236//381 610//381 1234//381
f 609//381 1236//381 622//381
f 699//381 622//381 1236//381
f 622//913 1237//913 1159//913
f 609//914 622//914 615//914
f 622//915 699//915 1314//915
f 622//916 1314//916 1237//916
f 1233//917 1234//917 610//917
f 699//918 700//918 1314//918
f 1237//919 1314//919 700//919
f 672//252 410//252 376//252
f 672//920 376//920 701//920 482//920
f 1238//508 1119//508 472//508
f 604//921 1239//921 1238//921
f 616//2 1239//2 604//2
f 1235//229 1118//229 1240//229
f 1235//2 698//2 699//2
f 698//2 1235//2 1240//2
f 1241//922 1239//922 482//922
f 1240//923 1239//923 1241//923
f 1238//502 1240//502 1118//502
f 1240//721 1238//721 1239//721
f 482//924 1239//924 1306//924
f 1239//925 616//925 1306//925
f 1242//502 1240//502 1241//502
f 1240//923 1242//923 698//923
f 1119//926 1238//926 1118//926
f 616//927 672//927 1306//927
f 701//928 698//928 1242//928
f 700//223 698//223 701//223
f 482//929 1306//929 672//929
f 701//930 1242//930 1241//930
f 1243//211 352//211 350//211
f 602//431 603//431 423//431
f 603//931 419//931 423//931
f 419//932 603//932 1244//932
f 1203//724 600//724 601//724
f 603//724 600//724 1245//724
f 600//933 1246//933 1245//933
f 335//934 1247//934 350//934
f 1247//935 1243//935 350//935
f 603//724 1245//724 1244//724
f 1204//195 1248//195 418//195
f 344//195 418//195 1248//195
f 419//936 1245//936 1246//936
f 419//96 1244//96 1245//96
f 420//263 418//263 325//263
f 1079//655 858//655 849//655
f 249//263 1025//263 1029//263
f 1088//652 1079//652 1084//652
f 858//652 1079//652 1088//652
f 1198//217 462//217 1203//217
f 462//292 1025//292 247//292
f 1029//937 1025//937 601//937
f 1124//657 1249//657 926//657
f 1025//938 1198//938 601//938
f 720//658 926//658 1249//658
f 1202//884 1208//884 1203//884
f 926//336 720//336 721//336
f 1202//205 1204//205 1208//205
f 600//939 1318//939 1246//939
f 1250//524 600//524 1208//524
f 1124//940 720//940 1249//940
f 722//941 720//941 1124//941
f 1250//942 1208//942 1315//942
f 600//943 1250//943 1318//943
f 1043//658 1044//658 1085//658
f 1251//944 1208//944 1204//944
f 1252//945 1315//945 1208//945
f 1208//946 1251//946 1252//946
f 1081//2 1043//2 1085//2
f 1248//947 1204//947 1205//947
f 1204//948 418//948 1251//948
f 1043//2 1081//2 1082//2
f 419//949 1246//949 1318//949
f 1250//950 1315//950 418//950 419//950 1318//950
f 1083//520 1081//520 1084//520
f 1084//951 1081//951 1253//951
f 1254//709 1085//709 1089//709
f 1086//709 1044//709 722//709
f 1252//952 1251//952 418//952
f 1255//709 1085//709 1254//709
f 1253//953 1085//953 1255//953
f 1085//707 1253//707 1081//707
f 1247//954 335//954 333//954
f 1088//96 1254//96 1089//96
f 1084//96 1254//96 1088//96
f 1254//96 1084//96 1255//96
f 1202//797 1201//797 1243//797
f 1149//211 1243//211 1201//211
f 1084//955 1253//955 1255//955
f 1202//797 1243//797 1256//797
f 418//947 344//947 325//947
f 325//947 344//947 324//947
f 1257//354 1086//354 722//354
f 1085//709 1086//709 1089//709
f 1248//207 333//207 344//207
f 597//525 1086//525 1257//525
f 463//425 278//425 1149//425
f 463//208 1258//208 462//208
f 1258//797 1201//797 462//797
f 350//956 1137//956 1259//956
f 1201//957 463//957 1149//957
f 463//958 1201//958 1258//958
f 346//720 1145//720 1260//720
f 1261//720 1145//720 343//720
f 356//720 1145//720 1261//720
f 1243//211 1149//211 352//211
f 1144//769 1131//769 545//769
f 1262//2 1263//2 545//2
f 1256//2 1205//2 1202//2
f 1131//272 1264//272 545//272
f 544//959 545//959 1264//959
f 1247//960 1256//960 1243//960
f 1256//713 1247//713 1265//713
f 32//272 1132//272 29//272
f 1205//713 1256//713 1266//713
f 1256//960 1265//960 1266//960
f 32//272 1131//272 1132//272
f 1264//272 1131//272 32//272
f 1267//961 1205//961 1266//961
f 1248//962 1205//962 1267//962
f 1262//963 442//963 1263//963
f 442//284 1262//284 441//284
f 333//96 1265//96 1247//96
f 1261//964 333//964 356//964
f 1248//96 1265//96 333//96
f 1265//96 1248//96 1266//96
f 343//211 333//211 1261//211
f 1248//96 1267//96 1266//96
f 1145//720 346//720 343//720
f 345//720 1260//720 347//720
f 1260//965 345//965 346//965
f 349//966 1269//966 1268//966
f 445//2 349//2 1260//2
f 349//2 347//2 1260//2
f 1224//316 1200//316 470//316
f 337//207 343//207 346//207
f 336//207 343//207 337//207
f 1145//135 1137//135 1142//135
f 1137//967 1145//967 1259//967
f 470//819 598//819 1257//819
f 349//968 445//968 1269//968
f 1131//969 1144//969 1130//969
f 1132//769 1130//769 1136//769
f 604//970 472//970 602//970
f 1144//273 1263//273 1270//273
f 1263//2 1144//2 545//2
f 1270//284 1263//284 442//284
f 1130//136 1145//136 1142//136
f 442//136 1260//136 1144//136
f 472//258 599//258 602//258
f 599//306 472//306 276//306
f 442//971 1144//971 1270//971
f 1145//136 1144//136 1260//136
f 1260//424 442//424 445//424
f 348//801 1269//801 445//801
f 599//261 276//261 601//261
f 1269//972 348//972 1268//972
f 691//425 348//425 445//425
f 472//921 604//921 1238//921
f 1268//973 348//973 349//973
f 470//354 1257//354 722//354
f 357//974 334//974 350//974
f 1259//975 1271//975 350//975
f 1145//975 356//975 1259//975
f 1271//975 1259//975 356//975
f 350//976 1271//976 357//976
f 471//310 487//310 263//310
f 487//310 471//310 605//310
f 617//977 471//977 1272//977
f 334//978 356//978 333//978
f 356//979 357//979 1271//979
f 471//385 612//385 1215//385
f 491//385 612//385 471//385
f 19//8 23//8 111//8
f 491//980 1234//980 1233//980
f 24//981 112//981 1273//981
f 112//9 24//9 111//9
f 24//9 19//9 111//9
f 295//982 1275//982 1274//982
f 1276//868 1278//868 1277//868
f 1235//229 472//229 1118//229
f 113//94 1273//94 112//94
f 114//983 1273//983 113//983
f 170//94 55//94 1273//94
f 1050//334 763//334 764//334
f 109//409 110//409 167//409
f 114//93 109//93 167//93
f 925//337 746//337 1105//337
f 1273//94 114//94 170//94
f 55//94 170//94 173//94
f 1279//984 1276//984 1280//984
f 1280//984 1276//984 1277//984
f 1278//868 1276//868 1281//868
f 759//510 923//510 1046//510
f 259//591 708//591 258//591
f 708//985 709//985 258//985
f 765//617 763//617 707//617
f 921//335 707//335 763//335
f 721//336 1045//336 926//336
f 722//354 926//354 470//354
f 923//661 1048//661 1046//661
f 1272//359 471//359 1214//359
f 605//310 471//310 617//310
f 1215//986 1272//986 1214//986
f 1272//987 1215//987 612//987
f 617//96 1272//96 612//96
f 1225//988 1200//988 1224//988
f 1200//817 1225//817 1210//817
f 1206//818 598//818 1200//818
f 1257//819 598//819 597//819
f 1018//298 1012//298 1187//298
f 194//88 1282//88 1026//88
f 1022//79 1024//79 998//79
f 967//93 1283//93 778//93
f 1283//94 1126//94 778//94
f 1126//989 1283//989 1191//989
f 1063//96 1283//96 1284//96
f 1283//96 1063//96 1191//96
f 1283//91 967//91 1026//91
f 1284//990 1283//990 1026//990
f 1026//991 1282//991 1284//991
f 1282//96 1063//96 1284//96
f 1024//96 1063//96 1282//96
f 1187//992 1285//992 1018//992
f 1018//993 1285//993 1016//993
f 1024//695 1282//695 194//695
f 1285//97 1017//97 1016//97
f 1017//97 1285//97 1022//97
f 1063//96 1022//96 1285//96
f 1022//96 1063//96 1024//96
f 1063//96 1285//96 1187//96
f 1063//96 1187//96 1286//96
f 1090//96 1061//96 1063//96
f 1287//201 1041//201 1061//201
f 1041//994 1287//994 1056//994
f 1076//995 1288//995 1077//995
f 1056//237 1287//237 821//237
f 1279//415 1290//415 1289//415
f 173//996 100//996 1291//996
f 173//996 1291//996 55//996
f 102//2 100//2 104//2
f 1275//997 1292//997 1274//997
f 1292//780 1275//780 1293//780
f 1294//431 1295//431 452//431
f 1294//732 452//732 453//732
f 46//19 295//19 45//19
f 45//19 295//19 48//19
f 51//19 730//19 1293//19
f 1275//19 51//19 1293//19
f 51//19 1275//19 46//19
f 46//19 1275//19 295//19
f 731//2 1295//2 730//2
f 732//998 730//998 735//998
f 1273//23 55//23 24//23
f 104//2 100//2 172//2
f 730//19 51//19 735//19
f 735//19 51//19 772//19
f 53//21 51//21 50//21
f 50//21 51//21 46//21
f 51//21 52//21 729//21
f 729//21 772//21 51//21
f 729//138 56//138 451//138
f 56//24 729//24 52//24
f 1291//139 56//139 55//139
f 449//139 100//139 101//139
f 100//25 56//25 1291//25
f 100//139 451//139 56//139
f 1281//999 290//999 1278//999
f 290//1000 1281//1000 1296//1000
f 1278//107 1274//107 1277//107
f 1274//140 1278//140 295//140
f 295//107 290//107 294//107
f 290//107 295//107 1278//107
f 1292//140 1277//140 1274//140
f 1277//107 1292//107 1280//107
f 1276//868 1279//868 1289//868
f 1290//2 1279//2 1297//2
f 1297//2 1279//2 1298//2
f 1294//780 1292//780 1293//780
f 1295//196 1294//196 730//196
f 730//2 1294//2 1293//2
f 719//1001 1294//1001 453//1001
f 1280//154 1294//154 1279//154
f 1294//154 1280//154 1292//154
f 719//154 1279//154 1294//154
f 1279//1001 456//1001 1298//1001
f 1279//155 719//155 456//155
f 1295//1 454//1 452//1
f 1295//1 734//1 454//1
f 734//1002 1295//1002 731//1002
f 1298//1003 457//1003 1297//1003
f 457//1004 1298//1004 456//1004
f 1297//1005 457//1005 1290//1005
f 105//1006 101//1006 102//1006
f 1296//3 1281//3 119//3
f 118//1007 1276//1007 92//1007
f 1276//1007 1289//1007 92//1007
f 457//1007 92//1007 1289//1007
f 457//453 1289//453 1290//453
f 10//14 300//14 35//14
f 37//1008 1296//1008 119//1008
f 37//1008 38//1008 1296//1008
f 38//1000 290//1000 1296//1000
f 92//1009 461//1009 91//1009
f 118//3 119//3 1281//3
f 300//1010 10//1010 37//1010
f 36//15 37//15 10//15
f 120//1011 116//1011 1299//1011
f 120//13 1264//13 32//13
f 120//13 32//13 33//13
f 1264//13 120//13 1299//13
f 1276//1007 118//1007 1281//1007
f 1300//164 92//164 90//164
f 92//1012 1300//1012 117//1012
f 1300//164 116//164 117//164
f 1300//1013 1299//1013 116//1013
f 544//13 1264//13 1299//13
f 1299//246 96//246 544//246
f 1300//59 96//59 1299//59
f 96//731 1300//731 90//731
f 1262//272 545//272 441//272
f 464//272 544//272 96//272
f 1077//96 1063//96 1078//96
f 1063//96 1077//96 1288//96
f 1288//96 1090//96 1063//96
f 1061//96 1090//96 1092//96
f 1301//1014 582//1014 1078//1014
f 1076//811 578//811 1288//811
f 1090//343 1288//343 578//343
f 1092//921 821//921 1287//921
f 1061//96 1092//96 1287//96
f 1170//1015 1302//1015 1093//1015
f 1303//1016 1093//1016 1302//1016
f 1093//1017 1303//1017 1188//1017
f 1093//516 1188//516 1007//516
f 953//420 1170//420 1015//420
f 582//316 1301//316 1172//316
f 1173//1018 582//1018 1172//1018
f 1301//1019 1078//1019 1172//1019
f 1027//531 1171//531 953//531
f 1170//1020 953//1020 1302//1020
f 1063//96 1188//96 1303//96
f 1063//96 1303//96 1302//96
f 1063//96 1302//96 953//96
f 1063//96 953//96 1171//96
f 1063//96 1171//96 1172//96
f 1063//96 1172//96 1078//96
f 87//2 496//2 149//2
f 496//2 87//2 316//2
f 1180//1021 1186//1021 1182//1021
f 1186//1022 131//1022 1304//1022
f 129//1023 62//1023 128//1023
f 128//1024 62//1024 130//1024
f 130//1025 62//1025 1304//1025
f 130//1026 1304//1026 131//1026
f 64//1027 129//1027 142//1027
f 129//1028 64//1028 62//1028
f 64//1029 142//1029 140//1029
f 141//1030 66//1030 140//1030
f 72//1031 66//1031 141//1031
f 66//1032 64//1032 140//1032
f 1183//1033 1286//1033 1187//1033
f 1063//96 1286//96 1188//96
f 70//1034 72//1034 145//1034
f 85//1035 70//1035 145//1035
f 1304//1036 485//1036 1182//1036
f 1182//1037 485//1037 481//1037
f 1183//754 1188//754 1286//754
f 1182//1038 1186//1038 1304//1038
f 485//1039 1304//1039 484//1039
f 484//1040 1304//1040 60//1040
f 62//1041 60//1041 1304//1041
f 743//96 930//96 929//96
f 743//1042 1308//1042 930//1042
f 1241//1043 482//1043 701//1043
f 1315//96 1252//96 418//96
f 31//1044 303//1044 478//1044
