# Blender 5.0.1
# www.blender.org
mtllib i02_rightHand_pinkyMid_visual.mtl
o i02_rightHand_pinkyMid_visual.001
v -0.094978 0.066388 0.029567
v -0.093624 0.064610 0.031231
v -0.026269 0.110552 0.025508
v -0.021867 0.104466 0.028454
v -0.023531 0.106831 0.027859
v -0.020050 0.101803 0.028470
v -0.024960 0.108800 0.026858
v -0.016493 0.096389 0.026871
v -0.089222 0.058523 0.034176
v -0.090886 0.060889 0.033581
v -0.087405 0.055861 0.034193
v -0.092314 0.062858 0.032580
v -0.083848 0.050447 0.032593
v 0.002727 0.109499 0.025238
v -0.017607 0.113815 0.026233
v -0.004323 0.112530 0.027134
v -0.013223 0.113862 0.026983
v -0.008748 0.113414 0.027340
v -0.027649 0.112365 0.023829
v -0.022112 0.113388 0.025155
v -0.103245 0.037216 0.034241
v -0.099854 0.057715 0.033221
v -0.103309 0.045013 0.035544
v -0.101297 0.053787 0.034466
v -0.102519 0.049453 0.035306
v -0.097968 0.061647 0.031600
v -0.076012 0.091483 0.028377
v -0.079330 0.098553 0.043749
v -0.072340 0.094314 0.027910
v -0.072541 0.084340 0.012333
v -0.079559 0.088520 0.028936
v -0.082952 0.095536 0.044313
v -0.068857 0.087181 0.011864
v -0.076101 0.081367 0.012893
v -0.086440 0.082499 0.030205
v -0.089798 0.089548 0.045576
v -0.083004 0.075324 0.014167
v -0.067118 0.097939 0.027436
v -0.070575 0.104923 0.042821
v -0.063618 0.090809 0.011393
v -0.061019 0.061106 -0.039287
v -0.064987 0.069051 -0.021604
v -0.057354 0.063932 -0.039754
v -0.064560 0.058149 -0.038730
v -0.068543 0.066081 -0.021044
v -0.061305 0.071890 -0.022072
v -0.071361 0.048199 -0.042740
v -0.075246 0.059772 -0.019651
v -0.052136 0.067547 -0.040223
v -0.056070 0.075516 -0.022543
v -0.079171 0.067600 -0.002388
v -0.065204 0.079740 -0.004814
v -0.068892 0.076896 -0.004345
v -0.072455 0.073920 -0.003784
v -0.059961 0.083371 -0.005285
v -0.068856 0.096800 0.027562
v -0.065361 0.089675 0.011515
v -0.079526 0.078269 0.013546
v -0.082973 0.085432 0.029585
v -0.086348 0.092465 0.044960
v -0.057813 0.074382 -0.022421
v -0.053877 0.066414 -0.040101
v -0.067276 0.052311 -0.043522
v -0.071966 0.062985 -0.020392
v -0.075884 0.070819 -0.003131
v -0.061706 0.082236 -0.005163
v -0.072118 0.103884 0.042944
v -0.075645 0.101373 0.043292
v -0.057842 0.103876 0.026833
v -0.061332 0.110824 0.042220
v -0.061834 0.101480 0.027017
v -0.054319 0.096769 0.010784
v -0.053761 0.106116 0.026744
v -0.057272 0.113052 0.042132
v -0.058325 0.094364 0.010969
v -0.050225 0.099017 0.010695
v -0.045376 0.110104 0.026853
v -0.048930 0.117019 0.042240
v -0.041811 0.103018 0.010804
v -0.042879 0.073480 -0.040829
v -0.046777 0.081472 -0.023151
v -0.046864 0.071088 -0.040645
v -0.038806 0.075716 -0.040918
v -0.042686 0.083718 -0.023240
v -0.050780 0.079069 -0.022966
v -0.027600 0.078048 -0.046458
v -0.034280 0.087716 -0.023131
v -0.038134 0.095591 -0.005875
v -0.054665 0.086929 -0.005710
v -0.050654 0.089336 -0.005895
v -0.046556 0.091586 -0.005984
v -0.065426 0.099140 0.027270
v -0.061928 0.092017 0.011223
v -0.046052 0.101101 0.010702
v -0.049603 0.108194 0.026751
v -0.053135 0.115119 0.042138
v -0.054380 0.076723 -0.022712
v -0.050448 0.068752 -0.040392
v -0.033015 0.075680 -0.046432
v -0.038517 0.085801 -0.023234
v -0.066085 0.110058 0.046194
v -0.069833 0.107605 0.046464
v -0.056823 0.122767 0.060129
v -0.042379 0.093673 -0.005978
v -0.058271 0.084579 -0.005455
v -0.069045 0.105979 0.042682
v -0.052614 0.124660 0.060214
v -0.065297 0.108432 0.042413
v -0.060963 0.120706 0.060136
v -0.062757 0.112015 0.046055
v -0.076433 0.102999 0.047073
v -0.072905 0.105510 0.046725
v -0.090039 0.100119 0.062964
v -0.071322 0.106466 0.046409
v -0.093478 0.097178 0.063528
v -0.086645 0.103195 0.062328
v -0.079668 0.100486 0.047493
v -0.008286 -0.033587 -0.038634
v -0.045149 0.067332 0.102986
v -0.048628 0.064960 0.103282
v -0.051833 0.062773 0.103554
v -0.054643 0.060857 0.103793
v -0.058650 0.058123 0.104133
v -0.036546 0.060807 0.089028
v -0.040171 0.058334 0.089336
v -0.043650 0.055961 0.089632
v -0.046855 0.053775 0.089904
v -0.049665 0.051858 0.090143
v -0.053672 0.049125 0.090484
v -0.070709 0.069745 0.081095
v -0.036583 0.060490 0.148878
v -0.040062 0.058117 0.149173
v -0.043267 0.055931 0.149445
v -0.046077 0.054014 0.149684
v -0.050084 0.051281 0.150024
v -0.038876 0.063431 0.145504
v -0.042354 0.061058 0.145800
v -0.045560 0.058872 0.146072
v -0.048370 0.056955 0.146311
v -0.052377 0.054222 0.146651
v -0.037467 0.068480 0.139781
v -0.041129 0.066077 0.140236
v -0.044607 0.063705 0.140532
v -0.047813 0.061518 0.140804
v -0.050622 0.059602 0.141043
v -0.054630 0.056868 0.141384
v -0.039192 0.070381 0.134749
v -0.042768 0.067862 0.135266
v -0.046247 0.065490 0.135562
v -0.049452 0.063303 0.135834
v -0.052262 0.061387 0.136073
v -0.056269 0.058653 0.136413
v -0.040794 0.072098 0.129675
v -0.044437 0.069667 0.130115
v -0.047915 0.067294 0.130410
v -0.051121 0.065108 0.130683
v -0.053931 0.063191 0.130921
v -0.057938 0.060458 0.131262
v -0.041709 0.072732 0.123994
v -0.045342 0.070282 0.124394
v -0.048821 0.067909 0.124689
v -0.052026 0.065723 0.124961
v -0.054836 0.063806 0.125200
v -0.058843 0.061073 0.125541
v -0.042448 0.073027 0.117663
v -0.046074 0.070554 0.117971
v -0.049552 0.068181 0.118266
v -0.052758 0.065995 0.118538
v -0.055568 0.064078 0.118777
v -0.059575 0.061345 0.119118
v -0.045904 0.069305 0.109940
v -0.049382 0.066932 0.110235
v -0.052588 0.064746 0.110508
v -0.055398 0.062829 0.110746
v -0.059405 0.060096 0.111087
v -0.033463 0.034977 0.192227
v -0.005694 -0.031819 -0.038855
v -0.002573 -0.029690 -0.039120
v 0.000989 -0.027260 -0.039422
v 0.004854 -0.024624 -0.039750
v 0.008882 -0.021877 -0.040093
v -0.007527 0.009066 0.015191
v -0.011152 0.006593 0.015499
v -0.014631 0.004221 0.015795
v -0.017836 0.002034 0.016067
v -0.020646 0.000118 0.016306
v -0.024654 -0.002616 0.016646
v -0.046441 0.019427 -0.029301
v -0.003902 0.011539 0.014883
v -0.000423 0.013912 0.014587
v 0.002782 0.016098 0.014315
v 0.005592 0.018015 0.014076
v -0.041546 0.069837 0.102664
v -0.037898 0.072278 0.102370
v -0.034420 0.074651 0.102075
v -0.031214 0.076837 0.101802
v -0.028405 0.078754 0.101564
v -0.024397 0.081487 0.101223
v -0.032920 0.063280 0.088720
v -0.029442 0.065652 0.088425
v -0.026236 0.067839 0.088153
v -0.023427 0.069755 0.087914
v -0.019419 0.072489 0.087574
v -0.033500 0.095117 0.077920
v -0.032958 0.062963 0.148570
v -0.029333 0.065436 0.148262
v -0.025854 0.067808 0.147966
v -0.022648 0.069995 0.147694
v -0.019839 0.071911 0.147455
v -0.015831 0.074645 0.147114
v -0.035264 0.065914 0.145114
v -0.031625 0.068377 0.144888
v -0.028147 0.070749 0.144593
v -0.024941 0.072936 0.144321
v -0.022131 0.074852 0.144082
v -0.018124 0.077586 0.143741
v -0.033878 0.071023 0.139620
v -0.030399 0.073396 0.139325
v -0.027194 0.075582 0.139052
v -0.024384 0.077499 0.138814
v -0.020377 0.080232 0.138474
v -0.035517 0.072808 0.134650
v -0.032039 0.075180 0.134355
v -0.028833 0.077367 0.134082
v -0.026024 0.079284 0.133843
v -0.022016 0.082017 0.133503
v -0.037186 0.074612 0.129499
v -0.033707 0.076985 0.129203
v -0.030502 0.079171 0.128931
v -0.027692 0.081088 0.128692
v -0.023685 0.083821 0.128352
v -0.038092 0.075227 0.123777
v -0.034613 0.077600 0.123482
v -0.031407 0.079787 0.123210
v -0.028598 0.081703 0.122971
v -0.024590 0.084436 0.122631
v -0.038823 0.075500 0.117354
v -0.035344 0.077872 0.117059
v -0.032139 0.080059 0.116787
v -0.029329 0.081975 0.116548
v -0.025322 0.084709 0.116208
v -0.042269 0.071761 0.109608
v -0.038653 0.074251 0.109324
v -0.035175 0.076623 0.109028
v -0.031969 0.078810 0.108756
v -0.029159 0.080726 0.108517
v -0.025152 0.083460 0.108177
v -0.001925 0.056489 0.189548
v 0.009600 0.020748 0.013736
v -0.008373 0.045393 -0.032535
v -0.020654 0.070404 0.023707
v 0.000245 0.038083 0.042800
v -0.003763 0.035350 0.043140
v -0.006572 0.033433 0.043379
v -0.009778 0.031247 0.043651
v -0.013257 0.028874 0.043947
v -0.058723 0.044438 0.026940
v -0.034009 0.014719 0.045710
v -0.030001 0.017453 0.045370
v -0.027191 0.019369 0.045131
v -0.023986 0.021556 0.044859
v -0.020507 0.023928 0.044563
v -0.016882 0.026401 0.044255
v -0.001739 0.030594 -0.073468
v 0.026050 -0.010167 -0.041551
v 0.023459 -0.011934 -0.041331
v 0.020337 -0.014064 -0.041066
v 0.016775 -0.016493 -0.040763
v 0.012910 -0.019129 -0.040435
v -0.039776 0.004649 -0.070236
v -0.053791 0.063133 0.178036
v -0.022250 0.084647 0.175356
v -0.057813 0.032546 -0.091154
v -0.023536 0.055926 -0.094067
v -0.021243 0.052846 -0.091799
v -0.055520 0.029466 -0.088887
v -0.053716 0.027056 -0.086995
v -0.019438 0.050437 -0.089907
v -0.017223 0.047469 -0.087663
v -0.051501 0.024088 -0.084751
v -0.050626 0.019401 -0.082122
v -0.012890 0.045140 -0.085328
v -0.007104 0.040068 -0.081312
v -0.047537 0.012489 -0.077876
v -0.044719 0.008553 -0.075228
v -0.004161 0.036218 -0.078673
v 0.022652 -0.023978 0.105158
v 0.019076 -0.019669 0.097619
v 0.014411 -0.029599 0.105858
v 0.004820 -0.005894 0.096698
v -0.044242 0.027638 0.193164
v -0.063029 0.045668 0.116778
v -0.051609 0.030932 0.132896
v -0.062790 0.044217 0.107947
v -0.063230 0.045401 0.112279
v -0.062202 0.045000 0.121163
v -0.049144 0.027226 0.132157
v -0.054165 0.034630 0.132505
v -0.061738 0.042190 0.104055
v -0.060799 0.043441 0.125158
v -0.056650 0.038088 0.131013
v -0.060140 0.039447 0.100849
v -0.046924 0.023745 0.130339
v -0.058908 0.041088 0.128512
v -0.045088 0.020706 0.127554
v -0.058096 0.036161 0.098528
v -0.043752 0.018303 0.123976
v -0.055734 0.032539 0.097240
v 0.011513 -0.025809 0.105619
v -0.043001 0.016684 0.119832
v -0.053204 0.028807 0.097065
v 0.018128 -0.021067 0.105050
v -0.042880 0.015953 0.115381
v 0.005861 -0.017691 0.105071
v 0.016423 -0.021549 0.105132
v -0.050663 0.025201 0.098013
v 0.008542 -0.019784 0.105158
v 0.019956 -0.020049 0.104918
v 0.014116 -0.021660 0.105195
v -0.043398 0.016155 0.110904
v 0.011452 -0.021133 0.105209
v -0.048273 0.021947 0.100026
v -0.044522 0.017277 0.106680
v -0.046182 0.019249 0.102977
v 0.006959 -0.004706 0.103821
v 0.005699 -0.006274 0.103997
v 0.004770 -0.008056 0.104188
v 0.004209 -0.009986 0.104387
v 0.004037 -0.011987 0.104585
v 0.004261 -0.013985 0.104776
v 0.004872 -0.015901 0.104951
v 0.007663 -0.019404 0.097859
v 0.015544 -0.021169 0.097832
v 0.030893 -0.018356 0.104458
v 0.010573 -0.020754 0.097910
v 0.008921 0.063900 0.188648
v -0.009867 0.081929 0.112261
v 0.001553 0.067194 0.128379
v -0.009628 0.080478 0.103430
v -0.010067 0.081662 0.107762
v -0.009040 0.081262 0.116646
v 0.004018 0.063488 0.127641
v -0.001003 0.070892 0.127989
v -0.008576 0.078451 0.099539
v -0.007637 0.079703 0.120641
v -0.003488 0.074350 0.126496
v -0.006978 0.075709 0.096333
v 0.006239 0.060006 0.125822
v -0.005746 0.077349 0.123995
v 0.008074 0.056968 0.123037
v -0.004933 0.072423 0.094012
v 0.009410 0.054565 0.119460
v -0.002572 0.068801 0.092723
v 0.028397 -0.014292 0.104184
v 0.010162 0.052946 0.115316
v -0.000042 0.065069 0.092548
v 0.021569 -0.018720 0.104757
v 0.010282 0.052215 0.110865
v 0.022838 -0.006111 0.103629
v 0.022635 -0.017312 0.104604
v 0.002499 0.061463 0.093497
v 0.023827 -0.009358 0.103860
v 0.023572 -0.015210 0.104391
v 0.009764 0.052417 0.106387
v 0.024040 -0.012547 0.104140
v 0.004889 0.058209 0.095510
v 0.008640 0.053539 0.102164
v 0.006980 0.055511 0.098461
v 0.004982 -0.017311 0.097772
v 0.008503 -0.003414 0.103667
v 0.010271 -0.002447 0.103540
v 0.012195 -0.001843 0.103446
v 0.014201 -0.001624 0.103387
v 0.016212 -0.001798 0.103367
v 0.018151 -0.002360 0.103386
v 0.019943 -0.003288 0.103443
v 0.021520 -0.004545 0.103537
v -0.025526 0.100525 0.077252
v -0.078693 0.064273 0.081790
v -0.095368 0.095108 0.064045
v -0.050119 0.125931 0.060196
v -0.011466 0.092017 0.174435
v -0.064628 0.055755 0.178952
v -0.031914 0.114024 0.028155
v -0.034680 0.120875 0.043058
v -0.028710 0.114536 0.028763
v -0.035849 0.113173 0.027752
v -0.038667 0.120012 0.042647
v -0.032457 0.122051 0.044992
v -0.025351 0.107988 0.013910
v 0.001374 0.107731 0.019106
v 0.005273 0.106628 0.020294
v -0.002398 0.108399 0.018117
v -0.042895 0.111226 0.027170
v -0.046145 0.117847 0.042066
v -0.013737 0.108972 0.015725
v -0.009915 0.108954 0.016461
v -0.017590 0.108817 0.015054
v -0.042169 0.128534 0.060798
v 0.009386 0.104958 0.021751
v -0.000798 0.111014 0.026186
v -0.021465 0.108489 0.014448
v -0.039768 0.112152 0.027420
v -0.042638 0.118977 0.042309
v -0.006132 0.108763 0.017258
v -0.045649 0.127584 0.060449
v -0.036383 0.129861 0.061493
v -0.033412 0.123906 0.048643
v 0.009301 0.105217 0.022318
v -0.036462 0.125354 0.052375
v 0.010052 0.104601 0.022022
v 0.014263 0.101218 0.020537
v 0.019307 0.096868 0.019043
v -0.005357 0.087961 -0.030491
v -0.008301 0.094982 -0.015043
v -0.001654 0.087941 -0.029785
v -0.002335 0.081056 -0.045925
v -0.009089 0.087813 -0.031135
v -0.012065 0.094833 -0.015693
v -0.004566 0.094962 -0.014330
v 0.001345 0.081037 -0.045223
v -0.006045 0.080909 -0.046566
v 0.077722 -0.006620 0.028711
v 0.075687 -0.000685 0.044767
v 0.077096 -0.010132 0.030002
v 0.079752 -0.012277 0.012590
v 0.078033 -0.002930 0.027290
v 0.076006 0.003030 0.043337
v 0.075055 -0.004225 0.046067
v 0.079130 -0.015767 0.013872
v 0.080064 -0.008613 0.011179
v 0.065173 0.040914 0.007280
v 0.062980 0.047328 0.023113
v 0.067570 0.036802 0.009382
v 0.067507 0.034656 -0.008543
v 0.062608 0.044931 0.005185
v 0.060336 0.051457 0.020959
v 0.065454 0.043102 0.025275
v 0.069819 0.030665 -0.006506
v 0.065028 0.038552 -0.010573
v 0.025831 0.078860 -0.020958
v 0.023170 0.085783 -0.005418
v 0.030160 0.075922 -0.018963
v 0.028614 0.072078 -0.036487
v 0.021405 0.081642 -0.022909
v 0.018701 0.088597 -0.007389
v 0.027542 0.082812 -0.003402
v 0.032898 0.069183 -0.034518
v 0.024234 0.074819 -0.038412
v 0.076617 0.009748 0.021938
v 0.074623 0.015755 0.037973
v 0.077449 0.005307 0.023877
v 0.078674 0.003964 0.005873
v 0.075601 0.014154 0.019980
v 0.073617 0.020172 0.036011
v 0.075442 0.011302 0.039913
v 0.079493 -0.000440 0.007794
v 0.077671 0.008332 0.003932
v 0.050963 0.059774 -0.008563
v 0.048537 0.066507 0.007098
v 0.053321 0.057026 -0.007017
v 0.053538 0.053184 -0.024208
v 0.048607 0.062191 -0.009977
v 0.046156 0.068952 0.005668
v 0.050930 0.063716 0.008669
v 0.055865 0.050477 -0.022684
v 0.051203 0.055579 -0.025609
v 0.009286 0.086743 -0.027241
v 0.006469 0.093753 -0.011764
v 0.013076 0.085653 -0.026089
v 0.012217 0.079848 -0.042695
v 0.005627 0.087399 -0.028194
v 0.002778 0.094415 -0.012726
v 0.010293 0.092652 -0.010601
v 0.015979 0.078771 -0.041554
v 0.008582 0.080497 -0.043642
v 0.075174 -0.016952 0.032375
v 0.073116 -0.011104 0.048461
v 0.077219 -0.022546 0.016231
v 0.072489 0.025648 0.014783
v 0.070504 0.031730 0.030789
v 0.073541 0.022104 0.016402
v 0.074596 0.019732 -0.001221
v 0.071236 0.029154 0.013140
v 0.069228 0.035284 0.029122
v 0.071565 0.028156 0.032422
v 0.075634 0.016221 0.000384
v 0.073370 0.023192 -0.002839
v 0.040829 0.068483 -0.013968
v 0.038310 0.075299 0.001643
v 0.043621 0.066432 -0.012618
v 0.043473 0.061830 -0.029574
v 0.037715 0.070662 -0.015429
v 0.035168 0.077498 0.000168
v 0.041127 0.073229 0.003005
v 0.046247 0.059793 -0.028234
v 0.040383 0.063990 -0.031023
v 0.051916 0.043508 -0.074878
v 0.049049 0.049317 -0.060135
v 0.054678 0.041485 -0.073546
v 0.054778 0.037964 -0.089194
v 0.048853 0.045636 -0.076310
v 0.045983 0.051452 -0.061570
v 0.051809 0.047294 -0.058803
v 0.057544 0.035939 -0.087860
v 0.051716 0.040082 -0.090621
v 0.006620 0.062128 -0.090890
v 0.003669 0.068126 -0.076238
v 0.010292 0.062109 -0.090189
v 0.009578 0.056314 -0.105080
v 0.002918 0.061982 -0.091529
v -0.000026 0.067980 -0.076876
v 0.007335 0.068107 -0.075539
v 0.013264 0.056291 -0.104375
v 0.005863 0.056169 -0.105723
v 0.086481 -0.028932 -0.039973
v 0.084531 -0.024340 -0.024568
v 0.085846 -0.032393 -0.038704
v 0.088394 -0.033252 -0.054959
v 0.086837 -0.025337 -0.041347
v 0.084866 -0.020724 -0.025956
v 0.083903 -0.027806 -0.023297
v 0.087748 -0.036713 -0.053692
v 0.088775 -0.029679 -0.056320
v 0.075944 0.015588 -0.059816
v 0.073314 0.021063 -0.044894
v 0.077974 0.011986 -0.057989
v 0.078594 0.010351 -0.074295
v 0.073748 0.019095 -0.061637
v 0.071021 0.024701 -0.046786
v 0.075441 0.017330 -0.042996
v 0.080530 0.006877 -0.072536
v 0.076491 0.013731 -0.076047
v 0.037293 0.053457 -0.081626
v 0.034371 0.059357 -0.066930
v 0.041489 0.050675 -0.079719
v 0.040229 0.047776 -0.095873
v 0.033000 0.056083 -0.083490
v 0.030056 0.062021 -0.068813
v 0.038591 0.056538 -0.065004
v 0.044392 0.045051 -0.093995
v 0.035970 0.050347 -0.097708
v 0.085869 -0.013364 -0.046332
v 0.083708 -0.008507 -0.031074
v 0.086507 -0.017511 -0.044548
v 0.088027 -0.017973 -0.061156
v 0.085048 -0.009251 -0.048136
v 0.082806 -0.004289 -0.032936
v 0.084427 -0.012760 -0.029232
v 0.088571 -0.022003 -0.059437
v 0.087299 -0.013979 -0.062895
v 0.061930 0.034921 -0.069546
v 0.059057 0.040730 -0.054803
v 0.064182 0.032316 -0.068076
v 0.064811 0.029367 -0.083853
v 0.059623 0.037279 -0.070927
v 0.056745 0.043095 -0.056188
v 0.061330 0.038095 -0.053317
v 0.067046 0.026787 -0.082397
v 0.062505 0.031720 -0.085232
v 0.021133 0.060931 -0.087672
v 0.018161 0.066927 -0.073024
v 0.024868 0.059884 -0.086548
v 0.024140 0.055108 -0.101848
v 0.017513 0.061571 -0.088611
v 0.014544 0.067569 -0.073964
v 0.021897 0.065871 -0.071896
v 0.027875 0.054073 -0.100729
v 0.020512 0.055745 -0.102788
v 0.082723 -0.042511 -0.035235
v 0.084615 -0.046864 -0.050212
v 0.083939 -0.039157 -0.036351
v 0.082000 -0.034558 -0.020948
v 0.085836 -0.043499 -0.051331
v 0.082287 0.001701 -0.053050
v 0.079911 0.006836 -0.037944
v 0.083255 -0.001709 -0.051500
v 0.084689 -0.003211 -0.067706
v 0.081148 0.005038 -0.054603
v 0.078742 0.010210 -0.039518
v 0.080906 0.003391 -0.036374
v 0.085627 -0.006588 -0.066174
v 0.083579 0.000091 -0.069240
v 0.090298 -0.015991 -0.093820
v 0.056794 0.029676 -0.118616
v 0.016925 0.041312 -0.144776
v 0.015110 0.045652 -0.132117
v 0.020818 0.041084 -0.143999
v 0.020352 0.035750 -0.156225
v 0.013133 0.041212 -0.145445
v 0.011350 0.045526 -0.132773
v 0.018872 0.045566 -0.131380
v 0.023966 0.035647 -0.155557
v 0.016606 0.035629 -0.156872
v 0.093912 -0.045278 -0.096764
v 0.092090 -0.041327 -0.083377
v 0.093234 -0.048745 -0.095501
v 0.095771 -0.049348 -0.109640
v 0.094372 -0.041766 -0.098086
v 0.092525 -0.037795 -0.084712
v 0.091422 -0.044793 -0.082113
v 0.095085 -0.052814 -0.108379
v 0.096253 -0.045857 -0.110949
v 0.049046 0.031389 -0.135308
v 0.046112 0.036817 -0.122723
v 0.053889 0.027794 -0.135425
v 0.051968 0.025893 -0.147409
v 0.045037 0.033575 -0.136936
v 0.041995 0.039166 -0.124442
v 0.050161 0.034223 -0.120955
v 0.055655 0.023687 -0.145775
v 0.048035 0.027956 -0.148949
v 0.094269 -0.030926 -0.102311
v 0.092195 -0.026653 -0.089100
v 0.094518 -0.034571 -0.100833
v 0.096347 -0.035279 -0.115075
v 0.091678 -0.022936 -0.090668
v 0.092534 -0.030417 -0.087541
v 0.096518 -0.038827 -0.113632
v 0.095999 -0.031802 -0.116513
v 0.032953 0.038463 -0.140985
v 0.030153 0.043895 -0.128586
v 0.036973 0.037128 -0.139788
v 0.035519 0.033246 -0.152923
v 0.028881 0.039608 -0.142092
v 0.026369 0.044737 -0.129642
v 0.033986 0.042737 -0.127393
v 0.039810 0.031629 -0.151718
v 0.031358 0.034514 -0.153977
v 0.090065 -0.059013 -0.091981
v 0.088264 -0.055025 -0.078605
v 0.088656 -0.062386 -0.090894
v 0.091908 -0.063106 -0.104850
v 0.091299 -0.055609 -0.093113
v 0.089495 -0.051633 -0.079733
v 0.086902 -0.058445 -0.077495
v 0.090496 -0.066488 -0.103760
v 0.093146 -0.059694 -0.105985
v 0.100717 -0.036567 -0.156446
v 0.098529 -0.031410 -0.145020
v 0.101523 -0.039781 -0.155006
v 0.102781 -0.041725 -0.167559
v 0.099694 -0.033370 -0.157922
v 0.097515 -0.028218 -0.146492
v 0.099336 -0.034633 -0.143576
v 0.101745 -0.038521 -0.169039
v 0.072549 0.002213 -0.176645
v 0.070292 0.007466 -0.165270
v 0.075020 0.000610 -0.175537
v 0.074681 -0.003039 -0.187707
v 0.069916 0.003724 -0.177748
v 0.067525 0.009152 -0.166469
v 0.072878 0.005711 -0.164079
v 0.077028 -0.004481 -0.186685
v 0.072187 -0.001707 -0.188711
v 0.027931 0.021351 -0.178468
v 0.031819 0.021118 -0.177718
v 0.099772 -0.058384 -0.133967
v 0.100278 -0.054931 -0.135257
v 0.099078 -0.061834 -0.132714
v 0.095190 -0.023739 -0.162634
v 0.093121 -0.018727 -0.151127
v 0.096918 -0.026936 -0.161026
v 0.097115 -0.028737 -0.173837
v 0.093293 -0.020639 -0.164235
v 0.091272 -0.015690 -0.152694
v 0.094802 -0.021860 -0.149554
v 0.098898 -0.032004 -0.172190
v 0.095165 -0.025565 -0.175476
v 0.060626 0.008329 -0.181347
v 0.057797 0.014328 -0.170380
v 0.063949 0.006783 -0.180100
v 0.063313 0.002371 -0.192021
v 0.057164 0.009775 -0.182580
v 0.054207 0.015937 -0.171702
v 0.061263 0.012597 -0.169032
v 0.066505 0.000988 -0.190864
v 0.102803 -0.049698 -0.150786
v 0.100643 -0.044619 -0.139324
v 0.102863 -0.053092 -0.149414
v 0.102557 -0.046341 -0.152179
v 0.100387 -0.041236 -0.140729
v 0.100713 -0.048039 -0.137939
v 0.081932 -0.005445 -0.171804
v 0.079966 -0.000573 -0.160222
v 0.084109 -0.007941 -0.170392
v 0.083745 -0.010287 -0.183090
v 0.079688 -0.003183 -0.173135
v 0.077693 0.001725 -0.161572
v 0.082145 -0.003071 -0.158809
v 0.085917 -0.012780 -0.181681
v 0.081533 -0.008066 -0.184398
v 0.046519 0.012808 -0.185804
v 0.043257 0.019328 -0.175086
v 0.050083 0.012044 -0.184825
v 0.042927 0.013357 -0.186702
v 0.039526 0.020040 -0.176022
v 0.046926 0.018446 -0.174068
v -0.007322 0.101966 0.001012
v -0.011097 0.101986 0.000292
v 0.007693 0.099638 0.004778
v 0.003832 0.100745 0.003605
v 0.000102 0.101413 0.002634
v 0.025078 0.089762 0.012017
v 0.020675 0.092744 0.009991
v 0.016172 0.095567 0.008010
v 0.038786 0.080110 0.018474
v 0.035939 0.082200 0.017099
v 0.032767 0.084418 0.015611
v 0.073486 0.017486 0.055735
v 0.072703 0.021924 0.053807
v 0.071732 0.026326 0.051859
v 0.073661 0.005469 0.060588
v 0.073995 0.009208 0.059151
v 0.004364 0.074381 -0.060517
v 0.000696 0.074400 -0.061217
v -0.003000 0.074254 -0.061855
v 0.018941 0.072134 -0.056867
v 0.015197 0.073198 -0.058000
v 0.011577 0.073843 -0.058941
v 0.035721 0.062691 -0.049914
v 0.031475 0.065543 -0.051859
v 0.027134 0.068240 -0.053759
v 0.048983 0.053389 -0.043682
v 0.046220 0.055416 -0.045016
v 0.043147 0.057560 -0.046456
v 0.058541 0.044142 -0.038171
v 0.056243 0.046811 -0.039675
v 0.053922 0.049188 -0.041066
v 0.072187 0.024758 -0.022223
v 0.069965 0.028622 -0.024192
v 0.067577 0.032391 -0.026154
v 0.077833 0.010568 -0.015468
v 0.076814 0.014046 -0.017054
v 0.075615 0.017462 -0.018651
v 0.081562 -0.005876 -0.008169
v 0.080781 -0.001535 -0.010057
v 0.079816 0.002770 -0.011966
v 0.081142 -0.021071 -0.002154
v 0.081765 -0.017597 -0.003429
v 0.082084 -0.013957 -0.004829
v 0.079238 -0.027827 0.000197
v -0.000870 0.094773 -0.013557
v 0.002010 0.087754 -0.029019
v 0.004987 0.080851 -0.044462
v -0.009774 0.080596 -0.047143
v 0.074176 -0.007671 0.047284
v 0.076225 -0.013549 0.031208
v 0.078264 -0.019163 0.015071
v 0.079999 -0.004694 0.009595
v 0.077965 0.001018 0.025694
v 0.075947 0.006998 0.041734
v 0.067593 0.039010 0.027320
v 0.069643 0.032810 0.011374
v 0.071821 0.026777 -0.004569
v 0.062525 0.042154 -0.012490
v 0.060032 0.048635 0.003213
v 0.057690 0.055259 0.018935
v 0.031610 0.079959 -0.001490
v 0.034189 0.073098 -0.017071
v 0.036887 0.066398 -0.032648
v 0.019956 0.077138 -0.040149
v 0.017086 0.083997 -0.024669
v -0.019997 0.068631 -0.006680
v 0.076615 0.012480 0.002069
v 0.074531 0.018335 0.018101
v 0.072554 0.024368 0.034128
v 0.048794 0.057752 -0.026935
v 0.046184 0.064377 -0.011311
v 0.043712 0.071157 0.004323
v 0.016064 0.050912 -0.118212
v 0.012320 0.051007 -0.118962
v 0.008569 0.050898 -0.119629
v 0.030912 0.048384 -0.114372
v 0.027146 0.049456 -0.115517
v 0.023460 0.050168 -0.116504
v 0.047279 0.039615 -0.107765
v 0.043172 0.042251 -0.109597
v 0.038969 0.044732 -0.111385
v 0.060362 0.030634 -0.101695
v 0.057590 0.032658 -0.103030
v 0.054535 0.034760 -0.104450
v 0.069869 0.021490 -0.096235
v 0.067650 0.024046 -0.097679
v 0.065342 0.026398 -0.099058
v 0.083008 0.001920 -0.086485
v 0.081164 0.005273 -0.088170
v 0.079155 0.008532 -0.089863
v 0.087956 -0.011305 -0.080203
v 0.087050 -0.008009 -0.081730
v 0.085953 -0.004730 -0.083251
v 0.090541 -0.026248 -0.073719
v 0.090106 -0.022361 -0.075351
v 0.089492 -0.018515 -0.077006
v 0.089608 -0.040827 -0.068186
v 0.090265 -0.037363 -0.069452
v 0.090673 -0.033811 -0.070799
v 0.086463 -0.051017 -0.064692
v 0.087688 -0.047639 -0.065816
v 0.054346 0.045260 -0.057509
v 0.057220 0.039447 -0.072249
v 0.060094 0.033896 -0.086560
v 0.048280 0.042407 -0.092202
v 0.045404 0.047986 -0.077902
v 0.042525 0.053819 -0.063171
v 0.010963 0.067921 -0.074780
v 0.013926 0.061923 -0.089430
v 0.016912 0.056101 -0.103610
v -0.000803 0.061669 -0.092105
v 0.083041 -0.031188 -0.022103
v 0.084981 -0.035782 -0.037508
v 0.086881 -0.040113 -0.052492
v 0.088848 -0.025945 -0.057804
v 0.086863 -0.021550 -0.042861
v 0.084850 -0.016887 -0.027498
v 0.077288 0.013660 -0.041176
v 0.079741 0.008425 -0.056227
v 0.082218 0.003419 -0.070831
v 0.074301 0.016903 -0.077732
v 0.071482 0.022371 -0.063378
v 0.068676 0.028086 -0.048586
v 0.031793 0.052525 -0.099369
v 0.028797 0.058308 -0.085175
v 0.025834 0.064277 -0.070514
v 0.086471 -0.010143 -0.064589
v 0.084144 -0.005319 -0.049884
v 0.081834 -0.000269 -0.034732
v 0.027826 0.029072 -0.166744
v 0.024152 0.029279 -0.167410
v 0.020377 0.029203 -0.168054
v 0.043347 0.025181 -0.163077
v 0.039291 0.026517 -0.164203
v 0.035195 0.027710 -0.165226
v 0.058426 0.018239 -0.157509
v 0.054889 0.020229 -0.159079
v 0.051133 0.022055 -0.160508
v 0.066816 0.013549 -0.151810
v 0.064861 0.014382 -0.154761
v 0.097059 -0.029843 -0.131624
v 0.098568 -0.043306 -0.125965
v 0.098456 -0.039835 -0.127375
v 0.098160 -0.036402 -0.128803
v 0.097019 -0.057133 -0.120774
v 0.097711 -0.053672 -0.122031
v 0.098209 -0.050200 -0.123330
v 0.093841 -0.067431 -0.117243
v 0.095079 -0.064017 -0.118379
v 0.091034 -0.019359 -0.092261
v 0.058273 0.022535 -0.142963
v 0.053543 0.032407 -0.117889
v 0.022626 0.045265 -0.130557
v 0.024813 0.040507 -0.143102
v 0.027546 0.035270 -0.154838
v 0.012738 0.035306 -0.157492
v 0.009434 0.040802 -0.146012
v 0.007594 0.045201 -0.133355
v 0.090548 -0.048220 -0.080903
v 0.092357 -0.052184 -0.094287
v 0.094206 -0.056261 -0.107162
v 0.096519 -0.042334 -0.112312
v 0.094596 -0.038195 -0.099476
v 0.092701 -0.034172 -0.086132
v 0.043962 0.029897 -0.150407
v 0.040982 0.035528 -0.138454
v 0.037907 0.041199 -0.126032
v 0.099950 -0.037903 -0.142148
v 0.102130 -0.043031 -0.153587
v 0.100460 -0.035291 -0.170577
v 0.098434 -0.030167 -0.159444
v 0.096278 -0.025040 -0.148000
v 0.075330 0.003820 -0.162858
v 0.077381 -0.001162 -0.174380
v 0.079291 -0.006126 -0.185599
v 0.069483 -0.000395 -0.189748
v 0.067068 0.005221 -0.178886
v 0.064531 0.010840 -0.167710
v 0.035710 0.020639 -0.176896
v 0.100593 -0.051481 -0.136581
v 0.093101 -0.022565 -0.177069
v 0.091272 -0.017696 -0.165797
v 0.089289 -0.012799 -0.154228
v 0.053628 0.011041 -0.183754
v 0.050565 0.017334 -0.172947
v -0.003586 0.101775 0.001793
v 0.011777 0.097957 0.006222
v 0.029177 0.086895 0.013940
v 0.070697 0.030515 0.049983
v 0.073958 0.013188 0.057548
v -0.006717 0.073941 -0.062431
v 0.007994 0.074195 -0.059758
v 0.022891 0.070523 -0.055476
v 0.039676 0.059944 -0.048067
v 0.051521 0.051354 -0.042387
v 0.065152 0.035886 -0.028014
v 0.074113 0.020978 -0.020344
v 0.078793 0.006864 -0.013801
v 0.082038 -0.010076 -0.006395
v 0.080279 -0.024456 -0.000959
v 0.004819 0.050586 -0.120211
v 0.019786 0.050623 -0.117387
v 0.034829 0.046845 -0.113014
v 0.051122 0.037044 -0.106009
v 0.062921 0.028582 -0.100390
v 0.077085 0.011660 -0.091599
v 0.084618 -0.001432 -0.084829
v 0.088761 -0.014803 -0.078637
v 0.090797 -0.030132 -0.072251
v 0.088738 -0.044239 -0.066981
v 0.017150 0.030436 -0.165460
v 0.031360 0.028573 -0.166071
v 0.047269 0.023729 -0.161858
v 0.061661 0.016445 -0.155889
v 0.097694 -0.033063 -0.130232
v 0.098505 -0.046718 -0.124670
v 0.096139 -0.060582 -0.119556
v 0.056860 0.026088 -0.133365
v 0.059997 0.028148 -0.113782
v 0.055775 0.029255 -0.123957
v 0.049142 0.069157 0.021182
v 0.070191 -0.002129 -0.193083
v 0.055733 0.006524 -0.191427
v 0.061780 0.002969 -0.192550
v 0.024128 0.092652 0.018341
v -0.014864 0.101719 -0.000316
v 0.035815 0.082589 0.017951
v 0.073033 -0.003842 -0.192979
v 0.046634 0.072241 0.020177
v 0.043175 0.012837 -0.187562
v 0.034019 0.017033 -0.183333
v 0.082634 -0.011170 -0.191448
v 0.019974 0.025510 -0.171769
v 0.075635 -0.005523 -0.192873
v 0.044134 0.074994 0.019372
v 0.025823 0.021676 -0.177490
v 0.028589 0.088702 0.017884
v 0.071399 0.027499 0.054777
v 0.084881 -0.013526 -0.190524
v 0.038681 0.014941 -0.185495
v 0.078030 -0.007175 -0.192499
v 0.063478 0.001984 -0.192718
v 0.103230 -0.053982 -0.151320
v 0.041565 0.077521 0.018691
v 0.051680 0.008656 -0.190501
v 0.080333 -0.009006 -0.192007
v 0.103581 -0.051602 -0.154876
v 0.047450 0.010849 -0.189062
v 0.087092 -0.016142 -0.189411
v 0.029448 0.019639 -0.180159
v 0.059745 0.004155 -0.192348
v 0.067002 -0.000198 -0.193069
v 0.041681 0.013479 -0.186986
v 0.032439 0.085437 0.017836
v 0.048464 0.069969 0.020826
v 0.067950 -0.000791 -0.193164
v 0.083189 -0.011774 -0.191296
v 0.076213 -0.005933 -0.192846
v 0.034636 0.083551 0.017809
v 0.042070 0.077008 0.018766
v 0.088691 -0.018270 -0.188532
v 0.027014 0.090045 0.017904
v -0.029183 0.107194 0.013120
v -0.033065 0.106356 0.012724
v -0.039673 0.104631 0.012142
v -0.020372 0.086366 -0.032683
v -0.023444 0.093373 -0.017254
v -0.016606 0.087015 -0.032233
v -0.017259 0.079471 -0.048104
v -0.024131 0.085554 -0.033067
v -0.027236 0.092554 -0.017640
v -0.019646 0.094027 -0.016800
v -0.013515 0.080116 -0.047656
v -0.021587 0.079663 -0.046139
v -0.029564 0.084118 -0.033558
v -0.032944 0.090995 -0.018135
v -0.008271 0.060547 -0.093064
v -0.011196 0.066547 -0.078409
v -0.004536 0.061190 -0.092617
v -0.005358 0.054724 -0.107259
v -0.012122 0.059609 -0.093484
v -0.014922 0.065663 -0.078823
v -0.007467 0.067189 -0.077963
v -0.001614 0.055373 -0.106813
v -0.009074 0.053881 -0.107624
v 0.002429 0.039241 -0.146863
v 0.000114 0.043978 -0.134292
v 0.005967 0.040201 -0.146492
v 0.005018 0.034037 -0.158597
v -0.001042 0.038037 -0.147134
v -0.003591 0.043072 -0.134635
v 0.003846 0.044686 -0.133863
v 0.008910 0.034862 -0.158096
v 0.001397 0.032852 -0.158950
v -0.036290 0.097807 -0.002829
v -0.026405 0.100360 -0.001943
v -0.030238 0.099532 -0.002335
v -0.036931 0.105349 0.012399
v -0.010446 0.073463 -0.062942
v -0.014176 0.072821 -0.063388
v -0.017932 0.072005 -0.063783
v -0.012842 0.087498 -0.031717
v -0.015849 0.094514 -0.016279
v -0.027875 0.084580 -0.033382
v -0.031012 0.091572 -0.017959
v 0.001079 0.050072 -0.120708
v -0.002642 0.049355 -0.121117
v -0.006283 0.048369 -0.121408
v 0.002130 0.055855 -0.106301
v -0.003741 0.067667 -0.077452
v -0.034055 0.098539 -0.002656
v 0.000748 0.032560 -0.159150
v -0.004223 0.042889 -0.134736
v -0.006687 0.048155 -0.121456
v -0.001759 0.037718 -0.147258
v -0.009331 0.053747 -0.107686
v 0.001101 0.031852 -0.160682
v 0.005978 0.044982 -0.133575
v -0.022522 0.100909 -0.001507
v -0.018666 0.101349 -0.001094
v -0.009604 0.071690 -0.067188
v -0.017124 0.070313 -0.067823
v -0.005854 0.072121 -0.066789
v -0.013355 0.071091 -0.067529
v 0.009363 0.034076 -0.159616
v 0.001775 0.032104 -0.160557
v 0.005432 0.033254 -0.160218
v 0.073472 0.014770 0.061396
v 0.082584 -0.042835 -0.035131
v 0.102873 -0.041972 -0.168090
v 0.076618 -0.024192 0.016778
v 0.097798 -0.064359 -0.129166
v 0.103744 -0.049267 -0.158481
v 0.090936 -0.067473 -0.106583
v 0.061897 0.050784 0.031450
v 0.088224 -0.063290 -0.090612
v 0.074601 -0.018521 0.032897
v 0.082059 -0.040937 -0.029982
v 0.103058 -0.042821 -0.167066
v 0.073536 0.005862 0.061548
v 0.072181 -0.008358 0.055663
v 0.070613 0.030814 0.050733
v 0.072216 0.023593 0.057923
v 0.066326 0.043193 0.037796
v 0.078494 -0.029868 0.000876
v 0.081001 -0.037303 -0.020035
v 0.073330 0.003632 0.061262
v 0.102592 -0.056171 -0.147295
v 0.072452 -0.012923 0.049066
v 0.072650 -0.003136 0.059098
v 0.095991 -0.066091 -0.123662
v 0.101037 -0.036854 -0.173967
v 0.102077 -0.039412 -0.170964
v 0.073654 0.010296 0.061798
v 0.084028 -0.048259 -0.049762
v 0.090204 -0.067105 -0.103568
v 0.098017 -0.031242 -0.179415
v 0.064294 0.046873 0.034555
v 0.100676 -0.060494 -0.138829
v 0.101780 -0.058447 -0.143327
v 0.094160 -0.025582 -0.183970
v 0.099641 -0.034038 -0.176652
v 0.096151 -0.028344 -0.181757
v 0.098678 -0.063402 -0.132161
v 0.073172 0.001433 0.060703
v 0.069850 0.033876 0.047151
v 0.070304 0.032039 0.049298
v 0.102772 -0.055546 -0.148447
v 0.085422 -0.053500 -0.063892
v 0.056660 0.058432 0.026319
v 0.059306 0.054684 0.028593
v 0.103381 -0.044410 -0.164985
v 0.099394 -0.062567 -0.134409
v 0.068963 0.036883 0.043987
v 0.103665 -0.046841 -0.161805
v 0.067834 0.039932 0.040919
v 0.072945 0.019289 0.060146
v 0.069532 0.034958 0.045855
v 0.072047 -0.010570 0.053590
v 0.072371 -0.012728 0.049640
v 0.073022 0.018558 0.060485
v 0.072695 -0.002483 0.059476
v 0.071160 0.028515 0.053408
v 0.071714 0.025973 0.056133
v 0.097767 -0.030865 -0.179800
v 0.089187 -0.065819 -0.097906
v 0.103738 -0.048502 -0.159722
v 0.058802 0.055379 0.028071
v 0.073496 0.013619 0.061664
v 0.096296 -0.065915 -0.124688
v 0.073568 0.008267 0.061891
v 0.101670 -0.058708 -0.142897
v 0.063304 0.048460 0.033115
v 0.099214 -0.062833 -0.133879
v 0.073250 0.002776 0.061153
v 0.067007 0.041703 0.039056
v 0.093495 -0.024723 -0.184672
v 0.093284 -0.067685 -0.115501
v 0.072210 -0.007059 0.056919
v 0.072320 0.022941 0.058401
v 0.053745 0.062515 0.023966
v 0.087080 -0.006417 -0.098371
v 0.089454 -0.012877 -0.095310
v 0.093996 -0.020502 -0.135918
v 0.088387 -0.009672 -0.096795
v 0.096263 -0.026811 -0.132924
v 0.095243 -0.023678 -0.134353
v 0.094847 -0.025253 -0.119396
v 0.092510 -0.017315 -0.137526
v 0.094042 -0.022256 -0.120686
v 0.095502 -0.028470 -0.117970
v 0.091794 -0.017655 -0.108266
v 0.093292 -0.023943 -0.105341
v 0.092611 -0.020681 -0.106875
v 0.093846 -0.027355 -0.103788
v 0.064589 -0.047122 -0.015525
v 0.076950 -0.038690 -0.016576
v 0.072394 -0.040488 -0.013224
v 0.056756 -0.023379 0.050967
v 0.063537 -0.019903 0.047791
v 0.067357 -0.016148 0.050066
v 0.013237 -0.021280 0.097895
v 0.025869 -0.006680 0.139066
v 0.044193 0.005819 0.137510
v 0.025684 0.020538 0.037835
v 0.089628 -0.068420 -0.106037
v 0.023312 0.019928 -0.177291
v 0.089918 -0.069891 -0.114436
v 0.089619 -0.070511 -0.122939
v 0.088735 -0.070272 -0.131422
v 0.014817 0.034723 -0.158499
v 0.011796 0.017537 -0.149737
v 0.087279 -0.069176 -0.139758
v 0.085274 -0.067241 -0.147821
v 0.082749 -0.064494 -0.155494
v 0.079741 -0.060978 -0.162662
v 0.076295 -0.056742 -0.169218
v 0.072463 -0.051852 -0.175066
v 0.068301 -0.046379 -0.180118
v 0.063870 -0.040405 -0.184298
v 0.059238 -0.034019 -0.187546
v 0.054473 -0.027314 -0.189813
v 0.049645 -0.020392 -0.191064
v 0.044826 -0.013355 -0.191282
v 0.040088 -0.006307 -0.190463
v 0.035501 0.000647 -0.188620
v 0.031134 0.007404 -0.185780
v 0.027051 0.013863 -0.181985
v 0.054836 -0.025960 -0.174664
v 0.062378 -0.036388 -0.169604
v 0.079626 -0.052750 -0.097959
v 0.076098 -0.046130 -0.086341
v 0.081298 -0.056833 -0.111065
v 0.041568 0.006447 -0.070654
v 0.037614 0.015122 -0.047543
v 0.045964 0.003416 -0.043243
v 0.075659 -0.038697 -0.031826
v 0.076842 -0.039813 -0.026865
v 0.022315 0.024712 -0.150630
v 0.049305 -0.004456 -0.067118
v 0.054465 -0.008854 -0.041697
v 0.026631 0.017054 -0.161306
v 0.069156 -0.045314 -0.161503
v 0.081008 -0.058123 -0.124831
v 0.057103 -0.015876 -0.067020
v 0.062818 -0.021258 -0.042960
v 0.065742 -0.025576 -0.043207
v 0.078774 -0.056536 -0.138386
v 0.074739 -0.052175 -0.150873
v 0.032441 0.007520 -0.169466
v 0.077283 -0.039812 -0.021663
v 0.064469 -0.027092 -0.070367
v 0.068681 -0.029747 -0.042099
v 0.039378 -0.003289 -0.174592
v 0.070937 -0.037394 -0.076946
v 0.071435 -0.033486 -0.039712
v 0.073815 -0.036538 -0.036209
v 0.047004 -0.014689 -0.176362
v 0.050457 -0.029690 -0.041910
v -0.027554 0.117844 0.068931
v 0.023612 0.040140 0.047314
v 0.018722 0.046813 0.043340
v -0.020092 0.104807 0.052088
v -0.023710 0.110844 0.057981
v 0.047204 -0.007746 0.064046
v -0.016029 0.098234 0.047136
v 0.088751 -0.066116 -0.097868
v 0.052948 -0.016575 0.060773
v 0.083799 -0.054607 -0.063754
v -0.011587 0.091231 0.043203
v 0.089346 -0.067690 -0.103495
v 0.050156 -0.012175 0.063231
v 0.081739 -0.049821 -0.049568
v 0.028228 0.017207 0.041033
v -0.006837 0.083912 0.040355
v 0.040359 0.001863 0.060629
v 0.074366 -0.032684 0.001226
v -0.001856 0.076396 0.038637
v 0.036085 0.007262 0.053667
v 0.055018 -0.020065 0.057121
v 0.078857 -0.043121 -0.029709
v 0.003274 0.068806 0.038076
v 0.049205 -0.010734 0.063615
v 0.069708 -0.021859 0.033312
v 0.008469 0.061264 0.038683
v 0.022925 0.024201 0.034762
v 0.087691 -0.063653 -0.090567
v 0.013647 0.053893 0.040447
v 0.072052 -0.027306 0.017166
v 0.079607 -0.044865 -0.034879
v 0.045049 -0.004617 0.063810
v 0.038106 0.004790 0.057605
v 0.039797 0.011927 0.134811
v 0.011390 0.039520 0.184606
v 0.015021 0.054772 0.187172
v 0.020773 0.045920 0.183808
v 0.012272 0.017907 0.176421
v 0.031184 0.029438 0.174021
v 0.016036 0.011637 0.170386
v 0.034777 0.023428 0.168055
v 0.019320 0.005968 0.163533
v 0.037912 0.017993 0.161327
v 0.022079 0.000980 0.155956
v 0.040549 0.013205 0.153928
v 0.024273 -0.003257 0.147763
v 0.042653 0.009128 0.145954
v 0.026156 -0.025263 -0.017146
v 0.020598 -0.010968 0.040841
v 0.029327 -0.030302 -0.039591
v 0.017583 -0.008937 0.040184
v 0.015242 -0.007891 0.039754
v 0.012772 -0.007394 0.039440
v 0.035505 -0.015507 -0.135957
v 0.021922 0.000345 -0.168572
v 0.033567 -0.012422 -0.133999
v 0.044999 -0.025708 -0.106115
v 0.042911 -0.022462 -0.104628
v 0.053950 -0.034267 -0.069473
v 0.028859 -0.010464 -0.173699
v 0.037710 -0.018863 -0.136950
v 0.060418 -0.044569 -0.076052
v 0.046757 -0.028584 -0.108513
v -0.005112 0.050280 -0.085866
v 0.002122 0.040503 -0.079207
v -0.007711 0.053769 -0.088451
v -0.010005 0.056846 -0.090735
v -0.011829 0.059288 -0.092604
v 0.036485 -0.021864 -0.175469
v 0.040042 -0.022278 -0.136916
v 0.031049 -0.000728 -0.069760
v 0.005805 0.035740 -0.074108
v 0.012010 0.028050 -0.062813
v 0.065579 -0.053305 -0.085447
v 0.019191 0.018676 -0.053551
v 0.048074 -0.030908 -0.111670
v 0.027095 0.007947 -0.046649
v 0.044316 -0.033135 -0.173770
v 0.042356 -0.025539 -0.135857
v 0.069107 -0.059925 -0.097065
v 0.048868 -0.032535 -0.115389
v 0.051859 -0.043563 -0.168711
v 0.044506 -0.028439 -0.133840
v 0.031168 -0.006619 -0.115647
v 0.003491 0.038729 -0.077346
v 0.070778 -0.064008 -0.110171
v 0.049089 -0.033364 -0.119435
v 0.032360 -0.007900 -0.111899
v 0.058636 -0.052489 -0.160610
v 0.046357 -0.030798 -0.130990
v 0.030515 -0.006167 -0.119706
v 0.070488 -0.065298 -0.123937
v 0.048723 -0.033340 -0.123555
v 0.034017 -0.009930 -0.108699
v 0.064219 -0.059350 -0.149979
v 0.047793 -0.032467 -0.127489
v 0.068255 -0.063712 -0.137492
v 0.030442 -0.006572 -0.123821
v 0.036033 -0.012580 -0.106246
v 0.030954 -0.007810 -0.127735
v 0.038283 -0.015685 -0.104696
v 0.038786 -0.011631 -0.066224
v 0.032018 -0.009801 -0.131200
v 0.016112 0.009879 -0.160413
v 0.040624 -0.019050 -0.104145
v 0.046584 -0.023051 -0.066127
v 0.032099 -0.043270 -0.040100
v 0.032438 -0.040095 -0.039949
v 0.031228 -0.045822 -0.040181
v 0.030003 -0.047801 -0.040180
v 0.013466 -0.024638 -0.039777
v 0.029119 -0.048769 -0.040139
v 0.015267 -0.024039 -0.039836
v 0.011533 -0.025714 -0.039650
v 0.027893 -0.049748 -0.040049
v 0.017991 -0.023727 -0.039848
v 0.020845 -0.024088 -0.039795
v 0.023873 -0.025264 -0.039701
v 0.026709 -0.027267 -0.039617
v 0.030990 -0.033293 -0.039650
v 0.032084 -0.036734 -0.039784
v 0.035554 0.011471 0.081207
v 0.032677 0.014679 0.073103
v 0.037856 0.009165 0.089788
v 0.039546 0.007798 0.098705
v -0.034680 0.112985 0.069540
v 0.040597 0.007392 0.107814
v -0.030835 0.105984 0.058586
v 0.040991 0.007953 0.116967
v 0.040723 0.009473 0.126015
v -0.027218 0.099947 0.052694
v -0.023155 0.093374 0.047742
v -0.018712 0.086371 0.043809
v -0.013962 0.079052 0.040960
v -0.008982 0.071536 0.039242
v -0.003852 0.063945 0.038682
v 0.001344 0.056403 0.039289
v 0.006521 0.049033 0.041052
v 0.011596 0.041953 0.043945
v 0.016486 0.035279 0.047920
v 0.021111 0.029120 0.052911
v 0.025397 0.023575 0.058839
v 0.029273 0.018735 0.065606
v 0.012453 -0.019592 -0.020471
v 0.009847 -0.020846 -0.020407
v 0.023870 -0.022685 -0.018189
v 0.021213 -0.020786 -0.019072
v 0.018291 -0.019593 -0.019777
v 0.015303 -0.019186 -0.020254
v 0.028755 -0.031339 -0.015021
v 0.027846 -0.028248 -0.016053
v 0.028895 -0.034430 -0.014080
v 0.028257 -0.037311 -0.013295
v 0.026884 -0.039784 -0.012719
v 0.024871 -0.041682 -0.012391
v -0.028161 0.115065 0.039477
v -0.034147 0.125347 0.051572
v -0.029968 0.118078 0.042386
v -0.031681 0.120972 0.045468
v -0.012568 0.090300 0.024177
v -0.026318 0.112034 0.036831
v -0.017917 0.098597 0.027835
v 0.085780 -0.059211 -0.077400
v -0.022211 0.105394 0.031866
v -0.024272 0.108708 0.034213
v -0.023129 0.106870 0.032908
v -0.020139 0.102099 0.029791
v -0.012059 0.089519 0.023901
v -0.009226 0.085196 0.022533
v -0.005679 0.079825 0.021165
v 0.008301 0.059316 0.021064
v 0.016854 0.047134 0.023925
v -0.002220 0.074680 0.020579
v 0.006169 0.062367 0.020469
v 0.014562 0.050365 0.022902
v 0.012439 0.053375 0.022064
v 0.001015 0.069893 0.020227
v 0.045231 0.009650 0.057000
v 0.010404 0.056266 0.021339
v 0.003760 0.065875 0.020272
v 0.016240 0.047989 0.023563
v 0.005337 0.063566 0.020299
v 0.010808 0.055685 0.021422
v -0.000111 0.071543 0.020208
v 0.052175 0.000243 0.063205
v 0.030050 0.029061 0.034156
v 0.056331 -0.005874 0.063009
v 0.062144 -0.015205 0.056516
v 0.043210 0.012123 0.053061
v 0.047484 0.006723 0.060024
v 0.035354 0.022067 0.040427
v 0.057281 -0.007315 0.062625
v 0.060073 -0.011715 0.060167
v 0.054329 -0.002886 0.063440
v 0.032810 0.025398 0.037229
v 0.058217 -0.008768 0.061974
v 0.041340 0.014429 0.049573
v 0.042461 0.013047 0.051663
v 0.024531 0.036517 0.029049
v 0.027247 0.032816 0.031316
v 0.039480 0.016773 0.046492
v 0.037528 0.019261 0.043494
v 0.049840 0.003529 0.062110
v 0.040662 0.015266 0.048308
v 0.063005 -0.016737 0.054358
v 0.050223 0.003007 0.062422
v 0.059807 -0.011274 0.060570
v 0.044605 0.010402 0.055664
v 0.046118 0.008513 0.058308
v 0.026733 0.033505 0.030796
v 0.052731 -0.000545 0.063428
v 0.055247 -0.004231 0.063447
v 0.031674 0.026885 0.035802
v 0.057645 -0.007868 0.062479
v 0.036335 0.020782 0.041662
v 0.061624 -0.014280 0.057818
v 0.047848 0.006248 0.060480
v 0.021568 0.040567 0.026700
v -0.094539 0.071308 0.033475
v -0.098176 0.077565 0.048453
v -0.096094 0.068574 0.034488
v -0.092387 0.074608 0.032555
v -0.095995 0.080909 0.047518
v -0.092942 0.061884 0.019652
v -0.101679 0.037438 0.027861
v -0.101916 0.033514 0.029400
v -0.101061 0.041102 0.026499
v -0.088166 0.080412 0.030967
v -0.091454 0.087084 0.045832
v -0.097805 0.051630 0.022867
v -0.099073 0.048140 0.024036
v -0.096358 0.055089 0.021746
v -0.100547 0.088729 0.065780
v -0.101675 0.029204 0.031187
v -0.094736 0.058510 0.020673
v -0.090076 0.077837 0.031694
v -0.093653 0.084180 0.046643
v -0.100159 0.044627 0.025247
v -0.098718 0.091208 0.065065
v -0.103744 0.083930 0.067242
v -0.099829 0.076130 0.050705
v -0.101819 0.029422 0.031759
v -0.100611 0.081598 0.057825
v -0.102913 0.035042 0.033390
v -0.101552 0.028477 0.031504
v -0.100097 0.023213 0.030254
v -0.098047 0.016821 0.029013
v -0.086675 0.032494 -0.023582
v -0.090342 0.039022 -0.008073
v -0.087901 0.029113 -0.022458
v -0.083141 0.025939 -0.039060
v -0.085275 0.035847 -0.024663
v -0.088930 0.042403 -0.009162
v -0.091579 0.035610 -0.006938
v -0.084361 0.022577 -0.037942
v -0.081750 0.029271 -0.040134
v -0.021981 -0.074626 0.037182
v -0.024897 -0.069293 0.053312
v -0.018354 -0.075238 0.038112
v -0.019327 -0.079858 0.021008
v -0.025674 -0.073669 0.036101
v -0.028618 -0.068335 0.052226
v -0.021241 -0.069908 0.054249
v -0.015723 -0.080466 0.021931
v -0.022996 -0.078910 0.019935
v -0.063996 -0.047192 0.018254
v -0.067326 -0.041553 0.034184
v -0.060803 -0.050761 0.020288
v -0.060860 -0.052903 0.002363
v -0.067041 -0.043503 0.016200
v -0.070453 -0.037754 0.032070
v -0.064047 -0.045231 0.036277
v -0.057756 -0.056354 0.004333
v -0.063816 -0.049332 0.000373
v -0.088316 0.001000 -0.011260
v -0.086914 -0.003935 -0.009017
v -0.084822 -0.005296 -0.026849
v -0.089534 0.005971 -0.013484
v -0.090565 0.002252 0.006632
v -0.083447 -0.010176 -0.024633
v -0.086014 -0.000381 -0.029045
v -0.037530 -0.068112 0.031636
v -0.040531 -0.062791 0.047756
v -0.033490 -0.070365 0.033302
v -0.034763 -0.073411 0.015510
v -0.041474 -0.065703 0.029926
v -0.044489 -0.060388 0.046045
v -0.036475 -0.065037 0.049421
v -0.030754 -0.075639 0.017160
v -0.038674 -0.071027 0.013816
v -0.078207 -0.028333 0.002411
v -0.081768 -0.022374 0.018169
v -0.076327 -0.031407 0.003998
v -0.074829 -0.034375 -0.013302
v -0.079766 -0.025372 0.000929
v -0.083346 -0.019381 0.016671
v -0.079859 -0.025495 0.019780
v -0.072979 -0.037407 -0.011737
v -0.076373 -0.031440 -0.014770
v -0.090417 0.018736 -0.018770
v -0.090632 0.014914 -0.017278
v -0.086862 0.012266 -0.034278
v -0.089824 0.022292 -0.020084
v -0.093518 0.028731 -0.004545
v -0.087081 0.008474 -0.032798
v -0.086271 0.015798 -0.035583
v -0.011073 -0.075781 0.039703
v -0.013897 -0.070456 0.055853
v -0.008486 -0.081005 0.023512
v -0.051608 -0.058998 0.025326
v -0.054685 -0.053661 0.041424
v -0.048515 -0.061150 0.026772
v -0.048729 -0.064388 0.009257
v -0.054597 -0.056677 0.023831
v -0.057713 -0.051302 0.039907
v -0.051565 -0.055831 0.042883
v -0.045662 -0.066515 0.010689
v -0.051682 -0.062105 0.007785
v -0.083269 -0.016163 -0.003425
v -0.086879 -0.010093 0.012279
v -0.082213 -0.019399 -0.001927
v -0.079853 -0.022290 -0.019096
v -0.084341 -0.012592 -0.005059
v -0.087962 -0.006489 0.010629
v -0.085814 -0.013357 0.013789
v -0.078805 -0.025504 -0.017610
v -0.080914 -0.018746 -0.020718
v -0.071132 -0.040422 -0.064424
v -0.073785 -0.034468 -0.049699
v -0.070092 -0.043621 -0.062945
v -0.068672 -0.046241 -0.078706
v -0.072170 -0.036913 -0.066028
v -0.074830 -0.030954 -0.051305
v -0.072745 -0.037664 -0.048221
v -0.067633 -0.049444 -0.077225
v -0.069702 -0.042737 -0.080305
v -0.074002 0.007137 -0.084040
v -0.076811 0.013231 -0.069401
v -0.075219 0.003782 -0.082924
v -0.071313 0.001139 -0.098207
v -0.072614 0.010461 -0.085112
v -0.075425 0.016550 -0.070470
v -0.078026 0.009882 -0.068287
v -0.072530 -0.002229 -0.097086
v -0.069922 0.004477 -0.099284
v -0.012373 -0.096360 -0.031574
v -0.014151 -0.091651 -0.016184
v -0.008792 -0.096946 -0.030664
v -0.010786 -0.100902 -0.046533
v -0.015990 -0.095475 -0.032611
v -0.017782 -0.090739 -0.017235
v -0.010569 -0.092245 -0.015271
v -0.007201 -0.101478 -0.045625
v -0.014390 -0.100047 -0.047555
v -0.052134 -0.071774 -0.048934
v -0.054542 -0.066148 -0.034031
v -0.049314 -0.074837 -0.047174
v -0.049903 -0.077296 -0.063378
v -0.054806 -0.068592 -0.050715
v -0.057310 -0.062833 -0.035883
v -0.051627 -0.069342 -0.032200
v -0.047174 -0.080230 -0.061687
v -0.052482 -0.074242 -0.065090
v -0.075888 -0.023744 -0.072011
v -0.078612 -0.017709 -0.057331
v -0.074594 -0.028505 -0.069857
v -0.073322 -0.029676 -0.086226
v -0.076999 -0.018946 -0.074144
v -0.079751 -0.012878 -0.059483
v -0.077290 -0.022504 -0.055159
v -0.072071 -0.034388 -0.084101
v -0.074389 -0.024929 -0.088332
v -0.027311 -0.090564 -0.036716
v -0.029276 -0.085573 -0.021475
v -0.023491 -0.092541 -0.035203
v -0.025524 -0.095426 -0.051508
v -0.031035 -0.088432 -0.038274
v -0.033075 -0.083331 -0.023091
v -0.025380 -0.087659 -0.019904
v -0.021788 -0.097278 -0.050061
v -0.029164 -0.093419 -0.053000
v -0.066148 -0.052441 -0.058664
v -0.068799 -0.046480 -0.043941
v -0.064371 -0.055370 -0.057154
v -0.063685 -0.058281 -0.072936
v -0.067665 -0.049544 -0.060112
v -0.070322 -0.043577 -0.045392
v -0.067000 -0.049439 -0.042415
v -0.061928 -0.061185 -0.071440
v -0.065199 -0.055386 -0.074383
v -0.077721 -0.006497 -0.079274
v -0.080521 -0.000384 -0.064640
v -0.077959 -0.010254 -0.077812
v -0.075039 -0.012543 -0.093422
v -0.077125 -0.002982 -0.080571
v -0.079929 0.003130 -0.065937
v -0.080751 -0.004144 -0.063175
v -0.075289 -0.016295 -0.091964
v -0.074438 -0.009020 -0.094721
v 0.002101 -0.097503 -0.028386
v 0.003727 -0.102037 -0.043340
v -0.001571 -0.097484 -0.029086
v -0.003360 -0.092782 -0.013696
v 0.000043 -0.102018 -0.044042
v -0.040761 -0.082229 -0.042596
v -0.042923 -0.076949 -0.027508
v -0.037768 -0.084259 -0.041217
v -0.038761 -0.087416 -0.057218
v -0.043623 -0.080068 -0.044002
v -0.045812 -0.074747 -0.028936
v -0.039907 -0.079015 -0.026111
v -0.035792 -0.089407 -0.055859
v -0.041599 -0.085293 -0.058605
v -0.031943 -0.099372 -0.083434
v -0.065147 -0.053860 -0.107340
v -0.064627 -0.014314 -0.137848
v -0.066536 -0.010039 -0.125181
v -0.065721 -0.017943 -0.136647
v -0.062023 -0.020437 -0.149226
v -0.063253 -0.010890 -0.138955
v -0.065148 -0.006654 -0.126274
v -0.067720 -0.013498 -0.124023
v -0.063145 -0.023771 -0.148156
v -0.060644 -0.017062 -0.150309
v -0.006445 -0.113731 -0.088238
v -0.007908 -0.109535 -0.074881
v -0.002844 -0.114279 -0.087338
v -0.004826 -0.117966 -0.101093
v -0.010016 -0.112969 -0.089217
v -0.011490 -0.108744 -0.075875
v -0.004312 -0.110093 -0.073980
v -0.001223 -0.118506 -0.100196
v -0.008384 -0.117230 -0.102059
v -0.065849 -0.046980 -0.125546
v -0.068373 -0.041273 -0.112996
v -0.064897 -0.051316 -0.123628
v -0.063200 -0.052662 -0.137624
v -0.066626 -0.042589 -0.127449
v -0.069274 -0.036730 -0.114989
v -0.067294 -0.045775 -0.110987
v -0.062387 -0.056816 -0.135807
v -0.063879 -0.048381 -0.139441
v -0.020510 -0.109216 -0.092559
v -0.022201 -0.104682 -0.079380
v -0.017051 -0.110672 -0.091355
v -0.018694 -0.113748 -0.105301
v -0.025640 -0.102958 -0.080700
v -0.018654 -0.106259 -0.078095
v -0.015301 -0.115099 -0.104132
v -0.021956 -0.112259 -0.106491
v -0.067292 -0.029914 -0.132469
v -0.069891 -0.024345 -0.120087
v -0.067357 -0.034035 -0.130924
v -0.064756 -0.035151 -0.144404
v -0.067022 -0.025807 -0.133944
v -0.069436 -0.020612 -0.121502
v -0.070053 -0.028228 -0.118554
v -0.064656 -0.039627 -0.142842
v -0.064561 -0.030913 -0.145828
v 0.008210 -0.114845 -0.085027
v 0.006704 -0.110657 -0.071676
v 0.011966 -0.114696 -0.084378
v 0.009857 -0.119073 -0.097879
v 0.004484 -0.114826 -0.085737
v 0.002991 -0.110637 -0.072384
v 0.010489 -0.110567 -0.071004
v 0.013621 -0.118924 -0.097229
v 0.006122 -0.119054 -0.098592
v -0.023840 -0.121528 -0.145864
v -0.026516 -0.116703 -0.134396
v -0.020986 -0.123343 -0.144597
v -0.021083 -0.126212 -0.157035
v -0.026606 -0.119519 -0.147191
v -0.029279 -0.114705 -0.135719
v -0.023652 -0.118523 -0.133127
v -0.023852 -0.124190 -0.158368
v -0.052008 -0.082748 -0.166063
v -0.054753 -0.077828 -0.154647
v -0.051281 -0.085539 -0.164806
v -0.049183 -0.087526 -0.177184
v -0.052592 -0.079839 -0.167339
v -0.055463 -0.074738 -0.156020
v -0.053917 -0.080775 -0.153306
v -0.048569 -0.090151 -0.176015
v -0.049639 -0.084804 -0.178361
v -0.053965 -0.034509 -0.171510
v -0.055055 -0.038138 -0.170337
v -0.000696 -0.126913 -0.125431
v -0.004225 -0.126212 -0.126378
v 0.002894 -0.127441 -0.124543
v -0.034459 -0.112172 -0.151619
v -0.037034 -0.107505 -0.140069
v -0.031931 -0.114823 -0.150079
v -0.031811 -0.116677 -0.162883
v -0.036837 -0.109400 -0.153180
v -0.039366 -0.104798 -0.141595
v -0.034551 -0.110091 -0.138564
v -0.029233 -0.119402 -0.161304
v -0.034240 -0.113832 -0.164482
v -0.053945 -0.069821 -0.171613
v -0.057224 -0.064128 -0.160607
v -0.053560 -0.073370 -0.170117
v -0.050620 -0.075342 -0.182341
v -0.054187 -0.066178 -0.173119
v -0.057582 -0.060314 -0.162205
v -0.056707 -0.067870 -0.159008
v -0.050349 -0.078717 -0.180936
v -0.011769 -0.127847 -0.141053
v -0.014378 -0.123075 -0.129551
v -0.008488 -0.129044 -0.139954
v -0.014952 -0.126494 -0.142196
v -0.017583 -0.121703 -0.130706
v -0.011075 -0.124290 -0.128441
v -0.047716 -0.093878 -0.160789
v -0.050189 -0.089352 -0.149164
v -0.046021 -0.096702 -0.159336
v -0.045182 -0.098228 -0.172137
v -0.049161 -0.091071 -0.162187
v -0.051660 -0.086506 -0.150582
v -0.048493 -0.092179 -0.147710
v -0.043488 -0.101047 -0.170686
v -0.046599 -0.095464 -0.173512
v -0.053555 -0.055453 -0.177302
v -0.057190 -0.049187 -0.166552
v -0.054011 -0.058959 -0.175982
v -0.052881 -0.051993 -0.178562
v -0.056622 -0.045542 -0.167853
v -0.057570 -0.052831 -0.165190
v -0.095311 0.041949 0.008487
v -0.094060 0.045397 0.007341
v -0.098098 0.027478 0.013765
v -0.097876 0.031371 0.012246
v -0.097270 0.034995 0.010907
v -0.094341 0.008306 0.022163
v -0.095760 0.013324 0.019883
v -0.096992 0.018378 0.017624
v -0.089564 -0.007438 0.029379
v -0.090640 -0.004139 0.027853
v -0.091731 -0.000501 0.026188
v -0.039678 -0.059703 0.065349
v -0.043732 -0.057496 0.063699
v -0.047687 -0.055129 0.062004
v -0.028047 -0.063906 0.069229
v -0.031796 -0.062952 0.068139
v -0.081041 0.016126 -0.053261
v -0.079826 0.019477 -0.054376
v -0.078439 0.022797 -0.055446
v -0.083760 0.002082 -0.048141
v -0.083536 0.005853 -0.049611
v -0.082945 0.009371 -0.050911
v -0.080220 -0.016392 -0.040064
v -0.081566 -0.011563 -0.042255
v -0.082729 -0.006698 -0.044425
v -0.075634 -0.031612 -0.033095
v -0.076677 -0.028412 -0.034575
v -0.077728 -0.024889 -0.036187
v -0.069856 -0.043437 -0.027262
v -0.071679 -0.040444 -0.028807
v -0.073211 -0.037528 -0.030265
v -0.054946 -0.061959 -0.011423
v -0.057957 -0.058633 -0.013324
v -0.060820 -0.055188 -0.015246
v -0.043042 -0.071881 -0.005198
v -0.046083 -0.069782 -0.006613
v -0.049002 -0.067539 -0.008063
v -0.028301 -0.080814 0.001165
v -0.032261 -0.078641 -0.000453
v -0.036125 -0.076313 -0.002116
v -0.013379 -0.085544 0.005877
v -0.016968 -0.084943 0.004959
v -0.020616 -0.084009 0.003896
v -0.006167 -0.086081 0.007453
v -0.092639 0.032178 -0.005761
v -0.088952 0.025709 -0.021290
v -0.085405 0.019194 -0.036782
v -0.080190 0.032565 -0.041161
v -0.017593 -0.070267 0.055081
v -0.014737 -0.075594 0.038936
v -0.012128 -0.080819 0.022751
v -0.026787 -0.077532 0.018668
v -0.029492 -0.072278 0.034824
v -0.032459 -0.066945 0.050944
v -0.060787 -0.048558 0.038227
v -0.057617 -0.053994 0.022186
v -0.054648 -0.059488 0.006176
v -0.066478 -0.045839 -0.001530
v -0.069777 -0.039907 0.014242
v -0.073261 -0.034062 0.030060
v -0.089158 -0.002416 0.008771
v -0.085524 -0.008558 -0.006900
v -0.082081 -0.014750 -0.022541
v -0.086830 0.004299 -0.031077
v -0.090371 0.010701 -0.015539
v -0.042353 -0.068668 0.012177
v -0.045182 -0.063321 0.028272
v -0.048213 -0.058008 0.044388
v -0.077676 -0.028513 -0.016190
v -0.081077 -0.022427 -0.000499
v -0.084668 -0.016411 0.015230
v -0.070147 -0.007892 -0.110888
v -0.068981 -0.004448 -0.112055
v -0.067613 -0.001065 -0.113156
v -0.072681 -0.022277 -0.105571
v -0.072457 -0.018483 -0.107055
v -0.071910 -0.014884 -0.108401
v -0.069658 -0.040147 -0.097830
v -0.070841 -0.035517 -0.099911
v -0.071839 -0.030850 -0.101971
v -0.065324 -0.055096 -0.091017
v -0.066361 -0.051889 -0.092499
v -0.067377 -0.048396 -0.094092
v -0.059628 -0.066840 -0.085233
v -0.061368 -0.063957 -0.086718
v -0.062880 -0.061062 -0.088164
v -0.045080 -0.085448 -0.075602
v -0.047719 -0.082638 -0.077221
v -0.050215 -0.079711 -0.078872
v -0.033875 -0.094406 -0.069853
v -0.036780 -0.092474 -0.071210
v -0.039601 -0.090370 -0.072585
v -0.020208 -0.101790 -0.064310
v -0.023842 -0.100085 -0.065670
v -0.027377 -0.098231 -0.067077
v -0.005729 -0.105856 -0.060086
v -0.009320 -0.105289 -0.060991
v -0.012912 -0.104466 -0.061999
v 0.005242 -0.106418 -0.057792
v 0.001544 -0.106398 -0.058497
v -0.071620 -0.040661 -0.046807
v -0.068966 -0.046623 -0.061529
v -0.066503 -0.052456 -0.075804
v -0.070808 -0.038823 -0.082084
v -0.073296 -0.032979 -0.067818
v -0.075968 -0.027006 -0.053104
v -0.079066 0.006513 -0.067131
v -0.076261 0.000407 -0.081767
v -0.073573 -0.005619 -0.095923
v -0.071057 0.013748 -0.086137
v -0.006988 -0.092597 -0.014454
v -0.005205 -0.097298 -0.029846
v -0.003602 -0.101832 -0.044804
v -0.018046 -0.098858 -0.048722
v -0.019682 -0.094224 -0.033809
v -0.021509 -0.089434 -0.018462
v -0.048678 -0.072261 -0.030474
v -0.046444 -0.077646 -0.045506
v -0.044379 -0.082933 -0.060076
v -0.054831 -0.071178 -0.066761
v -0.057231 -0.065423 -0.052443
v -0.059814 -0.059556 -0.037670
v -0.075101 -0.020388 -0.090288
v -0.077748 -0.014366 -0.076123
v -0.080525 -0.008270 -0.061478
v -0.032617 -0.091373 -0.054471
v -0.034556 -0.086284 -0.039800
v -0.036659 -0.081093 -0.024664
v -0.059727 -0.030648 -0.159305
v -0.058679 -0.027220 -0.160373
v -0.057331 -0.023802 -0.161452
v -0.061260 -0.046171 -0.154190
v -0.061174 -0.042011 -0.155668
v -0.060931 -0.037856 -0.157059
v -0.059684 -0.062319 -0.147582
v -0.060346 -0.058372 -0.149290
v -0.060856 -0.054333 -0.150993
v -0.057349 -0.072813 -0.142933
v -0.058169 -0.069568 -0.144389
v -0.025895 -0.113710 -0.121178
v -0.013309 -0.119618 -0.116460
v -0.016648 -0.118347 -0.117595
v -0.019887 -0.116922 -0.118774
v 0.000655 -0.122863 -0.112586
v -0.002944 -0.122329 -0.113480
v -0.006489 -0.121615 -0.114435
v 0.011741 -0.123431 -0.110268
v 0.008004 -0.123411 -0.110981
v -0.028907 -0.101171 -0.082071
v -0.061498 -0.060774 -0.134052
v -0.066171 -0.050038 -0.109065
v -0.068691 -0.017022 -0.122799
v -0.066514 -0.021787 -0.135343
v -0.063995 -0.027170 -0.147061
v -0.059030 -0.013647 -0.151395
v -0.061613 -0.007659 -0.139976
v -0.063569 -0.003339 -0.127309
v -0.000684 -0.110449 -0.073152
v 0.000796 -0.114637 -0.086509
v 0.002425 -0.118864 -0.099365
v -0.011901 -0.116286 -0.103101
v -0.013565 -0.111971 -0.090286
v -0.015074 -0.107685 -0.076975
v -0.064387 -0.044007 -0.141202
v -0.067157 -0.038233 -0.129267
v -0.069876 -0.032320 -0.116875
v -0.020678 -0.120183 -0.131900
v -0.018028 -0.124990 -0.143379
v -0.026561 -0.121932 -0.159785
v -0.029298 -0.117293 -0.148592
v -0.031954 -0.112507 -0.137105
v -0.052903 -0.083647 -0.151964
v -0.050351 -0.088288 -0.163528
v -0.047730 -0.092767 -0.174807
v -0.050005 -0.081898 -0.179596
v -0.053090 -0.076738 -0.168677
v -0.056097 -0.071440 -0.157462
v -0.055910 -0.041855 -0.169112
v -0.007687 -0.125338 -0.127382
v -0.036464 -0.110941 -0.166061
v -0.039019 -0.106567 -0.154727
v -0.041511 -0.102017 -0.143115
v -0.054229 -0.062528 -0.174591
v -0.057715 -0.056523 -0.163748
v -0.096382 0.038479 0.009677
v -0.097837 0.023189 0.015535
v -0.092932 0.003605 0.024315
v -0.051413 -0.052776 0.060358
v -0.035656 -0.061579 0.066860
v -0.076884 0.026081 -0.056469
v -0.082082 0.012755 -0.052105
v -0.083522 -0.002061 -0.046435
v -0.078879 -0.020922 -0.037994
v -0.074509 -0.034611 -0.031680
v -0.063403 -0.051801 -0.017092
v -0.051917 -0.064987 -0.009637
v -0.039762 -0.074002 -0.003728
v -0.024376 -0.082660 0.002647
v -0.009796 -0.085896 0.006694
v -0.066047 0.002249 -0.114190
v -0.071118 -0.011382 -0.109664
v -0.072502 -0.026366 -0.103895
v -0.068450 -0.044516 -0.095850
v -0.064190 -0.058120 -0.089590
v -0.052572 -0.076778 -0.080583
v -0.042359 -0.088044 -0.074041
v -0.030741 -0.096315 -0.068484
v -0.016532 -0.103342 -0.063132
v -0.002116 -0.106211 -0.059263
v -0.057018 -0.020154 -0.159159
v -0.060453 -0.034052 -0.158271
v -0.061179 -0.050243 -0.152644
v -0.058931 -0.066090 -0.145928
v -0.022978 -0.115373 -0.119980
v -0.009976 -0.120714 -0.115454
v 0.004306 -0.123222 -0.111754
v -0.064567 -0.052657 -0.123027
v -0.064652 -0.056100 -0.102763
v -0.054121 -0.081253 -0.146053
v -0.064683 -0.055479 -0.106603
v -0.059310 -0.067627 -0.087150
v -0.059560 -0.066644 -0.137628
v -0.062589 -0.061780 -0.089906
v -0.061304 -0.061580 -0.133692
v -0.057492 -0.072510 -0.142212
v -0.064698 -0.054934 -0.109920
v -0.052841 -0.084174 -0.144737
v -0.049629 -0.089930 -0.142027
v -0.061063 -0.064711 -0.088545
v -0.055341 -0.077997 -0.146607
v -0.063913 -0.058803 -0.091250
v -0.061784 -0.060133 -0.132576
v -0.064498 -0.052189 -0.125560
v -0.064217 -0.052806 -0.126925
v -0.051344 -0.087067 -0.143395
v -0.064648 -0.053631 -0.117524
v -0.057234 -0.073197 -0.142757
v -0.064500 -0.057131 -0.095978
v -0.055044 -0.078687 -0.147174
v -0.064468 -0.052039 -0.126336
v -0.064320 -0.057721 -0.091726
v -0.082815 -0.020850 0.032393
v -0.049038 -0.083454 -0.182953
v -0.051684 -0.066745 -0.182300
v -0.050686 -0.073744 -0.182995
v -0.095949 0.010748 0.028542
v -0.092532 0.048742 0.006283
v -0.090858 -0.003815 0.028713
v -0.048457 -0.086710 -0.182657
v -0.084890 -0.017471 0.031352
v -0.052588 -0.052482 -0.179427
v -0.052707 -0.042123 -0.175965
v -0.044930 -0.098182 -0.180610
v -0.054194 -0.025080 -0.165467
v -0.047820 -0.089731 -0.182385
v -0.086638 -0.014205 0.030482
v -0.053398 -0.032360 -0.170760
v -0.093940 0.005125 0.028294
v -0.048317 -0.054159 0.064948
v -0.043446 -0.101058 -0.179621
v -0.052688 -0.047382 -0.177732
v -0.047104 -0.092529 -0.181868
v -0.050401 -0.075693 -0.183043
v -0.008015 -0.129861 -0.141869
v -0.088137 -0.010948 0.029711
v -0.052100 -0.062132 -0.181684
v -0.046175 -0.095298 -0.181259
v -0.010755 -0.129591 -0.145162
v -0.052450 -0.057293 -0.180574
v -0.041687 -0.103982 -0.178470
v -0.053117 -0.036678 -0.173144
v -0.051033 -0.071406 -0.182936
v -0.049683 -0.079788 -0.183155
v -0.052580 -0.050816 -0.178977
v -0.092300 0.000353 0.028434
v -0.083366 -0.019952 0.032026
v -0.049483 -0.080892 -0.183186
v -0.044553 -0.098906 -0.180443
v -0.047643 -0.090415 -0.182324
v -0.091343 -0.002379 0.028513
v -0.087834 -0.011599 0.029802
v -0.040186 -0.106176 -0.177583
v -0.094618 0.007080 0.028237
v -0.090925 0.065080 0.018366
v -0.088803 0.068337 0.017460
v -0.084906 0.073764 0.015970
v -0.080071 0.045646 -0.027611
v -0.083681 0.052286 -0.012136
v -0.081969 0.042430 -0.026680
v -0.076578 0.039010 -0.043064
v -0.078016 0.048800 -0.028489
v -0.081609 0.055467 -0.013021
v -0.085596 0.049043 -0.011197
v -0.078464 0.035814 -0.042138
v -0.074979 0.043245 -0.041603
v -0.074759 0.053202 -0.029682
v -0.078178 0.060131 -0.014292
v -0.067453 0.020179 -0.088036
v -0.070273 0.026251 -0.073389
v -0.069336 0.016990 -0.087112
v -0.064740 0.014220 -0.102214
v -0.065284 0.023347 -0.088968
v -0.068167 0.029345 -0.074299
v -0.072152 0.023068 -0.072467
v -0.066631 0.011024 -0.101289
v -0.062692 0.017354 -0.103084
v -0.057755 -0.001811 -0.141750
v -0.059864 0.003067 -0.129197
v -0.059870 -0.004706 -0.140899
v -0.055216 -0.007048 -0.153480
v -0.055428 0.000940 -0.142514
v -0.057737 0.006139 -0.130035
v -0.061808 -0.000096 -0.128285
v -0.057317 -0.010311 -0.152469
v -0.052862 -0.004158 -0.154340
v -0.081631 0.067092 0.000940
v -0.087327 0.058806 0.003233
v -0.085232 0.062021 0.002338
v -0.086523 0.071523 0.016612
v -0.075164 0.029319 -0.057444
v -0.073284 0.032503 -0.058367
v -0.071228 0.035652 -0.059255
v -0.083705 0.039162 -0.025696
v -0.087347 0.045746 -0.010205
v -0.075808 0.051885 -0.029310
v -0.079382 0.058579 -0.013849
v -0.064288 0.005485 -0.115154
v -0.062338 0.008636 -0.116045
v -0.060209 0.011699 -0.116865
v -0.068360 0.007774 -0.100312
v -0.073871 0.019831 -0.071494
v -0.082981 0.065167 0.001501
v -0.052414 -0.003702 -0.154633
v -0.057385 0.006628 -0.130220
v -0.059849 0.011894 -0.116939
v -0.054921 0.001456 -0.142741
v -0.062493 0.017486 -0.103169
v -0.052061 -0.004409 -0.156165
v -0.062813 -0.001940 -0.127730
v -0.089176 0.055445 0.004156
v -0.090918 0.052066 0.005045
v -0.074313 0.027552 -0.061690
v -0.070416 0.033962 -0.063295
v -0.076010 0.024268 -0.060828
v -0.072454 0.030780 -0.062508
v -0.056926 -0.011140 -0.153984
v -0.052489 -0.004910 -0.155947
v -0.054826 -0.007847 -0.155099
v -0.036503 -0.060244 0.070739
v 0.002462 -0.097485 -0.028325
v -0.020949 -0.126430 -0.157570
v -0.006683 -0.081011 0.023855
v 0.006102 -0.126905 -0.121376
v -0.013393 -0.129166 -0.148529
v 0.014051 -0.119916 -0.100050
v -0.069177 -0.038622 0.042586
v 0.012990 -0.114607 -0.084220
v -0.009354 -0.075786 0.040030
v 0.001486 -0.095895 -0.023136
v -0.020110 -0.126834 -0.156602
v -0.028255 -0.063570 0.070196
v -0.015275 -0.068012 0.063093
v -0.051574 -0.052529 0.061114
v -0.044628 -0.056106 0.067850
v -0.063000 -0.045019 0.048783
v -0.003931 -0.086090 0.007878
v -0.000353 -0.092795 -0.013123
v -0.026149 -0.064223 0.069714
v -0.005293 -0.129759 -0.138129
v -0.011904 -0.070463 0.056233
v -0.019885 -0.066254 0.066960
v 0.008989 -0.125436 -0.116271
v -0.025711 -0.123309 -0.163198
v -0.023367 -0.124977 -0.160306
v -0.032377 -0.062028 0.070807
v 0.005282 -0.101972 -0.043072
v 0.014320 -0.118865 -0.097121
v -0.030457 -0.118874 -0.168499
v -0.066055 -0.042038 0.045629
v 0.000375 -0.128909 -0.130307
v -0.002436 -0.129533 -0.134472
v -0.034845 -0.113576 -0.173010
v -0.028129 -0.121190 -0.165797
v -0.032744 -0.116263 -0.170807
v 0.004554 -0.127604 -0.124164
v -0.024119 -0.064929 0.068969
v -0.054551 -0.050978 0.057720
v -0.052763 -0.051905 0.059754
v -0.006070 -0.129787 -0.139200
v 0.008007 -0.106304 -0.057315
v -0.074979 -0.031358 0.037503
v -0.072192 -0.035011 0.039764
v -0.018514 -0.127554 -0.154629
v 0.003265 -0.128136 -0.126242
v -0.057384 -0.049298 0.054722
v -0.015997 -0.128462 -0.151638
v -0.060158 -0.047371 0.051794
v -0.040645 -0.058191 0.069797
v -0.055588 -0.050386 0.056485
v -0.013417 -0.068865 0.060851
v -0.011989 -0.070270 0.056808
v -0.039957 -0.058504 0.070084
v -0.020462 -0.066025 0.067390
v -0.049331 -0.053672 0.063644
v -0.046860 -0.054906 0.066207
v -0.030761 -0.118534 -0.168880
v 0.014146 -0.117004 -0.091530
v -0.014243 -0.128977 -0.149698
v -0.072716 -0.034329 0.039245
v -0.035415 -0.060669 0.070917
v 0.008598 -0.125733 -0.117237
v -0.030455 -0.062688 0.070728
v -0.002106 -0.129493 -0.134080
v -0.067336 -0.040650 0.044214
v 0.003637 -0.128026 -0.125759
v -0.025340 -0.064472 0.069529
v -0.061717 -0.046100 0.049993
v -0.035483 -0.112699 -0.173714
v 0.012377 -0.122872 -0.108627
v -0.016344 -0.067462 0.064442
v -0.044006 -0.056405 0.068284
v -0.077989 -0.027341 0.035159
v -0.034698 -0.097561 -0.084762
v -0.033947 -0.107772 -0.125048
v -0.037457 -0.095510 -0.086103
v -0.028569 -0.111958 -0.122318
v 0.036730 -0.061833 -0.033058
v 0.034351 -0.058781 -0.036562
v -0.031271 -0.109973 -0.123604
v -0.027944 -0.109009 -0.108963
v 0.031597 -0.055042 -0.038949
v -0.030581 -0.107261 -0.110098
v 0.040199 -0.065107 -0.018513
v 0.028658 -0.050871 -0.040057
v -0.025033 -0.110687 -0.107729
v -0.016606 -0.021861 -0.042936
v -0.026978 -0.105980 -0.095123
v 0.039758 -0.065108 -0.023715
v 0.038575 -0.063992 -0.028676
v -0.029933 -0.104268 -0.096464
v -0.023837 -0.107626 -0.093790
v 0.039430 -0.062972 -0.010424
v 0.039866 -0.063985 -0.013425
v 0.015143 -0.080848 -0.011324
v 0.002782 -0.089280 -0.010274
v 0.006467 -0.085457 -0.007623
v 0.030573 -0.042387 0.050591
v 0.003594 -0.059641 0.055483
v -0.002391 -0.064872 0.053392
v -0.006976 -0.066850 0.056381
v 0.017249 -0.020687 0.097751
v 0.006080 -0.004327 0.096522
v 0.009387 -0.017922 0.140467
v -0.008969 -0.030443 0.142026
v 0.038992 0.003653 0.058913
v 0.015460 -0.119010 -0.099735
v -0.050856 -0.030662 -0.170990
v 0.015749 -0.120481 -0.108134
v 0.015450 -0.121101 -0.116638
v 0.014566 -0.120862 -0.125121
v -0.059351 -0.015867 -0.152197
v -0.041366 -0.018725 -0.145220
v 0.013111 -0.119767 -0.133456
v 0.011106 -0.117831 -0.141520
v 0.008580 -0.115085 -0.149193
v 0.005573 -0.111568 -0.156361
v 0.002127 -0.107333 -0.162917
v -0.001706 -0.102442 -0.168764
v -0.005868 -0.096969 -0.173816
v -0.010298 -0.090995 -0.177997
v -0.014930 -0.084609 -0.181244
v -0.019696 -0.077905 -0.183511
v -0.024524 -0.070982 -0.184763
v -0.029342 -0.063945 -0.184981
v -0.034080 -0.056897 -0.184163
v -0.038667 -0.049943 -0.182319
v -0.043035 -0.043186 -0.179479
v -0.047118 -0.036727 -0.175684
v -0.019333 -0.076550 -0.168363
v -0.011790 -0.086978 -0.163303
v 0.005458 -0.103340 -0.091658
v 0.001930 -0.096720 -0.080039
v 0.007129 -0.107423 -0.104764
v -0.032601 -0.044143 -0.064352
v -0.036554 -0.035468 -0.041242
v -0.028205 -0.047174 -0.036942
v 0.001490 -0.089287 -0.025525
v 0.002674 -0.090403 -0.020564
v -0.051854 -0.025878 -0.144329
v -0.024863 -0.055046 -0.060817
v -0.019704 -0.059444 -0.035396
v -0.047538 -0.033536 -0.155005
v -0.005013 -0.095904 -0.155202
v 0.006839 -0.108713 -0.118529
v -0.017065 -0.066466 -0.060719
v -0.011350 -0.071848 -0.036659
v -0.008426 -0.076166 -0.036906
v 0.004606 -0.107127 -0.132084
v 0.000570 -0.102765 -0.144572
v -0.041727 -0.043070 -0.163165
v 0.003115 -0.090402 -0.015362
v -0.009699 -0.077682 -0.064065
v -0.005487 -0.080337 -0.035798
v -0.034790 -0.053879 -0.168291
v -0.003232 -0.087984 -0.070644
v -0.002734 -0.084076 -0.033411
v -0.000354 -0.087128 -0.029907
v -0.027164 -0.065279 -0.170061
v 0.001011 -0.063416 -0.037709
v -0.094916 0.071913 0.074680
v -0.043744 -0.005803 0.053037
v -0.048634 0.000870 0.049062
v -0.087448 0.058864 0.057811
v -0.091065 0.064901 0.063703
v 0.037480 0.005541 0.056269
v -0.083385 0.052291 0.052858
v 0.014583 -0.116706 -0.091567
v 0.052681 -0.016134 0.061176
v 0.009630 -0.105197 -0.057453
v -0.078942 0.045288 0.048926
v 0.015178 -0.118280 -0.097194
v 0.043097 -0.001853 0.063028
v 0.007571 -0.100411 -0.043267
v 0.055880 -0.021598 0.054963
v -0.074192 0.037969 0.046077
v 0.033537 0.010406 0.048914
v 0.000198 -0.083274 0.007527
v -0.069212 0.030453 0.044359
v 0.042715 -0.001331 0.062715
v 0.030403 0.014401 0.044099
v 0.004688 -0.093711 -0.023408
v -0.064082 0.022863 0.043799
v 0.032355 0.011913 0.047098
v -0.004460 -0.072449 0.039614
v -0.058886 0.015321 0.044406
v 0.035335 0.008187 0.052269
v 0.013523 -0.114243 -0.084266
v -0.053709 0.007950 0.046170
v -0.002116 -0.077896 0.023467
v 0.005439 -0.095455 -0.028577
v 0.034215 0.009569 0.050179
v 0.051091 -0.013628 0.062579
v -0.013366 -0.024334 0.139327
v -0.038141 0.018511 0.191689
v -0.022913 0.016122 0.187520
v 0.005638 0.048372 0.187969
v -0.028665 0.024974 0.190884
v -0.032389 0.009659 0.188325
v -0.004210 0.006664 0.177821
v -0.021978 -0.006824 0.178538
v -0.000446 0.000395 0.171787
v -0.018385 -0.012834 0.172572
v 0.002838 -0.005274 0.164933
v -0.015250 -0.018269 0.165844
v 0.005597 -0.010262 0.157356
v -0.012613 -0.023057 0.158444
v 0.007791 -0.014499 0.149163
v -0.010509 -0.027134 0.150470
v 0.008473 -0.037325 -0.015644
v 0.004714 -0.024172 0.042612
v 0.009416 -0.043883 -0.037899
v 0.010312 -0.007485 0.039263
v 0.007625 -0.008274 0.039220
v 0.008884 -0.007680 0.039182
v 0.035002 -0.052680 0.020084
v -0.017657 -0.051769 -0.131441
v -0.031240 -0.035917 -0.164055
v -0.019595 -0.048684 -0.129483
v -0.008163 -0.061970 -0.101599
v -0.010251 -0.058724 -0.100111
v 0.000788 -0.070529 -0.064956
v -0.024303 -0.046726 -0.169182
v -0.015452 -0.055125 -0.132433
v 0.007255 -0.080830 -0.071535
v -0.006406 -0.064845 -0.103996
v -0.058274 0.014018 -0.081350
v -0.051040 0.004241 -0.074691
v -0.060874 0.017507 -0.083935
v -0.063167 0.020584 -0.086219
v -0.064991 0.023026 -0.088087
v -0.016677 -0.058126 -0.170952
v -0.013120 -0.058540 -0.132399
v -0.022113 -0.036990 -0.065243
v -0.047357 -0.000522 -0.069592
v -0.041153 -0.008212 -0.058297
v 0.012416 -0.089567 -0.080931
v -0.033972 -0.017586 -0.049034
v -0.005088 -0.067170 -0.107153
v -0.026067 -0.028315 -0.042132
v -0.008846 -0.069396 -0.169254
v -0.010806 -0.061800 -0.131340
v 0.015944 -0.096186 -0.092549
v -0.004294 -0.068797 -0.110872
v -0.001303 -0.079824 -0.164194
v -0.008656 -0.064701 -0.129323
v -0.021994 -0.042881 -0.111130
v -0.049671 0.002467 -0.072830
v 0.017616 -0.100270 -0.105655
v -0.004073 -0.069625 -0.114918
v -0.020802 -0.044162 -0.107383
v 0.005474 -0.088751 -0.156093
v -0.006805 -0.067060 -0.126474
v -0.022647 -0.042429 -0.115189
v 0.017326 -0.101559 -0.119420
v -0.004439 -0.069602 -0.119038
v -0.019145 -0.046191 -0.104182
v 0.011057 -0.095612 -0.145462
v -0.005369 -0.068728 -0.122972
v 0.015093 -0.099973 -0.132975
v -0.022720 -0.042834 -0.119305
v -0.017129 -0.048842 -0.101730
v -0.022208 -0.044071 -0.123218
v -0.014879 -0.051947 -0.100179
v -0.014376 -0.047893 -0.061708
v -0.021144 -0.046063 -0.126683
v -0.037050 -0.026383 -0.155896
v -0.012538 -0.055311 -0.099628
v -0.006578 -0.059313 -0.061610
v -0.022098 -0.095073 -0.135386
v -0.017421 -0.097666 -0.101160
v -0.031587 -0.074253 -0.079920
v 0.020379 -0.051265 -0.039104
v 0.017333 -0.050398 -0.038666
v 0.023046 -0.051404 -0.039485
v 0.025318 -0.050996 -0.039781
v 0.009829 -0.027119 -0.039468
v 0.026536 -0.050531 -0.039920
v 0.008623 -0.028572 -0.039271
v 0.007355 -0.030981 -0.038944
v 0.006674 -0.033754 -0.038591
v 0.006689 -0.036985 -0.038241
v 0.007539 -0.040343 -0.037989
v 0.011584 -0.046529 -0.038002
v 0.014365 -0.048820 -0.038278
v -0.017609 -0.024790 0.085724
v -0.020485 -0.021583 0.077619
v -0.015307 -0.027096 0.094305
v -0.013616 -0.028464 0.103222
v -0.087847 0.076733 0.074077
v -0.012565 -0.028870 0.112331
v -0.083997 0.069722 0.063102
v -0.012171 -0.028308 0.121484
v -0.012439 -0.026788 0.130531
v -0.080380 0.063685 0.057211
v -0.076317 0.057112 0.052258
v -0.071874 0.050109 0.048326
v -0.067124 0.042790 0.045477
v -0.062144 0.035274 0.043758
v -0.057014 0.027684 0.043198
v -0.051818 0.020142 0.043805
v -0.046641 0.012771 0.045569
v -0.041566 0.005691 0.048462
v -0.036676 -0.000982 0.052436
v -0.032051 -0.007142 0.057428
v -0.027765 -0.012686 0.063356
v -0.023889 -0.017526 0.070122
v 0.007745 -0.022804 -0.020071
v 0.006783 -0.034339 -0.016737
v 0.005875 -0.031248 -0.017769
v 0.005735 -0.028157 -0.018710
v 0.006373 -0.025277 -0.019495
v 0.013417 -0.041801 -0.013718
v 0.010760 -0.039903 -0.014601
v 0.016339 -0.042994 -0.013013
v 0.019327 -0.043402 -0.012536
v 0.022177 -0.042995 -0.012319
v 0.024694 -0.041802 -0.012376
v -0.040940 -0.069067 -0.148372
v -0.055106 -0.045653 -0.127131
v -0.028218 -0.084313 -0.121031
v -0.027288 -0.085187 -0.117097
v -0.029653 -0.082645 -0.124533
v -0.035968 -0.074125 -0.130458
v -0.033654 -0.077385 -0.129399
v -0.031504 -0.080286 -0.127382
v -0.038301 -0.070710 -0.130492
v -0.040505 -0.067354 -0.129499
v -0.042443 -0.064269 -0.127541
v -0.043993 -0.061648 -0.124742
v -0.045057 -0.059656 -0.121277
v -0.045569 -0.058419 -0.117363
v -0.045496 -0.058014 -0.113248
v -0.044842 -0.058466 -0.109189
v -0.043650 -0.059747 -0.105441
v -0.041994 -0.061776 -0.102241
v -0.039977 -0.064427 -0.099789
v -0.037728 -0.067532 -0.098238
v -0.035386 -0.070896 -0.097687
v -0.033100 -0.074309 -0.098170
v -0.031012 -0.077555 -0.099657
v -0.029254 -0.080430 -0.102055
v -0.027937 -0.082755 -0.105212
v -0.027143 -0.084382 -0.108931
v -0.026922 -0.085210 -0.112977
v -0.050429 -0.048246 -0.092906
v 0.024782 -0.041742 -0.012383
v 0.069455 -0.019199 -0.125316
v 0.069821 -0.019222 -0.121196
v 0.068525 -0.018325 -0.129250
v 0.067089 -0.016657 -0.132752
v 0.060775 -0.008137 -0.138677
v 0.063089 -0.011397 -0.137618
v 0.065238 -0.014298 -0.135601
v 0.058442 -0.004721 -0.138711
v 0.056238 -0.001366 -0.137719
v 0.054300 0.001719 -0.135761
v 0.052750 0.004340 -0.132961
v 0.051686 0.006332 -0.129496
v 0.051174 0.007569 -0.125583
v 0.051247 0.007974 -0.121467
v 0.051901 0.007522 -0.117408
v 0.053093 0.006241 -0.113661
v 0.056765 0.001561 -0.108008
v 0.054749 0.004212 -0.110460
v 0.059015 -0.001544 -0.106457
v 0.061357 -0.004908 -0.105906
v 0.063643 -0.008321 -0.106389
v 0.065731 -0.011567 -0.107877
v 0.067489 -0.014442 -0.110274
v 0.068806 -0.016767 -0.113431
v 0.069600 -0.018394 -0.117150
v 0.077063 -0.028803 -0.112883
v 0.077464 -0.030309 -0.120240
v 0.076799 -0.030266 -0.127730
v 0.061016 -0.010154 -0.152024
v 0.065224 -0.016082 -0.150098
v 0.075108 -0.028678 -0.134883
v 0.072498 -0.025644 -0.141250
v 0.056775 -0.003944 -0.152086
v 0.069133 -0.021356 -0.146430
v 0.052767 0.002157 -0.150280
v 0.049244 0.007767 -0.146720
v 0.046426 0.012531 -0.141631
v 0.044491 0.016153 -0.135330
v 0.043561 0.018402 -0.128215
v 0.043694 0.019139 -0.120733
v 0.044882 0.018318 -0.113353
v 0.047049 0.015989 -0.106539
v 0.050061 0.012298 -0.100719
v 0.053727 0.007479 -0.096260
v 0.057817 0.001833 -0.093441
v 0.062075 -0.004284 -0.092440
v 0.066232 -0.010488 -0.093319
v 0.070028 -0.016390 -0.096023
v 0.073224 -0.021618 -0.100382
v 0.075619 -0.025845 -0.106122
v -0.095516 0.069122 0.045199
v -0.101502 0.079404 0.057295
v -0.097324 0.072135 0.048109
v -0.099036 0.075029 0.051191
v -0.079924 0.044357 0.029899
v -0.093674 0.066091 0.042554
v 0.011611 -0.109801 -0.071099
v -0.089566 0.059451 0.037588
v -0.095716 0.069455 0.045521
v -0.082784 0.048772 0.031679
v -0.091627 0.062765 0.039935
v -0.090484 0.060926 0.038630
v -0.087495 0.056155 0.035514
v -0.079415 0.043576 0.029624
v -0.076582 0.039253 0.028256
v -0.073035 0.033882 0.026888
v -0.059054 0.013373 0.026787
v -0.050502 0.001191 0.029647
v -0.069576 0.028737 0.026301
v -0.061186 0.016424 0.026192
v -0.052793 0.004422 0.028625
v -0.054917 0.007432 0.027787
v -0.066340 0.023950 0.025950
v -0.022124 -0.036293 0.062722
v -0.056951 0.010323 0.027061
v -0.063595 0.019932 0.025995
v -0.051116 0.002046 0.029286
v -0.062019 0.017623 0.026021
v -0.056547 0.009742 0.027144
v -0.067467 0.025600 0.025931
v -0.015181 -0.045700 0.068927
v -0.037305 -0.016882 0.039878
v -0.011025 -0.051817 0.068732
v -0.005212 -0.061148 0.062238
v -0.024145 -0.033820 0.058784
v -0.019871 -0.039220 0.065746
v -0.032002 -0.023876 0.046150
v -0.010074 -0.053258 0.068348
v -0.007282 -0.057657 0.065889
v -0.013026 -0.048829 0.069162
v -0.034546 -0.020545 0.042952
v -0.009139 -0.054711 0.067697
v -0.026015 -0.031514 0.055296
v -0.024894 -0.032896 0.057386
v -0.042825 -0.009426 0.034772
v -0.040108 -0.013126 0.037039
v -0.027875 -0.029170 0.052215
v -0.029827 -0.026682 0.049217
v -0.017515 -0.042414 0.067832
v -0.026693 -0.030677 0.054031
v -0.004350 -0.062680 0.060081
v -0.017132 -0.042936 0.068145
v -0.007549 -0.057217 0.066293
v -0.022750 -0.035541 0.061386
v -0.021238 -0.037430 0.064030
v -0.040622 -0.012437 0.036518
v -0.014624 -0.046488 0.069151
v -0.012108 -0.050174 0.069170
v -0.035681 -0.019058 0.041524
v -0.009710 -0.053810 0.068201
v -0.031020 -0.025161 0.047384
v -0.005732 -0.060223 0.063541
v -0.019508 -0.039695 0.066202
v -0.045787 -0.005376 0.032423
v 0.082369 0.002860 -0.094553
v 0.092303 -0.016896 -0.136418
v 0.091269 -0.016074 -0.108975
v 0.091743 -0.015892 -0.138267
v 0.093044 -0.018566 -0.130759
v 0.089589 -0.012369 -0.144045
v 0.084758 -0.001604 -0.095945
v 0.093188 -0.019483 -0.123109
v 0.091073 -0.014679 -0.140496
v 0.079955 0.006939 -0.094015
v 0.089577 -0.012103 -0.103320
v 0.093160 -0.019583 -0.121870
v 0.090301 -0.013501 -0.142763
v 0.093202 -0.019077 -0.129124
v 0.093153 -0.019607 -0.121573
v 0.092345 -0.018380 -0.114181
v 0.090948 -0.015389 -0.107424
v 0.083290 0.001147 -0.094768
v -0.035984 -0.105877 -0.126231
v -0.029366 -0.105620 -0.100028
v -0.029314 -0.105744 -0.100355
v -0.032880 -0.101858 -0.095999
v -0.031745 -0.103074 -0.097300
v -0.034711 -0.105990 -0.120460
v -0.052275 -0.077454 -0.082258
v -0.039908 -0.093459 -0.087410
v -0.040366 -0.102450 -0.135743
v -0.036342 -0.105849 -0.127828
v -0.044031 -0.087933 -0.082008
v -0.032304 -0.105980 -0.110896
v -0.031150 -0.105925 -0.106614
v -0.032965 -0.106013 -0.113344
v -0.049897 -0.080451 -0.080726
v -0.036550 -0.097633 -0.091611
v -0.040287 -0.092986 -0.086934
v -0.047390 -0.083412 -0.079186
v -0.038007 -0.105209 -0.134303
v -0.042561 -0.099621 -0.137180
v -0.046465 -0.084401 -0.078656
v -0.037595 -0.105643 -0.134070
v 0.066145 0.024645 -0.103541
v 0.065806 0.014849 -0.149843
v 0.057475 0.028444 -0.121467
v 0.081420 -0.001724 -0.152333
v 0.073115 0.007549 -0.153416
v 0.070118 0.010524 -0.152329
v 0.061909 0.027352 -0.110057
v 0.087472 -0.010058 -0.146983
v 0.066591 0.014048 -0.150453
v 0.060172 0.020900 -0.143529
v 0.059492 0.028389 -0.114544
v 0.069049 0.011546 -0.151948
v 0.077559 0.010614 -0.094411
v 0.078520 0.001843 -0.153513
v 0.070526 0.020229 -0.098529
v 0.057312 0.024950 -0.136438
v 0.063689 0.016952 -0.148219
v 0.057019 0.025989 -0.133243
v 0.068280 0.022701 -0.100948
v 0.064021 0.026188 -0.106525
v 0.075811 0.004852 -0.153509
v 0.083032 -0.003935 -0.151611
v 0.086886 -0.009246 -0.147939
v 0.063287 0.017345 -0.147913
v 0.068005 0.012551 -0.151575
v 0.075325 0.013776 -0.094929
v 0.071188 0.019389 -0.097744
v 0.067037 0.023877 -0.102162
v 0.059620 0.021531 -0.142752
v 0.057345 0.028451 -0.121892
v 0.056591 0.027290 -0.129322
v 0.062978 0.026854 -0.107892
v 0.073317 0.007339 -0.153491
v 0.086477 -0.005170 -0.097420
v 0.079524 0.007618 -0.093923
v 0.089013 -0.010849 -0.101723
v 0.020641 -0.004166 0.096238
v 0.019064 -0.002908 0.096144
v 0.017272 -0.001981 0.096087
v 0.015333 -0.001419 0.096068
v 0.013322 -0.001244 0.096088
v 0.011316 -0.001463 0.096146
v 0.009392 -0.002068 0.096241
v 0.007624 -0.003035 0.096368
v 0.023161 -0.012168 0.096841
v 0.022693 -0.014831 0.097092
v 0.022947 -0.008979 0.096561
v 0.021756 -0.016932 0.097305
v 0.021959 -0.005731 0.096330
v 0.020690 -0.018340 0.097458
v 0.003993 -0.015521 0.097652
v 0.003382 -0.013605 0.097477
v 0.003158 -0.011608 0.097286
v 0.003330 -0.009606 0.097087
v 0.003891 -0.007677 0.096889
v 0.023301 -0.006317 0.109910
v 0.022030 -0.004793 0.109967
v 0.020487 -0.003545 0.110050
v 0.018731 -0.002624 0.110155
v 0.016830 -0.002063 0.110277
v 0.014857 -0.001884 0.110413
v 0.012888 -0.002094 0.110556
v 0.010998 -0.002686 0.110702
v 0.009260 -0.003636 0.110845
v 0.007740 -0.004908 0.110979
v 0.006499 -0.006452 0.111099
v 0.005581 -0.008211 0.111200
v 0.005025 -0.010115 0.111280
v 0.004849 -0.012092 0.111334
v 0.005062 -0.014067 0.111361
v 0.005655 -0.015962 0.111359
v 0.006606 -0.017705 0.111328
v 0.023864 -0.006162 0.117786
v 0.022585 -0.004651 0.117637
v 0.021033 -0.003417 0.117521
v 0.019270 -0.002507 0.117443
v 0.017363 -0.001956 0.117405
v 0.015384 -0.001786 0.117409
v 0.013411 -0.002002 0.117455
v 0.011519 -0.002598 0.117540
v 0.009780 -0.003549 0.117663
v 0.008261 -0.004819 0.117817
v 0.007022 -0.006360 0.117998
v 0.006109 -0.008112 0.118197
v 0.005557 -0.010008 0.118408
v 0.005388 -0.011975 0.118622
v 0.005609 -0.013938 0.118832
v 0.006210 -0.015820 0.119028
v 0.007169 -0.017550 0.119204
v 0.023739 -0.005022 0.125457
v 0.022463 -0.003542 0.125104
v 0.020915 -0.002338 0.124791
v 0.019155 -0.001455 0.124532
v 0.017251 -0.000928 0.124335
v 0.015275 -0.000778 0.124209
v 0.013303 -0.001010 0.124158
v 0.011412 -0.001614 0.124184
v 0.009673 -0.002568 0.124286
v 0.008155 -0.003836 0.124461
v 0.006914 -0.005367 0.124701
v 0.005999 -0.007105 0.124997
v 0.005445 -0.008981 0.125338
v 0.005274 -0.010924 0.125712
v 0.005491 -0.012859 0.126102
v 0.006088 -0.014711 0.126495
v 0.007043 -0.016410 0.126875
v 0.023154 -0.003229 0.132980
v 0.021895 -0.001797 0.132427
v 0.020362 -0.000639 0.131922
v 0.018617 0.000200 0.131485
v 0.016725 0.000689 0.131132
v 0.014759 0.000809 0.130879
v 0.012795 0.000555 0.130732
v 0.010908 -0.000064 0.130700
v 0.009171 -0.001023 0.130782
v 0.007651 -0.002286 0.130977
v 0.006406 -0.003803 0.131275
v 0.005483 -0.005518 0.131666
v 0.004919 -0.007363 0.132135
v 0.003902 -0.009836 0.132735
v 0.004938 -0.011160 0.133232
v 0.005520 -0.012966 0.133818
v 0.006459 -0.014616 0.134399
v 0.022118 -0.000801 0.140274
v 0.020886 0.000565 0.139526
v 0.019381 0.001660 0.138835
v 0.017660 0.002442 0.138225
v 0.015790 0.002880 0.137722
v 0.013842 0.002958 0.137344
v 0.011892 0.002673 0.137106
v 0.010013 0.002035 0.137017
v 0.008279 0.001069 0.137080
v 0.006756 -0.000187 0.137294
v 0.005503 -0.001685 0.137649
v 0.004567 -0.003369 0.138132
v 0.003985 -0.005172 0.138725
v 0.003779 -0.007027 0.139405
v 0.003957 -0.008861 0.140145
v 0.004512 -0.010604 0.140917
v 0.005423 -0.012189 0.141693
v 0.020641 0.002234 0.147258
v 0.019449 0.003519 0.146324
v 0.017983 0.004535 0.145454
v 0.016297 0.005245 0.144680
v 0.014458 0.005620 0.144032
v 0.012535 0.005646 0.143536
v 0.010603 0.005322 0.143210
v 0.008737 0.004660 0.143066
v 0.007006 0.003687 0.143111
v 0.005479 0.002438 0.143343
v 0.004214 0.000964 0.143752
v 0.003260 -0.000681 0.144323
v 0.002652 -0.002433 0.145035
v 0.002415 -0.004224 0.145859
v 0.002558 -0.005986 0.146764
v 0.003075 -0.007650 0.147715
v 0.003946 -0.009154 0.148676
v 0.018740 0.005843 0.153855
v 0.017599 0.007031 0.152746
v 0.016182 0.007955 0.151706
v 0.014541 0.008578 0.150777
v 0.012742 0.008878 0.149993
v 0.010852 0.008842 0.149385
v 0.008944 0.008472 0.148975
v 0.007092 0.007783 0.148781
v 0.005367 0.006800 0.148809
v 0.003835 0.005561 0.149057
v 0.002555 0.004114 0.149518
v 0.001576 0.002515 0.150173
v 0.000936 0.000825 0.150996
v 0.000660 -0.000890 0.151956
v 0.000757 -0.002566 0.153017
v 0.001225 -0.004138 0.154137
v 0.002045 -0.005545 0.155274
v 0.016435 0.009987 0.159993
v 0.015356 0.011064 0.158721
v 0.013998 0.011881 0.157525
v 0.012413 0.012406 0.156451
v 0.010661 0.012619 0.155540
v 0.008811 0.012513 0.154828
v 0.006932 0.012090 0.154341
v 0.005098 0.011368 0.154099
v 0.003379 0.010374 0.154111
v 0.001841 0.009147 0.154376
v 0.000543 0.007732 0.154884
v -0.000465 0.006186 0.155615
v -0.001144 0.004567 0.156543
v -0.001469 0.002937 0.157630
v -0.001426 0.001360 0.158835
v -0.001018 -0.000105 0.160112
v -0.000260 -0.001401 0.161412
v 0.013752 0.014620 0.165606
v 0.012745 0.015573 0.164184
v 0.011456 0.016270 0.162845
v 0.009934 0.016686 0.161638
v 0.008238 0.016803 0.160612
v 0.006434 0.016617 0.159804
v 0.004590 0.016136 0.159247
v 0.002777 0.015378 0.158962
v 0.001065 0.014372 0.158959
v -0.000481 0.013156 0.159238
v -0.001799 0.011778 0.159790
v -0.002842 0.010290 0.160593
v -0.003567 0.008750 0.161615
v -0.003947 0.007217 0.162818
v -0.003969 0.005749 0.164155
v -0.003630 0.004404 0.165576
v -0.002943 0.003232 0.167024
v 0.010720 0.019691 0.170631
v 0.009794 0.020508 0.169076
v 0.008583 0.021076 0.167608
v 0.007133 0.021371 0.166284
v 0.005500 0.021382 0.165153
v 0.003748 0.021110 0.164261
v 0.001942 0.020565 0.163641
v 0.000153 0.019767 0.163316
v -0.001551 0.018748 0.163300
v -0.003105 0.017546 0.163593
v -0.004447 0.016207 0.164183
v -0.005528 0.014784 0.165049
v -0.006305 0.013330 0.166156
v -0.006749 0.011902 0.167463
v -0.006842 0.010554 0.168919
v -0.006581 0.009339 0.170467
v -0.005976 0.008303 0.172050
v 0.019703 -0.010517 0.040720
v 0.022238 -0.013096 0.041458
v 0.023358 -0.015430 0.042059
v 0.023929 -0.018595 0.042754
v 0.023720 -0.021623 0.043386
v 0.022802 -0.024185 0.043871
v 0.021328 -0.026179 0.044195
v 0.020750 -0.026909 0.044305
v 0.019899 -0.027602 0.044399
v 0.017725 -0.028707 0.044493
v 0.015446 -0.029147 0.044424
v 0.012794 -0.028995 0.044199
v 0.009995 -0.028132 0.043812
v 0.007205 -0.026508 0.043270
v 0.004219 -0.023291 0.042446
v 0.003062 -0.020833 0.041787
v 0.002490 -0.018283 0.041152
v 0.002500 -0.015732 0.040559
v 0.003096 -0.013324 0.040046
v 0.004244 -0.011195 0.039641
v 0.005880 -0.009464 0.039369
v 0.006697 -0.008789 0.039278
v 0.008628 -0.014498 0.007867
v 0.023225 -0.018098 0.010191
v 0.006442 -0.030739 0.011779
v 0.010516 -0.013605 0.007818
v 0.012655 -0.013304 0.007962
v 0.015379 -0.013464 0.008275
v 0.018074 -0.014311 0.008763
v 0.020573 -0.015786 0.009394
v 0.022776 -0.017869 0.010152
v 0.024890 -0.020659 0.011011
v 0.025904 -0.023376 0.011792
v 0.026259 -0.026510 0.012561
v 0.025837 -0.029470 0.013229
v 0.024692 -0.031992 0.013732
v 0.022948 -0.033940 0.014041
v 0.022615 -0.034337 0.014093
v 0.022145 -0.034714 0.014141
v 0.019800 -0.035862 0.014221
v 0.017235 -0.036284 0.014089
v 0.014416 -0.036002 0.013759
v 0.011555 -0.034969 0.013247
v 0.008831 -0.033202 0.012578
v 0.006194 -0.030294 0.011721
v 0.004771 -0.027569 0.010881
v 0.004030 -0.024744 0.010079
v 0.003966 -0.021919 0.009341
v 0.004582 -0.019272 0.008715
v 0.005842 -0.016969 0.008240
v 0.007667 -0.015153 0.007948
v 0.008120 -0.014785 0.007902
v -0.013562 0.094887 0.172801
v -0.020746 0.104246 0.163387
v -0.066724 0.058625 0.177318
v -0.073908 0.067985 0.167904
v -0.083111 0.072494 0.095788
v -0.074470 0.068654 0.166658
v -0.077613 0.072270 0.158703
v -0.080256 0.075089 0.150231
v -0.082365 0.077076 0.141357
v -0.083912 0.078203 0.132195
v -0.085091 0.078754 0.122735
v -0.085139 0.077681 0.113564
v -0.084478 0.075589 0.104540
v -0.029949 0.108756 0.091271
v -0.041384 0.121779 0.064042
v -0.021308 0.104916 0.162141
v -0.024450 0.108531 0.154186
v -0.027094 0.111351 0.145715
v -0.029203 0.113338 0.136840
v -0.030750 0.114465 0.127678
v -0.031929 0.115016 0.118219
v -0.031976 0.113943 0.109047
v -0.031316 0.111850 0.100023
v -0.094546 0.085529 0.068579
v -0.082621 0.106584 0.061692
v -0.042092 0.104500 0.100939
v -0.042753 0.106592 0.109963
v -0.042706 0.107666 0.119134
v -0.041526 0.107114 0.128594
v -0.039979 0.105987 0.137755
v -0.037870 0.104001 0.146630
v -0.035227 0.101181 0.155102
v -0.032084 0.097565 0.163057
v -0.039712 0.102096 0.092101
v -0.073635 0.082985 0.103619
v -0.074295 0.085077 0.112642
v -0.074248 0.086151 0.121814
v -0.073068 0.085599 0.131273
v -0.071521 0.084472 0.140435
v -0.069412 0.082486 0.149310
v -0.066769 0.079666 0.157782
v -0.063627 0.076050 0.165737
v -0.073280 0.079200 0.094953
v -0.063064 0.075381 0.166983
v -0.055881 0.066021 0.176396
v -0.031522 0.096896 0.164303
v -0.024338 0.087536 0.173717
v -0.031691 -0.001758 -0.059101
v -0.024510 -0.011133 -0.049838
v 0.017671 0.001519 -0.045849
v 0.002586 0.021622 -0.062013
v 0.009767 0.012248 -0.052750
v -0.065709 0.118111 0.060251
v -0.103277 0.041114 0.034893
v -0.057423 0.038623 -0.037452
v -0.056953 0.034026 -0.035818
v -0.055549 0.029648 -0.034121
v -0.053265 0.025657 -0.032426
v -0.050190 0.022205 -0.030798
v -0.009777 0.049771 -0.034232
v -0.012060 0.053762 -0.035927
v -0.015136 0.057214 -0.037554
v -0.018885 0.059992 -0.039052
v -0.023163 0.061992 -0.040362
v -0.027806 0.063134 -0.041435
v -0.032637 0.063377 -0.042229
v -0.037468 0.062710 -0.042713
v -0.042114 0.061160 -0.042869
v -0.046397 0.058785 -0.042691
v -0.069059 0.116185 0.060374
v -0.072808 0.113734 0.060646
v -0.079408 0.109129 0.061257
v -0.075881 0.111639 0.060908
v -0.074330 0.112666 0.060790
v -0.051077 0.065290 -0.045549
v -0.047439 0.067728 -0.045844
v -0.043845 0.069940 -0.046068
v -0.040487 0.071915 -0.046247
v -0.037476 0.073553 -0.046362
v -0.034914 0.074770 -0.046401
v -0.065749 0.053738 -0.043781
v -0.063699 0.055666 -0.044135
v -0.061090 0.057862 -0.044496
v -0.058036 0.060260 -0.044862
v -0.054674 0.062793 -0.045229
v -0.060691 0.038610 -0.076334
v -0.026414 0.061991 -0.079246
v -0.062921 0.043249 -0.065347
v -0.028644 0.066629 -0.068259
v -0.063734 0.044942 -0.061313
v -0.029456 0.068322 -0.064225
v -0.061780 0.028251 -0.090113
v -0.018019 0.058100 -0.093830
v -0.064636 0.034265 -0.075442
v -0.020875 0.064114 -0.079160
v -0.066866 0.038904 -0.064454
v -0.023105 0.068753 -0.068172
v -0.067678 0.040597 -0.060420
v -0.023917 0.070446 -0.064138
v -0.005818 0.008707 0.179514
v -0.007553 0.028434 0.170373
v -0.009094 0.027146 0.170603
v -0.010206 0.025407 0.171148
v -0.010974 0.023452 0.171837
v -0.011394 0.021393 0.172652
v -0.011286 0.019086 0.173696
v -0.010842 0.016878 0.174787
v -0.009887 0.014585 0.175994
v -0.008697 0.012629 0.177118
v -0.007640 0.007464 0.179669
v -0.011968 0.004512 0.180037
v -0.014530 0.002764 0.180255
v 0.011156 0.020285 0.178073
v -0.005782 0.029405 0.170322
v -0.003710 0.029838 0.170596
v -0.001543 0.029884 0.171036
v 0.000609 0.029580 0.171632
v 0.002828 0.028713 0.172497
v 0.004840 0.027575 0.173454
v 0.006761 0.025941 0.174579
v 0.008277 0.024207 0.175676
v 0.014060 0.022265 0.177826
v 0.017182 0.024395 0.177560
v 0.019744 0.026142 0.177343
v -0.023930 -0.003646 0.181078
v 0.029232 0.032615 0.176561
v -0.071006 0.108104 0.063622
v -0.066732 0.110499 0.063494
v -0.062113 0.112109 0.063800
v -0.057327 0.112872 0.064528
v -0.052557 0.112759 0.065649
v -0.047988 0.111774 0.067121
v -0.043793 0.109955 0.068886
v -0.040136 0.107371 0.070878
v -0.037155 0.104123 0.073020
v -0.034967 0.100335 0.075228
v -0.055529 0.047763 -0.040284
v -0.056942 0.043261 -0.038959
v -0.075380 0.072769 0.078662
v -0.078360 0.076018 0.076520
v -0.080549 0.079806 0.074312
v -0.081861 0.083988 0.072121
v -0.082248 0.088405 0.070032
v -0.081693 0.092885 0.068124
v -0.080219 0.097258 0.066473
v -0.077881 0.101354 0.065140
v -0.074770 0.105016 0.064177
v -0.058006 0.082356 0.009909
v -0.053732 0.084751 0.009782
v -0.049114 0.086361 0.010088
v -0.044327 0.087124 0.010816
v -0.039558 0.087011 0.011937
v -0.034988 0.086025 0.013408
v -0.030794 0.084206 0.015174
v -0.027136 0.081623 0.017166
v -0.024156 0.078375 0.019307
v -0.021967 0.074587 0.021515
v -0.050153 0.055677 -0.042186
v -0.053236 0.051955 -0.041373
v -0.062380 0.047021 0.024949
v -0.065361 0.050269 0.022808
v -0.067549 0.054057 0.020599
v -0.068862 0.058240 0.018408
v -0.069249 0.062657 0.016319
v -0.068694 0.067137 0.014412
v -0.067219 0.071509 0.012760
v -0.064882 0.075605 0.011427
v -0.061771 0.079268 0.010465
v -0.092788 0.014845 -0.005345
v -0.091600 0.006584 0.002730
v -0.097185 0.022126 0.012857
v -0.094282 0.010942 0.013810
v -0.094017 0.024973 -0.003632
v -0.095925 0.028140 0.004223
v -0.091704 0.006254 0.004813
v -0.093393 0.019670 -0.005663
v -0.094076 0.025385 -0.003307
v -0.092013 0.010203 -0.002980
v -0.097048 0.025751 0.009449
v -0.096323 0.017294 0.014877
v -0.095739 0.015297 0.015010
v -0.095113 0.013314 0.014759
v -0.094475 0.011454 0.014119
v -0.096746 0.019405 0.014310
v -0.097082 0.021376 0.013386
v -0.093433 0.020459 -0.005593
v -0.093637 0.022614 -0.004990
v -0.093917 0.024515 -0.004014
v -0.096040 0.028092 0.004731
v -0.096490 0.027432 0.006779
v -0.096906 0.026331 0.008747
v -0.091580 0.006666 0.002347
v -0.091595 0.007472 0.000416
v -0.091734 0.008626 -0.001354
v -0.091988 0.010086 -0.002893
v -0.092245 0.011864 -0.004153
v -0.092585 0.013833 -0.005077
v -0.091659 0.006258 0.004364
v -0.093825 0.009806 0.013112
v -0.093211 0.008417 0.011779
v -0.092668 0.007334 0.010172
v -0.092216 0.006597 0.008353
v -0.091874 0.006234 0.006392
v -0.094186 0.026138 -0.002710
v -0.094534 0.027355 -0.001120
v -0.094975 0.028099 0.000698
v -0.095493 0.028342 0.002675
v -0.092891 0.015986 -0.005638
v -0.093168 0.018230 -0.005813
v -0.097140 0.024923 0.010548
v -0.097202 0.023248 0.012115
v 0.013360 0.091383 -0.009514
v 0.018676 0.088666 -0.007236
v 0.017482 0.091958 0.000035
v 0.018484 0.088716 -0.007478
v 0.013037 0.094526 -0.001343
v 0.014421 0.090772 -0.009625
v 0.013066 0.091563 -0.009458
v 0.012258 0.092130 -0.009104
v 0.011581 0.092686 -0.008583
v 0.011060 0.093211 -0.007915
v 0.010715 0.093685 -0.007125
v 0.010561 0.094088 -0.006245
v 0.010602 0.094406 -0.005307
v 0.010837 0.094627 -0.004348
v 0.011258 0.094742 -0.003405
v 0.011847 0.094746 -0.002513
v 0.012583 0.094639 -0.001708
v 0.017682 0.091789 -0.000007
v 0.018373 0.091143 -0.000350
v 0.018958 0.090523 -0.000863
v 0.019415 0.089954 -0.001526
v 0.019726 0.089458 -0.002313
v 0.019878 0.089053 -0.003193
v 0.019867 0.088755 -0.004134
v 0.019693 0.088576 -0.005098
v 0.019362 0.088523 -0.006049
v 0.018887 0.088597 -0.006950
v 0.018257 0.088775 -0.007764
v 0.017505 0.089058 -0.008460
v 0.016672 0.089442 -0.009014
v 0.015792 0.089913 -0.009403
v 0.014896 0.090452 -0.009613
v 0.013976 0.091010 -0.009632
v 0.015106 0.093541 -0.000074
v 0.016001 0.093002 0.000136
v 0.016876 0.092413 0.000158
v 0.013390 0.094395 -0.001017
v 0.014225 0.094012 -0.000463
v -0.017035 0.064308 -0.004202
v -0.018523 0.067399 0.003094
v -0.017083 0.064456 -0.004456
v -0.021001 0.071309 0.001549
v -0.019296 0.067774 -0.006761
v -0.020187 0.068881 -0.006633
v -0.020741 0.069621 -0.006300
v -0.021232 0.070305 -0.005795
v -0.021641 0.070906 -0.005136
v -0.021929 0.071418 -0.004352
v -0.022115 0.071800 -0.003468
v -0.022191 0.072039 -0.002521
v -0.022125 0.072143 -0.001547
v -0.021943 0.072096 -0.000584
v -0.021636 0.071907 0.000331
v -0.021252 0.071561 0.001166
v -0.018384 0.067189 0.003058
v -0.017946 0.066370 0.002735
v -0.017629 0.065568 0.002245
v -0.017347 0.064879 0.001597
v -0.017101 0.064339 0.000815
v -0.016915 0.063957 -0.000068
v -0.016797 0.063747 -0.001019
v -0.016735 0.063729 -0.002003
v -0.016744 0.063895 -0.002981
v -0.016919 0.064174 -0.003908
v -0.017200 0.064590 -0.004752
v -0.017548 0.065149 -0.005483
v -0.017947 0.065828 -0.006073
v -0.018393 0.066596 -0.006499
v -0.018942 0.067371 -0.006738
v -0.019580 0.068121 -0.006781
v -0.019833 0.069709 0.002894
v -0.019361 0.068881 0.003140
v -0.018871 0.068030 0.003195
v -0.020756 0.071104 0.001885
v -0.020279 0.070477 0.002469
v -0.061921 0.043390 0.004474
v -0.058540 0.038899 0.005890
v -0.057839 0.036903 -0.001890
v -0.082620 0.022474 0.007936
v -0.060719 0.040437 -0.003634
v -0.061507 0.042698 0.005239
v -0.062038 0.043567 0.004238
v -0.062318 0.043984 0.003394
v -0.062510 0.044251 0.002469
v -0.062609 0.044356 0.001498
v -0.062633 0.044279 0.000521
v -0.062553 0.044043 -0.000427
v -0.062372 0.043658 -0.001310
v -0.062124 0.043119 -0.002091
v -0.061799 0.042460 -0.002742
v -0.061422 0.041699 -0.003238
v -0.060973 0.040887 -0.003561
v -0.057732 0.036770 -0.001702
v -0.057337 0.036431 -0.000868
v -0.056970 0.036283 0.000043
v -0.056744 0.036265 0.001002
v -0.056677 0.036371 0.001976
v -0.056757 0.036606 0.002924
v -0.056981 0.036963 0.003810
v -0.057355 0.037416 0.004602
v -0.057855 0.037955 0.005269
v -0.058364 0.038627 0.005776
v -0.058916 0.039368 0.006107
v -0.059518 0.040131 0.006255
v -0.060150 0.040885 0.006212
v -0.060777 0.041608 0.005980
v -0.061301 0.042323 0.005560
v -0.061694 0.043006 0.004969
v -0.059337 0.038494 -0.003414
v -0.058736 0.037832 -0.003001
v -0.058195 0.037249 -0.002423
v -0.060519 0.040023 -0.003696
v -0.059964 0.039216 -0.003647
v -0.078441 0.015560 0.001612
v -0.083114 0.021443 -0.006167
v -0.083774 0.022976 -0.001624
v -0.085866 0.027056 0.006508
v -0.084328 0.023783 -0.001673
v -0.082224 0.020859 -0.000381
v -0.082701 0.021485 -0.000965
v -0.083225 0.022200 -0.001385
v -0.085587 0.026709 0.006999
v -0.085110 0.026082 0.007583
v -0.084587 0.025367 0.008002
v -0.084038 0.024592 0.008241
v -0.083483 0.023785 0.008291
v -0.082945 0.022978 0.008149
v -0.082444 0.022202 0.007821
v -0.081999 0.021487 0.007320
v -0.081627 0.020860 0.006664
v -0.081342 0.020346 0.005880
v -0.081157 0.019964 0.004997
v -0.081077 0.019728 0.004049
v -0.081105 0.019648 0.003072
v -0.081241 0.019728 0.002105
v -0.081480 0.019963 0.001184
v -0.081812 0.020345 0.000344
v -0.084867 0.024589 -0.001532
v -0.085368 0.025365 -0.001203
v -0.085813 0.026080 -0.000702
v -0.086185 0.026707 -0.000047
v -0.086469 0.027222 0.000738
v -0.086655 0.027604 0.001621
v -0.086735 0.027839 0.002569
v -0.086706 0.027919 0.003545
v -0.086570 0.027840 0.004513
v -0.086331 0.027605 0.005434
v -0.086000 0.027223 0.006273
v -0.085369 0.026422 0.007266
v -0.084581 0.024161 -0.001607
v -0.081919 0.020478 0.000156
v -0.086848 0.029177 0.011979
v -0.080681 0.020219 0.012654
v -0.088102 0.029008 -0.004135
v -0.089728 0.032368 0.003697
v -0.078201 0.015465 0.003666
v -0.085562 0.025011 -0.006328
v -0.088292 0.029330 -0.003799
v -0.080579 0.018002 -0.003951
v -0.088680 0.031459 0.008738
v -0.084216 0.025552 0.013848
v -0.083096 0.023920 0.013936
v -0.081991 0.022264 0.013644
v -0.080962 0.020671 0.012971
v -0.085362 0.027169 0.013343
v -0.086437 0.028637 0.012482
v -0.085936 0.025572 -0.006229
v -0.086965 0.027165 -0.005556
v -0.087879 0.028633 -0.004527
v -0.089713 0.032408 0.004193
v -0.089434 0.032245 0.006179
v -0.088944 0.031763 0.008071
v -0.078494 0.015591 0.001236
v -0.078984 0.016074 -0.000656
v -0.079665 0.016858 -0.002379
v -0.080512 0.017914 -0.003868
v -0.081491 0.019200 -0.005067
v -0.082565 0.020667 -0.005928
v -0.078214 0.015428 0.003222
v -0.080048 0.019203 0.011942
v -0.079285 0.017917 0.010596
v -0.078701 0.016860 0.008986
v -0.078320 0.016076 0.007173
v -0.078155 0.015592 0.005226
v -0.088643 0.029920 -0.003181
v -0.089226 0.030976 -0.001571
v -0.089608 0.031761 0.000242
v -0.089772 0.032244 0.002189
v -0.083693 0.022260 -0.006419
v -0.084831 0.023916 -0.006521
v -0.088262 0.030978 0.009794
v -0.087416 0.029923 0.011283
v 0.045606 -0.005405 0.064034
v 0.048121 -0.009091 0.064053
v 0.024549 0.022025 0.036407
v 0.050520 -0.012728 0.063084
v 0.029210 0.015921 0.042267
v 0.054498 -0.019141 0.058423
v 0.040722 0.001387 0.061085
v -0.015056 -0.031472 0.062122
v -0.008113 -0.040879 0.068327
v -0.030237 -0.012061 0.039278
v -0.003957 -0.046996 0.068132
v 0.001856 -0.056327 0.061638
v -0.017077 -0.028999 0.058183
v -0.012803 -0.034399 0.065146
v -0.024934 -0.019055 0.045549
v -0.003007 -0.048437 0.067748
v -0.000215 -0.052836 0.065289
v -0.005958 -0.044008 0.068562
v -0.027478 -0.015724 0.042351
v -0.002071 -0.049890 0.067096
v -0.018947 -0.026693 0.054695
v -0.017827 -0.028075 0.056786
v -0.020807 -0.024349 0.051614
v -0.022759 -0.021861 0.048616
v -0.010447 -0.037593 0.067231
v -0.019625 -0.025856 0.053430
v 0.002718 -0.057859 0.059480
v -0.010064 -0.038115 0.067545
v -0.000481 -0.052396 0.065693
v -0.015682 -0.030720 0.060786
v -0.014170 -0.032609 0.063430
v -0.007556 -0.041667 0.068550
v -0.005041 -0.045353 0.068569
v -0.028613 -0.014237 0.040924
v -0.002642 -0.048989 0.067600
v -0.023952 -0.020340 0.046784
v 0.001336 -0.055402 0.062940
v -0.012440 -0.034874 0.065602
vn 0.1916 -0.1602 0.9683
vn -0.1615 0.3516 0.9221
vn 0.0550 0.0436 0.9975
vn -0.0572 0.2056 0.9770
vn -0.2474 0.4684 0.8482
vn -0.2887 0.5231 0.8019
vn -0.8580 0.3727 -0.3535
vn -0.8222 -0.5655 0.0649
vn 0.2889 -0.3107 0.9055
vn -0.2910 0.5262 0.7990
vn -0.2474 0.4683 0.8482
vn -0.8225 -0.5652 0.0643
vn -0.0572 0.2055 0.9770
vn -0.7779 0.4900 -0.3934
vn -0.6159 0.6567 -0.4352
vn -0.6493 0.6275 -0.4296
vn -0.5812 0.6847 -0.4397
vn -0.5490 0.7087 -0.4430
vn -0.5845 0.6867 -0.4322
vn -0.5841 0.6859 -0.4340
vn -0.5511 0.7115 -0.4359
vn -0.5507 0.7107 -0.4377
vn -0.6183 0.6596 -0.4274
vn -0.6510 0.6311 -0.4217
vn -0.6179 0.6588 -0.4292
vn -0.6506 0.6302 -0.4236
vn -0.3509 0.8249 -0.4433
vn -0.6258 0.6482 -0.4339
vn -0.3154 0.8370 -0.4473
vn -0.3356 0.8329 -0.4400
vn -0.6277 0.6516 -0.4259
vn -0.6537 0.6220 -0.4311
vn -0.5182 0.7294 -0.4467
vn -0.5130 0.7374 -0.4394
vn -0.5110 0.7378 -0.4411
vn -0.6169 0.6568 -0.4335
vn -0.6161 0.6552 -0.4372
vn -0.6406 0.6382 -0.4270
vn -0.6489 0.6266 -0.4317
vn -0.5832 0.6840 -0.4382
vn -0.5498 0.7088 -0.4419
vn -0.5824 0.6823 -0.4419
vn -0.5490 0.7071 -0.4457
vn -0.3004 0.8438 -0.4447
vn -0.6831 0.6004 -0.4158
vn -0.7572 0.5263 -0.3868
vn -0.6805 0.5967 -0.4253
vn -0.3461 0.8311 -0.4354
vn -0.5101 0.7359 -0.4452
vn -0.5092 0.7342 -0.4490
vn -0.7753 0.4976 -0.3889
vn -0.4371 0.7784 -0.4506
vn -0.3984 0.7987 -0.4509
vn -0.4762 0.7561 -0.4489
vn -0.5113 0.7344 -0.4463
vn -0.4767 0.7603 -0.4413
vn -0.4763 0.7595 -0.4431
vn -0.5120 0.7382 -0.4393
vn -0.5117 0.7374 -0.4410
vn -0.4389 0.7819 -0.4426
vn -0.4001 0.8022 -0.4431
vn -0.4385 0.7811 -0.4445
vn -0.3997 0.8014 -0.4450
vn -0.3638 0.8281 -0.4266
vn -0.7373 0.5365 -0.4105
vn -0.3586 0.8177 -0.4503
vn -0.6964 0.5803 -0.4222
vn -0.7655 -0.6336 0.1118
vn -0.3604 0.8211 -0.4426
vn -0.3599 0.8203 -0.4446
vn -0.4517 0.7851 -0.4238
vn -0.7083 0.5742 -0.4106
vn -0.4781 0.7695 -0.4235
vn -0.5416 0.7134 -0.4447
vn -0.5501 0.7121 -0.4362
vn -0.5514 0.7102 -0.4376
vn -0.4376 0.7792 -0.4488
vn -0.4367 0.7775 -0.4525
vn -0.4104 0.7950 -0.4467
vn -0.3979 0.7978 -0.4530
vn -0.4754 0.7576 -0.4473
vn -0.5107 0.7355 -0.4452
vn -0.4745 0.7559 -0.4511
vn -0.5099 0.7338 -0.4490
vn -0.5285 0.7344 -0.4259
vn -0.5164 0.7424 -0.4268
vn -0.5876 0.6940 -0.4161
vn -0.6160 0.6724 -0.4105
vn -0.3605 0.8206 -0.4434
vn -0.3581 0.8166 -0.4527
vn -0.6544 0.6382 -0.4055
vn -0.5504 0.7084 -0.4418
vn -0.5496 0.7066 -0.4456
vn -0.3135 0.8378 -0.4471
vn -0.4036 0.8093 -0.4268
vn -0.5403 0.7263 -0.4249
vn -0.5526 0.7177 -0.4237
vn -0.6307 0.6592 -0.4095
vn -0.4892 0.6347 -0.5982
vn -0.3337 0.5908 0.7345
vn -0.4264 0.7278 0.5371
vn -0.4640 0.7691 0.4395
vn -0.4752 0.7739 0.4185
vn -0.5344 0.8267 0.1759
vn -0.5518 0.8279 0.1004
vn -0.5646 0.8135 -0.1394
vn -0.5600 0.7803 -0.2784
vn -0.4858 0.6378 -0.5976
vn -0.3362 0.5848 0.7383
vn -0.4398 0.7129 0.5462
vn -0.4826 0.7615 0.4326
vn -0.4852 0.7642 0.4249
vn -0.5447 0.8203 0.1744
vn -0.5551 0.8260 0.0982
vn -0.5661 0.8127 -0.1383
vn -0.5568 0.7813 -0.2821
vn -0.3361 0.5847 0.7383
vn -0.4827 0.7615 0.4326
vn -0.4852 0.7643 0.4249
vn -0.5569 0.7812 -0.2821
vn -0.3361 0.5848 0.7383
vn -0.5550 0.8260 0.0982
vn 0.8426 0.5264 -0.1138
vn 0.8351 0.5376 -0.1170
vn 0.8506 0.5172 -0.0949
vn 0.8558 0.5147 -0.0531
vn 0.8540 0.5140 -0.0810
vn -0.2009 0.4067 0.8912
vn -0.4612 0.5941 -0.6591
vn -0.4999 0.6635 -0.5567
vn -0.4818 0.6397 -0.5989
vn -0.3431 0.5845 0.7353
vn -0.4595 0.7052 0.5399
vn -0.4957 0.7475 0.4422
vn -0.4985 0.7581 0.4205
vn -0.5542 0.8132 0.1776
vn -0.5578 0.8238 0.1009
vn -0.5675 0.8115 -0.1392
vn -0.5544 0.7841 -0.2788
vn -0.4826 0.7615 0.4327
vn -0.4858 0.6378 -0.5977
vn -0.4399 0.7129 0.5462
vn -0.4827 0.7615 0.4327
vn -0.8032 -0.5952 0.0270
vn -0.7983 -0.6010 0.0394
vn -0.7903 -0.6081 0.0752
vn -0.7900 -0.6075 0.0830
vn 0.7939 0.5985 -0.1072
vn -0.8510 -0.5241 0.0336
vn -0.5079 0.6786 -0.5306
vn -0.5080 0.6786 -0.5306
vn -0.2987 -0.8940 0.3340
vn -0.8489 -0.5265 0.0460
vn 0.7848 0.6150 -0.0771
vn 0.7964 0.5973 -0.0945
vn -0.9173 -0.3982 -0.0047
vn -0.1833 0.3816 0.9060
vn 0.8325 0.5412 -0.1188
vn 0.8541 0.5140 -0.0799
vn -0.7903 -0.6066 0.0863
vn -0.8153 -0.5786 0.0196
vn -0.2005 0.4055 0.8918
vn 0.1050 -0.9934 -0.0460
vn -0.8241 -0.5621 0.0700
vn 0.0262 0.0830 0.9962
vn 0.0288 0.0819 0.9962
vn -0.2809 -0.9596 -0.0124
vn 0.0234 0.0869 0.9959
vn 0.0442 0.0978 0.9942
vn 0.0275 0.0798 0.9964
vn 0.0230 0.0873 0.9959
vn -0.4622 -0.8868 0.0043
vn 0.0229 0.0874 0.9959
vn 0.0228 0.0874 0.9959
vn -0.0895 -0.9956 -0.0293
vn 0.8241 0.5621 -0.0700
vn 0.0287 0.0847 0.9960
vn 0.0288 0.0818 0.9962
vn -0.6259 -0.7796 0.0203
vn 0.0259 0.0890 0.9957
vn 0.0082 0.0732 0.9973
vn 0.0311 0.0823 0.9961
vn 0.0257 0.0893 0.9957
vn -0.7662 -0.6416 0.0357
vn 0.0258 0.0894 0.9957
vn 0.5580 -0.7843 0.2710
vn 0.5162 -0.6944 0.5013
vn 0.4420 -0.5609 0.7000
vn 0.3401 -0.3921 0.8548
vn 0.2167 -0.1987 0.9558
vn 0.0798 0.0072 0.9968
vn -0.0623 0.2127 0.9751
vn -0.2003 0.4047 0.8922
vn -0.3258 0.5714 0.7532
vn -0.4308 0.7021 0.5670
vn -0.5087 0.7888 0.3450
vn -0.5547 0.8259 0.1014
vn -0.5658 0.8110 -0.1486
vn -0.5414 0.7452 -0.3892
vn -0.4830 0.6326 -0.6054
vn -0.3941 0.4802 -0.7836
vn -0.2806 0.2977 -0.9125
vn -0.1495 0.0966 -0.9840
vn -0.0088 -0.1109 -0.9938
vn 0.1323 -0.3112 -0.9411
vn 0.2651 -0.4919 -0.8293
vn 0.3813 -0.6418 -0.6653
vn 0.4735 -0.7514 -0.4596
vn 0.5359 -0.8137 -0.2250
vn 0.5647 -0.8249 0.0238
vn 0.2266 -0.2138 0.9502
vn -0.2001 0.4052 0.8921
vn -0.1474 0.8880 -0.4356
vn -0.1508 0.8867 -0.4371
vn -0.1914 0.8778 -0.4392
vn -0.1916 0.8739 -0.4468
vn -0.0633 0.9023 -0.4265
vn -0.0627 0.8831 -0.4650
vn -0.0941 0.8949 -0.4361
vn -0.2359 0.8666 -0.4397
vn -0.2703 0.8538 -0.4449
vn 0.0811 0.9132 -0.3995
vn -0.0069 0.9078 -0.4193
vn -0.0121 0.9094 -0.4157
vn 0.0343 0.9124 -0.4079
vn 0.8241 0.5621 -0.0701
vn -0.0671 0.9057 -0.4185
vn 0.5397 0.7935 -0.2812
vn 0.0343 0.9123 -0.4081
vn 0.0179 0.9122 -0.4093
vn -0.0131 0.9118 -0.4105
vn 0.0810 0.9131 -0.3995
vn 0.1282 0.9118 -0.3901
vn 0.0815 0.9121 -0.4018
vn 0.1287 0.9107 -0.3926
vn 0.0800 0.9156 -0.3940
vn 0.0783 0.9197 -0.3848
vn 0.1271 0.9144 -0.3843
vn 0.1254 0.9185 -0.3750
vn 0.0333 0.9147 -0.4027
vn -0.0087 0.9116 -0.4109
vn 0.0316 0.9187 -0.3936
vn -0.0148 0.9157 -0.4016
vn 0.9901 -0.0317 0.1370
vn 0.9897 -0.0332 0.1393
vn 0.9929 0.0580 0.1036
vn 0.9931 0.0542 0.1044
vn 0.9795 -0.1136 0.1662
vn 0.9655 -0.1796 0.1887
vn 0.9788 -0.1137 0.1702
vn 0.9649 -0.1781 0.1930
vn 0.9799 -0.1144 0.1635
vn 0.9800 -0.1158 0.1615
vn 0.9659 -0.1810 0.1850
vn 0.9663 -0.1823 0.1817
vn 0.9902 -0.0317 0.1359
vn 0.9928 0.0590 0.1044
vn 0.9902 -0.0333 0.1358
vn 0.9926 0.0572 0.1067
vn 0.8590 0.5048 -0.0853
vn 0.8602 0.5009 -0.0956
vn 0.8408 0.5322 -0.0990
vn 0.8423 0.5278 -0.1094
vn 0.8767 0.4756 -0.0715
vn 0.8965 0.4395 -0.0552
vn 0.8777 0.4721 -0.0819
vn 0.8974 0.4365 -0.0652
vn 0.8761 0.4783 -0.0604
vn 0.8755 0.4808 -0.0483
vn 0.8962 0.4415 -0.0442
vn 0.8959 0.4431 -0.0321
vn 0.8580 0.5083 -0.0742
vn 0.8393 0.5365 -0.0882
vn 0.8569 0.5117 -0.0624
vn 0.8377 0.5408 -0.0767
vn 0.5906 0.7699 -0.2419
vn 0.5923 0.7661 -0.2496
vn 0.5422 0.7980 -0.2632
vn 0.5440 0.7942 -0.2707
vn 0.6171 0.7527 -0.2296
vn 0.6279 0.7453 -0.2243
vn 0.6181 0.7490 -0.2386
vn 0.6290 0.7414 -0.2339
vn 0.6145 0.7575 -0.2203
vn 0.6108 0.7633 -0.2104
vn 0.6254 0.7502 -0.2146
vn 0.6220 0.7559 -0.2043
vn 0.5882 0.7744 -0.2331
vn 0.5398 0.8022 -0.2550
vn 0.5844 0.7801 -0.2234
vn 0.5359 0.8078 -0.2455
vn 0.9711 0.2367 0.0317
vn 0.9728 0.2301 0.0273
vn 0.9663 0.2563 0.0231
vn 0.9681 0.2500 0.0173
vn 0.9783 0.2019 0.0465
vn 0.9868 0.1464 0.0691
vn 0.9797 0.1956 0.0436
vn 0.9877 0.1408 0.0681
vn 0.9775 0.2048 0.0512
vn 0.9772 0.2041 0.0580
vn 0.9863 0.1486 0.0721
vn 0.9861 0.1471 0.0770
vn 0.9700 0.2400 0.0379
vn 0.9651 0.2599 0.0304
vn 0.9696 0.2403 0.0460
vn 0.9645 0.2611 0.0394
vn 0.7520 0.6398 -0.1586
vn 0.7537 0.6352 -0.1688
vn 0.7119 0.6784 -0.1816
vn 0.7135 0.6739 -0.1919
vn 0.7884 0.6000 -0.1357
vn 0.8345 0.5411 -0.1036
vn 0.7901 0.5953 -0.1460
vn 0.8382 0.5336 -0.1124
vn 0.7864 0.6049 -0.1253
vn 0.7840 0.6101 -0.1142
vn 0.8306 0.5488 -0.0946
vn 0.8262 0.5569 -0.0851
vn 0.7501 0.6445 -0.1481
vn 0.7102 0.6829 -0.1710
vn 0.7479 0.6496 -0.1369
vn 0.7082 0.6877 -0.1597
vn 0.2548 0.8974 -0.3601
vn 0.2553 0.8958 -0.3637
vn 0.1758 0.9083 -0.3796
vn 0.1763 0.9070 -0.3825
vn 0.3526 0.8749 -0.3320
vn 0.4531 0.8401 -0.2982
vn 0.3531 0.8729 -0.3367
vn 0.4528 0.8381 -0.3042
vn 0.3506 0.8783 -0.3252
vn 0.3475 0.8829 -0.3157
vn 0.4505 0.8441 -0.2908
vn 0.4467 0.8493 -0.2813
vn 0.2533 0.9004 -0.3537
vn 0.1747 0.9110 -0.3736
vn 0.2510 0.9047 -0.3443
vn 0.1729 0.9151 -0.3642
vn 0.9530 -0.2244 0.2035
vn 0.9524 -0.2225 0.2084
vn 0.9535 -0.2261 0.1991
vn 0.9540 -0.2276 0.1951
vn 0.9428 0.3332 -0.0095
vn 0.9437 0.3302 -0.0185
vn 0.9214 0.3873 -0.0324
vn 0.9218 0.3853 -0.0428
vn 0.9575 0.2883 0.0092
vn 0.9649 0.2619 0.0202
vn 0.9588 0.2842 0.0012
vn 0.9668 0.2550 0.0137
vn 0.9564 0.2915 0.0181
vn 0.9554 0.2938 0.0280
vn 0.9636 0.2657 0.0283
vn 0.9627 0.2679 0.0376
vn 0.9421 0.3354 0.0003
vn 0.9210 0.3890 -0.0218
vn 0.9413 0.3373 0.0111
vn 0.9206 0.3904 -0.0103
vn 0.6273 0.7458 -0.2244
vn 0.6288 0.7414 -0.2345
vn 0.6230 0.7487 -0.2265
vn 0.6243 0.7445 -0.2364
vn 0.6439 0.7339 -0.2165
vn 0.6732 0.7113 -0.2020
vn 0.6455 0.7294 -0.2267
vn 0.6748 0.7068 -0.2122
vn 0.6420 0.7385 -0.2060
vn 0.6398 0.7434 -0.1949
vn 0.6715 0.7159 -0.1914
vn 0.6695 0.7206 -0.1802
vn 0.6252 0.7505 -0.2141
vn 0.6207 0.7536 -0.2164
vn 0.6227 0.7556 -0.2032
vn 0.6178 0.7590 -0.2058
vn 0.6173 0.7655 -0.1817
vn 0.6198 0.7611 -0.1911
vn 0.6111 0.7696 -0.1850
vn 0.6143 0.7648 -0.1940
vn 0.6353 0.7527 -0.1730
vn 0.6654 0.7296 -0.1580
vn 0.6374 0.7486 -0.1827
vn 0.6673 0.7257 -0.1678
vn 0.6335 0.7557 -0.1660
vn 0.6321 0.7578 -0.1620
vn 0.6640 0.7324 -0.1508
vn 0.6631 0.7341 -0.1465
vn 0.6148 0.7690 -0.1752
vn 0.6078 0.7736 -0.1791
vn 0.6123 0.7717 -0.1718
vn 0.6040 0.7771 -0.1768
vn 0.0278 0.9271 -0.3739
vn 0.0290 0.9244 -0.3804
vn -0.0185 0.9240 -0.3819
vn -0.0173 0.9214 -0.3883
vn 0.0745 0.9281 -0.3649
vn 0.1216 0.9270 -0.3549
vn 0.0758 0.9253 -0.3715
vn 0.1229 0.9242 -0.3617
vn 0.0751 0.9281 -0.3648
vn 0.0823 0.9353 -0.3441
vn 0.1221 0.9270 -0.3547
vn 0.1336 0.9314 -0.3387
vn 0.0282 0.9271 -0.3739
vn -0.0185 0.9239 -0.3822
vn 0.0297 0.9361 -0.3505
vn -0.0226 0.9334 -0.3581
vn 0.9895 -0.0418 0.1385
vn 0.9894 -0.0350 0.1411
vn 0.9924 0.0448 0.1150
vn 0.9920 0.0539 0.1141
vn 0.9798 -0.1202 0.1596
vn 0.9669 -0.1842 0.1767
vn 0.9795 -0.1159 0.1650
vn 0.9660 -0.1814 0.1840
vn 0.9795 -0.1226 0.1600
vn 0.9789 -0.1250 0.1615
vn 0.9670 -0.1845 0.1759
vn 0.9669 -0.1843 0.1764
vn 0.9889 -0.0479 0.1409
vn 0.9922 0.0348 0.1200
vn 0.9881 -0.0546 0.1441
vn 0.9919 0.0231 0.1253
vn 0.8550 0.5172 -0.0387
vn 0.8557 0.5151 -0.0494
vn 0.8342 0.5488 -0.0539
vn 0.8357 0.5455 -0.0637
vn 0.8749 0.4837 -0.0239
vn 0.8960 0.4440 -0.0076
vn 0.8750 0.4829 -0.0352
vn 0.8957 0.4442 -0.0191
vn 0.8755 0.4830 -0.0152
vn 0.8776 0.4792 -0.0136
vn 0.8969 0.4422 0.0014
vn 0.8993 0.4373 0.0035
vn 0.8549 0.5180 -0.0305
vn 0.8332 0.5510 -0.0464
vn 0.8566 0.5152 -0.0293
vn 0.8378 0.5445 -0.0405
vn 0.5756 0.7919 -0.2042
vn 0.5798 0.7867 -0.2120
vn 0.5268 0.8193 -0.2264
vn 0.5311 0.8144 -0.2338
vn 0.6025 0.7750 -0.1908
vn 0.6144 0.7672 -0.1842
vn 0.6066 0.7697 -0.1989
vn 0.6181 0.7621 -0.1928
vn 0.5980 0.7795 -0.1865
vn 0.5921 0.7839 -0.1869
vn 0.6103 0.7717 -0.1791
vn 0.6051 0.7759 -0.1782
vn 0.5707 0.7962 -0.2009
vn 0.5219 0.8230 -0.2241
vn 0.5644 0.8002 -0.2029
vn 0.5160 0.8258 -0.2274
vn 0.9710 0.2299 0.0663
vn 0.9697 0.2376 0.0572
vn 0.9651 0.2547 0.0607
vn 0.9643 0.2599 0.0508
vn 0.9787 0.1908 0.0758
vn 0.9870 0.1324 0.0910
vn 0.9773 0.2004 0.0685
vn 0.9860 0.1429 0.0863
vn 0.9804 0.1781 0.0848
vn 0.9829 0.1602 0.0912
vn 0.9879 0.1194 0.0986
vn 0.9888 0.1083 0.1031
vn 0.9728 0.2190 0.0758
vn 0.9666 0.2466 0.0702
vn 0.9756 0.2030 0.0833
vn 0.9690 0.2345 0.0777
vn 0.7430 0.6593 -0.1150
vn 0.7453 0.6550 -0.1247
vn 0.7041 0.6967 -0.1374
vn 0.7060 0.6927 -0.1473
vn 0.7789 0.6203 -0.0925
vn 0.8189 0.5703 -0.0650
vn 0.7813 0.6157 -0.1021
vn 0.8207 0.5664 -0.0745
vn 0.7769 0.6238 -0.0856
vn 0.7754 0.6262 -0.0817
vn 0.8176 0.5729 -0.0577
vn 0.8168 0.5745 -0.0533
vn 0.7412 0.6625 -0.1080
vn 0.7027 0.6995 -0.1302
vn 0.7400 0.6646 -0.1039
vn 0.7018 0.7012 -0.1259
vn 0.2459 0.9135 -0.3241
vn 0.2480 0.9104 -0.3312
vn 0.1692 0.9236 -0.3439
vn 0.1704 0.9208 -0.3509
vn 0.3405 0.8925 -0.2959
vn 0.4382 0.8598 -0.2620
vn 0.3436 0.8889 -0.3030
vn 0.4422 0.8556 -0.2692
vn 0.3378 0.8938 -0.2951
vn 0.3399 0.8928 -0.2955
vn 0.4341 0.8624 -0.2605
vn 0.4314 0.8628 -0.2635
vn 0.2449 0.9139 -0.3237
vn 0.1695 0.9237 -0.3437
vn 0.2526 0.9133 -0.3196
vn 0.1815 0.9251 -0.3335
vn 0.9402 -0.2753 0.2007
vn 0.9547 -0.2300 0.1888
vn 0.9538 -0.2270 0.1969
vn 0.9206 -0.3266 0.2141
vn 0.9231 -0.3219 0.2103
vn 0.9239 -0.3201 0.2098
vn 0.9406 -0.2751 0.1988
vn 0.9548 -0.2304 0.1877
vn 0.9406 -0.2750 0.1989
vn 0.9548 -0.2303 0.1879
vn 0.9402 0.3390 0.0332
vn 0.9406 0.3388 0.0229
vn 0.9202 0.3913 0.0132
vn 0.9202 0.3915 0.0023
vn 0.9541 0.2954 0.0491
vn 0.9620 0.2668 0.0586
vn 0.9546 0.2954 0.0392
vn 0.9620 0.2686 0.0487
vn 0.9541 0.2938 0.0572
vn 0.9546 0.2917 0.0607
vn 0.9625 0.2628 0.0672
vn 0.9635 0.2575 0.0725
vn 0.9403 0.3380 0.0414
vn 0.9207 0.3898 0.0219
vn 0.9409 0.3359 0.0437
vn 0.9220 0.3864 0.0237
vn 0.9646 0.2519 0.0780
vn 0.6056 0.7750 -0.1804
vn 0.0277 0.9471 -0.3196
vn 0.0363 0.9280 -0.3709
vn -0.0420 0.9429 -0.3303
vn -0.0191 0.9239 -0.3821
vn 0.1009 0.9439 -0.3144
vn 0.1753 0.9331 -0.3139
vn 0.0933 0.9291 -0.3579
vn 0.1491 0.9268 -0.3447
vn 0.1172 0.9086 -0.4009
vn 0.1228 0.8750 -0.4682
vn 0.1931 0.9095 -0.3680
vn 0.1953 0.8718 -0.4493
vn 0.0478 0.9036 -0.4258
vn -0.0180 0.8980 -0.4396
vn 0.0601 0.8734 -0.4833
vn -0.0126 0.8739 -0.4859
vn 0.9857 -0.0669 0.1549
vn 0.9871 -0.0615 0.1480
vn 0.9903 -0.0008 0.1389
vn 0.9913 0.0107 0.1309
vn 0.9771 -0.1276 0.1702
vn 0.9660 -0.1813 0.1842
vn 0.9782 -0.1271 0.1640
vn 0.9667 -0.1836 0.1782
vn 0.9754 -0.1263 0.1805
vn 0.9731 -0.1228 0.1949
vn 0.9647 -0.1773 0.1947
vn 0.9626 -0.1714 0.2099
vn 0.9837 -0.0702 0.1652
vn 0.9887 -0.0101 0.1496
vn 0.9813 -0.0709 0.1791
vn 0.9865 -0.0163 0.1629
vn 0.5440 0.8082 -0.2254
vn 0.5558 0.8040 -0.2112
vn 0.5012 0.8280 -0.2512
vn 0.5095 0.8274 -0.2365
vn 0.5844 0.7862 -0.2007
vn 0.5891 0.7842 -0.1951
vn 0.5885 0.7851 -0.1928
vn 0.5976 0.7800 -0.1856
vn 0.5751 0.7887 -0.2173
vn 0.5646 0.7904 -0.2379
vn 0.5696 0.7899 -0.2273
vn 0.5313 0.8114 -0.2436
vn 0.4939 0.8280 -0.2655
vn 0.5157 0.8128 -0.2710
vn 0.4811 0.8243 -0.2984
vn -0.0633 0.8967 -0.4381
vn -0.0444 0.8536 -0.5190
vn 0.9781 0.1861 0.0934
vn 0.9714 0.2213 0.0859
vn 0.9860 0.1238 0.1116
vn 0.9897 0.0780 0.1202
vn 0.9846 0.1421 0.1022
vn 0.9892 0.0966 0.1105
vn 0.9868 0.1069 0.1214
vn 0.9868 0.0936 0.1322
vn 0.9895 0.0604 0.1317
vn 0.9884 0.0459 0.1451
vn 0.9830 0.1407 0.1183
vn 0.3130 0.8963 -0.3140
vn 0.2756 0.9071 -0.3182
vn 0.2455 0.9164 -0.3163
vn 0.2030 0.9207 -0.3332
vn 0.3712 0.8774 -0.3040
vn 0.4344 0.8552 -0.2826
vn 0.3523 0.8869 -0.2989
vn 0.4317 0.8603 -0.2711
vn 0.3952 0.8681 -0.3003
vn 0.3991 0.8426 -0.3616
vn 0.4407 0.8500 -0.2888
vn 0.4344 0.8371 -0.3326
vn 0.3416 0.8867 -0.3115
vn 0.2692 0.9028 -0.3355
vn 0.3520 0.8501 -0.3918
vn 0.2770 0.8624 -0.4236
vn 0.9397 -0.2718 0.2075
vn 0.9404 -0.2743 0.2008
vn 0.9539 -0.2272 0.1962
vn 0.9546 -0.2296 0.1898
vn 0.9267 -0.3086 0.2144
vn 0.9044 -0.3624 0.2250
vn 0.9273 -0.3091 0.2112
vn 0.9221 -0.3106 0.2309
vn 0.9196 -0.3036 0.2493
vn 0.9028 -0.3552 0.2425
vn 0.9014 -0.3455 0.2611
vn 0.9383 -0.2674 0.2195
vn 0.9525 -0.2230 0.2074
vn 0.9359 -0.2607 0.2369
vn 0.9503 -0.2166 0.2238
vn 0.9470 0.3191 0.0370
vn 0.9295 0.3687 0.0105
vn 0.9611 0.2689 0.0628
vn 0.9717 0.2198 0.0868
vn 0.9695 0.2268 0.0926
vn 0.9620 0.2675 0.0545
vn 0.9636 0.2637 0.0447
vn 0.9728 0.2170 0.0812
vn 0.9478 0.3177 0.0281
vn 0.9298 0.3681 0.0004
vn 0.9489 0.3151 0.0184
vn 0.9306 0.3660 -0.0091
vn 0.5703 0.7819 -0.2516
vn 0.5946 0.7776 -0.2044
vn 0.5435 0.7943 -0.2715
vn 0.5671 0.7907 -0.2307
vn 0.6083 0.7604 -0.2276
vn 0.6541 0.7293 -0.2006
vn 0.6499 0.7416 -0.1665
vn 0.6482 0.7479 -0.1433
vn 0.5933 0.7664 -0.2463
vn 0.5783 0.7737 -0.2588
vn 0.6459 0.7322 -0.2161
vn 0.6419 0.7320 -0.2285
vn 0.5498 0.7894 -0.2730
vn 0.5206 0.8016 -0.2940
vn 0.5281 0.7993 -0.2867
vn 0.4994 0.8104 -0.3062
vn -0.2965 0.6252 -0.7219
vn 0.1497 0.8264 -0.5429
vn 0.2137 0.8266 -0.5206
vn 0.9781 -0.0684 0.1964
vn 0.9837 -0.0181 0.1788
vn 0.9699 -0.1169 0.2135
vn 0.9594 -0.1636 0.2299
vn 0.8657 0.4968 -0.0611
vn 0.8414 0.5342 -0.0818
vn 0.8879 0.4583 -0.0395
vn 0.9090 0.4165 -0.0159
vn 0.8881 0.4570 -0.0506
vn 0.8885 0.4549 -0.0595
vn 0.9090 0.4160 -0.0269
vn 0.9094 0.4143 -0.0361
vn 0.8663 0.4942 -0.0720
vn 0.8427 0.5304 -0.0922
vn 0.8671 0.4915 -0.0808
vn 0.8438 0.5271 -0.1007
vn 0.4734 0.8170 -0.3294
vn 0.4945 0.8144 -0.3036
vn 0.4284 0.8298 -0.3577
vn 0.4536 0.8261 -0.3342
vn 0.5060 0.8065 -0.3057
vn 0.5289 0.7989 -0.2864
vn 0.5369 0.7995 -0.2692
vn 0.5487 0.7977 -0.2502
vn 0.4849 0.8114 -0.3263
vn 0.4744 0.8128 -0.3380
vn 0.5069 0.8050 -0.3083
vn 0.4947 0.8096 -0.3158
vn 0.4447 0.8251 -0.3486
vn 0.4071 0.8341 -0.3723
vn 0.4434 0.8244 -0.3518
vn 0.9834 0.1269 0.1294
vn 0.9828 0.1329 0.1282
vn 0.9788 0.1736 0.1084
vn 0.9774 0.1797 0.1109
vn 0.9855 0.0796 0.1500
vn 0.9850 0.0325 0.1695
vn 0.9858 0.0848 0.1448
vn 0.9864 0.0359 0.1606
vn 0.9851 0.0792 0.1524
vn 0.9842 0.0319 0.1743
vn 0.9837 0.1253 0.1288
vn 0.9795 0.1733 0.1023
vn 0.7446 0.6509 -0.1476
vn 0.7329 0.6750 -0.0851
vn 0.7023 0.6906 -0.1728
vn 0.7012 0.7038 -0.1138
vn 0.7816 0.6113 -0.1245
vn 0.8233 0.5595 -0.0957
vn 0.7694 0.6356 -0.0631
vn 0.7834 0.6068 -0.1346
vn 0.7848 0.6031 -0.1429
vn 0.8247 0.5555 -0.1061
vn 0.8281 0.5490 -0.1129
vn 0.7453 0.6476 -0.1584
vn 0.7000 0.6897 -0.1852
vn 0.7461 0.6444 -0.1672
vn 0.6966 0.6904 -0.1952
vn 0.2594 0.8559 -0.4474
vn 0.3161 0.8346 -0.4511
vn 0.1844 0.8585 -0.4785
vn 0.2686 0.8290 -0.4905
vn 0.3101 0.8527 -0.4204
vn 0.3677 0.8439 -0.3908
vn 0.3552 0.8392 -0.4117
vn 0.3995 0.8372 -0.3735
vn 0.3596 0.8423 -0.4016
vn 0.2431 0.8604 -0.4479
vn -0.0887 0.2501 0.9641
vn 0.6287 0.7572 -0.1771
vn 0.6342 0.7534 -0.1741
vn 0.6197 0.7613 -0.1906
vn 0.5770 0.7882 -0.2143
vn 0.6183 0.7637 -0.1858
vn 0.5805 0.7879 -0.2056
vn -0.2251 0.4384 0.8702
vn 0.6093 0.7729 -0.1773
vn -0.3473 0.5990 0.7215
vn 0.6249 0.7612 -0.1735
vn 0.6706 0.7246 -0.1589
vn 0.5863 0.7682 -0.2571
vn 0.1761 0.9076 -0.3811
vn -0.0710 0.9176 -0.3910
vn 0.6469 0.7249 -0.2369
vn 0.6302 0.7369 -0.2448
vn 0.6172 0.7470 -0.2471
vn 0.5388 0.7959 -0.2759
vn -0.2676 0.6976 -0.6646
vn 0.6251 0.7407 -0.2460
vn 0.4496 0.8382 -0.3087
vn 0.5414 0.7945 -0.2750
vn 0.0731 0.8199 -0.5678
vn -0.1034 0.9338 -0.3425
vn 0.2545 0.8962 -0.3634
vn 0.1284 0.9115 -0.3908
vn 0.3515 0.8730 -0.3381
vn 0.6275 0.7391 -0.2449
vn -0.2873 0.5321 -0.7964
vn -0.0004 0.7984 -0.6022
vn 0.1427 0.8471 -0.5120
vn 0.0188 0.9105 -0.4130
vn 0.8261 0.5635 -0.0061
vn 0.8601 0.5094 -0.0283
vn 0.8825 0.4702 -0.0095
vn -0.0888 0.8999 -0.4271
vn -0.0575 0.9032 -0.4253
vn -0.1483 0.8900 -0.4312
vn -0.1923 0.8798 -0.4348
vn -0.1483 0.8900 -0.4311
vn -0.1923 0.8798 -0.4347
vn -0.0851 0.9028 -0.4215
vn -0.2084 0.8770 -0.4330
vn -0.2158 0.8714 -0.4406
vn -0.1479 0.8891 -0.4332
vn -0.1477 0.8887 -0.4341
vn -0.1918 0.8786 -0.4373
vn -0.1917 0.8783 -0.4380
vn -0.1034 0.8977 -0.4283
vn -0.0581 0.9045 -0.4224
vn -0.0917 0.9003 -0.4255
vn -0.0587 0.9062 -0.4188
vn -0.1043 0.8999 -0.4234
vn -0.1060 0.9038 -0.4146
vn -0.0591 0.9068 -0.4174
vn -0.0608 0.9107 -0.4086
vn -0.1522 0.8901 -0.4296
vn -0.2039 0.8756 -0.4380
vn -0.1506 0.8950 -0.4198
vn -0.2084 0.8748 -0.4373
vn -0.2353 0.8669 -0.4394
vn -0.1935 0.8760 -0.4417
vn -0.1718 0.8989 -0.4031
vn -0.1605 0.8981 -0.4094
vn -0.1097 0.9120 -0.3953
vn -0.0645 0.9189 -0.3891
vn -0.1086 0.9094 -0.4014
vn -0.0633 0.9164 -0.3953
vn -0.1101 0.9115 -0.3964
vn -0.1247 0.9177 -0.3771
vn -0.0648 0.9187 -0.3897
vn -0.0741 0.9273 -0.3669
vn -0.1700 0.8995 -0.4025
vn -0.3373 0.8450 -0.4150
vn -0.1888 0.9004 -0.3920
vn -0.3698 0.8342 -0.4091
vn -0.2284 0.8913 -0.3917
vn -0.1956 0.8945 -0.4020
vn -0.2580 0.8754 -0.4088
vn -0.2767 0.8730 -0.4017
vn -0.1701 0.9154 -0.3649
vn -0.0828 0.9346 -0.3458
vn -0.1289 0.9082 -0.3983
vn -0.0743 0.9173 -0.3911
vn -0.1612 0.8845 -0.4378
vn -0.1180 0.8750 -0.4695
vn -0.2527 0.8642 -0.4352
vn -0.2307 0.8560 -0.4627
vn -0.2408 0.8578 -0.4541
vn 0.3002 0.8529 -0.4271
vn -0.1535 0.9004 -0.4071
vn 0.1912 0.8639 -0.4659
vn 0.9372 -0.2679 0.2232
vn 0.9885 0.1341 0.0697
vn 0.9695 0.2446 0.0126
vn 0.9741 0.2249 0.0227
vn 0.9672 -0.1117 0.2283
vn 0.9391 -0.2725 0.2095
vn 0.9930 0.0514 0.1059
vn 0.9676 0.2522 0.0069
vn 0.9468 -0.2082 0.2452
vn 0.9815 -0.0175 0.1907
vn 0.9892 -0.0337 0.1424
vn 0.9755 -0.0653 0.2100
vn 0.9391 -0.2734 0.2083
vn 0.9379 -0.2698 0.2181
vn 0.9565 -0.1571 0.2460
vn 0.9385 -0.2718 0.2131
vn 0.9784 -0.1124 0.1732
vn 0.9323 -0.2518 0.2598
vn 0.9811 0.1885 0.0433
vn 0.9045 0.4263 0.0110
vn 0.9254 0.3776 0.0325
vn 0.9433 0.3276 0.0531
vn 0.9661 0.2449 0.0820
vn 0.9580 0.2774 0.0727
vn 0.9546 0.2909 0.0644
vn 0.9228 0.3845 0.0259
vn 0.9409 0.3355 0.0465
vn 0.9048 0.4258 0.0071
vn 0.9550 0.2891 0.0656
vn 0.9255 0.3777 0.0289
vn 0.9420 0.3321 0.0483
vn 0.8831 0.4690 -0.0126
vn 0.9567 0.2832 0.0675
vn 0.9416 0.3334 0.0469
vn 0.9736 0.2086 0.0928
vn 0.9688 0.2321 0.0871
vn 0.9556 0.2870 0.0663
vn 0.9411 0.3349 0.0468
vn 0.9675 0.2382 0.0848
vn 0.9803 0.1691 0.1021
vn 0.9821 0.1530 0.1102
vn 0.9756 0.1960 0.0985
vn 0.9771 0.1860 0.1036
vn 0.8124 0.5824 -0.0301
vn 0.8388 0.5426 -0.0459
vn 0.5498 -0.7640 0.3376
vn 0.0553 0.0431 0.9975
vn 0.4449 -0.5659 0.6941
vn -0.3681 0.4196 -0.8298
vn 0.5499 -0.7640 0.3376
vn 0.5498 -0.7641 0.3376
vn 0.5565 -0.7802 0.2857
vn 0.5628 -0.7986 0.2130
vn 0.5629 -0.7986 0.2130
vn -0.0845 -0.0002 -0.9964
vn 0.1791 -0.1413 0.9736
vn 0.4743 -0.6172 0.6277
vn -0.2964 0.5333 0.7923
vn 0.0554 0.0431 0.9975
vn -0.0710 0.2251 0.9717
vn -0.3928 0.6561 0.6444
vn 0.2938 -0.3185 0.9012
vn -0.3468 0.5984 0.7223
vn -0.2967 0.5337 0.7919
vn -0.4218 0.6914 0.5865
vn -0.3368 0.5856 0.7373
vn -0.0709 0.2250 0.9718
vn 0.1790 -0.1412 0.9737
vn 0.1791 -0.1412 0.9736
vn 0.5314 -0.7243 0.4393
vn -0.2433 0.4629 0.8523
vn 0.4014 -0.4985 0.7683
vn 0.4460 -0.5729 0.6876
vn 0.4124 -0.5057 0.7578
vn 0.4843 -0.6393 0.5972
vn 0.4541 -0.5777 0.6783
vn 0.5159 -0.6967 0.4985
vn 0.4897 -0.6420 0.5899
vn 0.5403 -0.7445 0.3922
vn 0.5188 -0.6979 0.4937
vn 0.5412 -0.7447 0.3906
vn 0.4844 -0.8712 0.0799
vn -0.2236 0.9638 -0.1453
vn 0.0130 0.9893 -0.1450
vn 0.2528 0.9578 -0.1365
vn -0.4783 0.8721 0.1030
vn -0.2781 -0.9604 -0.0165
vn -0.4598 -0.8880 0.0092
vn 0.9507 0.2939 -0.0992
vn 0.6157 0.7873 -0.0332
vn -0.0869 -0.9954 -0.0413
vn 0.9885 0.0999 -0.1139
vn -0.1493 0.8869 -0.4372
vn -0.2812 0.8567 -0.4324
vn 0.6332 -0.7347 0.2435
vn -0.3499 0.4113 -0.8416
vn 0.2519 -0.4743 -0.8435
vn 0.5439 -0.7507 0.3749
vn -0.1281 0.0351 -0.9911
vn -0.0932 0.0281 -0.9953
vn -0.1203 0.0781 -0.9897
vn -0.1078 -0.0403 -0.9934
vn -0.1075 0.0184 -0.9940
vn -0.0388 0.0069 -0.9992
vn -0.0370 -0.0943 -0.9949
vn -0.1156 0.0018 -0.9933
vn -0.1010 0.0537 -0.9934
vn -0.0748 0.0296 -0.9968
vn 0.4690 0.8749 -0.1210
vn -0.1052 0.0304 -0.9940
vn 0.6554 0.7487 -0.0996
vn 0.8753 0.4793 -0.0639
vn 0.8254 0.5602 -0.0695
vn 0.0161 -0.0167 -0.9997
vn -0.0885 0.2499 0.9642
vn 0.0538 0.0453 0.9975
vn -0.0885 0.2498 0.9642
vn 0.1928 -0.1621 0.9678
vn 0.3196 -0.3593 0.8768
vn 0.4261 -0.5338 0.7304
vn 0.5058 -0.6745 0.5379
vn 0.5057 -0.6745 0.5379
vn 0.5534 -0.7725 0.3113
vn 0.5534 -0.7726 0.3113
vn 0.5661 -0.8218 0.0651
vn 0.5429 -0.8191 -0.1853
vn 0.4855 -0.7646 -0.4239
vn 0.3974 -0.6617 -0.6358
vn 0.2841 -0.5171 -0.8074
vn 0.1529 -0.3397 -0.9280
vn 0.0120 -0.1409 -0.9900
vn -0.1297 0.0669 -0.9893
vn -0.2631 0.2704 -0.9261
vn -0.3799 0.4568 -0.8044
vn -0.3799 0.4568 -0.8043
vn -0.4727 0.6143 -0.6318
vn -0.2964 0.5332 0.7924
vn -0.3368 0.5857 0.7373
vn -0.1939 0.3960 0.8976
vn 0.2938 -0.3184 0.9013
vn -0.2002 0.4051 0.8921
vn -0.2968 0.5337 0.7919
vn -0.2963 0.5332 0.7924
vn 0.4903 -0.6460 0.5851
vn 0.1792 -0.1415 0.9736
vn 0.4069 -0.5014 0.7635
vn 0.3939 -0.4798 0.7840
vn 0.4904 -0.6460 0.5850
vn -0.3467 0.5983 0.7223
vn 0.4069 -0.5014 0.7636
vn 0.3535 -0.4136 0.8390
vn 0.2943 -0.3192 0.9009
vn 0.2303 -0.2195 0.9480
vn 0.1625 -0.1163 0.9798
vn 0.1626 -0.1163 0.9798
vn 0.0923 -0.0112 0.9957
vn 0.0922 -0.0112 0.9957
vn 0.0204 0.0941 0.9953
vn -0.0518 0.1979 0.9789
vn -0.1232 0.2984 0.9464
vn -0.1925 0.3941 0.8987
vn -0.1925 0.3942 0.8987
vn 0.4450 -0.5659 0.6941
vn 0.0555 0.0429 0.9975
vn -0.2434 0.4629 0.8523
vn -0.2964 0.5332 0.7923
vn -0.3927 0.6561 0.6444
vn -0.7567 -0.6525 0.0396
vn -0.5762 -0.8115 0.0972
vn -0.7555 -0.6539 0.0398
vn -0.3619 -0.9196 0.1529
vn -0.5994 -0.7948 0.0952
vn -0.1266 -0.9712 0.2019
vn -0.4047 -0.9019 0.1509
vn 0.1118 -0.9646 0.2389
vn -0.1638 -0.9657 0.2013
vn 0.3124 -0.9149 0.2555
vn 0.1193 -0.9637 0.2387
vn 0.4830 -0.8379 0.2543
vn 0.4247 -0.8702 0.2497
vn -0.8527 -0.5217 0.0277
vn -0.8347 -0.5475 0.0590
vn -0.8171 -0.5722 0.0697
vn -0.8342 -0.5485 0.0571
vn -0.8344 -0.5482 0.0571
vn -0.8686 -0.4953 -0.0098
vn -0.8741 -0.4856 -0.0144
vn -0.9517 -0.3006 -0.0625
vn -0.9518 -0.3003 -0.0626
vn -0.9897 -0.0807 -0.1179
vn -0.9889 -0.0987 -0.1114
vn -0.9701 0.1669 -0.1761
vn -0.9809 0.1123 -0.1589
vn -0.8724 0.4300 -0.2325
vn -0.9246 0.3218 -0.2041
vn -0.8248 0.5107 -0.2428
vn -0.6825 0.6763 -0.2772
vn -0.7168 0.6432 -0.2692
vn -0.6109 0.7396 -0.2824
vn -0.8277 -0.5595 0.0426
vn -0.8326 -0.5512 0.0538
vn -0.5553 0.7801 -0.2882
vn 0.0060 0.8708 -0.4916
vn 0.3142 -0.4172 -0.8528
vn 0.2281 -0.4746 -0.8502
vn 0.2293 -0.4741 -0.8501
vn 0.2304 -0.4738 -0.8500
vn 0.5901 -0.7899 0.1667
vn 0.5599 -0.8265 0.0581
vn 0.9623 0.2662 0.0557
vn 0.9619 0.2679 0.0549
vn 0.9726 0.2182 0.0799
vn 0.9490 0.3149 0.0177
vn 0.9305 0.3661 -0.0103
vn 0.5854 0.7676 -0.2610
vn 0.5671 0.7818 -0.2592
vn 0.6354 0.7377 -0.2282
vn 0.5388 0.7914 -0.2889
vn 0.5085 0.8035 -0.3097
vn 0.9594 -0.1635 0.2299
vn 0.8881 0.4555 -0.0611
vn 0.9091 0.4148 -0.0378
vn 0.8665 0.4925 -0.0812
vn 0.8667 0.4920 -0.0816
vn 0.8437 0.5272 -0.1010
vn 0.4723 0.8163 -0.3326
vn 0.4947 0.8097 -0.3158
vn 0.4770 0.8144 -0.3305
vn 0.4440 0.8223 -0.3559
vn 0.4640 0.8153 -0.3464
vn 0.4199 0.8278 -0.3721
vn 0.9848 0.0308 0.1710
vn 0.9849 0.0303 0.1703
vn 0.9854 0.0794 0.1505
vn 0.9839 0.1265 0.1265
vn 0.9796 0.1712 0.1050
vn 0.9796 0.1724 0.1032
vn 0.7849 0.6029 -0.1429
vn 0.8252 0.5540 -0.1099
vn 0.8171 0.5637 -0.1209
vn 0.7453 0.6454 -0.1674
vn 0.7461 0.6445 -0.1673
vn 0.6993 0.6876 -0.1953
vn 0.1909 0.8650 -0.4641
vn 0.2418 0.8453 -0.4765
vn 0.3530 0.8454 -0.4008
vn 0.2434 0.8600 -0.4485
vn 0.1661 0.7635 -0.6241
vn 0.2117 0.8279 -0.5193
vn 0.2980 0.8542 -0.4261
vn 0.9672 -0.1116 0.2282
vn 0.9469 -0.2082 0.2452
vn 0.9817 -0.0167 0.1899
vn 0.9756 -0.0650 0.2098
vn 0.9757 -0.0648 0.2095
vn 0.9566 -0.1568 0.2457
vn -0.3008 0.3186 -0.8989
vn -0.2896 0.3241 -0.9006
vn -0.2521 0.2523 -0.9342
vn -0.2386 0.2321 -0.9430
vn -0.2152 0.2108 -0.9535
vn -0.1737 0.1321 -0.9759
vn -0.1562 0.1168 -0.9808
vn -0.1096 0.0329 -0.9934
vn -0.0896 0.0157 -0.9959
vn -0.0895 0.0155 -0.9959
vn -0.0400 -0.0694 -0.9968
vn -0.0179 -0.0899 -0.9958
vn -0.0177 -0.0902 -0.9958
vn -0.0175 -0.0906 -0.9957
vn 0.0290 -0.1693 -0.9851
vn 0.0546 -0.1945 -0.9794
vn 0.0548 -0.1948 -0.9793
vn 0.0552 -0.1954 -0.9792
vn 0.0993 -0.2685 -0.9581
vn 0.1265 -0.2958 -0.9468
vn 0.1265 -0.2959 -0.9468
vn 0.1777 -0.3734 -0.9105
vn 0.2284 -0.4475 -0.8646
vn 0.2623 -0.4811 -0.8365
vn 0.2781 -0.5117 -0.8129
vn 0.3245 -0.5627 -0.7603
vn 0.3364 -0.5870 -0.7363
vn 0.3810 -0.6345 -0.6725
vn 0.3911 -0.6543 -0.6473
vn 0.4016 -0.6677 -0.6268
vn 0.4236 -0.6872 -0.5901
vn 0.4325 -0.6973 -0.5717
vn 0.4382 -0.7142 -0.5458
vn 0.4763 -0.7475 -0.4629
vn 0.4764 -0.7476 -0.4627
vn 0.4794 -0.7595 -0.4396
vn 0.5128 -0.7857 -0.3460
vn 0.5122 -0.7935 -0.3286
vn 0.4992 -0.7918 -0.3520
vn 0.5410 -0.8107 -0.2238
vn 0.5381 -0.8163 -0.2101
vn 0.5264 -0.8181 -0.2317
vn 0.5608 -0.8222 -0.0977
vn 0.5607 -0.8222 -0.0979
vn 0.5550 -0.8271 -0.0881
vn 0.5719 -0.8198 0.0292
vn 0.5624 -0.8263 0.0300
vn -0.1442 0.8808 -0.4510
vn -0.1668 0.8797 -0.4452
vn 0.2511 -0.2517 0.9347
vn -0.1311 0.8835 -0.4497
vn 0.0111 0.9129 -0.4081
vn 0.4505 0.8358 -0.3138
vn 0.9789 -0.1137 0.1696
vn 0.9791 -0.1126 0.1695
vn 0.9789 -0.1139 0.1694
vn 0.9649 -0.1780 0.1930
vn 0.8601 0.5011 -0.0960
vn 0.8422 0.5279 -0.1095
vn 0.8421 0.5281 -0.1095
vn 0.8774 0.4727 -0.0820
vn 0.8774 0.4726 -0.0824
vn 0.8970 0.4371 -0.0660
vn 0.7538 0.6350 -0.1688
vn 0.7134 0.6740 -0.1919
vn 0.7903 0.5951 -0.1459
vn 0.7902 0.5952 -0.1459
vn 0.8381 0.5338 -0.1123
vn 0.9524 -0.2226 0.2084
vn 0.9436 0.3306 -0.0189
vn 0.9222 0.3844 -0.0420
vn 0.9219 0.3851 -0.0427
vn 0.9586 0.2848 0.0007
vn 0.9588 0.2839 0.0014
vn 0.9661 0.2579 0.0123
vn 0.9667 0.2555 0.0142
vn 0.6453 0.7295 -0.2268
vn 0.5922 0.7633 -0.2582
vn 0.6299 0.7372 -0.2445
vn 0.6188 0.7454 -0.2478
vn 0.6255 0.7403 -0.2465
vn 0.4531 0.8371 -0.3064
vn 0.5431 0.7933 -0.2751
vn 0.6298 0.7379 -0.2427
vn 0.6298 0.7378 -0.2427
vn 0.9378 -0.2659 0.2231
vn 0.9372 -0.2675 0.2237
vn 0.9887 0.1349 0.0661
vn 0.9885 0.1362 0.0658
vn 0.9699 0.2432 0.0108
vn 0.9694 0.2451 0.0119
vn 0.9743 0.2238 0.0247
vn 0.9749 0.2217 0.0224
vn 0.9932 0.0462 0.1064
vn 0.9930 0.0522 0.1064
vn 0.9893 -0.0354 0.1419
vn 0.9815 0.1872 0.0404
vn 0.9809 0.1902 0.0397
vn -0.3468 0.5983 0.7223
vn 0.3938 -0.4797 0.7841
vn -0.0689 0.2221 0.9726
vn 0.4743 -0.6173 0.6277
vn 0.0160 0.1005 0.9948
vn 0.1108 -0.0387 0.9931
vn -0.1287 0.3062 0.9432
vn 0.2156 -0.1970 0.9564
vn -0.1286 0.3061 0.9433
vn 0.1127 -0.0415 0.9928
vn -0.1871 0.3868 0.9030
vn 0.0526 0.0471 0.9975
vn -0.2432 0.4628 0.8524
vn -0.0320 0.1697 0.9850
vn -0.0711 0.2252 0.9717
vn -0.3927 0.6561 0.6445
vn 0.2938 -0.3185 0.9013
vn 0.4743 -0.6172 0.6278
vn 0.0526 0.0472 0.9975
vn -0.0082 0.1354 0.9908
vn -0.1937 0.3959 0.8976
vn 0.1740 -0.1335 0.9757
vn -0.2433 0.4629 0.8524
vn 0.3939 -0.4799 0.7839
vn 0.2004 -0.1737 0.9642
vn -0.1599 0.8693 -0.4678
vn -0.0083 0.1355 0.9907
vn -0.3368 0.5857 0.7372
vn -0.1940 0.3962 0.8975
vn -0.1938 0.3959 0.8976
vn -0.4218 0.6915 0.5865
vn 0.2937 -0.3183 0.9013
vn 0.5574 -0.7824 0.2778
vn -0.8241 -0.5622 0.0701
vn -0.8202 0.4291 -0.3784
vn -0.8192 0.4303 -0.3791
vn -0.7954 0.4658 -0.3879
vn -0.7919 0.4650 -0.3958
vn -0.8623 0.3575 -0.3587
vn -0.7857 0.4798 -0.3904
vn -0.7606 0.5134 -0.3974
vn -0.9211 0.2296 -0.3143
vn -0.8870 0.3075 -0.3446
vn -0.8862 0.3132 -0.3414
vn -0.9297 0.2024 -0.3078
vn -0.9200 0.2274 -0.3193
vn -0.9435 0.1521 -0.2943
vn -0.9723 -0.1337 -0.1917
vn -0.9610 -0.2301 -0.1537
vn -0.9046 0.2719 -0.3283
vn -0.8988 0.2870 -0.3314
vn -0.8874 0.3154 -0.3362
vn -0.9211 0.2295 -0.3144
vn -0.9357 0.1861 -0.2997
vn -0.9206 0.2286 -0.3166
vn -0.9351 0.1851 -0.3023
vn -0.9224 0.2319 -0.3088
vn -0.9245 0.2357 -0.2996
vn -0.9371 0.1885 -0.2939
vn -0.9392 0.1924 -0.2845
vn -0.9058 0.2742 -0.3229
vn -0.8889 0.3113 -0.3361
vn -0.9079 0.2779 -0.3138
vn -0.8894 0.3192 -0.3273
vn -0.3096 -0.9181 0.2474
vn -0.3077 -0.9182 0.2495
vn -0.3974 -0.8904 0.2217
vn -0.3939 -0.8919 0.2223
vn -0.2265 -0.9362 0.2686
vn -0.1577 -0.9457 0.2842
vn -0.2257 -0.9353 0.2727
vn -0.1585 -0.9443 0.2884
vn -0.2262 -0.9371 0.2660
vn -0.2252 -0.9379 0.2639
vn -0.1570 -0.9470 0.2804
vn -0.1563 -0.9480 0.2771
vn -0.3097 -0.9184 0.2463
vn -0.3983 -0.8899 0.2226
vn -0.3082 -0.9189 0.2461
vn -0.3963 -0.8902 0.2248
vn -0.7853 -0.6168 0.0544
vn -0.7833 -0.6201 0.0440
vn -0.8057 -0.5908 0.0408
vn -0.8034 -0.5947 0.0304
vn -0.7630 -0.6428 0.0678
vn -0.7348 -0.6732 0.0833
vn -0.7613 -0.6459 0.0573
vn -0.7334 -0.6759 0.0733
vn -0.7640 -0.6404 0.0790
vn -0.7646 -0.6380 0.0910
vn -0.7352 -0.6713 0.0945
vn -0.7352 -0.6695 0.1064
vn -0.7868 -0.6137 0.0655
vn -0.8079 -0.5871 0.0517
vn -0.7882 -0.6105 0.0774
vn -0.8100 -0.5831 0.0633
vn -0.9526 -0.2834 -0.1105
vn -0.9638 -0.2298 -0.1352
vn -0.9448 -0.3130 -0.0968
vn -0.9413 -0.3250 -0.0910
vn -0.9392 -0.3283 -0.1006
vn -0.9474 -0.3078 -0.0877
vn -0.9503 -0.3015 -0.0777
vn -0.9439 -0.3202 -0.0813
vn -0.9467 -0.3141 -0.0711
vn -0.9551 -0.2783 -0.1020
vn -0.9660 -0.2250 -0.1271
vn -0.9579 -0.2719 -0.0924
vn -0.9687 -0.2185 -0.1177
vn -0.5635 -0.8101 0.1621
vn -0.5586 -0.8144 0.1574
vn -0.5809 -0.7991 0.1545
vn -0.5765 -0.8035 0.1485
vn -0.5322 -0.8284 0.1748
vn -0.4812 -0.8549 0.1938
vn -0.5272 -0.8323 0.1717
vn -0.4765 -0.8579 0.1925
vn -0.5340 -0.8262 0.1796
vn -0.5325 -0.8257 0.1862
vn -0.4827 -0.8534 0.1969
vn -0.4807 -0.8534 0.2016
vn -0.5655 -0.8074 0.1684
vn -0.5831 -0.7961 0.1619
vn -0.5647 -0.8063 0.1764
vn -0.5829 -0.7944 0.1708
vn -0.8804 -0.4737 -0.0199
vn -0.8780 -0.4778 -0.0302
vn -0.9045 -0.4242 -0.0443
vn -0.9021 -0.4281 -0.0546
vn -0.8540 -0.5203 0.0038
vn -0.8123 -0.5821 0.0363
vn -0.8514 -0.5244 -0.0065
vn -0.8076 -0.5890 0.0275
vn -0.8566 -0.5158 0.0143
vn -0.8593 -0.5108 0.0254
vn -0.8169 -0.5749 0.0454
vn -0.8218 -0.5671 0.0549
vn -0.8830 -0.4693 -0.0093
vn -0.9069 -0.4201 -0.0336
vn -0.8855 -0.4645 0.0019
vn -0.9093 -0.4156 -0.0223
vn -0.9643 0.0658 -0.2565
vn -0.9483 0.1416 -0.2841
vn -0.9476 0.1404 -0.2870
vn -0.9752 -0.0309 -0.2192
vn -0.9751 -0.1335 -0.1770
vn -0.9768 -0.0272 -0.2124
vn -0.9789 -0.0219 -0.2030
vn -0.9770 -0.1295 -0.1695
vn -0.9793 -0.1235 -0.1602
vn -0.9658 0.0689 -0.2501
vn -0.9497 0.1441 -0.2780
vn -0.9678 0.0733 -0.2407
vn -0.9518 0.1480 -0.2686
vn -0.1100 -0.9495 0.2938
vn -0.1110 -0.9478 0.2988
vn -0.1091 -0.9510 0.2894
vn -0.1084 -0.9523 0.2854
vn -0.6476 -0.7516 0.1256
vn -0.6461 -0.7543 0.1165
vn -0.6926 -0.7137 0.1047
vn -0.6921 -0.7156 0.0943
vn -0.6091 -0.7802 0.1423
vn -0.5860 -0.7959 0.1520
vn -0.6065 -0.7836 0.1343
vn -0.5810 -0.8009 0.1451
vn -0.6106 -0.7774 0.1512
vn -0.6113 -0.7748 0.1611
vn -0.5881 -0.7928 0.1601
vn -0.5888 -0.7903 0.1695
vn -0.6482 -0.7493 0.1355
vn -0.6929 -0.7118 0.1153
vn -0.6484 -0.7471 0.1462
vn -0.6927 -0.7100 0.1268
vn -0.9415 -0.3244 -0.0911
vn -0.9392 -0.3281 -0.1013
vn -0.9430 -0.3194 -0.0934
vn -0.9407 -0.3230 -0.1034
vn -0.9356 -0.3434 -0.0823
vn -0.9235 -0.3778 -0.0664
vn -0.9331 -0.3474 -0.0926
vn -0.9211 -0.3817 -0.0767
vn -0.9380 -0.3392 -0.0718
vn -0.9404 -0.3345 -0.0606
vn -0.9259 -0.3737 -0.0557
vn -0.9283 -0.3692 -0.0444
vn -0.9440 -0.3199 -0.0808
vn -0.9455 -0.3148 -0.0834
vn -0.9466 -0.3148 -0.0698
vn -0.9482 -0.3092 -0.0728
vn -0.9513 -0.3044 -0.0485
vn -0.9492 -0.3092 -0.0578
vn -0.9533 -0.2975 -0.0521
vn -0.9511 -0.3029 -0.0610
vn -0.9449 -0.3251 -0.0387
vn -0.9325 -0.3604 -0.0222
vn -0.9430 -0.3294 -0.0484
vn -0.9307 -0.3643 -0.0320
vn -0.9463 -0.3219 -0.0318
vn -0.9472 -0.3195 -0.0278
vn -0.9338 -0.3575 -0.0150
vn -0.9345 -0.3557 -0.0107
vn -0.9529 -0.3003 -0.0420
vn -0.9551 -0.2925 -0.0463
vn -0.9542 -0.2968 -0.0387
vn -0.9568 -0.2875 -0.0442
vn -0.9120 0.2860 -0.2940
vn -0.9107 0.2834 -0.3005
vn -0.8935 0.3272 -0.3076
vn -0.8922 0.3246 -0.3140
vn -0.9286 0.2438 -0.2797
vn -0.9433 0.2006 -0.2645
vn -0.9273 0.2411 -0.2863
vn -0.9420 0.1978 -0.2712
vn -0.9288 0.2433 -0.2795
vn -0.9357 0.2409 -0.2576
vn -0.9435 0.2001 -0.2642
vn -0.9498 0.1924 -0.2466
vn -0.9121 0.2857 -0.2940
vn -0.8934 0.3271 -0.3079
vn -0.9183 0.2895 -0.2700
vn -0.8980 0.3362 -0.2837
vn -0.2998 -0.9212 0.2480
vn -0.3057 -0.9184 0.2511
vn -0.3838 -0.8938 0.2319
vn -0.3922 -0.8902 0.2317
vn -0.2213 -0.9395 0.2616
vn -0.1553 -0.9497 0.2721
vn -0.2245 -0.9371 0.2673
vn -0.1567 -0.9473 0.2793
vn -0.2188 -0.9400 0.2618
vn -0.2162 -0.9402 0.2630
vn -0.1552 -0.9499 0.2713
vn -0.1552 -0.9498 0.2717
vn -0.2936 -0.9227 0.2499
vn -0.3738 -0.8970 0.2360
vn -0.2867 -0.9242 0.2524
vn -0.3623 -0.9006 0.2403
vn -0.7899 -0.6048 0.1011
vn -0.7895 -0.6071 0.0904
vn -0.8135 -0.5751 0.0861
vn -0.8121 -0.5785 0.0763
vn -0.7643 -0.6344 0.1154
vn -0.7332 -0.6673 0.1308
vn -0.7649 -0.6356 0.1041
vn -0.7347 -0.6678 0.1195
vn -0.7629 -0.6345 0.1240
vn -0.7599 -0.6378 0.1255
vn -0.7309 -0.6681 0.1397
vn -0.7269 -0.6719 0.1417
vn -0.7896 -0.6038 0.1092
vn -0.8144 -0.5728 0.0936
vn -0.7876 -0.6063 0.1104
vn -0.8093 -0.5790 0.0994
vn -0.9634 -0.2578 -0.0735
vn -0.9610 -0.2643 -0.0811
vn -0.9739 -0.2043 -0.0990
vn -0.9718 -0.2108 -0.1061
vn -0.9558 -0.2880 -0.0583
vn -0.9522 -0.3013 -0.0511
vn -0.9534 -0.2943 -0.0664
vn -0.9498 -0.3073 -0.0596
vn -0.9579 -0.2818 -0.0543
vn -0.9599 -0.2748 -0.0551
vn -0.9542 -0.2954 -0.0462
vn -0.9562 -0.2891 -0.0455
vn -0.9653 -0.2515 -0.0704
vn -0.9754 -0.1982 -0.0969
vn -0.9669 -0.2444 -0.0728
vn -0.9762 -0.1920 -0.1006
vn -0.5532 -0.8097 0.1957
vn -0.5609 -0.8064 0.1873
vn -0.5747 -0.7956 0.1915
vn -0.5803 -0.7938 0.1820
vn -0.5186 -0.8305 0.2030
vn -0.4657 -0.8585 0.2145
vn -0.5279 -0.8263 0.1964
vn -0.4756 -0.8541 0.2105
vn -0.5064 -0.8361 0.2111
vn -0.4900 -0.8445 0.2163
vn -0.4532 -0.8636 0.2210
vn -0.4427 -0.8681 0.2247
vn -0.5426 -0.8147 0.2046
vn -0.5667 -0.7992 0.2005
vn -0.5280 -0.8226 0.2110
vn -0.5554 -0.8053 0.2072
vn -0.8903 -0.4548 0.0238
vn -0.8882 -0.4592 0.0141
vn -0.9136 -0.4067 -0.0000
vn -0.9117 -0.4107 -0.0099
vn -0.8644 -0.5006 0.0471
vn -0.8292 -0.5539 0.0750
vn -0.8622 -0.5053 0.0376
vn -0.8274 -0.5578 0.0655
vn -0.8661 -0.4969 0.0540
vn -0.8673 -0.4943 0.0579
vn -0.8303 -0.5511 0.0823
vn -0.8310 -0.5495 0.0867
vn -0.8918 -0.4514 0.0307
vn -0.9148 -0.4038 0.0072
vn -0.8928 -0.4491 0.0348
vn -0.9156 -0.4020 0.0115
vn -0.9718 0.0829 -0.2207
vn -0.9705 0.0793 -0.2277
vn -0.9560 0.1561 -0.2483
vn -0.9546 0.1534 -0.2553
vn -0.9830 -0.0103 -0.1835
vn -0.9838 -0.1102 -0.1412
vn -0.9816 -0.0150 -0.1904
vn -0.9821 -0.1160 -0.1482
vn -0.9831 -0.0072 -0.1829
vn -0.9830 -0.0096 -0.1831
vn -0.9845 -0.1053 -0.1400
vn -0.9843 -0.1028 -0.1432
vn -0.9718 0.0841 -0.2203
vn -0.9561 0.1559 -0.2480
vn -0.9735 0.0770 -0.2154
vn -0.9606 0.1461 -0.2365
vn -0.0587 -0.9566 0.2856
vn -0.1071 -0.9543 0.2791
vn -0.1087 -0.9517 0.2871
vn -0.0021 -0.9562 0.2926
vn -0.0081 -0.9571 0.2895
vn -0.0102 -0.9572 0.2891
vn -0.0592 -0.9571 0.2838
vn -0.1069 -0.9546 0.2779
vn -0.0592 -0.9570 0.2839
vn -0.1070 -0.9546 0.2781
vn -0.6471 -0.7437 0.1680
vn -0.6482 -0.7449 0.1578
vn -0.6907 -0.7074 0.1501
vn -0.6921 -0.7082 0.1392
vn -0.6098 -0.7714 0.1820
vn -0.5850 -0.7884 0.1900
vn -0.6112 -0.7725 0.1723
vn -0.5879 -0.7886 0.1804
vn -0.6074 -0.7713 0.1899
vn -0.6052 -0.7723 0.1932
vn -0.5806 -0.7897 0.1983
vn -0.5754 -0.7922 0.2033
vn -0.6452 -0.7435 0.1761
vn -0.6884 -0.7078 0.1586
vn -0.6432 -0.7446 0.1783
vn -0.6856 -0.7101 0.1603
vn -0.5700 -0.7948 0.2084
vn -0.9583 -0.2819 -0.0463
vn -0.9243 0.2978 -0.2387
vn -0.9155 0.2788 -0.2900
vn -0.8967 0.3599 -0.2577
vn -0.8932 0.3276 -0.3079
vn -0.9469 0.2292 -0.2253
vn -0.9636 0.1563 -0.2171
vn -0.9355 0.2274 -0.2705
vn -0.9518 0.1759 -0.2512
vn -0.9300 0.1943 -0.3119
vn -0.9087 0.1714 -0.3806
vn -0.9543 0.1269 -0.2705
vn -0.9295 0.1046 -0.3537
vn -0.9034 0.2547 -0.3450
vn -0.8763 0.3126 -0.3667
vn -0.8865 0.2277 -0.4029
vn -0.8612 0.2951 -0.4138
vn -0.2733 -0.9256 0.2619
vn -0.2796 -0.9255 0.2556
vn -0.3380 -0.9068 0.2518
vn -0.3499 -0.9042 0.2448
vn -0.2122 -0.9388 0.2713
vn -0.1568 -0.9472 0.2796
vn -0.2138 -0.9402 0.2653
vn -0.1556 -0.9492 0.2736
vn -0.2117 -0.9360 0.2813
vn -0.2124 -0.9314 0.2956
vn -0.1588 -0.9437 0.2902
vn -0.1618 -0.9384 0.3055
vn -0.2683 -0.9243 0.2716
vn -0.3276 -0.9080 0.2614
vn -0.2652 -0.9211 0.2850
vn -0.3196 -0.9071 0.2739
vn -0.9697 -0.2243 -0.0968
vn -0.9684 -0.2356 -0.0817
vn -0.9757 -0.1794 -0.1257
vn -0.9763 -0.1861 -0.1102
vn -0.9641 -0.2548 -0.0746
vn -0.9592 -0.2774 -0.0548
vn -0.9620 -0.2660 -0.0617
vn -0.9583 -0.2813 -0.0499
vn -0.9645 -0.2499 -0.0853
vn -0.9662 -0.2281 -0.1200
vn -0.9598 -0.2701 -0.0758
vn -0.9633 -0.2490 -0.1007
vn -0.9702 -0.2127 -0.1160
vn -0.9747 -0.1737 -0.1408
vn -0.9690 -0.1999 -0.1449
vn -0.9705 -0.1658 -0.1751
vn -0.8586 0.3542 -0.3705
vn -0.8348 0.3145 -0.4519
vn -0.5120 -0.8303 0.2200
vn -0.5432 -0.8117 0.2146
vn -0.4551 -0.8592 0.2340
vn -0.4130 -0.8787 0.2393
vn -0.4726 -0.8518 0.2260
vn -0.4311 -0.8722 0.2312
vn -0.4386 -0.8653 0.2426
vn -0.4250 -0.8694 0.2522
vn -0.3952 -0.8841 0.2493
vn -0.3799 -0.8873 0.2613
vn -0.4688 -0.8496 0.2417
vn -0.9788 0.0152 -0.2043
vn -0.9758 0.0535 -0.2119
vn -0.9734 0.0849 -0.2127
vn -0.9642 0.1245 -0.2340
vn -0.9809 -0.0449 -0.1892
vn -0.9806 -0.1099 -0.1624
vn -0.9824 -0.0235 -0.1855
vn -0.9830 -0.1046 -0.1510
vn -0.9805 -0.0703 -0.1834
vn -0.9653 -0.0881 -0.2457
vn -0.9786 -0.1181 -0.1682
vn -0.9695 -0.1205 -0.2134
vn -0.9798 -0.0146 -0.1992
vn -0.9715 0.0564 -0.2300
vn -0.9589 -0.0441 -0.2804
vn -0.9471 0.0274 -0.3196
vn -0.0608 -0.9543 0.2925
vn -0.0595 -0.9564 0.2858
vn -0.1086 -0.9519 0.2864
vn -0.1074 -0.9540 0.2800
vn -0.0213 -0.9553 0.2950
vn 0.0377 -0.9536 0.2986
vn -0.0214 -0.9562 0.2918
vn -0.0159 -0.9504 0.3106
vn -0.0194 -0.9441 0.3291
vn 0.0336 -0.9481 0.3163
vn 0.0273 -0.9417 0.3353
vn -0.0631 -0.9504 0.3045
vn -0.1108 -0.9482 0.2977
vn -0.0664 -0.9444 0.3221
vn -0.1139 -0.9425 0.3142
vn -0.6306 -0.7570 0.1711
vn -0.6734 -0.7246 0.1467
vn -0.5862 -0.7866 0.1942
vn -0.5418 -0.8125 0.2153
vn -0.5468 -0.8075 0.2215
vn -0.5862 -0.7886 0.1860
vn -0.5844 -0.7921 0.1763
vn -0.5402 -0.8150 0.2097
vn -0.6307 -0.7589 0.1622
vn -0.6741 -0.7259 0.1367
vn -0.6298 -0.7617 0.1525
vn -0.6735 -0.7282 0.1272
vn -0.9578 -0.2603 -0.1218
vn -0.9566 -0.2746 -0.0975
vn -0.9619 -0.2326 -0.1436
vn -0.9613 -0.2495 -0.1166
vn -0.9486 -0.3017 -0.0953
vn -0.9332 -0.3534 -0.0658
vn -0.9459 -0.3169 -0.0698
vn -0.9339 -0.3538 -0.0512
vn -0.9510 -0.2870 -0.1151
vn -0.9538 -0.2714 -0.1286
vn -0.9347 -0.3459 -0.0818
vn -0.9345 -0.3432 -0.0946
vn -0.9598 -0.2403 -0.1447
vn -0.9631 -0.2104 -0.1679
vn -0.9628 -0.2176 -0.1601
vn -0.9651 -0.1886 -0.1818
vn -0.5563 0.4480 -0.6999
vn -0.8819 0.1228 -0.4552
vn -0.9025 0.0652 -0.4258
vn -0.2644 -0.9159 0.3019
vn -0.3151 -0.9040 0.2891
vn -0.2145 -0.9248 0.3141
vn -0.1657 -0.9309 0.3254
vn -0.7775 -0.6240 0.0785
vn -0.8058 -0.5894 0.0581
vn -0.7472 -0.6571 0.0994
vn -0.7134 -0.6901 0.1219
vn -0.7473 -0.6585 0.0884
vn -0.7467 -0.6605 0.0794
vn -0.7142 -0.6911 0.1110
vn -0.7138 -0.6929 0.1018
vn -0.7766 -0.6264 0.0676
vn -0.8039 -0.5928 0.0477
vn -0.7753 -0.6288 0.0588
vn -0.8022 -0.5957 0.0391
vn -0.9645 -0.1638 -0.2072
vn -0.9667 -0.1823 -0.1795
vn -0.9635 -0.1196 -0.2394
vn -0.9665 -0.1425 -0.2136
vn -0.9638 -0.1960 -0.1808
vn -0.9627 -0.2185 -0.1597
vn -0.9649 -0.2136 -0.1526
vn -0.9628 -0.2360 -0.1316
vn -0.9631 -0.1763 -0.2032
vn -0.9620 -0.1670 -0.2159
vn -0.9630 -0.1976 -0.1834
vn -0.9638 -0.1851 -0.1919
vn -0.9639 -0.1358 -0.2289
vn -0.9615 -0.0994 -0.2560
vn -0.9632 -0.1351 -0.2322
vn -0.4549 -0.8542 0.2517
vn -0.4604 -0.8515 0.2508
vn -0.4990 -0.8344 0.2340
vn -0.5039 -0.8307 0.2367
vn -0.4095 -0.8719 0.2685
vn -0.3634 -0.8873 0.2840
vn -0.4150 -0.8707 0.2638
vn -0.3681 -0.8880 0.2756
vn -0.4087 -0.8716 0.2708
vn -0.3621 -0.8863 0.2886
vn -0.4537 -0.8551 0.2509
vn -0.4996 -0.8357 0.2280
vn -0.8869 -0.4619 -0.0090
vn -0.8891 -0.4578 0.0034
vn -0.9113 -0.4101 -0.0357
vn -0.9130 -0.4074 -0.0219
vn -0.8607 -0.5089 0.0150
vn -0.8243 -0.5644 0.0443
vn -0.8632 -0.5042 0.0269
vn -0.8584 -0.5130 0.0049
vn -0.8564 -0.5163 -0.0034
vn -0.8224 -0.5679 0.0339
vn -0.8184 -0.5741 0.0270
vn -0.8853 -0.4646 -0.0198
vn -0.9111 -0.4093 -0.0483
vn -0.8836 -0.4673 -0.0287
vn -0.9117 -0.4066 -0.0586
vn -0.9375 0.0395 -0.3457
vn -0.9385 -0.0212 -0.3445
vn -0.9166 0.1076 -0.3850
vn -0.9209 0.0177 -0.3895
vn -0.9496 -0.0065 -0.3134
vn -0.9586 -0.0608 -0.2781
vn -0.9523 -0.0526 -0.3006
vn -0.9619 -0.0913 -0.2578
vn -0.9555 -0.0548 -0.2899
vn -0.9359 0.0562 -0.3477
vn -0.9620 -0.2631 -0.0725
vn -0.9550 -0.2934 -0.0439
vn -0.9476 -0.3183 -0.0272
vn -0.9158 -0.4015 0.0127
vn -0.9632 -0.2558 -0.0830
vn -0.8931 -0.4483 0.0359
vn -0.9485 -0.3116 -0.0566
vn -0.9638 -0.2509 -0.0897
vn -0.8679 -0.4933 0.0590
vn -0.9588 -0.2790 -0.0541
vn -0.9576 -0.2775 -0.0770
vn -0.9553 -0.2928 -0.0401
vn -0.9347 -0.3552 -0.0094
vn -0.9514 -0.2806 -0.1265
vn -0.9479 0.1409 -0.2856
vn -0.8698 0.3729 -0.3232
vn -0.9307 -0.3511 -0.1028
vn -0.9367 -0.3319 -0.1116
vn -0.9417 -0.3163 -0.1146
vn -0.9623 -0.2280 -0.1484
vn -0.6271 0.4524 -0.6340
vn -0.9386 -0.3259 -0.1132
vn -0.9732 -0.1323 -0.1878
vn -0.9618 -0.2308 -0.1473
vn -0.8513 0.1894 -0.4893
vn -0.8676 0.4125 -0.2776
vn -0.9634 0.0654 -0.2599
vn -0.9355 0.1858 -0.3004
vn -0.9738 -0.0310 -0.2255
vn -0.9378 -0.3286 -0.1119
vn -0.4821 0.3993 -0.7798
vn -0.8091 0.2467 -0.5334
vn -0.8950 0.1392 -0.4238
vn -0.8980 0.2852 -0.3351
vn -0.8087 -0.5810 0.0914
vn -0.7833 -0.6116 0.1115
vn -0.7520 -0.6461 0.1302
vn -0.8512 0.3798 -0.3623
vn -0.8653 0.3522 -0.3566
vn -0.8212 0.4310 -0.3741
vn -0.7964 0.4677 -0.3834
vn -0.8212 0.4310 -0.3740
vn -0.8582 0.3716 -0.3541
vn -0.7936 0.4725 -0.3834
vn -0.8016 0.4611 -0.3806
vn -0.8207 0.4302 -0.3761
vn -0.8205 0.4298 -0.3769
vn -0.7958 0.4666 -0.3860
vn -0.7956 0.4663 -0.3867
vn -0.8441 0.3925 -0.3653
vn -0.8659 0.3535 -0.3538
vn -0.8504 0.3828 -0.3610
vn -0.8668 0.3550 -0.3501
vn -0.8452 0.3945 -0.3605
vn -0.8472 0.3982 -0.3517
vn -0.8671 0.3556 -0.3488
vn -0.8691 0.3593 -0.3399
vn -0.8197 0.4348 -0.3729
vn -0.7886 0.4768 -0.3883
vn -0.8237 0.4359 -0.3626
vn -0.7737 0.4959 -0.3944
vn -0.7921 0.4692 -0.3905
vn -0.7700 0.5027 -0.3929
vn -0.8189 0.4569 -0.3474
vn -0.8218 0.4471 -0.3532
vn -0.8512 0.4062 -0.3323
vn -0.8731 0.3674 -0.3204
vn -0.8500 0.4037 -0.3384
vn -0.8719 0.3648 -0.3266
vn -0.8507 0.4063 -0.3334
vn -0.8491 0.4236 -0.3156
vn -0.8729 0.3675 -0.3210
vn -0.8749 0.3811 -0.2988
vn -0.8227 0.4517 -0.3451
vn -0.6177 0.6767 -0.4007
vn -0.8214 0.4626 -0.3336
vn -0.5440 0.7365 -0.4019
vn -0.7891 0.5088 -0.3441
vn -0.8113 0.4681 -0.3503
vn -0.7762 0.5160 -0.3622
vn -0.7088 0.5966 -0.3764
vn -0.8292 0.4658 -0.3089
vn -0.8761 0.3935 -0.2784
vn -0.8412 0.4223 -0.3377
vn -0.8684 0.3757 -0.3237
vn -0.8122 0.4405 -0.3825
vn -0.8226 0.3944 -0.4096
vn -0.7603 0.5179 -0.3920
vn -0.7638 0.4924 -0.4174
vn -0.7717 0.4895 -0.4061
vn -0.9470 0.0023 -0.3212
vn -0.8261 0.4416 -0.3500
vn -0.9226 0.1043 -0.3714
vn -0.0618 -0.9493 0.3081
vn -0.4703 -0.8610 0.1937
vn -0.5724 -0.8073 0.1436
vn -0.5547 -0.8179 0.1526
vn -0.2167 -0.9192 0.3288
vn -0.0598 -0.9538 0.2943
vn -0.3912 -0.8928 0.2235
vn -0.5795 -0.8032 0.1383
vn -0.1180 -0.9345 0.3357
vn -0.3134 -0.9007 0.3007
vn -0.3067 -0.9177 0.2526
vn -0.2646 -0.9113 0.3154
vn -0.0592 -0.9542 0.2931
vn -0.0608 -0.9511 0.3029
vn -0.1687 -0.9246 0.3416
vn -0.0598 -0.9527 0.2979
vn -0.2264 -0.9342 0.2757
vn -0.0708 -0.9359 0.3450
vn -0.5211 -0.8362 0.1709
vn -0.7184 -0.6795 0.1488
vn -0.6776 -0.7158 0.1686
vn -0.6353 -0.7492 0.1872
vn -0.5635 -0.7984 0.2120
vn -0.5918 -0.7797 0.2044
vn -0.7172 -0.6807 0.1494
vn -0.7523 -0.6459 0.1298
vn -0.6041 -0.7722 0.1968
vn -0.6829 -0.7122 0.1625
vn -0.7531 -0.6450 0.1298
vn -0.7832 -0.6117 0.1115
vn -0.6425 -0.7446 0.1810
vn -0.8122 -0.5760 0.0923
vn -0.7177 -0.6811 0.1450
vn -0.6017 -0.7737 0.1984
vn -0.6782 -0.7161 0.1652
vn -0.9348 -0.3552 -0.0095
vn -0.9347 -0.3553 -0.0094
vn -0.6391 -0.7473 0.1820
vn -0.9547 -0.2951 -0.0379
vn -0.9557 -0.2916 -0.0395
vn -0.5973 -0.7768 0.1995
vn -0.9585 -0.2754 -0.0738
vn -0.6394 -0.7470 0.1820
vn -0.9588 -0.2796 -0.0503
vn -0.8677 -0.4935 0.0588
vn -0.9608 -0.2622 -0.0903
vn -0.5313 -0.8179 0.2206
vn -0.5521 -0.8052 0.2163
vn -0.9602 -0.2670 -0.0820
vn -0.8931 -0.4484 0.0358
vn -0.9647 -0.2514 -0.0781
vn -0.9475 -0.3186 -0.0267
vn -0.5584 -0.8017 0.2132
vn -0.8632 -0.5041 0.0269
vn -0.4961 -0.8379 0.2275
vn -0.4809 -0.8449 0.2345
vn -0.5198 -0.8240 0.2255
vn -0.5104 -0.8286 0.2300
vn -0.8312 -0.5490 0.0880
vn -0.8285 -0.5546 0.0773
vn -0.8296 -0.5531 0.0765
vn 0.5499 -0.7640 0.3375
vn -0.2968 0.5338 0.7919
vn -0.3526 0.4301 -0.8311
vn 0.5565 -0.7802 0.2856
vn -0.8242 -0.5620 0.0700
vn -0.8240 -0.5622 0.0700
vn -0.8240 -0.5622 0.0699
vn -0.8243 -0.5618 0.0701
vn 0.2880 -0.3111 0.9057
vn 0.1328 -0.0701 0.9887
vn 0.1315 -0.0710 0.9888
vn 0.4067 -0.4949 0.7679
vn 0.4504 -0.5700 0.6872
vn 0.4082 -0.5086 0.7581
vn 0.4877 -0.6370 0.5969
vn 0.4508 -0.5799 0.6786
vn 0.5182 -0.6951 0.4982
vn 0.4874 -0.6436 0.5901
vn 0.5415 -0.7437 0.3921
vn 0.5177 -0.6987 0.4938
vn 0.6428 -0.7631 0.0664
vn 0.9292 0.3660 -0.0503
vn 0.9855 0.1671 -0.0295
vn 0.9991 -0.0415 -0.0086
vn 0.9875 -0.0971 -0.1240
vn 0.1065 -0.9922 -0.0644
vn -0.0463 0.9973 0.0574
vn 0.2949 -0.9517 -0.0850
vn 0.6306 -0.7674 -0.1159
vn 0.9485 -0.2891 -0.1293
vn 0.1939 0.9806 0.0276
vn -0.8219 0.4254 -0.3788
vn -0.8241 -0.5621 0.0701
vn -0.7524 0.5306 -0.3904
vn 0.4819 -0.8379 0.2563
vn -0.3528 0.4094 -0.8414
vn 0.5439 -0.7508 0.3749
vn 0.8241 0.5620 -0.0702
vn 0.3872 -0.6492 -0.6547
vn -0.0046 -0.1281 -0.9918
vn 0.1064 -0.2750 -0.9555
vn 0.1064 -0.2751 -0.9555
vn -0.0142 -0.0786 -0.9968
vn 0.2085 -0.4159 -0.8852
vn 0.1065 -0.2750 -0.9555
vn 0.9667 -0.2557 0.0127
vn 0.8849 -0.4646 0.0340
vn 0.7539 -0.6547 0.0547
vn 0.3032 -0.5421 -0.7837
vn 0.0539 0.0453 0.9975
vn 0.1928 -0.1621 0.9677
vn 0.4261 -0.5337 0.7304
vn 0.4855 -0.7646 -0.4240
vn 0.3974 -0.6618 -0.6358
vn -0.4727 0.6143 -0.6317
vn -0.8241 -0.5620 0.0700
vn 0.4904 -0.6461 0.5848
vn 0.4905 -0.6461 0.5848
vn 0.3534 -0.4137 0.8390
vn 0.2942 -0.3192 0.9009
vn 0.1626 -0.1162 0.9798
vn 0.0203 0.0941 0.9954
vn -0.0518 0.1979 0.9788
vn -0.0518 0.1978 0.9789
vn -0.1231 0.2985 0.9464
vn -0.1232 0.2984 0.9465
vn 0.8802 0.4640 -0.0995
vn 0.9695 0.2428 -0.0341
vn 0.8811 0.4624 -0.0993
vn 0.9993 0.0089 0.0373
vn 0.9621 0.2703 -0.0375
vn 0.9684 -0.2243 0.1089
vn 0.9980 0.0549 0.0317
vn 0.8811 -0.4399 0.1735
vn 0.9766 -0.1879 0.1044
vn 0.7653 -0.6060 0.2170
vn 0.8777 -0.4464 0.1742
vn 0.6326 -0.7358 0.2416
vn 0.6829 -0.6941 0.2278
vn -0.8367 -0.5439 0.0647
vn 0.8138 0.5761 -0.0762
vn -0.8335 -0.5497 0.0552
vn -0.8301 -0.5534 0.0686
vn -0.8355 -0.5459 0.0630
vn -0.8341 -0.5480 0.0638
vn -0.8351 -0.5469 0.0592
vn -0.8327 -0.5512 0.0533
vn -0.8351 -0.5467 0.0610
vn -0.8357 -0.5457 0.0614
vn 0.7690 0.6217 -0.1489
vn 0.7613 0.6299 -0.1534
vn 0.6122 0.7662 -0.1953
vn 0.6120 0.7663 -0.1954
vn 0.4158 0.8780 -0.2373
vn 0.4328 0.8710 -0.2322
vn 0.1727 0.9463 -0.2732
vn 0.2290 0.9376 -0.2617
vn -0.1127 0.9482 -0.2971
vn 0.0096 0.9589 -0.2834
vn -0.2057 0.9330 -0.2954
vn -0.4140 0.8594 -0.3000
vn -0.3703 0.8796 -0.2986
vn -0.4990 0.8160 -0.2919
vn 0.8136 0.5754 -0.0830
vn -0.5199 0.7996 0.3004
vn -0.5595 0.8270 0.0544
vn -0.4476 0.7220 0.5276
vn -0.5199 0.7997 0.3004
vn -0.0887 0.2502 0.9641
vn 0.0532 0.0462 0.9975
vn 0.1917 -0.1605 0.9682
vn 0.3183 -0.3573 0.8781
vn 0.4248 -0.5316 0.7328
vn 0.5047 -0.6724 0.5414
vn 0.5528 -0.7711 0.3161
vn 0.5662 -0.8212 0.0709
vn 0.5440 -0.8198 -0.1788
vn 0.5662 -0.8212 0.0708
vn 0.4876 -0.7669 -0.4173
vn 0.4006 -0.6658 -0.6295
vn 0.2884 -0.5228 -0.8022
vn 0.4006 -0.6657 -0.6295
vn 0.1582 -0.3470 -0.9244
vn 0.0179 -0.1494 -0.9886
vn -0.1234 0.0575 -0.9907
vn -0.2571 0.2610 -0.9305
vn -0.3745 0.4479 -0.8118
vn -0.4684 0.6068 -0.6422
vn -0.5329 0.7275 -0.4321
vn -0.5639 0.8025 -0.1950
vn -0.5569 0.7791 -0.2880
vn 0.6067 0.7754 -0.1751
vn 0.9250 0.3789 0.0277
vn 0.8601 0.5093 -0.0281
vn 0.6713 0.7277 -0.1404
vn 0.7820 0.6219 -0.0417
vn 0.6028 0.7710 -0.2052
vn 0.8824 0.4703 -0.0092
vn 0.7403 0.6668 -0.0858
vn 0.8601 0.5094 -0.0282
vn 0.6931 0.7117 -0.1142
vn 0.6272 0.7573 -0.1821
vn 0.5976 0.7740 -0.2092
vn 0.6248 0.7599 -0.1792
vn 0.8830 0.4692 -0.0085
vn 0.6669 0.7273 -0.1621
vn 0.7852 0.6137 -0.0828
vn 0.9048 0.4259 0.0077
vn 0.5933 0.7775 -0.2087
vn 0.9422 0.3316 0.0476
vn 0.6666 0.7271 -0.1642
vn 0.6939 0.7103 -0.1178
vn 0.9233 0.3831 0.0257
vn 0.6528 0.7392 -0.1655
vn 0.6249 0.7599 -0.1792
vn 0.6178 0.7641 -0.1859
vn -0.8657 0.2762 -0.4176
vn 0.1716 -0.5143 -0.8403
vn 0.2599 -0.4529 -0.8528
vn 0.2590 -0.4538 -0.8526
vn 0.2584 -0.4548 -0.8523
vn 0.5397 -0.8243 0.1709
vn 0.5719 -0.8183 0.0571
vn -0.0193 -0.9441 0.3291
vn -0.5849 -0.7892 0.1872
vn -0.5864 -0.7882 0.1865
vn -0.5414 -0.8145 0.2085
vn -0.6297 -0.7619 0.1518
vn -0.6737 -0.7282 0.1260
vn -0.9510 -0.2804 -0.1304
vn -0.9574 -0.2580 -0.1297
vn -0.9374 -0.3352 -0.0945
vn -0.9595 -0.2307 -0.1616
vn -0.9623 -0.1997 -0.1847
vn -0.7472 -0.6600 0.0779
vn -0.7143 -0.6926 0.1001
vn -0.7762 -0.6278 0.0584
vn -0.7758 -0.6283 0.0579
vn -0.8024 -0.5956 0.0388
vn -0.9638 -0.1633 -0.2106
vn -0.9638 -0.1852 -0.1919
vn -0.9635 -0.1682 -0.2081
vn -0.9620 -0.1367 -0.2363
vn -0.9615 -0.1571 -0.2253
vn -0.9603 -0.1136 -0.2548
vn -0.3616 -0.8876 0.2853
vn -0.3613 -0.8879 0.2848
vn -0.4093 -0.8719 0.2689
vn -0.4551 -0.8550 0.2488
vn -0.4975 -0.8363 0.2305
vn -0.4988 -0.8360 0.2287
vn -0.8563 -0.5165 -0.0034
vn -0.8216 -0.5693 0.0300
vn -0.8289 -0.5591 0.0189
vn -0.8184 -0.5740 0.0269
vn -0.8843 -0.4661 -0.0289
vn -0.8837 -0.4672 -0.0288
vn -0.9101 -0.4101 -0.0586
vn -0.9232 0.1051 -0.3696
vn -0.9247 0.0496 -0.3774
vn -0.9560 -0.0474 -0.2896
vn -0.9357 0.0557 -0.3484
vn -0.8389 0.0780 -0.5387
vn -0.9028 0.0677 -0.4246
vn -0.9473 0.0049 -0.3203
vn -0.2167 -0.9192 0.3287
vn -0.1180 -0.9346 0.3357
vn -0.3143 -0.9007 0.3000
vn -0.2651 -0.9112 0.3152
vn -0.2654 -0.9113 0.3149
vn -0.1691 -0.9246 0.3414
vn -0.2911 0.3252 -0.8997
vn -0.3005 0.3167 -0.8997
vn -0.2514 0.2531 -0.9342
vn -0.2383 0.2323 -0.9430
vn -0.2283 0.2019 -0.9524
vn -0.1728 0.1328 -0.9760
vn -0.1655 0.1105 -0.9800
vn -0.1059 0.0355 -0.9937
vn -0.0974 0.0104 -0.9952
vn -0.0973 0.0103 -0.9952
vn -0.0364 -0.0668 -0.9971
vn -0.0251 -0.0950 -0.9952
vn -0.0250 -0.0952 -0.9951
vn 0.0328 -0.1668 -0.9855
vn 0.0477 -0.1994 -0.9788
vn 0.0478 -0.1996 -0.9787
vn 0.0480 -0.1998 -0.9787
vn 0.1026 -0.2663 -0.9584
vn 0.1195 -0.3005 -0.9463
vn 0.1196 -0.3007 -0.9462
vn 0.1772 -0.3737 -0.9104
vn 0.2330 -0.4443 -0.8650
vn 0.2552 -0.4859 -0.8360
vn 0.2806 -0.5100 -0.8131
vn 0.3173 -0.5675 -0.7598
vn 0.3174 -0.5676 -0.7597
vn 0.3384 -0.5857 -0.7365
vn 0.3737 -0.6394 -0.6719
vn 0.3913 -0.6541 -0.6473
vn 0.4024 -0.6671 -0.6270
vn 0.4168 -0.6919 -0.5896
vn 0.4251 -0.7023 -0.5710
vn 0.4418 -0.7118 -0.5461
vn 0.4685 -0.7529 -0.4623
vn 0.4686 -0.7530 -0.4620
vn 0.4812 -0.7584 -0.4397
vn 0.5043 -0.7915 -0.3453
vn 0.5043 -0.7915 -0.3454
vn 0.5137 -0.7925 -0.3287
vn 0.5140 -0.7815 -0.3537
vn 0.5315 -0.8172 -0.2229
vn 0.5392 -0.8155 -0.2102
vn 0.5426 -0.8071 -0.2328
vn 0.5496 -0.8298 -0.0968
vn 0.5495 -0.8298 -0.0970
vn 0.5573 -0.8256 -0.0883
vn 0.5580 -0.8293 0.0304
vn 0.5675 -0.8228 0.0295
vn -0.8164 0.4223 -0.3939
vn -0.8066 0.4433 -0.3909
vn -0.8450 0.3753 -0.3810
vn -0.9027 0.2684 -0.3364
vn -0.9458 0.1372 -0.2944
vn -0.9176 0.2357 -0.3201
vn -0.9703 -0.0352 -0.2394
vn -0.9720 -0.1344 -0.1929
vn -0.2258 -0.9354 0.2720
vn -0.2269 -0.9352 0.2719
vn -0.2257 -0.9355 0.2720
vn -0.7834 -0.6199 0.0437
vn -0.8035 -0.5946 0.0303
vn -0.8036 -0.5944 0.0304
vn -0.7618 -0.6453 0.0573
vn -0.7617 -0.6454 0.0569
vn -0.7339 -0.6754 0.0725
vn -0.8779 -0.4779 -0.0302
vn -0.8513 -0.5247 -0.0064
vn -0.8513 -0.5246 -0.0064
vn -0.8077 -0.5889 0.0275
vn -0.8077 -0.5890 0.0275
vn -0.1109 -0.9478 0.2988
vn -0.1109 -0.9479 0.2988
vn -0.6465 -0.7540 0.1162
vn -0.6914 -0.7162 0.0951
vn -0.6920 -0.7157 0.0944
vn -0.6072 -0.7832 0.1337
vn -0.6065 -0.7837 0.1343
vn -0.5836 -0.7992 0.1440
vn -0.5813 -0.8005 0.1458
vn -0.9332 -0.3473 -0.0927
vn -0.9491 -0.2881 -0.1273
vn -0.9369 -0.3315 -0.1114
vn -0.9367 -0.3318 -0.1117
vn -0.9409 -0.3185 -0.1153
vn -0.9384 -0.3265 -0.1137
vn -0.9733 -0.1358 -0.1853
vn -0.9613 -0.2328 -0.1472
vn -0.9372 -0.3310 -0.1095
vn -0.0637 -0.9492 0.3082
vn -0.0620 -0.9492 0.3085
vn -0.4715 -0.8611 0.1902
vn -0.4728 -0.8605 0.1899
vn -0.5715 -0.8083 0.1417
vn -0.5730 -0.8070 0.1429
vn -0.5535 -0.8184 0.1545
vn -0.5521 -0.8198 0.1521
vn -0.3864 -0.8948 0.2237
vn -0.3918 -0.8924 0.2240
vn -0.3053 -0.9184 0.2518
vn -0.3067 -0.9177 0.2525
vn -0.5204 -0.8372 0.1680
vn -0.5231 -0.8357 0.1674
vn 0.4744 -0.6173 0.6277
vn -0.2434 0.4630 0.8523
vn -0.1938 0.3960 0.8976
vn -0.0688 0.2221 0.9726
vn -0.1288 0.3063 0.9432
vn -0.2432 0.4627 0.8525
vn -0.9340 0.1831 -0.3069
vn -0.0711 0.2253 0.9717
vn 0.1792 -0.1414 0.9736
vn -0.8951 0.2896 -0.3389
vn 0.2937 -0.3183 0.9014
vn -0.2968 0.5338 0.7918
vn -0.8841 0.3094 -0.3503
vn -0.1939 0.3961 0.8975
vn 0.3940 -0.4799 0.7839
vn -0.8030 0.4267 -0.4160
vn -0.0083 0.1356 0.9907
vn -0.0688 0.2220 0.9726
vn 0.2358 -0.2281 0.9446
vn 0.0525 0.0472 0.9975
vn 0.5573 -0.7825 0.2778
vn 0.8241 0.5622 -0.0700
vn 0.8794 0.4759 -0.0146
vn 0.8583 0.5121 -0.0315
vn -0.7182 -0.6799 0.1483
vn -0.7249 -0.6739 0.1427
vn -0.9120 -0.4095 -0.0221
vn -0.8029 -0.5884 0.0954
vn -0.7580 -0.6403 0.1243
vn -0.8888 -0.4584 0.0033
vn -0.9330 -0.3567 -0.0478
vn -0.9310 -0.3617 -0.0480
vn -0.9497 -0.3040 -0.0759
vn -0.9467 -0.3129 -0.0759
vn -0.6828 -0.7124 0.1621
vn -0.7857 -0.6090 0.1084
vn -0.9642 -0.2476 -0.0950
vn -0.9646 -0.2492 -0.0862
vn -0.9683 -0.2311 -0.0952
vn -0.9645 -0.2498 -0.0861
vn -0.6016 -0.7739 0.1978
vn -0.6001 -0.7749 0.1984
vn -0.6420 -0.7449 0.1813
vn -0.9626 -0.2641 -0.0610
vn -0.9606 -0.2706 -0.0635
vn -0.6830 -0.7120 0.1630
vn -0.6848 -0.7105 0.1623
vn -0.6019 -0.7737 0.1979
vn -0.6032 -0.7726 0.1978
vn -0.6787 -0.7158 0.1643
vn -0.6372 -0.7485 0.1837
vn -0.6396 -0.7467 0.1826
vn -0.5605 -0.8000 0.2142
vn -0.5602 -0.8003 0.2140
vn -0.5548 -0.8033 0.2164
vn -0.8207 -0.5682 0.0607
vn -0.7237 -0.6752 0.1425
vn -0.8028 -0.5883 0.0972
vn -0.7574 -0.6408 0.1254
vn -0.7858 -0.6090 0.1081
vn -0.5996 -0.7751 0.1993
vn -0.6415 -0.7454 0.1812
vn -0.1582 0.3470 0.9244
vn -0.1581 0.3470 0.9244
vn -0.1582 0.3471 0.9244
vn 0.3921 -0.4769 0.7867
vn 0.3920 -0.4766 0.7869
vn 0.3920 -0.4768 0.7868
vn 0.3920 -0.4767 0.7869
vn 0.3921 -0.4767 0.7868
vn 0.5501 -0.8237 -0.1375
vn 0.5501 -0.8237 -0.1376
vn 0.1583 -0.3472 -0.9243
vn 0.1581 -0.3470 -0.9244
vn 0.1581 -0.3470 -0.9245
vn -0.3920 0.4767 -0.7869
vn -0.3923 0.4767 -0.7866
vn -0.3920 0.4767 -0.7868
vn -0.3920 0.4766 -0.7869
vn -0.5386 0.7559 -0.3721
vn -0.5501 0.8237 0.1376
vn -0.5501 0.8237 0.1375
vn -0.1580 0.3468 0.9245
vn -0.1234 0.0576 -0.9907
vn -0.2570 0.2610 -0.9305
vn 0.0633 -0.2143 -0.9747
vn 0.5192 -0.7989 -0.3036
vn 0.2069 -0.4137 -0.8866
vn 0.4428 -0.7164 -0.5392
vn 0.5601 -0.8271 -0.0473
vn 0.3363 -0.5850 -0.7380
vn 0.0633 -0.2142 -0.9747
vn -0.0174 0.9214 -0.3883
vn 0.8200 0.5676 -0.0733
vn 0.7442 0.6559 -0.1265
vn 0.7062 0.6933 -0.1439
vn 0.7836 0.6130 -0.1012
vn -0.4477 0.7220 0.5276
vn -0.4477 0.7220 0.5275
vn -0.5199 0.7991 0.3019
vn 0.9005 0.4347 0.0047
vn 0.9016 0.4325 0.0047
vn 0.6143 0.7656 -0.1908
vn 0.6056 0.7712 -0.1964
vn 0.6531 0.7394 -0.1635
vn 0.7812 0.6139 -0.1135
vn 0.7055 0.6937 -0.1450
vn 0.7484 0.6521 -0.1211
vn 0.8200 0.5677 -0.0728
vn 0.5895 0.7820 -0.2027
vn -0.0884 0.2493 0.9644
vn 0.8177 0.5702 -0.0789
vn 0.8581 0.5125 -0.0313
vn 0.8790 0.4766 -0.0141
vn 0.8801 0.4746 -0.0144
vn 0.9234 0.3831 0.0257
vn 0.8408 0.5395 -0.0451
vn 0.8463 0.5300 -0.0543
vn 0.8146 0.5799 -0.0164
vn 0.8124 0.5823 -0.0301
vn 0.6056 0.7712 -0.1963
vn 0.8178 0.5754 -0.0126
vn 0.6358 0.7526 -0.1712
vn 0.6142 0.7657 -0.1908
vn 0.9415 0.3336 0.0474
vn 0.9414 0.3341 0.0468
vn 0.9014 0.4330 0.0045
vn 0.9421 0.3320 0.0479
vn 0.9421 0.3320 0.0480
vn 0.6459 0.7437 -0.1724
vn 0.9429 0.3293 0.0495
vn 0.0532 0.0463 0.9975
vn 0.1919 -0.1608 0.9681
vn 0.1918 -0.1605 0.9682
vn 0.1918 -0.1606 0.9682
vn 0.3182 -0.3572 0.8782
vn 0.3186 -0.3577 0.8778
vn 0.4248 -0.5315 0.7328
vn 0.5051 -0.6701 0.5439
vn 0.5569 -0.7734 0.3027
vn 0.5472 -0.8190 -0.1728
vn 0.4526 -0.7190 -0.5274
vn 0.4877 -0.7673 -0.4163
vn 0.4006 -0.6658 -0.6294
vn 0.2885 -0.5228 -0.8021
vn 0.2884 -0.5227 -0.8022
vn -0.1233 0.0574 -0.9907
vn -0.1235 0.0577 -0.9907
vn -0.2571 0.2609 -0.9305
vn -0.3713 0.4427 -0.8162
vn -0.3746 0.4488 -0.8113
vn -0.5329 0.7275 -0.4322
vn 0.5894 0.7820 -0.2027
vn 0.6250 0.7611 -0.1735
vn 0.6138 0.7676 -0.1846
vn -0.2012 0.4067 0.8911
vn 0.8123 0.5781 -0.0770
vn 0.8126 0.5771 -0.0809
vn 0.8131 0.5765 -0.0810
vn 0.8152 0.5728 -0.0862
vn 0.7929 0.5992 -0.1107
vn 0.8134 0.5758 -0.0829
vn 0.8180 0.5707 -0.0714
vn -0.6248 0.7722 0.1154
vn -0.7649 -0.6407 0.0673
vn -0.7645 -0.6393 0.0825
vn -0.7650 -0.6373 0.0925
vn -0.7661 -0.6345 0.1024
vn -0.7677 -0.6310 0.1118
vn -0.7700 -0.6265 0.1209
vn -0.7728 -0.6214 0.1293
vn -0.7761 -0.6156 0.1371
vn -0.7799 -0.6091 0.1441
vn 0.8142 0.5743 -0.0848
vn 0.4717 -0.8758 -0.1024
vn -0.6249 -0.7785 0.0594
vn -0.6239 -0.7744 0.1048
vn -0.6253 -0.7687 0.1346
vn -0.6285 -0.7604 0.1637
vn -0.6335 -0.7496 0.1918
vn -0.6401 -0.7366 0.2184
vn -0.6484 -0.7214 0.2434
vn -0.6581 -0.7041 0.2665
vn -0.6694 -0.6851 0.2874
vn -0.2195 0.3962 0.8915
vn 0.8305 0.5525 -0.0703
vn 0.8737 -0.4689 -0.1296
vn -0.4609 -0.8861 0.0487
vn -0.4594 -0.8797 0.1231
vn -0.4616 -0.8704 0.1715
vn -0.4668 -0.8569 0.2187
vn -0.4748 -0.8395 0.2643
vn -0.4855 -0.8183 0.3076
vn -0.4989 -0.7936 0.3482
vn -0.5148 -0.7656 0.3857
vn -0.5330 -0.7347 0.4197
vn -0.2019 0.4071 0.8908
vn 0.8111 0.5801 -0.0753
vn -0.9748 0.1835 0.1269
vn -0.2793 -0.9595 0.0357
vn -0.2772 -0.9511 0.1365
vn -0.2802 -0.9385 0.2017
vn -0.2872 -0.9204 0.2653
vn -0.2979 -0.8970 0.3266
vn -0.3124 -0.8685 0.3848
vn -0.3304 -0.8353 0.4395
vn -0.3518 -0.7976 0.4899
vn -0.3764 -0.7560 0.5355
vn -0.2020 0.4070 0.8908
vn -0.7654 -0.6408 0.0589
vn -0.0873 -0.9960 0.0210
vn -0.0844 -0.9859 0.1448
vn -0.0881 -0.9706 0.2242
vn -0.0965 -0.9485 0.3016
vn -0.1097 -0.9200 0.3762
vn -0.1273 -0.8853 0.4472
vn -0.1493 -0.8448 0.5138
vn -0.1753 -0.7990 0.5752
vn -0.2051 -0.7483 0.6309
vn -0.1882 0.4178 0.8888
vn 0.8199 0.5644 -0.0963
vn 0.7663 -0.6302 -0.1251
vn 0.1080 -0.9941 0.0055
vn 0.1115 -0.9828 0.1474
vn 0.1073 -0.9653 0.2380
vn 0.0976 -0.9402 0.3263
vn 0.0827 -0.9077 0.4114
vn 0.0626 -0.8681 0.4924
vn 0.0375 -0.8219 0.5683
vn 0.0078 -0.7697 0.6384
vn -0.0262 -0.7118 0.7019
vn 0.8151 0.5728 -0.0867
vn 0.8731 0.4767 -0.1025
vn 0.2988 -0.9542 -0.0102
vn 0.3030 -0.9420 0.1444
vn 0.2984 -0.9231 0.2427
vn 0.2880 -0.8958 0.3385
vn 0.2717 -0.8606 0.4308
vn 0.2499 -0.8176 0.5187
vn 0.2228 -0.7675 0.6011
vn 0.1906 -0.7108 0.6771
vn 0.1536 -0.6481 0.7459
vn 0.8121 0.5782 -0.0786
vn 0.9490 0.2946 -0.1125
vn 0.4781 -0.8779 -0.0252
vn 0.4829 -0.8651 0.1359
vn 0.4781 -0.8454 0.2381
vn 0.4673 -0.8171 0.3377
vn 0.4504 -0.7804 0.4337
vn 0.4277 -0.7358 0.5251
vn 0.3994 -0.6837 0.6107
vn 0.3658 -0.6248 0.6898
vn 0.3274 -0.5595 0.7614
vn 0.2895 -0.3100 0.9056
vn 0.9877 0.1021 -0.1181
vn 0.6391 -0.7681 -0.0389
vn 0.6442 -0.7551 0.1222
vn 0.6394 -0.7354 0.2243
vn 0.6286 -0.7070 0.3240
vn 0.6118 -0.6703 0.4200
vn 0.5890 -0.6257 0.5114
vn 0.5608 -0.5736 0.5970
vn 0.5273 -0.5146 0.6761
vn 0.4890 -0.4494 0.7476
vn 0.3546 -0.4155 0.8376
vn 0.9884 -0.0938 -0.1195
vn 0.7758 -0.6289 -0.0507
vn 0.7808 -0.6161 0.1038
vn 0.7763 -0.5972 0.2020
vn 0.7658 -0.5699 0.2979
vn 0.7496 -0.5347 0.3902
vn 0.7278 -0.4917 0.4781
vn 0.7007 -0.4416 0.5604
vn 0.6684 -0.3848 0.6365
vn 0.6315 -0.3222 0.7053
vn 0.3671 -0.4326 0.8235
vn 0.9511 -0.2859 -0.1171
vn 0.8830 -0.4655 -0.0604
vn 0.8876 -0.4534 0.0815
vn 0.8834 -0.4359 0.1720
vn 0.8737 -0.4108 0.2604
vn 0.8588 -0.3783 0.3455
vn 0.8387 -0.3387 0.4265
vn 0.8136 -0.2926 0.5024
vn 0.7839 -0.2403 0.5725
vn 0.7499 -0.1824 0.6359
vn 0.3637 -0.4304 0.8261
vn 0.8775 -0.4665 -0.1112
vn 0.9564 -0.2842 -0.0677
vn 0.9603 -0.2733 0.0560
vn 0.9566 -0.2579 0.1354
vn 0.9482 -0.2359 0.2128
vn 0.9351 -0.2074 0.2875
vn 0.9174 -0.1727 0.3585
vn 0.8955 -0.1322 0.4250
vn 0.8694 -0.0864 0.4865
vn 0.8396 -0.0357 0.5421
vn 0.3554 -0.4227 0.8337
vn 0.7705 -0.6292 -0.1022
vn 0.9932 -0.0916 -0.0724
vn 0.9962 -0.0825 0.0284
vn 0.9598 -0.2198 0.1748
vn 0.9612 -0.2240 0.1612
vn 0.9755 -0.0284 0.2184
vn 0.9610 0.0001 0.2766
vn 0.9429 0.0333 0.3313
vn 0.9216 0.0709 0.3817
vn 0.8970 0.1126 0.4274
vn 0.3546 -0.4154 0.8377
vn 0.6341 -0.7679 -0.0907
vn 0.9917 0.1047 -0.0747
vn 0.9938 0.1115 -0.0004
vn 0.9272 0.3708 0.0530
vn 0.9388 0.3405 -0.0517
vn 0.9783 0.1517 0.1408
vn 0.9676 0.1729 0.1841
vn 0.9542 0.1976 0.2248
vn 0.9383 0.2255 0.2623
vn 0.9201 0.2565 0.2962
vn 0.3643 -0.4345 0.8237
vn 0.4737 -0.8773 -0.0772
vn 0.9519 0.2971 -0.0746
vn 0.9531 0.3013 -0.0292
vn 0.9517 0.3071 0.0006
vn 0.9485 0.3153 0.0298
vn 0.9436 0.3260 0.0578
vn 0.9370 0.3391 0.0845
vn 0.9287 0.3543 0.1095
vn 0.9189 0.3716 0.1325
vn 0.9077 0.3906 0.1535
vn 0.3639 -0.4307 0.8259
vn -0.9538 -0.2832 0.1001
vn 0.2951 -0.9534 -0.0621
vn 0.8753 0.4781 -0.0721
vn 0.8757 0.4795 -0.0569
vn 0.8752 0.4815 -0.0468
vn 0.8741 0.4843 -0.0370
vn 0.8725 0.4879 -0.0275
vn 0.8702 0.4923 -0.0185
vn 0.8675 0.4974 -0.0101
vn 0.8641 0.5032 -0.0023
vn 0.8603 0.5097 0.0048
vn 0.3607 -0.4193 0.8331
vn 0.8747 0.4780 -0.0805
vn 0.4208 0.9072 -0.0035
vn -0.7841 0.6078 0.1260
vn -0.9916 -0.0562 0.1165
vn -0.2676 0.9600 0.0821
vn -0.6243 -0.7804 0.0346
vn -0.9007 0.4145 0.1300
vn 0.8127 0.5773 -0.0790
vn 0.4269 -0.9003 0.0848
vn 0.1297 -0.9869 0.0959
vn -0.1237 -0.9729 0.1955
vn -0.3677 -0.9149 0.1665
vn -0.5693 -0.8118 0.1298
vn -0.7340 -0.6737 0.0861
vn -0.4597 -0.8699 0.1787
vn -0.8615 -0.5059 0.0440
vn -0.9483 -0.3173 -0.0106
vn -0.9925 -0.0989 -0.0725
vn -0.9802 0.1442 -0.1360
vn -0.8919 0.4068 -0.1977
vn -0.7132 0.6556 -0.2481
vn -0.7285 0.6416 -0.2400
vn -0.6122 0.7472 -0.2588
vn -0.4237 0.8643 -0.2710
vn -0.1290 0.9551 -0.2668
vn 0.1476 0.9589 -0.2423
vn 0.3887 0.8985 -0.2038
vn 0.5865 0.7945 -0.1575
vn 0.7480 0.6553 -0.1052
vn 0.8753 0.4810 -0.0507
vn 0.8837 0.4656 -0.0479
vn 0.9631 0.2693 0.0025
vn 0.9974 0.0496 0.0532
vn 0.9753 -0.1948 0.1041
vn 0.8794 -0.4512 0.1520
vn 0.6958 -0.6924 0.1910
vn 0.6308 -0.7500 0.1991
vn 0.4919 -0.8447 0.2109
vn -0.4702 0.8720 -0.1364
vn -0.6372 0.7608 -0.1233
vn -0.7946 0.5992 -0.0977
vn -0.8635 0.4972 -0.0844
vn -0.9671 0.2496 -0.0501
vn -0.9999 -0.0029 -0.0138
vn -0.9722 -0.2334 0.0203
vn -0.8513 -0.5206 0.0655
vn -0.7311 -0.6771 0.0837
vn -0.4593 -0.8807 0.1156
vn -0.4754 -0.8734 0.1060
vn -0.2781 -0.9542 0.1101
vn -0.0676 -0.9918 0.1083
vn 0.1539 -0.9829 0.1013
vn 0.1235 -0.9739 0.1903
vn 0.4236 -0.8858 0.1894
vn 0.4253 -0.8790 0.2154
vn 0.1220 -0.9693 0.2135
vn 0.4883 -0.8528 0.1850
vn 0.6366 -0.7517 0.1724
vn 0.7190 -0.6759 0.1621
vn 0.8819 -0.4538 0.1282
vn 0.9730 -0.2136 0.0874
vn 0.9988 0.0209 0.0440
vn 0.9714 0.2374 0.0004
vn 0.8993 0.4352 -0.0433
vn 0.8752 0.4808 -0.0533
vn 0.7134 0.6920 -0.1103
vn 0.5419 0.8262 -0.1543
vn 0.3389 0.9212 -0.1914
vn 0.0994 0.9704 -0.2202
vn -0.1608 0.9583 -0.2362
vn -0.4408 0.8662 -0.2356
vn -0.6284 0.7456 -0.2220
vn -0.7761 0.5995 -0.1956
vn -0.7745 0.6001 -0.2000
vn -0.9258 0.3463 -0.1514
vn -0.9919 0.0839 -0.0950
vn -0.9873 -0.1542 -0.0392
vn -0.9228 -0.3847 0.0193
vn -0.8248 -0.5618 0.0638
vn -0.4607 -0.8724 0.1635
vn -0.6611 -0.7427 0.1065
vn -0.4815 -0.8651 0.1404
vn -0.2724 -0.9477 0.1666
vn -0.0306 -0.9824 0.1845
vn -0.1435 0.0623 -0.9877
vn -0.1354 0.1027 -0.9855
vn -0.1057 -0.0996 -0.9894
vn -0.1055 0.0467 -0.9933
vn 0.8047 0.5932 -0.0235
vn 0.0059 -0.1210 -0.9926
vn -0.0510 -0.0280 -0.9983
vn -0.0709 -0.0416 -0.9966
vn -0.0784 -0.0899 -0.9929
vn -0.1200 0.0367 -0.9921
vn -0.0038 -0.0384 -0.9993
vn -0.0659 -0.3197 -0.9452
vn -0.0845 -0.0003 -0.9964
vn -0.1604 0.0857 -0.9833
vn 0.2114 -0.1314 -0.9685
vn -0.5418 0.8182 0.1921
vn -0.4902 0.7696 0.4091
vn -0.5474 0.7584 -0.3537
vn -0.5620 0.7958 -0.2256
vn -0.1999 0.4065 0.8915
vn -0.2012 0.4066 0.8912
vn -0.2008 0.4067 0.8912
vn -0.5664 0.8189 -0.0929
vn -0.5528 0.8250 0.1170
vn -0.4293 0.7004 0.5701
vn -0.5195 0.7992 0.3023
vn -0.4543 0.7297 0.5111
vn -0.3072 0.5473 0.7785
vn -0.4293 0.7005 0.5701
vn -0.8402 -0.5300 0.1150
vn -0.8589 -0.5084 0.0628
vn -0.8240 -0.5622 0.0698
vn -0.8228 -0.5640 0.0706
vn 0.0015 -0.1257 -0.9921
vn -0.0079 -0.1279 -0.9918
vn -0.0033 -0.1189 -0.9929
vn -0.0032 -0.1188 -0.9929
vn -0.0096 -0.1296 -0.9915
vn 0.0068 -0.1178 -0.9930
vn 0.0012 -0.1254 -0.9921
vn -0.0012 -0.1155 -0.9933
vn -0.0072 -0.1196 -0.9928
vn -0.0015 -0.1214 -0.9926
vn 0.0096 -0.1075 -0.9942
vn -0.0015 -0.1215 -0.9926
vn -0.0186 -0.1267 -0.9918
vn 0.0091 -0.1168 -0.9931
vn 0.0014 -0.1257 -0.9921
vn 0.0026 -0.1251 -0.9921
vn -0.0016 -0.1214 -0.9926
vn 0.0005 -0.1265 -0.9920
vn 0.2199 -0.4314 -0.8749
vn 0.3233 -0.5547 -0.7667
vn 0.2375 -0.4626 -0.8541
vn 0.2326 -0.4514 -0.8615
vn 0.2224 -0.4330 -0.8735
vn -0.4753 -0.8375 0.2697
vn 0.2478 -0.4710 -0.8466
vn 0.6786 -0.5878 -0.4404
vn 0.3096 -0.5641 -0.7655
vn 0.2499 -0.4696 -0.8468
vn 0.2450 -0.4575 -0.8548
vn 0.2584 -0.4822 -0.8371
vn 0.2355 -0.4494 -0.8617
vn 0.2207 -0.4342 -0.8734
vn 0.3236 -0.5687 -0.7562
vn 0.2199 -0.4314 -0.8750
vn 0.3210 -0.5652 -0.7599
vn -0.4411 0.7877 -0.4300
vn -0.6237 0.6628 -0.4144
vn -0.2011 0.4067 0.8911
vn 0.6089 -0.6650 0.4324
vn -0.7746 -0.6232 0.1081
vn -0.2013 0.4055 0.8917
vn -0.2001 0.4052 0.8920
vn -0.2010 0.4062 0.8914
vn -0.7916 -0.6092 -0.0474
vn -0.1605 0.3501 0.9229
vn -0.1616 0.3487 0.9232
vn -0.1604 0.3502 0.9228
vn -0.1835 0.3817 0.9059
vn -0.2002 0.4052 0.8921
vn 0.8558 0.5132 -0.0645
vn -0.1586 0.3507 0.9230
vn -0.1834 0.3819 0.9058
vn -0.9709 0.0317 -0.2372
vn -0.9656 0.0509 -0.2550
vn -0.9737 -0.0628 -0.2192
vn -0.8437 0.3852 -0.3738
vn -0.8230 -0.5633 0.0729
vn -0.8227 -0.5638 0.0733
vn -0.8241 -0.5622 0.0698
vn -0.8241 -0.5621 0.0699
vn -0.8224 -0.5642 0.0732
vn -0.8226 -0.5639 0.0732
vn -0.8242 -0.5620 0.0697
vn -0.8213 -0.5662 0.0696
vn -0.8242 -0.5620 0.0698
vn -0.8241 -0.5621 0.0694
vn -0.8241 -0.5621 0.0698
vn -0.8242 -0.5620 0.0694
vn 0.1915 -0.1602 0.9683
vn 0.1915 -0.1601 0.9683
vn 0.0586 0.9146 -0.4000
vn 0.0812 0.9128 -0.4002
vn 0.1224 0.9136 -0.3877
vn 0.1279 0.9128 -0.3879
vn 0.1645 0.9112 -0.3777
vn -0.0596 0.9081 -0.4145
vn 0.1757 0.9087 -0.3788
vn 0.2503 0.9054 -0.3431
vn 0.2986 0.8975 -0.3246
vn 0.2903 0.8919 -0.3466
vn 0.4372 0.8571 -0.2726
vn -0.0118 0.9090 -0.4166
vn 0.3488 0.8773 -0.3298
vn 0.8241 0.5621 -0.0702
vn -0.5522 0.7168 -0.4256
vn -0.5250 0.7359 -0.4276
vn -0.5160 0.7416 -0.4287
vn -0.5430 0.7236 -0.4261
vn -0.5939 0.6863 -0.4197
vn -0.4663 0.7729 -0.4304
vn -0.2008 0.4065 0.8913
vn -0.1994 0.4060 0.8919
vn 0.8280 0.5565 -0.0683
vn 0.7468 -0.5298 0.4021
vn -0.8055 -0.5867 0.0833
vn -0.1991 0.4059 0.8920
vn 0.9431 0.3270 0.0610
vn -0.1987 0.4058 0.8921
vn 0.9738 -0.0260 0.2259
vn -0.1109 -0.9160 0.3855
vn 0.8587 0.5109 -0.0396
vn 0.9329 -0.2041 0.2968
vn -0.1996 0.4061 0.8917
vn -0.1990 0.4060 0.8920
vn -0.2003 0.4052 0.8920
vn -0.1986 0.4059 0.8921
vn -0.1992 0.4049 0.8924
vn -0.2000 0.4046 0.8923
vn -0.2003 0.4067 0.8913
vn 0.9773 0.1534 0.1463
vn -0.6338 -0.7485 0.1950
vn -0.2001 0.4051 0.8921
vn -0.5012 0.6685 -0.5495
vn -0.7922 -0.6074 0.0591
vn -0.7974 -0.6014 0.0486
vn -0.7921 -0.6074 0.0601
vn -0.7905 -0.6075 0.0778
vn -0.7917 -0.6091 -0.0471
vn -0.7953 -0.6038 0.0538
vn -0.8155 -0.5784 0.0195
vn -0.7916 -0.6076 0.0644
vn -0.8002 -0.5981 0.0442
vn -0.8065 -0.5906 0.0283
vn -0.8013 -0.5968 0.0411
vn -0.7916 -0.6078 0.0633
vn -0.7955 -0.6042 0.0455
vn -0.7955 -0.6043 0.0460
vn -0.8544 -0.5187 0.0303
vn -0.5032 0.6670 -0.5495
vn 0.8511 0.5178 -0.0863
vn 0.8546 0.5136 -0.0766
vn 0.8490 0.5203 -0.0917
vn 0.8557 0.5138 -0.0618
vn 0.8507 0.5172 -0.0944
vn 0.8396 0.5314 -0.1125
vn 0.8546 0.5137 -0.0755
vn 0.8433 0.5038 -0.1873
vn 0.8433 0.5044 -0.1858
vn -0.2013 0.4065 0.8912
vn 0.8452 0.5252 -0.0994
vn 0.8479 0.5205 -0.1011
vn 0.8464 0.5238 -0.0962
vn 0.7902 0.6031 -0.1094
vn 0.8561 0.5138 -0.0565
vn -0.1995 0.4049 0.8923
vn -0.1992 0.4051 0.8923
vn 0.2697 -0.8552 0.4426
vn -0.2000 0.4046 0.8924
vn -0.7416 -0.6557 0.1417
vn -0.2016 0.4061 0.8913
vn 0.4479 -0.7749 0.4461
vn -0.2009 0.4047 0.8921
vn 0.8562 -0.3742 0.3563
vn -0.2011 0.4050 0.8919
vn 0.1355 -0.3155 -0.9392
vn 0.1346 -0.3166 -0.9389
vn 0.1357 -0.3160 -0.9390
vn 0.1352 -0.3153 -0.9393
vn -0.7637 -0.6360 0.1103
vn 0.1361 -0.3167 -0.9387
vn 0.1363 -0.3166 -0.9387
vn 0.1368 -0.3152 -0.9391
vn 0.1353 -0.3156 -0.9392
vn 0.1362 -0.3166 -0.9387
vn 0.1350 -0.3177 -0.9385
vn 0.1358 -0.3152 -0.9392
vn -0.3197 0.8534 -0.4117
vn -0.7971 0.4880 -0.3557
vn -0.3186 0.8484 -0.4228
vn -0.7943 0.4850 -0.3659
vn -0.3190 0.8492 -0.4208
vn -0.7951 0.4856 -0.3634
vn -0.3416 0.8390 -0.4235
vn -0.7902 0.4849 -0.3748
vn -0.7045 0.5910 -0.3929
vn -0.2093 0.8811 -0.4241
vn -0.7210 0.5751 -0.3866
vn -0.2068 0.8868 -0.4133
vn -0.7205 0.5743 -0.3887
vn -0.2068 0.8856 -0.4158
vn -0.7235 0.5780 -0.3774
vn -0.2063 0.8902 -0.4061
vn 0.2544 -0.4434 -0.8595
vn 0.2576 -0.4827 -0.8370
vn 0.2204 -0.4665 -0.8566
vn 0.2489 -0.8803 -0.4038
vn -0.6223 0.6681 -0.4078
vn -0.5872 0.6924 -0.4193
vn -0.5543 0.7181 -0.4208
vn -0.6643 0.6334 -0.3968
vn -0.5735 0.6996 -0.4263
vn -0.5152 0.7447 -0.4243
vn -0.6611 0.6353 -0.3992
vn -0.4794 0.7656 -0.4289
vn -0.5560 0.7199 -0.4155
vn -0.5157 0.7473 -0.4191
vn -0.6206 0.6703 -0.4068
vn -0.4429 0.7901 -0.4238
vn -0.5910 0.6883 -0.4207
vn -0.5409 0.7244 -0.4274
vn -0.5267 0.7341 -0.4286
vn -0.4918 0.7551 -0.4336
vn -0.4744 0.7675 -0.4311
vn -0.4455 0.7893 -0.4224
vn -0.3976 0.8144 -0.4227
vn 0.8753 0.4828 -0.0261
vn -0.3944 0.8169 -0.4209
vn -0.2008 0.4059 0.8916
vn 0.8483 0.5291 -0.0184
vn 0.8112 0.5841 -0.0282
vn -0.6786 -0.7191 0.1498
vn 0.0811 -0.9029 0.4222
vn 0.7618 0.6413 -0.0921
vn 0.9263 0.3764 0.0146
vn 0.8510 0.5233 -0.0444
vn 0.6964 0.7037 -0.1407
vn 0.8751 0.4832 -0.0259
vn 0.8755 0.4825 -0.0263
vn -0.5429 -0.8175 0.1921
vn 0.9739 0.2177 0.0643
vn -0.8347 -0.5395 0.1105
vn -0.7971 -0.5918 0.1199
vn -0.7657 -0.6334 0.1119
vn -0.0913 0.4339 0.8963
vn -0.1977 0.4013 0.8944
vn -0.1795 0.4059 0.8961
vn -0.2174 0.3671 0.9044
vn -0.2024 0.3910 0.8979
vn -0.1828 0.4228 0.8876
vn -0.1800 0.4247 0.8873
vn -0.1991 0.4130 0.8887
vn -0.1891 0.4206 0.8873
vn -0.2042 0.4106 0.8886
vn -0.2011 0.4129 0.8883
vn -0.2080 0.4082 0.8889
vn -0.2047 0.4103 0.8887
vn -0.2197 0.3997 0.8899
vn -0.2087 0.4065 0.8895
vn -0.2269 0.3927 0.8912
vn -0.2236 0.3950 0.8911
vn -0.8459 -0.5254 0.0916
vn -0.7885 -0.5958 0.1527
vn -0.6961 -0.6612 0.2796
vn -0.5709 -0.7024 0.4252
vn -0.4449 -0.7096 0.5464
vn -0.2637 -0.6870 0.6771
vn -0.1070 -0.6423 0.7589
vn 0.0550 -0.5710 0.8191
vn 0.2682 -0.4535 0.8499
vn 0.4222 -0.3485 0.8368
vn 0.6039 -0.1968 0.7724
vn 0.7211 -0.0777 0.6884
vn 0.8093 0.0446 0.5857
vn 0.8801 0.1937 0.4335
vn 0.9046 0.3036 0.2993
vn 0.8945 0.4232 0.1440
vn 0.8524 0.5228 0.0127
vn 0.8009 0.5967 -0.0492
vn 0.8786 0.4447 -0.1742
vn -0.8263 -0.5579 0.0773
vn -0.8238 -0.5624 0.0713
vn -0.7354 -0.6759 -0.0482
vn 0.8259 0.5589 -0.0745
vn -0.8716 -0.4897 0.0238
vn 0.6211 0.7542 -0.2131
vn -0.9445 -0.3193 -0.0769
vn 0.7687 0.6291 -0.1156
vn 0.1336 -0.3198 -0.9380
vn 0.8716 0.4897 -0.0238
vn 0.1349 -0.3189 -0.9381
vn 0.9410 0.3314 0.0689
vn 0.1353 -0.3185 -0.9382
vn 0.9742 0.1604 0.1589
vn 0.1362 -0.3165 -0.9387
vn 0.4415 -0.7628 0.4725
vn 0.9699 -0.0167 0.2428
vn 0.2630 -0.8436 0.4681
vn 0.9284 -0.1932 0.3173
vn 0.7231 0.6803 -0.1200
vn 0.0745 -0.8921 0.4457
vn 0.8512 -0.3623 0.3797
vn -0.1170 -0.9063 0.4061
vn 0.7414 -0.5174 0.4274
vn -0.9028 -0.4296 0.0169
vn -0.3040 -0.8857 0.3510
vn 0.6030 -0.6526 0.4588
vn -0.7946 -0.5998 0.0942
vn -0.4793 -0.8310 0.2824
vn -0.1998 0.4054 0.8920
vn -0.6362 -0.7444 0.2029
vn -0.1995 0.4044 0.8925
vn -0.7687 -0.6291 0.1156
vn -0.2011 0.4065 0.8912
vn 0.1401 -0.3154 -0.9386
vn 0.1389 -0.3162 -0.9385
vn 0.1384 -0.3164 -0.9385
vn 0.1350 -0.3158 -0.9392
vn 0.1377 -0.3159 -0.9388
vn 0.1359 -0.3160 -0.9390
vn 0.1358 -0.3160 -0.9390
vn 0.1353 -0.3153 -0.9393
vn -0.9510 -0.2851 -0.1196
vn -0.9623 -0.2312 -0.1430
vn -0.9740 -0.0319 -0.2241
vn -0.9431 -0.3152 -0.1060
vn -0.9634 0.0643 -0.2601
vn -0.9738 -0.1349 -0.1830
vn 0.5920 0.7660 -0.2504
vn 0.5921 0.7662 -0.2496
vn 0.5910 0.7669 -0.2501
vn 0.5926 0.7658 -0.2498
vn 0.5924 0.7660 -0.2497
vn 0.5911 0.7695 -0.2418
vn 0.5424 0.7952 -0.2709
vn 0.5923 0.7661 -0.2494
vn 0.5923 0.7661 -0.2495
vn 0.5918 0.7662 -0.2504
vn 0.5914 0.7665 -0.2504
vn 0.5924 0.7661 -0.2494
vn 0.5917 0.7663 -0.2503
vn 0.5427 0.7977 -0.2629
vn 0.5427 0.7977 -0.2631
vn 0.5427 0.7976 -0.2631
vn 0.5428 0.7976 -0.2631
vn 0.4526 0.8403 -0.2983
vn 0.4531 0.8400 -0.2983
vn 0.4528 0.8402 -0.2982
vn 0.4528 0.8380 -0.3045
vn 0.4541 0.8375 -0.3041
vn 0.4541 0.8376 -0.3039
vn 0.4541 0.8374 -0.3041
vn 0.4537 0.8378 -0.3037
vn 0.4536 0.8379 -0.3038
vn 0.4534 0.8379 -0.3038
vn 0.4524 0.8383 -0.3044
vn 0.4533 0.8379 -0.3041
vn 0.5422 0.7953 -0.2710
vn 0.5437 0.7947 -0.2698
vn 0.5438 0.7947 -0.2698
vn 0.5425 0.7952 -0.2709
vn 0.2434 -0.2398 0.9398
vn 0.0291 0.0815 0.9963
vn -0.4206 0.5245 -0.7403
vn 0.3385 -0.3896 0.8565
vn 0.0293 0.0812 0.9963
vn -0.4866 0.6392 -0.5955
vn 0.4207 -0.5246 0.7401
vn 0.1391 -0.0809 0.9870
vn -0.5338 0.7293 -0.4280
vn 0.4866 -0.6391 0.5956
vn 0.0817 -0.2403 -0.9673
vn -0.5605 0.7914 -0.2439
vn 0.5338 -0.7294 0.4279
vn -0.0291 -0.0814 -0.9963
vn -0.5657 0.8231 -0.0506
vn 0.5605 -0.7914 0.2440
vn -0.1393 0.0812 -0.9869
vn -0.5491 0.8231 0.1447
vn 0.5657 -0.8231 0.0505
vn -0.4540 0.7294 0.5117
vn -0.5115 0.7915 0.3345
vn 0.5491 -0.8231 -0.1447
vn 0.3793 -0.6394 -0.6688
vn -0.4542 0.7296 0.5112
vn 0.5114 -0.7915 -0.3346
vn 0.2901 -0.5250 -0.8001
vn -0.4541 0.7295 0.5115
vn 0.4541 -0.7295 -0.5115
vn 0.1894 -0.3900 -0.9011
vn -0.3794 0.6395 0.6687
vn 0.3793 -0.6394 -0.6687
vn -0.2900 0.5249 0.8002
vn -0.1388 0.0806 -0.9870
vn -0.1894 0.3900 0.9011
vn -0.2434 0.2397 -0.9398
vn 0.1391 -0.0810 0.9870
vn -0.0818 0.2404 0.9672
vn -0.3386 0.3897 -0.8564
vn -0.7603 -0.6384 0.1198
vn -0.7581 -0.6406 0.1220
vn -0.8057 -0.5861 0.0859
vn -0.9297 -0.3666 -0.0350
vn -0.7545 -0.6451 0.1211
vn -0.9384 -0.3416 -0.0519
vn -0.7640 -0.6348 0.1150
vn -0.7790 -0.6186 0.1025
vn -0.7670 -0.6313 0.1144
vn -0.7713 -0.6268 0.1105
vn -0.8251 -0.5603 0.0728
vn -0.7827 -0.6137 0.1037
vn -0.7575 -0.6420 0.1181
vn -0.8905 -0.4538 0.0319
vn -0.8714 -0.4899 0.0265
vn -0.7718 -0.6262 0.1105
vn -0.7491 -0.6511 0.1221
vn -0.7673 -0.6317 0.1104
vn -0.8725 -0.4879 0.0278
vn -0.7922 -0.6029 0.0943
vn -0.8720 -0.4886 0.0280
vn -0.8710 -0.4905 0.0265
vn -0.8670 -0.4973 0.0315
vn -0.8723 -0.4883 0.0253
vn -0.9461 -0.3206 -0.0452
vn -0.8771 -0.4798 -0.0207
vn -0.8767 -0.4782 0.0519
vn -0.8322 -0.5544 -0.0052
vn -0.8858 -0.4634 -0.0253
vn 0.5338 -0.7293 0.4279
vn -0.9403 -0.3314 -0.0769
vn -0.8894 -0.4561 0.0326
vn -0.8251 -0.5590 0.0823
vn -0.9399 -0.3367 -0.0566
vn -0.8446 -0.5272 0.0937
vn -0.8716 -0.4894 0.0289
vn -0.9417 -0.3313 -0.0581
vn -0.4544 0.7292 0.5116
vn -0.9354 -0.3497 -0.0525
vn -0.9379 -0.3433 -0.0507
vn -0.9482 -0.3109 -0.0648
vn -0.7792 -0.6184 0.1023
vn -0.7681 -0.6303 0.1131
vn -0.9417 -0.3315 -0.0582
vn -0.0817 0.2403 0.9673
vn 0.2899 -0.5247 -0.8004
vn 0.8328 0.5498 -0.0639
vn 0.2435 -0.2399 0.9398
vn 0.5657 -0.8231 0.0506
vn 0.8709 0.4910 -0.0209
vn -0.5114 0.7915 0.3346
vn -0.3793 0.6394 0.6688
vn 0.0292 0.0813 0.9963
vn 0.1896 -0.3901 -0.9010
vn 0.3386 -0.3898 0.8564
vn -0.1895 0.3901 0.9011
vn -0.2433 0.2396 -0.9399
vn 0.1392 -0.0811 0.9869
vn -0.4542 0.7295 0.5114
vn 0.4207 -0.5246 0.7402
vn 0.0816 -0.2401 -0.9673
vn 0.3794 -0.6395 -0.6687
vn -0.5605 0.7914 -0.2440
vn -0.3791 0.6391 0.6692
vn 0.5491 -0.8231 -0.1448
vn 0.3795 -0.6396 -0.6685
vn -0.0292 -0.0813 -0.9963
vn -0.5657 0.8231 -0.0505
vn 0.9239 0.3814 0.0293
vn 0.7671 0.6347 -0.0928
vn -0.2435 0.2399 -0.9398
vn 0.1388 -0.0806 0.9870
vn 0.5115 -0.7915 -0.3346
vn -0.4207 0.5246 -0.7401
vn -0.1389 0.0807 -0.9870
vn 0.8952 0.4457 -0.0037
vn 0.7322 0.6698 -0.1233
vn 0.8953 0.4455 -0.0035
vn 0.8567 0.5142 -0.0411
vn 0.8625 0.5050 -0.0334
vn 0.8702 0.4919 -0.0264
vn 0.8647 0.5015 -0.0265
vn 0.8680 0.4958 -0.0283
vn 0.8802 0.4744 -0.0114
vn 0.9004 0.4351 -0.0013
vn 0.8233 0.5638 -0.0660
vn 0.8244 0.5631 -0.0574
vn 0.7569 0.6463 -0.0965
vn 0.8734 0.4860 -0.0323
vn 0.7685 0.6295 -0.1147
vn 0.7743 0.6228 -0.1126
vn 0.7681 0.6299 -0.1149
vn 0.7707 0.6265 -0.1159
vn 0.7646 0.6339 -0.1166
vn 0.7683 0.6292 -0.1175
vn 0.6313 0.7540 -0.1813
vn 0.7591 0.6309 -0.1605
vn -0.9527 -0.2829 -0.1109
vn 0.7792 0.6175 -0.1076
vn 0.7300 0.6625 -0.1680
vn 0.6354 0.7419 -0.2141
vn 0.8017 0.5798 -0.1456
vn 0.6861 0.7094 -0.1613
vn 0.7179 0.6743 -0.1729
vn 0.7661 0.6365 -0.0888
vn 0.5699 0.7932 -0.2145
vn 0.8717 0.4896 -0.0196
vn 0.5175 0.8249 -0.2276
vn 0.8066 0.5897 -0.0406
vn 0.3918 0.8837 -0.2561
vn 0.6984 0.6995 -0.1512
vn 0.8615 0.5065 -0.0346
vn 0.8620 0.5058 -0.0339
vn 0.6441 0.7412 -0.1890
vn -0.9527 -0.2832 -0.1105
vn -0.9527 -0.2830 -0.1109
vn -0.9527 -0.2830 -0.1108
vn -0.9639 -0.2294 -0.1352
vn -0.9638 -0.2299 -0.1349
vn -0.9639 -0.2293 -0.1353
vn -0.9449 -0.3125 -0.0970
vn -0.9449 -0.3129 -0.0967
vn -0.9643 0.0660 -0.2566
vn -0.9752 -0.0312 -0.2191
vn -0.9752 -0.0306 -0.2192
vn -0.9752 -0.0308 -0.2192
vn -0.9751 -0.1340 -0.1769
vn -0.9751 -0.1336 -0.1769
vn -0.9509 -0.2859 -0.1186
vn -0.9510 -0.2852 -0.1196
vn -0.9622 -0.2325 -0.1419
vn -0.9624 -0.2311 -0.1430
vn -0.9741 -0.0317 -0.2241
vn -0.9741 -0.0318 -0.2240
vn -0.9741 -0.0327 -0.2239
vn -0.9741 -0.0321 -0.2239
vn -0.9432 -0.3149 -0.1060
vn -0.9427 -0.3165 -0.1059
vn -0.9427 -0.3165 -0.1058
vn -0.9635 0.0644 -0.2600
vn -0.9634 0.0647 -0.2603
vn -0.9737 -0.1359 -0.1830
vn 0.3386 -0.3897 0.8564
vn -0.5657 0.8231 -0.0507
vn 0.4207 -0.5245 0.7402
vn 0.0292 0.0812 0.9963
vn -0.5491 0.8231 0.1448
vn 0.1390 -0.0809 0.9870
vn -0.0329 -0.0759 -0.9966
vn -0.4206 0.5245 -0.7402
vn 0.5115 -0.7915 -0.3345
vn -0.1390 0.0809 -0.9870
vn 0.2899 -0.5248 -0.8004
vn -0.3385 0.3896 -0.8565
vn -0.5115 0.7915 0.3346
vn 0.0835 -0.2428 -0.9665
vn 0.2900 -0.5249 -0.8002
vn 0.1895 -0.3900 -0.9011
vn 0.4866 -0.6392 0.5956
vn -0.2909 0.5261 0.7991
vn 0.4206 -0.5244 0.7404
vn 0.5338 -0.7293 0.4280
vn -0.2899 0.5247 0.8004
vn 0.1389 -0.0808 0.9870
vn 0.5605 -0.7914 0.2439
vn -0.8241 -0.5620 0.0701
vn -0.8242 -0.5620 0.0699
vn -0.8241 -0.5622 0.0700
vn 0.8241 0.5622 -0.0701
vn 0.8240 0.5622 -0.0701
vn 0.8242 0.5620 -0.0700
s 0
usemtl Material.071
f 16//1 6//1 8//1 14//1 401//1
f 17//2 15//2 7//2 5//2
f 18//3 4//3 6//3 16//3
f 18//4 17//4 5//4 4//4
f 15//5 20//5 3//5 7//5
f 19//6 3//6 20//6
f 1412//7 26//7 1//7 1401//7
f 10//2 12//2 22//2 24//2
f 2//8 1398//8 1//8
f 13//9 21//9 1421//9 2461//9
f 9//3 25//3 23//3 11//3
f 1//10 26//10 2//10
f 12//11 2//11 26//11 22//11
f 2886//1 21//1 13//1
f 2//12 12//12 1398//12
f 9//13 10//13 24//13 25//13
f 1405//14 1406//14 36//14 35//14
f 27//15 31//15 32//15 28//15
f 31//16 59//16 60//16 32//16
f 27//17 28//17 68//17 29//17
f 29//18 68//18 67//18 56//18
f 27//19 29//19 33//19 30//19
f 30//20 33//20 52//20 53//20
f 29//21 56//21 57//21 33//21
f 33//22 57//22 66//22 52//22
f 27//23 30//23 34//23 31//23
f 31//24 34//24 58//24 59//24
f 30//25 53//25 54//25 34//25
f 34//26 54//26 65//26 58//26
f 974//27 973//27 86//27 87//27
f 35//28 36//28 60//28 59//28
f 993//29 974//29 87//29 88//29
f 394//30 963//30 79//30 77//30
f 35//31 59//31 58//31 37//31
f 37//32 58//32 65//32 51//32
f 38//33 56//33 67//33 39//33
f 38//34 40//34 57//34 56//34
f 40//35 55//35 66//35 57//35
f 41//36 44//36 45//36 42//36
f 42//37 45//37 54//37 53//37
f 44//38 63//38 64//38 45//38
f 45//39 64//39 65//39 54//39
f 41//40 42//40 46//40 43//40
f 43//41 46//41 61//41 62//41
f 42//42 53//42 52//42 46//42
f 46//43 52//43 66//43 61//43
f 395//44 394//44 77//44 78//44
f 47//45 48//45 64//45 63//45
f 1406//46 380//46 115//46 36//46
f 48//47 51//47 65//47 64//47
f 381//48 395//48 78//48 107//48
f 49//49 62//49 61//49 50//49
f 50//50 61//50 66//50 55//50
f 1991//51 1405//51 35//51 37//51
f 69//52 70//52 74//52 73//52
f 73//53 74//53 96//53 95//53
f 69//54 71//54 108//54 70//54
f 71//55 92//55 106//55 108//55
f 69//56 72//56 75//56 71//56
f 72//57 90//57 89//57 75//57
f 71//58 75//58 93//58 92//58
f 75//59 89//59 105//59 93//59
f 69//60 73//60 76//60 72//60
f 73//61 95//61 94//61 76//61
f 72//62 76//62 91//62 90//62
f 76//63 94//63 104//63 91//63
f 78//64 96//64 103//64 107//64
f 2021//65 1991//65 37//65 51//65
f 77//66 95//66 96//66 78//66
f 2002//67 2021//67 51//67 48//67
f 2921//68 2895//68 2923//68
f 77//69 79//69 94//69 95//69
f 79//70 88//70 104//70 94//70
f 74//71 70//71 110//71 109//71
f 2001//72 2002//72 48//72 47//72
f 70//73 108//73 101//73 110//73
f 38//74 39//74 106//74 92//74
f 38//75 92//75 93//75 40//75
f 40//76 93//76 105//76 55//76
f 80//77 81//77 84//77 83//77
f 81//78 90//78 91//78 84//78
f 83//79 84//79 100//79 99//79
f 84//80 91//80 104//80 100//80
f 80//81 82//81 85//81 81//81
f 82//82 98//82 97//82 85//82
f 81//83 85//83 89//83 90//83
f 85//84 97//84 105//84 89//84
f 39//85 67//85 112//85 114//85
f 108//86 106//86 102//86 101//86
f 68//87 28//87 117//87 111//87
f 28//88 32//88 116//88 117//88
f 86//89 99//89 100//89 87//89
f 87//90 100//90 104//90 88//90
f 32//91 60//91 113//91 116//91
f 49//92 50//92 97//92 98//92
f 50//93 55//93 105//93 97//93
f 963//94 993//94 88//94 79//94
f 96//95 74//95 109//95 103//95
f 106//96 39//96 114//96 102//96
f 67//97 68//97 111//97 112//97
f 60//98 36//98 115//98 113//98
f 119//99 193//99 124//99 125//99
f 131//100 205//100 211//100 136//100
f 136//101 211//101 141//101 142//101
f 142//102 141//102 147//102 148//102
f 148//103 147//103 153//103 154//103
f 154//104 153//104 159//104 160//104
f 160//105 159//105 165//105 166//105
f 166//106 165//106 242//106 171//106
f 171//107 242//107 193//107 119//107
f 120//108 119//108 125//108 126//108
f 132//109 131//109 136//109 137//109
f 137//110 136//110 142//110 143//110
f 143//111 142//111 148//111 149//111
f 149//112 148//112 154//112 155//112
f 155//113 154//113 160//113 161//113
f 161//114 160//114 166//114 167//114
f 167//115 166//115 171//115 172//115
f 172//116 171//116 119//116 120//116
f 121//108 120//108 126//108 127//108
f 133//117 132//117 137//117 138//117
f 138//110 137//110 143//110 144//110
f 144//118 143//118 149//118 150//118
f 150//119 149//119 155//119 156//119
f 156//113 155//113 161//113 162//113
f 162//114 161//114 167//114 168//114
f 168//115 167//115 172//115 173//115
f 173//120 172//120 120//120 121//120
f 122//108 121//108 127//108 128//108
f 134//121 133//121 138//121 139//121
f 139//110 138//110 144//110 145//110
f 145//111 144//111 150//111 151//111
f 151//119 150//119 156//119 157//119
f 157//113 156//113 162//113 163//113
f 163//122 162//122 168//122 169//122
f 169//115 168//115 173//115 174//115
f 174//120 173//120 121//120 122//120
f 123//108 122//108 128//108 129//108
f 135//117 134//117 139//117 140//117
f 140//110 139//110 145//110 146//110
f 146//118 145//118 151//118 152//118
f 152//119 151//119 157//119 158//119
f 158//113 157//113 163//113 164//113
f 164//114 163//114 169//114 170//114
f 170//115 169//115 174//115 175//115
f 175//116 174//116 122//116 123//116
f 135//123 140//123 2873//123
f 271//124 135//124 2877//124
f 146//125 152//125 2871//125
f 175//126 123//126 2867//126
f 2871//127 158//127 2870//127
f 109//128 2885//128 2961//128
f 124//129 199//129 256//129 263//129
f 201//129 202//129 253//129 254//129
f 128//129 127//129 260//129 259//129
f 202//129 203//129 252//129 253//129
f 129//129 128//129 259//129 258//129
f 256//130 255//130 190//130 189//130
f 194//131 199//131 124//131 193//131
f 206//132 212//132 211//132 205//132
f 212//133 217//133 141//133 211//133
f 217//134 222//134 147//134 141//134
f 222//135 227//135 153//135 147//135
f 227//136 232//136 159//136 153//136
f 232//137 237//137 165//137 159//137
f 237//138 243//138 242//138 165//138
f 243//139 194//139 193//139 242//139
f 195//108 200//108 199//108 194//108
f 207//109 213//109 212//109 206//109
f 213//110 218//110 217//110 212//110
f 218//140 223//140 222//140 217//140
f 223//119 228//119 227//119 222//119
f 228//113 233//113 232//113 227//113
f 233//114 238//114 237//114 232//114
f 238//115 244//115 243//115 237//115
f 244//120 195//120 194//120 243//120
f 196//141 201//141 200//141 195//141
f 208//117 214//117 213//117 207//117
f 214//142 219//142 218//142 213//142
f 219//140 224//140 223//140 218//140
f 224//119 229//119 228//119 223//119
f 229//113 234//113 233//113 228//113
f 234//114 239//114 238//114 233//114
f 239//115 245//115 244//115 238//115
f 245//116 196//116 195//116 244//116
f 197//108 202//108 201//108 196//108
f 209//121 215//121 214//121 208//121
f 215//110 220//110 219//110 214//110
f 220//143 225//143 224//143 219//143
f 225//119 230//119 229//119 224//119
f 230//113 235//113 234//113 229//113
f 235//114 240//114 239//114 234//114
f 240//115 246//115 245//115 239//115
f 246//120 197//120 196//120 245//120
f 198//108 203//108 202//108 197//108
f 210//121 216//121 215//121 209//121
f 216//110 221//110 220//110 215//110
f 221//118 226//118 225//118 220//118
f 226//119 231//119 230//119 225//119
f 231//113 236//113 235//113 230//113
f 236//114 241//114 240//114 235//114
f 241//115 247//115 246//115 240//115
f 247//120 198//120 197//120 246//120
f 216//144 210//144 2864//144
f 221//145 216//145 2863//145
f 241//146 2860//146 2859//146
f 247//147 2859//147 2858//147
f 261//130 262//130 183//130 184//130
f 126//129 125//129 262//129 261//129
f 130//148 129//148 258//148 257//148
f 203//149 204//149 251//149 252//149
f 199//129 200//129 255//129 256//129
f 125//129 124//129 263//129 262//129
f 200//129 201//129 254//129 255//129
f 127//129 126//129 261//129 260//129
f 263//130 256//130 189//130 182//130
f 190//150 191//150 267//150 268//150
f 253//130 252//130 249//130 192//130
f 185//150 184//150 179//150 178//150
f 254//130 253//130 192//130 191//130
f 192//150 249//150 265//150 266//150
f 259//130 260//130 185//130 186//130
f 191//151 192//151 266//151 267//151
f 255//130 254//130 191//130 190//130
f 2985//152 2984//152 2897//152 2896//152
f 252//153 251//153 250//153 249//153
f 188//154 187//154 2881//154
f 257//155 258//155 187//155 188//155
f 187//151 186//151 177//151 118//151
f 262//130 263//130 182//130 183//130
f 183//150 182//150 181//150 180//150
f 260//130 261//130 184//130 185//130
f 182//150 189//150 269//150 181//150
f 258//130 259//130 186//130 187//130
f 184//151 183//151 180//151 179//151
f 189//151 190//151 268//151 269//151
f 2892//156 264//156 2883//156 250//156
f 186//150 185//150 178//150 177//150
f 2877//157 2835//157 271//157
f 272//157 2833//157 2879//157
f 176//158 135//158 271//158
f 158//159 164//159 2870//159
f 198//160 247//160 2858//160
f 210//161 248//161 272//161
f 116//162 113//162 2977//162
f 373//163 2616//163 2617//163 372//163
f 291//164 298//164 293//164
f 312//165 309//165 289//165
f 289//166 287//166 312//166
f 375//167 2614//167 2615//167 374//167
f 312//168 315//168 309//168
f 317//169 314//169 309//169
f 318//170 312//170 287//170
f 309//171 315//171 319//171
f 376//172 2613//172 2614//172 375//172
f 321//173 317//173 309//173
f 319//174 321//174 309//174
f 374//175 2615//175 2616//175 373//175
f 336//176 338//176 343//176
f 357//177 334//177 354//177
f 334//178 357//178 287//178
f 377//179 2612//179 2613//179 376//179
f 357//180 354//180 360//180
f 362//181 354//181 359//181
f 318//182 287//182 357//182
f 354//183 363//183 360//183
f 359//184 2611//184 2612//184 377//184
f 365//185 354//185 362//185
f 363//183 354//183 365//183
f 295//186 294//186 339//186 340//186
f 294//187 299//187 344//187 339//187
f 299//188 302//188 347//188 344//188
f 302//189 306//189 351//189 347//189
f 306//190 308//190 353//190 351//190
f 308//191 311//191 356//191 353//191
f 311//192 316//192 361//192 356//192
f 316//193 322//193 366//193 361//193
f 322//194 324//194 368//194 366//194
f 324//195 323//195 367//195 368//195
f 323//196 320//196 364//196 367//196
f 320//197 313//197 358//197 364//197
f 313//198 310//198 355//198 358//198
f 310//199 307//199 352//199 355//199
f 307//200 305//200 350//200 352//200
f 305//201 303//201 348//201 350//201
f 303//202 297//202 342//202 348//202
f 297//203 293//203 338//203 342//203
f 293//204 298//204 343//204 338//204
f 298//205 301//205 346//205 343//205
f 301//206 304//206 349//206 346//206
f 304//207 300//207 345//207 349//207
f 300//208 296//208 341//208 345//208
f 296//209 292//209 337//209 341//209
f 292//210 295//210 340//210 337//210
f 378//176 1305//176 1303//176
f 1214//211 1213//211 2251//211 1212//211
f 2249//164 291//164 297//164
f 1417//212 2215//212 1410//212
f 384//213 387//213 388//213 385//213
f 407//214 410//214 399//214
f 387//215 403//215 404//215 388//215
f 388//216 404//216 406//216 399//216
f 386//217 384//217 385//217
f 389//218 385//218 408//218
f 389//219 386//219 385//219
f 394//220 395//220 404//220 403//220
f 395//221 381//221 406//221 404//221
f 396//222 397//222 699//222 700//222
f 402//223 398//223 924//223 1018//223
f 418//224 1000//224 1001//224 419//224
f 396//225 398//225 15//225
f 1336//226 1335//226 389//226
f 20//227 402//227 19//227
f 409//228 411//228 400//228
f 414//229 418//229 419//229 415//229
f 415//230 419//230 924//230 700//230
f 746//231 1000//231 418//231 422//231
f 414//232 415//232 420//232 416//232
f 416//233 420//233 743//233 744//233
f 415//234 700//234 699//234 420//234
f 420//235 699//235 884//235 743//235
f 414//236 416//236 421//236 417//236
f 417//237 421//237 715//237 716//237
f 416//238 744//238 745//238 421//238
f 421//239 745//239 890//239 715//239
f 414//240 417//240 422//240 418//240
f 1018//241 924//241 419//241 1001//241
f 417//242 716//242 717//242 422//242
f 422//243 717//243 889//243 746//243
f 423//244 427//244 428//244 424//244
f 424//245 428//245 714//245 713//245
f 427//246 751//246 752//246 428//246
f 428//247 752//247 888//247 714//247
f 423//248 424//248 429//248 425//248
f 425//249 429//249 747//249 748//249
f 1063//250 713//250 1093//250
f 1048//251 429//251 1080//251
f 423//252 425//252 430//252 426//252
f 426//253 430//253 739//253 740//253
f 425//254 748//254 749//254 430//254
f 430//255 749//255 898//255 739//255
f 423//256 426//256 431//256 427//256
f 427//257 431//257 750//257 751//257
f 426//258 740//258 741//258 431//258
f 431//259 741//259 897//259 750//259
f 432//260 436//260 437//260 433//260
f 433//261 437//261 1069//261
f 436//262 757//262 758//262 437//262
f 1069//263 437//263 1086//263
f 432//264 433//264 438//264 434//264
f 434//265 438//265 753//265 754//265
f 438//266 433//266 1091//266
f 753//267 438//267 1056//267
f 432//268 434//268 439//268 435//268
f 435//269 439//269 730//269 731//269
f 434//270 754//270 755//270 439//270
f 439//271 755//271 895//271 730//271
f 432//272 435//272 440//272 436//272
f 436//273 440//273 756//273 757//273
f 435//274 731//274 732//274 440//274
f 440//275 732//275 894//275 756//275
f 445//276 442//276 441//276
f 442//277 3065//277 3064//277
f 763//278 3073//278 445//278
f 446//279 3047//279 3045//279
f 441//280 442//280 447//280 443//280
f 443//281 447//281 759//281 760//281
f 442//282 705//282 704//282 447//282
f 447//283 704//283 886//283 759//283
f 441//284 443//284 448//284 444//284
f 444//285 448//285 721//285 722//285
f 443//286 760//286 761//286 448//286
f 448//287 761//287 892//287 721//287
f 441//288 444//288 449//288 445//288
f 445//289 449//289 762//289 763//289
f 444//290 722//290 723//290 449//290
f 449//291 723//291 891//291 762//291
f 450//292 454//292 455//292 451//292
f 451//293 455//293 712//293 711//293
f 454//294 766//294 767//294 455//294
f 455//295 767//295 887//295 712//295
f 450//296 451//296 456//296 452//296
f 452//297 456//297 752//297 751//297
f 451//298 711//298 710//298 456//298
f 456//299 710//299 888//299 752//299
f 450//300 452//300 457//300 453//300
f 453//301 457//301 736//301 737//301
f 452//302 751//302 750//302 457//302
f 457//303 750//303 897//303 736//303
f 450//304 453//304 458//304 454//304
f 454//305 458//305 765//305 766//305
f 453//306 737//306 738//306 458//306
f 458//307 738//307 896//307 765//307
f 459//308 463//308 464//308 460//308
f 927//309 460//309 464//309
f 463//310 769//310 770//310 464//310
f 933//311 770//311 958//311
f 459//312 460//312 465//312 461//312
f 461//313 465//313 758//313 757//313
f 465//314 460//314 953//314
f 758//315 465//315 1099//315
f 459//316 461//316 466//316 462//316
f 462//317 466//317 727//317 728//317
f 461//318 757//318 756//318 466//318
f 466//319 756//319 894//319 727//319
f 459//320 462//320 467//320 463//320
f 463//321 467//321 768//321 769//321
f 462//322 728//322 729//322 467//322
f 467//323 729//323 893//323 768//323
f 468//324 472//324 473//324 469//324
f 469//325 473//325 703//325 702//325
f 472//326 744//326 743//326 473//326
f 473//327 743//327 884//327 703//327
f 468//328 469//328 474//328 470//328
f 474//329 3076//329 470//329
f 469//330 702//330 701//330 474//330
f 474//331 701//331 3055//331
f 468//332 470//332 475//332 471//332
f 471//333 475//333 718//333 719//333
f 470//334 763//334 762//334 475//334
f 475//335 762//335 891//335 718//335
f 468//336 471//336 476//336 472//336
f 472//337 476//337 745//337 744//337
f 471//338 719//338 720//338 476//338
f 476//339 720//339 890//339 745//339
f 477//340 748//340 747//340 478//340
f 1097//341 747//341 1048//341
f 477//342 479//342 749//342 748//342
f 479//343 742//343 898//343 749//343
f 480//344 484//344 485//344 481//344
f 481//345 485//345 1074//345
f 484//346 754//346 753//346 485//346
f 1074//347 485//347 1094//347
f 480//348 481//348 486//348 482//348
f 482//349 486//349 767//349 766//349
f 486//350 1072//350 1076//350
f 887//351 1064//351 1065//351
f 480//352 482//352 487//352 483//352
f 483//353 487//353 733//353 734//353
f 482//354 766//354 765//354 487//354
f 487//355 765//355 896//355 733//355
f 480//356 483//356 488//356 484//356
f 484//357 488//357 755//357 754//357
f 483//358 734//358 735//358 488//358
f 488//359 735//359 895//359 755//359
f 489//360 493//360 494//360 490//360
f 490//361 494//361 709//361 708//361
f 493//362 760//362 759//362 494//362
f 494//363 759//363 886//363 709//363
f 489//364 490//364 495//364 491//364
f 491//365 495//365 770//365 769//365
f 495//366 490//366 708//366
f 495//367 707//367 942//367
f 489//368 491//368 496//368 492//368
f 492//369 496//369 724//369 725//369
f 491//370 769//370 768//370 496//370
f 496//371 768//371 893//371 724//371
f 489//372 492//372 497//372 493//372
f 493//373 497//373 761//373 760//373
f 492//374 725//374 726//374 497//374
f 497//375 726//375 892//375 761//375
f 498//376 502//376 503//376 499//376
f 499//377 503//377 726//377 725//377
f 502//378 804//378 805//378 503//378
f 503//379 805//379 892//379 726//379
f 498//380 499//380 504//380 500//380
f 500//381 504//381 800//381 801//381
f 499//382 725//382 724//382 504//382
f 504//383 724//383 893//383 800//383
f 498//384 500//384 505//384 501//384
f 501//385 505//385 780//385 781//385
f 500//386 801//386 802//386 505//386
f 505//387 802//387 903//387 780//387
f 498//388 501//388 506//388 502//388
f 502//389 506//389 803//389 804//389
f 501//390 781//390 782//390 506//390
f 506//391 782//391 902//391 803//391
f 507//392 511//392 512//392 508//392
f 508//393 512//393 717//393 716//393
f 511//394 809//394 1008//394 512//394
f 717//395 512//395 1008//395 1021//395
f 507//396 508//396 513//396 509//396
f 509//397 513//397 806//397 807//397
f 508//398 716//398 715//398 513//398
f 513//399 715//399 890//399 806//399
f 507//400 509//400 514//400 510//400
f 510//401 514//401 771//401 772//401
f 509//402 807//402 808//402 514//402
f 514//403 808//403 900//403 771//403
f 507//404 510//404 515//404 511//404
f 511//405 515//405 1007//405 809//405
f 510//406 772//406 773//406 515//406
f 515//407 773//407 899//407 1007//407
f 516//408 520//408 521//408 517//408
f 517//409 521//409 741//409 740//409
f 520//410 814//410 815//410 521//410
f 521//411 815//411 897//411 741//411
f 516//412 517//412 522//412 518//412
f 518//413 522//413 810//413 811//413
f 517//414 740//414 739//414 522//414
f 522//415 739//415 898//415 810//415
f 516//416 518//416 523//416 519//416
f 519//417 523//417 795//417 796//417
f 518//418 811//418 812//418 523//418
f 523//419 812//419 908//419 795//419
f 516//420 519//420 524//420 520//420
f 520//421 524//421 813//421 814//421
f 519//422 796//422 797//422 524//422
f 524//423 797//423 907//423 813//423
f 525//424 529//424 530//424 526//424
f 526//425 530//425 732//425 731//425
f 529//426 820//426 821//426 530//426
f 530//427 821//427 894//427 732//427
f 525//428 526//428 531//428 527//428
f 527//429 531//429 816//429 817//429
f 526//430 731//430 730//430 531//430
f 531//431 730//431 895//431 816//431
f 525//432 527//432 532//432 528//432
f 528//433 532//433 786//433 787//433
f 527//434 817//434 818//434 532//434
f 532//435 818//435 905//435 786//435
f 525//436 528//436 533//436 529//436
f 529//437 533//437 819//437 820//437
f 528//438 787//438 788//438 533//438
f 533//439 788//439 904//439 819//439
f 534//440 538//440 539//440 535//440
f 535//441 539//441 723//441 722//441
f 538//442 823//442 824//442 539//442
f 539//443 824//443 891//443 723//443
f 534//444 535//444 540//444 536//444
f 536//445 540//445 805//445 804//445
f 535//446 722//446 721//446 540//446
f 540//447 721//447 892//447 805//447
f 534//448 536//448 541//448 537//448
f 537//449 541//449 777//449 778//449
f 536//450 804//450 803//450 541//450
f 541//451 803//451 902//451 777//451
f 534//452 537//452 542//452 538//452
f 538//453 542//453 822//453 823//453
f 537//454 778//454 779//454 542//454
f 542//455 779//455 901//455 822//455
f 543//456 547//456 548//456 544//456
f 544//457 548//457 738//457 737//457
f 547//458 826//458 827//458 548//458
f 548//459 827//459 896//459 738//459
f 543//460 544//460 549//460 545//460
f 545//461 549//461 815//461 814//461
f 544//462 737//462 736//462 549//462
f 549//463 736//463 897//463 815//463
f 543//464 545//464 550//464 546//464
f 546//465 550//465 792//465 793//465
f 545//466 814//466 813//466 550//466
f 550//467 813//467 907//467 792//467
f 543//468 546//468 551//468 547//468
f 547//469 551//469 825//469 826//469
f 546//470 793//470 794//470 551//470
f 551//471 794//471 906//471 825//471
f 552//472 556//472 557//472 553//472
f 553//473 557//473 729//473 728//473
f 556//474 801//474 800//474 557//474
f 557//475 800//475 893//475 729//475
f 552//476 553//476 558//476 554//476
f 554//477 558//477 821//477 820//477
f 553//478 728//478 727//478 558//478
f 558//479 727//479 894//479 821//479
f 552//480 554//480 559//480 555//480
f 555//481 559//481 783//481 784//481
f 554//482 820//482 819//482 559//482
f 559//483 819//483 904//483 783//483
f 552//484 555//484 560//484 556//484
f 556//485 560//485 802//485 801//485
f 555//486 784//486 785//486 560//486
f 560//487 785//487 903//487 802//487
f 561//488 565//488 566//488 562//488
f 562//489 566//489 720//489 719//489
f 565//490 807//490 806//490 566//490
f 566//491 806//491 890//491 720//491
f 561//492 562//492 567//492 563//492
f 563//493 567//493 824//493 823//493
f 562//494 719//494 718//494 567//494
f 567//495 718//495 891//495 824//495
f 561//496 563//496 568//496 564//496
f 564//497 568//497 774//497 775//497
f 563//498 823//498 822//498 568//498
f 568//499 822//499 901//499 774//499
f 561//500 564//500 569//500 565//500
f 565//501 569//501 808//501 807//501
f 564//502 775//502 776//502 569//502
f 569//503 776//503 900//503 808//503
f 570//504 572//504 573//504 1044//504 1036//504
f 572//505 811//505 810//505 573//505
f 573//506 810//506 898//506 742//506
f 570//507 1036//507 1027//507
f 570//508 1027//508 1053//508 571//508
f 571//509 1053//509 1067//509 798//509
f 570//510 571//510 574//510 572//510
f 572//511 574//511 812//511 811//511
f 571//512 798//512 799//512 574//512
f 574//513 799//513 908//513 812//513
f 575//514 579//514 580//514 576//514
f 576//515 580//515 735//515 734//515
f 579//516 817//516 816//516 580//516
f 580//517 816//517 895//517 735//517
f 575//518 576//518 581//518 577//518
f 577//519 581//519 827//519 826//519
f 576//520 734//520 733//520 581//520
f 581//521 733//521 896//521 827//521
f 575//522 577//522 582//522 578//522
f 578//523 582//523 789//523 790//523
f 577//524 826//524 825//524 582//524
f 582//525 825//525 906//525 789//525
f 575//526 578//526 583//526 579//526
f 579//527 583//527 818//527 817//527
f 578//528 790//528 791//528 583//528
f 583//529 791//529 905//529 818//529
f 584//530 789//530 906//530 848//530
f 585//531 850//531 902//531 782//531
f 586//532 590//532 591//532 587//532
f 587//533 591//533 773//533 772//533
f 590//534 855//534 856//534 591//534
f 591//535 856//535 899//535 773//535
f 586//536 587//536 592//536 588//536
f 588//537 592//537 851//537 852//537
f 587//538 772//538 771//538 592//538
f 592//539 771//539 900//539 851//539
f 586//540 588//540 593//540 589//540
f 589//541 593//541 828//541 829//541
f 588//542 852//542 853//542 593//542
f 593//543 853//543 910//543 828//543
f 586//544 589//544 594//544 590//544
f 590//545 594//545 854//545 855//545
f 589//546 829//546 830//546 594//546
f 854//547 1129//547 1023//547 991//547
f 595//548 599//548 600//548 596//548
f 596//549 600//549 797//549 796//549
f 599//550 861//550 862//550 600//550
f 600//551 862//551 907//551 797//551
f 595//552 596//552 601//552 597//552
f 597//553 601//553 857//553 858//553
f 596//554 796//554 795//554 601//554
f 601//555 795//555 908//555 857//555
f 595//556 597//556 602//556 598//556
f 598//557 602//557 843//557 844//557
f 597//558 858//558 859//558 602//558
f 602//559 859//559 915//559 843//559
f 595//560 598//560 603//560 599//560
f 599//561 603//561 860//561 861//561
f 598//562 844//562 845//562 603//562
f 603//563 845//563 914//563 860//563
f 604//564 608//564 609//564 605//564
f 605//565 609//565 779//565 778//565
f 608//566 864//566 865//566 609//566
f 609//567 865//567 901//567 779//567
f 604//568 605//568 610//568 606//568
f 606//569 610//569 850//569 918//569 916//569
f 605//570 778//570 777//570 610//570
f 610//571 777//571 902//571 850//571
f 604//572 606//572 611//572 607//572
f 607//573 611//573 834//573 835//573
f 611//574 849//574 912//574 834//574
f 604//575 607//575 612//575 608//575
f 608//576 612//576 863//576 864//576
f 607//577 835//577 836//577 612//577
f 612//578 836//578 911//578 863//578
f 986//579 855//579 854//579 991//579
f 594//580 830//580 909//580 1129//580
f 614//581 617//581 794//581 793//581
f 617//582 848//582 906//582 794//582
f 613//583 614//583 618//583 615//583
f 615//584 618//584 862//584 861//584
f 614//585 793//585 792//585 618//585
f 618//586 792//586 907//586 862//586
f 613//587 615//587 619//587 616//587
f 616//588 619//588 840//588 841//588
f 615//589 861//589 860//589 619//589
f 619//590 860//590 914//590 840//590
f 616//591 841//591 842//591 620//591
f 621//592 625//592 626//592 622//592
f 622//593 626//593 776//593 775//593
f 625//594 852//594 851//594 626//594
f 626//595 851//595 900//595 776//595
f 621//596 622//596 627//596 623//596
f 623//597 627//597 865//597 864//597
f 622//598 775//598 774//598 627//598
f 627//599 774//599 901//599 865//599
f 621//600 623//600 628//600 624//600
f 624//601 628//601 831//601 832//601
f 623//602 864//602 863//602 628//602
f 628//603 863//603 911//603 831//603
f 621//604 624//604 629//604 625//604
f 625//605 629//605 853//605 852//605
f 624//606 832//606 833//606 629//606
f 629//607 833//607 910//607 853//607
f 630//608 634//608 635//608 631//608
f 631//609 635//609 799//609 798//609
f 634//610 858//610 857//610 635//610
f 635//611 857//611 908//611 799//611
f 630//612 631//612 636//612 632//612
f 632//613 636//613 1034//613
f 631//614 798//614 1067//614 636//614
f 630//615 632//615 637//615 633//615
f 1096//616 633//616 1032//616
f 632//617 1034//617 1084//617 1054//617 637//617
f 637//618 1054//618 1032//618
f 630//619 633//619 638//619 634//619
f 634//620 638//620 859//620 858//620
f 638//621 633//621 846//621
f 638//622 847//622 915//622 859//622
f 639//623 643//623 644//623 640//623
f 643//624 869//624 870//624 644//624
f 639//625 640//625 645//625 641//625
f 641//626 645//626 866//626 867//626
f 645//627 839//627 913//627 866//627
f 642//628 639//628 1070//628
f 642//629 1037//629 1028//629
f 641//630 867//630 1073//630
f 639//631 642//631 646//631 643//631
f 643//632 646//632 868//632 869//632
f 646//633 642//633 1028//633
f 868//634 646//634 1051//634
f 647//635 651//635 652//635 648//635
f 648//636 652//636 838//636 837//636
f 651//637 875//637 876//637 652//637
f 652//638 876//638 912//638 838//638
f 647//639 648//639 653//639 649//639
f 649//640 653//640 871//640 872//640
f 2567//641 2561//641 648//641
f 653//642 2560//642 871//642
f 647//643 649//643 654//643 650//643
f 956//644 654//644 939//644
f 649//645 872//645 873//645 654//645
f 939//646 654//646 873//646
f 647//647 650//647 655//647 651//647
f 651//648 655//648 874//648 875//648
f 650//649 932//649 926//649
f 655//650 926//650 920//650
f 931//651 830//651 934//651 1125//651
f 656//652 829//652 828//652 657//652
f 657//653 828//653 910//653 877//653
f 658//654 659//654 845//654 844//654
f 659//655 878//655 914//655 845//655
f 658//656 844//656 843//656 660//656
f 1030//657 843//657 915//657
f 661//658 665//658 666//658 662//658
f 665//659 880//659 881//659 666//659
f 661//660 662//660 667//660 663//660
f 663//661 667//661 870//661 869//661
f 661//662 663//662 668//662 664//662
f 664//663 668//663 1060//663
f 663//664 869//664 868//664 668//664
f 668//665 868//665 1050//665
f 661//666 664//666 669//666 665//666
f 665//667 669//667 879//667 880//667
f 669//668 664//668 1083//668
f 879//669 669//669 1061//669
f 670//670 674//670 675//670 671//670
f 671//671 675//671 836//671 835//671
f 674//672 882//672 883//672 675//672
f 675//673 883//673 911//673 836//673
f 670//674 671//674 676//674 672//674
f 672//675 676//675 876//675 875//675
f 671//676 835//676 834//676 676//676
f 676//677 834//677 912//677 876//677
f 670//678 672//678 677//678 673//678
f 940//679 673//679 677//679
f 672//680 875//680 874//680 677//680
f 954//681 874//681 920//681
f 949//682 670//682 673//682
f 674//683 949//683 921//683
f 673//684 940//684 922//684
f 678//685 681//685 682//685 679//685
f 679//686 682//686 842//686 841//686
f 681//687 867//687 866//687 682//687
f 682//688 866//688 913//688 842//688
f 678//689 679//689 683//689 680//689
f 1046//690 683//690 878//690
f 679//691 841//691 840//691 683//691
f 683//692 840//692 914//692 878//692
f 678//693 680//693 941//693
f 680//694 1066//694 941//694
f 681//695 678//695 945//695
f 867//696 1031//696 1085//696
f 684//697 688//697 689//697 685//697
f 689//698 2569//698 685//698
f 688//699 872//699 871//699 689//699
f 871//700 2588//700 2576//700
f 684//701 685//701 690//701 686//701
f 686//702 690//702 881//702 880//702
f 2569//703 690//703 685//703
f 684//704 686//704 691//704 687//704
f 937//705 687//705 691//705
f 686//706 880//706 879//706 691//706
f 959//707 879//707 1095//707
f 684//708 687//708 692//708 688//708
f 688//709 692//709 873//709 872//709
f 692//710 687//710 955//710
f 692//711 930//711 944//711
f 693//712 696//712 697//712 694//712
f 694//713 697//713 833//713 832//713
f 697//714 696//714 938//714
f 697//715 877//715 910//715 833//715
f 693//716 694//716 698//716 695//716
f 695//717 698//717 883//717 882//717
f 694//718 832//718 831//718 698//718
f 698//719 831//719 911//719 883//719
f 943//720 695//720 882//720
f 693//721 946//721 928//721
f 2577//722 2559//722 2431//722
f 585//723 2566//723 2558//723
f 780//724 917//724 781//724
f 916//725 2573//725 2571//725
f 606//726 849//726 611//726
f 918//727 2586//727 916//727
f 2572//728 838//728 912//728
f 2578//729 2577//729 2431//729 2435//729
f 585//730 918//730 850//730
f 2563//731 2578//731 2435//731
f 2566//732 782//732 917//732
f 2575//733 2587//733 780//733
f 706//734 412//734 413//734
f 405//735 393//735 703//735 884//735
f 1016//736 899//736 856//736
f 925//737 707//737 708//737
f 708//738 957//738 925//738
f 705//739 413//739 923//739
f 400//740 411//740 885//740
f 931//741 909//741 830//741
f 886//742 935//742 952//742
f 392//743 400//743 885//743
f 885//744 411//744 412//744
f 657//745 929//745 948//745
f 1016//746 856//746 855//746 986//746
f 393//747 391//747 702//747 703//747
f 397//748 405//748 884//748 699//748
f 391//749 392//749 701//749 702//749
f 886//750 960//750 935//750
f 948//751 934//751 656//751
f 656//752 934//752 830//752 829//752
f 877//753 938//753 929//753
f 398//754 396//754 700//754 924//754
f 2563//755 666//755 881//755
f 2521//756 2528//756 662//756
f 2524//757 1107//757 667//757
f 1017//758 994//758 961//758 390//758
f 390//759 402//759 1018//759 1017//759
f 384//760 961//760 962//760 387//760
f 387//761 962//761 996//761 403//761
f 961//762 994//762 995//762 962//762
f 962//763 995//763 1009//763 996//763
f 384//764 386//764 19//764 390//764 961//764
f 394//765 403//765 996//765 963//765
f 963//766 996//766 1009//766 993//766
f 964//767 968//767 969//767 965//767
f 965//768 969//768 995//768 994//768
f 968//769 1002//769 1003//769 969//769
f 969//770 1003//770 1009//770 995//770
f 964//771 965//771 970//771 966//771
f 966//772 970//772 1001//772 1000//772
f 965//773 994//773 1017//773 970//773
f 970//774 1017//774 1018//774 1001//774
f 964//775 966//775 971//775 967//775
f 967//776 971//776 997//776 998//776
f 966//777 1000//777 746//777 971//777
f 971//778 746//778 889//778 997//778
f 964//779 967//779 972//779 968//779
f 968//780 972//780 86//780 1002//780
f 967//781 998//781 999//781 972//781
f 973//782 974//782 1003//782 1002//782
f 974//783 993//783 1009//783 1003//783
f 973//784 1002//784 86//784
f 975//785 979//785 980//785 976//785
f 976//786 980//786 1020//786 1022//786
f 975//787 976//787 981//787 977//787
f 977//788 981//788 1008//788 809//788
f 976//789 1022//789 1019//789 981//789
f 981//790 1019//790 1021//790 1008//790
f 975//791 977//791 982//791 978//791
f 978//792 982//792 1004//792 1005//792
f 977//793 809//793 1007//793 982//793
f 982//794 1007//794 899//794 1004//794
f 975//795 978//795 983//795 979//795
f 979//796 983//796 1014//796
f 978//797 1005//797 1006//797 983//797
f 983//798 1006//798 1012//798 1014//798
f 984//799 988//799 989//799 985//799
f 985//800 989//800 1006//800 1005//800
f 988//801 1013//801 1011//801 989//801
f 989//802 1011//802 1012//802 1006//802
f 984//803 985//803 990//803 986//803
f 986//804 990//804 1016//804
f 985//805 1005//805 1004//805 990//805
f 990//806 1004//806 899//806 1016//806
f 984//807 986//807 991//807 987//807
f 987//808 991//808 1023//808 1025//808
f 984//809 987//809 992//809 988//809
f 987//810 1025//810 1024//810 992//810
f 992//811 1024//811 1015//811 1010//811
f 946//812 693//812 695//812
f 1021//790 1019//790 997//790 889//790
f 1022//813 1020//813 999//813 998//813
f 1019//789 1022//789 998//789 997//789
f 928//814 951//814 696//814
f 478//815 1077//815 1078//815
f 888//816 1079//816 1026//816
f 712//817 1081//817 936//817
f 712//818 1082//818 711//818
f 1071//819 1057//819 658//819
f 1043//820 1044//820 573//820 742//820
f 888//821 1087//821 1052//821
f 1065//822 1040//822 887//822
f 915//823 1088//823 1030//823
f 1058//824 1046//824 878//824
f 713//825 1089//825 1038//825
f 659//826 1090//826 1058//826
f 1029//827 1043//827 742//827 479//827
f 1047//828 1035//828 477//828 478//828
f 660//829 1062//829 1092//829
f 1035//830 1029//830 479//830 477//830
f 1038//831 1045//831 713//831
f 846//832 1049//832 847//832
f 710//833 1098//833 1075//833
f 667//834 1107//834 1102//834 870//834
f 870//835 1102//835 1105//835 644//835
f 644//836 1105//836 1104//836 640//836
f 584//837 848//837 1111//837 1112//837
f 640//838 1104//838 839//838 645//838
f 2521//731 2563//731 2435//731 2433//731
f 584//839 1101//839 790//839 789//839
f 1103//840 1100//840 905//840 791//840
f 1101//841 1103//841 791//841 790//841
f 1102//842 2517//842 2520//842
f 584//843 1112//843 1110//843 1101//843
f 2520//844 2529//844 1105//844
f 2523//845 2527//845 1108//845
f 1107//846 2519//846 2517//846
f 1108//847 1106//847 839//847 1104//847
f 1108//848 2531//848 1110//848
f 617//849 1113//849 1111//849 848//849
f 1106//850 1109//850 913//850 839//850
f 1110//851 1112//851 1106//851 1108//851
f 2526//852 1103//852 1101//852
f 1112//853 1111//853 1109//853 1106//853
f 613//854 1113//854 617//854 614//854
f 616//855 620//855 1113//855 613//855
f 620//856 1109//856 1111//856 1113//856
f 842//857 913//857 1109//857 620//857
f 690//858 2577//858 881//858
f 788//859 2590//859 2568//859
f 2147//860 2148//860 1114//860
f 1116//860 1114//860 1115//860
f 2152//860 1118//860 1117//860
f 1118//860 1116//860 1119//860
f 1117//860 1118//860 1119//860
f 1047//860 1078//860 1119//860
f 287//860 2152//860 334//860
f 2491//861 2509//861 3268//861 3253//861
f 1121//860 334//860 1122//860
f 2153//860 2152//860 289//860
f 3245//862 2358//862 2216//862 2483//862
f 1114//860 1116//860 2147//860
f 948//863 1146//863 1125//863 934//863
f 1139//164 1148//164 1147//164
f 1139//164 1147//164 1140//164
f 1116//864 1195//864 1207//864
f 1116//860 1115//860 1195//860
f 1152//164 1154//164 1153//164
f 1116//865 1207//865 1202//865
f 1054//866 1189//866 1124//866
f 1138//164 1148//164 1139//164
f 1157//164 1129//164 909//164
f 1158//164 1159//164 1154//164
f 1158//164 1154//164 1152//164
f 1160//164 909//164 931//164
f 1191//164 1150//164 1187//164
f 1160//164 1157//164 909//164
f 1137//164 1161//164 1148//164
f 1137//164 1148//164 1138//164
f 1126//164 1151//164 1162//164
f 1125//164 1160//164 931//164
f 1126//164 1124//164 1151//164
f 1163//164 1164//164 1159//164
f 1163//164 1159//164 1158//164
f 1136//164 1161//164 1137//164
f 1165//164 1164//164 1163//164
f 1127//164 1126//164 1162//164
f 1135//164 1161//164 1136//164
f 1128//164 1162//164 1166//164
f 1128//164 1127//164 1162//164
f 1134//164 1167//164 1161//164
f 1168//164 1125//164 1146//164
f 1134//164 1161//164 1135//164
f 1168//164 1160//164 1125//164
f 1131//164 1128//164 1166//164
f 1133//164 1167//164 1134//164
f 1132//164 1166//164 1167//164
f 1132//164 1167//164 1133//164
f 1132//164 1131//164 1166//164
f 1155//164 1150//164 1191//164
f 1116//860 1202//860 1119//860
f 1170//164 1171//164 1165//164
f 1170//164 1165//164 1163//164
f 1145//164 1168//164 1146//164
f 1172//164 1168//164 1145//164
f 1144//164 1172//164 1145//164
f 1173//164 1175//164 1174//164
f 1173//164 1174//164 1171//164
f 1173//164 1171//164 1170//164
f 1143//164 1172//164 1144//164
f 1176//164 1172//164 1143//164
f 1142//164 1176//164 1143//164
f 1150//164 1175//164 1173//164
f 1150//164 1155//164 1175//164
f 1141//164 1176//164 1142//164
f 1147//164 1176//164 1141//164
f 1140//164 1147//164 1141//164
f 1342//176 1338//176 1181//176
f 1343//176 1342//176 1184//176
f 1114//867 2148//867 1169//867
f 1115//868 1114//868 1169//868
f 1164//869 1165//869 1177//869
f 1358//176 1206//176 1349//176
f 1200//176 1361//176 1196//176
f 1353//176 1203//176 1206//176
f 1356//176 1348//176 1203//176
f 1348//176 1351//176 1203//176
f 1353//176 1360//176 1203//176
f 1395//176 1349//176 1180//176
f 1357//176 1354//176 1200//176
f 2484//870 2489//870 3251//870 3246//870
f 1359//176 1357//176 1200//176
f 1352//176 1353//176 1206//176
f 1360//176 1356//176 1203//176
f 1365//871 1393//871 3241//871 1198//871
f 1351//176 1200//176 1203//176
f 1350//176 1347//176 1196//176
f 1354//176 1361//176 1200//176
f 1351//176 1359//176 1200//176
f 1367//872 1386//872 2160//872 1194//872
f 1346//176 1345//176 1193//176
f 1395//176 1180//176 1376//176
f 1361//176 1350//176 1196//176
f 1387//176 1376//176 1179//176
f 1347//176 1346//176 1193//176
f 1387//176 1179//176 1377//176
f 1179//176 1363//176 1377//176
f 1339//176 1344//176 1188//176
f 1345//176 1337//176 1193//176
f 1389//873 1371//873 1183//873 3237//873
f 2482//874 2508//874 3267//874 3244//874
f 2494//875 2495//875 3257//875 3256//875
f 8//176 1339//176 1188//176
f 1337//176 8//176 1188//176
f 1373//876 1391//876 3239//876 2247//876
f 2498//877 2501//877 3261//877 3258//877
f 1375//875 1374//875 2246//875 2241//875
f 1372//878 1390//878 3238//878 1123//878
f 2505//879 2475//879 3243//879 3265//879
f 2475//880 2506//880 3266//880 3243//880
f 1376//176 1180//176 1179//176
f 1362//881 1383//881 2227//881 1209//881
f 1188//176 1344//176 1184//176
f 1391//882 1369//882 1190//882 3239//882
f 1385//875 1366//875 1197//875 2220//875
f 1364//883 1389//883 3237//883 1201//883
f 1378//877 1379//877 2235//877 2238//877
f 1344//176 1341//176 1184//176
f 1117//884 1119//884 1077//884 1382//884
f 3269//164 2359//164 3245//164
f 3245//164 2359//164 2358//164
f 1358//176 1352//176 1206//176
f 3269//164 3254//164 2359//164
f 2483//885 2510//885 3269//885 3245//885
f 1216//886 1215//886 1217//886
f 1218//887 1217//887 1219//887
f 1218//888 1216//888 1217//888
f 1220//889 1219//889 1221//889
f 1220//890 1218//890 1219//890
f 1222//891 1221//891 1223//891
f 1222//892 1220//892 1221//892
f 1224//893 1223//893 1121//893
f 1224//894 1222//894 1223//894
f 1122//895 1224//895 1121//895
f 2599//896 2802//896 2268//896 2598//896
f 2156//897 2790//897 2791//897 333//897
f 333//898 2791//898 2792//898 1120//898
f 1120//899 2792//899 2793//899 335//899
f 312//900 318//900 288//900 2156//900
f 375//901 374//901 2595//901 2594//901
f 376//902 375//902 2594//902 2593//902
f 330//903 331//903 2606//903 2607//903
f 314//904 317//904 332//904 369//904
f 374//905 373//905 2596//905 2595//905
f 329//906 330//906 2607//906 2608//906
f 1118//860 2270//860 1116//860
f 1116//860 2270//860 2147//860
f 2152//860 2270//860 1118//860
f 1333//176 1335//176 1181//176
f 1338//176 1333//176 1181//176
f 1334//907 410//907 407//907
f 408//176 1334//176 1182//176
f 1335//176 1336//176 1182//176
f 1336//176 408//176 1182//176
f 1231//164 1233//164 1232//164
f 1234//164 1236//164 1235//164
f 1237//164 1231//164 1232//164
f 1237//164 1238//164 1231//164
f 1239//164 1234//164 1240//164
f 1239//164 1236//164 1234//164
f 1130//164 1242//164 1241//164
f 1130//164 1241//164 1243//164
f 1130//164 1243//164 1244//164
f 1130//164 1244//164 1245//164
f 1246//164 1247//164 1238//164
f 1246//164 1238//164 1237//164
f 1248//164 1250//164 1249//164
f 1251//164 1239//164 1240//164
f 1248//164 1252//164 1250//164
f 1251//164 1240//164 1253//164
f 1248//164 1254//164 1252//164
f 1255//164 1256//164 1247//164
f 1255//164 1247//164 1246//164
f 1010//164 1015//164 1130//164
f 988//908 992//908 1010//908 1013//908
f 1032//909 1054//909 1124//909
f 1257//164 1253//164 1258//164
f 1257//164 1251//164 1253//164
f 1259//164 1260//164 1256//164
f 1259//164 1256//164 1255//164
f 1261//164 1262//164 1242//164
f 1263//164 1257//164 1258//164
f 1263//164 1258//164 1264//164
f 1265//164 1249//164 1262//164
f 1265//164 1262//164 1261//164
f 1265//164 1248//164 1249//164
f 1266//164 1267//164 1260//164
f 1266//164 1260//164 1259//164
f 1268//164 1242//164 1130//164
f 1268//164 1261//164 1242//164
f 1269//164 1264//164 1270//164
f 1269//164 1263//164 1264//164
f 1271//164 1248//164 1265//164
f 1272//164 1273//164 1267//164
f 1272//164 1267//164 1266//164
f 1274//164 1269//164 1270//164
f 1274//164 1270//164 1273//164
f 1275//164 1268//164 1130//164
f 1274//164 1273//164 1272//164
f 1276//164 1248//164 1271//164
f 1277//164 1275//164 1130//164
f 1278//164 1248//164 1276//164
f 1278//164 1279//164 1248//164
f 1280//164 1130//164 1281//164
f 1280//164 1277//164 1130//164
f 1282//164 1283//164 1279//164
f 1282//164 1279//164 1278//164
f 1233//164 1280//164 1281//164
f 1233//164 1281//164 1232//164
f 1235//164 1283//164 1282//164
f 1236//164 1283//164 1235//164
f 948//910 929//910 1146//910
f 1129//911 1157//911 1130//911
f 1153//912 1254//912 1248//912
f 1152//912 1153//912 1248//912
f 1285//913 1298//913 1177//913
f 1159//914 1177//914 1296//914
f 2214//915 2328//915 2327//915
f 1297//916 1227//916 1177//916
f 2214//917 2196//917 2337//917
f 2214//918 2266//918 2338//918
f 1295//919 1154//919 1296//919
f 1298//920 1297//920 1177//920
f 2214//921 2339//921 2328//921
f 2214//922 2338//922 2339//922
f 335//923 2793//923 2794//923 332//923
f 1177//924 1159//924 1164//924
f 332//925 2794//925 2265//925 369//925
f 369//926 2265//926 2795//926 2606//926
f 187//927 118//927 2141//927
f 2266//928 2214//928 2337//928
f 1158//929 1152//929 1248//929
f 1163//930 1158//930 1279//930
f 1158//931 1248//931 1279//931
f 1170//932 1163//932 1283//932
f 1163//930 1279//930 1283//930
f 1170//932 1283//932 1236//932
f 1173//933 1170//933 1239//933
f 1170//933 1236//933 1239//933
f 1150//934 1173//934 1251//934
f 1149//935 1150//935 1251//935
f 1173//934 1239//934 1251//934
f 1149//936 1251//936 1257//936
f 1151//937 1149//937 1263//937
f 1149//938 1257//938 1263//938
f 1162//939 1151//939 1269//939
f 1151//939 1263//939 1269//939
f 1166//940 1162//940 1274//940
f 1162//940 1269//940 1274//940
f 1167//941 1166//941 1272//941
f 1161//942 1167//942 1272//942
f 1166//941 1274//941 1272//941
f 1161//942 1272//942 1266//942
f 1148//943 1161//943 1259//943
f 1161//943 1266//943 1259//943
f 1147//944 1148//944 1255//944
f 1148//944 1259//944 1255//944
f 1176//945 1147//945 1246//945
f 1147//945 1255//945 1246//945
f 1176//946 1246//946 1237//946
f 1172//946 1176//946 1237//946
f 1172//947 1237//947 1232//947
f 1168//947 1172//947 1232//947
f 1168//948 1232//948 1281//948
f 1160//949 1168//949 1281//949
f 1160//950 1281//950 1130//950
f 1157//950 1160//950 1130//950
f 2487//951 2514//951 3273//951 3249//951
f 1386//952 1355//952 1210//952 2160//952
f 2499//877 2498//877 3258//877 3259//877
f 2501//875 2494//875 3256//875 3261//875
f 1380//953 1394//953 3242//953 2234//953
f 1384//954 1373//954 2247//954 2223//954
f 1416//955 1410//955 2856//955
f 2488//956 2512//956 3271//956 3250//956
f 2344//955 2856//955 1410//955
f 1394//957 1367//957 1194//957 3242//957
f 1182//958 1178//958 1305//958
f 2489//959 2511//959 3270//959 3251//959
f 1181//960 1182//960 1305//960
f 1393//961 1370//961 1186//961 3241//961
f 1178//962 1303//962 1305//962
f 1369//883 1364//883 1201//883 1190//883
f 1381//877 1378//877 2238//877 2231//877
f 1379//963 1392//963 3240//963 2235//963
f 1181//964 1305//964 1308//964
f 1368//878 1372//878 1123//878 1192//878
f 1184//965 1181//965 1309//965
f 1181//965 1308//965 1309//965
f 1188//966 1184//966 1310//966
f 1193//967 1188//967 1310//967
f 1184//966 1309//966 1310//966
f 1193//967 1310//967 1311//967
f 1196//968 1193//968 1312//968
f 1193//969 1311//969 1312//969
f 1200//970 1196//970 1313//970
f 1196//971 1312//971 1313//971
f 1203//972 1200//972 1314//972
f 1200//972 1313//972 1314//972
f 1206//973 1203//973 1315//973
f 1203//973 1314//973 1315//973
f 1206//974 1315//974 1316//974
f 1180//974 1206//974 1316//974
f 1179//975 1180//975 1316//975
f 1179//976 1316//976 1317//976
f 1363//977 1179//977 1317//977 1204//977
f 2508//978 2491//978 3253//978 3267//978
f 1390//979 1363//979 1204//979 3238//979
f 2495//875 2486//875 3248//875 3257//875
f 2506//980 2487//980 3249//980 3266//980
f 1366//981 1375//981 2241//981 1197//981
f 2486//875 2505//875 3265//875 3248//875
f 1388//874 1362//874 1209//874 3236//874
f 1211//176 1222//176 1224//176
f 1211//176 1220//176 1222//176
f 1122//176 1211//176 1224//176
f 1296//982 1227//982 1225//982
f 1295//983 1296//983 1323//983
f 1296//984 1225//984 1323//984
f 1294//985 1295//985 1324//985
f 1295//986 1323//986 1324//986
f 1293//987 1294//987 1325//987
f 1294//988 1324//988 1325//988
f 1290//989 1293//989 1326//989
f 1293//990 1325//990 1326//990
f 1288//991 1290//991 1321//991
f 1290//992 1326//992 1321//992
f 1291//993 1288//993 1322//993
f 1288//994 1321//994 1322//994
f 354//995 334//995 2628//995
f 2696//996 1221//996 2713//996
f 2628//997 2611//997 354//997
f 2713//998 1219//998 2730//998
f 1221//999 1219//999 2713//999
f 1328//1000 1225//1000 1297//1000
f 1225//1001 1227//1001 1297//1001
f 1327//1002 1328//1002 1298//1002
f 1328//1003 1297//1003 1298//1003
f 1329//1004 1327//1004 1285//1004
f 1327//1005 1298//1005 1285//1005
f 1330//1006 1329//1006 1284//1006
f 1329//1007 1285//1007 1284//1007
f 1331//1008 1330//1008 1286//1008
f 1330//1009 1284//1009 1286//1009
f 1331//1010 1286//1010 1287//1010
f 1332//1011 1331//1011 1289//1011
f 1331//1012 1287//1012 1289//1012
f 1332//1013 1289//1013 1292//1013
f 2611//1014 359//1014 354//1014
f 2747//1015 1217//1015 2764//1015
f 1332//1016 1292//1016 2401//1016
f 854//1017 594//1017 1129//1017
f 1024//1018 1130//1018 1015//1018
f 1024//1019 1025//1019 1130//1019
f 1023//1020 1130//1020 1025//1020
f 1129//1021 1130//1021 1023//1021
f 1130//164 979//164 1014//164
f 1130//164 1014//164 1012//164
f 1130//164 1012//164 1011//164
f 1130//164 1013//164 1010//164
f 1130//164 1011//164 1013//164
f 1096//1022 1032//1022 1124//1022 1126//1022
f 846//1023 1096//1023 1126//1023
f 637//616 1032//616 633//616
f 846//616 633//616 1096//616
f 638//621 846//621 847//621
f 641//1024 1070//1024 639//1024
f 642//1025 1070//1025 1037//1025
f 641//1026 1073//1026 1070//1026
f 646//1027 1028//1027 1051//1027
f 868//1028 1051//1028 1050//1028
f 654//1029 932//1029 650//1029
f 932//1030 654//1030 956//1030
f 939//1031 873//1031 944//1031
f 650//1032 926//1032 655//1032
f 655//1033 920//1033 874//1033
f 843//657 1030//657 660//657
f 1062//1034 660//1034 1030//1034
f 664//1035 1060//1035 1055//1035
f 668//1036 1050//1036 1060//1036
f 1055//1037 1083//1037 664//1037
f 669//1038 1083//1038 1061//1038
f 879//1039 1061//1039 1059//1039
f 940//1040 677//1040 950//1040
f 874//1041 954//1041 677//1041
f 950//1042 677//1042 954//1042
f 673//1043 922//1043 949//1043
f 674//1044 670//1044 949//1044
f 674//1045 921//1045 882//1045
f 683//1046 1046//1046 680//1046
f 1066//1047 680//1047 1046//1047
f 678//1048 941//1048 945//1048
f 681//1049 945//1049 1031//1049
f 1031//1050 867//1050 681//1050
f 867//1051 1085//1051 1073//1051
f 937//1052 691//1052 947//1052
f 879//1053 959//1053 691//1053
f 947//1054 691//1054 959//1054
f 1095//707 879//707 1059//707
f 937//1055 955//1055 687//1055
f 692//1056 955//1056 930//1056
f 692//1057 944//1057 873//1057
f 951//1058 938//1058 696//1058
f 697//1059 938//1059 877//1059
f 943//1060 882//1060 921//1060
f 693//1061 928//1061 696//1061
f 657//1062 948//1062 656//1062
f 877//1063 929//1063 657//1063
f 946//1064 695//1064 943//1064
f 1071//1065 658//1065 660//1065
f 1088//1066 915//1066 1049//1066
f 847//823 1049//823 915//823
f 1058//1067 878//1067 659//1067
f 1090//1068 659//1068 1057//1068
f 658//1069 1057//1069 659//1069
f 660//1070 1092//1070 1071//1070
f 929//1071 938//1071 1145//1071 1146//1071
f 938//1072 951//1072 1145//1072
f 951//1073 928//1073 1145//1073
f 928//1074 946//1074 1144//1074 1145//1074
f 946//1075 943//1075 1144//1075
f 943//1076 921//1076 1143//1076 1144//1076
f 921//1077 949//1077 1143//1077
f 949//1078 922//1078 1142//1078 1143//1078
f 922//1079 940//1079 1142//1079
f 940//1079 950//1079 1142//1079
f 950//1080 954//1080 1142//1080
f 954//1081 920//1081 1141//1081 1142//1081
f 920//1082 926//1082 1141//1082
f 926//1083 932//1083 1141//1083
f 932//1084 956//1084 1141//1084
f 956//1085 939//1085 1140//1085 1141//1085
f 939//1086 944//1086 1140//1086
f 944//1087 930//1087 1140//1087
f 930//1088 955//1088 1140//1088
f 955//1089 937//1089 1139//1089 1140//1089
f 937//1090 947//1090 1139//1090
f 947//1091 959//1091 1139//1091
f 959//1092 1095//1092 1138//1092 1139//1092
f 1095//1093 1059//1093 1137//1093 1138//1093
f 1059//1094 1061//1094 1137//1094
f 1061//1095 1083//1095 1136//1095 1137//1095
f 1083//1096 1055//1096 1136//1096
f 1055//1096 1060//1096 1136//1096
f 1060//1097 1050//1097 1135//1097 1136//1097
f 1050//1098 1051//1098 1135//1098
f 1051//1099 1028//1099 1134//1099 1135//1099
f 1028//1100 1037//1100 1134//1100
f 1037//1101 1070//1101 1134//1101
f 1070//1102 1073//1102 1134//1102
f 1073//1103 1085//1103 1133//1103 1134//1103
f 1085//1104 1031//1104 1133//1104
f 1031//1105 945//1105 1133//1105
f 945//1106 941//1106 1132//1106 1133//1106
f 941//1107 1066//1107 1132//1107
f 1066//1107 1046//1107 1132//1107
f 1046//1108 1058//1108 1131//1108 1132//1108
f 1058//1109 1090//1109 1131//1109
f 1090//1110 1057//1110 1131//1110
f 1057//1111 1071//1111 1128//1111 1131//1111
f 1071//1112 1092//1112 1128//1112
f 1092//1113 1062//1113 1128//1113
f 1062//1114 1030//1114 1128//1114
f 1030//1115 1088//1115 1127//1115 1128//1115
f 1088//1116 1049//1116 1127//1116
f 1049//1117 846//1117 1126//1117 1127//1117
f 1077//884 1119//884 1078//884
f 388//1118 410//1118 385//1118
f 388//1119 399//1119 410//1119
f 14//1120 1337//1120 409//1120
f 410//1121 408//1121 385//1121
f 15//1122 398//1122 20//1122
f 392//1123 409//1123 400//1123
f 713//1124 1063//1124 424//1124
f 429//1125 424//1125 1063//1125
f 1093//1126 713//1126 1045//1126
f 1063//1127 1080//1127 429//1127
f 747//1127 429//1127 1048//1127
f 433//1128 1069//1128 1033//1128
f 758//1129 1086//1129 437//1129
f 1086//1130 758//1130 1068//1130
f 1033//1131 1091//1131 433//1131
f 438//1132 1091//1132 1056//1132
f 753//1133 1056//1133 1042//1133
f 927//1134 464//1134 933//1134
f 770//311 933//311 464//311
f 958//1135 770//1135 942//1135
f 927//1136 953//1136 460//1136
f 465//1137 953//1137 919//1137
f 919//1138 1099//1138 465//1138
f 758//315 1099//315 1068//315
f 747//1139 1039//1139 478//1139
f 1039//341 747//341 1097//341
f 481//1140 1074//1140 1072//1140
f 753//1141 1042//1141 485//1141
f 1094//1142 485//1142 1042//1142
f 1072//1143 486//1143 481//1143
f 486//1144 1076//1144 1064//1144
f 1064//1145 767//1145 486//1145
f 767//1146 1064//1146 887//1146
f 495//1147 708//1147 707//1147
f 495//367 942//367 770//367
f 706//1148 413//1148 705//1148
f 957//1149 709//1149 952//1149
f 709//738 957//738 708//738
f 705//1150 923//1150 704//1150
f 886//1151 952//1151 709//1151
f 392//1152 885//1152 701//1152
f 885//1153 412//1153 706//1153
f 960//1154 704//1154 923//1154
f 704//1155 960//1155 886//1155
f 1077//1156 478//1156 1039//1156
f 478//1157 1078//1157 1047//1157
f 1079//1158 710//1158 1075//1158
f 710//1159 1079//1159 888//1159
f 1081//1160 887//1160 1040//1160
f 887//1161 1081//1161 712//1161
f 1041//1162 711//1162 1082//1162
f 936//1163 1082//1163 712//1163
f 1087//1164 888//1164 1026//1164
f 888//1165 1052//1165 714//1165
f 1089//1166 714//1166 1052//1166
f 714//825 1089//825 713//825
f 1098//1167 711//1167 1041//1167
f 711//1168 1098//1168 710//1168
f 2215//212 2344//212 1410//212
f 1182//176 1334//176 407//176 1178//176
f 1082//980 1386//980 1367//980 1041//980
f 1074//1169 1379//1169 1378//1169 1072//1169
f 1048//1170 1370//1170 1393//1170 1097//1170
f 933//1171 1353//1171 1352//1171 927//1171
f 1097//1172 1393//1172 1365//1172 1039//1172
f 707//1173 1348//1173 1356//1173 942//1173
f 1033//979 1363//979 1390//979 1091//979
f 1041//957 1367//957 1394//957 1098//957
f 413//1174 1347//1174 1350//1174 923//1174
f 1091//878 1390//878 1372//878 1056//878
f 1098//953 1394//953 1380//953 1075//953
f 927//1171 1352//1171 1358//1171 953//1171
f 919//1175 1349//1175 1395//1175 1099//1175
f 409//1176 1337//1176 1345//1176 411//1176
f 953//1177 1358//1177 1349//1177 919//1177
f 923//1178 1350//1178 1361//1178 960//1178
f 1099//1179 1395//1179 1376//1179 1068//1179
f 960//1180 1361//1180 1354//1180 935//1180
f 1068//1179 1376//1179 1387//1179 1086//1179
f 1086//1181 1387//1181 1377//1181 1069//1181
f 1056//956 1372//956 1368//956 1042//956
f 925//1182 1351//1182 1348//1182 707//1182
f 1026//1183 1362//1183 1388//1183 1087//1183
f 1072//877 1378//877 1381//877 1076//877
f 1045//870 1369//870 1391//870 1093//870
f 1087//978 1388//978 1371//978 1052//978
f 1076//1184 1381//1184 1374//1184 1064//1184
f 1093//1185 1391//1185 1373//1185 1063//1185
f 1065//875 1375//875 1366//875 1040//875
f 1039//1186 1365//1186 1382//1186 1077//1186
f 1042//956 1368//956 1392//956 1094//956
f 952//1187 1357//1187 1359//1187 957//1187
f 1094//877 1392//877 1379//877 1074//877
f 957//1188 1359//1188 1351//1188 925//1188
f 1075//1189 1380//1189 1383//1189 1079//1189
f 412//1190 1346//1190 1347//1190 413//1190
f 1038//870 1364//870 1369//870 1045//870
f 1079//881 1383//881 1362//881 1026//881
f 1069//1191 1377//1191 1363//1191 1033//1191
f 1064//875 1374//875 1375//875 1065//875
f 1063//954 1373//954 1384//954 1080//954
f 1089//883 1389//883 1364//883 1038//883
f 1080//1192 1384//1192 1370//1192 1048//1192
f 408//226 1336//226 389//226
f 1052//861 1371//861 1389//861 1089//861
f 1040//875 1366//875 1385//875 1081//875
f 411//1193 1345//1193 1346//1193 412//1193
f 410//1194 1334//1194 408//1194
f 1081//879 1385//879 1355//879 936//879
f 942//1195 1356//1195 1360//1195 958//1195
f 958//1171 1360//1171 1353//1171 933//1171
f 936//1196 1355//1196 1386//1196 1082//1196
f 935//1187 1354//1187 1357//1187 952//1187
f 2513//1186 2485//1186 3247//1186 3272//1186
f 2493//954 2504//954 3264//954 3255//954
f 1343//176 1184//176 1341//176
f 1349//176 1206//176 1180//176
f 1196//176 1347//176 1193//176
f 2500//1197 2503//1197 3263//1197 3260//1197
f 2514//1198 2500//1198 3260//1198 3273//1198
f 1355//1199 1385//1199 2220//1199 1210//1199
f 2511//1200 2493//1200 3255//1200 3270//1200
f 2512//963 2499//963 3259//963 3271//963
f 2490//961 2513//961 3272//961 3252//961
f 1370//961 1384//961 2223//961 1186//961
f 1084//1201 1185//1201 1189//1201 1054//1201
f 2492//956 2488//956 3250//956 3254//956
f 1184//176 1342//176 1181//176
f 1193//176 1337//176 1188//176
f 1382//871 1365//871 1198//871 2229//871
f 1374//981 1381//981 2231//981 2246//981
f 1383//1198 1380//1198 2234//1198 2227//1198
f 2504//1192 2490//1192 3252//1192 3264//1192
f 1181//176 1335//176 1182//176
f 1371//978 1388//978 3236//978 1183//978
f 2510//878 2492//878 3254//878 3269//878
f 2485//871 2502//871 3262//871 3247//871
f 2359//164 3254//164 3250//164
f 3250//164 3271//164 2359//164
f 2509//870 2484//870 3246//870 3268//870
f 2340//1202 3244//1202 3267//1202
f 2360//164 3271//164 3259//164
f 2153//860 289//860 2159//860
f 2503//881 2482//881 3244//881 3263//881
f 1029//860 1207//860 1195//860 1043//860
f 1027//860 1208//860 1191//860 1053//860
f 1067//860 1187//860 1340//860 636//860
f 1044//860 1115//860 1199//860 1036//860
f 636//860 1340//860 1205//860 1034//860
f 1047//860 1119//860 1202//860 1035//860
f 1043//860 1195//860 1115//860 1044//860
f 1053//860 1191//860 1187//860 1067//860
f 1035//860 1202//860 1207//860 1029//860
f 1034//864 1205//864 1185//864 1084//864
f 1036//860 1199//860 1208//860 1027//860
f 1189//164 1185//164 1151//164
f 1156//164 1155//164 1199//164
f 1169//164 1156//164 1199//164
f 1187//164 1150//164 1340//164
f 1149//164 1185//164 1205//164
f 1189//164 1151//164 1124//164
f 1151//164 1185//164 1149//164
f 1205//164 1150//164 1149//164
f 1169//164 1199//164 1115//164
f 1155//164 1208//164 1199//164
f 1191//164 1208//164 1155//164
f 1340//164 1150//164 1205//164
f 1396//1203 1397//1203 1400//1203 1399//1203
f 1417//1204 1410//1204 1420//1204
f 1399//1205 1400//1205 1414//1205 1413//1205
f 1400//1206 1410//1206 1416//1206 1414//1206
f 1398//1207 1397//1207 1396//1207
f 1405//1208 1413//1208 1414//1208 1406//1208
f 1406//1209 1414//1209 1416//1209 380//1209
f 1407//1210 1707//1210 1706//1210 1408//1210
f 1412//1211 2046//1211 1952//1211 1409//1211
f 1429//1212 1430//1212 2029//1212 2028//1212
f 24//1213 1408//1213 25//1213
f 1408//1214 24//1214 1407//1214
f 23//1215 25//1215 1415//1215
f 1403//1216 1419//1216 1421//1216
f 1419//1217 1411//1217 1422//1217
f 1425//1218 1426//1218 1430//1218 1429//1218
f 1426//1219 1707//1219 1952//1219 1430//1219
f 1753//1220 1433//1220 1429//1220 2028//1220
f 1425//1221 1427//1221 1431//1221 1426//1221
f 1427//1222 1751//1222 1750//1222 1431//1222
f 1426//1223 1431//1223 1706//1223 1707//1223
f 1431//1224 1750//1224 1890//1224 1706//1224
f 1425//1225 1428//1225 1432//1225 1427//1225
f 1428//1226 1723//1226 1722//1226 1432//1226
f 1427//1227 1432//1227 1752//1227 1751//1227
f 1432//1228 1722//1228 1896//1228 1752//1228
f 1425//1229 1429//1229 1433//1229 1428//1229
f 2046//1230 2029//1230 1430//1230 1952//1230
f 1428//1231 1433//1231 1724//1231 1723//1231
f 1433//1232 1753//1232 1895//1232 1724//1232
f 1434//1233 1435//1233 1439//1233 1438//1233
f 1435//1234 1720//1234 1721//1234 1439//1234
f 1438//1235 1439//1235 1759//1235 1758//1235
f 1439//1236 1721//1236 1894//1236 1759//1236
f 1434//1237 1436//1237 1440//1237 1435//1237
f 1436//1238 1755//1238 1754//1238 1440//1238
f 2091//1239 2121//1239 1720//1239
f 2076//1240 2108//1240 1440//1240
f 1434//1241 1437//1241 1441//1241 1436//1241
f 1437//1242 1747//1242 1746//1242 1441//1242
f 1436//1243 1441//1243 1756//1243 1755//1243
f 1441//1244 1746//1244 1904//1244 1756//1244
f 1434//1245 1438//1245 1442//1245 1437//1245
f 1438//1246 1758//1246 1757//1246 1442//1246
f 1437//1247 1442//1247 1748//1247 1747//1247
f 1442//1248 1757//1248 1903//1248 1748//1248
f 1443//1249 1444//1249 1448//1249 1447//1249
f 1444//1250 2097//1250 1448//1250
f 1447//1251 1448//1251 1765//1251 1764//1251
f 2097//1252 2114//1252 1448//1252
f 1443//1253 1445//1253 1449//1253 1444//1253
f 1445//1254 1761//1254 1760//1254 1449//1254
f 1449//1255 2119//1255 1444//1255
f 1760//1256 2084//1256 1449//1256
f 1443//1257 1446//1257 1450//1257 1445//1257
f 1446//1258 1738//1258 1737//1258 1450//1258
f 1445//1259 1450//1259 1762//1259 1761//1259
f 1450//1260 1737//1260 1901//1260 1762//1260
f 1443//1261 1447//1261 1451//1261 1446//1261
f 1447//1262 1764//1262 1763//1262 1451//1262
f 1446//1263 1451//1263 1739//1263 1738//1263
f 1451//1264 1763//1264 1900//1264 1739//1264
f 3025//1265 3026//1265 1452//1265
f 3028//1266 3029//1266 1770//1266
f 1456//1267 3007//1267 3030//1267
f 1453//1268 1767//1268 1766//1268 1456//1268
f 1456//1269 1766//1269 1892//1269 1711//1269
f 1452//1270 1454//1270 1457//1270 1453//1270
f 1454//1271 1729//1271 1728//1271 1457//1271
f 1453//1272 1457//1272 1768//1272 1767//1272
f 1457//1273 1728//1273 1898//1273 1768//1273
f 1452//1274 1455//1274 1458//1274 1454//1274
f 1455//1275 1770//1275 1769//1275 1458//1275
f 1454//1276 1458//1276 1730//1276 1729//1276
f 1458//1277 1769//1277 1897//1277 1730//1277
f 1459//1278 1460//1278 1464//1278 1463//1278
f 1460//1279 1718//1279 1719//1279 1464//1279
f 1463//1280 1464//1280 1773//1280 1772//1280
f 1464//1281 1719//1281 1893//1281 1773//1281
f 1459//1282 1461//1282 1465//1282 1460//1282
f 1461//1283 1758//1283 1759//1283 1465//1283
f 1460//1284 1465//1284 1717//1284 1718//1284
f 1465//1285 1759//1285 1894//1285 1717//1285
f 1459//1286 1462//1286 1466//1286 1461//1286
f 1462//1287 1744//1287 1743//1287 1466//1287
f 1461//1288 1466//1288 1757//1288 1758//1288
f 1466//1289 1743//1289 1903//1289 1757//1289
f 1459//1290 1463//1290 1467//1290 1462//1290
f 1463//1291 1772//1291 1771//1291 1467//1291
f 1462//1292 1467//1292 1745//1292 1744//1292
f 1467//1293 1771//1293 1902//1293 1745//1293
f 1468//1294 1469//1294 1473//1294 1472//1294
f 1955//1295 1473//1295 1469//1295
f 1472//1296 1473//1296 1776//1296 1775//1296
f 1961//1297 1986//1297 1776//1297
f 1468//1298 1470//1298 1474//1298 1469//1298
f 1470//1299 1764//1299 1765//1299 1474//1299
f 1474//1300 1981//1300 1469//1300
f 1765//1301 2127//1301 1474//1301
f 1468//1302 1471//1302 1475//1302 1470//1302
f 1471//1303 1735//1303 1734//1303 1475//1303
f 1470//1304 1475//1304 1763//1304 1764//1304
f 1475//1305 1734//1305 1900//1305 1763//1305
f 1468//1306 1472//1306 1476//1306 1471//1306
f 1472//1307 1775//1307 1774//1307 1476//1307
f 1471//1308 1476//1308 1736//1308 1735//1308
f 1476//1309 1774//1309 1899//1309 1736//1309
f 3005//1310 1481//1310 1480//1310
f 1480//1311 1481//1311 1750//1311 1751//1311
f 1481//1312 1710//1312 1890//1312 1750//1312
f 3018//1313 3019//1313 1477//1313
f 1770//1314 3040//1314 1478//1314
f 1477//1315 1479//1315 1482//1315 1478//1315
f 1479//1316 1726//1316 1725//1316 1482//1316
f 1478//1317 1482//1317 1769//1317 1770//1317
f 1482//1318 1725//1318 1897//1318 1769//1318
f 1477//1319 1480//1319 1483//1319 1479//1319
f 1480//1320 1751//1320 1752//1320 1483//1320
f 1479//1321 1483//1321 1727//1321 1726//1321
f 1483//1322 1752//1322 1896//1322 1727//1322
f 1484//1323 1485//1323 1754//1323 1755//1323
f 2125//1324 2076//1324 1754//1324
f 1484//1325 1755//1325 1756//1325 1486//1325
f 1486//1326 1756//1326 1904//1326 1749//1326
f 1487//1327 1488//1327 1492//1327 1491//1327
f 1488//1328 2102//1328 1492//1328
f 1491//1329 1492//1329 1760//1329 1761//1329
f 2102//1330 2122//1330 1492//1330
f 1487//1331 1489//1331 1493//1331 1488//1331
f 1489//1332 1772//1332 1773//1332 1493//1332
f 1493//1333 2104//1333 2100//1333
f 1893//1334 2093//1334 2092//1334
f 1487//1335 1490//1335 1494//1335 1489//1335
f 1490//1336 1741//1336 1740//1336 1494//1336
f 1489//1337 1494//1337 1771//1337 1772//1337
f 1494//1338 1740//1338 1902//1338 1771//1338
f 1487//1339 1491//1339 1495//1339 1490//1339
f 1491//1340 1761//1340 1762//1340 1495//1340
f 1490//1341 1495//1341 1742//1341 1741//1341
f 1495//1342 1762//1342 1901//1342 1742//1342
f 1496//1343 1497//1343 1501//1343 1500//1343
f 1497//1344 1715//1344 1716//1344 1501//1344
f 1500//1345 1501//1345 1766//1345 1767//1345
f 1501//1346 1716//1346 1892//1346 1766//1346
f 1496//1347 1498//1347 1502//1347 1497//1347
f 1498//1348 1775//1348 1776//1348 1502//1348
f 1502//1349 1715//1349 1497//1349
f 1502//1350 1970//1350 1714//1350
f 1496//1351 1499//1351 1503//1351 1498//1351
f 1499//1352 1732//1352 1731//1352 1503//1352
f 1498//1353 1503//1353 1774//1353 1775//1353
f 1503//1354 1731//1354 1899//1354 1774//1354
f 1496//1355 1500//1355 1504//1355 1499//1355
f 1500//1356 1767//1356 1768//1356 1504//1356
f 1499//1357 1504//1357 1733//1357 1732//1357
f 1504//1358 1768//1358 1898//1358 1733//1358
f 1505//1359 1506//1359 1510//1359 1509//1359
f 1506//1360 1732//1360 1733//1360 1510//1360
f 1509//1361 1510//1361 1811//1361 1810//1361
f 1510//1362 1733//1362 1898//1362 1811//1362
f 1505//1363 1507//1363 1511//1363 1506//1363
f 1507//1364 1807//1364 1806//1364 1511//1364
f 1506//1365 1511//1365 1731//1365 1732//1365
f 1511//1366 1806//1366 1899//1366 1731//1366
f 1505//1367 1508//1367 1512//1367 1507//1367
f 1508//1368 1787//1368 1786//1368 1512//1368
f 1507//1369 1512//1369 1808//1369 1807//1369
f 1512//1370 1786//1370 1909//1370 1808//1370
f 1505//1371 1509//1371 1513//1371 1508//1371
f 1509//1372 1810//1372 1809//1372 1513//1372
f 1508//1373 1513//1373 1788//1373 1787//1373
f 1513//1374 1809//1374 1908//1374 1788//1374
f 1514//1375 1515//1375 1519//1375 1518//1375
f 1515//1376 1723//1376 1724//1376 1519//1376
f 1518//1377 1519//1377 2036//1377 1815//1377
f 1724//1378 2049//1378 2036//1378 1519//1378
f 1514//1379 1516//1379 1520//1379 1515//1379
f 1516//1380 1813//1380 1812//1380 1520//1380
f 1515//1381 1520//1381 1722//1381 1723//1381
f 1520//1382 1812//1382 1896//1382 1722//1382
f 1514//1383 1517//1383 1521//1383 1516//1383
f 1517//1384 1778//1384 1777//1384 1521//1384
f 1516//1385 1521//1385 1814//1385 1813//1385
f 1521//1386 1777//1386 1906//1386 1814//1386
f 1514//1387 1518//1387 1522//1387 1517//1387
f 1518//1388 1815//1388 2035//1388 1522//1388
f 1517//1389 1522//1389 1779//1389 1778//1389
f 1522//1390 2035//1390 1905//1390 1779//1390
f 1523//1391 1524//1391 1528//1391 1527//1391
f 1524//1392 1747//1392 1748//1392 1528//1392
f 1527//1393 1528//1393 1821//1393 1820//1393
f 1528//1394 1748//1394 1903//1394 1821//1394
f 1523//1395 1525//1395 1529//1395 1524//1395
f 1525//1396 1817//1396 1816//1396 1529//1396
f 1524//1397 1529//1397 1746//1397 1747//1397
f 1529//1398 1816//1398 1904//1398 1746//1398
f 1523//1399 1526//1399 1530//1399 1525//1399
f 1526//1400 1802//1400 1801//1400 1530//1400
f 1525//1401 1530//1401 1818//1401 1817//1401
f 1530//1402 1801//1402 1914//1402 1818//1402
f 1523//1403 1527//1403 1531//1403 1526//1403
f 1527//1404 1820//1404 1819//1404 1531//1404
f 1526//1405 1531//1405 1803//1405 1802//1405
f 1531//1406 1819//1406 1913//1406 1803//1406
f 1532//1407 1533//1407 1537//1407 1536//1407
f 1533//1408 1738//1408 1739//1408 1537//1408
f 1536//1409 1537//1409 1827//1409 1826//1409
f 1537//1410 1739//1410 1900//1410 1827//1410
f 1532//1411 1534//1411 1538//1411 1533//1411
f 1534//1412 1823//1412 1822//1412 1538//1412
f 1533//1413 1538//1413 1737//1413 1738//1413
f 1538//1414 1822//1414 1901//1414 1737//1414
f 1532//1415 1535//1415 1539//1415 1534//1415
f 1535//1416 1793//1416 1792//1416 1539//1416
f 1534//1417 1539//1417 1824//1417 1823//1417
f 1539//1418 1792//1418 1911//1418 1824//1418
f 1532//1419 1536//1419 1540//1419 1535//1419
f 1536//1420 1826//1420 1825//1420 1540//1420
f 1535//1421 1540//1421 1794//1421 1793//1421
f 1540//1422 1825//1422 1910//1422 1794//1422
f 1541//1423 1542//1423 1546//1423 1545//1423
f 1542//1424 1729//1424 1730//1424 1546//1424
f 1545//1425 1546//1425 1830//1425 1829//1425
f 1546//1426 1730//1426 1897//1426 1830//1426
f 1541//1427 1543//1427 1547//1427 1542//1427
f 1543//1428 1810//1428 1811//1428 1547//1428
f 1542//1429 1547//1429 1728//1429 1729//1429
f 1547//1430 1811//1430 1898//1430 1728//1430
f 1541//1431 1544//1431 1548//1431 1543//1431
f 1544//1432 1784//1432 1783//1432 1548//1432
f 1543//1433 1548//1433 1809//1433 1810//1433
f 1548//1434 1783//1434 1908//1434 1809//1434
f 1541//1435 1545//1435 1549//1435 1544//1435
f 1545//1436 1829//1436 1828//1436 1549//1436
f 1544//1437 1549//1437 1785//1437 1784//1437
f 1549//1438 1828//1438 1907//1438 1785//1438
f 1550//1439 1551//1439 1555//1439 1554//1439
f 1551//1440 1744//1440 1745//1440 1555//1440
f 1554//1441 1555//1441 1833//1441 1832//1441
f 1555//1442 1745//1442 1902//1442 1833//1442
f 1550//1443 1552//1443 1556//1443 1551//1443
f 1552//1444 1820//1444 1821//1444 1556//1444
f 1551//1445 1556//1445 1743//1445 1744//1445
f 1556//1446 1821//1446 1903//1446 1743//1446
f 1550//1447 1553//1447 1557//1447 1552//1447
f 1553//1448 1799//1448 1798//1448 1557//1448
f 1552//1449 1557//1449 1819//1449 1820//1449
f 1557//1450 1798//1450 1913//1450 1819//1450
f 1550//1451 1554//1451 1558//1451 1553//1451
f 1554//1452 1832//1452 1831//1452 1558//1452
f 1553//1453 1558//1453 1800//1453 1799//1453
f 1558//1454 1831//1454 1912//1454 1800//1454
f 1559//1455 1560//1455 1564//1455 1563//1455
f 1560//1456 1735//1456 1736//1456 1564//1456
f 1563//1457 1564//1457 1806//1457 1807//1457
f 1564//1458 1736//1458 1899//1458 1806//1458
f 1559//1459 1561//1459 1565//1459 1560//1459
f 1561//1460 1826//1460 1827//1460 1565//1460
f 1560//1461 1565//1461 1734//1461 1735//1461
f 1565//1462 1827//1462 1900//1462 1734//1462
f 1559//1463 1562//1463 1566//1463 1561//1463
f 1562//1464 1790//1464 1789//1464 1566//1464
f 1561//1465 1566//1465 1825//1465 1826//1465
f 1566//1466 1789//1466 1910//1466 1825//1466
f 1559//1467 1563//1467 1567//1467 1562//1467
f 1563//1468 1807//1468 1808//1468 1567//1468
f 1562//1469 1567//1469 1791//1469 1790//1469
f 1567//1470 1808//1470 1909//1470 1791//1470
f 1568//1471 1569//1471 1573//1471 1572//1471
f 1569//1472 1726//1472 1727//1472 1573//1472
f 1572//1473 1573//1473 1812//1473 1813//1473
f 1573//1474 1727//1474 1896//1474 1812//1474
f 1568//1475 1570//1475 1574//1475 1569//1475
f 1570//1476 1829//1476 1830//1476 1574//1476
f 1569//1477 1574//1477 1725//1477 1726//1477
f 1574//1478 1830//1478 1897//1478 1725//1478
f 1568//1479 1571//1479 1575//1479 1570//1479
f 1571//1480 1781//1480 1780//1480 1575//1480
f 1570//1481 1575//1481 1828//1481 1829//1481
f 1575//1482 1780//1482 1907//1482 1828//1482
f 1568//1483 1572//1483 1576//1483 1571//1483
f 1572//1484 1813//1484 1814//1484 1576//1484
f 1571//1485 1576//1485 1782//1485 1781//1485
f 1576//1486 1814//1486 1906//1486 1782//1486
f 1577//1487 2064//1487 2072//1487 1580//1487 1579//1487
f 1579//1488 1580//1488 1816//1488 1817//1488
f 1580//1489 1749//1489 1904//1489 1816//1489
f 1577//1490 2055//1490 2064//1490
f 1577//1491 1578//1491 2081//1491 2055//1491
f 1578//1492 1804//1492 2095//1492 2081//1492
f 1577//1493 1579//1493 1581//1493 1578//1493
f 1579//1494 1817//1494 1818//1494 1581//1494
f 1578//1495 1581//1495 1805//1495 1804//1495
f 1581//1496 1818//1496 1914//1496 1805//1496
f 1582//1497 1583//1497 1587//1497 1586//1497
f 1583//1498 1741//1498 1742//1498 1587//1498
f 1586//1499 1587//1499 1822//1499 1823//1499
f 1587//1500 1742//1500 1901//1500 1822//1500
f 1582//1501 1584//1501 1588//1501 1583//1501
f 1584//1502 1832//1502 1833//1502 1588//1502
f 1583//1503 1588//1503 1740//1503 1741//1503
f 1588//1504 1833//1504 1902//1504 1740//1504
f 1582//1505 1585//1505 1589//1505 1584//1505
f 1585//1506 1796//1506 1795//1506 1589//1506
f 1584//1507 1589//1507 1831//1507 1832//1507
f 1589//1508 1795//1508 1912//1508 1831//1508
f 1582//1509 1586//1509 1590//1509 1585//1509
f 1586//1510 1823//1510 1824//1510 1590//1510
f 1585//1511 1590//1511 1797//1511 1796//1511
f 1590//1512 1824//1512 1911//1512 1797//1512
f 1591//1513 1854//1513 1912//1513 1795//1513
f 1592//1514 1788//1514 1908//1514 1856//1514
f 1593//1515 1594//1515 1598//1515 1597//1515
f 1594//1516 1778//1516 1779//1516 1598//1516
f 1597//1517 1598//1517 1862//1517 1861//1517
f 1598//1518 1779//1518 1905//1518 1862//1518
f 1593//1519 1595//1519 1599//1519 1594//1519
f 1595//1520 1858//1520 1857//1520 1599//1520
f 1594//1521 1599//1521 1777//1521 1778//1521
f 1599//1522 1857//1522 1906//1522 1777//1522
f 1593//1523 1596//1523 1600//1523 1595//1523
f 1596//1524 1835//1524 1834//1524 1600//1524
f 1595//1525 1600//1525 1859//1525 1858//1525
f 1600//1526 1834//1526 1916//1526 1859//1526
f 1593//1527 1597//1527 1601//1527 1596//1527
f 1597//1528 1861//1528 1860//1528 1601//1528
f 1596//1529 1601//1529 1836//1529 1835//1529
f 1860//1530 2019//1530 2051//1530 2166//1530
f 1602//1531 1603//1531 1607//1531 1606//1531
f 1603//1532 1802//1532 1803//1532 1607//1532
f 1606//1533 1607//1533 1868//1533 1867//1533
f 1607//1534 1803//1534 1913//1534 1868//1534
f 1602//1535 1604//1535 1608//1535 1603//1535
f 1604//1536 1864//1536 1863//1536 1608//1536
f 1603//1537 1608//1537 1801//1537 1802//1537
f 1608//1538 1863//1538 1914//1538 1801//1538
f 1602//1539 1605//1539 1609//1539 1604//1539
f 1605//1540 1850//1540 1849//1540 1609//1540
f 1604//1541 1609//1541 1865//1541 1864//1541
f 1609//1542 1849//1542 1921//1542 1865//1542
f 1602//1543 1606//1543 1610//1543 1605//1543
f 1606//1544 1867//1544 1866//1544 1610//1544
f 1605//1545 1610//1545 1851//1545 1850//1545
f 1610//1546 1866//1546 1920//1546 1851//1546
f 1611//1547 1612//1547 1616//1547 1615//1547
f 1612//1548 1784//1548 1785//1548 1616//1548
f 1615//1549 1616//1549 1871//1549 1870//1549
f 1616//1550 1785//1550 1907//1550 1871//1550
f 1611//1551 1613//1551 1617//1551 1612//1551
f 1941//1552 1856//1552 1617//1552
f 1612//1553 1617//1553 1783//1553 1784//1553
f 1617//1554 1856//1554 1908//1554 1783//1554
f 1939//1555 1945//1555 1611//1555
f 1614//1556 1841//1556 1840//1556 1618//1556
f 1613//1557 1938//1557 1922//1557
f 1618//1558 1840//1558 1918//1558 1855//1558
f 1611//1559 1615//1559 1619//1559 1614//1559
f 1615//1560 1870//1560 1869//1560 1619//1560
f 1614//1561 1619//1561 1842//1561 1841//1561
f 1619//1562 1869//1562 1917//1562 1842//1562
f 2014//1563 2019//1563 1860//1563 1861//1563
f 1601//1564 2166//1564 1915//1564 1836//1564
f 1621//1565 1799//1565 1800//1565 1624//1565
f 1624//1566 1800//1566 1912//1566 1854//1566
f 1620//1567 1622//1567 1625//1567 1621//1567
f 1622//1568 1867//1568 1868//1568 1625//1568
f 1621//1569 1625//1569 1798//1569 1799//1569
f 1625//1570 1868//1570 1913//1570 1798//1570
f 1620//1571 1623//1571 1626//1571 1622//1571
f 1623//1572 1847//1572 1846//1572 1626//1572
f 1622//1573 1626//1573 1866//1573 1867//1573
f 1626//1574 1846//1574 1920//1574 1866//1574
f 1623//1575 1627//1575 1848//1575 1847//1575
f 1628//1576 1629//1576 1633//1576 1632//1576
f 1629//1577 1781//1577 1782//1577 1633//1577
f 1632//1578 1633//1578 1857//1578 1858//1578
f 1633//1579 1782//1579 1906//1579 1857//1579
f 1628//1580 1630//1580 1634//1580 1629//1580
f 1630//1581 1870//1581 1871//1581 1634//1581
f 1629//1582 1634//1582 1780//1582 1781//1582
f 1634//1583 1871//1583 1907//1583 1780//1583
f 1628//1584 1631//1584 1635//1584 1630//1584
f 1631//1585 1838//1585 1837//1585 1635//1585
f 1630//1586 1635//1586 1869//1586 1870//1586
f 1635//1587 1837//1587 1917//1587 1869//1587
f 1628//1588 1632//1588 1636//1588 1631//1588
f 1632//1589 1858//1589 1859//1589 1636//1589
f 1631//1590 1636//1590 1839//1590 1838//1590
f 1636//1591 1859//1591 1916//1591 1839//1591
f 1637//1592 1638//1592 1642//1592 1641//1592
f 1638//1593 1804//1593 1805//1593 1642//1593
f 1641//1594 1642//1594 1863//1594 1864//1594
f 1642//1595 1805//1595 1914//1595 1863//1595
f 1637//1596 1639//1596 1643//1596 1638//1596
f 1639//1597 2062//1597 1643//1597
f 1638//1598 1643//1598 2095//1598 1804//1598
f 1637//1599 1640//1599 1644//1599 1639//1599
f 2124//1600 2060//1600 1640//1600
f 1639//1601 1644//1601 2082//1601 2112//1601 2062//1601
f 1644//1602 2060//1602 2082//1602
f 1637//1603 1641//1603 1645//1603 1640//1603
f 1641//1604 1864//1604 1865//1604 1645//1604
f 1645//1605 1852//1605 1640//1605
f 1645//1606 1865//1606 1921//1606 1853//1606
f 1646//1607 1647//1607 1651//1607 1650//1607
f 1650//1608 1651//1608 1876//1608 1875//1608
f 1646//1609 1648//1609 1652//1609 1647//1609
f 1648//1610 1873//1610 1872//1610 1652//1610
f 1652//1611 1872//1611 1919//1611 1845//1611
f 1649//1612 2098//1612 1646//1612
f 1649//1613 2056//1613 2065//1613
f 1648//1614 2101//1614 1873//1614
f 1646//1615 1650//1615 1653//1615 1649//1615
f 1650//1616 1875//1616 1874//1616 1653//1616
f 1653//1617 2056//1617 1649//1617
f 1874//1618 2079//1618 1653//1618
f 1654//1619 1655//1619 1659//1619 1658//1619
f 1655//1620 1843//1620 1844//1620 1659//1620
f 1658//1621 1659//1621 1882//1621 1881//1621
f 1659//1622 1844//1622 1918//1622 1882//1622
f 1654//1623 1656//1623 1660//1623 1655//1623
f 1656//1624 1878//1624 1877//1624 1660//1624
f 1935//1625 1942//1625 1843//1625
f 1877//1626 1944//1626 1660//1626
f 1654//1627 1657//1627 1661//1627 1656//1627
f 1984//1628 1967//1628 1661//1628
f 1656//1629 1661//1629 1879//1629 1878//1629
f 1967//1630 1879//1630 1661//1630
f 1654//1631 1658//1631 1662//1631 1657//1631
f 1658//1632 1881//1632 1880//1632 1662//1632
f 1657//1633 1954//1633 1960//1633
f 1662//1634 1948//1634 1954//1634
f 1959//1635 2162//1635 1962//1635 1836//1635
f 1663//1636 1664//1636 1834//1636 1835//1636
f 1664//1637 1883//1637 1916//1637 1834//1637
f 1665//1638 1850//1638 1851//1638 1666//1638
f 1666//1639 1851//1639 1920//1639 1884//1639
f 1665//1640 1667//1640 1849//1640 1850//1640
f 2058//1641 1921//1641 1849//1641
f 1668//1642 1669//1642 1673//1642 1672//1642
f 1672//1643 1673//1643 1887//1643 1886//1643
f 1668//1644 1670//1644 1674//1644 1669//1644
f 1670//1645 1875//1645 1876//1645 1674//1645
f 1668//1646 1671//1646 1675//1646 1670//1646
f 1671//1647 2088//1647 1675//1647
f 1670//1648 1675//1648 1874//1648 1875//1648
f 1675//1649 2078//1649 1874//1649
f 1668//1650 1672//1650 1676//1650 1671//1650
f 1672//1651 1886//1651 1885//1651 1676//1651
f 1676//1652 2111//1652 1671//1652
f 1885//1653 2089//1653 1676//1653
f 1677//1654 1678//1654 1682//1654 1681//1654
f 1678//1655 1841//1655 1842//1655 1682//1655
f 1681//1656 1682//1656 1889//1656 1888//1656
f 1682//1657 1842//1657 1917//1657 1889//1657
f 1677//1658 1679//1658 1683//1658 1678//1658
f 1679//1659 1881//1659 1882//1659 1683//1659
f 1678//1660 1683//1660 1840//1660 1841//1660
f 1683//1661 1882//1661 1918//1661 1840//1661
f 1677//1662 1680//1662 1684//1662 1679//1662
f 1968//1663 1684//1663 1680//1663
f 1679//1664 1684//1664 1880//1664 1881//1664
f 1982//1665 1948//1665 1880//1665
f 1977//1666 1680//1666 1677//1666
f 1681//1667 1949//1667 1977//1667
f 1680//1668 1950//1668 1968//1668
f 1685//1669 1686//1669 1689//1669 1688//1669
f 1686//1670 1847//1670 1848//1670 1689//1670
f 1688//1671 1689//1671 1872//1671 1873//1671
f 1689//1672 1848//1672 1919//1672 1872//1672
f 1685//1673 1687//1673 1690//1673 1686//1673
f 2074//1674 1884//1674 1690//1674
f 1686//1675 1690//1675 1846//1675 1847//1675
f 1690//1676 1884//1676 1920//1676 1846//1676
f 1685//1677 1969//1677 1687//1677
f 1687//1678 1969//1678 2094//1678
f 1688//1679 1973//1679 1685//1679
f 1873//1680 2113//1680 2059//1680
f 1691//1681 1692//1681 1696//1681 1695//1681
f 1940//1682 1696//1682 1692//1682
f 1695//1683 1696//1683 1877//1683 1878//1683
f 1932//1684 1877//1684 1696//1684
f 1691//1685 1693//1685 1697//1685 1692//1685
f 1693//1686 1886//1686 1887//1686 1697//1686
f 1692//1687 1933//1687 1940//1687
f 1691//1688 1694//1688 1698//1688 1693//1688
f 1965//1689 1698//1689 1694//1689
f 1693//1690 1698//1690 1885//1690 1886//1690
f 1987//1691 2123//1691 1885//1691
f 1691//1692 1695//1692 1699//1692 1694//1692
f 1695//1693 1878//1693 1879//1693 1699//1693
f 1699//1694 1983//1694 1694//1694
f 1699//1695 1972//1695 1958//1695
f 1700//1696 1701//1696 1704//1696 1703//1696
f 1701//1697 1838//1697 1839//1697 1704//1697
f 1704//1698 1966//1698 1703//1698
f 1704//1699 1839//1699 1916//1699 1883//1699
f 1700//1700 1702//1700 1705//1700 1701//1700
f 1702//1701 1888//1701 1889//1701 1705//1701
f 1701//1702 1705//1702 1837//1702 1838//1702
f 1705//1703 1889//1703 1917//1703 1837//1703
f 1971//1704 1888//1704 1702//1704
f 1700//1705 1956//1705 1974//1705
f 1937//1706 1855//1706 1929//1706
f 1925//1707 1592//1707 1931//1707
f 1943//1708 1787//1708 1923//1708
f 1791//1709 1936//1709 1928//1709
f 1618//1710 1937//1710 1939//1710
f 1790//1711 1928//1711 1934//1711
f 1930//1712 1843//1712 1942//1712
f 1918//1713 1844//1713 1927//1713
f 1789//1714 1934//1714 1926//1714
f 1931//1715 1856//1715 1941//1715
f 1844//1716 1930//1716 1927//1716
f 1788//1717 1592//1717 1923//1717
f 1909//1718 1786//1718 1946//1718
f 1713//1719 1424//1719 1423//1719
f 1415//1720 1890//1720 1710//1720 1404//1720
f 2044//1721 1862//1721 1905//1721
f 1953//1722 1715//1722 1714//1722
f 1715//1723 1953//1723 1985//1723
f 1712//1724 1951//1724 1424//1724
f 1411//1725 1891//1725 1422//1725
f 1959//1726 1836//1726 1915//1726
f 1892//1727 1980//1727 1963//1727
f 1403//1728 1891//1728 1411//1728
f 1891//1729 1423//1729 1422//1729
f 1664//1730 1976//1730 1957//1730
f 2044//1731 2014//1731 1861//1731 1862//1731
f 1404//1732 1710//1732 1709//1732 1402//1732
f 1408//1733 1706//1733 1890//1733 1415//1733
f 1402//1734 1709//1734 1708//1734 1403//1734
f 1892//1735 1963//1735 1988//1735
f 1976//1736 1663//1736 1962//1736
f 1663//1737 1835//1737 1836//1737 1962//1737
f 1883//1738 1957//1738 1966//1738
f 1409//1739 1952//1739 1707//1739 1407//1739
f 1887//1740 2542//1740 2553//1740
f 1673//1741 2552//1741 2542//1741
f 1674//1742 2555//1742 1669//1742
f 2045//1743 1401//1743 1989//1743 2022//1743
f 1401//1744 2045//1744 2046//1744 1412//1744
f 1396//1745 1399//1745 1990//1745 1989//1745
f 1399//1746 1413//1746 2024//1746 1990//1746
f 1989//1747 1990//1747 2023//1747 2022//1747
f 1990//1746 2024//1746 2037//1746 2023//1746
f 1396//1748 1989//1748 1401//1748 1//1748 1398//1748
f 1405//1749 1991//1749 2024//1749 1413//1749
f 1991//1750 2021//1750 2037//1750 2024//1750
f 1992//1751 1993//1751 1997//1751 1996//1751
f 1993//1752 2022//1752 2023//1752 1997//1752
f 1996//1753 1997//1753 2031//1753 2030//1753
f 1997//1754 2023//1754 2037//1754 2031//1754
f 1992//1755 1994//1755 1998//1755 1993//1755
f 1994//1756 2028//1756 2029//1756 1998//1756
f 1993//1757 1998//1757 2045//1757 2022//1757
f 1998//1758 2029//1758 2046//1758 2045//1758
f 1992//1759 1995//1759 1999//1759 1994//1759
f 1995//1760 2026//1760 2025//1760 1999//1760
f 1994//1761 1999//1761 1753//1761 2028//1761
f 1999//1762 2025//1762 1895//1762 1753//1762
f 1992//1763 1996//1763 2000//1763 1995//1763
f 1996//1764 2030//1764 47//1764 2000//1764
f 1995//1765 2000//1765 2027//1765 2026//1765
f 2001//1766 2030//1766 2031//1766 2002//1766
f 2002//1767 2031//1767 2037//1767 2021//1767
f 2001//1768 47//1768 2030//1768
f 2003//1769 2004//1769 2008//1769 2007//1769
f 2004//1770 2050//1770 2048//1770 2008//1770
f 2003//1771 2005//1771 2009//1771 2004//1771
f 2005//1772 1815//1772 2036//1772 2009//1772
f 2004//1773 2009//1773 2047//1773 2050//1773
f 2009//1774 2036//1774 2049//1774 2047//1774
f 2003//1775 2006//1775 2010//1775 2005//1775
f 2006//1776 2033//1776 2032//1776 2010//1776
f 2005//1777 2010//1777 2035//1777 1815//1777
f 2010//1778 2032//1778 1905//1778 2035//1778
f 2003//1779 2007//1779 2011//1779 2006//1779
f 2007//1780 2042//1780 2011//1780
f 2006//1781 2011//1781 2034//1781 2033//1781
f 2011//1782 2042//1782 2040//1782 2034//1782
f 2012//1783 2013//1783 2017//1783 2016//1783
f 2013//1784 2033//1784 2034//1784 2017//1784
f 2016//1785 2017//1785 2039//1785 2041//1785
f 2017//1786 2034//1786 2040//1786 2039//1786
f 2012//1787 2014//1787 2018//1787 2013//1787
f 2014//1788 2044//1788 2018//1788
f 2013//1789 2018//1789 2032//1789 2033//1789
f 2018//1790 2044//1790 1905//1790 2032//1790
f 2012//1791 2015//1791 2019//1791 2014//1791
f 2015//1792 2053//1792 2051//1792 2019//1792
f 2012//1793 2016//1793 2020//1793 2015//1793
f 2015//1794 2020//1794 2052//1794 2053//1794
f 2020//1795 2038//1795 2043//1795 2052//1795
f 1974//1796 1702//1796 1700//1796
f 2049//1774 1895//1774 2025//1774 2047//1774
f 2050//1797 2026//1797 2027//1797 2048//1797
f 2047//1773 2025//1773 2026//1773 2050//1773
f 1956//1798 1703//1798 1979//1798
f 1485//1799 2106//1799 2105//1799
f 1894//1800 2054//1800 2107//1800
f 1719//1801 1964//1801 2109//1801
f 1719//1802 1718//1802 2110//1802
f 2099//1803 1665//1803 2085//1803
f 2071//1804 1749//1804 1580//1804 2072//1804
f 1894//1805 2080//1805 2115//1805
f 2093//1806 1893//1806 2068//1806
f 1921//1807 2058//1807 2116//1807
f 2086//1808 1884//1808 2074//1808
f 1720//1809 2066//1809 2117//1809
f 1666//1810 2086//1810 2118//1810
f 2057//1811 1486//1811 1749//1811 2071//1811
f 2075//1812 1485//1812 1484//1812 2063//1812
f 1667//1813 2120//1813 2090//1813
f 2063//1814 1484//1814 1486//1814 2057//1814
f 2066//1815 1720//1815 2073//1815
f 1852//1816 1853//1816 2077//1816
f 1717//1817 2103//1817 2126//1817
f 2129//1818 2534//1818 2543//1818
f 1876//1819 1651//1819 2134//1819 2129//1819
f 1651//1820 1647//1820 2131//1820 2134//1820
f 1591//1821 2145//1821 2142//1821 1854//1821
f 1647//1822 1652//1822 1845//1822 2131//1822
f 2543//1823 1674//1823 1876//1823
f 1674//1824 2543//1824 2555//1824
f 1591//1825 1795//1825 1796//1825 2128//1825
f 1797//1826 2550//1826 2130//1826
f 2552//1827 1669//1827 2555//1827
f 1673//1828 1669//1828 2552//1828
f 2128//1829 1796//1829 1797//1829 2130//1829
f 1887//1830 1673//1830 2542//1830
f 2129//1831 2539//1831 2534//1831
f 2537//1832 2538//1832 2145//1832
f 2134//1833 2539//1833 2129//1833
f 1786//1834 1943//1834 1946//1834
f 1946//1835 1936//1835 1909//1835
f 2137//1836 2547//1836 2131//1836
f 1787//1837 1788//1837 1923//1837
f 1925//1838 1923//1838 1592//1838
f 2137//1839 2131//1839 1845//1839 2135//1839
f 1844//1840 1843//1840 1930//1840
f 2137//1841 2546//1841 2545//1841
f 1931//1842 1592//1842 1856//1842
f 1789//1843 1790//1843 1934//1843
f 1855//1844 1918//1844 1927//1844
f 1624//1845 1854//1845 2142//1845 2146//1845
f 2135//1846 1845//1846 1919//1846 2140//1846
f 1927//1847 1929//1847 1855//1847
f 1790//1848 1791//1848 1928//1848
f 1618//1849 1855//1849 1937//1849
f 1791//1709 1909//1709 1936//1709
f 1943//1850 1786//1850 1787//1850
f 2536//1851 2140//1851 2142//1851
f 1692//1852 1697//1852 1933//1852
f 1620//1853 1621//1853 1624//1853 2146//1853
f 1623//1854 1620//1854 2146//1854 1627//1854
f 1627//1855 2146//1855 2142//1855 2140//1855
f 1848//1856 1627//1856 2140//1856 1919//1856
f 1789//1857 1926//1857 1910//1857
f 1910//1858 1926//1858 2540//1858
f 2553//1859 1697//1859 1887//1859
f 2147//860 2149//860 2148//860
f 2151//860 2150//860 2149//860
f 2152//860 2153//860 2154//860
f 2154//860 2155//860 2151//860
f 2153//860 2155//860 2154//860
f 2075//1860 2155//1860 2106//1860
f 287//860 289//860 2152//860
f 1392//1861 1368//1861 1192//1861 3240//1861
f 2158//860 2159//860 289//860
f 3242//176 1299//176 2234//176
f 1123//176 3238//176 1318//176
f 2149//860 2147//860 2151//860
f 1976//1862 1962//1862 2162//1862 2183//1862
f 2176//176 2184//176 2185//176
f 2176//176 2177//176 2184//176
f 2151//860 2244//860 2232//860
f 2151//860 2232//860 2150//860
f 2189//176 2190//176 2191//176
f 2151//860 2239//860 2244//860
f 2082//1863 2161//1863 2226//1863
f 2175//176 2176//176 2185//176
f 2194//176 1915//176 2166//176
f 2195//176 2191//176 2196//176
f 2195//176 2189//176 2191//176
f 2197//176 1959//176 1915//176
f 2228//176 2224//176 2187//176
f 2197//176 1915//176 2194//176
f 2174//176 2185//176 2198//176
f 2174//176 2175//176 2185//176
f 2163//176 2199//176 2188//176
f 2162//176 1959//176 2197//176
f 2163//176 2188//176 2161//176
f 2200//176 2196//176 2201//176
f 2200//176 2195//176 2196//176
f 2173//176 2174//176 2198//176
f 2202//176 2200//176 2201//176
f 2164//176 2199//176 2163//176
f 2172//176 2173//176 2198//176
f 2165//176 2203//176 2199//176
f 2165//176 2199//176 2164//176
f 2171//176 2198//176 2204//176
f 2205//176 2183//176 2162//176
f 2171//176 2172//176 2198//176
f 2205//176 2162//176 2197//176
f 2168//176 2203//176 2165//176
f 2170//176 2171//176 2204//176
f 2169//176 2204//176 2203//176
f 2169//176 2170//176 2204//176
f 2169//176 2203//176 2168//176
f 2192//176 2228//176 2187//176
f 2151//864 2155//864 2239//864
f 2207//176 2202//176 2208//176
f 2207//176 2200//176 2202//176
f 2182//176 2183//176 2205//176
f 2209//176 2182//176 2205//176
f 2181//176 2182//176 2209//176
f 2210//176 2211//176 2212//176
f 2210//176 2208//176 2211//176
f 2210//176 2207//176 2208//176
f 2180//176 2181//176 2209//176
f 2213//176 2180//176 2209//176
f 2179//176 2180//176 2213//176
f 2187//176 2210//176 2212//176
f 2187//176 2212//176 2192//176
f 2178//176 2179//176 2213//176
f 2184//176 2178//176 2213//176
f 2177//176 2178//176 2184//176
f 2462//164 2218//164 2457//164
f 2463//164 2221//164 2462//164
f 2149//868 2206//868 2148//868
f 2150//867 2206//867 2149//867
f 2201//869 2214//869 2202//869
f 1178//212 407//212 399//212
f 2478//164 2469//164 2243//164
f 2237//164 2233//164 2481//164
f 2473//164 2243//164 2240//164
f 2476//164 2240//164 2468//164
f 2468//164 2240//164 2471//164
f 2473//164 2240//164 2480//164
f 2515//164 2217//164 2469//164
f 2477//164 2237//164 2474//164
f 3273//164 2340//164 2341//164
f 2479//164 2237//164 2477//164
f 2472//164 2243//164 2473//164
f 2480//1864 2240//1864 2476//1864
f 2360//164 3259//164 3258//164
f 2471//164 2240//164 2237//164
f 2470//164 2233//164 2467//164
f 2474//164 2237//164 2481//164
f 2471//1865 2237//1865 2479//1865
f 2153//164 2159//164 3262//164
f 2466//164 2230//164 2465//164
f 2515//164 2496//164 2217//164
f 2481//164 2233//164 2470//164
f 2507//164 2216//164 2496//164
f 2467//164 2230//164 2466//164
f 2507//164 2497//164 2216//164
f 2216//164 2497//164 2483//164
f 13//1866 2225//1866 2464//1866
f 2465//164 2230//164 2456//164
f 2160//176 1300//176 1194//176
f 1301//176 1302//176 3237//176
f 2220//176 1320//176 1210//176
f 2461//1867 2225//1867 13//1867
f 2456//164 2225//164 2461//164
f 1210//176 1300//176 2160//176
f 2343//164 3246//164 3251//164
f 3240//176 1319//176 2235//176
f 1306//176 1307//176 1122//176
f 1299//176 1301//176 3236//176
f 1123//176 1318//176 1192//176
f 2496//164 2216//164 2217//164
f 1382//884 2229//884 1117//884
f 2225//164 2221//164 2464//164
f 2238//176 1319//176 2231//176
f 2347//164 2345//164 3264//164
f 2235//176 1319//176 2238//176
f 2360//164 3258//164 3261//164
f 2464//164 2221//164 2459//164
f 2153//884 2502//884 2105//884 2155//884
f 1319//176 1320//176 2246//176
f 1201//176 1302//176 1190//176
f 2478//164 2243//164 2472//164
f 2227//176 1299//176 1209//176
f 3270//164 2345//164 2343//164
f 1214//1868 1212//1868 2956//1868 2958//1868
f 2252//1869 176//1869 291//1869 2249//1869
f 1213//1870 336//1870 248//1870 2251//1870
f 2255//1871 2256//1871 2254//1871
f 2257//1872 2258//1872 2256//1872
f 2257//1873 2256//1873 2255//1873
f 2259//1874 2260//1874 2258//1874
f 2259//1875 2258//1875 2257//1875
f 2261//1876 2262//1876 2260//1876
f 2261//1877 2260//1877 2259//1877
f 2263//1878 2158//1878 2262//1878
f 2263//1879 2262//1879 2261//1879
f 2159//895 2158//895 2263//895
f 2157//1880 2801//1880 2802//1880 2599//1880
f 2606//1881 2795//1881 2796//1881 2607//1881
f 2607//1882 2796//1882 2797//1882 2608//1882
f 2608//1883 2797//1883 2798//1883 2609//1883
f 328//1884 329//1884 2608//1884 2609//1884
f 373//1885 372//1885 2597//1885 2596//1885
f 319//1886 315//1886 333//1886 1120//1886
f 372//1887 371//1887 2598//1887 2597//1887
f 370//1888 325//1888 2157//1888 2599//1888
f 327//1889 328//1889 2609//1889 2610//1889
f 321//1890 319//1890 1120//1890 335//1890
f 2154//860 2151//860 2270//860
f 2151//860 2147//860 2270//860
f 2152//860 2154//860 2270//860
f 2460//164 2218//164 2454//164
f 2457//164 2218//164 2452//164
f 2453//1891 1417//1891 1420//1891
f 1418//164 2219//164 2453//164
f 406//212 2847//212 399//212
f 2452//164 2218//164 2460//164
f 2454//164 2219//164 2455//164
f 2455//1892 2219//1892 1418//1892
f 2271//176 2272//176 2273//176
f 2274//176 2275//176 2276//176
f 2277//176 2272//176 2271//176
f 2277//176 2271//176 2278//176
f 2279//176 2280//176 2274//176
f 2279//176 2274//176 2276//176
f 2167//176 2281//176 2282//176
f 2167//176 2283//176 2281//176
f 2167//176 2284//176 2283//176
f 2167//176 2285//176 2284//176
f 2286//176 2278//176 2287//176
f 2286//176 2277//176 2278//176
f 2288//176 2289//176 2290//176
f 2291//176 2280//176 2279//176
f 2288//176 2290//176 2292//176
f 2291//176 2293//176 2280//176
f 2288//176 2292//176 2294//176
f 2295//176 2287//176 2296//176
f 2295//176 2286//176 2287//176
f 2038//176 2167//176 2043//176
f 2016//1893 2041//1893 2038//1893 2020//1893
f 2060//1894 2161//1894 2082//1894
f 2297//176 2298//176 2293//176
f 2297//176 2293//176 2291//176
f 2299//176 2296//176 2300//176
f 2299//176 2295//176 2296//176
f 2301//176 2282//176 2302//176
f 2303//176 2298//176 2297//176
f 2303//176 2304//176 2298//176
f 2305//176 2302//176 2289//176
f 2305//176 2301//176 2302//176
f 2305//176 2289//176 2288//176
f 2306//176 2300//176 2307//176
f 2306//176 2299//176 2300//176
f 2308//176 2167//176 2282//176
f 2308//176 2282//176 2301//176
f 2309//176 2310//176 2304//176
f 2309//176 2304//176 2303//176
f 2311//176 2305//176 2288//176
f 2312//176 2307//176 2313//176
f 2312//176 2306//176 2307//176
f 2314//176 2310//176 2309//176
f 2314//176 2313//176 2310//176
f 2315//176 2167//176 2308//176
f 2314//176 2312//176 2313//176
f 2316//176 2311//176 2288//176
f 2317//176 2167//176 2315//176
f 2318//176 2316//176 2288//176
f 2318//176 2288//176 2319//176
f 2320//176 2321//176 2167//176
f 2320//176 2167//176 2317//176
f 2322//176 2319//176 2323//176
f 2322//176 2318//176 2319//176
f 2273//176 2321//176 2320//176
f 2273//176 2272//176 2321//176
f 2275//176 2322//176 2323//176
f 2276//176 2275//176 2323//176
f 1976//1895 2183//1895 1957//1895
f 2166//911 2167//911 2194//911
f 2190//912 2288//912 2294//912
f 2189//1896 2288//1896 2190//1896
f 187//1897 2141//1897 2881//1897
f 2290//1898 2289//1898 270//1898 2880//1898
f 2196//1899 2191//1899 2337//1899
f 2294//1900 118//1900 2191//1900
f 2294//1901 2141//1901 118//1901
f 2191//1902 2336//1902 2337//1902
f 1252//1903 1254//1903 2882//1903 2884//1903
f 2191//1904 2190//1904 2294//1904
f 1249//1898 1250//1898 2883//1898 264//1898
f 2609//1905 2798//1905 2799//1905 2610//1905
f 2214//924 2201//924 2196//924
f 2610//1906 2799//1906 2800//1906 290//1906
f 290//1907 2800//1907 2801//1907 2157//1907
f 1250//1908 1252//1908 2884//1908 2883//1908
f 2195//929 2288//929 2189//929
f 2200//1909 2319//1909 2195//1909
f 2195//929 2319//929 2288//929
f 2207//1910 2323//1910 2200//1910
f 2200//1909 2323//1909 2319//1909
f 2207//932 2276//932 2323//932
f 2210//933 2279//933 2207//933
f 2207//933 2279//933 2276//933
f 2187//1911 2291//1911 2210//1911
f 2186//935 2291//935 2187//935
f 2210//934 2291//934 2279//934
f 2186//935 2297//935 2291//935
f 2188//938 2303//938 2186//938
f 2186//937 2303//937 2297//937
f 2199//939 2309//939 2188//939
f 2188//939 2309//939 2303//939
f 2203//940 2314//940 2199//940
f 2199//940 2314//940 2309//940
f 2204//941 2312//941 2203//941
f 2198//942 2312//942 2204//942
f 2203//1912 2312//1912 2314//1912
f 2198//1913 2306//1913 2312//1913
f 2185//943 2299//943 2198//943
f 2198//943 2299//943 2306//943
f 2184//944 2295//944 2185//944
f 2185//944 2295//944 2299//944
f 2213//945 2286//945 2184//945
f 2184//945 2286//945 2295//945
f 2213//946 2277//946 2286//946
f 2209//946 2277//946 2213//946
f 2209//947 2272//947 2277//947
f 2205//947 2272//947 2209//947
f 2205//948 2321//948 2272//948
f 2197//948 2321//948 2205//948
f 2197//950 2167//950 2321//950
f 2194//1914 2167//1914 2197//1914
f 3247//1915 2159//1915 3272//1915
f 3272//164 2159//164 3252//164
f 2361//164 3265//164 3243//164
f 2343//164 2342//164 3268//164
f 1303//212 1178//212 399//212
f 2360//164 3261//164 3256//164
f 3271//164 2360//164 2359//164
f 3260//1892 3263//1892 2340//1892
f 2340//164 3263//164 3244//164
f 2219//1916 2346//1916 2215//1916
f 2361//164 3256//164 3257//164
f 2218//960 2346//960 2219//960
f 2341//164 3266//164 3249//164
f 2215//1917 2346//1917 2344//1917
f 2340//164 3273//164 3260//164
f 2341//164 3243//164 3266//164
f 2341//164 2361//164 3243//164
f 2218//964 2349//964 2346//964
f 2345//164 3270//164 3255//164
f 2221//1918 2350//1918 2218//1918
f 2218//1918 2350//1918 2349//1918
f 2225//1919 2351//1919 2221//1919
f 2230//967 2351//967 2225//967
f 2221//1919 2351//1919 2350//1919
f 2230//967 2352//967 2351//967
f 2233//1920 2353//1920 2230//1920
f 2230//969 2353//969 2352//969
f 2237//971 2354//971 2233//971
f 2233//971 2354//971 2353//971
f 2240//1921 2355//1921 2237//1921
f 2237//1921 2355//1921 2354//1921
f 2243//1922 2356//1922 2240//1922
f 2240//1923 2356//1923 2355//1923
f 2243//1924 2357//1924 2356//1924
f 2217//1925 2357//1925 2243//1925
f 2216//975 2357//975 2217//975
f 2216//975 2358//975 2357//975
f 2502//884 2153//884 3262//884
f 2231//176 1319//176 2246//176
f 2246//176 1320//176 2241//176
f 2241//176 1320//176 1197//176
f 1299//176 3242//176 1300//176
f 1183//176 1301//176 3237//176
f 1204//176 1317//176 1318//176
f 3238//176 1204//176 1318//176
f 2847//212 1303//212 399//212
f 2248//164 2263//164 2261//164
f 2248//164 2261//164 2259//164
f 2159//164 2263//164 2248//164
f 2337//1926 2264//1926 2266//1926
f 2336//1927 2363//1927 2337//1927
f 2337//1928 2363//1928 2264//1928
f 2335//1929 2364//1929 2336//1929
f 2336//1930 2364//1930 2363//1930
f 2334//1931 2365//1931 2335//1931
f 2335//1932 2365//1932 2364//1932
f 2333//1933 2366//1933 2334//1933
f 2334//1934 2366//1934 2365//1934
f 2331//1935 2362//1935 2333//1935
f 2333//1936 2362//1936 2366//1936
f 1291//1937 1322//1937 2331//1937
f 2331//1938 1322//1938 2362//1938
f 2662//1939 2645//1939 1121//1939
f 289//1940 2661//1940 2158//1940
f 2747//1941 2730//1941 1219//1941
f 334//1942 2645//1942 2628//1942
f 2679//1943 2662//1943 1121//1943
f 2645//1944 334//1944 1121//1944
f 1223//1945 1221//1945 2696//1945
f 1217//1946 1215//1946 2764//1946
f 2679//1947 1223//1947 2696//1947
f 1217//1941 2747//1941 1219//1941
f 1223//1948 2679//1948 1121//1948
f 2368//1949 2338//1949 2264//1949
f 2264//1950 2338//1950 2266//1950
f 2367//1951 2339//1951 2368//1951
f 2368//1952 2339//1952 2338//1952
f 2369//1953 2328//1953 2367//1953
f 2367//1954 2328//1954 2339//1954
f 2370//1955 2327//1955 2369//1955
f 2369//1956 2327//1956 2328//1956
f 2371//1957 2329//1957 2370//1957
f 2370//1958 2329//1958 2327//1958
f 2371//1959 2330//1959 2329//1959
f 2372//1960 2332//1960 2371//1960
f 2371//1961 2332//1961 2330//1961
f 2372//1962 1292//1962 2332//1962
f 2258//1963 2729//1963 2746//1963
f 2310//1964 2375//1964 2376//1964
f 2310//1965 2376//1965 2304//1965
f 2313//1966 2377//1966 2375//1966
f 2313//1967 2375//1967 2310//1967
f 2296//1968 2378//1968 2379//1968
f 2307//731 2380//731 2377//731
f 2307//1966 2377//1966 2313//1966
f 2287//1969 2381//1969 2378//1969
f 2287//1968 2378//1968 2296//1968
f 2300//729 2379//729 2380//729
f 2300//731 2380//731 2307//731
f 2296//729 2379//729 2300//729
f 2278//1970 2382//1970 2381//1970
f 2278//1969 2381//1969 2287//1969
f 2271//1971 2383//1971 2382//1971
f 2271//1970 2382//1970 2278//1970
f 2273//1972 2384//1972 2383//1972
f 2273//1971 2383//1971 2271//1971
f 2320//1973 2385//1973 2384//1973
f 2320//1972 2384//1972 2273//1972
f 2317//1974 2386//1974 2385//1974
f 2317//1973 2385//1973 2320//1973
f 2315//1975 2387//1975 2386//1975
f 2315//1974 2386//1974 2317//1974
f 2308//1976 2388//1976 2387//1976
f 2308//1977 2387//1977 2315//1977
f 2301//1978 2389//1978 2388//1978
f 2301//1976 2388//1976 2308//1976
f 2305//1979 2390//1979 2389//1979
f 2305//1978 2389//1978 2301//1978
f 2311//1980 2391//1980 2390//1980
f 2311//1981 2390//1981 2305//1981
f 2316//1980 2391//1980 2311//1980
f 2316//1982 2392//1982 2391//1982
f 2318//1982 2392//1982 2316//1982
f 2318//1983 2393//1983 2392//1983
f 2322//1983 2393//1983 2318//1983
f 2322//1984 2394//1984 2393//1984
f 2275//1984 2394//1984 2322//1984
f 2275//1985 2395//1985 2394//1985
f 2274//1986 2396//1986 2395//1986
f 2274//1985 2395//1985 2275//1985
f 2280//1987 2397//1987 2396//1987
f 2280//1986 2396//1986 2274//1986
f 2293//1988 2398//1988 2397//1988
f 2293//1987 2397//1987 2280//1987
f 2298//1989 2399//1989 2398//1989
f 2298//1988 2398//1988 2293//1988
f 2304//1965 2376//1965 2399//1965
f 2304//1989 2399//1989 2298//1989
f 2389//164 2400//164 2388//164
f 2387//164 2400//164 2374//164
f 2387//164 2388//164 2400//164
f 2390//164 2400//164 2389//164
f 2386//164 2387//164 2374//164
f 2391//164 2400//164 2390//164
f 2385//164 2386//164 2374//164
f 2392//164 2400//164 2391//164
f 2326//164 2400//164 2392//164
f 2384//164 2385//164 2374//164
f 2393//164 2326//164 2392//164
f 2383//164 2384//164 2374//164
f 2394//164 2326//164 2393//164
f 2395//164 2326//164 2394//164
f 2396//164 2326//164 2395//164
f 2373//164 2378//164 2381//164
f 2373//164 2381//164 2382//164
f 2373//164 2382//164 2383//164
f 2373//164 2383//164 2374//164
f 2379//164 2378//164 2373//164
f 2325//164 2396//164 2397//164
f 2325//164 2397//164 2398//164
f 2325//164 2398//164 2399//164
f 2325//164 2399//164 2376//164
f 2325//164 2326//164 2396//164
f 2324//164 2376//164 2375//164
f 2324//164 2375//164 2377//164
f 2324//164 2377//164 2380//164
f 2324//164 2380//164 2379//164
f 2324//164 2325//164 2376//164
f 2324//164 2379//164 2373//164
f 2372//1990 2401//1990 1292//1990
f 653//1991 648//1991 2561//1991
f 2523//1992 1105//1992 2529//1992
f 662//1993 666//1993 2521//1993
f 653//1994 2561//1994 2560//1994
f 2569//1995 2559//1995 690//1995
f 912//1996 849//1996 2565//1996
f 2524//1997 2519//1997 1107//1997
f 1102//844 2520//844 1105//844
f 689//1998 2576//1998 2569//1998
f 2528//1999 2524//1999 662//1999
f 2576//2000 689//2000 871//2000
f 918//2001 2585//2001 2586//2001
f 2579//2002 2572//2002 912//2002
f 918//2003 585//2003 2585//2003
f 667//2004 662//2004 2524//2004
f 2587//2005 2562//2005 780//2005
f 2563//2006 2521//2006 666//2006
f 1102//2007 1107//2007 2517//2007
f 912//2008 2565//2008 2579//2008
f 1108//2009 1104//2009 2523//2009
f 780//2010 903//2010 2575//2010
f 871//2011 2560//2011 2588//2011
f 1103//2012 2591//2012 1100//2012
f 837//2013 2567//2013 648//2013
f 585//2014 2558//2014 2585//2014
f 2573//2015 916//2015 2586//2015
f 2435//176 2408//176 2405//176
f 2435//176 2405//176 2433//176
f 2440//176 2441//176 2414//176
f 2440//176 2414//176 2413//176
f 2431//176 2408//176 2435//176
f 2431//176 2407//176 2408//176
f 2439//176 2440//176 2413//176
f 2439//176 2413//176 2412//176
f 2423//176 2448//176 2449//176
f 2430//176 2407//176 2431//176
f 2430//176 2406//176 2407//176
f 2438//176 2439//176 2412//176
f 2422//176 2447//176 2448//176
f 2422//176 2448//176 2423//176
f 2438//176 2412//176 2411//176
f 2424//176 2449//176 2450//176
f 2424//176 2423//176 2449//176
f 2434//176 2406//176 2430//176
f 2434//176 2409//176 2406//176
f 2421//176 2446//176 2447//176
f 2421//176 2447//176 2422//176
f 2437//176 2438//176 2411//176
f 2437//176 2411//176 2410//176
f 2425//176 2450//176 2451//176
f 2436//176 2437//176 2410//176
f 2425//176 2424//176 2450//176
f 2436//176 2410//176 2409//176
f 2436//176 2409//176 2434//176
f 2420//176 2445//176 2446//176
f 2420//176 2446//176 2421//176
f 2426//176 2451//176 2427//176
f 2426//176 2425//176 2451//176
f 2418//176 2444//176 2445//176
f 2418//176 2445//176 2420//176
f 2403//176 2427//176 2428//176
f 2403//176 2426//176 2427//176
f 2419//176 2444//176 2418//176
f 2429//176 2403//176 2428//176
f 2443//176 2444//176 2419//176
f 2402//176 2403//176 2429//176
f 2417//176 2443//176 2419//176
f 2432//176 2404//176 2402//176
f 2432//176 2402//176 2429//176
f 2442//176 2443//176 2417//176
f 2442//176 2417//176 2416//176
f 2433//176 2404//176 2432//176
f 2433//176 2405//176 2404//176
f 2441//176 2416//176 2415//176
f 2441//176 2415//176 2414//176
f 2441//176 2442//176 2416//176
f 1860//2016 2166//2016 1601//2016
f 2052//2017 2043//2017 2167//2017
f 2052//2018 2167//2018 2053//2018
f 2051//2019 2053//2019 2167//2019
f 2166//2020 2051//2020 2167//2020
f 1130//164 1245//164 979//164
f 2167//176 2042//176 2007//176
f 2167//176 2040//176 2042//176
f 2167//176 2039//176 2040//176
f 2167//176 2038//176 2041//176
f 2167//176 2041//176 2039//176
f 2124//2021 2163//2021 2161//2021 2060//2021
f 1852//2022 2163//2022 2124//2022
f 1644//1600 1640//1600 2060//1600
f 1852//2023 2124//2023 1640//2023
f 1645//1605 1853//1605 1852//1605
f 1648//2024 1646//2024 2098//2024
f 1649//2025 2065//2025 2098//2025
f 1648//2026 2098//2026 2101//2026
f 1653//2027 2079//2027 2056//2027
f 1874//2028 2078//2028 2079//2028
f 1661//2029 1657//2029 1960//2029
f 1960//2030 1984//2030 1661//2030
f 1967//2031 1972//2031 1879//2031
f 1657//2032 1662//2032 1954//2032
f 1662//2033 1880//2033 1948//2033
f 1849//1641 1667//1641 2058//1641
f 2090//1641 2058//1641 1667//1641
f 1671//2034 2083//2034 2088//2034
f 1675//2035 2088//2035 2078//2035
f 2083//2036 1671//2036 2111//2036
f 1676//2037 2089//2037 2111//2037
f 1885//2038 2087//2038 2089//2038
f 1968//2039 1978//2039 1684//2039
f 1880//2040 1684//2040 1982//2040
f 1978//2041 1982//2041 1684//2041
f 1680//2042 1977//2042 1950//2042
f 1681//2043 1977//2043 1677//2043
f 1681//2044 1888//2044 1949//2044
f 1690//2045 1687//2045 2074//2045
f 2094//2046 2074//2046 1687//2046
f 1685//2047 1973//2047 1969//2047
f 1688//2048 2059//2048 1973//2048
f 2059//2049 1688//2049 1873//2049
f 1873//2050 2101//2050 2113//2050
f 1965//2051 1975//2051 1698//2051
f 1885//2052 1698//2052 1987//2052
f 1975//2053 1987//2053 1698//2053
f 2123//2054 2087//2054 1885//2054
f 1965//2055 1694//2055 1983//2055
f 1699//2056 1958//2056 1983//2056
f 1699//2057 1879//2057 1972//2057
f 1979//2058 1703//2058 1966//2058
f 1704//2059 1883//2059 1966//2059
f 1971//2060 1949//2060 1888//2060
f 1700//2061 1703//2061 1956//2061
f 1664//2062 1663//2062 1976//2062
f 1883//2063 1664//2063 1957//2063
f 1974//2064 1971//2064 1702//2064
f 2099//2065 1667//2065 1665//2065
f 2116//2066 2077//2066 1921//2066
f 1853//1807 1921//1807 2077//1807
f 2086//2067 1666//2067 1884//2067
f 2118//2068 2085//2068 1666//2068
f 1665//2069 1666//2069 2085//2069
f 1667//2070 2099//2070 2120//2070
f 1957//2071 2183//2071 2182//2071 1966//2071
f 1966//2072 2182//2072 1979//2072
f 1979//2073 2182//2073 1956//2073
f 1956//2074 2182//2074 2181//2074 1974//2074
f 1974//2075 2181//2075 1971//2075
f 1971//2076 2181//2076 2180//2076 1949//2076
f 1949//2077 2180//2077 1977//2077
f 1977//2078 2180//2078 2179//2078 1950//2078
f 1950//2079 2179//2079 1968//2079
f 1968//2080 2179//2080 1978//2080
f 1978//2079 2179//2079 1982//2079
f 1982//2081 2179//2081 2178//2081 1948//2081
f 1948//2082 2178//2082 1954//2082
f 1954//2082 2178//2082 1960//2082
f 1960//2083 2178//2083 1984//2083
f 1984//2084 2178//2084 2177//2084 1967//2084
f 1967//2085 2177//2085 1972//2085
f 1972//2086 2177//2086 1958//2086
f 1958//2087 2177//2087 1983//2087
f 1983//2088 2177//2088 2176//2088 1965//2088
f 1965//2089 2176//2089 1975//2089
f 1975//2090 2176//2090 1987//2090
f 1987//2091 2176//2091 2175//2091 2123//2091
f 2123//2092 2175//2092 2174//2092 2087//2092
f 2087//2093 2174//2093 2089//2093
f 2089//2094 2174//2094 2173//2094 2111//2094
f 2111//2095 2173//2095 2083//2095
f 2083//2096 2173//2096 2088//2096
f 2088//2097 2173//2097 2172//2097 2078//2097
f 2078//2098 2172//2098 2079//2098
f 2079//2099 2172//2099 2171//2099 2056//2099
f 2056//2100 2171//2100 2065//2100
f 2065//2101 2171//2101 2098//2101
f 2098//2102 2171//2102 2101//2102
f 2101//2103 2171//2103 2170//2103 2113//2103
f 2113//2104 2170//2104 2059//2104
f 2059//2105 2170//2105 1973//2105
f 1973//2106 2170//2106 2169//2106 1969//2106
f 1969//2107 2169//2107 2094//2107
f 2094//2108 2169//2108 2074//2108
f 2074//2109 2169//2109 2168//2109 2086//2109
f 2086//2110 2168//2110 2118//2110
f 2118//2111 2168//2111 2085//2111
f 2085//2112 2168//2112 2165//2112 2099//2112
f 2099//2113 2165//2113 2120//2113
f 2120//2114 2165//2114 2090//2114
f 2090//2115 2165//2115 2058//2115
f 2058//2116 2165//2116 2164//2116 2116//2116
f 2116//2117 2164//2117 2077//2117
f 2077//2118 2164//2118 2163//2118 1852//2118
f 2105//884 2106//884 2155//884
f 1400//2119 1397//2119 1420//2119
f 1400//2120 1420//2120 1410//2120
f 1420//2121 1397//2121 1418//2121
f 1407//2122 22//2122 1409//2122
f 1415//2123 1404//2123 23//2123
f 22//2124 1407//2124 24//2124
f 1403//2125 21//2125 1402//2125
f 1403//2126 1411//2126 1419//2126
f 1720//2127 1435//2127 2091//2127
f 1440//2128 2091//2128 1435//2128
f 2121//2129 2073//2129 1720//2129
f 2091//1240 1440//1240 2108//1240
f 1754//1240 2076//1240 1440//1240
f 1444//2130 2061//2130 2097//2130
f 1765//2131 1448//2131 2114//2131
f 2114//2132 2096//2132 1765//2132
f 2061//2133 1444//2133 2119//2133
f 1449//2134 2084//2134 2119//2134
f 1760//2135 2070//2135 2084//2135
f 1955//2136 1961//2136 1473//2136
f 1776//1297 1473//1297 1961//1297
f 1986//1297 1970//1297 1776//1297
f 1955//2137 1469//2137 1981//2137
f 1474//2138 1947//2138 1981//2138
f 1947//2139 1474//2139 2127//2139
f 1765//2140 2096//2140 2127//2140
f 1754//2141 1485//2141 2067//2141
f 2067//2142 2125//2142 1754//2142
f 1488//2143 2100//2143 2102//2143
f 1760//2144 1492//2144 2070//2144
f 2122//2145 2070//2145 1492//2145
f 2100//2146 1488//2146 1493//2146
f 1493//2147 2092//2147 2104//2147
f 2092//2148 1493//2148 1773//2148
f 1773//2149 1893//2149 2092//2149
f 1502//2150 1714//2150 1715//2150
f 1502//1350 1776//1350 1970//1350
f 1713//2151 1712//2151 1424//2151
f 1985//2152 1980//2152 1716//2152
f 1716//2153 1715//2153 1985//2153
f 1712//2154 1711//2154 1951//2154
f 1892//2155 1716//2155 1980//2155
f 1403//2156 1708//2156 1891//2156
f 1891//2157 1713//2157 1423//2157
f 1988//2158 1951//2158 1711//2158
f 1711//2158 1892//2158 1988//2158
f 2105//2159 2067//2159 1485//2159
f 1485//2160 2075//2160 2106//2160
f 2107//2161 2103//2161 1717//2161
f 1717//2162 1894//2162 2107//2162
f 2109//2163 2068//2163 1893//2163
f 1893//2164 1719//2164 2109//2164
f 2069//2165 2110//2165 1718//2165
f 1964//2166 1719//2166 2110//2166
f 2115//2167 2054//2167 1894//2167
f 1894//2168 1721//2168 2080//2168
f 2117//2169 2080//2169 1721//2169
f 1721//2170 1720//2170 2117//2170
f 2126//2171 2069//2171 1718//2171
f 1718//2172 1717//2172 2126//2172
f 2219//164 2215//164 1417//164 2453//164
f 2110//951 2069//951 2487//951 2506//951
f 2102//1169 2100//1169 2498//1169 2499//1169
f 2076//1170 2125//1170 2513//1170 2490//1170
f 1961//1171 1955//1171 2472//1171 2473//1171
f 2125//2173 2067//2173 2485//2173 2513//2173
f 1714//1173 1970//1173 2476//1173 2468//1173
f 2061//2174 2119//2174 2510//2174 2483//2174
f 2069//951 2126//951 2514//951 2487//951
f 1424//1174 1951//1174 2470//1174 2467//1174
f 2119//878 2084//878 2492//878 2510//878
f 2126//2175 2103//2175 2500//2175 2514//2175
f 1955//2176 1981//2176 2478//2176 2472//2176
f 1947//1175 2127//1175 2515//1175 2469//1175
f 1419//1176 1422//1176 2465//1176 2456//1176
f 1981//2177 1947//2177 2469//2177 2478//2177
f 1951//1178 1988//1178 2481//1178 2470//1178
f 2127//1179 2096//1179 2496//1179 2515//1179
f 1988//1187 1963//1187 2474//1187 2481//1187
f 2096//1179 2114//1179 2507//1179 2496//1179
f 2114//2178 2097//2178 2497//2178 2507//2178
f 2084//956 2070//956 2488//956 2492//956
f 1953//1182 1714//1182 2468//1182 2471//1182
f 25//2179 1408//2179 1415//2179
f 2054//2180 2115//2180 2508//2180 2482//2180
f 2100//1169 2104//1169 2501//1169 2498//1169
f 2073//2181 2121//2181 2511//2181 2489//2181
f 26//2182 1409//2182 22//2182
f 2115//978 2080//978 2491//978 2508//978
f 2104//875 2092//875 2494//875 2501//875
f 2121//2183 2091//2183 2493//2183 2511//2183
f 2093//875 2068//875 2486//875 2495//875
f 2067//871 2105//871 2502//871 2485//871
f 2070//2184 2122//2184 2512//2184 2488//2184
f 1412//2185 1409//2185 26//2185
f 1980//1187 1985//1187 2479//1187 2477//1187
f 2122//1169 2102//1169 2499//1169 2512//1169
f 1985//1188 1953//1188 2471//1188 2479//1188
f 2103//2186 2107//2186 2503//2186 2500//2186
f 1423//1190 1424//1190 2467//1190 2466//1190
f 2066//870 2073//870 2489//870 2484//870
f 2107//881 2054//881 2482//881 2503//881
f 2097//885 2061//885 2483//885 2497//885
f 2092//875 2093//875 2495//875 2494//875
f 2091//954 2108//954 2504//954 2493//954
f 2117//870 2066//870 2484//870 2509//870
f 2108//2187 2076//2187 2490//2187 2504//2187
f 2080//873 2117//873 2509//873 2491//873
f 2068//875 2109//875 2505//875 2486//875
f 1422//1193 1423//1193 2466//1193 2465//1193
f 1420//2188 1418//2188 2453//2188
f 2109//879 1964//879 2475//879 2505//879
f 1970//2189 1986//2189 2480//2189 2476//2189
f 1986//2190 1961//2190 2473//2190 2480//2190
f 1421//2191 1419//2191 2456//2191 2461//2191
f 1964//1196 2110//1196 2506//1196 2475//1196
f 1963//2192 1980//2192 2477//2192 2474//2192
f 2159//164 2347//164 3264//164
f 1117//860 1122//860 334//860
f 2463//164 2459//164 2221//164
f 2469//164 2217//164 2243//164
f 2233//164 2230//164 2467//164
f 3252//164 2159//164 3264//164
f 2361//164 2360//164 3256//164
f 2345//164 3255//164 3264//164
f 3249//164 3273//164 2341//164
f 2342//164 3267//164 3253//164
f 2348//164 2347//164 2159//164
f 3251//164 3270//164 2343//164
f 2112//2193 2082//2193 2226//2193 2222//2193
f 2343//164 3268//164 3246//164
f 2221//164 2218//164 2462//164
f 2230//164 2225//164 2456//164
f 2361//164 3257//164 3248//164
f 2342//164 2340//164 3267//164
f 2342//164 3253//164 3268//164
f 1117//860 334//860 2152//860
f 2218//164 2219//164 2454//164
f 1319//176 3240//176 1318//176
f 2361//164 3248//164 3265//164
f 2248//164 2348//164 2159//164
f 2227//176 2234//176 1299//176
f 3242//176 1194//176 1300//176
f 3236//176 1301//176 1183//176
f 1320//176 1300//176 1210//176
f 1304//176 3239//176 1302//176
f 3262//164 2159//164 3247//164
f 2057//860 2071//860 2232//860 2244//860
f 2055//860 2081//860 2228//860 2245//860
f 2095//860 1643//860 2458//860 2224//860
f 2072//860 2064//860 2236//860 2150//860
f 1643//860 2062//860 2242//860 2458//860
f 2075//860 2063//860 2239//860 2155//860
f 2071//860 2072//860 2150//860 2232//860
f 2081//860 2095//860 2224//860 2228//860
f 2063//860 2057//860 2244//860 2239//860
f 2062//860 2112//860 2222//860 2242//860
f 2064//860 2055//860 2245//860 2236//860
f 2226//176 2188//176 2222//176
f 2193//176 2236//176 2192//176
f 2206//176 2236//176 2193//176
f 2224//176 2458//176 2187//176
f 2186//176 2242//176 2222//176
f 2226//176 2161//176 2188//176
f 2188//176 2186//176 2222//176
f 2242//176 2186//176 2187//176
f 2206//2194 2150//2194 2236//2194
f 2192//176 2236//176 2245//176
f 2228//176 2192//176 2245//176
f 2458//176 2242//176 2187//176
f 786//2195 2522//2195 2533//2195
f 2525//2196 787//2196 2516//2196
f 1876//2197 2129//2197 2543//2197
f 2544//2198 1911//2198 1792//2198
f 1932//2199 1924//2199 1877//2199
f 2548//2200 1910//2200 2540//2200
f 2554//2201 1792//2201 1793//2201
f 1940//2202 1932//2202 1696//2202
f 1877//2203 1924//2203 1944//2203
f 1935//2204 1660//2204 1944//2204
f 1660//2205 1935//2205 1655//2205
f 1843//2206 1655//2206 1935//2206
f 2541//2207 2549//2207 2130//2207
f 2551//2208 1794//2208 2548//2208
f 1614//2209 1939//2209 1611//2209
f 1945//2210 1938//2210 1613//2210
f 1614//2211 1618//2211 1939//2211
f 1613//2212 1611//2212 1945//2212
f 2538//2213 2535//2213 2145//2213
f 2546//2214 2135//2214 2536//2214
f 2549//2215 2128//2215 2130//2215
f 1922//2216 1941//2216 1613//2216
f 1617//2217 1613//2217 1941//2217
f 2541//2218 2130//2218 2550//2218
f 1797//2219 1911//2219 2550//2219
f 2145//2220 1591//2220 2537//2220
f 2128//2221 2537//2221 1591//2221
f 2134//2222 2547//2222 2539//2222
f 2134//2223 2131//2223 2547//2223
f 2137//2224 2545//2224 2547//2224
f 2142//2225 2145//2225 2535//2225
f 2535//2226 2536//2226 2142//2226
f 2135//2227 2140//2227 2536//2227
f 2553//2228 1933//2228 1697//2228
f 2544//2229 2550//2229 1911//2229
f 2548//2230 1794//2230 1910//2230
f 1793//2231 2551//2231 2554//2231
f 2554//2201 2544//2201 1792//2201
f 2551//2232 1793//2232 1794//2232
f 2546//2233 2137//2233 2135//2233
f 2549//2234 2537//2234 2128//2234
f 2542//2235 2324//2235 2553//2235
f 2553//2235 2324//2235 2373//2235 1933//2235
f 1933//2236 2373//2236 1940//2236
f 1940//2236 2373//2236 1932//2236
f 1932//2237 2373//2237 1924//2237
f 1924//2236 2373//2236 1944//2236
f 1944//2238 2373//2238 1935//2238
f 1935//2239 2373//2239 1942//2239
f 1942//2240 2373//2240 1930//2240
f 1930//2241 2373//2241 1927//2241
f 1927//2241 2373//2241 2374//2241 1929//2241
f 1929//2242 2374//2242 1937//2242
f 1937//2241 2374//2241 1939//2241
f 1939//2239 2374//2239 1945//2239
f 1945//2243 2374//2243 1938//2243
f 1938//2244 2374//2244 1922//2244
f 1922//2244 2374//2244 1941//2244
f 1941//2244 2374//2244 1931//2244
f 1931//2244 2374//2244 2400//2244 1925//2244
f 1925//2244 2400//2244 1923//2244
f 1923//2244 2400//2244 1943//2244
f 1943//2244 2400//2244 1946//2244
f 1946//2245 2400//2245 1936//2245
f 1936//2246 2400//2246 1928//2246
f 1928//2246 2400//2246 1934//2246
f 1934//2246 2400//2246 1926//2246
f 1926//2246 2400//2246 2326//2246 2540//2246
f 2540//1982 2326//1982 2548//1982
f 2548//1982 2326//1982 2551//1982
f 2551//2247 2326//2247 2554//2247
f 2554//2248 2326//2248 2544//2248
f 2544//2248 2326//2248 2550//2248
f 2550//2249 2326//2249 2541//2249
f 2541//2248 2326//2248 2325//2248 2549//2248
f 2549//2250 2325//2250 2537//2250
f 2537//2251 2325//2251 2538//2251
f 2538//2248 2325//2248 2535//2248
f 2535//2252 2325//2252 2536//2252
f 2536//2253 2325//2253 2546//2253
f 2546//2254 2325//2254 2545//2254
f 2545//2253 2325//2253 2547//2253
f 2547//2253 2325//2253 2324//2253 2539//2253
f 2539//2253 2324//2253 2534//2253
f 2534//2253 2324//2253 2543//2253
f 2543//2253 2324//2253 2555//2253
f 2555//2255 2324//2255 2552//2255
f 2552//2236 2324//2236 2542//2236
f 1260//729 2408//729 2407//729 1256//729
f 1256//1968 2407//1968 2406//1968 1247//1968
f 1247//1969 2406//1969 2409//1969 1238//1969
f 1238//1970 2409//1970 2410//1970 1231//1970
f 1231//1971 2410//1971 2411//1971 1233//1971
f 1233//1972 2411//1972 2412//1972 1280//1972
f 1280//1973 2412//1973 2413//1973 1277//1973
f 1277//1974 2413//1974 2414//1974 1275//1974
f 1275//1977 2414//1977 2415//1977 1268//1977
f 1268//1976 2415//1976 2416//1976 1261//1976
f 1261//1978 2416//1978 2417//1978 1265//1978
f 1265//1979 2417//1979 2419//1979 1271//1979
f 1271//1980 2419//1980 2418//1980 1276//1980
f 1276//1982 2418//1982 2420//1982 1278//1982
f 1278//1983 2420//1983 2421//1983 1282//1983
f 1282//2256 2421//2256 2422//2256 1235//2256
f 1235//2257 2422//2257 2423//2257 1234//2257
f 1234//1986 2423//1986 2424//1986 1240//1986
f 1240//1987 2424//1987 2425//1987 1253//1987
f 1253//1988 2425//1988 2426//1988 1258//1988
f 1258//1989 2426//1989 2403//1989 1264//1989
f 1264//1965 2403//1965 2402//1965 1270//1965
f 1270//1967 2402//1967 2404//1967 1273//1967
f 1273//1966 2404//1966 2405//1966 1267//1966
f 1267//731 2405//731 2408//731 1260//731
f 2208//2258 2202//2258 2139//2258 2136//2258
f 2193//2259 2192//2259 2144//2259 2143//2259
f 2211//2260 2208//2260 2136//2260 2133//2260
f 1175//2261 1155//2261 2144//2261 2132//2261
f 2206//2262 2193//2262 2143//2262 2138//2262
f 1174//2263 1175//2263 2132//2263 2133//2263
f 1155//2259 1156//2259 2143//2259 2144//2259
f 2192//2261 2212//2261 2132//2261 2144//2261
f 1165//2264 1171//2264 2136//2264 2139//2264
f 1171//2260 1174//2260 2133//2260 2136//2260
f 1156//2262 1169//2262 2138//2262 2143//2262
f 2212//2263 2211//2263 2133//2263 2132//2263
f 2148//867 2138//867 1169//867
f 2148//867 2206//867 2138//867
f 2294//1903 2292//1903 2881//1903 2141//1903
f 2285//176 2167//176 2007//176
f 2292//1908 2290//1908 2880//1908 2881//1908
f 1724//1378 1895//1378 2049//1378
f 717//2265 1021//2265 889//2265
f 783//2266 2581//2266 2582//2266
f 2528//731 2521//731 2433//731
f 784//2267 2583//2267 785//2267
f 903//2268 2556//2268 2575//2268
f 784//2269 2570//2269 2574//2269
f 2524//1966 2528//1966 2433//1966
f 2519//2270 2524//2270 2433//2270 2432//2270
f 2517//2271 2519//2271 2432//2271
f 2520//2272 2517//2272 2432//2272 2429//2272
f 2529//1967 2520//1967 2429//1967
f 2523//1965 2529//1965 2429//1965 2428//1965
f 2527//1965 2523//1965 2428//1965
f 2530//1965 2527//1965 2428//1965
f 786//2273 905//2273 2522//2273
f 2589//2274 2522//2274 905//2274
f 2557//2275 837//2275 838//2275
f 2584//2276 2565//2276 849//2276
f 2580//2277 2567//2277 837//2277
f 784//2278 783//2278 2570//2278
f 903//2279 785//2279 2556//2279
f 784//2267 2574//2267 2583//2267
f 2556//2280 785//2280 2583//2280
f 904//2281 2581//2281 783//2281
f 606//2282 2571//2282 849//2282
f 2559//2283 2569//2283 2430//2283 2431//2283
f 2582//2284 2570//2284 783//2284
f 904//2281 2568//2281 2581//2281
f 2525//2285 788//2285 787//2285
f 787//2286 786//2286 2516//2286
f 2580//2277 837//2277 2564//2277
f 2533//2287 2516//2287 786//2287
f 1103//2288 2526//2288 2591//2288
f 788//2289 2525//2289 2590//2289
f 2568//2290 904//2290 788//2290
f 2578//2291 881//2291 2577//2291
f 690//2292 2559//2292 2577//2292
f 2584//2293 849//2293 2571//2293
f 2563//2294 881//2294 2578//2294
f 2557//2295 2564//2295 837//2295
f 2557//2296 838//2296 2572//2296
f 1110//2297 2518//2297 2532//2297
f 2532//2297 2526//2297 1110//2297
f 1101//2298 1110//2298 2526//2298
f 2589//2299 905//2299 1100//2299
f 1108//2300 2530//2300 2531//2300
f 2531//848 2518//848 1110//848
f 1108//2301 2527//2301 2530//2301
f 2562//2302 917//2302 780//2302
f 1105//2303 2523//2303 1104//2303
f 2569//2304 2576//2304 2434//2304 2430//2304
f 2576//2304 2588//2304 2434//2304
f 2588//2305 2560//2305 2434//2305
f 2560//2306 2561//2306 2436//2306 2434//2306
f 2561//2307 2567//2307 2436//2307
f 2567//2307 2580//2307 2436//2307
f 2580//1971 2564//1971 2436//1971
f 2564//2308 2557//2308 2436//2308
f 2557//1971 2572//1971 2437//1971 2436//1971
f 2572//2309 2579//2309 2437//2309
f 2579//2310 2565//2310 2438//2310 2437//2310
f 2565//2310 2584//2310 2438//2310
f 2584//2311 2571//2311 2439//2311 2438//2311
f 2571//2312 2573//2312 2439//2312
f 2573//1974 2586//1974 2440//1974 2439//1974
f 2586//1977 2585//1977 2441//1977 2440//1977
f 2585//1976 2558//1976 2441//1976
f 2558//2313 2566//2313 2442//2313 2441//2313
f 2566//2314 917//2314 2442//2314
f 917//2315 2562//2315 2443//2315 2442//2315
f 2562//1978 2587//1978 2443//1978
f 2587//2316 2575//2316 2443//2316
f 2575//1979 2556//1979 2444//1979 2443//1979
f 2556//1979 2583//1979 2444//1979
f 2583//2317 2574//2317 2444//2317
f 2574//1980 2570//1980 2445//1980 2444//1980
f 2570//2318 2582//2318 2445//2318
f 2582//2246 2581//2246 2446//2246 2445//2246
f 2581//1983 2568//1983 2447//1983 2446//1983
f 2568//1983 2590//1983 2447//1983
f 2590//2319 2525//2319 2447//2319
f 2525//2256 2516//2256 2448//2256 2447//2256
f 2516//2320 2533//2320 2448//2320
f 2533//1985 2522//1985 2448//1985
f 2522//2321 2589//2321 2449//2321 2448//2321
f 2589//2322 1100//2322 2449//2322
f 1100//2323 2591//2323 2450//2323 2449//2323
f 2591//1987 2526//1987 2450//1987
f 2526//1987 2532//1987 2451//1987 2450//1987
f 2532//1988 2518//1988 2451//1988
f 2518//2324 2531//2324 2427//2324 2451//2324
f 2531//1989 2530//1989 2428//1989 2427//1989
f 606//2325 916//2325 2571//2325
f 2566//2326 585//2326 782//2326
f 781//2327 917//2327 782//2327
f 378//176 1308//176 1305//176
f 378//176 1309//176 1308//176
f 378//176 1310//176 1309//176
f 378//176 1311//176 1310//176
f 344//176 347//176 378//176
f 1318//176 366//176 1319//176
f 347//176 351//176 378//176
f 353//176 356//176 1313//176
f 367//176 364//176 1301//176
f 348//176 1213//176 1214//176
f 350//176 1216//176 1218//176
f 353//176 1311//176 378//176
f 1315//176 1314//176 356//176
f 356//176 361//176 1315//176
f 356//176 1314//176 1313//176
f 366//176 1317//176 361//176
f 366//176 368//176 1319//176
f 368//176 367//176 1300//176
f 336//176 342//176 338//176
f 364//176 358//176 1302//176
f 336//176 348//176 342//176
f 358//176 355//176 1306//176
f 361//176 1316//176 1315//176
f 297//164 291//164 293//164
f 353//176 1313//176 1312//176
f 1318//176 1317//176 366//176
f 1317//176 1316//176 361//176
f 1214//176 2958//176 348//176
f 2902//2328 2903//2328 2960//2328
f 350//176 1218//176 1220//176
f 1319//176 368//176 1320//176
f 1320//176 368//176 1300//176
f 350//176 348//176 1216//176
f 1300//176 367//176 1299//176
f 352//176 350//176 1211//176
f 350//176 1220//176 1211//176
f 1299//176 367//176 1301//176
f 1213//176 348//176 336//176
f 1301//176 364//176 1302//176
f 2249//211 2253//211 2250//211 2252//211
f 1302//176 358//176 1304//176
f 1304//176 358//176 1306//176
f 353//176 1312//176 1311//176
f 1306//176 355//176 1307//176
f 1307//176 355//176 1211//176
f 355//176 352//176 1211//176
f 351//176 353//176 378//176
f 379//164 2344//164 2346//164
f 379//164 2346//164 2349//164
f 379//164 2349//164 2350//164
f 379//164 2350//164 2351//164
f 379//164 2351//164 2352//164
f 2352//164 308//164 379//164
f 2353//164 308//164 2352//164
f 2354//164 308//164 2353//164
f 313//164 2343//164 2345//164
f 307//164 310//164 2248//164
f 308//164 306//164 379//164
f 306//164 302//164 379//164
f 2358//164 322//164 316//164
f 2357//164 316//164 2356//164
f 311//164 308//164 2354//164
f 2357//164 2358//164 316//164
f 322//164 2359//164 2360//164
f 2358//164 2359//164 322//164
f 324//164 2360//164 2361//164
f 323//164 2340//164 2342//164
f 323//164 2341//164 2340//164
f 305//164 2255//164 303//164
f 320//164 2342//164 2343//164
f 313//164 320//164 2343//164
f 323//164 324//164 2341//164
f 313//164 2345//164 2347//164
f 302//164 299//164 379//164
f 2355//164 311//164 2354//164
f 324//164 2361//164 2341//164
f 2259//164 305//164 2248//164
f 310//164 313//164 2347//164
f 320//164 323//164 2342//164
f 2355//164 2356//164 311//164
f 316//164 311//164 2356//164
f 324//164 322//164 2360//164
f 310//164 2348//164 2248//164
f 310//164 2347//164 2348//164
f 2255//164 305//164 2257//164
f 305//164 307//164 2248//164
f 2257//164 305//164 2259//164
f 2678//2329 2695//2329 2158//2329
f 2260//2330 2262//2330 2712//2330
f 2260//2331 2712//2331 2729//2331
f 2256//2332 2763//2332 2780//2332
f 289//2333 309//2333 2644//2333
f 2258//2334 2260//2334 2729//2334
f 2661//2335 289//2335 2644//2335
f 318//2336 357//2336 2605//2336 288//2336
f 2612//2337 2611//2337 2628//2337 2629//2337
f 2629//2338 2628//2338 2645//2338 2646//2338
f 2646//2339 2645//2339 2662//2339 2663//2339
f 2663//2340 2662//2340 2679//2340 2680//2340
f 2680//2341 2679//2341 2696//2341 2697//2341
f 2697//2342 2696//2342 2713//2342 2714//2342
f 2714//2343 2713//2343 2730//2343 2731//2343
f 2731//2344 2730//2344 2747//2344 2748//2344
f 2748//2345 2747//2345 2764//2345 2765//2345
f 2746//2346 2763//2346 2258//2346
f 371//2347 370//2347 2599//2347 2598//2347
f 2613//2348 2612//2348 2629//2348 2630//2348
f 2630//2349 2629//2349 2646//2349 2647//2349
f 2647//2350 2646//2350 2663//2350 2664//2350
f 2664//2351 2663//2351 2680//2351 2681//2351
f 2681//2352 2680//2352 2697//2352 2698//2352
f 2698//2353 2697//2353 2714//2353 2715//2353
f 2715//2354 2714//2354 2731//2354 2732//2354
f 2732//2355 2731//2355 2748//2355 2749//2355
f 2749//2356 2748//2356 2765//2356 2766//2356
f 132//2357 133//2357 2942//2357 2939//2357
f 2644//2358 309//2358 2627//2358
f 326//2359 327//2359 2610//2359 290//2359
f 2614//2360 2613//2360 2630//2360 2631//2360
f 2631//2361 2630//2361 2647//2361 2648//2361
f 2648//2362 2647//2362 2664//2362 2665//2362
f 2665//2363 2664//2363 2681//2363 2682//2363
f 2682//2364 2681//2364 2698//2364 2699//2364
f 2699//2365 2698//2365 2715//2365 2716//2365
f 2716//2366 2715//2366 2732//2366 2733//2366
f 2733//2367 2732//2367 2749//2367 2750//2367
f 2750//2368 2749//2368 2766//2368 2767//2368
f 133//2369 134//2369 2943//2369 2942//2369
f 2661//2370 2678//2370 2158//2370
f 363//2371 365//2371 2600//2371 2601//2371
f 2615//2372 2614//2372 2631//2372 2632//2372
f 2632//2373 2631//2373 2648//2373 2649//2373
f 2649//2374 2648//2374 2665//2374 2666//2374
f 2666//2375 2665//2375 2682//2375 2683//2375
f 2683//2376 2682//2376 2699//2376 2700//2376
f 2700//2377 2699//2377 2716//2377 2717//2377
f 2717//2378 2716//2378 2733//2378 2734//2378
f 2734//2379 2733//2379 2750//2379 2751//2379
f 2751//2380 2750//2380 2767//2380 2768//2380
f 134//2381 135//2381 2944//2381 2943//2381
f 2763//2346 2256//2346 2258//2346
f 359//2382 377//2382 2592//2382 2604//2382
f 2616//2383 2615//2383 2632//2383 2633//2383
f 2633//2384 2632//2384 2649//2384 2650//2384
f 2650//2385 2649//2385 2666//2385 2667//2385
f 2667//2386 2666//2386 2683//2386 2684//2386
f 2684//2387 2683//2387 2700//2387 2701//2387
f 2701//2388 2700//2388 2717//2388 2718//2388
f 2718//2389 2717//2389 2734//2389 2735//2389
f 2735//2390 2734//2390 2751//2390 2752//2390
f 2752//2391 2751//2391 2768//2391 2769//2391
f 207//2392 2951//2392 2954//2392 208//2392
f 2627//2393 309//2393 314//2393
f 325//2394 326//2394 290//2394 2157//2394
f 2617//2395 2616//2395 2633//2395 2634//2395
f 2634//2396 2633//2396 2650//2396 2651//2396
f 2651//2397 2650//2397 2667//2397 2668//2397
f 2668//2398 2667//2398 2684//2398 2685//2398
f 2685//2399 2684//2399 2701//2399 2702//2399
f 2702//2400 2701//2400 2718//2400 2719//2400
f 2719//2401 2718//2401 2735//2401 2736//2401
f 2736//2402 2735//2402 2752//2402 2753//2402
f 2753//2403 2752//2403 2769//2403 2770//2403
f 208//2381 2954//2381 2955//2381 209//2381
f 2254//2404 2256//2404 2780//2404
f 331//2405 2626//2405 2627//2405 314//2405
f 2618//2406 2617//2406 2634//2406 2635//2406
f 2635//2407 2634//2407 2651//2407 2652//2407
f 2652//2408 2651//2408 2668//2408 2669//2408
f 2669//2409 2668//2409 2685//2409 2686//2409
f 2686//2410 2685//2410 2702//2410 2703//2410
f 2703//2411 2702//2411 2719//2411 2720//2411
f 2720//2412 2719//2412 2736//2412 2737//2412
f 2737//2413 2736//2413 2753//2413 2754//2413
f 2754//2414 2753//2414 2770//2414 2771//2414
f 2958//176 1216//176 348//176
f 2695//2415 2262//2415 2158//2415
f 330//2416 2625//2416 2626//2416 331//2416
f 2619//2417 2618//2417 2635//2417 2636//2417
f 2636//2418 2635//2418 2652//2418 2653//2418
f 2653//2419 2652//2419 2669//2419 2670//2419
f 2670//2420 2669//2420 2686//2420 2687//2420
f 2687//2421 2686//2421 2703//2421 2704//2421
f 2704//2422 2703//2422 2720//2422 2721//2422
f 2721//2423 2720//2423 2737//2423 2738//2423
f 2738//2424 2737//2424 2754//2424 2755//2424
f 2755//2425 2754//2425 2771//2425 2772//2425
f 2957//164 2253//164 303//164
f 2944//2426 2250//2426 2253//2426 2957//2426
f 329//2427 2624//2427 2625//2427 330//2427
f 2620//2428 2619//2428 2636//2428 2637//2428
f 2637//2429 2636//2429 2653//2429 2654//2429
f 2654//2430 2653//2430 2670//2430 2671//2430
f 2671//2431 2670//2431 2687//2431 2688//2431
f 2688//2432 2687//2432 2704//2432 2705//2432
f 2705//2433 2704//2433 2721//2433 2722//2433
f 2722//2434 2721//2434 2738//2434 2739//2434
f 2739//2435 2738//2435 2755//2435 2756//2435
f 2756//2436 2755//2436 2772//2436 2773//2436
f 209//2381 2955//2381 2956//2381 210//2381
f 2945//2437 1215//2437 2954//2437
f 328//2438 2623//2438 2624//2438 329//2438
f 2621//2439 2620//2439 2637//2439 2638//2439
f 2638//2440 2637//2440 2654//2440 2655//2440
f 2655//2441 2654//2441 2671//2441 2672//2441
f 2672//2442 2671//2442 2688//2442 2689//2442
f 2689//2443 2688//2443 2705//2443 2706//2443
f 2706//2444 2705//2444 2722//2444 2723//2444
f 2723//2445 2722//2445 2739//2445 2740//2445
f 2740//2446 2739//2446 2756//2446 2757//2446
f 2757//2447 2756//2447 2773//2447 2774//2447
f 2957//2448 2255//2448 2944//2448
f 327//2449 2622//2449 2623//2449 328//2449
f 2622//2450 2621//2450 2638//2450 2639//2450
f 2639//2451 2638//2451 2655//2451 2656//2451
f 2656//2452 2655//2452 2672//2452 2673//2452
f 2673//2453 2672//2453 2689//2453 2690//2453
f 2690//2454 2689//2454 2706//2454 2707//2454
f 2707//2455 2706//2455 2723//2455 2724//2455
f 2724//2456 2723//2456 2740//2456 2741//2456
f 2741//2457 2740//2457 2757//2457 2758//2457
f 2758//2458 2757//2458 2774//2458 2775//2458
f 2943//2459 2944//2459 2255//2459
f 326//2460 2621//2460 2622//2460 327//2460
f 2623//2461 2622//2461 2639//2461 2640//2461
f 2640//2462 2639//2462 2656//2462 2657//2462
f 2657//2463 2656//2463 2673//2463 2674//2463
f 2674//2464 2673//2464 2690//2464 2691//2464
f 2691//2465 2690//2465 2707//2465 2708//2465
f 2708//2466 2707//2466 2724//2466 2725//2466
f 2725//2467 2724//2467 2741//2467 2742//2467
f 2742//2468 2741//2468 2758//2468 2759//2468
f 2759//2469 2758//2469 2775//2469 2776//2469
f 2254//2470 2942//2470 2943//2470 2255//2470
f 325//2471 2620//2471 2621//2471 326//2471
f 2624//2472 2623//2472 2640//2472 2641//2472
f 2641//2473 2640//2473 2657//2473 2658//2473
f 2658//2474 2657//2474 2674//2474 2675//2474
f 2675//2475 2674//2475 2691//2475 2692//2475
f 2692//2476 2691//2476 2708//2476 2709//2476
f 2709//2477 2708//2477 2725//2477 2726//2477
f 2726//2478 2725//2478 2742//2478 2743//2478
f 2743//2479 2742//2479 2759//2479 2760//2479
f 2760//2480 2759//2480 2776//2480 2777//2480
f 2932//2481 2942//2481 2254//2481
f 370//2482 2619//2482 2620//2482 325//2482
f 2625//2483 2624//2483 2641//2483 2642//2483
f 2642//2484 2641//2484 2658//2484 2659//2484
f 2659//2485 2658//2485 2675//2485 2676//2485
f 2676//2486 2675//2486 2692//2486 2693//2486
f 2693//2487 2692//2487 2709//2487 2710//2487
f 2710//2488 2709//2488 2726//2488 2727//2488
f 2727//2489 2726//2489 2743//2489 2744//2489
f 2744//2490 2743//2490 2760//2490 2761//2490
f 2761//2491 2760//2491 2777//2491 2778//2491
f 2956//2492 1216//2492 2958//2492
f 371//2493 2618//2493 2619//2493 370//2493
f 2626//2494 2625//2494 2642//2494 2643//2494
f 2643//2495 2642//2495 2659//2495 2660//2495
f 2660//2496 2659//2496 2676//2496 2677//2496
f 2677//2497 2676//2497 2693//2497 2694//2497
f 2694//2498 2693//2498 2710//2498 2711//2498
f 2711//2499 2710//2499 2727//2499 2728//2499
f 2728//2500 2727//2500 2744//2500 2745//2500
f 2745//2501 2744//2501 2761//2501 2762//2501
f 2762//2502 2761//2502 2778//2502 2779//2502
f 2956//2503 2955//2503 1216//2503
f 362//2504 359//2504 2604//2504 2602//2504
f 372//2505 2617//2505 2618//2505 371//2505
f 2627//2506 2626//2506 2643//2506 2644//2506
f 2644//2507 2643//2507 2660//2507 2661//2507
f 2661//2508 2660//2508 2677//2508 2678//2508
f 2678//2509 2677//2509 2694//2509 2695//2509
f 2695//2510 2694//2510 2711//2510 2712//2510
f 2712//2511 2711//2511 2728//2511 2729//2511
f 2729//2512 2728//2512 2745//2512 2746//2512
f 2746//2513 2745//2513 2762//2513 2763//2513
f 2763//2514 2762//2514 2779//2514 2780//2514
f 1215//2515 1216//2515 2955//2515 2954//2515
f 331//2516 314//2516 369//2516 2606//2516
f 317//2517 321//2517 335//2517 332//2517
f 357//2518 360//2518 2603//2518 2605//2518
f 365//2519 362//2519 2602//2519 2600//2519
f 315//2520 312//2520 2156//2520 333//2520
f 377//2521 376//2521 2593//2521 2592//2521
f 360//2522 363//2522 2601//2522 2603//2522
f 2262//2523 2695//2523 2712//2523
f 2269//2524 2598//2524 2268//2524
f 2267//2525 2598//2525 2269//2525
f 2807//2526 1326//2526 1325//2526 2808//2526
f 2808//2527 1325//2527 1324//2527 2809//2527
f 2809//2528 1324//2528 1323//2528 2810//2528
f 2810//2529 1323//2529 1225//2529 2811//2529
f 2811//2530 1225//2530 2804//2530
f 2804//2531 1225//2531 1328//2531 2812//2531
f 2812//2532 1328//2532 1327//2532 2813//2532
f 2813//2533 1327//2533 1329//2533 2814//2533
f 2814//2534 1329//2534 1330//2534 2815//2534
f 2815//2535 1330//2535 1331//2535 2816//2535
f 2816//2536 1331//2536 1332//2536 2817//2536
f 2817//2537 1332//2537 2401//2537 2818//2537
f 2818//2538 2401//2538 2372//2538 2819//2538
f 2819//2539 2372//2539 2371//2539 2820//2539
f 2820//2540 2371//2540 2370//2540 2821//2540
f 2821//2541 2370//2541 2369//2541 2822//2541
f 2822//2542 2369//2542 2367//2542 2823//2542
f 2823//2543 2367//2543 2368//2543 2824//2543
f 2824//2544 2368//2544 2264//2544 2805//2544
f 2805//2545 2264//2545 2825//2545
f 2825//2546 2264//2546 2363//2546 2826//2546
f 2826//2547 2363//2547 2364//2547 2827//2547
f 2827//2548 2364//2548 2365//2548 2828//2548
f 2828//2549 2365//2549 2366//2549 2829//2549
f 2829//2550 2366//2550 2362//2550 2830//2550
f 2830//2551 2362//2551 1322//2551 2831//2551
f 2831//2552 1322//2552 2832//2552
f 2832//2553 1322//2553 2803//2553
f 288//2554 2789//2554 2790//2554 2156//2554
f 2605//2555 2788//2555 2789//2555 288//2555
f 2603//2556 2787//2556 2788//2556 2605//2556
f 2601//2557 2786//2557 2787//2557 2603//2557
f 2600//2558 2785//2558 2786//2558 2601//2558
f 2602//2559 2784//2559 2785//2559 2600//2559
f 2604//2560 2783//2560 2784//2560 2602//2560
f 2592//2561 2782//2561 2783//2561 2604//2561
f 2593//2562 1226//2562 2782//2562 2592//2562
f 2594//2563 2781//2563 1226//2563 2593//2563
f 2595//2564 1228//2564 2781//2564 2594//2564
f 2596//2565 1229//2565 1228//2565 2595//2565
f 2597//2566 1230//2566 1229//2566 2596//2566
f 2598//2567 2267//2567 1230//2567 2597//2567
f 2807//2568 2267//2568 2269//2568 2806//2568
f 2806//2569 2269//2569 2268//2569 2803//2569
f 1321//2570 2806//2570 2803//2570 1322//2570
f 1326//2571 2807//2571 2806//2571 1321//2571
f 2802//2572 2832//2572 2803//2572 2268//2572
f 2801//2573 2831//2573 2832//2573 2802//2573
f 2800//2574 2830//2574 2831//2574 2801//2574
f 2799//2575 2829//2575 2830//2575 2800//2575
f 2798//2576 2828//2576 2829//2576 2799//2576
f 2797//2577 2827//2577 2828//2577 2798//2577
f 2796//2578 2826//2578 2827//2578 2797//2578
f 2795//2579 2825//2579 2826//2579 2796//2579
f 2265//2580 2805//2580 2825//2580 2795//2580
f 2794//2581 2824//2581 2805//2581 2265//2581
f 2793//2582 2823//2582 2824//2582 2794//2582
f 2792//2583 2822//2583 2823//2583 2793//2583
f 2791//2584 2821//2584 2822//2584 2792//2584
f 2790//2585 2820//2585 2821//2585 2791//2585
f 2789//2586 2819//2586 2820//2586 2790//2586
f 2788//2587 2818//2587 2819//2587 2789//2587
f 2787//2588 2817//2588 2818//2588 2788//2588
f 2786//2589 2816//2589 2817//2589 2787//2589
f 2785//2590 2815//2590 2816//2590 2786//2590
f 2784//2591 2814//2591 2815//2591 2785//2591
f 2783//2592 2813//2592 2814//2592 2784//2592
f 2782//2593 2812//2593 2813//2593 2783//2593
f 1226//2594 2804//2594 2812//2594 2782//2594
f 2781//2595 2811//2595 2804//2595 1226//2595
f 1228//2596 2810//2596 2811//2596 2781//2596
f 1229//2597 2809//2597 2810//2597 1228//2597
f 1230//2598 2808//2598 2809//2598 1229//2598
f 2267//2599 2807//2599 2808//2599 1230//2599
f 1284//2600 1285//2600 1177//2600
f 2327//2601 2329//2601 2214//2601
f 1165//869 2139//869 1177//869
f 1177//2602 1227//2602 1296//2602
f 2139//2603 2214//2603 2329//2603
f 2880//2604 188//2604 2881//2604
f 1154//2605 1159//2605 1296//2605
f 1292//2606 1289//2606 2139//2606
f 2139//2607 2332//2607 1292//2607
f 2139//2608 2330//2608 2332//2608
f 1286//2609 1177//2609 2139//2609
f 1289//2610 1287//2610 2139//2610
f 2139//2611 2329//2611 2330//2611
f 2139//2612 2202//2612 2214//2612
f 1286//2613 1284//2613 1177//2613
f 1287//2614 1286//2614 2139//2614
f 2842//2615 2841//2615 2871//2615 2870//2615
f 2840//2616 2839//2616 2873//2616 2872//2616
f 2855//2617 2846//2617 2866//2617 2858//2617
f 2845//2618 2844//2618 2868//2618 2867//2618
f 2837//164 379//164 295//164
f 2845//164 2837//164 295//164
f 2844//164 2845//164 295//164
f 103//2619 2962//2619 2963//2619
f 2959//2620 2906//2620 2905//2620
f 2855//176 340//176 2846//176
f 2854//176 340//176 2855//176
f 2885//2621 2960//2621 2961//2621
f 2853//2622 2854//2622 2859//2622 2860//2622
f 2852//2623 2853//2623 2860//2623 2861//2623
f 2837//2617 2845//2617 2867//2617 2875//2617
f 2834//2624 2848//2624 2865//2624 2878//2624
f 2841//2625 2840//2625 2872//2625 2871//2625
f 2854//2618 2855//2618 2858//2618 2859//2618
f 2850//2625 2851//2625 2862//2625 2863//2625
f 2839//2626 2838//2626 2874//2626 2873//2626
f 2844//2622 2843//2622 2869//2622 2868//2622
f 2849//2616 2850//2616 2863//2616 2864//2616
f 2833//2627 2834//2627 2878//2627 2879//2627
f 2851//2615 2852//2615 2861//2615 2862//2615
f 2836//2627 2835//2627 2877//2627 2876//2627
f 2843//2623 2842//2623 2870//2623 2869//2623
f 2848//2626 2849//2626 2864//2626 2865//2626
f 2838//2628 2836//2628 2876//2628 2874//2628
f 2882//1901 1254//1901 265//1901
f 1154//1901 265//1901 1254//1901
f 250//2629 2883//2629 2884//2629
f 249//2630 250//2630 2884//2630
f 249//2631 2884//2631 2882//2631
f 249//2632 2882//2632 265//2632
f 1153//1901 1154//1901 1254//1901
f 179//2633 2335//2633 178//2633
f 2331//2634 2333//2634 180//2634
f 181//2635 2331//2635 180//2635
f 269//2636 1288//2636 181//2636
f 180//2637 2333//2637 2334//2637
f 1290//2638 1288//2638 269//2638
f 269//2639 268//2639 1293//2639
f 1288//2640 1291//2640 181//2640
f 1291//2641 2331//2641 181//2641
f 265//2642 1154//2642 1295//2642
f 2336//2642 177//2642 178//2642
f 2335//2643 2336//2643 178//2643
f 118//2644 177//2644 2336//2644
f 179//2639 180//2639 2334//2639
f 2191//2642 118//2642 2336//2642
f 1294//2645 267//2645 1295//2645
f 267//2642 266//2642 1295//2642
f 1290//2646 269//2646 1293//2646
f 267//2647 1294//2647 268//2647
f 1294//2648 1293//2648 268//2648
f 266//2649 265//2649 1295//2649
f 179//2650 2334//2650 2335//2650
f 1242//2651 286//2651 283//2651
f 270//2652 2302//2652 2282//2652
f 1244//2653 1243//2653 279//2653 278//2653
f 1241//2654 282//2654 279//2654 1243//2654
f 1241//2655 1242//2655 283//2655 282//2655
f 2986//2656 2985//2656 2896//2656 2895//2656
f 278//2657 275//2657 1245//2657 1244//2657
f 2285//2658 2007//2658 2924//2658
f 1262//2659 264//2659 1242//2659
f 276//2660 277//2660 2284//2660 2285//2660
f 277//2661 280//2661 2283//2661 2284//2661
f 2925//2662 1245//2662 275//2662
f 280//2663 281//2663 2281//2663 2283//2663
f 2282//2664 2281//2664 281//2664 284//2664
f 1249//2665 264//2665 1262//2665
f 284//2666 285//2666 2282//2666
f 1242//2667 264//2667 286//2667
f 2282//2667 285//2667 270//2667
f 270//2665 2289//2665 2302//2665
f 109//2668 110//2668 2885//2668
f 116//2669 2857//2669 117//2669
f 337//176 340//176 2854//176
f 2885//2670 2902//2670 2960//2670
f 2980//2671 3000//2671 2990//2671 2901//2671
f 2894//2672 3091//2672 2987//2672
f 2978//2673 2979//2673 2857//2673
f 383//164 2835//164 301//164
f 297//164 303//164 2249//164
f 2249//164 303//164 2253//164
f 2255//164 2957//164 303//164
f 2852//176 337//176 2853//176
f 2847//2674 381//2674 107//2674
f 2848//176 2834//176 341//176
f 2851//176 337//176 2852//176
f 2850//176 337//176 2851//176
f 2849//176 341//176 2850//176
f 2857//2675 2979//2675 2904//2675
f 2848//176 341//176 2849//176
f 345//176 341//176 2834//176
f 2833//176 345//176 2834//176
f 198//2676 2858//2676 2866//2676
f 295//164 292//164 2844//164
f 341//176 337//176 2850//176
f 2853//176 337//176 2854//176
f 2846//176 340//176 378//176
f 340//176 339//176 378//176
f 339//176 344//176 378//176
f 382//176 346//176 2833//176
f 382//2677 272//2677 336//2677
f 345//176 2833//176 349//176
f 349//176 2833//176 346//176
f 248//2678 336//2678 272//2678
f 336//176 343//176 346//176
f 382//176 336//176 346//176
f 383//2679 291//2679 271//2679
f 382//2680 2833//2680 272//2680
f 2847//955 406//955 381//955
f 2836//164 296//164 300//164
f 292//164 2842//164 2843//164
f 115//2681 2856//2681 113//2681
f 296//164 2839//164 2840//164
f 292//164 2840//164 2841//164
f 292//164 296//164 2840//164
f 2835//164 304//164 301//164
f 2835//164 300//164 304//164
f 2835//164 2836//164 300//164
f 2836//164 2838//164 296//164
f 292//164 2843//164 2844//164
f 295//164 379//164 294//164
f 294//164 379//164 299//164
f 292//164 2841//164 2842//164
f 296//164 2838//164 2839//164
f 383//164 301//164 291//164
f 291//164 301//164 298//164
f 2869//2682 170//2682 2868//2682
f 176//2683 271//2683 291//2683
f 383//2684 271//2684 2835//2684
f 21//2685 2886//2685 1402//2685
f 1402//2686 2886//2686 23//2686 1404//2686
f 1421//2687 21//2687 1403//2687
f 1398//2688 1418//2688 1397//2688
f 1398//2689 2454//2689 1418//2689
f 2457//2690 1398//2690 2462//2690
f 12//2691 10//2691 2463//2691
f 2462//2692 12//2692 2463//2692
f 2460//2693 1398//2693 2452//2693
f 2452//2694 1398//2694 2457//2694
f 2464//2695 2459//2695 9//2695
f 1398//2696 12//2696 2462//2696
f 2454//164 2455//164 1418//164
f 2463//2697 10//2697 2459//2697
f 11//2698 2464//2698 9//2698
f 10//2699 9//2699 2459//2699
f 13//2700 2464//2700 11//2700
f 2460//2693 2454//2693 1398//2693
f 13//2701 11//2701 23//2701
f 23//2702 2886//2702 13//2702
f 3//176 19//176 386//176
f 3//176 386//176 7//176
f 7//176 386//176 5//176
f 17//2703 396//2703 15//2703
f 397//2704 396//2704 17//2704
f 18//2705 397//2705 17//2705
f 405//2706 397//2706 18//2706
f 16//2707 405//2707 18//2707
f 402//2708 390//2708 19//2708
f 16//2709 393//2709 405//2709
f 393//2710 401//2710 391//2710
f 401//2711 14//2711 391//2711
f 393//2712 16//2712 401//2712
f 409//2713 392//2713 14//2713
f 398//2714 402//2714 20//2714
f 1344//176 6//176 4//176
f 1335//176 1333//176 386//176
f 386//176 1333//176 1338//176
f 391//2715 14//2715 392//2715
f 5//176 386//176 1342//176
f 1342//176 1343//176 5//176
f 1335//176 386//176 389//176
f 4//176 5//176 1341//176
f 1341//176 1344//176 4//176
f 5//176 1343//176 1341//176
f 8//2716 6//2716 1339//2716
f 1339//226 6//226 1344//226
f 386//176 1338//176 1342//176
f 14//1120 8//1120 1337//1120
f 111//2717 2904//2717 2905//2717 112//2717
f 112//2718 2905//2718 2906//2718 114//2718
f 102//2719 2903//2719 2902//2719 101//2719
f 114//2720 2906//2720 2903//2720 102//2720
f 117//2721 2857//2721 2904//2721 111//2721
f 101//2722 2902//2722 2885//2722 110//2722
f 103//2723 109//2723 2962//2723
f 2847//2724 2964//2724 2965//2724
f 3130//2725 2994//2725 3129//2725
f 3000//2726 2999//2726 2991//2726 2990//2726
f 3092//2727 3093//2727 2987//2727
f 2967//2728 378//2728 1303//2728
f 379//2728 2972//2728 2344//2728
f 2995//2729 2994//2729 2889//2729 2888//2729
f 2966//2730 2967//2730 1303//2730
f 2997//2731 2996//2731 2887//2731 2970//2731
f 2984//2732 2983//2732 2898//2732 2897//2732
f 2889//2733 2994//2733 3131//2733
f 2998//2734 2997//2734 2970//2734 2969//2734
f 2963//2735 2964//2735 2847//2735
f 1303//2736 2847//2736 2965//2736
f 113//2737 2856//2737 2976//2737
f 2971//2738 2972//2738 379//2738
f 2973//2739 2974//2739 2344//2739
f 2975//2740 2976//2740 2856//2740
f 2847//2619 103//2619 2963//2619
f 109//2741 2961//2741 2962//2741
f 2996//2742 2995//2742 2888//2742 2887//2742
f 2987//2743 2986//2743 2895//2743 2894//2743
f 380//212 2856//212 115//212
f 1416//212 2856//212 380//212
f 2847//2744 107//2744 103//2744
f 204//2745 2866//2745 2846//2745 378//2745
f 231//2746 2862//2746 2861//2746
f 216//2747 2864//2747 2863//2747
f 236//2748 231//2748 2861//2748
f 247//2749 241//2749 2859//2749
f 198//2750 2866//2750 204//2750
f 221//2751 2863//2751 2862//2751
f 210//2752 272//2752 2879//2752
f 241//2753 236//2753 2860//2753
f 210//2754 2865//2754 2864//2754
f 210//2755 2879//2755 2878//2755
f 2878//2756 2865//2756 210//2756
f 2906//2620 2959//2620 2903//2620
f 236//2757 2861//2757 2860//2757
f 226//2758 221//2758 2862//2758
f 2862//2759 231//2759 226//2759
f 203//2760 198//2760 204//2760
f 2875//2761 130//2761 379//2761 2837//2761
f 2872//2762 146//2762 2871//2762
f 2870//2763 164//2763 2869//2763
f 2873//2764 140//2764 2872//2764
f 170//2765 175//2765 2868//2765
f 158//2766 2871//2766 152//2766
f 2877//2767 135//2767 2876//2767
f 164//2768 170//2768 2869//2768
f 2875//2769 123//2769 130//2769
f 2867//2770 123//2770 2875//2770
f 2903//2771 2959//2771 2960//2771
f 2874//2772 2876//2772 135//2772
f 140//2773 146//2773 2872//2773
f 2874//2774 135//2774 2873//2774
f 123//2775 129//2775 130//2775
f 2868//2776 175//2776 2867//2776
f 378//2777 2967//2777 2968//2777
f 2972//2778 2973//2778 2344//2778
f 2904//2675 2979//2675 2905//2675
f 1303//2736 2965//2736 2966//2736
f 2982//2779 2981//2779 2900//2779 2899//2779
f 2975//2780 2856//2780 2974//2780
f 2987//2781 3085//2781 3117//2781
f 2979//2782 2959//2782 2905//2782
f 2981//2783 2980//2783 2901//2783 2900//2783
f 2977//2784 113//2784 2976//2784
f 2999//2785 2998//2785 2969//2785 2991//2785
f 2978//2786 116//2786 2977//2786
f 2909//2787 2900//2787 2908//2787
f 2990//2788 2991//2788 2916//2788
f 2991//2789 2914//2789 2915//2789
f 2908//2790 2901//2790 2907//2790
f 2923//2791 2895//2791 99//2791
f 2969//2792 2913//2792 2914//2792
f 2912//2793 99//2793 2898//2793
f 2899//2794 2900//2794 2909//2794
f 2990//2795 2916//2795 2917//2795
f 2912//2796 2898//2796 2911//2796
f 2991//2797 2969//2797 2914//2797
f 2900//2798 2901//2798 2908//2798
f 2925//2799 274//2799 2919//2799 2927//2799
f 2924//2800 2007//2800 2008//2800 2926//2800
f 2927//2801 2919//2801 2921//2801 2929//2801
f 2926//2802 2008//2802 2048//2802 2928//2802
f 2929//2803 2921//2803 2923//2803 2931//2803
f 2928//2804 2048//2804 2027//2804 2930//2804
f 2931//2805 2923//2805 99//2805 86//2805
f 2930//2806 2027//2806 2000//2806 47//2806
f 2922//2807 2930//2807 47//2807 63//2807
f 999//2808 2931//2808 86//2808 972//2808
f 2920//2809 2928//2809 2930//2809 2922//2809
f 1020//2810 2929//2810 2931//2810 999//2810
f 2918//2811 2926//2811 2928//2811 2920//2811
f 980//2812 2927//2812 2929//2812 1020//2812
f 273//2813 2924//2813 2926//2813 2918//2813
f 979//2814 2925//2814 2927//2814 980//2814
f 2924//2815 273//2815 276//2815
f 276//2816 2285//2816 2924//2816
f 275//2817 274//2817 2925//2817
f 2925//2818 979//2818 1245//2818
f 41//2819 2915//2819 44//2819
f 43//2820 2916//2820 41//2820
f 62//2821 2917//2821 43//2821
f 2914//2822 2913//2822 44//2822
f 2917//2823 2916//2823 43//2823
f 98//2824 82//2824 2908//2824
f 2913//2825 63//2825 44//2825
f 82//2826 80//2826 2909//2826
f 49//2827 98//2827 2907//2827
f 62//2828 49//2828 2907//2828
f 2915//2829 2914//2829 44//2829
f 80//2830 83//2830 2910//2830
f 2916//2831 2915//2831 41//2831
f 2917//2832 62//2832 2907//2832
f 2907//2833 98//2833 2908//2833
f 2908//2834 82//2834 2909//2834
f 2909//2835 80//2835 2910//2835
f 2910//2836 83//2836 2911//2836
f 99//2837 2912//2837 83//2837
f 2918//2838 2920//2838 2888//2838
f 2912//2839 2911//2839 83//2839
f 116//2840 2978//2840 2857//2840
f 274//164 275//164 2919//164
f 277//2841 2918//2841 2888//2841
f 277//2842 2888//2842 280//2842
f 2919//164 275//164 278//164
f 282//2843 283//2843 2894//2843 2895//2843
f 2983//2844 2982//2844 2899//2844 2898//2844
f 188//2845 3154//2845 3121//2845
f 284//2846 281//2846 2888//2846 2889//2846
f 285//2847 284//2847 2889//2847 2890//2847
f 188//2848 2880//2848 270//2848 2891//2848
f 2922//2849 63//2849 2888//2849
f 2920//2850 2922//2850 2888//2850
f 282//2851 2895//2851 279//2851
f 281//2852 280//2852 2888//2852
f 276//176 2918//176 277//176
f 278//2853 279//2853 2895//2853
f 278//2854 2895//2854 2919//2854
f 276//176 273//176 2918//176
f 2919//2855 2895//2855 2921//2855
f 2942//2856 2940//2856 2939//2856
f 2932//2857 2941//2857 2942//2857
f 2942//2858 2941//2858 2940//2858
f 2954//2859 2951//2859 2952//2859
f 2945//2857 2954//2857 2953//2857
f 2954//2860 2952//2860 2953//2860
f 2951//2861 207//2861 2950//2861
f 2950//2862 207//2862 2949//2862
f 2949//2863 207//2863 206//2863 2948//2863
f 2948//2864 206//2864 2947//2864
f 2947//2865 206//2865 205//2865 2946//2865
f 2946//2866 205//2866 2933//2866
f 2933//2867 205//2867 2934//2867
f 2934//2868 205//2868 131//2868 2935//2868
f 2935//2869 131//2869 2936//2869
f 2936//2870 131//2870 132//2870 2937//2870
f 2937//2871 132//2871 2938//2871
f 2938//2872 132//2872 2939//2872
f 2945//2873 2953//2873 2764//2873 1215//2873
f 2953//2874 2952//2874 2765//2874 2764//2874
f 2952//2875 2951//2875 2766//2875 2765//2875
f 2951//2876 2950//2876 2767//2876 2766//2876
f 2950//2877 2949//2877 2768//2877 2767//2877
f 2949//2878 2948//2878 2769//2878 2768//2878
f 2948//2879 2947//2879 2770//2879 2769//2879
f 2947//2880 2946//2880 2771//2880 2770//2880
f 2946//2881 2933//2881 2772//2881 2771//2881
f 2933//2882 2934//2882 2773//2882 2772//2882
f 2934//2883 2935//2883 2774//2883 2773//2883
f 2935//2884 2936//2884 2775//2884 2774//2884
f 2936//2885 2937//2885 2776//2885 2775//2885
f 2937//2886 2938//2886 2777//2886 2776//2886
f 2938//2887 2939//2887 2778//2887 2777//2887
f 2939//2888 2940//2888 2779//2888 2778//2888
f 2940//2889 2941//2889 2780//2889 2779//2889
f 2941//2890 2932//2890 2254//2890 2780//2890
f 176//2891 2252//2891 135//2891
f 210//2892 2956//2892 1212//2892
f 2251//2893 210//2893 1212//2893
f 2251//2894 248//2894 210//2894
f 135//226 2252//226 2250//226
f 2944//2895 135//2895 2250//2895
f 2968//2896 2967//2896 2988//2896 2989//2896
f 2971//2897 130//2897 257//2897 2992//2897
f 204//2898 2968//2898 2989//2898 251//2898
f 2972//2899 2971//2899 2992//2899 2993//2899
f 2887//2900 2888//2900 63//2900
f 2973//2901 2972//2901 2993//2901 2994//2901
f 2970//2902 2887//2902 63//2902
f 2974//2903 2973//2903 2994//2903 2995//2903
f 2969//2904 2970//2904 63//2904
f 2975//2905 2974//2905 2995//2905 2996//2905
f 63//2906 2913//2906 2969//2906
f 2960//2907 2959//2907 2980//2907 2981//2907
f 2976//2908 2975//2908 2996//2908 2997//2908
f 2991//2789 2915//2789 2916//2789
f 2961//2909 2960//2909 2981//2909 2982//2909
f 2977//2910 2976//2910 2997//2910 2998//2910
f 270//2911 285//2911 2890//2911 2891//2911
f 2962//2912 2961//2912 2982//2912 2983//2912
f 2978//2913 2977//2913 2998//2913 2999//2913
f 2963//2914 2962//2914 2983//2914 2984//2914
f 2979//2915 2978//2915 2999//2915 3000//2915
f 2892//2916 2893//2916 286//2916 264//2916
f 2964//2917 2963//2917 2984//2917 2985//2917
f 2959//2918 2979//2918 3000//2918 2980//2918
f 283//2919 286//2919 2893//2919 2894//2919
f 2965//2920 2964//2920 2985//2920 2986//2920
f 2856//2921 2344//2921 2974//2921
f 2966//2922 2965//2922 2986//2922 2987//2922
f 378//2923 2968//2923 204//2923
f 2967//2924 2966//2924 2987//2924 2988//2924
f 130//2925 2971//2925 379//2925
f 2895//2926 2896//2926 99//2926
f 2896//2927 2897//2927 99//2927
f 2897//2928 2898//2928 99//2928
f 2901//2929 2990//2929 2917//2929
f 2898//2930 2899//2930 2911//2930
f 2910//2931 2911//2931 2899//2931
f 2910//2932 2899//2932 2909//2932
f 2907//2933 2901//2933 2917//2933
f 3015//2934 1712//2934 3014//2934
f 3016//2935 1713//2935 1891//2935
f 3023//2936 1708//2936 1709//2936
f 3032//2937 3033//2937 1711//2937
f 3038//2938 1710//2938 1481//2938
f 3043//2939 1891//2939 1708//2939
f 3062//2940 3061//2940 705//2940
f 3061//2941 3046//2941 706//2941
f 706//2942 705//2942 3061//2942
f 446//2943 3045//2943 3070//2943
f 442//2944 446//2944 3070//2944
f 445//2945 446//2945 442//2945
f 3077//2946 885//2946 706//2946
f 442//2947 3070//2947 3069//2947
f 442//2948 3069//2948 3068//2948
f 3063//2949 3062//2949 705//2949
f 3064//2950 3063//2950 705//2950
f 442//2951 3068//2951 3067//2951
f 442//2948 3067//2948 3066//2948
f 3064//2952 705//2952 442//2952
f 442//277 3066//277 3065//277
f 446//2953 445//2953 3071//2953
f 763//2954 3049//2954 3075//2954
f 763//2955 3075//2955 3074//2955
f 3047//2956 446//2956 3071//2956
f 3071//2953 445//2953 3072//2953
f 763//2956 3074//2956 3073//2956
f 3072//2953 445//2953 3073//2953
f 763//2957 470//2957 3049//2957
f 474//2958 3044//2958 3076//2958
f 3076//2959 3049//2959 470//2959
f 701//2960 885//2960 3060//2960
f 885//2961 3048//2961 3060//2961
f 3050//2962 3044//2962 474//2962
f 3051//2963 3050//2963 474//2963
f 701//2964 3060//2964 3059//2964
f 701//2965 3059//2965 3058//2965
f 3052//2961 3051//2961 474//2961
f 3053//2963 3052//2963 474//2963
f 701//2966 3058//2966 3057//2966
f 701//331 3057//331 3056//331
f 3054//2963 3053//2963 474//2963
f 701//2967 3056//2967 3055//2967
f 3055//2968 3054//2968 474//2968
f 706//2969 3046//2969 3079//2969
f 706//2946 3079//2946 3078//2946
f 3048//2970 885//2970 3080//2970
f 3080//2971 885//2971 3081//2971
f 706//2972 3078//2972 3077//2972
f 3081//2970 885//2970 3077//2970
f 3050//2973 3051//2973 3088//2973 3087//2973
f 3075//2974 3049//2974 3086//2974 3112//2974
f 3063//2975 3064//2975 3101//2975 3100//2975
f 3051//2976 3052//2976 3089//2976 3088//2976
f 3049//2977 3076//2977 3113//2977 3086//2977
f 3064//2978 3065//2978 3102//2978 3101//2978
f 3052//2979 3053//2979 3090//2979 3089//2979
f 3076//2980 3044//2980 764//2980 3113//2980
f 3065//2981 3066//2981 3103//2981 3102//2981
f 3053//2982 3054//2982 3091//2982 3090//2982
f 3077//2983 3078//2983 3115//2983 3114//2983
f 3066//2984 3067//2984 3104//2984 3103//2984
f 3054//2985 3055//2985 3092//2985 3091//2985
f 3078//2986 3079//2986 3116//2986 3115//2986
f 3067//2987 3068//2987 3105//2987 3104//2987
f 3055//2988 3056//2988 3093//2988 3092//2988
f 3079//2989 3046//2989 3083//2989 3116//2989
f 3068//2990 3069//2990 3106//2990 3105//2990
f 3056//2991 3057//2991 3094//2991 3093//2991
f 3045//2992 3047//2992 3084//2992 3082//2992
f 3069//2993 3070//2993 3107//2993 3106//2993
f 3057//2994 3058//2994 3095//2994 3094//2994
f 3048//2995 3080//2995 3117//2995 3085//2995
f 3070//2996 3045//2996 3082//2996 3107//2996
f 3058//2997 3059//2997 3096//2997 3095//2997
f 3080//2998 3081//2998 3118//2998 3117//2998
f 3047//2999 3071//2999 3108//2999 3084//2999
f 3059//3000 3060//3000 3097//3000 3096//3000
f 3081//3001 3077//3001 3114//3001 3118//3001
f 3071//3002 3072//3002 3109//3002 3108//3002
f 3060//3003 3048//3003 3085//3003 3097//3003
f 3072//3004 3073//3004 3110//3004 3109//3004
f 3046//3005 3061//3005 3098//3005 3083//3005
f 3073//3006 3074//3006 3111//3006 3110//3006
f 3061//3007 3062//3007 3099//3007 3098//3007
f 3044//3008 3050//3008 3087//3008 764//3008
f 3074//3009 3075//3009 3112//3009 3111//3009
f 3062//3010 3063//3010 3100//3010 3099//3010
f 2987//3011 3093//3011 3094//3011
f 2987//3012 3095//3012 3096//3012
f 2894//3013 3090//3013 3091//3013
f 250//3014 3103//3014 3104//3014
f 2894//3015 3089//3015 3090//3015
f 250//3016 3104//3016 3105//3016
f 2894//3017 3088//3017 3089//3017
f 3097//3018 3085//3018 2987//3018
f 2987//3019 3094//3019 3095//3019
f 2894//3020 3087//3020 3088//3020
f 2988//3021 3117//3021 3118//3021
f 2894//3022 764//3022 3087//3022
f 2894//3023 3113//3023 764//3023
f 250//3024 3106//3024 3107//3024
f 2892//3025 3109//3025 3110//3025
f 2894//3026 3086//3026 3113//3026
f 2894//3027 3112//3027 3086//3027
f 2893//3028 3111//3028 2894//3028
f 2989//3029 2988//3029 3114//3029
f 3091//3030 3092//3030 2987//3030
f 3115//3031 2989//3031 3114//3031
f 2893//3032 3110//3032 3111//3032
f 3116//3033 2989//3033 3115//3033
f 2893//3034 2892//3034 3110//3034
f 3116//3035 251//3035 2989//3035
f 3083//3036 251//3036 3116//3036
f 250//3037 3108//3037 3109//3037
f 3098//3038 251//3038 3083//3038
f 3099//3039 251//3039 3098//3039
f 3130//3040 3186//3040 3185//3040 3131//3040
f 2892//3041 250//3041 3109//3041
f 3108//3042 250//3042 3082//3042
f 3111//3043 3112//3043 2894//3043
f 3100//3044 251//3044 3099//3044
f 3107//3045 3082//3045 250//3045
f 2988//3046 3118//3046 3114//3046
f 3101//3047 251//3047 3100//3047
f 3084//3048 3108//3048 3082//3048
f 3102//3049 251//3049 3101//3049
f 250//3050 3105//3050 3106//3050
f 3103//3051 251//3051 3102//3051
f 2987//3052 3096//3052 3097//3052
f 2988//3053 2987//3053 3117//3053
f 250//3054 251//3054 3103//3054
f 3142//2978 3174//2978 3173//2978 3143//2978
f 3138//2990 3178//2990 3177//2990 3139//2990
f 3141//2981 3175//2981 3174//2981 3142//2981
f 3156//3055 3159//3055 3164//3055 3152//3055
f 3150//3056 3166//3056 3192//3056 3124//3056
f 2994//3057 3128//3057 3129//3057
f 3134//3058 3182//3058 3181//3058 3135//3058
f 3125//3000 3191//3000 3190//3000 3126//3000
f 3128//3059 3188//3059 3187//3059 3129//3059
f 2993//3060 3151//3060 2994//3060
f 3137//3061 3179//3061 3178//3061 3138//3061
f 3154//3062 3162//3062 3194//3062 3121//3062
f 3155//3063 3161//3063 3159//3063 3156//3063
f 3149//3064 3167//3064 3166//3064 3150//3064
f 3131//2982 3185//2982 3184//2982 3132//2982
f 3133//3065 3183//3065 3182//3065 3134//3065
f 3152//3066 3164//3066 3163//3066 3153//3066
f 3153//3004 3163//3004 3162//3004 3154//3004
f 3145//3067 3171//3067 3122//3067 3120//3067
f 3129//2988 3187//2988 3186//2988 3130//2988
f 3123//3068 3193//3068 3161//3068 3155//3068
f 3136//3069 3180//3069 3179//3069 3137//3069
f 3132//3070 3184//3070 3183//3070 3133//3070
f 3148//3071 3168//3071 3167//3071 3149//3071
f 3151//3072 3165//3072 3160//3072 3119//3072
f 3140//3073 3176//3073 3175//3073 3141//3073
f 3121//3074 3194//3074 3180//3074 3136//3074
f 3127//3075 3189//3075 3188//3075 3128//3075
f 3119//3076 3160//3076 3191//3076 3125//3076
f 3147//3077 3169//3077 3168//3077 3148//3077
f 3139//3078 3177//3078 3176//3078 3140//3078
f 2889//3079 3131//3079 3132//3079
f 188//3080 3140//3080 3141//3080
f 3146//3081 3120//3081 3122//3081 3170//3081
f 3124//2998 3192//2998 3165//2998 3151//2998
f 3144//3010 3172//3010 3171//3010 3145//3010
f 3135//3082 3181//3082 3193//3082 3123//3082
f 3126//3083 3190//3083 3189//3083 3127//3083
f 3143//3084 3173//3084 3172//3084 3144//3084
f 3146//3085 3170//3085 3169//3085 3147//3085
f 2889//3086 3132//3086 3133//3086
f 188//3087 3139//3087 3140//3087
f 2889//3088 3133//3088 3134//3088
f 3125//3089 2994//3089 3119//3089
f 2994//3090 3126//3090 3127//3090
f 2889//3091 3134//3091 3135//3091
f 2993//3092 3124//3092 3151//3092
f 2889//3093 3135//3093 3123//3093
f 2993//3094 3150//3094 3124//3094
f 2889//3095 3123//3095 3155//3095
f 2993//3096 3149//3096 3150//3096
f 2889//3097 3155//3097 3156//3097
f 188//3098 3136//3098 3137//3098
f 2890//3099 2889//3099 3152//3099
f 2992//3100 3149//3100 2993//3100
f 3131//3101 2994//3101 3130//3101
f 3148//3102 3149//3102 2992//3102
f 2890//3103 3152//3103 3153//3103
f 3147//3104 3148//3104 2992//3104
f 2890//3105 3153//3105 2891//3105
f 3147//3106 2992//3106 257//3106
f 3146//3107 3147//3107 257//3107
f 1455//3108 1452//3108 3027//3108
f 2891//3109 3153//3109 3154//3109
f 3120//3110 3146//3110 257//3110
f 2891//3111 3154//3111 188//3111
f 3145//3112 3120//3112 257//3112
f 188//3113 3137//3113 3138//3113
f 3144//3114 3145//3114 257//3114
f 3152//3115 2889//3115 3156//3115
f 3143//3116 3144//3116 257//3116
f 2994//3117 3151//3117 3119//3117
f 3142//3118 3143//3118 257//3118
f 3136//3119 188//3119 3121//3119
f 3141//3120 3142//3120 257//3120
f 188//3121 3138//3121 3139//3121
f 2994//3122 3125//3122 3126//3122
f 2994//3123 3127//3123 3128//3123
f 188//3124 3141//3124 257//3124
f 1452//3125 3002//3125 3024//3125
f 3027//3126 3010//3126 1455//3126
f 3026//3127 3027//3127 1452//3127
f 1452//1265 3024//1265 3025//1265
f 1770//3128 1455//3128 3028//3128
f 1455//3129 3010//3129 3028//3129
f 3029//3130 3001//3130 1770//3130
f 3002//3131 1452//3131 1453//3131
f 1453//3132 1456//3132 3002//3132
f 3030//1267 3002//1267 1456//1267
f 1480//3133 1477//3133 3005//3133
f 3005//1310 3009//1310 1481//1310
f 3005//3134 1477//3134 3020//3134
f 1478//3135 3008//3135 1477//3135
f 3008//3136 3018//3136 1477//3136
f 3020//1313 1477//1313 3019//1313
f 3008//3137 1478//3137 3041//3137
f 1770//3138 3001//3138 3040//3138
f 3041//3137 1478//3137 3040//3137
f 1713//3139 3012//3139 3013//3139
f 1713//2934 3013//2934 1712//2934
f 3015//3140 3004//3140 1712//3140
f 3013//2934 3014//2934 1712//2934
f 1891//3141 3003//3141 3017//3141
f 3016//2935 3012//2935 1713//2935
f 1891//3142 3017//3142 3016//3142
f 1709//3143 3006//3143 3021//3143
f 1709//3144 3021//3144 3022//3144
f 3011//3145 1708//3145 3023//3145
f 1709//3146 3022//3146 3023//3146
f 1712//3147 3004//3147 1711//3147
f 3004//3147 3031//3147 1711//3147
f 1456//3148 1711//3148 3033//3148
f 3035//3149 3007//3149 1456//3149
f 3034//3148 3035//3148 1456//3148
f 1711//3147 3031//3147 3032//3147
f 3033//3148 3034//3148 1456//3148
f 1481//3150 3009//3150 3036//3150
f 1481//2938 3036//2938 3037//2938
f 1709//3151 1710//3151 3006//3151
f 3039//3151 3006//3151 1710//3151
f 1481//2938 3037//2938 3038//2938
f 3038//3151 3039//3151 1710//3151
f 1708//2939 3011//2939 3042//2939
f 3043//3152 3003//3152 1891//3152
f 1708//2939 3042//2939 3043//2939
f 3020//3153 3019//3153 3211//3153 3212//3153
f 3040//3055 3001//3055 3158//3055 3232//3055
f 3030//3154 3007//3154 3199//3154 3222//3154
f 3005//3155 3020//3155 3212//3155 3197//3155
f 3041//3156 3040//3156 3232//3156 3233//3156
f 3002//3157 3030//3157 3222//3157 3157//3157
f 3021//3059 3006//3059 3198//3059 3213//3059
f 3008//3158 3041//3158 3233//3158 3200//3158
f 3031//3010 3004//3010 3196//3010 3223//3010
f 3022//3075 3021//3075 3213//3075 3214//3075
f 3042//3000 3011//3000 3203//3000 3234//3000
f 3013//3159 3012//3159 3204//3159 3205//3159
f 3032//3160 3031//3160 3223//3160 3224//3160
f 3023//3161 3022//3161 3214//3161 3215//3161
f 3043//3072 3042//3072 3234//3072 3235//3072
f 3014//3162 3013//3162 3205//3162 3206//3162
f 3033//2978 3032//2978 3224//2978 3225//2978
f 3011//3000 3023//3000 3215//3000 3203//3000
f 3003//3163 3043//3163 3235//3163 3195//3163
f 3015//3081 3014//3081 3206//3081 3207//3081
f 3034//2981 3033//2981 3225//2981 3226//2981
f 3024//3157 3002//3157 3157//3157 3216//3157
f 3004//3164 3015//3164 3207//3164 3196//3164
f 3035//3073 3034//3073 3226//3073 3227//3073
f 3025//3165 3024//3165 3216//3165 3217//3165
f 3012//3166 3016//3166 3208//3166 3204//3166
f 3007//3078 3035//3078 3227//3078 3199//3078
f 3026//2999 3025//2999 3217//2999 3218//2999
f 3017//3167 3003//3167 3195//3167 3209//3167
f 3036//2979 3009//2979 3201//2979 3228//2979
f 3027//3002 3026//3002 3218//3002 3219//3002
f 3016//3168 3017//3168 3209//3168 3208//3168
f 3037//3169 3036//3169 3228//3169 3229//3169
f 3010//3170 3027//3170 3219//3170 3202//3170
f 3009//3171 3005//3171 3197//3171 3201//3171
f 3038//3172 3037//3172 3229//3172 3230//3172
f 3028//3173 3010//3173 3202//3173 3220//3173
f 3018//3174 3008//3174 3200//3174 3210//3174
f 3039//3175 3038//3175 3230//3175 3231//3175
f 3029//3066 3028//3066 3220//3066 3221//3066
f 3019//3058 3018//3058 3210//3058 3211//3058
f 3006//3059 3039//3059 3231//3059 3198//3059
f 3001//3009 3029//3009 3221//3009 3158//3009
f 3229//164 3186//164 3230//164
f 3228//164 3185//164 3229//164
f 3186//164 3187//164 3230//164
f 3182//164 3210//164 3181//164
f 3203//1892 3190//1892 3191//1892
f 3201//1892 3184//1892 3228//1892
f 3197//164 3184//164 3201//164
f 3190//164 3215//164 3214//164
f 3187//164 3188//164 3231//164
f 3211//164 3183//164 3212//164
f 3188//164 3189//164 3213//164
f 3210//164 3182//164 3211//164
f 3213//164 3198//164 3188//164
f 3233//164 3232//164 3161//164
f 3197//164 3212//164 3183//164
f 3176//2692 3177//2692 3199//2692
f 3189//164 3190//164 3214//164
f 3122//3176 3171//3176 3207//3176
f 3203//1202 3215//1202 3190//1202
f 3157//1892 3177//1892 3178//1892
f 3202//3177 3219//3177 3162//3177
f 3184//164 3197//164 3183//164
f 3189//164 3214//164 3213//164
f 3234//2692 3203//2692 3191//2692
f 3196//164 3207//164 3171//164
f 3172//3178 3173//3178 3224//3178
f 3216//164 3157//164 3178//164
f 3217//164 3216//164 3178//164
f 3191//164 3160//164 3234//164
f 3235//164 3234//164 3165//164
f 3195//164 3235//164 3165//164
f 3219//164 3194//164 3162//164
f 3179//164 3218//164 3217//164
f 3193//164 3233//164 3161//164
f 3205//164 3204//164 3168//164
f 3158//164 3159//164 3232//164
f 3188//164 3198//164 3231//164
f 3195//164 3192//164 3166//164
f 3234//164 3160//164 3165//164
f 3208//164 3209//164 3167//164
f 3164//164 3159//164 3158//164
f 3164//164 3158//164 3221//164
f 3220//164 3163//164 3221//164
f 3204//164 3208//164 3167//164
f 3209//164 3166//164 3167//164
f 3204//164 3167//164 3168//164
f 3162//164 3163//164 3220//164
f 3169//1865 3205//1865 3168//1865
f 3220//164 3202//164 3162//164
f 3170//164 3206//164 3169//164
f 3159//164 3161//164 3232//164
f 3182//164 3183//164 3211//164
f 3171//164 3172//164 3223//164
f 3122//164 3207//164 3170//164
f 3194//164 3219//164 3218//164
f 3195//164 3165//164 3192//164
f 3180//164 3194//164 3218//164
f 3179//164 3180//164 3218//164
f 3207//164 3206//164 3170//164
f 3206//164 3205//164 3169//164
f 3209//164 3195//164 3166//164
f 3178//164 3179//164 3217//164
f 3177//164 3222//164 3199//164
f 3210//1915 3200//1915 3181//1915
f 3187//164 3231//164 3230//164
f 3193//164 3181//164 3200//164
f 3184//164 3185//164 3228//164
f 3233//164 3193//164 3200//164
f 3177//164 3157//164 3222//164
f 3185//164 3186//164 3229//164
f 3176//164 3199//164 3227//164
f 3196//164 3171//164 3223//164
f 3223//164 3172//164 3224//164
f 3174//164 3175//164 3226//164
f 3175//164 3227//164 3226//164
f 3175//164 3176//164 3227//164
f 3224//164 3173//164 3225//164
f 3173//164 3174//164 3225//164
f 3225//164 3174//164 3226//164
f 3163//164 3164//164 3221//164
f 1304//176 1306//176 2223//176
f 3237//176 1302//176 1201//176
f 3240//176 1192//176 1318//176
f 1209//3179 1299//3179 3236//3179
f 3239//176 1190//176 1302//176
f 1307//176 1211//176 1122//176
f 1306//176 1122//176 2223//176
f 3239//176 1304//176 2247//176
f 2247//176 1304//176 2223//176
f 1186//3180 2223//3180 1122//3180
f 3241//176 1186//176 1122//176
f 1198//3181 3241//3181 1122//3181
f 2229//176 1198//176 1122//176
f 1117//3180 2229//3180 1122//3180
f 1197//176 1320//176 2220//176
