# Blender 5.0.1
# www.blender.org
mtllib i02_head_jaw_visual.mtl
o i02_head_jaw_visual.001
v -0.416360 -0.024438 -0.213914
v -0.422892 -0.049513 -0.204532
v -0.421645 -0.076574 -0.210286
v -0.415498 -0.093943 -0.224206
v -0.401536 -0.102925 -0.252038
v -0.388855 -0.091092 -0.274831
v -0.381505 -0.072754 -0.286619
v -0.378892 -0.046352 -0.288333
v -0.384341 -0.018765 -0.274473
v -0.395846 -0.007851 -0.251100
v -0.406474 -0.010109 -0.231046
v -0.225639 -0.316096 -0.409033
v -0.224957 -0.348550 -0.408332
v -0.212374 -0.367796 -0.412677
v -0.193726 -0.378826 -0.419638
v -0.171125 -0.378322 -0.428491
v -0.151556 -0.366421 -0.436498
v -0.141038 -0.346788 -0.441196
v -0.140344 -0.318654 -0.442307
v -0.162529 -0.290032 -0.434487
v -0.192315 -0.285770 -0.422967
v -0.210671 -0.295274 -0.415507
v 0.421706 -0.036024 -0.207484
v 0.424289 -0.069490 -0.206706
v 0.416718 -0.093963 -0.224236
v 0.407439 -0.101643 -0.242946
v 0.396283 -0.099111 -0.263976
v 0.383545 -0.076836 -0.285581
v 0.380149 -0.046000 -0.288242
v 0.385564 -0.018795 -0.274497
v 0.397051 -0.007856 -0.251157
v 0.409914 -0.011488 -0.226996
v 0.218631 -0.302222 -0.412670
v 0.228967 -0.326626 -0.407899
v 0.220422 -0.361109 -0.410211
v 0.193916 -0.379233 -0.420036
v 0.167103 -0.376692 -0.430595
v 0.144618 -0.355281 -0.440025
v 0.140927 -0.323450 -0.442418
v 0.150414 -0.302923 -0.439322
v 0.170784 -0.287008 -0.431832
v 0.200875 -0.287893 -0.420040
v -0.108852 -0.586665 -0.329108
v -0.173106 -0.557735 -0.342336
v -0.143307 -0.573354 -0.367993
v -0.416662 -0.257239 -0.219408
v -0.375212 -0.334612 -0.257698
v -0.216804 -0.534083 -0.310500
v -0.243827 -0.472180 -0.382600
v -0.191524 -0.536859 -0.384404
v -0.246217 -0.511357 -0.305831
v -0.346732 -0.375823 -0.277742
v -0.353720 -0.241793 -0.341655
v -0.317324 -0.277072 -0.374033
v -0.249203 -0.408321 -0.411234
v -0.216776 -0.395217 -0.433687
v -0.299235 -0.407811 -0.345474
v -0.481134 -0.083082 -0.102943
v -0.449093 -0.177114 -0.173568
v -0.477261 -0.063902 -0.117126
v -0.276027 -0.338524 -0.398399
v -0.442442 0.017709 -0.205851
v -0.493419 0.017694 -0.063193
v -0.407125 0.017694 -0.275198
v -0.308666 -0.051278 -0.362531
v -0.324075 -0.130095 -0.362579
v -0.369028 -0.058053 -0.323118
v -0.401556 -0.077881 -0.294224
v -0.335214 -0.177082 -0.360551
v -0.279892 -0.264277 -0.403733
v -0.116810 -0.325518 -0.472906
v -0.061368 -0.362900 -0.482430
v -0.080574 -0.307254 -0.476974
v -0.044266 -0.607668 -0.358093
v -0.469374 -0.067314 -0.116678
v -0.469375 -0.075077 -0.039680
v -0.469375 -0.050668 -0.031061
v -0.469375 -0.064317 -0.067133
v -0.151817 -0.246627 -0.430901
v -0.118631 -0.281419 -0.435943
v -0.297293 -0.296008 -0.270592
v -0.330580 -0.302201 -0.221087
v -0.342181 -0.058450 -0.215603
v -0.417882 -0.071152 -0.143791
v -0.451701 -0.042860 -0.057122
v -0.254072 -0.068361 -0.327445
v -0.226178 -0.118191 -0.344389
v -0.326898 0.017694 -0.293705
v -0.190456 -0.180035 -0.364624
v -0.195310 -0.248100 -0.367202
v -0.153097 -0.283916 -0.383256
v -0.220769 -0.336135 -0.325561
v -0.304004 -0.373457 -0.266585
v -0.236063 -0.346885 -0.298037
v -0.281153 -0.030767 -0.321132
v -0.451701 -0.042803 -0.094859
v -0.451701 -0.062662 -0.088169
v -0.451701 -0.065445 -0.070166
v -0.127151 -0.359583 -0.302518
v -0.246617 -0.363011 -0.282612
v -0.111947 -0.586317 -0.273595
v -0.246850 -0.512736 -0.266063
v -0.043146 -0.602854 -0.275236
v -0.067749 -0.399707 -0.251826
v -0.237356 -0.396148 -0.251807
v -0.297617 -0.454640 -0.260025
v -0.099952 -0.511472 -0.328214
v -0.102810 -0.501185 -0.327159
v -0.093075 -0.493072 -0.326327
v -0.083376 -0.504248 -0.327474
v -0.089291 -0.512337 -0.328304
v -0.487237 -0.003010 -0.086259
v -0.477814 -0.018779 -0.111347
v -0.475494 -0.043590 -0.119992
v -0.497433 -0.088689 -0.058737
v -0.469375 -0.095228 0.069783
v -0.451701 -0.049033 0.049421
v -0.451701 -0.067477 0.018339
v -0.451701 -0.079705 0.025619
v -0.451701 -0.054503 0.020344
v -0.451699 -0.082723 0.041954
v -0.535433 -0.106842 0.050367
v -0.421972 -0.177162 0.061176
v -0.148673 -0.510579 -0.440776
v -0.134751 -0.564743 -0.403358
v -0.082518 -0.521619 -0.453806
v 0.002098 -0.574392 -0.423910
v 0.178475 -0.558073 -0.312487
v 0.107171 -0.587319 -0.328203
v 0.087841 -0.595617 -0.355823
v 0.418121 -0.254318 -0.217839
v 0.374564 -0.335594 -0.258258
v 0.225612 -0.528810 -0.303288
v 0.239866 -0.476038 -0.385069
v 0.190084 -0.539166 -0.382102
v 0.247220 -0.509977 -0.306720
v 0.346004 -0.377411 -0.278369
v 0.311779 -0.436287 -0.293571
v 0.353087 -0.243818 -0.342090
v 0.322112 -0.267281 -0.371099
v 0.264876 -0.404450 -0.397154
v 0.226735 -0.396132 -0.427968
v 0.300586 -0.402567 -0.347150
v 0.449101 -0.177175 -0.173669
v 0.476740 -0.055780 -0.119657
v 0.441831 0.017708 -0.207048
v 0.406893 0.017676 -0.275312
v 0.409491 -0.011082 -0.274299
v 0.309018 -0.050673 -0.362202
v 0.369362 -0.077012 -0.324611
v 0.118066 -0.332232 -0.472562
v 0.181058 -0.394717 -0.450072
v 0.108609 -0.293069 -0.470303
v 0.469375 -0.001736 -0.075838
v 0.469375 -0.060641 -0.118460
v 0.469376 -0.091727 -0.080275
v 0.469375 -0.088387 -0.057542
v 0.469376 -0.074926 -0.040640
v 0.469376 -0.027160 -0.073852
v 0.451702 -0.110314 -0.115936
v 0.161858 -0.232690 -0.423242
v 0.117730 -0.281972 -0.433132
v 0.196746 -0.199145 -0.429482
v 0.339327 -0.288151 -0.213107
v 0.389227 -0.177415 -0.147626
v 0.354433 -0.143097 -0.204075
v 0.417680 -0.071003 -0.143856
v 0.374093 -0.016925 -0.189119
v 0.256933 -0.066193 -0.322301
v 0.293674 -0.033408 -0.288104
v 0.246200 -0.082958 -0.335652
v 0.326899 0.017694 -0.293705
v 0.150019 -0.283330 -0.383918
v 0.117248 -0.290327 -0.394813
v 0.222138 -0.334520 -0.326889
v 0.311202 -0.368551 -0.264347
v 0.233601 -0.345761 -0.301490
v 0.236662 -0.122070 -0.377289
v 0.043369 -0.324025 -0.414725
v 0.127152 -0.359583 -0.302518
v 0.246618 -0.363011 -0.282612
v 0.168691 -0.563485 -0.271319
v 0.043265 -0.602325 -0.275257
v 0.109496 -0.586979 -0.273626
v 0.090443 -0.398670 -0.251782
v 0.237357 -0.396148 -0.251807
v 0.238470 -0.521420 -0.266956
v 0.297366 -0.454946 -0.260084
v 0.476544 -0.025357 -0.115376
v 0.469376 -0.096847 0.006095
v 0.469376 -0.107141 0.024905
v 0.469375 -0.107342 0.051523
v 0.469376 -0.091909 0.072218
v 0.469376 -0.072821 0.081321
v 0.469376 -0.051354 0.051695
v 0.451702 -0.057712 0.018275
v 0.469375 -0.081666 0.029706
v 0.540553 -0.100047 0.065723
v 0.436726 0.017694 -0.143759
v 0.421051 0.017034 -0.143605
v 0.421973 -0.177162 0.061176
v -0.000122 -0.612461 -0.350575
v -0.012247 -0.323242 -0.419114
v 0.141819 -0.518351 -0.439333
v 0.137336 -0.563244 -0.403269
v 0.083866 -0.521199 -0.453703
v -0.183568 -0.548020 -0.368344
v -0.302240 -0.379734 -0.359017
v -0.315827 -0.317028 -0.361173
v -0.518841 -0.036255 0.000088
v -0.322932 -0.088823 -0.359875
v -0.370389 -0.097597 -0.326072
v -0.257088 -0.189588 -0.406745
v -0.292329 -0.224658 -0.393943
v -0.155988 -0.361880 -0.460291
v -0.469375 -0.090068 -0.062841
v -0.469375 -0.010085 -0.049780
v -0.244957 -0.256925 -0.330160
v -0.297555 -0.200819 -0.275766
v -0.451707 0.017694 -0.115933
v -0.250232 -0.115824 -0.315557
v -0.297402 -0.024814 -0.289926
v -0.151446 -0.245873 -0.391439
v -0.233295 -0.218383 -0.338211
v -0.264042 -0.324645 -0.295674
v -0.065923 -0.311865 -0.452694
v -0.469381 -0.090341 -0.090340
v -0.469374 -0.001499 -0.079071
v -0.451703 -0.056238 -0.058654
v -0.469375 -0.012020 -0.103718
v -0.302699 -0.423002 -0.286983
v -0.073319 -0.358726 -0.312146
v -0.451701 0.017694 0.094768
v -0.026416 -0.604212 -0.305186
v -0.056631 -0.312543 -0.481227
v -0.014714 -0.313572 -0.485932
v -0.469375 -0.032160 -0.063355
v -0.320136 -0.421297 -0.292395
v -0.349596 -0.322030 -0.309622
v -0.178671 -0.557958 -0.312859
v -0.451701 -0.044202 -0.115936
v -0.223434 -0.137289 -0.337450
v -0.245848 -0.147941 -0.320462
v -0.138415 -0.261536 -0.396729
v -0.243482 -0.300872 -0.325642
v -0.177743 -0.202120 -0.388239
v -0.389679 -0.283042 -0.226053
v -0.423805 -0.195376 -0.241151
v -0.220193 -0.244289 -0.431253
v -0.352597 -0.148008 -0.206365
v -0.506261 -0.177109 -0.034348
v -0.233873 -0.319586 -0.427421
v -0.506310 -0.056916 -0.031562
v -0.385164 -0.118015 -0.171522
v -0.236051 -0.112120 -0.361919
v -0.270537 -0.219071 -0.305449
v -0.251806 -0.435658 -0.396998
v -0.396255 -0.110717 -0.304747
v -0.436725 0.017694 -0.143759
v -0.169777 -0.234438 -0.444472
v -0.358738 -0.191086 -0.340515
v -0.209034 -0.516150 -0.387316
v -0.193695 -0.506578 -0.417454
v -0.407426 -0.167922 -0.281547
v -0.263144 -0.367423 -0.407582
v -0.462751 -0.004561 -0.151501
v -0.302878 -0.439710 -0.292285
v -0.209883 -0.475870 -0.415350
v -0.273123 -0.339090 -0.282460
v -0.296612 -0.454454 -0.284262
v -0.326457 0.006446 -0.266801
v -0.137493 -0.260795 -0.413112
v -0.469375 -0.037710 -0.093173
v -0.256746 -0.117267 -0.393376
v -0.184394 -0.276823 -0.374346
v -0.206695 -0.278417 -0.359488
v -0.093768 -0.299969 -0.443490
v -0.358532 0.017683 -0.323778
v 0.001683 -0.368683 -0.302978
v -0.309082 -0.335128 -0.240694
v -0.238386 -0.383968 -0.268048
v -0.301272 -0.075462 -0.262458
v -0.539509 -0.177161 0.061561
v -0.329731 -0.020245 -0.236919
v -0.279455 -0.392938 -0.281545
v -0.434830 -0.117170 -0.242275
v -0.498026 -0.006162 -0.055491
v -0.458267 0.017609 -0.154713
v -0.505485 -0.029759 -0.033771
v -0.388001 -0.234595 -0.190527
v -0.062531 -0.598578 -0.310169
v -0.294619 -0.438805 -0.274721
v -0.117540 -0.290098 -0.394139
v -0.176752 -0.302664 -0.366658
v -0.302760 -0.355700 -0.255169
v -0.469375 -0.027902 -0.078085
v -0.332003 0.017749 -0.277715
v -0.138377 -0.323208 -0.350085
v -0.311076 -0.435376 -0.292696
v -0.550893 0.017694 0.095776
v -0.469375 -0.029787 -0.034123
v -0.291881 -0.433400 -0.333751
v -0.283922 -0.461528 -0.315688
v -0.256794 -0.478862 -0.351048
v -0.286997 -0.374916 -0.382500
v -0.451703 -0.029530 -0.066406
v -0.198752 -0.188679 -0.357348
v -0.203110 -0.164760 -0.381752
v -0.051456 -0.323796 -0.412021
v -0.469374 -0.054142 -0.093516
v -0.382075 -0.015079 -0.180821
v -0.050526 -0.365008 -0.309011
v -0.027656 -0.386836 -0.269784
v -0.173780 -0.391945 -0.250992
v -0.469375 -0.049477 -0.056007
v -0.095658 -0.306666 -0.401739
v -0.395373 -0.223292 -0.284955
v -0.398488 -0.150866 -0.299407
v -0.074880 -0.587250 -0.392951
v -0.469369 -0.032678 -0.119057
v -0.451701 -0.096124 0.094768
v -0.185691 -0.485715 -0.429103
v -0.451701 -0.029801 -0.084444
v -0.374361 -0.171383 -0.172435
v -0.282997 -0.057597 -0.290699
v -0.287798 -0.022253 -0.307538
v -0.191119 -0.318715 -0.353898
v -0.073815 -0.316534 -0.418943
v -0.368365 0.003919 -0.209874
v -0.469374 -0.064988 -0.083358
v -0.206596 -0.185317 -0.423336
v -0.110677 -0.291521 -0.469319
v -0.314314 -0.242422 -0.380712
v -0.402649 0.017346 -0.173860
v -0.134576 -0.272600 -0.461319
v -0.388783 -0.176939 -0.147383
v -0.354833 -0.254515 -0.194615
v -0.137899 -0.405447 -0.464352
v -0.155923 -0.305137 -0.460013
v -0.070744 -0.600663 -0.357815
v -0.179257 -0.527111 -0.413511
v -0.198352 -0.548926 -0.269894
v -0.083352 -0.500910 -0.264804
v 0.003663 -0.606606 -0.275704
v -0.164536 -0.340816 -0.334898
v -0.094546 -0.493939 -0.264079
v -0.188249 -0.348937 -0.320237
v -0.111003 -0.307841 -0.373599
v -0.276293 -0.417405 -0.254944
v -0.103663 -0.502408 -0.264971
v -0.203520 -0.361544 -0.290001
v -0.081644 -0.379132 -0.277453
v -0.093158 -0.514303 -0.266168
v -0.469375 -0.050136 -0.005507
v -0.469375 -0.096835 0.006094
v -0.469375 -0.081280 0.045742
v -0.469375 -0.107011 0.050089
v -0.469375 -0.043564 0.077975
v -0.469375 -0.072918 -0.007322
v -0.469375 -0.020884 0.024906
v -0.469375 -0.072832 0.081318
v -0.469374 -0.071767 0.019201
v -0.469375 -0.031182 0.006089
v -0.469374 -0.108201 0.028350
v -0.469374 -0.020681 0.051522
v -0.451701 -0.062662 0.056379
v -0.469374 -0.082355 0.031293
v -0.469375 -0.045232 0.033382
v -0.542768 -0.093841 0.072358
v -0.451701 -0.075009 0.052732
v -0.515651 -0.065106 -0.008979
v -0.469375 -0.047823 0.047945
v -0.546549 -0.059537 0.083632
v -0.469375 -0.053605 0.020563
v -0.529035 -0.018698 0.031134
v -0.469375 -0.065972 0.057037
v -0.311322 -0.020171 -0.332897
v -0.489998 -0.091731 -0.080938
v -0.540551 -0.027976 0.065724
v -0.527980 -0.108454 0.027964
v -0.550895 -0.096123 0.095776
v -0.519170 -0.092595 0.000972
v -0.502998 -0.075948 -0.041501
v -0.517171 0.017669 -0.005406
v -0.420485 0.017066 -0.143622
v -0.451701 -0.110314 -0.115936
v -0.421972 -0.145164 0.074503
v -0.421972 -0.145164 -0.079043
v -0.421972 -0.177162 -0.115936
v -0.451701 -0.145164 -0.079043
v -0.451701 -0.145164 0.074638
v -0.451701 -0.145164 -0.012757
v -0.451701 0.017694 -0.033677
v -0.421972 -0.110314 -0.115936
v 0.006685 -0.363106 -0.486700
v -0.012769 -0.313577 -0.455292
v -0.100009 -0.486589 -0.461771
v -0.109787 -0.548428 -0.431614
v -0.039466 -0.485736 -0.472085
v -0.077698 -0.571197 -0.418066
v -0.011434 -0.548214 -0.447566
v -0.083292 -0.407078 -0.477659
v -0.134603 -0.573377 -0.386111
v 0.478027 -0.073631 -0.112228
v 0.424504 -0.194499 -0.239995
v 0.315936 -0.317886 -0.360887
v 0.459372 0.017652 -0.151157
v 0.271263 -0.201907 -0.401373
v 0.289986 -0.234951 -0.396743
v 0.163008 -0.368772 -0.457647
v 0.469377 -0.009631 -0.100864
v 0.048724 -0.606780 -0.359186
v 0.246677 -0.255414 -0.328654
v 0.296686 -0.296581 -0.271102
v 0.451702 -0.043331 -0.115936
v 0.251798 -0.114515 -0.314305
v 0.183410 -0.200810 -0.368270
v 0.211075 -0.242204 -0.356340
v 0.161730 -0.253653 -0.385396
v 0.254607 -0.319345 -0.309630
v 0.264341 -0.325042 -0.295229
v 0.067956 -0.311443 -0.455377
v 0.469376 -0.061289 -0.062333
v 0.469378 -0.082066 -0.104789
v 0.145821 -0.325638 -0.348568
v 0.051085 -0.359202 -0.322558
v 0.302833 -0.439739 -0.292261
v 0.071291 -0.360881 -0.309629
v 0.317767 -0.294052 -0.239448
v 0.358462 0.017671 -0.323891
v 0.094677 -0.299765 -0.454495
v 0.349950 -0.321211 -0.309541
v 0.517558 0.017694 -0.004203
v 0.220674 -0.143429 -0.338542
v 0.250123 -0.157802 -0.317984
v 0.140425 -0.258437 -0.396576
v 0.216299 -0.296429 -0.350237
v 0.451702 -0.047633 -0.056192
v 0.001432 -0.347105 -0.354546
v 0.198481 -0.253405 -0.439913
v 0.506825 -0.177120 -0.032655
v 0.255073 -0.369940 -0.413076
v 0.281597 -0.366421 -0.390846
v 0.398927 -0.026495 -0.289390
v 0.386624 -0.115198 -0.314557
v 0.276820 -0.291237 -0.403255
v 0.053476 -0.312995 -0.482013
v 0.294670 -0.383295 -0.369124
v 0.550895 0.017694 0.095776
v 0.299580 -0.195693 -0.273394
v 0.380564 -0.115673 -0.177169
v 0.196296 -0.170626 -0.360184
v 0.469376 -0.047523 -0.094831
v 0.451702 -0.040184 -0.093560
v 0.010770 -0.606829 -0.314542
v 0.247412 -0.448964 -0.394828
v 0.408429 -0.087143 -0.287922
v 0.138079 -0.260112 -0.423116
v 0.420340 -0.005844 -0.256071
v 0.356527 -0.194047 -0.342617
v 0.469376 -0.010119 -0.049774
v 0.469376 -0.041866 -0.056549
v 0.192884 -0.507527 -0.417686
v 0.209388 -0.516437 -0.386162
v 0.244702 -0.410883 -0.413641
v 0.420980 -0.134144 -0.267929
v 0.462236 -0.005168 -0.153288
v 0.210802 -0.472450 -0.415896
v 0.273142 -0.339188 -0.282456
v 0.300813 -0.395576 -0.284256
v 0.295342 -0.455083 -0.289849
v 0.176924 -0.392459 -0.251056
v 0.323770 0.003045 -0.265544
v 0.172068 -0.212708 -0.395894
v 0.196529 -0.182852 -0.402953
v 0.261594 -0.111174 -0.390424
v 0.329348 -0.019169 -0.238456
v 0.270796 -0.218506 -0.305178
v 0.183397 -0.276354 -0.374736
v 0.469376 -0.035174 -0.090963
v 0.469376 -0.066133 -0.076222
v 0.280914 -0.030908 -0.321031
v 0.238387 -0.383968 -0.268048
v 0.539509 -0.177161 0.061561
v 0.079370 -0.381012 -0.274529
v 0.340471 -0.046072 -0.218620
v 0.279456 -0.392938 -0.281545
v 0.173261 -0.557643 -0.342406
v 0.493783 0.017495 -0.062230
v 0.056595 -0.600234 -0.313303
v 0.498343 -0.007398 -0.054726
v 0.390027 -0.227760 -0.186032
v 0.294620 -0.438805 -0.274721
v 0.298158 -0.078470 -0.266028
v 0.174592 -0.300750 -0.368435
v 0.303253 -0.353019 -0.253188
v 0.451702 -0.053169 -0.094049
v 0.451702 -0.061910 -0.063551
v 0.332108 0.017749 -0.277411
v 0.129826 -0.319990 -0.352928
v 0.000510 -0.398454 -0.486814
v 0.451705 -0.029302 -0.066265
v 0.056029 -0.375225 -0.482941
v 0.469376 -0.030777 -0.033595
v 0.291132 -0.431583 -0.337065
v 0.175145 -0.555190 -0.363788
v 0.278776 -0.464254 -0.325274
v 0.550888 -0.096123 0.095776
v 0.160668 -0.230362 -0.387109
v 0.206929 -0.153712 -0.367355
v 0.050031 -0.315984 -0.441343
v 0.469376 -0.060816 -0.089514
v 0.417541 -0.033003 -0.143797
v 0.025847 -0.386949 -0.269684
v 0.075945 -0.316183 -0.416826
v 0.148568 -0.570688 -0.360945
v 0.398759 -0.149768 -0.299193
v 0.396329 -0.219549 -0.284938
v 0.388103 -0.283542 -0.225911
v 0.322207 -0.099253 -0.361125
v 0.080545 -0.307300 -0.477668
v 0.074439 -0.586237 -0.395198
v 0.469364 -0.033854 -0.119619
v 0.496059 -0.090034 -0.062984
v 0.483429 -0.007215 -0.096685
v 0.502339 -0.078856 -0.043872
v 0.451702 -0.096124 0.094768
v 0.183728 -0.487713 -0.429653
v 0.304076 -0.388310 -0.272846
v 0.287799 -0.022253 -0.307538
v 0.231651 -0.160553 -0.332172
v 0.191120 -0.318715 -0.353898
v 0.308920 -0.335480 -0.240914
v 0.370665 0.003787 -0.206930
v 0.451702 -0.066246 -0.080930
v 0.313374 -0.243284 -0.381448
v 0.402460 0.017342 -0.174117
v 0.139937 -0.267777 -0.459069
v 0.378623 -0.202925 -0.163944
v 0.331125 -0.174288 -0.363446
v 0.234355 -0.233267 -0.423726
v 0.451702 0.017694 0.094768
v 0.186678 -0.523188 -0.410120
v 0.276679 -0.338673 -0.397837
v 0.165360 -0.340737 -0.335045
v 0.188766 -0.349097 -0.319917
v 0.098388 -0.323997 -0.355152
v 0.276294 -0.417405 -0.254944
v 0.194486 -0.365910 -0.283984
v 0.469376 -0.050135 -0.005507
v 0.540551 -0.027973 0.065720
v 0.469376 -0.082313 0.043248
v 0.518845 -0.036268 0.000080
v 0.469376 -0.069194 0.056326
v 0.515650 -0.065113 -0.008979
v 0.529033 -0.018699 0.031127
v 0.545532 -0.050303 0.080631
v 0.451702 -0.075932 0.021939
v 0.469376 -0.070955 0.018839
v 0.469376 -0.047080 0.027975
v 0.469376 -0.072940 -0.007321
v 0.469376 -0.056270 0.019678
v 0.469376 -0.031182 0.006089
v 0.469375 -0.020681 0.051523
v 0.451702 -0.060176 0.056414
v 0.469376 -0.043561 0.077973
v 0.469376 -0.020883 0.024902
v 0.469376 -0.045202 0.040386
v 0.451702 -0.046743 0.045742
v 0.451702 -0.076208 0.051989
v 0.546114 -0.072800 0.082437
v 0.451703 -0.083666 0.037285
v 0.308045 -0.022797 -0.333580
v 0.451740 0.017770 -0.115582
v 0.519159 -0.092617 0.000999
v 0.529042 -0.109327 0.031140
v 0.506444 -0.055856 -0.031191
v 0.486909 -0.090638 -0.089134
v 0.504876 -0.025637 -0.035529
v 0.421973 -0.145164 0.074503
v 0.451702 -0.145164 -0.079043
v 0.421973 -0.145164 -0.079043
v 0.421973 -0.110314 -0.115936
v 0.469376 -0.055856 -0.031555
v 0.451702 -0.145164 0.074638
v 0.451699 0.017701 -0.010657
v 0.138241 -0.543401 -0.424308
v 0.137862 -0.492730 -0.449291
v 0.072195 -0.491351 -0.466426
v 0.082950 -0.548528 -0.438209
v 0.085942 -0.570712 -0.416263
v 0.080268 -0.408633 -0.478104
v 0.002986 -0.480885 -0.476015
v 0.000754 -0.521094 -0.463448
v 0.125338 -0.406347 -0.467747
v 0.135952 -0.572861 -0.385539
v -0.212437 -0.302165 -0.351748
v -0.248141 -0.323474 -0.314153
v -0.275931 -0.408824 -0.270745
v -0.451703 -0.044898 0.033266
v -0.436722 -0.071270 -0.143759
v 0.000175 -0.602006 -0.386186
v 0.451702 -0.030299 -0.085373
v 0.490862 -0.001975 -0.076231
v 0.275932 -0.408824 -0.270745
v 0.087667 -0.548662 -0.269686
v 0.451702 -0.045631 0.031492
v 0.436723 -0.071270 -0.143759
v 0.421973 -0.177162 -0.115936
v 0.181756 -0.379097 -0.450431
v 0.439937 -0.026538 -0.222439
v 0.444241 -0.048627 -0.215670
v -0.429494 -0.011503 -0.237034
v 0.395970 -0.040755 -0.295229
v 0.444308 -0.071499 -0.219319
v -0.440996 -0.030068 -0.220525
v -0.172098 -0.290090 -0.452950
v 0.233330 -0.317368 -0.427415
v -0.215776 -0.293301 -0.436271
v 0.149684 -0.345062 -0.463007
v -0.444612 -0.057148 -0.216401
v -0.146839 -0.331212 -0.464310
v 0.438577 -0.092873 -0.235381
v 0.235247 -0.337261 -0.425133
v -0.194426 -0.285854 -0.444357
v -0.442660 -0.080199 -0.224303
v 0.226586 -0.363734 -0.430311
v -0.200119 -0.380011 -0.442664
v 0.151840 -0.312922 -0.461901
v 0.428246 -0.100423 -0.255686
v -0.219220 -0.369580 -0.433896
v 0.429749 -0.011542 -0.236518
v -0.432009 -0.099591 -0.248231
v 0.202189 -0.379639 -0.441693
v -0.231522 -0.351032 -0.427149
v -0.175967 -0.377739 -0.452794
v 0.418176 -0.097388 -0.275387
v 0.173195 -0.290079 -0.452600
v -0.417944 -0.097384 -0.275750
v 0.203197 -0.286339 -0.441204
v 0.397411 -0.064826 -0.296815
v -0.395232 -0.049582 -0.297349
v 0.226366 -0.302907 -0.431770
v -0.420443 -0.005802 -0.255866
v -0.396825 -0.031642 -0.292221
v -0.407153 -0.012501 -0.277584
v 0.095687 -0.513444 -0.266081
v 0.083657 -0.507368 -0.265476
v 0.085970 -0.497283 -0.264414
v 0.096491 -0.494084 -0.264086
v 0.102963 -0.504277 -0.265153
v 0.086381 -0.511356 -0.328203
v 0.084450 -0.499108 -0.326947
v 0.101454 -0.510182 -0.328084
v 0.097088 -0.493894 -0.326411
v -0.451487 0.129800 0.065187
v -0.421979 0.129800 0.065188
v -0.489239 0.017881 0.068130
v -0.451487 0.087196 0.228161
v -0.421979 0.087196 0.228161
v -0.451487 0.092109 0.172103
v -0.451487 0.637716 0.374398
v -0.421979 0.633344 0.364172
v -0.421979 0.641979 0.482089
v -0.451487 0.641979 0.482089
v -0.451487 0.555563 0.378002
v -0.421979 0.549824 0.379951
v -0.421979 0.600810 0.377988
v -0.451487 0.534704 0.395263
v -0.421979 0.529527 0.408259
v -0.451487 0.529462 0.428661
v -0.421979 0.534563 0.441742
v -0.451487 0.549756 0.457389
v -0.421979 0.555191 0.459221
v -0.451487 0.600622 0.459035
v -0.421979 0.606145 0.457196
v -0.451487 0.621235 0.441906
v -0.421979 0.626412 0.428910
v -0.451487 0.626478 0.408508
v -0.421979 0.621375 0.395426
v -0.451487 0.606253 0.379833
v -0.451487 0.630292 0.362469
v -0.451487 0.515029 0.346696
v -0.421979 0.515029 0.346696
v -0.451487 0.475880 0.331393
v -0.421979 0.475880 0.331393
v -0.451487 0.442170 0.239377
v -0.421979 0.442170 0.239377
v -0.421979 0.517411 0.486849
v -0.451487 0.517411 0.486849
v -0.421979 0.345020 0.430894
v -0.451487 0.345020 0.430894
v -0.421979 0.268136 0.330712
v -0.451487 0.268136 0.330712
v -0.451487 0.495935 0.368633
v -0.451487 0.511510 0.475408
v -0.451487 0.345252 0.413246
v -0.451487 0.279714 0.329271
v -0.474526 0.475880 0.331393
v -0.474526 0.442170 0.239377
v -0.474526 0.279714 0.329271
v -0.474526 0.345252 0.413246
v -0.491118 0.112082 0.085004
v -0.451487 0.112082 0.085004
v -0.482343 0.017881 -0.057729
v -0.491118 0.092109 0.172103
v -0.474526 0.352307 0.301632
v -0.421979 0.355089 0.301576
v -0.421979 0.327951 0.312434
v -0.474526 0.326024 0.314463
v -0.421979 0.316303 0.339679
v -0.474526 0.316359 0.342493
v -0.421979 0.327075 0.367302
v -0.474526 0.329082 0.369253
v -0.421979 0.353845 0.379079
v -0.474526 0.356627 0.379024
v -0.421979 0.380983 0.368221
v -0.474526 0.382910 0.366192
v -0.421979 0.392632 0.340977
v -0.474526 0.392576 0.338162
v -0.421979 0.381859 0.313353
v -0.474526 0.379852 0.311402
v -0.451487 0.017881 0.068130
v -0.451487 0.017881 -0.116859
v -0.451487 0.017881 -0.057729
v -0.451488 -0.044332 0.037783
v -0.421977 -0.043656 0.036629
v -0.451487 -0.050624 0.051518
v -0.421976 -0.057083 0.056365
v -0.451488 -0.065043 0.056557
v -0.421979 -0.077029 0.051463
v -0.451488 -0.078444 0.050046
v -0.421979 -0.083167 0.039469
v -0.451487 -0.083419 0.036488
v -0.421979 -0.080152 0.026202
v -0.451487 -0.078225 0.023911
v -0.421978 -0.068262 0.017990
v -0.451489 -0.064506 0.017293
v -0.421980 -0.053466 0.020335
v -0.451486 -0.049127 0.023986
v -0.421980 -0.029118 -0.067191
v -0.451487 -0.029235 -0.067976
v -0.421979 -0.043070 -0.056884
v -0.451487 -0.039927 -0.057790
v -0.421977 -0.058783 -0.060288
v -0.451487 -0.055216 -0.058315
v -0.421978 -0.066813 -0.078399
v -0.451488 -0.066870 -0.073897
v -0.421979 -0.054908 -0.093695
v -0.421979 -0.039584 -0.093822
v -0.451291 -0.055690 -0.094062
v -0.451429 -0.036343 -0.092003
v -0.421978 -0.029374 -0.084019
v -0.451488 -0.028601 -0.082084
v -0.421979 0.017881 0.094758
v -0.451487 0.017881 0.094758
v -0.421979 -0.096078 0.094758
v -0.451487 -0.096078 0.094758
v -0.421979 -0.143740 0.075378
v -0.451487 -0.143740 0.075378
v -0.421979 -0.143568 -0.080033
v -0.451487 -0.143706 -0.078701
v -0.451487 -0.103340 -0.115695
v -0.421979 0.001972 -0.143215
v -0.436533 0.002159 -0.143226
v -0.421979 -0.071460 -0.142061
v -0.436533 -0.071460 -0.142061
v 0.451484 0.129800 0.065187
v 0.421976 0.129800 0.065188
v 0.489236 0.017881 0.068130
v 0.451484 0.087196 0.228161
v 0.421976 0.087196 0.228161
v 0.451484 0.092109 0.172103
v 0.451484 0.637716 0.374398
v 0.421976 0.633344 0.364172
v 0.421976 0.641979 0.482089
v 0.451484 0.641979 0.482089
v 0.451484 0.555563 0.378002
v 0.421976 0.549824 0.379951
v 0.421976 0.600810 0.377988
v 0.451484 0.534704 0.395262
v 0.421976 0.529527 0.408259
v 0.451484 0.529462 0.428661
v 0.421976 0.534563 0.441742
v 0.451484 0.549756 0.457389
v 0.421976 0.555190 0.459221
v 0.451484 0.600622 0.459035
v 0.421976 0.606145 0.457196
v 0.451484 0.621235 0.441906
v 0.421976 0.626412 0.428910
v 0.451484 0.626478 0.408508
v 0.421976 0.621376 0.395426
v 0.451484 0.606253 0.379833
v 0.451484 0.630292 0.362469
v 0.451484 0.515029 0.346696
v 0.421976 0.515029 0.346696
v 0.451484 0.475880 0.331393
v 0.421976 0.475880 0.331393
v 0.451484 0.442170 0.239377
v 0.421976 0.442170 0.239377
v 0.421976 0.517411 0.486849
v 0.451484 0.517411 0.486849
v 0.421976 0.345019 0.430894
v 0.451484 0.345019 0.430894
v 0.421976 0.268136 0.330712
v 0.451484 0.268136 0.330712
v 0.451484 0.495935 0.368633
v 0.451484 0.511510 0.475408
v 0.451484 0.345252 0.413246
v 0.451484 0.279714 0.329271
v 0.474523 0.475880 0.331393
v 0.474523 0.442170 0.239377
v 0.474523 0.279714 0.329271
v 0.474523 0.345252 0.413246
v 0.491115 0.112082 0.085004
v 0.451484 0.112082 0.085004
v 0.482340 0.017881 -0.057729
v 0.491115 0.092109 0.172103
v 0.474523 0.352307 0.301632
v 0.421976 0.355089 0.301576
v 0.421976 0.327951 0.312434
v 0.474523 0.326024 0.314463
v 0.421976 0.316303 0.339679
v 0.474523 0.316359 0.342493
v 0.421976 0.327075 0.367302
v 0.474523 0.329082 0.369253
v 0.421976 0.353845 0.379079
v 0.474523 0.356627 0.379024
v 0.421976 0.380983 0.368222
v 0.474523 0.382910 0.366193
v 0.421976 0.392632 0.340977
v 0.474523 0.392576 0.338162
v 0.421976 0.381859 0.313353
v 0.474523 0.379853 0.311402
v 0.451484 0.017881 0.068130
v 0.451484 0.017881 -0.116859
v 0.451484 0.017881 -0.057729
v 0.451485 -0.044332 0.037783
v 0.421976 -0.046349 0.047168
v 0.451484 -0.050624 0.051518
v 0.421975 -0.063136 0.056582
v 0.451485 -0.065043 0.056557
v 0.421976 -0.081322 0.047661
v 0.451486 -0.080286 0.048233
v 0.451484 -0.081047 0.025959
v 0.421975 -0.079997 0.025414
v 0.421975 -0.064548 0.017487
v 0.451484 -0.062641 0.017511
v 0.421975 -0.047759 0.024935
v 0.451485 -0.049170 0.024083
v 0.421976 -0.028335 -0.070799
v 0.421976 -0.036196 -0.059721
v 0.451484 -0.030650 -0.064350
v 0.421975 -0.056018 -0.057867
v 0.451484 -0.047397 -0.056484
v 0.421975 -0.066725 -0.076974
v 0.451485 -0.063090 -0.064432
v 0.421975 -0.057909 -0.091821
v 0.451760 -0.064320 -0.085857
v 0.421976 -0.043856 -0.095020
v 0.451507 -0.049431 -0.095093
v 0.421974 -0.030215 -0.086175
v 0.451458 -0.036396 -0.091880
v 0.451484 -0.028677 -0.082428
v 0.421976 0.017881 0.094758
v 0.451484 0.017881 0.094758
v 0.421976 -0.096078 0.094758
v 0.451484 -0.096078 0.094758
v 0.421976 -0.143740 0.075378
v 0.451484 -0.143740 0.075378
v 0.421976 -0.143645 -0.079492
v 0.451485 -0.143708 -0.078729
v 0.451484 -0.103340 -0.115695
v 0.421976 0.001972 -0.143215
v 0.436530 0.002159 -0.143226
v 0.421976 -0.071460 -0.142061
v 0.436530 -0.071460 -0.142061
v -0.267602 -0.426576 -0.256210
v -0.267544 -0.409567 -0.254706
v -0.267618 -0.398946 -0.253322
v -0.267465 -0.391507 -0.252701
v -0.267666 -0.379993 -0.251582
v -0.267729 -0.385375 -0.243590
v -0.267315 -0.379811 -0.243847
v -0.260609 -0.439484 -0.257685
v -0.246827 -0.460433 -0.259630
v -0.257218 -0.379964 -0.251956
v -0.267770 -0.439949 -0.238345
v -0.267626 -0.449101 -0.213552
v -0.267686 -0.440427 -0.208796
v -0.267696 -0.428513 -0.208945
v -0.267480 -0.432043 -0.200501
v -0.267696 -0.416294 -0.227869
v -0.267666 -0.424210 -0.216818
v -0.263972 -0.408204 -0.241463
v -0.267623 -0.405691 -0.242040
v -0.265082 -0.387082 -0.243069
v -0.267672 -0.393671 -0.242968
v -0.264571 -0.383401 -0.201861
v -0.264028 -0.399914 -0.226162
v -0.264721 -0.379731 -0.242505
v -0.264660 -0.379773 -0.228323
v -0.259645 -0.461958 -0.216021
v -0.252724 -0.448387 -0.204350
v -0.264024 -0.397983 -0.241992
v -0.258760 -0.403597 -0.241542
v -0.261289 -0.400346 -0.219819
v -0.254352 -0.401174 -0.208428
v -0.264502 -0.379632 -0.209692
v -0.264127 -0.379512 -0.201374
v -0.242987 -0.458790 -0.207309
v -0.239995 -0.440417 -0.239456
v -0.252826 -0.407793 -0.241337
v -0.247889 -0.412353 -0.240896
v -0.242618 -0.419646 -0.224058
v -0.250354 -0.379573 -0.190199
v -0.236106 -0.493750 -0.232174
v -0.247772 -0.479666 -0.219023
v -0.253622 -0.456887 -0.252966
v -0.250574 -0.424742 -0.240180
v -0.237952 -0.385919 -0.182732
v -0.222209 -0.490136 -0.262671
v -0.209518 -0.503417 -0.263871
v -0.182714 -0.522388 -0.265749
v -0.155272 -0.537725 -0.267179
v -0.228091 -0.509680 -0.224402
v -0.233734 -0.500686 -0.222768
v -0.210613 -0.519374 -0.227494
v -0.210437 -0.494463 -0.217004
v -0.175602 -0.528781 -0.263130
v -0.202246 -0.498965 -0.218875
v -0.185365 -0.504769 -0.235881
v -0.188295 -0.492306 -0.237636
v -0.190928 -0.530324 -0.231003
v -0.176540 -0.538563 -0.233463
v -0.183976 -0.504882 -0.208317
v -0.181317 -0.507277 -0.194639
v -0.180989 -0.510861 -0.165409
v -0.187407 -0.505385 -0.154111
v -0.180928 -0.513798 -0.137228
v -0.179634 -0.500554 -0.237231
v -0.183272 -0.500977 -0.189351
v -0.185172 -0.494891 -0.187918
v -0.166555 -0.519226 -0.226489
v -0.177957 -0.509458 -0.235889
v -0.173135 -0.505296 -0.236780
v -0.174374 -0.507599 -0.189269
v -0.176803 -0.516945 -0.147867
v -0.166986 -0.555519 -0.178198
v -0.170849 -0.550542 -0.159611
v -0.161806 -0.546898 -0.236105
v -0.168622 -0.542705 -0.185791
v -0.166245 -0.537775 -0.138089
v -0.195530 -0.527565 -0.229916
v -0.167823 -0.534805 -0.180693
v -0.165893 -0.525859 -0.205419
v -0.185309 -0.508679 -0.222558
v -0.176151 -0.516158 -0.196008
v -0.166147 -0.510915 -0.236423
v -0.168889 -0.519917 -0.212830
v -0.165807 -0.516724 -0.163436
v -0.168550 -0.516841 -0.138927
v -0.161719 -0.568916 -0.145065
v -0.167506 -0.562149 -0.151861
v -0.164959 -0.547488 -0.192706
v -0.160874 -0.559702 -0.182197
v -0.161181 -0.537423 -0.203416
v -0.162847 -0.531090 -0.202190
v -0.161838 -0.520995 -0.226873
v -0.161987 -0.526696 -0.196642
v -0.162488 -0.515711 -0.235886
v -0.161975 -0.519475 -0.235208
v -0.161173 -0.520367 -0.230583
v -0.159087 -0.523405 -0.188224
v -0.156872 -0.519906 -0.171915
v -0.161506 -0.511889 -0.184689
v -0.155316 -0.510754 -0.182389
v -0.159467 -0.521006 -0.143172
v -0.161266 -0.566322 -0.162548
v -0.147147 -0.555710 -0.238949
v -0.156731 -0.542258 -0.211903
v -0.157401 -0.544491 -0.201042
v -0.157499 -0.555832 -0.190589
v -0.154005 -0.548523 -0.206498
v -0.148327 -0.532691 -0.231049
v -0.155104 -0.527282 -0.229221
v -0.154376 -0.519529 -0.184194
v -0.156261 -0.522033 -0.148156
v -0.155145 -0.519943 -0.149936
v -0.154699 -0.519940 -0.145785
v -0.160607 -0.527145 -0.136929
v -0.152567 -0.515984 -0.162965
v -0.151706 -0.513653 -0.164244
v -0.155674 -0.516222 -0.162951
v -0.154775 -0.519978 -0.155144
v -0.154257 -0.518266 -0.160548
v -0.154273 -0.517616 -0.158991
v -0.154232 -0.517616 -0.158991
v -0.156252 -0.519147 -0.154605
v -0.153652 -0.520745 -0.141360
v -0.159375 -0.519776 -0.135866
v -0.150545 -0.519767 -0.138959
v -0.155877 -0.524674 -0.131608
v -0.140446 -0.570380 -0.158998
v -0.136585 -0.555098 -0.195026
v -0.144043 -0.554131 -0.207593
v -0.147542 -0.554117 -0.200490
v -0.148607 -0.550605 -0.198263
v -0.143089 -0.538272 -0.233209
v -0.147351 -0.516516 -0.182394
v -0.150715 -0.514676 -0.164785
v -0.146332 -0.515194 -0.172909
v -0.150202 -0.513980 -0.161381
v -0.149244 -0.513713 -0.158325
v -0.146309 -0.512418 -0.165654
v -0.149770 -0.515136 -0.155317
v -0.148312 -0.515818 -0.149075
v -0.149222 -0.516684 -0.145544
v -0.147931 -0.514137 -0.149078
v -0.151766 -0.519154 -0.139028
v -0.150178 -0.517541 -0.141477
v -0.149492 -0.518770 -0.142849
v -0.140148 -0.508661 -0.133359
v -0.143870 -0.517507 -0.140789
v -0.146921 -0.500881 -0.178053
v -0.149028 -0.504485 -0.181968
v -0.152046 -0.508408 -0.182238
v -0.145480 -0.496209 -0.178839
v -0.136719 -0.561842 -0.241167
v -0.130883 -0.570801 -0.209305
v -0.135803 -0.562359 -0.180105
v -0.136476 -0.570767 -0.146762
v -0.142592 -0.544234 -0.267780
v -0.135802 -0.558066 -0.221693
v -0.141218 -0.558959 -0.200938
v -0.141362 -0.553804 -0.196630
v -0.133231 -0.552195 -0.237546
v -0.138515 -0.543220 -0.235213
v -0.140806 -0.517712 -0.183104
v -0.133039 -0.512184 -0.185359
v -0.141418 -0.519499 -0.134307
v -0.137497 -0.510083 -0.182263
v -0.138813 -0.506536 -0.175621
v -0.145034 -0.498357 -0.168663
v -0.131356 -0.576740 -0.176804
v -0.130912 -0.557908 -0.238531
v -0.131588 -0.566062 -0.197830
v -0.132111 -0.563034 -0.173347
v -0.132293 -0.564089 -0.169200
v -0.130931 -0.564157 -0.161786
v -0.130659 -0.560575 -0.193146
v -0.130016 -0.552802 -0.191222
v -0.131161 -0.556567 -0.187920
v -0.131480 -0.558395 -0.183607
v -0.130289 -0.562560 -0.159293
v -0.129420 -0.557471 -0.158780
v -0.130815 -0.559102 -0.148393
v -0.133958 -0.554371 -0.139421
v -0.130872 -0.528815 -0.187968
v -0.134176 -0.524047 -0.185855
v -0.143065 -0.513149 -0.158705
v -0.128416 -0.517440 -0.189712
v -0.135431 -0.506033 -0.177957
v -0.127597 -0.583583 -0.193585
v -0.125198 -0.580000 -0.209088
v -0.122484 -0.592898 -0.164597
v -0.128390 -0.579080 -0.220854
v -0.127388 -0.587633 -0.168428
v -0.120282 -0.585434 -0.146006
v -0.126926 -0.567845 -0.242946
v -0.124594 -0.579407 -0.146846
v -0.124546 -0.563069 -0.240754
v -0.123321 -0.573672 -0.143563
v -0.129173 -0.555566 -0.159897
v -0.127260 -0.552222 -0.161955
v -0.123148 -0.557922 -0.150802
v -0.125706 -0.556199 -0.143460
v -0.128963 -0.543664 -0.187874
v -0.128313 -0.545066 -0.179584
v -0.127701 -0.547271 -0.173966
v -0.127536 -0.548554 -0.169046
v -0.125622 -0.548948 -0.158389
v -0.128506 -0.541898 -0.191447
v -0.128876 -0.534547 -0.190236
v -0.125223 -0.534792 -0.170831
v -0.122992 -0.540386 -0.146388
v -0.123918 -0.546272 -0.135391
v -0.125170 -0.531362 -0.155261
v -0.125894 -0.534500 -0.137137
v -0.126157 -0.498221 -0.206327
v -0.130206 -0.507567 -0.196418
v -0.119672 -0.507448 -0.212827
v -0.244359 -0.379905 -0.251680
v -0.233858 -0.379948 -0.251653
v -0.222525 -0.379963 -0.251729
v -0.207469 -0.379971 -0.251746
v -0.188600 -0.379971 -0.251745
v -0.170854 -0.379833 -0.251688
v -0.155167 -0.379899 -0.251703
v -0.153321 -0.386175 -0.252475
v -0.145028 -0.419383 -0.249663
v -0.145406 -0.414724 -0.250790
v -0.147020 -0.414470 -0.251830
v -0.149118 -0.405327 -0.253370
v -0.146170 -0.408686 -0.253147
v -0.148286 -0.392127 -0.252806
v -0.148107 -0.380014 -0.251913
v -0.149584 -0.379797 -0.249121
v -0.132194 -0.379746 -0.251642
v -0.230153 -0.472989 -0.211376
v -0.233070 -0.430379 -0.239954
v -0.229059 -0.427530 -0.207095
v -0.230633 -0.414101 -0.194254
v -0.236956 -0.379429 -0.181418
v -0.229757 -0.454868 -0.238805
v -0.227462 -0.433825 -0.217098
v -0.219626 -0.484298 -0.214686
v -0.220395 -0.449726 -0.239415
v -0.228276 -0.437451 -0.239839
v -0.213078 -0.460879 -0.238689
v -0.219454 -0.435669 -0.190439
v -0.212805 -0.450450 -0.209911
v -0.210378 -0.453249 -0.184523
v -0.211759 -0.446933 -0.142771
v -0.215450 -0.436475 -0.152403
v -0.214735 -0.432378 -0.140130
v -0.215358 -0.412517 -0.172338
v -0.212913 -0.421581 -0.174326
v -0.217444 -0.423563 -0.157136
v -0.213998 -0.401398 -0.167071
v -0.218121 -0.411023 -0.150555
v -0.211554 -0.393667 -0.163116
v -0.212881 -0.386942 -0.160917
v -0.223112 -0.379315 -0.169243
v -0.214381 -0.472279 -0.237998
v -0.205489 -0.471308 -0.238380
v -0.205925 -0.465019 -0.192703
v -0.202334 -0.463941 -0.184324
v -0.208458 -0.449084 -0.180960
v -0.208389 -0.458854 -0.152082
v -0.204056 -0.456495 -0.133931
v -0.210450 -0.442929 -0.178384
v -0.212078 -0.448224 -0.160549
v -0.210225 -0.430271 -0.173601
v -0.215603 -0.423241 -0.133631
v -0.208108 -0.413433 -0.123004
v -0.212591 -0.398106 -0.139054
v -0.204213 -0.394769 -0.127028
v -0.207976 -0.398217 -0.128598
v -0.206519 -0.390583 -0.160173
v -0.198997 -0.389605 -0.159802
v -0.213122 -0.379359 -0.160942
v -0.206251 -0.481775 -0.237136
v -0.201706 -0.476993 -0.238137
v -0.199416 -0.472746 -0.192350
v -0.193492 -0.477596 -0.188485
v -0.197300 -0.478190 -0.198488
v -0.202628 -0.455879 -0.181572
v -0.182646 -0.467615 -0.179276
v -0.203083 -0.462252 -0.158383
v -0.199653 -0.464670 -0.142693
v -0.264850 -0.379470 -0.219348
v -0.194888 -0.485616 -0.237695
v -0.187649 -0.492413 -0.218079
v -0.193185 -0.484313 -0.222633
v -0.184838 -0.483859 -0.182951
v -0.198237 -0.469657 -0.188125
v -0.193742 -0.458934 -0.180350
v -0.193730 -0.463449 -0.133024
v -0.180507 -0.465045 -0.130318
v -0.192642 -0.457131 -0.129618
v -0.200844 -0.431611 -0.125482
v -0.192754 -0.389675 -0.161156
v -0.196452 -0.379401 -0.158256
v -0.197622 -0.383598 -0.158358
v -0.189957 -0.494162 -0.144423
v -0.188239 -0.485940 -0.130537
v -0.185606 -0.473785 -0.151877
v -0.182940 -0.469660 -0.180062
v -0.182658 -0.459315 -0.178657
v -0.181125 -0.465362 -0.155721
v -0.185650 -0.400423 -0.130316
v -0.184771 -0.391180 -0.163292
v -0.188218 -0.390052 -0.132462
v -0.188293 -0.393085 -0.128043
v -0.170875 -0.384742 -0.163139
v -0.177350 -0.467154 -0.138088
v -0.176471 -0.461812 -0.177561
v -0.178197 -0.461695 -0.166919
v -0.176329 -0.461773 -0.166820
v -0.179579 -0.463167 -0.162496
v -0.172612 -0.459961 -0.165490
v -0.179365 -0.466127 -0.147702
v -0.188046 -0.467132 -0.145508
v -0.178415 -0.466825 -0.143079
v -0.174738 -0.466087 -0.134093
v -0.178308 -0.444658 -0.132890
v -0.182144 -0.426458 -0.133230
v -0.187120 -0.411581 -0.132095
v -0.179113 -0.392765 -0.164220
v -0.174182 -0.395081 -0.165696
v -0.170980 -0.408724 -0.122005
v -0.179082 -0.394017 -0.127504
v -0.177817 -0.458160 -0.178380
v -0.171680 -0.461575 -0.164421
v -0.170340 -0.460965 -0.160266
v -0.170437 -0.463183 -0.132643
v -0.170295 -0.455892 -0.178926
v -0.166047 -0.463012 -0.133423
v -0.170289 -0.422772 -0.128719
v -0.164509 -0.401575 -0.153298
v -0.170909 -0.396844 -0.169241
v -0.176550 -0.393246 -0.158955
v -0.169419 -0.392989 -0.138733
v -0.168005 -0.379474 -0.164903
v -0.174337 -0.389965 -0.133462
v -0.171733 -0.379468 -0.162680
v -0.159702 -0.459924 -0.167436
v -0.167243 -0.460964 -0.156910
v -0.165592 -0.460679 -0.152538
v -0.164328 -0.461211 -0.146916
v -0.163952 -0.461444 -0.142122
v -0.165215 -0.462230 -0.136340
v -0.166116 -0.453909 -0.179526
v -0.168098 -0.459198 -0.179138
v -0.158466 -0.459695 -0.180975
v -0.157458 -0.452870 -0.162645
v -0.163115 -0.457291 -0.129782
v -0.167274 -0.425881 -0.127748
v -0.159413 -0.426420 -0.130766
v -0.166974 -0.400721 -0.179353
v -0.157831 -0.410091 -0.171087
v -0.160498 -0.408468 -0.129135
v -0.166418 -0.396616 -0.128536
v -0.162266 -0.379576 -0.198135
v -0.160476 -0.379548 -0.214165
v -0.164119 -0.379458 -0.188620
v -0.166243 -0.379589 -0.174163
v -0.157426 -0.455030 -0.134427
v -0.155233 -0.445483 -0.183335
v -0.159741 -0.449930 -0.180807
v -0.153483 -0.437501 -0.188706
v -0.151750 -0.444998 -0.147089
v -0.155211 -0.415558 -0.204309
v -0.160693 -0.407680 -0.194933
v -0.152668 -0.429203 -0.194927
v -0.151648 -0.426678 -0.165180
v -0.154938 -0.416336 -0.146092
v -0.157315 -0.379805 -0.239363
v -0.158554 -0.379651 -0.227114
v -0.146848 -0.470907 -0.183774
v -0.149107 -0.457599 -0.186753
v -0.151960 -0.464821 -0.182118
v -0.150637 -0.465244 -0.127217
v -0.144833 -0.453654 -0.203217
v -0.151879 -0.441638 -0.180999
v -0.144024 -0.429414 -0.242620
v -0.144885 -0.424768 -0.245528
v -0.143165 -0.424268 -0.245937
v -0.150466 -0.399296 -0.253532
v -0.150971 -0.433938 -0.151447
v -0.149788 -0.380132 -0.235845
v -0.149807 -0.379653 -0.222095
v -0.149194 -0.379524 -0.209872
v -0.149733 -0.379872 -0.202227
v -0.143052 -0.379480 -0.175523
v -0.144296 -0.487304 -0.183483
v -0.138386 -0.496852 -0.180017
v -0.137043 -0.474603 -0.196285
v -0.137776 -0.478755 -0.188888
v -0.143975 -0.481564 -0.174773
v -0.144798 -0.478953 -0.184706
v -0.135700 -0.481791 -0.145476
v -0.145730 -0.465609 -0.137258
v -0.141808 -0.471438 -0.128397
v -0.137658 -0.453211 -0.234271
v -0.135422 -0.455926 -0.233819
v -0.135774 -0.452749 -0.234271
v -0.139204 -0.446988 -0.234994
v -0.140783 -0.443715 -0.234526
v -0.138533 -0.450100 -0.234438
v -0.137071 -0.449129 -0.233628
v -0.141992 -0.438253 -0.235487
v -0.141609 -0.435652 -0.237860
v -0.139533 -0.442835 -0.235343
v -0.142560 -0.429427 -0.242183
v -0.142506 -0.432385 -0.242243
v -0.143450 -0.434377 -0.237673
v -0.142623 -0.427201 -0.244949
v -0.140374 -0.432026 -0.200320
v -0.133439 -0.435658 -0.174096
v -0.146583 -0.379694 -0.182767
v -0.138034 -0.379453 -0.163566
v -0.131788 -0.488315 -0.198235
v -0.129366 -0.476496 -0.227196
v -0.132288 -0.467895 -0.230333
v -0.131449 -0.471206 -0.228868
v -0.129874 -0.472662 -0.228341
v -0.134459 -0.484638 -0.135005
v -0.133667 -0.462432 -0.232612
v -0.134835 -0.459225 -0.233691
v -0.132358 -0.465602 -0.230874
v -0.126003 -0.483370 -0.225370
v -0.125712 -0.485442 -0.224215
v -0.124237 -0.489021 -0.224869
v -0.122649 -0.488996 -0.223928
v -0.127674 -0.479994 -0.225970
v -0.128094 -0.475737 -0.224492
v -0.125834 -0.479190 -0.194703
v -0.117196 -0.489141 -0.175485
v -0.124947 -0.427749 -0.155925
v -0.132045 -0.379333 -0.156173
v -0.072122 -0.625180 -0.177983
v -0.073200 -0.615856 -0.217526
v -0.070737 -0.622567 -0.198814
v -0.064412 -0.614376 -0.220476
v -0.057292 -0.624731 -0.193201
v -0.070905 -0.621072 -0.143111
v -0.065313 -0.625534 -0.149964
v -0.046945 -0.624802 -0.161497
v -0.058145 -0.627288 -0.176921
v -0.061417 -0.616825 -0.227486
v -0.046982 -0.623822 -0.169614
v -0.045682 -0.624704 -0.158533
v -0.046025 -0.614621 -0.197598
v -0.047038 -0.614959 -0.193088
v -0.047783 -0.614714 -0.197114
v -0.047049 -0.616408 -0.191126
v -0.046971 -0.618797 -0.184768
v -0.046437 -0.619987 -0.169226
v -0.046969 -0.625088 -0.158637
v -0.051900 -0.623285 -0.146583
v -0.048278 -0.624829 -0.148660
v -0.035585 -0.639314 -0.144403
v -0.041500 -0.626750 -0.148528
v -0.047054 -0.616253 -0.231696
v -0.037291 -0.614775 -0.222300
v -0.046965 -0.621451 -0.178072
v -0.046508 -0.622298 -0.162447
v -0.033620 -0.629544 -0.204389
v -0.038787 -0.634669 -0.171324
v -0.036200 -0.608747 -0.243563
v -0.036650 -0.612583 -0.232963
v -0.040778 -0.615648 -0.216423
v -0.030146 -0.640764 -0.157219
v -0.028163 -0.634463 -0.195207
v -0.026602 -0.620041 -0.226674
v -0.022058 -0.618839 -0.238517
v -0.017462 -0.630627 -0.208689
v -0.018231 -0.620225 -0.226571
v -0.012743 -0.633601 -0.141612
v -0.022681 -0.606027 -0.258220
v -0.000559 -0.624390 -0.165867
v -0.011069 -0.639434 -0.175683
v -0.008477 -0.631268 -0.200305
v -0.013281 -0.620416 -0.232062
v -0.000329 -0.631493 -0.182476
v -0.007251 -0.637242 -0.183043
v -0.000484 -0.638074 -0.168731
v -0.000796 -0.636243 -0.145072
v -0.007660 -0.617078 -0.238070
v -0.000477 -0.613247 -0.236601
v -0.008621 -0.616487 -0.222283
v 0.002648 -0.614388 -0.220189
v -0.000494 -0.620216 -0.205062
v -0.000690 -0.619437 -0.174008
v -0.120180 -0.558205 -0.269219
v -0.199181 -0.510961 -0.264683
v -0.106314 -0.499313 -0.263440
v -0.101305 -0.568062 -0.269480
v -0.107501 -0.506605 -0.263820
v -0.099939 -0.492280 -0.262775
v -0.092241 -0.490756 -0.262354
v -0.093551 -0.585739 -0.250101
v -0.078763 -0.506873 -0.264086
v -0.083036 -0.515235 -0.264989
v -0.056992 -0.589531 -0.271904
v -0.036476 -0.593962 -0.272299
v -0.092684 -0.519870 -0.265507
v -0.006368 -0.603099 -0.263312
v -0.023092 -0.596459 -0.272011
v -0.005125 -0.598322 -0.271022
v -0.003331 -0.595262 -0.272510
v -0.115003 -0.595805 -0.197320
v -0.112130 -0.595784 -0.221483
v -0.118603 -0.584489 -0.210882
v -0.118659 -0.566637 -0.241918
v -0.114017 -0.570443 -0.243087
v -0.116988 -0.578110 -0.137995
v -0.121107 -0.540217 -0.191224
v -0.120939 -0.534858 -0.193507
v -0.118587 -0.527318 -0.197729
v -0.113893 -0.508654 -0.219514
v -0.116872 -0.501746 -0.221359
v -0.114839 -0.505205 -0.219912
v -0.108341 -0.515487 -0.198989
v -0.121756 -0.492592 -0.223963
v -0.118890 -0.497492 -0.222839
v -0.115789 -0.498913 -0.199195
v -0.118396 -0.587958 -0.226507
v -0.102460 -0.599917 -0.227621
v -0.112176 -0.602053 -0.184874
v -0.110710 -0.588502 -0.211544
v -0.107307 -0.575285 -0.244721
v -0.103990 -0.576970 -0.138934
v -0.106562 -0.550173 -0.176045
v -0.114779 -0.557484 -0.149874
v -0.114739 -0.541640 -0.194196
v -0.107087 -0.534377 -0.209475
v -0.109851 -0.516126 -0.217289
v -0.112085 -0.511563 -0.218902
v -0.107689 -0.503590 -0.198674
v -0.104816 -0.599694 -0.218163
v -0.107913 -0.603032 -0.186503
v -0.103307 -0.605490 -0.164804
v -0.102173 -0.591542 -0.210126
v -0.113611 -0.575700 -0.245615
v -0.093385 -0.582823 -0.248478
v -0.098414 -0.578546 -0.246771
v -0.094691 -0.538178 -0.215095
v -0.105743 -0.522612 -0.217185
v -0.103052 -0.526908 -0.216487
v -0.101082 -0.530875 -0.215568
v -0.101498 -0.525788 -0.199454
v -0.102152 -0.516258 -0.265144
v -0.103339 -0.515078 -0.219398
v -0.096517 -0.518980 -0.224564
v -0.105063 -0.520447 -0.199344
v -0.100665 -0.517278 -0.198508
v -0.091859 -0.519312 -0.198638
v -0.105462 -0.512199 -0.245281
v -0.106103 -0.511109 -0.198555
v -0.103153 -0.494899 -0.242796
v -0.097186 -0.490950 -0.198711
v -0.092899 -0.598182 -0.233404
v -0.095592 -0.602978 -0.222756
v -0.097841 -0.588567 -0.240898
v -0.088949 -0.598806 -0.210803
v -0.094292 -0.597461 -0.189229
v -0.088624 -0.595499 -0.183540
v -0.100918 -0.603728 -0.153752
v -0.085935 -0.598382 -0.144432
v -0.089706 -0.586106 -0.249731
v -0.094954 -0.590367 -0.207479
v -0.096883 -0.546523 -0.205577
v -0.092026 -0.542102 -0.214615
v -0.102334 -0.526069 -0.210141
v -0.096769 -0.532925 -0.198031
v -0.093194 -0.533103 -0.181837
v -0.093905 -0.490906 -0.229853
v -0.087973 -0.604773 -0.227415
v -0.085835 -0.610214 -0.208296
v -0.083732 -0.617350 -0.192987
v -0.086045 -0.612216 -0.142776
v -0.085715 -0.604201 -0.217131
v -0.089741 -0.603845 -0.200050
v -0.089607 -0.606579 -0.172269
v -0.087613 -0.606667 -0.147769
v -0.083930 -0.591230 -0.251735
v -0.087986 -0.601960 -0.235351
v -0.087709 -0.591845 -0.190009
v -0.088227 -0.593766 -0.187418
v -0.089380 -0.597254 -0.179510
v -0.089077 -0.598024 -0.174609
v -0.087887 -0.598683 -0.164043
v -0.088031 -0.599892 -0.157737
v -0.086665 -0.599268 -0.154622
v -0.090050 -0.587736 -0.204007
v -0.086793 -0.591392 -0.203528
v -0.086836 -0.583087 -0.201504
v -0.085706 -0.587818 -0.190169
v -0.085745 -0.589943 -0.192835
v -0.084732 -0.586702 -0.188136
v -0.085365 -0.579331 -0.198960
v -0.083960 -0.585249 -0.186214
v -0.083898 -0.567153 -0.198223
v -0.106512 -0.561769 -0.151343
v -0.084503 -0.575698 -0.165717
v -0.087928 -0.556002 -0.202678
v -0.088765 -0.546986 -0.213792
v -0.085174 -0.550285 -0.213066
v -0.084366 -0.540706 -0.172087
v -0.086160 -0.532111 -0.198190
v -0.090291 -0.533108 -0.172936
v -0.083898 -0.515719 -0.198685
v -0.079625 -0.608343 -0.233510
v -0.073700 -0.611630 -0.224772
v -0.080554 -0.620261 -0.169171
v -0.079765 -0.618720 -0.148614
v -0.083939 -0.610497 -0.141578
v -0.080255 -0.578214 -0.270765
v -0.083295 -0.587799 -0.174067
v -0.083197 -0.589971 -0.167963
v -0.078349 -0.589566 -0.169462
v -0.077430 -0.580961 -0.198351
v -0.081300 -0.583149 -0.200634
v -0.082571 -0.578193 -0.181905
v -0.079900 -0.583982 -0.184526
v -0.083274 -0.586107 -0.178880
v -0.086939 -0.586369 -0.145622
v -0.081951 -0.584922 -0.159827
v -0.084238 -0.575380 -0.198062
v -0.075566 -0.579077 -0.195974
v -0.084383 -0.564523 -0.197197
v -0.084515 -0.553400 -0.212703
v -0.076668 -0.559014 -0.213818
v -0.082361 -0.551461 -0.195097
v -0.076199 -0.527351 -0.198235
v -0.079768 -0.509497 -0.222449
v -0.069499 -0.520208 -0.198364
v -0.078917 -0.529422 -0.153725
v -0.081949 -0.495773 -0.262850
v -0.079011 -0.507274 -0.198720
v -0.079532 -0.501169 -0.198753
v -0.082519 -0.495532 -0.198685
v -0.075171 -0.609223 -0.234468
v -0.084264 -0.597130 -0.157204
v -0.073334 -0.580199 -0.198036
v -0.065059 -0.576735 -0.204197
v -0.073779 -0.562355 -0.211158
v -0.071085 -0.563524 -0.210427
v -0.078075 -0.566547 -0.199531
v -0.071891 -0.523337 -0.145914
v -0.066929 -0.514912 -0.198334
v -0.069642 -0.617703 -0.142174
v -0.064740 -0.595549 -0.168971
v -0.064610 -0.580381 -0.203228
v -0.067709 -0.585270 -0.185165
v -0.064493 -0.569914 -0.211291
v -0.061089 -0.572677 -0.208791
v -0.057406 -0.572359 -0.190293
v -0.053806 -0.552380 -0.153857
v -0.065386 -0.507845 -0.198431
v -0.066368 -0.514146 -0.136908
v -0.066137 -0.497579 -0.198195
v -0.064774 -0.505195 -0.133133
v -0.055954 -0.613886 -0.157575
v -0.050990 -0.615323 -0.162973
v -0.055869 -0.601247 -0.172729
v -0.055315 -0.591848 -0.204846
v -0.049949 -0.584050 -0.204036
v -0.056500 -0.575451 -0.207411
v -0.062758 -0.562238 -0.174965
v -0.052056 -0.522952 -0.134227
v -0.044309 -0.601064 -0.258151
v -0.054473 -0.611797 -0.215417
v -0.050035 -0.609407 -0.212071
v -0.049173 -0.605825 -0.208779
v -0.045978 -0.604654 -0.207827
v -0.046355 -0.609605 -0.199950
v -0.047207 -0.611827 -0.201205
v -0.046737 -0.609589 -0.193131
v -0.046837 -0.612135 -0.187873
v -0.050455 -0.600535 -0.206537
v -0.048548 -0.607959 -0.198451
v -0.041094 -0.597107 -0.203886
v -0.052154 -0.577457 -0.206497
v -0.036399 -0.601374 -0.259964
v -0.044433 -0.612710 -0.212357
v -0.046302 -0.616495 -0.175766
v -0.046883 -0.614076 -0.181981
v -0.043847 -0.618926 -0.166631
v -0.044415 -0.599625 -0.203944
v -0.037537 -0.608736 -0.177595
v -0.035879 -0.593656 -0.208451
v -0.040497 -0.583770 -0.211636
v -0.046330 -0.580608 -0.208637
v -0.038730 -0.576610 -0.173312
v -0.028100 -0.575192 -0.163850
v -0.034765 -0.587694 -0.214314
v -0.029034 -0.616960 -0.236710
v -0.029040 -0.589420 -0.213332
v -0.021048 -0.590501 -0.211107
v -0.015569 -0.605026 -0.261933
v -0.029777 -0.618270 -0.165768
v -0.020921 -0.591512 -0.209967
v -0.017758 -0.591582 -0.211474
v -0.027617 -0.587707 -0.191690
v -0.020240 -0.561805 -0.148541
v -0.013176 -0.603780 -0.260234
v -0.006784 -0.601034 -0.258017
v -0.013737 -0.604618 -0.183804
v -0.011397 -0.593078 -0.213801
v -0.013921 -0.591523 -0.211682
v -0.002180 -0.599242 -0.261138
v -0.001298 -0.614995 -0.186318
v -0.008867 -0.610633 -0.177448
v -0.003406 -0.600597 -0.214152
v -0.003061 -0.594055 -0.214159
v -0.000385 -0.586751 -0.175779
v -0.001682 -0.573047 -0.156192
v -0.109643 -0.379864 -0.251864
v -0.094428 -0.379864 -0.251733
v -0.080314 -0.379721 -0.251669
v -0.147698 -0.399810 -0.253914
v -0.064317 -0.379767 -0.251716
v -0.049231 -0.379746 -0.251719
v -0.034126 -0.379650 -0.251697
v -0.018926 -0.379924 -0.251770
v -0.001243 -0.379156 -0.250239
v -0.119442 -0.493275 -0.198224
v -0.116756 -0.466151 -0.158840
v -0.109789 -0.437466 -0.141644
v -0.112395 -0.379219 -0.136319
v -0.109481 -0.481766 -0.198476
v -0.105690 -0.479657 -0.198170
v -0.114717 -0.486022 -0.169715
v -0.109298 -0.481417 -0.157331
v -0.103798 -0.495369 -0.198665
v -0.099711 -0.477364 -0.198365
v -0.100786 -0.477499 -0.147247
v -0.123106 -0.379328 -0.145272
v -0.099247 -0.379292 -0.127250
v -0.088578 -0.476744 -0.173101
v -0.095938 -0.419920 -0.128410
v -0.088082 -0.491611 -0.198690
v -0.087184 -0.477554 -0.198494
v -0.077930 -0.480723 -0.131568
v -0.147046 -0.379340 -0.186899
v -0.069479 -0.489752 -0.198453
v -0.078853 -0.480554 -0.198433
v -0.045881 -0.379313 -0.112406
v -0.019998 -0.379301 -0.118673
v -0.185962 -0.502462 -0.131640
v -0.179757 -0.504045 -0.120854
v -0.160019 -0.569151 -0.136972
v -0.168165 -0.554852 -0.138803
v -0.162475 -0.558028 -0.127447
v -0.164682 -0.544810 -0.126898
v -0.171732 -0.510695 -0.122395
v -0.146433 -0.572421 -0.146980
v -0.153226 -0.565499 -0.126420
v -0.156745 -0.559601 -0.123289
v -0.147374 -0.561260 -0.124275
v -0.151376 -0.545652 -0.118873
v -0.158165 -0.543661 -0.119367
v -0.144709 -0.570367 -0.134455
v -0.141108 -0.549307 -0.123751
v -0.153034 -0.539136 -0.120614
v -0.153114 -0.512974 -0.125452
v -0.149121 -0.515586 -0.130684
v -0.139973 -0.506074 -0.125767
v -0.137865 -0.547629 -0.128922
v -0.139306 -0.538153 -0.128448
v -0.146729 -0.522794 -0.131087
v -0.136788 -0.522719 -0.132057
v -0.127075 -0.554760 -0.135880
v -0.131449 -0.545149 -0.129452
v -0.134400 -0.530078 -0.129228
v -0.126425 -0.539905 -0.132366
v -0.203779 -0.440648 -0.126382
v -0.201955 -0.451620 -0.127268
v -0.207134 -0.424392 -0.122835
v -0.200895 -0.405589 -0.123193
v -0.202634 -0.415500 -0.121926
v -0.181634 -0.480886 -0.118514
v -0.175456 -0.483244 -0.113523
v -0.183332 -0.476494 -0.127373
v -0.169985 -0.467577 -0.121768
v -0.177466 -0.498394 -0.115481
v -0.163533 -0.495613 -0.112161
v -0.168849 -0.481279 -0.113249
v -0.170420 -0.471772 -0.118122
v -0.164416 -0.466300 -0.122838
v -0.164349 -0.412323 -0.121958
v -0.165225 -0.404832 -0.122305
v -0.156798 -0.504510 -0.118905
v -0.160511 -0.491718 -0.112189
v -0.165772 -0.472247 -0.122266
v -0.158278 -0.482490 -0.117933
v -0.166887 -0.440449 -0.123762
v -0.161440 -0.434703 -0.122383
v -0.151548 -0.471742 -0.119069
v -0.158257 -0.448773 -0.123706
v -0.157872 -0.438239 -0.124431
v -0.151999 -0.491069 -0.117964
v -0.142168 -0.481892 -0.117773
v -0.145501 -0.473032 -0.120243
v -0.140922 -0.495188 -0.120083
v -0.134424 -0.498827 -0.125960
v -0.134475 -0.493315 -0.137429
v -0.061769 -0.622050 -0.142183
v -0.039604 -0.632367 -0.143040
v -0.023921 -0.635910 -0.141055
v -0.008755 -0.640995 -0.141207
v 0.000299 -0.640359 -0.142673
v -0.111804 -0.581466 -0.136129
v -0.098750 -0.599218 -0.143888
v -0.117606 -0.565046 -0.142534
v -0.096255 -0.590461 -0.137758
v -0.088038 -0.593305 -0.139615
v -0.077168 -0.614221 -0.140612
v -0.031344 -0.542926 -0.138533
v -0.007168 -0.513892 -0.126180
v -0.071067 -0.468718 -0.124017
v -0.080981 -0.403206 -0.118513
v -0.089422 -0.476297 -0.136235
v -0.068475 -0.490723 -0.129768
v -0.064472 -0.431506 -0.116109
v -0.051218 -0.449010 -0.117277
v -0.041066 -0.493683 -0.123267
v -0.028204 -0.467794 -0.121547
v -0.011562 -0.419626 -0.122525
v -0.047458 -0.381648 -0.111536
v -0.030856 -0.379284 -0.115683
v 0.003949 -0.494454 -0.124812
v -0.083998 -0.379218 -0.118833
v -0.073613 -0.379247 -0.114850
v -0.057425 -0.379222 -0.111701
v -0.009603 -0.379207 -0.120942
v 0.007462 -0.634500 -0.193924
v 0.003419 -0.640738 -0.163946
v -0.000668 -0.625027 -0.196223
v -0.000143 -0.615268 -0.226727
v 0.016830 -0.620980 -0.225927
v 0.006999 -0.616945 -0.238708
v 0.023524 -0.636238 -0.191940
v 0.010849 -0.619679 -0.234458
v 0.018631 -0.619423 -0.227992
v 0.016173 -0.632054 -0.205953
v 0.020952 -0.609596 -0.252842
v 0.030262 -0.640661 -0.155826
v 0.025025 -0.620128 -0.227017
v 0.026048 -0.618069 -0.236842
v 0.041101 -0.631467 -0.173107
v 0.032078 -0.630460 -0.202832
v 0.032449 -0.615213 -0.227582
v 0.035786 -0.608156 -0.244245
v 0.037526 -0.615285 -0.220998
v 0.023282 -0.625272 -0.153875
v 0.037459 -0.612936 -0.233076
v 0.042697 -0.613932 -0.213425
v 0.045274 -0.624411 -0.158998
v 0.045389 -0.619280 -0.169846
v 0.039890 -0.626650 -0.148520
v 0.042080 -0.626489 -0.152076
v 0.045242 -0.625315 -0.161478
v 0.045523 -0.623782 -0.170081
v 0.056445 -0.612891 -0.217152
v 0.045868 -0.611991 -0.200373
v 0.048227 -0.617965 -0.194167
v 0.045691 -0.614987 -0.193941
v 0.046026 -0.616598 -0.189962
v 0.045729 -0.620640 -0.179737
v 0.046218 -0.624993 -0.156441
v 0.047480 -0.624836 -0.148597
v 0.052772 -0.623499 -0.145875
v 0.055301 -0.624886 -0.191683
v 0.048407 -0.617487 -0.228707
v 0.059099 -0.621694 -0.142624
v 0.059081 -0.626447 -0.187602
v 0.064298 -0.626636 -0.157742
v 0.066255 -0.614386 -0.221955
v 0.065849 -0.623110 -0.143398
v 0.072581 -0.624259 -0.182392
v 0.070967 -0.608603 -0.237517
v 0.063897 -0.615563 -0.228661
v 0.072942 -0.618755 -0.209503
v 0.081225 -0.618670 -0.194135
v 0.079608 -0.620262 -0.165942
v 0.080943 -0.617804 -0.148709
v -0.002345 -0.380212 -0.251905
v 0.012673 -0.597854 -0.271072
v 0.016500 -0.600910 -0.264197
v 0.031250 -0.596120 -0.270356
v 0.027257 -0.594590 -0.272567
v 0.056977 -0.589336 -0.272083
v 0.078763 -0.578457 -0.270814
v 0.083632 -0.516809 -0.265300
v 0.077876 -0.504461 -0.263789
v 0.080295 -0.496861 -0.263275
v 0.090531 -0.490936 -0.262438
v 0.110409 -0.562842 -0.269448
v 0.090640 -0.519198 -0.265301
v 0.104082 -0.513113 -0.264817
v 0.104334 -0.497602 -0.263200
v -0.000316 -0.600444 -0.256491
v -0.000532 -0.618424 -0.180061
v 0.004812 -0.600077 -0.260954
v 0.000259 -0.603638 -0.212496
v 0.009250 -0.593660 -0.214162
v -0.000717 -0.605296 -0.206199
v 0.001105 -0.596665 -0.215585
v 0.002198 -0.594162 -0.214041
v 0.008552 -0.558994 -0.144344
v 0.008777 -0.603438 -0.262480
v 0.017189 -0.605378 -0.260794
v 0.010822 -0.603883 -0.257575
v 0.006795 -0.612212 -0.176063
v 0.001944 -0.612258 -0.189746
v 0.011118 -0.593467 -0.212620
v 0.011785 -0.591676 -0.212321
v 0.011622 -0.605838 -0.183166
v 0.026720 -0.587504 -0.191910
v 0.019288 -0.600005 -0.191197
v 0.016893 -0.591194 -0.211995
v 0.020708 -0.590497 -0.211181
v 0.021705 -0.590962 -0.211733
v 0.021296 -0.578103 -0.166029
v 0.042038 -0.533039 -0.135859
v 0.033182 -0.601548 -0.259895
v 0.028631 -0.617431 -0.166902
v 0.028754 -0.606533 -0.179263
v 0.033102 -0.589321 -0.214207
v 0.034752 -0.586564 -0.213859
v 0.028168 -0.589269 -0.213805
v 0.045398 -0.600834 -0.258024
v 0.045052 -0.621313 -0.164171
v 0.042385 -0.604446 -0.191378
v 0.038444 -0.596294 -0.204073
v 0.040281 -0.583598 -0.211207
v 0.043430 -0.581879 -0.208639
v 0.055919 -0.573168 -0.193046
v 0.037929 -0.576549 -0.173159
v 0.033153 -0.564769 -0.155431
v 0.050001 -0.610227 -0.213278
v 0.044961 -0.606693 -0.209006
v 0.045318 -0.608646 -0.198121
v 0.045624 -0.613952 -0.196726
v 0.044578 -0.602238 -0.206763
v 0.046905 -0.609538 -0.200329
v 0.046448 -0.610622 -0.193255
v 0.046190 -0.612243 -0.188048
v 0.045404 -0.614440 -0.181479
v 0.045389 -0.616525 -0.176394
v 0.048167 -0.606893 -0.209414
v 0.043879 -0.599549 -0.204949
v 0.050099 -0.599775 -0.206357
v 0.049320 -0.582762 -0.204277
v 0.046140 -0.580420 -0.207764
v 0.051718 -0.577357 -0.206567
v 0.056506 -0.548438 -0.152871
v 0.056501 -0.612510 -0.157889
v 0.049752 -0.609555 -0.173223
v 0.055587 -0.590058 -0.204530
v 0.056710 -0.575255 -0.207700
v 0.058978 -0.599133 -0.168881
v 0.066258 -0.578883 -0.202791
v 0.060127 -0.583649 -0.202974
v 0.064420 -0.568677 -0.211363
v 0.061606 -0.571072 -0.209794
v 0.081550 -0.551208 -0.195132
v 0.068577 -0.520427 -0.142716
v 0.064540 -0.511341 -0.135378
v 0.064196 -0.507218 -0.198233
v 0.064469 -0.500115 -0.198390
v 0.063973 -0.502495 -0.158111
v 0.066309 -0.587161 -0.180923
v 0.075200 -0.580672 -0.197475
v 0.067846 -0.576633 -0.201345
v 0.072793 -0.577699 -0.196905
v 0.067978 -0.565378 -0.210118
v 0.071183 -0.562557 -0.210076
v 0.073753 -0.561124 -0.212625
v 0.062960 -0.561595 -0.174797
v 0.066626 -0.516698 -0.166879
v 0.074135 -0.610988 -0.226793
v 0.085545 -0.603444 -0.215771
v 0.079071 -0.607871 -0.234068
v 0.078459 -0.592178 -0.165262
v 0.082236 -0.590449 -0.166720
v 0.079255 -0.581877 -0.199719
v 0.082468 -0.585129 -0.183309
v 0.081828 -0.586752 -0.175135
v 0.080907 -0.587091 -0.160075
v 0.077231 -0.579228 -0.196422
v 0.082904 -0.570323 -0.198347
v 0.079256 -0.565488 -0.198685
v 0.077068 -0.557548 -0.213680
v 0.086823 -0.556430 -0.202418
v 0.080932 -0.553879 -0.214568
v 0.079207 -0.529643 -0.198309
v 0.077968 -0.529476 -0.153830
v 0.068783 -0.521086 -0.198169
v 0.079940 -0.512524 -0.264802
v 0.077808 -0.503817 -0.244008
v 0.078300 -0.508085 -0.225508
v 0.080892 -0.513789 -0.229779
v 0.078669 -0.509824 -0.198694
v 0.083614 -0.493672 -0.262917
v 0.078281 -0.501703 -0.224256
v 0.081324 -0.495835 -0.225560
v 0.078110 -0.501514 -0.198591
v 0.086277 -0.601738 -0.236312
v 0.084512 -0.610959 -0.207870
v 0.088562 -0.604297 -0.201747
v 0.087818 -0.609537 -0.188148
v 0.086006 -0.611694 -0.144686
v 0.087679 -0.587823 -0.251538
v 0.087640 -0.599575 -0.211533
v 0.088414 -0.599106 -0.177803
v 0.089433 -0.585591 -0.249171
v 0.087221 -0.594664 -0.206399
v 0.084945 -0.590200 -0.193437
v 0.086786 -0.592340 -0.189889
v 0.087918 -0.593158 -0.189311
v 0.087007 -0.595650 -0.179094
v 0.088269 -0.595704 -0.184039
v 0.088164 -0.597634 -0.175333
v 0.098353 -0.603955 -0.173807
v 0.087156 -0.599353 -0.165554
v 0.083331 -0.597248 -0.156972
v 0.085541 -0.599003 -0.154535
v 0.086336 -0.605929 -0.147543
v 0.086895 -0.599813 -0.156533
v 0.084854 -0.598145 -0.143981
v 0.089469 -0.588152 -0.204282
v 0.081745 -0.584560 -0.200821
v 0.086924 -0.584513 -0.202232
v 0.083614 -0.586045 -0.188197
v 0.083302 -0.587290 -0.190756
v 0.086277 -0.589147 -0.192217
v 0.084765 -0.579868 -0.199203
v 0.081982 -0.580069 -0.160743
v 0.083509 -0.574895 -0.198074
v 0.086785 -0.584548 -0.146601
v 0.083684 -0.564321 -0.196905
v 0.084223 -0.551057 -0.213874
v 0.086010 -0.548577 -0.213794
v 0.088586 -0.545453 -0.214195
v 0.084917 -0.539665 -0.172977
v 0.090612 -0.533155 -0.176692
v 0.085795 -0.517613 -0.234371
v 0.084408 -0.532036 -0.164757
v 0.081236 -0.514193 -0.198659
v 0.087403 -0.518452 -0.198663
v 0.085805 -0.492291 -0.226849
v 0.090810 -0.603143 -0.228022
v 0.097188 -0.588568 -0.240566
v 0.094256 -0.590428 -0.207289
v 0.099875 -0.603672 -0.153437
v 0.097517 -0.583466 -0.248858
v 0.093989 -0.580821 -0.248153
v 0.097308 -0.578649 -0.246882
v 0.098542 -0.545815 -0.204212
v 0.092972 -0.553035 -0.192638
v 0.090470 -0.542286 -0.214540
v 0.094559 -0.536527 -0.215890
v 0.095964 -0.532820 -0.198109
v 0.087845 -0.532571 -0.197857
v 0.099868 -0.527189 -0.198929
v 0.097670 -0.518483 -0.265379
v 0.094161 -0.519138 -0.198752
v 0.098463 -0.492313 -0.262449
v 0.100531 -0.493214 -0.198670
v 0.102041 -0.599930 -0.227268
v 0.097695 -0.602314 -0.221844
v 0.105526 -0.602902 -0.186125
v 0.104721 -0.604718 -0.165322
v 0.104561 -0.599632 -0.218345
v 0.102172 -0.591362 -0.210334
v 0.104252 -0.559486 -0.157350
v 0.101797 -0.532650 -0.215053
v 0.100354 -0.525601 -0.199947
v 0.100447 -0.529412 -0.215194
v 0.102753 -0.524990 -0.217192
v 0.104343 -0.512624 -0.198629
v 0.099831 -0.517086 -0.198437
v 0.104111 -0.520195 -0.199098
v 0.104659 -0.497942 -0.198705
v 0.109908 -0.599117 -0.194792
v 0.109452 -0.603440 -0.178158
v 0.102911 -0.576552 -0.245312
v 0.115600 -0.589133 -0.215552
v 0.105289 -0.596501 -0.148367
v 0.112452 -0.571349 -0.243391
v 0.110405 -0.547233 -0.178608
v 0.117190 -0.528677 -0.197345
v 0.104909 -0.521376 -0.216434
v 0.105202 -0.523388 -0.216771
v 0.109038 -0.516403 -0.217346
v 0.107195 -0.515844 -0.199070
v 0.106513 -0.507057 -0.264015
v 0.112329 -0.508937 -0.219851
v 0.111190 -0.511586 -0.219374
v 0.106594 -0.503699 -0.198693
v 0.114707 -0.597548 -0.193270
v 0.116063 -0.591560 -0.222981
v 0.110409 -0.588228 -0.211843
v 0.110480 -0.576771 -0.246065
v 0.116779 -0.567472 -0.242017
v 0.124382 -0.574912 -0.146005
v 0.111021 -0.561891 -0.145564
v 0.116496 -0.568802 -0.141092
v 0.116094 -0.555400 -0.152905
v 0.118791 -0.540525 -0.190557
v 0.119686 -0.535743 -0.193646
v 0.113824 -0.505537 -0.220893
v 0.115495 -0.502589 -0.220478
v 0.115607 -0.497786 -0.199089
v 0.118574 -0.497317 -0.222205
v 0.118352 -0.493462 -0.197888
v 0.009788 -0.379690 -0.251662
v 0.024931 -0.379685 -0.251758
v 0.045938 -0.380236 -0.251917
v 0.053510 -0.379411 -0.250524
v 0.063322 -0.380036 -0.251835
v 0.099351 -0.379878 -0.251727
v 0.068371 -0.489339 -0.130033
v 0.067490 -0.491526 -0.198468
v 0.075300 -0.482279 -0.198014
v 0.072571 -0.484185 -0.151666
v 0.084581 -0.492750 -0.198613
v 0.081950 -0.478617 -0.198349
v 0.092274 -0.490755 -0.241175
v 0.091686 -0.490436 -0.199067
v 0.089533 -0.476410 -0.137461
v 0.099562 -0.477410 -0.146823
v 0.098216 -0.477278 -0.198360
v 0.089904 -0.436549 -0.128158
v 0.106091 -0.379354 -0.132153
v 0.114897 -0.487842 -0.198158
v 0.106698 -0.480788 -0.198371
v 0.110713 -0.483191 -0.162604
v 0.105655 -0.448958 -0.141783
v 0.120257 -0.379289 -0.143599
v 0.116342 -0.489668 -0.177567
v 0.119226 -0.481861 -0.175627
v 0.108323 -0.481109 -0.156468
v 0.124694 -0.424257 -0.156143
v 0.149876 -0.539850 -0.267434
v 0.177059 -0.525601 -0.266029
v 0.214776 -0.497533 -0.263257
v 0.231421 -0.477900 -0.261490
v 0.124515 -0.590176 -0.173484
v 0.125110 -0.584229 -0.197996
v 0.123621 -0.563091 -0.240614
v 0.122966 -0.589448 -0.158468
v 0.127449 -0.566986 -0.242664
v 0.125477 -0.561837 -0.240566
v 0.127790 -0.558756 -0.157451
v 0.126306 -0.551293 -0.163849
v 0.122061 -0.559519 -0.149153
v 0.127234 -0.553204 -0.161647
v 0.125226 -0.549362 -0.160435
v 0.127607 -0.555275 -0.159397
v 0.125368 -0.556717 -0.145467
v 0.127437 -0.542406 -0.191317
v 0.128010 -0.544085 -0.186304
v 0.128114 -0.544105 -0.189425
v 0.127294 -0.545292 -0.179012
v 0.127040 -0.547210 -0.173696
v 0.126670 -0.548170 -0.169077
v 0.122114 -0.546706 -0.137204
v 0.122469 -0.535499 -0.155468
v 0.123575 -0.535016 -0.142781
v 0.129148 -0.515961 -0.187976
v 0.120232 -0.493307 -0.224200
v 0.125092 -0.578952 -0.209084
v 0.129786 -0.579165 -0.181852
v 0.126996 -0.579359 -0.221908
v 0.128804 -0.562874 -0.159022
v 0.126521 -0.553768 -0.268668
v 0.130796 -0.556307 -0.238152
v 0.140263 -0.557672 -0.198916
v 0.130333 -0.567650 -0.199605
v 0.131044 -0.563777 -0.170771
v 0.130996 -0.564704 -0.165801
v 0.129623 -0.562793 -0.159213
v 0.133495 -0.550164 -0.237147
v 0.131019 -0.554159 -0.192235
v 0.129464 -0.556589 -0.191213
v 0.130691 -0.556442 -0.188055
v 0.130385 -0.558977 -0.182420
v 0.130719 -0.561336 -0.176424
v 0.134654 -0.563211 -0.177872
v 0.134731 -0.569740 -0.146630
v 0.130083 -0.558814 -0.147449
v 0.128870 -0.557344 -0.156956
v 0.127480 -0.534363 -0.190303
v 0.124995 -0.530197 -0.157252
v 0.129023 -0.507479 -0.196894
v 0.132607 -0.508360 -0.183303
v 0.136259 -0.506727 -0.176174
v 0.146437 -0.555585 -0.238903
v 0.133963 -0.564690 -0.212200
v 0.136116 -0.569874 -0.157291
v 0.141170 -0.556964 -0.206862
v 0.136043 -0.555292 -0.194901
v 0.138501 -0.542138 -0.234843
v 0.132579 -0.524541 -0.185999
v 0.142831 -0.512803 -0.162439
v 0.143254 -0.514818 -0.150231
v 0.136006 -0.521062 -0.135057
v 0.145869 -0.502023 -0.180396
v 0.139778 -0.504916 -0.175570
v 0.145853 -0.500661 -0.177688
v 0.147380 -0.570366 -0.159131
v 0.142220 -0.572565 -0.143204
v 0.147568 -0.553635 -0.201912
v 0.140291 -0.553866 -0.196613
v 0.160124 -0.547490 -0.236267
v 0.147254 -0.550642 -0.198431
v 0.141788 -0.538457 -0.233279
v 0.147314 -0.532620 -0.231202
v 0.148707 -0.532152 -0.229346
v 0.148501 -0.517101 -0.182814
v 0.140234 -0.517444 -0.183060
v 0.145864 -0.513511 -0.168637
v 0.148054 -0.512281 -0.157898
v 0.148953 -0.514263 -0.160884
v 0.148324 -0.514700 -0.155129
v 0.146988 -0.517182 -0.145836
v 0.149318 -0.516874 -0.146370
v 0.149480 -0.518771 -0.142336
v 0.150159 -0.519527 -0.139417
v 0.135996 -0.510606 -0.182648
v 0.148142 -0.504290 -0.182135
v 0.142920 -0.496658 -0.166403
v 0.146952 -0.514178 -0.151229
v 0.155072 -0.546105 -0.200541
v 0.154840 -0.527069 -0.229519
v 0.154006 -0.519912 -0.184640
v 0.154647 -0.519043 -0.173097
v 0.154587 -0.521136 -0.145827
v 0.155565 -0.521767 -0.150289
v 0.152284 -0.520465 -0.141894
v 0.150700 -0.507343 -0.181693
v 0.159175 -0.511919 -0.183992
v 0.152809 -0.510014 -0.182708
v 0.150148 -0.515297 -0.164063
v 0.151443 -0.514576 -0.164448
v 0.152323 -0.516567 -0.162357
v 0.153339 -0.517616 -0.158991
v 0.153381 -0.517616 -0.158991
v 0.153811 -0.517628 -0.160567
v 0.153616 -0.518727 -0.156875
v 0.154252 -0.519386 -0.154072
v 0.160961 -0.563826 -0.169422
v 0.160228 -0.569409 -0.144543
v 0.158937 -0.556345 -0.188924
v 0.161015 -0.545668 -0.197223
v 0.155169 -0.544988 -0.209434
v 0.164457 -0.520012 -0.226774
v 0.160109 -0.522311 -0.226236
v 0.167697 -0.520549 -0.212682
v 0.159735 -0.525184 -0.191981
v 0.164411 -0.530540 -0.179178
v 0.162538 -0.531018 -0.139469
v 0.159827 -0.519659 -0.234359
v 0.161298 -0.516056 -0.236126
v 0.160516 -0.519944 -0.228395
v 0.163546 -0.516366 -0.165401
v 0.175396 -0.517082 -0.147710
v 0.156009 -0.520481 -0.149103
v 0.166449 -0.562259 -0.153858
v 0.166100 -0.551470 -0.185449
v 0.169207 -0.555823 -0.152965
v 0.161628 -0.533056 -0.203656
v 0.168655 -0.540089 -0.178649
v 0.169484 -0.514004 -0.235975
v 0.185963 -0.493289 -0.218543
v 0.177307 -0.512892 -0.224142
v 0.162268 -0.527329 -0.200036
v 0.166547 -0.509585 -0.236594
v 0.157155 -0.522492 -0.186922
v 0.177887 -0.537282 -0.233168
v 0.175764 -0.516225 -0.197055
v 0.171749 -0.508306 -0.188984
v 0.182734 -0.510585 -0.157587
v 0.179399 -0.513573 -0.136721
v 0.173859 -0.503917 -0.236669
v 0.183128 -0.496569 -0.237678
v 0.186862 -0.507231 -0.222072
v 0.183539 -0.503419 -0.208828
v 0.178663 -0.504102 -0.190507
v 0.191584 -0.485247 -0.222779
v 0.180879 -0.505710 -0.193955
v 0.183571 -0.497303 -0.188775
v 0.187486 -0.501339 -0.156176
v 0.185884 -0.504245 -0.234990
v 0.189929 -0.530234 -0.230749
v 0.208529 -0.495079 -0.217351
v 0.197115 -0.501443 -0.219747
v 0.208012 -0.520038 -0.227741
v 0.197835 -0.511219 -0.264626
v 0.217200 -0.486026 -0.214950
v 0.218556 -0.514339 -0.226039
v 0.227994 -0.508745 -0.224217
v 0.251934 -0.458035 -0.252558
v 0.081850 -0.379975 -0.251910
v 0.114442 -0.379905 -0.251731
v 0.130243 -0.379884 -0.251761
v 0.142302 -0.423327 -0.246400
v 0.144800 -0.420223 -0.249180
v 0.145286 -0.415552 -0.251708
v 0.144880 -0.410188 -0.253136
v 0.147117 -0.411047 -0.253088
v 0.146486 -0.399745 -0.253528
v 0.149284 -0.399416 -0.253631
v 0.148227 -0.379833 -0.251165
v 0.150983 -0.391507 -0.252592
v 0.154269 -0.380214 -0.251767
v 0.167217 -0.379769 -0.251885
v 0.184850 -0.379977 -0.251747
v 0.215033 -0.379974 -0.251747
v 0.230067 -0.379971 -0.251765
v 0.121914 -0.489436 -0.225510
v 0.124164 -0.487505 -0.224017
v 0.124423 -0.484491 -0.224267
v 0.127254 -0.482180 -0.223023
v 0.122435 -0.500020 -0.212665
v 0.125588 -0.480920 -0.223229
v 0.127192 -0.477179 -0.227658
v 0.124552 -0.480356 -0.197386
v 0.075806 -0.379359 -0.250341
v 0.130065 -0.497235 -0.192339
v 0.133031 -0.496559 -0.131904
v 0.129480 -0.473528 -0.227937
v 0.130261 -0.469594 -0.230010
v 0.131278 -0.465734 -0.231001
v 0.132992 -0.464727 -0.230419
v 0.138901 -0.435820 -0.206219
v 0.135456 -0.456004 -0.233365
v 0.133810 -0.455910 -0.233775
v 0.132173 -0.462863 -0.232421
v 0.137059 -0.433551 -0.186113
v 0.130684 -0.434482 -0.169737
v 0.137450 -0.497469 -0.179505
v 0.137108 -0.485815 -0.185401
v 0.134001 -0.483160 -0.143360
v 0.136796 -0.477298 -0.189756
v 0.135891 -0.452229 -0.235550
v 0.136548 -0.473975 -0.195303
v 0.135955 -0.449457 -0.234352
v 0.138530 -0.447074 -0.234563
v 0.137781 -0.450095 -0.233893
v 0.136752 -0.446968 -0.235990
v 0.138746 -0.443565 -0.236741
v 0.139613 -0.437661 -0.232544
v 0.140509 -0.436734 -0.237414
v 0.140233 -0.439228 -0.235158
v 0.141378 -0.432078 -0.242483
v 0.142477 -0.433429 -0.239844
v 0.141253 -0.429858 -0.243784
v 0.140477 -0.433825 -0.236948
v 0.141711 -0.426679 -0.246846
v 0.141288 -0.428963 -0.240992
v 0.141574 -0.379440 -0.173832
v 0.135903 -0.379338 -0.161890
v 0.143530 -0.489195 -0.182850
v 0.144248 -0.494150 -0.179403
v 0.143887 -0.480069 -0.184869
v 0.143761 -0.474066 -0.177353
v 0.146496 -0.469420 -0.184020
v 0.149186 -0.457041 -0.185537
v 0.141077 -0.469719 -0.131435
v 0.143851 -0.454343 -0.202350
v 0.143400 -0.428790 -0.242406
v 0.144133 -0.423827 -0.245113
v 0.143165 -0.434759 -0.232829
v 0.143706 -0.417718 -0.249724
v 0.146494 -0.404004 -0.253555
v 0.148264 -0.389004 -0.252779
v 0.148783 -0.379895 -0.204872
v 0.148451 -0.379794 -0.229978
v 0.148455 -0.379838 -0.238702
v 0.148307 -0.379671 -0.213278
v 0.147062 -0.379848 -0.192908
v 0.144812 -0.379562 -0.181041
v 0.143307 -0.468767 -0.156514
v 0.156890 -0.455696 -0.151386
v 0.151962 -0.441071 -0.187951
v 0.154158 -0.444991 -0.183620
v 0.150493 -0.444879 -0.160708
v 0.153464 -0.446701 -0.130991
v 0.151335 -0.430315 -0.195709
v 0.155409 -0.424090 -0.189707
v 0.149617 -0.429794 -0.160907
v 0.159689 -0.394273 -0.201154
v 0.159030 -0.409088 -0.193692
v 0.160544 -0.407268 -0.126405
v 0.157190 -0.379650 -0.230153
v 0.154825 -0.461250 -0.181345
v 0.160467 -0.459127 -0.180225
v 0.165372 -0.459902 -0.154966
v 0.165563 -0.461226 -0.155829
v 0.163169 -0.461289 -0.144548
v 0.164189 -0.461004 -0.149346
v 0.163436 -0.462146 -0.136710
v 0.149291 -0.463618 -0.135780
v 0.165115 -0.462921 -0.133329
v 0.158362 -0.449694 -0.180980
v 0.158564 -0.426814 -0.130666
v 0.168094 -0.424203 -0.128715
v 0.162868 -0.403662 -0.188152
v 0.159006 -0.406203 -0.153381
v 0.154898 -0.415227 -0.142038
v 0.154880 -0.379536 -0.246885
v 0.161034 -0.379552 -0.201082
v 0.166674 -0.459538 -0.179196
v 0.173650 -0.457566 -0.178347
v 0.175652 -0.462356 -0.167381
v 0.167367 -0.459644 -0.158880
v 0.171120 -0.459833 -0.165299
v 0.169610 -0.461518 -0.160937
v 0.170833 -0.461446 -0.165469
v 0.165438 -0.454143 -0.179469
v 0.165796 -0.456291 -0.130581
v 0.171840 -0.464296 -0.132280
v 0.164488 -0.439363 -0.122590
v 0.167657 -0.398730 -0.173973
v 0.171035 -0.396444 -0.167859
v 0.172217 -0.390298 -0.139893
v 0.158769 -0.379607 -0.218756
v 0.165319 -0.379572 -0.173580
v 0.166162 -0.395341 -0.129449
v 0.172553 -0.391620 -0.130600
v 0.167156 -0.379565 -0.164900
v 0.169569 -0.380282 -0.162205
v 0.178843 -0.467045 -0.145119
v 0.176620 -0.466965 -0.140317
v 0.176154 -0.461823 -0.178073
v 0.180881 -0.466281 -0.178937
v 0.179907 -0.459041 -0.178311
v 0.175096 -0.460623 -0.167597
v 0.179180 -0.463177 -0.162740
v 0.173780 -0.465864 -0.134225
v 0.175892 -0.466808 -0.137869
v 0.178176 -0.463333 -0.130204
v 0.177163 -0.444177 -0.132846
v 0.181726 -0.426273 -0.133134
v 0.177708 -0.392874 -0.164114
v 0.172530 -0.394962 -0.158289
v 0.179833 -0.394992 -0.127402
v 0.174557 -0.394164 -0.165019
v 0.180012 -0.379406 -0.161556
v 0.184130 -0.487064 -0.183997
v 0.187527 -0.482426 -0.138544
v 0.197950 -0.469907 -0.189363
v 0.179714 -0.465946 -0.153478
v 0.197867 -0.465086 -0.182658
v 0.188846 -0.459125 -0.179880
v 0.184955 -0.401658 -0.130531
v 0.188371 -0.390188 -0.162225
v 0.188219 -0.392922 -0.128102
v 0.198384 -0.480207 -0.238016
v 0.188917 -0.490989 -0.192826
v 0.195568 -0.478806 -0.195869
v 0.188487 -0.490381 -0.146651
v 0.190840 -0.479794 -0.187615
v 0.182330 -0.470095 -0.180505
v 0.195351 -0.458580 -0.180752
v 0.190375 -0.466657 -0.146643
v 0.182493 -0.465435 -0.131090
v 0.186835 -0.413298 -0.132297
v 0.187997 -0.389749 -0.135212
v 0.201251 -0.484812 -0.237473
v 0.203762 -0.466143 -0.195179
v 0.203172 -0.465784 -0.188777
v 0.202335 -0.463407 -0.144065
v 0.202160 -0.454512 -0.129599
v 0.202468 -0.394122 -0.126878
v 0.197241 -0.389964 -0.160644
v 0.198383 -0.384612 -0.158604
v 0.196709 -0.379349 -0.158303
v 0.211254 -0.474167 -0.237923
v 0.205736 -0.470034 -0.238398
v 0.213821 -0.446779 -0.206091
v 0.210339 -0.455435 -0.195076
v 0.207508 -0.456466 -0.184600
v 0.201953 -0.461751 -0.160342
v 0.208657 -0.456127 -0.157330
v 0.208285 -0.448667 -0.180897
v 0.201320 -0.451502 -0.127323
v 0.207285 -0.424828 -0.123737
v 0.212008 -0.400428 -0.138538
v 0.211105 -0.396039 -0.144815
v 0.205935 -0.397376 -0.127020
v 0.199919 -0.379964 -0.251743
v 0.205866 -0.390709 -0.160101
v 0.213852 -0.458217 -0.239163
v 0.220689 -0.447949 -0.239467
v 0.222505 -0.432775 -0.201237
v 0.211114 -0.448520 -0.159143
v 0.212685 -0.442968 -0.182767
v 0.208997 -0.431105 -0.174261
v 0.213541 -0.437917 -0.143492
v 0.213237 -0.418639 -0.173729
v 0.216685 -0.423947 -0.156071
v 0.214059 -0.423115 -0.132495
v 0.217015 -0.417835 -0.142716
v 0.216341 -0.408721 -0.153949
v 0.213764 -0.404880 -0.168690
v 0.209900 -0.392685 -0.162349
v 0.211396 -0.385594 -0.160446
v 0.228589 -0.454811 -0.238867
v 0.227617 -0.435895 -0.229954
v 0.221175 -0.408653 -0.178199
v 0.203542 -0.379465 -0.220246
v 0.212464 -0.379396 -0.161056
v 0.230698 -0.470888 -0.210882
v 0.227780 -0.436969 -0.239922
v 0.235121 -0.426303 -0.239994
v 0.228066 -0.420932 -0.198354
v 0.230152 -0.379433 -0.176566
v 0.234655 -0.498669 -0.222738
v 0.238538 -0.462554 -0.208393
v 0.240783 -0.420714 -0.240654
v 0.244313 -0.417129 -0.225000
v 0.237300 -0.385717 -0.182984
v 0.245147 -0.379987 -0.251786
v 0.256545 -0.445131 -0.258235
v 0.266718 -0.425793 -0.256401
v 0.266649 -0.380086 -0.251705
v 0.256535 -0.379820 -0.251577
v 0.266698 -0.441103 -0.237313
v 0.266344 -0.408468 -0.254455
v 0.266502 -0.391499 -0.252674
v 0.265646 -0.380273 -0.243595
v 0.244202 -0.483735 -0.219685
v 0.239411 -0.440023 -0.239310
v 0.238233 -0.421982 -0.240220
v 0.244532 -0.415136 -0.240738
v 0.234596 -0.424378 -0.213255
v 0.247597 -0.409034 -0.210058
v 0.240004 -0.379543 -0.183627
v 0.262603 -0.456107 -0.215036
v 0.253127 -0.470214 -0.217336
v 0.252507 -0.447433 -0.204035
v 0.251233 -0.423160 -0.239943
v 0.251937 -0.407852 -0.241358
v 0.249322 -0.380181 -0.189523
v 0.261508 -0.437493 -0.201445
v 0.266657 -0.423648 -0.217589
v 0.266298 -0.405345 -0.242052
v 0.258376 -0.413185 -0.241083
v 0.257091 -0.404167 -0.241585
v 0.263330 -0.399724 -0.226249
v 0.260105 -0.391174 -0.205995
v 0.263879 -0.379786 -0.228278
v 0.263725 -0.379657 -0.218759
v 0.263675 -0.379620 -0.210106
v 0.262794 -0.379457 -0.200865
v 0.263575 -0.383894 -0.202775
v 0.266731 -0.448740 -0.213369
v 0.266702 -0.440829 -0.209064
v 0.266536 -0.432244 -0.199940
v 0.266606 -0.429411 -0.207375
v 0.266662 -0.415764 -0.228593
v 0.266705 -0.408771 -0.237877
v 0.266672 -0.399802 -0.242254
v 0.263803 -0.396387 -0.242435
v 0.266623 -0.392099 -0.243280
v 0.264146 -0.384007 -0.243240
v 0.263781 -0.379742 -0.237699
v 0.007438 -0.637096 -0.140872
v 0.003551 -0.642108 -0.148584
v 0.011318 -0.640651 -0.141039
v 0.016225 -0.631704 -0.142826
v 0.034630 -0.638815 -0.143848
v 0.038546 -0.632947 -0.142525
v -0.013770 -0.537008 -0.132848
v 0.021320 -0.521792 -0.127914
v 0.077742 -0.614505 -0.140522
v 0.070167 -0.616580 -0.142027
v 0.082396 -0.611193 -0.141074
v 0.087420 -0.592948 -0.139406
v 0.097090 -0.599236 -0.143150
v 0.102983 -0.583308 -0.136441
v 0.105914 -0.573633 -0.139415
v 0.118324 -0.584086 -0.143111
v 0.109952 -0.583906 -0.136949
v 0.115115 -0.578182 -0.137551
v 0.005841 -0.379489 -0.121248
v 0.002857 -0.421228 -0.123651
v 0.030878 -0.454836 -0.120068
v 0.039012 -0.396364 -0.113573
v 0.031078 -0.496687 -0.123637
v 0.046411 -0.496710 -0.124511
v 0.054340 -0.430076 -0.114977
v 0.064291 -0.499417 -0.131179
v 0.053150 -0.379160 -0.111396
v 0.068719 -0.467230 -0.123264
v 0.068134 -0.411627 -0.115131
v 0.078408 -0.479943 -0.132224
v 0.077860 -0.379283 -0.116227
v 0.086677 -0.408823 -0.122171
v 0.087493 -0.379241 -0.121361
v 0.126302 -0.555163 -0.136533
v 0.136325 -0.548299 -0.129689
v 0.134104 -0.552762 -0.136212
v 0.125393 -0.537913 -0.132439
v 0.130431 -0.543472 -0.128762
v 0.134208 -0.500524 -0.125260
v 0.139479 -0.552363 -0.126052
v 0.138076 -0.543847 -0.128181
v 0.143736 -0.525453 -0.130325
v 0.136368 -0.525463 -0.129986
v 0.139000 -0.508431 -0.133318
v 0.141225 -0.508652 -0.127185
v 0.146038 -0.570225 -0.132479
v 0.146640 -0.546320 -0.120075
v 0.147209 -0.562262 -0.124302
v 0.141799 -0.519479 -0.134219
v 0.147429 -0.515762 -0.132200
v 0.150934 -0.512519 -0.125673
v 0.155993 -0.567576 -0.130470
v 0.152832 -0.546172 -0.118535
v 0.157303 -0.546147 -0.119642
v 0.153382 -0.535563 -0.122099
v 0.155078 -0.524667 -0.131703
v 0.159609 -0.495975 -0.112669
v 0.161947 -0.564372 -0.134204
v 0.165079 -0.553141 -0.131534
v 0.157427 -0.557604 -0.123241
v 0.162713 -0.544861 -0.125260
v 0.166262 -0.543077 -0.135979
v 0.158943 -0.520540 -0.138526
v 0.157082 -0.515938 -0.130006
v 0.173204 -0.511016 -0.123138
v 0.167242 -0.516993 -0.140385
v 0.133040 -0.487607 -0.133260
v 0.141024 -0.492655 -0.118980
v 0.138743 -0.483335 -0.120828
v 0.142919 -0.477907 -0.117947
v 0.150553 -0.490885 -0.118161
v 0.156976 -0.483182 -0.118007
v 0.148297 -0.468428 -0.122518
v 0.159085 -0.455318 -0.128940
v 0.156006 -0.444809 -0.124025
v 0.152131 -0.470873 -0.119412
v 0.164882 -0.472622 -0.122057
v 0.159300 -0.447215 -0.122856
v 0.160105 -0.433471 -0.123304
v 0.163208 -0.413607 -0.122818
v 0.168173 -0.415708 -0.124518
v 0.164214 -0.404686 -0.122446
v 0.174281 -0.500784 -0.115871
v 0.164736 -0.486783 -0.111503
v 0.169331 -0.471003 -0.118755
v 0.164895 -0.466032 -0.123299
v 0.170714 -0.467407 -0.123776
v 0.169104 -0.408232 -0.121546
v 0.180630 -0.502617 -0.122183
v 0.184591 -0.488239 -0.123141
v 0.175657 -0.484653 -0.113569
v 0.179665 -0.480337 -0.117867
v 0.186754 -0.501051 -0.135301
v 0.182303 -0.474943 -0.130558
v 0.192711 -0.457392 -0.129481
v 0.201764 -0.441853 -0.125933
v 0.202866 -0.422261 -0.122636
v 0.201779 -0.409870 -0.122450
v 0.207058 -0.413980 -0.122764
v 0.015419 -0.379326 -0.119464
v 0.095413 -0.379262 -0.125571
v 0.022215 -0.379342 -0.117749
v 0.032471 -0.379302 -0.114616
vn 0.0094 -0.3797 0.9251
vn -0.7113 -0.6417 -0.2868
vn -0.8175 -0.2493 -0.5192
vn -0.8401 -0.3060 -0.4479
vn -0.7420 -0.6145 -0.2680
vn -0.9246 -0.0299 -0.3797
vn -0.9378 -0.0631 -0.3414
vn -0.9393 -0.1369 -0.3145
vn -0.0000 1.0000 -0.0000
vn -0.9501 0.0261 -0.3107
vn -0.7005 0.0909 -0.7079
vn -0.7037 0.0960 -0.7039
vn -0.5452 0.0933 -0.8331
vn -0.2364 0.0124 -0.9716
vn -0.2025 -0.0512 -0.9779
vn -0.2827 -0.0280 -0.9588
vn -0.1663 0.0392 -0.9853
vn -0.5297 -0.8421 -0.1015
vn -0.6368 -0.7442 -0.2017
vn -0.7745 -0.3712 -0.5123
vn -0.5872 0.0691 -0.8065
vn -0.6881 0.0776 -0.7214
vn 0.1953 0.5573 0.8070
vn 0.0357 0.4675 -0.8833
vn -0.2409 -0.5786 0.7792
vn 0.3578 -0.2772 0.8917
vn -0.0081 -0.6221 -0.7829
vn 0.0511 -0.6851 -0.7267
vn -0.0799 -0.9168 0.3913
vn 0.1413 -0.8134 0.5643
vn 0.7039 0.0194 0.7100
vn -0.0008 1.0000 -0.0006
vn 0.0387 0.9992 -0.0033
vn 0.0011 0.9999 0.0099
vn 0.0039 1.0000 0.0065
vn 0.6609 0.7130 -0.2342
vn 0.8004 0.0491 0.5974
vn 0.8193 0.1037 0.5639
vn 0.6834 0.0460 0.7286
vn 1.0000 -0.0000 -0.0000
vn 0.8805 -0.0000 0.4740
vn 0.4849 -0.1157 0.8669
vn 0.5498 -0.1056 0.8286
vn 0.7225 -0.0518 0.6895
vn 0.6596 -0.0710 0.7483
vn -0.2546 -0.5861 0.7692
vn 0.1334 -0.5426 0.8294
vn 0.3080 0.1873 0.9328
vn 0.7656 -0.0454 0.6417
vn 1.0000 0.0001 -0.0001
vn 0.0566 0.9975 -0.0412
vn 0.0878 -0.3891 -0.9170
vn 0.1054 -0.8338 0.5420
vn -0.0572 0.7797 -0.6236
vn -0.1015 -0.9947 0.0150
vn -0.1047 0.1131 -0.9881
vn 0.7880 0.3994 0.4685
vn -0.0000 0.7270 0.6867
vn 0.5588 0.7014 0.4425
vn 0.8685 0.2239 0.4423
vn 0.7282 0.5882 -0.3518
vn 0.3967 0.6507 -0.6475
vn 0.4789 0.7187 -0.5041
vn -0.1841 -0.5420 0.8200
vn -0.2461 -0.5561 0.7938
vn -0.2498 -0.5670 0.7850
vn -0.3498 -0.5593 0.7515
vn 0.2018 0.9112 0.3591
vn 0.0190 0.0147 0.9997
vn 0.2336 -0.1342 0.9630
vn 0.1094 -0.9920 -0.0633
vn -0.0751 -0.9569 -0.2805
vn 0.0112 0.8058 -0.5920
vn -0.0006 -1.0000 -0.0000
vn -0.0010 -1.0000 -0.0004
vn -0.8835 0.1306 -0.4500
vn -0.8463 0.0428 -0.5311
vn -0.2837 0.1481 -0.9474
vn -0.2461 -0.9692 -0.0077
vn -0.2334 -0.9723 0.0105
vn -0.5324 -0.8439 -0.0665
vn -0.0626 0.0141 -0.9979
vn -0.5048 0.0703 -0.8604
vn -0.3764 -0.1754 -0.9097
vn -0.2024 -0.2943 0.9341
vn -0.0086 1.0000 -0.0031
vn -0.9879 0.1501 -0.0398
vn -0.7543 -0.6556 -0.0347
vn -0.1253 -0.9864 0.1067
vn -0.2838 0.1916 -0.9396
vn -0.2126 0.1404 -0.9670
vn -0.1774 0.1349 -0.9749
vn 0.8057 0.0344 0.5914
vn -0.0000 -1.0000 -0.0005
vn -0.3511 -0.9363 -0.0095
vn -0.2540 -0.9634 0.0859
vn 0.0258 0.3147 -0.9489
vn -0.0490 -0.0793 0.9956
vn -0.0358 -0.9993 0.0076
vn 0.0205 0.8591 0.5114
vn -0.0499 -0.5213 0.8519
vn -0.0493 -0.1134 -0.9923
vn 0.0180 -0.8771 0.4800
vn 0.0398 -0.4988 -0.8658
vn 0.0045 -0.1527 0.9883
vn 0.0175 -0.9844 -0.1751
vn 0.0654 0.9951 -0.0740
vn 0.0440 -0.4474 -0.8932
vn 0.0194 -0.8371 0.5468
vn -0.0582 0.8118 -0.5810
vn 0.1070 0.5903 -0.8001
vn 0.0001 0.8608 -0.5089
vn -0.0529 -0.7552 -0.6533
vn -0.9433 0.0780 -0.3228
vn -0.9235 0.0558 -0.3796
vn -0.9267 0.1200 -0.3561
vn -0.9505 -0.0022 -0.3108
vn -0.9487 -0.0082 -0.3162
vn -0.9483 -0.0059 -0.3173
vn -0.9468 -0.0027 -0.3218
vn -0.9479 0.0042 -0.3186
vn -1.0000 -0.0000 -0.0000
vn -0.9415 -0.0000 -0.3369
vn -0.9301 -0.0016 -0.3672
vn -0.9277 0.0327 -0.3719
vn -0.9405 0.0341 -0.3381
vn -0.0023 1.0000 -0.0018
vn -0.9397 -0.0006 -0.3421
vn -0.9223 -0.0344 -0.3850
vn 0.8805 0.0001 0.4741
vn -0.0000 0.5803 0.8144
vn -0.0022 0.5798 0.8148
vn 0.0041 -1.0000 -0.0028
vn -1.0000 0.0002 0.0003
vn -1.0000 -0.0000 -0.0002
vn 0.0043 -0.3884 0.9215
vn 0.0030 -0.3854 0.9227
vn 1.0000 0.0001 0.0001
vn 1.0000 -0.0001 -0.0003
vn -0.3952 -0.9150 -0.0815
vn -0.1027 -0.0563 -0.9931
vn -0.2347 -0.3255 -0.9160
vn -0.2384 -0.1419 -0.9608
vn -0.1566 -0.2927 -0.9433
vn -0.0094 -0.3797 0.9251
vn 0.3806 -0.9247 0.0115
vn 0.7261 -0.6210 -0.2953
vn 0.8304 -0.3767 -0.4105
vn 0.8325 -0.2857 -0.4747
vn 0.9249 -0.0337 -0.3786
vn 0.7623 -0.3708 -0.5305
vn 0.9422 -0.0686 -0.3280
vn 0.9541 -0.0901 -0.2857
vn 0.9223 0.1491 -0.3566
vn 0.7933 0.0503 -0.6067
vn 0.5886 0.0739 -0.8051
vn 0.6990 0.0859 -0.7099
vn 0.2229 0.0206 -0.9746
vn 0.1948 -0.0445 -0.9798
vn 0.3013 -0.0460 -0.9524
vn 0.2759 -0.0353 -0.9605
vn 0.3130 -0.0590 -0.9479
vn 0.6464 -0.1605 -0.7459
vn 0.6083 -0.0919 -0.7884
vn 0.5120 -0.8573 -0.0533
vn 0.6166 -0.7688 -0.1697
vn 0.8119 -0.1946 -0.5504
vn 0.6997 -0.0554 -0.7123
vn 0.2729 -0.9572 0.0966
vn 0.6743 0.1127 -0.7298
vn 0.0089 0.4301 -0.9028
vn 0.2493 -0.5930 0.7657
vn 0.1327 0.0429 0.9902
vn 0.0463 -0.6159 -0.7864
vn 0.1966 0.5274 0.8265
vn 0.0098 -0.0810 -0.9967
vn 0.0743 -0.9510 0.3000
vn -0.0986 0.3763 0.9212
vn 0.0010 1.0000 -0.0010
vn -0.0417 0.9985 0.0355
vn 0.0019 1.0000 0.0004
vn -0.0085 1.0000 0.0007
vn -0.7441 0.6445 -0.1758
vn -0.6748 0.7139 -0.1871
vn -1.0000 0.0006 -0.0003
vn -1.0000 0.0008 0.0001
vn -1.0000 0.0004 -0.0004
vn -0.7515 0.0914 0.6534
vn -0.7271 0.1298 0.6741
vn -0.7213 -0.0521 0.6906
vn -0.6733 -0.0741 0.7356
vn -0.6271 -0.0627 0.7764
vn 0.0182 -0.5772 0.8164
vn -0.7645 -0.0497 0.6427
vn -0.7140 0.5845 -0.3855
vn -0.7418 0.6087 -0.2815
vn -0.0019 1.0000 -0.0028
vn 0.2782 -0.4624 0.8419
vn 0.1243 0.7027 0.7005
vn 0.0562 -0.0375 0.9977
vn 0.0675 -0.6364 0.7684
vn 0.1381 -0.4770 -0.8680
vn 0.0451 0.4577 -0.8880
vn -0.0174 0.9701 -0.2421
vn 0.0814 0.9411 -0.3282
vn -0.1118 0.2836 -0.9524
vn -0.1043 0.9234 0.3694
vn -0.7692 0.4297 0.4730
vn -0.5719 0.6866 0.4489
vn -0.1958 0.9106 0.3639
vn -0.8713 0.2174 0.4400
vn -0.4720 0.6388 -0.6075
vn 0.2617 -0.5576 0.7878
vn -0.0240 0.9222 0.3860
vn -0.0326 0.8196 0.5720
vn -0.2173 -0.1375 0.9664
vn 0.0370 -0.9513 -0.3060
vn 0.0314 0.9889 -0.1453
vn -0.0626 0.9980 -0.0012
vn 0.0322 0.7818 -0.6227
vn 0.2588 -0.5677 0.7815
vn 0.0002 -1.0000 0.0003
vn 0.0570 0.0401 -0.9976
vn 0.7584 -0.6499 -0.0486
vn 0.2258 -0.9742 -0.0036
vn 0.5295 -0.8482 -0.0149
vn 0.5158 -0.8567 0.0100
vn 0.6484 -0.7576 -0.0754
vn 0.0736 -0.0096 -0.9972
vn 0.4140 0.1524 -0.8974
vn 0.0023 1.0000 -0.0021
vn 0.0057 1.0000 0.0007
vn -0.1749 0.9037 0.3907
vn 0.9919 0.1071 -0.0679
vn 0.0175 0.8819 0.4711
vn 0.1345 -0.9844 0.1132
vn -0.4487 0.8935 -0.0169
vn -0.7970 0.0366 0.6029
vn -0.9432 -0.0821 0.3220
vn -0.9911 -0.0819 0.1054
vn 0.4237 -0.1826 -0.8872
vn 0.0358 0.9993 0.0075
vn 0.0130 0.4304 -0.9025
vn -0.0176 0.5254 -0.8507
vn 0.0491 -0.0792 0.9957
vn 0.0358 -0.9993 0.0076
vn -0.0180 0.8771 0.4800
vn -0.0238 0.8710 0.4907
vn 0.0499 -0.5213 0.8519
vn 0.0476 0.4888 0.8711
vn 0.0278 -0.0793 -0.9965
vn -0.0180 -0.8770 0.4801
vn -0.0205 -0.5584 -0.8294
vn -0.0744 -0.0569 0.9956
vn 0.0633 -0.9950 -0.0776
vn -0.0922 0.9946 0.0476
vn 0.0841 0.8887 -0.4507
vn -0.0772 0.7101 0.6999
vn -0.1058 0.7020 -0.7042
vn -0.0512 -0.9874 0.1495
vn 0.1157 0.1958 0.9738
vn -0.0681 -0.8764 -0.4768
vn 0.1299 0.2638 -0.9558
vn 0.1009 -0.6189 -0.7790
vn -0.0508 -0.9687 -0.2428
vn 0.0371 0.8011 -0.5974
vn 0.0529 -0.7552 -0.6533
vn 0.9239 0.0551 -0.3787
vn 0.9337 0.0916 -0.3463
vn 0.9505 -0.0020 -0.3108
vn 0.9486 -0.0079 -0.3163
vn 0.9483 -0.0059 -0.3173
vn 0.9470 -0.0032 -0.3211
vn 0.9398 -0.0031 -0.3417
vn 0.9453 0.0070 -0.3260
vn 0.9454 0.0048 -0.3257
vn 0.9485 0.0043 -0.3168
vn 0.9448 -0.0012 -0.3277
vn 0.9427 -0.0001 -0.3336
vn 1.0000 0.0001 -0.0000
vn 0.9302 -0.0069 -0.3670
vn 0.9305 -0.0043 -0.3663
vn 0.9260 0.0159 -0.3772
vn 0.9286 0.0377 -0.3691
vn 0.9468 0.0614 -0.3159
vn 0.9475 0.0803 -0.3094
vn 0.9366 0.0028 -0.3503
vn 0.9232 -0.0371 -0.3824
vn 0.9366 0.0056 -0.3505
vn -0.6655 -0.0036 0.7463
vn -0.8825 -0.0022 0.4703
vn -0.6954 -0.0000 0.7186
vn 0.0052 -1.0000 0.0027
vn 1.0000 -0.0000 0.0001
vn 1.0000 -0.0001 -0.0005
vn -0.0043 -0.3884 0.9215
vn -0.0030 -0.3854 0.9227
vn -1.0000 0.0001 -0.0002
vn -1.0000 -0.0001 -0.0000
vn -1.0000 0.0001 -0.0001
vn 0.2435 -0.2982 -0.9229
vn 0.2456 -0.1684 -0.9547
vn 0.2288 -0.1579 -0.9606
vn 0.2328 -0.3209 -0.9181
vn -0.8725 0.1191 -0.4739
vn 0.8644 0.1318 -0.4852
vn 0.2942 0.0132 -0.9557
vn -0.9636 -0.2632 0.0478
vn 0.6803 -0.7329 0.0059
vn 0.7460 0.6640 -0.0514
vn 0.4490 0.8928 -0.0373
vn -0.0000 -0.1021 0.9948
vn 0.0001 -0.1021 0.9948
vn -0.0001 -0.1020 0.9948
vn -0.0000 -0.1020 0.9948
vn 0.0050 -0.1200 0.9928
vn 0.0009 -0.1278 0.9918
vn 0.0006 -0.1271 0.9919
vn -0.0143 -0.1202 0.9926
vn -0.0136 -0.1251 0.9920
vn 0.0230 -0.1229 0.9921
vn -0.0223 -0.1226 0.9922
vn 0.0145 -0.1199 0.9927
vn 0.0004 -0.1016 0.9948
vn -0.0014 -0.1019 0.9948
vn 0.0078 -0.1274 0.9918
vn 0.0308 -0.1375 0.9900
vn -0.0047 -0.1210 0.9926
vn -0.0024 -0.1235 0.9923
vn 0.0131 -0.1076 0.9941
vn -0.0009 -0.1271 0.9919
vn -0.0000 -0.1026 0.9947
vn -0.0015 -0.1265 0.9920
vn -0.0096 -0.1181 0.9930
vn 0.0015 -0.1019 0.9948
vn -0.0002 -0.1024 0.9947
vn 0.0077 -0.1207 0.9927
vn 0.0019 -0.1011 0.9949
vn -0.0022 -0.1020 0.9948
vn -0.0164 -0.1144 0.9933
vn -0.0008 -0.1022 0.9948
vn 0.0002 -0.1034 0.9946
vn -0.0009 -0.1024 0.9947
vn -0.0016 -0.1021 0.9948
vn 0.0016 -0.1018 0.9948
vn -0.1216 -0.9899 0.0725
vn -0.0000 -0.9992 0.0395
vn 0.0584 -0.0384 -0.9976
vn -0.0729 -0.6358 -0.7684
vn 0.1133 -0.8074 -0.5790
vn -0.1045 -0.9825 -0.1542
vn 0.1045 -0.9835 0.1479
vn -0.1138 -0.8114 0.5732
vn 0.0715 -0.6448 0.7610
vn -0.0560 -0.0323 0.9979
vn 0.0548 0.0397 0.9977
vn -0.0715 0.6375 0.7671
vn 0.1132 0.8076 0.5787
vn -0.1045 0.9825 0.1542
vn 0.1045 0.9835 -0.1479
vn -0.1135 0.8119 -0.5726
vn 0.0714 0.6451 -0.7608
vn -0.0557 0.0360 -0.9978
vn 0.0572 -0.8476 0.5275
vn -0.0431 -0.1355 0.9898
vn -0.0000 -0.1461 0.9893
vn -0.0000 -0.3641 0.9314
vn -0.0000 -0.9390 0.3440
vn -0.0000 -0.0382 -0.9993
vn -0.0000 0.3087 -0.9512
vn -0.0000 0.7933 -0.6088
vn -0.0000 0.4931 -0.8700
vn -0.0000 -0.4870 0.8734
vn -0.0000 0.7883 -0.6152
vn -0.0000 0.3502 -0.9367
vn -0.0000 -0.8805 0.4741
vn 0.9869 -0.0857 -0.1367
vn 0.5318 -0.8380 0.1222
vn -1.0000 -0.0002 -0.0001
vn -0.0186 -0.4386 -0.8985
vn 0.0187 -0.3714 -0.9283
vn -0.0185 -0.9452 -0.3259
vn 0.0185 -0.9193 -0.3931
vn -0.0185 -0.9030 0.4293
vn 0.0185 -0.9315 0.3633
vn -0.0187 -0.3342 0.9423
vn 0.0186 -0.4026 0.9152
vn -0.0186 0.4386 0.8985
vn 0.0187 0.3714 0.9283
vn -0.0185 0.9452 0.3259
vn 0.0185 0.9193 0.3931
vn -0.0185 0.9030 -0.4293
vn 0.0185 0.9315 -0.3633
vn -0.0187 0.3342 -0.9423
vn 0.0186 0.4026 -0.9152
vn -1.0000 0.0001 -0.0000
vn -0.0045 0.9091 0.4165
vn 0.0882 0.8236 0.5603
vn -0.0826 0.3288 0.9408
vn 0.0705 -0.2381 0.9687
vn -0.0222 -0.4369 0.8992
vn 0.0208 -0.8900 0.4555
vn -0.0268 -0.9385 0.3443
vn 0.0307 -0.9747 -0.2215
vn -0.0307 -0.9238 -0.3815
vn 0.0268 -0.5681 -0.8225
vn -0.0340 -0.4342 -0.9002
vn 0.0432 0.1564 -0.9867
vn -0.0547 0.3985 -0.9155
vn 0.0620 0.8551 -0.5148
vn -0.0344 0.9440 -0.3281
vn -0.0220 0.6896 0.7239
vn 0.0386 0.5938 0.8037
vn -0.0343 -0.0343 0.9988
vn 0.0397 -0.2116 0.9766
vn -0.0566 -0.7995 0.5980
vn 0.0635 -0.9123 0.4045
vn -0.0722 -0.8720 -0.4842
vn 0.0287 -0.7888 -0.6139
vn 0.0127 -0.0083 -0.9999
vn -0.0498 0.1054 -0.9932
vn 0.0316 0.6922 -0.7210
vn -0.0197 0.7881 -0.6153
vn 0.0252 0.9996 -0.0152
vn -0.0052 0.9990 0.0449
vn -1.0000 -0.0000 0.0001
vn -1.0000 0.0002 0.0001
vn -1.0000 -0.0000 -0.0001
vn 1.0000 -0.0002 -0.0000
vn 0.9284 -0.1568 0.3370
vn 0.9532 -0.0253 0.3014
vn 1.0000 -0.0068 0.0060
vn 1.0000 0.0028 0.0038
vn 1.0000 -0.0001 -0.0000
vn 1.0000 0.0002 -0.0000
vn 0.9593 0.0045 0.2823
vn 1.0000 -0.0001 0.0002
vn 1.0000 -0.0000 -0.0001
vn 0.8980 0.1841 0.3996
vn -0.1216 0.9899 -0.0725
vn -0.0000 0.9992 -0.0395
vn 0.0584 0.0384 0.9976
vn -0.0729 0.6358 0.7684
vn 0.1133 0.8075 0.5789
vn -0.1138 0.8114 -0.5732
vn 0.0715 0.6448 -0.7610
vn -0.0560 0.0323 -0.9979
vn 0.0548 -0.0397 -0.9977
vn -0.0715 -0.6375 -0.7671
vn 0.1132 -0.8076 -0.5787
vn -0.1135 -0.8119 0.5726
vn 0.0714 -0.6451 0.7608
vn -0.0557 -0.0360 0.9978
vn 0.0572 0.8476 -0.5275
vn -0.0431 0.1355 -0.9898
vn -0.0000 0.1461 -0.9893
vn -0.0000 0.3641 -0.9314
vn -0.0000 0.9390 -0.3440
vn -0.0000 0.0382 0.9993
vn -0.0000 -0.3087 0.9512
vn -0.0000 -0.7933 0.6088
vn -0.0000 -0.4931 0.8700
vn -0.0000 0.4870 -0.8734
vn -0.0000 -0.7883 0.6152
vn -0.0000 -0.3502 0.9367
vn -0.0000 0.8805 -0.4741
vn 0.9869 0.0857 0.1367
vn 0.5318 0.8380 -0.1222
vn -1.0000 0.0003 0.0001
vn -0.0701 -0.9069 -0.4155
vn 0.0576 -0.4883 -0.8708
vn -0.0221 -0.3298 -0.9438
vn 0.0277 0.4402 -0.8975
vn 0.0002 0.4793 -0.8777
vn -0.0344 0.9988 -0.0341
vn 0.0344 0.9976 0.0594
vn -0.0002 0.4565 0.8897
vn -0.0277 0.4170 0.9085
vn 0.0254 -0.4054 0.9138
vn 0.0050 -0.4384 0.8988
vn -0.0354 -0.9423 0.3328
vn 0.0880 -0.9941 0.0630
vn 0.0624 -0.8139 -0.5776
vn -0.0620 -0.4243 -0.9034
vn 0.0737 -0.0929 -0.9929
vn -0.0898 0.4500 -0.8885
vn 0.0998 0.8680 -0.4864
vn -0.0976 0.9935 -0.0583
vn 0.0826 0.8569 0.5088
vn -0.0568 0.5256 0.8488
vn 0.0443 0.2217 0.9741
vn -0.0428 -0.2392 0.9700
vn 0.0483 -0.5434 0.8381
vn -0.0399 -0.7739 0.6321
vn 0.0363 -0.9920 0.1213
vn -0.0542 -0.9926 -0.1083
vn 0.0176 -0.6752 -0.7374
vn -1.0000 -0.0001 -0.0001
vn 0.9371 0.2077 -0.2803
vn 1.0000 -0.0038 -0.0042
vn 0.9606 -0.1345 -0.2432
vn 0.9365 0.0872 -0.3395
vn 1.0000 -0.0012 -0.0017
vn 0.9593 -0.0045 -0.2823
vn 0.9999 -0.0023 0.0130
vn 1.0000 -0.0001 0.0001
vn 0.8980 -0.1843 -0.3995
vn -0.8448 -0.4245 -0.3257
vn -0.0358 0.0960 -0.9947
vn -0.9951 -0.0978 -0.0122
vn -1.0000 -0.0043 -0.0029
vn -0.9996 0.0220 -0.0164
vn -0.9999 -0.0079 -0.0133
vn -0.4580 -0.0456 0.8878
vn -0.8504 -0.4254 -0.3095
vn -0.1036 0.1278 -0.9864
vn -0.7358 -0.4360 -0.5182
vn -0.0041 0.9997 -0.0241
vn -1.0000 -0.0026 -0.0078
vn -0.0036 0.9997 -0.0234
vn -0.8510 -0.4942 -0.1775
vn -1.0000 -0.0009 0.0055
vn -1.0000 0.0040 -0.0064
vn -1.0000 0.0014 0.0038
vn -1.0000 -0.0009 -0.0043
vn -1.0000 -0.0010 -0.0059
vn 0.4146 0.7276 0.5466
vn -0.0614 0.0224 0.9979
vn -0.9897 -0.1420 -0.0161
vn -0.1472 0.0729 0.9864
vn -0.9947 0.0961 0.0375
vn -0.4530 -0.4310 0.7804
vn 0.6721 0.6487 0.3571
vn -0.5041 -0.6011 0.6201
vn 0.6658 0.5762 0.4740
vn 0.3356 0.7662 0.5479
vn -0.0125 0.0312 0.9994
vn -0.1386 -0.2429 -0.9601
vn -0.1741 0.0751 0.9819
vn -0.7236 -0.6852 -0.0838
vn 0.0098 0.9999 0.0029
vn -1.0000 0.0069 0.0043
vn -0.8315 -0.5284 -0.1716
vn -0.7712 -0.6357 -0.0340
vn -0.5000 -0.6239 0.6006
vn -0.6157 -0.7749 -0.1429
vn -0.5232 -0.5434 0.6565
vn -0.6299 -0.0254 0.7762
vn 0.0026 1.0000 0.0022
vn 0.7052 0.5242 0.4775
vn -0.6705 -0.6481 0.3612
vn -0.5830 -0.2187 0.7825
vn -0.0195 0.9997 0.0132
vn -0.0416 0.0505 -0.9979
vn -0.5479 -0.7561 -0.3579
vn -0.4234 -0.7044 -0.5698
vn -0.0026 0.0982 -0.9952
vn -0.4346 -0.8349 -0.3378
vn -0.0000 0.0929 -0.9957
vn 0.0001 0.0930 -0.9957
vn 0.0002 0.0924 -0.9957
vn -0.8491 -0.5041 -0.1576
vn 0.0180 0.0577 0.9982
vn -0.7901 -0.5395 -0.2909
vn -0.5494 -0.7457 -0.3769
vn -0.2024 -0.3880 0.8991
vn -0.7217 -0.5652 -0.3996
vn -0.6763 -0.6087 -0.4148
vn -0.5908 -0.7941 -0.1426
vn -0.0028 -0.3881 0.9216
vn -0.5415 -0.7869 -0.2960
vn 0.5217 0.8192 0.2382
vn -0.0185 -0.3825 0.9238
vn -0.8668 -0.4810 0.1312
vn 0.6250 0.5952 0.5051
vn -0.0198 -0.3799 0.9248
vn -0.4222 -0.8394 0.3423
vn -0.8566 -0.5101 0.0772
vn -0.3676 -0.9023 -0.2253
vn 0.1102 0.1640 0.9803
vn -0.5743 -0.7577 0.3098
vn -0.9480 -0.3019 0.1003
vn -0.5741 -0.7747 -0.2651
vn -0.7166 -0.6939 -0.0708
vn -0.9352 -0.3386 -0.1037
vn -0.6950 -0.7053 0.1396
vn -0.7670 -0.6191 -0.1688
vn -0.9185 -0.3792 0.1122
vn -0.9537 -0.2636 -0.1449
vn -0.9855 -0.1322 -0.1062
vn -0.5102 -0.8119 -0.2838
vn -0.0206 -0.3181 0.9478
vn 0.5077 0.8266 0.2431
vn -0.6935 -0.5596 -0.4538
vn -0.6274 -0.7772 0.0484
vn -0.3024 -0.9258 -0.2267
vn -0.2075 -0.9570 0.2027
vn -0.8229 -0.5460 0.1570
vn -0.5702 -0.6033 0.5576
vn -0.9144 -0.2864 -0.2862
vn -0.6894 -0.7138 -0.1237
vn -0.9670 -0.2093 -0.1449
vn -0.8157 -0.3852 0.4316
vn -0.9905 0.1296 -0.0455
vn -0.9746 0.1012 0.1998
vn -0.9834 0.1043 0.1485
vn -0.5815 -0.7926 0.1832
vn 0.2994 0.9452 0.1303
vn -0.0881 -0.4299 0.8986
vn -0.5166 -0.7220 0.4603
vn 0.0642 0.1592 0.9852
vn -0.7555 -0.5752 -0.3138
vn -0.5891 -0.7727 -0.2365
vn -0.7560 -0.5824 -0.2988
vn -0.5225 -0.4578 0.7193
vn -0.2214 -0.9402 -0.2587
vn -0.1286 -0.9390 -0.3190
vn -0.2213 -0.9750 0.0182
vn -0.0138 -0.3386 0.9408
vn -0.2313 -0.6582 -0.7164
vn -0.6839 -0.5937 -0.4241
vn -0.8481 -0.5062 -0.1564
vn -0.7999 0.5998 -0.0200
vn -0.7826 -0.4849 0.3904
vn -0.8874 -0.3011 0.3492
vn -0.9588 0.2161 -0.1846
vn -0.8187 0.5669 -0.0915
vn -0.7046 -0.6409 -0.3046
vn -0.8846 -0.2890 0.3661
vn -0.7856 -0.6091 -0.1084
vn -0.8145 0.5793 0.0329
vn -0.2387 -0.9597 -0.1486
vn -0.7621 0.4436 0.4716
vn -0.7287 -0.5940 -0.3408
vn -0.4227 -0.3537 0.8344
vn -0.8935 0.3544 0.2759
vn -0.7581 0.6471 0.0810
vn 0.0584 -0.9759 -0.2102
vn 0.0623 -0.9432 -0.3263
vn 0.2409 -0.8814 0.4064
vn -0.0074 -0.9861 0.1661
vn -0.5292 -0.7563 -0.3846
vn 0.3672 -0.0255 0.9298
vn -0.4424 -0.8306 -0.3382
vn -0.1099 -0.7576 -0.6434
vn -0.5658 -0.6383 -0.5219
vn -0.6103 0.7904 -0.0529
vn -0.5365 -0.5122 -0.6707
vn -0.5595 -0.6980 0.4470
vn -0.4411 -0.6662 -0.6014
vn -0.0005 -0.0195 0.9998
vn -0.7747 -0.4404 -0.4536
vn -0.1550 -0.2150 0.9643
vn -0.3830 0.9224 -0.0495
vn -0.4784 0.8522 -0.2120
vn -0.6489 0.7562 0.0844
vn -0.4132 0.9069 -0.0820
vn 0.4337 -0.6451 0.6291
vn -0.8121 0.5742 0.1040
vn -0.5869 -0.7540 -0.2952
vn -0.9027 0.4249 -0.0670
vn -0.3487 -0.9235 0.1599
vn 0.2069 -0.9781 -0.0215
vn -0.5693 0.8120 0.1291
vn -0.5107 0.7899 0.3393
vn -0.3033 -0.2231 0.9264
vn 0.0723 -0.9605 -0.2688
vn 0.8590 -0.4507 -0.2429
vn 0.0539 -0.7447 -0.6652
vn -0.2744 0.9468 0.1683
vn -0.3497 -0.6178 0.7042
vn -0.0677 -0.9276 -0.3674
vn -0.5273 -0.7575 -0.3848
vn 0.1652 -0.9826 -0.0846
vn -0.4960 -0.8337 -0.2426
vn -0.0586 -0.8974 -0.4373
vn -0.0606 -0.8988 -0.4342
vn 0.6636 -0.7480 -0.0017
vn -0.4127 -0.5738 0.7074
vn -0.7444 -0.5550 -0.3713
vn -0.7525 -0.5470 -0.3667
vn 0.0807 -0.1437 0.9863
vn -0.6158 -0.1916 -0.7643
vn 0.7003 0.6660 -0.2570
vn -0.0508 0.9729 0.2255
vn 0.6639 0.6977 -0.2692
vn -0.0814 0.9866 0.1417
vn 0.8829 -0.4036 -0.2400
vn 0.7799 -0.6097 0.1415
vn -0.2371 0.8786 0.4145
vn 0.9569 -0.2166 0.1935
vn -0.2096 0.9096 0.3588
vn -0.3690 0.7525 0.5455
vn -0.0056 -0.0644 0.9979
vn 0.4505 -0.2885 0.8449
vn 0.7380 -0.6611 -0.1351
vn 0.7304 -0.6087 -0.3099
vn 0.7683 -0.6184 -0.1650
vn 0.9038 -0.3841 -0.1887
vn 0.7826 -0.5945 0.1846
vn 0.9449 -0.3094 -0.1067
vn 0.7952 -0.5900 -0.1400
vn -0.0062 -0.3494 0.9369
vn -0.7659 -0.5752 -0.2872
vn -0.6263 -0.7334 0.2644
vn 0.3313 -0.8414 -0.4268
vn 0.6723 0.7364 -0.0755
vn -0.4047 -0.5930 0.6961
vn -0.5876 -0.5284 0.6128
vn -0.8149 -0.4646 -0.3466
vn 0.7021 0.7066 0.0884
vn 0.9370 0.2245 0.2676
vn 0.1019 -0.7486 0.6551
vn 0.1452 0.9599 0.2400
vn -0.6042 -0.7464 0.2789
vn -0.1453 0.2077 0.9673
vn 0.8890 -0.3915 -0.2373
vn -0.8486 -0.2463 0.4682
vn -0.9965 -0.0186 -0.0815
vn -0.8802 0.1036 0.4631
vn -0.9429 -0.3312 0.0339
vn -0.9964 -0.0354 -0.0775
vn -0.9977 -0.0413 -0.0543
vn -0.9602 -0.2000 0.1947
vn -0.0149 -0.4110 0.9115
vn -0.5016 -0.7626 -0.4086
vn -0.1073 -0.4393 0.8919
vn -0.0567 -0.3930 0.9178
vn -0.9057 -0.3301 -0.2661
vn -0.9963 -0.0360 -0.0775
vn 0.8609 -0.4992 0.0981
vn 0.6103 -0.7832 -0.1193
vn 0.2467 -0.9417 -0.2288
vn -0.9682 -0.1776 0.1762
vn 0.8953 -0.4103 0.1733
vn -0.9586 -0.2015 0.2010
vn -0.2468 -0.2610 0.9332
vn 0.5397 -0.6419 -0.5446
vn -0.4450 -0.1802 0.8772
vn 0.4957 -0.8122 -0.3076
vn 0.4718 -0.8139 -0.3390
vn -0.9731 0.1279 -0.1917
vn 0.9786 -0.1776 0.1035
vn 0.3030 -0.9247 0.2304
vn -0.8547 -0.4262 -0.2964
vn 0.4518 -0.0805 0.8885
vn 0.7986 0.5946 -0.0929
vn 0.9620 0.0518 0.2680
vn 0.8275 0.4104 0.3833
vn -0.7110 -0.6529 -0.2610
vn -0.7457 0.2850 0.6023
vn -0.7945 -0.5260 0.3034
vn -0.7973 -0.5215 0.3038
vn -0.0547 -0.4030 0.9136
vn -0.6318 -0.5397 -0.5563
vn -0.9082 -0.3226 -0.2668
vn -0.5312 0.2555 0.8078
vn -0.6991 0.4268 0.5736
vn 0.8814 -0.4268 -0.2024
vn 0.9466 -0.2452 -0.2092
vn 0.0074 0.9246 0.3808
vn 0.8770 -0.4790 0.0370
vn -0.5515 0.6427 0.5318
vn -0.3287 0.9266 0.1826
vn 0.9257 -0.3333 -0.1786
vn 0.9845 -0.1013 -0.1435
vn 0.9960 -0.0311 -0.0833
vn 0.9794 -0.1836 -0.0837
vn 0.3732 -0.1325 0.9182
vn 0.9090 0.3822 -0.1663
vn 0.9898 0.0269 0.1400
vn 0.9746 -0.1819 -0.1306
vn 0.9804 0.1918 -0.0456
vn 0.3630 -0.2308 0.9028
vn 0.8621 0.4942 -0.1118
vn 0.3241 -0.0706 0.9434
vn 0.7863 0.4004 0.4705
vn 0.9204 0.2039 0.3336
vn 0.7447 0.4621 0.4815
vn 0.9432 0.3190 0.0929
vn -0.5726 -0.1501 0.8060
vn -0.2156 0.0967 0.9717
vn 0.6218 0.5305 0.5761
vn 0.0205 0.1186 -0.9927
vn -0.0011 0.1016 -0.9948
vn 0.0001 0.0994 -0.9950
vn 0.0025 0.0930 -0.9957
vn -0.0037 0.1129 -0.9936
vn -0.0004 0.1219 -0.9925
vn 0.9517 0.2599 0.1636
vn 0.0120 0.6092 0.7929
vn -0.5167 0.1615 0.8408
vn -0.9919 -0.1273 0.0026
vn -0.0329 0.4756 -0.8791
vn -0.4937 0.2614 0.8294
vn -0.9943 0.0224 -0.1039
vn -0.5017 0.8649 0.0141
vn -0.0153 0.9962 -0.0857
vn 0.0052 1.0000 -0.0051
vn -0.2077 -0.4479 0.8696
vn -0.8328 -0.5246 -0.1768
vn 0.7288 0.5714 0.3773
vn 0.7379 0.5582 0.3795
vn 0.0053 0.0566 0.9984
vn -0.8213 -0.5585 -0.1162
vn -0.7094 -0.6916 0.1357
vn -0.6241 -0.4291 0.6530
vn -0.7140 -0.5470 -0.4370
vn 0.0215 0.0790 0.9966
vn -0.8662 -0.3947 0.3066
vn -0.6568 -0.0516 0.7523
vn 0.0341 0.0563 0.9978
vn -0.7773 -0.5809 0.2415
vn -0.7934 -0.5838 0.1722
vn -0.8423 -0.2799 0.4606
vn -0.7720 -0.3011 0.5598
vn -0.9451 0.3232 -0.0476
vn -0.6587 -0.0653 0.7496
vn 0.0345 0.0767 0.9965
vn 0.6357 0.5865 0.5018
vn 0.0050 0.0332 0.9994
vn -0.9079 -0.4191 0.0081
vn -0.9531 -0.3002 0.0384
vn -0.9531 -0.3002 0.0394
vn 0.1835 -0.1631 0.9694
vn -0.9736 0.1835 -0.1361
vn -0.9778 -0.1751 0.1155
vn -0.9665 -0.2212 0.1302
vn -0.9198 -0.2522 -0.3005
vn -0.9491 0.1708 0.2645
vn -0.9427 -0.1948 -0.2709
vn -0.9923 -0.0950 0.0790
vn -0.9117 -0.3049 -0.2754
vn -0.9279 0.3718 0.0286
vn -0.8779 0.1992 0.4354
vn -0.7096 -0.2289 0.6664
vn -0.7092 0.6283 0.3198
vn -0.1649 -0.0019 0.9863
vn 0.0228 0.9995 -0.0221
vn 0.1706 0.1766 0.9694
vn -0.6390 -0.0178 0.7690
vn 0.1019 0.1101 0.9887
vn -0.2026 -0.1759 -0.9633
vn -0.6462 -0.5188 0.5597
vn -0.7400 -0.5495 0.3878
vn -0.7513 -0.6257 -0.2099
vn -0.4310 -0.4635 0.7742
vn -0.2773 -0.3194 0.9061
vn -0.8496 -0.2606 0.4585
vn -0.8253 -0.2597 0.5015
vn -0.0383 -0.0867 0.9955
vn 0.0240 0.3405 0.9399
vn -0.5800 0.2855 0.7629
vn 0.0118 0.9999 0.0027
vn -0.1590 0.0202 0.9871
vn 0.0897 0.1216 0.9885
vn -0.7801 -0.6096 0.1409
vn -0.7393 -0.6097 0.2859
vn -0.2908 -0.3186 0.9022
vn -0.8952 -0.4229 -0.1409
vn -0.2294 -0.9683 -0.0991
vn 0.7712 -0.0543 0.6343
vn -0.3038 -0.3497 0.8862
vn -0.1320 0.9889 0.0682
vn -0.2368 0.9617 0.1379
vn -0.0511 0.8238 0.5646
vn -0.4697 -0.4562 0.7558
vn -0.5126 -0.8105 -0.2834
vn -0.8542 -0.3863 0.3481
vn -0.9781 0.2080 -0.0022
vn -0.7151 -0.6268 0.3094
vn -0.2971 -0.8864 -0.3550
vn -0.1386 -0.9688 -0.2053
vn 0.0020 -0.9727 -0.2322
vn -0.1597 -0.9642 0.2117
vn -0.1524 -0.9646 0.2152
vn -0.1437 -0.9683 0.2043
vn 0.1887 -0.0977 0.9772
vn 0.1761 0.0555 0.9828
vn 0.2871 -0.1876 0.9393
vn -0.0049 0.9998 0.0183
vn -0.8092 0.5381 0.2357
vn 0.1506 -0.3470 0.9257
vn -0.7884 -0.3630 0.4966
vn -0.6565 -0.2931 0.6950
vn -0.4443 -0.3037 0.8428
vn -0.9845 0.1500 -0.0907
vn -0.9805 0.1853 -0.0656
vn -0.7699 0.6376 -0.0283
vn -0.1531 -0.0736 0.9855
vn -0.7718 0.6202 0.1402
vn 0.2382 -0.9336 -0.2679
vn -0.8806 0.4738 0.0115
vn -0.0028 -0.9735 -0.2286
vn 0.1558 0.0793 0.9846
vn 0.0726 -0.9839 -0.1635
vn 0.0859 -0.9898 -0.1133
vn -0.5953 -0.1106 0.7958
vn 0.4868 -0.1574 0.8592
vn -0.5203 -0.0672 0.8513
vn 0.2004 -0.2727 0.9410
vn 0.1597 0.9825 -0.0959
vn 0.0474 0.8080 0.5872
vn 0.0357 0.8236 0.5660
vn -0.9907 0.0797 -0.1103
vn 0.0026 1.0000 -0.0005
vn 0.0763 -0.0132 0.9970
vn -0.6135 0.7322 0.2959
vn 0.0509 -0.9958 -0.0763
vn 0.1020 0.2533 0.9620
vn 0.2317 0.9489 -0.2140
vn 0.0831 -0.9530 -0.2912
vn 0.5047 -0.8033 -0.3161
vn -0.0241 -0.9551 -0.2954
vn 0.4336 -0.8075 -0.3998
vn -0.6018 0.7315 0.3205
vn -0.3440 0.2393 0.9080
vn -0.4569 0.0796 0.8859
vn -0.4316 -0.4062 0.8054
vn 0.0007 1.0000 0.0018
vn 0.5626 0.8265 0.0194
vn 0.4942 -0.8457 -0.2014
vn -0.2822 0.9555 0.0857
vn 0.1311 0.0236 0.9911
vn 0.0558 0.9982 0.0219
vn 0.4898 -0.8488 -0.1990
vn 0.3959 -0.8956 -0.2029
vn 0.4476 -0.2995 -0.8426
vn -0.1365 0.9906 0.0001
vn 0.2793 -0.7270 0.6273
vn 0.3635 0.9234 -0.1236
vn 0.1636 -0.5880 0.7922
vn -0.2849 -0.1084 0.9524
vn -0.2386 -0.4283 0.8716
vn 0.6517 0.7575 -0.0368
vn 0.7355 0.6758 -0.0475
vn 0.8929 0.4416 0.0879
vn 0.1509 -0.2825 0.9473
vn 0.6243 0.7466 -0.2297
vn 0.1880 0.6108 0.7692
vn -0.1390 0.2788 0.9502
vn 0.2027 0.7271 0.6559
vn 0.2464 -0.9262 -0.2853
vn 0.9606 -0.2069 0.1854
vn 0.8097 -0.2660 0.5231
vn 0.0034 0.9999 -0.0117
vn 0.3953 0.9061 -0.1509
vn 0.7499 0.6551 -0.0926
vn 0.0151 0.9556 0.2944
vn 0.5704 -0.8050 -0.1630
vn 0.5391 -0.8185 -0.1986
vn 0.0318 0.9631 0.2674
vn 0.7185 -0.6934 -0.0539
vn -0.0204 -0.5349 0.8447
vn 0.8276 0.5552 -0.0831
vn 0.8789 0.0098 0.4768
vn 0.9788 0.1731 0.1096
vn 0.9838 -0.0741 0.1632
vn 0.4071 0.9109 0.0681
vn 0.8306 0.5549 -0.0471
vn -0.1482 0.9889 -0.0084
vn 0.1518 0.9838 0.0959
vn 0.1052 0.9821 0.1564
vn 0.2452 0.9691 0.0280
vn 0.4551 0.0442 0.8894
vn 0.5214 0.0230 0.8530
vn 0.8462 -0.5313 -0.0416
vn 0.6286 -0.7514 -0.2006
vn 0.8562 -0.5138 -0.0542
vn 0.9417 -0.2538 0.2211
vn 0.9547 0.1345 0.2653
vn 0.9658 0.1987 -0.1667
vn 0.7965 -0.4479 -0.4062
vn 0.9619 0.2182 0.1648
vn 0.9394 0.3419 -0.0233
vn 0.9539 0.0305 0.2986
vn 0.9430 0.3229 -0.0805
vn 0.9833 0.1535 0.0976
vn 0.6044 0.2473 0.7573
vn 0.6951 0.4264 0.5788
vn 0.4299 0.3612 0.8274
vn -0.5063 0.0448 0.8612
vn 0.0399 -0.1609 0.9862
vn 0.9549 0.2577 0.1477
vn 0.9270 0.2306 0.2959
vn 0.9243 0.3065 0.2276
vn 0.9990 0.0235 -0.0368
vn 0.8756 0.3086 0.3716
vn 0.3893 0.5394 0.7466
vn 0.1243 0.3374 0.9331
vn -0.9915 -0.1293 -0.0177
vn -0.7264 0.1683 0.6664
vn -0.8652 0.0505 0.4988
vn -0.9840 -0.1756 0.0305
vn -0.9164 -0.1249 0.3804
vn 0.9346 0.3550 0.0225
vn -0.8763 0.4618 0.1376
vn -0.3686 0.9170 0.1526
vn 0.5108 0.0307 0.8592
vn 0.9421 -0.1656 -0.2917
vn 0.5023 0.1548 0.8507
vn 0.8480 0.4216 0.3212
vn -0.0333 0.1374 0.9900
vn 0.9308 0.2913 0.2210
vn -0.6243 0.1612 0.7643
vn 0.9359 0.2749 0.2202
vn 0.7405 0.2695 0.6156
vn 0.4037 0.2443 0.8817
vn -0.8761 -0.4662 0.1229
vn -0.9355 -0.3433 0.0835
vn -0.1776 0.7646 0.6195
vn -0.9825 -0.0216 0.1850
vn 0.4588 0.5612 0.6889
vn -0.2858 -0.0246 0.9580
vn -0.9728 -0.1687 0.1590
vn -0.2912 0.9498 0.1139
vn 0.9938 0.0203 0.1098
vn -0.8905 -0.4512 -0.0583
vn -0.8702 -0.4926 0.0089
vn 0.0870 0.4214 0.9027
vn 1.0000 -0.0006 -0.0048
vn 0.5385 0.7331 0.4154
vn -0.9056 0.0064 0.4240
vn -0.9478 -0.3145 0.0528
vn 0.8907 0.3981 0.2194
vn 0.9441 0.1786 0.2771
vn -0.9385 -0.2690 0.2163
vn 0.9290 0.3187 0.1883
vn -0.3499 0.2050 0.9141
vn 0.9728 0.1745 0.1526
vn -0.6174 0.0435 0.7854
vn -0.0040 1.0000 -0.0072
vn -0.9407 -0.2647 0.2121
vn -0.7714 -0.1099 0.6268
vn 0.9496 0.2434 0.1975
vn -0.4749 -0.3440 0.8100
vn -0.5039 -0.1335 0.8534
vn -0.7669 -0.2767 0.5790
vn 0.8362 0.4797 0.2657
vn -0.9917 -0.1265 0.0227
vn -0.7561 -0.6409 0.1327
vn -0.9156 -0.4007 0.0347
vn -0.8725 -0.2755 0.4035
vn -0.7378 -0.2062 0.6428
vn -0.8446 -0.2173 0.4893
vn -0.0495 0.9985 0.0239
vn -0.5573 -0.7792 -0.2867
vn -0.4544 -0.8558 -0.2471
vn -0.4225 -0.8954 -0.1404
vn -0.3928 -0.8836 0.2548
vn -0.4277 -0.8991 0.0926
vn -0.1509 -0.9883 0.0242
vn -0.4142 -0.8961 -0.1596
vn -0.0231 -0.8643 -0.5025
vn -0.0112 -0.9417 -0.3363
vn 0.4208 -0.8062 -0.4159
vn 0.6089 0.6997 0.3737
vn 0.3713 0.7689 0.5205
vn 0.4284 0.7114 0.5571
vn 0.3681 -0.9213 -0.1254
vn -0.0111 -0.8118 0.5839
vn 0.6322 -0.6953 -0.3419
vn -0.1009 -0.9519 0.2894
vn 0.6389 -0.7162 -0.2810
vn -0.7131 -0.6969 -0.0756
vn 0.3616 -0.9254 -0.1134
vn 0.0458 -0.9987 0.0207
vn 0.1840 -0.9822 -0.0367
vn -0.2881 -0.5562 0.7795
vn -0.7462 -0.6298 -0.2157
vn 0.0340 -0.9972 -0.0669
vn 0.9451 -0.2652 -0.1909
vn -0.5303 -0.7920 -0.3026
vn -0.8093 0.4087 0.4219
vn 0.8165 0.5401 0.2040
vn 0.2916 -0.9521 -0.0925
vn 0.5731 -0.7894 -0.2201
vn -0.5789 -0.6834 -0.4448
vn -0.9561 -0.2592 -0.1367
vn -0.7800 -0.5878 -0.2148
vn -0.7784 -0.5905 -0.2132
vn -0.7993 -0.5781 -0.1637
vn -0.8012 -0.5946 -0.0681
vn -0.8956 -0.3202 0.3089
vn 0.2812 -0.9062 -0.3160
vn -0.9239 -0.3054 -0.2305
vn -0.8181 -0.5524 -0.1598
vn -0.1186 -0.8034 -0.5836
vn -0.8608 0.4729 0.1882
vn -0.4008 0.8209 0.4068
vn 0.3087 -0.9352 -0.1737
vn -0.3663 -0.9147 -0.1708
vn -0.4632 -0.8809 -0.0969
vn -0.3049 -0.9287 -0.2113
vn -0.5372 -0.7015 -0.4683
vn -0.0673 0.9126 0.4032
vn 0.0173 -0.9652 -0.2609
vn -0.0939 -0.9814 -0.1677
vn 0.2465 -0.7604 -0.6008
vn -0.0809 -0.9880 -0.1314
vn -0.5399 -0.8325 -0.1248
vn -0.1641 -0.9068 -0.3883
vn -0.1743 -0.8848 -0.4322
vn 0.4206 -0.7515 -0.5082
vn -0.0222 -0.9996 0.0147
vn 0.4916 -0.7434 -0.4536
vn -0.0721 -0.9940 0.0819
vn 0.1185 -0.8307 -0.5439
vn 0.4798 -0.6938 -0.5370
vn -0.5571 -0.4860 0.6734
vn 0.2488 -0.9339 0.2566
vn 0.1209 -0.9318 0.3424
vn -0.1742 -0.7928 -0.5841
vn -0.0776 -0.9784 0.1916
vn 0.1805 0.8536 0.4886
vn 0.6183 -0.7116 -0.3337
vn 0.6889 -0.6423 -0.3360
vn 0.6157 -0.7071 -0.3478
vn 0.4768 -0.8780 -0.0416
vn -0.4697 -0.8723 -0.1358
vn 0.4255 -0.8836 -0.1953
vn 0.2642 -0.9319 0.2485
vn 0.2292 -0.9233 -0.3081
vn 0.0864 -0.9889 0.1209
vn 0.5790 0.7007 0.4169
vn 0.0266 0.0774 -0.9966
vn 0.0009 0.1024 -0.9947
vn 0.0070 0.0510 -0.9987
vn 0.0001 1.0000 -0.0080
vn -0.1737 0.9496 -0.2608
vn 0.0017 0.0926 -0.9957
vn 0.8765 0.4790 0.0482
vn 0.5539 0.5797 0.5975
vn -0.3996 -0.7512 -0.5253
vn 0.1939 -0.9810 0.0054
vn -0.3949 -0.7519 -0.5279
vn -0.4375 -0.8991 0.0165
vn -0.0041 0.0899 -0.9959
vn 0.1039 0.8232 0.5581
vn 0.0092 0.1027 -0.9947
vn 0.3030 0.7387 0.6020
vn 0.0007 0.0918 -0.9958
vn 0.9709 0.2392 -0.0093
vn 0.0058 0.0993 -0.9950
vn -0.1497 -0.8479 -0.5085
vn -0.0135 -0.1859 -0.9825
vn -0.0528 -0.7833 -0.6194
vn -0.5454 -0.8323 0.0985
vn 0.0943 -0.7310 -0.6759
vn -0.0589 -0.4696 0.8809
vn 0.1833 -0.8296 -0.5274
vn 0.2904 -0.8864 -0.3606
vn -0.7082 -0.6827 -0.1800
vn -0.3266 -0.7396 0.5885
vn -0.5858 -0.6920 -0.4219
vn -0.6692 -0.3905 0.6322
vn -0.1352 -0.4378 0.8888
vn 0.3294 0.6781 -0.6571
vn -0.7252 -0.2138 0.6545
vn -0.1140 0.7136 0.6913
vn -0.4914 -0.5456 -0.6788
vn -0.3468 -0.7399 0.5765
vn -0.4577 -0.6166 0.6406
vn -0.0435 0.2443 -0.9687
vn 0.3303 0.9027 0.2756
vn 0.4784 0.7953 0.3724
vn 0.4589 0.3359 0.8225
vn 0.7660 0.3404 0.5454
vn 0.4490 0.3259 0.8320
vn -0.9067 -0.4123 0.0892
vn 0.6741 0.4698 0.5699
vn 0.6602 0.5062 0.5549
vn 0.7140 0.4509 0.5356
vn -0.0769 -0.0222 0.9968
vn -0.6905 -0.1066 0.7154
vn -0.1585 -0.6667 0.7283
vn -0.5741 -0.6192 0.5357
vn -0.3373 -0.8698 -0.3600
vn -0.9094 -0.4076 0.0821
vn -0.3353 -0.6041 0.7229
vn -0.3618 -0.4867 -0.7951
vn -0.5658 -0.7158 -0.4093
vn 0.0751 -0.6698 0.7387
vn 0.4346 0.6117 0.6610
vn -0.8532 -0.5184 0.0582
vn 0.6926 0.4477 0.5655
vn 0.6881 0.5169 0.5093
vn -0.8290 -0.5536 0.0787
vn 0.8011 -0.5985 0.0053
vn -0.0234 -0.0867 0.9960
vn 0.3679 -0.9148 -0.1665
vn 0.9869 -0.1612 0.0103
vn 0.6356 -0.7720 0.0011
vn -0.1570 -0.0175 0.9874
vn 0.0427 -0.0263 0.9987
vn -0.3293 -0.5395 0.7749
vn -0.2403 -0.3138 0.9186
vn -0.3735 -0.7915 0.4838
vn 0.3420 -0.9229 -0.1772
vn -0.2874 -0.6763 -0.6782
vn 0.2760 -0.8924 -0.3569
vn 0.2949 0.2495 0.9224
vn -0.2134 -0.5187 0.8279
vn -0.4790 -0.7637 -0.4328
vn -0.0121 -0.5711 0.8208
vn -0.8284 -0.5545 0.0794
vn 0.5193 0.6237 0.5842
vn 0.6238 0.5155 0.5874
vn 0.4799 0.4681 0.7420
vn -0.8381 -0.5396 0.0797
vn -0.8479 -0.5047 0.1626
vn -0.8986 -0.4101 0.1559
vn 0.3568 0.9341 0.0131
vn 0.8597 0.5105 0.0168
vn 0.7500 0.6609 -0.0264
vn -0.8239 -0.5599 0.0875
vn -0.0487 -0.0532 0.9974
vn 0.9873 0.1447 -0.0649
vn 0.2246 0.9741 -0.0279
vn 0.9785 0.2063 -0.0067
vn 0.5556 -0.8314 -0.0066
vn -0.0965 -0.8981 -0.4290
vn -0.6503 -0.6174 -0.4426
vn 0.6093 -0.7314 -0.3064
vn 0.0766 -0.9131 0.4006
vn 0.5325 -0.8080 -0.2520
vn 0.3082 -0.9476 0.0845
vn 0.6476 0.6902 0.3227
vn -0.0466 -0.4837 0.8740
vn -0.1291 -0.4766 0.8696
vn -0.6057 -0.4210 -0.6752
vn -0.5963 -0.4310 -0.6772
vn -0.8304 -0.5530 0.0685
vn -0.6819 -0.7291 0.0590
vn 0.6550 0.6904 0.3072
vn -0.7118 -0.5992 0.3664
vn -0.8291 -0.5540 0.0749
vn -0.7884 -0.5808 0.2027
vn -0.0511 -0.0496 0.9975
vn 0.1253 0.9921 -0.0098
vn -0.0723 -0.9973 -0.0090
vn -0.9314 -0.2949 -0.2134
vn -0.9056 -0.4224 -0.0372
vn -0.8378 -0.5441 0.0453
vn -0.6798 -0.7289 0.0807
vn -0.9881 0.1309 0.0809
vn -0.4812 -0.6775 -0.5563
vn -0.4168 -0.7097 -0.5680
vn -0.8689 0.3917 0.3027
vn -0.9277 -0.3072 -0.2123
vn 0.0970 -0.9926 -0.0728
vn -0.9750 0.2155 -0.0550
vn -0.9917 0.1273 0.0173
vn -0.9513 -0.1742 -0.2542
vn 0.5604 -0.7150 -0.4180
vn -0.9887 0.0933 0.1172
vn -0.9939 0.0819 0.0742
vn -0.6610 -0.5422 -0.5187
vn -0.6093 -0.4580 0.6473
vn -0.9812 0.1835 -0.0603
vn -0.9931 -0.0279 -0.1141
vn 0.2941 -0.9538 0.0619
vn 0.6744 -0.7382 0.0159
vn 0.0249 0.9420 0.3347
vn -0.3800 -0.2209 0.8982
vn 0.8538 -0.4433 -0.2729
vn 0.9509 -0.2404 -0.1951
vn -0.7416 0.6707 -0.0130
vn -0.1534 -0.2347 0.9599
vn -0.9156 0.3209 -0.2423
vn 0.3114 0.7253 0.6140
vn 0.9796 -0.1550 -0.1281
vn -0.1385 -0.5176 0.8443
vn 0.9521 -0.2241 -0.2083
vn 0.9122 -0.3120 -0.2658
vn 0.3706 0.6698 0.6434
vn 0.4397 0.6081 0.6610
vn 0.9005 0.2332 0.3671
vn 0.8663 0.4697 0.1700
vn -0.7118 -0.6993 0.0657
vn 0.5465 0.6700 0.5024
vn 0.5220 0.6812 0.5133
vn -0.3735 -0.7305 -0.5717
vn -0.4310 0.9022 0.0157
vn -0.2928 0.9561 -0.0101
vn -0.7044 -0.4921 0.5115
vn -0.0793 0.9965 0.0264
vn -0.7292 0.6842 0.0075
vn -0.4114 0.9115 0.0013
vn -0.8908 0.4544 0.0071
vn -0.8454 0.5341 -0.0071
vn -0.0753 -0.9971 -0.0085
vn -0.3918 -0.8674 -0.3068
vn -0.6439 -0.6794 -0.3518
vn -0.4572 -0.7966 0.3956
vn 0.0126 0.9380 0.3464
vn 0.9808 -0.1924 -0.0308
vn 0.9882 -0.1387 -0.0652
vn 0.1091 -0.8189 0.5635
vn 0.9804 -0.1615 0.1125
vn 0.1161 0.9403 0.3198
vn -0.2225 0.0283 0.9745
vn -0.1750 -0.5456 0.8196
vn 0.0020 0.7975 -0.6034
vn 0.9335 0.3368 0.1231
vn 0.8300 0.4446 0.3367
vn 0.1789 0.3016 0.9365
vn -0.0390 0.9427 0.3313
vn 0.5509 0.7567 0.3522
vn 0.2661 0.8713 0.4124
vn 0.5777 0.6762 0.4572
vn 0.0880 0.6659 0.7408
vn 0.2531 0.1645 0.9533
vn -0.6610 -0.7438 0.0991
vn -0.1880 -0.8269 -0.5299
vn -0.9416 0.3367 -0.0015
vn -0.0420 0.0018 0.9991
vn -0.0178 0.0145 0.9997
vn -0.0452 0.0136 0.9989
vn -0.0109 -0.0141 0.9998
vn -0.1843 -0.8301 -0.5262
vn 0.1163 0.9351 0.3346
vn 0.6297 -0.1484 0.7625
vn 0.6271 0.5474 0.5542
vn 0.6068 0.5482 0.5755
vn -0.5603 -0.6336 0.5335
vn -0.5631 -0.6190 0.5475
vn -0.4409 -0.4714 0.7638
vn -0.9972 -0.0732 0.0123
vn -0.8995 0.4366 -0.0150
vn -0.0720 0.0293 0.9970
vn -0.0101 -0.0174 0.9998
vn 0.0696 -0.0178 0.9974
vn 0.0713 0.7161 0.6943
vn 0.1767 0.6569 0.7330
vn 0.6063 0.7170 0.3440
vn 0.4953 0.2796 0.8225
vn -0.6811 -0.7203 0.1313
vn -0.4403 -0.8907 0.1130
vn -0.4360 -0.4813 0.7604
vn -0.4381 -0.4809 0.7594
vn -0.9693 -0.2459 -0.0085
vn 0.6047 0.5846 0.5410
vn 0.3005 0.2794 0.9119
vn 0.0247 -0.1201 0.9925
vn 0.5110 0.4453 0.7352
vn -0.4387 -0.8881 0.1372
vn -0.3273 -0.5108 0.7949
vn -0.2592 -0.5107 0.8198
vn 0.9817 -0.0756 -0.1746
vn -0.1720 -0.7933 -0.5840
vn 0.0313 -0.6804 0.7322
vn 0.9468 0.3218 0.0092
vn -0.5602 0.7267 0.3975
vn -0.8984 0.4018 0.1774
vn -0.0841 -0.0456 0.9954
vn -0.8901 0.4148 0.1887
vn 0.8436 0.4663 0.2664
vn 0.6631 0.5977 0.4506
vn -0.9984 -0.0128 -0.0559
vn -0.1183 -0.4116 0.9036
vn -0.1095 -0.4035 0.9084
vn -0.1664 -0.2773 0.9463
vn 0.7757 0.6020 0.1896
vn -0.5401 -0.8327 0.1219
vn -0.2828 -0.5738 0.7686
vn -0.4985 -0.7932 0.3497
vn -0.4112 -0.7124 0.5687
vn -0.4622 -0.7120 0.5286
vn -0.5783 0.7362 0.3514
vn -0.5587 0.7279 0.3976
vn 0.4837 0.3373 0.8076
vn -0.5059 -0.8477 0.1594
vn 0.5244 0.4305 0.7346
vn 0.5932 0.4843 0.6432
vn -0.4328 -0.8956 0.1026
vn 0.2771 -0.9181 0.2834
vn -0.2165 0.8817 0.4193
vn 0.6207 0.4877 0.6139
vn -0.1432 -0.7074 0.6921
vn -0.2271 0.9577 -0.1769
vn -0.3946 -0.7668 -0.5063
vn 0.0457 0.7428 0.6679
vn -0.0846 0.8970 0.4338
vn -0.0394 0.7453 0.6656
vn -0.0351 0.8896 0.4553
vn 0.2809 -0.9072 0.3133
vn 0.1464 0.6873 0.7114
vn 0.3075 0.7287 0.6120
vn 0.0560 -0.1638 0.9849
vn 0.3973 0.4224 0.8147
vn 0.0460 -0.7785 0.6260
vn -0.1336 -0.9863 0.0967
vn -0.2191 -0.9750 0.0360
vn -0.1576 -0.9836 0.0882
vn -0.2143 -0.9016 0.3758
vn -0.0766 -0.5018 0.8616
vn 0.0890 -0.9767 0.1952
vn 0.6011 0.7291 0.3274
vn -0.1375 0.6834 0.7170
vn 0.1579 -0.9388 -0.3061
vn 0.3837 -0.9227 0.0362
vn -0.1992 0.8489 0.4895
vn 0.6986 0.7036 0.1305
vn 0.6457 0.7002 0.3046
vn 0.6989 0.7022 0.1358
vn 0.5294 0.7967 0.2917
vn 0.2916 0.8849 0.3632
vn -0.0763 -0.8451 0.5292
vn 0.1466 -0.6978 0.7011
vn 0.0667 -0.8154 0.5750
vn 0.0035 0.0995 -0.9950
vn -0.0003 0.1102 -0.9939
vn -0.5121 -0.7857 0.3471
vn -0.0056 0.1429 -0.9897
vn 0.0102 0.8415 -0.5401
vn -0.0063 0.0949 -0.9955
vn -0.8055 -0.3460 0.4811
vn 0.7470 -0.6637 0.0378
vn -0.6376 -0.0984 0.7640
vn -0.7211 -0.1226 0.6819
vn 0.0264 -0.0135 0.9996
vn -0.0591 -0.0386 0.9975
vn -0.6684 -0.2123 0.7129
vn 0.4120 -0.9111 0.0063
vn -0.7659 -0.3674 0.5277
vn -0.6830 -0.2665 0.6801
vn -0.6191 -0.0989 0.7791
vn -0.0311 0.9992 0.0250
vn 0.0212 -0.0215 0.9995
vn -0.5429 -0.7918 -0.2798
vn 0.0101 -0.0146 0.9998
vn -0.4944 -0.1753 0.8514
vn -0.4326 -0.1403 0.8906
vn -0.0038 1.0000 -0.0019
vn -0.0121 -0.0132 0.9998
vn -0.0148 -0.9994 0.0311
vn -0.3389 -0.9408 0.0114
vn -0.3605 -0.9328 0.0030
vn -0.4510 -0.2760 0.8488
vn -0.7274 -0.6862 0.0083
vn -0.4825 -0.0490 0.8745
vn -0.0116 -0.0140 0.9998
vn -0.9198 -0.3924 0.0079
vn -0.0063 0.9999 -0.0158
vn -0.0011 1.0000 0.0003
vn -0.0137 0.9995 -0.0287
vn 0.0020 1.0000 0.0014
vn -0.2706 -0.8948 0.3550
vn -0.2210 0.2383 0.9457
vn 0.5503 0.6329 0.5446
vn -0.8994 -0.1670 0.4040
vn -0.6124 -0.2399 0.7532
vn -0.7113 0.4394 0.5486
vn 0.2112 -0.9212 0.3269
vn 0.0969 -0.8589 0.5028
vn -0.1065 -0.9787 0.1752
vn -0.1380 -0.9052 0.4021
vn -0.5418 -0.6228 0.5644
vn 0.0111 -0.4636 0.8860
vn 0.0058 0.2595 0.9657
vn -0.1426 -0.2484 0.9581
vn -0.2873 0.5432 0.7889
vn -0.1641 0.5763 0.8006
vn 0.6368 -0.7341 0.2356
vn -0.3648 -0.6638 0.6529
vn -0.0027 -0.4631 0.8863
vn 0.0869 0.3819 0.9201
vn 0.4995 0.3400 0.7968
vn 0.4937 0.0316 0.8691
vn 0.3092 0.6898 0.6547
vn -0.2004 0.8307 0.5194
vn 0.1935 -0.3262 0.9253
vn 0.6378 -0.2780 0.7183
vn 0.3519 -0.2243 0.9088
vn 0.8566 -0.2259 0.4639
vn 0.4420 0.0732 0.8940
vn 0.0701 0.6371 0.7676
vn -0.0681 0.1368 0.9882
vn 0.4981 0.8468 0.1868
vn -0.2766 -0.8521 0.4442
vn 0.8592 0.2672 0.4364
vn 0.7235 0.4394 0.5325
vn 0.7259 0.4136 0.5495
vn -0.1366 0.1492 0.9793
vn -0.9673 -0.1472 0.2067
vn 0.1851 -0.1922 0.9638
vn -0.2122 -0.0975 0.9723
vn -0.7673 0.5306 0.3601
vn 0.0193 0.0485 0.9986
vn -0.0578 0.0550 0.9968
vn 0.1765 0.0544 0.9828
vn -0.5056 0.5952 0.6246
vn -0.1643 0.4283 0.8886
vn -0.1379 0.9163 0.3759
vn -0.3442 -0.0411 0.9380
vn -0.4545 0.2239 0.8622
vn 0.4021 0.4694 0.7861
vn -0.0590 0.0529 0.9969
vn 0.5033 0.3656 0.7830
vn 0.1405 0.7664 0.6269
vn -0.2219 0.1434 0.9645
vn 0.0201 0.9557 0.2937
vn 0.7205 0.3983 0.5677
vn 0.4228 -0.3221 0.8471
vn 0.5562 -0.2540 0.7913
vn 0.5622 0.7258 0.3965
vn 0.8066 0.3575 0.4707
vn 0.6468 -0.0713 0.7593
vn 0.8829 0.3194 0.3441
vn 0.7924 0.4212 0.4412
vn -0.1380 -0.9816 -0.1323
vn 0.0570 -0.9206 0.3863
vn -0.0319 0.3775 0.9255
vn -0.1846 -0.2910 0.9388
vn -0.0060 0.6978 0.7163
vn 0.3421 0.5395 0.7693
vn 0.1492 0.1341 0.9797
vn -0.1308 0.3198 0.9384
vn 0.1022 0.3926 0.9140
vn 0.2211 0.2098 0.9524
vn -0.6723 0.3811 0.6347
vn 0.0641 -0.2899 0.9549
vn -0.3553 -0.3088 0.8823
vn -0.1438 -0.2992 0.9433
vn -0.0708 -0.2577 0.9636
vn 0.0356 -0.0838 0.9958
vn 0.0292 -0.0868 0.9958
vn -0.3580 -0.0326 0.9332
vn -0.4524 -0.2750 0.8484
vn -0.3610 -0.1322 0.9231
vn -0.2573 -0.0682 0.9639
vn -0.1905 -0.0569 0.9800
vn -0.2881 -0.2738 0.9176
vn -0.1516 -0.1797 0.9720
vn -0.0358 -0.0792 0.9962
vn -0.1637 -0.1676 0.9722
vn -0.0226 -0.0837 0.9962
vn -0.2398 -0.2602 0.9353
vn 0.2614 -0.1686 0.9504
vn 0.2077 0.2152 0.9542
vn 0.0891 -0.0145 0.9959
vn 0.2135 -0.0485 0.9757
vn 0.0190 -0.0400 0.9990
vn -0.2111 0.8502 0.4822
vn 0.0081 1.0000 0.0038
vn -0.0018 1.0000 0.0005
vn -0.0015 1.0000 -0.0001
vn -0.5000 -0.8630 -0.0726
vn -0.3348 -0.9125 -0.2350
vn -0.6590 -0.6551 -0.3695
vn -0.7051 -0.6365 -0.3127
vn -0.1489 -0.2077 0.9668
vn -0.6554 0.7018 0.2792
vn -0.3190 -0.9117 0.2589
vn 0.0198 -0.9919 -0.1252
vn -0.6887 -0.6625 -0.2947
vn 0.1731 -0.8865 -0.4291
vn -0.0736 -0.9655 -0.2496
vn -0.5203 -0.7214 -0.4571
vn 0.0265 -0.8746 -0.4841
vn -0.0562 -0.8620 -0.5037
vn 0.0976 -0.9912 -0.0892
vn 0.0542 -0.4189 0.9064
vn 0.1376 -0.3043 0.9426
vn 0.0726 -0.9776 -0.1973
vn 0.3324 -0.8694 -0.3656
vn -0.1380 -0.9691 0.2044
vn -0.0766 0.8822 0.4646
vn 0.3780 -0.7629 -0.5244
vn 0.5501 -0.7147 -0.4320
vn 0.7367 -0.6303 -0.2450
vn -0.0117 -0.9199 -0.3920
vn 0.3806 -0.9066 -0.1821
vn 0.9484 -0.0579 0.3117
vn 0.5671 -0.8197 -0.0804
vn 0.4649 -0.8687 -0.1706
vn 0.4659 -0.7564 -0.4590
vn 0.5419 -0.8321 -0.1180
vn 0.1563 0.9179 0.3646
vn -0.0852 0.8687 0.4879
vn 0.5154 0.7447 0.4240
vn 0.7497 0.4534 0.4821
vn 0.8807 -0.4557 -0.1295
vn 0.7951 -0.6053 0.0371
vn -0.2359 -0.9057 -0.3523
vn 0.8749 -0.4809 -0.0571
vn 0.7980 -0.5695 0.1972
vn 0.2291 -0.9553 -0.1870
vn -0.3157 -0.9317 -0.1794
vn -0.0189 -0.9395 -0.3419
vn -0.0499 -0.9767 0.2085
vn -0.9601 0.2770 -0.0382
vn 0.8999 -0.4063 -0.1582
vn 0.8459 -0.4929 -0.2035
vn -0.8401 -0.5060 0.1952
vn 0.7265 -0.6802 -0.0975
vn 0.0725 -0.9651 0.2516
vn -0.2989 -0.9504 -0.0867
vn -0.7518 -0.6238 -0.2138
vn -0.7237 -0.6137 -0.3157
vn -0.7545 -0.6279 -0.1907
vn 0.7485 -0.5903 -0.3021
vn -0.8005 -0.5491 -0.2404
vn -0.6366 -0.7293 -0.2509
vn -0.4515 0.7238 0.5219
vn 0.2555 -0.9666 -0.0218
vn -0.6902 0.6074 0.3933
vn -0.9872 0.0200 0.1584
vn -0.8736 0.4691 0.1293
vn -0.7594 0.4895 0.4286
vn 0.1218 -0.9840 0.1298
vn -0.5388 -0.7526 -0.3786
vn -0.0042 -0.9443 -0.3290
vn -0.3319 -0.8476 -0.4141
vn -0.0757 -0.9797 0.1855
vn -0.0167 -0.9705 0.2404
vn 0.3474 -0.9199 -0.1821
vn 0.1736 -0.9841 -0.0366
vn 0.8067 -0.5908 0.0129
vn 0.2284 -0.9547 -0.1908
vn 0.4059 -0.9126 0.0484
vn 0.1995 -0.9424 -0.2684
vn 0.4345 -0.8434 -0.3159
vn 0.1471 -0.9060 -0.3969
vn 0.4052 -0.9140 0.0179
vn 0.4250 -0.6915 -0.5841
vn 0.8370 -0.5377 -0.1015
vn 0.4257 -0.8998 0.0954
vn 0.5620 -0.7714 -0.2986
vn 0.5613 -0.7687 -0.3066
vn 0.7438 -0.5302 -0.4070
vn 0.0099 -0.8507 -0.5255
vn 0.3823 -0.9061 0.1814
vn -0.0040 0.0959 -0.9954
vn -0.2258 -0.9741 0.0058
vn 0.1002 -0.8873 -0.4501
vn 0.1749 -0.8599 -0.4795
vn 0.1330 -0.6864 -0.7150
vn -0.0023 0.0954 -0.9954
vn -0.7743 0.5856 0.2399
vn 0.0492 0.0518 -0.9974
vn 0.1731 -0.2350 -0.9565
vn 0.6557 -0.7467 0.1122
vn -0.3707 0.7616 0.5316
vn 0.3162 0.9276 -0.1990
vn 0.3905 -0.7440 -0.5421
vn 0.9890 0.0430 -0.1414
vn 0.0146 0.0966 -0.9952
vn 0.0153 0.0956 -0.9953
vn 0.3671 -0.9301 0.0133
vn 0.0023 0.1013 -0.9949
vn -0.3048 -0.8546 -0.4204
vn -0.1106 -0.9721 -0.2070
vn 0.3150 -0.0156 0.9490
vn -0.3033 0.4164 0.8571
vn -0.7361 0.6739 0.0632
vn -0.6606 0.6881 0.3003
vn -0.0298 -0.5153 0.8565
vn 0.0529 -0.5409 0.8394
vn -0.5957 -0.7834 0.1773
vn 0.2109 -0.8937 0.3961
vn -0.4520 0.7696 0.4509
vn 0.1852 -0.9786 0.0891
vn -0.1101 0.7757 0.6214
vn -0.0017 0.5734 -0.8193
vn -0.0494 -0.1465 0.9880
vn 0.0632 -0.7210 0.6901
vn 0.1535 -0.6949 0.7026
vn 0.6222 -0.7578 -0.1963
vn 0.2248 -0.8128 -0.5375
vn -0.0865 0.8435 0.5300
vn -0.2468 0.8818 0.4020
vn 0.3564 0.9245 -0.1354
vn 0.1573 -0.9821 0.1034
vn 0.0670 0.7481 0.6602
vn 0.8388 0.5438 0.0261
vn 0.2767 0.8454 0.4570
vn 0.1183 0.8934 0.4335
vn 0.0681 0.6577 0.7502
vn 0.3222 -0.8517 -0.4132
vn 0.2692 -0.5618 0.7823
vn 0.3595 -0.2852 0.8885
vn -0.7098 0.3471 0.6130
vn 0.3196 -0.7473 0.5826
vn 0.3789 -0.9201 0.0992
vn 0.4410 -0.8880 0.1302
vn -0.6744 0.6906 0.2614
vn 0.9936 0.1054 -0.0397
vn -0.8651 0.4871 0.1196
vn 0.6960 0.6618 0.2784
vn 0.5138 0.7933 0.3268
vn 0.5230 0.7817 0.3396
vn 0.4294 -0.8900 0.1532
vn 0.2396 -0.9166 0.3201
vn 0.8569 0.4715 0.2083
vn -0.5654 0.4648 0.6814
vn -0.4854 0.4536 0.7474
vn 0.4554 -0.8806 0.1313
vn 0.4349 -0.8662 0.2461
vn 0.9625 -0.1741 -0.2080
vn -0.9209 0.3895 -0.0145
vn 0.7361 -0.3001 -0.6067
vn 0.7711 0.5413 0.3353
vn -0.8803 0.4742 0.0158
vn 0.8154 0.5127 0.2690
vn -0.8688 0.4564 0.1920
vn -0.7577 0.4924 0.4284
vn -0.9112 0.4039 0.0805
vn 0.9278 0.3064 0.2127
vn -0.8226 0.5386 0.1821
vn 0.4537 -0.6989 0.5529
vn -0.4383 0.5084 0.7412
vn 0.9863 0.1608 0.0380
vn -0.4686 0.7195 0.5126
vn 0.1706 -0.5202 0.8368
vn -0.6542 0.6967 0.2944
vn -0.1302 -0.1459 0.9807
vn 0.6770 -0.7226 0.1394
vn -0.1799 0.4503 0.8746
vn 0.4126 -0.8985 0.1502
vn 0.6454 -0.7328 0.2157
vn 0.5016 -0.8049 0.3170
vn -0.5934 0.7523 0.2862
vn 0.3062 -0.7734 -0.5550
vn -0.3582 0.7048 0.6124
vn 0.6668 -0.7426 0.0625
vn -0.5618 0.4028 0.7226
vn 0.5733 -0.6186 0.5373
vn 0.6794 -0.5164 0.5214
vn 0.4024 -0.4603 0.7914
vn 0.9809 0.1940 -0.0174
vn -0.0420 0.0237 0.9988
vn 0.9108 0.4127 -0.0098
vn 0.9492 0.3141 0.0214
vn 0.9498 -0.3128 -0.0022
vn 0.9433 -0.3318 -0.0080
vn 0.9996 0.0261 -0.0148
vn -0.0280 0.7836 0.6206
vn -0.9651 -0.2539 -0.0648
vn -0.6687 -0.0057 0.7435
vn -0.1359 0.9450 0.2975
vn -0.6341 0.5106 0.5808
vn -0.1635 0.9212 0.3529
vn 0.6716 -0.6940 0.2595
vn 0.0300 -0.0104 0.9995
vn 0.8915 0.4530 -0.0021
vn 0.6345 0.7728 0.0148
vn 0.6901 0.7237 -0.0060
vn 0.4484 -0.4691 0.7608
vn 0.5143 -0.7539 -0.4089
vn 0.5111 -0.6188 0.5965
vn 0.8704 0.4923 -0.0012
vn -0.9657 -0.2508 -0.0665
vn -0.1453 0.8038 0.5769
vn -0.9125 -0.1435 -0.3830
vn 0.6235 0.7818 -0.0003
vn -0.9966 -0.0423 -0.0706
vn 0.5133 0.8582 0.0067
vn -0.0488 0.1693 0.9843
vn 0.1605 -0.7189 0.6763
vn -0.2719 -0.1384 0.9523
vn 0.3521 0.1014 0.9305
vn -0.9881 0.1527 0.0153
vn 0.6988 -0.6927 0.1785
vn 0.6827 -0.7265 0.0781
vn 0.7234 -0.5459 0.4226
vn -0.5887 0.6762 0.4428
vn -0.5704 0.7033 0.4243
vn 0.0246 0.0137 0.9996
vn 0.3798 0.9250 0.0071
vn 0.6169 0.7870 0.0034
vn 0.0221 0.0311 0.9993
vn 0.0658 -0.0064 0.9978
vn 0.9920 0.1212 -0.0350
vn 0.9983 -0.0527 0.0262
vn 0.8134 -0.5814 0.0199
vn 0.9977 -0.0260 0.0627
vn 0.8763 0.4815 -0.0119
vn 0.7104 -0.5181 -0.4763
vn 0.3400 -0.7722 0.5367
vn 0.9381 -0.2690 -0.2182
vn 0.9099 -0.3535 -0.2172
vn 0.9977 0.0670 -0.0084
vn 0.9965 -0.0804 0.0236
vn 0.9812 0.1627 0.1041
vn -0.5613 -0.7657 -0.3142
vn 0.8106 0.4595 0.3630
vn 0.7788 -0.4203 0.4657
vn 0.2301 -0.3718 0.8993
vn 0.6145 0.7833 -0.0941
vn 0.9922 0.1137 -0.0505
vn -0.9919 0.1268 0.0085
vn 0.9948 -0.0025 0.1021
vn 0.9342 0.3400 -0.1081
vn -0.5454 -0.8280 -0.1302
vn -0.4719 -0.8314 -0.2932
vn -0.2925 -0.9556 0.0351
vn -0.6361 -0.7713 0.0213
vn -0.3131 -0.9480 0.0567
vn 0.1926 -0.7038 0.6838
vn -0.9319 -0.3025 -0.2002
vn 0.3060 0.8410 -0.4462
vn -0.8539 -0.4606 -0.2424
vn -0.7865 -0.5395 -0.3005
vn 0.0918 0.7023 -0.7060
vn -0.8803 -0.3684 -0.2988
vn 0.7621 -0.2976 -0.5750
vn -0.9743 -0.2019 0.1003
vn -0.9796 -0.1382 -0.1456
vn -0.9583 -0.1945 -0.2094
vn -0.6494 0.6332 0.4211
vn -0.4273 0.6259 0.6524
vn -0.7488 0.6100 0.2590
vn 0.6645 -0.5366 -0.5201
vn 0.7908 -0.6024 0.1079
vn 0.3202 0.9472 0.0179
vn -0.4957 0.8237 0.2753
vn 0.8077 -0.5848 0.0749
vn 0.7731 -0.6203 0.1325
vn 0.7520 -0.6384 0.1642
vn -0.5793 0.5541 0.5979
vn 0.8597 -0.5108 0.0069
vn 0.8581 -0.5119 0.0389
vn -0.3398 0.9405 -0.0087
vn 0.7838 -0.4302 0.4478
vn -0.1011 0.9949 0.0044
vn 0.2336 0.9722 -0.0132
vn 0.2120 -0.9772 -0.0090
vn 0.2538 -0.9672 0.0109
vn 0.2818 -0.9409 -0.1878
vn 0.2433 -0.5475 0.8007
vn -0.4160 -0.9075 -0.0583
vn -0.3169 -0.9342 0.1641
vn 0.5187 -0.5472 -0.6568
vn 0.4247 -0.5003 -0.7546
vn 0.5605 -0.4496 -0.6955
vn 0.5278 -0.5550 -0.6429
vn 0.3936 -0.5993 0.6971
vn -0.5872 -0.7435 -0.3199
vn 0.2429 -0.5473 0.8009
vn 0.8728 0.4368 0.2180
vn -0.4030 -0.8646 -0.3000
vn -0.4948 -0.8457 -0.1997
vn -0.3926 -0.8684 -0.3028
vn 0.4746 -0.7556 -0.4515
vn -0.1074 -0.9232 0.3690
vn 0.1816 -0.7790 0.6001
vn 0.4014 -0.4954 -0.7704
vn -0.6509 0.7440 0.1509
vn -0.5355 0.6766 0.5053
vn 0.8201 -0.5696 0.0540
vn 0.8131 -0.5771 0.0767
vn 0.1834 0.9830 0.0031
vn 0.0313 0.9992 0.0235
vn 0.3248 0.4378 0.8383
vn -0.0062 -0.1876 0.9822
vn -0.0562 -0.9043 -0.4233
vn 0.3987 -0.9134 -0.0821
vn 0.5054 -0.5562 -0.6597
vn -0.1518 -0.9881 0.0251
vn -0.5521 0.5624 0.6155
vn 0.2186 -0.8253 -0.5206
vn -0.2536 -0.8864 -0.3874
vn 0.5278 -0.7186 0.4528
vn 0.5221 -0.7329 0.4363
vn 0.0715 -0.4988 0.8638
vn 0.6922 -0.3426 0.6353
vn -0.7395 0.3756 0.5586
vn -0.5514 0.6073 0.5720
vn 0.8947 -0.4369 0.0934
vn -0.1129 -0.0037 0.9936
vn 0.3905 0.2021 0.8982
vn 0.8454 -0.5249 0.0990
vn 0.0166 -0.1665 0.9859
vn -0.3443 0.2921 0.8922
vn 0.8132 -0.5769 0.0767
vn -0.0499 0.0860 -0.9950
vn -0.7033 0.7109 -0.0025
vn -0.9477 -0.3186 0.0176
vn -0.9696 0.2445 -0.0114
vn 0.5560 -0.5393 -0.6324
vn -0.7533 -0.6577 0.0003
vn -0.2608 -0.9654 -0.0052
vn -0.2998 -0.9540 0.0030
vn 0.4067 -0.7753 -0.4832
vn 0.5325 -0.7360 0.4179
vn -0.0872 0.4916 0.8665
vn 0.0745 -0.4626 0.8834
vn 0.1249 0.6068 0.7850
vn -0.6273 0.5232 0.5768
vn -0.7086 0.4348 0.5557
vn 0.7743 -0.6252 0.0972
vn 0.9016 -0.4199 0.1038
vn -0.7419 0.4166 0.5253
vn 0.9208 -0.3852 0.0616
vn -0.7411 0.4139 0.5286
vn 0.9209 -0.3845 0.0640
vn -0.9744 -0.2248 0.0037
vn -0.6685 -0.7436 0.0112
vn 0.0621 -0.0279 0.9977
vn 0.0349 0.0138 0.9993
vn 0.6243 -0.7303 0.2774
vn 0.6371 -0.5210 -0.5680
vn 0.6695 -0.7407 -0.0559
vn 0.6333 -0.7045 0.3202
vn 0.5157 -0.7776 0.3596
vn 0.5321 -0.7010 -0.4749
vn 0.3270 -0.7048 0.6296
vn 0.7566 -0.6394 -0.1368
vn 0.6065 -0.7438 0.2808
vn 0.5165 -0.7558 -0.4026
vn -0.0701 0.4019 -0.9130
vn 0.8234 -0.0137 0.5673
vn 0.0678 0.7237 0.6867
vn 0.2342 0.8179 0.5255
vn 0.0423 0.9218 0.3854
vn 0.1903 0.5073 0.8405
vn -0.8916 -0.3972 -0.2177
vn -0.7583 0.2439 0.6045
vn 0.0024 0.9300 0.3676
vn -0.0558 -0.1729 0.9834
vn 0.3361 -0.1077 0.9356
vn -0.7481 0.4718 0.4666
vn -0.7326 0.4813 0.4813
vn -0.7546 0.3494 0.5554
vn 0.8732 -0.4764 0.1024
vn 0.9108 -0.4014 0.0962
vn 0.0170 0.8169 -0.5766
vn 0.0014 0.9066 -0.4220
vn -0.0052 0.7303 -0.6831
vn -0.0013 0.9293 -0.3692
vn -0.0020 0.9106 -0.4133
vn 0.0014 0.8254 -0.5645
vn -0.0014 0.0953 -0.9955
vn -0.0073 1.0000 0.0029
vn 0.7634 -0.6457 0.0184
vn 0.0047 -0.0530 0.9986
vn 0.4268 -0.2709 0.8628
vn 0.3014 -0.9535 -0.0030
vn 0.0022 1.0000 -0.0009
vn 0.4821 -0.8761 -0.0076
vn 0.0549 -0.0085 0.9985
vn 0.0820 -0.9963 0.0259
vn 0.4743 -0.2363 0.8481
vn 0.4893 -0.2025 0.8483
vn -0.0992 -0.9951 -0.0000
vn 0.5495 -0.1948 0.8125
vn -0.3824 -0.9240 0.0077
vn 0.4689 -0.0371 0.8825
vn -0.3819 -0.9242 0.0076
vn 0.0178 -0.0329 0.9993
vn 0.0072 1.0000 -0.0051
vn 0.8869 -0.4596 0.0456
vn -0.7597 -0.6502 -0.0044
vn 0.5235 -0.0570 0.8501
vn -0.8522 -0.5231 0.0134
vn -0.2509 -0.1080 0.9620
vn 0.4435 -0.0826 -0.8924
vn 0.7833 -0.4063 0.4705
vn 0.7648 -0.4579 0.4532
vn 0.8343 -0.2621 0.4850
vn 0.7533 -0.2205 0.6196
vn 0.0080 0.9999 -0.0073
vn 0.0092 0.9998 -0.0164
vn 0.5481 -0.7571 -0.3555
vn 0.1333 -0.5019 0.8546
vn 0.0078 0.0859 -0.9963
vn -0.8930 0.4459 0.0609
vn 0.7327 -0.6680 0.1300
vn 0.6640 -0.5007 -0.5553
vn 0.8667 -0.4891 -0.0976
vn 0.8541 -0.5001 0.1427
vn 0.9493 -0.2527 0.1869
vn 0.8194 -0.4170 0.3933
vn 0.1649 -0.9375 0.3064
vn 0.5553 -0.8158 -0.1613
vn 0.4456 -0.6818 0.5801
vn -0.8887 -0.4269 0.1672
vn 0.8383 0.2277 0.4954
vn -0.7418 -0.6695 0.0397
vn 0.9504 -0.0131 0.3108
vn -0.9790 -0.1426 -0.1455
vn 0.4224 0.7334 0.5326
vn -0.8998 -0.3948 -0.1855
vn 0.7556 0.3496 0.5539
vn -0.8890 -0.4574 -0.0225
vn -0.7262 -0.6620 -0.1852
vn -0.9679 -0.2292 -0.1035
vn 0.0622 0.9379 0.3414
vn 0.2793 0.9425 0.1835
vn -0.9960 -0.0263 -0.0851
vn -0.9943 -0.0679 -0.0820
vn -0.9814 -0.1544 -0.1138
vn -0.9113 0.3944 -0.1182
vn -0.9461 0.2280 0.2302
vn -0.8563 0.5004 -0.1275
vn -0.7887 0.5419 0.2904
vn -0.7082 -0.6665 0.2328
vn -0.6922 0.1275 0.7104
vn 0.7770 -0.3474 -0.5249
vn -0.8466 0.2053 0.4910
vn -0.7291 0.5217 0.4429
vn 0.8545 -0.5035 0.1280
vn 0.9969 -0.0779 -0.0049
vn 0.7070 -0.7062 0.0378
vn 0.9048 -0.3605 -0.2269
vn 0.0670 -0.9068 -0.4163
vn 0.9955 -0.0240 -0.0922
vn 0.0898 -0.8636 -0.4962
vn 0.4399 -0.4898 0.7527
vn -0.7227 -0.6859 -0.0853
vn 0.9970 -0.0307 -0.0705
vn -0.5007 -0.8048 -0.3187
vn -0.2060 -0.9616 -0.1814
vn -0.4573 -0.8551 -0.2443
vn -0.0014 -0.3112 0.9504
vn 0.0117 -0.2827 0.9591
vn 0.7222 -0.6446 -0.2507
vn -0.4205 -0.7820 -0.4601
vn -0.4006 -0.8272 -0.3940
vn -0.9795 -0.1758 0.0978
vn 0.1620 -0.9156 -0.3681
vn 0.7570 -0.5966 -0.2665
vn -0.3548 -0.8364 -0.4179
vn -0.4970 -0.8166 -0.2935
vn 0.0657 -0.3741 0.9251
vn -0.8290 -0.3182 0.4599
vn -0.3289 -0.9240 0.1951
vn -0.9938 -0.0087 0.1108
vn -0.3991 0.0513 0.9155
vn -0.4197 -0.3115 0.8525
vn -0.9289 0.2616 0.2619
vn -0.5529 -0.7046 0.4447
vn -0.3934 -0.3449 0.8522
vn -0.3335 0.3569 0.8726
vn -0.6835 -0.7266 -0.0703
vn -0.0689 -0.9850 -0.1583
vn -0.4649 -0.8160 0.3435
vn 0.7654 -0.5261 -0.3706
vn -0.0326 0.9674 -0.2511
vn -0.0066 0.8783 0.4781
vn -0.4277 0.8893 0.1616
vn 0.4802 0.8674 -0.1304
vn 0.2027 -0.4600 0.8645
vn 0.4523 -0.8911 0.0365
vn -0.8771 -0.4040 -0.2598
vn -0.2679 0.5237 0.8087
vn -0.8767 -0.4110 -0.2501
vn 0.5252 -0.7703 -0.3615
vn 0.6598 -0.6047 -0.4461
vn 0.5642 -0.6003 0.5668
vn -0.8045 -0.5593 -0.2000
vn 0.7932 -0.5073 -0.3368
vn 0.2874 -0.7599 -0.5831
vn 0.5197 -0.6242 0.5833
vn 0.7359 -0.5625 -0.3768
vn 0.7174 -0.5747 -0.3937
vn -0.0082 -0.0652 0.9978
vn 0.2493 -0.1658 0.9541
vn -0.7909 -0.5757 -0.2074
vn 0.2315 0.9728 0.0021
vn -0.2205 0.9535 -0.2053
vn -0.9605 -0.2491 -0.1240
vn -0.6981 0.4816 -0.5299
vn -0.5331 0.7250 -0.4361
vn -0.8825 -0.3934 -0.2577
vn -0.0180 0.8705 0.4918
vn 0.1408 0.9659 0.2175
vn 0.2623 0.8718 0.4137
vn -0.7496 -0.6477 -0.1360
vn -0.9004 -0.3950 -0.1821
vn -0.8694 -0.4239 -0.2538
vn -0.7788 -0.5790 -0.2411
vn -0.0220 0.9044 0.4261
vn 0.0516 -0.7191 0.6929
vn 0.1661 -0.9827 -0.0818
vn 0.4212 -0.6063 -0.6745
vn 0.6099 -0.7451 -0.2701
vn 0.6248 -0.5481 -0.5561
vn 0.7986 -0.4608 -0.3872
vn 0.2098 -0.9401 -0.2686
vn 0.9460 0.2893 -0.1465
vn 0.9417 -0.0147 -0.3363
vn 0.5515 0.8136 0.1842
vn 0.2083 -0.2122 0.9548
vn 0.7347 0.6722 -0.0914
vn 0.1922 0.9693 0.1534
vn -0.3237 -0.9120 -0.2521
vn -0.0044 -0.9653 -0.2610
vn -0.1584 -0.9681 -0.1943
vn 0.4670 -0.5340 -0.7048
vn 0.6173 0.7853 -0.0475
vn 0.8774 0.4729 0.0808
vn -0.5266 0.6599 -0.5359
vn -0.1470 -0.8834 0.4450
vn 0.5637 0.8066 0.1780
vn 0.6356 -0.6964 -0.3331
vn 0.7733 -0.5973 -0.2126
vn 0.2974 -0.9334 -0.2007
vn 0.7158 0.6868 0.1259
vn 0.4658 -0.4199 -0.7789
vn 0.8166 -0.2933 -0.4972
vn 0.9293 -0.2660 0.2563
vn 0.9045 0.3928 -0.1660
vn -0.2711 0.6737 0.6874
vn 0.6467 -0.7523 -0.1257
vn 0.7897 -0.4821 -0.3795
vn 0.7356 0.6773 0.0147
vn 0.8734 -0.3262 0.3616
vn 0.7729 0.6330 0.0441
vn 0.7453 -0.6220 -0.2402
vn -0.4416 0.8424 0.3087
vn 0.4671 -0.7905 0.3962
vn 0.5277 -0.6083 0.5929
vn 0.4272 -0.3164 0.8470
vn 0.5398 -0.7557 0.3710
vn 0.8341 0.5412 0.1063
vn 0.2628 -0.9617 -0.0783
vn -0.0745 -0.9893 0.1252
vn 0.2416 -0.9685 -0.0600
vn -0.0295 -0.9994 -0.0207
vn 0.9878 0.1413 0.0653
vn 0.9817 -0.1521 -0.1143
vn -0.0003 0.0950 -0.9955
vn 0.9582 -0.0465 -0.2823
vn 0.0203 -0.3787 0.9253
vn 0.7411 -0.6391 -0.2058
vn 0.7378 -0.5716 -0.3592
vn 0.5216 -0.4646 0.7155
vn 0.0823 0.0329 0.9961
vn -0.5324 0.8150 0.2287
vn 0.4692 -0.8537 -0.2261
vn 0.0089 -0.3382 0.9410
vn 0.8853 -0.4566 0.0880
vn 0.0213 -0.3751 0.9268
vn 0.4602 -0.8593 -0.2234
vn 0.5055 -0.6107 0.6095
vn 0.1980 -0.9523 0.2320
vn 0.6617 -0.7498 -0.0016
vn 0.7131 -0.5666 -0.4129
vn 0.0062 -0.2931 0.9561
vn 0.8877 -0.4318 -0.1601
vn 0.8139 -0.4706 0.3407
vn 0.5552 -0.5579 0.6169
vn 0.6206 -0.7527 0.2198
vn 0.7758 -0.3011 0.5545
vn 0.9173 -0.3672 -0.1540
vn 0.0111 -0.3895 0.9210
vn 0.0207 -0.3846 0.9228
vn 0.0523 -0.3879 0.9202
vn 0.8281 -0.5149 -0.2217
vn -0.0318 0.0508 0.9982
vn 0.7180 -0.5656 -0.4055
vn 0.0091 0.1112 -0.9938
vn 0.0321 0.1733 -0.9843
vn -0.0028 1.0000 0.0005
vn -0.0431 0.0548 -0.9976
vn 0.4453 0.3714 0.8147
vn -0.2344 0.7464 0.6228
vn 0.0797 0.2621 0.9617
vn 0.9314 -0.2604 -0.2542
vn 0.3543 0.0066 -0.9351
vn 0.0375 -0.0063 0.9993
vn -0.0195 0.0728 -0.9972
vn 0.4753 0.3799 0.7936
vn -0.0184 0.0855 -0.9962
vn 0.0245 0.1250 -0.9919
vn 0.0120 0.9997 -0.0233
vn -0.0117 0.0763 -0.9970
vn -0.0353 0.9905 -0.1332
vn -0.0009 0.9999 -0.0157
vn -0.0002 0.0990 -0.9951
vn -0.0012 0.0988 -0.9951
vn 0.0039 0.0989 -0.9951
vn -0.8397 0.4239 0.3395
vn 0.2011 -0.3335 0.9211
vn -0.6173 0.1177 0.7779
vn 0.9177 -0.3972 0.0050
vn -0.4758 0.1133 0.8722
vn -0.2606 -0.1903 0.9465
vn 0.3922 0.6279 0.6723
vn -0.9004 0.3707 0.2277
vn 0.9364 -0.3481 0.0451
vn 0.9535 -0.2969 0.0520
vn 0.9315 -0.2989 0.2073
vn 0.9046 -0.2607 0.3373
vn 0.8109 -0.2366 0.5352
vn 0.8576 -0.1511 0.4915
vn -0.9080 0.2915 0.3009
vn -0.9993 -0.0200 0.0326
vn -0.7014 0.4798 0.5271
vn -0.9077 0.3916 0.1504
vn -0.4067 0.4040 0.8194
vn -0.6676 -0.0158 0.7443
vn 0.9595 -0.2787 0.0413
vn 0.9675 -0.2528 0.0076
vn -0.8913 0.4102 0.1931
vn -0.4725 0.3338 0.8156
vn -0.9098 0.3505 0.2223
vn 0.8364 -0.2337 0.4958
vn -0.9119 0.4005 0.0896
vn -0.5275 0.5032 0.6844
vn -0.2222 0.2365 0.9459
vn -0.6954 0.4381 0.5696
vn -0.1809 0.5083 0.8420
vn 0.7039 -0.2919 -0.6475
vn 0.9517 -0.2830 0.1191
vn -0.7907 0.3789 0.4809
vn 0.9998 0.0073 -0.0183
vn 0.0090 1.0000 -0.0027
vn -0.9260 0.1158 0.3594
vn -0.9195 0.3757 -0.1155
vn -0.0156 0.4633 0.8860
vn 0.7732 -0.4503 0.4465
vn -0.8374 0.4318 0.3350
vn -0.8615 0.5045 -0.0575
vn -0.8861 0.3696 0.2795
vn -0.8109 0.3602 0.4611
vn -0.8490 0.3679 0.3793
vn -0.4865 0.5835 0.6502
vn -0.3450 -0.3655 0.8645
vn -0.8888 0.2872 0.3572
vn -0.9252 0.3095 0.2197
vn 0.8400 -0.4153 0.3491
vn -0.8591 0.3923 0.3286
vn 0.9831 -0.0120 0.1826
vn -0.4393 -0.1714 0.8818
vn 0.9790 0.0660 0.1927
vn -0.2701 0.9178 -0.2910
vn 0.9839 -0.0179 0.1776
vn 0.8254 -0.0806 0.5588
vn -0.7757 0.6017 0.1901
vn -0.9964 -0.0587 -0.0619
vn 0.5408 -0.3504 0.7647
vn -0.6235 0.5871 0.5162
vn 0.9926 -0.1184 0.0257
vn 0.8983 -0.1672 0.4063
vn 0.9234 -0.1566 0.3506
vn 0.8933 -0.1451 0.4254
vn -0.0096 0.9996 0.0272
vn 0.6162 -0.7021 0.3568
vn -0.6259 0.2274 0.7460
vn -0.6811 0.7258 -0.0962
vn -0.6041 0.7966 -0.0235
vn -0.5353 0.4690 0.7025
vn -0.9218 0.2095 0.3262
vn -0.9522 0.2693 0.1444
vn -0.9938 -0.0565 0.0959
vn -0.9751 0.1983 0.0996
vn -0.9760 0.1104 0.1879
vn -0.9953 0.0958 -0.0144
vn -0.5766 -0.0070 0.8170
vn -0.9484 0.2565 0.1862
vn 0.9866 -0.1624 0.0159
vn -0.8211 0.4437 0.3591
vn 0.9764 -0.2066 0.0637
vn 0.9814 -0.1866 0.0463
vn -0.9527 0.2483 0.1753
vn -0.9806 0.1931 0.0347
vn 0.9838 -0.1748 0.0388
vn 0.9998 -0.0216 0.0005
vn 0.9696 -0.1569 0.1876
vn 0.9991 -0.0424 0.0089
vn -0.1224 0.9901 0.0693
vn 0.0041 0.9982 0.0602
vn -0.4820 0.0598 0.8741
vn -0.2203 0.0722 0.9727
vn -0.3816 0.3434 0.8582
vn -0.5024 -0.8215 -0.2696
vn -0.8914 0.2349 0.3876
vn -0.8003 -0.5864 -0.1251
vn -0.8808 -0.4698 0.0593
vn 0.0353 0.7451 0.6660
vn -0.8439 -0.5287 0.0914
vn -0.8557 0.2818 0.4340
vn -0.8982 0.2216 0.3798
vn -0.9226 0.3848 -0.0281
vn -0.7591 0.3176 0.5683
vn -0.9268 0.3744 -0.0297
vn -0.9472 0.2621 0.1847
vn -0.9027 0.2609 0.3421
vn -0.9539 0.2469 0.1707
vn -0.4915 -0.8484 -0.1965
vn -0.9864 0.0974 0.1327
vn 0.0102 0.9997 -0.0213
vn -0.9792 -0.1506 0.1362
vn 0.2121 0.9746 0.0712
vn -0.0056 1.0000 0.0076
vn -0.7782 -0.4462 -0.4419
vn -0.8838 0.1595 -0.4399
vn -0.9783 -0.0059 -0.2072
vn -0.0828 0.9617 0.2615
vn 0.5131 -0.3336 0.7908
vn -0.5165 -0.8132 -0.2683
vn -0.7096 -0.6765 0.1972
vn -0.9525 0.0830 0.2929
vn -0.4826 0.8738 -0.0600
vn -0.6677 0.7188 -0.1936
vn -0.7784 0.4722 0.4136
vn -0.7262 0.6813 -0.0921
vn -0.7934 -0.2773 0.5419
vn -0.0033 1.0000 -0.0033
vn -0.9879 0.0897 0.1263
vn -0.3115 -0.9242 -0.2209
vn -0.0001 0.9999 -0.0137
vn -0.0041 1.0000 0.0014
vn 0.1706 0.9822 0.0790
vn 0.2098 0.9751 0.0720
vn -0.7629 -0.2662 -0.5892
vn -0.6234 0.1461 0.7682
vn -0.3247 0.1123 0.9391
vn -0.2146 -0.3551 0.9099
vn 0.2293 -0.0333 0.9728
vn 0.1181 -0.4407 0.8898
vn -0.5123 0.8572 -0.0528
vn -0.7512 -0.2776 0.5988
vn -0.1695 -0.2539 0.9523
vn 0.0803 0.3480 0.9340
vn -0.9709 -0.1227 0.2056
vn -0.0129 0.9999 0.0019
vn -0.0995 0.9359 0.3380
vn 0.3885 0.9117 -0.1339
vn -0.1565 -0.2462 0.9565
vn -0.2215 -0.9454 -0.2391
vn 0.1147 -0.0703 0.9909
vn -0.5216 -0.2684 -0.8099
vn 0.7980 0.1846 -0.5737
vn -0.3382 0.1583 -0.9277
vn 0.2750 -0.9507 0.1430
vn 0.6711 0.7126 0.2044
vn -0.2075 -0.7096 0.6734
vn 0.6985 0.6968 0.1629
vn -0.1641 0.0577 0.9848
vn 0.3956 -0.4098 0.8220
vn -0.5615 0.7998 -0.2123
vn -0.0788 0.5912 0.8026
vn 0.0846 0.9962 0.0223
vn -0.0768 0.9867 0.1431
vn 0.8298 0.5356 0.1569
vn 0.9802 0.1862 -0.0667
vn 0.7266 -0.3886 0.5667
vn 0.9929 0.0014 -0.1191
vn 0.9918 -0.1223 0.0365
vn 0.4853 -0.1985 0.8515
vn -0.0545 -0.9644 -0.2587
vn 0.9907 -0.0177 0.1346
vn 0.9333 0.3589 -0.0101
vn 0.8539 0.5148 0.0763
vn 0.6012 0.7535 0.2659
vn 0.1678 -0.1962 0.9661
vn 0.2273 0.9720 0.0591
vn 0.2242 -0.2964 0.9284
vn 0.0552 -0.9782 -0.2001
vn -0.4216 -0.1274 0.8978
vn 0.0400 -0.9980 0.0490
vn 0.3965 -0.7799 0.4844
vn -0.3465 -0.0122 0.9380
vn 0.5000 -0.0223 0.8657
vn -0.0291 0.9994 -0.0191
vn 0.1567 -0.3185 0.9349
vn -0.0232 0.9997 -0.0119
vn -0.0815 0.2583 0.9626
vn -0.1582 -0.3221 0.9334
vn 0.0851 0.9963 -0.0142
vn -0.1896 -0.1161 0.9750
vn 0.8019 -0.5732 0.1683
vn 0.8316 -0.3453 0.4350
vn 0.8065 -0.5622 0.1832
vn 0.9866 0.1260 -0.1039
vn 0.1480 -0.2248 0.9631
vn 0.1673 -0.9646 -0.2040
vn -0.5396 -0.0600 0.8398
vn -0.5043 -0.2086 0.8379
vn -0.0000 0.9999 -0.0173
vn -0.0623 0.0787 0.9950
vn -0.0596 0.0803 0.9950
vn 0.8621 -0.5049 -0.0426
vn -0.6095 0.5949 0.5240
vn 0.8313 -0.5286 -0.1717
vn 0.8444 -0.5173 -0.1396
vn 0.7509 -0.5088 0.4210
vn 0.6030 -0.5427 0.5846
vn 0.4968 -0.7017 0.5107
vn 0.2815 -0.9539 -0.1037
vn 0.3395 -0.4308 0.8362
vn 0.8569 -0.4814 0.1842
vn 0.9361 -0.3309 -0.1195
vn 0.6638 -0.7424 -0.0911
vn 0.8937 -0.3976 0.2077
vn 0.8835 -0.3941 0.2531
vn 0.8367 -0.1280 0.5325
vn 0.8080 -0.3693 0.4591
vn 0.8896 0.1689 0.4243
vn 0.2550 0.2562 0.9324
vn -0.0595 0.2726 0.9603
vn 0.2473 -0.4626 0.8514
vn -0.6268 0.5864 0.5131
vn 0.8219 -0.5567 0.1208
vn 0.9037 -0.3747 0.2073
vn 0.9299 -0.1700 -0.3261
vn 0.8616 -0.4941 -0.1159
vn 0.6651 -0.2874 0.6892
vn 0.8650 -0.4568 0.2078
vn 0.9539 -0.2956 0.0524
vn 0.6938 -0.2646 0.6698
vn 0.9753 -0.2209 -0.0016
vn 0.9858 0.0231 -0.1663
vn 0.9153 -0.2998 -0.2689
vn 0.9663 -0.1745 0.1894
vn 0.9835 -0.1722 0.0545
vn 0.9989 0.0278 -0.0374
vn 0.8742 0.1972 0.4438
vn 0.9169 0.1780 0.3571
vn 0.3423 -0.3102 0.8869
vn 0.1722 -0.0017 0.9851
vn 0.5059 -0.2275 -0.8321
vn 0.6735 -0.3362 0.6583
vn 0.6558 -0.0388 0.7540
vn 0.1892 -0.2925 0.9374
vn 0.7772 -0.5568 0.2931
vn 0.3172 -0.2120 0.9244
vn -0.0374 0.0573 0.9977
vn 0.8217 -0.5651 0.0743
vn 0.6843 -0.7018 0.1981
vn 0.7650 -0.4672 0.4433
vn 0.6433 -0.6344 0.4286
vn 0.6436 -0.4416 0.6251
vn 0.0428 0.9983 -0.0405
vn 0.6373 -0.2354 0.7338
vn 0.0074 1.0000 -0.0052
vn -0.7364 0.5507 0.3930
vn -0.0336 0.0718 0.9969
vn 0.2176 -0.1057 0.9703
vn 0.5381 -0.5266 0.6582
vn 0.5225 -0.1412 0.8409
vn 0.5730 -0.1674 0.8022
vn 0.6977 -0.4823 -0.5297
vn 0.9368 -0.3309 0.1135
vn 0.0148 0.1042 -0.9944
vn 0.8620 -0.4277 -0.2721
vn 0.0058 0.6050 -0.7962
vn 0.9954 0.0940 -0.0200
vn 0.9999 0.0047 -0.0125
vn 0.9976 -0.0665 0.0204
vn 0.9997 -0.0070 -0.0219
vn 0.9998 -0.0117 -0.0135
vn 0.9886 0.0850 0.1242
vn 0.2823 -0.3593 0.8895
vn 0.6785 -0.5364 0.5020
vn -0.7321 0.5630 0.3835
vn -0.0507 0.0729 0.9960
vn 0.2347 -0.1434 0.9614
vn 0.7139 -0.6974 -0.0628
vn -0.0998 0.0166 -0.9949
vn 0.6750 -0.7298 0.1080
vn 0.5653 -0.8023 -0.1915
vn 0.6718 -0.7383 -0.0594
vn 0.5778 -0.4518 0.6797
vn 0.0026 1.0000 -0.0070
vn 0.5890 -0.4992 0.6355
vn 0.5157 -0.6514 0.5566
vn -0.6709 0.6550 0.3477
vn 0.1000 0.9933 -0.0578
vn 0.0059 1.0000 0.0046
vn 0.8767 -0.4579 -0.1473
vn 0.0496 -0.0079 0.9987
vn 0.7461 -0.6561 -0.1135
vn -0.7347 0.6362 0.2355
vn -0.5719 0.6411 0.5118
vn 0.0580 0.0588 0.9966
vn -0.0182 0.0377 0.9991
vn 0.7222 -0.5885 0.3634
vn 0.0055 0.9998 -0.0172
vn 0.9867 0.1343 0.0918
vn 0.6365 -0.2076 0.7428
vn 1.0000 -0.0024 0.0029
vn 0.5015 -0.6132 0.6103
vn 1.0000 0.0029 -0.0005
vn 0.0899 -0.9910 0.0988
vn -0.6319 0.6763 0.3785
vn 1.0000 0.0010 0.0012
vn 0.0948 0.1320 0.9867
vn 0.9996 -0.0267 0.0076
vn 0.8916 -0.3285 0.3116
vn -0.0629 -0.9659 0.2513
vn -0.2840 0.8964 0.3404
vn -0.2722 0.6875 0.6733
vn 0.0518 0.0098 0.9986
vn 0.0600 -0.2430 0.9682
vn -0.0468 -0.0435 0.9980
vn 0.1870 -0.3133 0.9311
vn -0.0419 0.3052 0.9514
vn 0.2889 -0.3170 0.9034
vn 0.2828 -0.3134 0.9065
vn -0.3805 0.7624 0.5234
vn -0.1691 -0.0942 0.9811
vn 0.4904 -0.7249 0.4838
vn -0.3933 0.3770 0.8386
vn 0.5361 -0.4057 0.7403
vn -0.0140 0.3549 0.9348
vn -0.1822 -0.0435 0.9823
vn -0.1479 -0.0179 0.9888
vn -0.0501 -0.0851 0.9951
vn -0.2865 -0.0663 0.9558
vn -0.2446 -0.0035 0.9696
vn -0.2915 -0.0534 0.9551
vn -0.1156 -0.0938 0.9889
vn 0.3011 -0.2666 0.9156
vn 0.1541 -0.1579 0.9754
vn 0.1978 -0.1398 0.9702
vn 0.1013 -0.0675 0.9926
vn 0.4392 -0.2693 0.8571
vn 0.3691 -0.1307 0.9202
vn 0.1917 -0.0244 0.9811
vn 0.4174 -0.1451 0.8971
vn 0.3641 -0.0781 0.9281
vn 0.4702 -0.0371 0.8818
vn -0.6371 -0.2579 0.7264
vn -0.2535 -0.4718 0.8445
vn -0.8415 -0.2888 0.4566
vn -0.0866 -0.2889 0.9534
vn -0.4241 0.1999 0.8833
vn -0.6969 0.5162 0.4979
vn -0.7033 -0.4548 0.5463
vn -0.7053 -0.4547 0.5438
vn -0.1267 -0.6412 0.7568
vn 0.0375 0.5541 0.8316
vn -0.2874 0.7131 0.6395
vn -0.6572 -0.7232 0.2123
vn -0.2770 -0.4413 0.8536
vn -0.0025 -0.0179 0.9998
vn -0.0684 0.1362 0.9883
vn -0.2358 0.3204 0.9174
vn 0.2277 0.2994 0.9266
vn 0.1101 0.6475 0.7541
vn 0.1526 -0.6589 0.7366
vn 0.2316 -0.2893 0.9288
vn 0.6180 0.3877 0.6839
vn -0.1283 -0.8589 0.4957
vn 0.5836 -0.7640 0.2751
vn 0.6370 -0.5104 0.5777
vn 0.7283 -0.1982 0.6559
vn 0.8632 0.3669 0.3468
vn 0.6503 0.4428 0.6172
vn 0.0205 -0.3559 0.9343
vn 0.5150 -0.5317 0.6723
vn 0.6566 -0.6280 0.4177
vn -0.5837 0.0181 0.8118
vn 0.0547 0.1344 0.9894
vn -0.8203 0.4323 0.3745
vn -0.6646 0.5949 0.4520
vn 0.6957 -0.1448 0.7035
vn -0.1196 0.9362 0.3306
vn -0.5826 -0.4781 0.6573
vn -0.1096 0.0389 0.9932
vn -0.8055 -0.4278 0.4101
vn -0.9172 0.1465 0.3705
vn -0.5960 0.6348 0.4917
vn -0.4238 0.4772 0.7699
vn 0.2235 0.1801 0.9579
vn 0.1072 -0.5989 0.7936
vn 0.4795 -0.3440 0.8073
vn 0.3344 0.2835 0.8988
vn 0.1446 -0.2035 0.9683
vn -0.1944 -0.0190 0.9807
vn 0.2295 0.7603 0.6077
vn 0.1336 0.9249 0.3560
vn -0.3205 0.6682 0.6714
vn 0.7311 0.0003 0.6822
vn 0.3567 0.4717 0.8064
vn 0.6533 0.6383 0.4071
vn 0.7654 0.5650 0.3080
vn 0.8845 0.3339 0.3257
vn 0.9020 0.3181 0.2920
vn -0.1537 -0.1339 0.9790
vn 0.0513 -0.0105 0.9986
vn 0.2721 0.2494 0.9294
vn 0.1948 -0.0835 0.9773
vn 0.0021 1.0000 0.0010
vn -0.4204 -0.9051 0.0627
vn -0.3261 -0.5692 0.7548
vn -0.2541 -0.5817 0.7727
vn -0.7158 -0.6355 -0.2893
vn -0.6391 -0.6068 -0.4726
vn -0.9526 -0.0564 -0.2990
vn -0.7075 -0.0928 -0.7006
vn -0.7844 0.0496 -0.6183
vn -0.5907 0.0749 -0.8034
vn -0.2667 -0.0466 -0.9626
vn -0.7458 -0.0589 -0.6636
vn -0.0625 0.0297 -0.9976
vn -0.8716 -0.1612 -0.4630
vn -0.6561 0.0229 -0.7543
vn -0.4327 0.0531 -0.9000
vn -0.1363 0.0500 -0.9894
vn -0.7962 -0.2592 -0.5467
vn -0.7209 -0.2648 -0.6404
vn -0.9448 0.1488 -0.2921
vn -0.7889 -0.4493 -0.4193
vn -0.5881 0.0804 -0.8048
vn -0.0435 0.3327 -0.9420
vn -0.2340 0.7320 0.6399
vn 0.1241 0.9055 0.4059
vn -0.0042 1.0000 0.0006
vn 0.6951 0.6915 -0.1965
vn 0.7248 -0.0132 0.6888
vn 0.8584 0.0659 0.5087
vn 0.7931 0.2735 0.5442
vn 0.8224 0.2949 0.4866
vn 0.7911 0.5689 0.2249
vn 0.6260 0.0541 0.7780
vn 0.5523 -0.1098 0.8264
vn 0.6491 0.0173 0.7605
vn 0.6709 -0.0772 0.7375
vn 0.3277 0.3201 0.8889
vn 0.6004 -0.0221 0.7994
vn 0.7497 -0.0190 0.6615
vn 0.4855 0.3146 0.8157
vn 0.7177 -0.0084 0.6963
vn 0.7266 0.5841 -0.3616
vn 0.8455 0.4932 0.2048
vn 0.7786 0.6234 0.0720
vn 0.7890 0.6053 0.1051
vn 0.7212 0.6921 -0.0295
vn 0.2497 0.9496 0.1897
vn 0.0023 1.0000 -0.0027
vn 0.1081 0.6796 0.7256
vn 0.0890 -0.0208 0.9958
vn -0.1051 -0.6217 0.7762
vn -0.0565 -0.5706 -0.8193
vn -0.0881 0.9844 0.1522
vn 0.0946 -0.9564 -0.2764
vn -0.1316 0.3165 0.9394
vn 0.1090 0.5963 -0.7953
vn 0.6842 0.5051 0.5261
vn 0.0191 0.6491 0.7605
vn -0.9362 -0.0004 -0.3514
vn 0.1840 0.9132 0.3637
vn 0.0203 0.9223 0.3858
vn 0.6553 0.6539 -0.3782
vn 0.4373 0.6396 -0.6322
vn 0.5844 0.6466 -0.4903
vn -0.3087 -0.2184 0.9257
vn -0.2144 -0.3767 0.9012
vn 0.3777 0.9245 -0.0523
vn 0.4609 0.8874 -0.0115
vn 0.5315 0.7832 0.3226
vn 0.6388 0.6710 0.3764
vn 0.0205 0.8061 0.5914
vn 0.8038 0.1889 0.5641
vn -0.3833 -0.9235 -0.0156
vn 0.0010 0.8770 0.4805
vn 0.0006 0.8121 0.5835
vn -0.0382 0.8389 -0.5430
vn -0.1123 -0.0331 -0.9931
vn -0.2508 0.1260 -0.9598
vn -0.7549 -0.6548 -0.0363
vn -0.3967 -0.9179 0.0112
vn -0.5292 -0.8424 -0.1018
vn -0.3206 0.1736 -0.9311
vn -0.3861 0.1694 -0.9067
vn -0.4430 -0.8614 -0.2486
vn -0.3943 -0.1624 -0.9045
vn -0.2795 0.1601 -0.9467
vn -0.0604 0.7967 0.6013
vn 0.0616 0.8870 0.4577
vn 0.0244 0.7859 0.6178
vn 0.1573 0.8343 0.5284
vn -0.0721 -0.9974 -0.0075
vn 0.0057 0.8752 0.4837
vn -0.1693 -0.9781 0.1210
vn -0.3211 0.1984 -0.9261
vn -0.8771 -0.2462 -0.4124
vn -0.8365 -0.2685 -0.4777
vn 0.9961 -0.0851 0.0239
vn 0.9236 0.0143 0.3830
vn -0.5510 -0.2356 -0.8006
vn -0.6595 -0.3960 -0.6389
vn -0.6181 -0.3159 -0.7198
vn -0.4965 -0.2132 -0.8415
vn -0.7689 -0.6158 -0.1719
vn -0.7964 -0.4698 -0.3807
vn -0.0225 0.4578 -0.8888
vn 0.0246 -0.2972 0.9545
vn -0.0068 0.8906 0.4548
vn -0.0480 0.4887 0.8711
vn 0.0283 -0.8661 0.4991
vn -0.0820 0.5098 0.8564
vn 0.0666 -0.0746 0.9950
vn 0.0519 -0.4540 -0.8895
vn 0.0982 0.7487 0.6556
vn -0.0455 -0.9678 -0.2477
vn -0.0334 -0.8021 0.5962
vn 0.0508 -0.9687 -0.2429
vn -0.9484 -0.0124 -0.3169
vn -0.0018 0.8581 -0.5134
vn -0.9264 0.1366 -0.3509
vn -0.9448 0.0035 -0.3275
vn -0.9449 0.0055 -0.3273
vn -0.9448 -0.0016 -0.3275
vn -0.9497 0.0534 -0.3087
vn -0.9296 -0.0087 -0.3684
vn -0.9394 0.0311 -0.3414
vn -0.9260 0.0161 -0.3772
vn -0.0031 1.0000 -0.0017
vn 0.6836 0.0446 0.7285
vn -0.9396 0.0481 -0.3389
vn -0.9479 0.0068 -0.3184
vn -0.9331 -0.0107 -0.3595
vn -0.9375 -0.0233 -0.3473
vn 0.0042 -0.3845 0.9231
vn 0.6878 -0.0000 0.7259
vn -1.0000 -0.0005 0.0002
vn 1.0000 -0.0001 -0.0001
vn -0.1411 -0.9033 -0.4052
vn -0.4603 -0.2916 -0.8385
vn -0.4406 -0.4581 -0.7720
vn -0.3707 -0.6240 -0.6878
vn -0.0986 -0.4695 -0.8774
vn -0.2448 -0.4583 -0.8544
vn -0.1230 -0.6298 -0.7670
vn -0.0546 -0.2951 -0.9539
vn -0.2454 -0.9149 -0.3204
vn 0.4217 -0.9037 0.0742
vn 0.2641 -0.5704 0.7777
vn 0.2218 -0.5892 0.7770
vn 0.7446 -0.5516 -0.3758
vn 0.6544 -0.1555 -0.7400
vn 0.5517 -0.1284 -0.8241
vn 0.9408 -0.1158 -0.3186
vn 0.9336 -0.2078 -0.2920
vn 0.9408 0.0825 -0.3289
vn 0.9471 0.0533 -0.3166
vn 0.4183 0.0935 -0.9035
vn 0.5939 0.1964 -0.7802
vn 0.7048 0.0968 -0.7027
vn 0.5019 0.1173 -0.8569
vn 0.4361 0.1222 -0.8916
vn 0.6455 0.0252 -0.7633
vn 0.2395 0.1135 -0.9642
vn 0.2023 0.1050 -0.9737
vn 0.1496 0.0227 -0.9885
vn 0.7768 -0.1764 -0.6045
vn 0.9439 0.1461 -0.2961
vn 0.6593 -0.2948 -0.6917
vn 0.7736 -0.3317 -0.5400
vn 0.2660 -0.9596 0.0913
vn 0.2575 -0.9656 0.0371
vn -0.1934 0.7530 0.6289
vn -0.0276 0.4864 -0.8733
vn -0.3848 -0.1310 0.9137
vn -0.0331 -0.1437 -0.9891
vn -0.0062 -0.9682 0.2503
vn -0.0914 -0.6975 0.7107
vn -0.7126 0.0473 0.6999
vn 0.0002 1.0000 0.0002
vn -0.0346 0.9990 0.0275
vn -0.6949 0.6782 -0.2391
vn -0.6380 0.6748 0.3710
vn -0.8805 -0.0000 0.4740
vn -0.7062 0.1880 0.6826
vn -0.8122 0.5495 0.1956
vn -0.8183 0.2563 0.5145
vn -0.8018 0.3141 0.5084
vn -0.7399 0.1396 0.6581
vn -0.3588 0.3095 0.8806
vn -0.4066 0.3187 0.8562
vn -0.6474 -0.0602 0.7598
vn 0.1382 -0.5662 0.8126
vn -0.3150 0.3423 0.8852
vn -0.6840 0.1288 0.7180
vn -0.8256 0.5626 -0.0429
vn -0.7774 0.5786 -0.2466
vn -0.8497 0.5251 -0.0475
vn -0.7418 0.6424 -0.1924
vn -0.8220 0.5683 0.0368
vn -0.0251 0.9601 0.2786
vn -0.8265 0.5594 0.0629
vn 0.0010 1.0000 -0.0011
vn -0.0554 -0.2985 0.9528
vn -0.1149 -0.8996 0.4213
vn -0.1826 -0.7492 -0.6367
vn 0.1420 -0.9885 0.0515
vn -0.0773 0.3703 0.9257
vn -0.6733 0.6276 -0.3909
vn -0.5609 0.6146 -0.5547
vn -0.4351 0.6376 -0.6358
vn -0.0265 0.9987 -0.0438
vn -0.2147 0.9748 0.0599
vn -0.6876 0.6162 -0.3841
vn -0.5575 0.6437 -0.5242
vn -0.4803 0.7187 -0.5027
vn 0.2654 -0.3461 0.8999
vn 0.3404 -0.5586 0.7564
vn -0.6187 0.7191 0.3163
vn -0.5536 0.7769 0.2999
vn -0.0581 0.7167 0.6950
vn -0.2461 0.8623 0.4426
vn -0.2622 0.8331 0.4870
vn -0.1752 0.7215 0.6698
vn -0.1738 0.7498 0.6384
vn -0.2348 0.8189 0.5237
vn -0.8277 0.1577 0.5386
vn -0.0191 0.0147 0.9997
vn 0.3692 -0.9293 -0.0099
vn 0.3849 -0.9225 -0.0298
vn -0.0152 -0.9708 -0.2395
vn -0.0469 0.8689 -0.4928
vn -0.0474 -0.7322 -0.6795
vn 0.0005 -1.0000 -0.0000
vn 0.8504 0.0584 -0.5229
vn 0.8820 0.1349 -0.4515
vn 0.2442 0.1247 -0.9617
vn 0.7495 -0.6615 -0.0254
vn 0.4986 -0.8651 -0.0553
vn 0.3106 0.1850 -0.9324
vn 0.4058 0.1520 -0.9013
vn 0.8455 -0.4564 -0.2772
vn 0.3167 -0.9152 -0.2493
vn 0.4038 -0.1851 -0.8959
vn 0.3275 -0.1518 -0.9326
vn -0.0890 0.7981 0.5960
vn -0.0448 0.9989 0.0149
vn -0.0000 1.0000 0.0001
vn -0.0498 0.8614 0.5055
vn 0.8424 -0.3463 0.4129
vn -0.0056 0.8273 0.5618
vn 0.3138 0.1889 -0.9305
vn 0.8770 -0.2464 -0.4125
vn 0.8376 -0.2667 -0.4768
vn -0.9370 -0.1034 0.3338
vn 0.5427 -0.2361 -0.8061
vn 0.6165 -0.3130 -0.7224
vn 0.4939 -0.2164 -0.8422
vn -0.0000 -1.0000 -0.0004
vn -0.0508 0.9687 -0.2430
vn -0.0245 -0.2971 0.9545
vn 0.0145 -0.1137 -0.9934
vn -0.0284 -0.8659 0.4993
vn -0.0235 0.3383 0.9408
vn -0.0043 -0.6701 0.7423
vn 0.0735 -0.7361 0.6729
vn -0.1319 -0.2491 -0.9595
vn 0.0916 0.8893 0.4481
vn 0.9217 0.1257 -0.3671
vn 0.9386 -0.0260 -0.3441
vn 0.9432 0.0522 -0.3281
vn 0.0008 1.0000 -0.0031
vn 0.9487 0.0072 -0.3160
vn 0.9439 0.0017 -0.3303
vn 0.9354 -0.0089 -0.3534
vn -0.7017 0.0946 0.7062
vn 0.0040 0.5793 0.8151
vn 0.0100 -0.0045 0.9999
vn -0.7700 0.1842 0.6109
vn -0.0042 -0.3845 0.9231
vn 1.0000 0.0004 -0.0002
vn 0.3936 -0.9156 -0.0817
vn 0.1410 -0.8999 -0.4127
vn 0.0917 -0.1266 -0.9877
vn 0.0860 -0.3015 -0.9496
vn 0.0992 -0.0717 -0.9925
vn 0.5199 -0.8065 -0.2815
vn 0.3356 0.6586 -0.6735
vn 0.0707 0.9591 -0.2741
vn -0.4130 0.6038 0.6818
vn -0.5325 -0.4616 0.7095
vn -0.0551 -0.9885 -0.1405
vn 0.9264 0.0383 -0.3746
vn -0.8273 0.5030 0.2501
vn -0.8519 0.3095 0.4224
vn -0.3655 -0.0498 -0.9295
vn 0.2735 0.4695 0.8395
vn 0.0483 -0.9836 -0.1736
vn -0.8196 -0.4485 -0.3564
vn 0.7590 0.5162 0.3968
vn -0.0006 -0.9973 -0.0733
vn -0.9115 0.0069 -0.4113
vn -0.9059 0.0478 -0.4209
vn -0.3445 0.0813 -0.9353
vn 0.1437 0.5428 -0.8275
vn -0.4387 -0.0492 -0.8973
vn 0.9423 0.0733 -0.3265
vn 0.3444 0.0859 -0.9349
vn 0.7854 -0.0099 -0.6189
vn 0.2386 0.1664 -0.9567
vn 0.3412 -0.0368 -0.9393
vn -0.8446 -0.5353 -0.0097
vn 0.6405 -0.7679 -0.0063
vn 0.9638 0.2659 0.0185
vn -0.7807 0.6236 -0.0398
vn 0.9878 0.1523 0.0332
vn -0.5296 -0.8479 -0.0243
vn -0.0114 -0.8617 0.5073
vn -0.0114 0.8617 -0.5073
vn -0.1572 0.0573 0.9859
vn -0.9961 0.0762 0.0434
vn -0.0219 0.0837 -0.9963
vn 0.0210 0.0852 -0.9961
vn -0.0098 0.9991 -0.0406
vn -0.0252 0.0760 -0.9968
vn -0.9997 -0.0005 0.0254
vn -1.0000 0.0051 -0.0044
vn -0.0814 0.1090 0.9907
vn -0.0473 0.0881 -0.9950
vn -0.9981 -0.0587 0.0176
vn -0.9988 0.0484 0.0081
vn -0.0331 0.9989 -0.0344
vn -0.8335 -0.5138 -0.2033
vn -0.5112 -0.6413 0.5722
vn -0.6738 -0.7369 -0.0543
vn -0.7232 -0.5634 0.3995
vn -0.8107 -0.4925 0.3166
vn 0.6271 0.7243 0.2867
vn -0.9600 0.2772 0.0393
vn -0.8319 -0.5137 -0.2099
vn 0.7377 0.5408 0.4042
vn 0.7048 0.4990 0.5043
vn -0.6959 -0.6527 0.2996
vn -0.7040 -0.7031 0.1005
vn -0.5455 -0.0851 0.8337
vn -0.7770 -0.5895 0.2210
vn -0.1607 -0.2761 0.9476
vn -0.1615 -0.2736 0.9482
vn -0.5030 -0.8183 -0.2782
vn -0.0520 -0.3872 0.9205
vn -0.4927 -0.8288 -0.2653
vn 0.5196 0.8204 0.2386
vn -0.9055 -0.3927 -0.1609
vn -0.7144 -0.6962 -0.0710
vn 0.5134 0.8254 0.2349
vn -0.7204 -0.6748 -0.1602
vn -0.4858 -0.6455 0.5893
vn 0.0159 -0.9999 -0.0030
vn -0.9707 -0.2274 0.0781
vn -0.9648 0.2574 0.0537
vn -0.8845 0.4620 0.0650
vn 0.0619 0.1398 0.9882
vn -0.7609 -0.6205 -0.1898
vn 0.0464 0.1573 0.9865
vn -0.6538 -0.7130 -0.2533
vn -0.4122 -0.3298 0.8493
vn -0.5039 -0.8189 -0.2748
vn -0.4791 -0.5926 -0.6475
vn -0.8775 -0.4787 -0.0291
vn -0.8822 -0.1454 -0.4479
vn -0.8851 -0.4014 -0.2354
vn -0.9086 -0.1152 -0.4015
vn -0.6609 0.7458 0.0838
vn -0.6383 0.7632 0.1004
vn -0.9829 -0.1070 0.1497
vn 0.3582 0.9078 0.2180
vn -0.5834 0.8067 -0.0938
vn 0.2656 -0.9293 -0.2565
vn -0.2202 -0.9750 -0.0293
vn -0.5495 -0.7759 -0.3100
vn -0.0151 -0.9863 -0.1646
vn -0.6010 -0.7743 0.1982
vn -0.8494 -0.5041 -0.1560
vn -0.4982 -0.8665 -0.0297
vn -0.8445 0.5279 0.0904
vn -0.0230 -0.0326 0.9992
vn 0.7891 -0.5625 -0.2469
vn -0.4114 0.8517 -0.3245
vn 0.1068 -0.9735 -0.2023
vn -0.3943 -0.4993 0.7715
vn -0.5945 -0.7494 -0.2913
vn -0.3419 -0.6947 -0.6329
vn -0.6262 -0.6290 -0.4606
vn 0.1615 0.9749 -0.1532
vn 0.9456 -0.2149 -0.2443
vn 0.6805 -0.7316 -0.0405
vn 0.6296 -0.7663 0.1281
vn 0.9400 -0.3258 -0.1013
vn 0.3653 -0.8940 -0.2594
vn 0.4547 -0.8732 -0.1751
vn 0.7864 -0.3067 0.5361
vn 0.7903 -0.3796 0.4810
vn -0.5356 -0.4940 0.6849
vn -0.3246 -0.0265 0.9455
vn 0.9531 -0.1166 0.2794
vn -0.0659 0.9702 0.2331
vn 0.4488 -0.7483 0.4885
vn -0.8376 -0.5132 0.1871
vn -0.5324 -0.7553 -0.3822
vn -0.9916 0.1106 0.0672
vn -0.5231 -0.7479 -0.4087
vn 0.7763 -0.4032 0.4845
vn -0.2472 -0.8902 0.3828
vn 0.9734 -0.1352 -0.1850
vn 0.7168 0.6959 -0.0446
vn 0.8081 0.3640 0.4632
vn 0.6671 -0.0299 0.7444
vn 0.4985 0.0252 0.8665
vn 0.7564 0.6387 0.1408
vn 0.9067 0.2231 0.3578
vn -0.7072 -0.6935 0.1376
vn -0.9245 -0.3775 -0.0531
vn -0.7136 -0.6990 -0.0472
vn -0.5225 -0.5171 -0.6779
vn -0.7129 -0.4727 -0.5180
vn 0.5364 -0.8418 -0.0602
vn -0.0990 0.8708 0.4815
vn -0.1167 0.3923 0.9124
vn 0.9076 -0.3508 0.2306
vn -0.2138 0.8864 0.4106
vn -0.0309 0.9293 0.3681
vn 0.0189 0.9236 0.3828
vn 0.8629 0.4953 0.1003
vn 0.9441 -0.2764 -0.1798
vn 0.8229 0.2052 0.5298
vn -0.0065 0.1099 -0.9939
vn 0.0030 0.0992 -0.9951
vn -0.0008 0.0968 -0.9953
vn 0.0005 0.9999 -0.0146
vn -0.0000 0.9999 -0.0155
vn -0.0015 0.0988 -0.9951
vn 0.0042 1.0000 -0.0069
vn 0.0022 1.0000 -0.0047
vn -0.0077 0.9994 -0.0335
vn 0.0029 0.0809 -0.9967
vn 0.0029 1.0000 -0.0029
vn 0.0284 0.0909 0.9955
vn 0.1473 0.0595 0.9873
vn -0.9919 -0.1268 0.0018
vn -0.0091 0.1195 -0.9928
vn 0.0243 0.0327 0.9992
vn -0.6273 -0.5754 0.5249
vn -0.7334 -0.4116 0.5409
vn -0.6397 -0.2609 0.7230
vn -0.8412 -0.2328 0.4881
vn -0.0206 0.9997 0.0140
vn 0.0300 0.1158 0.9928
vn 0.6744 0.6145 0.4093
vn -0.7885 -0.0606 0.6121
vn -0.9959 0.0468 -0.0770
vn -0.7993 -0.1999 0.5668
vn -0.9919 0.0130 -0.1267
vn -0.9892 -0.1237 0.0791
vn -0.8211 -0.3806 0.4254
vn -0.3169 -0.3507 0.8812
vn -0.8069 -0.5634 0.1775
vn -0.8515 -0.5155 -0.0960
vn -0.5358 0.8322 0.1424
vn -0.8111 -0.5474 0.2061
vn -0.6887 -0.6956 -0.2047
vn -0.5322 -0.7356 0.4190
vn -0.5380 -0.3908 0.7469
vn -0.8554 -0.4466 0.2623
vn -0.9569 -0.2429 -0.1594
vn -0.8550 -0.1813 0.4859
vn -0.9601 -0.0927 -0.2638
vn -0.5704 0.8118 0.1251
vn 0.2150 -0.1657 0.9625
vn -0.7689 -0.2837 0.5729
vn -0.2516 0.2538 0.9339
vn -0.0614 0.0956 0.9935
vn 0.0006 1.0000 -0.0025
vn -0.1176 -0.2065 0.9713
vn -0.8262 -0.5634 0.0021
vn -0.8687 -0.4948 -0.0225
vn -0.7167 -0.4523 0.5308
vn -0.6293 -0.6895 0.3584
vn -0.2818 -0.9237 -0.2594
vn -0.1662 -0.0909 0.9819
vn 0.3884 -0.0245 0.9212
vn -0.0535 -0.4667 0.8828
vn -0.4781 -0.6301 0.6118
vn -0.6321 -0.0163 0.7747
vn -0.2993 -0.6678 0.6815
vn -0.5806 -0.0871 0.8095
vn -0.2306 -0.4307 0.8725
vn 0.3697 0.0529 0.9276
vn 0.5184 -0.0739 0.8519
vn 0.0593 0.9981 0.0178
vn 0.0027 1.0000 0.0012
vn -0.9834 0.1678 -0.0685
vn -0.4499 -0.2632 0.8534
vn -0.8970 0.4225 0.1300
vn -0.8202 0.5721 -0.0018
vn -0.7085 0.6781 0.1957
vn 0.1854 0.1992 0.9623
vn -0.3029 -0.1728 0.9372
vn -0.0394 -0.0743 0.9965
vn -0.0878 -0.3235 0.9421
vn 0.2010 -0.2722 0.9410
vn -0.3398 0.0848 0.9367
vn -0.0409 0.9992 -0.0031
vn 0.0418 0.9991 -0.0042
vn 0.3955 0.9120 -0.1093
vn 0.0950 -0.2280 0.9690
vn -0.0066 0.9999 -0.0137
vn -0.1021 0.9857 0.1344
vn 0.5859 -0.3661 0.7229
vn 0.0011 1.0000 -0.0077
vn 0.5121 0.0085 0.8589
vn 0.4657 0.8836 -0.0491
vn 0.0703 0.9945 0.0782
vn 0.6719 -0.7392 0.0463
vn 0.8933 0.0999 0.4383
vn 0.8552 -0.5070 0.1080
vn 0.5837 -0.7274 0.3609
vn 0.3305 0.5581 0.7611
vn 0.8721 0.4888 0.0212
vn 0.7231 0.6906 -0.0169
vn 0.6003 0.7928 0.1054
vn 0.8393 0.4007 0.3675
vn 0.8455 0.1229 0.5197
vn 0.9730 0.1814 0.1430
vn 0.9370 0.0909 0.3372
vn 0.9061 -0.1302 0.4025
vn 0.0008 0.9999 -0.0125
vn 0.2291 0.9704 0.0767
vn 0.6151 -0.6593 0.4324
vn 0.9672 0.0312 0.2520
vn 0.9640 -0.0169 0.2655
vn 0.9081 0.3386 0.2464
vn 0.8074 0.3012 0.5074
vn 0.9775 0.2024 0.0588
vn 0.9608 0.1931 0.1989
vn 0.9981 -0.0616 0.0038
vn 0.9819 -0.1719 -0.0793
vn 0.9685 0.2485 -0.0149
vn 0.8480 0.4218 0.3207
vn 0.5780 0.7754 0.2543
vn 0.9190 0.1747 0.3533
vn 0.9564 0.2641 0.1250
vn 0.5179 -0.2642 -0.8136
vn 0.9824 0.1282 -0.1356
vn 0.9971 -0.0746 -0.0112
vn 0.9641 0.2441 0.1045
vn 0.9481 0.2634 0.1784
vn 0.8699 0.1447 -0.4715
vn 0.0593 0.9982 -0.0135
vn -0.3101 0.9505 0.0214
vn 0.8788 0.4766 0.0254
vn 0.9585 -0.0877 -0.2714
vn 0.9620 0.0300 -0.2715
vn 0.8447 0.5348 -0.0220
vn 0.4872 0.1115 0.8661
vn -0.5166 0.0309 0.8557
vn -0.9869 0.1607 0.0170
vn -0.7478 -0.2720 -0.6057
vn -0.9891 -0.1474 0.0052
vn 0.8085 0.4598 0.3674
vn 0.5437 0.7224 0.4272
vn -0.9834 -0.1747 0.0492
vn -0.9583 -0.2330 -0.1656
vn -0.9554 -0.1893 0.2264
vn -0.9026 -0.1494 0.4037
vn 0.3091 0.9505 -0.0327
vn -0.4218 0.9066 0.0115
vn 0.9152 0.3141 0.2524
vn -0.2067 0.9748 0.0845
vn 0.9935 0.0288 -0.1099
vn -0.9624 -0.2685 0.0419
vn 0.7440 0.6431 0.1811
vn -0.8779 -0.1385 0.4583
vn -0.9206 -0.2865 0.2655
vn -0.8659 -0.1596 0.4741
vn 0.9091 0.3279 0.2569
vn -0.9044 -0.4235 0.0523
vn -0.8813 -0.4418 0.1674
vn 0.6427 -0.7661 0.0036
vn -0.7686 -0.1095 0.6303
vn -0.9756 -0.2048 0.0787
vn -0.6166 -0.6469 -0.4487
vn -0.5291 -0.8479 -0.0330
vn -0.4185 -0.9043 0.0839
vn -0.3514 -0.9204 0.1714
vn 0.0351 -0.9312 -0.3627
vn 0.0356 -0.9966 0.0743
vn 0.1930 -0.9810 0.0180
vn 0.6132 -0.7140 -0.3379
vn -0.1543 -0.7242 0.6721
vn 0.6391 -0.7174 -0.2773
vn 0.5416 0.7439 0.3915
vn 0.9914 0.0136 0.1298
vn -0.2798 0.7905 0.5448
vn -0.7782 -0.6278 -0.0157
vn -0.8901 -0.2408 0.3871
vn -0.2131 -0.8728 0.4391
vn -0.4429 -0.8730 -0.2045
vn -0.6354 0.6865 0.3535
vn -0.5764 0.7753 0.2583
vn 0.0895 0.8683 0.4880
vn -0.0549 -0.9968 0.0589
vn -0.0128 -0.8646 -0.5024
vn 0.2454 -0.9106 -0.3325
vn -0.4984 -0.8428 -0.2033
vn 0.0420 -0.9633 -0.2652
vn 0.1237 -0.9121 -0.3909
vn 0.2317 -0.9586 -0.1653
vn -0.0169 -0.9959 -0.0892
vn 0.2983 0.8870 0.3526
vn 0.6297 -0.6427 -0.4364
vn 0.2783 -0.9295 -0.2419
vn 0.6845 -0.6725 -0.2813
vn -0.4638 -0.8709 -0.1625
vn -0.0195 0.0856 -0.9961
vn 0.0028 0.1374 -0.9905
vn 0.7854 0.6190 0.0044
vn 0.7391 -0.6729 0.0307
vn 0.4909 0.8711 -0.0097
vn 0.0281 0.1186 -0.9925
vn -0.0028 0.0891 -0.9960
vn -0.0583 -0.8444 -0.5326
vn -0.2201 -0.8368 -0.5014
vn 0.0039 -0.4391 -0.8984
vn 0.0207 -0.8426 -0.5382
vn -0.2167 -0.8403 -0.4969
vn -0.7397 -0.6653 -0.1009
vn -0.5265 -0.7656 0.3698
vn -0.0980 -0.4374 0.8939
vn -0.9541 -0.2410 0.1779
vn -0.8758 -0.4716 0.1031
vn 0.8670 0.4047 0.2906
vn -0.9778 0.0123 0.2093
vn -0.9118 -0.3993 0.0956
vn -0.8308 -0.5513 0.0758
vn -0.2443 -0.9680 -0.0578
vn -0.4382 -0.8945 -0.0880
vn -0.1754 -0.8679 -0.4648
vn 0.2673 0.9031 0.3362
vn -0.8368 -0.5277 0.1460
vn -0.4796 -0.5776 -0.6606
vn 0.6861 0.5313 0.4970
vn 0.9038 -0.4278 -0.0091
vn 0.4860 -0.8740 0.0053
vn -0.3650 -0.9285 -0.0690
vn 0.4052 -0.8996 -0.1632
vn -0.4230 -0.7478 -0.5117
vn -0.0644 -0.6512 0.7562
vn -0.4334 -0.6820 -0.5891
vn 0.3950 0.8870 0.2391
vn -0.7932 -0.5999 0.1051
vn 0.5061 0.4315 0.7468
vn 0.5328 0.6292 0.5659
vn 0.4310 0.4013 0.8082
vn 0.5106 0.8594 0.0251
vn 0.1478 -0.9889 0.0142
vn -0.1301 -0.9114 0.3904
vn -0.8332 0.5529 0.0067
vn 0.5936 -0.7399 -0.3165
vn 0.6464 0.7021 0.2986
vn 0.3019 -0.9514 0.0604
vn -0.8937 -0.4409 -0.0827
vn -0.1742 -0.9803 0.0927
vn -0.6380 -0.5542 -0.5346
vn -0.9901 -0.1316 -0.0478
vn -0.4082 0.6480 0.6431
vn 0.8583 -0.4375 -0.2682
vn -0.8544 0.4124 -0.3161
vn 0.8754 -0.0267 0.4827
vn -0.6615 -0.6999 0.2694
vn 0.9949 0.0212 -0.0990
vn 0.6640 0.6241 0.4119
vn -0.8332 -0.5297 0.1586
vn -0.4329 0.9014 -0.0022
vn 0.0170 -0.0261 0.9995
vn -0.3822 -0.7284 -0.5687
vn -0.4504 -0.8805 0.1478
vn -0.2314 -0.9518 -0.2012
vn 0.0220 0.7600 0.6496
vn 0.5357 0.3281 0.7781
vn -0.1933 0.9652 0.1764
vn -0.3477 0.9269 0.1410
vn 0.9859 -0.1286 -0.1073
vn 0.9918 -0.1118 -0.0619
vn 0.9828 -0.1753 -0.0573
vn 0.9022 0.0810 -0.4236
vn -0.9770 0.2133 0.0005
vn -0.9964 -0.0851 -0.0043
vn -0.8654 0.5007 -0.0193
vn -0.0396 -0.0016 0.9992
vn -0.9607 -0.2772 0.0129
vn -0.8837 -0.4681 -0.0061
vn -0.2784 -0.7321 -0.6217
vn 0.4427 0.7124 0.5445
vn 0.3713 0.6119 0.6983
vn 0.3440 0.8200 0.4574
vn 0.1903 0.9389 0.2868
vn -0.4326 -0.8633 0.2597
vn 0.6388 0.7079 0.3013
vn -0.4491 -0.8836 0.1325
vn -0.9850 0.1726 0.0068
vn 0.0625 -0.8683 -0.4920
vn -0.1135 -0.8565 -0.5035
vn 0.8569 0.4906 0.1584
vn -0.9483 0.2872 0.1351
vn 0.6140 0.7886 0.0325
vn -0.1676 0.5326 -0.8296
vn 0.8599 0.4828 0.1658
vn -0.9626 0.2680 0.0403
vn 0.6414 -0.7130 -0.2832
vn -0.4077 0.8249 0.3916
vn 0.4876 0.8281 0.2767
vn 0.8398 0.4743 0.2643
vn 0.8515 0.5106 0.1191
vn -0.1283 -0.9051 -0.4054
vn 0.0494 0.7932 0.6070
vn -0.9701 -0.0527 -0.2371
vn 0.0850 0.6905 0.7183
vn -0.3023 -0.9485 0.0949
vn -0.2923 -0.6405 0.7102
vn -0.2085 -0.8879 0.4101
vn -0.0608 0.7945 0.6043
vn -0.0534 -0.6206 0.7823
vn -0.0977 -0.8185 0.5662
vn -0.0924 -0.5334 0.8408
vn 0.2001 -0.8246 -0.5292
vn 0.6772 0.7107 0.1909
vn 0.3455 -0.7166 0.6059
vn 0.6406 0.6826 0.3518
vn -0.0242 -0.9818 0.1885
vn 0.1085 -0.4325 0.8951
vn -0.0101 0.9998 -0.0162
vn 0.0038 0.0947 -0.9955
vn 0.0086 0.0860 -0.9963
vn -0.0014 1.0000 -0.0084
vn -0.0026 0.1197 -0.9928
vn -0.0377 0.0670 -0.9970
vn 0.0009 0.0954 -0.9954
vn 0.0008 0.1050 -0.9945
vn 0.0030 0.9592 -0.2826
vn -0.0026 0.1235 -0.9923
vn -0.0262 0.8521 -0.5228
vn 0.7559 -0.6533 0.0441
vn 0.3578 -0.9338 -0.0086
vn -0.5535 -0.1769 0.8139
vn -0.6707 -0.2547 0.6966
vn 0.0916 -0.9957 0.0142
vn -0.4989 -0.0653 0.8642
vn -0.5667 -0.0696 0.8210
vn 0.0031 1.0000 0.0036
vn -0.0042 -0.0262 0.9996
vn 0.0588 -0.9983 -0.0014
vn -0.3589 -0.9334 0.0026
vn -0.7004 -0.7138 0.0001
vn -0.0032 1.0000 -0.0026
vn 0.0183 0.9998 0.0016
vn -0.0978 -0.5219 0.8474
vn -0.7700 -0.5224 0.3663
vn -0.2554 -0.9551 -0.1502
vn 0.0497 -0.5792 0.8137
vn -0.8450 -0.4430 0.2995
vn 0.1576 -0.7458 0.6473
vn -0.8367 0.4034 0.3705
vn 0.0436 -0.3168 0.9475
vn 0.4438 0.3558 0.8224
vn 0.7275 -0.4056 0.5533
vn 0.6165 0.5487 0.5646
vn 0.1374 0.0122 0.9904
vn 0.5038 -0.3650 0.7829
vn 0.5741 -0.2583 0.7770
vn -0.1941 -0.0021 0.9810
vn 0.4084 0.4091 0.8160
vn -0.8663 -0.1512 0.4761
vn -0.8767 0.3424 0.3378
vn -0.4260 0.4915 0.7596
vn -0.6193 0.6498 0.4408
vn -0.4836 -0.3886 0.7843
vn 0.6097 0.4830 0.6285
vn -0.3773 -0.3855 0.8420
vn 0.5264 0.0393 0.8493
vn 0.3142 0.6363 0.7046
vn 0.2493 0.3460 0.9045
vn 0.9006 0.2352 0.3655
vn -0.1222 -0.2234 0.9670
vn -0.0918 -0.9830 -0.1592
vn -0.1405 -0.8782 0.4572
vn -0.1333 -0.4243 0.8957
vn 0.0345 0.0731 0.9967
vn -0.3137 -0.5651 0.7630
vn -0.2873 -0.2852 0.9144
vn -0.3327 -0.2935 0.8962
vn -0.0170 -0.2726 0.9620
vn 0.0603 0.3125 0.9480
vn 0.1098 -0.0905 0.9898
vn 0.0924 -0.1117 0.9894
vn 0.2329 -0.0608 0.9706
vn 0.0771 -0.0064 0.9970
vn 0.0708 -0.0624 0.9955
vn -0.0090 1.0000 -0.0002
vn -0.6756 0.7298 0.1045
vn -0.6428 -0.6605 -0.3880
vn -0.5594 0.7041 0.4374
vn -0.0790 -0.9738 -0.2133
vn -0.1924 0.8737 0.4468
vn -0.4035 -0.7945 -0.4538
vn 0.0192 -0.8810 -0.4727
vn 0.1627 -0.9188 -0.3596
vn -0.3213 -0.9435 0.0814
vn -0.4885 -0.6680 -0.5614
vn 0.1026 0.9047 0.4135
vn 0.8266 -0.5612 0.0419
vn 0.1083 -0.8596 -0.4994
vn 0.2408 -0.6714 0.7009
vn 0.8684 -0.4693 -0.1603
vn 0.1662 -0.8355 -0.5238
vn 0.2580 -0.5404 0.8009
vn -0.6318 -0.6643 -0.3994
vn -0.6669 0.7132 0.2159
vn -0.0898 -0.9959 0.0094
vn 0.1755 -0.8280 -0.5326
vn -0.5896 -0.7281 -0.3496
vn -0.2797 -0.9575 -0.0708
vn -0.0934 -0.7821 0.6162
vn 0.0091 -0.4415 -0.8972
vn 0.5257 -0.8505 -0.0179
vn 0.0081 -0.4462 -0.8949
vn 0.0880 -0.8774 -0.4716
vn 0.0040 0.8248 0.5654
vn -0.0002 0.0932 -0.9956
vn 0.0003 0.0930 -0.9957
vn -0.0124 0.1051 -0.9944
vn -0.0255 0.1181 -0.9927
vn 0.6927 -0.7023 -0.1641
vn 0.9686 0.2486 -0.0048
vn -0.0004 0.0880 -0.9961
vn 0.0306 0.0968 -0.9948
vn -0.6424 0.7664 0.0047
vn 0.3227 0.9465 0.0020
vn -0.0167 0.0552 -0.9983
vn -0.0274 0.1339 -0.9906
vn 0.0001 0.0859 -0.9963
vn -0.0117 0.1359 -0.9907
vn 0.5288 -0.7488 -0.3995
vn -0.0695 0.4110 0.9090
vn -0.5424 0.7386 0.4003
vn -0.3589 -0.8841 -0.2992
vn -0.3749 0.8524 0.3644
vn 0.2233 -0.9207 0.3201
vn -0.0974 0.7470 0.6577
vn -0.2493 0.8811 0.4020
vn 0.1147 -0.9082 -0.4025
vn 0.3014 0.8234 0.4809
vn 0.0783 -0.1708 0.9822
vn 0.4251 -0.8975 0.1171
vn 0.4243 -0.6973 0.5777
vn 0.8739 0.4488 0.1866
vn 0.8852 -0.4385 -0.1557
vn 0.9759 0.2067 0.0697
vn -0.5727 0.4630 0.6765
vn -0.6012 -0.0857 0.7945
vn -0.8778 0.4619 0.1272
vn -0.9364 -0.1446 -0.3196
vn 0.6407 0.7517 0.1565
vn 0.2233 0.1120 0.9683
vn 0.0299 -0.0090 0.9995
vn 0.8455 0.4964 0.1965
vn 0.6513 -0.7480 0.1275
vn -0.1106 0.1043 0.9884
vn 0.4266 -0.4597 0.7789
vn -0.3537 0.6321 0.6894
vn 0.6659 -0.7398 0.0964
vn -0.6477 0.4731 0.5972
vn -0.2457 0.7164 0.6530
vn 0.5709 -0.6189 0.5394
vn 0.9992 -0.0382 0.0100
vn 0.0214 0.0104 0.9997
vn -0.5073 -0.5396 0.6719
vn 0.1886 0.9603 0.2054
vn -0.2206 -0.3530 0.9093
vn 0.8622 0.5066 -0.0030
vn -0.4851 0.5411 0.6870
vn 0.9251 -0.3783 0.0323
vn 0.9616 0.2741 -0.0162
vn 0.0083 -0.0036 1.0000
vn 0.4044 -0.6934 -0.5964
vn 0.4362 -0.7625 0.4778
vn -0.5764 0.5014 0.6453
vn -0.2315 0.6778 0.6978
vn 0.5078 0.1209 0.8530
vn 0.2613 -0.1493 0.9536
vn -0.9661 -0.1694 -0.1948
vn -0.9936 0.0966 -0.0586
vn -0.9221 0.1741 0.3457
vn -0.5892 0.6751 0.4439
vn 0.6383 -0.7651 0.0848
vn 0.7877 -0.5873 0.1863
vn 0.9142 0.4051 0.0137
vn 0.9999 0.0056 -0.0134
vn 0.8886 -0.4586 0.0093
vn 0.9997 0.0078 -0.0248
vn 0.8889 -0.4572 0.0276
vn 0.0372 0.0299 0.9989
vn 0.8900 -0.4552 0.0282
vn 0.8041 -0.5938 -0.0292
vn 0.8930 -0.4341 -0.1184
vn 0.9949 -0.0934 0.0368
vn 0.7699 -0.6382 0.0004
vn 0.8763 -0.3931 -0.2785
vn 0.1022 -0.9946 0.0195
vn 0.6973 0.2859 0.6573
vn 0.8049 0.5901 -0.0619
vn -0.9280 0.1632 0.3350
vn -0.0149 -0.5906 -0.8068
vn 0.1054 -0.5084 0.8547
vn -0.8856 0.2617 0.3837
vn -0.8743 0.4587 0.1586
vn -0.7445 0.5234 0.4145
vn 0.7899 -0.5836 0.1883
vn -0.0332 0.0559 0.9979
vn 0.1012 0.9947 0.0188
vn 0.3096 -0.9509 -0.0020
vn 0.1547 -0.9070 0.3918
vn 0.2528 -0.7364 -0.6276
vn -0.6102 0.6308 0.4792
vn -0.5159 0.7983 0.3108
vn -0.6666 0.6660 0.3348
vn -0.2985 0.3671 0.8810
vn 0.3376 -0.9132 -0.2281
vn 0.3580 -0.5943 0.7202
vn -0.4315 0.8028 0.4116
vn 0.9008 -0.4199 0.1104
vn 0.0140 -0.1895 0.9818
vn 0.1256 -0.0245 0.9918
vn 0.0348 0.0230 0.9991
vn 0.3664 -0.9029 -0.2246
vn 0.5362 -0.8350 -0.1235
vn -0.3877 0.8929 0.2291
vn -0.5468 0.6086 0.5750
vn 0.4531 -0.7653 -0.4572
vn 0.6392 -0.7621 0.1029
vn 0.0737 -0.4053 0.9112
vn 0.0933 -0.4673 0.8791
vn 0.6228 0.1944 0.7579
vn -0.2398 0.9087 0.3418
vn -0.7557 0.4109 0.5100
vn 0.8581 -0.4519 -0.2439
vn -0.7037 0.5560 0.4424
vn 0.0153 0.1077 -0.9941
vn -0.0026 0.9294 -0.3692
vn 0.0017 0.8874 -0.4610
vn -0.0050 0.0955 -0.9954
vn -0.0079 0.8785 -0.4777
vn -0.0005 0.0968 -0.9953
vn -0.0046 0.9248 -0.3803
vn 0.0016 0.9454 -0.3260
vn -0.0015 0.9942 -0.1074
vn 0.7938 -0.6081 0.0092
vn -0.0177 0.9998 0.0036
vn -0.0045 1.0000 0.0022
vn 0.0046 1.0000 -0.0018
vn 0.5585 -0.8294 0.0133
vn 0.6778 -0.7340 -0.0433
vn -0.0030 1.0000 0.0027
vn -0.6523 -0.7577 0.0195
vn 0.0022 -0.0191 0.9998
vn -0.0852 -0.1302 0.9878
vn -0.0072 -0.0205 0.9998
vn -0.6745 0.0726 0.7347
vn 0.0026 1.0000 -0.0020
vn -0.0019 1.0000 0.0034
vn -0.6083 -0.7930 0.0321
vn -0.1123 -0.1006 0.9886
vn 0.0020 1.0000 -0.0010
vn 0.0062 1.0000 -0.0039
vn 0.6606 -0.2658 0.7021
vn 0.6249 -0.1108 0.7728
vn 0.8852 -0.4259 0.1872
vn 0.6976 -0.1278 0.7050
vn 0.4890 -0.7874 -0.3753
vn 0.0002 0.0977 -0.9952
vn 0.0256 0.0681 -0.9974
vn 0.6027 -0.7848 0.1440
vn 0.9516 -0.2605 0.1630
vn 0.9269 -0.3579 0.1130
vn 0.0726 -0.3523 0.9331
vn 0.6424 0.2454 0.7260
vn -0.7054 0.3173 0.6339
vn -0.1486 0.7152 0.6830
vn 0.2568 -0.8863 0.3854
vn 0.1845 0.5087 0.8410
vn -0.3523 -0.2161 0.9106
vn -0.9174 -0.3971 -0.0280
vn -0.9715 -0.2045 -0.1202
vn -0.9607 -0.2037 -0.1887
vn -0.9517 -0.2396 -0.1921
vn -0.3745 -0.1139 0.9202
vn -0.9837 0.1610 0.0796
vn -0.7750 0.6185 0.1299
vn -0.9313 -0.0647 0.3584
vn -0.5073 -0.0043 0.8617
vn -0.7945 0.4344 0.4244
vn -0.6849 -0.2186 -0.6951
vn -0.7526 0.4964 0.4327
vn 0.9978 0.0369 0.0546
vn 0.9101 -0.3659 -0.1946
vn -0.0200 -0.3837 0.9232
vn 0.9297 -0.3019 -0.2110
vn 0.4788 0.0618 0.8758
vn 0.8146 -0.4229 0.3968
vn 0.8489 -0.4497 -0.2778
vn -0.7043 0.7084 -0.0464
vn -0.9671 -0.0146 0.2541
vn -0.6906 0.7218 0.0456
vn -0.1180 0.4455 0.8875
vn 0.7237 -0.6898 0.0212
vn -0.3397 -0.9400 -0.0324
vn 0.4760 -0.8791 -0.0239
vn -0.0099 -0.2944 0.9556
vn 0.1712 -0.7378 -0.6529
vn 0.4604 -0.4622 0.7579
vn -0.0250 -0.1086 0.9938
vn -0.1738 0.9652 -0.1953
vn -0.2884 0.9261 0.2433
vn 0.5407 -0.7311 0.4161
vn 0.0760 -0.9132 -0.4003
vn -0.0906 -0.9493 -0.3009
vn 0.4208 -0.4721 0.7746
vn 0.7133 -0.6963 -0.0797
vn 0.4491 -0.8224 -0.3493
vn -0.1479 0.0194 0.9888
vn 0.4761 0.8731 -0.1050
vn 0.0559 0.9951 0.0817
vn -0.6548 -0.6767 0.3365
vn -0.8101 -0.5862 -0.0026
vn -0.9501 -0.2736 -0.1498
vn 0.2184 -0.6949 -0.6852
vn 0.1635 -0.1141 0.9799
vn 0.6372 -0.7658 0.0874
vn 0.4285 0.8989 -0.0914
vn 0.3753 -0.3135 0.8723
vn 0.6789 0.7248 0.1172
vn 0.9082 0.4182 0.0134
vn 0.8192 -0.5149 0.2525
vn -0.1357 -0.9595 0.2469
vn 0.6406 -0.7531 -0.1501
vn 0.8256 -0.5490 0.1301
vn 0.6362 -0.5468 -0.5442
vn 0.8988 0.4169 -0.1354
vn 0.8879 -0.4575 -0.0478
vn 0.8869 -0.4601 -0.0412
vn 0.7720 0.6341 0.0447
vn 0.8959 -0.4266 -0.1239
vn -0.0455 0.1088 0.9930
vn 0.7449 -0.6232 -0.2381
vn 0.3702 -0.9227 -0.1079
vn 0.8987 -0.4076 0.1620
vn 0.9257 -0.3098 0.2171
vn 0.9808 -0.0301 0.1927
vn 0.5142 -0.8040 -0.2988
vn 0.9118 0.4079 0.0479
vn 0.9465 0.3140 0.0751
vn 0.6122 -0.7889 0.0538
vn 0.5391 -0.4513 0.7111
vn -0.0643 0.0963 0.9933
vn 0.2767 -0.9347 -0.2232
vn 0.3319 -0.9089 -0.2527
vn 0.0135 -0.3119 0.9500
vn 0.7708 -0.6187 -0.1520
vn -0.2088 0.2556 0.9440
vn -0.5056 0.8237 0.2568
vn 0.5081 -0.8074 -0.2998
vn 0.8864 -0.4613 0.0374
vn 0.8573 -0.5108 0.0639
vn 0.8937 -0.2202 0.3910
vn 0.8826 -0.4656 0.0650
vn 0.8721 -0.4824 0.0817
vn 0.3649 -0.7917 0.4900
vn 0.0593 -0.3847 0.9211
vn -0.5175 0.8243 0.2297
vn -0.5100 0.8308 0.2230
vn -0.6361 0.5695 0.5206
vn 0.5269 -0.7764 -0.3457
vn 0.0933 -0.3377 0.9366
vn 0.1912 -0.4101 0.8918
vn 0.7242 -0.5805 -0.3723
vn 0.0029 0.0910 -0.9958
vn -0.0713 0.0598 0.9957
vn 0.0038 0.0666 0.9978
vn -0.9698 0.1879 0.1552
vn 0.0090 0.1032 -0.9946
vn 0.0002 0.0991 -0.9951
vn -0.0002 0.9999 -0.0162
vn -0.0012 0.0924 -0.9957
vn 0.9631 -0.2676 0.0288
vn 0.0074 1.0000 -0.0051
vn 0.7555 -0.1058 0.6465
vn -0.9948 -0.0143 -0.1009
vn 0.9750 -0.2175 -0.0453
vn -0.6540 0.4013 0.6413
vn -0.1529 0.2500 0.9561
vn -0.1239 0.2241 0.9667
vn -0.9485 -0.1634 -0.2714
vn -0.5480 0.0677 0.8337
vn -0.2588 0.2184 0.9409
vn -0.9470 -0.1109 -0.3016
vn -0.8834 0.4492 -0.1335
vn -0.3689 0.9231 0.1083
vn -0.8391 0.4494 0.3066
vn 0.9497 -0.3095 0.0473
vn 0.9585 -0.2828 0.0367
vn 0.8631 -0.3037 -0.4035
vn 0.8029 -0.4078 0.4349
vn 0.9856 -0.1675 0.0230
vn -0.7294 0.4362 0.5269
vn 0.3030 0.8935 0.3313
vn 0.0137 0.9998 -0.0107
vn 0.9847 -0.1741 0.0034
vn 0.0228 0.9995 -0.0198
vn -0.9909 -0.0699 -0.1147
vn -0.9202 0.1924 0.3410
vn -0.7723 0.2241 0.5944
vn 0.9930 -0.1178 0.0116
vn 0.9784 -0.1755 0.1094
vn 0.9763 -0.1640 0.1411
vn -0.0956 0.9892 0.1115
vn -0.4785 0.2085 0.8530
vn -0.0747 0.7366 0.6721
vn -0.3148 -0.1844 0.9311
vn -0.8027 -0.5830 -0.1255
vn -0.6820 -0.7094 -0.1778
vn -0.5494 -0.8190 -0.1654
vn -0.9413 0.1492 0.3029
vn -0.3024 0.0488 0.9519
vn -0.7261 0.3348 0.6005
vn -0.9441 0.0240 0.3288
vn -0.9688 0.1922 -0.1568
vn -0.7940 0.6064 -0.0439
vn -0.8827 0.4671 0.0519
vn -0.4334 -0.8829 -0.1807
vn -0.9869 -0.0870 0.1356
vn 0.0537 0.9958 0.0745
vn -0.0874 0.9520 0.2933
vn -0.1627 0.0127 0.9866
vn 0.2802 -0.1713 0.9445
vn 0.3920 -0.0758 0.9168
vn -0.6839 0.7292 -0.0227
vn -0.7505 0.0572 0.6584
vn -0.8320 -0.0364 0.5536
vn -0.9576 -0.1223 0.2607
vn -0.6365 0.7712 0.0125
vn -0.8909 0.4440 0.0957
vn -0.9841 0.0892 0.1534
vn -0.3484 -0.9098 -0.2256
vn -0.1267 0.0212 0.9917
vn -0.0033 1.0000 -0.0027
vn -0.9476 0.1955 -0.2527
vn -0.1191 -0.0063 0.9929
vn -0.5259 -0.7881 -0.3199
vn 0.2426 0.9251 0.2922
vn 0.6356 0.7146 0.2920
vn -0.4533 -0.3307 0.8278
vn -0.0024 1.0000 -0.0008
vn -0.4792 0.8664 0.1406
vn 0.5908 -0.1378 0.7949
vn 0.0108 0.0704 0.9975
vn 0.6911 0.7196 0.0683
vn 0.1231 -0.9488 -0.2908
vn 0.0828 -0.9894 0.1196
vn -0.0355 -0.9722 0.2313
vn -0.1024 0.1306 0.9861
vn -0.3781 0.9257 -0.0042
vn -0.2161 0.9645 -0.1515
vn 0.9933 0.0093 -0.1151
vn 0.8904 0.4538 0.0348
vn 0.2173 -0.0551 0.9745
vn 0.9484 0.3146 0.0393
vn 0.2199 -0.9575 0.1866
vn 0.0164 -0.9916 -0.1287
vn -0.4602 0.1245 0.8791
vn 0.5690 -0.3640 0.7374
vn -0.4608 -0.0737 0.8844
vn -0.0214 -0.5172 0.8556
vn 0.0211 0.8999 0.4357
vn 0.3239 -0.7662 0.5549
vn 0.7795 -0.4921 0.3876
vn 0.1810 -0.5606 0.8081
vn 0.0238 -0.9736 -0.2271
vn 0.1428 -0.1720 0.9747
vn 0.7287 -0.6774 0.1012
vn 0.8467 -0.5211 0.1073
vn -0.0319 0.0721 0.9969
vn 0.8404 -0.5316 0.1057
vn 0.3219 -0.1493 0.9349
vn 0.5773 -0.7577 -0.3045
vn 0.3356 0.9193 0.2055
vn 0.2738 0.9614 0.0291
vn -0.0883 -0.3383 0.9369
vn 0.1339 -0.0781 0.9879
vn 0.6097 -0.7863 0.1004
vn 0.6841 -0.6922 -0.2299
vn 0.9916 0.0086 -0.1290
vn 0.8782 -0.1075 0.4661
vn 0.7783 -0.3219 0.5391
vn 0.1451 0.0721 0.9868
vn 0.4939 0.8597 0.1305
vn 0.7134 -0.6797 0.1706
vn -0.7292 0.5675 0.3823
vn 0.8301 -0.5499 0.0924
vn -0.0394 0.0838 0.9957
vn 0.8038 -0.5562 0.2110
vn 0.7989 -0.5660 0.2037
vn 0.8805 -0.4064 0.2438
vn 0.7163 -0.3562 0.6000
vn 0.7022 -0.2619 0.6620
vn 0.8485 -0.2705 0.4549
vn 0.9829 0.0470 -0.1778
vn 0.7058 -0.2673 0.6561
vn 0.9384 0.3370 -0.0762
vn 0.9264 0.3764 0.0083
vn 0.4083 -0.3160 0.8564
vn 0.9419 0.3235 0.0907
vn 0.0009 1.0000 -0.0013
vn -0.0256 0.0578 0.9980
vn 0.8392 -0.5390 0.0718
vn 0.7493 -0.4200 0.5121
vn 0.6592 -0.0179 0.7518
vn 0.2698 -0.3350 0.9028
vn 0.8117 -0.5818 0.0509
vn 0.7561 -0.6475 -0.0956
vn -0.0140 0.9993 -0.0349
vn 0.0186 0.0847 -0.9962
vn 0.0035 0.9999 -0.0135
vn -0.0209 0.1112 -0.9936
vn 0.8388 -0.4251 -0.3401
vn 0.0266 0.9993 0.0263
vn 0.9995 0.0240 -0.0214
vn 0.0041 0.0845 -0.9964
vn 0.1400 0.0380 0.9894
vn 0.8342 -0.5096 -0.2110
vn 0.2702 -0.3291 0.9048
vn -0.7310 0.5652 0.3823
vn -0.7023 0.5109 0.4957
vn -0.0350 0.1383 0.9898
vn 0.5031 -0.6341 0.5872
vn -0.0151 0.9988 0.0458
vn 0.8219 -0.5308 -0.2064
vn 0.0015 0.0533 0.9986
vn 0.0323 0.0903 0.9954
vn -0.6843 0.5454 0.4841
vn 0.4809 -0.6342 0.6055
vn -0.5297 0.6896 0.4938
vn 0.9999 0.0042 -0.0103
vn 0.6957 -0.6522 0.3010
vn 0.9963 -0.0222 0.0827
vn 0.7787 -0.5239 0.3452
vn 0.0033 1.0000 -0.0043
vn 0.9999 0.0071 0.0090
vn 1.0000 0.0008 0.0017
vn 1.0000 0.0031 0.0010
vn 0.4651 0.7061 0.5340
vn 0.2047 0.0578 0.9771
vn 0.9994 -0.0251 0.0240
vn 0.9999 -0.0042 0.0112
vn 0.6620 0.7495 0.0006
vn -0.3873 0.3853 0.8376
vn 0.0058 0.3323 0.9432
vn 0.0284 0.6861 0.7270
vn -0.3062 0.5588 0.7707
vn 0.0121 -0.1725 0.9849
vn 0.0556 -0.1887 0.9805
vn 0.0724 -0.4256 0.9020
vn -0.5444 0.5216 0.6570
vn 0.0383 -0.3497 0.9361
vn 0.0758 0.0365 0.9965
vn 0.4502 -0.6326 0.6302
vn 0.6992 -0.2505 0.6696
vn -0.1791 -0.0445 0.9828
vn -0.1249 -0.0849 0.9885
vn 0.0561 -0.1479 0.9874
vn -0.0662 -0.0716 0.9952
vn -0.1539 0.0014 0.9881
vn -1.0000 -0.0065 -0.0042
vn 0.2374 -0.8375 0.4923
vn -0.7248 0.0523 0.6869
vn -0.0115 -0.5782 0.8158
vn -0.4953 -0.2391 0.8352
vn -0.8520 -0.2489 0.4606
vn 0.0458 0.0527 0.9976
vn -0.6176 0.2759 0.7366
vn 0.0083 -0.4563 0.8898
vn 0.0661 -0.3571 0.9317
vn -0.2275 -0.2571 0.9392
vn -0.3410 0.3758 0.8617
vn -0.3795 -0.7311 0.5670
vn -0.6058 -0.2705 0.7482
vn -0.1131 -0.8978 0.4256
vn 0.9475 0.0294 0.3185
vn 0.8002 0.4344 0.4134
vn 0.0600 -0.8727 0.4845
vn 0.2836 -0.9106 0.3007
vn 0.0965 0.3923 0.9148
vn 0.8026 -0.5071 0.3142
vn -0.2690 -0.3202 0.9084
vn -0.0744 -0.0602 0.9954
vn -0.2905 0.5442 0.7871
vn 0.2250 0.1974 0.9541
vn 0.1644 -0.3921 0.9051
vn 0.2634 0.3068 0.9146
vn 0.2128 -0.1558 0.9646
vn 0.6722 -0.1605 0.7227
vn 0.7940 -0.0378 0.6067
vn 0.0012 0.9999 -0.0136
vn -0.8900 -0.0116 -0.4558
vn -0.7826 0.0719 -0.6184
vn 0.4959 -0.0226 -0.8681
vn 0.5077 -0.0498 -0.8601
vn -0.6853 -0.5169 -0.5129
vn -0.5324 -0.8397 -0.1069
vn -0.7345 -0.5366 -0.4155
vn -0.8396 -0.3247 -0.4354
vn -0.5361 -0.1080 -0.8372
vn -0.8632 -0.0879 -0.4972
vn -0.5683 -0.0884 -0.8180
vn -0.8845 -0.1311 -0.4478
vn -0.8132 -0.3282 -0.4807
vn -0.6878 -0.1715 -0.7053
vn -0.9544 -0.0966 -0.2825
vn -0.9329 -0.2104 -0.2922
vn -0.4170 0.0945 -0.9040
vn -0.6685 0.1489 -0.7287
vn -0.4935 0.1267 -0.8604
vn -0.4332 0.1087 -0.8947
vn -0.4400 0.0828 -0.8942
vn -0.4567 0.1382 -0.8788
vn -0.7410 -0.0479 -0.6697
vn -0.6578 0.0280 -0.7527
vn -0.5968 -0.1016 -0.7959
vn -0.7031 -0.0625 -0.7084
vn -0.6193 -0.7663 -0.1712
vn -0.8208 -0.1477 -0.5518
vn -0.8193 -0.1442 -0.5549
vn -0.5586 0.0762 -0.8259
vn -0.5382 0.0391 -0.8419
vn -0.8094 -0.1944 -0.5541
vn -0.6685 0.1269 -0.7328
vn -0.6484 0.0428 -0.7601
vn -0.7602 -0.2247 -0.6097
vn -0.7286 -0.2344 -0.6436
vn -0.7723 -0.3263 -0.5451
vn -0.7066 -0.0935 -0.7014
vn -0.1500 0.0987 0.9837
vn -0.7906 -0.4279 -0.4381
vn -0.0560 -0.9579 -0.2817
vn -0.5715 0.1004 -0.8144
vn 0.0113 -0.1093 -0.9939
vn 0.7412 0.0456 0.6697
vn 0.8054 0.3753 0.4588
vn -0.2396 -0.5615 0.7920
vn 0.8267 0.0445 0.5609
vn 0.6535 0.0451 0.7556
vn 0.7823 0.1540 0.6036
vn 0.6107 -0.0225 0.7916
vn 0.7306 0.1353 0.6693
vn 0.7675 0.1029 0.6327
vn 0.8076 0.3004 0.5075
vn 0.6410 0.0975 0.7613
vn 0.5274 0.1567 0.8350
vn 0.5378 0.4280 0.7263
vn 0.3746 0.2679 0.8876
vn 0.7132 0.2216 0.6650
vn 0.6603 -0.0432 0.7497
vn 0.5996 -0.0143 0.8002
vn -0.1253 -0.5667 0.8143
vn 0.4846 -0.0332 0.8741
vn 0.3298 0.3575 0.8738
vn 0.5543 0.0036 0.8323
vn 0.4942 0.3789 0.7824
vn 0.5418 0.6480 0.5353
vn 0.7991 0.5876 -0.1274
vn 0.7161 0.0951 0.6915
vn 0.8004 0.5380 -0.2645
vn 0.8160 0.5704 -0.0941
vn 0.8562 0.5162 -0.0218
vn 0.6242 0.7673 0.1472
vn 0.8021 0.5928 0.0720
vn 0.0352 0.9623 0.2698
vn 0.0437 0.9654 0.2573
vn 0.7801 0.5782 -0.2391
vn 0.8356 0.5300 -0.1447
vn 0.7887 0.3484 0.5065
vn 0.5076 0.8468 0.1588
vn 0.4445 0.8673 0.2239
vn 0.0282 0.9996 -0.0079
vn 0.7081 0.5326 0.4636
vn 0.8137 0.5803 0.0343
vn 0.6911 0.7144 -0.1096
vn -0.0008 1.0000 -0.0010
vn 0.7095 0.5117 0.4846
vn 0.7406 0.3463 0.5759
vn 0.6820 0.4216 0.5976
vn 0.7594 0.6046 0.2403
vn 0.0539 0.9273 0.3705
vn -0.0163 0.9367 0.3497
vn 0.6906 0.6376 -0.3413
vn 0.6210 0.5982 -0.5064
vn 0.4636 0.6414 -0.6113
vn -0.0011 0.6396 0.7687
vn 0.2239 0.9734 0.0498
vn 0.4561 0.7237 -0.5179
vn -0.3046 -0.4489 0.8401
vn 0.5729 0.8123 -0.1093
vn 0.5777 0.7600 0.2976
vn 0.1069 0.6498 0.7525
vn 0.0425 0.9143 0.4027
vn 0.2589 0.8381 0.4802
vn 0.0080 0.8692 0.4945
vn 0.1718 0.7173 0.6753
vn 0.2551 0.8442 0.4715
vn -0.1545 0.7669 0.6229
vn 0.2542 0.7116 0.6550
vn 0.1685 0.7513 0.6381
vn 0.2289 0.8141 0.5337
vn 0.0635 0.7999 0.5967
vn 0.4246 0.4586 0.7807
vn 0.6933 0.1980 0.6929
vn -0.1715 -0.0454 0.9841
vn -0.3659 0.4457 0.8170
vn -0.7927 0.3376 0.5076
vn -0.8414 0.4633 0.2783
vn -0.4785 0.7323 0.4845
vn -0.6048 -0.7959 -0.0266
vn -0.0195 0.9974 -0.0695
vn -0.3254 -0.5600 0.7619
vn -0.7941 -0.4471 -0.4117
vn -0.8436 -0.4845 -0.2316
vn 0.0102 -0.0000 0.9999
vn -0.3151 -0.1768 -0.9324
vn 0.0597 0.8201 0.5691
vn -0.0195 0.7148 0.6991
vn -0.1115 -0.9936 -0.0173
vn 0.0629 0.7946 0.6039
vn -0.0006 0.9980 -0.0635
vn -0.8922 -0.1468 0.4271
vn -0.0285 -0.9863 0.1628
vn 0.5972 0.7960 -0.0986
vn -0.8708 -0.2599 -0.4174
vn 0.9690 -0.0717 0.2363
vn -0.6772 -0.3113 -0.6668
vn -0.5576 -0.2769 -0.7826
vn -0.2826 -0.9550 0.0905
vn -0.8546 -0.4293 -0.2920
vn 0.0233 0.3376 0.9410
vn -0.0888 0.9795 0.1810
vn -0.0884 0.2821 -0.9553
vn -0.9488 0.0047 -0.3160
vn -0.0030 -0.0010 1.0000
vn 0.8004 0.1845 0.5704
vn 0.7829 0.1481 0.6043
vn -1.0000 0.0002 0.0002
vn -1.0000 0.0002 -0.0001
vn -0.0890 -0.1260 -0.9880
vn -0.1183 -0.8426 -0.5253
vn -0.0755 -0.8028 -0.5915
vn -0.5104 -0.7274 -0.4587
vn -0.3652 -0.5559 -0.7467
vn -0.0803 -0.6908 -0.7186
vn -0.2471 -0.7285 -0.6389
vn -0.1327 -0.5484 -0.8256
vn -0.1636 -0.1601 -0.9734
vn -0.2814 -0.9246 -0.2566
vn -0.1057 -0.3478 -0.9316
vn -0.2354 -0.8468 -0.4770
vn -0.5189 -0.8093 -0.2751
vn 0.6930 -0.5121 -0.5075
vn -0.5070 -0.7725 -0.3824
vn 0.3299 -0.5693 0.7531
vn 0.5393 -0.8354 -0.1060
vn 0.7055 -0.6497 -0.2831
vn 0.5108 -0.0200 -0.8595
vn 0.6461 -0.6266 -0.4359
vn 0.8203 -0.2497 -0.5146
vn 0.8421 -0.3056 -0.4443
vn 0.9266 -0.1120 -0.3589
vn 0.8259 -0.0509 -0.5615
vn 0.9518 -0.0254 -0.3057
vn 0.8141 -0.3243 -0.4817
vn 0.7476 -0.2251 -0.6248
vn 0.5044 0.0865 -0.8591
vn 0.4788 0.1501 -0.8650
vn 0.7369 -0.0412 -0.6747
vn 0.7448 -0.0585 -0.6647
vn 0.6464 -0.0767 -0.7591
vn 0.6143 -0.1131 -0.7809
vn 0.8250 -0.1406 -0.5474
vn 0.0871 0.0458 -0.9951
vn 0.1722 -0.0689 -0.9826
vn 0.6269 -0.7546 -0.1939
vn 0.8741 -0.1610 -0.4582
vn 0.7025 -0.0542 -0.7096
vn 0.5633 0.0699 -0.8233
vn 0.6484 0.0317 -0.7607
vn 0.7377 -0.2189 -0.6386
vn 0.4371 0.0536 -0.8978
vn 0.7249 0.0855 -0.6835
vn 0.7773 -0.0068 -0.6291
vn 0.7968 -0.2614 -0.5448
vn 0.7837 -0.4043 -0.4715
vn 0.5973 0.0836 -0.7976
vn 0.7864 -0.4501 -0.4230
vn 0.0619 -0.9578 -0.2807
vn -0.7448 0.0436 0.6659
vn 0.1264 0.9229 0.3637
vn -0.5548 -0.1045 0.8254
vn -0.8207 0.0500 0.5692
vn -0.8476 0.0131 0.5304
vn -0.7528 0.1846 0.6319
vn -0.8939 0.3649 0.2604
vn -0.8013 0.3711 0.4693
vn -0.6044 -0.0442 0.7955
vn -0.7437 -0.0068 0.6685
vn -0.7326 0.1809 0.6562
vn -0.7816 0.1271 0.6107
vn -0.5805 0.0334 0.8136
vn -0.5669 -0.0576 0.8218
vn -0.5748 -0.0650 0.8157
vn -0.5955 0.0330 0.8027
vn -0.4926 0.2361 0.8376
vn -0.4734 0.4064 0.7815
vn -0.4932 -0.0741 0.8668
vn -0.4040 0.3627 0.8398
vn 0.2575 -0.5818 0.7715
vn -0.2931 0.1626 0.9421
vn -0.5569 0.6149 0.5583
vn -0.7277 0.3071 0.6133
vn -0.1751 0.9655 0.1929
vn -0.7051 0.1205 0.6988
vn -0.5645 0.3667 0.7395
vn -0.7087 -0.0325 0.7048
vn -0.8521 0.5224 -0.0314
vn -0.7819 0.6051 -0.1502
vn -0.8075 0.5888 0.0342
vn -0.8206 0.5667 0.0740
vn -0.7548 0.6428 0.1307
vn -0.0204 0.9658 0.2583
vn -0.0092 0.9579 0.2871
vn -0.6861 0.4522 0.5699
vn -0.7322 0.5720 -0.3696
vn -0.8579 0.5086 -0.0725
vn -0.5852 0.7938 0.1657
vn -0.6268 0.7787 0.0277
vn -0.3983 0.8968 0.1928
vn -0.6982 0.5091 0.5033
vn -0.7897 0.3978 0.4671
vn -0.6924 0.7139 -0.1046
vn -0.7172 0.4951 0.4904
vn -0.7395 0.3644 0.5660
vn -0.0102 0.6417 0.7669
vn -0.7501 0.6171 0.2377
vn -0.0077 0.9354 0.3534
vn 0.1068 0.7792 0.6176
vn -0.4561 0.7232 -0.5187
vn -0.3978 0.6505 -0.6470
vn 0.2313 -0.4536 0.8607
vn 0.2129 -0.3585 0.9089
vn 0.1913 -0.5428 0.8178
vn -0.3983 0.9156 -0.0548
vn -0.1632 0.9131 0.3737
vn -0.0329 0.9032 0.4279
vn -0.0079 0.6420 0.7667
vn -0.0086 0.8696 0.4938
vn 0.1566 0.7636 0.6264
vn -0.2532 0.7520 0.6086
vn -0.1426 0.7821 0.6067
vn -0.4458 0.4627 0.7663
vn -0.7813 0.1454 0.6069
vn -0.6917 0.1971 0.6948
vn 0.1181 -0.0618 0.9911
vn 0.3659 0.4457 0.8170
vn 0.4785 0.7323 0.4845
vn 0.8422 0.4574 0.2855
vn 0.7933 0.3377 0.5067
vn 0.3288 -0.5615 0.7593
vn -0.0609 0.7739 0.6304
vn -0.0391 0.8245 0.5645
vn -0.0102 -0.0000 0.9999
vn 0.2785 0.1331 -0.9512
vn 0.8056 -0.4109 -0.4269
vn 0.2628 0.1902 -0.9459
vn 0.0685 0.7710 0.6332
vn 0.1261 -0.9920 0.0094
vn -0.0538 0.5840 0.8100
vn -0.0305 0.7823 0.6221
vn -0.5810 0.8079 -0.0986
vn 0.1384 -0.9835 0.1166
vn -0.7051 0.0160 0.7089
vn 0.8710 -0.2593 -0.4172
vn -0.8080 0.0476 0.5872
vn -0.9178 0.0191 0.3965
vn 0.6735 -0.3098 -0.6711
vn 0.5547 -0.2767 -0.7847
vn 0.6385 -0.4122 -0.6499
vn 0.7664 -0.6103 -0.2004
vn 0.8511 -0.4304 -0.3006
vn 0.9482 -0.0119 -0.3175
vn 0.0084 1.0000 -0.0015
vn -0.0029 -0.0005 1.0000
vn -0.7885 0.1719 0.5905
vn 0.0950 -0.8128 -0.5747
vn 0.4148 -0.2955 -0.8606
vn 0.4886 -0.6926 -0.5306
vn 0.4281 -0.5150 -0.7426
vn 0.0831 -0.6685 -0.7391
vn 0.0906 -0.5135 -0.8533
vn 0.2530 -0.6856 -0.6826
vn 0.2424 -0.5039 -0.8291
vn 0.2502 -0.8483 -0.4667
vn 0.1134 -0.1497 -0.9822
vn 0.1085 -0.3536 -0.9291
vn 0.2628 -0.9146 -0.3073
vn 0.4487 0.2615 -0.8546
vn 0.4825 -0.8589 -0.1716
vn 0.3697 -0.9228 -0.1081
vn 0.5060 -0.7741 -0.3804
vn 0.3221 -0.4042 -0.8561
vn 0.5224 -0.1961 -0.8298
vn -0.4391 0.1501 0.8858
vn 0.4017 0.7907 -0.4620
vn 0.1253 0.9818 0.1427
vn -0.2083 0.9106 0.3569
vn -0.1828 0.7527 0.6325
vn -0.2079 -0.9444 0.2546
vn -0.4197 -0.2837 0.8622
vn -0.2784 -0.6737 0.6846
vn 0.2670 -0.7684 -0.5816
vn 0.1195 -0.9647 -0.2346
vn 0.7581 -0.6085 -0.2347
vn -0.8848 0.0575 -0.4624
vn 0.7485 0.5847 -0.3130
vn 0.4256 0.8855 -0.1868
vn -0.0588 0.9983 0.0012
vn -0.1436 -0.9886 0.0456
vn -0.4808 0.8691 0.1166
vn -0.5412 0.8017 0.2538
vn -0.9637 0.0342 0.2649
vn -0.8194 -0.3591 0.4468
vn -0.7532 -0.6328 0.1796
vn -0.5758 -0.7602 0.3008
vn -0.3784 0.6160 -0.6909
vn 0.3198 -0.9471 -0.0278
vn 0.3927 -0.9014 -0.1822
vn -0.3640 -0.0278 -0.9310
vn -0.2293 -0.6710 -0.7051
vn -0.4836 -0.3412 -0.8060
vn -0.5187 0.1332 -0.8445
vn -0.2006 0.9426 -0.2671
vn 0.0064 0.9912 0.1321
vn 0.3036 0.7817 0.5447
vn 0.5114 -0.4492 0.7325
vn 0.5526 0.1319 0.8230
vn 0.4135 -0.0352 0.9098
vn 0.2192 -0.9433 0.2493
vn 0.2393 -0.7581 0.6067
vn -0.1121 -0.9672 -0.2279
vn -0.2869 -0.7521 -0.5934
vn 0.8848 0.0575 -0.4624
vn -0.8705 0.2942 -0.3946
vn -0.9544 -0.1231 -0.2718
vn -0.4746 0.8507 -0.2258
vn 0.0756 0.9968 -0.0258
vn 0.5902 -0.7569 0.2805
vn 0.4134 0.8888 0.1976
vn 0.6584 0.7434 0.1180
vn 0.9543 0.1309 0.2685
vn 0.8868 -0.0752 0.4561
vn 0.8646 -0.4370 0.2481
vn -0.5536 -0.8181 -0.1559
vn 0.0647 -0.9861 0.1533
vn 0.3640 -0.0278 -0.9310
vn -0.9431 0.0730 -0.3243
vn -0.5150 -0.0452 -0.8560
vn -0.6870 0.0737 -0.7229
vn -0.5516 -0.0484 -0.8327
vn -0.5367 0.0287 -0.8433
vn -0.3737 -0.1313 -0.9182
vn -0.2850 0.0584 -0.9568
vn -0.3721 0.0613 -0.9262
vn -0.4494 0.0086 -0.8933
vn -0.8076 -0.0334 -0.5888
vn 0.5384 0.0157 -0.8426
vn -0.3198 -0.0446 -0.9464
vn 0.8955 -0.0318 -0.4438
vn 0.8886 -0.0251 -0.4581
vn 0.9056 0.0503 -0.4212
vn 0.6814 0.0886 -0.7265
vn 0.5453 -0.0967 -0.8327
vn 0.3935 0.0709 -0.9166
vn 0.5072 -0.0598 -0.8598
vn -0.8051 0.5924 -0.0313
vn 0.3920 -0.0386 -0.9191
vn 0.0811 0.9960 0.0366
vn -0.0779 0.9959 0.0451
vn 0.3411 -0.9400 0.0098
vn 0.9749 -0.2218 -0.0172
vn -0.7530 -0.6571 0.0353
vn -0.0000 -0.4236 0.9058
vn -0.0000 0.6422 -0.7666
vn -0.0000 -0.8346 0.5508
vn -0.0000 0.8139 -0.5810
vn 0.9993 0.0139 0.0337
vn 0.0040 -0.8522 0.5233
vn 0.9984 -0.0395 -0.0407
vn -0.0000 0.8874 -0.4611
vn -0.0000 -0.0000 -1.0000
vn -0.0000 0.3767 -0.9264
vn -0.0023 1.0000 0.0007
vn -0.0224 0.6494 0.7601
vn 0.0301 0.6753 0.7369
vn -0.0003 0.0158 0.9999
vn -0.0000 -1.0000 -0.0000
vn -0.0000 0.4236 -0.9058
vn -0.0000 -0.6422 0.7666
vn -0.0000 0.8346 -0.5508
vn -0.0000 -0.8139 0.5810
vn 0.9993 -0.0139 -0.0337
vn 0.0040 0.8522 -0.5233
vn 0.9984 0.0395 0.0407
vn -0.0000 -0.8874 0.4611
vn -0.0000 -0.0000 1.0000
vn -0.0000 -0.3767 0.9264
vn -0.0011 -1.0000 -0.0004
vn -0.0267 -0.6517 -0.7580
vn -0.0003 -0.0158 -0.9999
vn -0.0182 0.0657 0.9977
vn -0.9996 -0.0151 -0.0246
vn -0.1675 0.0808 0.9826
vn -0.9932 0.1080 0.0432
vn -0.2787 -0.3722 0.8853
vn -0.6703 -0.7016 0.2417
vn -0.0145 -0.3277 0.9447
vn 0.0025 0.0478 0.9989
vn 0.5079 0.8328 0.2200
vn 0.0962 0.1411 0.9853
vn -0.7930 -0.5861 -0.1664
vn -0.8855 -0.4501 0.1155
vn -0.0126 -0.3252 0.9456
vn 0.1074 0.1678 0.9800
vn -0.5632 -0.4358 0.7020
vn -0.7393 -0.6494 -0.1781
vn -0.8602 -0.4625 0.2150
vn 0.0753 0.1867 0.9795
vn -0.0077 -0.3288 0.9444
vn -0.1469 -0.9605 -0.2363
vn -0.1653 0.9579 0.2347
vn 0.1594 -0.9775 0.1384
vn 0.1303 0.9767 -0.1706
vn -0.4701 0.8760 -0.1082
vn 0.6282 0.7383 -0.2457
vn -0.3467 0.9376 0.0268
vn -0.9299 -0.0447 0.3650
vn -0.2844 -0.6242 0.7276
vn 0.2983 0.3836 0.8740
vn -0.9704 -0.2348 -0.0570
vn -0.0053 0.1005 -0.9949
vn -0.7120 -0.6790 -0.1791
vn -0.8219 -0.5137 -0.2460
vn 0.7149 0.1585 0.6811
vn -0.6267 0.3311 0.7054
vn 0.9994 0.0217 -0.0277
vn 0.9853 -0.1706 -0.0083
vn 0.9649 0.1890 0.1824
vn 0.1525 0.1980 0.9683
vn 0.9753 0.2167 -0.0422
vn -0.8357 -0.5364 0.1175
vn 0.7291 0.5662 0.3846
vn 0.3072 0.9423 -0.1335
vn 0.7260 0.5678 0.3879
vn -0.8980 -0.4232 0.1201
vn -0.5472 -0.8369 -0.0094
vn -0.7106 -0.6558 0.2549
vn -0.9032 0.1550 0.4003
vn 0.1742 -0.0640 0.9826
vn -0.8518 -0.1205 0.5098
vn -0.0120 0.0574 0.9983
vn -0.6630 0.7396 -0.1157
vn -0.9440 0.2369 0.2298
vn 0.2645 -0.9347 -0.2374
vn -0.0039 -0.9655 0.2604
vn 0.8952 0.2969 -0.3324
vn 0.7759 0.2262 0.5889
vn 0.7504 -0.6547 -0.0907
vn 0.1901 0.0054 0.9817
vn 0.1775 0.4310 0.8847
vn 0.6795 0.7277 -0.0933
vn 0.6248 0.7776 0.0701
vn 0.7853 -0.6050 -0.1315
vn -0.9588 -0.2786 0.0547
vn -0.1969 -0.9800 -0.0278
vn 0.9963 0.0497 -0.0695
vn 0.9030 0.3655 0.2258
vn -0.4433 -0.0767 0.8931
vn -0.9328 -0.3497 0.0870
vn -0.9940 -0.1097 0.0025
vn -0.7526 -0.6306 0.1896
vn -0.8665 -0.4664 -0.1780
vn -0.5817 -0.7566 -0.2985
vn -0.3440 -0.7921 -0.5042
vn 0.1722 -0.9833 0.0589
vn -0.0057 0.0886 -0.9961
vn -0.1896 -0.8314 -0.5223
vn -0.1613 -0.9092 -0.3839
vn 0.1237 -0.8713 -0.4750
vn -0.0747 -0.4270 0.9012
vn 0.4055 -0.9022 -0.1469
vn 0.7651 0.2895 0.5751
vn -0.0341 -0.2103 0.9770
vn 0.0279 -0.0023 0.9996
vn -0.2886 -0.5216 0.8029
vn 0.0016 -0.3690 0.9294
vn 0.4784 0.4193 0.7716
vn -0.1182 -0.0966 0.9883
vn 0.5595 -0.7765 -0.2898
vn 0.9380 0.1109 0.3285
vn -0.0368 0.1720 0.9844
vn -0.0761 0.9967 0.0278
vn -0.8334 -0.5526 -0.0049
vn -0.1294 -0.4842 0.8653
vn -0.9696 0.2412 0.0416
vn -0.7137 0.7000 -0.0249
vn -0.5347 0.8402 0.0900
vn -0.2856 -0.1343 0.9489
vn 0.2390 -0.3142 0.9188
vn 0.5729 0.7246 0.3831
vn -0.5761 -0.8174 -0.0020
vn -0.1950 -0.6884 0.6986
vn -0.6600 -0.7411 0.1231
vn 0.9882 0.1518 0.0185
vn -0.0111 0.0284 0.9995
vn -0.6518 0.7584 -0.0045
vn -0.0108 0.0370 0.9993
vn -0.4246 -0.9039 -0.0521
vn 0.1281 0.4453 0.8862
vn -0.6496 -0.7188 0.2478
vn -0.8577 0.5141 0.0014
vn 0.9071 0.4131 0.0809
vn 0.8188 0.5407 0.1929
vn -0.4645 0.6271 -0.6252
vn -0.2498 -0.8843 -0.3945
vn -0.0753 0.7517 0.6552
vn -0.1927 0.8862 0.4213
vn 0.2407 -0.9125 0.3307
vn 0.0428 -0.0012 0.9991
vn -0.2979 -0.8016 -0.5184
vn -0.2925 0.8628 0.4124
vn 0.0123 0.8301 -0.5575
vn -0.5093 -0.7228 0.4670
vn -0.3332 -0.5752 0.7471
vn -0.7361 -0.1503 0.6600
vn 0.2492 -0.6885 0.6811
vn 0.9353 0.1863 0.3009
vn 0.3740 -0.6836 0.6268
vn 0.0959 -0.0351 0.9948
vn 0.2477 -0.4581 0.8537
vn 0.6005 -0.1378 0.7876
vn 0.2769 0.7359 0.6179
vn 0.1285 -0.1580 0.9790
vn -0.1225 -0.1203 0.9852
vn 0.3249 0.5934 0.7364
vn 0.5409 0.5000 0.6763
vn -0.1697 -0.3726 0.9123
vn 0.2545 -0.0391 0.9663
vn 0.0021 1.0000 0.0018
vn 0.0033 -0.7999 -0.6002
vn 0.6743 -0.6536 -0.3437
vn 0.8025 0.3125 0.5082
vn -0.6324 -0.7346 -0.2457
vn 0.2629 -0.5588 0.7866
vn 0.9525 -0.3042 0.0131
vn -0.1709 -0.9850 0.0224
vn -0.9281 0.3724 0.0009
vn -0.6887 0.7059 0.1655
vn -0.6395 0.1115 0.7607
vn 0.1108 -0.4260 0.8979
vn 0.0204 -0.6037 -0.7970
vn 0.1830 -0.5775 -0.7956
vn 0.1930 -0.9769 0.0915
vn -0.0399 -0.8706 -0.4904
vn 0.0379 -0.7476 0.6631
vn 0.1152 -0.2460 0.9624
vn 0.4288 -0.9010 0.0663
vn -0.1185 0.6743 0.7289
vn -0.3914 0.4741 0.7887
vn 0.4001 -0.7379 -0.5436
vn -0.4502 0.6912 0.5653
vn 0.6832 0.7301 -0.0094
vn -0.0234 0.9350 0.3540
vn 0.0311 0.0149 0.9994
vn -0.3256 -0.1807 0.9281
vn 0.0565 0.0721 0.9958
vn 0.9253 0.3742 0.0618
vn 0.5682 0.8228 -0.0063
vn 0.6190 -0.7854 -0.0075
vn 0.9977 0.0671 0.0062
vn 0.6228 -0.7823 0.0143
vn 0.4374 -0.5501 -0.7114
vn -0.1083 -0.6262 0.7721
vn 0.2505 -0.3362 0.9079
vn 0.7809 -0.5406 -0.3130
vn -0.6360 0.6331 0.4413
vn 0.0123 -0.9962 -0.0865
vn 0.5906 -0.1113 0.7993
vn 0.2909 -0.6210 0.7278
vn -0.1022 -0.3813 0.9188
vn 0.5955 -0.4230 -0.6830
vn 0.0227 -0.2293 0.9731
vn -0.1144 -0.3813 0.9173
vn 0.0943 -0.0526 0.9942
vn -0.4218 0.8330 0.3581
vn 0.0981 -0.0759 0.9923
vn 0.6923 -0.6511 -0.3110
vn 0.6437 -0.2650 0.7179
vn 0.9362 -0.3108 -0.1638
vn 0.9122 -0.3769 0.1606
vn 0.5950 -0.6963 -0.4014
vn 0.3167 0.9097 0.2684
vn -0.4340 -0.8970 -0.0834
vn -0.8589 0.2627 0.4396
vn 0.4965 -0.4996 0.7099
vn 0.2446 -0.2925 0.9244
vn -0.9122 -0.3759 0.1628
vn -0.9884 -0.1007 -0.1138
vn -0.6597 0.7467 -0.0850
vn -0.8830 0.2553 0.3939
vn 0.2283 0.9307 0.2859
vn -0.0080 -0.3285 0.9445
vn -0.0299 -0.3681 0.9293
vn -0.6811 -0.7280 0.0783
vn -0.8936 -0.4371 -0.1026
vn -0.1645 -0.8217 -0.5457
vn 0.7760 -0.2877 0.5612
vn 0.9172 -0.3739 -0.1379
vn -0.5997 0.7989 0.0470
vn 0.1670 -0.9493 -0.2663
vn 0.4088 0.8686 0.2801
vn 0.4860 0.8661 -0.1171
vn -0.7569 -0.6515 0.0512
vn -0.1364 0.4806 0.8663
vn -0.0026 0.9988 0.0481
vn 0.5170 -0.7791 -0.3545
vn -0.5081 0.8215 0.2587
vn -0.1831 0.2657 0.9465
vn 0.8175 -0.5374 -0.2069
vn 0.0006 0.9999 -0.0159
vn 0.6083 0.2470 0.7543
vn 0.0010 0.9999 -0.0152
vn -0.9992 0.0209 -0.0336
vn 0.9882 -0.0420 0.1475
vn -0.9446 0.2485 -0.2144
vn -0.5424 0.8385 -0.0517
vn -0.4795 0.8359 0.2672
vn 0.9772 0.2066 -0.0499
vn -0.9706 0.1805 -0.1594
vn 0.2746 0.9612 0.0253
vn -0.1347 0.5851 0.7997
vn -0.0402 -0.5000 0.8651
vn 0.1508 -0.3813 0.9120
vn 0.1967 -0.9663 0.1659
vn -0.2717 -0.9269 -0.2589
vn -0.0682 -0.8091 0.5837
vn 0.9829 -0.0088 0.1841
vn 0.5610 -0.1094 0.8206
vn 0.0639 -0.2731 0.9598
vn 0.1124 -0.3303 0.9372
vn -0.0247 0.0815 0.9964
vn 0.9601 0.2427 0.1393
vn 0.3336 -0.4497 0.8286
vn 0.1983 -0.1187 0.9729
vn 0.4946 -0.5378 0.6827
vn 0.9999 0.0066 0.0119
vn -0.6787 -0.1378 0.7214
vn 0.1897 -0.5940 0.7818
vn -0.2181 0.4822 0.8484
vn -0.4704 0.2556 0.8446
vn -0.9810 0.0300 0.1916
vn 0.7332 0.6282 0.2602
vn 0.5134 0.6245 0.5886
vn 0.0042 0.9999 -0.0108
vt 0.000000 0.000000
vt 0.778828 0.761588
vt 0.796992 0.500000
vt 0.718952 0.500000
vt 0.609314 0.500000
vt 0.667522 0.768959
vt 0.461865 0.724725
vt 0.512754 0.500000
vt 0.434845 0.500000
vt 0.239013 0.500000
vt 0.294146 0.697514
vt 0.344905 0.500000
vt 0.066371 0.500000
vt 0.122984 0.751364
vt 0.143544 0.500000
vt 0.816496 0.500000
vt 0.809054 0.714402
vt 0.918974 0.712775
vt 0.926346 0.500000
vt 0.472776 0.750408
vt 0.496198 0.500000
vt 0.419194 0.500000
vt 0.364116 0.743011
vt 0.937183 0.500000
vt 0.890617 0.741770
vt 0.823601 0.500000
vt 0.412318 0.695091
vt 0.449033 0.500000
vt 0.487162 0.726440
vt 0.123283 0.739966
vt 0.050596 0.500000
vt 0.143759 0.500000
vt 0.924720 0.707250
vt 0.890502 0.500000
vt 0.981504 0.500000
vt 0.983954 0.712883
vt 0.411124 0.742936
vt 0.448645 0.500000
vt 0.505352 0.749058
vt 0.082264 0.715981
vt 0.062640 0.500000
vt 0.171960 0.500000
vt 0.859378 0.754451
vt 0.890644 0.500000
vt 0.983786 0.500000
vt 0.953894 0.758393
vt 0.359581 0.694417
vt 0.567430 0.769276
vt 0.209721 0.730137
vt 0.000000 0.500000
vt 0.000000 0.759315
vt 0.046366 0.747742
vt 1.000000 0.718999
vt 1.000000 0.500000
vt 0.654078 0.466423
vt 0.562583 0.398125
vt 0.516236 0.266117
vt 0.554010 0.116962
vt 0.655682 0.032692
vt 0.769109 0.011882
vt 0.898269 0.069158
vt 0.982422 0.204076
vt 0.978509 0.319502
vt 0.898846 0.431447
vt 0.774293 0.487607
vt 0.737222 0.500000
vt 0.731169 0.735759
vt 0.660232 0.500000
vt 0.651834 0.750936
vt 0.578182 0.500000
vt 0.562968 0.756667
vt 0.198904 0.500000
vt 0.089809 0.500000
vt 0.109289 0.719729
vt 0.191398 0.720048
vt 0.324053 0.500000
vt 0.268632 0.728161
vt 0.811496 0.746768
vt 0.718557 0.753668
vt 0.718823 0.500000
vt 0.024692 0.720821
vt 0.015480 0.500000
vt 0.862666 0.039398
vt 0.950390 0.123279
vt 0.988114 0.230854
vt 0.966413 0.346121
vt 0.854556 0.459757
vt 0.726807 0.487716
vt 0.623379 0.450132
vt 0.528023 0.323891
vt 0.540564 0.144891
vt 0.633850 0.041261
vt 0.744304 0.012916
vt 0.968958 0.747671
vt 0.637843 0.758666
vt 0.643468 0.500000
vt 0.562461 0.500000
vt 0.567361 0.758147
vt 0.239142 0.500000
vt 0.343681 0.500000
vt 0.329391 0.684023
vt 0.262894 0.695481
vt 0.199773 0.724721
vt 0.046401 0.736157
vt 0.000000 0.748082
vt 0.552941 0.118454
vt 0.516192 0.265929
vt 0.562378 0.397874
vt 0.676747 0.472525
vt 0.840978 0.468399
vt 0.959779 0.354480
vt 0.982405 0.203883
vt 0.937344 0.101787
vt 0.840483 0.031401
vt 0.676188 0.027562
vt 0.856684 0.700730
vt 0.761142 0.720986
vt 0.770019 0.500000
vt 0.655839 0.744856
vt 0.656470 0.500000
vt 0.580761 0.752201
vt 0.558543 0.500000
vt 0.191398 0.715972
vt 0.262911 0.500000
vt 0.301166 0.729749
vt 0.340122 0.500000
vt -0.000002 0.713537
vt 0.542967 0.360494
vt 0.659271 0.468489
vt 0.777712 0.487271
vt 0.899026 0.431334
vt 0.982476 0.279440
vt 0.946885 0.118842
vt 0.835240 0.028718
vt 0.675654 0.027788
vt 0.549822 0.122783
vt 0.511905 0.230656
s 0
f 391/1/1 321/1/1 381/1/1
f 262/1/2 50/1/2 51/1/2
f 317/1/3 53/1/3 239/1/3
f 57/1/4 239/1/4 208/1/4
f 51/1/5 303/1/5 304/1/5
f 251/1/6 58/1/6 59/1/6
f 60/1/7 59/1/7 58/1/7
f 248/1/8 59/1/8 286/1/8
f 393/1/9 220/1/9 300/1/9
f 60/1/10 621/1/10 626/1/10
f 645/1/11 278/1/11 67/1/11
f 278/1/12 645/1/12 64/1/12
f 66/1/13 214/1/13 69/1/13
f 402/1/14 338/1/14 72/1/14
f 338/1/15 71/1/15 72/1/15
f 338/1/16 215/1/16 71/1/16
f 235/1/17 72/1/17 73/1/17
f 48/1/18 207/1/18 44/1/18
f 50/1/19 207/1/19 51/1/19
f 257/1/20 49/1/20 57/1/20
f 212/1/21 211/1/21 66/1/21
f 67/1/22 212/1/22 68/1/22
f 75/1/23 60/1/23 58/1/23
f 76/1/24 383/1/24 253/1/24
f 230/1/25 113/1/25 320/1/25
f 113/1/26 114/1/26 320/1/26
f 301/1/27 289/1/27 217/1/27
f 289/1/28 287/1/28 217/1/28
f 228/1/29 112/1/29 230/1/29
f 112/1/30 113/1/30 230/1/30
f 311/1/31 385/1/31 84/1/31
f 62/1/32 297/1/32 64/1/32
f 385/1/33 62/1/33 259/1/33
f 334/1/34 62/1/34 385/1/34
f 297/1/35 62/1/35 334/1/35
f 260/1/36 79/1/36 335/1/36
f 250/1/37 337/1/37 219/1/37
f 388/1/9 390/1/9 392/1/9
f 337/1/38 82/1/38 81/1/38
f 254/1/39 83/1/39 84/1/39
f 394/1/40 388/1/40 389/1/40
f 323/1/40 241/1/40 393/1/40
f 241/1/41 601/1/41 259/1/41
f 90/1/42 223/1/42 307/1/42
f 307/1/43 224/1/43 90/1/43
f 256/1/44 282/1/44 219/1/44
f 243/1/45 256/1/45 224/1/45
f 82/1/46 247/1/46 93/1/46
f 93/1/47 295/1/47 280/1/47
f 223/1/48 275/1/48 91/1/48
f 282/1/49 250/1/49 219/1/49
f 241/1/50 220/1/50 393/1/50
f 78/1/51 98/1/51 330/1/51
f 237/1/52 85/1/52 315/1/52
f 296/1/53 273/1/53 323/1/53
f 98/1/54 78/1/54 229/1/54
f 306/1/55 296/1/55 323/1/55
f 85/1/56 229/1/56 315/1/56
f 385/1/57 311/1/57 334/1/57
f 394/1/58 386/1/58 390/1/58
f 271/1/59 297/1/59 329/1/59
f 96/1/40 241/1/40 323/1/40
f 84/1/60 394/1/60 336/1/60
f 308/1/61 331/1/61 255/1/61
f 278/1/62 377/1/62 65/1/62
f 88/1/63 377/1/63 278/1/63
f 247/1/64 52/1/64 93/1/64
f 47/1/65 52/1/65 247/1/65
f 290/1/66 247/1/66 82/1/66
f 47/1/67 247/1/67 46/1/67
f 232/1/68 312/1/68 328/1/68
f 100/1/69 269/1/69 285/1/69
f 231/1/70 269/1/70 81/1/70
f 287/1/71 112/1/71 228/1/71
f 217/1/72 287/1/72 228/1/72
f 76/1/73 115/1/73 383/1/73
f 251/1/74 389/1/74 123/1/74
f 389/1/75 251/1/75 59/1/75
f 64/1/76 644/1/76 62/1/76
f 646/1/77 644/1/77 64/1/77
f 335/1/78 339/1/78 249/1/78
f 291/1/79 101/1/79 43/1/79
f 291/1/80 103/1/80 101/1/80
f 240/1/81 342/1/81 48/1/81
f 501/1/82 72/1/82 395/1/82
f 211/1/83 213/1/83 66/1/83
f 56/1/84 338/1/84 322/1/84
f 299/1/85 267/1/85 231/1/85
f 300/1/86 63/1/86 384/1/86
f 292/1/87 270/1/87 106/1/87
f 51/1/88 102/1/88 106/1/88
f 202/1/89 234/1/89 74/1/89
f 249/1/90 331/1/90 260/1/90
f 332/1/91 71/1/91 335/1/91
f 71/1/92 332/1/92 73/1/92
f 219/1/93 337/1/93 81/1/93
f 251/1/94 123/1/94 283/1/94
f 45/1/95 340/1/95 43/1/95
f 291/1/96 340/1/96 74/1/96
f 361/1/97 369/1/97 373/1/97
f 354/1/98 371/1/98 359/1/98
f 365/1/99 375/1/99 360/1/99
f 355/1/100 382/1/100 380/1/100
f 363/1/101 210/1/101 354/1/101
f 361/1/102 373/1/102 358/1/102
f 360/1/103 375/1/103 363/1/103
f 373/1/104 379/1/104 358/1/104
f 120/1/105 374/1/105 118/1/105
f 368/1/106 600/1/106 372/1/106
f 356/1/107 121/1/107 367/1/107
f 376/1/108 372/1/108 117/1/108
f 368/1/109 374/1/109 600/1/109
f 121/1/110 356/1/110 370/1/110
f 376/1/111 370/1/111 356/1/111
f 357/1/112 122/1/112 369/1/112
f 358/1/113 379/1/113 365/1/113
f 112/1/114 287/1/114 63/1/114
f 63/1/115 287/1/115 384/1/115
f 288/1/116 112/1/116 63/1/116
f 210/1/117 375/1/117 384/1/117
f 375/1/118 300/1/118 384/1/118
f 375/1/119 379/1/119 300/1/119
f 379/1/120 373/1/120 300/1/120
f 369/1/121 122/1/121 283/1/121
f 365/1/122 360/1/122 368/1/122
f 373/1/123 381/1/123 300/1/123
f 116/1/122 361/1/122 376/1/122
f 355/1/122 364/1/122 367/1/122
f 359/1/122 355/1/122 362/1/122
f 361/1/122 365/1/122 376/1/122
f 374/1/122 359/1/122 362/1/122
f 357/1/122 116/1/122 356/1/122
f 364/1/122 357/1/122 367/1/122
f 365/1/122 368/1/122 372/1/122
f 289/1/124 253/1/124 210/1/124
f 383/1/125 371/1/125 253/1/125
f 266/1/126 60/1/126 114/1/126
f 220/1/127 288/1/127 63/1/127
f 115/1/128 251/1/128 382/1/128
f 378/1/129 58/1/129 251/1/129
f 241/1/130 259/1/130 220/1/130
f 386/1/131 394/1/131 601/1/131
f 601/1/132 394/1/132 84/1/132
f 388/1/58 394/1/58 390/1/58
f 389/1/40 388/1/40 123/1/40
f 336/1/133 389/1/133 59/1/133
f 237/1/122 217/1/122 296/1/122
f 315/1/122 76/1/122 77/1/122
f 78/1/122 76/1/122 315/1/122
f 330/1/134 310/1/134 227/1/134
f 273/1/135 320/1/135 310/1/135
f 283/1/136 391/1/136 381/1/136
f 123/1/137 391/1/137 283/1/137
f 600/1/50 233/1/50 117/1/50
f 117/1/40 233/1/40 366/1/40
f 119/1/40 392/1/40 118/1/40
f 97/1/40 241/1/40 96/1/40
f 392/1/138 98/1/138 229/1/138
f 97/1/40 386/1/40 241/1/40
f 85/1/139 392/1/139 229/1/139
f 390/1/40 98/1/40 392/1/40
f 98/1/40 390/1/40 97/1/40
f 391/1/40 392/1/40 119/1/40
f 306/1/50 393/1/50 85/1/50
f 240/1/140 44/1/140 43/1/140
f 501/1/141 402/1/141 72/1/141
f 124/1/142 397/1/142 126/1/142
f 338/1/143 402/1/143 397/1/143
f 126/1/144 397/1/144 399/1/144
f 527/1/145 585/1/145 508/1/145
f 130/1/146 516/1/146 129/1/146
f 464/1/147 507/1/147 136/1/147
f 138/1/148 143/1/148 137/1/148
f 432/1/149 143/1/149 448/1/149
f 404/1/150 441/1/150 144/1/150
f 143/1/151 141/1/151 448/1/151
f 145/1/152 404/1/152 144/1/152
f 144/1/153 623/1/153 145/1/153
f 467/1/154 407/1/154 489/1/154
f 148/1/155 444/1/155 147/1/155
f 150/1/156 520/1/156 430/1/156
f 430/1/157 444/1/157 150/1/157
f 595/1/158 592/1/158 503/1/158
f 151/1/159 595/1/159 503/1/159
f 595/1/160 620/1/160 410/1/160
f 620/1/161 595/1/161 151/1/161
f 595/1/162 410/1/162 152/1/162
f 141/1/163 442/1/163 443/1/163
f 544/1/164 446/1/164 140/1/164
f 506/1/165 133/1/165 488/1/165
f 506/1/166 135/1/166 136/1/166
f 448/1/167 406/1/167 432/1/167
f 406/1/168 443/1/168 544/1/168
f 490/1/169 130/1/169 129/1/169
f 445/1/170 150/1/170 641/1/170
f 584/1/171 577/1/171 158/1/171
f 189/1/172 411/1/172 523/1/172
f 155/1/173 145/1/173 523/1/173
f 579/1/174 504/1/174 461/1/174
f 424/1/175 404/1/175 155/1/175
f 577/1/176 584/1/176 504/1/176
f 525/1/177 154/1/177 411/1/177
f 404/1/178 145/1/178 155/1/178
f 147/1/179 499/1/179 146/1/179
f 199/1/180 537/1/180 200/1/180
f 146/1/181 199/1/181 407/1/181
f 236/1/182 396/1/182 447/1/182
f 538/1/183 458/1/183 161/1/183
f 162/1/184 458/1/184 538/1/184
f 582/1/122 583/1/122 609/1/122
f 603/1/185 574/1/185 415/1/185
f 502/1/186 574/1/186 603/1/186
f 502/1/187 586/1/187 574/1/187
f 494/1/188 477/1/188 416/1/188
f 509/1/189 417/1/189 452/1/189
f 494/1/190 478/1/190 450/1/190
f 435/1/191 478/1/191 494/1/191
f 418/1/192 413/1/192 435/1/192
f 496/1/193 176/1/193 533/1/193
f 166/1/194 494/1/194 450/1/194
f 178/1/195 171/1/195 482/1/195
f 475/1/196 510/1/196 178/1/196
f 430/1/197 172/1/197 499/1/197
f 529/1/198 176/1/198 496/1/198
f 512/1/199 497/1/199 535/1/199
f 453/1/200 454/1/200 497/1/200
f 480/1/201 603/1/201 454/1/201
f 438/1/202 502/1/202 462/1/202
f 498/1/203 438/1/203 423/1/203
f 498/1/204 423/1/204 535/1/204
f 535/1/205 423/1/205 481/1/205
f 423/1/206 438/1/206 462/1/206
f 535/1/207 481/1/207 512/1/207
f 168/1/208 200/1/208 537/1/208
f 499/1/209 473/1/209 534/1/209
f 515/1/210 179/1/210 426/1/210
f 454/1/122 415/1/122 497/1/122
f 583/1/211 167/1/211 165/1/211
f 482/1/212 573/1/212 476/1/212
f 132/1/213 519/1/213 137/1/213
f 426/1/214 439/1/214 279/1/214
f 180/1/215 547/1/215 485/1/215
f 469/1/216 470/1/216 414/1/216
f 491/1/217 461/1/217 154/1/217
f 157/1/218 524/1/218 156/1/218
f 524/1/219 578/1/219 156/1/219
f 158/1/220 526/1/220 157/1/220
f 519/1/221 492/1/221 164/1/221
f 441/1/222 609/1/222 144/1/222
f 447/1/223 395/1/223 236/1/223
f 471/1/224 188/1/224 136/1/224
f 184/1/225 183/1/225 129/1/225
f 187/1/226 128/1/226 133/1/226
f 187/1/227 182/1/227 128/1/227
f 136/1/228 187/1/228 133/1/228
f 503/1/229 501/1/229 395/1/229
f 408/1/230 541/1/230 476/1/230
f 489/1/231 586/1/231 449/1/231
f 489/1/232 574/1/232 586/1/232
f 580/1/9 581/1/9 582/1/9
f 514/1/233 428/1/233 426/1/233
f 493/1/234 188/1/234 471/1/234
f 279/1/235 514/1/235 426/1/235
f 455/1/236 202/1/236 412/1/236
f 431/1/237 153/1/237 521/1/237
f 450/1/238 414/1/238 166/1/238
f 470/1/239 529/1/239 414/1/239
f 529/1/240 496/1/240 414/1/240
f 152/1/241 142/1/241 528/1/241
f 192/1/242 576/1/242 191/1/242
f 194/1/243 571/1/243 193/1/243
f 571/1/244 198/1/244 193/1/244
f 555/1/245 550/1/245 561/1/245
f 556/1/246 564/1/246 567/1/246
f 191/1/247 576/1/247 190/1/247
f 576/1/248 575/1/248 190/1/248
f 553/1/249 563/1/249 550/1/249
f 190/1/250 575/1/250 561/1/250
f 557/1/251 571/1/251 566/1/251
f 556/1/252 567/1/252 563/1/252
f 551/1/253 557/1/253 566/1/253
f 562/1/254 196/1/254 559/1/254
f 607/1/255 568/1/255 569/1/255
f 552/1/256 197/1/256 572/1/256
f 570/1/257 552/1/257 572/1/257
f 559/1/258 558/1/258 197/1/258
f 554/1/259 552/1/259 570/1/259
f 560/1/260 568/1/260 607/1/260
f 196/1/261 558/1/261 559/1/261
f 568/1/262 195/1/262 569/1/262
f 570/1/263 565/1/263 554/1/263
f 195/1/264 565/1/264 569/1/264
f 556/1/265 551/1/265 564/1/265
f 193/1/266 198/1/266 192/1/266
f 551/1/267 566/1/267 564/1/267
f 489/1/268 433/1/268 491/1/268
f 489/1/269 525/1/269 467/1/269
f 556/1/270 553/1/270 433/1/270
f 449/1/271 556/1/271 433/1/271
f 551/1/272 556/1/272 449/1/272
f 557/1/273 551/1/273 449/1/273
f 571/1/274 557/1/274 508/1/274
f 198/1/275 571/1/275 508/1/275
f 508/1/276 484/1/276 198/1/276
f 576/1/277 198/1/277 484/1/277
f 484/1/278 441/1/278 576/1/278
f 508/1/279 557/1/279 449/1/279
f 552/1/280 190/1/280 197/1/280
f 195/1/40 566/1/40 554/1/40
f 562/1/40 563/1/40 560/1/40
f 560/1/40 564/1/40 568/1/40
f 550/1/40 562/1/40 561/1/40
f 568/1/40 566/1/40 195/1/40
f 561/1/40 562/1/40 559/1/40
f 194/1/40 554/1/40 566/1/40
f 579/1/281 433/1/281 553/1/281
f 577/1/282 579/1/282 553/1/282
f 553/1/283 555/1/283 577/1/283
f 526/1/284 577/1/284 555/1/284
f 467/1/285 145/1/285 612/1/285
f 491/1/286 604/1/286 489/1/286
f 526/1/287 575/1/287 441/1/287
f 404/1/288 578/1/288 441/1/288
f 189/1/289 467/1/289 525/1/289
f 513/1/290 451/1/290 167/1/290
f 199/1/291 415/1/291 574/1/291
f 582/1/58 581/1/58 583/1/58
f 582/1/122 609/1/122 201/1/122
f 582/1/122 201/1/122 580/1/122
f 165/1/292 609/1/292 583/1/292
f 609/1/293 165/1/293 144/1/293
f 159/1/40 154/1/40 461/1/40
f 159/1/40 461/1/40 462/1/40
f 584/1/40 423/1/40 462/1/40
f 158/1/40 423/1/40 584/1/40
f 424/1/294 512/1/294 156/1/294
f 156/1/40 512/1/40 481/1/40
f 155/1/50 453/1/50 424/1/50
f 453/1/295 523/1/295 411/1/295
f 480/1/294 411/1/294 154/1/294
f 585/1/296 484/1/296 508/1/296
f 585/1/297 201/1/297 484/1/297
f 586/1/122 607/1/122 569/1/122
f 586/1/122 569/1/122 542/1/122
f 570/1/122 527/1/122 565/1/122
f 565/1/122 542/1/122 569/1/122
f 607/1/122 586/1/122 196/1/122
f 498/1/298 586/1/298 438/1/298
f 535/1/122 415/1/122 160/1/122
f 581/1/122 535/1/122 160/1/122
f 497/1/122 415/1/122 535/1/122
f 558/1/299 581/1/299 572/1/299
f 581/1/122 585/1/122 572/1/122
f 438/1/300 586/1/300 502/1/300
f 204/1/301 206/1/301 589/1/301
f 595/1/302 588/1/302 589/1/302
f 595/1/303 589/1/303 592/1/303
f 204/1/304 589/1/304 588/1/304
f 62/1/305 613/1/305 616/1/305
f 146/1/306 611/1/306 632/1/306
f 151/1/307 629/1/307 620/1/307
f 651/1/308 655/1/308 654/1/308
f 350/1/309 109/1/309 346/1/309
f 353/1/310 107/1/310 350/1/310
f 647/1/311 652/1/311 648/1/311
f 111/1/312 110/1/312 109/1/312
f 652/1/313 654/1/313 655/1/313
f 653/1/314 652/1/314 655/1/314
f 108/1/315 107/1/315 109/1/315
f 107/1/313 111/1/313 109/1/313
f 472/1/316 187/1/316 186/1/316
f 472/1/317 185/1/317 650/1/317
f 104/1/318 649/1/318 185/1/318
f 105/1/319 349/1/319 102/1/319
f 346/1/320 343/1/320 104/1/320
f 187/1/321 188/1/321 548/1/321
f 349/1/322 106/1/322 102/1/322
f 548/1/323 186/1/323 187/1/323
f 343/1/324 353/1/324 103/1/324
f 647/1/325 648/1/325 183/1/325
f 649/1/326 650/1/326 185/1/326
f 346/1/327 104/1/327 350/1/327
f 102/1/328 314/1/328 105/1/328
f 651/1/329 187/1/329 472/1/329
f 649/1/330 104/1/330 648/1/330
f 648/1/331 104/1/331 343/1/331
f 343/1/332 344/1/332 648/1/332
f 104/1/333 314/1/333 350/1/333
f 102/1/334 342/1/334 314/1/334
f 651/1/335 647/1/335 182/1/335
f 344/1/336 183/1/336 648/1/336
f 342/1/337 350/1/337 314/1/337
f 103/1/338 344/1/338 343/1/338
f 353/1/339 350/1/339 101/1/339
f 472/1/340 650/1/340 651/1/340
f 183/1/341 184/1/341 647/1/341
f 187/1/342 651/1/342 182/1/342
f 101/1/343 103/1/343 353/1/343
f 342/1/344 101/1/344 350/1/344
f 182/1/345 647/1/345 184/1/345
f 750/1/122 766/1/122 749/1/122
f 755/1/122 657/1/122 727/1/122
f 662/1/346 663/1/346 664/1/346
f 664/1/347 665/1/347 662/1/347
f 667/1/348 666/1/348 668/1/348
f 666/1/349 667/1/349 669/1/349
f 670/1/350 669/1/350 667/1/350
f 669/1/351 670/1/351 671/1/351
f 672/1/352 671/1/352 670/1/352
f 671/1/353 672/1/353 673/1/353
f 674/1/354 673/1/354 672/1/354
f 673/1/355 674/1/355 675/1/355
f 676/1/356 675/1/356 674/1/356
f 675/1/357 676/1/357 677/1/357
f 678/1/358 677/1/358 676/1/358
f 677/1/359 678/1/359 679/1/359
f 680/1/360 679/1/360 678/1/360
f 679/1/361 680/1/361 681/1/361
f 668/1/362 681/1/362 680/1/362
f 681/1/363 668/1/363 666/1/363
f 678/1/122 676/1/122 664/1/122
f 680/1/122 678/1/122 664/1/122
f 680/1/122 664/1/122 663/1/122
f 677/1/40 665/1/40 675/1/40
f 679/1/40 665/1/40 677/1/40
f 679/1/40 662/1/40 665/1/40
f 681/1/40 662/1/40 679/1/40
f 663/1/364 662/1/364 682/1/364
f 663/1/365 682/1/365 683/1/365
f 683/1/366 684/1/366 663/1/366
f 684/1/367 683/1/367 685/1/367
f 685/1/367 686/1/367 684/1/367
f 686/1/368 685/1/368 687/1/368
f 687/1/368 688/1/368 686/1/368
f 665/1/369 664/1/369 689/1/369
f 689/1/369 690/1/369 665/1/369
f 690/1/370 689/1/370 691/1/370
f 691/1/370 692/1/370 690/1/370
f 692/1/371 691/1/371 693/1/371
f 693/1/371 694/1/371 692/1/371
f 659/1/372 694/1/372 693/1/372
f 693/1/372 660/1/372 659/1/372
f 657/1/373 688/1/373 687/1/373
f 687/1/373 656/1/373 657/1/373
f 665/1/40 673/1/40 675/1/40
f 673/1/40 665/1/40 690/1/40
f 674/1/122 689/1/122 664/1/122
f 664/1/122 676/1/122 674/1/122
f 671/1/40 673/1/40 690/1/40
f 690/1/40 683/1/40 671/1/40
f 672/1/122 689/1/122 674/1/122
f 670/1/122 689/1/122 672/1/122
f 689/1/122 670/1/122 684/1/122
f 684/1/122 686/1/122 689/1/122
f 708/1/122 721/1/122 688/1/122
f 693/1/122 709/1/122 688/1/122
f 685/1/40 683/1/40 695/1/40
f 695/1/40 683/1/40 696/1/40
f 696/1/40 683/1/40 690/1/40
f 696/1/40 690/1/40 692/1/40
f 692/1/40 697/1/40 696/1/40
f 659/1/40 698/1/40 694/1/40
f 692/1/40 694/1/40 698/1/40
f 698/1/40 697/1/40 692/1/40
f 699/1/368 687/1/368 685/1/368
f 699/1/368 700/1/368 687/1/368
f 697/1/374 698/1/374 701/1/374
f 701/1/374 702/1/374 697/1/374
f 696/1/375 697/1/375 702/1/375
f 695/1/376 699/1/376 685/1/376
f 699/1/377 696/1/377 702/1/377
f 696/1/378 699/1/378 695/1/378
f 691/1/122 689/1/122 715/1/122
f 764/1/379 753/1/379 741/1/379
f 671/1/40 683/1/40 669/1/40
f 669/1/40 683/1/40 666/1/40
f 682/1/40 666/1/40 683/1/40
f 681/1/40 666/1/40 682/1/40
f 682/1/40 662/1/40 681/1/40
f 670/1/122 667/1/122 684/1/122
f 667/1/122 668/1/122 684/1/122
f 663/1/122 668/1/122 680/1/122
f 668/1/122 663/1/122 684/1/122
f 707/1/380 709/1/380 710/1/380
f 709/1/381 707/1/381 708/1/381
f 710/1/382 711/1/382 712/1/382
f 711/1/383 710/1/383 709/1/383
f 712/1/384 713/1/384 714/1/384
f 713/1/385 712/1/385 711/1/385
f 714/1/386 715/1/386 716/1/386
f 715/1/387 714/1/387 713/1/387
f 716/1/388 717/1/388 718/1/388
f 717/1/389 716/1/389 715/1/389
f 718/1/390 719/1/390 720/1/390
f 719/1/391 718/1/391 717/1/391
f 720/1/392 721/1/392 722/1/392
f 721/1/393 720/1/393 719/1/393
f 722/1/394 708/1/394 707/1/394
f 708/1/395 722/1/395 721/1/395
f 686/1/122 688/1/122 721/1/122
f 721/1/122 719/1/122 686/1/122
f 711/1/122 709/1/122 693/1/122
f 689/1/122 686/1/122 717/1/122
f 691/1/122 713/1/122 693/1/122
f 686/1/122 719/1/122 717/1/122
f 689/1/122 717/1/122 715/1/122
f 715/1/122 713/1/122 691/1/122
f 713/1/122 711/1/122 693/1/122
f 709/1/122 708/1/122 688/1/122
f 699/1/40 722/1/40 700/1/40
f 707/1/40 710/1/40 700/1/40
f 718/1/40 720/1/40 699/1/40
f 714/1/40 702/1/40 701/1/40
f 702/1/40 718/1/40 699/1/40
f 720/1/40 722/1/40 699/1/40
f 712/1/40 701/1/40 710/1/40
f 710/1/40 701/1/40 700/1/40
f 712/1/40 714/1/40 701/1/40
f 702/1/40 716/1/40 718/1/40
f 716/1/40 702/1/40 714/1/40
f 722/1/40 707/1/40 700/1/40
f 750/1/396 753/1/396 764/1/396
f 727/1/397 726/1/397 728/1/397
f 728/1/398 729/1/398 727/1/398
f 729/1/399 728/1/399 730/1/399
f 730/1/400 731/1/400 729/1/400
f 731/1/401 730/1/401 732/1/401
f 732/1/402 733/1/402 731/1/402
f 733/1/403 732/1/403 734/1/403
f 734/1/404 735/1/404 733/1/404
f 735/1/405 734/1/405 736/1/405
f 736/1/406 737/1/406 735/1/406
f 737/1/407 736/1/407 738/1/407
f 738/1/408 739/1/408 737/1/408
f 739/1/409 738/1/409 740/1/409
f 740/1/410 727/1/410 739/1/410
f 727/1/411 740/1/411 726/1/411
f 741/1/412 742/1/412 744/1/412
f 744/1/413 743/1/413 741/1/413
f 743/1/414 744/1/414 746/1/414
f 746/1/415 745/1/415 743/1/415
f 745/1/416 746/1/416 748/1/416
f 748/1/417 747/1/417 745/1/417
f 747/1/418 748/1/418 751/1/418
f 751/1/419 749/1/419 747/1/419
f 751/1/420 750/1/420 749/1/420
f 750/1/421 751/1/421 752/1/421
f 752/1/422 753/1/422 750/1/422
f 753/1/423 752/1/423 754/1/423
f 754/1/424 741/1/424 753/1/424
f 741/1/425 754/1/425 742/1/425
f 661/1/40 698/1/40 659/1/40
f 704/1/40 656/1/40 687/1/40
f 693/1/122 657/1/122 660/1/122
f 766/1/122 750/1/122 764/1/122
f 693/1/122 688/1/122 657/1/122
f 749/1/426 761/1/426 747/1/426
f 741/1/427 739/1/427 727/1/427
f 735/1/396 737/1/396 745/1/396
f 657/1/122 764/1/122 741/1/122
f 761/1/122 745/1/122 747/1/122
f 743/1/299 739/1/299 741/1/299
f 735/1/122 745/1/122 761/1/122
f 757/1/396 729/1/396 731/1/396
f 743/1/299 745/1/299 737/1/299
f 737/1/299 739/1/299 743/1/299
f 757/1/428 755/1/428 729/1/428
f 657/1/122 741/1/122 727/1/122
f 759/1/122 733/1/122 735/1/122
f 729/1/122 755/1/122 727/1/122
f 759/1/122 731/1/122 733/1/122
f 759/1/122 757/1/122 731/1/122
f 761/1/122 759/1/122 735/1/122
f 766/1/122 761/1/122 749/1/122
f 755/1/122 660/1/122 657/1/122
f 740/1/429 738/1/429 744/1/429
f 751/1/430 763/1/430 767/1/430
f 762/1/40 763/1/40 748/1/40
f 723/1/40 756/1/40 726/1/40
f 740/1/40 744/1/40 723/1/40
f 751/1/431 767/1/431 752/1/431
f 763/1/432 751/1/432 748/1/432
f 724/1/433 754/1/433 752/1/433
f 762/1/40 748/1/40 736/1/40
f 756/1/40 758/1/40 730/1/40
f 746/1/434 738/1/434 748/1/434
f 725/1/40 742/1/40 754/1/40
f 738/1/435 736/1/435 748/1/435
f 767/1/436 765/1/436 752/1/436
f 762/1/40 736/1/40 734/1/40
f 725/1/40 723/1/40 742/1/40
f 744/1/40 738/1/40 746/1/40
f 724/1/40 725/1/40 754/1/40
f 723/1/40 744/1/40 742/1/40
f 760/1/40 762/1/40 734/1/40
f 732/1/294 760/1/294 734/1/294
f 740/1/437 723/1/437 726/1/437
f 732/1/40 758/1/40 760/1/40
f 730/1/40 758/1/40 732/1/40
f 756/1/438 728/1/438 726/1/438
f 728/1/294 756/1/294 730/1/294
f 765/1/439 724/1/439 752/1/439
f 865/1/122 769/1/122 849/1/122
f 774/1/440 775/1/440 776/1/440
f 776/1/441 777/1/441 774/1/441
f 779/1/442 778/1/442 780/1/442
f 778/1/443 779/1/443 781/1/443
f 782/1/444 781/1/444 779/1/444
f 781/1/359 782/1/359 783/1/359
f 784/1/360 783/1/360 782/1/360
f 783/1/445 784/1/445 785/1/445
f 786/1/446 785/1/446 784/1/446
f 785/1/447 786/1/447 787/1/447
f 788/1/448 787/1/448 786/1/448
f 787/1/449 788/1/449 789/1/449
f 790/1/450 789/1/450 788/1/450
f 789/1/351 790/1/351 791/1/351
f 792/1/352 791/1/352 790/1/352
f 791/1/451 792/1/451 793/1/451
f 780/1/452 793/1/452 792/1/452
f 793/1/453 780/1/453 778/1/453
f 790/1/122 788/1/122 776/1/122
f 792/1/122 790/1/122 776/1/122
f 792/1/122 776/1/122 775/1/122
f 789/1/40 777/1/40 787/1/40
f 791/1/40 777/1/40 789/1/40
f 791/1/40 774/1/40 777/1/40
f 793/1/40 774/1/40 791/1/40
f 775/1/454 774/1/454 794/1/454
f 775/1/455 794/1/455 795/1/455
f 795/1/456 796/1/456 775/1/456
f 796/1/457 795/1/457 797/1/457
f 797/1/457 798/1/457 796/1/457
f 798/1/458 797/1/458 799/1/458
f 799/1/458 800/1/458 798/1/458
f 777/1/459 776/1/459 801/1/459
f 801/1/459 802/1/459 777/1/459
f 802/1/460 801/1/460 803/1/460
f 803/1/460 804/1/460 802/1/460
f 804/1/461 803/1/461 805/1/461
f 805/1/461 806/1/461 804/1/461
f 771/1/462 806/1/462 805/1/462
f 805/1/462 772/1/462 771/1/462
f 769/1/463 800/1/463 799/1/463
f 799/1/463 768/1/463 769/1/463
f 777/1/40 785/1/40 787/1/40
f 785/1/40 777/1/40 802/1/40
f 786/1/122 801/1/122 776/1/122
f 776/1/122 788/1/122 786/1/122
f 783/1/40 785/1/40 802/1/40
f 802/1/40 795/1/40 783/1/40
f 784/1/122 801/1/122 786/1/122
f 782/1/122 801/1/122 784/1/122
f 801/1/122 782/1/122 796/1/122
f 796/1/122 798/1/122 801/1/122
f 820/1/122 833/1/122 800/1/122
f 805/1/122 821/1/122 800/1/122
f 797/1/40 795/1/40 807/1/40
f 807/1/40 795/1/40 808/1/40
f 808/1/40 795/1/40 802/1/40
f 808/1/40 802/1/40 804/1/40
f 804/1/40 809/1/40 808/1/40
f 771/1/40 810/1/40 806/1/40
f 804/1/40 806/1/40 810/1/40
f 810/1/40 809/1/40 804/1/40
f 811/1/458 799/1/458 797/1/458
f 811/1/458 812/1/458 799/1/458
f 809/1/464 810/1/464 813/1/464
f 813/1/464 814/1/464 809/1/464
f 808/1/465 809/1/465 814/1/465
f 807/1/466 811/1/466 797/1/466
f 811/1/467 808/1/467 814/1/467
f 808/1/468 811/1/468 807/1/468
f 803/1/122 801/1/122 827/1/122
f 874/1/469 862/1/469 851/1/469
f 783/1/40 795/1/40 781/1/40
f 781/1/40 795/1/40 778/1/40
f 794/1/40 778/1/40 795/1/40
f 793/1/40 778/1/40 794/1/40
f 794/1/40 774/1/40 793/1/40
f 782/1/122 779/1/122 796/1/122
f 779/1/122 780/1/122 796/1/122
f 775/1/122 780/1/122 792/1/122
f 780/1/122 775/1/122 796/1/122
f 819/1/388 821/1/388 822/1/388
f 821/1/389 819/1/389 820/1/389
f 822/1/390 823/1/390 824/1/390
f 823/1/391 822/1/391 821/1/391
f 824/1/392 825/1/392 826/1/392
f 825/1/393 824/1/393 823/1/393
f 826/1/394 827/1/394 828/1/394
f 827/1/395 826/1/395 825/1/395
f 828/1/380 829/1/380 830/1/380
f 829/1/381 828/1/381 827/1/381
f 830/1/382 831/1/382 832/1/382
f 831/1/383 830/1/383 829/1/383
f 832/1/384 833/1/384 834/1/384
f 833/1/385 832/1/385 831/1/385
f 834/1/386 820/1/386 819/1/386
f 820/1/387 834/1/387 833/1/387
f 798/1/122 800/1/122 833/1/122
f 833/1/122 831/1/122 798/1/122
f 823/1/122 821/1/122 805/1/122
f 801/1/122 798/1/122 829/1/122
f 803/1/122 825/1/122 805/1/122
f 798/1/122 831/1/122 829/1/122
f 801/1/122 829/1/122 827/1/122
f 827/1/122 825/1/122 803/1/122
f 825/1/122 823/1/122 805/1/122
f 821/1/122 820/1/122 800/1/122
f 811/1/40 834/1/40 812/1/40
f 819/1/40 822/1/40 812/1/40
f 830/1/40 832/1/40 811/1/40
f 826/1/40 814/1/40 813/1/40
f 814/1/40 830/1/40 811/1/40
f 832/1/40 834/1/40 811/1/40
f 824/1/40 813/1/40 822/1/40
f 822/1/40 813/1/40 812/1/40
f 824/1/40 826/1/40 813/1/40
f 814/1/40 828/1/40 830/1/40
f 828/1/40 814/1/40 826/1/40
f 834/1/40 819/1/40 812/1/40
f 858/1/396 860/1/396 876/1/396
f 839/1/470 838/1/470 840/1/470
f 840/1/471 841/1/471 839/1/471
f 841/1/472 840/1/472 842/1/472
f 842/1/473 843/1/473 841/1/473
f 843/1/474 842/1/474 844/1/474
f 843/1/475 844/1/475 845/1/475
f 845/1/476 846/1/476 843/1/476
f 845/1/477 847/1/477 846/1/477
f 847/1/478 845/1/478 848/1/478
f 848/1/479 849/1/479 847/1/479
f 849/1/480 848/1/480 850/1/480
f 849/1/481 850/1/481 838/1/481
f 838/1/482 839/1/482 849/1/482
f 853/1/483 852/1/483 851/1/483
f 852/1/484 853/1/484 855/1/484
f 855/1/485 854/1/485 852/1/485
f 854/1/486 855/1/486 857/1/486
f 857/1/487 856/1/487 854/1/487
f 856/1/488 857/1/488 859/1/488
f 859/1/489 858/1/489 856/1/489
f 858/1/490 859/1/490 861/1/490
f 861/1/491 860/1/491 858/1/491
f 860/1/492 861/1/492 863/1/492
f 863/1/493 862/1/493 860/1/493
f 862/1/494 863/1/494 864/1/494
f 864/1/495 851/1/495 862/1/495
f 851/1/496 864/1/496 853/1/496
f 773/1/40 810/1/40 771/1/40
f 816/1/40 768/1/40 799/1/40
f 805/1/122 769/1/122 772/1/122
f 876/1/122 860/1/122 874/1/122
f 805/1/122 800/1/122 769/1/122
f 872/1/497 871/1/497 873/1/497
f 858/1/122 871/1/122 856/1/122
f 769/1/122 874/1/122 851/1/122
f 852/1/122 769/1/122 851/1/122
f 871/1/122 854/1/122 856/1/122
f 874/1/498 860/1/498 862/1/498
f 846/1/122 854/1/122 871/1/122
f 854/1/122 849/1/122 852/1/122
f 867/1/122 841/1/122 843/1/122
f 854/1/122 847/1/122 849/1/122
f 854/1/396 846/1/396 847/1/396
f 867/1/122 865/1/122 841/1/122
f 769/1/122 852/1/122 849/1/122
f 839/1/122 865/1/122 849/1/122
f 869/1/426 843/1/426 846/1/426
f 869/1/122 867/1/122 843/1/122
f 841/1/122 865/1/122 839/1/122
f 871/1/122 869/1/122 846/1/122
f 876/1/122 871/1/122 858/1/122
f 865/1/122 772/1/122 769/1/122
f 850/1/40 848/1/40 855/1/40
f 859/1/499 873/1/499 877/1/499
f 872/1/500 873/1/500 859/1/500
f 835/1/40 866/1/40 838/1/40
f 850/1/40 855/1/40 835/1/40
f 859/1/501 877/1/501 861/1/501
f 861/1/502 877/1/502 863/1/502
f 836/1/503 864/1/503 863/1/503
f 872/1/40 857/1/40 845/1/40
f 866/1/40 868/1/40 842/1/40
f 837/1/40 853/1/40 864/1/40
f 877/1/504 875/1/504 863/1/504
f 837/1/40 835/1/40 853/1/40
f 857/1/40 855/1/40 848/1/40
f 836/1/40 837/1/40 864/1/40
f 845/1/40 857/1/40 848/1/40
f 872/1/505 859/1/505 857/1/505
f 855/1/40 853/1/40 835/1/40
f 870/1/40 872/1/40 845/1/40
f 844/1/438 870/1/438 845/1/438
f 850/1/438 835/1/438 838/1/438
f 844/1/40 868/1/40 870/1/40
f 842/1/40 868/1/40 844/1/40
f 866/1/506 840/1/506 838/1/506
f 840/1/438 866/1/438 842/1/438
f 875/1/507 836/1/507 863/1/507
f 878/1/508 919/1/508 888/1/508
f 882/1/509 887/1/509 881/1/509
f 905/1/510 900/1/510 897/1/510
f 880/1/511 896/1/511 898/1/511
f 898/1/512 881/1/512 880/1/512
f 883/1/513 882/1/513 898/1/513
f 901/1/514 884/1/514 897/1/514
f 919/1/515 878/1/515 885/1/515
f 879/1/516 880/1/516 887/1/516
f 885/1/517 886/1/517 919/1/517
f 884/1/518 1093/1/518 887/1/518
f 890/1/519 894/1/519 889/1/519
f 884/1/520 887/1/520 882/1/520
f 889/1/521 888/1/521 903/1/521
f 894/1/522 888/1/522 889/1/522
f 888/1/523 879/1/523 878/1/523
f 893/1/524 888/1/524 894/1/524
f 894/1/525 890/1/525 891/1/525
f 893/1/526 896/1/526 879/1/526
f 896/1/527 893/1/527 895/1/527
f 905/1/528 896/1/528 906/1/528
f 902/1/529 899/1/529 1162/1/529
f 897/1/530 883/1/530 898/1/530
f 1162/1/531 899/1/531 909/1/531
f 890/1/532 889/1/532 903/1/532
f 891/1/533 912/1/533 894/1/533
f 892/1/534 890/1/534 904/1/534
f 895/1/535 894/1/535 920/1/535
f 894/1/536 895/1/536 893/1/536
f 906/1/537 895/1/537 913/1/537
f 914/1/538 906/1/538 913/1/538
f 898/1/539 896/1/539 905/1/539
f 900/1/540 905/1/540 906/1/540
f 901/1/541 902/1/541 1093/1/541
f 902/1/542 901/1/542 899/1/542
f 903/1/543 917/1/543 918/1/543
f 914/1/544 1111/1/544 915/1/544
f 911/1/545 890/1/545 1110/1/545
f 906/1/546 914/1/546 915/1/546
f 921/1/547 899/1/547 908/1/547
f 916/1/548 910/1/548 899/1/548
f 916/1/549 1162/1/549 910/1/549
f 904/1/550 911/1/550 892/1/550
f 1116/1/551 908/1/551 907/1/551
f 921/1/552 916/1/552 899/1/552
f 1114/1/553 1162/1/553 916/1/553
f 1368/1/554 923/1/554 922/1/554
f 930/1/555 1368/1/555 924/1/555
f 925/1/556 930/1/556 924/1/556
f 1033/1/557 1379/1/557 1367/1/557
f 930/1/558 925/1/558 951/1/558
f 1368/1/559 925/1/559 924/1/559
f 1379/1/560 925/1/560 1368/1/560
f 925/1/561 1379/1/561 1033/1/561
f 927/1/562 917/1/562 926/1/562
f 1119/1/563 912/1/563 1115/1/563
f 926/1/564 917/1/564 919/1/564
f 923/1/565 930/1/565 926/1/565
f 929/1/566 1117/1/566 918/1/566
f 919/1/567 922/1/567 926/1/567
f 922/1/568 923/1/568 926/1/568
f 1368/1/569 930/1/569 923/1/569
f 928/1/570 931/1/570 929/1/570
f 954/1/571 930/1/571 934/1/571
f 957/1/572 932/1/572 931/1/572
f 957/1/573 931/1/573 928/1/573
f 942/1/574 1157/1/574 936/1/574
f 929/1/575 932/1/575 1153/1/575
f 928/1/576 944/1/576 957/1/576
f 935/1/577 954/1/577 934/1/577
f 958/1/578 937/1/578 936/1/578
f 947/1/579 948/1/579 938/1/579
f 933/1/580 932/1/580 941/1/580
f 1165/1/581 941/1/581 946/1/581
f 1624/1/582 1176/1/582 939/1/582
f 947/1/583 938/1/583 942/1/583
f 939/1/584 938/1/584 940/1/584
f 950/1/585 949/1/585 964/1/585
f 1165/1/586 1163/1/586 941/1/586
f 1165/1/587 946/1/587 1164/1/587
f 936/1/588 937/1/588 942/1/588
f 943/1/589 942/1/589 939/1/589
f 939/1/590 1176/1/590 943/1/590
f 930/1/591 951/1/591 935/1/591
f 928/1/592 954/1/592 944/1/592
f 944/1/593 972/1/593 945/1/593
f 960/1/594 936/1/594 1164/1/594
f 1164/1/595 946/1/595 959/1/595
f 947/1/596 961/1/596 948/1/596
f 962/1/597 940/1/597 948/1/597
f 963/1/598 1626/1/598 964/1/598
f 1633/1/599 1628/1/599 1626/1/599
f 965/1/600 949/1/600 952/1/600
f 979/1/601 963/1/601 964/1/601
f 950/1/602 952/1/602 949/1/602
f 970/1/603 968/1/603 974/1/603
f 955/1/604 952/1/604 950/1/604
f 1629/1/605 953/1/605 1627/1/605
f 953/1/606 950/1/606 1627/1/606
f 970/1/607 958/1/607 956/1/607
f 944/1/608 973/1/608 972/1/608
f 986/1/609 969/1/609 944/1/609
f 970/1/610 974/1/610 958/1/610
f 945/1/611 971/1/611 959/1/611
f 1164/1/612 973/1/612 960/1/612
f 960/1/613 973/1/613 969/1/613
f 1164/1/614 959/1/614 973/1/614
f 947/1/615 958/1/615 974/1/615
f 947/1/616 976/1/616 961/1/616
f 979/1/617 966/1/617 1004/1/617
f 1626/1/618 963/1/618 1631/1/618
f 986/1/619 944/1/619 954/1/619
f 982/1/620 1008/1/620 983/1/620
f 966/1/621 949/1/621 965/1/621
f 967/1/622 981/1/622 982/1/622
f 955/1/623 975/1/623 974/1/623
f 1007/1/624 1008/1/624 984/1/624
f 956/1/625 967/1/625 968/1/625
f 952/1/626 955/1/626 968/1/626
f 974/1/627 968/1/627 955/1/627
f 986/1/628 960/1/628 969/1/628
f 956/1/629 968/1/629 970/1/629
f 1006/1/630 1030/1/630 1035/1/630
f 975/1/631 955/1/631 991/1/631
f 979/1/632 1631/1/632 963/1/632
f 1629/1/633 1003/1/633 991/1/633
f 959/1/634 971/1/634 973/1/634
f 987/1/635 947/1/635 974/1/635
f 990/1/636 988/1/636 1000/1/636
f 996/1/637 992/1/637 975/1/637
f 994/1/638 961/1/638 976/1/638
f 994/1/639 999/1/639 961/1/639
f 1001/1/640 1000/1/640 1020/1/640
f 1001/1/641 978/1/641 1000/1/641
f 951/1/642 1033/1/642 980/1/642
f 985/1/643 1037/1/643 1038/1/643
f 925/1/644 1033/1/644 951/1/644
f 1005/1/645 983/1/645 1008/1/645
f 965/1/646 983/1/646 966/1/646
f 992/1/647 1011/1/647 975/1/647
f 967/1/648 982/1/648 965/1/648
f 1009/1/649 985/1/649 1038/1/649
f 984/1/650 986/1/650 1006/1/650
f 1027/1/651 1010/1/651 1042/1/651
f 960/1/652 986/1/652 981/1/652
f 977/1/653 987/1/653 1010/1/653
f 1010/1/654 987/1/654 975/1/654
f 1011/1/655 1015/1/655 975/1/655
f 988/1/656 995/1/656 975/1/656
f 1012/1/657 1010/1/657 975/1/657
f 1025/1/658 977/1/658 1027/1/658
f 975/1/659 995/1/659 996/1/659
f 994/1/660 996/1/660 995/1/660
f 995/1/661 988/1/661 989/1/661
f 1001/1/662 962/1/662 978/1/662
f 978/1/663 989/1/663 990/1/663
f 1002/1/664 991/1/664 1003/1/664
f 1000/1/665 991/1/665 1002/1/665
f 987/1/666 977/1/666 976/1/666
f 994/1/667 977/1/667 992/1/667
f 992/1/668 977/1/668 993/1/668
f 996/1/669 994/1/669 992/1/669
f 1024/1/670 1022/1/670 1002/1/670
f 1020/1/671 1000/1/671 1002/1/671
f 1004/1/672 966/1/672 1031/1/672
f 1029/1/673 980/1/673 1033/1/673
f 1631/1/674 1004/1/674 1032/1/674
f 1006/1/675 1007/1/675 984/1/675
f 966/1/676 983/1/676 1031/1/676
f 1005/1/677 1031/1/677 983/1/677
f 1021/1/678 1018/1/678 1023/1/678
f 1008/1/679 1007/1/679 1036/1/679
f 985/1/680 1009/1/680 1006/1/680
f 1038/1/681 1006/1/681 1009/1/681
f 1010/1/682 1039/1/682 1042/1/682
f 1011/1/683 992/1/683 993/1/683
f 1061/1/684 1012/1/684 1015/1/684
f 1017/1/685 1018/1/685 1024/1/685
f 993/1/686 1014/1/686 1013/1/686
f 1014/1/687 1061/1/687 1015/1/687
f 1014/1/688 1044/1/688 1023/1/688
f 1027/1/689 1026/1/689 1025/1/689
f 1002/1/690 1003/1/690 1041/1/690
f 1018/1/691 1017/1/691 1019/1/691
f 1024/1/692 1002/1/692 1041/1/692
f 1018/1/693 1022/1/693 1024/1/693
f 1042/1/694 1026/1/694 1027/1/694
f 1040/1/695 1042/1/695 1039/1/695
f 1023/1/696 1019/1/696 1014/1/696
f 993/1/697 1025/1/697 1014/1/697
f 1023/1/698 1018/1/698 1019/1/698
f 1681/1/699 1680/1/699 1023/1/699
f 1642/1/700 1023/1/700 1680/1/700
f 1025/1/701 1028/1/701 1044/1/701
f 1019/1/702 1016/1/702 1014/1/702
f 980/1/703 1029/1/703 1037/1/703
f 1030/1/704 1006/1/704 1034/1/704
f 1047/1/705 1035/1/705 1030/1/705
f 1031/1/706 1005/1/706 1053/1/706
f 1060/1/707 1039/1/707 1061/1/707
f 1035/1/708 1036/1/708 1007/1/708
f 1036/1/709 1035/1/709 1047/1/709
f 1034/1/710 1006/1/710 1038/1/710
f 1061/1/711 1646/1/711 1088/1/711
f 1021/1/712 1022/1/712 1018/1/712
f 1063/1/713 1042/1/713 1040/1/713
f 1024/1/714 1041/1/714 1061/1/714
f 1042/1/715 1043/1/715 1025/1/715
f 1025/1/716 1043/1/716 1028/1/716
f 1681/1/717 1023/1/717 1044/1/717
f 1295/1/718 1307/1/718 1308/1/718
f 1051/1/719 1054/1/719 1053/1/719
f 1055/1/720 1073/1/720 1056/1/720
f 1034/1/721 1067/1/721 1030/1/721
f 1051/1/722 1045/1/722 1048/1/722
f 1049/1/723 1048/1/723 1045/1/723
f 1045/1/724 1068/1/724 1050/1/724
f 1046/1/725 1070/1/725 1072/1/725
f 1070/1/726 1033/1/726 1367/1/726
f 1029/1/727 1070/1/727 1046/1/727
f 1072/1/728 1070/1/728 1387/1/728
f 1046/1/729 1067/1/729 1034/1/729
f 1048/1/730 1054/1/730 1051/1/730
f 1055/1/731 1032/1/731 1050/1/731
f 1032/1/732 1049/1/732 1050/1/732
f 1049/1/733 1031/1/733 1048/1/733
f 1050/1/734 1049/1/734 1045/1/734
f 1032/1/735 1055/1/735 1057/1/735
f 1071/1/736 1050/1/736 1068/1/736
f 1046/1/737 1037/1/737 1029/1/737
f 1053/1/738 1005/1/738 1052/1/738
f 1052/1/739 1005/1/739 1051/1/739
f 1031/1/740 1053/1/740 1054/1/740
f 1048/1/741 1031/1/741 1054/1/741
f 1052/1/742 1051/1/742 1053/1/742
f 1056/1/743 1057/1/743 1055/1/743
f 1077/1/744 1647/1/744 1057/1/744
f 1038/1/745 1037/1/745 1034/1/745
f 1060/1/746 1059/1/746 1040/1/746
f 1088/1/747 1059/1/747 1060/1/747
f 1091/1/748 1063/1/748 1040/1/748
f 1062/1/749 1091/1/749 1040/1/749
f 1384/1/750 1064/1/750 1065/1/750
f 1076/1/751 1056/1/751 1073/1/751
f 1069/1/752 1071/1/752 1068/1/752
f 1066/1/753 1069/1/753 1068/1/753
f 1417/1/754 1387/1/754 1070/1/754
f 1072/1/755 1067/1/755 1046/1/755
f 1034/1/756 1037/1/756 1046/1/756
f 1073/1/757 1389/1/757 1689/1/757
f 1076/1/758 1074/1/758 1056/1/758
f 1077/1/759 1074/1/759 1082/1/759
f 1056/1/760 1074/1/760 1077/1/760
f 1390/1/761 1080/1/761 1075/1/761
f 1082/1/762 1074/1/762 1075/1/762
f 1074/1/763 1076/1/763 1075/1/763
f 1079/1/764 1390/1/764 1078/1/764
f 1082/1/765 1081/1/765 1079/1/765
f 1082/1/766 1079/1/766 1086/1/766
f 1079/1/767 1078/1/767 1084/1/767
f 1086/1/768 1077/1/768 1082/1/768
f 1083/1/769 1391/1/769 1084/1/769
f 1085/1/770 1084/1/770 1059/1/770
f 1083/1/771 1084/1/771 1078/1/771
f 1086/1/772 1079/1/772 1085/1/772
f 1085/1/773 1088/1/773 1086/1/773
f 1084/1/774 1391/1/774 1059/1/774
f 1085/1/775 1059/1/775 1088/1/775
f 1040/1/776 1039/1/776 1060/1/776
f 1062/1/777 1392/1/777 1092/1/777
f 1089/1/778 1650/1/778 1087/1/778
f 1062/1/779 1092/1/779 1091/1/779
f 1089/1/780 1086/1/780 1088/1/780
f 1397/1/781 1398/1/781 1306/1/781
f 1397/1/782 1305/1/782 1398/1/782
f 1398/1/783 1305/1/783 1092/1/783
f 886/1/784 1368/1/784 922/1/784
f 1095/1/785 1096/1/785 879/1/785
f 1097/1/786 879/1/786 1096/1/786
f 1098/1/787 879/1/787 1097/1/787
f 1100/1/788 879/1/788 1098/1/788
f 1098/1/789 1099/1/789 1100/1/789
f 1100/1/790 1099/1/790 1249/1/790
f 1259/1/791 1101/1/791 1258/1/791
f 1101/1/792 1102/1/792 1103/1/792
f 1262/1/793 1105/1/793 1265/1/793
f 1260/1/794 1595/1/794 879/1/794
f 1102/1/795 1105/1/795 1103/1/795
f 1262/1/796 1107/1/796 1106/1/796
f 1619/1/797 1108/1/797 1262/1/797
f 1108/1/798 1109/1/798 1107/1/798
f 1109/1/799 1619/1/799 1592/1/799
f 1110/1/800 918/1/800 1117/1/800
f 927/1/801 918/1/801 917/1/801
f 892/1/802 911/1/802 1115/1/802
f 1115/1/803 911/1/803 1110/1/803
f 1111/1/804 914/1/804 920/1/804
f 915/1/805 1111/1/805 1119/1/805
f 915/1/806 1119/1/806 1116/1/806
f 921/1/807 908/1/807 1113/1/807
f 919/1/808 886/1/808 922/1/808
f 1118/1/809 1115/1/809 1120/1/809
f 1121/1/810 1113/1/810 1112/1/810
f 1133/1/811 1114/1/811 921/1/811
f 1118/1/812 1119/1/812 1115/1/812
f 1122/1/813 1112/1/813 1116/1/813
f 1112/1/814 1122/1/814 1121/1/814
f 1123/1/815 1142/1/815 1121/1/815
f 1113/1/816 1121/1/816 1127/1/816
f 1132/1/817 1130/1/817 1131/1/817
f 1134/1/818 1114/1/818 1133/1/818
f 1136/1/819 1115/1/819 1135/1/819
f 1153/1/820 1115/1/820 929/1/820
f 1120/1/821 1115/1/821 1136/1/821
f 1137/1/822 1121/1/822 1122/1/822
f 1125/1/823 1143/1/823 1140/1/823
f 1124/1/824 1125/1/824 1140/1/824
f 1128/1/825 1127/1/825 1142/1/825
f 1131/1/826 1130/1/826 1127/1/826
f 1145/1/827 1125/1/827 1126/1/827
f 1126/1/828 1125/1/828 1124/1/828
f 1144/1/829 1125/1/829 1129/1/829
f 1145/1/830 1147/1/830 1131/1/830
f 1127/1/831 1128/1/831 1129/1/831
f 1131/1/832 1129/1/832 1145/1/832
f 1144/1/833 1129/1/833 1128/1/833
f 1147/1/834 1132/1/834 1131/1/834
f 1146/1/835 1147/1/835 1145/1/835
f 1133/1/836 1127/1/836 1130/1/836
f 1149/1/837 1148/1/837 1147/1/837
f 1133/1/838 1175/1/838 1152/1/838
f 1162/1/839 1134/1/839 1152/1/839
f 933/1/840 1163/1/840 932/1/840
f 1152/1/841 1134/1/841 1133/1/841
f 1136/1/842 1153/1/842 1154/1/842
f 1120/1/843 1136/1/843 1154/1/843
f 1137/1/844 1155/1/844 1167/1/844
f 1138/1/845 1123/1/845 1137/1/845
f 1158/1/846 1140/1/846 1139/1/846
f 1142/1/847 1123/1/847 1139/1/847
f 1158/1/848 1139/1/848 1138/1/848
f 1124/1/849 1141/1/849 1652/1/849
f 1124/1/850 1651/1/850 1126/1/850
f 1172/1/851 1651/1/851 1652/1/851
f 1185/1/852 1148/1/852 1654/1/852
f 1146/1/853 1148/1/853 1149/1/853
f 1216/1/854 1173/1/854 1151/1/854
f 1152/1/855 1175/1/855 1174/1/855
f 1163/1/856 1154/1/856 1153/1/856
f 1165/1/857 1154/1/857 1163/1/857
f 1155/1/858 1137/1/858 1157/1/858
f 1158/1/859 1138/1/859 1159/1/859
f 1140/1/860 1143/1/860 1139/1/860
f 1161/1/861 1160/1/861 1194/1/861
f 1655/1/862 1172/1/862 1654/1/862
f 1132/1/863 1150/1/863 1133/1/863
f 1151/1/864 1150/1/864 1184/1/864
f 1184/1/865 1150/1/865 1148/1/865
f 1185/1/866 1184/1/866 1148/1/866
f 1163/1/867 933/1/867 941/1/867
f 935/1/868 934/1/868 930/1/868
f 942/1/869 1156/1/869 1157/1/869
f 1176/1/870 1177/1/870 1178/1/870
f 1157/1/871 1156/1/871 1155/1/871
f 1191/1/872 1181/1/872 1194/1/872
f 1194/1/873 1160/1/873 1168/1/873
f 1191/1/874 1168/1/874 1180/1/874
f 1194/1/875 1170/1/875 1169/1/875
f 1194/1/876 1169/1/876 1161/1/876
f 1170/1/877 1194/1/877 1187/1/877
f 1652/1/878 1171/1/878 1172/1/878
f 1197/1/879 1198/1/879 1171/1/879
f 1182/1/880 1185/1/880 1199/1/880
f 1184/1/881 1216/1/881 1151/1/881
f 1195/1/882 1181/1/882 1178/1/882
f 1175/1/883 1183/1/883 1186/1/883
f 943/1/884 1156/1/884 942/1/884
f 1156/1/885 943/1/885 1166/1/885
f 1167/1/886 1156/1/886 1179/1/886
f 1179/1/887 1166/1/887 1176/1/887
f 1178/1/888 1179/1/888 1176/1/888
f 1191/1/889 1189/1/889 1159/1/889
f 1159/1/890 1180/1/890 1168/1/890
f 1178/1/891 1658/1/891 1195/1/891
f 1180/1/892 1204/1/892 1191/1/892
f 1181/1/893 1159/1/893 1178/1/893
f 1168/1/894 1191/1/894 1194/1/894
f 1197/1/895 1171/1/895 1207/1/895
f 1194/1/896 1193/1/896 1195/1/896
f 1181/1/897 1193/1/897 1194/1/897
f 1197/1/898 1671/1/898 1198/1/898
f 1199/1/899 1185/1/899 1654/1/899
f 1202/1/900 1182/1/900 1199/1/900
f 1173/1/901 1183/1/901 1175/1/901
f 1183/1/902 1173/1/902 1216/1/902
f 1216/1/903 1185/1/903 1203/1/903
f 1184/1/904 1185/1/904 1216/1/904
f 1166/1/905 943/1/905 1176/1/905
f 1174/1/906 1217/1/906 1152/1/906
f 1225/1/907 1208/1/907 1204/1/907
f 1187/1/908 1658/1/908 1659/1/908
f 1195/1/909 1187/1/909 1194/1/909
f 1225/1/910 1204/1/910 1188/1/910
f 1206/1/911 1219/1/911 1205/1/911
f 1191/1/912 1204/1/912 1189/1/912
f 1192/1/913 1190/1/913 1204/1/913
f 1189/1/914 1204/1/914 1190/1/914
f 1206/1/915 1227/1/915 1219/1/915
f 1659/1/916 1207/1/916 1196/1/916
f 1198/1/917 1671/1/917 1229/1/917
f 1202/1/918 1203/1/918 1182/1/918
f 1210/1/919 1202/1/919 1199/1/919
f 1236/1/920 1162/1/920 1235/1/920
f 1211/1/921 1212/1/921 1213/1/921
f 1227/1/922 1206/1/922 1224/1/922
f 1225/1/923 1188/1/923 1205/1/923
f 1208/1/924 1225/1/924 1224/1/924
f 1218/1/925 1226/1/925 1225/1/925
f 1224/1/926 1241/1/926 1227/1/926
f 1208/1/927 1224/1/927 1192/1/927
f 1205/1/928 1190/1/928 1192/1/928
f 1219/1/929 1218/1/929 1205/1/929
f 1170/1/930 1196/1/930 1207/1/930
f 1212/1/931 1201/1/931 1213/1/931
f 1207/1/932 1209/1/932 1228/1/932
f 1207/1/933 1228/1/933 1197/1/933
f 1665/1/934 1202/1/934 1210/1/934
f 1212/1/935 1211/1/935 1231/1/935
f 1231/1/936 1211/1/936 1232/1/936
f 1233/1/937 1248/1/937 1234/1/937
f 1186/1/938 1200/1/938 1201/1/938
f 1213/1/939 1214/1/939 1211/1/939
f 1666/1/940 1234/1/940 1203/1/940
f 1203/1/941 1202/1/941 1666/1/941
f 1203/1/942 1234/1/942 1216/1/942
f 1192/1/943 1224/1/943 1206/1/943
f 1238/1/944 1215/1/944 1212/1/944
f 1215/1/945 1186/1/945 1212/1/945
f 1162/1/946 1237/1/946 1235/1/946
f 1214/1/947 1213/1/947 1216/1/947
f 1251/1/948 1253/1/948 1274/1/948
f 1664/1/949 1209/1/949 1207/1/949
f 1227/1/950 1220/1/950 1219/1/950
f 1221/1/951 1220/1/951 1227/1/951
f 1223/1/952 1209/1/952 1254/1/952
f 1239/1/953 1221/1/953 1227/1/953
f 1665/1/954 1210/1/954 1230/1/954
f 1273/1/955 1251/1/955 1274/1/955
f 1665/1/956 1230/1/956 1233/1/956
f 1235/1/957 1244/1/957 1236/1/957
f 1231/1/958 1235/1/958 1238/1/958
f 1237/1/959 1238/1/959 1235/1/959
f 1234/1/960 1211/1/960 1214/1/960
f 1220/1/961 1218/1/961 1219/1/961
f 1254/1/962 1218/1/962 1221/1/962
f 1254/1/963 1222/1/963 1223/1/963
f 1254/1/964 1221/1/964 1222/1/964
f 1240/1/965 1241/1/965 1226/1/965
f 1226/1/966 1252/1/966 1240/1/966
f 1227/1/967 1243/1/967 1239/1/967
f 1241/1/968 1240/1/968 1227/1/968
f 1227/1/969 1256/1/969 1243/1/969
f 1243/1/970 1674/1/970 1239/1/970
f 1261/1/971 1248/1/971 1675/1/971
f 1247/1/972 1242/1/972 1245/1/972
f 1242/1/973 1256/1/973 1240/1/973
f 1244/1/974 1260/1/974 1249/1/974
f 1247/1/975 1232/1/975 1248/1/975
f 1233/1/976 1230/1/976 1248/1/976
f 1245/1/977 1232/1/977 1247/1/977
f 1249/1/978 1250/1/978 1244/1/978
f 1252/1/979 1253/1/979 1270/1/979
f 1270/1/980 1253/1/980 1251/1/980
f 1226/1/981 1253/1/981 1252/1/981
f 1281/1/982 1282/1/982 1279/1/982
f 1276/1/983 1278/1/983 1282/1/983
f 1260/1/984 1288/1/984 1257/1/984
f 1242/1/985 1252/1/985 1255/1/985
f 1255/1/986 1283/1/986 1260/1/986
f 1256/1/987 1247/1/987 1261/1/987
f 1260/1/988 1258/1/988 1101/1/988
f 1289/1/989 1258/1/989 1257/1/989
f 1258/1/990 1289/1/990 1259/1/990
f 1259/1/991 1286/1/991 1265/1/991
f 1105/1/992 1102/1/992 1259/1/992
f 1102/1/993 1101/1/993 1259/1/993
f 1259/1/994 1265/1/994 1105/1/994
f 1106/1/995 1595/1/995 1105/1/995
f 1294/1/996 1255/1/996 1269/1/996
f 1292/1/997 1619/1/997 1265/1/997
f 1293/1/998 1266/1/998 1292/1/998
f 1251/1/999 1272/1/999 1270/1/999
f 1044/1/1000 1271/1/1000 1681/1/1000
f 1267/1/1001 1270/1/1001 1272/1/1001
f 1252/1/1002 1269/1/1002 1255/1/1002
f 1277/1/1003 1278/1/1003 1276/1/1003
f 1281/1/1004 1283/1/1004 1255/1/1004
f 1300/1/1005 1296/1/1005 1302/1/1005
f 1281/1/1006 1255/1/1006 1276/1/1006
f 1280/1/1007 1281/1/1007 1279/1/1007
f 1285/1/1008 1283/1/1008 1280/1/1008
f 1290/1/1009 1283/1/1009 1285/1/1009
f 1285/1/1010 1282/1/1010 1290/1/1010
f 1289/1/1011 1257/1/1011 1286/1/1011
f 1284/1/1012 1286/1/1012 1287/1/1012
f 1284/1/1013 1288/1/1013 1283/1/1013
f 1257/1/1014 1287/1/1014 1286/1/1014
f 1265/1/1015 1290/1/1015 1292/1/1015
f 1266/1/1016 1619/1/1016 1292/1/1016
f 1269/1/1017 1270/1/1017 1268/1/1017
f 1303/1/1018 1307/1/1018 1295/1/1018
f 1308/1/1019 1309/1/1019 1298/1/1019
f 1298/1/1020 1296/1/1020 1297/1/1020
f 1681/1/1021 1299/1/1021 1680/1/1021
f 1298/1/1022 1297/1/1022 1294/1/1022
f 1298/1/1023 1295/1/1023 1308/1/1023
f 1298/1/1024 1309/1/1024 1302/1/1024
f 1255/1/1025 1300/1/1025 1301/1/1025
f 1255/1/1026 1301/1/1026 1277/1/1026
f 1300/1/1027 1302/1/1027 1301/1/1027
f 1297/1/1028 1296/1/1028 1294/1/1028
f 1302/1/1029 1296/1/1029 1298/1/1029
f 1294/1/1030 1295/1/1030 1298/1/1030
f 1278/1/1031 1277/1/1031 1302/1/1031
f 1108/1/1032 1619/1/1032 1109/1/1032
f 1290/1/1033 1309/1/1033 1291/1/1033
f 1312/1/1034 1293/1/1034 1311/1/1034
f 1304/1/1035 1303/1/1035 1090/1/1035
f 1306/1/1036 1304/1/1036 1305/1/1036
f 1397/1/1037 1306/1/1037 1305/1/1037
f 1303/1/1038 1308/1/1038 1307/1/1038
f 1295/1/1039 1294/1/1039 1303/1/1039
f 1309/1/1040 1303/1/1040 1304/1/1040
f 1309/1/1041 1304/1/1041 1306/1/1041
f 1306/1/1042 1398/1/1042 1309/1/1042
f 1310/1/1043 1602/1/1043 1291/1/1043
f 1603/1/1044 1311/1/1044 1602/1/1044
f 1311/1/1045 1291/1/1045 1602/1/1045
f 1312/1/1046 1619/1/1046 1293/1/1046
f 1453/1/1047 1452/1/1047 1314/1/1047
f 1315/1/1048 1453/1/1048 1314/1/1048
f 1315/1/1049 1313/1/1049 1453/1/1049
f 1319/1/1050 1318/1/1050 1489/1/1050
f 1313/1/1051 1319/1/1051 1488/1/1051
f 1313/1/1052 1321/1/1052 1319/1/1052
f 1322/1/1053 1487/1/1053 1516/1/1053
f 1314/1/1054 1487/1/1054 1316/1/1054
f 1317/1/1055 1315/1/1055 1314/1/1055
f 1546/1/1056 1317/1/1056 1316/1/1056
f 1332/1/1057 1538/1/1057 1537/1/1057
f 1537/1/1058 1525/1/1058 1332/1/1058
f 1517/1/1059 1525/1/1059 1537/1/1059
f 1321/1/1060 1317/1/1060 1323/1/1060
f 1333/1/1061 1332/1/1061 1319/1/1061
f 1547/1/1062 1327/1/1062 1546/1/1062
f 1316/1/1063 1322/1/1063 1344/1/1063
f 1317/1/1064 1327/1/1064 1328/1/1064
f 1331/1/1065 1333/1/1065 1320/1/1065
f 1320/1/1066 1321/1/1066 1323/1/1066
f 1322/1/1067 1336/1/1067 1344/1/1067
f 1337/1/1068 1344/1/1068 1336/1/1068
f 1559/1/1069 1547/1/1069 1546/1/1069
f 1559/1/1070 1344/1/1070 1338/1/1070
f 1326/1/1071 1327/1/1071 1325/1/1071
f 1327/1/1072 1326/1/1072 1328/1/1072
f 1338/1/1073 1328/1/1073 1325/1/1073
f 1335/1/1074 1339/1/1074 1324/1/1074
f 1333/1/1075 1339/1/1075 1538/1/1075
f 1320/1/1076 1324/1/1076 1331/1/1076
f 1317/1/1077 1338/1/1077 1323/1/1077
f 1340/1/1078 1344/1/1078 1337/1/1078
f 1325/1/1079 1559/1/1079 1338/1/1079
f 1340/1/1080 1338/1/1080 1344/1/1080
f 1341/1/1081 1338/1/1081 1340/1/1081
f 1323/1/1082 1338/1/1082 1341/1/1082
f 1320/1/1083 1323/1/1083 1341/1/1083
f 1335/1/1084 1324/1/1084 1334/1/1084
f 1343/1/1085 1336/1/1085 1342/1/1085
f 1328/1/1086 1326/1/1086 1325/1/1086
f 1551/1/1087 1559/1/1087 1325/1/1087
f 1327/1/1088 1551/1/1088 1325/1/1088
f 1329/1/1089 1328/1/1089 1338/1/1089
f 1562/1/1090 1339/1/1090 1335/1/1090
f 1336/1/1091 1343/1/1091 1337/1/1091
f 1345/1/1092 1341/1/1092 1346/1/1092
f 1345/1/1093 1334/1/1093 1341/1/1093
f 1348/1/1094 1347/1/1094 1571/1/1094
f 1337/1/1095 1347/1/1095 1340/1/1095
f 1562/1/1096 1335/1/1096 1575/1/1096
f 1346/1/1097 1349/1/1097 1354/1/1097
f 1354/1/1098 1345/1/1098 1346/1/1098
f 1361/1/1099 1352/1/1099 1581/1/1099
f 1347/1/1100 1348/1/1100 1356/1/1100
f 1343/1/1101 1571/1/1101 1347/1/1101
f 1346/1/1102 1340/1/1102 1349/1/1102
f 1340/1/1103 1347/1/1103 1349/1/1103
f 1363/1/1104 1355/1/1104 1349/1/1104
f 1350/1/1105 1347/1/1105 1356/1/1105
f 1350/1/1106 1363/1/1106 1349/1/1106
f 1685/1/1107 1334/1/1107 1345/1/1107
f 1348/1/1108 1352/1/1108 1361/1/1108
f 1362/1/1109 1361/1/1109 1581/1/1109
f 1389/1/1110 1069/1/1110 1687/1/1110
f 1363/1/1111 1350/1/1111 1356/1/1111
f 1686/1/1112 1685/1/1112 2448/1/1112
f 1788/1/1113 1721/1/1113 1716/1/1113
f 1578/1/1114 1589/1/1114 1590/1/1114
f 1353/1/1115 1575/1/1115 1360/1/1115
f 1358/1/1116 1357/1/1116 1359/1/1116
f 1713/1/1117 1355/1/1117 1365/1/1117
f 1357/1/1118 1358/1/1118 1713/1/1118
f 1362/1/1119 1356/1/1119 1361/1/1119
f 1362/1/1120 1716/1/1120 1718/1/1120
f 1714/1/1121 1356/1/1121 1362/1/1121
f 1363/1/1122 1356/1/1122 1714/1/1122
f 1364/1/1123 1365/1/1123 1363/1/1123
f 1722/1/1124 2451/1/1124 2448/1/1124
f 1366/1/1125 1587/1/1125 1353/1/1125
f 1379/1/1126 1370/1/1126 1367/1/1126
f 1368/1/1127 1425/1/1127 1379/1/1127
f 1368/1/1128 1369/1/1128 1371/1/1128
f 1592/1/1129 1619/1/1129 1593/1/1129
f 1372/1/1130 1368/1/1130 1373/1/1130
f 1372/1/1131 1369/1/1131 1368/1/1131
f 1425/1/1132 1371/1/1132 1431/1/1132
f 1500/1/1133 1477/1/1133 1405/1/1133
f 1370/1/1134 1374/1/1134 1367/1/1134
f 1450/1/1135 1372/1/1135 1373/1/1135
f 1374/1/1136 1370/1/1136 1491/1/1136
f 1512/1/1137 1616/1/1137 1373/1/1137
f 1512/1/1138 1373/1/1138 1595/1/1138
f 1493/1/1139 1517/1/1139 1494/1/1139
f 1375/1/1140 1383/1/1140 1376/1/1140
f 1494/1/1141 1517/1/1141 1526/1/1141
f 1378/1/1142 1377/1/1142 1379/1/1142
f 1554/1/1143 1555/1/1143 1548/1/1143
f 1383/1/1144 1379/1/1144 1376/1/1144
f 1545/1/1145 1378/1/1145 1558/1/1145
f 1381/1/1146 1378/1/1146 1383/1/1146
f 1352/1/1147 1378/1/1147 1380/1/1147
f 1415/1/1148 1066/1/1148 1402/1/1148
f 1765/1/1149 1763/1/1149 1766/1/1149
f 1786/1/1150 1779/1/1150 1380/1/1150
f 1807/1/1151 1765/1/1151 1767/1/1151
f 1416/1/1152 1439/1/1152 1414/1/1152
f 1067/1/1153 1400/1/1153 1385/1/1153
f 1403/1/1154 1386/1/1154 1385/1/1154
f 1386/1/1155 1384/1/1155 1065/1/1155
f 1069/1/1156 1389/1/1156 1071/1/1156
f 1387/1/1157 1417/1/1157 1388/1/1157
f 1388/1/1158 1404/1/1158 1072/1/1158
f 1073/1/1159 1071/1/1159 1389/1/1159
f 1407/1/1160 1076/1/1160 1689/1/1160
f 1400/1/1161 1404/1/1161 1437/1/1161
f 1386/1/1162 1065/1/1162 1385/1/1162
f 1688/1/1163 1687/1/1163 1069/1/1163
f 1072/1/1164 1387/1/1164 1388/1/1164
f 1390/1/1165 1406/1/1165 1408/1/1165
f 1407/1/1166 1477/1/1166 1406/1/1166
f 1391/1/1167 1390/1/1167 1408/1/1167
f 1409/1/1168 1392/1/1168 1408/1/1168
f 1392/1/1169 1391/1/1169 1408/1/1169
f 1410/1/1170 1396/1/1170 1411/1/1170
f 1092/1/1171 1392/1/1171 1410/1/1171
f 1394/1/1172 1398/1/1172 1092/1/1172
f 1393/1/1173 1394/1/1173 1092/1/1173
f 1412/1/1174 1399/1/1174 1396/1/1174
f 1395/1/1175 1394/1/1175 1393/1/1175
f 1413/1/1176 1444/1/1176 1416/1/1176
f 1403/1/1177 1385/1/1177 1413/1/1177
f 1414/1/1178 1402/1/1178 1384/1/1178
f 1399/1/1179 1395/1/1179 1396/1/1179
f 1416/1/1180 1403/1/1180 1413/1/1180
f 1419/1/1181 1437/1/1181 1404/1/1181
f 1401/1/1182 1385/1/1182 1400/1/1182
f 1688/1/1183 1442/1/1183 1691/1/1183
f 1405/1/1184 1477/1/1184 1407/1/1184
f 1411/1/1185 1396/1/1185 1393/1/1185
f 1392/1/1186 1421/1/1186 1410/1/1186
f 1092/1/1187 1410/1/1187 1411/1/1187
f 1396/1/1188 1447/1/1188 1428/1/1188
f 1369/1/1189 1433/1/1189 1609/1/1189
f 1432/1/1190 1396/1/1190 1428/1/1190
f 1463/1/1191 1464/1/1191 1439/1/1191
f 1412/1/1192 1371/1/1192 1369/1/1192
f 1372/1/1193 1609/1/1193 1433/1/1193
f 1396/1/1194 1432/1/1194 1412/1/1194
f 1609/1/1195 1610/1/1195 1606/1/1195
f 1438/1/1196 1444/1/1196 1413/1/1196
f 1399/1/1197 1412/1/1197 1601/1/1197
f 1455/1/1198 1438/1/1198 1436/1/1198
f 1439/1/1199 1415/1/1199 1414/1/1199
f 1437/1/1200 1435/1/1200 1401/1/1200
f 1444/1/1201 1439/1/1201 1416/1/1201
f 1690/1/1202 1691/1/1202 1405/1/1202
f 1690/1/1203 1687/1/1203 1688/1/1203
f 1367/1/1204 1374/1/1204 1417/1/1204
f 1691/1/1205 1690/1/1205 1688/1/1205
f 1424/1/1206 1428/1/1206 1447/1/1206
f 1446/1/1207 1409/1/1207 1445/1/1207
f 1445/1/1208 1480/1/1208 1446/1/1208
f 1420/1/1209 1423/1/1209 1409/1/1209
f 1424/1/1210 1447/1/1210 1448/1/1210
f 1421/1/1211 1422/1/1211 1447/1/1211
f 1422/1/1212 1423/1/1212 1447/1/1212
f 1379/1/1213 1425/1/1213 1427/1/1213
f 1432/1/1214 1426/1/1214 1371/1/1214
f 1432/1/1215 1429/1/1215 1426/1/1215
f 1410/1/1216 1447/1/1216 1396/1/1216
f 1430/1/1217 1428/1/1217 1424/1/1217
f 1371/1/1218 1426/1/1218 1431/1/1218
f 1430/1/1219 1427/1/1219 1429/1/1219
f 1432/1/1220 1371/1/1220 1412/1/1220
f 1609/1/1221 1372/1/1221 1434/1/1221
f 1435/1/1222 1436/1/1222 1401/1/1222
f 1435/1/1223 1460/1/1223 1436/1/1223
f 1444/1/1224 1468/1/1224 1439/1/1224
f 1442/1/1225 1688/1/1225 1441/1/1225
f 1440/1/1226 1463/1/1226 1439/1/1226
f 1466/1/1227 1441/1/1227 1415/1/1227
f 1478/1/1228 1406/1/1228 1477/1/1228
f 1418/1/1229 1417/1/1229 1374/1/1229
f 1418/1/1230 1374/1/1230 1443/1/1230
f 1418/1/1231 1443/1/1231 1437/1/1231
f 1437/1/1232 1419/1/1232 1418/1/1232
f 1448/1/1233 1447/1/1233 1446/1/1233
f 1480/1/1234 1481/1/1234 1507/1/1234
f 1406/1/1235 1478/1/1235 1479/1/1235
f 1447/1/1236 1423/1/1236 1420/1/1236
f 1447/1/1237 1420/1/1237 1446/1/1237
f 1448/1/1238 1507/1/1238 1482/1/1238
f 1508/1/1239 1430/1/1239 1424/1/1239
f 1427/1/1240 1430/1/1240 1379/1/1240
f 1450/1/1241 1616/1/1241 1434/1/1241
f 1456/1/1242 1455/1/1242 1452/1/1242
f 1456/1/1243 1453/1/1243 1457/1/1243
f 1488/1/1244 1457/1/1244 1453/1/1244
f 1489/1/1245 1454/1/1245 1488/1/1245
f 1458/1/1246 1465/1/1246 1457/1/1246
f 1459/1/1247 1374/1/1247 1491/1/1247
f 1459/1/1248 1486/1/1248 1460/1/1248
f 1466/1/1249 1458/1/1249 1467/1/1249
f 1455/1/1250 1456/1/1250 1438/1/1250
f 1439/1/1251 1464/1/1251 1465/1/1251
f 1456/1/1252 1462/1/1252 1469/1/1252
f 1456/1/1253 1457/1/1253 1462/1/1253
f 1463/1/1254 1440/1/1254 1457/1/1254
f 1462/1/1255 1439/1/1255 1461/1/1255
f 1465/1/1256 1464/1/1256 1457/1/1256
f 1463/1/1257 1457/1/1257 1464/1/1257
f 1460/1/1258 1443/1/1258 1459/1/1258
f 1468/1/1259 1438/1/1259 1469/1/1259
f 1469/1/1260 1462/1/1260 1461/1/1260
f 1440/1/1261 1462/1/1261 1457/1/1261
f 1466/1/1262 1467/1/1262 1442/1/1262
f 1467/1/1263 1517/1/1263 1442/1/1263
f 1493/1/1264 1494/1/1264 1492/1/1264
f 1470/1/1265 1468/1/1265 1469/1/1265
f 1461/1/1266 1468/1/1266 1470/1/1266
f 1470/1/1267 1474/1/1267 1471/1/1267
f 1471/1/1268 1473/1/1268 1496/1/1268
f 1496/1/1269 1470/1/1269 1469/1/1269
f 1471/1/1270 1496/1/1270 1472/1/1270
f 1692/1/1271 1517/1/1271 1490/1/1271
f 1502/1/1272 1497/1/1272 1473/1/1272
f 1496/1/1273 1474/1/1273 1470/1/1273
f 1474/1/1274 1502/1/1274 1473/1/1274
f 1473/1/1275 1471/1/1275 1474/1/1275
f 1682/1/1276 1332/1/1276 1525/1/1276
f 1522/1/1277 1479/1/1277 1504/1/1277
f 1479/1/1278 1505/1/1278 1481/1/1278
f 1504/1/1279 1479/1/1279 1478/1/1279
f 1481/1/1280 1506/1/1280 1507/1/1280
f 1479/1/1281 1480/1/1281 1445/1/1281
f 1479/1/1282 1481/1/1282 1480/1/1282
f 1491/1/1283 1516/1/1283 1459/1/1283
f 1508/1/1284 1483/1/1284 1511/1/1284
f 1483/1/1285 1484/1/1285 1511/1/1285
f 1482/1/1286 1511/1/1286 1484/1/1286
f 1483/1/1287 1449/1/1287 1484/1/1287
f 1510/1/1288 1508/1/1288 1523/1/1288
f 1485/1/1289 1376/1/1289 1430/1/1289
f 1375/1/1290 1376/1/1290 1509/1/1290
f 1509/1/1291 1376/1/1291 1485/1/1291
f 1616/1/1292 1450/1/1292 1373/1/1292
f 1451/1/1293 1436/1/1293 1460/1/1293
f 1314/1/1294 1455/1/1294 1487/1/1294
f 1454/1/1295 1489/1/1295 1318/1/1295
f 1494/1/1296 1498/1/1296 1492/1/1296
f 1493/1/1297 1501/1/1297 1517/1/1297
f 1493/1/1298 1492/1/1298 1501/1/1298
f 1495/1/1299 1518/1/1299 1503/1/1299
f 1517/1/1300 1501/1/1300 1442/1/1300
f 1518/1/1301 1498/1/1301 1528/1/1301
f 1502/1/1302 1503/1/1302 1476/1/1302
f 1474/1/1303 1496/1/1303 1495/1/1303
f 1473/1/1304 1475/1/1304 1498/1/1304
f 1478/1/1305 1501/1/1305 1504/1/1305
f 1500/1/1306 1501/1/1306 1478/1/1306
f 1503/1/1307 1522/1/1307 1476/1/1307
f 1492/1/1308 1498/1/1308 1499/1/1308
f 1520/1/1309 1506/1/1309 1479/1/1309
f 1521/1/1310 1520/1/1310 1522/1/1310
f 1479/1/1311 1522/1/1311 1520/1/1311
f 1506/1/1312 1520/1/1312 1521/1/1312
f 1506/1/1313 1481/1/1313 1505/1/1313
f 1506/1/1314 1521/1/1314 1507/1/1314
f 1545/1/1315 1322/1/1315 1516/1/1315
f 1375/1/1316 1509/1/1316 1513/1/1316
f 1514/1/1317 1513/1/1317 1535/1/1317
f 1513/1/1318 1485/1/1318 1510/1/1318
f 1535/1/1319 1620/1/1319 1514/1/1319
f 1621/1/1320 1616/1/1320 1515/1/1320
f 1516/1/1321 1377/1/1321 1545/1/1321
f 1498/1/1322 1494/1/1322 1528/1/1322
f 1503/1/1323 1518/1/1323 1519/1/1323
f 1522/1/1324 1519/1/1324 1521/1/1324
f 1529/1/1325 1521/1/1325 1519/1/1325
f 1482/1/1326 1543/1/1326 1532/1/1326
f 1511/1/1327 1482/1/1327 1532/1/1327
f 1511/1/1328 1544/1/1328 1523/1/1328
f 1536/1/1329 1535/1/1329 1533/1/1329
f 1523/1/1330 1524/1/1330 1510/1/1330
f 1510/1/1331 1524/1/1331 1533/1/1331
f 1620/1/1332 1515/1/1332 1514/1/1332
f 1533/1/1333 1535/1/1333 1510/1/1333
f 1529/1/1334 1519/1/1334 1530/1/1334
f 1542/1/1335 1530/1/1335 1519/1/1335
f 1539/1/1336 1528/1/1336 1526/1/1336
f 1518/1/1337 1527/1/1337 1519/1/1337
f 1521/1/1338 1529/1/1338 1530/1/1338
f 1567/1/1339 1578/1/1339 1557/1/1339
f 1532/1/1340 1544/1/1340 1511/1/1340
f 1523/1/1341 1544/1/1341 1534/1/1341
f 1536/1/1342 1698/1/1342 1535/1/1342
f 1539/1/1343 1526/1/1343 1538/1/1343
f 1519/1/1344 1527/1/1344 1542/1/1344
f 1541/1/1345 1527/1/1345 1540/1/1345
f 1557/1/1346 1541/1/1346 1567/1/1346
f 1542/1/1347 1557/1/1347 1531/1/1347
f 1544/1/1348 1532/1/1348 1693/1/1348
f 1549/1/1349 1547/1/1349 1559/1/1349
f 1547/1/1350 1548/1/1350 1327/1/1350
f 1551/1/1351 1327/1/1351 1548/1/1351
f 1548/1/1352 1547/1/1352 1549/1/1352
f 1555/1/1353 1551/1/1353 1548/1/1353
f 1564/1/1354 1563/1/1354 1560/1/1354
f 1563/1/1355 1552/1/1355 1553/1/1355
f 1540/1/1356 1556/1/1356 1541/1/1356
f 1553/1/1357 1560/1/1357 1563/1/1357
f 1538/1/1358 1330/1/1358 1560/1/1358
f 1526/1/1359 1537/1/1359 1538/1/1359
f 1549/1/1360 1550/1/1360 1552/1/1360
f 1548/1/1361 1549/1/1361 1554/1/1361
f 1556/1/1362 1554/1/1362 1549/1/1362
f 1540/1/1363 1554/1/1363 1556/1/1363
f 1540/1/1364 1527/1/1364 1539/1/1364
f 1530/1/1365 1542/1/1365 1531/1/1365
f 1579/1/1366 1693/1/1366 1532/1/1366
f 1543/1/1367 1531/1/1367 1568/1/1367
f 1568/1/1368 1569/1/1368 1532/1/1368
f 1532/1/1369 1543/1/1369 1568/1/1369
f 1564/1/1370 1560/1/1370 1562/1/1370
f 1556/1/1371 1563/1/1371 1564/1/1371
f 1556/1/1372 1565/1/1372 1541/1/1372
f 1566/1/1373 1570/1/1373 1578/1/1373
f 1567/1/1374 1541/1/1374 1565/1/1374
f 1566/1/1375 1567/1/1375 1565/1/1375
f 1578/1/1376 1567/1/1376 1566/1/1376
f 1352/1/1377 1574/1/1377 1580/1/1377
f 1565/1/1378 1556/1/1378 1564/1/1378
f 1570/1/1379 1566/1/1379 1565/1/1379
f 1579/1/1380 1569/1/1380 1591/1/1380
f 1352/1/1381 1380/1/1381 1574/1/1381
f 1571/1/1382 1342/1/1382 1352/1/1382
f 1582/1/1383 1564/1/1383 1587/1/1383
f 1564/1/1384 1576/1/1384 1565/1/1384
f 1565/1/1385 1576/1/1385 1573/1/1385
f 1582/1/1386 1576/1/1386 1564/1/1386
f 1581/1/1387 1352/1/1387 1580/1/1387
f 1575/1/1388 1353/1/1388 1587/1/1388
f 1577/1/1389 1573/1/1389 1576/1/1389
f 1577/1/1390 1584/1/1390 1573/1/1390
f 1577/1/1391 1576/1/1391 1583/1/1391
f 1583/1/1392 1584/1/1392 1577/1/1392
f 1584/1/1393 1578/1/1393 1573/1/1393
f 1578/1/1394 1584/1/1394 1589/1/1394
f 1578/1/1395 1572/1/1395 1573/1/1395
f 1569/1/1396 1568/1/1396 1590/1/1396
f 1693/1/1397 1579/1/1397 1785/1/1397
f 1590/1/1398 1784/1/1398 1794/1/1398
f 1782/1/1399 1583/1/1399 1582/1/1399
f 1789/1/1400 1353/1/1400 1802/1/1400
f 1585/1/1401 1777/1/1401 1581/1/1401
f 1581/1/1402 1580/1/1402 1585/1/1402
f 1790/1/1403 1586/1/1403 1778/1/1403
f 1587/1/1404 1778/1/1404 1582/1/1404
f 1778/1/1405 1586/1/1405 1582/1/1405
f 1778/1/1406 1587/1/1406 1366/1/1406
f 1782/1/1407 1780/1/1407 1588/1/1407
f 1582/1/1408 1583/1/1408 1576/1/1408
f 1584/1/1409 1583/1/1409 1589/1/1409
f 1785/1/1410 1591/1/1410 1799/1/1410
f 1799/1/1411 1591/1/1411 1590/1/1411
f 1594/1/1412 1595/1/1412 1593/1/1412
f 1595/1/1413 1596/1/1413 1597/1/1413
f 1415/1/1414 1688/1/1414 1066/1/1414
f 1762/1/1415 1595/1/1415 1599/1/1415
f 1600/1/1416 1762/1/1416 1599/1/1416
f 1994/1/1417 1771/1/1417 1993/1/1417
f 1607/1/1418 1608/1/1418 1602/1/1418
f 1310/1/1419 1605/1/1419 1607/1/1419
f 1604/1/1420 1612/1/1420 1603/1/1420
f 1311/1/1421 1603/1/1421 1612/1/1421
f 1412/1/1422 1609/1/1422 1601/1/1422
f 1606/1/1423 1605/1/1423 1609/1/1423
f 1602/1/1424 1611/1/1424 1697/1/1424
f 1611/1/1425 1608/1/1425 1610/1/1425
f 1310/1/1426 1607/1/1426 1602/1/1426
f 1611/1/1427 1602/1/1427 1608/1/1427
f 1615/1/1428 1604/1/1428 1603/1/1428
f 1612/1/1429 1604/1/1429 1312/1/1429
f 1434/1/1430 1610/1/1430 1609/1/1430
f 1451/1/1431 1460/1/1431 1486/1/1431
f 1617/1/1432 1610/1/1432 1616/1/1432
f 1695/1/1433 1615/1/1433 1697/1/1433
f 1696/1/1434 1615/1/1434 1695/1/1434
f 1600/1/1435 1613/1/1435 1707/1/1435
f 1621/1/1436 1617/1/1436 1616/1/1436
f 1617/1/1437 1614/1/1437 1610/1/1437
f 1617/1/1438 1621/1/1438 1614/1/1438
f 1697/1/1439 1614/1/1439 1618/1/1439
f 1618/1/1440 1695/1/1440 1697/1/1440
f 1698/1/1441 1618/1/1441 1621/1/1441
f 1613/1/1442 1696/1/1442 1707/1/1442
f 1621/1/1443 1515/1/1443 1620/1/1443
f 1620/1/1444 1535/1/1444 1698/1/1444
f 1598/1/1445 1597/1/1445 1619/1/1445
f 1600/1/1446 1619/1/1446 1312/1/1446
f 1619/1/1447 1600/1/1447 1598/1/1447
f 1623/1/1448 1600/1/1448 1705/1/1448
f 1630/1/1449 940/1/1449 1001/1/1449
f 1673/1/1450 1669/1/1450 1670/1/1450
f 1669/1/1451 1663/1/1451 1670/1/1451
f 1627/1/1452 1628/1/1452 1629/1/1452
f 1628/1/1453 1633/1/1453 1636/1/1453
f 1636/1/1454 1003/1/1454 1629/1/1454
f 1001/1/1455 1020/1/1455 1641/1/1455
f 1001/1/1456 1641/1/1456 1640/1/1456
f 1626/1/1457 1631/1/1457 1637/1/1457
f 1632/1/1458 1626/1/1458 1637/1/1458
f 1633/1/1459 1626/1/1459 1632/1/1459
f 1633/1/1460 1632/1/1460 1634/1/1460
f 1636/1/1461 1635/1/1461 1639/1/1461
f 1635/1/1462 1636/1/1462 1633/1/1462
f 1003/1/1463 1636/1/1463 1639/1/1463
f 1645/1/1464 1003/1/1464 1639/1/1464
f 1641/1/1465 1023/1/1465 1642/1/1465
f 1640/1/1466 1667/1/1466 1001/1/1466
f 1679/1/1467 1676/1/1467 1642/1/1467
f 1645/1/1468 1649/1/1468 1646/1/1468
f 1635/1/1469 1638/1/1469 1639/1/1469
f 1639/1/1470 1643/1/1470 1644/1/1470
f 1020/1/1471 1002/1/1471 1021/1/1471
f 1003/1/1472 1645/1/1472 1041/1/1472
f 1642/1/1473 1676/1/1473 1640/1/1473
f 1640/1/1474 1676/1/1474 1667/1/1474
f 1638/1/1475 1635/1/1475 1634/1/1475
f 1638/1/1476 1058/1/1476 1643/1/1476
f 1650/1/1477 1649/1/1477 1648/1/1477
f 1645/1/1478 1646/1/1478 1041/1/1478
f 1649/1/1479 1645/1/1479 1644/1/1479
f 1041/1/1480 1646/1/1480 1061/1/1480
f 1643/1/1481 1058/1/1481 1647/1/1481
f 1269/1/1482 1268/1/1482 1294/1/1482
f 1089/1/1483 1646/1/1483 1649/1/1483
f 1649/1/1484 1650/1/1484 1089/1/1484
f 1146/1/1485 1655/1/1485 1654/1/1485
f 1176/1/1486 1624/1/1486 1177/1/1486
f 1653/1/1487 1172/1/1487 1655/1/1487
f 1660/1/1488 1661/1/1488 1657/1/1488
f 1196/1/1489 1187/1/1489 1659/1/1489
f 1665/1/1490 1666/1/1490 1202/1/1490
f 1662/1/1491 1657/1/1491 1668/1/1491
f 1669/1/1492 1664/1/1492 1659/1/1492
f 1656/1/1493 1663/1/1493 1659/1/1493
f 1657/1/1494 1662/1/1494 1663/1/1494
f 1659/1/1495 1664/1/1495 1207/1/1495
f 1229/1/1496 1210/1/1496 1198/1/1496
f 1671/1/1497 1672/1/1497 1229/1/1497
f 1663/1/1498 1662/1/1498 1670/1/1498
f 1657/1/1499 1661/1/1499 1668/1/1499
f 1676/1/1500 1670/1/1500 1668/1/1500
f 1254/1/1501 1664/1/1501 1673/1/1501
f 1669/1/1502 1673/1/1502 1664/1/1502
f 1209/1/1503 1664/1/1503 1254/1/1503
f 1672/1/1504 1675/1/1504 1230/1/1504
f 1668/1/1505 1661/1/1505 1667/1/1505
f 1668/1/1506 1667/1/1506 1676/1/1506
f 1254/1/1507 1678/1/1507 1275/1/1507
f 1675/1/1508 1248/1/1508 1230/1/1508
f 1679/1/1509 1680/1/1509 1677/1/1509
f 1299/1/1510 1275/1/1510 1677/1/1510
f 1678/1/1511 1677/1/1511 1275/1/1511
f 1321/1/1512 1313/1/1512 1315/1/1512
f 1319/1/1513 1332/1/1513 1682/1/1513
f 1683/1/1514 1684/1/1514 1351/1/1514
f 1684/1/1515 1683/1/1515 1334/1/1515
f 1335/1/1516 1683/1/1516 1351/1/1516
f 1360/1/1517 1351/1/1517 1686/1/1517
f 1685/1/1518 1686/1/1518 1351/1/1518
f 1689/1/1519 1389/1/1519 1687/1/1519
f 1687/1/1520 1405/1/1520 1689/1/1520
f 1690/1/1521 1405/1/1521 1687/1/1521
f 1490/1/1522 1458/1/1522 1454/1/1522
f 1692/1/1523 1318/1/1523 1525/1/1523
f 1534/1/1524 1544/1/1524 1536/1/1524
f 2453/1/1525 1701/1/1525 1544/1/1525
f 2453/1/1526 1694/1/1526 1701/1/1526
f 1702/1/1527 1701/1/1527 1694/1/1527
f 1694/1/1528 1706/1/1528 1702/1/1528
f 1708/1/1529 1707/1/1529 1696/1/1529
f 1695/1/1530 1618/1/1530 1698/1/1530
f 1695/1/1531 1699/1/1531 1696/1/1531
f 1696/1/1532 1699/1/1532 1708/1/1532
f 1708/1/1533 1699/1/1533 1709/1/1533
f 1698/1/1534 1544/1/1534 1695/1/1534
f 1699/1/1535 1695/1/1535 1700/1/1535
f 1704/1/1536 1709/1/1536 1699/1/1536
f 1700/1/1537 1695/1/1537 1701/1/1537
f 1700/1/1538 1704/1/1538 1699/1/1538
f 1695/1/1539 1544/1/1539 1701/1/1539
f 1705/1/1540 1704/1/1540 1623/1/1540
f 1622/1/1541 1704/1/1541 1705/1/1541
f 2466/1/1542 1702/1/1542 1706/1/1542
f 1710/1/1543 1623/1/1543 1703/1/1543
f 1710/1/1544 1703/1/1544 2465/1/1544
f 1353/1/1545 1360/1/1545 1730/1/1545
f 1622/1/1546 1600/1/1546 1709/1/1546
f 1705/1/1547 1600/1/1547 1622/1/1547
f 1708/1/1548 1709/1/1548 1600/1/1548
f 2448/1/1549 1359/1/1549 1712/1/1549
f 1359/1/1550 1711/1/1550 1712/1/1550
f 1713/1/1551 1365/1/1551 1711/1/1551
f 1359/1/1552 1357/1/1552 1711/1/1552
f 2447/1/1553 1686/1/1553 2449/1/1553
f 1793/1/1554 1790/1/1554 1778/1/1554
f 1714/1/1555 1715/1/1555 1364/1/1555
f 1722/1/1556 2448/1/1556 1717/1/1556
f 1711/1/1557 1357/1/1557 1713/1/1557
f 1720/1/1558 1723/1/1558 1726/1/1558
f 1717/1/1559 1711/1/1559 1720/1/1559
f 1711/1/1560 1364/1/1560 1715/1/1560
f 1720/1/1561 1715/1/1561 1723/1/1561
f 1721/1/1562 1718/1/1562 1716/1/1562
f 2448/1/1563 1712/1/1563 1717/1/1563
f 2453/1/1564 1785/1/1564 2454/1/1564
f 2449/1/1565 2451/1/1565 2452/1/1565
f 1718/1/1566 1724/1/1566 1723/1/1566
f 1719/1/1567 1715/1/1567 1718/1/1567
f 1723/1/1568 1719/1/1568 1718/1/1568
f 1730/1/1569 2450/1/1569 1735/1/1569
f 1728/1/1570 1724/1/1570 1721/1/1570
f 1729/1/1571 1726/1/1571 1727/1/1571
f 1726/1/1572 1732/1/1572 1725/1/1572
f 1727/1/1573 1728/1/1573 1731/1/1573
f 1722/1/1574 1717/1/1574 1726/1/1574
f 1736/1/1575 2452/1/1575 1737/1/1575
f 1725/1/1576 2451/1/1576 1722/1/1576
f 1722/1/1577 1726/1/1577 1725/1/1577
f 1726/1/1578 1723/1/1578 1727/1/1578
f 1727/1/1579 1723/1/1579 1724/1/1579
f 1808/1/1580 1802/1/1580 1735/1/1580
f 1802/1/1581 1730/1/1581 1735/1/1581
f 1735/1/1582 1733/1/1582 1808/1/1582
f 1736/1/1583 1733/1/1583 1735/1/1583
f 1738/1/1584 1725/1/1584 1744/1/1584
f 1725/1/1585 1737/1/1585 2452/1/1585
f 1749/1/1586 1731/1/1586 1728/1/1586
f 1737/1/1587 1725/1/1587 1738/1/1587
f 1737/1/1588 1733/1/1588 1736/1/1588
f 1729/1/1589 1727/1/1589 1731/1/1589
f 1731/1/1590 1749/1/1590 1729/1/1590
f 1751/1/1591 1748/1/1591 1758/1/1591
f 1732/1/1592 1729/1/1592 1749/1/1592
f 1828/1/1593 1826/1/1593 1822/1/1593
f 1740/1/1594 1819/1/1594 1732/1/1594
f 1742/1/1595 1725/1/1595 1819/1/1595
f 1733/1/1596 1737/1/1596 1745/1/1596
f 1737/1/1597 1738/1/1597 1745/1/1597
f 1732/1/1598 1749/1/1598 1753/1/1598
f 1751/1/1599 1738/1/1599 1748/1/1599
f 1742/1/1600 1819/1/1600 1741/1/1600
f 1741/1/1601 1740/1/1601 1816/1/1601
f 1743/1/1602 1742/1/1602 1741/1/1602
f 1742/1/1603 1743/1/1603 1725/1/1603
f 1743/1/1604 1741/1/1604 1744/1/1604
f 1748/1/1605 1738/1/1605 1744/1/1605
f 1747/1/1606 1833/1/1606 1746/1/1606
f 1746/1/1607 1745/1/1607 1747/1/1607
f 1808/1/1608 1733/1/1608 1745/1/1608
f 1746/1/1609 1808/1/1609 1745/1/1609
f 1835/1/1610 1828/1/1610 1834/1/1610
f 1833/1/1611 1834/1/1611 1734/1/1611
f 1749/1/1612 1757/1/1612 1753/1/1612
f 1748/1/1613 1816/1/1613 1739/1/1613
f 1753/1/1614 1758/1/1614 1748/1/1614
f 1739/1/1615 1753/1/1615 1748/1/1615
f 1752/1/1616 1747/1/1616 1745/1/1616
f 1752/1/1617 1754/1/1617 1747/1/1617
f 1758/1/1618 1759/1/1618 1755/1/1618
f 1752/1/1619 1751/1/1619 1755/1/1619
f 1759/1/1620 1887/1/1620 1760/1/1620
f 1758/1/1621 1755/1/1621 1751/1/1621
f 1760/1/1622 1752/1/1622 1755/1/1622
f 1857/1/1623 1756/1/1623 1859/1/1623
f 1757/1/1624 1756/1/1624 1857/1/1624
f 1758/1/1625 1753/1/1625 1857/1/1625
f 1857/1/1626 1753/1/1626 1757/1/1626
f 1889/1/1627 1859/1/1627 1767/1/1627
f 1759/1/1628 1885/1/1628 1887/1/1628
f 1761/1/1629 1752/1/1629 1760/1/1629
f 1758/1/1630 1885/1/1630 1759/1/1630
f 1758/1/1631 1857/1/1631 1885/1/1631
f 1858/1/1632 1885/1/1632 1857/1/1632
f 1786/1/1633 1380/1/1633 1382/1/1633
f 1752/1/1634 1761/1/1634 1754/1/1634
f 1769/1/1635 1766/1/1635 1383/1/1635
f 1788/1/1636 1786/1/1636 1787/1/1636
f 1763/1/1637 1765/1/1637 1764/1/1637
f 1786/1/1638 1763/1/1638 1764/1/1638
f 1765/1/1639 1766/1/1639 1767/1/1639
f 1771/1/1640 1383/1/1640 1762/1/1640
f 1839/1/1641 1834/1/1641 1837/1/1641
f 1383/1/1642 1771/1/1642 1770/1/1642
f 1768/1/1643 1767/1/1643 2021/1/1643
f 1852/1/1644 1853/1/1644 1842/1/1644
f 1860/1/1645 1848/1/1645 1837/1/1645
f 1769/1/1646 1774/1/1646 2021/1/1646
f 1889/1/1647 1768/1/1647 1773/1/1647
f 1910/1/1648 1911/1/1648 1908/1/1648
f 2181/1/1649 1880/1/1649 1771/1/1649
f 1944/1/1650 1772/1/1650 2181/1/1650
f 1772/1/1651 1927/1/1651 1880/1/1651
f 1942/1/1652 1775/1/1652 2021/1/1652
f 1779/1/1653 1788/1/1653 1777/1/1653
f 1777/1/1654 1585/1/1654 1779/1/1654
f 1588/1/1655 1783/1/1655 1589/1/1655
f 1783/1/1656 1780/1/1656 1781/1/1656
f 1782/1/1657 1781/1/1657 1780/1/1657
f 1791/1/1658 1790/1/1658 1793/1/1658
f 1783/1/1659 1784/1/1659 1589/1/1659
f 1784/1/1660 1783/1/1660 1781/1/1660
f 1786/1/1661 1788/1/1661 1779/1/1661
f 1814/1/1662 1590/1/1662 1794/1/1662
f 1790/1/1663 1791/1/1663 1781/1/1663
f 1784/1/1664 1796/1/1664 1794/1/1664
f 1803/1/1665 1793/1/1665 1789/1/1665
f 1784/1/1666 1792/1/1666 1796/1/1666
f 1792/1/1667 1791/1/1667 1796/1/1667
f 1781/1/1668 1792/1/1668 1784/1/1668
f 1799/1/1669 1815/1/1669 1785/1/1669
f 1728/1/1670 1727/1/1670 1724/1/1670
f 1721/1/1671 1787/1/1671 1801/1/1671
f 1795/1/1672 1793/1/1672 1803/1/1672
f 1797/1/1673 1796/1/1673 1795/1/1673
f 1798/1/1674 1797/1/1674 1810/1/1674
f 1794/1/1675 1796/1/1675 1797/1/1675
f 1803/1/1676 1802/1/1676 1808/1/1676
f 1809/1/1677 1822/1/1677 1818/1/1677
f 1810/1/1678 1803/1/1678 1809/1/1678
f 1797/1/1679 1795/1/1679 1810/1/1679
f 1806/1/1680 1798/1/1680 1804/1/1680
f 1801/1/1681 1728/1/1681 1721/1/1681
f 1816/1/1682 1817/1/1682 1732/1/1682
f 1806/1/1683 1797/1/1683 1798/1/1683
f 1805/1/1684 1804/1/1684 1810/1/1684
f 1814/1/1685 1815/1/1685 1799/1/1685
f 1794/1/1686 1806/1/1686 1805/1/1686
f 1811/1/1687 1813/1/1687 1794/1/1687
f 1746/1/1688 1833/1/1688 1808/1/1688
f 1817/1/1689 1820/1/1689 1740/1/1689
f 1834/1/1690 1823/1/1690 1825/1/1690
f 1808/1/1691 1734/1/1691 1825/1/1691
f 1824/1/1692 1825/1/1692 1823/1/1692
f 1810/1/1693 1809/1/1693 1827/1/1693
f 1812/1/1694 1830/1/1694 1813/1/1694
f 1813/1/1695 1811/1/1695 1812/1/1695
f 1809/1/1696 1808/1/1696 1825/1/1696
f 1811/1/1697 1810/1/1697 1829/1/1697
f 1812/1/1698 1829/1/1698 1830/1/1698
f 1830/1/1699 1831/1/1699 1813/1/1699
f 1814/1/1700 1794/1/1700 1813/1/1700
f 1732/1/1701 1817/1/1701 1740/1/1701
f 1826/1/1702 1740/1/1702 1821/1/1702
f 1821/1/1703 1740/1/1703 1820/1/1703
f 1818/1/1704 1821/1/1704 1820/1/1704
f 1822/1/1705 1826/1/1705 1821/1/1705
f 1824/1/1706 1823/1/1706 1809/1/1706
f 1834/1/1707 1825/1/1707 1734/1/1707
f 1834/1/1708 1833/1/1708 1837/1/1708
f 1823/1/1709 1828/1/1709 1822/1/1709
f 1809/1/1710 1818/1/1710 1827/1/1710
f 1834/1/1711 1839/1/1711 1835/1/1711
f 1855/1/1712 1832/1/1712 1814/1/1712
f 1830/1/1713 1829/1/1713 1831/1/1713
f 1856/1/1714 1847/1/1714 1844/1/1714
f 1833/1/1715 1747/1/1715 1750/1/1715
f 1827/1/1716 1820/1/1716 1828/1/1716
f 1837/1/1717 1848/1/1717 1839/1/1717
f 1835/1/1718 1839/1/1718 1829/1/1718
f 1841/1/1719 1813/1/1719 1836/1/1719
f 1829/1/1720 1838/1/1720 1831/1/1720
f 1813/1/1721 1831/1/1721 1836/1/1721
f 1813/1/1722 1842/1/1722 1855/1/1722
f 1814/1/1723 1813/1/1723 1855/1/1723
f 1838/1/1724 1839/1/1724 1848/1/1724
f 1756/1/1725 1767/1/1725 1859/1/1725
f 1860/1/1726 2456/1/1726 2457/1/1726
f 1840/1/1727 1852/1/1727 1841/1/1727
f 1851/1/1728 1868/1/1728 1850/1/1728
f 1873/1/1729 1855/1/1729 1921/1/1729
f 1873/1/1730 1921/1/1730 1924/1/1730
f 1843/1/1731 1844/1/1731 1832/1/1731
f 1847/1/1732 1856/1/1732 1845/1/1732
f 1846/1/1733 1845/1/1733 2000/1/1733
f 1843/1/1734 1856/1/1734 1844/1/1734
f 1845/1/1735 1856/1/1735 1874/1/1735
f 1847/1/1736 2000/1/1736 1999/1/1736
f 1847/1/1737 1846/1/1737 2000/1/1737
f 2472/1/1738 1844/1/1738 1847/1/1738
f 1904/1/1739 1860/1/1739 2457/1/1739
f 1865/1/1740 1864/1/1740 1861/1/1740
f 1838/1/1741 1851/1/1741 1850/1/1741
f 1848/1/1742 1864/1/1742 1849/1/1742
f 1853/1/1743 1850/1/1743 1868/1/1743
f 1868/1/1744 1854/1/1744 1853/1/1744
f 1921/1/1745 1855/1/1745 1842/1/1745
f 1845/1/1746 1879/1/1746 1883/1/1746
f 1843/1/1747 1874/1/1747 1856/1/1747
f 1872/1/1748 1874/1/1748 1873/1/1748
f 1874/1/1749 1843/1/1749 1873/1/1749
f 1832/1/1750 1873/1/1750 1843/1/1750
f 1884/1/1751 1928/1/1751 1859/1/1751
f 1888/1/1752 2457/1/1752 2455/1/1752
f 1894/1/1753 1908/1/1753 1911/1/1753
f 1861/1/1754 1902/1/1754 1865/1/1754
f 1902/1/1755 1861/1/1755 1860/1/1755
f 1915/1/1756 1867/1/1756 1913/1/1756
f 1863/1/1757 1910/1/1757 1908/1/1757
f 1867/1/1758 1863/1/1758 1865/1/1758
f 1849/1/1759 1863/1/1759 1908/1/1759
f 1866/1/1760 1868/1/1760 1851/1/1760
f 1862/1/1761 1866/1/1761 1849/1/1761
f 1913/1/1762 1867/1/1762 1868/1/1762
f 1868/1/1763 1866/1/1763 1913/1/1763
f 1914/1/1764 1867/1/1764 1865/1/1764
f 1853/1/1765 1869/1/1765 1871/1/1765
f 1871/1/1766 1842/1/1766 1853/1/1766
f 1854/1/1767 1869/1/1767 1853/1/1767
f 1869/1/1768 1854/1/1768 1870/1/1768
f 1871/1/1769 1869/1/1769 1870/1/1769
f 1872/1/1770 1926/1/1770 1874/1/1770
f 1873/1/1771 1924/1/1771 1872/1/1771
f 1923/1/1772 1878/1/1772 1925/1/1772
f 1926/1/1773 1925/1/1773 1874/1/1773
f 2003/1/1774 2006/1/1774 2004/1/1774
f 1890/1/1775 1893/1/1775 1886/1/1775
f 1904/1/1776 1901/1/1776 1905/1/1776
f 1887/1/1777 1761/1/1777 1760/1/1777
f 1904/1/1778 1888/1/1778 1891/1/1778
f 1893/1/1779 1908/1/1779 1894/1/1779
f 1928/1/1780 1884/1/1780 1892/1/1780
f 1890/1/1781 1858/1/1781 1947/1/1781
f 1886/1/1782 1858/1/1782 1890/1/1782
f 1886/1/1783 1885/1/1783 1858/1/1783
f 1886/1/1784 1896/1/1784 1891/1/1784
f 1891/1/1785 1887/1/1785 1886/1/1785
f 1891/1/1786 1901/1/1786 1904/1/1786
f 1930/1/1787 1896/1/1787 1907/1/1787
f 1903/1/1788 1904/1/1788 1905/1/1788
f 1907/1/1789 1893/1/1789 1890/1/1789
f 1907/1/1790 1908/1/1790 1893/1/1790
f 1895/1/1791 1896/1/1791 1893/1/1791
f 1896/1/1792 1886/1/1792 1893/1/1792
f 1914/1/1793 1917/1/1793 1867/1/1793
f 1899/1/1794 1901/1/1794 1891/1/1794
f 1891/1/1795 1897/1/1795 1899/1/1795
f 1898/1/1796 1900/1/1796 1897/1/1796
f 1899/1/1797 1897/1/1797 1900/1/1797
f 1905/1/1798 1900/1/1798 1931/1/1798
f 1903/1/1799 1906/1/1799 1902/1/1799
f 1903/1/1800 1931/1/1800 1906/1/1800
f 1862/1/1801 1913/1/1801 1866/1/1801
f 1913/1/1802 1909/1/1802 1912/1/1802
f 1912/1/1803 1911/1/1803 1910/1/1803
f 1909/1/1804 1907/1/1804 1896/1/1804
f 1912/1/1805 1909/1/1805 1896/1/1805
f 1911/1/1806 1912/1/1806 1894/1/1806
f 1912/1/1807 1910/1/1807 1913/1/1807
f 1894/1/1808 1912/1/1808 1895/1/1808
f 1906/1/1809 1865/1/1809 1902/1/1809
f 1867/1/1810 1915/1/1810 1910/1/1810
f 1910/1/1811 1915/1/1811 1913/1/1811
f 1916/1/1812 1952/1/1812 1914/1/1812
f 1868/1/1813 1917/1/1813 1870/1/1813
f 1936/1/1814 1870/1/1814 1914/1/1814
f 1941/1/1815 1939/1/1815 1954/1/1815
f 1918/1/1816 1939/1/1816 1842/1/1816
f 1924/1/1817 1940/1/1817 1872/1/1817
f 1936/1/1818 1967/1/1818 1935/1/1818
f 1939/1/1819 1918/1/1819 1919/1/1819
f 1939/1/1820 1919/1/1820 1920/1/1820
f 1955/1/1821 1954/1/1821 1938/1/1821
f 1920/1/1822 1919/1/1822 1935/1/1822
f 1920/1/1823 1937/1/1823 1939/1/1823
f 1954/1/1824 1939/1/1824 1938/1/1824
f 1943/1/1825 1958/1/1825 1942/1/1825
f 1921/1/1826 1922/1/1826 1924/1/1826
f 1942/1/1827 1774/1/1827 1943/1/1827
f 1943/1/1828 1774/1/1828 1923/1/1828
f 2005/1/1829 1927/1/1829 1772/1/1829
f 1927/1/1830 2005/1/1830 2006/1/1830
f 1928/1/1831 1946/1/1831 1947/1/1831
f 1930/1/1832 1890/1/1832 1951/1/1832
f 1900/1/1833 1905/1/1833 1901/1/1833
f 1903/1/1834 1905/1/1834 1931/1/1834
f 1946/1/1835 1892/1/1835 1929/1/1835
f 1966/1/1836 1929/1/1836 1963/1/1836
f 1933/1/1837 1934/1/1837 1929/1/1837
f 1946/1/1838 1966/1/1838 1978/1/1838
f 1979/1/1839 1950/1/1839 1964/1/1839
f 1896/1/1840 1930/1/1840 1898/1/1840
f 1930/1/1841 1907/1/1841 1890/1/1841
f 1897/1/1842 1891/1/1842 1898/1/1842
f 1900/1/1843 1898/1/1843 1930/1/1843
f 1899/1/1844 1900/1/1844 1901/1/1844
f 1948/1/1845 1900/1/1845 1930/1/1845
f 1773/1/1846 1980/1/1846 1889/1/1846
f 1931/1/1847 2459/1/1847 1906/1/1847
f 1932/1/1848 1892/1/1848 1889/1/1848
f 1929/1/1849 1934/1/1849 1963/1/1849
f 1935/1/1850 1870/1/1850 1936/1/1850
f 1935/1/1851 1919/1/1851 1870/1/1851
f 1939/1/1852 1937/1/1852 1938/1/1852
f 1959/1/1853 1954/1/1853 1969/1/1853
f 1922/1/1854 1940/1/1854 1924/1/1854
f 1939/1/1855 1940/1/1855 1922/1/1855
f 1954/1/1856 1926/1/1856 1941/1/1856
f 1954/1/1857 1943/1/1857 1926/1/1857
f 1951/1/1858 1961/1/1858 1948/1/1858
f 1950/1/1859 1947/1/1859 1946/1/1859
f 1966/1/1860 1946/1/1860 1929/1/1860
f 1949/1/1861 1931/1/1861 1900/1/1861
f 1916/1/1862 2461/1/1862 1983/1/1862
f 1951/1/1863 1979/1/1863 1961/1/1863
f 1930/1/1864 1951/1/1864 1948/1/1864
f 1965/1/1865 2459/1/1865 1931/1/1865
f 1965/1/1866 2462/1/1866 2459/1/1866
f 1963/1/1867 1932/1/1867 1980/1/1867
f 1938/1/1868 1937/1/1868 1920/1/1868
f 1968/1/1869 1970/1/1869 1953/1/1869
f 1953/1/1870 1920/1/1870 1935/1/1870
f 1990/1/1871 1974/1/1871 1989/1/1871
f 1938/1/1872 1953/1/1872 1955/1/1872
f 1953/1/1873 1956/1/1873 1955/1/1873
f 1969/1/1874 1954/1/1874 1956/1/1874
f 1959/1/1875 1943/1/1875 1954/1/1875
f 1956/1/1876 1953/1/1876 1970/1/1876
f 1972/1/1877 1959/1/1877 1969/1/1877
f 1776/1/1878 1944/1/1878 2181/1/1878
f 1775/1/1879 1958/1/1879 1957/1/1879
f 1973/1/1880 1976/1/1880 1960/1/1880
f 1976/1/1881 1973/1/1881 1957/1/1881
f 1978/1/1882 1966/1/1882 2027/1/1882
f 1960/1/1883 1945/1/1883 1776/1/1883
f 1945/1/1884 2005/1/1884 1944/1/1884
f 1945/1/1885 2006/1/1885 2005/1/1885
f 1977/1/1886 1961/1/1886 1979/1/1886
f 2028/1/1887 2462/1/1887 1965/1/1887
f 2461/1/1888 1984/1/1888 1983/1/1888
f 1966/1/1889 1963/1/1889 1980/1/1889
f 2033/1/1890 1983/1/1890 1984/1/1890
f 1968/1/1891 1975/1/1891 1971/1/1891
f 1971/1/1892 1970/1/1892 1968/1/1892
f 1969/1/1893 1971/1/1893 1972/1/1893
f 1972/1/1894 1971/1/1894 1990/1/1894
f 2202/1/1895 1975/1/1895 1968/1/1895
f 1990/1/1896 1971/1/1896 1974/1/1896
f 2202/1/1897 1974/1/1897 1975/1/1897
f 1974/1/1898 1971/1/1898 1975/1/1898
f 1973/1/1899 1960/1/1899 1776/1/1899
f 1945/1/1900 1944/1/1900 1776/1/1900
f 1976/1/1901 1972/1/1901 1990/1/1901
f 1960/1/1902 1976/1/1902 1990/1/1902
f 1978/1/1903 1964/1/1903 1950/1/1903
f 2027/1/1904 2051/1/1904 1978/1/1904
f 2025/1/1905 1962/1/1905 1977/1/1905
f 1931/1/1906 1949/1/1906 1965/1/1906
f 1965/1/1907 1949/1/1907 2028/1/1907
f 1977/1/1908 1979/1/1908 2049/1/1908
f 1979/1/1909 1964/1/1909 2049/1/1909
f 1977/1/1910 2026/1/1910 2025/1/1910
f 2049/1/1911 1964/1/1911 1978/1/1911
f 2053/1/1912 2029/1/1912 1980/1/1912
f 1966/1/1913 1981/1/1913 2027/1/1913
f 2033/1/1914 2052/1/1914 2031/1/1914
f 2033/1/1915 1985/1/1915 1983/1/1915
f 1985/1/1916 2033/1/1916 2032/1/1916
f 2042/1/1917 1985/1/1917 2032/1/1917
f 1986/1/1918 1987/1/1918 1968/1/1918
f 2035/1/1919 2034/1/1919 2036/1/1919
f 1953/1/1920 1986/1/1920 1968/1/1920
f 1985/1/1921 2042/1/1921 1986/1/1921
f 1956/1/1922 1970/1/1922 1969/1/1922
f 1971/1/1923 1969/1/1923 1970/1/1923
f 1974/1/1924 2202/1/1924 1988/1/1924
f 2198/1/1925 2048/1/1925 2199/1/1925
f 2202/1/1926 1989/1/1926 1988/1/1926
f 1990/1/1927 1989/1/1927 1991/1/1927
f 2203/1/1928 1990/1/1928 2048/1/1928
f 1996/1/1929 1995/1/1929 1994/1/1929
f 2206/1/1930 1997/1/1930 1996/1/1930
f 1997/1/1931 2181/1/1931 1995/1/1931
f 2181/1/1932 2206/1/1932 1998/1/1932
f 2206/1/1933 2183/1/1933 2182/1/1933
f 2181/1/1934 1998/1/1934 2182/1/1934
f 2181/1/1935 2024/1/1935 1776/1/1935
f 2549/1/1936 2473/1/1936 1600/1/1936
f 2000/1/1937 2001/1/1937 2002/1/1937
f 2000/1/1938 2003/1/1938 2001/1/1938
f 1999/1/1939 2474/1/1939 2472/1/1939
f 2004/1/1940 2007/1/1940 2476/1/1940
f 2547/1/1941 1600/1/1941 2479/1/1941
f 2001/1/1942 2004/1/1942 2002/1/1942
f 2003/1/1943 2004/1/1943 2001/1/1943
f 2004/1/1944 2009/1/1944 2007/1/1944
f 2474/1/1945 2476/1/1945 2007/1/1945
f 2010/1/1946 2474/1/1946 2007/1/1946
f 2007/1/1947 2009/1/1947 2008/1/1947
f 2015/1/1948 2010/1/1948 2007/1/1948
f 2019/1/1949 2009/1/1949 2013/1/1949
f 2478/1/1950 2547/1/1950 2479/1/1950
f 2019/1/1951 2008/1/1951 2009/1/1951
f 1945/1/1952 1990/1/1952 2013/1/1952
f 2206/1/1953 2240/1/1953 2239/1/1953
f 1990/1/1954 2203/1/1954 2205/1/1954
f 2012/1/1955 2017/1/1955 2014/1/1955
f 2478/1/1956 2011/1/1956 2547/1/1956
f 1992/1/1957 2017/1/1957 2012/1/1957
f 1990/1/1958 1992/1/1958 2012/1/1958
f 142/1/1959 152/1/1959 634/1/1959 627/1/1959
f 2017/1/1960 2018/1/1960 2014/1/1960
f 2019/1/1961 2014/1/1961 2018/1/1961
f 2218/1/1962 2019/1/1962 2018/1/1962
f 2019/1/1963 2020/1/1963 2015/1/1963
f 2258/1/1964 2256/1/1964 2206/1/1964
f 2257/1/1965 2183/1/1965 2206/1/1965
f 2022/1/1966 2176/1/1966 2178/1/1966
f 2157/1/1967 2178/1/1967 2175/1/1967
f 2024/1/1968 2176/1/1968 2022/1/1968
f 2045/1/1969 2046/1/1969 2071/1/1969
f 1978/1/1970 2051/1/1970 2049/1/1970
f 2054/1/1971 2051/1/1971 2027/1/1971
f 2050/1/1972 2025/1/1972 2026/1/1972
f 2076/1/1973 2049/1/1973 2051/1/1973
f 1982/1/1974 2028/1/1974 2058/1/1974
f 1982/1/1975 2462/1/1975 2028/1/1975
f 2058/1/1976 2059/1/1976 2052/1/1976
f 2030/1/1977 2027/1/1977 1981/1/1977
f 2027/1/1978 2030/1/1978 2054/1/1978
f 2480/1/1979 2044/1/1979 2037/1/1979
f 2033/1/1980 1982/1/1980 2052/1/1980
f 2058/1/1981 2077/1/1981 2059/1/1981
f 2052/1/1982 1982/1/1982 2058/1/1982
f 2035/1/1983 2045/1/1983 2070/1/1983
f 2032/1/1984 2033/1/1984 2036/1/1984
f 2036/1/1985 2037/1/1985 2035/1/1985
f 2031/1/1986 2036/1/1986 2033/1/1986
f 2035/1/1987 2032/1/1987 2034/1/1987
f 2037/1/1988 2036/1/1988 2069/1/1988
f 2037/1/1989 2044/1/1989 2035/1/1989
f 2042/1/1990 2041/1/1990 1986/1/1990
f 2041/1/1991 2039/1/1991 1986/1/1991
f 2042/1/1992 2032/1/1992 2043/1/1992
f 2043/1/1993 2070/1/1993 2041/1/1993
f 2044/1/1994 2045/1/1994 2035/1/1994
f 2071/1/1995 2070/1/1995 2045/1/1995
f 2483/1/1996 2046/1/1996 2044/1/1996
f 2081/1/1997 2070/1/1997 2071/1/1997
f 2084/1/1998 2046/1/1998 2483/1/1998
f 2491/1/1999 2485/1/1999 2490/1/1999
f 2047/1/2000 1968/1/2000 1987/1/2000
f 2205/1/2001 1992/1/2001 1990/1/2001
f 2219/1/2002 2207/1/2002 2073/1/2002
f 2048/1/2003 1991/1/2003 2202/1/2003
f 2049/1/2004 2076/1/2004 2056/1/2004
f 2050/1/2005 2057/1/2005 2058/1/2005
f 2056/1/2006 2076/1/2006 2055/1/2006
f 2076/1/2007 2054/1/2007 2060/1/2007
f 2066/1/2008 2079/1/2008 2131/1/2008
f 2050/1/2009 2062/1/2009 2065/1/2009
f 2079/1/2010 2091/1/2010 2131/1/2010
f 2055/1/2011 2079/1/2011 2056/1/2011
f 2059/1/2012 2077/1/2012 2067/1/2012
f 2065/1/2013 2057/1/2013 2050/1/2013
f 2066/1/2014 2057/1/2014 2065/1/2014
f 2057/1/2015 2066/1/2015 2058/1/2015
f 2077/1/2016 2058/1/2016 2066/1/2016
f 2075/1/2017 2060/1/2017 2029/1/2017
f 2075/1/2018 2080/1/2018 2060/1/2018
f 2063/1/2019 2064/1/2019 2062/1/2019
f 2063/1/2020 2061/1/2020 2079/1/2020
f 2066/1/2021 2064/1/2021 2063/1/2021
f 2069/1/2022 2059/1/2022 2068/1/2022
f 2088/1/2023 2131/1/2023 2129/1/2023
f 2063/1/2024 2062/1/2024 2061/1/2024
f 2066/1/2025 2063/1/2025 2079/1/2025
f 2064/1/2026 2066/1/2026 2065/1/2026
f 2059/1/2027 2069/1/2027 2031/1/2027
f 2068/1/2028 2067/1/2028 2486/1/2028
f 2037/1/2029 2068/1/2029 2480/1/2029
f 2070/1/2030 2038/1/2030 2039/1/2030
f 2081/1/2031 2098/1/2031 2047/1/2031
f 2107/1/2032 2047/1/2032 2098/1/2032
f 2047/1/2033 2073/1/2033 2072/1/2033
f 2073/1/2034 2107/1/2034 2074/1/2034
f 2047/1/2035 2107/1/2035 2073/1/2035
f 2074/1/2036 2086/1/2036 2219/1/2036
f 2104/1/2037 2490/1/2037 2110/1/2037
f 2089/1/2038 2077/1/2038 2088/1/2038
f 2067/1/2039 2089/1/2039 2492/1/2039
f 2094/1/2040 2076/1/2040 2080/1/2040
f 2097/1/2041 2098/1/2041 2099/1/2041
f 2103/1/2042 2104/1/2042 2083/1/2042
f 2082/1/2043 2084/1/2043 2083/1/2043
f 2099/1/2044 2114/1/2044 2097/1/2044
f 2107/1/2045 2108/1/2045 2085/1/2045
f 2074/1/2046 2085/1/2046 2086/1/2046
f 2110/1/2047 2490/1/2047 2100/1/2047
f 2241/1/2048 2219/1/2048 2242/1/2048
f 2208/1/2049 2109/1/2049 2490/1/2049
f 2075/1/2050 2021/1/2050 2092/1/2050
f 2096/1/2051 2090/1/2051 2078/1/2051
f 2055/1/2052 2090/1/2052 2093/1/2052
f 2122/1/2053 2118/1/2053 2120/1/2053
f 2078/1/2054 2076/1/2054 2094/1/2054
f 2133/1/2055 2090/1/2055 2096/1/2055
f 2093/1/2056 2090/1/2056 2111/1/2056
f 2078/1/2057 2094/1/2057 2095/1/2057
f 2096/1/2058 2078/1/2058 2095/1/2058
f 2108/1/2059 2107/1/2059 2098/1/2059
f 2118/1/2060 2097/1/2060 2120/1/2060
f 2100/1/2061 2118/1/2061 2122/1/2061
f 2082/1/2062 2101/1/2062 2099/1/2062
f 2102/1/2063 2083/1/2063 2110/1/2063
f 2100/1/2064 2101/1/2064 2102/1/2064
f 2101/1/2065 2100/1/2065 2122/1/2065
f 2101/1/2066 2122/1/2066 2121/1/2066
f 2100/1/2067 2102/1/2067 2110/1/2067
f 2110/1/2068 2083/1/2068 2104/1/2068
f 2495/1/2069 2106/1/2069 2105/1/2069
f 2495/1/2070 2502/1/2070 2106/1/2070
f 2085/1/2071 2108/1/2071 2118/1/2071
f 2118/1/2072 2100/1/2072 2109/1/2072
f 2109/1/2073 2100/1/2073 2490/1/2073
f 2490/1/2074 2104/1/2074 2105/1/2074
f 2105/1/2075 2104/1/2075 2103/1/2075
f 2492/1/2076 2498/1/2076 2494/1/2076
f 2088/1/2077 2130/1/2077 2089/1/2077
f 2131/1/2078 2111/1/2078 2132/1/2078
f 2112/1/2079 2096/1/2079 2095/1/2079
f 2135/1/2080 2133/1/2080 2096/1/2080
f 2133/1/2081 2135/1/2081 2136/1/2081
f 2128/1/2082 2127/1/2082 2126/1/2082
f 2127/1/2083 2128/1/2083 2116/1/2083
f 2145/1/2084 2116/1/2084 2128/1/2084
f 2117/1/2085 2502/1/2085 2115/1/2085
f 2113/1/2086 2119/1/2086 2097/1/2086
f 2138/1/2087 2113/1/2087 2114/1/2087
f 2101/1/2088 2082/1/2088 2083/1/2088
f 2122/1/2089 2120/1/2089 2119/1/2089
f 2128/1/2090 2126/1/2090 2143/1/2090
f 2119/1/2091 2143/1/2091 2122/1/2091
f 2123/1/2092 2122/1/2092 2126/1/2092
f 2126/1/2093 2114/1/2093 2123/1/2093
f 2122/1/2094 2123/1/2094 2114/1/2094
f 2121/1/2095 2122/1/2095 2114/1/2095
f 2510/1/2096 2106/1/2096 2509/1/2096
f 2502/1/2097 2117/1/2097 2106/1/2097
f 2147/1/2098 2129/1/2098 2131/1/2098
f 2147/1/2099 2146/1/2099 2129/1/2099
f 2130/1/2100 2088/1/2100 2129/1/2100
f 2502/1/2101 2139/1/2101 2116/1/2101
f 2149/1/2102 2132/1/2102 2111/1/2102
f 2132/1/2103 2149/1/2103 2147/1/2103
f 2149/1/2104 2136/1/2104 2154/1/2104
f 2138/1/2105 2150/1/2105 2137/1/2105
f 2142/1/2106 2135/1/2106 2134/1/2106
f 2158/1/2107 2154/1/2107 2136/1/2107
f 2142/1/2108 2136/1/2108 2135/1/2108
f 2137/1/2109 2156/1/2109 2138/1/2109
f 2137/1/2110 2149/1/2110 2154/1/2110
f 2138/1/2111 2114/1/2111 2139/1/2111
f 2152/1/2112 2141/1/2112 2155/1/2112
f 2140/1/2113 2134/1/2113 2151/1/2113
f 2135/1/2114 2112/1/2114 2134/1/2114
f 2137/1/2115 2158/1/2115 2156/1/2115
f 2119/1/2116 2156/1/2116 2159/1/2116
f 2154/1/2117 2158/1/2117 2137/1/2117
f 2115/1/2118 2502/1/2118 2116/1/2118
f 2115/1/2119 2145/1/2119 2509/1/2119
f 2115/1/2120 2509/1/2120 2117/1/2120
f 2512/1/2121 2128/1/2121 2143/1/2121
f 2143/1/2122 2144/1/2122 2512/1/2122
f 2508/1/2123 2148/1/2123 2150/1/2123
f 2147/1/2124 2150/1/2124 2148/1/2124
f 2024/1/2125 2022/1/2125 1775/1/2125
f 2150/1/2126 2147/1/2126 2149/1/2126
f 2153/1/2127 2134/1/2127 2175/1/2127
f 2165/1/2128 2158/1/2128 2136/1/2128
f 2142/1/2129 2152/1/2129 2136/1/2129
f 2168/1/2130 2159/1/2130 2158/1/2130
f 2151/1/2131 2163/1/2131 2162/1/2131
f 2171/1/2132 2153/1/2132 2164/1/2132
f 2160/1/2133 2159/1/2133 2166/1/2133
f 2095/1/2134 2157/1/2134 2172/1/2134
f 2168/1/2135 2158/1/2135 2165/1/2135
f 2175/1/2136 2164/1/2136 2153/1/2136
f 2159/1/2137 2160/1/2137 2144/1/2137
f 2159/1/2138 2168/1/2138 2166/1/2138
f 2144/1/2139 2161/1/2139 2512/1/2139
f 2160/1/2140 2161/1/2140 2144/1/2140
f 2152/1/2141 2165/1/2141 2136/1/2141
f 2172/1/2142 2175/1/2142 2095/1/2142
f 2169/1/2143 2170/1/2143 2160/1/2143
f 2338/1/2144 2169/1/2144 2168/1/2144
f 2169/1/2145 2166/1/2145 2168/1/2145
f 2163/1/2146 2167/1/2146 2162/1/2146
f 2338/1/2147 2328/1/2147 2169/1/2147
f 2165/1/2148 2152/1/2148 2339/1/2148
f 2174/1/2149 2164/1/2149 2175/1/2149
f 2173/1/2150 2174/1/2150 2175/1/2150
f 2173/1/2151 2178/1/2151 2179/1/2151
f 2179/1/2152 2180/1/2152 2397/1/2152
f 2373/1/2153 2372/1/2153 2387/1/2153
f 2180/1/2154 2179/1/2154 2023/1/2154
f 2024/1/2155 2181/1/2155 2189/1/2155
f 2254/1/2156 2183/1/2156 2191/1/2156
f 2257/1/2157 2191/1/2157 2183/1/2157
f 2190/1/2158 2024/1/2158 2189/1/2158
f 2184/1/2159 2185/1/2159 2252/1/2159
f 2185/1/2160 2184/1/2160 2250/1/2160
f 2188/1/2161 2187/1/2161 2186/1/2161
f 2252/1/2162 2187/1/2162 2253/1/2162
f 2253/1/2163 2189/1/2163 2254/1/2163
f 2253/1/2164 2190/1/2164 2189/1/2164
f 2254/1/2165 2189/1/2165 2183/1/2165
f 2185/1/2166 2186/1/2166 2252/1/2166
f 2192/1/2167 2194/1/2167 2024/1/2167
f 2192/1/2168 2024/1/2168 2190/1/2168
f 2194/1/2169 2390/1/2169 2195/1/2169
f 2193/1/2170 2194/1/2170 2192/1/2170
f 2289/1/2171 2194/1/2171 2193/1/2171
f 2370/1/2172 2195/1/2172 2390/1/2172
f 2196/1/2173 2024/1/2173 2370/1/2173
f 2197/1/2174 2024/1/2174 2196/1/2174
f 2408/1/2175 2024/1/2175 2197/1/2175
f 2201/1/2176 2199/1/2176 2202/1/2176
f 2200/1/2177 2203/1/2177 2198/1/2177
f 2198/1/2178 2199/1/2178 2200/1/2178
f 2198/1/2179 2203/1/2179 2048/1/2179
f 2201/1/2180 2200/1/2180 2199/1/2180
f 2200/1/2181 2201/1/2181 2203/1/2181
f 2201/1/2182 2204/1/2182 2203/1/2182
f 2248/1/2183 2209/1/2183 2202/1/2183
f 2205/1/2184 2203/1/2184 2204/1/2184
f 2204/1/2185 2213/1/2185 2205/1/2185
f 2205/1/2186 2217/1/2186 2018/1/2186
f 2018/1/2187 2217/1/2187 2218/1/2187
f 2020/1/2188 2019/1/2188 2218/1/2188
f 2020/1/2189 2218/1/2189 2240/1/2189
f 2207/1/2190 2224/1/2190 2202/1/2190
f 2220/1/2191 2222/1/2191 2224/1/2191
f 2209/1/2192 2204/1/2192 2201/1/2192
f 2202/1/2193 2224/1/2193 2248/1/2193
f 2220/1/2194 2243/1/2194 2222/1/2194
f 2514/1/2195 2515/1/2195 2485/1/2195
f 2211/1/2196 2216/1/2196 2213/1/2196
f 2211/1/2197 2213/1/2197 2210/1/2197
f 2209/1/2198 2248/1/2198 2212/1/2198
f 2211/1/2199 2210/1/2199 2212/1/2199
f 2227/1/2200 2212/1/2200 2248/1/2200
f 2215/1/2201 2223/1/2201 2225/1/2201
f 2221/1/2202 2513/1/2202 2247/1/2202
f 2212/1/2203 2216/1/2203 2211/1/2203
f 2214/1/2204 2215/1/2204 2216/1/2204
f 2212/1/2205 2210/1/2205 2209/1/2205
f 2215/1/2206 2214/1/2206 2223/1/2206
f 2216/1/2207 2215/1/2207 2225/1/2207
f 2205/1/2208 2213/1/2208 2217/1/2208
f 2249/1/2209 2250/1/2209 2237/1/2209
f 2254/1/2210 2191/1/2210 2257/1/2210
f 2206/1/2211 2259/1/2211 2255/1/2211
f 2241/1/2212 2242/1/2212 2243/1/2212
f 2244/1/2213 2261/1/2213 2245/1/2213
f 2086/1/2214 2087/1/2214 2219/1/2214
f 2209/1/2215 2213/1/2215 2204/1/2215
f 2246/1/2216 2248/1/2216 2224/1/2216
f 2261/1/2217 2221/1/2217 2247/1/2217
f 2513/1/2218 2515/1/2218 2247/1/2218
f 2223/1/2219 2214/1/2219 2227/1/2219
f 2227/1/2220 2214/1/2220 2212/1/2220
f 2228/1/2221 2225/1/2221 2226/1/2221
f 2227/1/2222 2225/1/2222 2223/1/2222
f 2251/1/2223 2229/1/2223 2227/1/2223
f 2227/1/2224 2248/1/2224 2251/1/2224
f 2228/1/2225 2229/1/2225 2232/1/2225
f 2231/1/2226 2232/1/2226 2251/1/2226
f 2236/1/2227 2238/1/2227 2230/1/2227
f 2229/1/2228 2251/1/2228 2232/1/2228
f 2230/1/2229 2232/1/2229 2231/1/2229
f 2235/1/2230 2238/1/2230 2249/1/2230
f 2236/1/2231 2230/1/2231 2231/1/2231
f 2231/1/2232 2234/1/2232 2236/1/2232
f 2234/1/2233 2231/1/2233 2251/1/2233
f 2263/1/2234 2265/1/2234 2269/1/2234
f 2238/1/2235 2233/1/2235 2249/1/2235
f 2249/1/2236 2237/1/2236 2235/1/2236
f 2235/1/2237 2237/1/2237 2238/1/2237
f 2260/1/2238 2239/1/2238 2217/1/2238
f 2218/1/2239 2217/1/2239 2239/1/2239
f 2239/1/2240 2240/1/2240 2218/1/2240
f 2258/1/2241 2206/1/2241 2255/1/2241
f 2086/1/2242 2085/1/2242 2087/1/2242
f 2245/1/2243 2246/1/2243 2222/1/2243
f 2261/1/2244 2274/1/2244 2245/1/2244
f 2247/1/2245 2281/1/2245 2261/1/2245
f 2226/1/2246 2229/1/2246 2228/1/2246
f 2246/1/2247 2263/1/2247 2248/1/2247
f 2251/1/2248 2249/1/2248 2234/1/2248
f 2265/1/2249 2266/1/2249 2269/1/2249
f 2250/1/2250 2249/1/2250 2251/1/2250
f 2288/1/2251 2269/1/2251 2266/1/2251
f 2186/1/2252 2185/1/2252 2251/1/2252
f 2250/1/2253 2184/1/2253 2237/1/2253
f 2192/1/2254 2251/1/2254 2248/1/2254
f 2238/1/2255 2184/1/2255 2255/1/2255
f 2251/1/2256 2188/1/2256 2186/1/2256
f 2255/1/2257 2184/1/2257 2252/1/2257
f 2252/1/2258 2253/1/2258 2255/1/2258
f 2267/1/2259 2192/1/2259 2248/1/2259
f 2192/1/2260 2188/1/2260 2251/1/2260
f 2213/1/2261 2230/1/2261 2255/1/2261
f 2256/1/2262 2254/1/2262 2257/1/2262
f 2260/1/2263 2217/1/2263 2259/1/2263
f 2254/1/2264 2256/1/2264 2258/1/2264
f 2275/1/2265 2281/1/2265 2278/1/2265
f 2278/1/2266 2279/1/2266 2275/1/2266
f 2264/1/2267 2246/1/2267 2283/1/2267
f 2274/1/2268 2275/1/2268 2298/1/2268
f 2274/1/2269 2298/1/2269 2246/1/2269
f 2295/1/2270 2294/1/2270 2262/1/2270
f 2270/1/2271 2271/1/2271 2286/1/2271
f 2263/1/2272 2264/1/2272 2265/1/2272
f 2266/1/2273 2265/1/2273 2262/1/2273
f 2185/1/2274 2250/1/2274 2251/1/2274
f 2262/1/2275 2520/1/2275 2266/1/2275
f 2525/1/2276 2284/1/2276 2521/1/2276
f 2263/1/2277 2268/1/2277 2267/1/2277
f 2287/1/2278 2271/1/2278 2288/1/2278
f 2521/1/2279 2284/1/2279 2288/1/2279
f 2269/1/2280 2288/1/2280 2271/1/2280
f 2192/1/2281 2267/1/2281 2193/1/2281
f 2267/1/2282 2268/1/2282 2270/1/2282
f 2193/1/2283 2267/1/2283 2270/1/2283
f 2262/1/2284 2283/1/2284 2298/1/2284
f 2305/1/2285 2193/1/2285 2270/1/2285
f 2194/1/2286 2289/1/2286 2390/1/2286
f 2305/1/2287 2273/1/2287 2193/1/2287
f 2297/1/2288 2293/1/2288 2291/1/2288
f 2273/1/2289 2390/1/2289 2289/1/2289
f 2295/1/2290 2296/1/2290 2294/1/2290
f 2277/1/2291 2276/1/2291 2294/1/2291
f 2279/1/2292 2276/1/2292 2277/1/2292
f 2282/1/2293 2280/1/2293 2281/1/2293
f 2301/1/2294 2299/1/2294 2321/1/2294
f 2262/1/2295 2276/1/2295 2279/1/2295
f 2280/1/2296 2282/1/2296 2520/1/2296
f 2270/1/2297 2286/1/2297 2302/1/2297
f 2324/1/2298 2303/1/2298 2302/1/2298
f 2324/1/2299 2287/1/2299 2304/1/2299
f 2307/1/2300 2272/1/2300 2528/1/2300
f 2304/1/2301 2287/1/2301 2307/1/2301
f 2302/1/2302 2303/1/2302 2309/1/2302
f 2305/1/2303 2390/1/2303 2273/1/2303
f 2290/1/2304 2305/1/2304 2270/1/2304
f 2292/1/2305 2316/1/2305 2295/1/2305
f 2306/1/2306 2327/1/2306 2391/1/2306
f 2290/1/2307 2306/1/2307 2391/1/2307
f 2277/1/2308 2296/1/2308 2291/1/2308
f 2291/1/2309 2296/1/2309 2297/1/2309
f 2296/1/2310 2277/1/2310 2294/1/2310
f 2523/1/2311 2531/1/2311 2532/1/2311
f 2321/1/2312 2300/1/2312 2320/1/2312
f 2299/1/2313 2282/1/2313 2300/1/2313
f 2321/1/2314 2299/1/2314 2300/1/2314
f 2285/1/2315 2527/1/2315 2526/1/2315
f 2324/1/2316 2326/1/2316 2303/1/2316
f 2310/1/2317 2309/1/2317 2303/1/2317
f 2310/1/2318 2326/1/2318 2323/1/2318
f 2325/1/2319 2528/1/2319 2534/1/2319
f 2309/1/2320 2306/1/2320 2302/1/2320
f 2309/1/2321 2327/1/2321 2306/1/2321
f 2309/1/2322 2310/1/2322 2327/1/2322
f 2317/1/2323 2314/1/2323 2293/1/2323
f 2323/1/2324 2355/1/2324 2310/1/2324
f 2316/1/2325 2292/1/2325 2315/1/2325
f 2313/1/2326 2314/1/2326 2315/1/2326
f 2295/1/2327 2316/1/2327 2293/1/2327
f 2317/1/2328 2293/1/2328 2316/1/2328
f 2295/1/2329 2293/1/2329 2297/1/2329
f 2319/1/2330 2312/1/2330 2311/1/2330
f 2319/1/2331 2318/1/2331 2540/1/2331
f 2320/1/2332 2318/1/2332 2345/1/2332
f 2319/1/2333 2540/1/2333 2312/1/2333
f 2541/1/2334 2322/1/2334 2321/1/2334
f 2346/1/2335 2527/1/2335 2285/1/2335
f 2323/1/2336 2324/1/2336 2304/1/2336
f 2336/1/2337 2308/1/2337 2325/1/2337
f 2371/1/2338 2354/1/2338 2347/1/2338
f 2347/1/2339 2304/1/2339 2308/1/2339
f 2329/1/2340 2331/1/2340 2311/1/2340
f 2329/1/2341 2340/1/2341 2342/1/2341
f 2328/1/2342 2338/1/2342 2341/1/2342
f 2169/1/2343 2328/1/2343 2170/1/2343
f 2539/1/2344 2170/1/2344 2340/1/2344
f 2330/1/2345 2342/1/2345 2341/1/2345
f 2315/1/2346 2333/1/2346 2317/1/2346
f 2539/1/2347 2340/1/2347 2329/1/2347
f 2314/1/2348 2329/1/2348 2342/1/2348
f 2329/1/2349 2311/1/2349 2540/1/2349
f 2540/1/2350 2311/1/2350 2312/1/2350
f 2333/1/2351 2315/1/2351 2332/1/2351
f 2293/1/2352 2313/1/2352 2291/1/2352
f 2314/1/2353 2342/1/2353 2332/1/2353
f 2343/1/2354 2317/1/2354 2333/1/2354
f 2542/1/2355 2543/1/2355 2322/1/2355
f 2344/1/2356 2319/1/2356 2311/1/2356
f 2351/1/2357 2352/1/2357 2345/1/2357
f 2542/1/2358 2322/1/2358 2541/1/2358
f 2534/1/2359 2334/1/2359 2325/1/2359
f 2347/1/2360 2354/1/2360 2304/1/2360
f 2336/1/2361 2325/1/2361 2334/1/2361
f 2354/1/2362 2335/1/2362 2304/1/2362
f 2327/1/2363 2310/1/2363 2355/1/2363
f 2355/1/2364 2335/1/2364 2354/1/2364
f 2308/1/2365 2336/1/2365 2353/1/2365
f 2327/1/2366 2355/1/2366 2356/1/2366
f 2358/1/2367 2167/1/2367 2337/1/2367
f 2338/1/2368 2339/1/2368 2341/1/2368
f 2388/1/2369 2167/1/2369 2358/1/2369
f 2340/1/2370 2328/1/2370 2342/1/2370
f 2343/1/2371 2333/1/2371 2332/1/2371
f 2362/1/2372 2344/1/2372 2343/1/2372
f 2346/1/2373 2543/1/2373 2544/1/2373
f 2346/1/2374 2544/1/2374 2334/1/2374
f 2356/1/2375 2391/1/2375 2327/1/2375
f 2348/1/2376 2337/1/2376 2163/1/2376
f 2358/1/2377 2337/1/2377 2348/1/2377
f 2152/1/2378 2359/1/2378 2339/1/2378
f 2348/1/2379 2173/1/2379 2357/1/2379
f 2339/1/2380 2359/1/2380 2349/1/2380
f 2360/1/2381 2349/1/2381 2359/1/2381
f 2339/1/2382 2349/1/2382 2330/1/2382
f 2350/1/2383 2361/1/2383 2332/1/2383
f 2330/1/2384 2350/1/2384 2332/1/2384
f 2344/1/2385 2362/1/2385 2351/1/2385
f 2361/1/2386 2364/1/2386 2343/1/2386
f 2361/1/2387 2350/1/2387 2360/1/2387
f 2364/1/2388 2375/1/2388 2363/1/2388
f 2362/1/2389 2363/1/2389 2351/1/2389
f 2363/1/2390 2378/1/2390 2351/1/2390
f 2378/1/2391 2352/1/2391 2351/1/2391
f 2378/1/2392 2542/1/2392 2352/1/2392
f 2381/1/2393 2542/1/2393 2378/1/2393
f 2369/1/2394 2545/1/2394 2367/1/2394
f 2369/1/2395 2544/1/2395 2545/1/2395
f 2336/1/2396 2544/1/2396 2353/1/2396
f 2398/1/2397 2173/1/2397 2177/1/2397
f 2387/1/2398 2357/1/2398 2173/1/2398
f 2358/1/2399 2372/1/2399 2388/1/2399
f 2376/1/2400 2361/1/2400 2360/1/2400
f 2377/1/2401 2380/1/2401 2375/1/2401
f 2374/1/2402 2360/1/2402 2359/1/2402
f 2377/1/2403 2364/1/2403 2376/1/2403
f 2376/1/2404 2374/1/2404 2395/1/2404
f 2375/1/2405 2378/1/2405 2363/1/2405
f 2377/1/2406 2376/1/2406 2379/1/2406
f 2378/1/2407 2375/1/2407 2380/1/2407
f 2379/1/2408 2384/1/2408 2383/1/2408
f 2380/1/2409 2377/1/2409 2379/1/2409
f 2381/1/2410 2378/1/2410 2382/1/2410
f 2378/1/2411 2380/1/2411 2382/1/2411
f 2382/1/2412 2380/1/2412 2383/1/2412
f 2545/1/2413 2381/1/2413 2367/1/2413
f 2382/1/2414 2367/1/2414 2381/1/2414
f 2371/1/2415 2385/1/2415 2386/1/2415
f 2391/1/2416 2356/1/2416 2355/1/2416
f 2177/1/2417 2392/1/2417 2398/1/2417
f 2384/1/2418 2389/1/2418 2401/1/2418
f 2401/1/2419 2391/1/2419 2386/1/2419
f 2177/1/2420 2179/1/2420 2411/1/2420
f 2179/1/2421 2397/1/2421 2411/1/2421
f 2394/1/2422 2393/1/2422 2399/1/2422
f 2412/1/2423 2393/1/2423 2387/1/2423
f 2388/1/2424 2393/1/2424 2394/1/2424
f 2374/1/2425 2388/1/2425 2415/1/2425
f 2374/1/2426 2415/1/2426 2395/1/2426
f 2415/1/2427 2416/1/2427 2395/1/2427
f 2395/1/2428 2416/1/2428 2401/1/2428
f 2390/1/2429 2417/1/2429 2423/1/2429
f 2386/1/2430 2384/1/2430 2401/1/2430
f 2417/1/2431 2390/1/2431 2396/1/2431
f 2412/1/2432 2387/1/2432 2424/1/2432
f 2399/1/2433 2393/1/2433 2412/1/2433
f 2399/1/2434 2413/1/2434 2394/1/2434
f 2430/1/2435 2401/1/2435 2416/1/2435
f 2401/1/2436 2423/1/2436 2417/1/2436
f 2396/1/2437 2401/1/2437 2417/1/2437
f 2180/1/2438 2024/1/2438 2403/1/2438
f 1990/1/2439 1991/1/2439 2048/1/2439
f 2409/1/2440 2408/1/2440 2402/1/2440
f 2404/1/2441 2180/1/2441 2403/1/2441
f 2405/1/2442 2402/1/2442 2406/1/2442
f 2426/1/2443 2441/1/2443 2408/1/2443
f 2442/1/2444 2409/1/2444 2444/1/2444
f 2426/1/2445 2408/1/2445 2442/1/2445
f 2442/1/2446 2408/1/2446 2409/1/2446
f 2444/1/2447 2409/1/2447 2405/1/2447
f 2444/1/2448 2405/1/2448 2410/1/2448
f 2436/1/2449 2392/1/2449 2418/1/2449
f 2411/1/2450 2397/1/2450 2418/1/2450
f 2420/1/2451 2424/1/2451 2387/1/2451
f 2399/1/2452 2412/1/2452 2421/1/2452
f 2399/1/2453 2414/1/2453 2413/1/2453
f 2422/1/2454 2400/1/2454 2413/1/2454
f 2414/1/2455 2422/1/2455 2413/1/2455
f 2400/1/2456 2429/1/2456 2415/1/2456
f 2428/1/2457 2400/1/2457 2422/1/2457
f 2428/1/2458 2429/1/2458 2400/1/2458
f 2423/1/2459 2401/1/2459 2430/1/2459
f 2406/1/2460 2390/1/2460 2446/1/2460
f 2419/1/2461 2411/1/2461 2418/1/2461
f 2437/1/2462 2398/1/2462 2392/1/2462
f 2412/1/2463 2424/1/2463 2425/1/2463
f 2410/1/2464 2406/1/2464 2446/1/2464
f 2446/1/2465 2390/1/2465 2431/1/2465
f 2436/1/2466 2418/1/2466 2407/1/2466
f 2426/1/2467 2428/1/2467 2422/1/2467
f 2443/1/2468 2429/1/2468 2428/1/2468
f 2438/1/2469 2439/1/2469 2424/1/2469
f 2426/1/2470 2427/1/2470 2440/1/2470
f 2443/1/2471 2428/1/2471 2426/1/2471
f 2442/1/2472 2443/1/2472 2426/1/2472
f 2429/1/2473 2430/1/2473 2416/1/2473
f 2433/1/2474 2390/1/2474 2434/1/2474
f 2434/1/2475 2435/1/2475 2433/1/2475
f 2434/1/2476 2423/1/2476 2435/1/2476
f 2440/1/2477 2404/1/2477 2441/1/2477
f 2437/1/2478 2424/1/2478 2420/1/2478
f 2436/1/2479 2407/1/2479 2425/1/2479
f 2451/1/2480 2449/1/2480 2448/1/2480
f 2439/1/2481 2425/1/2481 2424/1/2481
f 2440/1/2482 2425/1/2482 2407/1/2482
f 2444/1/2483 2443/1/2483 2442/1/2483
f 2429/1/2484 2431/1/2484 2435/1/2484
f 2410/1/2485 2446/1/2485 2445/1/2485
f 1686/1/2486 2448/1/2486 2449/1/2486
f 1730/1/2487 1360/1/2487 2450/1/2487
f 1360/1/2488 2447/1/2488 2450/1/2488
f 2452/1/2489 2447/1/2489 2449/1/2489
f 1750/1/2490 1754/1/2490 2456/1/2490
f 2469/1/2491 1706/1/2491 1694/1/2491
f 1800/1/2492 2470/1/2492 2454/1/2492
f 2460/1/2493 2464/1/2493 2461/1/2493
f 1800/1/2494 2472/1/2494 2470/1/2494
f 1800/1/2495 1844/1/2495 2472/1/2495
f 2456/1/2496 1833/1/2496 1750/1/2496
f 2455/1/2497 2456/1/2497 1754/1/2497
f 1761/1/2498 1888/1/2498 2455/1/2498
f 2460/1/2499 2461/1/2499 2458/1/2499
f 2462/1/2500 2464/1/2500 2463/1/2500
f 1984/1/2501 2461/1/2501 2464/1/2501
f 2546/1/2502 2465/1/2502 2466/1/2502
f 2467/1/2503 2466/1/2503 1706/1/2503
f 1706/1/2504 2469/1/2504 2467/1/2504
f 2467/1/2505 2468/1/2505 2546/1/2505
f 2546/1/2506 2468/1/2506 2548/1/2506
f 2549/1/2507 2548/1/2507 2468/1/2507
f 2468/1/2508 2467/1/2508 2471/1/2508
f 2470/1/2509 2472/1/2509 2474/1/2509
f 2470/1/2510 2474/1/2510 2471/1/2510
f 2471/1/2511 2474/1/2511 2475/1/2511
f 2471/1/2512 2475/1/2512 2473/1/2512
f 1999/1/2513 2476/1/2513 2474/1/2513
f 2478/1/2514 2475/1/2514 2474/1/2514
f 2477/1/2515 2473/1/2515 2475/1/2515
f 2010/1/2516 2478/1/2516 2474/1/2516
f 2477/1/2517 2475/1/2517 2478/1/2517
f 2477/1/2518 2478/1/2518 2479/1/2518
f 2480/1/2519 2484/1/2519 2044/1/2519
f 2484/1/2520 2480/1/2520 2481/1/2520
f 2482/1/2521 2068/1/2521 2486/1/2521
f 2481/1/2522 2487/1/2522 2484/1/2522
f 2484/1/2523 2489/1/2523 2483/1/2523
f 2483/1/2524 2489/1/2524 2084/1/2524
f 2492/1/2525 2486/1/2525 2067/1/2525
f 2492/1/2526 2494/1/2526 2486/1/2526
f 2511/1/2527 2503/1/2527 2510/1/2527
f 2495/1/2528 2489/1/2528 2488/1/2528
f 2489/1/2529 2495/1/2529 2084/1/2529
f 2490/1/2530 2496/1/2530 2491/1/2530
f 2514/1/2531 2485/1/2531 2491/1/2531
f 2517/1/2532 2518/1/2532 2516/1/2532
f 2487/1/2533 2488/1/2533 2484/1/2533
f 2499/1/2534 2501/1/2534 2493/1/2534
f 2500/1/2535 2501/1/2535 2499/1/2535
f 2501/1/2536 2502/1/2536 2495/1/2536
f 2510/1/2537 2503/1/2537 2497/1/2537
f 2499/1/2538 2506/1/2538 2500/1/2538
f 2500/1/2539 2507/1/2539 2501/1/2539
f 2510/1/2540 2497/1/2540 2496/1/2540
f 2504/1/2541 2498/1/2541 2130/1/2541
f 2498/1/2542 2504/1/2542 2506/1/2542
f 2507/1/2543 2500/1/2543 2506/1/2543
f 2139/1/2544 2507/1/2544 2508/1/2544
f 2502/1/2545 2501/1/2545 2507/1/2545
f 2134/1/2546 2095/1/2546 2175/1/2546
f 2535/1/2547 2529/1/2547 2511/1/2547
f 2511/1/2548 2161/1/2548 2535/1/2548
f 2515/1/2549 2514/1/2549 2516/1/2549
f 2518/1/2550 2522/1/2550 2516/1/2550
f 2247/1/2551 2515/1/2551 2516/1/2551
f 2519/1/2552 2247/1/2552 2516/1/2552
f 2535/1/2553 2536/1/2553 2537/1/2553
f 2532/1/2554 2281/1/2554 2519/1/2554
f 2520/1/2555 2524/1/2555 2521/1/2555
f 2301/1/2556 2525/1/2556 2524/1/2556
f 2521/1/2557 2266/1/2557 2520/1/2557
f 2513/1/2558 2485/1/2558 2515/1/2558
f 2531/1/2559 2523/1/2559 2518/1/2559
f 2518/1/2560 2530/1/2560 2531/1/2560
f 2523/1/2561 2532/1/2561 2522/1/2561
f 2524/1/2562 2520/1/2562 2299/1/2562
f 2301/1/2563 2524/1/2563 2299/1/2563
f 2301/1/2564 2322/1/2564 2285/1/2564
f 2530/1/2565 2503/1/2565 2529/1/2565
f 2534/1/2566 2528/1/2566 2526/1/2566
f 2533/1/2567 2532/1/2567 2531/1/2567
f 2300/1/2568 2282/1/2568 2533/1/2568
f 2285/1/2569 2284/1/2569 2525/1/2569
f 2537/1/2570 2536/1/2570 2538/1/2570
f 2537/1/2571 2538/1/2571 2531/1/2571
f 2540/1/2572 2533/1/2572 2538/1/2572
f 2300/1/2573 2533/1/2573 2318/1/2573
f 2538/1/2574 2536/1/2574 2540/1/2574
f 2540/1/2575 2536/1/2575 2329/1/2575
f 2541/1/2576 2365/1/2576 2542/1/2576
f 2544/1/2577 2543/1/2577 2545/1/2577
f 2369/1/2578 2353/1/2578 2544/1/2578
f 2543/1/2579 2366/1/2579 2545/1/2579
f 2548/1/2580 1600/1/2580 2546/1/2580
f 43/1/2581 44/1/2581 45/1/2581
f 59/1/2582 290/1/2582 336/1/2582
f 336/1/2583 290/1/2583 337/1/2583
f 51/1/2584 304/1/2584 262/1/2584
f 341/1/2585 50/1/2585 262/1/2585
f 286/1/2586 60/1/2586 626/1/2586
f 305/1/2587 61/1/2587 265/1/2587
f 63/1/9 300/1/9 220/1/9
f 646/1/2588 64/1/2588 645/1/2588
f 211/1/2589 67/1/2589 278/1/2589
f 71/1/2590 215/1/2590 622/1/2590
f 261/1/2591 53/1/2591 318/1/2591
f 235/1/2592 395/1/2592 72/1/2592
f 264/1/2593 317/1/2593 248/1/2593
f 69/1/2594 333/1/2594 261/1/2594
f 70/1/2595 249/1/2595 619/1/2595
f 73/1/2596 72/1/2596 71/1/2596
f 209/1/2597 239/1/2597 53/1/2597
f 305/1/2598 55/1/2598 257/1/2598
f 266/1/2599 288/1/2599 62/1/2599
f 49/1/2600 304/1/2600 302/1/2600
f 212/1/2601 67/1/2601 211/1/2601
f 77/1/2602 76/1/2602 253/1/2602
f 227/1/2603 75/1/2603 58/1/2603
f 378/1/2604 227/1/2604 58/1/2604
f 288/1/2605 259/1/2605 62/1/2605
f 80/1/2606 335/1/2606 79/1/2606
f 254/1/2607 250/1/2607 83/1/2607
f 337/1/2608 324/1/2608 336/1/2608
f 306/1/506 323/1/506 393/1/506
f 241/1/41 386/1/41 601/1/41
f 86/1/2609 325/1/2609 242/1/2609
f 242/1/2610 87/1/2610 86/1/2610
f 222/1/2611 88/1/2611 271/1/2611
f 89/1/2612 307/1/2612 223/1/2612
f 307/1/2613 243/1/2613 224/1/2613
f 307/1/2614 89/1/2614 242/1/2614
f 256/1/2615 243/1/2615 282/1/2615
f 244/1/2616 91/1/2616 293/1/2616
f 276/1/2617 90/1/2617 218/1/2617
f 282/1/2618 83/1/2618 250/1/2618
f 598/1/2619 92/1/2619 245/1/2619
f 221/1/2620 282/1/2620 243/1/2620
f 95/1/2621 86/1/2621 255/1/2621
f 246/1/2622 223/1/2622 272/1/2622
f 223/1/2623 244/1/2623 272/1/2623
f 272/1/2624 293/1/2624 80/1/2624
f 272/1/2625 80/1/2625 79/1/2625
f 226/1/2626 328/1/2626 309/1/2626
f 278/1/2627 297/1/2627 88/1/2627
f 97/1/2628 310/1/2628 330/1/2628
f 96/1/2629 273/1/2629 310/1/2629
f 96/1/2630 323/1/2630 273/1/2630
f 306/1/2631 85/1/2631 237/1/2631
f 98/1/2632 97/1/2632 330/1/2632
f 296/1/2633 306/1/2633 237/1/2633
f 97/1/2634 96/1/2634 310/1/2634
f 229/1/2635 78/1/2635 315/1/2635
f 329/1/2636 284/1/2636 271/1/2636
f 298/1/2637 91/1/2637 294/1/2637
f 113/1/2638 112/1/2638 266/1/2638
f 309/1/2639 328/1/2639 312/1/2639
f 312/1/2640 279/1/2640 439/1/2640
f 308/1/2641 260/1/2641 331/1/2641
f 274/1/2642 65/1/2642 377/1/2642
f 255/1/2643 331/1/2643 274/1/2643
f 238/1/2644 299/1/2644 231/1/2644
f 231/1/2645 93/1/2645 52/1/2645
f 277/1/2646 226/1/2646 73/1/2646
f 277/1/2647 73/1/2647 332/1/2647
f 348/1/2648 232/1/2648 316/1/2648
f 316/1/2649 293/1/2649 348/1/2649
f 348/1/2650 99/1/2650 352/1/2650
f 280/1/2651 81/1/2651 82/1/2651
f 43/1/2652 101/1/2652 240/1/2652
f 279/1/2653 313/1/2653 514/1/2653
f 514/1/2654 313/1/2654 104/1/2654
f 76/1/2655 216/1/2655 115/1/2655
f 395/1/2656 235/1/2656 236/1/2656
f 339/1/2657 335/1/2657 71/1/2657
f 270/1/2658 51/1/2658 106/1/2658
f 240/1/2659 101/1/2659 342/1/2659
f 44/1/2660 207/1/2660 45/1/2660
f 274/1/2661 331/1/2661 213/1/2661
f 274/1/2662 213/1/2662 211/1/2662
f 302/1/2663 267/1/2663 299/1/2663
f 124/1/2664 322/1/2664 338/1/2664
f 260/1/2665 335/1/2665 249/1/2665
f 233/1/9 393/1/9 300/1/9
f 105/1/2666 314/1/2666 281/1/2666
f 313/1/2667 312/1/2667 352/1/2667
f 104/1/2668 313/1/2668 352/1/2668
f 312/1/2669 232/1/2669 352/1/2669
f 234/1/2670 455/1/2670 344/1/2670
f 279/1/2671 312/1/2671 313/1/2671
f 291/1/2672 74/1/2672 234/1/2672
f 213/1/2673 331/1/2673 249/1/2673
f 46/1/2674 248/1/2674 317/1/2674
f 317/1/2675 239/1/2675 47/1/2675
f 93/1/2676 81/1/2676 295/1/2676
f 81/1/2677 280/1/2677 295/1/2677
f 322/1/2678 263/1/2678 268/1/2678
f 268/1/2679 49/1/2679 257/1/2679
f 257/1/2680 55/1/2680 268/1/2680
f 322/1/2681 55/1/2681 56/1/2681
f 303/1/2682 51/1/2682 270/1/2682
f 304/1/2683 303/1/2683 302/1/2683
f 361/1/2684 116/1/2684 369/1/2684
f 354/1/2685 210/1/2685 371/1/2685
f 364/1/2686 355/1/2686 380/1/2686
f 355/1/2687 359/1/2687 382/1/2687
f 363/1/2688 375/1/2688 210/1/2688
f 119/1/2689 118/1/2689 362/1/2689
f 362/1/2690 118/1/2690 374/1/2690
f 117/1/2691 366/1/2691 376/1/2691
f 119/1/2692 362/1/2692 367/1/2692
f 600/1/2693 117/1/2693 372/1/2693
f 120/1/2694 600/1/2694 374/1/2694
f 365/1/2695 379/1/2695 375/1/2695
f 251/1/2696 380/1/2696 382/1/2696
f 116/1/2697 357/1/2697 369/1/2697
f 266/1/2698 112/1/2698 288/1/2698
f 381/1/2699 373/1/2699 369/1/2699
f 381/1/2700 369/1/2700 283/1/2700
f 283/1/2701 380/1/2701 251/1/2701
f 374/1/122 368/1/122 360/1/122
f 358/1/122 365/1/122 361/1/122
f 354/1/122 359/1/122 374/1/122
f 356/1/428 367/1/428 357/1/428
f 376/1/122 356/1/122 116/1/122
f 60/1/2702 266/1/2702 621/1/2702
f 372/1/122 376/1/122 365/1/122
f 367/1/122 362/1/122 355/1/122
f 289/1/2703 210/1/2703 384/1/2703
f 114/1/2704 113/1/2704 266/1/2704
f 210/1/2705 253/1/2705 371/1/2705
f 288/1/2706 220/1/2706 259/1/2706
f 84/1/2707 83/1/2707 311/1/2707
f 115/1/2708 382/1/2708 383/1/2708
f 115/1/2709 378/1/2709 251/1/2709
f 382/1/2710 371/1/2710 383/1/2710
f 287/1/2711 289/1/2711 384/1/2711
f 217/1/122 315/1/122 301/1/122
f 387/1/2712 391/1/2712 123/1/2712
f 388/1/40 387/1/40 123/1/40
f 336/1/2713 394/1/2713 389/1/2713
f 321/1/40 391/1/40 370/1/40
f 296/1/122 217/1/122 228/1/122
f 237/1/122 315/1/122 217/1/122
f 78/1/122 216/1/122 76/1/122
f 78/1/428 330/1/428 216/1/428
f 75/1/300 310/1/300 320/1/300
f 320/1/298 273/1/298 228/1/298
f 228/1/2714 230/1/2714 320/1/2714
f 273/1/122 296/1/122 228/1/122
f 233/1/40 600/1/40 393/1/40
f 321/1/40 366/1/40 233/1/40
f 370/1/40 366/1/40 321/1/40
f 600/1/138 120/1/138 393/1/138
f 120/1/40 118/1/40 392/1/40
f 119/1/2715 121/1/2715 391/1/2715
f 97/1/40 390/1/40 386/1/40
f 121/1/294 370/1/294 391/1/294
f 74/1/2716 319/1/2716 602/1/2716
f 124/1/2717 263/1/2717 322/1/2717
f 124/1/2718 341/1/2718 263/1/2718
f 398/1/2719 125/1/2719 341/1/2719
f 594/1/2720 401/1/2720 126/1/2720
f 398/1/2721 124/1/2721 126/1/2721
f 400/1/2722 398/1/2722 401/1/2722
f 594/1/2723 399/1/2723 593/1/2723
f 340/1/2724 319/1/2724 74/1/2724
f 488/1/2725 129/1/2725 516/1/2725
f 492/1/2726 539/1/2726 164/1/2726
f 165/1/2727 539/1/2727 492/1/2727
f 134/1/2728 507/1/2728 464/1/2728
f 141/1/2729 465/1/2729 442/1/2729
f 465/1/2730 142/1/2730 442/1/2730
f 144/1/2731 405/1/2731 623/1/2731
f 405/1/2732 144/1/2732 131/1/2732
f 612/1/2733 611/1/2733 467/1/2733
f 145/1/2734 615/1/2734 612/1/2734
f 476/1/2735 149/1/2735 520/1/2735
f 614/1/2736 150/1/2736 444/1/2736
f 444/1/2737 430/1/2737 147/1/2737
f 149/1/2738 430/1/2738 520/1/2738
f 408/1/2739 409/1/2739 541/1/2739
f 460/1/2740 540/1/2740 445/1/2740
f 153/1/2741 629/1/2741 151/1/2741
f 153/1/2742 151/1/2742 521/1/2742
f 521/1/2743 151/1/2743 503/1/2743
f 406/1/2744 448/1/2744 443/1/2744
f 146/1/2745 407/1/2745 467/1/2745
f 456/1/2746 465/1/2746 141/1/2746
f 143/1/2747 456/1/2747 141/1/2747
f 490/1/2748 412/1/2748 130/1/2748
f 183/1/2749 490/1/2749 129/1/2749
f 404/1/2750 424/1/2750 578/1/2750
f 158/1/2751 577/1/2751 526/1/2751
f 145/1/2752 189/1/2752 523/1/2752
f 579/1/2753 577/1/2753 504/1/2753
f 525/1/2754 604/1/2754 154/1/2754
f 189/1/2755 525/1/2755 411/1/2755
f 513/1/2756 200/1/2756 168/1/2756
f 146/1/2757 499/1/2757 199/1/2757
f 499/1/2758 537/1/2758 199/1/2758
f 163/1/2759 538/1/2759 161/1/2759
f 414/1/2760 429/1/2760 164/1/2760
f 415/1/2761 199/1/2761 608/1/2761
f 415/1/2761 608/1/2761 160/1/2761
f 434/1/2762 416/1/2762 169/1/2762
f 473/1/2763 172/1/2763 170/1/2763
f 170/1/2764 416/1/2764 477/1/2764
f 434/1/2765 171/1/2765 452/1/2765
f 434/1/2766 452/1/2766 417/1/2766
f 436/1/2767 174/1/2767 173/1/2767
f 437/1/2768 495/1/2768 532/1/2768
f 478/1/2769 435/1/2769 413/1/2769
f 164/1/2770 533/1/2770 176/1/2770
f 479/1/2771 173/1/2771 495/1/2771
f 420/1/2772 413/1/2772 437/1/2772
f 171/1/2773 169/1/2773 482/1/2773
f 510/1/2774 475/1/2774 474/1/2774
f 474/1/2775 509/1/2775 510/1/2775
f 474/1/2776 161/1/2776 458/1/2776
f 458/1/2777 436/1/2777 474/1/2777
f 396/1/2778 511/1/2778 422/1/2778
f 482/1/2779 169/1/2779 530/1/2779
f 147/1/2780 430/1/2780 499/1/2780
f 453/1/2781 480/1/2781 454/1/2781
f 159/1/2782 603/1/2782 480/1/2782
f 159/1/2783 462/1/2783 502/1/2783
f 502/1/2784 603/1/2784 159/1/2784
f 512/1/2785 453/1/2785 497/1/2785
f 160/1/58 583/1/58 581/1/58
f 454/1/122 603/1/122 415/1/122
f 163/1/2786 161/1/2786 475/1/2786
f 482/1/2787 476/1/2787 178/1/2787
f 149/1/2788 476/1/2788 573/1/2788
f 396/1/2789 422/1/2789 447/1/2789
f 422/1/2790 521/1/2790 447/1/2790
f 163/1/2791 475/1/2791 178/1/2791
f 476/1/2792 163/1/2792 178/1/2792
f 573/1/2793 172/1/2793 430/1/2793
f 427/1/2794 138/1/2794 529/1/2794
f 519/1/2795 132/1/2795 131/1/2795
f 547/1/2796 174/1/2796 515/1/2796
f 547/1/2797 515/1/2797 428/1/2797
f 549/1/2798 181/1/2798 177/1/2798
f 549/1/2799 177/1/2799 546/1/2799
f 546/1/2800 177/1/2800 175/1/2800
f 546/1/2801 175/1/2801 545/1/2801
f 545/1/2802 175/1/2802 532/1/2802
f 547/1/2803 428/1/2803 485/1/2803
f 429/1/2804 414/1/2804 533/1/2804
f 181/1/2805 487/1/2805 469/1/2805
f 184/1/2806 129/1/2806 182/1/2806
f 128/1/2807 182/1/2807 129/1/2807
f 604/1/2808 491/1/2808 154/1/2808
f 157/1/2809 526/1/2809 524/1/2809
f 491/1/2810 579/1/2810 461/1/2810
f 441/1/2811 201/1/2811 609/1/2811
f 148/1/2812 147/1/2812 459/1/2812
f 147/1/2813 146/1/2813 459/1/2813
f 153/1/2814 538/1/2814 629/1/2814
f 136/1/2815 188/1/2815 187/1/2815
f 488/1/2816 516/1/2816 506/1/2816
f 163/1/2817 476/1/2817 541/1/2817
f 408/1/2818 476/1/2818 520/1/2818
f 507/1/2819 427/1/2819 471/1/2819
f 138/1/2820 427/1/2820 505/1/2820
f 528/1/2821 588/1/2821 152/1/2821
f 588/1/2822 595/1/2822 152/1/2822
f 549/1/2823 180/1/2823 472/1/2823
f 433/1/2824 489/1/2824 449/1/2824
f 449/1/2825 586/1/2825 542/1/2825
f 580/1/9 585/1/9 581/1/9
f 485/1/2826 428/1/2826 514/1/2826
f 471/1/2827 427/1/2827 493/1/2827
f 514/1/2828 104/1/2828 185/1/2828
f 163/1/2829 541/1/2829 440/1/2829
f 405/1/2830 131/1/2830 518/1/2830
f 518/1/2831 132/1/2831 432/1/2831
f 427/1/2832 529/1/2832 470/1/2832
f 463/1/2833 528/1/2833 468/1/2833
f 465/1/2834 456/1/2834 468/1/2834
f 465/1/2835 528/1/2835 142/1/2835
f 441/1/2836 484/1/2836 201/1/2836
f 192/1/2837 198/1/2837 576/1/2837
f 555/1/2838 553/1/2838 550/1/2838
f 566/1/2839 571/1/2839 194/1/2839
f 553/1/2840 556/1/2840 563/1/2840
f 561/1/2841 575/1/2841 555/1/2841
f 562/1/2842 560/1/2842 196/1/2842
f 560/1/2843 607/1/2843 196/1/2843
f 195/1/2844 554/1/2844 565/1/2844
f 558/1/2845 572/1/2845 197/1/2845
f 604/1/2846 525/1/2846 489/1/2846
f 579/1/2847 491/1/2847 433/1/2847
f 567/1/40 560/1/40 563/1/40
f 194/1/40 193/1/40 554/1/40
f 191/1/40 190/1/40 552/1/40
f 552/1/40 554/1/40 193/1/40
f 192/1/40 191/1/40 552/1/40
f 559/1/40 197/1/40 190/1/40
f 190/1/40 561/1/40 559/1/40
f 189/1/2848 145/1/2848 467/1/2848
f 199/1/2849 574/1/2849 407/1/2849
f 441/1/2850 524/1/2850 526/1/2850
f 578/1/2851 524/1/2851 441/1/2851
f 575/1/2852 526/1/2852 555/1/2852
f 168/1/2853 486/1/2853 513/1/2853
f 608/1/2854 167/1/2854 583/1/2854
f 160/1/131 608/1/131 583/1/131
f 200/1/2855 513/1/2855 199/1/2855
f 167/1/2856 451/1/2856 165/1/2856
f 201/1/2857 585/1/2857 580/1/2857
f 462/1/40 461/1/40 504/1/40
f 462/1/40 504/1/40 584/1/40
f 156/1/40 423/1/40 157/1/40
f 423/1/40 158/1/40 157/1/40
f 481/1/40 423/1/40 156/1/40
f 453/1/2858 155/1/2858 523/1/2858
f 424/1/294 453/1/294 512/1/294
f 480/1/294 453/1/294 411/1/294
f 159/1/40 480/1/40 154/1/40
f 565/1/122 527/1/122 542/1/122
f 558/1/122 498/1/122 581/1/122
f 498/1/122 535/1/122 581/1/122
f 570/1/428 572/1/428 585/1/428
f 128/1/2859 129/1/2859 488/1/2859
f 522/1/2860 412/1/2860 602/1/2860
f 592/1/2861 593/1/2861 501/1/2861
f 589/1/2862 594/1/2862 593/1/2862
f 501/1/2863 503/1/2863 592/1/2863
f 596/1/2864 135/1/2864 506/1/2864
f 626/2/2865 3/3/2865 4/4/2865
f 5/5/2866 633/6/2866 4/4/2866
f 68/7/2867 6/8/2867 7/9/2867
f 9/10/2868 645/11/2868 8/12/2868
f 11/13/2869 644/14/2869 10/15/2869
f 13/16/2870 635/17/2870 252/18/2870 12/19/2870
f 215/20/2871 17/21/2871 18/22/2871
f 18/22/2872 622/23/2872 215/20/2872
f 23/24/2873 612/25/2873 24/26/2873
f 641/27/2874 28/28/2874 457/29/2874
f 459/30/2875 32/31/2875 31/32/2875
f 618/33/2876 34/34/2876 33/35/2876 643/36/2876
f 620/37/2877 38/38/2877 410/39/2877
f 640/40/2878 42/41/2878 41/42/2878
f 626/1/2879 633/1/2879 286/1/2879
f 644/1/2880 613/1/2880 62/1/2880
f 617/1/2881 625/1/2881 249/1/2881
f 617/1/2882 249/1/2882 339/1/2882
f 56/1/2883 631/1/2883 628/1/2883
f 146/1/2884 467/1/2884 611/1/2884
f 640/1/2885 638/1/2885 440/1/2885
f 637/1/2886 517/1/2886 457/1/2886
f 638/1/2887 629/1/2887 440/1/2887
f 410/1/2888 610/1/2888 152/1/2888
f 651/1/2889 650/1/2889 655/1/2889
f 350/1/2890 108/1/2890 109/1/2890
f 108/1/2891 350/1/2891 107/1/2891
f 654/1/2892 647/1/2892 651/1/2892
f 648/1/2893 652/1/2893 653/1/2893
f 109/1/2894 343/1/2894 346/1/2894
f 764/1/2895 724/1/2895 765/1/2895
f 874/1/2896 836/1/2896 875/1/2896
f 897/1/2897 884/1/2897 883/1/2897
f 882/1/2898 883/1/2898 884/1/2898
f 881/1/2899 887/1/2899 880/1/2899
f 1093/1/2900 879/1/2900 887/1/2900
f 901/1/2901 1093/1/2901 884/1/2901
f 885/1/2902 1368/1/2902 886/1/2902
f 890/1/2903 892/1/2903 891/1/2903
f 888/1/2904 893/1/2904 879/1/2904
f 906/1/2905 896/1/2905 895/1/2905
f 879/1/2906 885/1/2906 878/1/2906
f 899/1/2907 897/1/2907 900/1/2907
f 901/1/2908 897/1/2908 899/1/2908
f 1093/1/2909 902/1/2909 1162/1/2909
f 917/1/2910 903/1/2910 888/1/2910
f 904/1/2911 890/1/2911 911/1/2911
f 900/1/2912 906/1/2912 915/1/2912
f 908/1/2913 899/1/2913 907/1/2913
f 899/1/2914 900/1/2914 907/1/2914
f 892/1/2915 912/1/2915 891/1/2915
f 910/1/2916 1162/1/2916 909/1/2916
f 917/1/2917 888/1/2917 919/1/2917
f 892/1/2918 1115/1/2918 912/1/2918
f 912/1/2919 920/1/2919 894/1/2919
f 1112/1/2920 908/1/2920 1116/1/2920
f 907/1/2921 915/1/2921 1116/1/2921
f 1114/1/2922 916/1/2922 921/1/2922
f 1116/1/2923 1120/1/2923 1122/1/2923
f 929/1/2924 918/1/2924 927/1/2924
f 929/1/2925 927/1/2925 926/1/2925
f 930/1/2926 928/1/2926 926/1/2926
f 929/1/2927 926/1/2927 928/1/2927
f 930/1/2928 954/1/2928 928/1/2928
f 957/1/2929 945/1/2929 932/1/2929
f 1157/1/2930 1164/1/2930 936/1/2930
f 948/1/2931 940/1/2931 938/1/2931
f 945/1/2932 957/1/2932 944/1/2932
f 958/1/2933 936/1/2933 960/1/2933
f 942/1/2934 937/1/2934 947/1/2934
f 962/1/2935 948/1/2935 961/1/2935
f 964/1/2936 1627/1/2936 950/1/2936
f 950/1/2937 953/1/2937 955/1/2937
f 991/1/2938 955/1/2938 953/1/2938
f 945/1/2939 959/1/2939 946/1/2939
f 956/1/2940 958/1/2940 960/1/2940
f 945/1/2941 946/1/2941 941/1/2941
f 966/1/2942 979/1/2942 949/1/2942
f 987/1/2943 976/1/2943 947/1/2943
f 962/1/2944 999/1/2944 978/1/2944
f 965/1/2945 982/1/2945 983/1/2945
f 956/1/2946 960/1/2946 981/1/2946
f 967/1/2947 965/1/2947 968/1/2947
f 981/1/2948 967/1/2948 956/1/2948
f 968/1/2949 965/1/2949 952/1/2949
f 988/1/2950 975/1/2950 991/1/2950
f 1000/1/2951 988/1/2951 991/1/2951
f 973/1/2952 971/1/2952 972/1/2952
f 969/1/2953 973/1/2953 944/1/2953
f 975/1/2954 987/1/2954 974/1/2954
f 994/1/2955 976/1/2955 977/1/2955
f 999/1/2956 962/1/2956 961/1/2956
f 999/1/2957 994/1/2957 995/1/2957
f 989/1/2958 978/1/2958 999/1/2958
f 1008/1/2959 982/1/2959 984/1/2959
f 984/1/2960 982/1/2960 981/1/2960
f 999/1/2961 995/1/2961 989/1/2961
f 988/1/2962 990/1/2962 989/1/2962
f 1027/1/2963 977/1/2963 1010/1/2963
f 1025/1/2964 993/1/2964 977/1/2964
f 1015/1/2965 1012/1/2965 975/1/2965
f 978/1/2966 990/1/2966 1000/1/2966
f 1008/1/2967 1036/1/2967 1005/1/2967
f 1035/1/2968 1007/1/2968 1006/1/2968
f 984/1/2969 981/1/2969 986/1/2969
f 986/1/2970 985/1/2970 1006/1/2970
f 1012/1/2971 1039/1/2971 1010/1/2971
f 1019/1/2972 1017/1/2972 1016/1/2972
f 1020/1/2973 1021/1/2973 1023/1/2973
f 1020/1/2974 1023/1/2974 1641/1/2974
f 1044/1/2975 1014/1/2975 1025/1/2975
f 1004/1/2976 1031/1/2976 1049/1/2976
f 1004/1/2977 1049/1/2977 1032/1/2977
f 1637/1/2978 1032/1/2978 1057/1/2978
f 1637/1/2979 1057/1/2979 1638/1/2979
f 1051/1/2980 1036/1/2980 1047/1/2980
f 1051/1/2981 1005/1/2981 1036/1/2981
f 1090/1/2982 1063/1/2982 1091/1/2982
f 1061/1/2983 1017/1/2983 1024/1/2983
f 1042/1/2984 1063/1/2984 1043/1/2984
f 1065/1/2985 1030/1/2985 1067/1/2985
f 1033/1/2986 1070/1/2986 1029/1/2986
f 1045/1/2987 1051/1/2987 1047/1/2987
f 1417/1/2988 1070/1/2988 1367/1/2988
f 1058/1/2989 1638/1/2989 1057/1/2989
f 1647/1/2990 1058/1/2990 1057/1/2990
f 1085/1/2991 1079/1/2991 1084/1/2991
f 1061/1/2992 1088/1/2992 1060/1/2992
f 1268/1/2993 1063/1/2993 1294/1/2993
f 1062/1/2994 1040/1/2994 1059/1/2994
f 1059/1/2995 1391/1/2995 1062/1/2995
f 1646/1/2996 1089/1/2996 1088/1/2996
f 1294/1/2997 1063/1/2997 1090/1/2997
f 1067/1/2998 1385/1/2998 1065/1/2998
f 1064/1/2999 1068/1/2999 1045/1/2999
f 1402/1/3000 1066/1/3000 1068/1/3000
f 1072/1/3001 1404/1/3001 1400/1/3001
f 1400/1/3002 1067/1/3002 1072/1/3002
f 1077/1/3003 1057/1/3003 1056/1/3003
f 1075/1/3004 1076/1/3004 1407/1/3004
f 1390/1/3005 1391/1/3005 1083/1/3005
f 1647/1/3006 1077/1/3006 1087/1/3006
f 1390/1/3007 1083/1/3007 1078/1/3007
f 1390/1/3008 1079/1/3008 1080/1/3008
f 1390/1/3009 1075/1/3009 1407/1/3009
f 1081/1/3010 1080/1/3010 1079/1/3010
f 1082/1/3011 1075/1/3011 1081/1/3011
f 1090/1/3012 1091/1/3012 1092/1/3012
f 1094/1/3013 1095/1/3013 879/1/3013
f 1093/1/3014 1094/1/3014 879/1/3014
f 1595/1/3015 1368/1/3015 885/1/3015
f 1096/1/3016 1095/1/3016 1162/1/3016
f 1096/1/3017 1162/1/3017 1097/1/3017
f 1595/1/3018 885/1/3018 879/1/3018
f 1249/1/3019 1099/1/3019 1098/1/3019
f 1162/1/3020 1249/1/3020 1098/1/3020
f 1162/1/3021 1098/1/3021 1097/1/3021
f 1100/1/3022 1260/1/3022 879/1/3022
f 1596/1/3023 1594/1/3023 1619/1/3023
f 1105/1/3024 1595/1/3024 1104/1/3024
f 1595/1/3025 1260/1/3025 1104/1/3025
f 1262/1/3026 1106/1/3026 1105/1/3026
f 1592/1/3027 1595/1/3027 1109/1/3027
f 1119/1/3028 1111/1/3028 912/1/3028
f 1112/1/3029 1113/1/3029 908/1/3029
f 1127/1/3030 921/1/3030 1113/1/3030
f 921/1/3031 1127/1/3031 1133/1/3031
f 1121/1/3032 1142/1/3032 1127/1/3032
f 1162/1/3033 1114/1/3033 1134/1/3033
f 1153/1/3034 1136/1/3034 1135/1/3034
f 1153/1/3035 1135/1/3035 1115/1/3035
f 1146/1/3036 1145/1/3036 1653/1/3036
f 1143/1/3037 1144/1/3037 1142/1/3037
f 1144/1/3038 1128/1/3038 1142/1/3038
f 1131/1/3039 1127/1/3039 1129/1/3039
f 1125/1/3040 1145/1/3040 1129/1/3040
f 1145/1/3041 1126/1/3041 1651/1/3041
f 1132/1/3042 1133/1/3042 1130/1/3042
f 1154/1/3043 1165/1/3043 1120/1/3043
f 1157/1/3044 1137/1/3044 1122/1/3044
f 1150/1/3045 1147/1/3045 1148/1/3045
f 1122/1/3046 1120/1/3046 1165/1/3046
f 1160/1/3047 1140/1/3047 1158/1/3047
f 1141/1/3048 1161/1/3048 1169/1/3048
f 1139/1/3049 1123/1/3049 1138/1/3049
f 1124/1/3050 1140/1/3050 1141/1/3050
f 1142/1/3051 1139/1/3051 1143/1/3051
f 1652/1/3052 1651/1/3052 1124/1/3052
f 1125/1/3053 1144/1/3053 1143/1/3053
f 1150/1/3054 1132/1/3054 1147/1/3054
f 1651/1/3055 1172/1/3055 1653/1/3055
f 1651/1/3056 1653/1/3056 1145/1/3056
f 1146/1/3057 1654/1/3057 1148/1/3057
f 1133/1/3058 1150/1/3058 1151/1/3058
f 1152/1/3059 1237/1/3059 1162/1/3059
f 1151/1/3060 1175/1/3060 1133/1/3060
f 1157/1/3061 1165/1/3061 1164/1/3061
f 1122/1/3062 1165/1/3062 1157/1/3062
f 1156/1/3063 1167/1/3063 1155/1/3063
f 1167/1/3064 1138/1/3064 1137/1/3064
f 1158/1/3065 1168/1/3065 1160/1/3065
f 1168/1/3066 1158/1/3066 1159/1/3066
f 1198/1/3067 1172/1/3067 1171/1/3067
f 1652/1/3068 1169/1/3068 1171/1/3068
f 1169/1/3069 1652/1/3069 1141/1/3069
f 1657/1/3070 1656/1/3070 1660/1/3070
f 1167/1/3071 1159/1/3071 1138/1/3071
f 1179/1/3072 1156/1/3072 1166/1/3072
f 1171/1/3073 1169/1/3073 1170/1/3073
f 1172/1/3074 1198/1/3074 1199/1/3074
f 1199/1/3075 1654/1/3075 1172/1/3075
f 1217/1/3076 1238/1/3076 1237/1/3076
f 1237/1/3077 1152/1/3077 1217/1/3077
f 1178/1/3078 1159/1/3078 1179/1/3078
f 1179/1/3079 1159/1/3079 1167/1/3079
f 1178/1/3080 1177/1/3080 1658/1/3080
f 1159/1/3081 1181/1/3081 1191/1/3081
f 1195/1/3082 1658/1/3082 1187/1/3082
f 1207/1/3083 1171/1/3083 1170/1/3083
f 1210/1/3084 1199/1/3084 1198/1/3084
f 1204/1/3085 1180/1/3085 1159/1/3085
f 1203/1/3086 1185/1/3086 1182/1/3086
f 1175/1/3087 1151/1/3087 1173/1/3087
f 1204/1/3088 1159/1/3088 1188/1/3088
f 1188/1/3089 1190/1/3089 1205/1/3089
f 1189/1/3090 1190/1/3090 1188/1/3090
f 1213/1/3091 1201/1/3091 1200/1/3091
f 1183/1/3092 1200/1/3092 1186/1/3092
f 1217/1/3093 1215/1/3093 1238/1/3093
f 1218/1/3094 1225/1/3094 1205/1/3094
f 1212/1/3095 1186/1/3095 1201/1/3095
f 1236/1/3096 1250/1/3096 1162/1/3096
f 1186/1/3097 1215/1/3097 1217/1/3097
f 1274/1/3098 1253/1/3098 1218/1/3098
f 1221/1/3099 1218/1/3099 1220/1/3099
f 1222/1/3100 1239/1/3100 1223/1/3100
f 1244/1/3101 1235/1/3101 1245/1/3101
f 1228/1/3102 1209/1/3102 1223/1/3102
f 1228/1/3103 1223/1/3103 1239/1/3103
f 1230/1/3104 1210/1/3104 1229/1/3104
f 1234/1/3105 1248/1/3105 1232/1/3105
f 1232/1/3106 1245/1/3106 1231/1/3106
f 1214/1/3107 1216/1/3107 1234/1/3107
f 1233/1/3108 1234/1/3108 1666/1/3108
f 1666/1/3109 1665/1/3109 1233/1/3109
f 1244/1/3110 1250/1/3110 1236/1/3110
f 1245/1/3111 1235/1/3111 1231/1/3111
f 1212/1/3112 1231/1/3112 1238/1/3112
f 1250/1/3113 1249/1/3113 1162/1/3113
f 1274/1/3114 1218/1/3114 1254/1/3114
f 1674/1/3115 1228/1/3115 1239/1/3115
f 1675/1/3116 1243/1/3116 1261/1/3116
f 1675/1/3117 1674/1/3117 1243/1/3117
f 1246/1/3118 1244/1/3118 1245/1/3118
f 1245/1/3119 1242/1/3119 1246/1/3119
f 1248/1/3120 1261/1/3120 1247/1/3120
f 1260/1/3121 1100/1/3121 1249/1/3121
f 1267/1/3122 1271/1/3122 1044/1/3122
f 1028/1/3123 1267/1/3123 1044/1/3123
f 1271/1/3124 1272/1/3124 1251/1/3124
f 1269/1/3125 1252/1/3125 1270/1/3125
f 1275/1/3126 1274/1/3126 1254/1/3126
f 1255/1/3127 1246/1/3127 1242/1/3127
f 1244/1/3128 1246/1/3128 1255/1/3128
f 1260/1/3129 1283/1/3129 1288/1/3129
f 1247/1/3130 1256/1/3130 1242/1/3130
f 1261/1/3131 1243/1/3131 1256/1/3131
f 1260/1/3132 1257/1/3132 1258/1/3132
f 1255/1/3133 1260/1/3133 1244/1/3133
f 1103/1/3134 1260/1/3134 1101/1/3134
f 1264/1/3135 1619/1/3135 1263/1/3135
f 1264/1/3136 1265/1/3136 1619/1/3136
f 1299/1/3137 1273/1/3137 1275/1/3137
f 1271/1/3138 1273/1/3138 1681/1/3138
f 1273/1/3139 1271/1/3139 1251/1/3139
f 1274/1/3140 1275/1/3140 1273/1/3140
f 1279/1/3141 1285/1/3141 1280/1/3141
f 1285/1/3142 1279/1/3142 1282/1/3142
f 1290/1/3143 1284/1/3143 1283/1/3143
f 1281/1/3144 1280/1/3144 1283/1/3144
f 1265/1/3145 1286/1/3145 1284/1/3145
f 1288/1/3146 1287/1/3146 1257/1/3146
f 1287/1/3147 1288/1/3147 1284/1/3147
f 1265/1/3148 1284/1/3148 1290/1/3148
f 1259/1/3149 1289/1/3149 1286/1/3149
f 1290/1/3150 1291/1/3150 1292/1/3150
f 1291/1/3151 1293/1/3151 1292/1/3151
f 1263/1/3152 1619/1/3152 1262/1/3152
f 1263/1/3153 1265/1/3153 1264/1/3153
f 1090/1/3154 1303/1/3154 1294/1/3154
f 1619/1/3155 1266/1/3155 1293/1/3155
f 1299/1/3156 1681/1/3156 1273/1/3156
f 1309/1/3157 1308/1/3157 1303/1/3157
f 1276/1/3158 1255/1/3158 1277/1/3158
f 1277/1/3159 1301/1/3159 1302/1/3159
f 1291/1/3160 1309/1/3160 1310/1/3160
f 1311/1/3161 1293/1/3161 1291/1/3161
f 1304/1/3162 1090/1/3162 1305/1/3162
f 1398/1/3163 1601/1/3163 1309/1/3163
f 1309/1/3164 1601/1/3164 1310/1/3164
f 1605/1/3165 1608/1/3165 1607/1/3165
f 1311/1/3166 1612/1/3166 1312/1/3166
f 1454/1/3167 1458/1/3167 1457/1/3167
f 1314/1/3168 1452/1/3168 1455/1/3168
f 1453/1/3169 1313/1/3169 1488/1/3169
f 1489/1/3170 1488/1/3170 1319/1/3170
f 1322/1/3171 1316/1/3171 1487/1/3171
f 1317/1/3172 1314/1/3172 1316/1/3172
f 1319/1/3173 1321/1/3173 1333/1/3173
f 1320/1/3174 1333/1/3174 1321/1/3174
f 1317/1/3175 1546/1/3175 1327/1/3175
f 1546/1/3176 1316/1/3176 1344/1/3176
f 1317/1/3177 1328/1/3177 1329/1/3177
f 1332/1/3178 1333/1/3178 1538/1/3178
f 1331/1/3179 1339/1/3179 1333/1/3179
f 1331/1/3180 1324/1/3180 1339/1/3180
f 1320/1/3181 1341/1/3181 1334/1/3181
f 1334/1/3182 1324/1/3182 1320/1/3182
f 1344/1/3183 1559/1/3183 1546/1/3183
f 1341/1/3184 1340/1/3184 1346/1/3184
f 1562/1/3185 1560/1/3185 1330/1/3185
f 1562/1/3186 1330/1/3186 1339/1/3186
f 1575/1/3187 1335/1/3187 1351/1/3187
f 1685/1/3188 1345/1/3188 2448/1/3188
f 1350/1/3189 1349/1/3189 1347/1/3189
f 1358/1/3190 1349/1/3190 1355/1/3190
f 1343/1/3191 1347/1/3191 1337/1/3191
f 1354/1/3192 1349/1/3192 1358/1/3192
f 1361/1/3193 1356/1/3193 1348/1/3193
f 1358/1/3194 1359/1/3194 1354/1/3194
f 2448/1/3195 1345/1/3195 1354/1/3195
f 1351/1/3196 1360/1/3196 1575/1/3196
f 1365/1/3197 1355/1/3197 1363/1/3197
f 2448/1/3198 1354/1/3198 1359/1/3198
f 1355/1/3199 1713/1/3199 1358/1/3199
f 1362/1/3200 1718/1/3200 1714/1/3200
f 1491/1/3201 1370/1/3201 1379/1/3201
f 1371/1/3202 1425/1/3202 1368/1/3202
f 1431/1/3203 1426/1/3203 1425/1/3203
f 1369/1/3204 1372/1/3204 1433/1/3204
f 1427/1/3205 1425/1/3205 1426/1/3205
f 1512/1/3206 1383/1/3206 1375/1/3206
f 1383/1/3207 1378/1/3207 1379/1/3207
f 1381/1/3208 1382/1/3208 1380/1/3208
f 1352/1/3209 1558/1/3209 1378/1/3209
f 1383/1/3210 1382/1/3210 1381/1/3210
f 1382/1/3211 1763/1/3211 1786/1/3211
f 1384/1/3212 1403/1/3212 1416/1/3212
f 1068/1/3213 1064/1/3213 1402/1/3213
f 1688/1/3214 1069/1/3214 1066/1/3214
f 1417/1/3215 1404/1/3215 1388/1/3215
f 1395/1/3216 1393/1/3216 1396/1/3216
f 1395/1/3217 1399/1/3217 1394/1/3217
f 1090/1/3218 1092/1/3218 1305/1/3218
f 1688/1/3219 1415/1/3219 1441/1/3219
f 1398/1/3220 1394/1/3220 1399/1/3220
f 1601/1/3221 1398/1/3221 1399/1/3221
f 1402/1/3222 1414/1/3222 1415/1/3222
f 1401/1/3223 1413/1/3223 1385/1/3223
f 1416/1/3224 1414/1/3224 1384/1/3224
f 1406/1/3225 1390/1/3225 1407/1/3225
f 1421/1/3226 1447/1/3226 1410/1/3226
f 1400/1/3227 1437/1/3227 1401/1/3227
f 1092/1/3228 1411/1/3228 1393/1/3228
f 1609/1/3229 1412/1/3229 1369/1/3229
f 1606/1/3230 1608/1/3230 1605/1/3230
f 1413/1/3231 1401/1/3231 1436/1/3231
f 1415/1/3232 1465/1/3232 1466/1/3232
f 1384/1/3233 1386/1/3233 1403/1/3233
f 1404/1/3234 1417/1/3234 1419/1/3234
f 1435/1/3235 1437/1/3235 1443/1/3235
f 1445/1/3236 1408/1/3236 1406/1/3236
f 1448/1/3237 1446/1/3237 1507/1/3237
f 1421/1/3238 1409/1/3238 1423/1/3238
f 1409/1/3239 1408/1/3239 1445/1/3239
f 1423/1/3240 1422/1/3240 1421/1/3240
f 1426/1/3241 1429/1/3241 1427/1/3241
f 1450/1/3242 1434/1/3242 1372/1/3242
f 1413/1/3243 1436/1/3243 1438/1/3243
f 1469/1/3244 1472/1/3244 1496/1/3244
f 1468/1/3245 1461/1/3245 1439/1/3245
f 1445/1/3246 1406/1/3246 1479/1/3246
f 1442/1/3247 1441/1/3247 1466/1/3247
f 1453/1/3248 1456/1/3248 1452/1/3248
f 1451/1/3249 1455/1/3249 1436/1/3249
f 1460/1/3250 1435/1/3250 1443/1/3250
f 1466/1/3251 1465/1/3251 1458/1/3251
f 1490/1/3252 1467/1/3252 1458/1/3252
f 1470/1/3253 1471/1/3253 1461/1/3253
f 1472/1/3254 1461/1/3254 1471/1/3254
f 1502/1/3255 1476/1/3255 1504/1/3255
f 1543/1/3256 1482/1/3256 1507/1/3256
f 1504/1/3257 1497/1/3257 1502/1/3257
f 1500/1/3258 1478/1/3258 1477/1/3258
f 1446/1/3259 1480/1/3259 1507/1/3259
f 1430/1/3260 1376/1/3260 1379/1/3260
f 1448/1/3261 1483/1/3261 1508/1/3261
f 1491/1/3262 1377/1/3262 1516/1/3262
f 1455/1/3263 1451/1/3263 1487/1/3263
f 1516/1/3264 1487/1/3264 1486/1/3264
f 1467/1/3265 1490/1/3265 1517/1/3265
f 1522/1/3266 1503/1/3266 1519/1/3266
f 1518/1/3267 1495/1/3267 1498/1/3267
f 1475/1/3268 1499/1/3268 1498/1/3268
f 1497/1/3269 1499/1/3269 1475/1/3269
f 1497/1/3270 1501/1/3270 1499/1/3270
f 1492/1/3271 1499/1/3271 1501/1/3271
f 1473/1/3272 1497/1/3272 1475/1/3272
f 1533/1/3273 1524/1/3273 1536/1/3273
f 1514/1/3274 1375/1/3274 1513/1/3274
f 1513/1/3275 1509/1/3275 1485/1/3275
f 1535/1/3276 1513/1/3276 1510/1/3276
f 1375/1/3277 1514/1/3277 1512/1/3277
f 1515/1/3278 1512/1/3278 1514/1/3278
f 1516/1/3279 1486/1/3279 1459/1/3279
f 1517/1/3280 1692/1/3280 1525/1/3280
f 1526/1/3281 1517/1/3281 1537/1/3281
f 1494/1/3282 1526/1/3282 1528/1/3282
f 1527/1/3283 1518/1/3283 1528/1/3283
f 1568/1/3284 1531/1/3284 1578/1/3284
f 1527/1/3285 1528/1/3285 1539/1/3285
f 1531/1/3286 1557/1/3286 1578/1/3286
f 1536/1/3287 1524/1/3287 1534/1/3287
f 1342/1/3288 1336/1/3288 1545/1/3288
f 1336/1/3289 1322/1/3289 1545/1/3289
f 1553/1/3290 1540/1/3290 1539/1/3290
f 1550/1/3291 1549/1/3291 1551/1/3291
f 1555/1/3292 1552/1/3292 1550/1/3292
f 1550/1/3293 1551/1/3293 1555/1/3293
f 1539/1/3294 1561/1/3294 1553/1/3294
f 1563/1/3295 1549/1/3295 1552/1/3295
f 1317/1/3296 1329/1/3296 1338/1/3296
f 1553/1/3297 1552/1/3297 1555/1/3297
f 1560/1/3298 1553/1/3298 1561/1/3298
f 1538/1/3299 1560/1/3299 1539/1/3299
f 1539/1/3300 1560/1/3300 1561/1/3300
f 1558/1/3301 1342/1/3301 1545/1/3301
f 1587/1/3302 1564/1/3302 1575/1/3302
f 1551/1/3303 1549/1/3303 1559/1/3303
f 1565/1/3304 1572/1/3304 1570/1/3304
f 1578/1/3305 1570/1/3305 1572/1/3305
f 1579/1/3306 1532/1/3306 1569/1/3306
f 1590/1/3307 1568/1/3307 1578/1/3307
f 1565/1/3308 1573/1/3308 1572/1/3308
f 1785/1/3309 1579/1/3309 1591/1/3309
f 1591/1/3310 1569/1/3310 1590/1/3310
f 2453/1/3311 1693/1/3311 1785/1/3311
f 1777/1/3312 1362/1/3312 1581/1/3312
f 1782/1/3313 1588/1/3313 1583/1/3313
f 1585/1/3314 1580/1/3314 1380/1/3314
f 1782/1/3315 1582/1/3315 1586/1/3315
f 1589/1/3316 1784/1/3316 1590/1/3316
f 1785/1/3317 1800/1/3317 2454/1/3317
f 1619/1/3318 1594/1/3318 1593/1/3318
f 1373/1/3319 1368/1/3319 1595/1/3319
f 1593/1/3320 1595/1/3320 1592/1/3320
f 1619/1/3321 1597/1/3321 1596/1/3321
f 1594/1/3322 1596/1/3322 1595/1/3322
f 1383/1/3323 1512/1/3323 1595/1/3323
f 1762/1/3324 1383/1/3324 1595/1/3324
f 1597/1/3325 1598/1/3325 1595/1/3325
f 1996/1/3326 1994/1/3326 1600/1/3326
f 1598/1/3327 1599/1/3327 1595/1/3327
f 1762/1/3328 1600/1/3328 1993/1/3328
f 1605/1/3329 1310/1/3329 1601/1/3329
f 1606/1/3330 1610/1/3330 1608/1/3330
f 1603/1/3331 1697/1/3331 1615/1/3331
f 1697/1/3332 1603/1/3332 1602/1/3332
f 1614/1/3333 1697/1/3333 1611/1/3333
f 1613/1/3334 1615/1/3334 1696/1/3334
f 1604/1/3335 1615/1/3335 1613/1/3335
f 1600/1/3336 1604/1/3336 1613/1/3336
f 1616/1/3337 1610/1/3337 1434/1/3337
f 1614/1/3338 1611/1/3338 1610/1/3338
f 1614/1/3339 1621/1/3339 1618/1/3339
f 1620/1/3340 1698/1/3340 1621/1/3340
f 1600/1/3341 1312/1/3341 1604/1/3341
f 1600/1/3342 1710/1/3342 2465/1/3342
f 1630/1/3343 1661/1/3343 1660/1/3343
f 1625/1/3344 1624/1/3344 940/1/3344
f 1001/1/3345 940/1/3345 962/1/3345
f 1667/1/3346 1661/1/3346 1630/1/3346
f 1628/1/3347 1627/1/3347 1626/1/3347
f 1001/1/3348 1667/1/3348 1630/1/3348
f 953/1/3349 1629/1/3349 991/1/3349
f 1634/1/3350 1635/1/3350 1633/1/3350
f 1639/1/3351 1644/1/3351 1645/1/3351
f 1637/1/3352 1638/1/3352 1634/1/3352
f 1639/1/3353 1638/1/3353 1643/1/3353
f 1644/1/3354 1648/1/3354 1649/1/3354
f 1679/1/3355 1642/1/3355 1680/1/3355
f 1647/1/3356 1087/1/3356 1648/1/3356
f 1653/1/3357 1655/1/3357 1146/1/3357
f 1668/1/3358 1670/1/3358 1662/1/3358
f 1177/1/3359 1624/1/3359 1625/1/3359
f 1656/1/3360 1658/1/3360 1177/1/3360
f 1657/1/3361 1663/1/3361 1656/1/3361
f 1659/1/3362 1658/1/3362 1656/1/3362
f 1228/1/3363 1671/1/3363 1197/1/3363
f 1659/1/3364 1663/1/3364 1669/1/3364
f 1674/1/3365 1671/1/3365 1228/1/3365
f 1675/1/3366 1672/1/3366 1674/1/3366
f 1672/1/3367 1230/1/3367 1229/1/3367
f 1678/1/3368 1673/1/3368 1677/1/3368
f 1677/1/3369 1680/1/3369 1299/1/3369
f 1525/1/3370 1318/1/3370 1682/1/3370
f 1321/1/3371 1315/1/3371 1317/1/3371
f 1319/1/3372 1682/1/3372 1318/1/3372
f 1684/1/3373 1334/1/3373 1685/1/3373
f 1351/1/3374 1684/1/3374 1685/1/3374
f 1692/1/3375 1454/1/3375 1318/1/3375
f 1692/1/3376 1490/1/3376 1454/1/3376
f 1698/1/3377 1536/1/3377 1544/1/3377
f 1694/1/3378 2453/1/3378 2454/1/3378
f 1709/1/3379 1704/1/3379 1622/1/3379
f 1702/1/3380 1704/1/3380 1700/1/3380
f 1701/1/3381 1702/1/3381 1700/1/3381
f 1703/1/3382 1704/1/3382 1702/1/3382
f 2466/1/3383 1703/1/3383 1702/1/3383
f 2465/1/3384 1703/1/3384 2466/1/3384
f 1710/1/3385 1600/1/3385 1623/1/3385
f 1789/1/3386 1778/1/3386 1366/1/3386
f 1365/1/3387 1364/1/3387 1711/1/3387
f 1789/1/3388 1366/1/3388 1353/1/3388
f 1711/1/3389 1717/1/3389 1712/1/3389
f 1802/1/3390 1353/1/3390 1730/1/3390
f 1720/1/3391 1711/1/3391 1715/1/3391
f 1721/1/3392 1724/1/3392 1718/1/3392
f 1720/1/3393 1726/1/3393 1717/1/3393
f 1714/1/3394 1718/1/3394 1715/1/3394
f 1716/1/3395 1362/1/3395 1788/1/3395
f 1810/1/3396 1795/1/3396 1803/1/3396
f 2452/1/3397 2451/1/3397 1725/1/3397
f 1757/1/3398 1749/1/3398 1807/1/3398
f 1732/1/3399 1753/1/3399 1739/1/3399
f 1725/1/3400 1743/1/3400 1744/1/3400
f 1807/1/3401 1756/1/3401 1757/1/3401
f 1816/1/3402 1732/1/3402 1739/1/3402
f 1741/1/3403 1819/1/3403 1740/1/3403
f 1833/1/3404 1734/1/3404 1808/1/3404
f 1745/1/3405 1751/1/3405 1752/1/3405
f 1756/1/3406 1807/1/3406 1767/1/3406
f 1741/1/3407 1816/1/3407 1748/1/3407
f 1745/1/3408 1738/1/3408 1751/1/3408
f 1750/1/3409 1747/1/3409 1754/1/3409
f 1383/1/3410 1763/1/3410 1382/1/3410
f 1755/1/3411 1759/1/3411 1760/1/3411
f 1766/1/3412 1763/1/3412 1383/1/3412
f 1801/1/3413 1764/1/3413 1765/1/3413
f 1810/1/3414 1804/1/3414 1798/1/3414
f 1766/1/3415 1769/1/3415 1767/1/3415
f 2021/1/3416 1767/1/3416 1769/1/3416
f 1875/1/3417 1769/1/3417 1383/1/3417
f 1770/1/3418 1875/1/3418 1383/1/3418
f 1880/1/3419 1876/1/3419 1771/1/3419
f 1875/1/3420 1770/1/3420 1876/1/3420
f 1768/1/3421 2021/1/3421 1773/1/3421
f 1772/1/3422 1880/1/3422 2181/1/3422
f 1775/1/3423 1942/1/3423 1958/1/3423
f 1774/1/3424 1769/1/3424 1923/1/3424
f 2021/1/3425 1774/1/3425 1942/1/3425
f 2021/1/3426 2053/1/3426 1773/1/3426
f 1973/1/3427 1776/1/3427 2024/1/3427
f 2024/1/3428 1775/1/3428 1973/1/3428
f 2075/1/3429 2029/1/3429 2053/1/3429
f 1783/1/3430 1588/1/3430 1780/1/3430
f 1781/1/3431 1782/1/3431 1790/1/3431
f 1721/1/3432 1788/1/3432 1787/1/3432
f 1796/1/3433 1791/1/3433 1793/1/3433
f 1799/1/3434 1590/1/3434 1814/1/3434
f 1803/1/3435 1789/1/3435 1802/1/3435
f 1793/1/3436 1795/1/3436 1796/1/3436
f 1807/1/3437 1728/1/3437 1801/1/3437
f 1808/1/3438 1809/1/3438 1803/1/3438
f 1806/1/3439 1804/1/3439 1805/1/3439
f 1811/1/3440 1794/1/3440 1805/1/3440
f 1815/1/3441 1814/1/3441 1832/1/3441
f 1825/1/3442 1824/1/3442 1809/1/3442
f 1819/1/3443 1725/1/3443 1732/1/3443
f 1827/1/3444 1818/1/3444 1820/1/3444
f 1811/1/3445 1805/1/3445 1810/1/3445
f 1812/1/3446 1811/1/3446 1829/1/3446
f 1823/1/3447 1834/1/3447 1828/1/3447
f 1816/1/3448 1740/1/3448 1826/1/3448
f 1818/1/3449 1822/1/3449 1821/1/3449
f 1827/1/3450 1828/1/3450 1810/1/3450
f 1829/1/3451 1810/1/3451 1835/1/3451
f 1823/1/3452 1822/1/3452 1809/1/3452
f 1813/1/3453 1841/1/3453 1842/1/3453
f 1838/1/3454 1829/1/3454 1839/1/3454
f 1832/1/3455 1844/1/3455 1800/1/3455
f 1860/1/3456 1837/1/3456 1833/1/3456
f 1841/1/3457 1852/1/3457 1842/1/3457
f 1840/1/3458 1850/1/3458 1852/1/3458
f 1840/1/3459 1841/1/3459 1850/1/3459
f 1873/1/3460 1832/1/3460 1855/1/3460
f 1845/1/3461 1846/1/3461 1847/1/3461
f 1845/1/3462 1883/1/3462 2000/1/3462
f 1849/1/3463 1851/1/3463 1838/1/3463
f 1864/1/3464 1863/1/3464 1849/1/3464
f 1866/1/3465 1851/1/3465 1849/1/3465
f 1879/1/3466 1925/1/3466 1878/1/3466
f 1850/1/3467 1853/1/3467 1852/1/3467
f 1847/1/3468 1999/1/3468 2472/1/3468
f 1876/1/3469 1878/1/3469 1875/1/3469
f 2000/1/3470 1883/1/3470 2003/1/3470
f 1889/1/3471 1884/1/3471 1859/1/3471
f 2455/1/3472 1754/1/3472 1761/1/3472
f 1902/1/3473 1860/1/3473 1904/1/3473
f 1903/1/3474 1902/1/3474 1904/1/3474
f 1849/1/3475 1908/1/3475 1862/1/3475
f 1909/1/3476 1862/1/3476 1908/1/3476
f 1910/1/3477 1863/1/3477 1867/1/3477
f 1865/1/3478 1863/1/3478 1864/1/3478
f 1914/1/3479 1865/1/3479 1906/1/3479
f 1870/1/3480 1854/1/3480 1868/1/3480
f 1918/1/3481 1842/1/3481 1871/1/3481
f 1939/1/3482 1921/1/3482 1842/1/3482
f 1878/1/3483 1877/1/3483 1879/1/3483
f 1881/1/3484 1879/1/3484 1877/1/3484
f 1881/1/3485 1882/1/3485 1883/1/3485
f 1881/1/3486 1877/1/3486 1876/1/3486
f 1880/1/3487 1881/1/3487 1876/1/3487
f 1879/1/3488 1845/1/3488 1925/1/3488
f 1882/1/3489 1881/1/3489 1880/1/3489
f 2003/1/3490 1883/1/3490 1882/1/3490
f 1886/1/3491 1887/1/3491 1885/1/3491
f 1888/1/3492 1887/1/3492 1891/1/3492
f 1761/1/3493 1887/1/3493 1888/1/3493
f 1884/1/3494 1889/1/3494 1892/1/3494
f 1928/1/3495 1947/1/3495 1858/1/3495
f 1888/1/3496 1904/1/3496 2457/1/3496
f 1895/1/3497 1893/1/3497 1894/1/3497
f 1914/1/3498 1906/1/3498 2458/1/3498
f 1912/1/3499 1896/1/3499 1895/1/3499
f 1913/1/3500 1862/1/3500 1909/1/3500
f 1916/1/3501 1914/1/3501 2458/1/3501
f 1914/1/3502 1870/1/3502 1917/1/3502
f 1919/1/3503 1918/1/3503 1870/1/3503
f 1921/1/3504 1939/1/3504 1922/1/3504
f 1940/1/3505 1926/1/3505 1872/1/3505
f 1943/1/3506 1923/1/3506 1926/1/3506
f 2003/1/3507 1927/1/3507 2006/1/3507
f 1947/1/3508 1950/1/3508 1890/1/3508
f 1946/1/3509 1928/1/3509 1892/1/3509
f 1952/1/3510 1916/1/3510 1983/1/3510
f 1967/1/3511 1936/1/3511 1952/1/3511
f 1936/1/3512 1914/1/3512 1952/1/3512
f 1953/1/3513 1938/1/3513 1920/1/3513
f 1962/1/3514 1948/1/3514 1961/1/3514
f 1950/1/3515 1979/1/3515 1951/1/3515
f 1985/1/3516 1952/1/3516 1983/1/3516
f 1954/1/3517 1955/1/3517 1956/1/3517
f 1959/1/3518 1958/1/3518 1943/1/3518
f 1957/1/3519 1972/1/3519 1976/1/3519
f 1960/1/3520 1990/1/3520 1945/1/3520
f 1962/1/3521 1961/1/3521 1977/1/3521
f 1978/1/3522 1950/1/3522 1946/1/3522
f 1986/1/3523 1935/1/3523 1967/1/3523
f 1935/1/3524 1986/1/3524 1953/1/3524
f 1773/1/3525 2053/1/3525 1980/1/3525
f 1962/1/3526 2025/1/3526 2028/1/3526
f 1981/1/3527 1966/1/3527 2029/1/3527
f 1980/1/3528 2029/1/3528 1966/1/3528
f 2464/1/3529 1982/1/3529 1984/1/3529
f 1967/1/3530 1985/1/3530 1986/1/3530
f 2072/1/3531 2202/1/3531 1968/1/3531
f 1989/1/3532 1974/1/3532 1988/1/3532
f 1991/1/3533 1989/1/3533 2202/1/3533
f 1762/1/3534 1993/1/3534 1771/1/3534
f 1600/1/3535 1994/1/3535 1993/1/3535
f 1600/1/3536 2206/1/3536 1996/1/3536
f 1995/1/3537 1771/1/3537 1994/1/3537
f 1995/1/3538 1996/1/3538 1997/1/3538
f 2181/1/3539 1771/1/3539 1995/1/3539
f 1997/1/3540 2206/1/3540 2181/1/3540
f 2206/1/3541 2182/1/3541 1998/1/3541
f 2183/1/3542 2181/1/3542 2182/1/3542
f 2002/1/3543 1999/1/3543 2000/1/3543
f 1600/1/3544 2465/1/3544 2546/1/3544
f 2549/1/3545 1600/1/3545 2548/1/3545
f 2473/1/3546 2477/1/3546 1600/1/3546
f 2004/1/3547 2476/1/3547 2002/1/3547
f 2476/1/3548 1999/1/3548 2002/1/3548
f 1600/1/3549 2477/1/3549 2479/1/3549
f 2012/1/3550 2019/1/3550 2013/1/3550
f 2004/1/3551 1945/1/3551 2009/1/3551
f 2006/1/3552 1945/1/3552 2004/1/3552
f 1945/1/3553 2013/1/3553 2009/1/3553
f 2493/1/3554 2487/1/3554 2486/1/3554
f 2206/1/3555 1600/1/3555 2240/1/3555
f 2011/1/3556 2016/1/3556 1600/1/3556
f 2012/1/3557 2014/1/3557 2019/1/3557
f 1990/1/3558 2012/1/3558 2013/1/3558
f 2016/1/3559 2240/1/3559 1600/1/3559
f 1600/1/3560 2547/1/3560 2011/1/3560
f 2015/1/3561 2008/1/3561 2019/1/3561
f 2011/1/3562 2015/1/3562 2016/1/3562
f 1992/1/3563 2205/1/3563 2018/1/3563
f 2020/1/3564 2016/1/3564 2015/1/3564
f 2053/1/3565 2021/1/3565 2075/1/3565
f 1775/1/3566 2022/1/3566 2021/1/3566
f 2023/1/3567 2176/1/3567 2024/1/3567
f 1949/1/3568 1962/1/3568 2028/1/3568
f 2058/1/3569 2028/1/3569 2050/1/3569
f 2050/1/3570 2028/1/3570 2025/1/3570
f 1981/1/3571 2029/1/3571 2030/1/3571
f 1984/1/3572 1982/1/3572 2033/1/3572
f 2036/1/3573 2031/1/3573 2069/1/3573
f 2036/1/3574 2034/1/3574 2032/1/3574
f 2482/1/3575 2480/1/3575 2068/1/3575
f 1986/1/3576 2038/1/3576 1987/1/3576
f 2070/1/3577 2081/1/3577 1987/1/3577
f 2038/1/3578 2040/1/3578 2039/1/3578
f 2041/1/3579 2042/1/3579 2043/1/3579
f 2043/1/3580 2032/1/3580 2035/1/3580
f 2070/1/3581 2043/1/3581 2035/1/3581
f 2038/1/3582 2070/1/3582 1987/1/3582
f 2044/1/3583 2046/1/3583 2045/1/3583
f 2084/1/3584 2071/1/3584 2046/1/3584
f 2202/1/3585 2072/1/3585 2207/1/3585
f 2081/1/3586 2047/1/3586 1987/1/3586
f 2072/1/3587 1968/1/3587 2047/1/3587
f 2209/1/3588 2201/1/3588 2202/1/3588
f 2202/1/3589 2199/1/3589 2048/1/3589
f 2050/1/3590 2056/1/3590 2062/1/3590
f 2062/1/3591 2064/1/3591 2065/1/3591
f 2054/1/3592 2030/1/3592 2029/1/3592
f 2076/1/3593 2051/1/3593 2054/1/3593
f 2062/1/3594 2079/1/3594 2061/1/3594
f 2060/1/3595 2054/1/3595 2029/1/3595
f 2076/1/3596 2060/1/3596 2080/1/3596
f 2071/1/3597 2082/1/3597 2081/1/3597
f 2073/1/3598 2207/1/3598 2072/1/3598
f 2071/1/3599 2084/1/3599 2082/1/3599
f 2219/1/3600 2241/1/3600 2220/1/3600
f 2055/1/3601 2076/1/3601 2078/1/3601
f 2067/1/3602 2077/1/3602 2089/1/3602
f 2055/1/3603 2078/1/3603 2090/1/3603
f 2092/1/3604 2080/1/3604 2075/1/3604
f 2093/1/3605 2131/1/3605 2091/1/3605
f 2091/1/3606 2079/1/3606 2055/1/3606
f 2098/1/3607 2097/1/3607 2118/1/3607
f 2099/1/3608 2098/1/3608 2082/1/3608
f 2495/1/3609 2083/1/3609 2084/1/3609
f 2107/1/3610 2085/1/3610 2074/1/3610
f 2131/1/3611 2088/1/3611 2066/1/3611
f 2088/1/3612 2077/1/3612 2066/1/3612
f 2093/1/3613 2091/1/3613 2055/1/3613
f 2133/1/3614 2111/1/3614 2090/1/3614
f 2021/1/3615 2022/1/3615 2092/1/3615
f 2098/1/3616 2118/1/3616 2108/1/3616
f 2101/1/3617 2121/1/3617 2099/1/3617
f 2102/1/3618 2101/1/3618 2083/1/3618
f 2087/1/3619 2085/1/3619 2118/1/3619
f 2109/1/3620 2087/1/3620 2118/1/3620
f 2087/1/3621 2109/1/3621 2242/1/3621
f 2131/1/3622 2093/1/3622 2111/1/3622
f 2119/1/3623 2120/1/3623 2097/1/3623
f 2112/1/3624 2135/1/3624 2096/1/3624
f 2113/1/3625 2097/1/3625 2114/1/3625
f 2156/1/3626 2119/1/3626 2113/1/3626
f 2138/1/3627 2156/1/3627 2113/1/3627
f 2114/1/3628 2126/1/3628 2116/1/3628
f 2145/1/3629 2115/1/3629 2116/1/3629
f 2106/1/3630 2117/1/3630 2509/1/3630
f 2129/1/3631 2146/1/3631 2130/1/3631
f 2130/1/3632 2146/1/3632 2504/1/3632
f 2131/1/3633 2132/1/3633 2147/1/3633
f 2149/1/3634 2137/1/3634 2150/1/3634
f 2133/1/3635 2149/1/3635 2111/1/3635
f 2149/1/3636 2133/1/3636 2136/1/3636
f 2114/1/3637 2116/1/3637 2139/1/3637
f 2141/1/3638 2142/1/3638 2140/1/3638
f 2151/1/3639 2155/1/3639 2141/1/3639
f 2152/1/3640 2142/1/3640 2141/1/3640
f 2509/1/3641 2145/1/3641 2512/1/3641
f 2504/1/3642 2146/1/3642 2148/1/3642
f 2504/1/3643 2148/1/3643 2505/1/3643
f 2508/1/3644 2505/1/3644 2148/1/3644
f 2092/1/3645 2022/1/3645 2157/1/3645
f 2150/1/3646 2138/1/3646 2139/1/3646
f 2139/1/3647 2508/1/3647 2150/1/3647
f 2162/1/3648 2152/1/3648 2155/1/3648
f 2158/1/3649 2159/1/3649 2156/1/3649
f 2162/1/3650 2155/1/3650 2151/1/3650
f 2144/1/3651 2143/1/3651 2159/1/3651
f 2161/1/3652 2509/1/3652 2512/1/3652
f 2092/1/3653 2157/1/3653 2095/1/3653
f 2152/1/3654 2162/1/3654 2167/1/3654
f 2163/1/3655 2151/1/3655 2171/1/3655
f 2171/1/3656 2151/1/3656 2153/1/3656
f 2178/1/3657 2157/1/3657 2022/1/3657
f 2539/1/3658 2160/1/3658 2170/1/3658
f 2160/1/3659 2539/1/3659 2161/1/3659
f 2539/1/3660 2536/1/3660 2535/1/3660
f 2338/1/3661 2165/1/3661 2339/1/3661
f 2168/1/3662 2165/1/3662 2338/1/3662
f 2172/1/3663 2157/1/3663 2175/1/3663
f 2178/1/3664 2173/1/3664 2175/1/3664
f 2164/1/3665 2174/1/3665 2171/1/3665
f 2174/1/3666 2173/1/3666 2171/1/3666
f 2171/1/3667 2173/1/3667 2348/1/3667
f 2178/1/3668 2176/1/3668 2179/1/3668
f 2173/1/3669 2179/1/3669 2177/1/3669
f 2177/1/3670 2411/1/3670 2392/1/3670
f 2024/1/3671 2180/1/3671 2023/1/3671
f 2183/1/3672 2189/1/3672 2181/1/3672
f 2190/1/3673 2253/1/3673 2188/1/3673
f 2253/1/3674 2187/1/3674 2188/1/3674
f 2192/1/3675 2190/1/3675 2188/1/3675
f 2194/1/3676 2195/1/3676 2024/1/3676
f 2195/1/3677 2370/1/3677 2024/1/3677
f 2390/1/3678 2197/1/3678 2196/1/3678
f 2402/1/3679 2408/1/3679 2197/1/3679
f 2225/1/3680 2213/1/3680 2216/1/3680
f 2206/1/3681 2256/1/3681 2257/1/3681
f 2240/1/3682 2016/1/3682 2020/1/3682
f 2208/1/3683 2513/1/3683 2221/1/3683
f 2209/1/3684 2210/1/3684 2213/1/3684
f 2216/1/3685 2212/1/3685 2214/1/3685
f 2227/1/3686 2226/1/3686 2225/1/3686
f 2087/1/3687 2242/1/3687 2219/1/3687
f 2109/1/3688 2208/1/3688 2221/1/3688
f 2243/1/3689 2245/1/3689 2222/1/3689
f 2220/1/3690 2241/1/3690 2243/1/3690
f 2221/1/3691 2244/1/3691 2109/1/3691
f 2261/1/3692 2244/1/3692 2221/1/3692
f 2261/1/3693 2275/1/3693 2274/1/3693
f 2224/1/3694 2222/1/3694 2246/1/3694
f 2230/1/3695 2213/1/3695 2228/1/3695
f 2228/1/3696 2213/1/3696 2225/1/3696
f 2229/1/3697 2226/1/3697 2227/1/3697
f 2228/1/3698 2232/1/3698 2230/1/3698
f 2255/1/3699 2230/1/3699 2238/1/3699
f 2233/1/3700 2234/1/3700 2249/1/3700
f 2236/1/3701 2234/1/3701 2233/1/3701
f 2239/1/3702 2260/1/3702 2206/1/3702
f 2238/1/3703 2237/1/3703 2184/1/3703
f 2260/1/3704 2259/1/3704 2206/1/3704
f 2109/1/3705 2243/1/3705 2242/1/3705
f 2248/1/3706 2263/1/3706 2267/1/3706
f 2246/1/3707 2264/1/3707 2263/1/3707
f 2255/1/3708 2253/1/3708 2254/1/3708
f 2217/1/3709 2213/1/3709 2255/1/3709
f 2217/1/3710 2255/1/3710 2259/1/3710
f 2280/1/3711 2278/1/3711 2281/1/3711
f 2246/1/3712 2245/1/3712 2274/1/3712
f 2522/1/3713 2532/1/3713 2519/1/3713
f 2298/1/3714 2283/1/3714 2246/1/3714
f 2265/1/3715 2264/1/3715 2262/1/3715
f 2283/1/3716 2262/1/3716 2264/1/3716
f 2279/1/3717 2278/1/3717 2262/1/3717
f 2266/1/3718 2521/1/3718 2288/1/3718
f 2525/1/3719 2521/1/3719 2524/1/3719
f 2268/1/3720 2271/1/3720 2270/1/3720
f 2284/1/3721 2272/1/3721 2288/1/3721
f 2271/1/3722 2268/1/3722 2269/1/3722
f 2286/1/3723 2271/1/3723 2287/1/3723
f 2307/1/3724 2287/1/3724 2288/1/3724
f 2262/1/3725 2298/1/3725 2295/1/3725
f 2273/1/3726 2289/1/3726 2193/1/3726
f 2291/1/3727 2275/1/3727 2277/1/3727
f 2282/1/3728 2281/1/3728 2532/1/3728
f 2275/1/3729 2291/1/3729 2298/1/3729
f 2346/1/3730 2285/1/3730 2322/1/3730
f 2527/1/3731 2346/1/3731 2334/1/3731
f 2302/1/3732 2286/1/3732 2287/1/3732
f 2272/1/3733 2526/1/3733 2528/1/3733
f 2526/1/3734 2272/1/3734 2284/1/3734
f 2270/1/3735 2302/1/3735 2306/1/3735
f 2324/1/3736 2302/1/3736 2287/1/3736
f 2288/1/3737 2272/1/3737 2307/1/3737
f 2306/1/3738 2290/1/3738 2270/1/3738
f 2295/1/3739 2298/1/3739 2292/1/3739
f 2291/1/3740 2292/1/3740 2298/1/3740
f 2390/1/3741 2305/1/3741 2290/1/3741
f 2297/1/3742 2296/1/3742 2295/1/3742
f 2291/1/3743 2313/1/3743 2292/1/3743
f 2294/1/3744 2276/1/3744 2262/1/3744
f 2282/1/3745 2532/1/3745 2533/1/3745
f 2540/1/3746 2318/1/3746 2533/1/3746
f 2303/1/3747 2326/1/3747 2310/1/3747
f 2390/1/3748 2290/1/3748 2391/1/3748
f 2308/1/3749 2304/1/3749 2307/1/3749
f 2321/1/3750 2322/1/3750 2301/1/3750
f 2313/1/3751 2315/1/3751 2292/1/3751
f 2314/1/3752 2313/1/3752 2293/1/3752
f 2331/1/3753 2317/1/3753 2344/1/3753
f 2345/1/3754 2319/1/3754 2344/1/3754
f 2319/1/3755 2345/1/3755 2318/1/3755
f 2541/1/3756 2321/1/3756 2320/1/3756
f 2324/1/3757 2323/1/3757 2326/1/3757
f 2304/1/3758 2335/1/3758 2323/1/3758
f 2170/1/3759 2328/1/3759 2340/1/3759
f 2331/1/3760 2329/1/3760 2314/1/3760
f 2332/1/3761 2315/1/3761 2314/1/3761
f 2317/1/3762 2331/1/3762 2314/1/3762
f 2351/1/3763 2345/1/3763 2344/1/3763
f 2311/1/3764 2331/1/3764 2344/1/3764
f 2543/1/3765 2346/1/3765 2322/1/3765
f 2534/1/3766 2527/1/3766 2334/1/3766
f 2544/1/3767 2336/1/3767 2334/1/3767
f 2323/1/3768 2335/1/3768 2355/1/3768
f 2347/1/3769 2308/1/3769 2353/1/3769
f 2332/1/3770 2342/1/3770 2330/1/3770
f 2341/1/3771 2339/1/3771 2330/1/3771
f 2352/1/3772 2365/1/3772 2541/1/3772
f 2344/1/3773 2317/1/3773 2343/1/3773
f 2543/1/3774 2542/1/3774 2366/1/3774
f 2167/1/3775 2163/1/3775 2337/1/3775
f 2349/1/3776 2360/1/3776 2350/1/3776
f 2357/1/3777 2358/1/3777 2348/1/3777
f 2152/1/3778 2167/1/3778 2359/1/3778
f 2343/1/3779 2332/1/3779 2361/1/3779
f 2362/1/3780 2343/1/3780 2364/1/3780
f 2368/1/3781 2371/1/3781 2347/1/3781
f 2347/1/3782 2353/1/3782 2368/1/3782
f 2354/1/3783 2371/1/3783 2355/1/3783
f 2355/1/3784 2371/1/3784 2386/1/3784
f 2350/1/3785 2330/1/3785 2349/1/3785
f 2363/1/3786 2362/1/3786 2364/1/3786
f 2364/1/3787 2377/1/3787 2375/1/3787
f 2365/1/3788 2352/1/3788 2542/1/3788
f 2542/1/3789 2381/1/3789 2366/1/3789
f 2355/1/3790 2386/1/3790 2391/1/3790
f 2368/1/3791 2385/1/3791 2371/1/3791
f 2388/1/3792 2400/1/3792 2415/1/3792
f 2398/1/3793 2387/1/3793 2173/1/3793
f 2388/1/3794 2372/1/3794 2373/1/3794
f 2357/1/3795 2387/1/3795 2372/1/3795
f 2388/1/3796 2359/1/3796 2167/1/3796
f 2388/1/3797 2374/1/3797 2359/1/3797
f 2374/1/3798 2376/1/3798 2360/1/3798
f 2364/1/3799 2361/1/3799 2376/1/3799
f 2379/1/3800 2376/1/3800 2389/1/3800
f 2395/1/3801 2389/1/3801 2376/1/3801
f 2379/1/3802 2383/1/3802 2380/1/3802
f 2389/1/3803 2384/1/3803 2379/1/3803
f 2385/1/3804 2383/1/3804 2384/1/3804
f 2383/1/3805 2385/1/3805 2368/1/3805
f 2386/1/3806 2385/1/3806 2384/1/3806
f 2368/1/3807 2367/1/3807 2383/1/3807
f 2390/1/3808 2391/1/3808 2396/1/3808
f 2393/1/3809 2373/1/3809 2387/1/3809
f 2388/1/3810 2373/1/3810 2393/1/3810
f 2389/1/3811 2395/1/3811 2401/1/3811
f 2401/1/3812 2396/1/3812 2391/1/3812
f 2411/1/3813 2419/1/3813 2392/1/3813
f 2388/1/3814 2394/1/3814 2413/1/3814
f 2388/1/3815 2413/1/3815 2400/1/3815
f 2390/1/3816 2406/1/3816 2402/1/3816
f 2404/1/3817 2403/1/3817 2024/1/3817
f 2432/1/3818 2431/1/3818 2390/1/3818
f 2408/1/3819 2404/1/3819 2024/1/3819
f 2407/1/3820 2180/1/3820 2404/1/3820
f 2410/1/3821 2405/1/3821 2406/1/3821
f 2441/1/3822 2404/1/3822 2408/1/3822
f 2405/1/3823 2409/1/3823 2402/1/3823
f 2410/1/3824 2445/1/3824 2444/1/3824
f 2180/1/3825 2418/1/3825 2397/1/3825
f 2419/1/3826 2418/1/3826 2392/1/3826
f 2387/1/3827 2398/1/3827 2420/1/3827
f 2425/1/3828 2421/1/3828 2412/1/3828
f 2399/1/3829 2421/1/3829 2427/1/3829
f 2437/1/3830 2420/1/3830 2398/1/3830
f 2423/1/3831 2434/1/3831 2390/1/3831
f 2418/1/3832 2180/1/3832 2407/1/3832
f 2422/1/3833 2399/1/3833 2427/1/3833
f 2422/1/3834 2427/1/3834 2426/1/3834
f 2425/1/3835 2427/1/3835 2421/1/3835
f 2424/1/3836 2437/1/3836 2438/1/3836
f 2427/1/3837 2425/1/3837 2440/1/3837
f 2446/1/3838 2431/1/3838 2443/1/3838
f 2429/1/3839 2416/1/3839 2415/1/3839
f 2443/1/3840 2445/1/3840 2446/1/3840
f 2430/1/3841 2429/1/3841 2435/1/3841
f 2390/1/3842 2433/1/3842 2432/1/3842
f 2439/1/3843 2437/1/3843 2425/1/3843
f 2404/1/3844 2440/1/3844 2407/1/3844
f 2425/1/3845 2437/1/3845 2436/1/3845
f 2426/1/3846 2440/1/3846 2441/1/3846
f 2443/1/3847 2444/1/3847 2445/1/3847
f 2429/1/3848 2443/1/3848 2431/1/3848
f 2433/1/3849 2435/1/3849 2431/1/3849
f 2431/1/3850 2432/1/3850 2433/1/3850
f 2447/1/3851 1360/1/3851 1686/1/3851
f 2452/1/3852 2450/1/3852 2447/1/3852
f 1735/1/3853 2450/1/3853 2452/1/3853
f 2455/1/3854 2457/1/3854 2456/1/3854
f 2454/1/3855 2469/1/3855 1694/1/3855
f 2470/1/3856 2469/1/3856 2454/1/3856
f 2463/1/3857 2458/1/3857 2459/1/3857
f 1916/1/3858 2458/1/3858 2461/1/3858
f 2460/1/3859 2458/1/3859 2463/1/3859
f 2460/1/3860 2463/1/3860 2464/1/3860
f 2463/1/3861 2459/1/3861 2462/1/3861
f 2462/1/3862 1982/1/3862 2464/1/3862
f 2466/1/3863 2467/1/3863 2546/1/3863
f 2471/1/3864 2467/1/3864 2469/1/3864
f 2469/1/3865 2470/1/3865 2471/1/3865
f 2471/1/3866 2473/1/3866 2468/1/3866
f 2549/1/3867 2468/1/3867 2473/1/3867
f 896/1/3868 880/1/3868 879/1/3868
f 2480/1/3869 2482/1/3869 2481/1/3869
f 2481/1/3870 2486/1/3870 2487/1/3870
f 2511/1/3871 2529/1/3871 2503/1/3871
f 2486/1/3872 2494/1/3872 2493/1/3872
f 2486/1/3873 2481/1/3873 2482/1/3873
f 2488/1/3874 2489/1/3874 2484/1/3874
f 2487/1/3875 2493/1/3875 2488/1/3875
f 2517/1/3876 2514/1/3876 2491/1/3876
f 2506/1/3877 2499/1/3877 2494/1/3877
f 2499/1/3878 2493/1/3878 2494/1/3878
f 2493/1/3879 2501/1/3879 2488/1/3879
f 2496/1/3880 2497/1/3880 2491/1/3880
f 2517/1/3881 2497/1/3881 2503/1/3881
f 2510/1/3882 2496/1/3882 2106/1/3882
f 2508/1/3883 2507/1/3883 2505/1/3883
f 2502/1/3884 2507/1/3884 2139/1/3884
f 2509/1/3885 2511/1/3885 2510/1/3885
f 2511/1/3886 2509/1/3886 2161/1/3886
f 2530/1/3887 2537/1/3887 2531/1/3887
f 2161/1/3888 2539/1/3888 2535/1/3888
f 2517/1/3889 2491/1/3889 2497/1/3889
f 2516/1/3890 2514/1/3890 2517/1/3890
f 2519/1/3891 2516/1/3891 2522/1/3891
f 2522/1/3892 2518/1/3892 2523/1/3892
f 2520/1/3893 2282/1/3893 2299/1/3893
f 2285/1/3894 2525/1/3894 2301/1/3894
f 2530/1/3895 2529/1/3895 2537/1/3895
f 2537/1/3896 2529/1/3896 2535/1/3896
f 2381/1/3897 2545/1/3897 2366/1/3897
f 1094/1/3898 1162/1/3898 1095/1/3898
f 639/1/3899 286/1/3899 633/1/3899
f 258/1/3900 639/1/3900 68/1/3900
f 643/1/3901 446/1/3901 618/1/3901
f 446/1/3902 624/1/3902 618/1/3902
f 263/1/3903 341/1/3903 262/1/3903 49/1/3903
f 240/1/3904 48/1/3904 44/1/3904
f 49/1/3905 262/1/3905 304/1/3905
f 52/1/3906 239/1/3906 57/1/3906 238/1/3906
f 55/1/3907 265/1/3907 56/1/3907
f 264/1/3908 286/1/3908 639/1/3908 318/1/3908
f 61/1/3909 54/1/3909 70/1/3909 252/1/3909
f 286/1/3910 264/1/3910 248/1/3910
f 239/1/3911 52/1/3911 47/1/3911
f 265/1/3912 55/1/3912 305/1/3912
f 59/1/3913 60/1/3913 286/1/3913
f 248/1/3914 46/1/3914 59/1/3914
f 65/1/3915 274/1/3915 211/1/3915
f 642/1/3916 645/1/3916 67/1/3916
f 211/1/3917 278/1/3917 65/1/3917
f 214/1/3918 213/1/3918 249/1/3918
f 214/1/3919 249/1/3919 70/1/3919
f 214/1/3920 66/1/3920 213/1/3920
f 261/1/3921 318/1/3921 258/1/3921
f 261/1/3922 258/1/3922 69/1/3922
f 70/1/3923 54/1/3923 333/1/3923
f 53/1/3924 261/1/3924 333/1/3924 54/1/3924
f 48/1/3925 51/1/3925 207/1/3925
f 318/1/3926 53/1/3926 264/1/3926
f 264/1/3927 53/1/3927 317/1/3927
f 333/1/3928 69/1/3928 214/1/3928
f 214/1/3929 70/1/3929 333/1/3929
f 209/1/3930 305/1/3930 208/1/3930 239/1/3930
f 258/1/3931 68/1/3931 212/1/3931
f 212/1/3932 69/1/3932 258/1/3932
f 209/1/3933 53/1/3933 54/1/3933
f 54/1/3934 61/1/3934 209/1/3934
f 57/1/3935 208/1/3935 305/1/3935 257/1/3935
f 209/1/3936 61/1/3936 305/1/3936
f 75/1/3937 320/1/3937 114/1/3937 60/1/3937
f 302/1/3938 57/1/3938 49/1/3938
f 74/1/3939 602/1/3939 202/1/3939
f 212/1/3940 66/1/3940 69/1/3940
f 77/1/3941 253/1/3941 289/1/3941 301/1/3941
f 218/1/3942 256/1/3942 219/1/3942 81/1/3942
f 284/1/3943 325/1/3943 222/1/3943 271/1/3943
f 290/1/3944 82/1/3944 337/1/3944
f 337/1/3945 250/1/3945 324/1/3945
f 242/1/3946 325/1/3946 221/1/3946
f 282/1/3947 221/1/3947 325/1/3947 284/1/3947
f 243/1/3948 307/1/3948 242/1/3948 221/1/3948
f 284/1/3949 311/1/3949 83/1/3949
f 83/1/3950 282/1/3950 284/1/3950
f 242/1/3951 89/1/3951 87/1/3951
f 245/1/3952 597/1/3952 276/1/3952 218/1/3952
f 223/1/3953 91/1/3953 244/1/3953
f 92/1/3954 327/1/3954 597/1/3954 245/1/3954
f 294/1/3955 276/1/3955 597/1/3955 327/1/3955
f 225/1/3956 598/1/3956 245/1/3956 81/1/3956
f 256/1/3957 218/1/3957 224/1/3957
f 218/1/3958 90/1/3958 224/1/3958
f 82/1/3959 93/1/3959 280/1/3959
f 275/1/3960 223/1/3960 90/1/3960
f 275/1/3961 294/1/3961 91/1/3961
f 275/1/3962 90/1/3962 276/1/3962
f 275/1/3963 276/1/3963 294/1/3963
f 94/1/3964 92/1/3964 598/1/3964 225/1/3964
f 79/1/3965 308/1/3965 246/1/3965 272/1/3965
f 218/1/3966 81/1/3966 245/1/3966
f 255/1/3967 86/1/3967 87/1/3967
f 246/1/3968 308/1/3968 89/1/3968
f 89/1/3969 223/1/3969 246/1/3969
f 293/1/3970 316/1/3970 277/1/3970 80/1/3970
f 244/1/3971 293/1/3971 272/1/3971
f 309/1/3972 203/1/3972 226/1/3972
f 226/1/3973 203/1/3973 396/1/3973
f 308/1/3974 255/1/3974 87/1/3974
f 87/1/3975 89/1/3975 308/1/3975
f 86/1/3976 326/1/3976 222/1/3976 325/1/3976
f 316/1/3977 328/1/3977 277/1/3977
f 277/1/3978 328/1/3978 226/1/3978
f 236/1/3979 235/1/3979 226/1/3979 396/1/3979
f 326/1/3980 88/1/3980 222/1/3980
f 95/1/3981 326/1/3981 86/1/3981
f 95/1/3982 88/1/3982 326/1/3982
f 64/1/3983 297/1/3983 278/1/3983
f 329/1/3984 297/1/3984 334/1/3984
f 311/1/3985 329/1/3985 334/1/3985
f 329/1/3986 311/1/3986 284/1/3986
f 271/1/3987 88/1/3987 297/1/3987
f 309/1/3988 312/1/3988 203/1/3988
f 439/1/3989 203/1/3989 312/1/3989
f 308/1/3990 79/1/3990 260/1/3990
f 274/1/3991 95/1/3991 255/1/3991
f 274/1/3992 377/1/3992 95/1/3992
f 294/1/3993 327/1/3993 345/1/3993 298/1/3993
f 235/1/3994 73/1/3994 226/1/3994
f 377/1/3995 88/1/3995 95/1/3995
f 52/1/3996 238/1/3996 231/1/3996
f 332/1/3997 80/1/3997 277/1/3997
f 316/1/3998 232/1/3998 328/1/3998
f 351/1/3999 94/1/3999 100/1/3999
f 351/1/4000 99/1/4000 347/1/4000
f 351/1/4001 347/1/4001 94/1/4001
f 347/1/4002 99/1/4002 345/1/4002
f 347/1/4003 345/1/4003 92/1/4003
f 347/1/4004 92/1/4004 94/1/4004
f 345/1/4005 99/1/4005 298/1/4005
f 91/1/4006 298/1/4006 348/1/4006 293/1/4006
f 345/1/4007 327/1/4007 92/1/4007
f 348/1/4008 352/1/4008 232/1/4008
f 298/1/4009 99/1/4009 348/1/4009
f 100/1/4010 94/1/4010 225/1/4010 269/1/4010
f 225/1/4011 81/1/4011 269/1/4011
f 285/1/4012 269/1/4012 231/1/4012 267/1/4012
f 285/1/4013 599/1/4013 281/1/4013 100/1/4013
f 267/1/4014 292/1/4014 599/1/4014 285/1/4014
f 292/1/4015 106/1/4015 349/1/4015 599/1/4015
f 599/1/4016 349/1/4016 105/1/4016 281/1/4016
f 51/1/4017 48/1/4017 342/1/4017 102/1/4017
f 216/1/4018 227/1/4018 378/1/4018 115/1/4018
f 46/1/4019 247/1/4019 290/1/4019 59/1/4019
f 238/1/4020 57/1/4020 302/1/4020 299/1/4020
f 303/1/4021 270/1/4021 267/1/4021
f 321/1/4022 233/1/4022 300/1/4022 381/1/4022
f 338/1/4023 397/1/4023 124/1/4023
f 392/1/9 391/1/9 387/1/9 388/1/9
f 99/1/4024 351/1/4024 314/1/4024 352/1/4024
f 351/1/4025 100/1/4025 281/1/4025 314/1/4025
f 234/1/4026 344/1/4026 103/1/4026 291/1/4026
f 314/1/4027 104/1/4027 352/1/4027
f 357/1/4028 364/1/4028 380/1/4028 122/1/4028
f 270/1/4029 292/1/4029 267/1/4029
f 202/1/4030 455/1/4030 234/1/4030
f 332/1/4031 335/1/4031 80/1/4031
f 47/1/4032 46/1/4032 317/1/4032
f 231/1/4033 81/1/4033 93/1/4033
f 263/1/4034 49/1/4034 268/1/4034
f 55/1/4035 322/1/4035 268/1/4035
f 340/1/4036 291/1/4036 43/1/4036
f 303/1/4037 267/1/4037 302/1/4037
f 371/1/4038 382/1/4038 359/1/4038
f 121/1/4039 119/1/4039 367/1/4039
f 366/1/4040 370/1/4040 376/1/4040
f 363/1/122 354/1/122 374/1/122 360/1/122
f 283/1/4041 122/1/4041 380/1/4041
f 601/1/4042 84/1/4042 385/1/4042 259/1/4042
f 336/1/4043 324/1/4043 254/1/4043 84/1/4043
f 120/1/40 392/1/40 85/1/40 393/1/40
f 324/1/4044 250/1/4044 254/1/4044
f 315/1/122 77/1/122 301/1/122
f 227/1/4045 216/1/4045 330/1/4045
f 75/1/4046 227/1/4046 310/1/4046
f 399/1/4047 402/1/4047 501/1/4047 593/1/4047
f 602/1/4048 319/1/4048 400/1/4048
f 602/1/4049 400/1/4049 127/1/4049
f 125/1/4050 50/1/4050 341/1/4050
f 398/1/4051 341/1/4051 124/1/4051
f 127/1/4052 400/1/4052 401/1/4052
f 400/1/4053 125/1/4053 398/1/4053
f 401/1/4054 398/1/4054 126/1/4054
f 399/1/4055 397/1/4055 402/1/4055
f 340/1/4056 45/1/4056 403/1/4056 319/1/4056
f 594/1/4057 126/1/4057 399/1/4057
f 400/1/4058 319/1/4058 403/1/4058 125/1/4058
f 403/1/4059 45/1/4059 207/1/4059 50/1/4059
f 464/1/4060 543/1/4060 463/1/4060 134/1/4060
f 403/1/4061 50/1/4061 125/1/4061
f 144/1/4062 165/1/4062 492/1/4062
f 128/1/4063 488/1/4063 133/1/4063
f 136/1/4064 135/1/4064 464/1/4064
f 409/1/4065 536/1/4065 446/1/4065 643/1/4065
f 543/1/4066 464/1/4066 135/1/4066
f 139/1/4067 518/1/4067 432/1/4067
f 143/1/4068 432/1/4068 137/1/4068
f 466/1/4069 623/1/4069 405/1/4069
f 466/1/4070 517/1/4070 637/1/4070
f 623/1/4071 615/1/4071 145/1/4071
f 132/1/4072 137/1/4072 432/1/4072
f 448/1/4073 141/1/4073 443/1/4073
f 540/1/4074 408/1/4074 520/1/4074
f 408/1/4075 540/1/4075 409/1/4075
f 445/1/4076 517/1/4076 460/1/4076
f 460/1/4077 517/1/4077 139/1/4077
f 442/1/4078 544/1/4078 443/1/4078
f 536/1/4079 140/1/4079 446/1/4079
f 517/1/4080 466/1/4080 518/1/4080 139/1/4080
f 395/1/4081 521/1/4081 503/1/4081
f 447/1/4082 521/1/4082 395/1/4082
f 506/1/4083 136/1/4083 133/1/4083
f 466/1/4084 405/1/4084 518/1/4084
f 536/1/4085 460/1/4085 139/1/4085 140/1/4085
f 409/1/4086 540/1/4086 536/1/4086
f 460/1/4087 536/1/4087 540/1/4087
f 140/1/4088 139/1/4088 406/1/4088 544/1/4088
f 541/1/4089 409/1/4089 643/1/4089
f 445/1/4090 641/1/4090 457/1/4090
f 445/1/4091 457/1/4091 517/1/4091
f 139/1/4092 432/1/4092 406/1/4092
f 505/1/4093 134/1/4093 456/1/4093 143/1/4093
f 540/1/4094 520/1/4094 150/1/4094 445/1/4094
f 134/1/4095 505/1/4095 507/1/4095
f 202/1/4096 602/1/4096 412/1/4096
f 450/1/4097 478/1/4097 413/1/4097 414/1/4097
f 578/1/4098 424/1/4098 156/1/4098
f 531/1/4099 417/1/4099 418/1/4099 435/1/4099
f 166/1/4100 164/1/4100 539/1/4100
f 539/1/4101 165/1/4101 166/1/4101
f 416/1/4102 170/1/4102 169/1/4102
f 434/1/4103 169/1/4103 171/1/4103
f 473/1/4104 170/1/4104 477/1/4104
f 531/1/4105 435/1/4105 416/1/4105
f 486/1/4106 494/1/4106 166/1/4106
f 486/1/4107 168/1/4107 477/1/4107
f 477/1/4108 494/1/4108 486/1/4108
f 509/1/4109 436/1/4109 419/1/4109 417/1/4109
f 434/1/4110 417/1/4110 531/1/4110
f 531/1/4111 416/1/4111 434/1/4111
f 418/1/4112 479/1/4112 437/1/4112 413/1/4112
f 436/1/4113 173/1/4113 419/1/4113
f 437/1/4114 532/1/4114 175/1/4114
f 417/1/4115 419/1/4115 479/1/4115 418/1/4115
f 479/1/4116 495/1/4116 437/1/4116
f 164/1/4117 176/1/4117 519/1/4117
f 419/1/4118 173/1/4118 479/1/4118
f 177/1/4119 421/1/4119 420/1/4119 175/1/4119
f 421/1/4120 414/1/4120 420/1/4120
f 515/1/4121 422/1/4121 511/1/4121 179/1/4121
f 420/1/4122 414/1/4122 413/1/4122
f 437/1/4123 175/1/4123 420/1/4123
f 494/1/4124 416/1/4124 435/1/4124
f 510/1/4125 509/1/4125 452/1/4125
f 475/1/4126 161/1/4126 474/1/4126
f 458/1/4127 174/1/4127 436/1/4127
f 474/1/4128 436/1/4128 509/1/4128
f 458/1/4129 162/1/4129 174/1/4129
f 511/1/4130 396/1/4130 203/1/4130
f 511/1/4131 203/1/4131 179/1/4131
f 534/1/4132 473/1/4132 477/1/4132 168/1/4132
f 510/1/4133 171/1/4133 178/1/4133
f 510/1/4134 452/1/4134 171/1/4134
f 162/1/4135 515/1/4135 174/1/4135
f 515/1/4136 162/1/4136 431/1/4136
f 515/1/4137 431/1/4137 422/1/4137
f 170/1/4138 172/1/4138 530/1/4138
f 170/1/4139 530/1/4139 169/1/4139
f 530/1/4140 172/1/4140 482/1/4140
f 537/1/4141 499/1/4141 534/1/4141
f 537/1/4142 534/1/4142 168/1/4142
f 173/1/4143 500/1/4143 425/1/4143 495/1/4143
f 499/1/4144 172/1/4144 473/1/4144
f 179/1/4145 203/1/4145 439/1/4145 426/1/4145
f 500/1/4146 180/1/4146 425/1/4146
f 482/1/4147 172/1/4147 573/1/4147
f 430/1/4148 149/1/4148 573/1/4148
f 176/1/4149 529/1/4149 137/1/4149
f 529/1/4150 138/1/4150 137/1/4150
f 519/1/4151 176/1/4151 137/1/4151
f 431/1/4152 521/1/4152 422/1/4152
f 428/1/4153 515/1/4153 426/1/4153
f 546/1/4154 180/1/4154 549/1/4154
f 495/1/4155 425/1/4155 545/1/4155 532/1/4155
f 545/1/4156 180/1/4156 546/1/4156
f 425/1/4157 180/1/4157 545/1/4157
f 174/1/4158 547/1/4158 500/1/4158 173/1/4158
f 547/1/4159 180/1/4159 500/1/4159
f 181/1/4160 469/1/4160 421/1/4160 177/1/4160
f 533/1/4161 164/1/4161 429/1/4161
f 469/1/4162 414/1/4162 421/1/4162
f 470/1/4163 469/1/4163 487/1/4163 427/1/4163
f 483/1/4164 605/1/4164 487/1/4164 181/1/4164
f 186/1/4165 548/1/4165 605/1/4165 483/1/4165
f 548/1/4166 188/1/4166 493/1/4166 605/1/4166
f 605/1/4167 493/1/4167 427/1/4167 487/1/4167
f 492/1/4168 519/1/4168 131/1/4168 144/1/4168
f 185/1/4169 472/1/4169 485/1/4169
f 472/1/4170 180/1/4170 485/1/4170
f 542/1/4171 527/1/4171 508/1/4171 449/1/4171
f 440/1/4172 629/1/4172 538/1/4172
f 505/1/4173 143/1/4173 138/1/4173
f 538/1/4174 163/1/4174 440/1/4174
f 549/1/4175 472/1/4175 186/1/4175 483/1/4175
f 183/1/4176 344/1/4176 455/1/4176 490/1/4176
f 483/1/4177 181/1/4177 549/1/4177
f 185/1/4178 485/1/4178 514/1/4178
f 162/1/4179 538/1/4179 153/1/4179 431/1/4179
f 455/1/4180 412/1/4180 490/1/4180
f 451/1/4181 513/1/4181 486/1/4181 166/1/4181
f 518/1/4182 131/1/4182 132/1/4182
f 414/1/4183 164/1/4183 166/1/4183
f 533/1/4184 414/1/4184 496/1/4184
f 468/1/4185 134/1/4185 463/1/4185
f 468/1/4186 528/1/4186 465/1/4186
f 468/1/4187 456/1/4187 134/1/4187
f 507/1/4188 471/1/4188 136/1/4188
f 505/1/4189 427/1/4189 507/1/4189
f 441/1/4190 575/1/4190 576/1/4190
f 560/1/40 567/1/40 564/1/40
f 568/1/40 564/1/40 566/1/40
f 562/1/40 550/1/40 563/1/40
f 552/1/40 193/1/40 192/1/40
f 489/1/4191 407/1/4191 574/1/4191
f 513/1/4192 167/1/4192 608/1/4192 199/1/4192
f 196/1/122 586/1/122 498/1/122 558/1/122
f 451/1/4193 166/1/4193 165/1/4193
f 570/1/122 585/1/122 527/1/122
f 127/1/4194 591/1/4194 522/1/4194 602/1/4194
f 463/1/4195 204/1/4195 588/1/4195 528/1/4195
f 205/1/4196 587/1/4196 543/1/4196 135/1/4196
f 543/1/4197 587/1/4197 204/1/4197 463/1/4197
f 127/1/4198 401/1/4198 590/1/4198 591/1/4198
f 590/1/4199 401/1/4199 594/1/4199 206/1/4199
f 591/1/4200 590/1/4200 587/1/4200 205/1/4200
f 590/1/4201 206/1/4201 204/1/4201 587/1/4201
f 591/1/4202 205/1/4202 596/1/4202 522/1/4202
f 592/1/4203 589/1/4203 593/1/4203
f 589/1/4204 206/1/4204 594/1/4204
f 596/1/4205 130/1/4205 412/1/4205 522/1/4205
f 3/3/4206 626/2/4206 621/43/4206 2/44/4206
f 596/1/4207 506/1/4207 516/1/4207
f 596/1/4208 516/1/4208 130/1/4208
f 205/1/4209 135/1/4209 596/1/4209
f 1/45/4210 2/44/4210 616/46/4210
f 621/43/4211 616/46/4211 2/44/4211
f 7/9/4212 8/12/4212 642/47/4212 68/7/4212
f 4/4/4213 633/6/4213 626/2/4213
f 5/5/4214 639/48/4214 633/6/4214
f 5/5/4215 6/8/4215 639/48/4215
f 68/7/4216 639/48/4216 6/8/4216
f 646/49/4217 9/10/4217 10/15/4217 644/14/4217
f 8/12/4218 645/11/4218 642/47/4218
f 9/10/4219 646/49/4219 645/11/4219
f 1/50/4220 616/51/4220 613/52/4220 11/13/4220
f 613/52/4221 644/14/4221 11/13/4221
f 619/53/4222 22/54/4222 12/19/4222 252/18/4222
f 11/55/4223 10/56/4223 9/57/4223 8/58/4223 7/59/4223 6/60/4223 5/61/4223 4/62/4223 3/63/4223 2/64/4223 1/65/4223
f 635/17/4224 13/16/4224 14/66/4224 631/67/4224
f 15/68/4225 628/69/4225 631/67/4225 14/66/4225
f 628/69/4226 15/68/4226 16/70/4226 636/71/4226
f 20/72/4227 21/73/4227 625/74/4227 617/75/4227
f 16/70/4228 17/21/4228 636/71/4228
f 215/20/4229 636/71/4229 17/21/4229
f 18/22/4230 19/76/4230 622/23/4230
f 339/77/4231 622/23/4231 19/76/4231
f 19/76/4232 20/72/4232 339/77/4232
f 617/75/4233 339/77/4233 20/72/4233
f 24/26/4234 615/78/4234 623/79/4234 25/80/4234
f 21/73/4235 619/81/4235 625/74/4235
f 21/73/4236 22/82/4236 619/81/4236
f 16/83/4237 15/84/4237 14/85/4237 13/86/4237 12/87/4237 22/88/4237 21/89/4237 20/90/4237 19/91/4237 18/92/4237 17/93/4237
f 23/24/4238 32/54/4238 611/94/4238
f 23/24/4239 611/94/4239 612/25/4239
f 612/25/4240 615/78/4240 24/26/4240
f 623/79/4241 630/95/4241 26/96/4241 25/80/4241
f 27/97/4242 26/96/4242 630/95/4242 637/98/4242
f 27/97/4243 637/98/4243 457/29/4243 28/28/4243
f 30/99/4244 29/100/4244 614/101/4244 444/102/4244
f 641/27/4245 29/100/4245 28/28/4245
f 29/100/4246 641/27/4246 614/101/4246
f 31/32/4247 30/99/4247 148/103/4247 459/30/4247
f 444/102/4248 148/103/4248 30/99/4248
f 32/31/4249 459/30/4249 632/104/4249
f 632/104/4250 611/105/4250 32/31/4250
f 29/106/4251 30/107/4251 31/108/4251 32/109/4251 23/110/4251 24/111/4251 25/112/4251 26/113/4251 27/114/4251 28/115/4251
f 624/116/4252 627/117/4252 35/118/4252 34/34/4252
f 34/34/4253 618/33/4253 624/116/4253
f 627/117/4254 634/119/4254 36/120/4254 35/118/4254
f 36/120/4255 634/119/4255 610/121/4255 37/122/4255
f 638/123/4256 41/42/4256 40/124/4256 629/125/4256
f 37/122/4257 610/121/4257 410/39/4257
f 410/39/4258 38/38/4258 37/122/4258
f 620/37/4259 39/126/4259 38/38/4259
f 39/126/4260 620/37/4260 629/125/4260
f 629/125/4261 40/124/4261 39/126/4261
f 643/127/4262 33/50/4262 42/41/4262 640/40/4262
f 41/42/4263 638/123/4263 640/40/4263
f 41/128/4264 42/129/4264 33/130/4264 34/131/4264 35/132/4264 36/133/4264 37/134/4264 38/135/4264 39/136/4264 40/137/4264
f 62/1/4265 616/1/4265 621/1/4265 266/1/4265
f 635/1/4266 631/1/4266 56/1/4266 265/1/4266
f 642/1/4267 67/1/4267 68/1/4267
f 635/1/4268 61/1/4268 252/1/4268
f 61/1/4269 635/1/4269 265/1/4269
f 628/1/4270 636/1/4270 338/1/4270 56/1/4270
f 71/1/4271 622/1/4271 339/1/4271
f 625/1/4272 619/1/4272 249/1/4272
f 252/1/4273 70/1/4273 619/1/4273
f 318/1/4274 639/1/4274 258/1/4274
f 624/1/4275 544/1/4275 442/1/4275 627/1/4275
f 636/1/4276 215/1/4276 338/1/4276
f 623/1/4277 466/1/4277 630/1/4277
f 466/1/4278 637/1/4278 630/1/4278
f 459/1/4279 146/1/4279 632/1/4279
f 150/1/4280 614/1/4280 641/1/4280
f 446/1/4281 544/1/4281 624/1/4281
f 541/1/4282 643/1/4282 640/1/4282 440/1/4282
f 442/1/4283 142/1/4283 627/1/4283
f 353/1/4284 343/1/4284 110/1/4284 111/1/4284
f 610/1/4285 634/1/4285 152/1/4285
f 111/1/4286 107/1/4286 353/1/4286
f 654/1/4287 652/1/4287 647/1/4287
f 649/1/4288 653/1/4288 655/1/4288 650/1/4288
f 653/1/4289 649/1/4289 648/1/4289
f 656/1/40 704/1/40 725/1/40 724/1/40
f 109/1/4290 110/1/4290 343/1/4290
f 723/1/9 725/1/9 705/1/9 658/1/9
f 704/1/4291 687/1/4291 700/1/4291 703/1/4291
f 661/1/4292 706/1/4292 701/1/4292 698/1/4292
f 704/1/4293 703/1/4293 705/1/4293 725/1/4293
f 661/1/4294 723/1/4294 658/1/4294 706/1/4294
f 703/1/4295 706/1/4295 658/1/4295 705/1/4295
f 756/1/40 723/1/40 661/1/40 659/1/40
f 724/1/4296 764/1/4296 657/1/4296 656/1/4296
f 703/1/4297 700/1/4297 701/1/4297 706/1/4297
f 659/1/4298 660/1/4298 755/1/4298 756/1/4298
f 756/1/4299 755/1/4299 757/1/4299 758/1/4299
f 758/1/4300 757/1/4300 759/1/4300 760/1/4300
f 760/1/4301 759/1/4301 761/1/4301 762/1/4301
f 761/1/4302 766/1/4302 767/1/4302 763/1/4302
f 763/1/4303 762/1/4303 761/1/4303
f 767/1/4304 766/1/4304 764/1/4304 765/1/4304
f 768/1/40 816/1/40 837/1/40 836/1/40
f 835/1/4305 837/1/4305 817/1/4305 770/1/4305
f 816/1/4306 799/1/4306 812/1/4306 815/1/4306
f 773/1/4307 818/1/4307 813/1/4307 810/1/4307
f 816/1/4308 815/1/4308 817/1/4308 837/1/4308
f 773/1/4309 835/1/4309 770/1/4309 818/1/4309
f 815/1/4310 818/1/4310 770/1/4310 817/1/4310
f 866/1/40 835/1/40 773/1/40 771/1/40
f 836/1/4311 874/1/4311 769/1/4311 768/1/4311
f 815/1/4312 812/1/4312 813/1/4312 818/1/4312
f 771/1/4313 772/1/4313 865/1/4313 866/1/4313
f 866/1/4314 865/1/4314 867/1/4314 868/1/4314
f 868/1/4315 867/1/4315 869/1/4315 870/1/4315
f 870/1/4316 869/1/4316 871/1/4316 872/1/4316
f 876/1/4317 877/1/4317 873/1/4317 871/1/4317
f 877/1/4318 876/1/4318 874/1/4318 875/1/4318
f 920/1/4319 914/1/4319 913/1/4319 895/1/4319
f 898/1/4320 882/1/4320 881/1/4320
f 905/1/4321 897/1/4321 898/1/4321
f 899/1/4322 910/1/4322 909/1/4322
f 918/1/4323 1110/1/4323 890/1/4323 903/1/4323
f 900/1/4324 915/1/4324 907/1/4324
f 986/1/4325 954/1/4325 935/1/4325 951/1/4325
f 1111/1/4326 920/1/4326 912/1/4326
f 931/1/4327 932/1/4327 929/1/4327
f 1153/1/4328 932/1/4328 1163/1/4328
f 939/1/4329 942/1/4329 938/1/4329
f 940/1/4330 1624/1/4330 939/1/4330
f 951/1/4331 980/1/4331 1037/1/4331 985/1/4331
f 945/1/4332 941/1/4332 932/1/4332
f 937/1/4333 958/1/4333 947/1/4333
f 964/1/4334 949/1/4334 979/1/4334
f 964/1/4335 1626/1/4335 1627/1/4335
f 971/1/4336 945/1/4336 972/1/4336
f 985/1/4337 986/1/4337 951/1/4337
f 979/1/4338 1004/1/4338 1631/1/4338
f 1017/1/4339 1061/1/4339 1014/1/4339 1016/1/4339
f 1631/1/4340 1032/1/4340 1637/1/4340
f 1012/1/4341 1061/1/4341 1039/1/4341
f 1011/1/4342 1013/1/4342 1015/1/4342
f 1013/1/4343 1011/1/4343 993/1/4343
f 1014/1/4344 1015/1/4344 1013/1/4344
f 1073/1/4345 1055/1/4345 1050/1/4345 1071/1/4345
f 1042/1/4346 1025/1/4346 1026/1/4346
f 1043/1/4347 1063/1/4347 1268/1/4347 1028/1/4347
f 1047/1/4348 1030/1/4348 1064/1/4348 1045/1/4348
f 1595/1/4349 1106/1/4349 1107/1/4349 1109/1/4349
f 1402/1/4350 1064/1/4350 1384/1/4350
f 1065/1/4351 1064/1/4351 1030/1/4351
f 1391/1/4352 1392/1/4352 1062/1/4352
f 1689/1/4353 1076/1/4353 1073/1/4353
f 1075/1/4354 1080/1/4354 1081/1/4354
f 1086/1/4355 1087/1/4355 1077/1/4355
f 1089/1/4356 1087/1/4356 1086/1/4356
f 1104/1/4357 1103/1/4357 1105/1/4357
f 1260/1/4358 1103/1/4358 1104/1/4358
f 1116/1/4359 1119/1/4359 1118/1/4359 1120/1/4359
f 1117/1/4360 1115/1/4360 1110/1/4360
f 1216/1/4361 1213/1/4361 1200/1/4361 1183/1/4361
f 1117/1/4362 929/1/4362 1115/1/4362
f 1123/1/4363 1121/1/4363 1137/1/4363
f 1140/1/4364 1160/1/4364 1161/1/4364
f 1161/1/4365 1141/1/4365 1140/1/4365
f 1147/1/4366 1146/1/4366 1149/1/4366
f 1217/1/4367 1174/1/4367 1175/1/4367 1186/1/4367
f 1177/1/4368 1625/1/4368 1660/1/4368 1656/1/4368
f 1670/1/4369 1676/1/4369 1677/1/4369 1673/1/4369
f 1159/1/4370 1189/1/4370 1188/1/4370
f 1195/1/4371 1193/1/4371 1181/1/4371
f 1208/1/4372 1192/1/4372 1204/1/4372
f 1187/1/4373 1196/1/4373 1170/1/4373
f 1205/1/4374 1192/1/4374 1206/1/4374
f 1252/1/4375 1242/1/4375 1240/1/4375
f 1222/1/4376 1221/1/4376 1239/1/4376
f 1224/1/4377 1225/1/4377 1226/1/4377 1241/1/4377
f 1028/1/4378 1268/1/4378 1270/1/4378 1267/1/4378
f 1211/1/4379 1234/1/4379 1232/1/4379
f 1226/1/4380 1218/1/4380 1253/1/4380
f 1256/1/4381 1227/1/4381 1240/1/4381
f 1290/1/4382 1278/1/4382 1302/1/4382 1309/1/4382
f 1108/1/4383 1107/1/4383 1262/1/4383
f 1271/1/4384 1267/1/4384 1272/1/4384
f 1296/1/4385 1300/1/4385 1255/1/4385 1294/1/4385
f 1282/1/4386 1281/1/4386 1276/1/4386
f 1278/1/4387 1290/1/4387 1282/1/4387
f 1263/1/4388 1262/1/4388 1265/1/4388
f 1449/1/4389 1448/1/4389 1482/1/4389 1484/1/4389
f 1683/1/4390 1335/1/4390 1334/1/4390
f 1343/1/4391 1342/1/4391 1571/1/4391
f 1352/1/4392 1348/1/4392 1571/1/4392
f 1363/1/4393 1714/1/4393 1364/1/4393
f 1491/1/4394 1379/1/4394 1377/1/4394
f 1378/1/4395 1545/1/4395 1377/1/4395
f 1380/1/4396 1378/1/4396 1381/1/4396
f 1765/1/4397 1807/1/4397 1801/1/4397
f 1380/1/4398 1779/1/4398 1585/1/4398
f 1415/1/4399 1439/1/4399 1465/1/4399
f 1409/1/4400 1421/1/4400 1392/1/4400
f 1430/1/4401 1429/1/4401 1428/1/4401
f 1609/1/4402 1605/1/4402 1601/1/4402
f 1438/1/4403 1468/1/4403 1444/1/4403
f 1417/1/4404 1418/1/4404 1419/1/4404
f 1446/1/4405 1420/1/4405 1409/1/4405
f 1429/1/4406 1432/1/4406 1428/1/4406
f 1440/1/4407 1439/1/4407 1462/1/4407
f 1442/1/4408 1501/1/4408 1500/1/4408 1691/1/4408
f 1508/1/4409 1424/1/4409 1448/1/4409
f 1448/1/4410 1449/1/4410 1483/1/4410
f 1454/1/4411 1457/1/4411 1488/1/4411
f 1374/1/4412 1459/1/4412 1443/1/4412
f 1438/1/4413 1456/1/4413 1469/1/4413
f 1472/1/4414 1469/1/4414 1461/1/4414
f 1473/1/4415 1498/1/4415 1495/1/4415 1496/1/4415
f 1474/1/4416 1503/1/4416 1502/1/4416
f 1504/1/4417 1476/1/4417 1522/1/4417
f 1506/1/4418 1505/1/4418 1479/1/4418
f 1616/1/4419 1512/1/4419 1515/1/4419
f 1474/1/4420 1495/1/4420 1503/1/4420
f 1521/1/4421 1530/1/4421 1531/1/4421 1507/1/4421
f 1504/1/4422 1501/1/4422 1497/1/4422
f 1508/1/4423 1510/1/4423 1430/1/4423
f 1523/1/4424 1508/1/4424 1511/1/4424
f 1485/1/4425 1430/1/4425 1510/1/4425
f 1486/1/4426 1487/1/4426 1451/1/4426
f 1527/1/4427 1541/1/4427 1557/1/4427 1542/1/4427
f 1543/1/4428 1507/1/4428 1531/1/4428
f 1523/1/4429 1534/1/4429 1524/1/4429
f 1540/1/4430 1553/1/4430 1555/1/4430 1554/1/4430
f 1538/1/4431 1339/1/4431 1330/1/4431
f 1563/1/4432 1556/1/4432 1549/1/4432
f 1558/1/4433 1352/1/4433 1342/1/4433
f 1575/1/4434 1564/1/4434 1562/1/4434
f 1864/1/4435 1848/1/4435 1860/1/4435 1861/1/4435
f 1574/1/4436 1380/1/4436 1580/1/4436
f 1589/1/4437 1583/1/4437 1588/1/4437
f 1777/1/4438 1788/1/4438 1362/1/4438
f 1782/1/4439 1586/1/4439 1790/1/4439
f 1599/1/4440 1598/1/4440 1600/1/4440
f 1625/1/4441 940/1/4441 1630/1/4441
f 1625/1/4442 1630/1/4442 1660/1/4442
f 1628/1/4443 1636/1/4443 1629/1/4443
f 1637/1/4444 1634/1/4444 1632/1/4444
f 1021/1/4445 1002/1/4445 1022/1/4445
f 1640/1/4446 1641/1/4446 1642/1/4446
f 1643/1/4447 1648/1/4447 1644/1/4447
f 1648/1/4448 1643/1/4448 1647/1/4448
f 1648/1/4449 1087/1/4449 1650/1/4449
f 1673/1/4450 1678/1/4450 1254/1/4450
f 1677/1/4451 1676/1/4451 1679/1/4451
f 1671/1/4452 1674/1/4452 1672/1/4452
f 1689/1/4453 1405/1/4453 1407/1/4453
f 1500/1/4454 1405/1/4454 1691/1/4454
f 2453/1/4455 1544/1/4455 1693/1/4455
f 1704/1/4456 1703/1/4456 1623/1/4456
f 1708/1/4457 1600/1/4457 1707/1/4457
f 1719/1/4458 1723/1/4458 1715/1/4458
f 1726/1/4459 1729/1/4459 1732/1/4459
f 1736/1/4460 1735/1/4460 2452/1/4460
f 1748/1/4461 1744/1/4461 1741/1/4461
f 1800/1/4462 1785/1/4462 1815/1/4462 1832/1/4462
f 1771/1/4463 1876/1/4463 1770/1/4463
f 1944/1/4464 2005/1/4464 1772/1/4464
f 1775/1/4465 1957/1/4465 1973/1/4465
f 1789/1/4466 1793/1/4466 1778/1/4466
f 1781/1/4467 1791/1/4467 1792/1/4467
f 1820/1/4468 1817/1/4468 1826/1/4468 1828/1/4468
f 1787/1/4469 1786/1/4469 1764/1/4469
f 1801/1/4470 1787/1/4470 1764/1/4470
f 1806/1/4471 1794/1/4471 1797/1/4471
f 1749/1/4472 1728/1/4472 1807/1/4472
f 1816/1/4473 1826/1/4473 1817/1/4473
f 1828/1/4474 1835/1/4474 1810/1/4474
f 1928/1/4475 1858/1/4475 1857/1/4475 1859/1/4475
f 1831/1/4476 1838/1/4476 1836/1/4476
f 1838/1/4477 1850/1/4477 1841/1/4477 1836/1/4477
f 1768/1/4478 1889/1/4478 1767/1/4478
f 1833/1/4479 2456/1/4479 1860/1/4479
f 1875/1/4480 1878/1/4480 1923/1/4480 1769/1/4480
f 1849/1/4481 1838/1/4481 1848/1/4481
f 1925/1/4482 1845/1/4482 1874/1/4482
f 1868/1/4483 1867/1/4483 1917/1/4483
f 1926/1/4484 1940/1/4484 1939/1/4484 1941/1/4484
f 1876/1/4485 1877/1/4485 1878/1/4485
f 1926/1/4486 1923/1/4486 1925/1/4486
f 1927/1/4487 1882/1/4487 1880/1/4487
f 1879/1/4488 1881/1/4488 1883/1/4488
f 1882/1/4489 1927/1/4489 2003/1/4489
f 1980/1/4490 1932/1/4490 1889/1/4490
f 1906/1/4491 2459/1/4491 2458/1/4491
f 1907/1/4492 1909/1/4492 1908/1/4492
f 1891/1/4493 1896/1/4493 1898/1/4493
f 1871/1/4494 1870/1/4494 1918/1/4494
f 1900/1/4495 1948/1/4495 1962/1/4495 1949/1/4495
f 2010/1/4496 2015/1/4496 2011/1/4496 2478/1/4496
f 1890/1/4497 1950/1/4497 1951/1/4497
f 1932/1/4498 1934/1/4498 1933/1/4498
f 1892/1/4499 1933/1/4499 1929/1/4499
f 1933/1/4500 1892/1/4500 1932/1/4500
f 1932/1/4501 1963/1/4501 1934/1/4501
f 1957/1/4502 1958/1/4502 1972/1/4502
f 1967/1/4503 1952/1/4503 1985/1/4503
f 1958/1/4504 1959/1/4504 1972/1/4504
f 1977/1/4505 2049/1/4505 2026/1/4505
f 2015/1/4506 2007/1/4506 2008/1/4506
f 2056/1/4507 2050/1/4507 2026/1/4507 2049/1/4507
f 2018/1/4508 2017/1/4508 1992/1/4508
f 2023/1/4509 2179/1/4509 2176/1/4509
f 2040/1/4510 2038/1/4510 1986/1/4510 2039/1/4510
f 2068/1/4511 2037/1/4511 2069/1/4511
f 2224/1/4512 2207/1/4512 2219/1/4512 2220/1/4512
f 2056/1/4513 2079/1/4513 2062/1/4513
f 2031/1/4514 2052/1/4514 2059/1/4514
f 2067/1/4515 2068/1/4515 2059/1/4515
f 2039/1/4516 2041/1/4516 2070/1/4516
f 2081/1/4517 2082/1/4517 2098/1/4517
f 2073/1/4518 2074/1/4518 2219/1/4518
f 2083/1/4519 2495/1/4519 2105/1/4519 2103/1/4519
f 2092/1/4520 2095/1/4520 2094/1/4520
f 2094/1/4521 2080/1/4521 2092/1/4521
f 2490/1/4522 2105/1/4522 2106/1/4522 2496/1/4522
f 2490/1/4523 2485/1/4523 2208/1/4523
f 2143/1/4524 2126/1/4524 2122/1/4524
f 2505/1/4525 2507/1/4525 2506/1/4525 2504/1/4525
f 2146/1/4526 2147/1/4526 2148/1/4526
f 2095/1/4527 2134/1/4527 2112/1/4527
f 2159/1/4528 2143/1/4528 2119/1/4528
f 2116/1/4529 2126/1/4529 2127/1/4529
f 2121/1/4530 2114/1/4530 2099/1/4530
f 2262/1/4531 2278/1/4531 2280/1/4531 2520/1/4531
f 2140/1/4532 2151/1/4532 2141/1/4532
f 2134/1/4533 2140/1/4533 2142/1/4533
f 2145/1/4534 2128/1/4534 2512/1/4534
f 2134/1/4535 2153/1/4535 2151/1/4535
f 2171/1/4536 2348/1/4536 2163/1/4536
f 2160/1/4537 2166/1/4537 2169/1/4537
f 2196/1/4538 2370/1/4538 2390/1/4538
f 2186/1/4539 2187/1/4539 2252/1/4539
f 2402/1/4540 2197/1/4540 2390/1/4540
f 2109/1/4541 2244/1/4541 2243/1/4541
f 2238/1/4542 2236/1/4542 2233/1/4542
f 2245/1/4543 2243/1/4543 2244/1/4543
f 2261/1/4544 2281/1/4544 2275/1/4544
f 2247/1/4545 2519/1/4545 2281/1/4545
f 2258/1/4546 2255/1/4546 2254/1/4546
f 2269/1/4547 2268/1/4547 2263/1/4547
f 2277/1/4548 2275/1/4548 2279/1/4548
f 2308/1/4549 2307/1/4549 2528/1/4549 2325/1/4549
f 2284/1/4550 2285/1/4550 2526/1/4550
f 2534/1/4551 2526/1/4551 2527/1/4551
f 2498/1/4552 2492/1/4552 2089/1/4552 2130/1/4552
f 2317/1/4553 2316/1/4553 2315/1/4553
f 2318/1/4554 2320/1/4554 2300/1/4554
f 2329/1/4555 2536/1/4555 2539/1/4555
f 2342/1/4556 2328/1/4556 2341/1/4556
f 2345/1/4557 2541/1/4557 2320/1/4557
f 2345/1/4558 2352/1/4558 2541/1/4558
f 2357/1/4559 2372/1/4559 2358/1/4559
f 2367/1/4560 2382/1/4560 2383/1/4560
f 2436/1/4561 2437/1/4561 2392/1/4561
f 2399/1/4562 2422/1/4562 2414/1/4562
f 2430/1/4563 2435/1/4563 2423/1/4563
f 2439/1/4564 2438/1/4564 2437/1/4564
f 2484/1/4565 2483/1/4565 2044/1/4565
f 2498/1/4566 2506/1/4566 2494/1/4566
f 2488/1/4567 2501/1/4567 2495/1/4567
f 2503/1/4568 2530/1/4568 2518/1/4568 2517/1/4568
f 2208/1/4569 2485/1/4569 2513/1/4569
f 2367/1/4570 2368/1/4570 2353/1/4570 2369/1/4570
f 2533/1/4571 2531/1/4571 2538/1/4571
f 1094/1/4572 1093/1/4572 1162/1/4572
l 997 998
l 2124 2125
