# Blender 5.0.1
# www.blender.org
mtllib i02_rightHand_ThumbTip_visual.mtl
o i02_rightHand_ThumbTip_visual.001
v -0.048799 -0.037054 0.035446
v -0.044584 -0.040241 0.035922
v 0.031110 -0.088706 -0.015280
v 0.030989 -0.087707 -0.021484
v 0.027173 -0.073783 -0.027745
v -0.036235 -0.046554 0.036865
v -0.032282 -0.049543 0.037312
v -0.040884 -0.043039 0.036340
v -0.008037 -0.067709 0.038931
v 0.026165 -0.089001 0.011657
v 0.027669 -0.089414 0.006889
v -0.023331 -0.056310 0.038323
v -0.019409 -0.059275 0.038766
v 0.017427 -0.084633 0.025929
v 0.021183 -0.086791 0.021707
v 0.030260 -0.089719 -0.004088
v 0.031171 -0.089470 -0.010386
v 0.029867 -0.085989 -0.027538
v 0.000726 -0.073533 0.034457
v 0.005586 -0.076763 0.031975
v -0.015984 -0.061864 0.039152
v -0.011700 -0.065104 0.039636
v 0.027958 -0.074928 -0.023900
v 0.039690 -0.072726 -0.025562
v 0.027473 -0.074214 -0.026324
v 0.009312 -0.079239 0.030072
v 0.013995 -0.082352 0.027681
v 0.029562 -0.089929 0.000859
v 0.023399 -0.087778 0.017266
v -0.056978 -0.029244 0.023434
v -0.054624 -0.031536 0.027197
v -0.027308 -0.053303 0.037874
v -0.051715 -0.034384 0.031937
v -0.059058 -0.026890 0.017869
v 0.029238 -0.085054 -0.030624
v 0.049707 -0.064752 0.017380
v 0.046707 -0.063430 0.023457
v -0.027456 -0.012114 0.046932
v -0.031496 -0.008515 0.042740
v -0.042654 0.002455 0.024164
v -0.009705 -0.026530 0.055825
v -0.014911 -0.022408 0.053936
v -0.037868 -0.002556 0.034209
v -0.040419 -0.000073 0.030131
v 0.044305 -0.062363 0.028269
v 0.040430 -0.060278 0.033554
v 0.055137 -0.065251 -0.006499
v 0.054147 -0.065524 0.000324
v 0.053742 -0.061499 -0.025019
v 0.014510 -0.044101 0.053716
v 0.010208 -0.041166 0.055356
v 0.024045 -0.050449 0.049000
v 0.019965 -0.047824 0.051636
v 0.054940 -0.063339 -0.018522
v 0.055071 -0.064423 -0.011802
v -0.034714 -0.005639 0.039345
v -0.019054 -0.019132 0.052464
v -0.023733 -0.015224 0.049387
v 0.004618 -0.037156 0.056159
v 0.000143 -0.033942 0.056777
v -0.005322 -0.029830 0.056257
v 0.032788 -0.055908 0.042213
v 0.029143 -0.053728 0.045695
v 0.037357 -0.058632 0.037790
v 0.053391 -0.065753 0.005683
v 0.051338 -0.065197 0.012215
v 0.001393 -0.064144 0.036503
v -0.002901 -0.061209 0.038141
v -0.049235 -0.013627 0.019844
v -0.049239 -0.022965 0.011031
v -0.047163 -0.015971 0.025381
v -0.047905 -0.024509 0.014838
v -0.046135 -0.026513 0.019573
v -0.041900 -0.021111 0.033884
v -0.044809 -0.018264 0.029144
v -0.044127 -0.028469 0.022784
v -0.041644 -0.030898 0.026828
v -0.038930 -0.023767 0.037018
v -0.039111 -0.033164 0.029501
v -0.027451 -0.033572 0.045993
v -0.031767 -0.029963 0.043153
v -0.033000 -0.038450 0.034735
v -0.029318 -0.041529 0.037157
v -0.018825 -0.040406 0.049095
v -0.023628 -0.036598 0.047351
v -0.026057 -0.044111 0.038316
v -0.021959 -0.047359 0.039804
v -0.014781 -0.043455 0.049493
v -0.018509 -0.049960 0.040144
v -0.005611 -0.050223 0.049401
v -0.009740 -0.047253 0.049972
v -0.014208 -0.053201 0.040553
v -0.010686 -0.055734 0.040066
v 0.003514 -0.056640 0.047145
v -0.000454 -0.053927 0.048659
v -0.006286 -0.058895 0.039432
v 0.012310 -0.062506 0.042792
v 0.008547 -0.060080 0.045226
v 0.004604 -0.066213 0.034426
v 0.020375 -0.067551 0.036526
v 0.017013 -0.065536 0.039740
v 0.008615 -0.068798 0.031823
v 0.011484 -0.070517 0.029081
v 0.027424 -0.071591 0.028533
v 0.024590 -0.070069 0.032443
v 0.015080 -0.072665 0.025598
v 0.017497 -0.073964 0.022262
v 0.033214 -0.074505 0.019212
v 0.030998 -0.073518 0.023654
v 0.020546 -0.075608 0.018100
v 0.022437 -0.076450 0.014311
v 0.035980 -0.075728 0.013603
v 0.024797 -0.077494 0.009526
v 0.039378 -0.076657 0.002805
v 0.037484 -0.076141 0.008836
v 0.026080 -0.077846 0.005458
v 0.027695 -0.078286 0.000314
v 0.040075 -0.076447 -0.002141
v 0.028290 -0.078107 -0.003907
v 0.040925 -0.075434 -0.013333
v 0.040987 -0.076197 -0.008439
v 0.029068 -0.077894 -0.009279
v 0.029016 -0.077242 -0.013455
v 0.040804 -0.074434 -0.019537
v 0.028912 -0.076389 -0.018747
v -0.035202 -0.027091 0.040888
v -0.035931 -0.036000 0.032802
v -0.048717 -0.023578 0.012580
v -0.060052 -0.025711 0.014970
v 0.020718 -0.061159 -0.008776
v 0.025036 -0.062302 -0.022752
v 0.025351 -0.062788 -0.021026
v 0.007109 -0.050318 -0.014075
v 0.015375 -0.057506 -0.006739
v 0.024386 -0.063138 -0.013776
v 0.017238 -0.058846 -0.006999
v 0.008992 -0.052308 -0.009999
v 0.007924 -0.051276 -0.011650
v 0.007487 -0.050776 -0.012859
v 0.019046 -0.060072 -0.007755
v 0.007225 -0.050465 -0.013657
v 0.011852 -0.054783 -0.007543
v 0.013591 -0.056160 -0.006927
v 0.022210 -0.062049 -0.010230
v 0.023496 -0.062743 -0.011985
v 0.024470 -0.063169 -0.013986
v 0.025142 -0.063353 -0.016120
v 0.009758 -0.052999 -0.009148
v 0.010311 -0.053496 -0.008547
v 0.011197 -0.054232 -0.007997
v 0.025432 -0.062912 -0.020590
v 0.025302 -0.063330 -0.017085
v -0.051352 -0.011166 0.013744
v -0.029360 -0.068029 0.012772
v 0.025465 -0.063256 -0.018410
v 0.024903 -0.062143 -0.023161
v 0.022500 -0.104450 -0.000384
v 0.023474 -0.104206 -0.006951
v -0.068437 -0.040679 0.023327
v -0.065368 -0.043686 0.028347
v -0.070647 -0.038184 0.017456
v -0.009503 -0.078943 -0.012933
v -0.010256 -0.078267 -0.013741
v 0.005917 -0.089321 -0.019923
v 0.005518 -0.089202 -0.018717
v 0.016646 -0.102467 0.015614
v 0.018975 -0.103505 0.010945
v 0.020940 -0.104033 0.004638
v -0.007424 -0.087065 0.031957
v 0.006042 -0.089274 -0.020870
v -0.051335 -0.056160 0.042641
v -0.047713 -0.059184 0.044997
v 0.005505 -0.095658 0.025356
v 0.010027 -0.098662 0.023047
v -0.007372 -0.080751 -0.011347
v -0.008914 -0.079464 -0.012350
v -0.038731 -0.066258 0.047944
v -0.034195 -0.069273 0.045627
v -0.003850 -0.083474 -0.010543
v -0.005669 -0.082104 -0.010712
v -0.062919 -0.046073 0.032275
v -0.058985 -0.049587 0.036397
v 0.005245 -0.089136 -0.017790
v 0.004236 -0.088687 -0.015770
v -0.021746 -0.077546 0.039271
v -0.016636 -0.080943 0.036661
v -0.003382 -0.089751 0.029894
v 0.001557 -0.093034 0.027372
v -0.030587 -0.071671 0.043785
v -0.025663 -0.074943 0.041271
v -0.055909 -0.052339 0.039653
v 0.001458 -0.087103 -0.012561
v -0.000268 -0.085980 -0.011512
v -0.042663 -0.063187 0.046830
v -0.007207 -0.080885 -0.011264
v 0.002986 -0.088017 -0.014033
v 0.024105 -0.102949 -0.018708
v 0.024046 -0.102144 -0.023897
v 0.006216 -0.089215 -0.022153
v 0.013650 -0.101071 0.021197
v -0.002022 -0.084790 -0.010783
v 0.024223 -0.103987 -0.012222
v 0.022843 -0.100318 -0.030282
v -0.030219 -0.066939 0.009670
v -0.031270 -0.065605 0.005874
v -0.032470 -0.064082 0.001544
v -0.033771 -0.062431 -0.003154
v -0.044926 0.005086 0.017677
v -0.050233 -0.054157 0.023430
v -0.072941 -0.035563 0.011148
v -0.061145 -0.024437 0.011791
v -0.063120 -0.018797 -0.016824
v -0.062194 -0.018565 -0.023070
v 0.021383 -0.076362 -0.050397
v 0.024303 -0.079221 -0.045623
v 0.026123 -0.072451 -0.031534
v -0.058841 -0.019464 -0.033845
v -0.056625 -0.020451 -0.038286
v -0.060710 -0.018962 -0.027847
v -0.034339 -0.034330 -0.056024
v 0.003975 -0.061794 -0.061952
v 0.007682 -0.064596 -0.061534
v -0.050937 -0.023299 -0.047549
v -0.046636 -0.026157 -0.049744
v -0.009669 -0.051477 -0.063493
v -0.004951 -0.055045 -0.062961
v 0.015311 -0.070749 -0.058055
v 0.019054 -0.074091 -0.054133
v 0.026397 -0.081585 -0.040065
v -0.025576 -0.040154 -0.060498
v -0.020716 -0.043384 -0.062980
v -0.042881 -0.028653 -0.051662
v -0.038183 -0.031775 -0.054061
v 0.024848 -0.070981 -0.035129
v 0.036204 -0.068303 -0.038146
v 0.025660 -0.071912 -0.032871
v -0.017069 -0.045883 -0.064329
v -0.012799 -0.049111 -0.063847
v 0.012365 -0.068137 -0.061005
v -0.000998 -0.058034 -0.062514
v -0.063665 -0.020758 -0.000705
v -0.063721 -0.019993 -0.005641
v -0.053859 -0.021674 -0.043895
v -0.063832 -0.019005 -0.011810
v -0.062528 -0.022486 0.005341
v 0.027425 -0.082752 -0.037171
v 0.026414 -0.035192 -0.066709
v 0.021208 -0.031069 -0.068599
v -0.045983 0.011397 -0.019953
v -0.046987 0.011145 -0.013187
v -0.046366 0.007166 0.010765
v -0.036945 0.008039 -0.042515
v -0.039944 0.009361 -0.036438
v -0.047640 0.009846 -0.001071
v -0.047580 0.009016 0.004277
v 0.017065 -0.027794 -0.070071
v 0.011584 -0.023671 -0.070584
v 0.042091 -0.048695 -0.053598
v 0.038035 -0.045075 -0.057847
v 0.050031 -0.056789 -0.038419
v -0.017703 -0.003221 -0.062577
v -0.021735 -0.000627 -0.059965
v -0.008240 -0.009477 -0.067555
v -0.012589 -0.006510 -0.065891
v 0.047779 -0.054251 -0.044377
v 0.044615 -0.051154 -0.049550
v -0.047761 0.010917 -0.007755
v -0.042347 0.010428 -0.031626
v -0.044373 0.010970 -0.025128
v -0.026330 0.002120 -0.055571
v -0.029997 0.004309 -0.052036
v -0.033856 0.006383 -0.046758
v 0.001633 -0.016369 -0.070266
v -0.002800 -0.013189 -0.069626
v 0.007217 -0.020381 -0.071023
v 0.034864 -0.042241 -0.061202
v 0.030148 -0.038306 -0.064282
v -0.024450 -0.031347 -0.056795
v -0.028475 -0.028754 -0.054185
v -0.052720 -0.009204 0.007260
v -0.050172 -0.021781 0.007664
v -0.053849 -0.007486 0.001242
v -0.051016 -0.020562 0.003608
v -0.051982 -0.019092 -0.001538
v -0.054017 -0.005733 -0.009863
v -0.053906 -0.006720 -0.003694
v -0.052030 -0.018439 -0.005749
v -0.052126 -0.017597 -0.011012
v -0.053305 -0.005524 -0.014877
v -0.051518 -0.017419 -0.015290
v -0.049026 -0.006191 -0.031898
v -0.050895 -0.005689 -0.025900
v -0.049462 -0.017560 -0.024693
v -0.047867 -0.017988 -0.029811
v -0.044043 -0.008402 -0.041949
v -0.046810 -0.007179 -0.036340
v -0.045977 -0.018830 -0.033600
v -0.043617 -0.019874 -0.038385
v -0.041195 -0.009934 -0.045866
v -0.041187 -0.021181 -0.041727
v -0.034253 -0.013874 -0.054002
v -0.037636 -0.011851 -0.050738
v -0.038150 -0.022817 -0.045883
v -0.035264 -0.024542 -0.048668
v -0.026295 -0.018810 -0.060469
v -0.030014 -0.016414 -0.058058
v -0.031648 -0.026709 -0.052128
v -0.017565 -0.024592 -0.065064
v -0.021577 -0.021850 -0.063528
v -0.021027 -0.033686 -0.058106
v -0.008458 -0.030959 -0.067567
v -0.012547 -0.028022 -0.066976
v -0.016746 -0.036612 -0.059737
v -0.013258 -0.039118 -0.060241
v 0.000723 -0.037706 -0.067861
v -0.003306 -0.034667 -0.068267
v -0.008863 -0.042281 -0.060838
v -0.005425 -0.044874 -0.060492
v 0.009602 -0.044540 -0.066031
v 0.005779 -0.041514 -0.067389
v -0.001112 -0.048123 -0.060089
v 0.002149 -0.050704 -0.058930
v 0.014405 -0.048348 -0.064287
v 0.006247 -0.053953 -0.057442
v 0.022201 -0.054858 -0.059204
v 0.017850 -0.051224 -0.062046
v 0.009186 -0.056406 -0.055531
v 0.012898 -0.059507 -0.053107
v 0.025127 -0.057476 -0.056108
v 0.015394 -0.061740 -0.050464
v 0.031198 -0.063089 -0.048450
v 0.028869 -0.060819 -0.052186
v 0.018587 -0.064592 -0.047119
v 0.020574 -0.066529 -0.043932
v 0.034118 -0.065949 -0.043676
v 0.023064 -0.068968 -0.039858
v -0.052379 -0.005293 -0.021123
v -0.050728 -0.017221 -0.020618
v -0.050531 -0.021277 0.006033
v -0.061865 -0.023410 0.008422
v 0.013787 -0.052363 -0.033799
v 0.023818 -0.060756 -0.027150
v 0.023217 -0.060080 -0.028730
v 0.006123 -0.049066 -0.017637
v 0.008779 -0.049136 -0.030550
v 0.018972 -0.056268 -0.033319
v 0.010307 -0.050050 -0.032022
v 0.005561 -0.047953 -0.022388
v 0.005558 -0.048274 -0.020190
v 0.005816 -0.048656 -0.018890
v 0.012033 -0.051173 -0.033071
v 0.006007 -0.048919 -0.018056
v 0.006520 -0.048016 -0.026794
v 0.007529 -0.048466 -0.028813
v 0.015615 -0.053679 -0.034040
v 0.017434 -0.055049 -0.033871
v 0.019138 -0.056402 -0.033236
v 0.020679 -0.057689 -0.032233
v 0.005723 -0.047879 -0.023713
v 0.005848 -0.047832 -0.024660
v 0.006247 -0.047951 -0.025866
v 0.023066 -0.059909 -0.029130
v 0.021268 -0.058210 -0.031650
v -0.040949 -0.053322 -0.029066
v 0.022033 -0.058901 -0.030799
v 0.023916 -0.060891 -0.026723
v 0.004444 -0.081535 -0.065569
v 0.008363 -0.085030 -0.061501
v -0.075465 -0.031761 -0.002043
v -0.075592 -0.030710 -0.008565
v -0.074277 -0.033577 0.004350
v -0.013537 -0.073823 -0.027498
v -0.013712 -0.073882 -0.026215
v 0.001454 -0.083656 -0.036036
v 0.000568 -0.082921 -0.036586
v -0.007724 -0.071540 -0.072365
v -0.003705 -0.074721 -0.070936
v 0.000833 -0.078515 -0.067951
v -0.033726 -0.053686 -0.062998
v 0.002008 -0.084154 -0.035435
v -0.071974 -0.029967 -0.031872
v -0.070393 -0.030401 -0.036884
v -0.020797 -0.062278 -0.069599
v -0.016276 -0.065283 -0.071908
v -0.012705 -0.073984 -0.030596
v -0.013377 -0.073800 -0.028463
v -0.065034 -0.032879 -0.047011
v -0.060497 -0.035894 -0.049328
v -0.010445 -0.075104 -0.034353
v -0.011731 -0.074410 -0.032598
v -0.075657 -0.029908 -0.013710
v -0.074698 -0.029645 -0.020331
v -0.000087 -0.082370 -0.037040
v -0.001826 -0.080993 -0.037656
v -0.048048 -0.044167 -0.055684
v -0.042938 -0.047563 -0.058294
v -0.029684 -0.056372 -0.065061
v -0.024745 -0.059654 -0.067583
v -0.056889 -0.038292 -0.051170
v -0.051965 -0.041564 -0.053684
v -0.073965 -0.029425 -0.025532
v -0.005473 -0.078307 -0.037584
v -0.007280 -0.077081 -0.036828
v -0.067485 -0.031686 -0.042782
v -0.012620 -0.074015 -0.030807
v -0.003610 -0.079646 -0.037843
v 0.014545 -0.090816 -0.053223
v 0.017019 -0.093226 -0.049267
v 0.002761 -0.084830 -0.034626
v -0.012652 -0.067691 -0.073758
v -0.008953 -0.075994 -0.035807
v 0.011485 -0.087822 -0.058207
v 0.019213 -0.095711 -0.043388
v -0.040089 -0.054412 -0.025964
v -0.039038 -0.055746 -0.022169
v -0.037839 -0.057269 -0.017839
v -0.036537 -0.058920 -0.013140
v -0.035154 -0.060675 -0.008147
v 0.006741 -0.049775 -0.015920
v 0.024249 -0.061411 -0.024860
v 0.038330 -0.070769 -0.032050
v 0.052302 -0.059420 -0.031930
v -0.061821 -0.039450 -0.018408
v -0.013438 -0.075108 -0.019236
v 0.000490 0.129861 0.056052
v -0.000422 0.131009 0.052763
v 0.002069 0.128232 0.061458
v 0.001378 0.128796 0.059214
v 0.008011 0.143118 0.064724
v 0.012397 0.161236 0.061341
v 0.011696 0.162127 0.058804
v 0.013094 0.160348 0.063873
v 0.007500 0.143759 0.062884
v 0.006606 0.144874 0.059666
v 0.031194 0.138352 0.045526
v 0.078474 0.166412 0.075528
v 0.086675 0.170236 0.074603
v 0.071504 0.161869 0.075860
v 0.094802 0.172546 0.073168
v 0.063933 0.155157 0.075596
v 0.112907 0.176465 0.069538
v 0.059085 0.148995 0.074773
v 0.054352 0.139379 0.072705
v 0.017969 0.132096 0.091148
v 0.016864 0.132951 0.089557
v 0.154018 0.096310 0.025497
v 0.153927 0.097463 0.021224
v 0.153097 0.099723 0.012872
v 0.012895 0.139196 0.080537
v 0.012920 0.136267 0.082981
v 0.009473 0.100215 0.082237
v 0.011859 0.109386 0.084815
v 0.008355 0.102280 0.080930
v 0.006636 0.089294 0.079186
v 0.011858 0.115447 0.084743
v 0.004938 0.089447 0.077143
v 0.121338 0.040856 0.058105
v 0.136057 0.058676 0.017010
v 0.141533 0.070524 0.021371
v 0.136034 0.057741 0.021204
v 0.130952 0.046441 0.013972
v 0.135906 0.059689 0.012823
v 0.141412 0.072149 0.015764
v 0.142706 0.072591 0.024825
v 0.130928 0.045511 0.018143
v 0.130802 0.047449 0.009807
v 0.125947 0.041328 0.046726
v 0.124568 0.041080 0.050602
v 0.127164 0.041665 0.042778
v 0.134408 0.063169 0.000410
v 0.139902 0.075638 0.003306
v 0.135080 0.061938 0.004513
v 0.129311 0.050910 -0.002537
v 0.133564 0.064467 -0.003644
v 0.139055 0.076941 -0.000765
v 0.140577 0.074402 0.007425
v 0.129980 0.049686 0.001543
v 0.128472 0.052200 -0.006570
v 0.002030 0.108743 0.071674
v 0.005800 0.121044 0.075374
v 0.001138 0.113168 0.068939
v -0.001625 0.095080 0.067650
v 0.003759 0.105813 0.074629
v 0.007301 0.119039 0.078451
v 0.005139 0.123646 0.073120
v -0.003062 0.098866 0.064537
v 0.000341 0.092943 0.070903
v 0.134915 0.055423 0.033735
v 0.134196 0.054819 0.037860
v 0.129816 0.043206 0.030606
v 0.135462 0.056112 0.029577
v 0.129101 0.042605 0.034709
v 0.130360 0.043892 0.026470
v -0.026155 0.011669 0.061646
v 0.000166 0.063367 0.072880
v -0.028358 0.013791 0.058869
v -0.032710 0.002013 0.059724
v -0.023857 0.009491 0.064271
v 0.002741 0.061584 0.075599
v -0.002289 0.065129 0.070012
v -0.034889 0.004114 0.056964
v -0.030439 -0.000142 0.062333
v 0.005988 -0.016604 0.081522
v 0.037026 0.041828 0.094127
v 0.003097 -0.014210 0.080882
v -0.000956 -0.025938 0.079520
v 0.008754 -0.018880 0.082038
v 0.040295 0.040202 0.094750
v 0.033633 0.043541 0.093369
v -0.003818 -0.023568 0.078881
v 0.001772 -0.028186 0.080040
v 0.037913 -0.041228 0.074723
v 0.075220 0.025707 0.088668
v 0.034595 -0.038849 0.076817
v 0.030416 -0.050148 0.072937
v 0.041167 -0.043532 0.072449
v 0.079091 0.024420 0.086575
v 0.071279 0.027066 0.090577
v 0.027110 -0.047778 0.075021
v 0.033657 -0.052443 0.070673
v 0.067478 -0.060194 0.038951
v 0.110274 0.017385 0.054946
v 0.065828 -0.059344 0.042552
v 0.060662 -0.069631 0.036957
v 0.068929 -0.060876 0.035289
v 0.112118 0.017352 0.051379
v 0.108232 0.017527 0.058430
v 0.058983 -0.068758 0.040551
v 0.062115 -0.070318 0.033316
v 0.075345 -0.060268 -0.008745
v 0.121595 0.022857 0.007877
v 0.075483 -0.060916 -0.004618
v 0.068482 -0.069716 -0.010377
v 0.075061 -0.059506 -0.012857
v 0.121446 0.023850 0.003773
v 0.121571 0.021940 0.011989
v 0.068618 -0.070358 -0.006282
v 0.068200 -0.068959 -0.014457
v -0.040685 0.026653 0.035736
v -0.015685 0.076537 0.046415
v -0.041953 0.028153 0.031999
v -0.047095 0.016858 0.033997
v -0.039287 0.025061 0.039381
v -0.014212 0.075035 0.050107
v -0.017002 0.077987 0.042637
v -0.048353 0.018345 0.030289
v -0.045709 0.015279 0.037615
v -0.016449 0.002674 0.071166
v 0.011117 0.056153 0.082804
v -0.018999 0.004988 0.069037
v -0.023134 -0.006873 0.069198
v -0.013828 0.000325 0.073119
v 0.014104 0.054330 0.084870
v 0.008223 0.057973 0.080568
v -0.025645 -0.004589 0.067076
v -0.020551 -0.009190 0.071146
v 0.015697 -0.024569 0.083111
v 0.048665 0.036111 0.096029
v 0.013580 -0.022843 0.082852
v 0.008511 -0.033720 0.081185
v 0.017802 -0.026258 0.083170
v 0.051234 0.034918 0.096144
v 0.046086 0.037353 0.095716
v 0.006475 -0.032055 0.080893
v 0.010534 -0.035348 0.081278
v 0.049632 -0.049330 0.065034
v 0.089252 0.021369 0.079631
v 0.047039 -0.047592 0.067595
v 0.042091 -0.058222 0.063298
v 0.052104 -0.050953 0.062330
v 0.092214 0.020599 0.077080
v 0.086130 0.022243 0.082045
v 0.039502 -0.056485 0.065848
v 0.044587 -0.059864 0.060591
v 0.072375 -0.062140 0.023850
v 0.116661 0.017817 0.040163
v 0.071362 -0.061837 0.027739
v 0.065534 -0.071572 0.021965
v 0.073249 -0.062323 0.019897
v 0.117861 0.018150 0.036272
v 0.115302 0.017573 0.043984
v 0.064529 -0.071272 0.025824
v 0.066402 -0.071755 0.018043
v 0.073341 -0.056549 -0.025006
v 0.119977 0.027262 -0.008395
v 0.074058 -0.057644 -0.020997
v 0.066493 -0.066025 -0.026511
v 0.072483 -0.055349 -0.028960
v 0.119151 0.028534 -0.012370
v 0.120637 0.026055 -0.004373
v 0.067204 -0.067112 -0.022534
v 0.065642 -0.064834 -0.030435
v -0.034341 0.019768 0.049684
v -0.008884 0.070250 0.060592
v -0.036111 0.021614 0.046364
v -0.040811 0.010033 0.047843
v -0.032457 0.017846 0.052881
v -0.006820 0.068575 0.063861
v -0.010807 0.071887 0.057205
v -0.042564 0.011863 0.044546
v -0.038945 0.008129 0.051017
v -0.005587 -0.006879 0.077873
v 0.023551 0.048885 0.089984
v -0.008391 -0.004457 0.076477
v -0.012418 -0.016306 0.075886
v -0.002734 -0.009315 0.079075
v 0.026846 0.047088 0.091311
v 0.020326 0.050692 0.088464
v -0.015188 -0.013911 0.074495
v -0.009596 -0.018717 0.077083
v 0.025259 -0.031995 0.081464
v 0.060198 0.031163 0.094736
v 0.022528 -0.029931 0.082378
v 0.017831 -0.040965 0.079641
v 0.028200 -0.034182 0.080224
v 0.063693 0.029822 0.093642
v 0.056939 0.032466 0.095525
v 0.015136 -0.038929 0.080539
v 0.020746 -0.043135 0.078411
v 0.059463 -0.055623 0.053036
v 0.100777 0.018672 0.068371
v 0.057017 -0.054098 0.056328
v 0.052278 -0.064782 0.051162
v 0.061798 -0.057043 0.049612
v 0.103465 0.018176 0.065155
v 0.097967 0.019255 0.071450
v 0.049684 -0.063147 0.054517
v 0.054762 -0.066313 0.047676
v 0.075019 -0.062156 0.007751
v 0.120475 0.019668 0.024273
v 0.074573 -0.062332 0.011838
v 0.068158 -0.071589 0.005992
v 0.075320 -0.061861 0.003640
v 0.121011 0.020344 0.020197
v 0.119770 0.019076 0.028318
v 0.067715 -0.071763 0.010046
v 0.068457 -0.071296 0.001912
v 0.146555 0.087017 0.010227
v 0.148603 0.085421 0.024102
v 0.147421 0.084804 0.018607
v 0.015611 0.128859 0.088491
v 0.015168 0.121659 0.088232
v 0.008368 0.131438 0.075139
v 0.009586 0.131694 0.078079
v 0.011308 0.132286 0.082048
v 0.014475 0.134734 0.086473
v 0.153600 0.098556 0.017034
v 0.125194 0.037705 -0.001436
v 0.124529 0.038921 -0.005488
v 0.123696 0.040202 -0.009494
v 0.126135 0.033558 0.015053
v 0.126159 0.034482 0.010909
v 0.126009 0.035483 0.006773
v 0.124320 0.030672 0.031507
v 0.125030 0.031268 0.027431
v 0.125571 0.031949 0.023324
v 0.119818 0.029157 0.047294
v 0.121188 0.029403 0.043443
v 0.122397 0.029738 0.039522
v 0.112748 0.029091 0.061829
v 0.114765 0.028963 0.058335
v 0.116609 0.028934 0.054746
v 0.102949 0.030634 0.074728
v 0.105618 0.030106 0.071692
v 0.108163 0.029666 0.068518
v 0.037758 0.055238 0.096963
v 0.041258 0.053483 0.097695
v 0.044655 0.051808 0.098280
v 0.024233 0.062487 0.092067
v 0.027489 0.060663 0.093596
v 0.030827 0.058847 0.094926
v 0.012037 0.069823 0.084110
v 0.014953 0.067990 0.086364
v 0.017963 0.066153 0.088445
v 0.001444 0.077035 0.073473
v 0.003918 0.075259 0.076363
v 0.006513 0.073462 0.079103
v -0.007072 0.084191 0.060568
v -0.005201 0.082195 0.063981
v -0.003121 0.080507 0.067275
v 0.009472 0.117226 0.081663
v 0.005977 0.104053 0.077862
v 0.002573 0.091210 0.074091
v 0.123031 0.040923 0.054398
v 0.135835 0.056885 0.025397
v 0.130731 0.044660 0.022313
v 0.130478 0.048531 0.005661
v 0.135580 0.060777 0.008654
v 0.141079 0.073237 0.011581
v 0.128217 0.042091 0.038769
v -0.004620 0.066866 0.067004
v -0.030461 0.015852 0.055945
v -0.036970 0.006154 0.054059
v -0.028082 -0.002344 0.064786
v -0.021470 0.007262 0.066737
v 0.005428 0.059784 0.078164
v 0.030208 0.045306 0.092441
v 0.000163 -0.011761 0.080079
v -0.006727 -0.021140 0.078083
v 0.004278 -0.030246 0.080484
v 0.011311 -0.020980 0.082468
v 0.043346 0.038699 0.095268
v 0.067396 0.028453 0.092253
v 0.031320 -0.036474 0.078670
v 0.023849 -0.045413 0.076865
v 0.036722 -0.054583 0.068290
v 0.044245 -0.045679 0.070053
v 0.082770 0.023250 0.084350
v 0.105970 0.017788 0.061832
v 0.063946 -0.058302 0.046102
v 0.057032 -0.067663 0.044119
v 0.063388 -0.070854 0.029611
v 0.070212 -0.061415 0.031555
v 0.113787 0.017418 0.047726
v 0.121377 0.021102 0.016099
v 0.075475 -0.061447 -0.000487
v 0.068610 -0.070886 -0.002183
v 0.067774 -0.068091 -0.018513
v 0.074632 -0.058631 -0.016945
v 0.121127 0.024917 -0.000314
v -0.044198 0.013613 0.041134
v -0.037761 0.023380 0.042927
v -0.012584 0.073484 0.053707
v -0.017901 -0.011538 0.072914
v -0.011140 -0.002054 0.074891
v 0.017176 0.052509 0.086758
v 0.012693 -0.037049 0.081090
v 0.020033 -0.028012 0.082951
v 0.053941 0.033721 0.095997
v 0.047086 -0.061482 0.057680
v 0.054539 -0.052522 0.059441
v 0.095092 0.019904 0.074362
v 0.067130 -0.071818 0.014067
v 0.073983 -0.062388 0.015890
v 0.118899 0.018570 0.032320
v 0.147058 0.085850 0.014391
v 0.013220 0.130642 0.085405
v 0.125688 0.036558 0.002655
v 0.125939 0.032713 0.019195
v 0.123442 0.030161 0.035540
v 0.118291 0.029001 0.051064
v 0.110550 0.029324 0.065224
v 0.100189 0.031239 0.077608
v 0.034249 0.057038 0.096051
v 0.021058 0.064317 0.090348
v 0.009221 0.071649 0.081688
v -0.000905 0.078785 0.070442
v -0.052582 0.008555 0.032541
v -0.011942 -0.027948 0.076712
v 0.046148 -0.067459 0.053683
v -0.048049 0.003664 0.043042
v 0.051558 -0.070449 0.046843
v 0.066199 -0.072776 -0.010886
v 0.061859 -0.074863 0.025124
v -0.044419 0.000035 0.049494
v -0.006026 -0.032531 0.078172
v -0.031056 -0.012196 0.065572
v 0.063841 -0.075191 0.017394
v -0.042434 -0.001877 0.052531
v -0.025944 -0.016575 0.069681
v 0.022653 -0.053092 0.073978
v 0.065738 -0.074830 0.005410
v 0.029416 -0.057458 0.069701
v -0.017735 -0.023342 0.074482
v 0.064286 -0.068999 -0.026967
v 0.043390 -0.065887 0.056842
v 0.065537 -0.071095 -0.018993
v 0.003608 -0.039903 0.079922
v 0.010328 -0.044783 0.079369
v -0.023278 -0.018807 0.071470
v 0.016090 -0.048735 0.077301
v 0.057800 -0.073490 0.036174
v 0.035463 -0.061224 0.064944
v 0.060659 -0.074530 0.028884
v -0.038150 -0.005872 0.058192
v -0.053836 0.010023 0.028854
v 0.040759 -0.064371 0.059738
v -0.051198 0.007004 0.036140
v 0.066307 -0.073455 -0.006807
v 0.032586 -0.059454 0.067353
v -0.008962 -0.030267 0.077522
v 0.048911 -0.069006 0.050328
v 0.065942 -0.071988 -0.014951
v -0.046292 0.001884 0.046328
v -0.003230 -0.034674 0.078706
v -0.000671 -0.036632 0.079168
v 0.062920 -0.075084 0.021291
v 0.065251 -0.075064 0.009444
v 0.066267 -0.074025 -0.002725
v -0.028537 -0.014371 0.067713
v -0.020540 -0.021064 0.073071
v 0.064619 -0.075184 0.013441
v 0.064985 -0.070098 -0.023001
v 0.066076 -0.074484 0.001351
v -0.033500 -0.010053 0.063267
v 0.026067 -0.055312 0.071929
v 0.001555 -0.038339 0.079602
v -0.014868 -0.025638 0.075697
v 0.063443 -0.067802 -0.030880
v 0.053972 -0.071710 0.043294
v 0.005648 -0.041427 0.080047
v 0.007835 -0.043019 0.079890
v 0.056034 -0.072711 0.039745
v -0.040342 -0.003848 0.055432
v 0.059324 -0.074084 0.032560
v 0.013091 -0.046697 0.078501
v -0.035867 -0.007943 0.060806
v -0.049686 0.005372 0.039644
v 0.038152 -0.062839 0.062422
v 0.019289 -0.050875 0.075788
v 0.142783 0.084813 0.000975
v 0.141766 0.086182 -0.003042
v 0.157614 0.104215 0.022547
v 0.145977 0.088074 0.006704
v 0.157663 0.102262 0.031109
v 0.156749 0.106407 0.014192
v 0.143634 0.083518 0.005052
v 0.152524 0.100771 0.009379
v 0.157267 0.105272 0.018355
v 0.155924 0.107542 0.010830
v 0.143734 0.083340 0.005653
v 0.012216 0.143444 0.075330
v 0.005949 0.126908 0.072565
v 0.100454 0.031857 0.077783
v 0.060459 0.040033 0.097694
v 0.134067 0.054744 0.038452
v 0.097126 0.031375 0.080160
v 0.050217 0.047488 0.098740
v 0.082519 0.031827 0.088702
v 0.047656 0.049735 0.098596
v 0.038943 0.058917 0.098094
v 0.063558 0.038298 0.096774
v 0.001933 0.078773 0.073987
v 0.044807 0.052238 0.098409
v 0.110161 0.034573 0.069918
v 0.130624 0.049973 0.044953
v 0.032847 0.065494 0.096984
v 0.052614 0.045397 0.098767
v 0.086475 0.031306 0.086665
v -0.004314 0.103263 0.060833
v 0.118810 0.039170 0.061229
v 0.134336 0.055135 0.037937
v 0.107017 0.033476 0.072651
v 0.145791 0.079289 0.026262
v 0.041925 0.055467 0.098300
v 0.066946 0.036697 0.095604
v 0.020165 0.073689 0.090748
v 0.132544 0.052472 0.041467
v 0.029760 0.068254 0.095943
v 0.023391 0.072247 0.092782
v 0.123865 0.042933 0.054936
v 0.055076 0.043617 0.098679
v 0.046097 0.051105 0.098492
v 0.098788 0.031572 0.078953
v 0.057657 0.041876 0.098350
v 0.103763 0.032558 0.075274
v 0.116081 0.037476 0.064218
v 0.090181 0.031065 0.084576
v 0.070518 0.035057 0.094137
v 0.074449 0.033807 0.092505
v 0.017020 0.075112 0.088530
v 0.026564 0.070354 0.094492
v 0.126287 0.045219 0.051700
v 0.010747 0.076974 0.083290
v 0.007704 0.077645 0.080355
v 0.128533 0.047544 0.048364
v 0.093721 0.031115 0.082421
v 0.113206 0.035948 0.067116
v 0.135996 0.057869 0.034329
v 0.035924 0.062416 0.097713
v 0.152712 0.093097 0.028940
v 0.078450 0.032633 0.090653
v 0.013823 0.076017 0.085984
v 0.003798 0.078372 0.076136
v 0.113708 0.036194 0.066589
v 0.091061 0.031062 0.084035
v 0.129790 0.048979 0.046268
v 0.126867 0.045797 0.050805
v 0.088182 0.031115 0.085663
v 0.135065 0.056322 0.036288
v 0.009502 0.077399 0.082093
v 0.053071 0.045002 0.098732
v 0.001540 0.078876 0.073491
v 0.030537 0.067755 0.096239
v 0.079991 0.032201 0.089854
v 0.120548 0.040378 0.059132
v 0.117188 0.038130 0.062971
v 0.044435 0.052565 0.098379
v 0.035451 0.062965 0.097618
v 0.106420 0.033284 0.073113
v 0.102655 0.032286 0.076089
v 0.061906 0.039102 0.097224
v 0.070848 0.034909 0.093983
v 0.024361 0.071832 0.093326
v 0.094968 0.031170 0.081568
v 0.051454 0.132626 0.071135
v 0.161946 0.163495 0.051421
v 0.030572 0.131292 0.087384
v 0.028061 0.134516 0.078266
v 0.081076 0.142931 0.066563
v 0.160158 0.160391 0.028309
v 0.156760 0.170082 0.032663
v 0.105663 0.144572 0.060342
v 0.030285 0.115077 0.081742
v 0.027780 0.118292 0.072647
v 0.076137 0.135244 0.065230
v 0.078136 0.139351 0.066119
v 0.084771 0.145759 0.066535
v 0.162040 0.151726 0.024733
v 0.108463 0.141376 0.058446
v 0.102075 0.146914 0.062156
v 0.075204 0.130868 0.063951
v 0.088990 0.147657 0.066035
v 0.162747 0.142889 0.021420
v 0.166715 0.146454 0.044123
v 0.164980 0.155158 0.047660
v 0.097922 0.148253 0.063775
v 0.031674 0.102878 0.066158
v 0.034174 0.099670 0.075233
v 0.075397 0.126498 0.062363
v 0.167308 0.137509 0.040819
v 0.110298 0.137525 0.056586
v 0.093468 0.148506 0.065095
v 0.161357 0.124901 0.015457
v 0.162543 0.133893 0.018302
v 0.166749 0.128463 0.037797
v 0.111052 0.133261 0.054880
v 0.039495 0.089259 0.059213
v 0.076702 0.122408 0.060567
v 0.159143 0.116073 0.012953
v 0.041991 0.086056 0.068275
v 0.162229 0.110628 0.032784
v 0.165047 0.119456 0.035105
v 0.110679 0.128854 0.053436
v 0.053236 0.075106 0.061311
v 0.079037 0.118857 0.058674
v 0.142359 0.084337 0.006383
v 0.150882 0.105412 0.034089
v 0.050743 0.078306 0.052257
v 0.109202 0.124579 0.052343
v 0.064698 0.070719 0.045735
v 0.082257 0.116065 0.056803
v 0.139955 0.087322 -0.001691
v 0.106713 0.120705 0.051671
v 0.067191 0.067519 0.054785
v 0.134204 0.090044 0.010710
v 0.139953 0.087053 0.000232
v 0.141180 0.091421 0.031859
v 0.086158 0.114210 0.055074
v 0.136581 0.088511 0.008282
v 0.139493 0.087056 0.002722
v 0.103369 0.117475 0.051461
v 0.138413 0.087501 0.005457
v 0.128405 0.079957 0.031365
v 0.090496 0.113408 0.053592
v 0.099380 0.115093 0.051728
v 0.113374 0.071753 0.032640
v 0.094998 0.113708 0.052453
v 0.114957 0.048960 0.035027
v 0.090142 0.044955 0.040482
v 0.048768 0.054882 0.055406
v 0.132529 0.056699 0.032887
v 0.086439 0.044949 0.041504
v 0.039540 0.061048 0.060123
v 0.070830 0.046673 0.046424
v 0.037358 0.062815 0.061347
v 0.030059 0.070201 0.065958
v 0.051741 0.053306 0.054031
v 0.034936 0.064775 0.062704
v 0.101262 0.045875 0.037730
v 0.127421 0.054042 0.033366
v 0.025139 0.075284 0.069103
v 0.041609 0.059374 0.058963
v 0.074961 0.045929 0.045021
v 0.111734 0.048156 0.035636
v 0.132930 0.056921 0.032854
v 0.097600 0.045437 0.038589
v 0.032524 0.067407 0.064296
v 0.055053 0.051802 0.052587
v 0.015365 0.079785 0.073386
v 0.130224 0.055419 0.033075
v 0.022712 0.077206 0.070449
v 0.017800 0.079348 0.072560
v 0.118222 0.050100 0.034525
v 0.043791 0.057950 0.057860
v 0.036033 0.063887 0.062090
v 0.088289 0.044907 0.040977
v 0.046142 0.056500 0.056700
v 0.093875 0.045118 0.039507
v 0.108353 0.047291 0.036267
v 0.078894 0.045401 0.043749
v 0.058602 0.050190 0.051040
v 0.062558 0.048909 0.049496
v 0.013047 0.080159 0.074158
v 0.020223 0.078406 0.071559
v 0.121421 0.051400 0.034097
v 0.008531 0.079788 0.075277
v 0.006413 0.079285 0.075685
v 0.124480 0.052692 0.033705
v 0.082708 0.045102 0.042589
v 0.104870 0.046535 0.036965
v 0.135537 0.058452 0.032670
v 0.027602 0.072985 0.067615
v 0.066636 0.047637 0.047922
v 0.010713 0.079967 0.074736
v 0.105481 0.046643 0.036834
v 0.079841 0.045311 0.043455
v 0.126256 0.053467 0.033486
v 0.122216 0.051704 0.033984
v 0.076775 0.045602 0.044405
v 0.134089 0.057561 0.032758
v 0.007676 0.079718 0.075488
v 0.042013 0.059046 0.058737
v 0.023330 0.076908 0.070174
v 0.068228 0.047141 0.047308
v 0.113943 0.048767 0.035240
v 0.109730 0.047602 0.035996
v 0.034621 0.065030 0.062881
v 0.027226 0.073411 0.067869
v 0.096919 0.045351 0.038748
v 0.092627 0.045022 0.039819
v 0.050156 0.054026 0.054722
v 0.058935 0.050039 0.050895
v 0.018550 0.079213 0.072305
v 0.084077 0.045002 0.042175
v 0.136702 0.059192 0.032485
v 0.137626 0.061270 0.022207
v 0.061308 0.143600 0.043175
v 0.062602 0.141955 0.047857
v 0.063795 0.140440 0.052172
v 0.064841 0.139112 0.055954
v 0.064865 0.139082 0.056039
v 0.043941 0.143996 0.063549
v 0.058937 0.134471 0.040625
v 0.060231 0.132827 0.045307
v 0.061424 0.131311 0.049622
v 0.062470 0.129983 0.053404
v 0.062494 0.129953 0.053489
v 0.041044 0.131585 0.059993
v 0.103264 0.174296 0.071443
v 0.106512 0.170814 0.039918
v 0.107831 0.169197 0.044606
v 0.109047 0.167706 0.048927
v 0.110112 0.166400 0.052714
v 0.110222 0.166299 0.053056
v 0.111924 0.187914 0.060175
v 0.094984 0.169900 0.043099
v 0.096279 0.168256 0.047781
v 0.097472 0.166740 0.052096
v 0.098517 0.165412 0.055878
v 0.098541 0.165382 0.055964
v 0.087093 0.169263 0.039088
v 0.088513 0.167687 0.044111
v 0.089807 0.166043 0.048794
v 0.091000 0.164528 0.053108
v 0.092046 0.163200 0.056891
v 0.092070 0.163170 0.056976
v 0.081508 0.166676 0.039723
v 0.083085 0.165061 0.044690
v 0.084379 0.163417 0.049372
v 0.085572 0.161902 0.053687
v 0.086618 0.160574 0.057469
v 0.086641 0.160544 0.057554
v 0.076068 0.163915 0.040258
v 0.077502 0.162305 0.045266
v 0.078797 0.160660 0.049948
v 0.079990 0.159145 0.054263
v 0.081035 0.157817 0.058045
v 0.081059 0.157787 0.058130
v 0.071639 0.160925 0.040433
v 0.073061 0.159268 0.045427
v 0.074356 0.157624 0.050109
v 0.075549 0.156109 0.054424
v 0.076594 0.154781 0.058206
v 0.076618 0.154751 0.058292
v 0.068421 0.155411 0.045356
v 0.069715 0.153766 0.050038
v 0.070908 0.152251 0.054353
v 0.071954 0.150923 0.058135
v 0.071977 0.150893 0.058220
v 0.064648 0.150657 0.044730
v 0.065943 0.149013 0.049412
v 0.067135 0.147498 0.053727
v 0.068181 0.146170 0.057509
v 0.068205 0.146140 0.057594
v 0.052568 0.148273 0.062666
v 0.129572 0.077803 -0.002163
v 0.123487 0.098721 0.006770
v 0.124510 0.097711 0.008451
v 0.125796 0.096547 0.009824
v 0.127296 0.095274 0.010834
v 0.128951 0.093941 0.011445
v 0.130699 0.092599 0.011633
v 0.132473 0.091299 0.011390
v 0.123821 0.080525 0.010237
v 0.128029 0.077981 0.004986
v 0.129110 0.077536 0.002250
v 0.126197 0.078992 0.007810
v 0.129569 0.077534 -0.000240
v 0.132666 0.107562 0.007337
v 0.133689 0.106551 0.009018
v 0.134974 0.105385 0.010390
v 0.136472 0.104110 0.011400
v 0.138126 0.102775 0.012011
v 0.139871 0.101430 0.012198
v 0.141642 0.100128 0.011955
v 0.143371 0.098918 0.011289
v 0.139267 0.117268 0.008920
v 0.140352 0.116356 0.010618
v 0.141738 0.115352 0.012019
v 0.143372 0.114293 0.013068
v 0.145192 0.113222 0.013726
v 0.147128 0.112179 0.013966
v 0.149104 0.111203 0.013781
v 0.151045 0.110334 0.013176
v 0.144465 0.127631 0.011122
v 0.145593 0.126827 0.012846
v 0.147050 0.125996 0.014288
v 0.148780 0.125172 0.015393
v 0.150716 0.124386 0.016119
v 0.152784 0.123668 0.016437
v 0.154904 0.123046 0.016336
v 0.156994 0.122544 0.015819
v 0.146844 0.138688 0.014347
v 0.147996 0.137995 0.016104
v 0.149491 0.137346 0.017598
v 0.151271 0.136765 0.018775
v 0.153269 0.136276 0.019588
v 0.155408 0.135897 0.020005
v 0.157605 0.135642 0.020012
v 0.159776 0.135522 0.019607
v 0.147138 0.149807 0.018170
v 0.148292 0.149225 0.019965
v 0.149791 0.148758 0.021523
v 0.151576 0.148422 0.022784
v 0.153581 0.148231 0.023700
v 0.155726 0.148192 0.024235
v 0.157931 0.148307 0.024369
v 0.160110 0.148570 0.024096
v 0.145337 0.160608 0.022461
v 0.146472 0.160135 0.024299
v 0.147940 0.159844 0.025927
v 0.149684 0.159746 0.027283
v 0.151639 0.159844 0.028314
v 0.153727 0.160135 0.028981
v 0.155870 0.160608 0.029258
v 0.157985 0.161244 0.029134
v 0.139536 0.173329 0.026016
v 0.140292 0.172641 0.027980
v 0.141622 0.171994 0.029709
v 0.143267 0.171407 0.031192
v 0.145122 0.170904 0.032384
v 0.147385 0.170508 0.033168
v 0.149660 0.170228 0.033594
v 0.152176 0.170083 0.033564
v 0.154441 0.170069 0.033182
v 0.113104 0.089202 0.006298
v 0.114127 0.088191 0.007979
v 0.115413 0.087027 0.009352
v 0.116912 0.085754 0.010362
v 0.118568 0.084421 0.010974
v 0.120316 0.083079 0.011161
v 0.122089 0.081780 0.010918
v 0.090207 0.040182 0.005634
v 0.090977 0.040066 0.004805
v 0.089325 0.040379 0.006309
v 0.087160 0.041433 0.007982
v 0.085246 0.042410 0.008646
v 0.083290 0.043475 0.008847
v 0.081401 0.044592 0.008615
v 0.079592 0.045740 0.007962
v 0.079227 0.045946 0.007723
v 0.078732 0.046217 0.007430
v 0.077679 0.047051 0.006615
v 0.077259 0.047326 0.006178
v 0.076039 0.048343 0.004653
v 0.075303 0.049084 0.003207
v 0.075112 0.049306 0.002600
v 0.074567 0.050019 0.000679
v 0.093453 0.040712 -0.006846
v 0.093556 0.040591 -0.006515
v 0.093735 0.040283 -0.005532
v 0.093787 0.040198 -0.005264
v 0.093921 0.039702 -0.003287
v 0.093799 0.039462 -0.001678
v 0.093458 0.039397 0.000036
v 0.092491 0.039547 0.002435
v 0.092438 0.039544 0.002536
v 0.037450 -0.042923 -0.008212
v 0.036333 -0.042260 -0.007126
v 0.034653 -0.040901 -0.005745
v 0.032972 -0.039569 -0.005004
v 0.031231 -0.038144 -0.004742
v 0.029549 -0.036712 -0.004922
v 0.027913 -0.035271 -0.005530
v 0.027423 -0.034860 -0.005869
v 0.026761 -0.034311 -0.006281
v 0.026036 -0.033555 -0.006977
v 0.025464 -0.033040 -0.007613
v 0.024392 -0.031929 -0.009186
v 0.023840 -0.031272 -0.010508
v 0.023558 -0.030931 -0.011417
v 0.039857 -0.043452 -0.020999
v 0.039974 -0.043593 -0.020630
v 0.040226 -0.043978 -0.019276
v 0.040293 -0.044080 -0.018924
v 0.040406 -0.044452 -0.016842
v 0.040311 -0.044546 -0.015369
v 0.040137 -0.044500 -0.014020
v 0.039461 -0.044152 -0.011735
v 0.039398 -0.044129 -0.011577
v 0.038413 -0.043440 -0.009522
v 0.106522 0.060178 0.007107
v 0.106136 0.060236 0.007521
v 0.105695 0.060335 0.007859
v 0.103425 0.061629 0.009909
v 0.101602 0.062744 0.010581
v 0.099737 0.063927 0.010803
v 0.097919 0.065156 0.010594
v 0.096187 0.066397 0.009962
v 0.096004 0.066499 0.009842
v 0.095757 0.066635 0.009695
v 0.094480 0.067689 0.008782
v 0.094270 0.067826 0.008564
v 0.093017 0.068916 0.007115
v 0.092137 0.069792 0.005552
v 0.092042 0.069903 0.005249
v 0.091397 0.070684 0.003282
v 0.109289 0.060159 -0.004625
v 0.109414 0.059961 -0.004006
v 0.109454 0.059900 -0.003820
v 0.109681 0.059402 -0.001926
v 0.109619 0.059147 -0.000160
v 0.109218 0.059116 0.001942
v 0.108194 0.059413 0.004509
v 0.108168 0.059412 0.004560
v 0.002105 -0.019291 0.002345
v 0.003400 -0.020935 0.007027
v 0.004593 -0.022450 0.011342
v 0.005638 -0.023778 0.015125
v 0.006493 -0.024864 0.018215
v -0.013931 -0.012076 0.028353
v -0.049975 0.020369 0.024701
v 0.093536 0.171588 0.038123
v 0.144554 0.161274 0.020396
v 0.023107 -0.030303 -0.013298
v 0.027820 0.064422 0.043671
v 0.051966 0.061943 0.036125
v 0.051111 0.063028 0.033034
v 0.050065 0.064356 0.029252
v 0.048872 0.065872 0.024937
v 0.047578 0.067516 0.020255
v 0.078969 0.175917 0.078729
v 0.089798 0.180179 0.077231
v 0.064287 0.166859 0.079607
v 0.103446 0.184181 0.074864
v 0.049194 0.152795 0.078841
v 0.115056 0.183917 0.071561
v 0.041478 0.142490 0.077357
v 0.019459 0.152268 0.086878
v -0.010741 0.103922 0.045028
v -0.009517 0.102458 0.049079
v -0.008232 0.101123 0.052789
v -0.006926 0.100801 0.055836
v -0.014860 0.091947 0.040126
v -0.014726 0.091767 0.040644
v -0.013206 0.089915 0.045806
v -0.011878 0.088463 0.049609
v -0.010674 0.087337 0.052600
v -0.006870 0.117656 0.046945
v -0.006265 0.116888 0.049133
v -0.005291 0.115683 0.052629
v -0.004304 0.114644 0.056025
v -0.003337 0.114369 0.058748
v 0.004794 0.129346 0.067598
v 0.000326 0.117526 0.065652
v 0.003364 0.128645 0.064471
v -0.001687 0.115349 0.062217
v 0.005801 0.129271 0.070263
v -0.008687 0.086811 0.056845
v 0.009736 0.142035 0.070065
v 0.008689 0.142385 0.067072
v 0.014511 0.158551 0.068984
v 0.013666 0.159625 0.065925
v 0.014126 0.159040 0.067592
v 0.013204 0.160211 0.064257
v 0.015051 0.157867 0.070933
v 0.038331 0.146487 0.065975
v 0.046047 0.156791 0.067460
v 0.100299 0.188178 0.063482
v 0.061141 0.170856 0.068226
v 0.086651 0.184176 0.065850
v 0.075822 0.179914 0.067347
v 0.005073 0.144570 0.055951
v 0.006159 0.145438 0.058054
v 0.008613 0.153561 0.057796
v 0.008660 0.152889 0.058463
v 0.008619 0.152008 0.059074
v 0.008486 0.151039 0.059517
v 0.008266 0.150021 0.059775
v 0.007967 0.148992 0.059838
v 0.007600 0.147993 0.059703
v 0.007181 0.147060 0.059376
v 0.006725 0.146232 0.058870
v 0.006249 0.145538 0.058203
v 0.004887 0.144503 0.055524
v 0.004513 0.144550 0.054518
v 0.008462 0.154262 0.056837
v 0.008607 0.153651 0.057708
v 0.005772 0.145006 0.057402
v 0.005312 0.144657 0.056498
v 0.031866 0.138902 0.046854
v 0.033663 0.143936 0.046595
v 0.033687 0.143514 0.047016
v 0.033648 0.142964 0.047406
v 0.033545 0.142360 0.047692
v 0.033382 0.141727 0.047864
v 0.033163 0.141089 0.047916
v 0.032897 0.140471 0.047844
v 0.032596 0.139896 0.047653
v 0.032269 0.139387 0.047350
v 0.031930 0.138963 0.046946
v 0.031081 0.138309 0.045256
v 0.030850 0.138337 0.044622
v 0.033578 0.144373 0.045987
v 0.033661 0.143991 0.046538
v 0.031630 0.138628 0.046441
v 0.031345 0.138406 0.045870
v 0.133287 0.182557 0.066041
v 0.130141 0.186553 0.054661
v 0.157661 0.168939 0.035919
v 0.158707 0.167610 0.039704
v 0.158801 0.167491 0.040044
v -0.002671 0.133875 0.044622
v -0.001764 0.132714 0.047909
v -0.004048 0.136001 0.039335
v -0.003525 0.135023 0.041481
v 0.002041 0.150700 0.043132
v -0.001093 0.131862 0.050336
v 0.010359 0.163823 0.053972
v 0.011061 0.162933 0.056509
v 0.009658 0.164713 0.051442
v 0.011378 0.162530 0.057657
v 0.002547 0.150049 0.044970
v 0.003430 0.148907 0.048180
v 0.030347 0.139428 0.042462
v 0.062317 0.186934 0.017085
v 0.070517 0.190758 0.016160
v 0.055346 0.182391 0.017417
v 0.078645 0.193068 0.014724
v 0.047775 0.175679 0.017153
v 0.096749 0.196987 0.011095
v 0.042927 0.169517 0.016330
v 0.038194 0.159901 0.014261
v -0.003232 0.159023 0.014465
v -0.003324 0.158592 0.016536
v 0.139948 0.114181 -0.025396
v 0.142024 0.112580 -0.021829
v 0.145515 0.109353 -0.014552
v -0.001620 0.157631 0.028037
v -0.003199 0.156738 0.024681
v -0.011698 0.127104 0.005662
v -0.009320 0.136285 0.008212
v -0.011737 0.127798 0.008258
v -0.014535 0.116182 0.002612
v -0.008307 0.141057 0.011807
v -0.015050 0.114833 0.004847
v 0.087428 0.083924 -0.064545
v 0.122097 0.076407 -0.033486
v 0.126782 0.089259 -0.031983
v 0.119991 0.078116 -0.036821
v 0.117062 0.064083 -0.036268
v 0.124058 0.074737 -0.030030
v 0.129523 0.087248 -0.027237
v 0.126548 0.093112 -0.033619
v 0.114968 0.065782 -0.039585
v 0.119013 0.062421 -0.032832
v 0.096771 0.078384 -0.058803
v 0.093741 0.080233 -0.060898
v 0.099707 0.076538 -0.056534
v 0.129035 0.069993 -0.019024
v 0.134512 0.082483 -0.016188
v 0.127531 0.071526 -0.022791
v 0.123962 0.057704 -0.021885
v 0.130378 0.068514 -0.015170
v 0.135860 0.080998 -0.012321
v 0.133003 0.084022 -0.019970
v 0.122467 0.059228 -0.025631
v 0.125298 0.056233 -0.018053
v -0.011944 0.126491 0.021131
v -0.008369 0.139039 0.024125
v -0.010745 0.128261 0.025955
v -0.015490 0.112689 0.017501
v -0.012272 0.126172 0.016648
v -0.008802 0.139491 0.020207
v -0.007486 0.139680 0.027457
v -0.014696 0.113642 0.022456
v -0.015619 0.113214 0.013174
v 0.112865 0.083428 -0.046020
v 0.110239 0.085247 -0.048794
v 0.107881 0.071065 -0.048734
v 0.115370 0.081630 -0.043095
v 0.105269 0.072874 -0.051493
v 0.110372 0.069278 -0.045825
v -0.047626 0.038939 -0.016014
v -0.021469 0.090846 -0.005377
v -0.047925 0.038642 -0.011904
v -0.054022 0.029081 -0.017363
v -0.047183 0.039117 -0.020099
v -0.020765 0.091438 -0.009421
v -0.022006 0.090170 -0.001301
v -0.054312 0.028782 -0.013288
v -0.053592 0.029264 -0.021411
v -0.033315 0.033314 -0.060636
v -0.002585 0.092137 -0.049145
v -0.035155 0.034373 -0.057476
v -0.039962 0.023602 -0.061564
v -0.031508 0.032255 -0.063588
v -0.000283 0.091739 -0.052019
v -0.004919 0.092505 -0.046073
v -0.041781 0.024648 -0.058432
v -0.038185 0.022563 -0.064484
v -0.006309 0.014938 -0.085230
v 0.030649 0.082315 -0.072543
v -0.009785 0.017516 -0.083704
v -0.013472 0.005592 -0.085804
v -0.002795 0.012303 -0.086560
v 0.034783 0.080694 -0.073685
v 0.026551 0.083875 -0.071206
v -0.016934 0.008160 -0.084283
v -0.009972 0.002968 -0.087131
v 0.032906 -0.016284 -0.086096
v 0.075431 0.061638 -0.071078
v 0.029944 -0.013769 -0.087240
v 0.026350 -0.026053 -0.087149
v 0.035749 -0.018735 -0.084721
v 0.078679 0.059821 -0.069568
v 0.072067 0.063459 -0.072377
v 0.023369 -0.023526 -0.088262
v 0.029185 -0.028494 -0.085792
v 0.061741 -0.042990 -0.057951
v 0.107889 0.040264 -0.041696
v 0.059854 -0.041067 -0.061146
v 0.054975 -0.052562 -0.059229
v 0.063511 -0.044837 -0.054631
v 0.109812 0.038627 -0.038308
v 0.105825 0.041939 -0.044965
v 0.053103 -0.050653 -0.062400
v 0.056732 -0.054395 -0.055935
v -0.045938 0.033325 0.016737
v -0.020972 0.083252 0.027292
v -0.045080 0.032124 0.020691
v -0.052315 0.023487 0.015117
v -0.046655 0.034420 0.012729
v -0.021631 0.084459 0.023270
v -0.020145 0.081980 0.031267
v -0.051463 0.022295 0.019041
v -0.053029 0.024575 0.011142
v -0.045000 0.038936 -0.032103
v -0.017656 0.092697 -0.021266
v -0.045869 0.039115 -0.028153
v -0.051471 0.029118 -0.033298
v -0.043994 0.038637 -0.035989
v -0.016297 0.092941 -0.025088
v -0.018856 0.092364 -0.017375
v -0.052315 0.029283 -0.029388
v -0.050490 0.028835 -0.037144
v -0.026864 0.029488 -0.070833
v 0.005769 0.090592 -0.059125
v -0.028313 0.030364 -0.068674
v -0.033728 0.019927 -0.071594
v -0.025328 0.028520 -0.072832
v 0.007764 0.090127 -0.061084
v 0.003864 0.090978 -0.057000
v -0.035101 0.020749 -0.069486
v -0.032269 0.019015 -0.073541
v 0.007070 0.004726 -0.088910
v 0.046356 0.075850 -0.075523
v 0.003909 0.007187 -0.088406
v -0.000148 -0.004575 -0.089481
v 0.010211 0.002254 -0.089196
v 0.049991 0.074224 -0.075636
v 0.042661 0.077452 -0.075183
v -0.003302 -0.002122 -0.088972
v 0.003011 -0.007060 -0.089788
v 0.043824 -0.025878 -0.079419
v 0.087889 0.054361 -0.063908
v 0.041196 -0.023524 -0.081369
v 0.037197 -0.035582 -0.080531
v 0.046379 -0.028196 -0.077293
v 0.090783 0.052541 -0.061671
v 0.084902 0.056184 -0.065973
v 0.034590 -0.033247 -0.082466
v 0.039732 -0.037882 -0.078421
v 0.068088 -0.049878 -0.044004
v 0.114691 0.033977 -0.027518
v 0.066689 -0.048286 -0.047649
v 0.061273 -0.059396 -0.045390
v 0.069356 -0.051378 -0.040268
v 0.116007 0.032527 -0.023741
v 0.113217 0.035479 -0.031211
v 0.059885 -0.057816 -0.049007
v 0.062532 -0.060884 -0.041683
v -0.047945 0.037046 0.000479
v -0.022589 0.087657 0.011019
v -0.047660 0.036283 0.004590
v -0.054318 0.027188 -0.001009
v -0.048085 0.037695 -0.003648
v -0.022566 0.088574 0.006907
v -0.022441 0.086664 0.015124
v -0.054031 0.026428 0.003068
v -0.054460 0.027834 -0.005101
v -0.040160 0.037030 -0.047174
v -0.011291 0.093137 -0.036041
v -0.041571 0.037684 -0.043534
v -0.046730 0.027272 -0.048219
v -0.038618 0.036260 -0.050717
v -0.009318 0.093020 -0.039496
v -0.013113 0.093162 -0.032483
v -0.048118 0.027912 -0.044613
v -0.045209 0.026514 -0.051730
v -0.018963 0.024171 -0.078489
v 0.015628 0.087771 -0.066475
v -0.021434 0.025904 -0.076632
v -0.026057 0.014775 -0.079100
v -0.016180 0.022183 -0.080297
v 0.018964 0.086630 -0.068141
v 0.012631 0.088740 -0.064735
v -0.028493 0.016483 -0.077265
v -0.023297 0.012804 -0.080893
v 0.020160 -0.005706 -0.089122
v 0.061166 0.068981 -0.074902
v 0.016756 -0.002962 -0.089298
v 0.013272 -0.015242 -0.089922
v 0.023546 -0.008460 -0.088745
v 0.064913 0.067140 -0.074286
v 0.057389 0.070792 -0.075319
v 0.009727 -0.012398 -0.090007
v 0.016799 -0.018097 -0.089637
v 0.053548 -0.034886 -0.069909
v 0.098839 0.047147 -0.053983
v 0.051247 -0.032706 -0.072532
v 0.046846 -0.044520 -0.071095
v 0.055753 -0.037010 -0.067133
v 0.101295 0.045385 -0.051116
v 0.096264 0.048930 -0.056702
v 0.044562 -0.042357 -0.073697
v 0.049034 -0.046628 -0.068340
v 0.138969 0.096652 -0.017210
v 0.134103 0.103837 -0.028343
v 0.135505 0.099939 -0.024495
v -0.004589 0.154514 0.015429
v -0.006021 0.148571 0.011591
v -0.004337 0.147575 0.029183
v -0.004588 0.149697 0.026809
v -0.004820 0.152769 0.023716
v -0.003699 0.157817 0.020737
v 0.143847 0.110943 -0.018243
v 0.117724 0.047191 -0.028452
v 0.119209 0.045677 -0.024730
v 0.120536 0.044216 -0.020924
v 0.110276 0.053701 -0.042311
v 0.112356 0.052013 -0.039017
v 0.114293 0.050363 -0.035604
v 0.100641 0.060746 -0.054139
v 0.103236 0.058949 -0.051399
v 0.105711 0.057173 -0.048510
v 0.089192 0.068055 -0.063482
v 0.092201 0.066218 -0.061400
v 0.095117 0.064385 -0.059146
v 0.076313 0.075367 -0.069957
v 0.079662 0.073546 -0.068631
v 0.082921 0.071721 -0.067104
v 0.062067 0.082557 -0.073141
v 0.065710 0.080793 -0.072655
v 0.069322 0.078997 -0.071969
v -0.001083 0.104569 -0.043524
v 0.001350 0.104169 -0.046653
v 0.003773 0.103731 -0.049590
v -0.009455 0.105274 -0.029783
v -0.007614 0.105246 -0.033370
v -0.005608 0.105122 -0.036859
v -0.015242 0.104470 -0.014559
v -0.014033 0.104805 -0.018480
v -0.012664 0.105051 -0.022331
v -0.018416 0.102259 0.001640
v -0.017876 0.102939 -0.002468
v -0.017166 0.103536 -0.006543
v -0.018741 0.099011 0.018362
v -0.019004 0.099726 0.014055
v -0.018981 0.100650 0.009910
v -0.008682 0.140281 0.016003
v -0.012111 0.127025 0.012439
v -0.015422 0.114064 0.009005
v 0.090625 0.082081 -0.062814
v 0.117748 0.079858 -0.040026
v 0.112737 0.067515 -0.042773
v 0.120816 0.060802 -0.029283
v 0.125872 0.073108 -0.026463
v 0.131337 0.085610 -0.023656
v 0.102542 0.074700 -0.054095
v -0.022372 0.089412 0.002797
v -0.048078 0.038228 -0.007778
v -0.054458 0.028366 -0.009197
v -0.053022 0.029332 -0.025423
v -0.046597 0.039176 -0.024149
v -0.019893 0.091944 -0.013424
v -0.007194 0.092810 -0.042843
v -0.036949 0.035374 -0.054154
v -0.043559 0.025639 -0.055137
v -0.036536 0.021591 -0.067142
v -0.029814 0.031252 -0.066283
v 0.001897 0.091342 -0.054651
v 0.022614 0.085329 -0.069722
v -0.013112 0.019958 -0.082041
v -0.020246 0.010591 -0.082627
v -0.006545 0.000370 -0.088207
v 0.000647 0.009693 -0.087638
v 0.038829 0.079058 -0.074581
v 0.068567 0.065292 -0.073451
v 0.026834 -0.011168 -0.088131
v 0.020200 -0.020884 -0.089101
v 0.031917 -0.030882 -0.084221
v 0.038503 -0.021141 -0.083138
v 0.081830 0.058005 -0.067862
v 0.103626 0.043647 -0.048107
v 0.057857 -0.039072 -0.064210
v 0.051122 -0.048674 -0.065439
v 0.058370 -0.056147 -0.052525
v 0.065163 -0.046604 -0.051194
v 0.111590 0.037030 -0.034811
v -0.053601 0.025556 0.007122
v -0.047230 0.035407 0.008677
v -0.022122 0.085597 0.019211
v -0.049373 0.028433 -0.040919
v -0.042850 0.038220 -0.039802
v -0.014781 0.093096 -0.028829
v -0.030574 0.017904 -0.075406
v -0.023564 0.027360 -0.074741
v 0.010001 0.089529 -0.062934
v 0.006271 -0.009645 -0.089945
v 0.013413 -0.000290 -0.089310
v 0.053643 0.072547 -0.075557
v 0.042189 -0.040143 -0.076142
v 0.048855 -0.030474 -0.074996
v 0.093577 0.050730 -0.059267
v 0.137300 0.098243 -0.020903
v -0.004964 0.153737 0.019633
v 0.116085 0.048754 -0.032079
v 0.108059 0.055422 -0.045478
v 0.097933 0.062559 -0.056724
v 0.086096 0.069891 -0.065384
v 0.072868 0.077183 -0.071072
v 0.058429 0.084277 -0.073436
v -0.003433 0.104897 -0.040245
v -0.011137 0.105207 -0.026101
v -0.016288 0.104046 -0.010577
v -0.018785 0.101495 0.005769
v -0.057775 0.015151 0.013757
v -0.048579 0.018584 -0.055804
v 0.006328 -0.016885 -0.090345
v -0.059451 0.018146 0.001800
v 0.013717 -0.022388 -0.090027
v 0.052723 -0.055660 -0.059629
v 0.032001 -0.036942 -0.082870
v -0.059844 0.019627 -0.006300
v -0.044832 0.016755 -0.062188
v -0.057574 0.021484 -0.030344
v 0.037241 -0.041406 -0.078819
v -0.059822 0.020207 -0.010360
v -0.055715 0.021238 -0.038004
v -0.021202 0.002606 -0.084644
v 0.044477 -0.047828 -0.071489
v -0.014036 -0.002271 -0.087464
v -0.051861 0.020001 -0.048951
v 0.059076 -0.062383 -0.045810
v 0.002720 -0.014233 -0.090261
v 0.056154 -0.059178 -0.052933
v -0.038425 0.013483 -0.072111
v -0.033096 0.010369 -0.077696
v -0.054575 0.020943 -0.041732
v -0.027755 0.006952 -0.081285
v 0.023589 -0.030040 -0.087566
v -0.007176 -0.007069 -0.089282
v 0.029276 -0.034670 -0.084630
v -0.059340 0.021040 -0.018450
v -0.056932 0.013956 0.017653
v -0.000665 -0.011758 -0.090092
v -0.058478 0.016250 0.009810
v 0.050828 -0.053795 -0.062797
v -0.010510 -0.004718 -0.088527
v -0.046728 0.017698 -0.059076
v 0.010035 -0.019631 -0.090286
v 0.054500 -0.057456 -0.056339
v -0.059721 0.018939 -0.002244
v -0.042985 0.015818 -0.065087
v -0.041282 0.014947 -0.067721
v 0.034658 -0.039189 -0.080932
v 0.042156 -0.045731 -0.074092
v 0.048818 -0.051865 -0.065835
v -0.056714 0.021417 -0.034206
v -0.053290 0.020531 -0.045384
v 0.039742 -0.043589 -0.076538
v 0.057680 -0.060821 -0.049421
v 0.046700 -0.049874 -0.068734
v -0.058297 0.021442 -0.026426
v -0.017638 0.000196 -0.086150
v -0.039816 0.014205 -0.070035
v -0.050291 0.019352 -0.052427
v 0.060338 -0.063858 -0.042111
v 0.017255 -0.025077 -0.089510
v -0.036949 0.012674 -0.074027
v -0.035226 0.011672 -0.075862
v 0.020528 -0.027616 -0.088678
v -0.059652 0.020678 -0.014414
v 0.026488 -0.032381 -0.086206
v -0.030594 0.008788 -0.079510
v -0.058887 0.021295 -0.022457
v -0.059037 0.017249 0.005821
v -0.003929 -0.009393 -0.089785
v -0.024612 0.004884 -0.083003
v 0.139585 0.088873 -0.010590
v 0.140771 0.087446 -0.006641
v 0.145725 0.119316 -0.020458
v 0.140260 0.095336 -0.013975
v 0.141505 0.122783 -0.027335
v 0.149175 0.116026 -0.013203
v 0.138240 0.090369 -0.014461
v 0.146795 0.108048 -0.011345
v 0.147525 0.117645 -0.016884
v 0.150189 0.114827 -0.009917
v 0.138021 0.090596 -0.015011
v 0.000875 0.157848 0.034310
v -0.005995 0.142078 0.029363
v 0.058680 0.084913 -0.073314
v 0.015928 0.096591 -0.063375
v 0.109841 0.085513 -0.049173
v 0.054603 0.085383 -0.073648
v 0.007715 0.101468 -0.054989
v 0.037992 0.088379 -0.072348
v 0.005911 0.102755 -0.052398
v 0.000025 0.108346 -0.042672
v 0.018775 0.095175 -0.065206
v -0.017945 0.104019 0.002089
v 0.003916 0.104173 -0.049495
v 0.071215 0.084038 -0.070952
v 0.103068 0.084971 -0.054715
v -0.003718 0.111935 -0.035271
v 0.009455 0.100211 -0.057336
v 0.042299 0.087413 -0.073118
v -0.013370 0.114764 0.028078
v 0.083510 0.084004 -0.066451
v 0.110376 0.085566 -0.048725
v 0.067034 0.084258 -0.071967
v 0.129662 0.099775 -0.032078
v 0.001974 0.106207 -0.046203
v 0.022012 0.093767 -0.066924
v -0.010584 0.112742 -0.020470
v 0.106754 0.085226 -0.051813
v -0.005485 0.113018 -0.031539
v -0.008940 0.113310 -0.024158
v 0.091430 0.084128 -0.062380
v 0.011357 0.099144 -0.059454
v 0.004820 0.103530 -0.050808
v 0.056641 0.085102 -0.073493
v 0.013479 0.097986 -0.061443
v 0.062837 0.084537 -0.072755
v 0.079477 0.083966 -0.068178
v 0.046457 0.086598 -0.073574
v 0.025538 0.092184 -0.068552
v 0.029518 0.090872 -0.070007
v -0.012075 0.112066 -0.016709
v -0.007266 0.113320 -0.027869
v 0.095405 0.084442 -0.060001
v -0.014833 0.109462 -0.009232
v -0.016027 0.107785 -0.005479
v 0.099278 0.084700 -0.057449
v 0.050547 0.085949 -0.073738
v 0.075385 0.083983 -0.069680
v 0.113930 0.085894 -0.045483
v -0.001868 0.110414 -0.038978
v 0.136701 0.113432 -0.028971
v 0.033674 0.089502 -0.071303
v -0.013545 0.110777 -0.013007
v -0.017373 0.105260 -0.000439
v 0.076106 0.083951 -0.069416
v 0.047473 0.086421 -0.073620
v 0.101573 0.084816 -0.055790
v 0.096417 0.084471 -0.059332
v 0.044220 0.086950 -0.073348
v 0.111965 0.085661 -0.047266
v -0.015299 0.108897 -0.007611
v 0.009807 0.099951 -0.057754
v -0.018042 0.103747 0.002661
v -0.005025 0.112921 -0.032387
v 0.035317 0.088941 -0.071733
v 0.086188 0.084017 -0.065146
v 0.081123 0.083934 -0.067474
v 0.003658 0.104355 -0.049112
v -0.002147 0.110718 -0.038375
v 0.066269 0.084279 -0.072113
v 0.061450 0.084618 -0.072947
v 0.017256 0.095810 -0.064275
v 0.025874 0.092029 -0.068688
v -0.008411 0.113455 -0.025211
v 0.052037 0.085695 -0.073712
v 0.035296 0.153148 0.012691
v 0.145790 0.184015 -0.007015
v 0.009370 0.158220 0.010696
v 0.011902 0.155038 0.019822
v 0.064917 0.163453 0.008120
v 0.154380 0.167730 0.007409
v 0.150977 0.177428 0.011744
v 0.089506 0.165094 0.001899
v 0.009095 0.141989 0.005100
v 0.011622 0.138814 0.014203
v 0.059979 0.155766 0.006786
v 0.061978 0.159873 0.007676
v 0.068613 0.166280 0.008092
v 0.156268 0.159057 0.003855
v 0.092305 0.161898 0.000002
v 0.085917 0.167436 0.003713
v 0.059046 0.151390 0.005508
v 0.072832 0.168179 0.007591
v 0.156982 0.150212 0.000566
v 0.150557 0.166975 -0.014320
v 0.148821 0.175679 -0.010784
v 0.081765 0.168775 0.005331
v 0.015516 0.123400 0.007714
v 0.012995 0.126568 -0.001370
v 0.059239 0.147020 0.003920
v 0.151150 0.158031 -0.017625
v 0.094140 0.158047 -0.001858
v 0.077309 0.169028 0.006652
v 0.155606 0.132205 -0.005345
v 0.156785 0.141206 -0.002527
v 0.150591 0.148985 -0.020646
v 0.094894 0.153783 -0.003563
v 0.023337 0.109781 0.000770
v 0.060543 0.142930 0.002123
v 0.153399 0.123368 -0.007821
v 0.020820 0.112944 -0.008300
v 0.146071 0.131150 -0.025659
v 0.148889 0.139978 -0.023339
v 0.094521 0.149376 -0.005007
v 0.032070 0.101988 -0.015247
v 0.062879 0.139378 0.000230
v 0.136645 0.091593 -0.014281
v 0.134724 0.125934 -0.024354
v 0.034585 0.098828 -0.006186
v 0.093044 0.145100 -0.006100
v 0.048540 0.091241 -0.012708
v 0.066099 0.136587 -0.001640
v 0.138753 0.088849 -0.006040
v 0.090555 0.141226 -0.006772
v 0.046026 0.094400 -0.021768
v 0.128460 0.097340 -0.010068
v 0.137821 0.089761 -0.007479
v 0.125022 0.111943 -0.026584
v 0.070000 0.134732 -0.003370
v 0.131404 0.095085 -0.010441
v 0.139513 0.087979 -0.003947
v 0.136273 0.091146 -0.008927
v 0.087211 0.137997 -0.006982
v 0.134141 0.092926 -0.009993
v 0.112247 0.100479 -0.027078
v 0.074338 0.133930 -0.004851
v 0.083222 0.135615 -0.006716
v 0.097216 0.092275 -0.025803
v 0.078839 0.134230 -0.005990
v 0.093809 0.075820 -0.041467
v 0.068993 0.071815 -0.036013
v 0.027619 0.081742 -0.021088
v 0.111380 0.083559 -0.043608
v 0.065290 0.071809 -0.034991
v 0.018391 0.087908 -0.016372
v 0.049681 0.073533 -0.030070
v 0.016209 0.089675 -0.015148
v 0.008910 0.097062 -0.010536
v 0.030592 0.080167 -0.022464
v 0.013787 0.091635 -0.013790
v 0.080114 0.072736 -0.038764
v 0.106272 0.080902 -0.043129
v 0.003990 0.102145 -0.007391
v 0.020460 0.086234 -0.017532
v 0.053813 0.072789 -0.031474
v 0.090586 0.075017 -0.040858
v 0.111782 0.083781 -0.043641
v 0.076451 0.072297 -0.037905
v 0.011375 0.094267 -0.012199
v 0.033905 0.078662 -0.023907
v -0.005784 0.106646 -0.003108
v 0.109075 0.082279 -0.043420
v 0.001563 0.104066 -0.006046
v -0.003348 0.106209 -0.003936
v 0.097073 0.076961 -0.041970
v 0.022642 0.084810 -0.018635
v 0.014884 0.090748 -0.014405
v 0.067140 0.071767 -0.035517
v 0.024994 0.083361 -0.019794
v 0.072726 0.071978 -0.036988
v 0.087205 0.074152 -0.040227
v 0.057745 0.072262 -0.032746
v 0.037454 0.077050 -0.025455
v 0.041409 0.075770 -0.026998
v -0.008102 0.107019 -0.002337
v -0.000926 0.105267 -0.004936
v 0.100272 0.078260 -0.042397
v -0.012617 0.106648 -0.001218
v -0.014736 0.106145 -0.000809
v 0.103331 0.079552 -0.042790
v 0.061559 0.071962 -0.033906
v 0.083721 0.073396 -0.039530
v 0.114389 0.085312 -0.043824
v 0.006454 0.099846 -0.008879
v 0.045488 0.074498 -0.028572
v -0.010435 0.106828 -0.001759
v 0.084333 0.073503 -0.039661
v 0.058693 0.072172 -0.033040
v 0.105107 0.080327 -0.043009
v 0.101067 0.078564 -0.042511
v 0.055627 0.072463 -0.032090
v 0.112940 0.084421 -0.043737
v -0.013473 0.106578 -0.001006
v 0.020864 0.085907 -0.017758
v 0.002181 0.103768 -0.006321
v 0.047080 0.074001 -0.029186
v 0.092794 0.075628 -0.041254
v 0.088581 0.074462 -0.040499
v 0.013472 0.091890 -0.013613
v 0.006077 0.100272 -0.008626
v 0.075770 0.072211 -0.037747
v 0.071478 0.071882 -0.036676
v 0.029007 0.080886 -0.021773
v 0.037787 0.076899 -0.025600
v -0.002599 0.106074 -0.004190
v 0.062929 0.071863 -0.034320
v 0.115610 0.085980 -0.043803
v 0.121498 0.081751 -0.036117
v 0.058556 0.147094 0.033223
v 0.057262 0.148738 0.028541
v 0.056069 0.150253 0.024226
v 0.055023 0.151581 0.020444
v 0.055000 0.151611 0.020359
v 0.034076 0.156525 0.027869
v 0.057561 0.136218 0.035649
v 0.056186 0.137965 0.030673
v 0.054891 0.139609 0.025991
v 0.053698 0.141124 0.021676
v 0.052652 0.142452 0.017894
v 0.052629 0.142482 0.017809
v 0.031179 0.144114 0.024312
v 0.087106 0.194818 0.012999
v 0.103906 0.174124 0.030492
v 0.102635 0.175797 0.025810
v 0.101463 0.177339 0.021496
v 0.100435 0.178690 0.017713
v 0.100357 0.178828 0.017376
v 0.102059 0.200443 0.024495
v 0.092233 0.173394 0.033148
v 0.090938 0.175038 0.028466
v 0.089745 0.176553 0.024151
v 0.088700 0.177881 0.020368
v 0.088676 0.177911 0.020283
v 0.085761 0.171182 0.034160
v 0.084467 0.172826 0.029478
v 0.083274 0.174341 0.025163
v 0.082228 0.175669 0.021381
v 0.082205 0.175699 0.021296
v 0.080333 0.168555 0.034738
v 0.079039 0.170199 0.030057
v 0.077846 0.171715 0.025741
v 0.076800 0.173043 0.021960
v 0.076777 0.173072 0.021874
v 0.074751 0.165799 0.035314
v 0.073456 0.167443 0.030632
v 0.072263 0.168958 0.026317
v 0.071218 0.170286 0.022535
v 0.071194 0.170316 0.022450
v 0.070310 0.162763 0.035475
v 0.069016 0.164407 0.030793
v 0.067823 0.165922 0.026479
v 0.066777 0.167250 0.022696
v 0.066754 0.167280 0.022611
v 0.067045 0.157158 0.040380
v 0.065669 0.158905 0.035404
v 0.064375 0.160549 0.030722
v 0.063182 0.162064 0.026407
v 0.062136 0.163392 0.022625
v 0.062112 0.163422 0.022540
v 0.061897 0.154152 0.034778
v 0.060602 0.155796 0.030096
v 0.059409 0.157311 0.025781
v 0.058364 0.158639 0.021999
v 0.058340 0.158669 0.021914
v 0.042703 0.160802 0.026986
v 0.128370 0.079330 -0.006512
v 0.122328 0.100193 0.002579
v 0.122282 0.100540 0.000395
v 0.122584 0.100627 -0.001795
v 0.123220 0.100450 -0.003906
v 0.124168 0.100016 -0.005857
v 0.125389 0.099343 -0.007573
v 0.126839 0.098455 -0.008989
v 0.118077 0.087821 -0.010540
v 0.129130 0.078460 -0.004419
v 0.123758 0.083407 -0.010465
v 0.125889 0.081627 -0.009399
v 0.121021 0.085566 -0.010913
v 0.127437 0.080242 -0.007951
v 0.131508 0.109034 0.003145
v 0.131461 0.109380 0.000961
v 0.131761 0.109465 -0.001229
v 0.132397 0.109286 -0.003340
v 0.133342 0.108850 -0.005291
v 0.134562 0.108174 -0.007008
v 0.136008 0.107283 -0.008424
v 0.137627 0.106212 -0.009485
v 0.138108 0.118740 0.004728
v 0.138124 0.119185 0.002562
v 0.138526 0.119431 0.000400
v 0.139297 0.119469 -0.001672
v 0.140409 0.119298 -0.003577
v 0.141817 0.118923 -0.005240
v 0.143470 0.118359 -0.006598
v 0.145302 0.117628 -0.007598
v 0.143306 0.129103 0.006930
v 0.143366 0.129656 0.004789
v 0.143838 0.130076 0.002670
v 0.144705 0.130348 0.000653
v 0.145932 0.130462 -0.001183
v 0.147473 0.130412 -0.002769
v 0.149269 0.130202 -0.004042
v 0.151251 0.129839 -0.004956
v 0.145685 0.140160 0.010155
v 0.145769 0.140824 0.008047
v 0.146279 0.141425 0.005980
v 0.147196 0.141941 0.004035
v 0.148486 0.142352 0.002286
v 0.150098 0.142641 0.000799
v 0.151971 0.142798 -0.000366
v 0.154033 0.142817 -0.001168
v 0.146349 0.150510 0.016120
v 0.145979 0.151279 0.013978
v 0.146064 0.152055 0.011908
v 0.146578 0.152838 0.009905
v 0.147501 0.153598 0.008044
v 0.148797 0.154307 0.006397
v 0.150416 0.154936 0.005029
v 0.152297 0.155462 0.003990
v 0.154367 0.155865 0.003322
v 0.144178 0.162080 0.018268
v 0.144244 0.162964 0.016242
v 0.144728 0.163924 0.014309
v 0.145609 0.164922 0.012543
v 0.146855 0.165920 0.011012
v 0.148417 0.166879 0.009775
v 0.150236 0.167764 0.008880
v 0.152241 0.168539 0.008360
v 0.139180 0.174054 0.023956
v 0.139438 0.174767 0.021811
v 0.140095 0.175436 0.019720
v 0.141083 0.176033 0.017775
v 0.142632 0.176544 0.015978
v 0.144376 0.176940 0.014481
v 0.146561 0.177214 0.013257
v 0.148712 0.177346 0.012459
v 0.111945 0.090674 0.002106
v 0.111899 0.091020 -0.000077
v 0.112200 0.091107 -0.002267
v 0.112837 0.090930 -0.004378
v 0.113784 0.090497 -0.006329
v 0.115006 0.089823 -0.008045
v 0.116455 0.088936 -0.009461
v 0.084339 0.047635 -0.015592
v 0.085374 0.047183 -0.015462
v 0.083290 0.048044 -0.015520
v 0.080800 0.049511 -0.015021
v 0.078982 0.050366 -0.014011
v 0.077355 0.051013 -0.012620
v 0.075994 0.051459 -0.010941
v 0.074903 0.051696 -0.008999
v 0.074728 0.051661 -0.008551
v 0.074475 0.051624 -0.007969
v 0.074066 0.051639 -0.006451
v 0.073946 0.051534 -0.005805
v 0.073749 0.051252 -0.003631
v 0.073893 0.050875 -0.001893
v 0.074042 0.050666 -0.001271
v 0.093259 0.040985 -0.007661
v 0.093008 0.041276 -0.008454
v 0.092926 0.041391 -0.008793
v 0.092580 0.041750 -0.009711
v 0.092487 0.041848 -0.009963
v 0.091613 0.042633 -0.011635
v 0.090727 0.043365 -0.012791
v 0.089628 0.044261 -0.013817
v 0.087703 0.045628 -0.014882
v 0.087610 0.045676 -0.014927
v 0.031236 -0.035031 -0.030688
v 0.029868 -0.034050 -0.030510
v 0.027986 -0.032433 -0.029861
v 0.026392 -0.031213 -0.028801
v 0.024984 -0.030210 -0.027339
v 0.023831 -0.029450 -0.025605
v 0.022916 -0.028925 -0.023602
v 0.022712 -0.028876 -0.022910
v 0.022412 -0.028788 -0.022008
v 0.022224 -0.028713 -0.020767
v 0.022101 -0.028768 -0.019778
v 0.022071 -0.028980 -0.017584
v 0.022304 -0.029322 -0.016063
v 0.022532 -0.029628 -0.015127
v 0.039143 -0.042547 -0.023577
v 0.039053 -0.042423 -0.023960
v 0.038587 -0.041897 -0.025204
v 0.038467 -0.041760 -0.025530
v 0.037545 -0.040819 -0.027189
v 0.036769 -0.040047 -0.028183
v 0.036002 -0.039249 -0.028975
v 0.034415 -0.037744 -0.029985
v 0.034292 -0.037644 -0.030047
v 0.032597 -0.036053 -0.030560
v 0.101132 0.067024 -0.012388
v 0.100614 0.067250 -0.012453
v 0.100089 0.067454 -0.012418
v 0.097373 0.069315 -0.011981
v 0.095653 0.070300 -0.010937
v 0.094115 0.071067 -0.009533
v 0.092823 0.071627 -0.007836
v 0.091804 0.071963 -0.005889
v 0.091717 0.071945 -0.005665
v 0.091590 0.071927 -0.005374
v 0.091067 0.072022 -0.003560
v 0.091008 0.071970 -0.003237
v 0.090758 0.071785 -0.001055
v 0.090853 0.071424 0.000906
v 0.090927 0.071319 0.001217
v 0.109117 0.060375 -0.005236
v 0.108950 0.060590 -0.005850
v 0.108742 0.060814 -0.006436
v 0.108681 0.060881 -0.006614
v 0.107926 0.061631 -0.008274
v 0.107016 0.062452 -0.009572
v 0.105693 0.063593 -0.010808
v 0.103665 0.065166 -0.011874
v 0.103618 0.065191 -0.011897
v 0.000730 -0.017544 -0.002630
v -0.000646 -0.015796 -0.007606
v -0.001941 -0.014152 -0.012288
v -0.003134 -0.012637 -0.016603
v -0.004179 -0.011309 -0.020385
v -0.005034 -0.010224 -0.023477
v -0.025458 0.002564 -0.013340
v 0.126968 0.054186 -0.012345
v 0.132054 0.066460 -0.009441
v 0.137542 0.078939 -0.006576
v 0.117661 0.030501 -0.018089
v 0.070988 -0.053414 -0.034651
v 0.064155 -0.062909 -0.036095
v -0.043585 0.030188 0.026382
v -0.018655 0.080013 0.036985
v 0.122198 0.042179 -0.015242
v 0.061961 -0.065877 -0.036531
v -0.055453 0.012035 0.023288
v 0.141240 0.086830 -0.004828
v 0.059892 0.145360 0.038215
v 0.105185 0.172440 0.035201
v 0.063270 0.152373 0.039744
v 0.122742 0.099569 0.004759
v 0.131922 0.108410 0.005326
v 0.138502 0.118083 0.006903
v 0.143685 0.128410 0.009096
v 0.146056 0.139429 0.012310
v 0.112359 0.090050 0.004287
v 0.039544 -0.043029 -0.022311
v 0.016293 0.079062 0.001979
v 0.040439 0.076583 -0.005567
v 0.041293 0.075497 -0.002476
v 0.042339 0.074169 0.001306
v 0.043532 0.072654 0.005621
v 0.044826 0.071010 0.010303
v 0.046202 0.069263 0.015279
v 0.062811 0.196439 0.020286
v 0.073640 0.200701 0.018788
v 0.048129 0.187381 0.021164
v 0.087288 0.204703 0.016420
v 0.033036 0.173317 0.020398
v 0.098898 0.204439 0.013118
v 0.025320 0.163012 0.018913
v 0.003301 0.172790 0.028434
v -0.011169 0.104463 0.043500
v -0.011587 0.104996 0.041969
v -0.012622 0.106403 0.037845
v -0.013427 0.107722 0.033996
v -0.013744 0.109461 0.031173
v -0.015010 0.092129 0.039613
v -0.016363 0.093925 0.034386
v -0.017192 0.095213 0.030388
v -0.017703 0.096264 0.027178
v -0.007475 0.118425 0.044757
v -0.008431 0.119671 0.041271
v -0.009303 0.120994 0.037942
v -0.009759 0.122526 0.035519
v -0.004320 0.140920 0.034636
v -0.009234 0.129668 0.031074
v -0.004239 0.138302 0.036970
v -0.009760 0.125602 0.033018
v -0.004681 0.142584 0.032350
v -0.018010 0.098652 0.023123
v 0.000910 0.153245 0.038140
v 0.001432 0.151602 0.040824
v 0.008248 0.166507 0.046328
v 0.009093 0.165433 0.049387
v 0.008633 0.166018 0.047720
v 0.009555 0.164847 0.051055
v 0.007709 0.167191 0.044379
v 0.028467 0.159016 0.030295
v 0.036183 0.169320 0.031780
v 0.090434 0.200707 0.027802
v 0.051276 0.183385 0.032545
v 0.076787 0.196704 0.030170
v 0.065957 0.192443 0.031667
v 0.003756 0.146243 0.051187
v 0.004180 0.144829 0.053431
v 0.003876 0.148339 0.049793
v 0.008206 0.154731 0.055795
v 0.007450 0.155039 0.053588
v 0.007074 0.154903 0.052728
v 0.006615 0.154553 0.051824
v 0.006137 0.154022 0.051023
v 0.005662 0.153328 0.050356
v 0.005205 0.152499 0.049850
v 0.004786 0.151567 0.049523
v 0.004420 0.150567 0.049389
v 0.004121 0.149539 0.049452
v 0.003900 0.148521 0.049710
v 0.003780 0.145909 0.051519
v 0.003924 0.145298 0.052389
v 0.007873 0.155009 0.054708
v 0.007500 0.155057 0.053702
v 0.003767 0.147552 0.050153
v 0.003727 0.146670 0.050763
v 0.030631 0.138524 0.043905
v 0.030411 0.140751 0.041589
v 0.033421 0.144676 0.045293
v 0.032912 0.144889 0.043880
v 0.032671 0.144805 0.043341
v 0.032368 0.144589 0.042777
v 0.032049 0.144260 0.042280
v 0.031725 0.143832 0.041870
v 0.031407 0.143320 0.041563
v 0.031108 0.142744 0.041371
v 0.030839 0.142127 0.041301
v 0.030612 0.141492 0.041356
v 0.030434 0.140863 0.041534
v 0.030365 0.139217 0.042669
v 0.030461 0.138831 0.043216
v 0.033189 0.144867 0.044581
v 0.032946 0.144900 0.043951
v 0.030351 0.140253 0.041812
v 0.030329 0.139697 0.042195
v 0.031963 0.141517 0.044587
v 0.117130 0.203078 0.007601
v 0.120277 0.199082 0.018981
v 0.150077 0.178571 0.008488
v 0.149030 0.179900 0.004703
v 0.148936 0.180019 0.004363
v -0.011529 0.037075 0.067267
v -0.009063 0.035070 0.069971
v -0.013886 0.039041 0.064410
v 0.023389 0.011868 0.088076
v 0.026443 0.009894 0.088652
v 0.020209 0.013946 0.087369
v 0.058872 -0.008750 0.081873
v 0.062477 -0.010567 0.079664
v 0.055199 -0.006859 0.083899
v 0.091572 -0.022558 0.046707
v 0.093239 -0.022920 0.043049
v 0.089703 -0.022057 0.050292
v 0.101281 -0.019827 -0.001248
v 0.101063 -0.018939 -0.005405
v 0.101339 -0.020619 0.002922
v -0.026903 0.051322 0.040763
v -0.025449 0.049756 0.044476
v -0.028211 0.052815 0.036960
v -0.001076 0.028873 0.077106
v 0.001762 0.026762 0.079140
v -0.003830 0.030964 0.074897
v 0.034193 0.004945 0.089843
v 0.036558 0.003486 0.089931
v 0.031816 0.006447 0.089553
v 0.071903 -0.015045 0.072397
v 0.074653 -0.016256 0.069738
v 0.069012 -0.013723 0.074915
v 0.097282 -0.023325 0.031585
v 0.098332 -0.023250 0.027615
v 0.096081 -0.023295 0.035486
v 0.099449 -0.015716 -0.017710
v 0.098596 -0.014465 -0.021723
v 0.100145 -0.016881 -0.013647
v -0.020251 0.044656 0.054996
v -0.018252 0.042836 0.058267
v -0.022119 0.046419 0.051601
v 0.010713 0.020361 0.084133
v 0.013824 0.018219 0.085413
v 0.007662 0.022501 0.082658
v 0.044867 -0.001317 0.088355
v 0.048124 -0.003103 0.087174
v 0.041836 0.000387 0.089216
v 0.082710 -0.019594 0.060628
v 0.085252 -0.020564 0.057268
v 0.080050 -0.018528 0.063852
v 0.100550 -0.022396 0.015397
v 0.100973 -0.021905 0.011254
v 0.099967 -0.022785 0.019512
v -0.016129 0.040962 0.061408
v -0.006495 0.033032 0.072517
v 0.016991 0.016079 0.086493
v 0.029281 0.008070 0.089133
v 0.051577 -0.004955 0.085685
v 0.065897 -0.012246 0.077325
v 0.087606 -0.021398 0.053810
v 0.094733 -0.023160 0.039311
v 0.101237 -0.021312 0.007092
v 0.100684 -0.017956 -0.009542
v -0.023854 0.048121 0.048092
v 0.004677 0.024636 0.080992
v 0.039056 0.001993 0.089746
v 0.077341 -0.017402 0.066901
v 0.099228 -0.023069 0.023588
v 0.064695 -0.001687 -0.002359
v 0.027329 0.020953 0.020297
v 0.063828 -0.001371 -0.001289
v 0.062829 -0.000941 -0.000408
v 0.060907 0.000266 0.001118
v 0.059109 0.001420 0.001821
v 0.057261 0.002665 0.002053
v 0.055475 0.003940 0.001847
v 0.053753 0.005235 0.001217
v 0.053325 0.005543 0.000927
v 0.052746 0.005953 0.000575
v 0.051857 0.006748 -0.000181
v 0.051361 0.007143 -0.000718
v 0.050216 0.008207 -0.002267
v 0.049571 0.008906 -0.003650
v 0.049335 0.009188 -0.004408
v 0.028375 0.019625 0.024079
v 0.066655 -0.001370 -0.013922
v 0.066765 -0.001501 -0.013572
v 0.066981 -0.001848 -0.012404
v 0.067040 -0.001941 -0.012094
v 0.067164 -0.002375 -0.010064
v 0.067055 -0.002542 -0.008524
v 0.066798 -0.002552 -0.006992
v 0.065976 -0.002303 -0.004650
v 0.065918 -0.002292 -0.004521
v 0.048837 0.009858 -0.006309
v 0.026136 0.022468 0.015982
v 0.024842 0.024112 0.011300
v 0.006944 0.026173 0.036012
v 0.029229 0.018540 0.027170
v -0.033342 0.064780 -0.011633
v -0.032761 0.065169 -0.015746
v -0.033765 0.064288 -0.007490
v -0.016544 0.062587 -0.056362
v -0.014464 0.061849 -0.059309
v -0.018656 0.063309 -0.053208
v 0.013940 0.048317 -0.080647
v 0.017810 0.046164 -0.081898
v 0.010107 0.050412 -0.079198
v 0.056445 0.022054 -0.080344
v 0.059528 0.019895 -0.078884
v 0.053244 0.024249 -0.081580
v 0.087462 -0.002275 -0.051233
v 0.089331 -0.004039 -0.047839
v 0.085463 -0.000454 -0.054504
v -0.032236 0.058096 0.021472
v -0.032933 0.059261 0.017409
v -0.031383 0.056845 0.025484
v -0.030084 0.065715 -0.027815
v -0.028886 0.065687 -0.031715
v -0.031130 0.065638 -0.023847
v -0.009052 0.059869 -0.066572
v -0.007265 0.059144 -0.068575
v -0.010749 0.060508 -0.064404
v 0.028659 0.039879 -0.084018
v 0.032087 0.037805 -0.084219
v 0.025189 0.041934 -0.083590
v 0.068274 0.013518 -0.073337
v 0.071031 0.011424 -0.071129
v 0.065433 0.015631 -0.075369
v 0.094115 -0.008943 -0.037001
v 0.095423 -0.010435 -0.033199
v 0.092662 -0.007376 -0.040714
v -0.034070 0.062208 0.005010
v -0.034129 0.063001 0.000841
v -0.033851 0.061319 0.009167
v -0.024413 0.064974 -0.042918
v -0.022635 0.064525 -0.046459
v -0.026049 0.065317 -0.039275
v -0.000065 0.055751 -0.074165
v 0.003032 0.054168 -0.075923
v -0.002832 0.057118 -0.072345
v 0.042777 0.031124 -0.083811
v 0.046386 0.028798 -0.083308
v 0.039143 0.033428 -0.084110
v 0.078736 0.005309 -0.063502
v 0.081095 0.003342 -0.060646
v 0.076269 0.007314 -0.066206
v -0.034027 0.063694 -0.003329
v -0.032024 0.065456 -0.019821
v -0.020715 0.063970 -0.049892
v -0.012504 0.061141 -0.062005
v 0.006431 0.052383 -0.077605
v 0.021599 0.044015 -0.082897
v 0.049899 0.026493 -0.082575
v 0.062515 0.017758 -0.077220
v 0.083339 0.001420 -0.057645
v 0.091066 -0.005741 -0.044330
v -0.033472 0.060336 0.013304
v -0.027541 0.065555 -0.035538
v -0.005241 0.058254 -0.070477
v 0.035556 0.035669 -0.084237
v 0.073698 0.009354 -0.068750
v 0.023466 0.025860 0.006324
v 0.058985 0.005565 -0.023011
v 0.019603 0.030766 -0.007649
v 0.057787 0.006302 -0.023140
v 0.056579 0.006997 -0.023015
v 0.054393 0.008539 -0.022441
v 0.052687 0.009576 -0.021406
v 0.051169 0.010402 -0.019979
v 0.049913 0.011005 -0.018273
v 0.048910 0.011386 -0.016301
v 0.048720 0.011392 -0.015730
v 0.048444 0.011418 -0.014989
v 0.048145 0.011463 -0.013609
v 0.048024 0.011383 -0.012791
v 0.047910 0.011136 -0.010607
v 0.048098 0.010777 -0.008979
v 0.048287 0.010519 -0.008199
v 0.018557 0.032094 -0.011431
v 0.066076 -0.000635 -0.016015
v 0.065989 -0.000516 -0.016377
v 0.065584 -0.000073 -0.017458
v 0.065477 0.000044 -0.017747
v 0.064579 0.000907 -0.019412
v 0.063748 0.001659 -0.020487
v 0.062815 0.002506 -0.021396
v 0.061059 0.003942 -0.022434
v 0.060951 0.004016 -0.022487
v 0.066402 -0.001022 -0.014986
v 0.020796 0.029251 -0.003334
v 0.022090 0.027607 0.001348
v -0.004583 0.040813 -0.005680
v 0.017702 0.033180 -0.014522
v 0.097086 -0.012491 -0.027496
v -0.029873 0.054870 0.031258
v 0.112462 0.052129 0.026002
v 0.134224 0.062339 0.023523
v 0.087646 0.048124 0.031456
v 0.118099 0.082819 -0.034802
v 0.130033 0.059868 0.023861
v 0.083943 0.048118 0.032478
v 0.068334 0.049842 0.037399
v 0.098767 0.049044 0.028705
v 0.124925 0.057211 0.024340
v 0.072466 0.049098 0.035995
v 0.109239 0.051326 0.026611
v 0.130435 0.060090 0.023828
v 0.095105 0.048606 0.029564
v 0.127728 0.058588 0.024049
v 0.115726 0.053270 0.025500
v 0.085793 0.048076 0.031952
v 0.091380 0.048287 0.030482
v 0.105858 0.050460 0.027241
v 0.076398 0.048571 0.034723
v 0.118925 0.054569 0.025072
v 0.121985 0.055861 0.024679
v 0.080213 0.048271 0.033563
v 0.102374 0.049704 0.027939
v 0.133042 0.061621 0.023645
v 0.102986 0.049812 0.027808
v 0.077346 0.048481 0.034429
v 0.123761 0.056636 0.024461
v 0.119721 0.054873 0.024958
v 0.074280 0.048772 0.035379
v 0.131594 0.060730 0.023732
v 0.065733 0.050310 0.038283
v 0.111447 0.051937 0.026215
v 0.107235 0.050771 0.026970
v 0.094423 0.048520 0.029722
v 0.090131 0.048191 0.030793
v 0.081582 0.048171 0.033149
v 0.096304 0.072651 -0.032442
v 0.071488 0.068646 -0.026987
v 0.113875 0.080390 -0.034582
v 0.067785 0.068640 -0.025965
v 0.052176 0.070364 -0.021044
v 0.082609 0.069566 -0.029739
v 0.108767 0.077733 -0.034103
v 0.056308 0.069620 -0.022448
v 0.093081 0.071848 -0.031832
v 0.114277 0.080612 -0.034615
v 0.078947 0.069128 -0.028880
v 0.111570 0.079110 -0.034394
v 0.099568 0.073791 -0.032944
v 0.069635 0.068598 -0.026492
v 0.075221 0.068809 -0.027962
v 0.089700 0.070982 -0.031202
v 0.060240 0.069092 -0.023720
v 0.102767 0.075091 -0.033372
v 0.105827 0.076383 -0.033764
v 0.064055 0.068793 -0.024880
v 0.086216 0.070226 -0.030504
v 0.116884 0.082143 -0.034798
v 0.086828 0.070334 -0.030636
v 0.061188 0.069002 -0.024014
v 0.107602 0.077158 -0.033983
v 0.103563 0.075395 -0.033485
v 0.058122 0.069294 -0.023064
v 0.115436 0.081252 -0.034711
v 0.049575 0.070832 -0.020161
v 0.095289 0.072459 -0.032229
v 0.091077 0.071293 -0.031473
v 0.078265 0.069042 -0.028722
v 0.073973 0.068713 -0.027651
v 0.065424 0.068693 -0.025294
v 0.046224 -0.077309 -0.027883
v -0.056537 -0.008605 0.021801
v -0.051507 -0.013922 0.032691
v -0.044756 -0.020277 0.041977
v -0.031985 -0.031211 0.052135
v -0.036543 -0.027424 0.049300
v -0.027184 -0.035091 0.054380
v -0.017038 -0.042981 0.057021
v -0.011791 -0.046915 0.057391
v 0.014160 -0.064990 0.049785
v 0.009176 -0.061707 0.052529
v 0.023479 -0.070832 0.042629
v 0.038322 -0.078887 0.022708
v 0.035181 -0.077381 0.028277
v 0.045042 -0.081169 0.004392
v 0.043276 -0.080790 0.010708
v 0.046309 -0.081161 -0.002053
v 0.047305 -0.079986 -0.015083
v 0.047066 -0.080765 -0.008566
v -0.058343 -0.006402 0.015882
v 0.043110 -0.073234 -0.039961
v -0.059651 -0.004530 0.009723
v -0.060732 -0.001854 -0.003076
v -0.059736 -0.000678 -0.016107
v -0.054456 -0.001813 -0.034992
v -0.056703 -0.001050 -0.028868
v -0.045064 -0.006315 -0.051646
v -0.036906 -0.011007 -0.060789
v -0.027587 -0.016849 -0.067945
v -0.032370 -0.013798 -0.064635
v -0.006931 -0.031048 -0.075281
v -0.001636 -0.034924 -0.075551
v 0.018558 -0.050629 -0.070295
v 0.027387 -0.058072 -0.064063
v 0.023116 -0.054415 -0.067460
v 0.038080 -0.067917 -0.050851
v 0.034905 -0.064855 -0.055719
v -0.058469 -0.000670 -0.022552
v 0.044916 -0.075438 -0.034042
v -0.063064 -0.014709 0.021620
v -0.060716 -0.017292 0.027395
v -0.054635 -0.023317 0.037808
v -0.057897 -0.020171 0.032808
v -0.050962 -0.026699 0.042347
v -0.037842 -0.037932 0.052782
v -0.017096 -0.054065 0.058182
v -0.000834 -0.065683 0.055396
v -0.006218 -0.061933 0.056974
v 0.004444 -0.069261 0.053187
v 0.019137 -0.078636 0.043018
v 0.014477 -0.075769 0.046968
v 0.027519 -0.083456 0.033625
v 0.023498 -0.081206 0.038555
v 0.037167 -0.088081 0.016516
v 0.041290 -0.089255 0.003736
v 0.042592 -0.089247 -0.002886
v 0.043614 -0.088039 -0.016272
v 0.043325 -0.086852 -0.022908
v -0.046912 -0.030285 0.046381
v 0.039304 -0.081103 -0.041829
v -0.067085 -0.008960 0.002699
v -0.067129 -0.006972 -0.010633
v -0.060927 -0.007731 -0.036725
v -0.063235 -0.006947 -0.030433
v -0.054919 -0.010449 -0.048483
v -0.058146 -0.008902 -0.042761
v -0.051278 -0.012356 -0.053834
v -0.042897 -0.017177 -0.063227
v -0.033323 -0.023178 -0.070578
v -0.038237 -0.020043 -0.067177
v -0.022926 -0.030129 -0.075605
v -0.028203 -0.026551 -0.073396
v -0.012104 -0.037764 -0.078115
v -0.017542 -0.033879 -0.077183
v 0.009150 -0.053894 -0.075298
v 0.004015 -0.049851 -0.076977
v 0.014083 -0.057880 -0.072992
v 0.023152 -0.065527 -0.066590
v 0.018765 -0.061770 -0.070080
v 0.034137 -0.075641 -0.053017
v 0.030876 -0.072496 -0.058017
v 0.036956 -0.078519 -0.047604
v -0.065050 -0.006557 -0.023945
v 0.037928 -0.091478 -0.030329
v -0.065292 -0.023481 0.026487
v -0.059212 -0.029505 0.036900
v -0.055538 -0.032887 0.041439
v -0.042419 -0.044120 0.051874
v -0.047101 -0.040230 0.048962
v -0.032351 -0.052149 0.055860
v -0.037486 -0.048106 0.054181
v -0.027063 -0.056212 0.056894
v -0.005410 -0.071871 0.054488
v 0.004987 -0.078823 0.049461
v 0.014561 -0.084824 0.042110
v 0.009901 -0.081957 0.046060
v 0.022942 -0.089644 0.032717
v 0.026583 -0.091552 0.027365
v 0.032591 -0.094270 0.015608
v 0.036713 -0.095444 0.002828
v 0.038015 -0.095435 -0.003793
v 0.038793 -0.095029 -0.010484
v -0.051488 -0.036474 0.045473
v 0.034728 -0.087292 -0.042737
v -0.071705 -0.013160 -0.011541
v -0.071950 -0.013961 -0.004845
v -0.070928 -0.012754 -0.018232
v -0.067812 -0.013135 -0.031341
v -0.062722 -0.015090 -0.043669
v -0.055855 -0.018545 -0.054742
v -0.047473 -0.023365 -0.064134
v -0.027502 -0.036318 -0.076513
v -0.032780 -0.032739 -0.074304
v -0.016680 -0.043953 -0.079023
v -0.005849 -0.051977 -0.078919
v -0.011240 -0.047935 -0.079300
v 0.018576 -0.071715 -0.067498
v 0.014189 -0.067959 -0.070987
v 0.022626 -0.075302 -0.063464
v 0.029561 -0.081829 -0.053925
v 0.026299 -0.078684 -0.058925
v 0.036583 -0.089556 -0.036657
v 0.056455 -0.063475 -0.025854
v -0.046306 0.005229 0.023830
v -0.044021 0.002714 0.029451
v -0.041277 -0.000088 0.034721
v -0.034526 -0.006443 0.044006
v -0.026313 -0.013590 0.051329
v -0.016954 -0.021256 0.056409
v -0.006808 -0.029147 0.059050
v 0.014269 -0.044390 0.056708
v 0.009028 -0.040739 0.058244
v 0.019406 -0.047873 0.054558
v 0.033709 -0.056998 0.044659
v 0.029173 -0.054208 0.048504
v 0.041868 -0.061690 0.035516
v 0.037954 -0.059500 0.040315
v 0.048552 -0.065053 0.024738
v 0.051259 -0.066193 0.018862
v 0.055272 -0.067335 0.006422
v 0.053506 -0.066956 0.012738
v 0.056540 -0.067327 -0.000023
v 0.057296 -0.066931 -0.006536
v 0.057254 -0.064996 -0.019514
v -0.030584 -0.009934 0.047932
v 0.053340 -0.059400 -0.037931
v -0.049421 0.009304 0.011753
v -0.050220 0.010825 0.005413
v -0.050501 0.011980 -0.001047
v -0.049506 0.013156 -0.014078
v -0.044226 0.012021 -0.032963
v -0.046473 0.012784 -0.026839
v -0.041519 0.010881 -0.038839
v -0.017357 -0.003015 -0.065915
v -0.007235 -0.009782 -0.070809
v -0.012372 -0.006298 -0.068659
v 0.013842 -0.025025 -0.073151
v 0.008595 -0.021090 -0.073522
v 0.023987 -0.032915 -0.070510
v 0.037617 -0.044237 -0.062034
v 0.041559 -0.047729 -0.058107
v 0.045135 -0.051021 -0.053689
v -0.030928 -0.055641 -0.076711
v -0.036135 -0.051984 -0.075388
v -0.008438 -0.089879 0.043321
v -0.055542 -0.039303 -0.064001
v -0.051005 -0.042114 -0.067709
v -0.059790 -0.036781 -0.059778
v 0.020005 -0.086745 0.027880
v 0.023445 -0.088467 0.022279
v -0.067409 -0.017368 -0.004389
v -0.066767 -0.018808 0.002183
v -0.066976 -0.016683 -0.011247
v -0.078931 -0.029411 -0.013522
v -0.067245 -0.032707 -0.049964
v 0.012489 -0.082442 0.036436
v 0.016675 -0.084839 0.031675
v -0.018490 -0.060111 0.040380
v -0.060396 -0.026730 0.024077
v -0.058224 -0.028981 0.028471
v -0.046877 -0.038650 0.037182
v -0.075288 -0.029306 -0.032607
v -0.066224 -0.019968 0.007355
v -0.033677 -0.048630 0.038669
v -0.014205 -0.063351 0.040862
v -0.008967 -0.067311 0.041452
v -0.063136 -0.023888 0.018515
v -0.010268 -0.071095 -0.075512
v -0.054618 -0.032346 0.033231
v -0.078734 -0.031438 -0.000702
v 0.030656 -0.091508 0.006657
v 0.007627 -0.085972 -0.064306
v 0.003855 -0.077005 0.042897
v 0.003584 -0.082444 -0.067972
v 0.026178 -0.089826 0.017762
v -0.049254 -0.060098 0.046062
v 0.022353 -0.106120 -0.001189
v -0.063704 -0.034575 -0.055083
v -0.018529 -0.083081 0.047846
v -0.023736 -0.079425 0.049169
v -0.013412 -0.086578 0.045890
v -0.028979 -0.075647 0.049847
v -0.034207 -0.071785 0.049873
v 0.019855 -0.097860 -0.044908
v 0.011311 -0.089311 -0.060121
v -0.070377 -0.031197 -0.044473
v 0.020624 -0.105759 0.005065
v 0.030365 -0.083808 -0.044372
v 0.032114 -0.086008 -0.038186
v 0.022621 -0.076070 -0.058081
v 0.025502 -0.078752 -0.054322
v -0.045210 -0.025291 -0.062288
v 0.010310 -0.066197 -0.063326
v 0.015104 -0.069821 -0.062786
v 0.024071 -0.103628 -0.026840
v -0.044396 -0.063971 0.047970
v -0.036596 -0.030734 -0.068609
v -0.058915 -0.017895 -0.043616
v -0.013168 -0.048447 -0.065971
v 0.000886 -0.059072 -0.064388
v -0.027961 -0.037263 -0.067637
v -0.052776 -0.020951 -0.053737
v -0.040377 -0.028307 -0.066097
v -0.062290 -0.049094 0.036764
v 0.034688 -0.090365 -0.021463
v -0.065975 -0.045755 0.032579
v 0.018946 -0.072725 -0.062353
v 0.034239 -0.091038 -0.014607
v -0.074519 -0.037206 0.017366
v -0.069263 -0.042640 0.027919
v -0.072120 -0.039780 0.022830
v 0.024268 -0.105654 -0.014020
v -0.039363 -0.067880 0.049245
v 0.009041 -0.100490 0.027541
v -0.020457 -0.063281 -0.077415
v -0.005376 -0.123149 0.017748
v -0.052177 -0.074757 -0.076215
v -0.042137 -0.081899 -0.078138
v -0.025570 -0.111161 0.037824
v -0.070820 -0.062574 -0.065276
v -0.066462 -0.065275 -0.068838
v -0.061870 -0.068226 -0.071868
v -0.093289 -0.053072 -0.016783
v -0.089789 -0.052971 -0.035117
v -0.018209 -0.100482 -0.072078
v -0.022660 -0.096836 -0.074501
v -0.027327 -0.093116 -0.076334
v -0.092243 -0.056532 0.001529
v -0.014021 -0.104018 -0.069091
v -0.069230 -0.078905 0.038035
v 0.004010 -0.126763 -0.004935
v -0.040265 -0.101118 0.043442
v -0.030348 -0.107990 0.040292
v -0.045303 -0.097488 0.044094
v 0.001611 -0.118828 -0.046934
v -0.006597 -0.110615 -0.061548
v -0.003438 -0.113607 -0.057071
v -0.085072 -0.054787 -0.046517
v -0.090889 -0.058385 0.007335
v 0.004804 -0.122856 -0.035573
v 0.005660 -0.124369 -0.029577
v -0.060113 -0.086272 0.042290
v -0.077303 -0.071980 0.031525
v -0.080843 -0.068773 0.027505
v 0.000216 -0.125693 0.006896
v -0.086746 -0.063033 0.018140
v 0.005181 -0.126729 -0.011067
v -0.008778 -0.121355 0.022665
v -0.020978 -0.114112 0.034795
v -0.012539 -0.119235 0.027176
v -0.082454 -0.058276 -0.035929
v -0.063205 -0.082723 0.033694
v 0.004802 -0.144181 -0.039337
v 0.005517 -0.145267 -0.035385
v 0.014987 -0.133327 -0.033760
v 0.013415 -0.131045 -0.041642
v 0.004127 -0.149883 0.008739
v 0.004952 -0.150040 0.004857
v 0.012629 -0.137687 0.014359
v 0.014420 -0.138117 0.006630
v -0.020046 -0.135934 0.050323
v -0.010654 -0.123971 0.052255
v -0.022584 -0.134229 0.052842
v -0.008152 -0.125622 0.049546
v -0.049575 -0.108226 0.068217
v -0.043269 -0.100123 0.069647
v -0.047703 -0.109746 0.068383
v -0.056548 -0.117096 0.066642
v -0.041388 -0.101650 0.069813
v -0.071135 -0.076032 0.055895
v -0.073481 -0.073860 0.053624
v -0.078793 -0.097612 0.053715
v -0.098647 -0.062423 0.017973
v -0.093783 -0.053230 0.019890
v -0.097310 -0.063964 0.021594
v -0.092437 -0.054778 0.023522
v -0.102792 -0.073965 0.019538
v -0.105338 -0.070980 0.012245
v -0.105307 -0.050975 -0.029140
v -0.110817 -0.060987 -0.030944
v -0.105008 -0.050697 -0.033128
v -0.100139 -0.041482 -0.031400
v -0.100574 -0.042171 -0.023416
v -0.110961 -0.061387 -0.026972
v -0.090301 -0.044413 -0.069470
v -0.102569 -0.062297 -0.071704
v -0.094588 -0.053817 -0.073331
v -0.101173 -0.063065 -0.074390
v -0.074094 -0.073865 -0.094519
v -0.064920 -0.061660 -0.093111
v -0.075344 -0.072768 -0.094124
v -0.061484 -0.064242 -0.094406
v -0.079862 -0.077456 -0.094116
v -0.024383 -0.093876 -0.094889
v -0.005616 -0.132078 -0.068325
v 0.003812 -0.120089 -0.066822
v -0.007459 -0.130192 -0.071489
v 0.005550 -0.121908 -0.063524
v 0.001963 -0.118197 -0.069997
v 0.006532 -0.147120 -0.027363
v 0.006984 -0.148536 -0.019250
v 0.016459 -0.136608 -0.017565
v 0.016005 -0.135187 -0.025709
v 0.008879 -0.136121 0.025417
v 0.000853 -0.148720 0.019965
v -0.022099 -0.116046 0.061773
v -0.028271 -0.130292 0.057577
v -0.032525 -0.127151 0.060751
v -0.018921 -0.118300 0.059542
v -0.037335 -0.131745 0.060062
v -0.058345 -0.100948 0.066229
v -0.055833 -0.103039 0.066843
v -0.064919 -0.110114 0.064473
v -0.055051 -0.090361 0.067096
v -0.049704 -0.094804 0.068351
v -0.062587 -0.112071 0.065172
v -0.090690 -0.086549 0.041854
v -0.078006 -0.069592 0.048654
v -0.088539 -0.088618 0.044526
v -0.101977 -0.058290 0.006664
v -0.098751 -0.046759 0.000686
v -0.097126 -0.049080 0.008540
v -0.107432 -0.068320 0.004670
v -0.109055 -0.066010 -0.003115
v -0.103919 -0.050531 -0.041118
v -0.108496 -0.060761 -0.046984
v -0.097815 -0.041327 -0.046918
v -0.099172 -0.041231 -0.039299
v -0.109303 -0.060634 -0.042993
v -0.107693 -0.060907 -0.050814
v -0.084445 -0.047826 -0.079284
v -0.091815 -0.055411 -0.078150
v -0.097394 -0.065219 -0.081095
v -0.089289 -0.056929 -0.082031
v -0.083127 -0.048638 -0.081156
v -0.096077 -0.066032 -0.082957
v -0.061071 -0.083829 -0.098061
v -0.051830 -0.071675 -0.096676
v -0.048665 -0.074167 -0.096989
v -0.023070 -0.115342 -0.089630
v -0.013705 -0.103291 -0.088206
v -0.011212 -0.105563 -0.086080
v -0.016268 -0.100986 -0.090158
v 0.010052 -0.126881 -0.052982
v -0.000773 -0.137278 -0.058137
v 0.001847 -0.140322 -0.050846
v 0.008674 -0.125308 -0.056596
v 0.006600 -0.149809 -0.007080
v 0.006870 -0.149500 -0.011123
v 0.016345 -0.137575 -0.009409
v -0.009422 -0.142835 0.037985
v 0.000001 -0.130893 0.039875
v -0.012225 -0.141041 0.041443
v -0.002809 -0.129094 0.043344
v 0.002703 -0.132588 0.036275
v -0.040748 -0.115122 0.066912
v -0.037026 -0.105062 0.069196
v -0.044895 -0.126098 0.064135
v -0.050302 -0.122034 0.066166
v -0.067297 -0.093181 0.061597
v -0.062226 -0.084154 0.063522
v -0.069209 -0.091424 0.059850
v -0.087752 -0.059868 0.033842
v -0.090906 -0.070843 0.035095
v -0.098181 -0.078987 0.029794
v -0.094311 -0.067268 0.028557
v -0.089418 -0.058102 0.030506
v -0.105102 -0.053218 -0.013129
v -0.104728 -0.054038 -0.009120
v -0.105349 -0.052500 -0.017143
v -0.100483 -0.043288 -0.015369
v -0.099873 -0.044823 -0.007309
v -0.110191 -0.064073 -0.011035
v -0.110828 -0.062527 -0.019013
v -0.100577 -0.050913 -0.058778
v -0.095579 -0.041793 -0.057114
v -0.101156 -0.050849 -0.055702
v -0.106108 -0.060913 -0.060536
v -0.099881 -0.051086 -0.061732
v -0.094639 -0.042139 -0.060244
v -0.077238 -0.052653 -0.086542
v -0.085755 -0.059292 -0.085619
v -0.090187 -0.070049 -0.088326
v -0.080737 -0.062850 -0.089151
v -0.074551 -0.054576 -0.088298
v -0.079589 -0.051004 -0.084753
v -0.087527 -0.071952 -0.090064
v -0.047231 -0.094816 -0.098767
v -0.037947 -0.082696 -0.097381
v -0.041706 -0.079691 -0.097347
v -0.004209 -0.112124 -0.078716
v -0.011460 -0.126220 -0.077421
v -0.002052 -0.114209 -0.075951
v -0.083212 -0.149768 0.060683
v -0.076751 -0.142400 0.062263
v -0.089950 -0.157547 0.058800
v -0.105005 -0.130237 0.044606
v -0.107477 -0.127980 0.042465
v -0.101677 -0.120103 0.044192
v -0.096654 -0.124669 0.048394
v -0.109027 -0.140446 0.044693
v -0.121431 -0.099973 0.010937
v -0.125330 -0.109849 0.012879
v -0.127770 -0.106966 0.005714
v -0.120138 -0.101472 0.014509
v -0.130938 -0.118559 0.011199
v -0.133324 -0.115729 0.004115
v -0.133749 -0.096734 -0.036221
v -0.128385 -0.088418 -0.035188
v -0.139480 -0.105933 -0.033383
v -0.139346 -0.105066 -0.040883
v -0.126943 -0.097080 -0.075522
v -0.121325 -0.088916 -0.074871
v -0.132802 -0.105722 -0.076170
v -0.132337 -0.105824 -0.078256
v -0.088472 -0.145332 0.058940
v -0.096270 -0.152121 0.055967
v -0.091609 -0.142525 0.056657
v -0.085935 -0.134565 0.058529
v -0.082285 -0.137752 0.060581
v -0.094919 -0.153348 0.057084
v -0.114053 -0.121750 0.035017
v -0.112044 -0.123703 0.037676
v -0.120058 -0.130122 0.033181
v -0.115924 -0.119887 0.032205
v -0.110443 -0.111751 0.033911
v -0.106418 -0.115684 0.039385
v -0.130692 -0.103174 -0.005477
v -0.129820 -0.104362 -0.001699
v -0.131459 -0.102064 -0.009290
v -0.126324 -0.093614 -0.007868
v -0.124691 -0.095918 -0.000194
v -0.135347 -0.113160 -0.003203
v -0.136988 -0.110875 -0.010684
v -0.131647 -0.096400 -0.051757
v -0.137669 -0.104934 -0.052242
v -0.130801 -0.096589 -0.055520
v -0.125204 -0.088408 -0.054873
v -0.126912 -0.088053 -0.047081
v -0.123202 -0.098979 -0.083957
v -0.117100 -0.091155 -0.083676
v -0.121724 -0.099913 -0.085870
v -0.130719 -0.106604 -0.082219
v -0.127944 -0.108329 -0.086045
v -0.074002 -0.156932 0.059078
v -0.067688 -0.149462 0.060776
v -0.076581 -0.154978 0.059929
v -0.078024 -0.166731 0.056005
v -0.096418 -0.138084 0.052099
v -0.098239 -0.136399 0.050355
v -0.092476 -0.128512 0.052238
v -0.089226 -0.131564 0.055708
v -0.100705 -0.148014 0.051674
v -0.104537 -0.144515 0.048352
v -0.119378 -0.116341 0.026188
v -0.125174 -0.124886 0.024395
v -0.127505 -0.091658 -0.015660
v -0.138231 -0.108896 -0.018256
v -0.139064 -0.107244 -0.025847
v -0.128877 -0.096858 -0.065305
v -0.129390 -0.096835 -0.062316
v -0.123210 -0.088402 -0.067211
v -0.123953 -0.088534 -0.061611
v -0.134029 -0.105690 -0.068858
v -0.115584 -0.104119 -0.091325
v -0.121762 -0.112569 -0.091495
v -0.113027 -0.105948 -0.093006
v -0.107047 -0.098030 -0.092698
v -0.111982 -0.094531 -0.089225
v -0.106736 -0.178187 0.051287
v -0.111045 -0.183857 0.048354
v -0.108241 -0.176981 0.051276
v -0.100013 -0.173492 0.053931
v -0.127937 -0.159217 0.035880
v -0.125715 -0.161249 0.037833
v -0.132189 -0.164986 0.033357
v -0.125334 -0.150931 0.036269
v -0.130036 -0.166963 0.035313
v -0.134215 -0.163107 0.031374
v -0.142312 -0.133214 0.004477
v -0.145272 -0.141488 0.006206
v -0.147459 -0.138878 -0.000408
v -0.143402 -0.131895 0.001043
v -0.141144 -0.134586 0.007850
v -0.150989 -0.145367 -0.001841
v -0.149676 -0.121764 -0.038302
v -0.153529 -0.129510 -0.035143
v -0.156996 -0.135763 -0.038779
v -0.153575 -0.128581 -0.042015
v -0.156958 -0.135363 -0.042094
v -0.143039 -0.122021 -0.077241
v -0.147416 -0.129149 -0.075609
v -0.142685 -0.122074 -0.079016
v -0.150981 -0.135773 -0.075789
v -0.149856 -0.136227 -0.079223
v -0.107346 -0.167353 0.051859
v -0.110707 -0.174906 0.050501
v -0.115847 -0.179892 0.047413
v -0.113071 -0.172769 0.048615
v -0.108540 -0.166238 0.050628
v -0.106228 -0.168377 0.052848
v -0.133836 -0.153650 0.029377
v -0.139476 -0.158015 0.024592
v -0.137114 -0.150358 0.024229
v -0.132691 -0.143758 0.026376
v -0.129284 -0.147171 0.031664
v -0.141004 -0.156459 0.022026
v -0.150166 -0.135378 -0.010683
v -0.146186 -0.128293 -0.009536
v -0.149343 -0.136486 -0.007221
v -0.146944 -0.127220 -0.013128
v -0.152813 -0.143051 -0.008437
v -0.152325 -0.128242 -0.052330
v -0.155806 -0.134990 -0.052064
v -0.151616 -0.128353 -0.055846
v -0.147512 -0.121190 -0.056068
v -0.148893 -0.121011 -0.048939
v -0.156355 -0.134987 -0.048708
v -0.143996 -0.130864 -0.083483
v -0.147323 -0.137782 -0.082859
v -0.138589 -0.124498 -0.085596
v -0.141253 -0.122795 -0.082294
v -0.146089 -0.138612 -0.084079
v -0.098514 -0.184550 0.049607
v -0.093129 -0.178795 0.052335
v -0.100878 -0.182743 0.050262
v -0.118659 -0.167665 0.043746
v -0.113887 -0.161340 0.045869
v -0.116474 -0.169654 0.045598
v -0.122992 -0.173413 0.041560
v -0.116172 -0.159275 0.044050
v -0.111784 -0.163248 0.047596
v -0.141469 -0.145753 0.015615
v -0.137209 -0.138993 0.017526
v -0.140075 -0.147255 0.018584
v -0.145203 -0.152014 0.013678
v -0.138590 -0.137479 0.014382
v -0.135763 -0.140546 0.020578
v -0.143858 -0.153464 0.016555
v -0.146490 -0.150599 0.010716
v -0.152614 -0.131599 -0.024695
v -0.152131 -0.132441 -0.021184
v -0.155993 -0.138311 -0.025346
v -0.148194 -0.125281 -0.020356
v -0.149222 -0.128848 -0.066798
v -0.150018 -0.128683 -0.063154
v -0.144282 -0.121972 -0.069950
v -0.145834 -0.121602 -0.063236
v -0.152209 -0.135508 -0.070257
v -0.137078 -0.135572 -0.089876
v -0.132705 -0.128531 -0.090810
v -0.139150 -0.134135 -0.088166
v -0.142875 -0.140806 -0.086996
v -0.122616 -0.198545 0.039029
v -0.118881 -0.194088 0.042378
v -0.121645 -0.199287 0.038664
v -0.142876 -0.180471 0.025908
v -0.145575 -0.184684 0.023344
v -0.144524 -0.178902 0.023988
v -0.143913 -0.186268 0.025240
v -0.158245 -0.164372 -0.003332
v -0.157266 -0.165528 -0.000464
v -0.160046 -0.169433 -0.004894
v -0.159163 -0.163258 -0.006250
v -0.154877 -0.159932 0.001225
v -0.159108 -0.170542 -0.002138
v -0.164595 -0.154979 -0.036525
v -0.164759 -0.154077 -0.042461
v -0.162551 -0.148134 -0.042333
v -0.162430 -0.149032 -0.036157
v -0.166380 -0.159488 -0.042433
v -0.158599 -0.154645 -0.076377
v -0.157775 -0.155149 -0.077676
v -0.161359 -0.159654 -0.073203
v -0.126602 -0.195284 0.039356
v -0.129794 -0.199128 0.036039
v -0.128093 -0.194014 0.038811
v -0.124639 -0.189387 0.041668
v -0.121935 -0.191672 0.042591
v -0.131284 -0.197852 0.035579
v -0.146167 -0.169341 0.019991
v -0.147516 -0.175977 0.019905
v -0.151133 -0.179191 0.015312
v -0.150255 -0.173192 0.015342
v -0.161532 -0.160197 -0.015223
v -0.163203 -0.165423 -0.016314
v -0.162187 -0.159278 -0.018265
v -0.158552 -0.155412 -0.010933
v -0.162507 -0.166356 -0.013413
v -0.164204 -0.153383 -0.051235
v -0.164503 -0.153527 -0.048276
v -0.161244 -0.147561 -0.054802
v -0.162151 -0.147663 -0.048430
v -0.165739 -0.158548 -0.053705
v -0.155498 -0.156782 -0.079904
v -0.156263 -0.156212 -0.079306
v -0.154603 -0.157428 -0.080543
v -0.153894 -0.150111 -0.080470
v -0.158111 -0.162046 -0.077339
v -0.134372 -0.188379 0.034248
v -0.130838 -0.183802 0.036865
v -0.132031 -0.190516 0.036220
v -0.136760 -0.186178 0.032071
v -0.135209 -0.194362 0.033189
v -0.151465 -0.163771 0.009757
v -0.152790 -0.170519 0.010384
v -0.155135 -0.167956 0.005098
v -0.152660 -0.162455 0.006983
v -0.154827 -0.175322 0.008291
v -0.157068 -0.172869 0.003208
v -0.161552 -0.150960 -0.026727
v -0.163284 -0.157606 -0.024378
v -0.164089 -0.156168 -0.030484
v -0.161924 -0.150252 -0.029889
v -0.164895 -0.162927 -0.025102
v -0.165679 -0.161539 -0.030962
v -0.161907 -0.153407 -0.065346
v -0.159289 -0.147667 -0.066042
v -0.162631 -0.153319 -0.061505
v -0.159996 -0.147606 -0.062146
v -0.163118 -0.158916 -0.067756
v -0.154685 -0.193729 -0.004199
v -0.154793 -0.195509 -0.007357
v -0.155442 -0.192973 -0.005357
v -0.155248 -0.191188 -0.002458
v -0.154098 -0.196185 -0.006428
v -0.155464 -0.194845 -0.008332
v -0.161536 -0.186086 -0.020831
v -0.162476 -0.182858 -0.022051
v -0.160470 -0.189302 -0.020165
v -0.161033 -0.188504 -0.022836
v -0.162375 -0.183009 -0.039500
v -0.163395 -0.179623 -0.041486
v -0.161217 -0.186455 -0.037580
v -0.163235 -0.179608 -0.043132
v -0.161391 -0.186469 -0.036306
v -0.148159 -0.200465 0.002919
v -0.147223 -0.199638 0.007314
v -0.147264 -0.201472 0.003461
v -0.148178 -0.198489 0.006536
v -0.146211 -0.200820 0.007979
v -0.149659 -0.200554 -0.001972
v -0.156872 -0.191508 -0.007825
v -0.157315 -0.192949 -0.011523
v -0.158172 -0.190122 -0.010477
v -0.158288 -0.187986 -0.008373
v -0.156728 -0.193563 -0.010417
v -0.157870 -0.192356 -0.012665
v -0.162523 -0.184475 -0.027155
v -0.161571 -0.187543 -0.026917
v -0.163464 -0.181127 -0.029288
v -0.163068 -0.181914 -0.025665
v -0.161433 -0.187831 -0.025552
v -0.161667 -0.187289 -0.028284
v -0.162530 -0.180198 -0.048048
v -0.161743 -0.183308 -0.043781
v -0.161086 -0.183917 -0.046532
v -0.162144 -0.180583 -0.049650
v -0.162818 -0.179895 -0.046417
v -0.160524 -0.186756 -0.041268
v -0.151483 -0.196842 -0.000104
v -0.150658 -0.197670 0.000767
v -0.151915 -0.198269 -0.003936
v -0.152301 -0.196047 -0.001042
v -0.150009 -0.196406 0.004705
v -0.151166 -0.198997 -0.003216
v -0.160180 -0.185834 -0.013283
v -0.159334 -0.190713 -0.016296
v -0.160336 -0.187643 -0.016231
v -0.160728 -0.185174 -0.014988
v -0.159589 -0.186524 -0.011608
v -0.158881 -0.191237 -0.015055
v -0.159751 -0.190215 -0.017563
v -0.163686 -0.180252 -0.034661
v -0.162782 -0.183650 -0.031906
v -0.161704 -0.186730 -0.032356
v -0.163660 -0.180503 -0.032885
v -0.161733 -0.186883 -0.031008
v -0.158113 -0.194309 -0.024142
v -0.157749 -0.194834 -0.022345
v -0.155580 -0.197318 -0.016584
v -0.158476 -0.193541 -0.027824
v -0.156983 -0.195783 -0.019755
v -0.157267 -0.195446 -0.020601
v -0.156672 -0.196140 -0.018928
v 0.030707 -0.112427 -0.035220
v 0.040823 -0.099433 -0.033413
v 0.029844 -0.111223 -0.039176
v 0.039956 -0.098223 -0.037386
v 0.024537 -0.117582 -0.039959
v 0.030023 -0.118210 0.013534
v 0.030859 -0.118368 0.009598
v 0.029049 -0.117934 0.017407
v 0.039158 -0.104963 0.019447
v 0.025549 -0.124702 0.008635
v 0.023746 -0.124269 0.016415
v 0.008167 -0.105827 0.052899
v 0.000339 -0.110484 0.054548
v 0.013305 -0.089572 0.060278
v 0.018407 -0.092967 0.054976
v 0.002856 -0.112145 0.051822
v -0.002226 -0.108761 0.057092
v -0.027315 -0.080063 0.073208
v -0.019208 -0.065463 0.075033
v -0.015302 -0.068654 0.075533
v -0.034434 -0.084879 0.071706
v -0.048404 -0.040501 0.062769
v -0.055667 -0.055991 0.062592
v -0.062646 -0.060670 0.059180
v -0.060408 -0.051635 0.058270
v -0.045925 -0.042751 0.064816
v -0.060307 -0.062816 0.061284
v -0.064937 -0.058542 0.056909
v -0.081182 -0.030614 0.024443
v -0.071939 -0.016982 0.026715
v -0.079807 -0.032190 0.028104
v -0.085419 -0.037754 0.023073
v -0.082436 -0.029124 0.020695
v -0.073202 -0.015482 0.022953
v -0.070551 -0.018570 0.030389
v -0.084056 -0.039319 0.026725
v -0.078263 -0.005658 -0.021510
v -0.091945 -0.026336 -0.024629
v -0.077906 -0.005417 -0.025571
v -0.078492 -0.006006 -0.017416
v -0.075032 -0.023632 -0.067243
v -0.076879 -0.022565 -0.064077
v -0.063338 -0.011481 -0.068668
v -0.066956 -0.009380 -0.062547
v -0.081899 -0.029173 -0.064715
v -0.078253 -0.031300 -0.070813
v -0.049167 -0.041218 -0.091253
v -0.039158 -0.028089 -0.089825
v -0.054278 -0.047765 -0.091794
v -0.045702 -0.043822 -0.092559
v -0.035680 -0.030702 -0.091135
v -0.057694 -0.045225 -0.090297
v -0.050824 -0.050361 -0.093096
v -0.011366 -0.071107 -0.094090
v -0.013512 -0.080166 -0.093561
v -0.005511 -0.076117 -0.091596
v 0.004444 -0.062962 -0.090038
v -0.001422 -0.057940 -0.092551
v -0.016527 -0.077610 -0.094669
v -0.010687 -0.082606 -0.092186
v 0.020141 -0.100153 -0.064617
v 0.018273 -0.098241 -0.067826
v 0.021897 -0.101991 -0.061286
v 0.028334 -0.085184 -0.066163
v 0.013009 -0.104649 -0.068503
v 0.016620 -0.108385 -0.061988
v 0.032461 -0.115408 -0.023077
v 0.027444 -0.122523 -0.019828
v 0.043045 -0.103868 -0.012953
v 0.042584 -0.102426 -0.021217
v 0.027145 -0.121752 -0.023920
v 0.026702 -0.117030 0.024918
v 0.019971 -0.122693 0.027547
v 0.023554 -0.115457 0.032213
v 0.033653 -0.102487 0.034311
v 0.036800 -0.104056 0.026992
v 0.021407 -0.123369 0.023899
v 0.018265 -0.121798 0.031171
v -0.005900 -0.096169 0.065239
v 0.004300 -0.083283 0.067359
v -0.002696 -0.098442 0.062989
v -0.011171 -0.102514 0.064123
v -0.009169 -0.093821 0.067308
v 0.001019 -0.080927 0.069436
v 0.007515 -0.085563 0.065100
v -0.007977 -0.104780 0.061880
v -0.014431 -0.100173 0.066186
v -0.036690 -0.072329 0.071439
v -0.026612 -0.059348 0.073579
v -0.039588 -0.069927 0.070803
v -0.029501 -0.056951 0.072927
v -0.039096 -0.081032 0.070816
v -0.044743 -0.076363 0.069675
v -0.067112 -0.045276 0.050625
v -0.071526 -0.052270 0.049227
v -0.069219 -0.043222 0.047793
v -0.059821 -0.029719 0.050115
v -0.073601 -0.050241 0.046392
v -0.076219 -0.011546 0.011234
v -0.084569 -0.026414 0.012980
v -0.086186 -0.024088 0.005031
v -0.076958 -0.010432 0.007214
v -0.075345 -0.012760 0.015203
v -0.088790 -0.033572 0.011650
v -0.090412 -0.031247 0.003736
v -0.085653 -0.018764 -0.039258
v -0.076107 -0.005317 -0.037430
v -0.086309 -0.018738 -0.035414
v -0.090144 -0.025747 -0.040278
v -0.076829 -0.005244 -0.033539
v -0.089420 -0.025841 -0.044015
v -0.068919 -0.027223 -0.077270
v -0.059031 -0.014008 -0.075763
v -0.070198 -0.026468 -0.075199
v -0.073946 -0.033831 -0.077869
v -0.057662 -0.014855 -0.077679
v -0.060323 -0.013244 -0.073679
v -0.075218 -0.033080 -0.075807
v -0.035959 -0.051324 -0.094846
v -0.025903 -0.038231 -0.093428
v -0.022709 -0.040747 -0.093736
v -0.044244 -0.055396 -0.094884
v -0.037928 -0.060347 -0.095691
v 0.002442 -0.083181 -0.086223
v 0.004961 -0.085476 -0.084076
v 0.014963 -0.072362 -0.082485
v 0.009832 -0.067718 -0.086623
v 0.026446 -0.107015 -0.050633
v 0.036543 -0.093997 -0.048894
v 0.025053 -0.105426 -0.054285
v 0.027711 -0.108513 -0.046891
v 0.037813 -0.095502 -0.045136
v 0.019764 -0.111807 -0.055013
v 0.022412 -0.114883 -0.047646
v 0.032531 -0.118134 -0.002508
v 0.042654 -0.105165 -0.000556
v 0.027214 -0.124469 -0.003426
v 0.032115 -0.118331 0.001567
v 0.042237 -0.105362 0.003536
v 0.026800 -0.124664 0.000634
v 0.016351 -0.111113 0.043155
v 0.019059 -0.112809 0.039530
v 0.011050 -0.117440 0.042094
v 0.023739 -0.096424 0.048730
v 0.029197 -0.099871 0.041628
v -0.018331 -0.087080 0.071867
v -0.023561 -0.093455 0.070730
v -0.010834 -0.072146 0.074885
v -0.005295 -0.076310 0.072803
v -0.038048 -0.049704 0.069808
v -0.045311 -0.065104 0.068941
v -0.052959 -0.069371 0.066474
v -0.040749 -0.047352 0.068343
v -0.050346 -0.071632 0.067781
v -0.055476 -0.067158 0.064945
v -0.074990 -0.037394 0.038486
v -0.073166 -0.039273 0.041719
v -0.079292 -0.044478 0.037088
v -0.076707 -0.035584 0.035135
v -0.067416 -0.021994 0.037439
v -0.063828 -0.025723 0.044036
v -0.080988 -0.042685 0.033740
v -0.087610 -0.021366 -0.007161
v -0.091866 -0.028508 -0.008392
v -0.078539 -0.007038 -0.009175
v -0.081638 -0.020076 -0.053904
v -0.071803 -0.006832 -0.052285
v -0.080234 -0.020750 -0.057374
v -0.070346 -0.007542 -0.055799
v -0.073105 -0.006258 -0.048686
v -0.087594 -0.026365 -0.051226
v -0.085150 -0.027429 -0.058101
v -0.063974 -0.030461 -0.082815
v -0.066668 -0.038706 -0.085187
v -0.058882 -0.034072 -0.086398
v -0.048910 -0.020915 -0.084953
v -0.054030 -0.017285 -0.081351
v -0.063964 -0.040641 -0.086954
v -0.025767 -0.059396 -0.095504
v -0.027151 -0.068922 -0.096078
v -0.018232 -0.065448 -0.095348
v -0.008258 -0.052300 -0.093847
v -0.015737 -0.046287 -0.094051
v -0.030930 -0.065902 -0.096047
v 0.012036 -0.092105 -0.076634
v 0.009764 -0.089943 -0.079275
v 0.006795 -0.098535 -0.077280
v 0.024258 -0.081137 -0.072205
v 0.019787 -0.076849 -0.077663
v 0.004531 -0.096382 -0.079911
v 0.008967 -0.100635 -0.074497
v -0.153595 -0.185670 0.010282
v -0.152891 -0.188706 0.009389
v -0.155030 -0.186517 0.005719
v -0.154728 -0.184501 0.008261
v -0.153072 -0.190122 0.006428
v -0.155066 -0.188092 0.003084
v -0.164056 -0.176124 -0.018682
v -0.164403 -0.173341 -0.018049
v -0.163479 -0.176899 -0.016269
v -0.164967 -0.172549 -0.020664
v -0.163779 -0.174177 -0.015450
v -0.162873 -0.179233 -0.017016
v -0.163872 -0.177857 -0.021455
v -0.166607 -0.170399 -0.047194
v -0.167216 -0.167116 -0.048740
v -0.166676 -0.170616 -0.044949
v -0.165581 -0.173402 -0.045409
v -0.166454 -0.170275 -0.049514
v -0.165658 -0.173583 -0.043358
v -0.142205 -0.196998 0.024384
v -0.142088 -0.199746 0.021589
v -0.145069 -0.198541 0.016092
v -0.140229 -0.198912 0.025844
v -0.146440 -0.197007 0.014919
v -0.158022 -0.183339 -0.000315
v -0.157063 -0.184377 0.001764
v -0.158941 -0.182325 -0.002455
v -0.158906 -0.180011 -0.000562
v -0.156954 -0.186112 -0.000524
v -0.165798 -0.173463 -0.028440
v -0.165450 -0.174059 -0.025997
v -0.166618 -0.169864 -0.031170
v -0.165917 -0.171107 -0.025921
v -0.164656 -0.176647 -0.025936
v -0.165801 -0.170426 -0.054640
v -0.164518 -0.173840 -0.054254
v -0.164645 -0.171097 -0.060000
v -0.164849 -0.167642 -0.063206
v -0.166219 -0.167056 -0.057079
v -0.148367 -0.193248 0.015909
v -0.147515 -0.191755 0.019294
v -0.161574 -0.176933 -0.007819
v -0.160994 -0.181579 -0.010530
v -0.162165 -0.178569 -0.011515
v -0.162363 -0.175975 -0.010329
v -0.160272 -0.182429 -0.008435
v -0.161669 -0.180762 -0.012662
v -0.166483 -0.171971 -0.035705
v -0.165642 -0.174416 -0.037039
v -0.166662 -0.171216 -0.040421
v -0.162209 -0.169229 -0.069607
v -0.161280 -0.170114 -0.070457
v -0.162537 -0.175284 -0.060456
v -0.139411 -0.204208 0.018662
v -0.136647 -0.202214 0.027739
v -0.140716 -0.202999 0.018470
v 0.047317 -0.076285 -0.050346
v 0.048723 -0.077889 -0.046657
v 0.040469 -0.069028 -0.064021
v 0.042356 -0.070959 -0.060781
v 0.044129 -0.072815 -0.057416
v 0.031875 -0.060647 -0.075585
v 0.036371 -0.064958 -0.070097
v 0.024480 -0.053817 -0.082602
v 0.013597 -0.044219 -0.089429
v -0.003528 -0.030148 -0.092232
v 0.000154 -0.033101 -0.092185
v -0.016774 -0.019681 -0.091187
v -0.010423 -0.024662 -0.091977
v -0.030380 -0.009393 -0.086552
v -0.026926 -0.011961 -0.088065
v -0.023432 -0.014586 -0.089380
v -0.039467 -0.002790 -0.081377
v -0.036723 -0.004754 -0.083170
v -0.048293 0.003028 -0.071784
v -0.046973 0.002246 -0.073890
v -0.045571 0.001375 -0.075831
v -0.053082 0.005825 -0.063797
v -0.061124 0.010038 -0.046664
v -0.065097 0.011224 -0.031311
v -0.064311 0.011107 -0.035256
v -0.066916 0.010565 -0.015021
v -0.066273 0.011119 -0.023250
v -0.066825 0.008874 -0.002562
v -0.066999 0.009552 -0.006716
v -0.063840 0.003837 0.017825
v -0.065453 0.006172 0.009786
v -0.059010 -0.002010 0.033090
v -0.061685 0.001101 0.025618
v -0.054079 -0.007314 0.043540
v -0.055840 -0.005467 0.040169
v -0.048142 -0.013279 0.052882
v -0.033902 -0.026579 0.067521
v -0.038940 -0.021997 0.063296
v -0.023024 -0.036090 0.073716
v -0.025837 -0.033676 0.072465
v -0.014358 -0.043358 0.076267
v -0.002977 -0.052722 0.078227
v -0.006950 -0.049480 0.077750
v 0.007133 -0.060454 0.075457
v 0.016772 -0.067460 0.069988
v 0.013477 -0.065093 0.072074
v 0.030919 -0.077170 0.057557
v 0.028405 -0.075514 0.060300
v 0.036166 -0.080562 0.051337
v 0.047539 -0.087328 0.033338
v 0.045846 -0.086448 0.036993
v 0.052336 -0.089196 0.018151
v 0.055144 -0.088802 -0.002194
v 0.054869 -0.089119 0.001948
v 0.054449 -0.089318 0.006064
v 0.054798 -0.086366 -0.018827
v 0.055261 -0.087815 -0.010517
v 0.052155 -0.082139 -0.035085
v 0.053759 -0.084467 -0.027042
v -0.094482 -0.081239 -0.090902
v -0.103058 -0.075297 -0.083795
v -0.110185 -0.071364 -0.070155
v -0.109130 -0.071864 -0.072809
v -0.111546 -0.070964 -0.064841
v -0.114227 -0.070916 -0.048688
v -0.113383 -0.071092 -0.052533
v -0.116773 -0.071474 -0.028693
v -0.116325 -0.073372 -0.016839
v -0.116598 -0.072639 -0.020799
v -0.108550 -0.084056 0.017513
v -0.104002 -0.089023 0.027734
v -0.094493 -0.098544 0.042434
v -0.096630 -0.096487 0.039771
v -0.098622 -0.094527 0.036958
v -0.084615 -0.107630 0.051521
v -0.089667 -0.103033 0.047264
v -0.077318 -0.114436 0.058959
v -0.080515 -0.111421 0.055448
v -0.071683 -0.119424 0.062634
v -0.073746 -0.117644 0.061643
v -0.061878 -0.127600 0.065154
v -0.065625 -0.124534 0.064642
v -0.052081 -0.135092 0.062464
v -0.057458 -0.131050 0.064483
v 0.002965 -0.141706 -0.047077
v 0.026703 -0.120870 -0.027989
v 0.032018 -0.114523 -0.027161
v 0.042139 -0.101537 -0.025318
v 0.015111 -0.138157 0.002679
v -0.014985 -0.139252 0.044684
v -0.039362 -0.103256 0.069693
v -0.045679 -0.111350 0.068261
v -0.052636 -0.120231 0.066668
v -0.036577 -0.083106 0.071262
v -0.031411 -0.076681 0.072409
v -0.066528 -0.080254 0.060011
v -0.067181 -0.056431 0.054487
v -0.062693 -0.049493 0.055866
v -0.095863 -0.065580 0.025124
v -0.101357 -0.075570 0.023056
v -0.105467 -0.051884 -0.021154
v -0.091252 -0.025859 -0.032576
v -0.086849 -0.018814 -0.031503
v -0.093464 -0.042678 -0.063334
v -0.098949 -0.051454 -0.064649
v -0.104924 -0.061140 -0.066089
v -0.071577 -0.025667 -0.072870
v -0.071565 -0.056745 -0.089998
v -0.084582 -0.074092 -0.091741
v -0.042309 -0.046401 -0.093611
v -0.032275 -0.033291 -0.092191
v -0.030630 -0.088631 -0.096778
v -0.039935 -0.100733 -0.098170
v -0.007987 -0.084976 -0.090585
v -0.002800 -0.078496 -0.089988
v 0.007167 -0.065351 -0.088423
v 0.000007 -0.116235 -0.073043
v 0.033620 -0.090717 -0.056132
v 0.027616 -0.123727 -0.011614
v 0.016219 -0.120631 0.034803
v 0.031621 -0.101334 0.037956
v -0.017644 -0.097838 0.068008
v -0.032423 -0.054505 0.072106
v -0.086796 -0.023076 0.000993
v -0.083947 -0.019160 -0.046732
v -0.074253 -0.005816 -0.045007
v -0.071028 -0.035686 -0.081568
v -0.065978 -0.029094 -0.080990
v -0.034573 -0.063006 -0.095892
v -0.029409 -0.056500 -0.095356
v 0.007404 -0.087732 -0.081758
v -0.129905 -0.119330 -0.089615
v -0.125222 -0.122637 -0.093016
v -0.135297 -0.115721 -0.084168
v -0.133762 -0.116714 -0.085989
v -0.138352 -0.114237 -0.076761
v -0.138007 -0.114264 -0.078686
v -0.140181 -0.114115 -0.066435
v -0.139493 -0.114267 -0.069499
v -0.143437 -0.113318 -0.052494
v -0.142651 -0.113477 -0.056119
v -0.144913 -0.113565 -0.041497
v -0.144471 -0.115823 -0.026829
v -0.140710 -0.121714 -0.004646
v -0.141570 -0.120551 -0.008301
v -0.136397 -0.127004 0.009509
v -0.138722 -0.124238 0.002541
v -0.130828 -0.133151 0.022520
v -0.124087 -0.140015 0.033830
v -0.125920 -0.138208 0.031210
v -0.115360 -0.148138 0.042592
v -0.117691 -0.146018 0.040629
v -0.119959 -0.143931 0.038535
v -0.106565 -0.156088 0.049598
v -0.110728 -0.152320 0.046245
v -0.101034 -0.161222 0.055043
v -0.103436 -0.158984 0.052617
v -0.094360 -0.166756 0.056525
v -0.089747 -0.170333 0.055634
v -0.072654 -0.145667 0.062165
v -0.085663 -0.160939 0.058495
v -0.093464 -0.154625 0.057955
v -0.080429 -0.139335 0.061332
v -0.100268 -0.134537 0.048523
v -0.106706 -0.142547 0.046564
v -0.116057 -0.133989 0.038306
v -0.134382 -0.114410 0.000481
v -0.123711 -0.097192 0.003577
v -0.128406 -0.089412 -0.027403
v -0.133674 -0.097790 -0.028563
v -0.139325 -0.106545 -0.029626
v -0.138994 -0.104858 -0.044656
v -0.133116 -0.096239 -0.043940
v -0.127637 -0.087994 -0.043061
v -0.122763 -0.088424 -0.069800
v -0.127982 -0.096876 -0.070683
v -0.133548 -0.105728 -0.071524
v -0.125446 -0.097706 -0.079922
v -0.119384 -0.089860 -0.079565
v -0.104213 -0.100089 -0.094315
v -0.068489 -0.161018 0.056564
v -0.062048 -0.153640 0.058191
v -0.099063 -0.149527 0.053208
v -0.093161 -0.141101 0.055263
v -0.087646 -0.133025 0.057217
v -0.123546 -0.126585 0.027446
v -0.112270 -0.109905 0.030959
v -0.136025 -0.105309 -0.059484
v -0.130015 -0.096757 -0.059069
v -0.126140 -0.109531 -0.087907
v -0.114008 -0.093145 -0.087411
v -0.151193 -0.143746 -0.081157
v -0.154138 -0.142094 -0.075721
v -0.153452 -0.142401 -0.077591
v -0.152745 -0.142780 -0.079024
v -0.156242 -0.141614 -0.066451
v -0.155529 -0.141711 -0.070099
v -0.159819 -0.142736 -0.035762
v -0.159902 -0.141837 -0.042171
v -0.158934 -0.144712 -0.026000
v -0.155850 -0.149302 -0.009661
v -0.156621 -0.148264 -0.012899
v -0.154087 -0.151541 -0.003284
v -0.147207 -0.159357 0.014506
v -0.142989 -0.163744 0.022284
v -0.144458 -0.162246 0.019799
v -0.136049 -0.170409 0.030832
v -0.137974 -0.168614 0.028878
v -0.124723 -0.180837 0.041326
v -0.118353 -0.186460 0.045369
v -0.119569 -0.185434 0.044961
v -0.113734 -0.190119 0.045072
v -0.115030 -0.189118 0.045355
v -0.116172 -0.188225 0.045512
v -0.110312 -0.192746 0.044210
v -0.097902 -0.175137 0.053584
v -0.103075 -0.181047 0.050743
v -0.107793 -0.186382 0.047750
v -0.113558 -0.181844 0.048333
v -0.123399 -0.163355 0.039779
v -0.136104 -0.161324 0.029287
v -0.132017 -0.155410 0.031712
v -0.127390 -0.148999 0.034062
v -0.144071 -0.142866 0.009419
v -0.147715 -0.149224 0.007675
v -0.148441 -0.137653 -0.003794
v -0.144413 -0.130633 -0.002442
v -0.149382 -0.122924 -0.031182
v -0.153314 -0.130131 -0.031683
v -0.156681 -0.136882 -0.032106
v -0.156753 -0.135098 -0.045401
v -0.149356 -0.121100 -0.045388
v -0.147873 -0.129096 -0.073199
v -0.151551 -0.135632 -0.073356
v -0.145968 -0.129651 -0.080666
v -0.142134 -0.122301 -0.080661
v -0.109967 -0.164910 0.049195
v -0.134256 -0.142136 0.023530
v -0.154966 -0.140015 -0.018552
v -0.151561 -0.133353 -0.017672
v -0.147614 -0.126215 -0.016737
v -0.154423 -0.135181 -0.059122
v -0.141014 -0.132861 -0.086481
v -0.136854 -0.125666 -0.087301
v -0.162628 -0.164502 -0.071078
v -0.160843 -0.165759 -0.073807
v -0.165218 -0.163368 -0.062559
v -0.164406 -0.163658 -0.065875
v -0.167251 -0.163528 -0.047334
v -0.167047 -0.165067 -0.036738
v -0.167189 -0.164601 -0.039453
v -0.167268 -0.164190 -0.042130
v -0.166222 -0.166805 -0.028438
v -0.164198 -0.169874 -0.017277
v -0.160298 -0.174749 -0.003774
v -0.162029 -0.172676 -0.009069
v -0.157316 -0.178116 0.003775
v -0.158358 -0.176963 0.001320
v -0.151495 -0.184223 0.014921
v -0.152726 -0.182970 0.012858
v -0.147620 -0.188068 0.020600
v -0.148974 -0.186741 0.018771
v -0.137968 -0.197237 0.029752
v -0.140158 -0.195197 0.028084
v -0.131543 -0.202973 0.032171
v -0.134154 -0.200665 0.031909
v -0.150856 -0.152216 -0.082994
v -0.116402 -0.195974 0.041623
v -0.127641 -0.200978 0.035890
v -0.120857 -0.192541 0.042644
v -0.139041 -0.184061 0.029876
v -0.142020 -0.188053 0.027204
v -0.146055 -0.177420 0.022012
v -0.143119 -0.172357 0.024435
v -0.156228 -0.166724 0.002348
v -0.161748 -0.167338 -0.010538
v -0.160019 -0.162189 -0.009208
v -0.164380 -0.155542 -0.033517
v -0.165965 -0.160932 -0.033870
v -0.166362 -0.159142 -0.045215
v -0.162424 -0.147838 -0.045391
v -0.157776 -0.147984 -0.072925
v -0.160290 -0.153830 -0.072164
v -0.162247 -0.159236 -0.070838
v -0.154658 -0.149612 -0.079612
v -0.126396 -0.187838 0.040574
v -0.153637 -0.176589 0.010718
v -0.151545 -0.171843 0.012907
v -0.148919 -0.166498 0.015062
v -0.160577 -0.152564 -0.020383
v -0.165282 -0.158509 -0.056931
v -0.163267 -0.153292 -0.057750
v -0.160653 -0.147579 -0.058309
v -0.159781 -0.189868 -0.035787
v -0.160225 -0.189933 -0.032503
v -0.160162 -0.190871 -0.025672
v -0.160331 -0.190439 -0.027960
v -0.159635 -0.191733 -0.022283
v -0.159847 -0.191418 -0.023403
v -0.158057 -0.193691 -0.016928
v -0.158439 -0.193251 -0.017958
v -0.156220 -0.195659 -0.013093
v -0.157198 -0.194636 -0.014950
v -0.154554 -0.197319 -0.010576
v -0.155134 -0.196751 -0.011377
v -0.152041 -0.199699 -0.007792
v -0.152681 -0.193743 0.001400
v -0.153110 -0.195269 -0.002040
v -0.156065 -0.185437 0.003777
v -0.155831 -0.183345 0.006163
v -0.161234 -0.184544 -0.016722
v -0.160778 -0.187093 -0.017743
v -0.160129 -0.189744 -0.018854
v -0.163612 -0.179860 -0.038137
v -0.162648 -0.183156 -0.036538
v -0.161531 -0.186524 -0.035010
v -0.165228 -0.173346 -0.049658
v -0.166708 -0.166941 -0.054041
v -0.145118 -0.202001 0.008517
v -0.147728 -0.195574 0.013643
v -0.147005 -0.194645 0.017431
v -0.145962 -0.193290 0.020997
v -0.159505 -0.183309 -0.006382
v -0.159844 -0.178953 -0.002930
v -0.165416 -0.175168 -0.032644
v -0.166316 -0.172417 -0.033301
v -0.159860 -0.166803 -0.074290
v -0.157520 -0.162603 -0.077600
v -0.159803 -0.189363 -0.037168
v -0.160070 -0.167368 -0.073684
v -0.117736 -0.115462 -0.094037
v -0.159636 -0.190125 -0.035662
v -0.158159 -0.194069 -0.026924
v -0.160662 -0.185077 -0.045521
v -0.161134 -0.181390 -0.052294
v -0.126148 -0.123996 -0.092915
v -0.151766 -0.154307 -0.082403
v -0.157960 -0.194414 -0.026051
v -0.160333 -0.186901 -0.042020
v -0.154730 -0.198184 -0.015154
v -0.087962 -0.085918 -0.094375
v -0.157345 -0.195368 -0.023545
v -0.136849 -0.135733 -0.090042
v -0.156334 -0.196515 -0.018122
v -0.110849 -0.108698 -0.094590
v -0.157131 -0.195663 -0.022732
v -0.159971 -0.188497 -0.038848
v 0.006095 -0.146247 -0.031390
v 0.031557 -0.118409 0.005605
v 0.041677 -0.105441 0.007593
v 0.011533 -0.137297 0.018118
v 0.002076 -0.149223 0.016302
v 0.005445 -0.113832 0.048854
v -0.015919 -0.120398 0.057193
v -0.023337 -0.083251 0.073238
v -0.047262 -0.096820 0.068824
v -0.053485 -0.104986 0.067361
v -0.060369 -0.113922 0.065751
v -0.057918 -0.064978 0.063210
v -0.075788 -0.071700 0.051210
v -0.080685 -0.080855 0.049194
v -0.086235 -0.090789 0.047044
v -0.082578 -0.040964 0.030284
v -0.096130 -0.050377 0.012390
v -0.100984 -0.059582 0.010500
v -0.106443 -0.069608 0.008488
v -0.092170 -0.027207 -0.016535
v -0.087879 -0.020087 -0.015353
v -0.099723 -0.041301 -0.035362
v -0.083637 -0.028207 -0.061436
v -0.087015 -0.046331 -0.074963
v -0.099804 -0.063837 -0.076883
v -0.055869 -0.036261 -0.088114
v -0.045884 -0.023113 -0.086675
v -0.028239 -0.110722 -0.093343
v 0.026348 -0.083193 -0.069254
v 0.007172 -0.123649 -0.060113
v -0.002269 -0.135625 -0.061641
v 0.016473 -0.137149 -0.013484
v 0.006998 -0.149075 -0.015184
v -0.004290 -0.146005 0.030760
v -0.028536 -0.111395 0.065636
v -0.034894 -0.119458 0.064220
v -0.041898 -0.128303 0.062644
v -0.057658 -0.088156 0.066178
v -0.063257 -0.096785 0.064446
v -0.069375 -0.106290 0.062490
v -0.084127 -0.063590 0.040159
v -0.089061 -0.072721 0.038186
v -0.094623 -0.082651 0.036081
v -0.104227 -0.054958 -0.005127
v -0.097084 -0.041447 -0.050507
v -0.106999 -0.061000 -0.054383
v -0.087726 -0.057947 -0.083822
v -0.094499 -0.067061 -0.084751
v -0.045330 -0.076811 -0.097191
v -0.054593 -0.088948 -0.098575
v -0.008794 -0.107796 -0.083787
v -0.018177 -0.119829 -0.085228
v 0.020009 -0.122868 -0.040578
v 0.020867 -0.124064 -0.036650
v 0.020187 -0.129806 0.011764
v 0.019220 -0.129532 0.015610
v -0.001615 -0.117438 0.050906
v -0.006682 -0.114064 0.056160
v -0.036851 -0.091852 0.071075
v -0.089911 -0.042495 0.018035
v -0.095002 -0.032219 -0.029715
v -0.084213 -0.035831 -0.068411
v -0.082433 -0.036876 -0.071334
v -0.061973 -0.050734 -0.090737
v -0.055121 -0.055856 -0.093529
v -0.020920 -0.083027 -0.095106
v 0.010374 -0.111876 -0.065842
v 0.012118 -0.113701 -0.062534
v 0.022907 -0.127792 -0.020514
v 0.015458 -0.127961 0.026704
v 0.013757 -0.127068 0.030317
v -0.012416 -0.110094 0.060933
v -0.043405 -0.086444 0.069826
v -0.048961 -0.081845 0.068657
v -0.072801 -0.060416 0.050585
v -0.076977 -0.056354 0.045046
v -0.092029 -0.039804 0.010372
v -0.093654 -0.037480 0.002490
v -0.093515 -0.031897 -0.041367
v -0.092823 -0.031967 -0.045093
v -0.079426 -0.038638 -0.076301
v -0.076834 -0.040202 -0.080236
v -0.048561 -0.060876 -0.095312
v -0.045438 -0.063311 -0.095804
v -0.007202 -0.095021 -0.087298
v 0.015252 -0.117112 -0.055582
v 0.016635 -0.118690 -0.051956
v 0.017891 -0.120177 -0.048240
v 0.009266 -0.124419 0.037596
v 0.006558 -0.122721 0.041207
v 0.003742 -0.120918 0.044686
v -0.027956 -0.098801 0.069758
v -0.030574 -0.096817 0.070616
v -0.056777 -0.075156 0.065316
v -0.059135 -0.073062 0.063730
v -0.082601 -0.050645 0.035746
v -0.095133 -0.034729 -0.009582
v -0.091182 -0.032359 -0.052184
v -0.089033 -0.033215 -0.058847
v -0.073279 -0.042579 -0.083847
v -0.070920 -0.044233 -0.085643
v -0.068225 -0.046162 -0.087404
v -0.031516 -0.074363 -0.096507
v -0.027764 -0.077388 -0.096341
v 0.002326 -0.103884 -0.077776
v -0.152058 -0.191137 0.007998
v -0.151804 -0.189800 0.011115
v -0.156058 -0.190357 -0.003858
v -0.162848 -0.177715 -0.013878
v -0.163099 -0.175056 -0.012875
v -0.162119 -0.185210 -0.023978
v -0.161253 -0.188152 -0.024190
v -0.165688 -0.173827 -0.041300
v -0.166686 -0.170899 -0.042713
v -0.167308 -0.167660 -0.043896
v -0.161979 -0.183118 -0.042371
v -0.160781 -0.186588 -0.040061
v -0.142182 -0.201612 0.017921
v -0.140405 -0.201404 0.022569
v -0.150412 -0.199756 -0.002560
v -0.162742 -0.183887 -0.030329
v -0.161629 -0.181031 -0.051204
v -0.158665 -0.164744 -0.075840
v -0.153217 -0.191409 0.003351
v -0.155062 -0.189543 0.000358
v -0.162198 -0.181481 -0.017738
v -0.162669 -0.180845 -0.019736
v -0.164417 -0.176390 -0.043476
v -0.144984 -0.200339 0.012532
v -0.146165 -0.198973 0.011711
v -0.156802 -0.187730 -0.002880
v -0.158401 -0.186001 -0.006343
v -0.163781 -0.179167 -0.025804
v -0.164048 -0.178690 -0.027835
v -0.164262 -0.178255 -0.029863
v -0.163846 -0.176606 -0.049146
v -0.163094 -0.177338 -0.052972
v -0.150361 -0.194242 0.007363
v -0.160499 -0.183602 -0.011885
v -0.164587 -0.177215 -0.035870
v -0.164601 -0.176950 -0.037825
v -0.161782 -0.178353 -0.056452
v 0.051146 -0.080820 -0.039018
v 0.029491 -0.058413 -0.078093
v 0.019185 -0.049085 -0.086405
v 0.007337 -0.038950 -0.091418
v -0.043926 0.000299 -0.077688
v -0.049687 0.003838 -0.069432
v -0.056665 0.007848 -0.057291
v -0.062328 0.010517 -0.042939
v -0.065750 0.011227 -0.027307
v -0.066052 0.007182 0.005699
v -0.050226 -0.011225 0.049905
v -0.041355 -0.019756 0.060928
v -0.031279 -0.028917 0.069362
v -0.009119 -0.047685 0.077297
v -0.000860 -0.054397 0.078079
v 0.023055 -0.071884 0.065326
v 0.050234 -0.088519 0.025897
v 0.053886 -0.089397 0.010142
v 0.054350 -0.085472 -0.022951
v -0.101444 -0.076355 -0.085603
v -0.106741 -0.073132 -0.077766
v -0.112675 -0.071196 -0.056095
v -0.115832 -0.070680 -0.040607
v -0.115415 -0.075126 -0.008939
v -0.107133 -0.085645 0.021018
v -0.100501 -0.092640 0.034007
v -0.092182 -0.100718 0.044935
v -0.067519 -0.122947 0.064097
v -0.137447 -0.114474 -0.080516
v -0.138957 -0.114338 -0.072260
v -0.141810 -0.113688 -0.059676
v -0.143016 -0.118434 -0.015688
v -0.139759 -0.122944 -0.001029
v -0.135116 -0.128469 0.012890
v -0.129263 -0.134795 0.025534
v -0.104836 -0.157673 0.051152
v -0.099736 -0.162370 0.055883
v -0.092142 -0.168488 0.056195
v -0.110163 -0.108029 -0.094637
v -0.147836 -0.146032 -0.084242
v -0.157638 -0.141499 -0.058727
v -0.159727 -0.141564 -0.045356
v -0.159607 -0.143325 -0.032530
v -0.155004 -0.150395 -0.006453
v -0.139766 -0.166915 0.026842
v -0.131770 -0.174353 0.034836
v -0.122670 -0.182701 0.043028
v -0.161621 -0.173329 -0.066274
v -0.163530 -0.164039 -0.068797
v -0.166495 -0.163102 -0.055734
v -0.167287 -0.163833 -0.044760
v -0.166840 -0.165589 -0.033992
v -0.165339 -0.168238 -0.022848
v -0.162811 -0.171699 -0.011776
v -0.144374 -0.191197 0.024277
v -0.135918 -0.199109 0.031074
v -0.130726 -0.203795 0.031625
v -0.155082 -0.158896 -0.079950
v -0.160359 -0.190267 -0.029104
v -0.159105 -0.192442 -0.020084
v -0.153332 -0.198490 -0.009097
v -0.161377 -0.178624 -0.057210
v -0.141746 -0.141587 -0.087934
v -0.161260 -0.171038 -0.069482
v -0.157758 -0.194745 -0.025201
v 0.022168 -0.126145 -0.028648
v 0.021711 -0.130004 0.003890
v 0.018121 -0.129141 0.019380
v -0.009406 -0.112198 0.058576
v -0.032920 -0.095004 0.071115
v -0.040906 -0.088503 0.070275
v -0.061451 -0.070977 0.061945
v -0.070612 -0.062502 0.053150
v -0.095467 -0.033410 -0.017682
v -0.094612 -0.032020 -0.033657
v -0.087649 -0.033902 -0.062086
v -0.080792 -0.037845 -0.073992
v -0.051749 -0.058419 -0.094576
v -0.024181 -0.080314 -0.095899
v -0.012407 -0.090369 -0.091036
v 0.006556 -0.108009 -0.072084
v 0.013745 -0.115448 -0.059111
v 0.011716 -0.125905 0.033937
v -0.022057 -0.103171 0.067044
v -0.051738 -0.079512 0.067803
v -0.094277 -0.036462 -0.001511
v -0.075263 -0.041226 -0.082038
v -0.038919 -0.068462 -0.096319
v -0.152273 -0.192346 0.004753
v -0.161678 -0.182154 -0.015760
v -0.163462 -0.179686 -0.023774
v -0.164575 -0.176721 -0.039745
v -0.164086 -0.176403 -0.047216
v -0.148351 -0.196388 0.009698
v -0.159142 -0.185173 -0.008148
v -0.164423 -0.177864 -0.031882
v -0.059324 0.017907 0.003026
v -0.059764 0.019449 -0.005265
v -0.044970 0.016875 -0.062301
v 0.037499 -0.041733 -0.078514
v -0.021323 0.002725 -0.085046
v 0.044819 -0.048257 -0.070943
v -0.051968 0.020074 -0.048826
v 0.002710 -0.014239 -0.090558
v 0.056668 -0.059820 -0.051843
v -0.038580 0.013630 -0.072391
v -0.033250 0.010519 -0.078053
v -0.027897 0.007091 -0.081674
v 0.023718 -0.030210 -0.087597
v -0.007239 -0.007014 -0.089654
v 0.029455 -0.034900 -0.084537
v -0.059323 0.020946 -0.017691
v -0.056703 0.013586 0.019272
v -0.000694 -0.011743 -0.090420
v -0.058300 0.015947 0.011232
v 0.051256 -0.054330 -0.061988
v -0.010589 -0.004646 -0.088914
v -0.046860 0.017809 -0.059135
v -0.059617 0.018732 -0.001114
v -0.041430 0.015082 -0.067927
v 0.034890 -0.039482 -0.080701
v -0.056769 0.021418 -0.033787
v -0.053386 0.020589 -0.045190
v 0.040028 -0.043949 -0.076155
v 0.058223 -0.061500 -0.048234
v -0.058319 0.021399 -0.025842
v -0.017746 0.000301 -0.086552
v -0.050408 0.019439 -0.052367
v 0.060937 -0.064608 -0.040729
v 0.017336 -0.025189 -0.089648
v -0.037105 0.012825 -0.074337
v -0.035383 0.011824 -0.076197
v 0.026642 -0.032580 -0.086177
v -0.030743 0.008934 -0.079885
v -0.058885 0.016979 0.007145
v -0.003976 -0.009357 -0.090137
v -0.024745 0.005014 -0.083400
v 0.064695 -0.069720 -0.024823
v 0.026069 -0.055348 0.071925
v -0.012140 -0.027755 0.076447
v -0.000789 -0.036535 0.079070
v 0.046169 -0.067502 0.053453
v -0.028883 -0.013999 0.067076
v -0.003365 -0.034556 0.078573
v 0.065703 -0.071675 -0.016577
v 0.066115 -0.073203 -0.008241
v -0.051853 0.007758 0.034551
v 0.040782 -0.064420 0.059596
v -0.017980 -0.023094 0.074108
v -0.054547 0.010848 0.027070
v 0.035483 -0.061274 0.064870
v 0.013053 -0.046690 0.078522
v 0.065274 -0.070750 -0.020716
v 0.065143 -0.074921 0.008376
v -0.048648 0.004347 0.041643
v -0.042947 -0.001301 0.051407
v 0.007772 -0.042986 0.079892
v 0.048930 -0.069044 0.050048
v 0.019272 -0.050891 0.075807
v 0.063768 -0.075095 0.016496
v -0.006181 -0.032390 0.077999
v 0.064528 -0.075066 0.012460
v 0.066097 -0.073802 -0.004065
v 0.010277 -0.044764 0.079384
v -0.053266 0.009345 0.030854
v 0.038174 -0.062890 0.062317
v 0.059307 -0.074066 0.031970
v -0.040826 -0.003307 0.054396
v 0.056037 -0.072722 0.039289
v 0.005573 -0.041380 0.080031
v 0.063101 -0.067357 -0.032900
v 0.065609 -0.074661 0.004254
v 0.001453 -0.038261 0.079536
v -0.155944 -0.197049 -0.018640
v -0.144241 -0.202845 0.008805
v -0.155390 -0.197585 -0.016910
v -0.156684 -0.196232 -0.021113
v -0.151806 -0.199920 -0.007587
v -0.156202 -0.196779 -0.019476
v -0.045548 -0.139788 0.059037
v -0.104457 -0.188948 0.046942
v -0.122573 -0.200183 0.037631
v -0.076465 -0.167879 0.055239
v -0.084408 -0.174356 0.053702
v -0.130631 -0.203925 0.031429
v -0.149745 -0.200808 -0.002970
v -0.128541 -0.203003 0.033118
v -0.099562 -0.185629 0.048991
v -0.148776 -0.201239 -0.000779
v -0.136918 -0.204703 0.023073
v -0.152569 -0.199497 -0.009449
v -0.145917 -0.202330 0.005392
v -0.134754 -0.204702 0.026388
v -0.091632 -0.179921 0.051771
v -0.068377 -0.161100 0.056500
v -0.153551 -0.198923 -0.011897
v -0.069105 -0.161713 0.056393
v -0.154388 -0.198383 -0.014064
v -0.131445 -0.178503 0.004916
v -0.158971 -0.147922 -0.038907
v -0.144236 -0.162258 -0.041349
v -0.143108 -0.168070 0.018470
v -0.092787 -0.114526 -0.057304
v -0.087449 -0.121300 -0.038036
v -0.076792 -0.134835 0.000509
v -0.135259 -0.176301 -0.021009
v -0.064639 -0.086363 -0.055405
v -0.053935 -0.099959 -0.016687
v -0.054251 -0.011121 0.027422
v -0.048332 -0.016984 0.037559
v -0.022186 -0.039027 0.056014
v -0.006496 -0.050792 0.057122
v 0.004039 -0.058224 0.054679
v -0.001202 -0.054574 0.056215
v 0.018943 -0.068042 0.046475
v 0.031637 -0.075525 0.033487
v 0.027724 -0.073335 0.038286
v 0.041029 -0.080027 0.016833
v 0.047023 -0.078830 -0.021543
v -0.040814 -0.023768 0.045903
v -0.060450 -0.003010 0.003384
v -0.060493 -0.001075 -0.009594
v -0.048608 -0.004459 -0.046437
v -0.051749 -0.002953 -0.040868
v -0.041151 -0.008506 -0.056445
v -0.017466 -0.023616 -0.072838
v -0.022603 -0.020133 -0.070688
v -0.012225 -0.027266 -0.074374
v 0.003611 -0.038859 -0.075180
v 0.013757 -0.046749 -0.072539
v 0.008759 -0.042813 -0.074173
v 0.031329 -0.061563 -0.060136
v 0.040824 -0.070720 -0.045581
v 0.042504 -0.085290 -0.029422
v -0.042525 -0.034042 0.049871
v -0.027775 -0.045961 0.056768
v -0.032910 -0.041918 0.055089
v -0.022487 -0.050024 0.057802
v -0.011656 -0.058048 0.057906
v 0.009564 -0.072635 0.050369
v 0.034386 -0.086910 0.022552
v 0.031160 -0.085364 0.028273
v 0.039476 -0.088866 0.010224
v 0.043369 -0.088840 -0.009576
v -0.064919 -0.012445 0.015540
v -0.066264 -0.010523 0.009213
v -0.067374 -0.007773 -0.003937
v -0.066351 -0.006566 -0.017324
v -0.047258 -0.014606 -0.058764
v -0.001273 -0.045789 -0.078011
v -0.006663 -0.041747 -0.078392
v 0.027202 -0.069113 -0.062556
v 0.041160 -0.083367 -0.035749
v -0.067640 -0.020898 0.020712
v -0.062473 -0.026360 0.031901
v -0.016232 -0.064237 0.056998
v -0.021673 -0.060254 0.057276
v -0.010794 -0.068122 0.056066
v -0.000133 -0.075450 0.052279
v 0.018922 -0.087395 0.037648
v 0.029810 -0.093099 0.021644
v 0.034899 -0.095054 0.009316
v 0.039038 -0.094228 -0.017179
v 0.038749 -0.093041 -0.023816
v -0.069496 -0.018634 0.014632
v -0.070840 -0.016711 0.008305
v -0.071661 -0.015149 0.001792
v -0.065503 -0.013919 -0.037633
v -0.059496 -0.016637 -0.049390
v -0.051834 -0.020795 -0.059672
v -0.037900 -0.029366 -0.071485
v -0.042813 -0.026232 -0.068084
v -0.022118 -0.040068 -0.078090
v 0.004574 -0.060083 -0.076205
v -0.000561 -0.056040 -0.077884
v 0.009506 -0.064069 -0.073899
v 0.032380 -0.084708 -0.048511
v -0.069626 -0.012745 -0.024853
v -0.038102 -0.003150 0.039588
v -0.021755 -0.017377 0.054165
v -0.011955 -0.025193 0.058044
v 0.003735 -0.036958 0.059151
v -0.001561 -0.033081 0.059421
v 0.024390 -0.051157 0.051815
v 0.045412 -0.063547 0.030307
v 0.057535 -0.066152 -0.013054
v -0.048112 0.007432 0.017912
v -0.050263 0.012760 -0.007565
v -0.038378 0.009375 -0.044408
v -0.034834 0.007519 -0.049617
v -0.026675 0.002826 -0.058759
v -0.030920 0.005329 -0.054416
v -0.022139 0.000036 -0.062605
v 0.003299 -0.017214 -0.073252
v -0.001995 -0.013432 -0.072345
v 0.018989 -0.028979 -0.072144
v 0.028789 -0.036795 -0.068265
v 0.033347 -0.040581 -0.065430
v 0.048310 -0.054083 -0.048822
v 0.051054 -0.056885 -0.043552
v -0.048239 0.013164 -0.020523
v 0.055146 -0.061604 -0.032012
v 0.012582 -0.102358 0.022423
v 0.015714 -0.103869 0.016932
v -0.025684 -0.059420 -0.077389
v -0.041251 -0.048488 -0.073431
v -0.046225 -0.045187 -0.070863
v -0.078235 -0.028981 -0.019969
v 0.008639 -0.080035 0.039436
v -0.004781 -0.070476 0.041924
v 0.000013 -0.074101 0.042464
v -0.073067 -0.030060 -0.038668
v -0.051687 -0.035014 0.036640
v -0.064483 -0.022171 0.013601
v -0.000777 -0.078764 -0.071082
v -0.005410 -0.074968 -0.073604
v -0.028259 -0.052726 0.039280
v -0.043051 -0.041543 0.037613
v -0.037830 -0.045490 0.038202
v -0.077842 -0.033013 0.005540
v -0.079098 -0.030233 -0.007077
v 0.028648 -0.090746 0.011582
v 0.032156 -0.091629 -0.000080
v -0.053887 -0.056303 0.043540
v -0.066443 -0.016004 -0.018567
v -0.015301 -0.067186 -0.076786
v 0.017457 -0.095285 -0.050372
v 0.014599 -0.092426 -0.055460
v -0.077016 -0.028946 -0.026353
v -0.063377 -0.016225 -0.032509
v -0.060901 -0.017145 -0.038729
v -0.064894 -0.016092 -0.025773
v -0.076432 -0.034942 0.011583
v 0.021769 -0.100124 -0.039125
v 0.024435 -0.104833 -0.020464
v 0.028212 -0.081568 -0.048784
v -0.003399 -0.055833 -0.064870
v 0.023179 -0.102053 -0.033081
v -0.048554 -0.023372 -0.058514
v -0.031786 -0.034371 -0.068067
v -0.058247 -0.052622 0.040430
v -0.055467 -0.019615 -0.049278
v -0.018586 -0.044351 -0.066581
v 0.006123 -0.063032 -0.063797
v -0.022740 -0.041211 -0.067048
v 0.034134 -0.089191 -0.026675
v 0.033486 -0.087753 -0.033208
v 0.018404 -0.105007 0.011126
v 0.023572 -0.106085 -0.007572
v -0.003658 -0.092952 0.040168
v 0.005126 -0.098285 0.032237
v 0.000879 -0.095763 0.036460
v -0.002368 -0.124601 0.012473
v -0.047174 -0.078270 -0.077486
v -0.057092 -0.071398 -0.074335
v -0.074901 -0.060152 -0.061219
v -0.092620 -0.052658 -0.022976
v -0.082063 -0.056239 -0.051790
v -0.087656 -0.053695 -0.040939
v -0.093450 -0.053862 -0.010592
v -0.093100 -0.055019 -0.004467
v -0.010136 -0.107408 -0.065568
v -0.064779 -0.082552 0.040458
v -0.078661 -0.058033 -0.056709
v -0.035263 -0.104631 0.042171
v -0.050324 -0.093779 0.044119
v -0.032162 -0.089361 -0.077558
v -0.000693 -0.116355 -0.052182
v -0.091450 -0.052625 -0.029108
v 0.002350 -0.126417 0.001074
v 0.003449 -0.121003 -0.041378
v 0.006010 -0.125526 -0.023451
v -0.073419 -0.075369 0.035047
v -0.089050 -0.060560 0.012891
v -0.084001 -0.065781 0.023028
v 0.005850 -0.126316 -0.017260
v -0.055277 -0.090027 0.043515
v -0.016619 -0.116814 0.031233
v -0.037115 -0.085609 -0.078161
v -0.042227 -0.095540 0.015305
v -0.057748 -0.075827 -0.040834
v 0.014270 -0.132238 -0.037726
v 0.003951 -0.142994 -0.043237
v 0.013592 -0.137961 0.010527
v 0.003168 -0.149611 0.012558
v -0.017552 -0.137579 0.047625
v -0.013203 -0.122259 0.054784
v -0.051450 -0.106677 0.067847
v -0.045172 -0.098554 0.069287
v -0.054672 -0.118619 0.066801
v -0.058401 -0.115564 0.066267
v -0.075853 -0.085324 0.053828
v -0.073467 -0.087509 0.055948
v -0.081236 -0.095384 0.051615
v -0.078289 -0.083082 0.051582
v -0.068801 -0.078177 0.058025
v -0.083759 -0.093077 0.049400
v -0.104120 -0.072434 0.015932
v -0.099873 -0.060962 0.014273
v -0.095015 -0.051762 0.016177
v -0.100423 -0.041772 -0.027417
v -0.105457 -0.051373 -0.025151
v -0.110506 -0.060718 -0.034929
v -0.096158 -0.052923 -0.070539
v -0.097660 -0.052101 -0.067615
v -0.088602 -0.045401 -0.072340
v -0.091970 -0.043471 -0.066437
v -0.103862 -0.061624 -0.068907
v -0.070678 -0.076432 -0.095805
v -0.068318 -0.059134 -0.091621
v -0.033708 -0.105962 -0.096289
v -0.036694 -0.103430 -0.097383
v -0.030912 -0.108377 -0.094928
v -0.021576 -0.096300 -0.093523
v -0.027379 -0.091336 -0.095988
v -0.003885 -0.133890 -0.065039
v 0.006828 -0.147884 -0.023313
v 0.016303 -0.135954 -0.021643
v -0.000569 -0.148051 0.023575
v -0.002260 -0.147163 0.027164
v 0.007182 -0.135231 0.029018
v 0.010306 -0.136793 0.021794
v -0.031430 -0.128052 0.059796
v -0.025341 -0.113718 0.063824
v -0.052351 -0.092614 0.067797
v -0.060870 -0.098827 0.065452
v -0.067228 -0.108153 0.063598
v -0.085093 -0.076648 0.043972
v -0.080136 -0.067538 0.045959
v -0.082950 -0.078713 0.046656
v -0.087127 -0.074653 0.041147
v -0.082177 -0.065537 0.043126
v -0.092711 -0.084566 0.039037
v -0.102849 -0.057086 0.002775
v -0.098000 -0.047873 0.004636
v -0.108303 -0.067120 0.000799
v -0.103600 -0.055975 -0.001158
v -0.103191 -0.050603 -0.045052
v -0.098523 -0.041248 -0.043166
v -0.102440 -0.050712 -0.048845
v -0.090600 -0.056122 -0.080168
v -0.085685 -0.047099 -0.077248
v -0.098590 -0.064522 -0.079094
v -0.064170 -0.081412 -0.097573
v -0.057917 -0.086313 -0.098373
v -0.054943 -0.069247 -0.096185
v -0.025623 -0.113046 -0.091575
v -0.020586 -0.117605 -0.087512
v 0.000600 -0.138845 -0.054535
v 0.011304 -0.128364 -0.049278
v 0.016074 -0.137886 -0.005350
v 0.006190 -0.150003 -0.003062
v 0.015663 -0.138080 -0.001318
v -0.006727 -0.144527 0.034396
v -0.034417 -0.107039 0.068341
v -0.037917 -0.117234 0.065725
v -0.047709 -0.123999 0.065316
v -0.043348 -0.113152 0.067765
v -0.031574 -0.109160 0.067148
v -0.065356 -0.094936 0.063145
v -0.072931 -0.103051 0.059465
v -0.064366 -0.082225 0.061856
v -0.060019 -0.086109 0.064975
v -0.071223 -0.104630 0.061095
v -0.074657 -0.101435 0.057655
v -0.092657 -0.069024 0.031884
v -0.085987 -0.061699 0.037062
v -0.096448 -0.080791 0.032998
v -0.099819 -0.077246 0.026478
v -0.100243 -0.044005 -0.011336
v -0.110572 -0.063251 -0.015021
v -0.096366 -0.041583 -0.053886
v -0.106518 -0.060968 -0.057587
v -0.105625 -0.060938 -0.063334
v -0.083412 -0.060936 -0.087402
v -0.092523 -0.068410 -0.086547
v -0.050980 -0.091820 -0.098731
v -0.043498 -0.097824 -0.098605
v -0.034204 -0.085713 -0.097216
v -0.013609 -0.124142 -0.080175
v -0.015849 -0.122011 -0.082779
v -0.006458 -0.109985 -0.081329
v -0.081192 -0.151392 0.060732
v -0.085080 -0.148231 0.060359
v -0.078608 -0.140868 0.061907
v -0.074790 -0.143984 0.062363
v -0.087901 -0.159186 0.058789
v -0.091807 -0.156026 0.058525
v -0.099130 -0.122422 0.046354
v -0.102562 -0.132454 0.046617
v -0.111417 -0.138276 0.042711
v -0.113789 -0.136102 0.040591
v -0.126597 -0.108374 0.009332
v -0.132175 -0.117113 0.007691
v -0.122623 -0.098546 0.007290
v -0.133784 -0.097204 -0.032393
v -0.139497 -0.105432 -0.037130
v -0.133537 -0.096405 -0.040064
v -0.128118 -0.088123 -0.039103
v -0.128470 -0.088855 -0.031294
v -0.127501 -0.096940 -0.073161
v -0.126270 -0.097326 -0.077772
v -0.120401 -0.089343 -0.077282
v -0.122124 -0.088602 -0.072365
v -0.133173 -0.105715 -0.073943
v -0.090057 -0.143928 0.057893
v -0.084134 -0.136152 0.059649
v -0.097618 -0.150872 0.054657
v -0.108503 -0.113670 0.036724
v -0.118137 -0.132003 0.035830
v -0.121851 -0.128323 0.030381
v -0.125563 -0.094725 -0.004011
v -0.136216 -0.111980 -0.006927
v -0.126061 -0.088218 -0.051054
v -0.132452 -0.096261 -0.047867
v -0.138409 -0.104832 -0.048461
v -0.136848 -0.105111 -0.055935
v -0.124433 -0.098251 -0.081979
v -0.129472 -0.107352 -0.084149
v -0.115690 -0.092037 -0.085572
v -0.118307 -0.090447 -0.081684
v -0.071291 -0.158956 0.057952
v -0.080681 -0.164745 0.057094
v -0.070274 -0.147503 0.061630
v -0.064934 -0.151517 0.059624
v -0.083242 -0.162804 0.057927
v -0.090796 -0.130091 0.054038
v -0.094744 -0.139636 0.053739
v -0.102533 -0.146340 0.050056
v -0.120992 -0.114637 0.023009
v -0.115683 -0.106361 0.024694
v -0.126731 -0.123230 0.021238
v -0.122524 -0.112984 0.019726
v -0.117260 -0.104670 0.021396
v -0.114018 -0.108107 0.027884
v -0.128213 -0.121621 0.017981
v -0.133118 -0.099236 -0.020849
v -0.127922 -0.090815 -0.019576
v -0.132674 -0.100093 -0.016986
v -0.138699 -0.108029 -0.022053
v -0.133451 -0.098468 -0.024711
v -0.128223 -0.090066 -0.023493
v -0.123571 -0.088464 -0.064510
v -0.134607 -0.105604 -0.065955
v -0.128424 -0.096861 -0.068078
v -0.135276 -0.105475 -0.062827
v -0.109649 -0.096169 -0.090994
v -0.117911 -0.102487 -0.089559
v -0.124067 -0.110953 -0.089734
v -0.119264 -0.114354 -0.093157
v -0.101910 -0.171991 0.054065
v -0.105020 -0.179536 0.051097
v -0.103584 -0.170637 0.053952
v -0.109541 -0.185031 0.048115
v -0.112365 -0.182812 0.048438
v -0.123150 -0.152947 0.038329
v -0.130044 -0.157268 0.033860
v -0.120873 -0.155023 0.040283
v -0.146402 -0.140158 0.002929
v -0.149967 -0.146605 0.001390
v -0.148875 -0.147892 0.004564
v -0.153625 -0.128986 -0.038584
v -0.149608 -0.121359 -0.041845
v -0.149591 -0.122294 -0.034750
v -0.156895 -0.136276 -0.035452
v -0.147016 -0.129215 -0.077566
v -0.150436 -0.135961 -0.077697
v -0.146569 -0.129360 -0.079208
v -0.143334 -0.122048 -0.075217
v -0.111831 -0.173903 0.049699
v -0.114680 -0.180903 0.048008
v -0.117171 -0.178714 0.046501
v -0.135527 -0.151972 0.026876
v -0.131043 -0.145430 0.029095
v -0.137850 -0.159632 0.027020
v -0.153610 -0.141978 -0.011787
v -0.150905 -0.134333 -0.014169
v -0.145342 -0.129432 -0.005971
v -0.154328 -0.140965 -0.015161
v -0.148262 -0.121053 -0.052499
v -0.152917 -0.128218 -0.048871
v -0.155149 -0.135069 -0.055519
v -0.140063 -0.123534 -0.083933
v -0.145110 -0.130156 -0.082075
v -0.142630 -0.131769 -0.084936
v -0.148344 -0.137117 -0.081694
v -0.095585 -0.176924 0.053061
v -0.105747 -0.187961 0.047294
v -0.121007 -0.165530 0.041779
v -0.120749 -0.175464 0.043532
v -0.125371 -0.171234 0.039444
v -0.142803 -0.144290 0.012558
v -0.148683 -0.124420 -0.023975
v -0.153009 -0.130829 -0.028197
v -0.149079 -0.123634 -0.027587
v -0.155521 -0.139130 -0.021949
v -0.156379 -0.137561 -0.028734
v -0.145013 -0.121809 -0.066711
v -0.152925 -0.135396 -0.066707
v -0.148490 -0.128991 -0.070204
v -0.153673 -0.135288 -0.062924
v -0.134879 -0.127017 -0.089065
v -0.123466 -0.197865 0.039316
v -0.119876 -0.193317 0.042573
v -0.117760 -0.194945 0.042062
v -0.126930 -0.201649 0.035442
v -0.139656 -0.175642 0.028377
v -0.141064 -0.182175 0.027846
v -0.141451 -0.173953 0.026440
v -0.137707 -0.177456 0.030332
v -0.147072 -0.183239 0.021456
v -0.155894 -0.158733 -0.001745
v -0.156847 -0.157578 -0.004766
v -0.160927 -0.168364 -0.007696
v -0.164725 -0.154488 -0.039507
v -0.162547 -0.148537 -0.039255
v -0.166318 -0.159905 -0.039612
v -0.166179 -0.160387 -0.036755
v -0.156215 -0.148678 -0.077204
v -0.159444 -0.154197 -0.074582
v -0.160478 -0.160157 -0.074942
v -0.155433 -0.149127 -0.078571
v -0.156998 -0.148290 -0.075371
v -0.159627 -0.160732 -0.076151
v -0.123174 -0.190643 0.042303
v -0.125365 -0.196312 0.039549
v -0.128587 -0.200154 0.036117
v -0.148914 -0.174569 0.017679
v -0.147574 -0.167902 0.017580
v -0.144687 -0.170823 0.022281
v -0.149819 -0.180522 0.017467
v -0.152406 -0.177879 0.013061
v -0.159300 -0.154407 -0.014064
v -0.160809 -0.161168 -0.012202
v -0.159975 -0.153457 -0.017216
v -0.163834 -0.164539 -0.019233
v -0.161750 -0.147580 -0.051538
v -0.166059 -0.158668 -0.050746
v -0.163792 -0.153309 -0.054359
v -0.166261 -0.158867 -0.047951
v -0.153061 -0.150677 -0.081250
v -0.152076 -0.151361 -0.082057
v -0.137513 -0.192251 0.031346
v -0.133241 -0.181588 0.034629
v -0.128509 -0.185931 0.038911
v -0.139835 -0.190097 0.029296
v -0.153988 -0.169223 0.007779
v -0.155971 -0.174081 0.005786
v -0.150217 -0.165120 0.012452
v -0.163724 -0.156857 -0.027436
v -0.165322 -0.162205 -0.028036
v -0.161103 -0.151732 -0.023555
v -0.163937 -0.158690 -0.064229
v -0.161119 -0.153572 -0.068991
v -0.158544 -0.147785 -0.069725
v -0.164669 -0.158556 -0.060530
v -0.154411 -0.192032 -0.001114
v -0.153906 -0.194496 -0.003092
v -0.153554 -0.192885 0.000173
v -0.162108 -0.183385 -0.020257
v -0.161178 -0.186574 -0.019278
v -0.160771 -0.188888 -0.021493
v -0.161850 -0.185631 -0.022399
v -0.161694 -0.183948 -0.018480
v -0.162528 -0.183058 -0.038031
v -0.162191 -0.183024 -0.040945
v -0.163521 -0.179714 -0.039824
v -0.161013 -0.186491 -0.038831
v -0.149007 -0.199483 0.002285
v -0.157539 -0.190805 -0.009129
v -0.157580 -0.188755 -0.006819
v -0.156836 -0.189546 -0.005313
v -0.163291 -0.181501 -0.027477
v -0.162344 -0.184825 -0.025564
v -0.162655 -0.184162 -0.028743
v -0.161454 -0.183579 -0.045169
v -0.150910 -0.195480 0.003672
v -0.151800 -0.194600 0.002569
v -0.152656 -0.197563 -0.004713
v -0.159853 -0.188223 -0.014745
v -0.159331 -0.188830 -0.013287
v -0.162778 -0.183450 -0.033470
v -0.162732 -0.183286 -0.035016
v -0.163669 -0.180038 -0.036413
v -0.161636 -0.186612 -0.033692
v -0.157946 -0.194561 -0.023237
v -0.155970 -0.196908 -0.017340
v -0.155167 -0.197744 -0.015854
v -0.158432 -0.193697 -0.026898
v -0.158357 -0.193877 -0.025974
v 0.025398 -0.118783 -0.036018
v 0.031433 -0.113529 -0.031212
v 0.041551 -0.100539 -0.029387
v 0.026120 -0.119880 -0.032024
v 0.040135 -0.105241 0.015558
v 0.024716 -0.124544 0.012558
v 0.040976 -0.105400 0.011604
v 0.005645 -0.104163 0.055633
v 0.015885 -0.091304 0.057717
v 0.003072 -0.102436 0.058186
v -0.017243 -0.067081 0.075382
v -0.025396 -0.081620 0.073366
v -0.032495 -0.086476 0.072057
v -0.029264 -0.078458 0.072859
v -0.030589 -0.088023 0.072217
v -0.058068 -0.053800 0.060517
v -0.050815 -0.038283 0.060550
v -0.086665 -0.036272 0.019338
v -0.087606 -0.019247 -0.023502
v -0.087807 -0.019614 -0.019439
v -0.087284 -0.018982 -0.027528
v -0.092121 -0.026720 -0.020594
v -0.091653 -0.026051 -0.028628
v -0.065124 -0.010435 -0.065716
v -0.080062 -0.030234 -0.067865
v -0.073227 -0.024694 -0.070196
v -0.052593 -0.038671 -0.089751
v -0.042596 -0.025532 -0.088319
v -0.008345 -0.073670 -0.092976
v 0.001602 -0.060507 -0.091427
v 0.030210 -0.087105 -0.062940
v 0.014871 -0.106554 -0.065306
v 0.031974 -0.088951 -0.059593
v 0.032762 -0.116182 -0.018970
v 0.042887 -0.103204 -0.017091
v 0.032920 -0.116843 -0.014849
v 0.027602 -0.123183 -0.015722
v 0.025262 -0.116353 0.028579
v 0.035358 -0.103379 0.030666
v -0.033925 -0.074609 0.071956
v -0.041861 -0.078753 0.070308
v -0.023863 -0.061618 0.074113
v -0.057678 -0.031802 0.052945
v -0.064932 -0.047370 0.053317
v -0.055456 -0.033930 0.055630
v -0.069382 -0.054337 0.051926
v -0.085443 -0.025202 0.009030
v -0.089665 -0.032362 0.007717
v -0.084870 -0.018902 -0.043031
v -0.075251 -0.005505 -0.041254
v -0.090752 -0.025756 -0.036462
v -0.067569 -0.028057 -0.079171
v -0.072607 -0.034657 -0.079759
v -0.039101 -0.048873 -0.094351
v -0.041112 -0.057839 -0.095376
v -0.032767 -0.053838 -0.095158
v -0.029054 -0.035773 -0.092933
v 0.012433 -0.070057 -0.084641
v -0.000147 -0.080852 -0.088196
v -0.002764 -0.089644 -0.086833
v -0.005343 -0.087324 -0.088798
v -0.000254 -0.091931 -0.084694
v 0.021152 -0.113391 -0.051374
v 0.035144 -0.092401 -0.052562
v 0.032804 -0.117821 -0.006608
v 0.042929 -0.104850 -0.004675
v 0.027486 -0.124156 -0.007511
v 0.026523 -0.098200 0.045246
v 0.013535 -0.109312 0.046649
v 0.013764 -0.119143 0.038472
v 0.008227 -0.115634 0.045583
v -0.008180 -0.074158 0.074014
v -0.015459 -0.089223 0.070662
v -0.020969 -0.085081 0.072733
v -0.020700 -0.095589 0.069529
v -0.026188 -0.091464 0.071591
v -0.048027 -0.062765 0.067668
v -0.050653 -0.060470 0.066180
v -0.035272 -0.052090 0.071065
v -0.065676 -0.023823 0.040798
v -0.077492 -0.046338 0.040318
v -0.078353 -0.007724 -0.005050
v -0.087271 -0.022168 -0.003073
v -0.087813 -0.020671 -0.011257
v -0.078026 -0.008519 -0.000938
v -0.091513 -0.029318 -0.004327
v -0.092085 -0.027804 -0.012463
v -0.082873 -0.019549 -0.050356
v -0.086461 -0.026822 -0.054700
v -0.061597 -0.032129 -0.084625
v -0.051638 -0.018964 -0.083170
v -0.069036 -0.037045 -0.083384
v -0.021991 -0.062416 -0.095525
v -0.011989 -0.049288 -0.094049
v -0.023389 -0.071956 -0.095909
v 0.022070 -0.079021 -0.075010
v 0.014216 -0.094212 -0.073841
v -0.153969 -0.187610 0.007591
v -0.154078 -0.189104 0.004790
v -0.152442 -0.186846 0.012225
v -0.163398 -0.178525 -0.019227
v -0.164578 -0.175392 -0.021111
v -0.167029 -0.166970 -0.051289
v -0.167298 -0.167355 -0.046303
v -0.165442 -0.173314 -0.047494
v -0.143796 -0.197998 0.020352
v -0.145458 -0.196263 0.018939
v -0.144154 -0.195081 0.022731
v -0.143641 -0.200102 0.017111
v -0.157923 -0.181098 0.001746
v -0.157844 -0.185153 -0.002422
v -0.156897 -0.182210 0.003990
v -0.158695 -0.184218 -0.004376
v -0.166299 -0.170460 -0.028549
v -0.164966 -0.176108 -0.028179
v -0.166087 -0.172915 -0.030877
v -0.165219 -0.175615 -0.030417
v -0.165282 -0.170709 -0.057363
v -0.165591 -0.167297 -0.060201
v -0.164925 -0.173530 -0.051941
v -0.163994 -0.174252 -0.056504
v -0.149589 -0.192013 0.014360
v -0.148877 -0.190409 0.017593
v -0.150002 -0.193189 0.010938
v -0.150719 -0.190883 0.012767
v -0.150109 -0.189185 0.015867
v -0.148906 -0.194316 0.012317
v -0.151044 -0.192144 0.009500
v -0.161430 -0.179459 -0.009185
v -0.160647 -0.180384 -0.006895
v -0.160734 -0.177927 -0.005350
v -0.166597 -0.171572 -0.038081
v -0.167197 -0.168395 -0.038915
v -0.167276 -0.168006 -0.041430
v -0.167065 -0.168833 -0.036360
v -0.165555 -0.174770 -0.034853
v -0.165685 -0.174103 -0.039190
v -0.162131 -0.172797 -0.065878
v -0.163044 -0.172099 -0.064419
v -0.161682 -0.175922 -0.061893
v -0.163132 -0.168577 -0.068054
v -0.137460 -0.204131 0.023357
v -0.135233 -0.203492 0.027968
v -0.138816 -0.202870 0.023213
v -0.134173 -0.204542 0.027589
v 0.050001 -0.079403 -0.042878
v 0.034170 -0.062831 -0.072917
v 0.021865 -0.051465 -0.084594
v 0.027024 -0.056135 -0.080433
v 0.010578 -0.041655 -0.090571
v 0.016448 -0.046683 -0.088028
v 0.003819 -0.036068 -0.091934
v -0.013613 -0.022148 -0.091678
v -0.041880 -0.001098 -0.079543
v -0.054897 0.006865 -0.060625
v -0.051314 0.004793 -0.066751
v -0.059779 0.009433 -0.050303
v -0.058292 0.008703 -0.053847
v -0.063389 0.010872 -0.039134
v -0.066663 0.010898 -0.019150
v -0.066509 0.008083 0.001580
v -0.064715 0.005056 0.013832
v -0.060411 -0.000410 0.029399
v -0.052206 -0.009236 0.046788
v -0.043699 -0.017552 0.058399
v -0.045964 -0.015391 0.055716
v -0.036456 -0.024272 0.065497
v -0.028590 -0.031284 0.071012
v -0.011621 -0.045621 0.076819
v -0.017235 -0.040968 0.075598
v -0.004955 -0.051121 0.078089
v 0.004230 -0.058290 0.076676
v 0.001554 -0.056262 0.077555
v 0.020002 -0.069751 0.067719
v 0.025820 -0.073778 0.062872
v 0.041481 -0.083902 0.044288
v 0.038879 -0.082285 0.047880
v 0.048982 -0.088004 0.029648
v 0.053181 -0.089356 0.014175
v 0.051353 -0.088917 0.022062
v 0.055102 -0.087148 -0.014678
v 0.053027 -0.083356 -0.031090
v -0.099451 -0.077716 -0.087404
v -0.097118 -0.079353 -0.089178
v -0.105596 -0.073768 -0.079931
v -0.104406 -0.074462 -0.081923
v -0.107950 -0.072476 -0.075368
v -0.112229 -0.071143 -0.059261
v -0.111900 -0.071032 -0.062139
v -0.115085 -0.070750 -0.044674
v -0.116648 -0.071062 -0.032635
v -0.116344 -0.070791 -0.036600
v -0.115931 -0.074201 -0.012882
v -0.113154 -0.078450 0.002720
v -0.114025 -0.077253 -0.001128
v -0.114779 -0.076144 -0.005017
v -0.109864 -0.082538 0.013923
v -0.111071 -0.081096 0.010254
v -0.102296 -0.090804 0.030930
v -0.105615 -0.087303 0.024428
v -0.087095 -0.105376 0.049449
v -0.078884 -0.112966 0.057282
v -0.069573 -0.121218 0.063440
v -0.063781 -0.126058 0.065016
v -0.054870 -0.133012 0.063633
v 0.012426 -0.129753 -0.045495
v 0.005641 -0.150080 0.000921
v 0.022642 -0.123877 0.020200
v 0.027942 -0.117540 0.021205
v 0.038045 -0.104569 0.023261
v -0.005576 -0.127301 0.046597
v -0.004958 -0.106890 0.059517
v 0.000332 -0.100558 0.060618
v 0.010554 -0.087687 0.062721
v -0.021359 -0.063682 0.074581
v -0.071222 -0.089566 0.057951
v -0.076558 -0.099662 0.055721
v -0.053165 -0.036093 0.058166
v -0.090981 -0.056404 0.027065
v -0.087789 -0.034877 0.015527
v -0.083566 -0.027723 0.016872
v -0.074339 -0.014074 0.019113
v -0.100594 -0.042677 -0.019399
v -0.110958 -0.061906 -0.022999
v -0.077425 -0.005280 -0.029584
v -0.076596 -0.032279 -0.073484
v -0.061704 -0.012442 -0.071342
v -0.077765 -0.065009 -0.090842
v -0.047442 -0.052932 -0.094145
v -0.009408 -0.128239 -0.074523
v 0.018253 -0.110138 -0.058553
v 0.023536 -0.103751 -0.057839
v 0.032934 -0.117390 -0.010726
v 0.043059 -0.104418 -0.008810
v 0.021509 -0.114293 0.035855
v -0.012392 -0.091479 0.069136
v -0.002216 -0.078575 0.071271
v -0.047615 -0.073958 0.068854
v -0.042501 -0.067490 0.069989
v -0.075594 -0.048261 0.043422
v -0.071241 -0.041218 0.044824
v -0.061875 -0.027690 0.047144
v -0.091028 -0.030232 -0.000282
v -0.077561 -0.009422 0.003154
v -0.088573 -0.026045 -0.047667
v -0.056050 -0.015907 -0.079513
v -0.019358 -0.043406 -0.093922
v 0.002180 -0.094178 -0.082384
v 0.017416 -0.074628 -0.080157
v -0.127648 -0.120909 -0.091369
v -0.136535 -0.114967 -0.082343
v -0.138623 -0.114295 -0.074650
v -0.140970 -0.113911 -0.063137
v -0.144113 -0.113253 -0.048830
v -0.144951 -0.114483 -0.034191
v -0.145012 -0.113959 -0.037846
v -0.143598 -0.117487 -0.019402
v -0.144083 -0.116616 -0.023118
v -0.142340 -0.119457 -0.011984
v -0.137601 -0.125593 0.006058
v -0.132327 -0.131547 0.019403
v -0.133757 -0.129984 0.016191
v -0.127636 -0.136474 0.028438
v -0.108553 -0.154284 0.047961
v -0.102218 -0.160131 0.053935
v -0.096379 -0.165151 0.056599
v -0.098178 -0.163684 0.056393
v -0.084628 -0.174194 0.053809
v -0.087225 -0.172249 0.054840
v -0.078991 -0.153122 0.060486
v -0.086824 -0.146759 0.059772
v -0.094388 -0.126736 0.050346
v -0.109863 -0.125772 0.040165
v -0.104153 -0.117820 0.041880
v -0.118746 -0.103039 0.017999
v -0.123971 -0.111387 0.016347
v -0.129616 -0.120062 0.014632
v -0.128845 -0.105628 0.002034
v -0.131676 -0.106094 -0.080254
v -0.110277 -0.107945 -0.094580
v -0.117688 -0.118093 0.029257
v -0.137660 -0.109846 -0.014463
v -0.132121 -0.101036 -0.013129
v -0.126972 -0.092591 -0.011753
v -0.124462 -0.088541 -0.058428
v -0.119970 -0.101076 -0.087733
v -0.146212 -0.147152 -0.085636
v -0.150269 -0.144363 -0.082102
v -0.149169 -0.145114 -0.083096
v -0.156949 -0.141551 -0.062577
v -0.159377 -0.141431 -0.048534
v -0.158888 -0.141402 -0.051775
v -0.158296 -0.141437 -0.055149
v -0.159925 -0.142234 -0.038974
v -0.158475 -0.145506 -0.022718
v -0.159311 -0.143985 -0.029273
v -0.157317 -0.147284 -0.016159
v -0.152045 -0.153979 0.002908
v -0.153099 -0.152737 -0.000161
v -0.148504 -0.157958 0.011723
v -0.149745 -0.156593 0.008857
v -0.141431 -0.165297 0.024638
v -0.133983 -0.172317 0.032790
v -0.127010 -0.178740 0.039277
v -0.129403 -0.176537 0.037056
v -0.120980 -0.184208 0.044210
v -0.109558 -0.175895 0.051027
v -0.105026 -0.169432 0.053559
v -0.118535 -0.157140 0.042176
v -0.127761 -0.169045 0.037317
v -0.139903 -0.136009 0.011155
v -0.151939 -0.144182 -0.005119
v -0.153348 -0.128318 -0.045441
v -0.143703 -0.122063 -0.072826
v -0.149179 -0.136602 -0.080508
v -0.118767 -0.177271 0.045223
v -0.114572 -0.171391 0.047249
v -0.142457 -0.154947 0.019340
v -0.138622 -0.148792 0.021458
v -0.150832 -0.128513 -0.059445
v -0.146687 -0.121386 -0.059646
v -0.144615 -0.139616 -0.085432
v -0.161723 -0.165067 -0.072740
v -0.165927 -0.163180 -0.059096
v -0.167127 -0.163294 -0.049954
v -0.166885 -0.163146 -0.052720
v -0.165813 -0.167495 -0.025644
v -0.166565 -0.166170 -0.031222
v -0.163535 -0.170764 -0.014513
v -0.164800 -0.169032 -0.020056
v -0.161191 -0.173694 -0.006399
v -0.156229 -0.179297 0.006163
v -0.153929 -0.181728 0.010709
v -0.146110 -0.189531 0.022421
v -0.142341 -0.193135 0.026212
v -0.132691 -0.201941 0.032271
v -0.124336 -0.197153 0.039498
v -0.135577 -0.179427 0.032388
v -0.148465 -0.181872 0.019517
v -0.153798 -0.161174 0.004137
v -0.158114 -0.171688 0.000566
v -0.157734 -0.156470 -0.007831
v -0.162217 -0.149609 -0.033035
v -0.164688 -0.153754 -0.045385
v -0.158830 -0.161366 -0.076918
v -0.156990 -0.155681 -0.078609
v -0.133081 -0.196280 0.034656
v -0.129887 -0.192444 0.037803
v -0.164399 -0.163706 -0.022165
v -0.162771 -0.158414 -0.021318
v -0.159962 -0.189858 -0.034709
v -0.160351 -0.190126 -0.030244
v -0.160306 -0.190015 -0.031378
v -0.160265 -0.190640 -0.026815
v -0.159387 -0.192075 -0.021176
v -0.158789 -0.192835 -0.019010
v -0.156723 -0.195138 -0.014004
v -0.153953 -0.197900 -0.009815
v -0.152694 -0.199089 -0.008421
v -0.153385 -0.196871 -0.005545
v -0.156027 -0.187092 0.001313
v -0.164291 -0.177231 -0.023693
v -0.165043 -0.174703 -0.023552
v -0.165473 -0.171804 -0.023290
v -0.166194 -0.170274 -0.051974
v -0.159817 -0.181340 -0.004650
v -0.166874 -0.169321 -0.033776
v -0.163338 -0.174742 -0.058602
v -0.163897 -0.171568 -0.062400
v -0.164021 -0.168075 -0.065891
v -0.159081 -0.191900 -0.031898
v -0.150436 -0.152511 -0.083314
v -0.137884 -0.136960 -0.089614
v -0.160939 -0.183251 -0.048943
v -0.131320 -0.129513 -0.091782
v -0.102903 -0.101053 -0.094968
v -0.160815 -0.184141 -0.047292
v -0.159706 -0.189886 -0.036162
v -0.158903 -0.192405 -0.030795
v -0.154281 -0.157658 -0.080756
v -0.157523 -0.195130 -0.021465
v -0.158250 -0.194081 -0.025054
v -0.158356 -0.193705 -0.027824
v -0.158489 -0.193410 -0.028750
v -0.125006 -0.122793 -0.093141
v -0.160179 -0.187556 -0.040711
v -0.160413 -0.186459 -0.042870
v -0.159445 -0.190764 -0.034320
v 0.023542 -0.116282 -0.043838
v 0.028844 -0.109917 -0.043069
v 0.038952 -0.096912 -0.041297
v 0.015567 -0.134311 -0.029751
v 0.026245 -0.124743 0.004658
v 0.010758 -0.107514 0.049925
v 0.020986 -0.094646 0.052001
v -0.025287 -0.132377 0.055240
v -0.157554 -0.195063 -0.024366
v -0.028544 -0.089644 0.072093
v -0.013221 -0.070303 0.075398
v -0.053198 -0.058213 0.064484
v -0.043375 -0.045034 0.066677
v -0.078314 -0.033849 0.031672
v -0.069042 -0.020242 0.033967
v -0.078586 -0.006466 -0.013299
v -0.104548 -0.050547 -0.037118
v -0.110008 -0.060596 -0.038941
v -0.078651 -0.021577 -0.060765
v -0.068731 -0.008391 -0.059221
v -0.093092 -0.054681 -0.075897
v -0.060960 -0.042824 -0.088664
v -0.058122 -0.066798 -0.095450
v -0.067334 -0.078975 -0.096843
v -0.019797 -0.074889 -0.095465
v -0.014640 -0.068382 -0.094894
v -0.004688 -0.055220 -0.093371
v -0.018893 -0.098655 -0.091932
v 0.011040 -0.102674 -0.071569
v 0.016296 -0.096259 -0.070903
v 0.005147 -0.134071 0.032627
v -0.099376 -0.045742 -0.003298
v -0.109685 -0.064994 -0.007062
v -0.101737 -0.050810 -0.052419
v -0.081564 -0.049657 -0.082950
v 0.021587 -0.125158 -0.032670
v 0.021018 -0.129964 0.007855
v -0.004125 -0.115782 0.053624
v -0.034955 -0.093391 0.071237
v -0.038778 -0.090265 0.070723
v -0.063771 -0.068865 0.059985
v -0.066082 -0.066740 0.057860
v -0.068367 -0.064614 0.055579
v -0.087319 -0.045526 0.025402
v -0.088673 -0.043970 0.021760
v -0.095436 -0.032911 -0.021718
v -0.095279 -0.032515 -0.025732
v -0.085997 -0.034807 -0.065301
v -0.058566 -0.053267 -0.092230
v -0.017914 -0.085576 -0.094003
v -0.015099 -0.088008 -0.092632
v 0.008519 -0.109977 -0.069028
v 0.022608 -0.127024 -0.024592
v 0.023064 -0.128449 -0.016422
v 0.016890 -0.128635 0.023069
v -0.015602 -0.107835 0.063171
v -0.018853 -0.105500 0.065227
v -0.046137 -0.084190 0.069309
v -0.074926 -0.058365 0.047883
v -0.092904 -0.038595 0.006454
v -0.094114 -0.031914 -0.037547
v -0.078164 -0.039382 -0.078353
v -0.042263 -0.065812 -0.096118
v -0.009772 -0.092709 -0.089256
v -0.004700 -0.097301 -0.085165
v 0.022949 -0.129420 -0.008238
v 0.022677 -0.129732 -0.004166
v 0.022265 -0.129927 -0.000119
v -0.025104 -0.100929 0.068561
v -0.054327 -0.077294 0.066683
v -0.080821 -0.052489 0.038973
v -0.084280 -0.048868 0.032404
v -0.094770 -0.035545 -0.005538
v -0.095366 -0.034017 -0.013633
v -0.090195 -0.032712 -0.055555
v -0.035285 -0.071351 -0.096474
v 0.000069 -0.101737 -0.080398
v 0.004490 -0.105976 -0.075001
v -0.151277 -0.188020 0.014086
v -0.156172 -0.192231 -0.006566
v -0.156110 -0.194195 -0.009353
v -0.162296 -0.179979 -0.014826
v -0.162797 -0.182367 -0.023854
v -0.163042 -0.179692 -0.044771
v -0.138338 -0.200693 0.027000
v -0.149099 -0.197401 0.005662
v -0.149832 -0.198546 0.001565
v -0.158958 -0.187242 -0.009970
v -0.158770 -0.189464 -0.011863
v -0.158393 -0.191785 -0.013843
v -0.163587 -0.180795 -0.031091
v -0.161722 -0.187069 -0.029648
v -0.154149 -0.190473 0.001886
v -0.163091 -0.180246 -0.021749
v -0.164515 -0.176526 -0.041620
v -0.164275 -0.176341 -0.045333
v -0.147285 -0.197640 0.010756
v -0.157620 -0.186854 -0.004585
v -0.163525 -0.176925 -0.051079
v -0.149373 -0.195267 0.008566
v -0.151324 -0.193280 0.006092
v -0.159842 -0.184373 -0.009997
v -0.161111 -0.182862 -0.013808
v -0.164530 -0.177519 -0.033886
v -0.157182 -0.162106 -0.077898
v -0.142399 -0.202971 0.013656
v 0.045784 -0.074592 -0.053935
v 0.038473 -0.067026 -0.067128
v -0.007097 -0.027303 -0.092141
v -0.020011 -0.017187 -0.090440
v -0.033683 -0.006963 -0.084901
v -0.067029 0.010116 -0.010872
v -0.062829 0.002518 0.021757
v -0.057485 -0.003698 0.036684
v -0.020155 -0.038522 0.074763
v 0.010227 -0.062731 0.073918
v 0.033470 -0.078826 0.054588
v 0.043846 -0.085320 0.040635
v 0.055276 -0.088368 -0.006351
v -0.091581 -0.083347 -0.092555
v -0.111022 -0.071042 -0.067476
v -0.116747 -0.072006 -0.024753
v -0.112169 -0.079732 0.006517
v -0.082372 -0.109684 0.053511
v -0.075659 -0.115956 0.060431
v -0.059806 -0.129237 0.064997
v -0.049128 -0.137265 0.060996
v -0.159262 -0.191354 -0.033070
v -0.131955 -0.117924 -0.087805
v -0.144623 -0.113322 -0.045155
v -0.144761 -0.115112 -0.030522
v -0.122109 -0.141917 0.036279
v -0.113021 -0.150252 0.044454
v -0.151999 -0.143230 -0.080164
v -0.154824 -0.141864 -0.073272
v -0.157935 -0.146363 -0.019435
v -0.150926 -0.155266 0.005917
v -0.145857 -0.160788 0.017201
v -0.117249 -0.187364 0.045524
v -0.112192 -0.191304 0.044684
v -0.160012 -0.166600 -0.074301
v -0.159353 -0.175840 -0.001199
v -0.155099 -0.180502 0.008476
v -0.150242 -0.185482 0.016894
v -0.160110 -0.189881 -0.033614
v -0.160023 -0.191130 -0.024534
v -0.157642 -0.194153 -0.015925
v -0.155690 -0.196197 -0.012216
v -0.161225 -0.180481 -0.053928
v -0.161127 -0.170315 -0.070466
v -0.158725 -0.192875 -0.029752
v 0.019017 -0.121572 -0.044444
v 0.000968 -0.119121 0.047948
v -0.085854 -0.047160 0.028953
v -0.091030 -0.041105 0.014236
v -0.065230 -0.048339 -0.089109
v 0.023078 -0.128992 -0.012326
v -0.078946 -0.054393 0.042075
v -0.092043 -0.032123 -0.048706
v -0.002274 -0.099541 -0.082863
v -0.155949 -0.188627 -0.001230
v -0.143731 -0.201688 0.013191
v -0.162523 -0.177822 -0.054777
v -0.057572 0.014815 0.015278
v -0.048705 0.018684 -0.055805
v 0.006339 -0.016916 -0.090609
v 0.013774 -0.022472 -0.090211
v 0.053180 -0.056231 -0.058727
v 0.032206 -0.037203 -0.082710
v -0.057613 0.021463 -0.029844
v -0.059764 0.020058 -0.009419
v -0.055785 0.021259 -0.037663
v -0.014130 -0.002182 -0.087860
v 0.059647 -0.063097 -0.044526
v -0.054659 0.020983 -0.041466
v 0.010068 -0.019688 -0.090512
v 0.054985 -0.058063 -0.055343
v -0.043129 0.015946 -0.065249
v 0.042470 -0.046126 -0.073629
v 0.049218 -0.052364 -0.065115
v 0.047071 -0.050338 -0.068102
v -0.039967 0.014346 -0.070281
v 0.062090 -0.066029 -0.036850
v 0.020634 -0.027757 -0.088764
v -0.055694 0.012262 0.023206
v -0.059616 0.020556 -0.013564
v -0.058890 0.021226 -0.021787
v 0.051574 -0.070481 0.046509
v 0.062863 -0.075010 0.020475
v 0.053982 -0.071732 0.042901
v -0.009138 -0.030102 0.077305
v 0.032602 -0.059502 0.067307
v -0.050313 0.006091 0.038151
v 0.060630 -0.074495 0.028221
v -0.038606 -0.005366 0.057242
v -0.023572 -0.018499 0.070972
v -0.044960 0.000647 0.048280
v 0.065928 -0.074288 0.000104
v 0.057794 -0.073488 0.035652
v 0.003521 -0.039841 0.079885
v 0.029426 -0.057501 0.069679
v 0.063971 -0.068589 -0.028887
v 0.022646 -0.053119 0.073988
v -0.026264 -0.016236 0.069116
v 0.043412 -0.065934 0.056659
v -0.031429 -0.011792 0.064862
v 0.061816 -0.074810 0.024387
v 0.016063 -0.048740 0.077325
v -0.015089 -0.025419 0.075380
v 0.065984 -0.072494 -0.012415
v -0.020809 -0.020786 0.072638
v -0.036295 -0.007471 0.059938
v -0.046862 0.002531 0.045023
v -0.033900 -0.009615 0.062480
v -0.126384 -0.202148 0.035017
v -0.150574 -0.200432 -0.004859
v -0.141741 -0.203564 0.013816
v -0.152014 -0.199806 -0.008092
v -0.156448 -0.196508 -0.020299
v -0.085702 -0.175362 0.053373
v -0.151342 -0.200109 -0.006565
v -0.146714 -0.202050 0.003712
v -0.121304 -0.199543 0.038524
v -0.115935 -0.196328 0.041472
v -0.125871 -0.201872 0.035352
v -0.147548 -0.201733 0.001912
v -0.153986 -0.198650 -0.013011
v -0.153080 -0.199205 -0.010712
v -0.143420 -0.203094 0.010471
v -0.060761 -0.154576 0.057459
v -0.134068 -0.204683 0.027407
v -0.131184 -0.204054 0.030792
v -0.155674 -0.197317 -0.017786
v -0.098265 -0.184739 0.049518
v -0.117807 -0.197437 0.040425
v -0.155089 -0.197855 -0.016005
v -0.149169 -0.201080 -0.001643
v -0.156911 -0.195951 -0.021922
v -0.082120 -0.128068 -0.018763
v -0.071473 -0.141596 0.019786
v -0.043230 -0.113556 0.022033
vn 0.2870 -0.1111 0.9515
vn 0.1325 -0.9409 -0.3116
vn 0.1380 -0.9422 -0.3053
vn 0.4249 -0.2214 0.8777
vn 0.3214 -0.2234 0.9202
vn -0.8780 0.2495 0.4085
vn -0.8793 0.2495 0.4058
vn -0.8707 0.2413 0.4285
vn -0.8709 0.2414 0.4281
vn -0.0809 0.9067 0.4140
vn -0.0810 0.9067 0.4139
vn -0.7944 0.1624 0.5853
vn -0.7944 0.1624 0.5852
vn -0.0268 0.8496 0.5267
vn -0.6940 0.0694 0.7166
vn -0.6941 0.0695 0.7165
vn 0.0590 0.7885 0.6122
vn 0.0227 0.8045 0.5935
vn -0.5701 -0.0363 0.8208
vn -0.5702 -0.0363 0.8207
vn -0.2922 0.3506 0.8898
vn 0.0640 0.2298 0.9711
vn -0.4364 -0.1440 0.8882
vn -0.4366 -0.1439 0.8881
vn -0.3405 0.0011 0.9403
vn -0.1341 -0.0294 0.9905
vn -0.2861 -0.2594 0.9224
vn -0.2862 -0.2593 0.9224
vn -0.1946 -0.1310 0.9721
vn -0.2069 -0.1288 0.9699
vn -0.1373 -0.3681 0.9196
vn -0.1375 -0.3680 0.9196
vn 0.0190 -0.1634 0.9864
vn -0.1981 -0.1167 0.9732
vn 0.0130 -0.4731 0.8809
vn 0.0128 -0.4730 0.8810
vn 0.1316 -0.0823 0.9879
vn 0.1564 -0.5682 0.8079
vn 0.1563 -0.5682 0.8079
vn 0.2856 -0.6489 0.7052
vn 0.2854 -0.6489 0.7054
vn 0.6631 -0.0805 0.7442
vn 0.3823 -0.1280 0.9152
vn 0.4026 -0.7160 0.5704
vn 0.4024 -0.7160 0.5705
vn 0.8283 0.1772 0.5315
vn 0.5157 0.1246 0.8477
vn 0.4950 -0.7626 0.4163
vn 0.4949 -0.7626 0.4164
vn 0.8954 0.1820 0.4063
vn -0.7907 0.1588 0.5913
vn -0.0242 0.8470 0.5311
vn 0.4974 -0.7636 0.4116
vn 0.4973 -0.7636 0.4118
vn 0.8971 0.1813 0.4029
vn 0.5638 -0.7890 0.2443
vn 0.5637 -0.7890 0.2445
vn 0.9450 0.1648 0.2826
vn 0.6067 -0.7933 0.0518
vn 0.6066 -0.7933 0.0518
vn 0.9759 0.1633 0.1445
vn 0.6178 -0.7758 -0.1288
vn 0.6177 -0.7758 -0.1287
vn 0.9840 0.1773 0.0154
vn 0.9840 0.1773 0.0153
vn 0.2901 -0.6516 0.7009
vn 0.2899 -0.6515 0.7010
vn 0.7152 0.0695 0.6954
vn 0.4493 -0.0103 0.8933
vn 0.9683 0.2115 -0.1331
vn 0.9673 0.2111 -0.1404
vn -0.1338 -0.3705 0.9191
vn -0.1339 -0.3705 0.9191
vn 0.1023 -0.0566 0.9931
vn -0.1351 -0.0307 0.9904
vn 0.1575 -0.5689 0.8072
vn 0.1573 -0.5688 0.8073
vn 0.4630 -0.1595 0.8719
vn 0.3491 -0.1811 0.9194
vn 0.5992 -0.7345 -0.3185
vn 0.5992 -0.7343 -0.3190
vn 0.9708 0.2073 -0.1210
vn 0.9707 0.2074 -0.1211
vn 0.6061 -0.7934 0.0562
vn 0.6060 -0.7935 0.0563
vn 0.9755 0.1631 0.1477
vn 0.3996 -0.7143 0.5746
vn 0.3994 -0.7143 0.5747
vn 0.8264 0.2149 0.5204
vn 0.7804 0.1986 0.5929
vn -0.2841 -0.2608 0.9227
vn -0.2842 -0.2607 0.9226
vn -0.1876 -0.1260 0.9741
vn -0.2035 -0.1240 0.9712
vn 0.5633 -0.7889 0.2458
vn 0.5632 -0.7889 0.2459
vn 0.9446 0.1649 0.2837
vn 0.0130 -0.4730 0.8810
vn 0.0128 -0.4729 0.8810
vn -0.5708 -0.0358 0.8203
vn -0.5709 -0.0358 0.8202
vn -0.1276 0.5157 0.8472
vn 0.1608 0.3506 0.9226
vn -0.4324 -0.1472 0.8896
vn -0.4325 -0.1471 0.8895
vn -0.2528 0.1120 0.9610
vn -0.0765 0.0475 0.9959
vn 0.6176 -0.7744 -0.1370
vn 0.6176 -0.7745 -0.1369
vn 0.9839 0.1782 0.0095
vn 0.9839 0.1783 0.0095
vn -0.6897 0.0657 0.7211
vn -0.6898 0.0657 0.7210
vn -0.0947 0.7081 0.6997
vn 0.2929 0.5083 0.8099
vn -0.9471 -0.2227 0.2311
vn -0.0840 0.9101 0.4057
vn 0.5941 -0.7277 -0.3428
vn 0.5942 -0.7271 -0.3439
vn -0.9451 -0.2247 0.2374
vn -0.9429 -0.2233 0.2470
vn -0.0895 0.9153 0.3926
vn -0.0872 0.9121 0.4006
vn -0.8070 -0.3594 0.4687
vn -0.8069 -0.3594 0.4687
vn 0.1498 -0.9757 -0.1602
vn -0.6184 -0.5145 0.5940
vn -0.7199 -0.4332 0.5422
vn -0.7200 -0.4332 0.5422
vn -0.2905 -0.7538 0.5894
vn -0.2904 -0.7538 0.5894
vn 0.1117 -0.9864 0.1206
vn -0.5093 -0.5978 0.6191
vn -0.0067 -0.9317 0.3631
vn 0.1422 -0.9897 -0.0186
vn 0.1360 -0.9463 -0.2934
vn 0.1361 -0.9462 -0.2935
vn -0.1841 -0.8245 0.5350
vn -0.3986 -0.6784 0.6172
vn -0.3985 -0.6784 0.6172
vn 0.1333 -0.9404 -0.3130
vn -0.0868 -0.8855 0.4565
vn 0.1499 -0.9766 -0.1542
vn 0.1427 -0.9895 -0.0219
vn 0.1426 -0.9895 -0.0219
vn 0.1120 -0.9865 0.1195
vn 0.1121 -0.9865 0.1195
vn 0.0643 -0.9680 0.2427
vn 0.0643 -0.9680 0.2428
vn -0.8807 -0.2915 0.3732
vn 0.0626 -0.9672 0.2462
vn -0.0044 -0.9329 0.3600
vn -0.0901 -0.8835 0.4597
vn -0.1849 -0.8240 0.5355
vn -0.4012 -0.6766 0.6175
vn -0.5108 -0.5967 0.6189
vn -0.6214 -0.5122 0.5929
vn -0.6213 -0.5122 0.5929
vn -0.7194 -0.4336 0.5426
vn -0.8101 -0.3567 0.4654
vn -0.8101 -0.3566 0.4653
vn -0.8835 -0.2889 0.3688
vn -0.9393 -0.2313 0.2535
vn -0.9393 -0.2313 0.2533
vn 0.9687 0.2105 -0.1318
vn 0.6483 -0.4346 -0.6252
vn -0.3468 0.1345 -0.9282
vn -0.3649 0.1474 -0.9193
vn -0.5905 -0.7985 -0.1172
vn -0.5905 -0.7985 -0.1171
vn -0.3858 0.1221 -0.9145
vn -0.7081 0.5071 0.4913
vn -0.7308 0.5209 0.4411
vn -0.7792 0.5516 0.2976
vn -0.7790 0.5513 0.2988
vn -0.8060 0.5826 0.1044
vn -0.7959 0.6010 -0.0723
vn -0.7928 0.6018 -0.0963
vn -0.7470 0.5966 -0.2935
vn -0.7495 0.5968 -0.2863
vn -0.6776 0.5706 -0.4640
vn -0.5804 0.5217 -0.6253
vn -0.4644 0.4553 -0.7597
vn -0.3061 0.3561 -0.8829
vn -0.1983 0.2840 -0.9381
vn -0.0195 0.1588 -0.9871
vn 0.1330 0.0461 -0.9900
vn 0.2841 -0.0713 -0.9561
vn 0.4248 -0.1847 -0.8862
vn 0.4192 -0.1806 -0.8897
vn 0.5494 -0.2929 -0.7825
vn 0.5629 -0.3063 -0.7677
vn 0.6466 -0.3845 -0.6588
vn 0.7504 -0.4694 -0.4653
vn 0.7623 -0.4780 -0.4363
vn 0.7807 -0.4897 -0.3883
vn 0.8060 -0.5045 -0.3095
vn 0.8796 -0.3751 -0.2928
vn 0.8837 -0.3800 -0.2734
vn 0.9027 -0.4225 -0.0812
vn 0.9025 -0.4230 -0.0812
vn 0.8913 -0.4399 0.1102
vn 0.8905 -0.4410 0.1119
vn 0.8473 -0.4372 0.3016
vn 0.8476 -0.4359 0.3025
vn 0.7780 -0.4101 0.4759
vn 0.7638 -0.4137 0.4955
vn 0.4619 -0.3417 0.8184
vn 0.2529 -0.3209 0.9127
vn 0.2528 -0.3209 0.9128
vn 0.2528 -0.3208 0.9128
vn 0.1954 -0.2395 0.9510
vn 0.1489 -0.0473 0.9877
vn 0.2753 0.0437 0.9604
vn 0.3067 0.1870 0.9333
vn 0.3818 0.2652 0.8854
vn 0.1989 0.4702 0.8599
vn 0.1423 0.4676 0.8724
vn 0.0504 0.4553 0.8889
vn -0.0504 0.4064 0.9123
vn -0.1919 0.3424 0.9198
vn -0.4570 0.4445 0.7704
vn -0.5359 0.5342 0.6538
vn -0.5365 0.5340 0.6534
vn -0.6170 0.6143 0.4919
vn -0.6252 0.6244 0.4681
vn -0.6186 0.6242 0.4772
vn -0.0877 0.9138 0.3966
vn -0.5904 -0.7986 -0.1169
vn -0.9580 -0.2152 0.1897
vn -0.0926 0.9310 0.3530
vn -0.2173 0.5041 -0.8359
vn 0.1067 -0.9082 -0.4047
vn 0.1084 -0.9047 -0.4121
vn -0.0805 0.3951 -0.9151
vn -0.1909 0.4011 -0.8959
vn -0.9138 0.2949 0.2792
vn -0.9137 0.2931 0.2816
vn -0.9180 0.3014 0.2577
vn -0.9180 0.3011 0.2582
vn -0.1145 0.9494 0.2926
vn -0.1146 0.9493 0.2928
vn -0.9366 0.3429 0.0718
vn -0.9366 0.3428 0.0719
vn -0.1286 0.9789 0.1590
vn -0.9248 0.3623 -0.1165
vn -0.9248 0.3623 -0.1164
vn -0.1210 0.9924 0.0241
vn -0.8819 0.3594 -0.3050
vn -0.8820 0.3594 -0.3049
vn -0.0921 0.9895 -0.1115
vn -0.8139 0.3351 -0.4747
vn -0.8140 0.3350 -0.4745
vn -0.0449 0.9712 -0.2339
vn -0.7173 0.2880 -0.6344
vn -0.7175 0.2880 -0.6343
vn 0.0105 0.9339 -0.3575
vn 0.0411 0.9247 -0.3785
vn -0.6039 0.2240 -0.7650
vn -0.6040 0.2241 -0.7648
vn -0.1592 0.7568 -0.6339
vn 0.0706 0.6724 -0.7368
vn -0.4720 0.1425 -0.8700
vn -0.4722 0.1425 -0.8699
vn -0.2172 0.5040 -0.8360
vn -0.1199 0.4851 -0.8662
vn -0.3287 0.0474 -0.9432
vn -0.3288 0.0474 -0.9432
vn -0.1817 -0.0559 -0.9818
vn -0.1819 -0.0558 -0.9817
vn 0.1822 0.4314 -0.8836
vn -0.0268 0.4445 -0.8954
vn -0.0283 -0.1692 -0.9852
vn -0.0285 -0.1691 -0.9852
vn 0.2776 0.2440 -0.9292
vn 0.2878 0.2423 -0.9265
vn 0.1159 -0.2815 -0.9526
vn 0.1157 -0.2814 -0.9526
vn 0.4734 0.2145 -0.8544
vn 0.2801 0.2312 -0.9317
vn -0.9367 0.3441 0.0640
vn -0.1288 0.9797 0.1534
vn 0.1200 -0.2846 -0.9511
vn 0.1198 -0.2846 -0.9511
vn 0.5283 0.3031 -0.7931
vn 0.3268 0.2982 -0.8968
vn 0.2509 -0.3920 -0.8851
vn 0.2508 -0.3919 -0.8852
vn 0.7196 0.4441 -0.5338
vn 0.4448 0.4749 -0.7594
vn 0.3765 -0.5012 -0.7791
vn 0.3764 -0.5011 -0.7792
vn 0.8110 0.3726 -0.4511
vn 0.8006 0.3769 -0.4659
vn 0.4724 -0.5912 -0.6537
vn 0.4723 -0.5912 -0.6538
vn 0.8799 0.3095 -0.3605
vn -0.1763 -0.0598 -0.9825
vn -0.1764 -0.0597 -0.9825
vn 0.1194 0.3418 -0.9322
vn 0.3501 0.3321 -0.8759
vn 0.9402 0.2471 -0.2344
vn 0.9428 0.2423 -0.2291
vn -0.6010 0.2224 -0.7677
vn -0.6011 0.2224 -0.7676
vn -0.2905 0.6445 -0.7072
vn -0.0095 0.6002 -0.7998
vn -0.3275 0.0466 -0.9437
vn -0.3277 0.0467 -0.9436
vn -0.0342 0.4479 -0.8934
vn -0.1596 0.4392 -0.8841
vn 0.5504 -0.6727 -0.4946
vn 0.5507 -0.6727 -0.4942
vn 0.9361 0.2513 -0.2461
vn 0.9362 0.2513 -0.2459
vn 0.3739 -0.4988 -0.7819
vn 0.8091 0.3743 -0.4531
vn -0.0326 -0.1658 -0.9856
vn -0.0328 -0.1658 -0.9856
vn 0.2673 0.2391 -0.9335
vn 0.2852 0.2386 -0.9283
vn -0.7159 0.2873 -0.6364
vn -0.7160 0.2873 -0.6362
vn -0.1419 0.8814 -0.4507
vn 0.1979 0.7669 -0.6106
vn 0.2498 -0.3911 -0.8858
vn 0.2497 -0.3910 -0.8859
vn 0.6948 0.3377 -0.6349
vn 0.3798 0.3761 -0.8452
vn -0.4720 0.1426 -0.8700
vn -0.4722 0.1426 -0.8699
vn -0.8822 0.3594 -0.3041
vn -0.8823 0.3594 -0.3040
vn -0.0923 0.9895 -0.1108
vn -0.8116 0.3340 -0.4793
vn -0.8117 0.3340 -0.4792
vn -0.0433 0.9705 -0.2373
vn 0.4762 -0.5950 -0.6475
vn 0.8827 0.3068 -0.3560
vn 0.8827 0.3068 -0.3561
vn -0.9237 0.3626 -0.1236
vn -0.9237 0.3626 -0.1235
vn -0.1204 0.9925 0.0189
vn -0.9688 -0.1952 0.1527
vn -0.1128 0.9467 0.3016
vn 0.5583 -0.6823 -0.4720
vn 0.5590 -0.6824 -0.4710
vn -0.9703 -0.1927 0.1465
vn -0.9726 -0.1857 0.1399
vn -0.1108 0.9423 0.3158
vn -0.1130 0.9448 0.3076
vn -0.9784 -0.1418 -0.1503
vn 0.0463 -0.8443 -0.5339
vn -0.8970 -0.1609 -0.4117
vn -0.8970 -0.1609 -0.4118
vn -0.9484 -0.1432 -0.2828
vn -0.9484 -0.1432 -0.2827
vn -0.6477 -0.3005 -0.7002
vn -0.1182 -0.6945 -0.7097
vn -0.1183 -0.6945 -0.7097
vn -0.8269 -0.1948 -0.5275
vn -0.3246 -0.5282 -0.7846
vn -0.0279 -0.7737 -0.6329
vn -0.0280 -0.7737 -0.6329
vn 0.1005 -0.9012 -0.4216
vn 0.1006 -0.9012 -0.4215
vn -0.5413 -0.3712 -0.7545
vn -0.5412 -0.3712 -0.7545
vn -0.7425 -0.2419 -0.6246
vn 0.1082 -0.9085 -0.4038
vn -0.4300 -0.4499 -0.7828
vn -0.4300 -0.4499 -0.7827
vn 0.0434 -0.8415 -0.5385
vn 0.0435 -0.8415 -0.5385
vn -0.0261 -0.7754 -0.6309
vn -0.0260 -0.7755 -0.6309
vn -0.1175 -0.6952 -0.7092
vn -0.1174 -0.6952 -0.7092
vn -0.2130 -0.6161 -0.7584
vn -0.2130 -0.6160 -0.7584
vn -0.9877 -0.1558 -0.0129
vn -0.2160 -0.6137 -0.7594
vn -0.3214 -0.5307 -0.7843
vn -0.3213 -0.5307 -0.7843
vn -0.4341 -0.4470 -0.7822
vn -0.5421 -0.3707 -0.7542
vn -0.5421 -0.3707 -0.7541
vn -0.6476 -0.3005 -0.7002
vn -0.7446 -0.2407 -0.6226
vn -0.8280 -0.1942 -0.5261
vn -0.8987 -0.1603 -0.4083
vn -0.9482 -0.1433 -0.2834
vn -0.9792 -0.1421 -0.1451
vn -0.9876 -0.1568 -0.0072
vn -0.9737 -0.1876 0.1291
vn -0.9737 -0.1877 0.1292
vn 0.9398 0.2471 -0.2360
vn 0.7835 -0.6061 -0.1373
vn 0.1478 -0.4931 0.8573
vn 0.1300 -0.4806 0.8673
vn -0.5904 -0.7985 -0.1172
vn -0.5904 -0.7985 -0.1171
vn -0.5904 -0.7986 -0.1171
vn 0.1054 -0.5013 0.8588
vn -0.7621 0.5756 0.2965
vn -0.7564 0.5533 0.3489
vn -0.7275 0.4859 0.4844
vn -0.7279 0.4866 0.4831
vn -0.6566 0.3930 0.6438
vn -0.5634 0.3059 0.7675
vn -0.5493 0.2929 0.7826
vn -0.4192 0.1806 0.8898
vn -0.4249 0.1848 0.8862
vn -0.2842 0.0714 0.9561
vn -0.1329 -0.0462 0.9900
vn 0.0195 -0.1588 0.9871
vn 0.1983 -0.2840 0.9381
vn 0.3060 -0.3561 0.8829
vn 0.4644 -0.4553 0.7596
vn 0.5804 -0.5217 0.6253
vn 0.6776 -0.5706 0.4640
vn 0.7495 -0.5968 0.2866
vn 0.7470 -0.5966 0.2935
vn 0.7928 -0.6018 0.0963
vn 0.7956 -0.6016 0.0721
vn 0.8056 -0.5863 -0.0846
vn 0.7931 -0.5236 -0.3112
vn 0.7886 -0.5114 -0.3414
vn 0.7806 -0.4896 -0.3885
vn 0.7640 -0.4512 -0.4613
vn 0.8414 -0.3266 -0.4306
vn 0.8352 -0.3185 -0.4482
vn 0.7562 -0.2366 -0.6100
vn 0.7559 -0.2370 -0.6102
vn 0.6551 -0.1402 -0.7424
vn 0.6489 -0.1317 -0.7494
vn 0.4205 0.1334 -0.8974
vn 0.5088 0.2044 -0.8363
vn 0.4480 0.3438 -0.8253
vn 0.4592 0.3804 -0.8027
vn 0.2199 0.4926 -0.8420
vn 0.0737 0.4322 -0.8988
vn 0.0347 0.2987 -0.9537
vn -0.2068 0.3134 -0.9268
vn -0.2529 0.3209 -0.9127
vn -0.2528 0.3208 -0.9128
vn -0.2528 0.3209 -0.9128
vn -0.3522 0.4730 -0.8076
vn -0.5493 0.6961 -0.4622
vn -0.5567 0.7096 -0.4319
vn -0.6267 0.7350 -0.2588
vn -0.6260 0.7360 -0.2578
vn -0.6699 0.7393 -0.0679
vn -0.6710 0.7385 -0.0665
vn -0.6825 0.7202 0.1246
vn -0.6829 0.7197 0.1251
vn -0.6654 0.6759 0.3169
vn -0.6601 0.6686 0.3424
vn -0.6585 0.6748 0.3332
vn -0.1113 0.9437 0.3115
vn -0.5904 -0.7987 -0.1165
vn -0.8950 0.2813 0.3462
vn -0.8949 0.2815 0.3462
vn -0.8944 0.2811 0.3478
vn -0.8951 0.2813 0.3458
vn -0.8950 0.2813 0.3461
vn 0.2524 -0.3206 0.9130
vn -0.7618 0.0236 0.6473
vn -0.7687 0.0698 0.6358
vn 0.8968 -0.4373 -0.0680
vn 0.8928 -0.4282 -0.1398
vn 0.8894 -0.4202 -0.1800
vn 0.8850 -0.4095 -0.2217
vn -0.8576 0.1238 0.4992
vn -0.8437 0.1738 0.5078
vn -0.7476 0.0078 0.6641
vn -0.8344 0.0624 0.5476
vn -0.7778 0.0424 0.6271
vn -0.7681 0.0208 0.6400
vn -0.7832 0.0252 0.6213
vn -0.7802 0.0349 0.6246
vn 0.8239 -0.4306 0.3686
vn 0.9177 -0.3764 -0.1269
vn 0.9050 -0.4008 -0.1425
vn 0.9158 -0.3651 -0.1673
vn 0.9042 -0.3901 -0.1740
vn 0.9159 -0.3929 -0.0825
vn 0.9116 -0.4055 -0.0671
vn 0.9268 -0.3677 -0.0768
vn 0.9321 -0.3546 -0.0738
vn 0.9252 -0.3779 -0.0333
vn 0.9304 -0.3652 -0.0305
vn 0.9265 -0.3569 -0.1198
vn 0.9243 -0.3454 -0.1624
vn 0.9318 -0.3436 -0.1168
vn 0.9298 -0.3320 -0.1593
vn 0.8626 -0.4213 0.2799
vn 0.8444 -0.4264 0.3243
vn 0.8786 -0.4155 0.2354
vn 0.8924 -0.4088 0.1908
vn 0.8984 -0.3281 -0.2919
vn 0.8866 -0.3540 -0.2977
vn 0.8875 -0.3125 -0.3386
vn 0.8757 -0.3385 -0.3444
vn 0.9060 -0.3410 -0.2508
vn 0.9118 -0.3533 -0.2092
vn 0.8942 -0.3667 -0.2567
vn 0.9002 -0.3788 -0.2150
vn 0.9145 -0.3210 -0.2462
vn 0.9201 -0.3072 -0.2430
vn 0.9203 -0.3335 -0.2046
vn 0.9258 -0.3198 -0.2015
vn 0.9070 -0.3080 -0.2872
vn 0.8961 -0.2923 -0.3339
vn 0.9126 -0.2941 -0.2839
vn 0.9018 -0.2784 -0.3306
vn -0.8465 0.0877 0.5251
vn -0.8127 0.0490 0.5806
vn -0.8251 0.0863 0.5583
vn -0.8744 0.1372 0.4655
vn -0.8950 0.2812 0.3463
vn -0.8694 0.0983 0.4842
vn -0.8097 0.0442 0.5852
vn -0.8528 0.0923 0.5140
vn -0.7823 0.0280 0.6223
vn -0.8048 0.0516 0.5913
vn 0.9089 -0.4140 0.0509
vn 0.2523 -0.3206 0.9130
vn 0.9017 -0.4216 0.0954
vn 0.8926 -0.4286 0.1399
vn 0.9090 -0.4048 0.0991
vn 0.9138 -0.3933 0.1016
vn 0.8996 -0.4124 0.1438
vn 0.9042 -0.4014 0.1461
vn 0.9164 -0.3965 0.0548
vn 0.9218 -0.3875 0.0107
vn 0.9213 -0.3846 0.0574
vn 0.9268 -0.3752 0.0134
vn 0.8690 -0.3244 -0.3737
vn -0.6724 0.1447 0.7259
vn -0.7184 0.0230 0.6953
vn -0.6426 0.1263 0.7557
vn -0.6887 0.0048 0.7250
vn -0.7004 0.1627 0.6950
vn -0.7268 0.1802 0.6628
vn -0.7463 0.0409 0.6643
vn -0.7725 0.0584 0.6323
vn -0.6331 0.2861 0.7192
vn -0.6306 0.2957 0.7176
vn -0.6571 0.3077 0.6881
vn -0.6545 0.3162 0.6867
vn -0.6077 0.2639 0.7490
vn -0.5808 0.2411 0.7775
vn -0.6039 0.2711 0.7495
vn -0.5768 0.2491 0.7780
vn -0.2339 -0.0885 0.9682
vn -0.2592 -0.1954 0.9459
vn -0.2183 -0.0950 0.9713
vn -0.2387 -0.1992 0.9504
vn -0.2592 -0.0770 0.9627
vn -0.2944 -0.0604 0.9538
vn -0.2945 -0.1823 0.9381
vn -0.3331 -0.1691 0.9276
vn -0.2402 -0.0297 0.9703
vn -0.2330 -0.0195 0.9723
vn -0.2695 -0.0068 0.9630
vn -0.2610 0.0046 0.9653
vn -0.2204 -0.0444 0.9744
vn -0.2102 -0.0507 0.9763
vn -0.2150 -0.0349 0.9760
vn -0.2069 -0.0411 0.9775
vn 0.3582 -0.3415 0.8689
vn 0.3300 -0.3987 0.8556
vn 0.3997 -0.3568 0.8444
vn 0.3724 -0.4113 0.8319
vn 0.3201 -0.3270 0.8892
vn 0.2816 -0.3119 0.9074
vn 0.2907 -0.3869 0.8751
vn 0.2520 -0.3738 0.8926
vn 0.2665 -0.3997 0.8770
vn 0.2684 -0.3973 0.8776
vn 0.2341 -0.3765 0.8964
vn 0.2361 -0.3741 0.8969
vn 0.2988 -0.4225 0.8557
vn 0.3339 -0.4467 0.8300
vn 0.3005 -0.4201 0.8563
vn 0.3354 -0.4446 0.8306
vn 0.7908 -0.4550 0.4093
vn 0.8002 -0.4318 0.4163
vn 0.8141 -0.4563 0.3591
vn 0.8252 -0.4273 0.3693
vn 0.7623 -0.4522 0.4630
vn 0.7286 -0.4476 0.5184
vn 0.7704 -0.4362 0.4650
vn 0.7354 -0.4409 0.5145
vn 0.6741 -0.5843 0.4518
vn 0.6670 -0.5876 0.4580
vn 0.6356 -0.5751 0.5150
vn 0.6266 -0.5748 0.5262
vn 0.7052 -0.5913 0.3912
vn 0.7288 -0.5963 0.3367
vn 0.6991 -0.5980 0.3919
vn 0.7232 -0.6035 0.3358
vn 0.9057 -0.4030 -0.1320
vn 0.9345 -0.3368 -0.1153
vn 0.9029 -0.3928 -0.1746
vn 0.9324 -0.3251 -0.1577
vn 0.9067 -0.4123 -0.0889
vn 0.9060 -0.4208 -0.0454
vn 0.9347 -0.3481 -0.0724
vn 0.9329 -0.3588 -0.0291
vn 0.8130 -0.5705 -0.1167
vn 0.8053 -0.5810 -0.1182
vn 0.8128 -0.5780 -0.0728
vn 0.8052 -0.5883 -0.0741
vn 0.8115 -0.5619 -0.1602
vn 0.8084 -0.5524 -0.2032
vn 0.8037 -0.5726 -0.1617
vn 0.8006 -0.5632 -0.2047
vn -0.8489 0.2769 0.4502
vn -0.8329 0.2619 0.4876
vn -0.8632 0.2916 0.4121
vn -0.8777 0.3080 0.3671
vn -0.7849 0.4353 0.4409
vn -0.7824 0.4397 0.4410
vn -0.7991 0.4523 0.3959
vn -0.7966 0.4564 0.3965
vn -0.7711 0.4197 0.4789
vn -0.7558 0.4032 0.5160
vn -0.7685 0.4238 0.4793
vn -0.7532 0.4075 0.5164
vn -0.5428 0.0684 0.8370
vn -0.5891 -0.0515 0.8064
vn -0.5062 0.0483 0.8610
vn -0.5525 -0.0708 0.8305
vn -0.5777 0.0881 0.8115
vn -0.6110 0.1074 0.7843
vn -0.6239 -0.0325 0.7808
vn -0.6571 -0.0138 0.7536
vn -0.5221 0.1934 0.8306
vn -0.5206 0.2112 0.8272
vn -0.5523 0.2176 0.8047
vn -0.5509 0.2334 0.8013
vn -0.4903 0.1681 0.8552
vn -0.4569 0.1417 0.8782
vn -0.4846 0.1795 0.8561
vn -0.4501 0.1542 0.8796
vn -0.1160 -0.1407 0.9832
vn -0.1318 -0.2280 0.9647
vn -0.0303 -0.1799 0.9832
vn -0.0514 -0.2584 0.9647
vn -0.1804 -0.1109 0.9773
vn -0.2140 -0.0958 0.9721
vn -0.2096 -0.1934 0.9585
vn -0.2458 -0.1838 0.9517
vn -0.1832 -0.0649 0.9809
vn -0.1847 -0.0539 0.9813
vn -0.2115 -0.0465 0.9763
vn -0.2111 -0.0355 0.9768
vn -0.1235 -0.1086 0.9864
vn -0.0423 -0.1697 0.9846
vn -0.1253 -0.0992 0.9871
vn -0.0428 -0.1632 0.9857
vn 0.5366 -0.4031 0.7413
vn 0.5153 -0.4452 0.7323
vn 0.5710 -0.4134 0.7093
vn 0.5592 -0.4509 0.6957
vn 0.4947 -0.3897 0.7768
vn 0.4479 -0.3739 0.8122
vn 0.4731 -0.4360 0.7656
vn 0.4240 -0.4243 0.8001
vn 0.4144 -0.5003 0.7603
vn 0.4151 -0.4984 0.7611
vn 0.3752 -0.4746 0.7962
vn 0.3765 -0.4728 0.7967
vn 0.4484 -0.5210 0.7262
vn 0.4754 -0.5350 0.6984
vn 0.4483 -0.5186 0.7281
vn 0.4739 -0.5313 0.7022
vn 0.8629 -0.4534 0.2234
vn 0.8805 -0.4109 0.2364
vn 0.8749 -0.4503 0.1781
vn 0.8944 -0.4039 0.1919
vn 0.8488 -0.4554 0.2687
vn 0.8326 -0.4564 0.3139
vn 0.8644 -0.4172 0.2808
vn 0.8460 -0.4227 0.3251
vn 0.7609 -0.6008 0.2450
vn 0.7548 -0.6089 0.2440
vn 0.7459 -0.5992 0.2909
vn 0.7401 -0.6068 0.2899
vn 0.7740 -0.6011 0.1991
vn 0.7851 -0.6001 0.1534
vn 0.7676 -0.6096 0.1981
vn 0.7784 -0.6090 0.1523
vn 0.8846 -0.3578 -0.2990
vn 0.9154 -0.2870 -0.2822
vn 0.8737 -0.3425 -0.3456
vn 0.9045 -0.2713 -0.3290
vn 0.8924 -0.3702 -0.2582
vn 0.8984 -0.3819 -0.2167
vn 0.9229 -0.3001 -0.2414
vn 0.9285 -0.3128 -0.1999
vn 0.7974 -0.5306 -0.2876
vn 0.7894 -0.5415 -0.2891
vn 0.8037 -0.5419 -0.2458
vn 0.7958 -0.5528 -0.2473
vn 0.7895 -0.5183 -0.3286
vn 0.7784 -0.5030 -0.3756
vn 0.7815 -0.5294 -0.3302
vn 0.7703 -0.5141 -0.3772
vn -0.7744 0.2142 0.5954
vn -0.7515 0.1974 0.6295
vn -0.7971 0.0757 0.5990
vn -0.7956 0.2305 0.5603
vn -0.8150 0.2463 0.5245
vn -0.7207 0.3676 0.5877
vn -0.7183 0.3740 0.5867
vn -0.7389 0.3858 0.5524
vn -0.7365 0.3916 0.5515
vn -0.7010 0.3485 0.6222
vn -0.6799 0.3286 0.6556
vn -0.6980 0.3537 0.6226
vn -0.6766 0.3341 0.6562
vn -0.3849 -0.0155 0.9228
vn -0.4290 -0.1302 0.8939
vn -0.3407 -0.0377 0.9394
vn -0.3824 -0.1499 0.9118
vn -0.4274 0.0064 0.9041
vn -0.4677 0.0276 0.8834
vn -0.4728 -0.1102 0.8742
vn -0.5140 -0.0903 0.8530
vn -0.3857 0.0852 0.9187
vn -0.3759 0.1003 0.9212
vn -0.4219 0.1139 0.8995
vn -0.4167 0.1328 0.8993
vn -0.3482 0.0555 0.9358
vn -0.3095 0.0248 0.9506
vn -0.3384 0.0698 0.9384
vn -0.3002 0.0380 0.9531
vn 0.1902 -0.2750 0.9424
vn 0.1595 -0.3398 0.9269
vn 0.2394 -0.2951 0.9250
vn 0.2089 -0.3584 0.9099
vn 0.1317 -0.2506 0.9591
vn 0.0600 -0.2198 0.9737
vn 0.1024 -0.3174 0.9427
vn 0.0301 -0.2884 0.9570
vn 0.1057 -0.2816 0.9537
vn 0.1075 -0.2787 0.9543
vn 0.0417 -0.2333 0.9715
vn 0.0428 -0.2294 0.9724
vn 0.1565 -0.3195 0.9346
vn 0.1984 -0.3505 0.9153
vn 0.1585 -0.3171 0.9351
vn 0.2005 -0.3480 0.9158
vn 0.6554 -0.4342 0.6180
vn 0.6576 -0.4498 0.6044
vn 0.6900 -0.4410 0.5739
vn 0.6956 -0.4456 0.5635
vn 0.6244 -0.4273 0.6539
vn 0.5964 -0.4204 0.6837
vn 0.6217 -0.4526 0.6393
vn 0.5879 -0.4533 0.6700
vn 0.5206 -0.5476 0.6551
vn 0.5108 -0.5394 0.6694
vn 0.4950 -0.5412 0.6798
vn 0.4919 -0.5361 0.6861
vn 0.5523 -0.5549 0.6221
vn 0.5907 -0.5637 0.5773
vn 0.5417 -0.5562 0.6302
vn 0.5798 -0.5669 0.5852
vn 0.8992 -0.4353 0.0432
vn 0.9237 -0.3787 0.0587
vn 0.9035 -0.4285 -0.0012
vn 0.9293 -0.3691 0.0148
vn 0.8931 -0.4413 0.0878
vn 0.8850 -0.4463 0.1328
vn 0.9160 -0.3877 0.1029
vn 0.9063 -0.3961 0.1472
vn 0.8016 -0.5946 0.0619
vn 0.7945 -0.6042 0.0607
vn 0.7943 -0.5979 0.1074
vn 0.7874 -0.6072 0.1063
vn 0.8071 -0.5902 0.0167
vn 0.8108 -0.5846 -0.0281
vn 0.7998 -0.6000 0.0155
vn 0.8034 -0.5947 -0.0294
vn -0.6310 -0.0522 0.7740
vn -0.5205 -0.1069 0.8471
vn -0.5205 -0.1069 0.8472
vn 0.5991 -0.4457 0.6651
vn 0.6354 -0.4433 0.6323
vn 0.7740 -0.4366 0.4586
vn 0.8005 -0.4340 0.4134
vn 0.5989 -0.4429 0.6672
vn -0.3841 -0.1614 0.9091
vn 0.8006 -0.4339 0.4132
vn 0.6333 -0.4436 0.6341
vn -0.2504 -0.1974 0.9478
vn 0.8408 -0.4349 0.3224
vn -0.3820 -0.1653 0.9092
vn 0.7734 -0.4368 0.4594
vn -0.2613 -0.2001 0.9443
vn -0.2899 -0.1948 0.9370
vn -0.4330 -0.1438 0.8899
vn -0.6644 -0.0343 0.7466
vn 0.7027 -0.4447 0.5554
vn 0.8587 -0.4305 0.2780
vn -0.4331 -0.1455 0.8896
vn -0.6960 -0.0166 0.7178
vn -0.4777 -0.1264 0.8694
vn 0.5720 0.8076 0.1435
vn -0.5592 -0.0885 0.8243
vn -0.6961 -0.0166 0.7177
vn 0.6668 -0.4467 0.5965
vn -0.7325 0.0080 0.6807
vn 0.8881 -0.4192 0.1886
vn -0.7539 0.0180 0.6567
vn 0.8745 -0.4253 0.2333
vn 0.7425 -0.4393 0.5058
vn 0.1016 -0.3175 0.9428
vn 0.7438 -0.4415 0.5018
vn 0.1012 -0.3172 0.9429
vn -0.5960 -0.0704 0.7999
vn 0.8789 -0.3977 -0.2634
vn 0.8686 -0.3642 -0.3360
vn -0.3296 -0.1836 0.9261
vn 0.0327 -0.2908 0.9562
vn 0.1596 -0.3399 0.9268
vn 0.4222 -0.4243 0.8011
vn 0.5522 -0.4521 0.7005
vn -0.0590 -0.2518 0.9660
vn -0.1266 -0.2306 0.9648
vn 0.4228 -0.4246 0.8006
vn 0.5183 -0.4464 0.7294
vn 0.5599 -0.4509 0.6951
vn 0.2507 -0.3734 0.8931
vn 0.4711 -0.4363 0.7666
vn -0.1921 -0.2079 0.9591
vn 0.5185 -0.4451 0.7301
vn 0.2517 -0.3738 0.8927
vn 0.4708 -0.4362 0.7669
vn -0.1442 -0.2176 0.9653
vn -0.2277 -0.1986 0.9533
vn 0.2914 -0.3868 0.8749
vn 0.3307 -0.3987 0.8554
vn -0.2718 -0.1851 0.9444
vn 0.8995 -0.4127 0.1434
vn 0.3739 -0.4110 0.8314
vn -0.2374 -0.2000 0.9506
vn 0.8996 -0.4124 0.1437
vn 0.3314 -0.3996 0.8547
vn -0.2535 -0.1872 0.9491
vn 0.9017 -0.4218 0.0953
vn 0.2524 -0.3205 0.9130
vn 0.8942 -0.3667 -0.2566
vn 0.2526 -0.3205 0.9129
vn -0.7534 0.0177 0.6573
vn 0.9017 -0.4217 0.0954
vn -0.7542 0.0070 0.6566
vn 0.8752 -0.3449 -0.3391
vn 0.9162 -0.3936 -0.0757
vn 0.9050 -0.4245 -0.0272
vn -0.7523 0.0094 0.6587
vn -0.7956 0.0874 0.5995
vn 0.7946 -0.6041 0.0607
vn 0.2004 -0.3480 0.9158
vn 0.0413 -0.2290 0.9725
vn 0.8972 -0.4361 -0.0702
vn 0.5413 -0.5477 0.6380
vn 0.1070 -0.2786 0.9544
vn 0.5115 -0.5475 0.6623
vn 0.5797 -0.5591 0.5928
vn -0.3006 0.0381 0.9530
vn 0.7999 -0.6000 0.0156
vn 0.1586 -0.3171 0.9351
vn 0.4842 -0.5377 0.6903
vn -0.3407 0.0704 0.9375
vn -0.3801 0.1015 0.9194
vn -0.7179 0.3724 0.5882
vn -0.4140 0.1271 0.9014
vn -0.7362 0.3903 0.5528
vn -0.6773 0.3363 0.6544
vn -0.6985 0.3556 0.6210
vn 0.7704 -0.5141 -0.3772
vn 0.7784 -0.6090 0.1522
vn 0.7676 -0.6095 0.1981
vn 0.4145 -0.4985 0.7614
vn -0.4533 0.1611 0.8767
vn -0.5480 0.2266 0.8052
vn -0.1323 -0.0965 0.9865
vn 0.3763 -0.4728 0.7968
vn -0.5173 0.2036 0.8312
vn 0.4693 -0.5320 0.7048
vn -0.1921 -0.0511 0.9801
vn -0.0472 -0.1617 0.9857
vn -0.7533 0.4085 0.5153
vn 0.4460 -0.5188 0.7293
vn -0.4880 0.1872 0.8525
vn -0.2159 -0.0338 0.9758
vn -0.7686 0.4245 0.4786
vn -0.7824 0.4393 0.4415
vn -0.7966 0.4563 0.3966
vn 0.7232 -0.6034 0.3359
vn 0.6266 -0.5799 0.5207
vn 0.8038 -0.5726 -0.1617
vn 0.6668 -0.5903 0.4548
vn 0.8053 -0.5810 -0.1181
vn 0.3353 -0.4446 0.8306
vn 0.6992 -0.5972 0.3930
vn 0.3004 -0.4201 0.8563
vn 0.8850 -0.4567 -0.0905
vn 0.8774 -0.4430 -0.1842
vn 0.8729 -0.4322 -0.2266
vn 0.8667 -0.4206 -0.2683
vn 0.8866 -0.4473 -0.1179
vn 0.7394 -0.4409 0.5089
vn -0.3320 -0.1779 0.9263
vn -0.5961 -0.0703 0.7998
vn -0.7533 0.0189 0.6574
vn 0.6712 -0.4430 0.5943
vn 0.2361 -0.3741 0.8968
vn -0.7333 0.0054 0.6798
vn -0.8821 0.1213 0.4551
vn 0.5650 -0.4403 0.6978
vn -0.2136 -0.0353 0.9763
vn 0.7074 -0.4413 0.5521
vn -0.5789 0.2543 0.7747
vn -0.2077 -0.0408 0.9773
vn 0.8205 -0.4384 0.3669
vn -0.6054 0.2751 0.7468
vn -0.6295 0.2927 0.7198
vn -0.4784 -0.1256 0.8691
vn -0.7444 0.0218 0.6674
vn -0.2308 -0.0201 0.9728
vn -0.4306 -0.1469 0.8905
vn 0.2683 -0.3973 0.8776
vn -0.2906 -0.1884 0.9381
vn 0.7996 -0.4345 0.4145
vn 0.7714 -0.4381 0.4614
vn -0.2613 -0.2002 0.9443
vn -0.2593 0.0042 0.9658
vn -0.3794 -0.1686 0.9097
vn 0.6318 -0.4471 0.6331
vn -0.6537 0.3137 0.6887
vn 0.5991 -0.4428 0.6671
vn -0.5204 -0.1070 0.8472
vn -0.2384 -0.2023 0.9499
vn 0.4624 0.8688 0.1772
vn -0.6311 -0.0523 0.7739
vn -0.8849 0.1639 0.4359
vn -0.8417 0.1103 0.5285
vn -0.7802 0.0350 0.6245
vn -0.7801 0.0349 0.6246
vn -0.8199 0.0925 0.5650
vn 0.0584 0.9487 0.3108
vn 0.9677 0.0673 -0.2428
vn 0.2525 -0.3206 0.9129
vn -0.2303 0.3259 -0.9169
vn 0.2525 -0.3205 0.9130
vn 0.9501 0.2705 -0.1555
vn 0.9171 0.3782 -0.1262
vn 0.0606 0.9467 0.3163
vn 0.9411 0.3020 -0.1524
vn 0.9711 0.1480 -0.1873
vn 0.9708 0.1371 -0.1968
vn 0.9516 0.2577 -0.1674
vn 0.2523 -0.3202 0.9131
vn 0.9411 0.3020 -0.1525
vn 0.9743 0.0149 -0.2249
vn 0.8542 0.5173 -0.0524
vn 0.9790 0.0465 -0.1983
vn 0.9454 -0.2454 -0.2145
vn 0.9773 -0.0652 -0.2016
vn 0.9647 -0.1108 -0.2390
vn 0.7128 0.6995 0.0510
vn 0.9474 -0.2588 -0.1886
vn 0.9117 -0.2659 -0.3133
vn 0.9576 -0.1754 -0.2285
vn -0.2515 0.3219 -0.9128
vn 0.9087 -0.3808 -0.1711
vn 0.5258 0.8371 0.1511
vn 0.6191 0.7785 0.1035
vn 0.5858 0.7997 0.1316
vn 0.8816 -0.4591 -0.1098
vn 0.5923 0.7965 0.1217
vn 0.6059 0.7878 0.1109
vn 0.9364 -0.2729 -0.2207
vn 0.6022 0.7935 0.0882
vn 0.5906 0.7985 0.1167
vn 0.6057 0.7879 0.1111
vn 0.5899 0.7990 0.1164
vn 0.2522 -0.3205 0.9130
vn 0.6057 0.7879 0.1110
vn -0.2524 0.3206 -0.9130
vn -0.2544 0.3217 -0.9120
vn -0.2496 0.3217 -0.9134
vn -0.2562 0.3242 -0.9106
vn -0.2538 0.3226 -0.9119
vn -0.2560 0.3242 -0.9107
vn 0.2521 -0.3209 0.9129
vn -0.2455 0.8915 0.3809
vn 0.9666 0.1300 -0.2209
vn 0.2525 -0.3206 0.9130
vn -0.3016 0.8705 0.3890
vn -0.3711 0.8393 0.3973
vn 0.0588 0.9469 0.3162
vn -0.1853 0.9100 0.3708
vn 0.0095 0.9443 0.3290
vn -0.1015 0.9295 0.3545
vn 0.3659 0.9051 0.2167
vn -0.4173 0.8152 0.4016
vn 0.5659 0.8143 0.1295
vn -0.1369 0.9222 0.3617
vn -0.4612 0.7896 0.4048
vn -0.0330 0.9401 0.3392
vn 0.6547 0.7514 0.0828
vn 0.4691 0.8658 0.1743
vn -0.4192 0.8142 0.4018
vn 0.6546 0.7514 0.0829
vn -0.2520 0.8892 0.3819
vn 0.2550 0.9322 0.2568
vn 0.7558 0.6544 0.0208
vn 0.6548 0.7513 0.0828
vn -0.0881 0.9320 0.3516
vn 0.2548 0.9322 0.2569
vn 0.4875 0.8571 0.1662
vn 0.4874 0.8572 0.1662
vn 0.6873 0.7236 0.0641
vn -0.2462 0.8912 0.3810
vn 0.7558 0.6545 0.0208
vn 0.6546 0.7514 0.0828
vn 0.0043 0.9439 0.3302
vn -0.3270 0.8598 0.3923
vn 0.6872 0.7236 0.0641
vn 0.3658 0.9051 0.2167
vn 0.0043 0.9439 0.3303
vn -0.2803 0.8788 0.3861
vn 0.1769 0.9429 0.2822
vn 0.7559 0.6544 0.0208
vn 0.2551 0.9322 0.2568
vn 0.1561 0.9447 0.2885
vn 0.1560 0.9447 0.2886
vn 0.0097 0.9443 0.3289
vn -0.4176 0.8150 0.4017
vn 0.1770 0.9429 0.2822
vn 0.1075 0.9470 0.3028
vn 0.2380 0.9351 0.2625
vn -0.0392 0.9394 0.3407
vn 0.4692 0.8657 0.1743
vn 0.4875 0.8572 0.1662
vn -0.3727 0.8385 0.3975
vn 0.0600 0.9469 0.3159
vn 0.1077 0.9470 0.3028
vn 0.6547 0.7513 0.0828
vn -0.0953 0.9307 0.3532
vn 0.5659 0.8142 0.1295
vn 0.2546 0.9323 0.2570
vn 0.2517 -0.3220 0.9127
vn 0.2518 -0.3222 0.9126
vn -0.2516 0.3220 -0.9127
vn -0.2519 0.3222 -0.9125
vn -0.4443 0.7998 0.4036
vn 0.2512 -0.3237 0.9122
vn 0.9278 -0.3731 0.0080
vn 0.9237 -0.3829 0.0117
vn 0.9166 -0.3934 -0.0710
vn 0.2523 -0.3207 0.9130
vn 0.2527 -0.3204 0.9130
vn 0.3678 0.9045 0.2159
vn 0.2514 -0.3219 0.9128
vn 0.2518 -0.3221 0.9126
vn 0.2516 -0.3220 0.9127
vn 0.2518 -0.3226 0.9124
vn 0.2517 -0.3221 0.9126
vn 0.2515 -0.3218 0.9128
vn 0.2514 -0.3220 0.9127
vn 0.2515 -0.3221 0.9127
vn 0.2511 -0.3218 0.9129
vn 0.2512 -0.3219 0.9128
vn 0.2513 -0.3220 0.9128
vn 0.2513 -0.3219 0.9128
vn 0.2512 -0.3218 0.9129
vn 0.2515 -0.3224 0.9126
vn 0.2511 -0.3216 0.9129
vn 0.2507 -0.3221 0.9129
vn 0.2692 -0.3233 0.9072
vn 0.2534 -0.3244 0.9113
vn 0.2508 -0.3222 0.9128
vn 0.2522 -0.3246 0.9116
vn 0.2526 -0.3245 0.9115
vn 0.2524 -0.3246 0.9115
vn 0.2510 -0.3226 0.9127
vn 0.2510 -0.3256 0.9116
vn 0.2511 -0.3229 0.9125
vn 0.2559 -0.3212 0.9118
vn 0.2526 -0.3204 0.9130
vn 0.2519 -0.3221 0.9126
vn 0.2520 -0.3226 0.9124
vn 0.2512 -0.3230 0.9125
vn 0.2521 -0.3205 0.9131
vn 0.2706 -0.2899 0.9180
vn 0.9149 -0.4018 -0.0387
vn 0.2513 -0.3223 0.9127
vn 0.0584 0.9487 0.3106
vn 0.0585 0.9487 0.3106
vn 0.0583 0.9489 0.3102
vn 0.0584 0.9489 0.3103
vn -0.2296 0.3255 -0.9172
vn -0.2377 0.3215 -0.9166
vn -0.2465 0.3206 -0.9146
vn -0.2415 0.3226 -0.9152
vn -0.2184 0.3314 -0.9179
vn -0.2161 0.3361 -0.9167
vn -0.6466 0.6890 0.3275
vn -0.4324 0.5086 -0.7446
vn -0.6675 0.7342 -0.1240
vn -0.0556 0.1098 -0.9924
vn -0.1891 0.2533 -0.9487
vn 0.3306 -0.3165 -0.8891
vn -0.5403 0.6177 -0.5714
vn 0.4386 -0.4396 -0.7838
vn 0.1601 0.9437 0.2895
vn 0.1695 0.9123 0.3728
vn 0.2262 0.9090 0.3502
vn 0.2053 0.9265 0.3152
vn -0.9362 0.1522 0.3168
vn 0.0122 0.9472 0.3204
vn -0.2582 0.8941 0.3659
vn -0.3611 0.8515 0.3802
vn -0.3813 0.8397 0.3866
vn -0.5060 0.7667 0.3950
vn -0.5856 0.7026 0.4043
vn -0.7457 0.5380 0.3931
vn -0.8697 0.3360 0.3617
vn -0.9367 0.1557 0.3136
vn 0.0135 0.9455 0.3253
vn -0.2452 0.8915 0.3808
vn -0.3652 0.8422 0.3967
vn -0.3729 0.8384 0.3975
vn -0.5055 0.7608 0.4069
vn -0.5873 0.6991 0.4079
vn -0.7442 0.5387 0.3949
vn -0.8719 0.3337 0.3583
vn 0.0114 0.9454 0.3259
vn -0.5873 0.6991 0.4078
vn -0.7443 0.5387 0.3949
vn -0.8719 0.3338 0.3582
vn 0.0095 0.9452 0.3263
vn -0.5055 0.7609 0.4069
vn -0.9363 0.1552 0.3151
vn -0.0018 0.9561 0.2932
vn -0.2454 0.8918 0.3800
vn -0.3655 0.8425 0.3958
vn -0.3732 0.8387 0.3967
vn -0.5057 0.7612 0.4060
vn -0.5875 0.6992 0.4075
vn -0.7443 0.5388 0.3947
vn -0.8717 0.3335 0.3590
vn -0.6219 0.6961 -0.3589
vn 0.6014 -0.6318 -0.4890
vn 0.2093 -0.1806 -0.9610
vn -0.6748 0.7310 0.1012
vn 0.5294 -0.5452 -0.6500
vn 0.0787 -0.0365 -0.9962
vn 0.7639 -0.4430 -0.4693
vn 0.8342 -0.3237 -0.4465
vn 0.9185 -0.0850 -0.3863
vn 0.9394 0.0890 -0.3310
vn 0.9276 0.2609 -0.2674
vn 0.6845 -0.3621 -0.6328
vn 0.7524 -0.2472 -0.6105
vn 0.8329 -0.0178 -0.5532
vn 0.8530 0.1494 -0.5000
vn 0.8416 0.3148 -0.4389
vn 0.5802 -0.2684 -0.7690
vn 0.6433 -0.1622 -0.7482
vn 0.7166 0.0488 -0.6957
vn 0.7352 0.2030 -0.6467
vn 0.7248 0.3555 -0.5902
vn 0.4536 -0.1643 -0.8759
vn 0.5096 -0.0708 -0.8575
vn 0.5731 0.1136 -0.8116
vn 0.5894 0.2488 -0.7686
vn 0.5802 0.3826 -0.7191
vn 0.6208 -0.6132 -0.4884
vn 0.5476 -0.5269 -0.6500
vn 0.3093 -0.0538 -0.9494
vn 0.3558 0.0236 -0.9343
vn 0.4071 0.1741 -0.8966
vn 0.4204 0.2853 -0.8614
vn 0.4128 0.3951 -0.8207
vn 0.4548 -0.4220 -0.7843
vn 0.3443 -0.3006 -0.8894
vn 0.1529 0.0588 -0.9865
vn 0.1877 0.1168 -0.9753
vn 0.2253 0.2280 -0.9472
vn 0.2352 0.3107 -0.9210
vn 0.2295 0.3924 -0.8907
vn 0.2200 -0.1670 -0.9611
vn 0.0867 -0.0262 -0.9959
vn -0.0101 0.1691 -0.9855
vn 0.0114 0.2052 -0.9787
vn 0.0342 0.2732 -0.9614
vn 0.0403 0.3241 -0.9452
vn 0.0369 0.3744 -0.9265
vn -0.0509 0.1163 -0.9919
vn -0.1871 0.2551 -0.9486
vn -0.1731 0.2727 -0.9464
vn -0.1657 0.2850 -0.9441
vn -0.1580 0.3077 -0.9383
vn -0.1559 0.3249 -0.9328
vn -0.1572 0.3419 -0.9265
vn 0.0583 0.9489 0.3103
vn 0.0584 0.9488 0.3103
vn -0.8950 0.2814 0.3462
vn 0.0584 0.9487 0.3107
vn -0.5464 0.5935 -0.5910
vn -0.4545 0.4975 -0.7389
vn 0.4541 -0.2008 -0.8680
vn 0.3345 -0.3394 -0.8792
vn 0.4625 -0.4786 -0.7463
vn 0.7976 -0.4404 -0.4122
vn -0.7361 0.5678 -0.3684
vn -0.6270 0.5501 -0.5516
vn -0.7183 0.6054 -0.3428
vn -0.7677 0.6268 -0.1332
vn -0.7810 0.6226 0.0487
vn -0.7694 0.5977 0.2253
vn -0.7496 0.5715 0.3340
vn -0.7521 0.5737 0.3243
vn -0.7300 0.5477 0.4088
vn -0.7427 0.5618 0.3645
vn 0.7252 -0.5387 -0.4288
vn 0.6520 -0.4642 -0.5996
vn 0.5621 -0.3783 -0.7355
vn 0.6066 -0.2621 -0.7506
vn 0.4298 -0.2608 -0.8644
vn 0.4454 -0.1367 -0.8848
vn 0.2654 -0.1209 -0.9565
vn 0.1184 0.0001 -0.9930
vn -0.0368 0.1242 -0.9916
vn -0.1989 0.2504 -0.9475
vn -0.4390 0.4254 -0.7914
vn -0.4840 0.4339 -0.7599
vn -0.6030 0.4879 -0.6311
vn -0.6818 0.5185 -0.5160
vn -0.7743 0.5454 -0.3210
vn -0.8266 0.5474 -0.1308
vn -0.8429 0.5380 -0.0103
vn -0.8453 0.5129 0.1494
vn -0.8272 0.4769 0.2970
vn -0.8281 0.4781 0.2926
vn -0.7968 0.4373 0.4170
vn -0.8171 0.4624 0.3444
vn 0.8122 -0.4582 -0.3610
vn 0.7524 -0.3922 -0.5293
vn 0.6611 -0.3080 -0.6842
vn 0.5372 -0.2069 -0.8177
vn 0.3145 -0.0427 -0.9483
vn 0.1588 0.0628 -0.9853
vn -0.0090 0.1698 -0.9854
vn -0.1914 0.2789 -0.9411
vn -0.3945 0.3893 -0.8324
vn -0.4377 0.4823 -0.7588
vn -0.2039 0.2364 -0.9500
vn -0.0662 0.0893 -0.9938
vn 0.0703 -0.0563 -0.9959
vn 0.2022 -0.1972 -0.9593
vn 0.3313 -0.3343 -0.8823
vn 0.4471 -0.4580 -0.7683
vn 0.5350 -0.5554 -0.6367
vn 0.6089 -0.6366 -0.4733
vn -0.6206 0.6682 0.4103
vn -0.6373 0.6870 0.3491
vn -0.6343 0.6840 0.3603
vn -0.6479 0.7004 0.2995
vn -0.6751 0.7320 0.0920
vn -0.6732 0.7294 -0.1214
vn -0.6350 0.6894 -0.3486
vn -0.5591 0.6083 -0.5633
vn 0.5458 -0.3651 -0.7542
vn 0.3978 -0.2332 -0.8873
vn -0.4773 0.4502 -0.7546
vn -0.5861 0.5238 -0.6181
vn 0.7250 -0.5411 -0.4262
vn 0.6201 -0.6532 -0.4345
vn -0.9543 0.0738 0.2897
vn -0.9543 0.0737 0.2898
vn -0.8295 0.0709 0.5540
vn -0.8532 0.3714 0.3663
vn -0.9543 0.0737 0.2897
vn -0.2602 0.2763 -0.9252
vn -0.7627 0.5147 0.3916
vn 0.2470 -0.3234 0.9134
vn -0.8949 0.2814 0.3463
vn -0.2907 0.8748 0.3876
vn 0.5907 0.7984 0.1170
vn -0.4625 0.7888 0.4048
vn -0.8949 0.2815 0.3463
vn -0.9257 0.2120 0.3133
vn -0.9181 0.2011 0.3415
vn -0.9037 0.1851 0.3861
vn -0.8898 0.1703 0.4235
vn -0.9113 0.1675 0.3763
vn -0.9153 0.1888 0.3557
vn -0.9177 0.2055 0.3400
vn -0.9194 0.2130 0.3305
vn -0.8988 0.1536 0.4105
vn -0.9101 0.1679 0.3788
vn -0.9228 0.1813 0.3401
vn -0.9283 0.1878 0.3210
vn -0.8950 0.2813 0.3463
vn -0.8977 0.1431 0.4168
vn -0.8805 0.1572 0.4473
vn -0.8643 0.1344 0.4846
vn -0.9063 0.1536 0.3938
vn -0.8909 0.1443 0.4307
vn -0.8910 0.1359 0.4333
vn -0.8948 0.2815 0.3465
vn -0.8788 0.1646 0.4479
vn -0.8949 0.2814 0.3464
vn -0.2008 0.9056 0.3735
vn -0.6339 0.6581 0.4063
vn 0.1076 0.9470 0.3028
vn 0.4624 0.8688 0.1771
vn 0.4624 0.8688 0.1773
vn -0.2524 0.3205 -0.9130
vn 0.1019 -0.9295 -0.3546
vn -0.8949 0.2812 0.3466
vn -0.8951 0.2813 0.3460
vn -0.8951 0.2810 0.3463
vn -0.8946 0.2820 0.3465
vn -0.8950 0.2812 0.3462
vn -0.8949 0.2812 0.3465
vn -0.8949 0.2811 0.3467
vn -0.8949 0.2813 0.3465
vn -0.0230 0.8395 -0.5429
vn -0.3743 -0.9024 -0.2134
vn 0.1438 0.9658 -0.2157
vn -0.1406 -0.9457 -0.2932
vn 0.2171 0.9755 -0.0347
vn 0.9425 -0.1321 -0.3070
vn 0.2825 0.9462 0.1578
vn 0.3380 -0.8549 -0.3936
vn -0.4516 -0.8502 -0.2705
vn -0.5060 -0.6249 -0.5945
vn 0.5529 -0.7266 -0.4080
vn -0.4881 -0.7503 -0.4460
vn -0.5069 -0.4744 -0.7197
vn 0.8448 -0.3871 -0.3695
vn -0.5060 -0.6245 -0.5949
vn -0.4907 -0.3049 -0.8162
vn 0.9467 -0.1131 -0.3015
vn -0.4580 -0.1228 -0.8804
vn 0.7330 -0.5526 -0.3967
vn -0.4100 0.0649 -0.9098
vn -0.3486 0.2511 -0.9030
vn -0.0234 0.8391 -0.5435
vn -0.9539 -0.2405 0.1793
vn -0.2763 0.4277 -0.8606
vn 0.0627 0.9198 -0.3874
vn -0.8837 -0.4608 0.0825
vn -0.1957 0.5890 -0.7841
vn 0.1439 0.9658 -0.2155
vn -0.7578 -0.6521 -0.0195
vn -0.1100 0.7283 -0.6764
vn -0.5844 -0.8025 -0.1202
vn -0.8702 0.3380 0.3583
vn -0.8930 0.3113 0.3251
vn 0.4831 0.8592 0.1681
vn -0.8679 0.3422 0.3601
vn -0.8859 0.3159 0.3398
vn 0.2595 0.9314 0.2553
vn -0.8653 0.3459 0.3627
vn 0.0195 0.9450 0.3264
vn -0.8624 0.3493 0.3663
vn -0.2217 0.8993 0.3771
vn -0.8925 0.3131 0.3247
vn -0.4490 0.7970 0.4040
vn -0.8876 0.3142 0.3369
vn 0.9667 0.1238 -0.2238
vn -0.8828 0.3127 0.3507
vn -0.9141 0.2306 0.3337
vn -0.9643 -0.0051 0.2648
vn -0.8797 0.3294 0.3429
vn -0.8768 0.3140 0.3643
vn -0.6480 0.6447 0.4055
vn -0.8775 0.3221 0.3553
vn -0.8767 0.3177 0.3612
vn 0.8670 -0.3439 -0.3605
vn -0.8778 0.3246 0.3523
vn -0.8764 0.3197 0.3600
vn 0.9466 -0.1136 -0.3016
vn -0.8755 0.3241 0.3584
vn -0.8064 0.4518 0.3816
vn 0.9261 0.3535 -0.1319
vn -0.8741 0.3288 0.3575
vn 0.8273 0.5609 -0.0318
vn -0.8725 0.3332 0.3574
vn -0.9000 0.3039 0.3124
vn 0.6765 0.7331 0.0704
vn 0.1577 0.9445 0.2881
vn 0.0546 0.9548 0.2921
vn 0.0600 0.9478 0.3132
vn 0.0583 0.9445 0.3233
vn 0.0600 0.9456 0.3198
vn 0.0650 0.9470 0.3145
vn 0.9150 0.3859 -0.1175
vn 0.9150 0.3860 -0.1173
vn -0.1529 0.3589 -0.9208
vn 0.0186 0.4208 -0.9070
vn 0.2126 0.4747 -0.8541
vn 0.3710 0.5053 -0.7792
vn 0.5494 0.5212 -0.6531
vn 0.6741 0.5153 -0.5292
vn 0.7789 0.4973 -0.3821
vn 0.8743 0.4497 -0.1827
vn -0.1843 0.3477 -0.9193
vn -0.8953 0.2822 0.3447
vn -0.8949 0.2811 0.3465
vn -0.9593 0.2744 -0.0669
vn -0.9525 0.3033 -0.0290
vn 0.7430 -0.2421 -0.6239
vn 0.7742 -0.2775 -0.5689
vn 0.7911 -0.2953 -0.5358
vn 0.8081 -0.3119 -0.4997
vn -0.9583 0.2518 0.1349
vn -0.9422 0.2988 0.1519
vn -0.9572 0.2739 -0.0937
vn -0.9704 0.2351 0.0558
vn -0.9608 0.2749 -0.0350
vn -0.9618 0.2668 -0.0607
vn -0.9618 0.2669 -0.0607
vn -0.9656 0.2570 -0.0387
vn -0.9630 0.2671 -0.0366
vn 0.4793 0.0070 -0.8776
vn 0.7983 -0.2248 -0.5587
vn 0.7905 -0.2554 -0.5567
vn 0.8172 -0.2397 -0.5242
vn 0.8061 -0.2654 -0.5290
vn 0.7736 -0.2122 -0.5971
vn -0.2527 0.3204 -0.9130
vn 0.7609 -0.2139 -0.6126
vn 0.7846 -0.1870 -0.5911
vn 0.7899 -0.1741 -0.5879
vn 0.7615 -0.1700 -0.6254
vn 0.7668 -0.1574 -0.6223
vn 0.8059 -0.2037 -0.5560
vn 0.8254 -0.2199 -0.5199
vn 0.8113 -0.1905 -0.5527
vn 0.8310 -0.2065 -0.5165
vn 0.5555 -0.0313 -0.8309
vn 0.5183 -0.0123 -0.8551
vn 0.5909 -0.0501 -0.8052
vn 0.6246 -0.0687 -0.7779
vn 0.8654 -0.2861 -0.4114
vn 0.8535 -0.3120 -0.4172
vn 0.8799 -0.3029 -0.3661
vn 0.8681 -0.3288 -0.3720
vn 0.8510 -0.2711 -0.4498
vn 0.8349 -0.2555 -0.4875
vn 0.8392 -0.2968 -0.4556
vn 0.8232 -0.2811 -0.4932
vn 0.8595 -0.2511 -0.4451
vn 0.8651 -0.2374 -0.4418
vn 0.8434 -0.2358 -0.4828
vn 0.8490 -0.2222 -0.4795
vn 0.8739 -0.2660 -0.4068
vn 0.8885 -0.2827 -0.3614
vn 0.8796 -0.2522 -0.4034
vn 0.8942 -0.2688 -0.3580
vn -0.9665 0.2401 0.0913
vn -0.9688 0.2472 0.0159
vn -0.9633 0.2619 0.0584
vn -0.9553 0.2400 0.1728
vn -0.9659 0.2208 0.1353
vn -0.9691 0.2466 0.0087
vn -0.9661 0.2362 0.1042
vn -0.9649 0.2598 -0.0381
vn -0.9664 0.2569 0.0067
vn 0.7026 -0.1520 -0.6952
vn 0.6746 -0.1332 -0.7260
vn 0.6446 -0.1142 -0.7559
vn 0.6820 -0.1164 -0.7220
vn 0.6868 -0.1051 -0.7192
vn 0.6520 -0.0979 -0.7519
vn 0.6566 -0.0871 -0.7492
vn 0.7102 -0.1346 -0.6910
vn 0.7367 -0.1525 -0.6588
vn 0.7152 -0.1228 -0.6881
vn 0.7419 -0.1403 -0.6557
vn 0.8780 -0.3359 -0.3410
vn -0.8979 0.4311 -0.0896
vn -0.9436 0.3090 -0.1192
vn -0.8886 0.4387 -0.1340
vn -0.9343 0.3168 -0.1634
vn -0.9051 0.4227 -0.0455
vn -0.9105 0.4135 -0.0016
vn -0.9508 0.3006 -0.0752
vn -0.9560 0.2915 -0.0315
vn -0.8376 0.5459 -0.0205
vn -0.8331 0.5529 -0.0150
vn -0.8408 0.5409 0.0240
vn -0.8365 0.5472 0.0286
vn -0.8328 0.5498 -0.0650
vn -0.8261 0.5527 -0.1098
vn -0.8286 0.5564 -0.0630
vn -0.8216 0.5599 -0.1073
vn -0.6646 0.4586 -0.5899
vn -0.6937 0.3565 -0.6258
vn -0.6535 0.4578 -0.6028
vn -0.6786 0.3594 -0.6406
vn -0.6824 0.4604 -0.5678
vn -0.7062 0.4627 -0.5359
vn -0.7188 0.3567 -0.5967
vn -0.7456 0.3547 -0.5642
vn -0.6616 0.5055 -0.5538
vn -0.6546 0.5160 -0.5525
vn -0.6801 0.5147 -0.5221
vn -0.6719 0.5265 -0.5209
vn -0.6486 0.4994 -0.5743
vn -0.6416 0.4972 -0.5840
vn -0.6430 0.5088 -0.5724
vn -0.6377 0.5061 -0.5807
vn -0.1432 0.2953 -0.9446
vn -0.1710 0.2374 -0.9562
vn -0.0982 0.2755 -0.9563
vn -0.1251 0.2205 -0.9673
vn -0.1835 0.3125 -0.9320
vn -0.2229 0.3289 -0.9177
vn -0.2123 0.2519 -0.9442
vn -0.2521 0.2664 -0.9303
vn -0.2363 0.2390 -0.9418
vn -0.2345 0.2415 -0.9416
vn -0.2698 0.2634 -0.9262
vn -0.2679 0.2660 -0.9260
vn -0.2021 0.2137 -0.9558
vn -0.1634 0.1850 -0.9691
vn -0.2005 0.2161 -0.9556
vn -0.1620 0.1873 -0.9689
vn 0.4278 0.0060 -0.9038
vn 0.4366 0.0301 -0.8992
vn 0.4710 -0.0206 -0.8819
vn 0.4807 0.0102 -0.8768
vn 0.3786 0.0351 -0.9249
vn 0.3244 0.0658 -0.9436
vn 0.3872 0.0504 -0.9206
vn 0.3333 0.0699 -0.9402
vn 0.2855 -0.0906 -0.9541
vn 0.2757 -0.0908 -0.9569
vn 0.2242 -0.0525 -0.9731
vn 0.2113 -0.0474 -0.9763
vn 0.3393 -0.1266 -0.9321
vn 0.3843 -0.1587 -0.9095
vn 0.3326 -0.1326 -0.9337
vn 0.3787 -0.1659 -0.9106
vn 0.7859 -0.2508 -0.5653
vn 0.8140 -0.1838 -0.5510
vn 0.8047 -0.2681 -0.5296
vn 0.8337 -0.1997 -0.5148
vn 0.7654 -0.2328 -0.5999
vn 0.7434 -0.2142 -0.6336
vn 0.7926 -0.1676 -0.5863
vn 0.7694 -0.1511 -0.6207
vn 0.6709 -0.3900 -0.6307
vn 0.6631 -0.4004 -0.6324
vn 0.6492 -0.3703 -0.6644
vn 0.6415 -0.3805 -0.6661
vn 0.6910 -0.4088 -0.5961
vn 0.7097 -0.4269 -0.5604
vn 0.6832 -0.4194 -0.5978
vn 0.7017 -0.4377 -0.5621
vn -0.9034 0.3461 0.2531
vn -0.9091 0.3587 0.2119
vn -0.8960 0.3331 0.2936
vn -0.8852 0.3175 0.3400
vn -0.8177 0.4769 0.3225
vn -0.8148 0.4809 0.3238
vn -0.8066 0.4618 0.3690
vn -0.8039 0.4658 0.3698
vn -0.8256 0.4889 0.2817
vn -0.8320 0.5001 0.2402
vn -0.8229 0.4929 0.2826
vn -0.8293 0.5041 0.2412
vn -0.8484 0.4565 -0.2681
vn -0.8941 0.3357 -0.2966
vn -0.8308 0.4604 -0.3128
vn -0.8763 0.3405 -0.3408
vn -0.8639 0.4515 -0.2234
vn -0.8772 0.4455 -0.1787
vn -0.9096 0.3302 -0.2523
vn -0.9230 0.3239 -0.2079
vn -0.8071 0.5554 -0.2002
vn -0.8014 0.5678 -0.1883
vn -0.8176 0.5546 -0.1548
vn -0.8122 0.5653 -0.1439
vn -0.7948 0.5548 -0.2461
vn -0.7805 0.5526 -0.2923
vn -0.7883 0.5654 -0.2427
vn -0.7732 0.5645 -0.2890
vn -0.5772 0.4450 -0.6847
vn -0.5965 0.3622 -0.7163
vn -0.5086 0.4277 -0.7472
vn -0.5313 0.3511 -0.7710
vn -0.6257 0.4548 -0.6337
vn -0.6502 0.4583 -0.6059
vn -0.6560 0.3734 -0.6560
vn -0.6828 0.3713 -0.6292
vn -0.6225 0.4930 -0.6079
vn -0.6222 0.5017 -0.6009
vn -0.6420 0.5003 -0.5810
vn -0.6401 0.5095 -0.5750
vn -0.5799 0.4712 -0.6646
vn -0.5182 0.4347 -0.7366
vn -0.5803 0.4787 -0.6588
vn -0.5180 0.4403 -0.7333
vn 0.0614 0.2005 -0.9778
vn 0.0401 0.1583 -0.9866
vn 0.1044 0.1791 -0.9783
vn 0.0944 0.1395 -0.9857
vn 0.0106 0.2252 -0.9743
vn -0.0440 0.2509 -0.9670
vn -0.0106 0.1783 -0.9839
vn -0.0675 0.1999 -0.9775
vn -0.0697 0.1146 -0.9910
vn -0.0691 0.1167 -0.9908
vn -0.1164 0.1498 -0.9818
vn -0.1153 0.1517 -0.9817
vn -0.0278 0.0838 -0.9961
vn 0.0063 0.0608 -0.9981
vn -0.0284 0.0868 -0.9958
vn 0.0039 0.0656 -0.9978
vn 0.5765 -0.0898 -0.8121
vn 0.5928 -0.0456 -0.8040
vn 0.6085 -0.1119 -0.7856
vn 0.6267 -0.0638 -0.7766
vn 0.5431 -0.0672 -0.8370
vn 0.5080 -0.0442 -0.8602
vn 0.5573 -0.0272 -0.8299
vn 0.5200 -0.0086 -0.8541
vn 0.4539 -0.2107 -0.8658
vn 0.4476 -0.2187 -0.8671
vn 0.4198 -0.1851 -0.8885
vn 0.4139 -0.1926 -0.8897
vn 0.4863 -0.2357 -0.8414
vn 0.5173 -0.2600 -0.8154
vn 0.4798 -0.2440 -0.8427
vn 0.5105 -0.2687 -0.8168
vn 0.8518 -0.3161 -0.4177
vn 0.8824 -0.2451 -0.4016
vn 0.8662 -0.3330 -0.3726
vn 0.8970 -0.2617 -0.3563
vn 0.8377 -0.3008 -0.4557
vn 0.8221 -0.2849 -0.4930
vn 0.8679 -0.2304 -0.4400
vn 0.8517 -0.2152 -0.4777
vn 0.7424 -0.4608 -0.4863
vn 0.7344 -0.4717 -0.4880
vn 0.7269 -0.4443 -0.5237
vn 0.7189 -0.4552 -0.5254
vn 0.7565 -0.4764 -0.4481
vn 0.7709 -0.4935 -0.4027
vn 0.7485 -0.4874 -0.4497
vn 0.7629 -0.5045 -0.4043
vn -0.9155 0.3933 0.0852
vn -0.9139 0.4037 0.0420
vn -0.9594 0.2818 0.0121
vn -0.9151 0.3823 0.1278
vn -0.9130 0.3708 0.1700
vn -0.8403 0.5195 0.1553
vn -0.8366 0.5243 0.1586
vn -0.8369 0.5103 0.1979
vn -0.8335 0.5148 0.2008
vn -0.8420 0.5276 0.1121
vn -0.8422 0.5348 0.0683
vn -0.8388 0.5325 0.1135
vn -0.8388 0.5400 0.0697
vn -0.7637 0.4656 -0.4471
vn -0.8074 0.3504 -0.4747
vn -0.7363 0.4648 -0.4917
vn -0.7781 0.3528 -0.5197
vn -0.7885 0.4651 -0.4024
vn -0.8109 0.4633 -0.3575
vn -0.8334 0.3477 -0.4297
vn -0.8563 0.3444 -0.3849
vn -0.7461 0.5431 -0.3852
vn -0.7363 0.5581 -0.3826
vn -0.7642 0.5488 -0.3388
vn -0.7566 0.5645 -0.3300
vn -0.7261 0.5355 -0.4312
vn -0.7041 0.5260 -0.4769
vn -0.7165 0.5501 -0.4291
vn -0.6950 0.5395 -0.4752
vn -0.3129 0.3640 -0.8773
vn -0.3429 0.2984 -0.8907
vn -0.2653 0.3458 -0.9000
vn -0.2951 0.2817 -0.9130
vn -0.3677 0.3837 -0.8471
vn -0.4320 0.4050 -0.8058
vn -0.3964 0.3162 -0.8619
vn -0.4615 0.3360 -0.8211
vn -0.3928 0.3516 -0.8497
vn -0.3911 0.3545 -0.8493
vn -0.4492 0.3901 -0.8038
vn -0.4480 0.3939 -0.8026
vn -0.3459 0.3185 -0.8826
vn -0.3055 0.2894 -0.9071
vn -0.3439 0.3211 -0.8824
vn -0.3036 0.2920 -0.9070
vn 0.2168 0.1229 -0.9685
vn 0.2225 0.1028 -0.9695
vn 0.2662 0.0972 -0.9590
vn 0.2752 0.0884 -0.9573
vn 0.1743 0.1443 -0.9741
vn 0.1373 0.1627 -0.9771
vn 0.1745 0.1153 -0.9779
vn 0.1308 0.1272 -0.9832
vn 0.0637 0.0326 -0.9974
vn 0.0499 0.0460 -0.9977
vn 0.0310 0.0480 -0.9984
vn 0.0262 0.0553 -0.9981
vn 0.1055 0.0127 -0.9943
vn 0.1581 -0.0143 -0.9873
vn 0.0922 0.0146 -0.9956
vn 0.1445 -0.0139 -0.9894
vn 0.6943 -0.1750 -0.6981
vn 0.7176 -0.1170 -0.6866
vn 0.7196 -0.1949 -0.6665
vn 0.7443 -0.1342 -0.6542
vn 0.6674 -0.1546 -0.7285
vn 0.6388 -0.1336 -0.7577
vn 0.6891 -0.0996 -0.7178
vn 0.6588 -0.0818 -0.7478
vn 0.5747 -0.3064 -0.7589
vn 0.5675 -0.3159 -0.7603
vn 0.5468 -0.2836 -0.7877
vn 0.5399 -0.2927 -0.7892
vn 0.6010 -0.3285 -0.7286
vn 0.6258 -0.3497 -0.6972
vn 0.5937 -0.3382 -0.7302
vn 0.6183 -0.3596 -0.6988
vn -0.9158 0.3094 -0.2560
vn -0.8619 0.3267 -0.3877
vn -0.8619 0.3267 -0.3878
vn 0.1440 0.1321 -0.9807
vn 0.1912 0.1208 -0.9741
vn 0.3934 0.0469 -0.9182
vn 0.4377 0.0267 -0.8987
vn 0.1437 0.1355 -0.9803
vn -0.7802 0.3418 -0.5239
vn 0.4378 0.0267 -0.8987
vn 0.1890 0.1212 -0.9745
vn -0.6873 0.3573 -0.6325
vn 0.5147 -0.0206 -0.8571
vn -0.7792 0.3391 -0.5272
vn 0.3924 0.0471 -0.9186
vn -0.6956 0.3514 -0.6266
vn -0.7164 0.3469 -0.6054
vn -0.8112 0.3366 -0.4783
vn -0.9294 0.3022 -0.2118
vn 0.2851 0.0856 -0.9547
vn 0.5516 -0.0403 -0.8331
vn -0.8115 0.3351 -0.4788
vn -0.9409 0.2943 -0.1677
vn -0.8379 0.3311 -0.4338
vn -0.9436 0.3089 -0.1192
vn 0.5637 0.8181 0.1133
vn -0.8822 0.3217 -0.3439
vn -0.9409 0.2943 -0.1676
vn 0.2346 0.1023 -0.9667
vn -0.9516 0.2863 -0.1117
vn 0.5516 -0.0404 -0.8331
vn 0.6202 -0.0789 -0.7805
vn -0.9576 0.2767 -0.0800
vn 0.5867 -0.0597 -0.8076
vn 0.3437 0.0673 -0.9367
vn -0.3974 0.3161 -0.8615
vn 0.5866 -0.0597 -0.8076
vn 0.3462 0.0634 -0.9360
vn -0.3977 0.3163 -0.8613
vn -0.9001 0.3159 -0.3000
vn 0.8239 -0.3279 -0.4622
vn 0.8538 -0.3454 -0.3894
vn -0.7442 0.3429 -0.5733
vn -0.4592 0.3340 -0.8231
vn -0.3428 0.2983 -0.8908
vn -0.0695 0.2002 -0.9773
vn 0.0858 0.1403 -0.9864
vn -0.5374 0.3558 -0.7646
vn -0.5921 0.3609 -0.7205
vn -0.0687 0.1997 -0.9775
vn 0.0440 0.1561 -0.9868
vn 0.0953 0.1393 -0.9857
vn -0.2525 0.2664 -0.9302
vn -0.0128 0.1783 -0.9839
vn -0.6434 0.3652 -0.6728
vn 0.0437 0.1577 -0.9865
vn -0.2523 0.2663 -0.9303
vn -0.0132 0.1786 -0.9838
vn -0.6060 0.3689 -0.7048
vn -0.6701 0.3634 -0.6473
vn -0.2116 0.2520 -0.9443
vn -0.1701 0.2374 -0.9564
vn -0.7024 0.3617 -0.6130
vn 0.6521 -0.0973 -0.7519
vn -0.1235 0.2207 -0.9675
vn -0.6778 0.3592 -0.6416
vn -0.1695 0.2364 -0.9568
vn 0.6820 -0.1165 -0.7220
vn -0.6889 0.3658 -0.6258
vn 0.6746 -0.1336 -0.7260
vn -0.2523 0.3206 -0.9130
vn 0.8392 -0.2969 -0.4556
vn -0.2525 0.3205 -0.9130
vn -0.9575 0.2769 -0.0808
vn 0.8535 -0.3120 -0.4173
vn -0.9596 0.2679 -0.0863
vn 0.8641 -0.3309 -0.3792
vn 0.8392 -0.2968 -0.4558
vn 0.7695 -0.2094 -0.6033
vn 0.7335 -0.2067 -0.6475
vn -0.9585 0.2713 -0.0872
vn -0.9563 0.2917 0.0180
vn 0.5675 -0.3158 -0.7604
vn -0.3035 0.2920 -0.9070
vn -0.4494 0.3941 -0.8017
vn 0.7446 -0.2424 -0.6219
vn 0.0896 0.0260 -0.9956
vn -0.3915 0.3546 -0.8491
vn 0.6183 -0.3597 -0.6988
vn 0.0524 0.0354 -0.9980
vn 0.1421 -0.0033 -0.9898
vn -0.6953 0.5395 -0.4750
vn 0.5937 -0.3381 -0.7302
vn -0.3440 0.3211 -0.8823
vn 0.0174 0.0552 -0.9983
vn -0.7180 0.5496 -0.4270
vn -0.7389 0.5572 -0.3788
vn -0.8372 0.5240 0.1565
vn -0.7561 0.5616 -0.3359
vn -0.8340 0.5145 0.1990
vn -0.8382 0.5406 0.0726
vn -0.8382 0.5329 0.1158
vn 0.4798 -0.2441 -0.8427
vn -0.0699 0.1167 -0.9907
vn -0.7735 0.5678 -0.2815
vn -0.8126 0.5627 -0.1517
vn -0.5857 0.4793 -0.6536
vn -0.8015 0.5646 -0.1969
vn -0.0015 0.0659 -0.9978
vn -0.6276 0.5021 -0.5951
vn -0.5216 0.4409 -0.7305
vn -0.8288 0.5043 0.2426
vn -0.0308 0.0870 -0.9957
vn -0.7884 0.5688 -0.2342
vn -0.6436 0.5095 -0.5712
vn -0.8225 0.4930 0.2835
vn -0.8151 0.4808 0.3232
vn -0.8040 0.4657 0.3697
vn 0.3786 -0.1658 -0.9106
vn 0.2129 -0.0545 -0.9756
vn 0.6832 -0.4195 -0.5978
vn 0.2767 -0.0948 -0.9563
vn -0.1622 0.1873 -0.9688
vn 0.3323 -0.1312 -0.9340
vn 0.7401 -0.2726 -0.6148
vn 0.7788 -0.3178 -0.5408
vn 0.7961 -0.3347 -0.5041
vn 0.8118 -0.3509 -0.4667
vn 0.7556 -0.2809 -0.5918
vn 0.3394 0.0673 -0.9382
vn -0.7454 0.3472 -0.5690
vn -0.9572 0.2779 -0.0803
vn 0.2400 0.1046 -0.9651
vn -0.9524 0.2835 -0.1124
vn 0.5515 -0.0403 -0.8332
vn -0.9599 0.2200 0.1740
vn 0.1001 0.1500 -0.9836
vn -0.6420 0.5089 -0.5735
vn 0.2915 0.0871 -0.9526
vn -0.8210 0.5618 -0.1011
vn 0.6201 -0.0789 -0.7805
vn -0.6382 0.5061 -0.5801
vn 0.4759 -0.0006 -0.8795
vn -0.8280 0.5577 -0.0581
vn -0.8337 0.5519 -0.0187
vn -0.8383 0.3316 -0.4327
vn -0.9536 0.2875 -0.0893
vn -0.6531 0.5161 -0.5542
vn -0.8099 0.3349 -0.4816
vn -0.2347 0.2415 -0.9416
vn -0.7165 0.3524 -0.6021
vn 0.5146 -0.0207 -0.8572
vn 0.4365 0.0268 -0.8993
vn 0.3895 0.0469 -0.9198
vn -0.6957 0.3513 -0.6266
vn -0.6707 0.5267 -0.5222
vn -0.7776 0.3372 -0.5307
vn 0.1871 0.1177 -0.9753
vn -0.8370 0.5465 0.0256
vn 0.1436 0.1355 -0.9803
vn -0.8619 0.3267 -0.3879
vn -0.6787 0.3566 -0.6420
vn -0.9466 0.2421 0.2130
vn -0.9602 0.2608 0.0999
vn -0.9630 0.2671 -0.0364
vn -0.9630 0.2671 -0.0367
vn -0.9609 0.2715 0.0552
vn 0.0613 0.9451 0.3211
vn 0.9672 0.0680 -0.2447
vn 0.2745 -0.3151 0.9085
vn 0.9445 0.2776 -0.1758
vn 0.9196 0.3750 -0.1171
vn 0.0603 0.9471 0.3152
vn 0.9403 0.3030 -0.1553
vn 0.9576 0.1651 -0.2360
vn 0.9600 0.1508 -0.2359
vn 0.9492 0.2608 -0.1761
vn -0.2525 0.3210 -0.9128
vn -0.2524 0.3207 -0.9130
vn 0.9562 0.0379 -0.2903
vn 0.8532 0.5185 -0.0560
vn -0.2525 0.3206 -0.9130
vn 0.9532 0.0794 -0.2918
vn 0.8841 -0.1676 -0.4363
vn 0.9351 -0.0116 -0.3541
vn 0.9340 -0.0718 -0.3501
vn 0.7117 0.7010 0.0470
vn 0.8717 -0.1626 -0.4623
vn 0.8969 -0.2471 -0.3668
vn 0.9125 -0.1181 -0.3917
vn 0.7117 0.7010 0.0469
vn 0.2533 -0.3192 0.9132
vn 0.8102 -0.2556 -0.5275
vn 0.5246 0.8386 0.1469
vn 0.6185 0.7793 0.1013
vn 0.5800 0.8071 0.1103
vn 0.7455 -0.2863 -0.6018
vn 0.5246 0.8386 0.1468
vn 0.5897 0.7998 0.1120
vn 0.6049 0.7890 0.1080
vn 0.8746 -0.1944 -0.4441
vn 0.6132 0.7795 0.1280
vn 0.5908 0.7982 0.1174
vn 0.5905 0.7984 0.1182
vn 0.2756 -0.3144 0.9084
vn 0.6048 0.7890 0.1080
vn 0.2504 -0.3194 0.9139
vn 0.2552 -0.3194 0.9126
vn 0.2486 -0.3170 0.9153
vn 0.2510 -0.3186 0.9141
vn 0.2488 -0.3170 0.9152
vn -0.2455 0.8914 0.3809
vn 0.9663 0.1304 -0.2220
vn 0.2551 -0.3235 0.9112
vn -0.3016 0.8704 0.3890
vn -0.4174 0.8152 0.4016
vn -0.1367 0.9222 0.3616
vn -0.1854 0.9100 0.3708
vn 0.2547 0.9323 0.2569
vn -0.1370 0.9222 0.3617
vn 0.4874 0.8572 0.1663
vn -0.2463 0.8912 0.3810
vn -0.2805 0.8788 0.3861
vn 0.7558 0.6545 0.0209
vn -0.3269 0.8598 0.3923
vn 0.6545 0.7515 0.0829
vn 0.0044 0.9439 0.3302
vn -0.2532 0.3191 -0.9133
vn -0.2531 0.3192 -0.9133
vn -0.2531 0.3190 -0.9133
vn 0.2535 -0.3193 0.9131
vn -0.2526 0.3205 -0.9129
vn 0.7026 -0.1520 -0.6951
vn 0.7529 -0.1899 -0.6302
vn -0.2291 0.3266 -0.9170
vn -0.2523 0.3207 -0.9130
vn -0.2526 0.3206 -0.9129
vn 0.7616 -0.1959 -0.6177
vn -0.2523 0.3205 -0.9130
vn -0.2525 0.3206 -0.9129
vn -0.2549 0.3144 -0.9144
vn -0.2529 0.3191 -0.9134
vn -0.2530 0.3191 -0.9133
vn -0.2532 0.3192 -0.9132
vn -0.2531 0.3191 -0.9133
vn -0.2531 0.3185 -0.9135
vn -0.2533 0.3193 -0.9132
vn -0.2534 0.3192 -0.9132
vn -0.2528 0.3191 -0.9134
vn -0.2535 0.3192 -0.9131
vn -0.2533 0.3191 -0.9132
vn -0.2536 0.3193 -0.9131
vn -0.2534 0.3191 -0.9132
vn -0.2539 0.3199 -0.9128
vn -0.2537 0.3195 -0.9130
vn -0.2541 0.3191 -0.9130
vn -0.2356 0.3178 -0.9184
vn -0.2542 0.3191 -0.9130
vn -0.2513 0.3168 -0.9146
vn -0.2539 0.3189 -0.9131
vn 0.2393 -0.3441 0.9079
vn -0.2522 0.3166 -0.9144
vn -0.2526 0.3165 -0.9143
vn -0.2540 0.3189 -0.9131
vn -0.2524 0.3166 -0.9144
vn -0.2536 0.3180 -0.9135
vn -0.2535 0.3158 -0.9143
vn -0.2537 0.3184 -0.9134
vn -0.2489 0.3200 -0.9142
vn -0.2485 0.3271 -0.9117
vn -0.2527 0.3187 -0.9136
vn 0.2563 -0.3141 0.9141
vn -0.2537 0.3182 -0.9135
vn -0.2528 0.3207 -0.9128
vn -0.2150 0.3809 -0.8992
vn -0.2522 0.3209 -0.9129
vn -0.2279 0.3054 -0.9245
vn -0.2498 0.3177 -0.9147
vn 0.7386 -0.1479 -0.6577
vn 0.7475 -0.1396 -0.6494
vn -0.2535 0.3188 -0.9133
vn 0.0613 0.9450 0.3214
vn 0.0614 0.9450 0.3212
vn 0.0615 0.9449 0.3216
vn 0.2752 -0.3155 0.9082
vn 0.2671 -0.3197 0.9091
vn 0.2583 -0.3205 0.9114
vn 0.2633 -0.3185 0.9106
vn 0.2862 -0.3094 0.9069
vn 0.2884 -0.3045 0.9078
vn -0.6036 0.6344 0.4828
vn 0.0481 -0.1017 0.9936
vn -0.4065 0.4027 0.8201
vn 0.4266 -0.5026 0.7519
vn 0.3133 -0.3848 0.8682
vn 0.6471 -0.7184 0.2553
vn -0.1082 0.0688 0.9918
vn 0.6728 -0.7371 0.0634
vn 0.1590 0.9451 0.2855
vn 0.1238 0.9704 0.2073
vn 0.1830 0.9637 0.1942
vn 0.1838 0.9538 0.2375
vn -0.9383 0.1548 0.3093
vn 0.0163 0.9420 0.3351
vn -0.2492 0.8827 0.3983
vn -0.3526 0.8406 0.4113
vn -0.3750 0.8317 0.4094
vn -0.4995 0.7585 0.4185
vn -0.5836 0.7001 0.4115
vn -0.7448 0.5369 0.3964
vn -0.8712 0.3379 0.3562
vn 0.0149 0.9438 0.3302
vn -0.5874 0.6991 0.4078
vn -0.9367 0.1556 0.3136
vn 0.0128 0.9436 0.3308
vn -0.2452 0.8915 0.3809
vn -0.3730 0.8384 0.3975
vn 0.0108 0.9435 0.3312
vn -0.3730 0.8384 0.3976
vn -0.9365 0.1554 0.3143
vn 0.0181 0.9308 0.3650
vn -0.2451 0.8914 0.3811
vn -0.3653 0.8423 0.3964
vn -0.3734 0.8389 0.3961
vn -0.5056 0.7610 0.4066
vn -0.5875 0.6992 0.4074
vn -0.7446 0.5391 0.3935
vn -0.8723 0.3342 0.3571
vn -0.2646 0.2423 0.9334
vn 0.6479 -0.6908 -0.3208
vn 0.5963 -0.6722 0.4389
vn -0.5172 0.5308 0.6714
vn 0.6733 -0.7279 -0.1296
vn 0.5220 -0.5994 0.6068
vn 0.8111 -0.5030 -0.2984
vn 0.8813 -0.3835 -0.2762
vn 0.9657 -0.1450 -0.2154
vn 0.9867 0.0290 -0.1601
vn 0.9749 0.2009 -0.0964
vn 0.8303 -0.5473 -0.1053
vn 0.8979 -0.4320 -0.0842
vn 0.9788 -0.2032 -0.0252
vn 0.9990 -0.0360 0.0279
vn 0.9876 0.1294 0.0891
vn 0.8172 -0.5695 0.0884
vn 0.8800 -0.4627 0.1075
vn 0.9539 -0.2525 0.1622
vn 0.9725 -0.0982 0.2112
vn 0.9620 0.0542 0.2677
vn 0.7729 -0.5698 0.2791
vn 0.8284 -0.4757 0.2958
vn 0.8925 -0.2921 0.3438
vn 0.9087 -0.1568 0.3867
vn 0.8995 -0.0231 0.4363
vn 0.6675 -0.6726 -0.3193
vn 0.6921 -0.7105 -0.1272
vn 0.6988 -0.5484 0.4592
vn 0.7448 -0.4706 0.4730
vn 0.7966 -0.3206 0.5124
vn 0.8100 -0.2095 0.5477
vn 0.8024 -0.0997 0.5884
vn 0.6900 -0.7207 0.0665
vn 0.6617 -0.7037 0.2586
vn 0.5975 -0.5060 0.6221
vn 0.6321 -0.4477 0.6325
vn 0.6700 -0.3369 0.6615
vn 0.6799 -0.2542 0.6878
vn 0.6742 -0.1726 0.7181
vn 0.6080 -0.6597 0.4419
vn 0.5303 -0.5898 0.6090
vn 0.4728 -0.4442 0.7610
vn 0.4942 -0.4080 0.7676
vn 0.5172 -0.3401 0.7854
vn 0.5234 -0.2892 0.8015
vn 0.5199 -0.2389 0.8201
vn 0.4316 -0.4964 0.7532
vn 0.3153 -0.3829 0.8683
vn 0.3293 -0.3654 0.8706
vn 0.3367 -0.3531 0.8729
vn 0.3444 -0.3303 0.8788
vn 0.3464 -0.3131 0.8843
vn 0.3452 -0.2961 0.8906
vn 0.0615 0.9449 0.3215
vn 0.0613 0.9450 0.3211
vn -0.1082 0.0370 0.9934
vn 0.0238 -0.1101 0.9936
vn 0.7637 -0.5941 0.2526
vn 0.6421 -0.7302 0.2335
vn 0.6701 -0.7422 0.0031
vn 0.8147 -0.4622 -0.3504
vn -0.3807 0.1164 0.9173
vn -0.2038 0.0127 0.9789
vn -0.3708 0.1641 0.9141
vn -0.5071 0.2958 0.8096
vn -0.6031 0.3967 0.6920
vn -0.6785 0.4822 0.5541
vn -0.7153 0.5279 0.4580
vn -0.7130 0.5240 0.4659
vn -0.7367 0.5562 0.3847
vn -0.7252 0.5396 0.4278
vn 0.7432 -0.5617 -0.3635
vn 0.7701 -0.6142 -0.1723
vn 0.7682 -0.6401 0.0102
vn 0.8329 -0.5494 0.0673
vn 0.7312 -0.6436 0.2259
vn 0.7743 -0.5545 0.3049
vn 0.6529 -0.6131 0.4448
vn 0.5609 -0.5620 0.6079
vn 0.4451 -0.4878 0.7510
vn 0.3036 -0.3879 0.8703
vn 0.0506 -0.1964 0.9792
vn -0.0016 -0.1786 0.9839
vn -0.1565 -0.0793 0.9845
vn -0.2731 -0.0005 0.9620
vn -0.4394 0.1201 0.8902
vn -0.5724 0.2246 0.7886
vn -0.6437 0.2850 0.7103
vn -0.7234 0.3581 0.5902
vn -0.7817 0.4190 0.4620
vn -0.7801 0.4171 0.4664
vn -0.8167 0.4626 0.3449
vn -0.7968 0.4367 0.4176
vn 0.8010 -0.4439 -0.4017
vn 0.8370 -0.4996 -0.2232
vn 0.8423 -0.5382 -0.0286
vn 0.8121 -0.5561 0.1769
vn 0.7046 -0.5381 0.4626
vn 0.6029 -0.5012 0.6207
vn 0.4738 -0.4434 0.7609
vn 0.3117 -0.3602 0.8792
vn 0.1024 -0.2418 0.9649
vn 0.0459 -0.1318 0.9902
vn 0.2982 -0.4013 0.8661
vn 0.4147 -0.5216 0.7456
vn 0.5112 -0.6163 0.5990
vn 0.5866 -0.6855 0.4313
vn 0.6417 -0.7284 0.2402
vn 0.6701 -0.7413 0.0385
vn 0.6704 -0.7273 -0.1470
vn 0.6464 -0.6843 -0.3376
vn -0.6225 0.6706 0.4035
vn -0.6059 0.6471 0.4627
vn -0.6084 0.6510 0.4540
vn -0.5900 0.6269 0.5088
vn -0.5130 0.5261 0.6783
vn -0.4134 0.3995 0.8183
vn -0.2819 0.2409 0.9287
vn -0.1298 0.0631 0.9895
vn 0.7648 -0.6432 0.0369
vn 0.7183 -0.6403 0.2720
vn 0.0040 -0.1613 0.9869
vn -0.1419 -0.0405 0.9891
vn 0.7414 -0.5620 -0.3667
vn 0.6356 -0.6728 -0.3787
vn -0.9676 0.2464 0.0543
vn 0.2441 -0.3642 0.8988
vn -0.8532 0.3714 0.3662
vn -0.2578 0.3177 -0.9125
vn -0.9178 0.2020 0.3418
vn -0.9260 0.2111 0.3130
vn -0.9366 0.2267 0.2673
vn -0.9440 0.2392 0.2273
vn -0.9414 0.2058 0.2671
vn -0.9321 0.2101 0.2951
vn -0.9242 0.2138 0.3165
vn -0.9202 0.2139 0.3280
vn -0.9486 0.2168 0.2304
vn -0.9416 0.2079 0.2651
vn -0.9326 0.1938 0.3046
vn -0.9275 0.1869 0.3236
vn -0.9522 0.2123 0.2195
vn -0.9490 0.2442 0.1995
vn -0.9558 0.2506 0.1538
vn -0.9474 0.2059 0.2450
vn -0.9525 0.2226 0.2078
vn -0.9551 0.2174 0.2012
vn -0.8949 0.2817 0.3460
vn -0.9466 0.2508 0.2025
vn -0.8950 0.2815 0.3461
vn 0.1077 0.9470 0.3027
vn 0.4625 0.8687 0.1773
vn -0.8950 0.2814 0.3461
vn -0.8949 0.2813 0.3463
vn -0.8953 0.2806 0.3461
vn -0.8950 0.2815 0.3460
vn -0.8951 0.2815 0.3458
vn -0.8952 0.2815 0.3456
vn -0.8948 0.2810 0.3470
vn 0.3661 0.3461 0.8638
vn 0.3812 0.6644 0.6429
vn 0.3633 0.7898 0.4942
vn 0.3268 0.8898 0.3184
vn -0.4070 -0.9069 -0.1090
vn -0.2687 -0.9264 0.2639
vn -0.3418 -0.9361 0.0831
vn -0.1873 -0.8802 0.4361
vn -0.2682 -0.9262 0.2649
vn -0.1013 -0.7994 0.5922
vn -0.0137 -0.6869 0.7266
vn 0.0720 -0.5474 0.8338
vn 0.1526 -0.3857 0.9099
vn 0.3659 0.3447 0.8645
vn 0.2249 -0.2084 0.9518
vn 0.3821 0.5141 0.7679
vn 0.2859 -0.0227 0.9580
vn 0.3812 0.6642 0.6431
vn 0.3336 0.1647 0.9282
vn -0.8697 0.3377 0.3600
vn -0.8786 0.2932 0.3768
vn -0.8678 0.3423 0.3602
vn -0.8784 0.3062 0.3669
vn -0.8663 0.3469 0.3595
vn -0.8650 0.3518 0.3578
vn -0.8778 0.2942 0.3781
vn -0.8789 0.3031 0.3683
vn -0.8813 0.3109 0.3558
vn -0.8723 0.3200 0.3698
vn -0.8822 0.3208 0.3448
vn -0.8774 0.3218 0.3557
vn -0.8800 0.3220 0.3492
vn -0.8759 0.3221 0.3594
vn -0.8789 0.3229 0.3510
vn -0.8768 0.3254 0.3540
vn -0.8743 0.3290 0.3569
vn -0.8721 0.3328 0.3587
vn -0.8801 0.2788 0.3843
vn 0.1577 0.9446 0.2880
vn 0.0676 0.9384 0.3389
vn 0.0614 0.9460 0.3183
vn 0.0548 0.9490 0.3104
vn 0.0580 0.9481 0.3126
vn 0.0650 0.9470 0.3146
vn 0.9151 0.3858 -0.1175
vn 0.3491 -0.2786 0.8947
vn 0.5022 -0.1937 0.8428
vn 0.6560 -0.0884 0.7496
vn 0.7646 0.0054 0.6445
vn 0.8647 0.1207 0.4875
vn 0.9155 0.2086 0.3440
vn 0.9362 0.2976 0.1869
vn 0.9199 0.3918 -0.0179
vn 0.3193 -0.2917 0.9017
vn 0.0772 -0.2265 0.9709
vn 0.3148 -0.3619 0.8775
vn 0.4739 -0.4434 0.7608
vn 0.6026 -0.5011 0.6211
vn 0.7048 -0.5382 0.4622
vn 0.8043 -0.5566 0.2082
vn 0.8408 -0.5412 -0.0057
vn 0.8400 -0.5068 -0.1937
vn 0.8073 -0.4517 -0.3799
vn -0.7975 0.4375 0.4153
vn -0.8155 0.4608 0.3502
vn -0.7817 0.4189 0.4621
vn -0.7838 0.4215 0.4561
vn -0.7335 0.3681 0.5714
vn -0.6534 0.2936 0.6978
vn -0.5669 0.2201 0.7938
vn -0.4277 0.1114 0.8970
vn -0.2537 -0.0138 0.9672
vn -0.1544 -0.0807 0.9847
vn -0.0007 -0.1792 0.9838
vn 0.7729 -0.5543 0.3089
vn 0.8324 -0.5497 0.0708
vn -0.3922 0.0848 0.9160
vn 0.8147 -0.4622 -0.3501
vn 0.7863 -0.5559 0.2698
vn 0.5798 -0.2395 -0.7788
vn 0.6079 -0.2615 -0.7497
vn 0.6593 -0.3034 -0.6879
vn 0.6344 -0.2828 -0.7194
vn 0.0834 0.0894 -0.9925
vn 0.1171 0.0701 -0.9906
vn 0.2065 0.0170 -0.9783
vn 0.1576 0.0464 -0.9864
vn -0.4517 0.3797 -0.8073
vn -0.3907 0.3501 -0.8514
vn -0.2939 0.3009 -0.9072
vn -0.3389 0.3240 -0.8833
vn -0.7943 0.4992 -0.3463
vn -0.7748 0.4960 -0.3920
vn -0.7290 0.4854 -0.4827
vn -0.7531 0.4914 -0.4375
vn -0.8743 0.4479 0.1873
vn -0.8773 0.4575 0.1449
vn -0.8784 0.4742 0.0586
vn -0.8787 0.4663 0.1021
vn 0.7605 -0.3956 -0.5149
vn 0.7761 -0.4118 -0.4776
vn 0.8045 -0.4441 -0.3945
vn 0.7901 -0.4271 -0.4396
vn 0.4516 -0.1447 -0.8804
vn 0.4860 -0.1694 -0.8574
vn 0.5501 -0.2167 -0.8065
vn 0.5187 -0.1933 -0.8328
vn -0.0838 0.1867 -0.9788
vn -0.0319 0.1567 -0.9871
vn 0.0547 0.1059 -0.9929
vn 0.0155 0.1288 -0.9915
vn -0.6561 0.4657 -0.5939
vn -0.6346 0.4586 -0.6221
vn -0.5248 0.4135 -0.7441
vn -0.5897 0.4413 -0.6764
vn -0.8508 0.4992 -0.1643
vn -0.8397 0.5010 -0.2096
vn -0.8115 0.5011 -0.3006
vn -0.8266 0.5016 -0.2550
vn -0.8446 0.3986 0.3574
vn -0.8556 0.4137 0.3111
vn -0.8696 0.4373 0.2293
vn -0.8634 0.4259 0.2705
vn 0.6827 -0.3234 -0.6552
vn 0.7045 -0.3425 -0.6216
vn 0.7433 -0.3786 -0.5515
vn 0.7247 -0.3609 -0.5870
vn 0.2662 -0.0203 -0.9637
vn 0.3220 -0.0563 -0.9451
vn 0.4155 -0.1194 -0.9017
vn 0.3722 -0.0897 -0.9238
vn -0.2540 0.2800 -0.9258
vn -0.2166 0.2602 -0.9409
vn -0.1355 0.2160 -0.9670
vn -0.1784 0.2396 -0.9544
vn -0.7024 0.4779 -0.5275
vn -0.6815 0.4716 -0.5595
vn -0.6574 0.4650 -0.5930
vn -0.6663 0.4672 -0.5812
vn -0.8765 0.4812 0.0145
vn -0.8728 0.4872 -0.0297
vn -0.8600 0.4962 -0.1191
vn -0.8673 0.4923 -0.0742
vn -0.4168 0.4008 -0.8159
vn -0.1882 0.2770 -0.9422
vn -0.0089 0.1698 -0.9854
vn 0.1585 0.0630 -0.9854
vn 0.3148 -0.0429 -0.9482
vn 0.5159 -0.1902 -0.8353
vn 0.6487 -0.2973 -0.7005
vn 0.7403 -0.3800 -0.5546
vn 0.8064 -0.4506 -0.3831
vn -0.8165 0.4617 0.3466
vn -0.7983 0.4390 0.4122
vn -0.8273 0.4768 0.2972
vn -0.8260 0.4751 0.3034
vn -0.8438 0.5082 0.1724
vn -0.8442 0.5359 0.0076
vn -0.8249 0.5478 -0.1395
vn -0.7686 0.5443 -0.3360
vn -0.6695 0.5141 -0.5362
vn -0.6015 0.4873 -0.6331
vn -0.4831 0.4334 -0.7608
vn 0.4423 -0.1344 -0.8867
vn 0.6047 -0.2605 -0.7527
vn -0.7508 0.5401 -0.3803
vn 0.7975 -0.4403 -0.4125
vn 0.4718 -0.1565 -0.8677
vn 0.8261 -0.5523 0.1120
vn 0.8337 -0.5482 0.0668
vn 0.8432 -0.5371 -0.0226
vn 0.8394 -0.5431 0.0220
vn 0.5446 -0.4964 0.6760
vn 0.5701 -0.5053 0.6478
vn 0.6338 -0.5257 0.5673
vn 0.5996 -0.5150 0.6125
vn 0.0394 -0.2440 0.9690
vn 0.1081 -0.2835 0.9529
vn 0.2104 -0.3396 0.9167
vn 0.1638 -0.3144 0.9351
vn -0.4526 0.0653 0.8893
vn -0.4151 0.0392 0.9089
vn -0.3351 -0.0149 0.9421
vn -0.3760 0.0124 0.9266
vn -0.7767 0.3240 0.5402
vn -0.7583 0.3064 0.5755
vn -0.7168 0.2689 0.6434
vn -0.7383 0.2880 0.6099
vn 0.8369 -0.4926 -0.2386
vn 0.8307 -0.4811 -0.2801
vn 0.8119 -0.4535 -0.3675
vn 0.8229 -0.4688 -0.3210
vn 0.7764 -0.5572 0.2944
vn 0.7918 -0.5578 0.2488
vn 0.8166 -0.5553 0.1576
vn 0.8052 -0.5571 0.2032
vn 0.4083 -0.4382 0.8008
vn 0.4525 -0.4585 0.7648
vn 0.5225 -0.4883 0.6990
vn 0.4914 -0.4755 0.7297
vn -0.2234 -0.0838 0.9711
vn -0.1929 -0.1025 0.9759
vn -0.0481 -0.1920 0.9802
vn -0.1314 -0.1409 0.9813
vn -0.5859 0.1627 0.7939
vn -0.5550 0.1394 0.8201
vn -0.4885 0.0908 0.8678
vn -0.5226 0.1155 0.8447
vn -0.8372 0.3892 0.3842
vn -0.8230 0.3724 0.4290
vn -0.7937 0.3409 0.5038
vn -0.8091 0.3570 0.4668
vn 0.8454 -0.5300 -0.0669
vn 0.8458 -0.5220 -0.1106
vn 0.8415 -0.5033 -0.1964
vn 0.8445 -0.5131 -0.1537
vn 0.6732 -0.5371 0.5083
vn 0.7074 -0.5458 0.4491
vn 0.7589 -0.5555 0.3400
vn 0.7360 -0.5518 0.3922
vn 0.2503 -0.3605 0.8985
vn 0.2868 -0.3791 0.8798
vn 0.3623 -0.4164 0.8339
vn 0.3230 -0.3972 0.8590
vn -0.2925 -0.0428 0.9553
vn -0.2604 -0.0632 0.9634
vn -0.2250 -0.0842 0.9707
vn -0.2379 -0.0769 0.9682
vn -0.6936 0.2490 0.6760
vn -0.6690 0.2284 0.7073
vn -0.6152 0.1854 0.7663
vn -0.6429 0.2073 0.7373
vn -0.2527 0.3162 -0.9144
vn -0.2653 0.2968 -0.9173
vn 0.2523 -0.3227 0.9122
vn 0.2767 -0.3354 0.9005
vn -0.1853 0.9101 0.3708
vn -0.4176 0.8151 0.4016
vn 0.1561 0.9447 0.2886
vn -0.4444 0.7997 0.4037
vn -0.1368 0.9222 0.3617
vn -0.4611 0.7896 0.4048
vn 0.0587 0.9469 0.3162
vn -0.0880 0.9320 0.3516
vn 0.0096 0.9443 0.3289
vn -0.0882 0.9320 0.3516
vn -0.4443 0.7998 0.4037
vn -0.0795 -0.1115 0.9906
vn -0.2225 0.0077 0.9749
vn -0.2643 0.0481 0.9633
vn -0.4157 0.1852 0.8904
vn -0.4406 0.2120 0.8723
vn -0.5388 0.3103 0.7832
vn -0.6168 0.3930 0.6820
vn -0.6689 0.4503 0.5915
vn -0.7118 0.5074 0.4857
vn -0.7234 0.5227 0.4511
vn -0.7574 0.5760 0.3075
vn -0.7101 0.5260 0.4682
vn -0.7435 0.5510 0.3789
vn -0.7565 0.5670 0.3258
vn -0.7608 0.5733 0.3042
vn -0.7834 0.6061 0.1377
vn -0.7839 0.6170 0.0695
vn -0.7779 0.6263 -0.0515
vn -0.7506 0.6219 -0.2234
vn -0.7271 0.6104 -0.3143
vn -0.6729 0.5839 -0.4542
vn -0.6159 0.5481 -0.5659
vn -0.5161 0.4857 -0.7055
vn -0.3855 0.3915 -0.8355
vn -0.2980 0.3363 -0.8934
vn -0.1230 0.2009 -0.9719
vn 0.0365 0.0730 -0.9967
vn 0.1861 -0.0515 -0.9812
vn 0.3031 -0.1524 -0.9407
vn 0.3882 -0.2270 -0.8932
vn 0.4535 -0.2892 -0.8431
vn 0.5041 -0.3331 -0.7968
vn 0.5843 -0.4130 -0.6986
vn 0.6375 -0.4644 -0.6147
vn 0.6914 -0.5191 -0.5025
vn 0.7195 -0.5535 -0.4194
vn 0.7399 -0.5780 -0.3443
vn 0.7114 -0.5399 -0.4500
vn 0.7311 -0.5691 -0.3764
vn 0.7491 -0.5967 -0.2879
vn 0.7406 -0.5906 -0.3204
vn 0.7614 -0.6442 -0.0724
vn 0.7524 -0.6563 0.0559
vn 0.7427 -0.6596 0.1151
vn 0.7001 -0.6501 0.2953
vn 0.7061 -0.6522 0.2757
vn 0.6568 -0.6327 0.4103
vn 0.5943 -0.5998 0.5357
vn 0.4892 -0.5356 0.6884
vn 0.3563 -0.4448 0.8217
vn 0.2311 -0.3521 0.9070
vn 0.0562 -0.2241 0.9729
vn -0.5899 -0.7989 -0.1174
vn -0.5899 -0.7989 -0.1175
vn -0.3157 0.1158 -0.9418
vn -0.5241 0.0067 0.8516
vn -0.0079 -0.1042 -0.9945
vn -0.7533 0.2097 0.6233
vn -0.2397 0.0635 -0.9688
vn -0.7966 0.2526 0.5491
vn -0.1626 0.0091 -0.9866
vn -0.8335 0.2916 0.4694
vn 0.2142 -0.2770 -0.9367
vn 0.0743 -0.4421 0.8939
vn 0.5120 -0.5361 -0.6712
vn 0.3526 -0.6195 0.7013
vn 0.1425 -0.2197 -0.9651
vn 0.5553 -0.5790 -0.5970
vn 0.1484 -0.4916 0.8581
vn 0.0682 -0.1619 -0.9844
vn 0.4075 -0.4399 -0.8003
vn 0.4122 -0.6538 0.6345
vn 0.4625 -0.4895 -0.7392
vn -0.4613 0.2116 -0.8616
vn 0.2200 -0.5380 0.8138
vn 0.2827 -0.3331 -0.8995
vn -0.5296 0.2544 -0.8092
vn 0.2882 -0.5807 0.7614
vn 0.6221 -0.6525 -0.4328
vn -0.5938 0.2931 -0.7493
vn 0.5586 -0.7275 0.3985
vn 0.6449 -0.6823 -0.3444
vn 0.3473 -0.3876 -0.8539
vn 0.6685 -0.7409 -0.0641
vn -0.8862 0.3559 0.2965
vn -0.7999 0.4011 -0.4464
vn 0.5157 -0.7081 0.4823
vn 0.6682 -0.7267 -0.1591
vn -0.7571 0.3817 -0.5302
vn 0.4668 -0.6835 0.5612
vn 0.6465 -0.7525 0.1261
vn -0.6535 0.3275 -0.6824
vn 0.6613 -0.7495 0.0313
vn -0.0016 -0.3899 0.9209
vn -0.8878 0.4261 -0.1740
vn 0.5949 -0.7414 0.3107
vn -0.0787 -0.3355 0.9388
vn -0.7082 0.3571 -0.6091
vn -0.8634 0.3261 0.3849
vn -0.1563 -0.2793 0.9474
vn -0.9026 0.4232 -0.0792
vn 0.6242 -0.7497 0.2196
vn 0.5921 -0.6179 -0.5172
vn -0.4555 -0.0495 0.8888
vn -0.8656 0.4234 -0.2674
vn -0.3839 -0.1067 0.9172
vn -0.8362 0.4150 -0.3585
vn -0.2335 -0.2221 0.9467
vn -0.9099 0.4146 0.0163
vn -0.6489 0.1135 0.7524
vn -0.9096 0.4004 0.1113
vn -0.3095 -0.1645 0.9366
vn -0.9017 0.3808 0.2050
vn -0.7039 0.1632 0.6913
vn -0.3898 0.1652 -0.9060
vn 0.6603 -0.7071 -0.2528
vn -0.0850 -0.0470 -0.9953
vn -0.5887 0.0612 0.8060
vn 0.7988 -0.5990 0.0564
vn 0.1216 -0.2315 0.9652
vn -0.7836 0.6020 -0.1533
vn 0.7309 -0.5907 0.3418
vn 0.0429 -0.1759 0.9835
vn -0.6001 0.5315 -0.5978
vn -0.7588 0.4998 0.4177
vn -0.0364 -0.1186 0.9923
vn -0.7988 0.5990 -0.0564
vn 0.7610 -0.5992 0.2487
vn 0.7282 -0.4646 -0.5039
vn -0.3421 0.1162 0.9324
vn -0.7610 0.5992 -0.2487
vn -0.2688 0.0578 0.9615
vn -0.7309 0.5907 -0.3418
vn -0.1152 -0.0603 0.9915
vn -0.8062 0.5902 0.0410
vn -0.5396 0.2827 0.7931
vn -0.8059 0.5757 0.1381
vn -0.1929 -0.0013 0.9812
vn -0.7978 0.5557 0.2338
vn -0.5958 0.3334 0.7307
vn -0.2749 0.3355 -0.9010
vn 0.7978 -0.5557 -0.2339
vn 0.0363 0.1186 -0.9923
vn -0.4781 0.2292 0.8479
vn -0.1993 0.2849 -0.9376
vn -0.4121 0.1735 0.8945
vn 0.1152 0.0602 -0.9915
vn -0.6463 0.3810 0.6612
vn -0.1217 0.2315 -0.9652
vn -0.6905 0.4248 0.5854
vn -0.0429 0.1759 -0.9835
vn -0.7282 0.4646 0.5039
vn 0.3422 -0.1162 -0.9324
vn 0.1993 -0.2848 0.9376
vn 0.6463 -0.3809 -0.6612
vn 0.4834 -0.4662 0.7409
vn 0.2688 -0.0577 -0.9615
vn 0.6905 -0.4248 -0.5854
vn 0.2750 -0.3355 0.9010
vn 0.1929 0.0013 -0.9812
vn 0.5396 -0.2827 -0.7931
vn 0.5443 -0.5012 0.6727
vn 0.5958 -0.3334 -0.7307
vn -0.3480 0.3829 -0.8557
vn 0.3480 -0.3828 0.8557
vn 0.4121 -0.1735 -0.8945
vn -0.4177 0.4266 -0.8022
vn 0.4177 -0.4265 0.8023
vn 0.7588 -0.4998 -0.4177
vn -0.4834 0.4661 -0.7410
vn 0.6939 -0.5764 0.4315
vn 0.4782 -0.2292 -0.8478
vn 0.8062 -0.5902 -0.0411
vn -0.7820 0.5303 0.3273
vn -0.6939 0.5765 -0.4315
vn 0.6502 -0.5566 0.5172
vn 0.8059 -0.5757 -0.1381
vn -0.6501 0.5567 -0.5172
vn 0.6002 -0.5315 0.5977
vn 0.7836 -0.6020 0.1533
vn -0.5444 0.5012 -0.6726
vn -0.6463 0.3809 0.6612
vn 0.3421 -0.1162 -0.9325
vn 0.1993 -0.2849 0.9376
vn 0.6463 -0.3810 -0.6612
vn 0.4834 -0.4662 0.7410
vn 0.2689 -0.0578 -0.9614
vn 0.5444 -0.5012 0.6726
vn -0.3480 0.3829 -0.8558
vn 0.3480 -0.3829 0.8557
vn 0.4122 -0.1736 -0.8944
vn 0.4177 -0.4266 0.8022
vn 0.6939 -0.5764 0.4316
vn 0.7821 -0.5303 -0.3273
vn 0.4781 -0.2292 -0.8479
vn 0.8062 -0.5902 -0.0410
vn -0.7821 0.5303 0.3273
vn -0.6939 0.5764 -0.4316
vn -0.6502 0.5567 -0.5171
vn 0.0429 -0.1760 0.9835
vn -0.6002 0.5315 -0.5977
vn -0.0363 -0.1187 0.9923
vn -0.3421 0.1162 0.9325
vn -0.7610 0.5992 -0.2488
vn -0.7310 0.5907 -0.3418
vn -0.1152 -0.0602 0.9915
vn -0.8062 0.5902 0.0411
vn -0.1930 -0.0012 0.9812
vn -0.7978 0.5557 0.2339
vn 0.7978 -0.5557 -0.2338
vn 0.0364 0.1187 -0.9923
vn 0.7154 -0.6683 0.2041
vn -0.2170 -0.4216 -0.8804
vn -0.3004 -0.4338 0.8494
vn -0.2297 -0.4008 0.8869
vn -0.2415 -0.3809 -0.8925
vn 0.5601 -0.4319 -0.7069
vn -0.4543 -0.2025 0.8676
vn -0.1993 0.0536 -0.9785
vn -0.7935 0.5681 -0.2183
vn 0.7103 -0.5918 -0.3811
vn 0.4062 -0.4041 0.8196
vn 0.5140 -0.3960 -0.7609
vn 0.6006 -0.5543 0.5762
vn 0.7360 -0.6315 -0.2439
vn -0.2476 -0.3249 -0.9128
vn -0.3859 0.3293 -0.8618
vn 0.6196 -0.5767 0.5326
vn 0.6283 -0.4951 -0.6001
vn 0.7401 -0.6453 -0.1893
vn 0.7380 -0.6734 -0.0431
vn -0.7465 0.5570 -0.3641
vn -0.8309 0.5501 -0.0833
vn -0.5485 0.3544 0.7574
vn 0.6871 -0.6369 0.3496
vn -0.8132 0.5618 -0.1522
vn -0.6636 0.5198 -0.5380
vn -0.6595 0.4625 0.5925
vn -0.3955 0.0972 0.9133
vn -0.6832 0.4811 0.5494
vn -0.4248 -0.0819 0.9016
vn 0.3409 -0.3630 0.8672
vn -0.6355 0.5060 -0.5832
vn -0.7390 0.5251 0.4220
vn -0.7944 0.5628 0.2285
vn -0.4476 -0.3092 0.8391
vn -0.3694 -0.4338 0.8218
vn -0.8023 0.5691 0.1803
vn -0.7279 0.5511 -0.4080
vn -0.7563 0.5391 0.3706
vn -0.4396 -0.3722 0.8175
vn 0.6993 -0.5736 -0.4266
vn -0.5565 0.4551 -0.6952
vn 0.4955 -0.4691 0.7310
vn 0.2163 -0.2818 -0.9348
vn 0.7337 -0.6794 0.0108
vn 0.0118 -0.2650 0.9642
vn -0.5238 0.4372 -0.7311
vn -0.1035 -0.4358 -0.8941
vn -0.2514 -0.2288 -0.9404
vn -0.4115 -0.4200 0.8089
vn -0.5857 0.4002 0.7048
vn -0.8201 0.5717 0.0263
vn 0.6734 -0.6192 0.4038
vn 0.1003 -0.3722 -0.9227
vn 0.6490 -0.5182 -0.5570
vn -0.1733 -0.4344 -0.8839
vn -0.2234 -0.1185 -0.9675
vn 0.5238 -0.4963 0.6924
vn -0.0305 -0.4058 -0.9135
vn -0.4301 0.3682 -0.8242
vn -0.0995 -0.3608 0.9273
vn 0.5929 0.7969 0.1158
vn 0.5930 0.7969 0.1156
vn 0.5929 0.7970 0.1152
vn 0.5930 0.7970 0.1148
vn 0.5928 0.7972 0.1144
vn 0.5926 0.7973 0.1142
vn 0.5913 0.7982 0.1149
vn 0.5910 0.7984 0.1155
vn 0.5908 0.7984 0.1158
vn 0.5907 0.7985 0.1160
vn 0.5907 0.7985 0.1161
vn 0.5906 0.7985 0.1161
vn 0.5906 0.7986 0.1161
vn 0.5905 0.7986 0.1160
vn 0.5905 0.7987 0.1157
vn 0.5904 0.7989 0.1153
vn 0.5903 0.7991 0.1143
vn 0.5891 0.8001 0.1135
vn 0.5888 0.8003 0.1137
vn 0.5885 0.8004 0.1142
vn 0.5884 0.8004 0.1145
vn 0.5883 0.8004 0.1151
vn 0.5883 0.8004 0.1153
vn 0.5883 0.8003 0.1159
vn 0.5883 0.8002 0.1161
vn 0.5884 0.8001 0.1166
vn 0.5885 0.8000 0.1167
vn 0.5885 0.8000 0.1171
vn 0.5885 0.7999 0.1172
vn 0.5885 0.7999 0.1176
vn 0.5885 0.7999 0.1177
vn 0.5886 0.7998 0.1180
vn 0.5887 0.7997 0.1181
vn 0.5888 0.7996 0.1184
vn 0.5889 0.7995 0.1185
vn 0.5890 0.7993 0.1187
vn 0.5892 0.7992 0.1188
vn 0.5893 0.7991 0.1188
vn 0.5900 0.7987 0.1185
vn 0.5902 0.7986 0.1182
vn 0.5903 0.7985 0.1181
vn 0.5903 0.7985 0.1180
vn 0.5904 0.7985 0.1179
vn 0.5904 0.7984 0.1180
vn 0.5905 0.7983 0.1182
vn 0.5906 0.7983 0.1184
vn 0.5906 0.7981 0.1188
vn 0.5912 0.7977 0.1189
vn 0.5913 0.7976 0.1189
vn 0.5916 0.7974 0.1187
vn 0.5917 0.7974 0.1186
vn 0.5919 0.7973 0.1184
vn 0.5919 0.7972 0.1183
vn 0.5921 0.7972 0.1180
vn 0.5921 0.7972 0.1179
vn 0.5922 0.7971 0.1176
vn 0.5922 0.7972 0.1175
vn 0.5922 0.7972 0.1173
vn 0.5925 0.7971 0.1171
vn 0.5927 0.7970 0.1167
vn 0.5927 0.7970 0.1165
vn 0.5929 0.7969 0.1160
vn 0.3563 -0.0132 -0.9343
vn 0.7434 -0.5014 0.4427
vn -0.0936 0.0365 0.9949
vn -0.7484 0.6426 0.1642
vn -0.3498 0.4892 -0.7990
vn -0.6205 0.4814 0.6190
vn -0.4815 0.5674 -0.6680
vn -0.7283 0.6717 -0.1354
vn -0.2016 0.3939 -0.8968
vn -0.0128 -0.0239 0.9996
vn 0.3842 -0.2990 0.8735
vn -0.1232 0.3411 -0.9319
vn 0.0383 0.2277 -0.9730
vn 0.2003 0.1079 -0.9738
vn 0.8454 -0.4766 -0.2410
vn -0.2774 0.4434 -0.8523
vn -0.5186 0.3848 0.7636
vn 0.1196 0.1684 -0.9784
vn -0.4181 0.5306 -0.7373
vn 0.3084 -0.2494 0.9180
vn -0.4585 0.3314 0.8246
vn -0.6949 0.5612 0.4496
vn 0.6981 -0.4808 0.5305
vn 0.0686 -0.0833 0.9942
vn 0.8017 -0.4168 -0.4284
vn 0.5249 -0.3862 0.7585
vn 0.8567 -0.5139 -0.0434
vn -0.1727 0.0972 0.9802
vn 0.8276 -0.4493 -0.3365
vn 0.7815 -0.5161 0.3505
vn -0.5728 0.4349 0.6948
vn 0.7682 -0.3791 -0.5159
vn -0.7207 0.5938 0.3577
vn 0.4302 -0.0729 -0.8998
vn 0.5884 -0.4229 0.6892
vn 0.5000 -0.1309 -0.8561
vn 0.7274 -0.3369 -0.5978
vn -0.3932 0.2754 0.8772
vn 0.6796 -0.2905 -0.6736
vn -0.6747 0.6605 -0.3293
vn -0.6614 0.5236 0.5370
vn 0.2796 0.0472 -0.9590
vn -0.7054 0.6692 -0.2336
vn 0.6463 -0.4546 0.6129
vn 0.2301 -0.1967 0.9531
vn 0.8552 -0.4982 -0.1430
vn -0.7386 0.6210 0.2622
vn -0.5913 0.6253 -0.5093
vn -0.0429 0.2854 -0.9574
vn 0.4567 -0.3447 0.8201
vn -0.7432 0.6681 -0.0356
vn 0.8500 -0.5237 0.0569
vn -0.5394 0.5990 -0.5918
vn 0.6254 -0.2403 -0.7423
vn 0.8123 -0.5248 0.2547
vn -0.2496 0.1577 0.9554
vn 0.5654 -0.1870 -0.8034
vn -0.6366 0.6459 -0.4215
vn 0.1497 -0.1410 0.9786
vn -0.3233 0.2173 0.9210
vn -0.7499 0.6584 0.0645
vn 0.7677 -0.5688 -0.2951
vn 0.7619 -0.5760 -0.2961
vn 0.7743 -0.5795 -0.2542
vn 0.7685 -0.5868 -0.2551
vn 0.7598 -0.5570 -0.3354
vn 0.7504 -0.5443 -0.3751
vn 0.7540 -0.5643 -0.3364
vn 0.7446 -0.5515 -0.3761
vn 0.7447 -0.6259 0.2318
vn 0.7391 -0.6328 0.2310
vn 0.7316 -0.6225 0.2779
vn 0.7261 -0.6294 0.2769
vn 0.7558 -0.6279 0.1859
vn 0.7651 -0.6284 0.1402
vn 0.7502 -0.6348 0.1850
vn 0.7595 -0.6355 0.1393
vn 0.4419 -0.4703 0.7639
vn 0.4371 -0.4760 0.7631
vn 0.4034 -0.4458 0.7991
vn 0.3987 -0.4514 0.7983
vn 0.4717 -0.4888 0.7339
vn 0.4907 -0.5005 0.7132
vn 0.4670 -0.4948 0.7329
vn 0.4859 -0.5064 0.7123
vn -0.2024 -0.0162 0.9792
vn -0.1966 -0.0175 0.9803
vn -0.2251 -0.0009 0.9743
vn -0.2149 -0.0048 0.9766
vn -0.1404 -0.0650 0.9880
vn -0.0490 -0.1366 0.9894
vn -0.1376 -0.0636 0.9884
vn -0.0471 -0.1339 0.9899
vn -0.1397 -0.0660 0.9880
vn -0.1356 -0.0712 0.9882
vn -0.0480 -0.1393 0.9891
vn -0.0456 -0.1458 0.9883
vn -0.2057 -0.0126 0.9785
vn -0.2359 0.0092 0.9717
vn -0.2068 -0.0107 0.9783
vn -0.2481 0.0217 0.9685
vn -0.6087 0.1399 0.7809
vn -0.6070 0.1687 0.7766
vn -0.6265 0.1626 0.7622
vn -0.6263 0.1897 0.7561
vn -0.5979 0.1251 0.7917
vn -0.5926 0.1208 0.7964
vn -0.5884 0.1513 0.7942
vn -0.5689 0.1395 0.8105
vn -0.5813 0.1316 0.8030
vn -0.5577 0.1476 0.8168
vn -0.5892 0.1349 0.7967
vn -0.5738 0.1565 0.8039
vn -0.6051 0.1653 0.7788
vn -0.5608 0.1554 0.8133
vn -0.5816 0.1773 0.7939
vn -0.8362 0.3553 0.4177
vn -0.8273 0.3713 0.4216
vn -0.8470 0.3678 0.3839
vn -0.8382 0.3839 0.3874
vn -0.8243 0.3424 0.4508
vn -0.8111 0.3290 0.4836
vn -0.8152 0.3582 0.4552
vn -0.8017 0.3445 0.4885
vn -0.8180 0.3551 0.4526
vn -0.8101 0.3706 0.4543
vn -0.8048 0.3418 0.4852
vn -0.7971 0.3579 0.4864
vn -0.8298 0.3678 0.4197
vn -0.8404 0.3802 0.3862
vn -0.8218 0.3830 0.4218
vn -0.8323 0.3951 0.3889
vn -0.8809 0.4722 -0.0308
vn -0.8721 0.4887 -0.0254
vn -0.8767 0.4749 -0.0768
vn -0.8683 0.4917 -0.0650
vn -0.8843 0.4668 0.0133
vn -0.8865 0.4594 0.0549
vn -0.8753 0.4834 0.0142
vn -0.8776 0.4763 0.0539
vn -0.8773 0.4796 0.0158
vn -0.8673 0.4973 0.0215
vn -0.8797 0.4717 0.0601
vn -0.8700 0.4883 0.0681
vn -0.8734 0.4859 -0.0336
vn -0.8677 0.4894 -0.0871
vn -0.8625 0.5050 -0.0325
vn -0.8551 0.5101 -0.0928
vn -0.6514 0.5227 -0.5500
vn -0.6362 0.5242 -0.5661
vn -0.6399 0.5248 -0.5614
vn -0.6292 0.5250 -0.5732
vn -0.6776 0.5241 -0.5159
vn -0.7186 0.5264 -0.4544
vn -0.6569 0.5279 -0.5383
vn -0.6910 0.5337 -0.4875
vn -0.6995 0.5293 -0.4800
vn -0.7265 0.5371 -0.4286
vn -0.7445 0.5298 -0.4062
vn -0.7718 0.5343 -0.3448
vn -0.6686 0.5290 -0.5226
vn -0.6520 0.5312 -0.5410
vn -0.6914 0.5388 -0.4813
vn -0.6685 0.5409 -0.5105
vn -0.1769 0.2429 -0.9538
vn -0.1814 0.2375 -0.9543
vn -0.1371 0.2144 -0.9671
vn -0.1417 0.2087 -0.9676
vn -0.1831 0.2584 -0.9485
vn -0.2610 0.2980 -0.9182
vn -0.2167 0.2627 -0.9402
vn -0.2511 0.2870 -0.9244
vn -0.2777 0.2878 -0.9165
vn -0.2643 0.2810 -0.9226
vn 0.3286 -0.1455 -0.9332
vn 0.3233 -0.1522 -0.9340
vn 0.3761 -0.1851 -0.9079
vn 0.3706 -0.1918 -0.9088
vn 0.2692 -0.0968 -0.9582
vn 0.2020 -0.0427 -0.9785
vn 0.2641 -0.1035 -0.9589
vn 0.1970 -0.0493 -0.9792
vn 0.6649 -0.4481 -0.5976
vn 0.6592 -0.4552 -0.5986
vn 0.6826 -0.4664 -0.5626
vn 0.6769 -0.4736 -0.5635
vn 0.6459 -0.4288 -0.6317
vn 0.6254 -0.4085 -0.6648
vn 0.6401 -0.4359 -0.6326
vn 0.6196 -0.4157 -0.6658
vn 0.7853 -0.6059 -0.1273
vn 0.7796 -0.6130 -0.1282
vn 0.7860 -0.6125 -0.0839
vn 0.7802 -0.6197 -0.0849
vn 0.7831 -0.5981 -0.1701
vn 0.7795 -0.5894 -0.2123
vn 0.7774 -0.6054 -0.1710
vn 0.7737 -0.5966 -0.2133
vn 0.6609 -0.5942 0.4584
vn 0.6557 -0.6008 0.4573
vn 0.6203 -0.5740 0.5346
vn 0.6152 -0.5804 0.5335
vn 0.6933 -0.6086 0.3859
vn 0.7167 -0.6176 0.3239
vn 0.6879 -0.6153 0.3850
vn 0.7112 -0.6244 0.3230
vn 0.3192 -0.3796 0.8683
vn 0.2867 -0.3768 0.8808
vn 0.2436 -0.3430 0.9072
vn 0.2533 -0.3537 0.9004
vn 0.3246 -0.3939 0.8599
vn 0.3607 -0.4179 0.8338
vn 0.3200 -0.3994 0.8591
vn 0.3561 -0.4235 0.8330
vn 0.2267 -0.3523 0.9080
vn 0.2393 -0.3594 0.9020
vn -0.2687 0.0047 0.9632
vn -0.2397 -0.0020 0.9709
vn -0.3325 0.0360 0.9424
vn -0.2920 0.0268 0.9560
vn -0.2303 -0.0121 0.9731
vn -0.2146 -0.0153 0.9766
vn -0.2093 -0.0179 0.9777
vn -0.1997 -0.0204 0.9796
vn -0.2569 0.0061 0.9664
vn -0.2944 0.0345 0.9551
vn -0.2336 -0.0002 0.9723
vn -0.2603 0.0226 0.9653
vn -0.3034 0.0262 0.9525
vn -0.3769 0.0627 0.9241
vn -0.3494 0.0581 0.9352
vn -0.4280 0.0977 0.8985
vn -0.6921 0.2508 0.6768
vn -0.7245 0.2536 0.6409
vn -0.7135 0.2679 0.6474
vn -0.6781 0.2146 0.7030
vn -0.6527 0.1904 0.7333
vn -0.6701 0.2322 0.7050
vn -0.6481 0.2121 0.7314
vn -0.6680 0.2251 0.7093
vn -0.6560 0.2426 0.7148
vn -0.6377 0.1974 0.7446
vn -0.6208 0.2124 0.7547
vn -0.6952 0.2483 0.6746
vn -0.7190 0.2676 0.6414
vn -0.6862 0.2673 0.6765
vn -0.7115 0.2870 0.6414
vn -0.8717 0.4025 0.2796
vn -0.8631 0.4191 0.2817
vn -0.8774 0.4132 0.2438
vn -0.8689 0.4299 0.2453
vn -0.8647 0.3914 0.3149
vn -0.8565 0.3798 0.3496
vn -0.8561 0.4079 0.3174
vn -0.8478 0.3962 0.3526
vn -0.8580 0.4036 0.3178
vn -0.8495 0.4182 0.3216
vn -0.8498 0.3921 0.3522
vn -0.8415 0.4068 0.3554
vn -0.8649 0.4147 0.2830
vn -0.8706 0.4253 0.2474
vn -0.8563 0.4293 0.2873
vn -0.8618 0.4400 0.2524
vn -0.8664 0.4661 -0.1793
vn -0.8550 0.4899 -0.1700
vn -0.8646 0.4662 -0.1873
vn -0.8474 0.4932 -0.1967
vn -0.8685 0.4697 -0.1585
vn -0.8717 0.4739 -0.1245
vn -0.8603 0.4904 -0.1396
vn -0.8643 0.4920 -0.1047
vn -0.8562 0.4851 -0.1779
vn -0.8390 0.5087 -0.1930
vn -0.8602 0.4893 -0.1439
vn -0.8447 0.5114 -0.1578
vn -0.8560 0.4806 -0.1907
vn -0.8594 0.4782 -0.1809
vn -0.8392 0.5051 -0.2014
vn -0.8459 0.5021 -0.1802
vn -0.5884 0.5039 -0.6323
vn -0.5859 0.5059 -0.6331
vn -0.5209 0.4627 -0.7174
vn -0.5190 0.4654 -0.7169
vn -0.6305 0.5276 -0.5693
vn -0.6456 0.5332 -0.5468
vn -0.6262 0.5282 -0.5735
vn -0.6383 0.5330 -0.5554
vn -0.6326 0.5295 -0.5652
vn -0.6331 0.5308 -0.5634
vn -0.6521 0.5379 -0.5343
vn -0.6592 0.5440 -0.5192
vn -0.5879 0.5032 -0.6333
vn -0.5204 0.4606 -0.7191
vn -0.5853 0.5000 -0.6383
vn -0.5189 0.4553 -0.7235
vn -0.0057 0.1175 -0.9931
vn -0.0103 0.1115 -0.9937
vn 0.0184 0.0994 -0.9949
vn 0.0138 0.0933 -0.9955
vn -0.0427 0.1451 -0.9885
vn -0.0474 0.1393 -0.9891
vn -0.0931 0.1732 -0.9805
vn 0.4722 -0.2677 -0.8399
vn 0.4666 -0.2746 -0.8408
vn 0.5013 -0.2934 -0.8141
vn 0.4957 -0.3004 -0.8149
vn 0.4416 -0.2410 -0.8642
vn 0.4096 -0.2135 -0.8869
vn 0.4360 -0.2479 -0.8651
vn 0.4041 -0.2204 -0.8878
vn 0.7274 -0.5159 -0.4525
vn 0.7216 -0.5232 -0.4534
vn 0.7396 -0.5305 -0.4142
vn 0.7338 -0.5378 -0.4152
vn 0.7139 -0.5004 -0.4899
vn 0.6990 -0.4839 -0.5266
vn 0.7081 -0.5076 -0.4909
vn 0.6932 -0.4911 -0.5276
vn 0.7785 -0.6257 0.0493
vn 0.7727 -0.6277 0.0945
vn 0.7670 -0.6348 0.0936
vn 0.7826 -0.6225 0.0045
vn 0.7851 -0.6181 -0.0399
vn 0.7769 -0.6296 0.0036
vn 0.7794 -0.6253 -0.0408
vn 0.5154 -0.5152 0.6848
vn 0.5107 -0.5213 0.6837
vn 0.4992 -0.5056 0.7037
vn 0.4946 -0.5116 0.7026
vn 0.5397 -0.5294 0.6546
vn 0.5739 -0.5489 0.6078
vn 0.5350 -0.5356 0.6534
vn 0.5690 -0.5552 0.6066
vn 0.1165 -0.2607 0.9584
vn 0.1187 -0.2579 0.9589
vn 0.0463 -0.2090 0.9768
vn 0.0486 -0.2063 0.9773
vn 0.1705 -0.2995 0.9387
vn 0.2144 -0.3305 0.9191
vn 0.1727 -0.2969 0.9392
vn 0.2165 -0.3280 0.9196
vn 0.1690 -0.3013 0.9384
vn 0.1650 -0.3061 0.9376
vn 0.2128 -0.3322 0.9189
vn 0.2085 -0.3371 0.9181
vn 0.1151 -0.2625 0.9580
vn 0.0457 -0.2112 0.9764
vn 0.1116 -0.2673 0.9571
vn 0.0442 -0.2166 0.9753
vn -0.5656 0.1321 0.8141
vn -0.5056 0.1249 0.8537
vn -0.5926 0.1308 0.7948
vn -0.5471 0.1353 0.8261
vn -0.5104 0.1184 0.8517
vn -0.4296 0.0858 0.8989
vn -0.4463 0.1044 0.8888
vn -0.3728 0.0713 0.9252
vn -0.5629 0.1575 0.8114
vn -0.6001 0.1968 0.7754
vn -0.4840 0.1213 0.8666
vn -0.5335 0.1603 0.8305
vn -0.6051 0.1679 0.7782
vn -0.6122 0.1578 0.7748
vn -0.6250 0.2047 0.7533
vn -0.6136 0.1887 0.7668
vn -0.7806 0.3006 0.5479
vn -0.7707 0.3156 0.5536
vn -0.7965 0.3150 0.5161
vn -0.7868 0.3303 0.5214
vn -0.7634 0.2855 0.5794
vn -0.7448 0.2699 0.6103
vn -0.7531 0.3004 0.5853
vn -0.7341 0.2845 0.6165
vn -0.7575 0.2990 0.5803
vn -0.7500 0.3169 0.5806
vn -0.7390 0.2836 0.6111
vn -0.7315 0.3023 0.6112
vn -0.7747 0.3138 0.5490
vn -0.7904 0.3281 0.5173
vn -0.7670 0.3310 0.5496
vn -0.7827 0.3446 0.5183
vn -0.8869 0.4424 0.1326
vn -0.8783 0.4594 0.1326
vn -0.8875 0.4512 0.0941
vn -0.8787 0.4681 0.0937
vn -0.8851 0.4332 0.1702
vn -0.8819 0.4234 0.2073
vn -0.8765 0.4501 0.1707
vn -0.8734 0.4403 0.2082
vn -0.8782 0.4453 0.1745
vn -0.8690 0.4606 0.1807
vn -0.8750 0.4356 0.2112
vn -0.8661 0.4505 0.2168
vn -0.8801 0.4546 0.1371
vn -0.8806 0.4634 0.0991
vn -0.8707 0.4702 0.1440
vn -0.8711 0.4795 0.1064
vn -0.8187 0.5101 -0.2636
vn -0.7821 0.5310 -0.3261
vn -0.7753 0.5248 -0.3513
vn -0.7402 0.5379 -0.4035
vn -0.8473 0.4899 -0.2050
vn -0.8623 0.4732 -0.1805
vn -0.8144 0.5171 -0.2633
vn -0.8362 0.5025 -0.2197
vn -0.8595 0.4910 -0.1418
vn -0.8594 0.5025 -0.0946
vn -0.8658 0.4798 -0.1422
vn -0.8582 0.4994 -0.1182
vn -0.8396 0.5089 -0.1897
vn -0.8022 0.5253 -0.2838
vn -0.8491 0.5131 -0.1253
vn -0.8223 0.5271 -0.2143
vn -0.3323 0.3391 -0.8801
vn -0.3302 0.3418 -0.8799
vn -0.2901 0.3102 -0.9053
vn -0.2881 0.3128 -0.9051
vn -0.3822 0.3727 -0.8456
vn -0.4436 0.4133 -0.7952
vn -0.3801 0.3756 -0.8453
vn -0.4415 0.4161 -0.7950
vn -0.3836 0.3708 -0.8458
vn -0.3870 0.3660 -0.8463
vn -0.4442 0.4111 -0.7960
vn -0.4459 0.4059 -0.7978
vn -0.3338 0.3374 -0.8802
vn -0.2916 0.3084 -0.9055
vn -0.3379 0.3324 -0.8805
vn -0.2957 0.3033 -0.9059
vn 0.0837 0.0498 -0.9952
vn 0.0790 0.0435 -0.9959
vn 0.1317 0.0126 -0.9912
vn 0.1270 0.0061 -0.9919
vn 0.0507 0.0750 -0.9959
vn 0.0294 0.0911 -0.9954
vn 0.0461 0.0688 -0.9966
vn 0.0248 0.0849 -0.9961
vn 0.5801 -0.3653 -0.7281
vn 0.5744 -0.3724 -0.7290
vn 0.6034 -0.3873 -0.6971
vn 0.5977 -0.3945 -0.6980
vn 0.5553 -0.3423 -0.7580
vn 0.5291 -0.3184 -0.7866
vn 0.5496 -0.3493 -0.7589
vn 0.5235 -0.3254 -0.7875
vn -0.2032 -0.0294 0.9787
vn -0.1988 -0.0067 0.9800
vn -0.2784 0.0406 0.9596
vn -0.2568 0.0409 0.9656
vn -0.1231 -0.1072 0.9866
vn -0.0428 -0.1821 0.9823
vn -0.1200 -0.0728 0.9901
vn -0.0312 -0.1450 0.9889
vn -0.1196 -0.1383 0.9831
vn -0.1241 -0.1817 0.9755
vn -0.0445 -0.2081 0.9771
vn -0.0558 -0.2445 0.9680
vn -0.2041 -0.0568 0.9773
vn -0.2978 0.0317 0.9541
vn -0.2099 -0.1000 0.9726
vn -0.3173 0.0017 0.9483
vn -0.5223 0.2054 0.8277
vn -0.5135 0.2116 0.8316
vn -0.5519 0.2268 0.8025
vn -0.5385 0.2327 0.8098
vn -0.5108 0.1967 0.8369
vn -0.5196 0.2012 0.8304
vn -0.5075 0.2057 0.8368
vn -0.5228 0.2167 0.8245
vn -0.5053 0.2062 0.8380
vn -0.5172 0.1968 0.8329
vn -0.5038 0.2024 0.8398
vn -0.5065 0.1858 0.8420
vn -0.5232 0.2198 0.8234
vn -0.5561 0.2441 0.7945
vn -0.5404 0.2158 0.8133
vn -0.5750 0.2437 0.7810
vn -0.8057 0.4139 0.4238
vn -0.7840 0.4458 0.4320
vn -0.8155 0.4247 0.3932
vn -0.7941 0.4577 0.3999
vn -0.7946 0.4031 0.4541
vn -0.7822 0.3922 0.4842
vn -0.7726 0.4336 0.4637
vn -0.7601 0.4209 0.4951
vn -0.7873 0.4185 0.4527
vn -0.7891 0.4194 0.4487
vn -0.7758 0.4082 0.4812
vn -0.7785 0.4093 0.4759
vn -0.7977 0.4289 0.4239
vn -0.8070 0.4392 0.3949
vn -0.7987 0.4293 0.4216
vn -0.8074 0.4392 0.3941
vn -0.8381 0.5455 -0.0079
vn -0.8263 0.5629 -0.0196
vn -0.8287 0.5547 -0.0745
vn -0.8180 0.5689 -0.0847
vn -0.8438 0.5343 0.0497
vn -0.8470 0.5228 0.0965
vn -0.8310 0.5550 0.0377
vn -0.8331 0.5464 0.0857
vn -0.8373 0.5425 0.0676
vn -0.8414 0.5340 0.0828
vn -0.8394 0.5315 0.1132
vn -0.8422 0.5241 0.1267
vn -0.8328 0.5534 0.0109
vn -0.8247 0.5628 -0.0559
vn -0.8388 0.5438 0.0275
vn -0.8328 0.5522 -0.0384
vn -0.7549 0.5610 -0.3396
vn -0.7105 0.5654 -0.4190
vn -0.7170 0.5625 -0.4116
vn -0.6834 0.5620 -0.4660
vn -0.7898 0.5500 -0.2714
vn -0.8177 0.5368 -0.2076
vn -0.7427 0.5671 -0.3562
vn -0.7770 0.5672 -0.2729
vn -0.8129 0.5532 -0.1822
vn -0.8312 0.5437 -0.1163
vn -0.8273 0.5413 -0.1503
vn -0.8352 0.5374 -0.1170
vn -0.7865 0.5639 -0.2516
vn -0.7473 0.5614 -0.3556
vn -0.8149 0.5502 -0.1825
vn -0.7783 0.5424 -0.3163
vn -0.4752 0.1503 0.8670
vn -0.3921 0.1218 0.9118
vn -0.5311 0.1726 0.8296
vn -0.4604 0.1651 0.8722
vn -0.4114 0.1247 0.9029
vn -0.3448 0.0898 0.9344
vn -0.3354 0.0890 0.9379
vn -0.2905 0.0630 0.9548
vn -0.4790 0.1733 0.8605
vn -0.5378 0.1983 0.8194
vn -0.3974 0.1170 0.9101
vn -0.4457 0.1199 0.8871
vn -0.5358 0.2013 0.8200
vn -0.5650 0.2082 0.7984
vn -0.5836 0.2292 0.7790
vn -0.5880 0.2234 0.7774
vn -0.6727 0.3169 0.6686
vn -0.6527 0.3285 0.6827
vn -0.6990 0.3347 0.6320
vn -0.6780 0.3494 0.6467
vn -0.6394 0.2931 0.7108
vn -0.5990 0.2630 0.7563
vn -0.6209 0.3020 0.7234
vn -0.5827 0.2699 0.7666
vn -0.6422 0.3112 0.7005
vn -0.6566 0.3124 0.6866
vn -0.6028 0.2809 0.7468
vn -0.6196 0.2815 0.7327
vn -0.6740 0.3351 0.6584
vn -0.6986 0.3527 0.6225
vn -0.6859 0.3365 0.6452
vn -0.7085 0.3543 0.6104
vn -0.8374 0.4574 0.2993
vn -0.8177 0.4909 0.3006
vn -0.8422 0.4684 0.2671
vn -0.8233 0.5012 0.2665
vn -0.8313 0.4465 0.3309
vn -0.8241 0.4356 0.3622
vn -0.8110 0.4802 0.3341
vn -0.8032 0.4692 0.3672
vn -0.8221 0.4598 0.3359
vn -0.8218 0.4586 0.3383
vn -0.8151 0.4494 0.3656
vn -0.8150 0.4489 0.3663
vn -0.8279 0.4701 0.3059
vn -0.8327 0.4804 0.2754
vn -0.8275 0.4682 0.3099
vn -0.8324 0.4778 0.2810
vn -0.7996 0.5635 -0.2076
vn -0.7952 0.5711 -0.2038
vn -0.8035 0.5618 -0.1967
vn -0.8011 0.5702 -0.1822
vn -0.8040 0.5631 -0.1912
vn -0.8147 0.5606 -0.1481
vn -0.7971 0.5718 -0.1942
vn -0.8055 0.5718 -0.1558
vn -0.8005 0.5719 -0.1793
vn -0.8114 0.5601 -0.1669
vn -0.8119 0.5690 -0.1308
vn -0.8223 0.5577 -0.1133
vn -0.7937 0.5725 -0.2055
vn -0.7939 0.5709 -0.2094
vn -0.8033 0.5602 -0.2020
vn -0.8000 0.5585 -0.2194
vn -0.5793 0.4723 -0.6643
vn -0.5728 0.5023 -0.6478
vn -0.5196 0.4234 -0.7421
vn -0.5065 0.4587 -0.7301
vn -0.6333 0.5168 -0.5760
vn -0.6785 0.5488 -0.4883
vn -0.6263 0.5362 -0.5659
vn -0.6624 0.5561 -0.5020
vn -0.6378 0.4940 -0.5909
vn -0.6476 0.4558 -0.6106
vn -0.6944 0.5355 -0.4807
vn -0.7136 0.5051 -0.4854
vn -0.5799 0.4463 -0.6816
vn -0.5228 0.3994 -0.7531
vn -0.5874 0.4067 -0.6997
vn -0.5344 0.3633 -0.7632
vn 0.0915 -0.2937 0.9515
vn 0.1193 -0.2592 0.9584
vn 0.0313 -0.2459 0.9688
vn 0.0538 -0.2108 0.9761
vn 0.1417 -0.3313 0.9328
vn 0.1848 -0.3633 0.9132
vn 0.1719 -0.2970 0.9393
vn 0.2156 -0.3278 0.9198
vn 0.1271 -0.3439 0.9304
vn 0.1057 -0.3656 0.9247
vn 0.1726 -0.3773 0.9099
vn 0.1504 -0.3992 0.9044
vn 0.0774 -0.3077 0.9483
vn 0.0211 -0.2641 0.9643
vn 0.0515 -0.3298 0.9427
vn -0.0001 -0.2913 0.9566
vn -0.5797 0.2273 0.7825
vn -0.5876 0.2659 0.7642
vn -0.5539 0.2215 0.8026
vn -0.5653 0.2502 0.7861
vn -0.5892 0.2194 0.7776
vn -0.5752 0.2003 0.7931
vn -0.5815 0.2581 0.7715
vn -0.5402 0.2241 0.8112
vn -0.5579 0.2065 0.8038
vn -0.5361 0.1831 0.8241
vn -0.5672 0.2048 0.7977
vn -0.5586 0.1953 0.8061
vn -0.5415 0.2094 0.8142
vn -0.5221 0.2092 0.8268
vn -0.5198 0.1803 0.8350
vn -0.5096 0.1823 0.8409
vn -0.7312 0.3940 0.5568
vn -0.7462 0.4077 0.5262
vn -0.7366 0.3586 0.5734
vn -0.7186 0.3469 0.6027
vn -0.7149 0.3798 0.5871
vn -0.6972 0.3650 0.6170
vn -0.7335 0.3759 0.5663
vn -0.7400 0.3775 0.5567
vn -0.7168 0.3646 0.5944
vn -0.7249 0.3662 0.5835
vn -0.7667 0.3990 0.5029
vn -0.8329 0.5297 0.1602
vn -0.8487 0.5121 0.1323
vn -0.8337 0.5383 0.1234
vn -0.8480 0.4904 0.2009
vn -0.8457 0.4794 0.2343
vn -0.8309 0.5207 0.1962
vn -0.8277 0.5112 0.2316
vn -0.8388 0.5011 0.2127
vn -0.8392 0.4967 0.2214
vn -0.8363 0.4908 0.2443
vn -0.8363 0.4873 0.2515
vn -0.8402 0.5114 0.1804
vn -0.8404 0.5215 0.1473
vn -0.8412 0.5060 0.1908
vn -0.8422 0.5151 0.1592
vn -0.8370 0.5342 -0.1186
vn -0.8213 0.5625 -0.0953
vn -0.8350 0.5303 -0.1466
vn -0.8089 0.5654 -0.1611
vn -0.8297 0.5448 -0.1219
vn -0.8174 0.5561 -0.1503
vn -0.8219 0.5635 -0.0834
vn -0.8150 0.5674 -0.1173
vn -0.8139 0.5553 -0.1711
vn -0.8093 0.5479 -0.2119
vn -0.8028 0.5657 -0.1884
vn -0.8027 0.5545 -0.2193
vn -0.8239 0.5443 -0.1581
vn -0.8294 0.5379 -0.1507
vn -0.8180 0.5411 -0.1953
vn -0.8274 0.5366 -0.1658
vn -0.3598 0.3057 -0.8815
vn -0.3311 0.3418 -0.8795
vn -0.3185 0.2759 -0.9069
vn -0.2889 0.3129 -0.9048
vn -0.4063 0.3385 -0.8487
vn -0.4590 0.3768 -0.8046
vn -0.3796 0.3744 -0.8460
vn -0.4370 0.4126 -0.7993
vn -0.4195 0.3232 -0.8483
vn -0.4428 0.2981 -0.8456
vn -0.4687 0.3580 -0.8076
vn -0.4882 0.3286 -0.8085
vn -0.3736 0.2919 -0.8805
vn -0.3312 0.2631 -0.9062
vn -0.4017 0.2702 -0.8750
vn -0.3525 0.2382 -0.9050
vn -0.2283 -0.2380 0.9441
vn -0.3335 -0.1398 0.9323
vn -0.3361 -0.0629 0.9397
vn -0.1563 -0.3051 0.9394
vn -0.1101 -0.3482 0.9309
vn -0.1428 -0.2446 0.9590
vn -0.0840 -0.2981 0.9508
vn -0.1599 -0.3605 0.9190
vn -0.1489 -0.4081 0.9007
vn -0.1277 -0.3935 0.9104
vn -0.1388 -0.4215 0.8962
vn -0.2188 -0.3047 0.9270
vn -0.3107 -0.2199 0.9247
vn -0.1961 -0.3626 0.9111
vn -0.2737 -0.2929 0.9161
vn -0.6032 0.1527 0.7828
vn -0.5739 0.1849 0.7978
vn -0.6355 0.1856 0.7494
vn -0.6076 0.2166 0.7641
vn -0.5792 0.1309 0.8046
vn -0.5637 0.1215 0.8170
vn -0.5489 0.1624 0.8199
vn -0.5332 0.1496 0.8326
vn -0.6064 0.1066 0.7880
vn -0.6290 0.0942 0.7717
vn -0.5932 0.1027 0.7985
vn -0.6176 0.0945 0.7808
vn -0.6284 0.1247 0.7678
vn -0.6594 0.1559 0.7354
vn -0.6500 0.1075 0.7523
vn -0.6803 0.1342 0.7206
vn -0.8225 0.3925 0.4115
vn -0.8095 0.4136 0.4168
vn -0.8302 0.4020 0.3862
vn -0.8175 0.4232 0.3906
vn -0.8142 0.3826 0.4367
vn -0.8052 0.3721 0.4617
vn -0.8006 0.4037 0.4427
vn -0.7910 0.3935 0.4686
vn -0.8295 0.3561 0.4302
vn -0.8210 0.3455 0.4545
vn -0.8375 0.3149 0.4466
vn -0.8376 0.3662 0.4055
vn -0.8450 0.3755 0.3807
vn -0.8537 0.3353 0.3984
vn -0.8611 0.3446 0.3740
vn -0.8767 0.4792 0.0407
vn -0.8578 0.5127 0.0370
vn -0.8754 0.4828 -0.0239
vn -0.8547 0.5184 -0.0281
vn -0.8756 0.4739 0.0941
vn -0.8732 0.4680 0.1360
vn -0.8581 0.5053 0.0912
vn -0.8570 0.4976 0.1338
vn -0.8928 0.4406 0.0936
vn -0.9085 0.4076 0.0921
vn -0.8898 0.4359 0.1347
vn -0.9056 0.4031 0.1320
vn -0.8947 0.4448 0.0412
vn -0.8940 0.4476 -0.0222
vn -0.9102 0.4120 0.0418
vn -0.9092 0.4159 -0.0187
vn -0.8523 0.4709 -0.2276
vn -0.8408 0.5138 -0.1704
vn -0.8175 0.4362 -0.3761
vn -0.8084 0.4939 -0.3203
vn -0.8573 0.4911 -0.1542
vn -0.8502 0.5046 -0.1502
vn -0.8478 0.5199 -0.1050
vn -0.8435 0.5240 -0.1178
vn -0.8582 0.4539 -0.2396
vn -0.8513 0.4072 -0.3308
vn -0.8561 0.4763 -0.2005
vn -0.8619 0.4383 -0.2550
vn -0.8457 0.4202 -0.3289
vn -0.8031 0.3729 -0.4647
vn -0.8228 0.3636 -0.4368
vn -0.7699 0.3104 -0.5575
vn -0.5976 0.1612 0.7854
vn -0.6071 0.2143 0.7651
vn -0.5910 0.1753 0.7874
vn -0.5970 0.2109 0.7740
vn -0.5625 0.1028 0.8204
vn -0.4695 -0.0059 0.8829
vn -0.5719 0.1723 0.8020
vn -0.4778 0.0741 0.8753
vn -0.5182 0.0043 0.8553
vn -0.4577 -0.1001 0.8834
vn -0.4262 -0.1056 0.8984
vn -0.3649 -0.2041 0.9084
vn -0.5652 0.0816 0.8209
vn -0.5775 0.1225 0.8072
vn -0.5245 -0.0079 0.8514
vn -0.5635 0.0595 0.8239
vn -0.7306 0.2898 0.6182
vn -0.7090 0.3159 0.6305
vn -0.7489 0.3101 0.5857
vn -0.7290 0.3350 0.5969
vn -0.7062 0.2626 0.6575
vn -0.6747 0.2279 0.7020
vn -0.6825 0.2902 0.6708
vn -0.6489 0.2571 0.7161
vn -0.7277 0.2327 0.6453
vn -0.7468 0.2045 0.6328
vn -0.6974 0.1979 0.6888
vn -0.7175 0.1723 0.6749
vn -0.7508 0.2603 0.6070
vn -0.7680 0.2812 0.5754
vn -0.7692 0.2307 0.5959
vn -0.7858 0.2509 0.5653
vn -0.8498 0.4278 0.3079
vn -0.8373 0.4503 0.3100
vn -0.8552 0.4356 0.2810
vn -0.8424 0.4589 0.2823
vn -0.8439 0.4197 0.3343
vn -0.8374 0.4111 0.3604
vn -0.8315 0.4415 0.3372
vn -0.8249 0.4325 0.3640
vn -0.8585 0.3927 0.3299
vn -0.8743 0.3614 0.3240
vn -0.8520 0.3844 0.3554
vn -0.8679 0.3533 0.3491
vn -0.8644 0.4005 0.3039
vn -0.8699 0.4078 0.2774
vn -0.8802 0.3690 0.2985
vn -0.8856 0.3761 0.2724
vn -0.8550 0.4813 -0.1930
vn -0.8306 0.5202 -0.1988
vn -0.8487 0.4836 -0.2142
vn -0.8248 0.5199 -0.2222
vn -0.8624 0.4819 -0.1548
vn -0.8699 0.4833 -0.0984
vn -0.8385 0.5210 -0.1594
vn -0.8473 0.5211 -0.1028
vn -0.8821 0.4468 -0.1495
vn -0.8965 0.4206 -0.1393
vn -0.8891 0.4477 -0.0953
vn -0.9040 0.4183 -0.0886
vn -0.8750 0.4478 -0.1838
vn -0.8690 0.4529 -0.1992
vn -0.8893 0.4247 -0.1698
vn -0.8835 0.4322 -0.1807
vn -0.6187 0.2822 -0.7332
vn -0.6063 0.3440 -0.7169
vn -0.5816 0.2506 -0.7739
vn -0.5597 0.3062 -0.7700
vn -0.6729 0.3266 -0.6637
vn -0.7434 0.3806 -0.5501
vn -0.6655 0.3920 -0.6352
vn -0.7365 0.4456 -0.5089
vn -0.6677 0.2653 -0.6955
vn -0.6499 0.2136 -0.7293
vn -0.7328 0.3162 -0.6025
vn -0.7085 0.2594 -0.6563
vn -0.6212 0.2256 -0.7505
vn -0.5948 0.1997 -0.7787
vn -0.6110 0.1788 -0.7712
vn -0.6024 0.1674 -0.7805
vn -0.0490 -0.3964 0.9168
vn -0.0010 -0.3629 0.9318
vn -0.0814 -0.3720 0.9247
vn -0.0403 -0.3334 0.9419
vn -0.0002 -0.4281 0.9037
vn -0.0374 -0.4677 0.8831
vn -0.0841 -0.4309 0.8985
vn -0.1160 -0.4071 0.9060
vn -0.1405 -0.4382 0.8878
vn -0.5517 0.1337 0.8233
vn -0.5275 0.1499 0.8362
vn -0.5561 0.1249 0.8217
vn -0.5268 0.1465 0.8373
vn -0.5528 0.1452 0.8205
vn -0.5637 0.1584 0.8107
vn -0.5366 0.1596 0.8286
vn -0.5577 0.1780 0.8107
vn -0.5760 0.1322 0.8067
vn -0.5986 0.1146 0.7928
vn -0.5740 0.1330 0.8080
vn -0.5858 0.0994 0.8043
vn -0.5814 0.1241 0.8041
vn -0.5880 0.1131 0.8009
vn -0.6081 0.1154 0.7855
vn -0.6150 0.1077 0.7811
vn -0.7851 0.3494 0.5115
vn -0.7690 0.3717 0.5200
vn -0.7955 0.3611 0.4867
vn -0.7804 0.3828 0.4944
vn -0.7739 0.3371 0.5362
vn -0.7619 0.3241 0.5608
vn -0.7567 0.3601 0.5457
vn -0.7434 0.3479 0.5712
vn -0.7914 0.3094 0.5272
vn -0.8086 0.2791 0.5179
vn -0.7802 0.2958 0.5512
vn -0.7976 0.2655 0.5415
vn -0.8019 0.3222 0.5031
vn -0.8117 0.3342 0.4789
vn -0.8189 0.2917 0.4943
vn -0.8285 0.3037 0.4706
vn -0.8678 0.4564 0.1964
vn -0.8535 0.4830 0.1956
vn -0.8708 0.4624 0.1668
vn -0.8556 0.4905 0.1653
vn -0.8642 0.4499 0.2252
vn -0.8600 0.4430 0.2534
vn -0.8505 0.4753 0.2251
vn -0.8469 0.4672 0.2540
vn -0.8795 0.4207 0.2226
vn -0.8951 0.3886 0.2185
vn -0.8750 0.4145 0.2503
vn -0.8906 0.3826 0.2457
vn -0.8835 0.4264 0.1942
vn -0.8869 0.4314 0.1651
vn -0.8991 0.3940 0.1905
vn -0.9026 0.3988 0.1618
vn -0.8371 0.5062 -0.2075
vn -0.8243 0.5251 -0.2119
vn -0.8399 0.5091 -0.1882
vn -0.8315 0.5257 -0.1796
vn -0.8392 0.4989 -0.2167
vn -0.8437 0.4903 -0.2186
vn -0.8214 0.5232 -0.2270
vn -0.8219 0.5212 -0.2299
vn -0.8579 0.4752 -0.1957
vn -0.8739 0.4531 -0.1761
vn -0.8639 0.4635 -0.1970
vn -0.8792 0.4433 -0.1746
vn -0.8530 0.4840 -0.1953
vn -0.8517 0.4858 -0.1965
vn -0.8692 0.4582 -0.1859
vn -0.8658 0.4550 -0.2083
vn -0.4852 0.1881 -0.8539
vn -0.4354 0.2249 -0.8717
vn -0.5176 0.2116 -0.8290
vn -0.5573 0.2325 -0.7971
vn -0.4763 0.2542 -0.8418
vn -0.5233 0.2799 -0.8049
vn -0.5562 0.1678 -0.8139
vn -0.5847 0.1881 -0.7891
vn -0.6027 0.1489 -0.7840
vn -0.5145 0.1387 -0.8462
vn -0.1326 -0.5220 0.8426
vn -0.1663 -0.4040 0.8995
vn -0.2379 -0.3451 0.9079
vn -0.1507 -0.5100 0.8469
vn -0.1431 -0.5413 0.8285
vn -0.1365 -0.4290 0.8929
vn -0.1228 -0.4495 0.8848
vn -0.2094 -0.6381 0.7410
vn -0.1879 -0.6525 0.7342
vn -0.1351 -0.6459 0.7514
vn -0.0574 -0.8447 0.5322
vn -0.7011 0.0956 0.7066
vn -0.6687 0.1076 0.7357
vn -0.7310 0.1109 0.6733
vn -0.6997 0.1274 0.7030
vn -0.6764 0.0863 0.7315
vn -0.6594 0.0816 0.7473
vn -0.6463 0.0983 0.7567
vn -0.6336 0.0986 0.7673
vn -0.7190 0.0486 0.6933
vn -0.7741 -0.0350 0.6321
vn -0.6972 0.0352 0.7160
vn -0.7497 -0.0586 0.6592
vn -0.7452 0.0615 0.6640
vn -0.7722 0.0746 0.6310
vn -0.7991 -0.0159 0.6010
vn -0.8208 -0.0017 0.5712
vn -0.8870 0.2626 0.3799
vn -0.8697 0.3021 0.3903
vn -0.8940 0.2713 0.3566
vn -0.8770 0.3111 0.3663
vn -0.8794 0.2535 0.4030
vn -0.8713 0.2438 0.4259
vn -0.8619 0.2926 0.4140
vn -0.8536 0.2827 0.4375
vn -0.8997 0.2008 0.3876
vn -0.9241 0.1203 0.3628
vn -0.8919 0.1913 0.4097
vn -0.9169 0.1105 0.3835
vn -0.9069 0.2098 0.3654
vn -0.9136 0.2183 0.3429
vn -0.9308 0.1293 0.3418
vn -0.9372 0.1376 0.3204
vn -0.9375 0.3440 0.0524
vn -0.9221 0.3842 0.0461
vn -0.9357 0.3528 0.0056
vn -0.9202 0.3915 -0.0088
vn -0.9369 0.3371 0.0927
vn -0.9349 0.3315 0.1269
vn -0.9213 0.3778 0.0922
vn -0.9190 0.3722 0.1299
vn -0.9563 0.2779 0.0904
vn -0.9798 0.1831 0.0806
vn -0.9543 0.2735 0.1209
vn -0.9775 0.1813 0.1074
vn -0.9572 0.2838 0.0566
vn -0.9562 0.2920 0.0194
vn -0.9811 0.1861 0.0531
vn -0.9812 0.1914 0.0252
vn -0.7942 0.2324 -0.5615
vn -0.7983 0.3104 -0.5162
vn -0.7259 0.1763 -0.6648
vn -0.7362 0.2599 -0.6249
vn -0.8486 0.2845 -0.4461
vn -0.8817 0.3273 -0.3399
vn -0.8436 0.3566 -0.4016
vn -0.8684 0.3927 -0.3028
vn -0.8644 0.1784 -0.4702
vn -0.8893 0.0208 -0.4568
vn -0.9020 0.2307 -0.3649
vn -0.9244 0.0838 -0.3722
vn -0.7871 0.1103 -0.6069
vn -0.7446 0.0654 -0.6643
vn -0.7916 -0.0713 -0.6069
vn -0.7393 -0.1292 -0.6609
vn -0.4888 -0.1726 0.8552
vn -0.4933 -0.0882 0.8654
vn -0.5598 -0.0815 0.8246
vn -0.5547 -0.0058 0.8320
vn -0.3965 -0.2727 0.8766
vn -0.2985 -0.3665 0.8812
vn -0.4082 -0.1849 0.8940
vn -0.3126 -0.2784 0.9082
vn -0.4347 -0.3692 0.8214
vn -0.4768 -0.5062 0.7187
vn -0.3614 -0.6092 0.7058
vn -0.5086 -0.2734 0.8164
vn -0.5816 -0.1764 0.7942
vn -0.5623 -0.3946 0.7267
vn -0.6215 -0.3010 0.7233
vn -0.8057 0.1704 0.5673
vn -0.7853 0.2050 0.5842
vn -0.8206 0.1864 0.5402
vn -0.8015 0.2230 0.5548
vn -0.7865 0.1522 0.5986
vn -0.7619 0.1321 0.6340
vn -0.7637 0.1830 0.6191
vn -0.7355 0.1569 0.6591
vn -0.8154 0.1036 0.5696
vn -0.8505 0.0202 0.5256
vn -0.7960 0.0886 0.5988
vn -0.8368 0.0080 0.5475
vn -0.8312 0.1189 0.5432
vn -0.8441 0.1336 0.5192
vn -0.8624 0.0340 0.5051
vn -0.8732 0.0488 0.4849
vn -0.9121 0.2949 0.2849
vn -0.8956 0.3353 0.2924
vn -0.9171 0.3020 0.2602
vn -0.9008 0.3426 0.2670
vn -0.9065 0.2875 0.3091
vn -0.9005 0.2796 0.3330
vn -0.8899 0.3277 0.3174
vn -0.8837 0.3196 0.3419
vn -0.9258 0.2338 0.2971
vn -0.9488 0.1522 0.2768
vn -0.9199 0.2263 0.3201
vn -0.9432 0.1453 0.2988
vn -0.9312 0.2409 0.2737
vn -0.9361 0.2475 0.2498
vn -0.9541 0.1584 0.2543
vn -0.9589 0.1639 0.2315
vn -0.9133 0.3874 -0.1257
vn -0.8968 0.4165 -0.1494
vn -0.9066 0.3956 -0.1467
vn -0.8906 0.4250 -0.1619
vn -0.9219 0.3762 -0.0923
vn -0.9302 0.3639 -0.0473
vn -0.9052 0.4078 -0.1196
vn -0.9139 0.3994 -0.0720
vn -0.9463 0.3169 -0.0635
vn -0.9768 0.2100 -0.0419
vn -0.9525 0.3037 -0.0214
vn -0.9797 0.2002 -0.0036
vn -0.9390 0.3281 -0.1026
vn -0.9327 0.3343 -0.1356
vn -0.9725 0.2169 -0.0853
vn -0.9675 0.2179 -0.1284
vn -0.5658 0.0301 -0.8240
vn -0.5751 0.0356 -0.8173
vn -0.5580 0.1064 -0.8230
vn -0.5887 0.0573 -0.8063
vn -0.6463 0.1068 -0.7555
vn -0.6252 0.1786 -0.7597
vn -0.6819 0.2188 -0.6980
vn -0.5170 -0.1218 -0.8473
vn -0.6891 0.0076 -0.7246
vn -0.5280 -0.2815 -0.8012
vn -0.6100 -0.1032 -0.7857
vn -0.6067 -0.1195 -0.7859
vn -0.6434 0.0644 0.7628
vn -0.6247 0.1031 0.7740
vn -0.6517 0.0788 0.7543
vn -0.6309 0.1062 0.7686
vn -0.6316 0.0377 0.7744
vn -0.6097 -0.0058 0.7926
vn -0.6146 0.0881 0.7839
vn -0.5959 0.0564 0.8011
vn -0.6565 -0.0415 0.7532
vn -0.6955 -0.1604 0.7004
vn -0.6328 -0.0933 0.7687
vn -0.6702 -0.2162 0.7100
vn -0.6707 -0.0054 0.7417
vn -0.6827 0.0197 0.7304
vn -0.7129 -0.1192 0.6910
vn -0.7294 -0.0864 0.6786
vn -0.8531 0.2228 0.4717
vn -0.8349 0.2609 0.4846
vn -0.8625 0.2336 0.4489
vn -0.8446 0.2721 0.4612
vn -0.8431 0.2115 0.4945
vn -0.8323 0.1994 0.5173
vn -0.8246 0.2490 0.5079
vn -0.8135 0.2364 0.5313
vn -0.8653 0.1589 0.4755
vn -0.8924 0.0762 0.4448
vn -0.8551 0.1467 0.4973
vn -0.8831 0.0630 0.4650
vn -0.8748 0.1704 0.4536
vn -0.8836 0.1812 0.4317
vn -0.9011 0.0885 0.4245
vn -0.9092 0.0999 0.4042
vn -0.9293 0.3210 0.1825
vn -0.9133 0.3617 0.1870
vn -0.9324 0.3265 0.1552
vn -0.9165 0.3672 0.1589
vn -0.9258 0.3151 0.2090
vn -0.9217 0.3088 0.2349
vn -0.9097 0.3558 0.2143
vn -0.9055 0.3494 0.2409
vn -0.9448 0.2593 0.2004
vn -0.9676 0.1730 0.1839
vn -0.9407 0.2536 0.2254
vn -0.9635 0.1688 0.2079
vn -0.9484 0.2645 0.1747
vn -0.9516 0.2693 0.1483
vn -0.9713 0.1765 0.1592
vn -0.9747 0.1792 0.1338
vn -0.9019 0.3810 -0.2034
vn -0.8833 0.4294 -0.1881
vn -0.8983 0.3607 -0.2509
vn -0.8801 0.4173 -0.2266
vn -0.9026 0.3936 -0.1745
vn -0.9036 0.3987 -0.1567
vn -0.8852 0.4339 -0.1680
vn -0.8875 0.4322 -0.1598
vn -0.9280 0.3213 -0.1888
vn -0.9599 0.1946 -0.2020
vn -0.9292 0.3326 -0.1611
vn -0.9632 0.2105 -0.1672
vn -0.9267 0.3017 -0.2241
vn -0.9215 0.2735 -0.2756
vn -0.9556 0.1700 -0.2405
vn -0.9470 0.1354 -0.2913
vn -0.8679 -0.3968 0.2988
vn -0.8720 -0.3972 0.2859
vn -0.8794 -0.3752 0.2932
vn -0.8827 -0.3765 0.2812
vn -0.8565 -0.4182 0.3024
vn -0.8452 -0.4394 0.3042
vn -0.8615 -0.4177 0.2888
vn -0.8514 -0.4373 0.2896
vn -0.8420 -0.4587 0.2839
vn -0.8195 -0.5248 0.2304
vn -0.8301 -0.4783 0.2867
vn -0.8086 -0.5399 0.2339
vn -0.8540 -0.4389 0.2795
vn -0.8659 -0.4191 0.2731
vn -0.8282 -0.5117 0.2285
vn -0.8394 -0.4962 0.2217
vn -0.9641 -0.2328 0.1277
vn -0.9622 -0.2401 0.1286
vn -0.9666 -0.2333 0.1056
vn -0.9645 -0.2410 0.1080
vn -0.9607 -0.2345 0.1487
vn -0.9562 -0.2388 0.1690
vn -0.9590 -0.2415 0.1483
vn -0.9549 -0.2454 0.1672
vn -0.9491 -0.2883 0.1268
vn -0.9170 -0.3897 0.0857
vn -0.9448 -0.2929 0.1469
vn -0.9132 -0.3941 0.1038
vn -0.9524 -0.2859 0.1059
vn -0.9546 -0.2857 0.0842
vn -0.9197 -0.3868 0.0669
vn -0.9215 -0.3854 0.0479
vn -0.9323 -0.3465 -0.1037
vn -0.9321 -0.3516 -0.0867
vn -0.9295 -0.3545 -0.1018
vn -0.9303 -0.3566 -0.0858
vn -0.9368 -0.3356 -0.0988
vn -0.9425 -0.3224 -0.0875
vn -0.9360 -0.3423 -0.0819
vn -0.9413 -0.3298 -0.0717
vn -0.9209 -0.3713 -0.1186
vn -0.8890 -0.4402 -0.1262
vn -0.9271 -0.3594 -0.1064
vn -0.8946 -0.4317 -0.1156
vn -0.9157 -0.3820 -0.1246
vn -0.9083 -0.3941 -0.1403
vn -0.8755 -0.4581 -0.1535
vn -0.8784 -0.4548 -0.1466
vn -0.8084 -0.5183 0.2789
vn -0.8234 -0.4971 0.2737
vn -0.8251 -0.4907 0.2802
vn -0.8328 -0.4810 0.2739
vn -0.7873 -0.5534 0.2717
vn -0.7649 -0.5903 0.2577
vn -0.8020 -0.5314 0.2728
vn -0.7650 -0.5857 0.2680
vn -0.7862 -0.5695 0.2400
vn -0.7532 -0.6120 0.2411
vn -0.7813 -0.5718 0.2503
vn -0.8147 -0.5204 0.2558
vn -0.7844 -0.5818 0.2153
vn -0.9120 -0.3133 0.2648
vn -0.9135 -0.3164 0.2556
vn -0.9213 -0.2958 0.2525
vn -0.9223 -0.2995 0.2443
vn -0.9017 -0.3328 0.2759
vn -0.8910 -0.3533 0.2853
vn -0.9039 -0.3352 0.2656
vn -0.8937 -0.3553 0.2741
vn -0.8889 -0.3806 0.2549
vn -0.8612 -0.4658 0.2035
vn -0.8779 -0.3991 0.2646
vn -0.8508 -0.4804 0.2130
vn -0.8995 -0.3629 0.2435
vn -0.9091 -0.3468 0.2308
vn -0.8711 -0.4519 0.1925
vn -0.8801 -0.4391 0.1806
vn -0.9679 -0.2487 0.0369
vn -0.9654 -0.2570 0.0433
vn -0.9661 -0.2579 0.0135
vn -0.9636 -0.2664 0.0212
vn -0.9686 -0.2414 0.0602
vn -0.9681 -0.2363 0.0831
vn -0.9661 -0.2496 0.0653
vn -0.9658 -0.2442 0.0868
vn -0.9558 -0.2913 0.0397
vn -0.9219 -0.3873 0.0085
vn -0.9558 -0.2875 0.0622
vn -0.9222 -0.3856 0.0283
vn -0.9547 -0.2970 0.0170
vn -0.9526 -0.3043 -0.0057
vn -0.9206 -0.3903 -0.0114
vn -0.9183 -0.3947 -0.0314
vn -0.9018 -0.4080 -0.1423
vn -0.9115 -0.3923 -0.1235
vn -0.8787 -0.4436 -0.1761
vn -0.8858 -0.4322 -0.1691
vn -0.9230 -0.3733 -0.0937
vn -0.9285 -0.3594 -0.0938
vn -0.9251 -0.3678 -0.0939
vn -0.9308 -0.3566 -0.0804
vn -0.8973 -0.4189 -0.1394
vn -0.9130 -0.3956 -0.1000
vn -0.8777 -0.4632 -0.1226
vn -0.8883 -0.4361 -0.1440
vn -0.8672 -0.4673 -0.1721
vn -0.8263 -0.4760 0.3012
vn -0.8344 -0.4713 0.2857
vn -0.8343 -0.4599 0.3040
vn -0.8418 -0.4562 0.2886
vn -0.8217 -0.4870 0.2960
vn -0.8216 -0.4916 0.2888
vn -0.8303 -0.4809 0.2816
vn -0.8299 -0.4841 0.2772
vn -0.8034 -0.5247 0.2815
vn -0.7721 -0.5872 0.2430
vn -0.8105 -0.5213 0.2670
vn -0.7821 -0.5809 0.2257
vn -0.8090 -0.5134 0.2862
vn -0.8180 -0.4979 0.2880
vn -0.7887 -0.5676 0.2362
vn -0.9448 -0.2547 0.2062
vn -0.9442 -0.2603 0.2017
vn -0.9509 -0.2456 0.1882
vn -0.9500 -0.2516 0.1850
vn -0.9378 -0.2662 0.2230
vn -0.9299 -0.2799 0.2385
vn -0.9377 -0.2712 0.2171
vn -0.9304 -0.2843 0.2315
vn -0.9261 -0.3193 0.2009
vn -0.8960 -0.4168 0.1528
vn -0.9180 -0.3322 0.2165
vn -0.8886 -0.4272 0.1671
vn -0.9333 -0.3084 0.1842
vn -0.9395 -0.2995 0.1660
vn -0.9027 -0.4078 0.1374
vn -0.9084 -0.4002 0.1208
vn -0.9544 -0.2939 -0.0518
vn -0.9524 -0.3022 -0.0399
vn -0.9489 -0.3078 -0.0704
vn -0.9472 -0.3157 -0.0566
vn -0.9592 -0.2808 -0.0316
vn -0.9632 -0.2688 -0.0099
vn -0.9570 -0.2893 -0.0214
vn -0.9608 -0.2774 -0.0011
vn -0.9450 -0.3233 -0.0497
vn -0.9108 -0.4068 -0.0703
vn -0.9493 -0.3132 -0.0284
vn -0.9150 -0.4003 -0.0512
vn -0.9398 -0.3344 -0.0699
vn -0.9338 -0.3465 -0.0888
vn -0.9054 -0.4139 -0.0950
vn -0.8993 -0.4225 -0.1128
vn -0.8563 -0.5162 0.0147
vn -0.8577 -0.5142 0.0002
vn -0.8537 -0.5199 0.0301
vn -0.8508 -0.5237 0.0438
vn -0.8178 -0.5637 0.1157
vn -0.8251 -0.5551 0.1051
vn -0.8103 -0.5726 0.1248
vn -0.8018 -0.5824 0.1338
vn -0.8573 -0.5129 -0.0455
vn -0.8556 -0.5142 -0.0603
vn -0.8576 -0.5136 -0.0265
vn -0.8577 -0.5139 -0.0121
vn -0.8427 -0.5338 0.0701
vn -0.8472 -0.5282 0.0570
vn -0.8376 -0.5401 0.0823
vn -0.8316 -0.5473 0.0943
vn -0.8068 -0.5888 -0.0491
vn -0.8050 -0.5931 -0.0162
vn -0.5921 0.0299 -0.8053
vn -0.2799 0.2474 -0.9276
vn -0.8059 -0.5915 -0.0269
vn -0.6014 -0.2902 -0.7444
vn -0.5782 0.1315 -0.8052
vn -0.5951 0.1251 -0.7939
vn -0.2574 0.2902 -0.9217
vn -0.5918 -0.4766 -0.6501
vn -0.8437 -0.4887 -0.2224
vn -0.8030 -0.5960 -0.0052
vn -0.8740 -0.4678 -0.1314
vn 0.7736 -0.5613 -0.2941
vn 0.7815 -0.5510 -0.2927
vn 0.7801 -0.5721 -0.2531
vn 0.7880 -0.5618 -0.2518
vn 0.7656 -0.5495 -0.3345
vn 0.7563 -0.5368 -0.3741
vn 0.7736 -0.5391 -0.3330
vn 0.7643 -0.5264 -0.3727
vn 0.7427 -0.5780 -0.3382
vn 0.7336 -0.5887 -0.3394
vn 0.7333 -0.5653 -0.3778
vn 0.7242 -0.5760 -0.3790
vn 0.7507 -0.5898 -0.2978
vn 0.7573 -0.6005 -0.2568
vn 0.7416 -0.6004 -0.2991
vn 0.7482 -0.6111 -0.2581
vn 0.7490 -0.6204 0.2325
vn 0.7555 -0.6122 0.2336
vn 0.7358 -0.6173 0.2785
vn 0.7420 -0.6094 0.2795
vn 0.7604 -0.6221 0.1867
vn 0.7699 -0.6224 0.1409
vn 0.7670 -0.6135 0.1878
vn 0.7767 -0.6136 0.1420
vn 0.7395 -0.6478 0.1833
vn 0.7316 -0.6570 0.1820
vn 0.7487 -0.6485 0.1375
vn 0.7406 -0.6580 0.1362
vn 0.7284 -0.6456 0.2292
vn 0.7156 -0.6421 0.2751
vn 0.7208 -0.6547 0.2279
vn 0.7081 -0.6508 0.2738
vn 0.4395 -0.4737 0.7632
vn 0.4400 -0.4738 0.7628
vn 0.4011 -0.4490 0.7985
vn 0.4012 -0.4490 0.7984
vn 0.4699 -0.4927 0.7324
vn 0.4898 -0.5045 0.7111
vn 0.4713 -0.4931 0.7313
vn 0.4926 -0.5052 0.7086
vn 0.4562 -0.5082 0.7305
vn 0.4543 -0.5101 0.7303
vn 0.4752 -0.5201 0.7097
vn 0.4730 -0.5222 0.7096
vn 0.4267 -0.4889 0.7609
vn 0.3890 -0.4634 0.7962
vn 0.4249 -0.4907 0.7607
vn 0.3872 -0.4654 0.7959
vn -0.1894 -0.0176 0.9817
vn -0.1884 -0.0219 0.9818
vn -0.2076 -0.0029 0.9782
vn -0.2095 -0.0057 0.9778
vn -0.1310 -0.0637 0.9893
vn -0.0421 -0.1325 0.9903
vn -0.1285 -0.0684 0.9893
vn -0.0405 -0.1357 0.9899
vn -0.1366 -0.0669 0.9884
vn -0.1388 -0.0677 0.9880
vn -0.0486 -0.1378 0.9893
vn -0.0507 -0.1391 0.9890
vn -0.1932 -0.0203 0.9809
vn -0.2093 -0.0067 0.9778
vn -0.1954 -0.0210 0.9805
vn -0.2113 -0.0085 0.9774
vn -0.5327 0.2473 0.8094
vn -0.5185 0.2419 0.8201
vn -0.5607 0.2666 0.7839
vn -0.5475 0.2633 0.7943
vn -0.5009 0.2253 0.8357
vn -0.4651 0.2003 0.8623
vn -0.4867 0.2182 0.8459
vn -0.4519 0.1921 0.8711
vn -0.5366 0.2029 0.8191
vn -0.5809 0.1583 0.7984
vn -0.4998 0.1834 0.8465
vn -0.5490 0.1436 0.8234
vn -0.5686 0.2206 0.7925
vn -0.5959 0.2362 0.7675
vn -0.6079 0.1748 0.7745
vn -0.6314 0.1917 0.7514
vn -0.7756 0.4523 0.4402
vn -0.7681 0.4624 0.4430
vn -0.7873 0.4660 0.4036
vn -0.7800 0.4765 0.4058
vn -0.7625 0.4380 0.4762
vn -0.7480 0.4230 0.5114
vn -0.7548 0.4476 0.4796
vn -0.7401 0.4320 0.5154
vn -0.7977 0.3850 0.4641
vn -0.8258 0.3374 0.4519
vn -0.7833 0.3712 0.4986
vn -0.8118 0.3242 0.4856
vn -0.8107 0.3984 0.4291
vn -0.8221 0.4114 0.3935
vn -0.8383 0.3502 0.4179
vn -0.8494 0.3627 0.3833
vn -0.8206 0.5706 -0.0333
vn -0.8149 0.5781 -0.0419
vn -0.8147 0.5755 -0.0714
vn -0.8089 0.5821 -0.0829
vn -0.8250 0.5651 0.0061
vn -0.8280 0.5588 0.0468
vn -0.8194 0.5733 -0.0005
vn -0.8222 0.5676 0.0418
vn -0.8545 0.5195 0.0084
vn -0.8815 0.4722 0.0094
vn -0.8581 0.5112 0.0475
vn -0.8849 0.4634 0.0477
vn -0.8494 0.5270 -0.0290
vn -0.8431 0.5339 -0.0647
vn -0.8770 0.4796 -0.0277
vn -0.8719 0.4856 -0.0633
vn -0.6243 0.5340 -0.5702
vn -0.6295 0.5324 -0.5660
vn -0.6224 0.5316 -0.5745
vn -0.6266 0.5299 -0.5714
vn -0.6355 0.5415 -0.5504
vn -0.6552 0.5529 -0.5148
vn -0.6404 0.5394 -0.5467
vn -0.6588 0.5501 -0.5132
vn -0.6371 0.5374 -0.5526
vn -0.6457 0.5297 -0.5500
vn -0.6592 0.5491 -0.5138
vn -0.6739 0.5377 -0.5067
vn -0.6249 0.5295 -0.5737
vn -0.6230 0.5272 -0.5779
vn -0.6296 0.5242 -0.5735
vn -0.6255 0.5236 -0.5785
vn -0.1789 0.2402 -0.9541
vn -0.1790 0.2399 -0.9541
vn -0.1393 0.2114 -0.9674
vn -0.1392 0.2112 -0.9675
vn -0.2144 0.2656 -0.9399
vn -0.2486 0.2899 -0.9242
vn -0.2145 0.2653 -0.9400
vn -0.2490 0.2896 -0.9242
vn -0.2244 0.2529 -0.9411
vn -0.2260 0.2507 -0.9413
vn -0.2582 0.2779 -0.9253
vn -0.2599 0.2759 -0.9254
vn -0.1895 0.2269 -0.9553
vn -0.1504 0.1974 -0.9687
vn -0.1913 0.2248 -0.9554
vn -0.1521 0.1954 -0.9688
vn 0.3327 -0.1415 -0.9324
vn 0.3392 -0.1354 -0.9309
vn 0.3800 -0.1801 -0.9073
vn 0.3859 -0.1727 -0.9062
vn 0.2740 -0.0947 -0.9571
vn 0.2070 -0.0428 -0.9774
vn 0.2814 -0.0906 -0.9553
vn 0.2156 -0.0412 -0.9756
vn 0.2546 -0.1163 -0.9600
vn 0.2481 -0.1235 -0.9608
vn 0.1878 -0.0624 -0.9802
vn 0.1819 -0.0683 -0.9809
vn 0.3132 -0.1648 -0.9353
vn 0.3602 -0.2046 -0.9102
vn 0.3064 -0.1730 -0.9361
vn 0.3531 -0.2132 -0.9110
vn 0.6706 -0.4408 -0.5966
vn 0.6784 -0.4307 -0.5952
vn 0.6884 -0.4591 -0.5616
vn 0.6962 -0.4489 -0.5602
vn 0.6515 -0.4217 -0.6307
vn 0.6309 -0.4016 -0.6639
vn 0.6592 -0.4117 -0.6293
vn 0.6385 -0.3918 -0.6625
vn 0.6290 -0.4496 -0.6342
vn 0.6202 -0.4601 -0.6354
vn 0.6085 -0.4293 -0.6674
vn 0.5999 -0.4396 -0.6685
vn 0.6480 -0.4689 -0.6002
vn 0.6656 -0.4873 -0.5652
vn 0.6391 -0.4795 -0.6014
vn 0.6567 -0.4980 -0.5664
vn 0.7909 -0.5987 -0.1264
vn 0.7986 -0.5887 -0.1251
vn 0.7915 -0.6055 -0.0831
vn 0.7991 -0.5957 -0.0818
vn 0.7888 -0.5909 -0.1692
vn 0.7852 -0.5820 -0.2114
vn 0.7966 -0.5808 -0.1678
vn 0.7930 -0.5718 -0.2100
vn 0.7661 -0.6190 -0.1728
vn 0.7573 -0.6295 -0.1741
vn 0.7624 -0.6103 -0.2150
vn 0.7535 -0.6209 -0.2163
vn 0.7684 -0.6267 -0.1300
vn 0.7691 -0.6332 -0.0866
vn 0.7595 -0.6370 -0.1314
vn 0.7604 -0.6435 -0.0879
vn 0.6648 -0.5911 0.4568
vn 0.6712 -0.5856 0.4545
vn 0.6243 -0.5726 0.5314
vn 0.6311 -0.5690 0.5272
vn 0.6972 -0.6044 0.3856
vn 0.7205 -0.6127 0.3247
vn 0.7031 -0.5976 0.3853
vn 0.7265 -0.6052 0.3256
vn 0.6777 -0.6278 0.3829
vn 0.6708 -0.6357 0.3820
vn 0.7007 -0.6370 0.3214
vn 0.6935 -0.6454 0.3201
vn 0.6457 -0.6132 0.4550
vn 0.6056 -0.5930 0.5307
vn 0.6393 -0.6204 0.4543
vn 0.5997 -0.5991 0.5305
vn 0.2892 -0.3739 0.8812
vn 0.2890 -0.3742 0.8811
vn 0.2559 -0.3509 0.9008
vn 0.2556 -0.3512 0.9007
vn 0.3224 -0.3966 0.8595
vn 0.3584 -0.4208 0.8333
vn 0.3223 -0.3969 0.8594
vn 0.3585 -0.4210 0.8332
vn 0.3116 -0.4096 0.8574
vn 0.3100 -0.4116 0.8571
vn 0.3471 -0.4345 0.8311
vn 0.3454 -0.4365 0.8308
vn 0.2789 -0.3863 0.8792
vn 0.2461 -0.3627 0.8988
vn 0.2773 -0.3883 0.8789
vn 0.2444 -0.3646 0.8985
vn -0.2132 0.0051 0.9770
vn -0.2196 0.0049 0.9756
vn -0.2448 0.0319 0.9690
vn -0.2492 0.0300 0.9680
vn -0.1956 -0.0106 0.9806
vn -0.1922 -0.0147 0.9812
vn -0.2023 -0.0103 0.9793
vn -0.1976 -0.0149 0.9802
vn -0.1951 -0.0163 0.9806
vn -0.2001 -0.0213 0.9795
vn -0.1919 -0.0203 0.9812
vn -0.1945 -0.0239 0.9806
vn -0.2142 0.0004 0.9768
vn -0.2495 0.0287 0.9680
vn -0.2243 -0.0056 0.9745
vn -0.2675 0.0216 0.9633
vn -0.6312 0.3190 0.7070
vn -0.6220 0.3226 0.7135
vn -0.6536 0.3374 0.6775
vn -0.6448 0.3423 0.6834
vn -0.6084 0.3010 0.7344
vn -0.5848 0.2835 0.7600
vn -0.5734 0.2830 0.7689
vn -0.6425 0.2643 0.7192
vn -0.6749 0.2229 0.7034
vn -0.6194 0.2498 0.7443
vn -0.6530 0.2076 0.7284
vn -0.6654 0.2793 0.6923
vn -0.6880 0.2951 0.6630
vn -0.6970 0.2379 0.6764
vn -0.7191 0.2528 0.6473
vn -0.8139 0.5033 0.2903
vn -0.8072 0.5141 0.2900
vn -0.8200 0.5144 0.2512
vn -0.8134 0.5252 0.2502
vn -0.8065 0.4915 0.3286
vn -0.7976 0.4791 0.3664
vn -0.7996 0.5024 0.3292
vn -0.7905 0.4898 0.3677
vn -0.8406 0.4365 0.3206
vn -0.8674 0.3871 0.3126
vn -0.8321 0.4242 0.3573
vn -0.8592 0.3751 0.3481
vn -0.8477 0.4484 0.2835
vn -0.8532 0.4600 0.2457
vn -0.8743 0.3989 0.2766
vn -0.8797 0.4105 0.2400
vn -0.7857 0.5871 -0.1948
vn -0.7792 0.5897 -0.2123
vn -0.7709 0.5886 -0.2435
vn -0.7648 0.5894 -0.2602
vn -0.7978 0.5840 -0.1496
vn -0.8074 0.5799 -0.1084
vn -0.7913 0.5883 -0.1665
vn -0.8012 0.5856 -0.1233
vn -0.8257 0.5471 -0.1375
vn -0.8592 0.4938 -0.1341
vn -0.8355 0.5405 -0.0990
vn -0.8662 0.4899 -0.0980
vn -0.8129 0.5539 -0.1802
vn -0.7966 0.5603 -0.2270
vn -0.8493 0.4991 -0.1721
vn -0.8353 0.5072 -0.2122
vn -0.5805 0.5073 -0.6369
vn -0.5792 0.5040 -0.6407
vn -0.5146 0.4676 -0.7187
vn -0.5135 0.4650 -0.7212
vn -0.6206 0.5301 -0.5778
vn -0.6325 0.5367 -0.5585
vn -0.6204 0.5268 -0.5810
vn -0.6344 0.5340 -0.5589
vn -0.6240 0.5268 -0.5771
vn -0.6258 0.5255 -0.5764
vn -0.6344 0.5332 -0.5597
vn -0.6362 0.5312 -0.5595
vn -0.5854 0.5032 -0.6356
vn -0.5208 0.4617 -0.7180
vn -0.5874 0.5021 -0.6347
vn -0.5226 0.4603 -0.7176
vn -0.0073 0.1134 -0.9935
vn -0.0057 0.1127 -0.9936
vn 0.0181 0.0947 -0.9953
vn 0.0216 0.0930 -0.9954
vn -0.0450 0.1416 -0.9889
vn -0.0907 0.1756 -0.9803
vn -0.0443 0.1413 -0.9890
vn -0.0574 0.1261 -0.9903
vn -0.0591 0.1241 -0.9905
vn -0.1026 0.1609 -0.9816
vn -0.1043 0.1590 -0.9818
vn -0.0209 0.0978 -0.9950
vn 0.0034 0.0791 -0.9969
vn -0.0228 0.0958 -0.9951
vn 0.0011 0.0771 -0.9970
vn 0.4768 -0.2618 -0.8391
vn 0.4834 -0.2534 -0.8379
vn 0.5061 -0.2874 -0.8132
vn 0.5130 -0.2786 -0.8119
vn 0.4461 -0.2355 -0.8635
vn 0.4138 -0.2083 -0.8862
vn 0.4525 -0.2274 -0.8623
vn 0.4200 -0.2005 -0.8851
vn 0.4255 -0.2609 -0.8666
vn 0.4179 -0.2700 -0.8675
vn 0.3937 -0.2333 -0.8892
vn 0.3864 -0.2422 -0.8900
vn 0.4559 -0.2877 -0.8422
vn 0.4849 -0.3136 -0.8164
vn 0.4482 -0.2971 -0.8431
vn 0.7333 -0.5084 -0.4515
vn 0.7413 -0.4980 -0.4500
vn 0.7454 -0.5230 -0.4132
vn 0.7534 -0.5126 -0.4118
vn 0.7197 -0.4929 -0.4889
vn 0.7048 -0.4765 -0.5256
vn 0.7277 -0.4826 -0.4874
vn 0.7127 -0.4662 -0.5241
vn 0.6968 -0.5214 -0.4925
vn 0.6878 -0.5321 -0.4938
vn 0.6819 -0.5048 -0.5292
vn 0.6730 -0.5155 -0.5304
vn 0.7103 -0.5369 -0.4551
vn 0.7225 -0.5516 -0.4169
vn 0.7013 -0.5477 -0.4563
vn 0.7134 -0.5623 -0.4182
vn 0.7836 -0.6192 0.0501
vn 0.7908 -0.6099 0.0513
vn 0.7776 -0.6214 0.0953
vn 0.7846 -0.6124 0.0964
vn 0.7879 -0.6158 0.0054
vn 0.7952 -0.6063 0.0066
vn 0.7979 -0.6016 -0.0377
vn 0.7658 -0.6430 0.0019
vn 0.7574 -0.6530 0.0005
vn 0.7682 -0.6387 -0.0426
vn 0.7597 -0.6488 -0.0439
vn 0.7618 -0.6461 0.0466
vn 0.7561 -0.6480 0.0918
vn 0.7535 -0.6559 0.0453
vn 0.7479 -0.6576 0.0905
vn 0.5172 -0.5185 0.6809
vn 0.5229 -0.5193 0.6759
vn 0.4998 -0.5095 0.7005
vn 0.5042 -0.5107 0.6964
vn 0.5427 -0.5317 0.6502
vn 0.5776 -0.5495 0.6037
vn 0.5495 -0.5316 0.6446
vn 0.5849 -0.5480 0.5980
vn 0.5254 -0.5486 0.6504
vn 0.5212 -0.5524 0.6505
vn 0.5596 -0.5679 0.6036
vn 0.5546 -0.5728 0.6036
vn 0.5009 -0.5346 0.6807
vn 0.4842 -0.5251 0.6999
vn 0.4974 -0.5376 0.6809
vn 0.4814 -0.5275 0.7000
vn 0.1215 -0.2548 0.9593
vn 0.1211 -0.2557 0.9591
vn 0.0521 -0.2036 0.9777
vn 0.0524 -0.2053 0.9773
vn 0.1753 -0.2938 0.9397
vn 0.2189 -0.3248 0.9201
vn 0.1750 -0.2944 0.9395
vn 0.2184 -0.3252 0.9201
vn 0.1667 -0.3041 0.9379
vn 0.1650 -0.3062 0.9376
vn 0.2098 -0.3361 0.9182
vn 0.2081 -0.3381 0.9178
vn 0.1138 -0.2643 0.9577
vn 0.0449 -0.2114 0.9764
vn 0.1120 -0.2662 0.9574
vn 0.0432 -0.2133 0.9760
vn -0.3831 0.1409 0.9129
vn -0.3752 0.1327 0.9174
vn -0.4254 0.1719 0.8885
vn -0.4144 0.1634 0.8953
vn -0.3386 0.1071 0.9348
vn -0.2923 0.0706 0.9537
vn -0.3346 0.1002 0.9370
vn -0.2925 0.0659 0.9540
vn -0.3581 0.1055 0.9277
vn -0.4004 0.0931 0.9116
vn -0.3042 0.0698 0.9500
vn -0.3348 0.0618 0.9402
vn -0.4099 0.1360 0.9019
vn -0.4576 0.1616 0.8743
vn -0.4603 0.1157 0.8802
vn -0.5107 0.1315 0.8497
vn -0.7146 0.3909 0.5801
vn -0.7063 0.3985 0.5851
vn -0.7320 0.4073 0.5462
vn -0.7239 0.4156 0.5507
vn -0.6958 0.3738 0.6133
vn -0.6755 0.3560 0.6457
vn -0.6873 0.3806 0.6186
vn -0.6668 0.3619 0.6514
vn -0.7309 0.3272 0.5990
vn -0.7609 0.2827 0.5840
vn -0.7102 0.3114 0.6313
vn -0.7499 0.3423 0.5662
vn -0.7673 0.3569 0.5328
vn -0.7794 0.2969 0.5517
vn -0.7963 0.3107 0.5190
vn -0.8293 0.5434 0.1305
vn -0.8233 0.5533 0.1269
vn -0.8294 0.5515 0.0890
vn -0.8235 0.5609 0.0846
vn -0.8277 0.5345 0.1713
vn -0.8245 0.5248 0.2115
vn -0.8215 0.5448 0.1686
vn -0.8182 0.5354 0.2096
vn -0.8599 0.4820 0.1683
vn -0.8863 0.4327 0.1650
vn -0.8573 0.4712 0.2073
vn -0.8837 0.4218 0.2028
vn -0.8609 0.4923 0.1287
vn -0.8603 0.5020 0.0886
vn -0.8874 0.4433 0.1266
vn -0.8869 0.4536 0.0876
vn -0.7090 0.5775 -0.4048
vn -0.7076 0.5739 -0.4122
vn -0.6831 0.5670 -0.4602
vn -0.6843 0.5634 -0.4630
vn -0.7323 0.5843 -0.3499
vn -0.7529 0.5878 -0.2960
vn -0.7288 0.5817 -0.3613
vn -0.7478 0.5868 -0.3106
vn -0.7513 0.5697 -0.3331
vn -0.7885 0.5327 -0.3073
vn -0.7761 0.5661 -0.2777
vn -0.8160 0.5191 -0.2543
vn -0.7230 0.5689 -0.3918
vn -0.6920 0.5623 -0.4528
vn -0.7546 0.5428 -0.3689
vn -0.7155 0.5452 -0.4367
vn -0.3278 0.3451 -0.8795
vn -0.3282 0.3445 -0.8796
vn -0.2856 0.3159 -0.9048
vn -0.2859 0.3154 -0.9048
vn -0.3772 0.3787 -0.8452
vn -0.4381 0.4190 -0.7953
vn -0.3776 0.3779 -0.8453
vn -0.4380 0.4175 -0.7961
vn -0.3850 0.3691 -0.8459
vn -0.3866 0.3672 -0.8460
vn -0.4450 0.4108 -0.7958
vn -0.4466 0.4089 -0.7958
vn -0.3360 0.3344 -0.8805
vn -0.2946 0.3044 -0.9059
vn -0.3376 0.3323 -0.8807
vn -0.2961 0.3023 -0.9060
vn 0.0877 0.0461 -0.9951
vn 0.0963 0.0439 -0.9944
vn 0.1369 0.0102 -0.9905
vn 0.1460 0.0094 -0.9892
vn 0.0536 0.0703 -0.9961
vn 0.0307 0.0862 -0.9958
vn 0.0608 0.0677 -0.9959
vn 0.0362 0.0837 -0.9958
vn 0.0368 0.0548 -0.9978
vn 0.0331 0.0520 -0.9981
vn 0.0150 0.0708 -0.9974
vn 0.0121 0.0686 -0.9976
vn 0.0700 0.0299 -0.9971
vn 0.1182 -0.0073 -0.9930
vn 0.0656 0.0262 -0.9975
vn 0.1130 -0.0119 -0.9935
vn 0.5853 -0.3586 -0.7272
vn 0.5927 -0.3491 -0.7258
vn 0.6088 -0.3805 -0.6961
vn 0.6163 -0.3709 -0.6947
vn 0.5604 -0.3358 -0.7571
vn 0.5341 -0.3121 -0.7857
vn 0.5677 -0.3266 -0.7557
vn 0.5411 -0.3031 -0.7844
vn 0.5387 -0.3627 -0.7604
vn 0.5304 -0.3727 -0.7614
vn 0.5126 -0.3387 -0.7890
vn 0.5044 -0.3484 -0.7900
vn 0.5634 -0.3858 -0.7306
vn 0.5866 -0.4080 -0.6996
vn 0.5550 -0.3959 -0.7316
vn 0.5781 -0.4182 -0.7006
vn -0.8959 -0.2910 0.3358
vn -0.8944 -0.1224 0.4303
vn -0.9044 -0.2742 0.3269
vn -0.9032 -0.1062 0.4158
vn -0.8877 -0.3069 0.3432
vn -0.8802 -0.3212 0.3493
vn -0.8855 -0.1374 0.4438
vn -0.8766 -0.1507 0.4570
vn -0.8648 -0.4293 0.2604
vn -0.8517 -0.4669 0.2380
vn -0.8570 -0.4436 0.2623
vn -0.8429 -0.4824 0.2383
vn -0.8734 -0.4137 0.2568
vn -0.8824 -0.3976 0.2516
vn -0.8612 -0.4503 0.2358
vn -0.8708 -0.4334 0.2320
vn -0.9740 -0.1586 0.1618
vn -0.9768 0.0097 0.2141
vn -0.9772 -0.1572 0.1427
vn -0.9811 0.0131 0.1929
vn -0.9702 -0.1616 0.1804
vn -0.9660 -0.1661 0.1984
vn -0.9720 0.0050 0.2349
vn -0.9669 -0.0007 0.2552
vn -0.9479 -0.2894 0.1332
vn -0.9395 -0.3210 0.1200
vn -0.9444 -0.2930 0.1492
vn -0.9361 -0.3243 0.1359
vn -0.9506 -0.2876 0.1166
vn -0.9526 -0.2876 0.0992
vn -0.9419 -0.3196 0.1032
vn -0.9434 -0.3202 0.0859
vn -0.9733 -0.2151 -0.0797
vn -0.9968 0.0027 -0.0801
vn -0.9688 -0.2223 -0.1095
vn -0.9925 -0.0037 -0.1225
vn -0.9771 -0.2066 -0.0517
vn -0.9796 -0.1987 -0.0293
vn -0.9992 0.0061 -0.0402
vn -0.9999 0.0067 -0.0086
vn -0.9323 -0.3559 -0.0648
vn -0.9132 -0.4008 -0.0736
vn -0.9366 -0.3465 -0.0511
vn -0.9181 -0.3911 -0.0646
vn -0.9285 -0.3629 -0.0789
vn -0.9263 -0.3654 -0.0925
vn -0.9102 -0.4065 -0.0788
vn -0.9100 -0.4067 -0.0810
vn -0.7966 -0.4378 0.4168
vn -0.7685 -0.2956 0.5674
vn -0.8142 -0.4173 0.4037
vn -0.7882 -0.2656 0.5551
vn -0.7754 -0.4662 0.4260
vn -0.7464 -0.5096 0.4280
vn -0.7475 -0.3324 0.5752
vn -0.7197 -0.3836 0.5787
vn -0.7865 -0.5345 0.3094
vn -0.7959 -0.5479 0.2575
vn -0.7568 -0.5746 0.3116
vn -0.7602 -0.5960 0.2587
vn -0.8058 -0.5111 0.2990
vn -0.8180 -0.4993 0.2855
vn -0.8152 -0.5223 0.2503
vn -0.8240 -0.5129 0.2408
vn -0.9298 -0.2253 0.2912
vn -0.9285 -0.0600 0.3665
vn -0.9371 -0.2117 0.2776
vn -0.9359 -0.0472 0.3492
vn -0.9219 -0.2403 0.3038
vn -0.9135 -0.2566 0.3158
vn -0.9206 -0.0741 0.3834
vn -0.9122 -0.0895 0.3998
vn -0.9008 -0.3646 0.2359
vn -0.8904 -0.3991 0.2189
vn -0.8920 -0.3805 0.2442
vn -0.8810 -0.4157 0.2260
vn -0.9090 -0.3499 0.2265
vn -0.9166 -0.3365 0.2160
vn -0.8992 -0.3835 0.2104
vn -0.9073 -0.3695 0.2008
vn -0.9834 -0.1622 0.0816
vn -0.9920 0.0166 0.1252
vn -0.9841 -0.1668 0.0602
vn -0.9947 0.0153 0.1014
vn -0.9819 -0.1590 0.1025
vn -0.9799 -0.1574 0.1227
vn -0.9888 0.0166 0.1484
vn -0.9852 0.0155 0.1708
vn -0.9542 -0.2925 0.0631
vn -0.9437 -0.3271 0.0495
vn -0.9538 -0.2892 0.0814
vn -0.9440 -0.3227 0.0679
vn -0.9537 -0.2973 0.0445
vn -0.9524 -0.3037 0.0254
vn -0.9424 -0.3331 0.0308
vn -0.9401 -0.3406 0.0120
vn -0.9483 -0.2465 -0.1997
vn -0.9711 -0.0484 -0.2338
vn -0.9310 -0.2751 -0.2398
vn -0.9568 -0.0825 -0.2788
vn -0.9581 -0.2327 -0.1672
vn -0.9640 -0.2270 -0.1383
vn -0.9800 -0.0270 -0.1972
vn -0.9866 -0.0136 -0.1625
vn -0.9237 -0.3615 -0.1272
vn -0.9112 -0.4004 -0.0970
vn -0.9262 -0.3620 -0.1057
vn -0.9130 -0.3998 -0.0811
vn -0.9154 -0.3708 -0.1568
vn -0.8970 -0.3965 -0.1953
vn -0.9019 -0.4133 -0.1257
vn -0.8826 -0.4417 -0.1609
vn -0.8523 -0.1803 0.4909
vn -0.8735 -0.3336 0.3547
vn -0.8675 -0.1615 0.4705
vn -0.8473 -0.3751 0.3759
vn -0.8308 -0.3975 0.3894
vn -0.8324 -0.2060 0.5145
vn -0.8101 -0.2354 0.5370
vn -0.8326 -0.4847 0.2682
vn -0.8237 -0.5164 0.2341
vn -0.8247 -0.4944 0.2748
vn -0.8225 -0.5178 0.2354
vn -0.8499 -0.4568 0.2629
vn -0.8278 -0.5093 0.2353
vn -0.8347 -0.4971 0.2372
vn -0.9559 -0.1797 0.2323
vn -0.9556 -0.0158 0.2942
vn -0.9612 -0.1722 0.2157
vn -0.9614 -0.0077 0.2750
vn -0.9501 -0.1889 0.2482
vn -0.9439 -0.1996 0.2632
vn -0.9494 -0.0250 0.3130
vn -0.9429 -0.0355 0.3313
vn -0.9297 -0.3142 0.1920
vn -0.9212 -0.3459 0.1781
vn -0.9235 -0.3245 0.2045
vn -0.9146 -0.3568 0.1901
vn -0.9353 -0.3054 0.1786
vn -0.9402 -0.2983 0.1643
vn -0.9270 -0.3368 0.1651
vn -0.9320 -0.3296 0.1510
vn -0.9824 -0.1865 0.0006
vn -0.9995 0.0073 0.0316
vn -0.9811 -0.1931 -0.0153
vn -0.9999 0.0060 0.0110
vn -0.9836 -0.1797 0.0185
vn -0.9842 -0.1729 0.0383
vn -0.9985 0.0099 0.0536
vn -0.9970 0.0129 0.0769
vn -0.9474 -0.3198 -0.0110
vn -0.9330 -0.3592 -0.0241
vn -0.9503 -0.3114 0.0062
vn -0.9369 -0.3495 -0.0070
vn -0.9441 -0.3286 -0.0263
vn -0.9405 -0.3376 -0.0397
vn -0.9284 -0.3694 -0.0394
vn -0.9234 -0.3801 -0.0528
vn -0.7958 -0.4459 -0.4098
vn -0.7856 -0.3110 -0.5349
vn -0.7073 -0.3851 -0.5928
vn -0.8559 -0.3826 -0.3480
vn -0.8873 -0.2068 -0.4122
vn -0.9286 -0.1380 -0.3445
vn -0.8129 -0.5258 -0.2504
vn -0.8612 -0.4442 -0.2469
vn -0.8417 -0.4933 -0.2194
vn -0.7918 -0.5207 -0.3192
vn -0.6455 -0.6486 0.4033
vn -0.6003 -0.5630 0.5680
vn -0.7014 -0.5761 0.4196
vn -0.6738 -0.4616 0.5770
vn -0.5805 -0.7217 0.3770
vn -0.8460 -0.4842 -0.2234
vn -0.4427 -0.7579 0.4792
vn -0.6280 -0.7288 0.2730
vn -0.6679 -0.6859 0.2889
vn -0.7096 -0.6368 0.3015
vn -0.6790 -0.6959 0.2340
vn -0.7132 -0.6565 0.2456
vn 0.1091 0.0446 -0.9930
vn 0.6857 -0.4211 -0.5937
vn 0.5196 -0.2699 -0.8106
vn -0.7434 0.5893 -0.3163
vn 0.2902 -0.0856 -0.9531
vn -0.2439 0.2974 -0.9231
vn -0.7918 0.5362 0.2925
vn -0.7984 0.5958 -0.0871
vn -0.3727 0.3850 -0.8443
vn -0.3231 0.3519 -0.8785
vn 0.3463 -0.1285 -0.9293
vn 0.0299 0.0978 -0.9948
vn -0.8035 0.5566 0.2111
vn -0.7255 0.5832 -0.3653
vn -0.6581 0.5531 -0.5109
vn -0.2094 0.2729 -0.9390
vn 0.7200 -0.4565 -0.5227
vn 0.6234 -0.3616 -0.6933
vn 0.7351 -0.4728 -0.4860
vn 0.4263 -0.1923 -0.8839
vn -0.7590 0.5937 -0.2674
vn -0.8072 0.5654 0.1696
vn -0.5077 0.4697 -0.7222
vn -0.6398 0.5436 -0.5433
vn -0.8096 0.5855 0.0414
vn -0.7054 0.5752 -0.4142
vn -0.1739 0.2475 -0.9531
vn 0.1587 0.0103 -0.9873
vn 0.7486 -0.4882 -0.4486
vn 0.7035 -0.4392 -0.5587
vn 0.4589 -0.2190 -0.8611
vn -0.8095 0.5731 0.1275
vn -0.7983 0.5469 0.2522
vn -0.6282 0.5371 -0.5629
vn -0.8074 0.5901 -0.0017
vn -0.0857 0.1833 -0.9793
vn 0.5479 -0.2943 -0.7831
vn -0.2808 0.3231 -0.9037
vn 0.4900 -0.2449 -0.8366
vn 0.3921 -0.1647 -0.9051
vn -0.7916 0.5971 -0.1297
vn -0.0387 0.1485 -0.9881
vn -0.6305 0.5380 -0.5595
vn -0.8036 0.5935 -0.0445
vn 0.5745 -0.3176 -0.7543
vn 0.0467 0.0864 -0.9952
vn 0.6456 -0.3824 -0.6610
vn -0.6829 0.5652 -0.4628
vn -0.7829 0.5973 -0.1740
vn -0.1342 0.2188 -0.9665
vn -0.7747 0.5121 0.3710
vn -0.6152 0.5302 -0.5834
vn 0.0009 0.1190 -0.9929
vn 0.0727 0.0691 -0.9950
vn 0.7608 -0.5028 -0.4103
vn -0.4328 0.4236 -0.7958
vn 0.6664 -0.4022 -0.6278
vn 0.2266 -0.0384 -0.9732
vn -0.8103 0.5798 0.0847
vn 0.5997 -0.3400 -0.7244
vn -0.7839 0.5246 0.3320
vn -0.6245 0.5349 -0.5691
vn -0.5733 0.5076 -0.6432
vn -0.7720 0.5962 -0.2201
vn 0.8049 -0.5922 -0.0365
vn 0.5601 -0.5282 0.6383
vn 0.5003 -0.4997 0.7071
vn -0.1215 -0.0662 0.9904
vn 0.7953 -0.5521 -0.2504
vn -0.7083 0.4358 0.5553
vn -0.1959 -0.0094 0.9806
vn 0.5331 -0.5158 0.6706
vn 0.6400 -0.5636 0.5223
vn 0.8021 -0.5971 0.0078
vn 0.4777 -0.4865 0.7315
vn 0.7834 -0.6049 0.1431
vn -0.6082 0.3371 0.7186
vn -0.4075 0.1628 0.8986
vn -0.2019 -0.0043 0.9794
vn -0.7641 0.4986 0.4094
vn 0.3637 -0.4137 0.8346
vn 0.7976 -0.6009 0.0525
vn 0.8061 -0.5862 -0.0805
vn 0.4456 -0.4667 0.7640
vn 0.7735 -0.6050 0.1889
vn -0.1822 -0.0198 0.9831
vn 0.7716 -0.5165 -0.3713
vn -0.6523 0.3791 0.6563
vn -0.2198 0.0102 0.9755
vn 0.0576 -0.1992 0.9783
vn 0.3275 -0.3894 0.8609
vn -0.5343 0.2703 0.8009
vn 0.7326 -0.5971 0.3267
vn 0.7618 -0.6038 0.2346
vn 0.7809 -0.5293 -0.3316
vn -0.6724 0.3989 0.6235
vn -0.2912 0.0676 0.9543
vn 0.2942 -0.3667 0.8826
vn 0.5135 -0.5064 0.6928
vn 0.7097 -0.5900 0.3850
vn -0.2053 -0.0021 0.9787
vn 0.8003 -0.5621 -0.2087
vn -0.7243 0.4529 0.5199
vn 0.7889 -0.5411 -0.2913
vn -0.6910 0.4178 0.5899
vn -0.6307 0.3584 0.6883
vn -0.3316 0.1004 0.9381
vn 0.2237 -0.3177 0.9214
vn -0.7389 0.4690 0.4837
vn -0.4429 0.1922 0.8757
vn 0.7914 -0.6035 0.0976
vn 0.8038 -0.5712 -0.1665
vn 0.4063 -0.4416 0.7999
vn 0.6787 -0.5790 0.4518
vn -0.3702 0.1320 0.9195
vn -0.2493 0.0339 0.9678
vn -0.7522 0.4843 0.4469
vn -0.4758 0.2199 0.8516
vn 0.8057 -0.5792 -0.1238
vn -0.0341 -0.1317 0.9907
vn 0.7482 -0.6012 0.2806
vn 0.1800 -0.2870 0.9409
vn -0.5601 0.2931 0.7749
vn 0.1263 -0.2487 0.9603
vn 0.2608 -0.3436 0.9022
vn -0.5063 0.2460 0.8265
vn -0.7948 -0.6063 0.0246
vn -0.7979 -0.6026 0.0149
vn -0.7589 -0.6309 0.1612
vn -0.7716 -0.6325 0.0681
vn -0.7677 -0.6212 0.1572
vn -0.8467 -0.5228 -0.0987
vn -0.7522 -0.6386 0.1625
vn -0.8065 -0.5900 -0.0378
vn -0.7820 -0.6212 0.0521
vn -0.8427 -0.5267 -0.1118
vn -0.8335 -0.5359 -0.1346
vn -0.0886 -0.4888 0.8679
vn 0.2539 -0.3545 0.8999
vn -0.7780 -0.5897 0.2167
vn -0.7866 -0.6159 0.0437
vn -0.7127 -0.6550 0.2512
vn -0.4865 -0.8038 0.3424
vn -0.7768 -0.6269 0.0603
vn -0.7934 -0.5921 0.1411
vn -0.7653 -0.6393 0.0752
vn 0.2124 -0.4062 0.8887
vn -0.8312 -0.5378 -0.1409
vn -0.7851 -0.6016 0.1473
vn -0.3834 0.1938 -0.9030
vn 0.1134 -0.4373 0.8921
vn -0.8071 -0.5873 -0.0604
vn -0.7117 -0.5171 -0.4754
vn -0.7763 -0.6115 0.1530
vn -0.1119 -0.4608 0.8804
vn -0.8188 -0.5151 -0.2535
vn -0.2288 -0.7637 0.6037
vn -0.7137 -0.6522 0.2554
vn -0.1420 -0.5422 0.8282
vn 0.2243 -0.3925 0.8920
vn -0.2924 -0.8557 0.4269
vn -0.8008 -0.5989 0.0049
vn -0.7910 -0.6108 0.0352
vn -0.8065 -0.5870 -0.0712
vn -0.2922 0.2343 -0.9272
vn -0.8531 -0.5171 -0.0703
vn -0.7476 -0.6439 0.1630
vn 0.7034 -0.5871 -0.4006
vn 0.0963 -0.1088 0.9894
vn -0.6473 0.6453 0.4056
vn -0.3895 0.5083 -0.7680
vn 0.6608 -0.6333 -0.4027
vn 0.6605 -0.6324 -0.4047
vn 0.6598 -0.6319 -0.4067
vn 0.6584 -0.6340 -0.4057
vn 0.6654 -0.6280 -0.4035
vn 0.6601 -0.6325 -0.4052
vn 0.6604 -0.6328 -0.4042
vn 0.6612 -0.6317 -0.4046
vn 0.6581 -0.6348 -0.4049
vn 0.6588 -0.6346 -0.4040
vn -0.2639 0.2809 -0.9227
vn 0.2402 -0.3596 0.9017
vn 0.1859 -0.3635 0.9128
vn 0.2159 -0.3279 0.9197
vn 0.1733 -0.3768 0.9100
vn 0.1714 -0.3752 0.9110
vn 0.1487 -0.3980 0.9053
vn -0.3174 0.2756 -0.9073
vn -0.2884 0.3128 -0.9050
vn -0.3299 0.2610 -0.9072
vn -0.3289 0.2619 -0.9073
vn -0.3933 0.2680 -0.8795
vn -0.3503 0.2367 -0.9062
vn -0.1194 -0.4459 0.8871
vn -0.5851 0.1457 -0.7978
vn -0.0350 -0.4011 0.9153
vn 0.0133 -0.3678 0.9298
vn 0.0110 -0.4361 0.8999
vn 0.0582 -0.4022 0.9137
vn 0.0522 -0.3908 0.9190
vn -0.0820 -0.4327 0.8978
vn -0.0830 -0.4331 0.8975
vn -0.1132 -0.4081 0.9059
vn -0.1187 -0.4464 0.8869
vn -0.4754 0.1818 -0.8608
vn -0.4410 0.2356 -0.8661
vn -0.4306 0.2281 -0.8733
vn -0.5293 0.2139 -0.8210
vn -0.4894 0.2571 -0.8333
vn -0.5554 0.1684 -0.8144
vn -0.5574 0.1703 -0.8126
vn -0.5824 0.1877 -0.7910
vn -0.5847 0.1454 -0.7981
vn -0.1922 -0.4664 0.8634
vn -0.2568 -0.4049 0.8776
vn -0.1093 -0.5500 0.8280
vn -0.1193 -0.5434 0.8310
vn -0.0966 -0.5737 0.8133
vn -0.1046 -0.4621 0.8806
vn -0.0898 -0.4880 0.8682
vn -0.1865 -0.6407 0.7448
vn -0.2319 -0.6103 0.7574
vn -0.2658 -0.5299 0.8053
vn -0.2904 -0.7254 0.6241
vn -0.1364 -0.7784 0.6128
vn -0.8758 0.0177 -0.4824
vn -0.8175 0.1170 -0.5639
vn -0.8290 -0.0586 -0.5561
vn -0.6509 -0.2169 -0.7275
vn -0.3894 -0.3948 0.8322
vn -0.4222 -0.5403 0.7279
vn -0.2675 -0.5287 0.8056
vn -0.2681 -0.7033 0.6584
vn -0.5391 -0.4099 0.7358
vn -0.6042 0.0662 -0.7941
vn -0.5510 0.0035 -0.8345
vn -0.5950 0.0318 -0.8031
vn -0.5876 0.1408 -0.7968
vn -0.6412 0.1039 -0.7603
vn -0.6937 0.1502 -0.7044
vn -0.6505 -0.0790 -0.7554
vn -0.5162 -0.1537 -0.8426
vn -0.5688 -0.0951 -0.8169
vn -0.6585 -0.2578 -0.7071
vn -0.4340 -0.3674 -0.8226
vn -0.6272 -0.1070 -0.7715
vn -0.8134 -0.5307 0.2381
vn -0.8009 -0.5475 0.2426
vn -0.8856 -0.4414 -0.1442
vn -0.8924 -0.4320 -0.1302
vn -0.9147 -0.3890 -0.1098
vn -0.8806 -0.4494 -0.1502
vn -0.8842 -0.4484 -0.1312
vn -0.8804 -0.4560 -0.1302
vn -0.8225 -0.5009 0.2694
vn -0.8009 -0.5373 0.2642
vn -0.7575 -0.5977 0.2628
vn -0.7534 -0.6055 0.2565
vn -0.7678 -0.5825 0.2668
vn -0.7794 -0.5743 0.2503
vn -0.8065 -0.5372 0.2470
vn -0.7866 -0.5595 0.2613
vn -0.7918 -0.5469 0.2719
vn -0.7801 -0.5833 0.2263
vn -0.9076 -0.4019 -0.1217
vn -0.8734 -0.4531 -0.1784
vn -0.8817 -0.4420 -0.1649
vn -0.8872 -0.4309 -0.1652
vn -0.9179 -0.3792 -0.1166
vn -0.9046 -0.4126 -0.1073
vn -0.8895 -0.4344 -0.1418
vn -0.9047 -0.4035 -0.1366
vn -0.8793 -0.4573 -0.1329
vn -0.8887 -0.4393 -0.1310
vn -0.7836 -0.5761 0.2326
vn -0.7672 -0.5958 0.2373
vn -0.7917 -0.5422 0.2815
vn -0.7726 -0.5892 0.2364
vn -0.7776 -0.5786 0.2461
vn -0.7887 -0.5637 0.2451
vn -0.9061 -0.4148 -0.0830
vn -0.9007 -0.4229 -0.0999
vn -0.8557 -0.5171 0.0164
vn -0.8571 -0.5152 0.0025
vn -0.8539 -0.5195 0.0295
vn -0.8510 -0.5233 0.0432
vn -0.8192 -0.5624 0.1122
vn -0.8260 -0.5543 0.1027
vn -0.8118 -0.5712 0.1216
vn -0.8040 -0.5803 0.1296
vn -0.8568 -0.5140 -0.0412
vn -0.8553 -0.5152 -0.0558
vn -0.8582 -0.5124 -0.0300
vn -0.8429 -0.5336 0.0689
vn -0.8473 -0.5281 0.0564
vn -0.8380 -0.5397 0.0807
vn -0.8323 -0.5466 0.0918
vn -0.8069 -0.5887 -0.0491
vn -0.8048 -0.5933 -0.0160
vn -0.2816 0.2486 -0.9268
vn -0.8064 -0.5908 -0.0274
vn -0.5549 0.1045 -0.8253
vn -0.2502 0.2860 -0.9250
vn -0.8031 -0.5958 -0.0054
vn -0.7676 -0.5878 0.2555
vn -0.7916 -0.4516 -0.4116
vn -0.7971 -0.4464 -0.4066
vn -0.8220 -0.2931 -0.4882
vn -0.6366 -0.4530 -0.6241
vn -0.7297 -0.3933 -0.5594
vn -0.8766 -0.2120 -0.4320
vn -0.8305 -0.4812 -0.2806
vn -0.8147 -0.5241 -0.2481
vn -0.8629 -0.4430 -0.2433
vn -0.8431 -0.4922 -0.2165
vn -0.6485 -0.6460 0.4027
vn -0.6178 -0.5491 0.5629
vn -0.7014 -0.5762 0.4196
vn -0.5774 -0.7231 0.3790
vn -0.5738 -0.7281 0.3750
vn -0.8469 -0.4838 -0.2208
vn -0.8447 -0.4863 -0.2236
vn -0.5394 -0.6519 0.5329
vn -0.4064 -0.7673 0.4961
vn -0.6732 -0.6810 0.2882
vn -0.7125 -0.6340 0.3006
vn -0.6813 -0.6935 0.2342
vn -0.7155 -0.6542 0.2450
vn -0.7949 -0.6062 0.0252
vn -0.7979 -0.6025 0.0152
vn -0.7597 -0.6306 0.1585
vn -0.7713 -0.6329 0.0674
vn -0.7688 -0.6204 0.1550
vn -0.7521 -0.6391 0.1609
vn -0.8067 -0.5897 -0.0380
vn -0.7819 -0.6213 0.0517
vn -0.8429 -0.5256 -0.1149
vn -0.8346 -0.5339 -0.1355
vn -0.1329 -0.4617 0.8770
vn 0.2473 -0.3507 0.9033
vn -0.7866 -0.6160 0.0434
vn -0.7768 -0.6268 0.0605
vn -0.7953 -0.5903 0.1376
vn -0.7869 -0.6000 0.1442
vn -0.8067 -0.5879 -0.0604
vn -0.7781 -0.6100 0.1497
vn -0.7126 -0.6541 0.2534
vn 0.2230 -0.3915 0.8927
vn -0.8006 -0.5992 0.0051
vn -0.7909 -0.6110 0.0342
vn -0.8533 -0.5161 -0.0747
vn 0.6233 -0.6678 -0.4068
vn 0.6232 -0.6678 -0.4070
vn 0.6233 -0.6679 -0.4068
vn 0.6233 -0.6679 -0.4067
vn 0.6234 -0.6677 -0.4068
vn 0.6233 -0.6678 -0.4067
vn 0.6232 -0.6678 -0.4069
vn 0.6232 -0.6679 -0.4069
vn 0.6234 -0.6681 -0.4063
vn 0.6234 -0.6679 -0.4066
vn 0.6067 -0.6878 -0.3985
vn 0.6233 -0.6680 -0.4066
vn 0.6232 -0.6679 -0.4068
vn 0.6238 -0.6676 -0.4064
vn 0.6595 -0.6752 -0.3304
vn 0.6233 -0.6678 -0.4069
vn 0.6233 -0.6678 -0.4070
vn 0.6230 -0.6680 -0.4069
vn 0.6235 -0.6677 -0.4068
vn 0.5794 -0.6479 -0.4946
vn 0.6234 -0.6676 -0.4070
vn 0.6235 -0.6673 -0.4072
vn 0.6233 -0.6677 -0.4070
vn 0.6018 -0.6815 -0.4164
vn 0.6286 -0.7105 -0.3163
vn 0.6231 -0.6677 -0.4074
vn 0.6185 -0.6232 -0.4787
vn 0.6234 -0.6679 -0.4067
vn 0.6352 -0.6504 -0.4166
vn 0.6232 -0.6681 -0.4065
vn 0.6231 -0.6681 -0.4068
vn 0.6232 -0.6680 -0.4067
vn 0.6231 -0.6680 -0.4068
vn 0.6410 -0.6578 -0.3956
vn 0.6232 -0.6680 -0.4068
vn 0.5905 0.7985 0.1172
vn 0.5905 0.7985 0.1171
vn 0.5904 0.7985 0.1172
vn 0.7010 0.7110 0.0559
vn 0.6664 -0.6254 -0.4059
vn -0.6228 -0.7759 -0.1003
vn -0.6228 -0.7760 -0.0995
vn -0.6228 -0.7760 -0.1001
vn -0.6229 -0.7759 -0.1004
vn -0.6226 -0.7762 -0.0990
vn -0.6229 -0.7759 -0.1005
vn -0.6225 -0.7764 -0.0988
vn -0.6229 -0.7758 -0.1006
vn -0.6214 -0.7773 -0.0982
vn -0.6227 -0.7760 -0.1000
vn -0.6229 -0.7758 -0.1007
vn -0.6226 -0.7762 -0.0998
vn -0.6229 -0.7758 -0.1008
vn -0.6227 -0.7761 -0.0999
vn -0.6232 -0.7755 -0.1009
vn -0.6229 -0.7758 -0.1002
vn -0.6232 -0.7755 -0.1010
vn -0.6226 -0.7761 -0.0999
vn -0.6232 -0.7755 -0.1011
vn -0.6228 -0.7761 -0.0994
vn -0.6233 -0.7754 -0.1012
vn -0.6233 -0.7754 -0.1014
vn -0.6227 -0.7761 -0.0992
vn -0.6228 -0.7759 -0.1002
vn -0.6233 -0.7754 -0.1015
vn -0.6227 -0.7762 -0.0991
vn -0.6233 -0.7754 -0.1018
vn -0.6232 -0.7753 -0.1021
vn -0.6232 -0.7754 -0.1024
vn -0.6224 -0.7765 -0.0986
vn -0.6231 -0.7754 -0.1025
vn -0.6223 -0.7766 -0.0985
vn -0.6231 -0.7754 -0.1026
vn -0.6220 -0.7768 -0.0983
vn -0.6231 -0.7754 -0.1027
vn -0.6230 -0.7754 -0.1028
vn -0.6218 -0.7770 -0.0982
vn -0.6219 -0.7770 -0.0982
vn -0.6230 -0.7755 -0.1029
vn -0.6217 -0.7770 -0.0982
vn -0.6228 -0.7756 -0.1031
vn -0.6216 -0.7772 -0.0982
vn -0.6215 -0.7772 -0.0982
vn -0.6226 -0.7757 -0.1032
vn -0.6709 -0.7378 -0.0736
vn -0.6709 -0.7379 -0.0736
vn -0.6213 -0.7774 -0.0982
vn 0.5904 0.7985 0.1171
vn 0.5906 0.7985 0.1171
vn 0.7198 -0.6779 0.1493
vn 0.8351 -0.5273 0.1566
vn -0.5866 0.1427 0.7972
vn -0.7022 0.2355 0.6719
vn -0.0884 0.1789 -0.9799
vn 0.7728 -0.6328 0.0484
vn -0.7532 0.3700 0.5439
vn -0.7683 0.3811 0.5142
vn -0.7489 0.3869 0.5381
vn -0.7629 0.3976 0.5098
vn -0.7539 0.3884 0.5298
vn -0.8490 0.5013 0.1670
vn -0.2246 -0.1681 0.9598
vn -0.8459 0.3254 0.4226
vn 0.0636 -0.3998 0.9144
vn -0.1982 -0.4623 0.8643
vn -0.0872 -0.6990 0.7097
vn -0.3331 -0.4572 0.8246
vn -0.5719 0.1313 -0.8098
vn -0.7970 -0.5556 0.2368
vn -0.8380 -0.5312 -0.1249
vn -0.8501 -0.5197 -0.0848
vn -0.5982 0.3028 0.7419
vn 0.4770 -0.3232 -0.8173
vn 0.7905 -0.6112 -0.0390
vn -0.7409 0.2681 0.6158
vn -0.8621 -0.3526 0.3639
vn -0.8412 -0.4715 0.2646
vn -0.8987 -0.3256 -0.2937
vn -0.8270 -0.4838 -0.2864
vn -0.4893 -0.6873 0.5368
vn -0.5847 0.3154 0.7474
vn 0.5952 -0.5440 0.5914
vn -0.6809 -0.6902 0.2449
vn 0.0965 -0.3626 0.9269
vn -0.0805 -0.6763 0.7322
vn -0.6903 0.0083 -0.7235
vn -0.6001 0.1596 -0.7839
vn -0.8583 -0.5129 -0.0147
vn -0.8385 -0.5299 -0.1270
vn -0.8503 -0.5188 -0.0890
vn -0.8791 -0.4450 -0.1709
vn -0.8540 -0.3838 -0.3512
vn -0.8986 -0.3256 -0.2939
vn -0.3416 -0.8279 0.4449
vn -0.8468 -0.5220 -0.1021
vn -0.7154 -0.6507 0.2544
vn -0.6233 -0.7754 -0.1019
vn 0.5709 0.8112 0.1270
s 0
usemtl Material.067
f 68//1 9//1 67//1
f 23//2 421//2 24//2
f 421//3 23//3 25//3
f 67//4 19//4 99//4
f 9//5 19//5 67//5
f 208//6 69//6 40//6
f 69//7 208//7 153//7
f 40//8 71//8 44//8
f 71//9 40//9 69//9
f 72//10 30//10 73//10
f 30//11 72//11 34//11
f 43//12 74//12 56//12
f 74//13 43//13 75//13
f 76//14 33//14 77//14
f 33//14 76//14 31//14
f 56//15 78//15 39//15
f 78//16 56//16 74//16
f 77//17 1//17 79//17
f 1//18 77//18 33//18
f 58//19 80//19 57//19
f 80//20 58//20 81//20
f 82//21 6//21 83//21
f 6//22 82//22 8//22
f 42//23 84//23 41//23
f 84//24 42//24 85//24
f 86//25 32//25 87//25
f 32//26 86//26 7//26
f 41//27 88//27 61//27
f 88//28 41//28 84//28
f 87//29 12//29 89//29
f 12//30 87//30 32//30
f 60//31 90//31 59//31
f 90//32 60//32 91//32
f 92//33 21//33 93//33
f 21//34 92//34 13//34
f 51//35 94//35 50//35
f 94//36 51//36 95//36
f 96//1 9//1 68//1
f 9//37 96//37 22//37
f 53//38 97//38 52//38
f 97//39 53//39 98//39
f 63//40 100//40 62//40
f 100//41 63//41 101//41
f 102//42 26//42 103//42
f 26//43 102//43 20//43
f 64//44 104//44 46//44
f 104//45 64//45 105//45
f 106//46 14//46 107//46
f 14//47 106//47 27//47
f 45//48 108//48 37//48
f 108//49 45//49 109//49
f 110//50 29//50 111//50
f 29//50 110//50 15//50
f 44//51 75//51 43//51
f 75//51 44//51 71//51
f 73//52 31//52 76//52
f 31//52 73//52 30//52
f 37//53 112//53 36//53
f 112//54 37//54 108//54
f 111//55 10//55 113//55
f 10//55 111//55 29//55
f 66//56 114//56 65//56
f 114//57 66//57 115//57
f 116//58 28//58 117//58
f 28//58 116//58 11//58
f 65//59 118//59 48//59
f 118//60 65//60 114//60
f 117//61 16//61 119//61
f 16//61 117//61 28//61
f 47//62 120//62 55//62
f 120//63 47//63 121//63
f 122//64 3//64 123//64
f 3//65 122//65 17//65
f 62//66 105//66 64//66
f 105//67 62//67 100//67
f 103//68 27//68 106//68
f 27//69 103//69 26//69
f 5//70 18//70 35//70
f 18//71 5//71 25//71
f 59//72 95//72 51//72
f 95//73 59//73 90//73
f 93//74 22//74 96//74
f 22//75 93//75 21//75
f 52//76 101//76 63//76
f 101//77 52//77 97//77
f 99//78 20//78 102//78
f 20//79 99//79 19//79
f 54//80 24//80 49//80
f 24//81 54//81 124//81
f 125//82 18//82 23//82
f 18//83 125//83 4//83
f 48//84 121//84 47//84
f 121//85 48//85 118//85
f 119//86 17//86 122//86
f 17//86 119//86 16//86
f 46//87 109//87 45//87
f 109//88 46//88 104//88
f 107//89 15//89 110//89
f 15//90 107//90 14//90
f 61//91 91//91 60//91
f 91//92 61//92 88//92
f 89//93 13//93 92//93
f 13//94 89//94 12//94
f 36//95 115//95 66//95
f 115//96 36//96 112//96
f 113//97 11//97 116//97
f 11//97 113//97 10//97
f 50//98 98//98 53//98
f 98//99 50//99 94//99
f 38//100 81//100 58//100
f 81//101 38//101 126//101
f 127//102 8//102 82//102
f 8//103 127//103 2//103
f 57//104 85//104 42//104
f 85//105 57//105 80//105
f 83//106 7//106 86//106
f 7//107 83//107 6//107
f 55//108 124//108 54//108
f 124//109 55//109 120//109
f 123//110 4//110 125//110
f 4//111 123//111 3//111
f 39//112 126//112 38//112
f 126//113 39//113 78//113
f 79//114 2//114 127//114
f 2//115 79//115 1//115
f 70//116 128//116 153//116
f 128//117 34//117 72//117
f 49//118 421//118 422//118
f 421//119 49//119 24//119
f 153//120 72//120 69//120
f 72//121 153//121 128//121
f 129//122 128//122 70//122
f 128//123 129//123 34//123
f 78//124 127//124 126//124
f 127//125 78//125 79//125
f 120//126 125//126 124//126
f 125//126 120//126 123//126
f 80//127 86//127 85//127
f 86//127 80//127 83//127
f 126//128 82//128 81//128
f 82//129 126//129 127//129
f 94//130 67//130 98//130
f 67//131 94//131 68//131
f 112//132 116//132 115//132
f 116//132 112//132 113//132
f 88//133 92//133 91//133
f 92//133 88//133 89//133
f 104//134 110//134 109//134
f 110//134 104//134 107//134
f 118//135 122//135 121//135
f 122//135 118//135 119//135
f 124//136 23//136 24//136
f 23//137 124//137 125//137
f 97//138 102//138 101//138
f 102//138 97//138 99//138
f 90//139 96//139 95//139
f 96//140 90//140 93//140
f 421//141 25//141 5//141
f 100//142 106//142 105//142
f 106//142 100//142 103//142
f 121//143 123//143 120//143
f 123//143 121//143 122//143
f 114//144 119//144 118//144
f 119//145 114//145 117//145
f 115//146 117//146 114//146
f 117//147 115//147 116//147
f 108//148 113//148 112//148
f 113//149 108//149 111//149
f 71//150 76//150 75//150
f 76//150 71//150 73//150
f 109//151 111//151 108//151
f 111//151 109//151 110//151
f 105//152 107//152 104//152
f 107//152 105//152 106//152
f 101//153 103//153 100//153
f 103//153 101//153 102//153
f 98//154 99//154 97//154
f 99//154 98//154 67//154
f 95//131 68//131 94//131
f 68//130 95//130 96//130
f 91//155 93//155 90//155
f 93//155 91//155 92//155
f 84//156 89//156 88//156
f 89//156 84//156 87//156
f 85//157 87//157 84//157
f 87//158 85//158 86//158
f 81//159 83//159 80//159
f 83//159 81//159 82//159
f 74//160 79//160 78//160
f 79//161 74//161 77//161
f 75//162 77//162 74//162
f 77//162 75//162 76//162
f 69//163 73//163 71//163
f 73//164 69//164 72//164
f 18//165 25//165 23//165
f 424//166 419//166 163//166
f 5//167 199//167 420//167
f 35//168 203//168 199//168 5//168
f 199//169 198//169 170//169
f 188//170 180//170 179//170
f 158//170 157//170 196//170
f 203//170 198//170 199//170
f 170//170 197//170 164//170
f 164//170 197//170 165//170
f 165//170 197//170 183//170
f 184//170 158//170 196//170
f 196//170 157//170 192//170
f 201//170 193//170 166//170
f 197//170 202//170 183//170
f 173//170 179//170 174//170
f 167//170 166//170 193//170
f 173//170 188//170 179//170
f 188//170 187//170 180//170
f 187//170 169//170 180//170
f 179//170 201//170 174//170
f 200//170 174//170 201//170
f 169//170 195//170 180//170
f 202//170 158//170 184//170
f 198//170 197//170 170//170
f 157//170 168//170 192//170
f 200//170 201//170 166//170
f 183//169 202//169 184//169
f 193//169 192//169 168//169
f 167//170 193//170 168//170
f 162//170 206//170 163//170
f 420//171 421//171 5//171
f 420//172 199//172 156//172
f 156//173 199//173 131//173
f 131//174 199//174 132//174
f 132//175 199//175 151//175
f 151//176 199//176 155//176
f 155//177 199//177 170//177 152//177
f 152//178 170//178 164//178 147//178
f 147//179 164//179 165//179 146//179
f 146//180 165//180 183//180 135//180
f 135//181 183//181 184//181 145//181
f 145//182 184//182 196//182 144//182
f 144//183 196//183 192//183 130//183
f 130//184 192//184 193//184 140//184
f 140//185 193//185 201//185 136//185
f 136//186 201//186 179//186 134//186
f 134//187 179//187 180//187 143//187
f 143//188 180//188 195//188 142//188
f 142//189 195//189 175//189 150//189
f 150//190 175//190 176//190 149//190
f 149//191 176//191 162//191 148//191
f 148//192 162//192 163//192 137//192
f 137//193 163//193 138//193
f 138//194 163//194 139//194
f 139//195 163//195 141//195
f 141//196 163//196 133//196
f 133//197 163//197 419//197
f 35//198 18//198 203//198
f 18//199 4//199 198//199 203//199
f 4//200 3//200 197//200 198//200
f 3//201 17//201 202//201 197//201
f 17//202 16//202 158//202 202//202
f 16//203 28//203 157//203 158//203
f 28//204 11//204 168//204 157//204
f 11//205 10//205 167//205 168//205
f 10//206 29//206 166//206 167//206
f 29//207 15//207 200//207 166//207
f 15//208 14//208 174//208 200//208
f 14//209 27//209 173//209 174//209
f 27//210 26//210 188//210 173//210
f 26//210 20//210 187//210 188//210
f 20//209 19//209 169//209 187//209
f 19//211 9//211 186//211 169//211
f 9//212 22//212 185//212 186//212
f 22//213 21//213 190//213 185//213
f 21//214 13//214 189//214 190//214
f 13//215 12//215 178//215 189//215
f 12//216 32//216 177//216 178//216
f 32//217 7//217 194//217 177//217
f 7//218 6//218 172//218 194//218
f 6//219 8//219 171//219 172//219
f 8//220 2//220 191//220 171//220
f 2//221 1//221 182//221 191//221
f 1//222 33//222 181//222 182//222
f 33//223 31//223 160//223 181//223
f 31//224 30//224 159//224 160//224
f 30//225 34//225 161//225 159//225
f 34//226 129//226 161//226
f 209//170 190//170 189//170
f 205//170 206//170 176//170
f 211//227 210//227 161//227 129//227
f 129//228 70//228 211//228
f 175//229 195//229 205//229
f 177//170 194//170 209//170
f 178//170 177//170 209//170
f 209//170 189//170 178//170
f 163//170 207//170 424//170
f 209//169 185//169 190//169
f 186//170 185//170 209//170
f 154//170 169//170 209//170
f 169//170 186//170 209//170
f 195//170 169//170 154//170
f 195//170 154//170 204//170
f 206//169 207//169 163//169
f 176//169 206//169 162//169
f 207//170 418//170 424//170
f 195//170 204//170 205//170
f 175//170 205//170 176//170
f 423//170 209//170 210//170
f 70//230 153//230 281//230
f 211//231 70//231 281//231
f 161//170 210//170 209//170
f 209//170 160//170 159//170
f 209//170 159//170 161//170
f 209//169 181//169 160//169
f 209//170 182//170 181//170
f 209//170 191//170 182//170
f 209//170 171//170 191//170
f 209//170 172//170 171//170
f 209//170 194//170 172//170
f 279//232 278//232 220//232
f 234//233 235//233 421//233
f 421//234 236//234 234//234
f 278//235 310//235 230//235
f 220//236 278//236 230//236
f 208//237 251//237 280//237
f 280//238 153//238 208//238
f 251//239 255//239 282//239
f 282//240 280//240 251//240
f 283//241 284//241 241//241
f 241//242 245//242 283//242
f 254//243 267//243 285//243
f 285//244 286//244 254//244
f 287//245 288//245 244//245
f 244//245 242//245 287//245
f 267//246 250//246 289//246
f 289//247 285//247 267//247
f 288//248 290//248 212//248
f 212//248 244//248 288//248
f 269//249 268//249 291//249
f 291//250 292//250 269//250
f 293//251 294//251 217//251
f 217//251 219//251 293//251
f 253//252 252//252 295//252
f 295//253 296//253 253//253
f 297//254 298//254 243//254
f 243//254 218//254 297//254
f 252//255 272//255 299//255
f 299//256 295//256 252//256
f 298//257 300//257 223//257
f 223//258 243//258 298//258
f 271//259 270//259 301//259
f 301//260 302//260 271//260
f 303//261 304//261 232//261
f 232//262 224//262 303//262
f 262//263 261//263 305//263
f 305//264 306//264 262//264
f 307//265 279//265 220//265
f 220//266 233//266 307//266
f 264//267 263//267 308//267
f 308//268 309//268 264//268
f 274//269 273//269 311//269
f 311//270 312//270 274//270
f 313//271 314//271 237//271
f 237//272 231//272 313//272
f 275//273 257//273 315//273
f 315//274 316//274 275//274
f 317//275 318//275 225//275
f 225//276 238//276 317//276
f 256//277 248//277 319//277
f 319//278 320//278 256//278
f 321//279 322//279 240//279
f 240//280 226//280 321//280
f 255//281 254//281 286//281
f 286//281 282//281 255//281
f 284//282 287//282 242//282
f 242//282 241//282 284//282
f 248//283 247//283 323//283
f 323//284 319//284 248//284
f 322//285 324//285 221//285
f 221//286 240//286 322//286
f 277//287 276//287 325//287
f 325//288 326//288 277//288
f 327//289 328//289 239//289
f 239//290 222//290 327//290
f 276//291 259//291 329//291
f 329//292 325//292 276//292
f 328//293 330//293 227//293
f 227//294 239//294 328//294
f 258//295 266//295 331//295
f 331//296 332//296 258//296
f 333//297 334//297 214//297
f 214//297 228//297 333//297
f 273//298 275//298 316//298
f 316//299 311//299 273//299
f 314//300 317//300 238//300
f 238//301 237//301 314//301
f 216//302 246//302 229//302
f 229//303 236//303 216//303
f 270//304 262//304 306//304
f 306//305 301//305 270//305
f 304//306 307//306 233//306
f 233//307 232//307 304//307
f 263//308 274//308 312//308
f 312//309 308//309 263//309
f 310//310 313//310 231//310
f 231//311 230//311 310//311
f 265//312 260//312 235//312
f 235//313 335//313 265//313
f 336//314 234//314 229//314
f 229//315 215//315 336//315
f 259//316 258//316 332//316
f 332//316 329//316 259//316
f 330//317 333//317 228//317
f 228//317 227//317 330//317
f 257//318 256//318 320//318
f 320//319 315//319 257//319
f 318//320 321//320 226//320
f 226//321 225//321 318//321
f 272//322 271//322 302//322
f 302//323 299//323 272//323
f 300//324 303//324 224//324
f 224//325 223//325 300//325
f 247//326 277//326 326//326
f 326//327 323//327 247//327
f 324//328 327//328 222//328
f 222//329 221//329 324//329
f 261//330 264//330 309//330
f 309//331 305//331 261//331
f 249//332 269//332 292//332
f 292//333 337//333 249//333
f 338//334 293//334 219//334
f 219//334 213//334 338//334
f 268//335 253//335 296//335
f 296//336 291//336 268//336
f 294//337 297//337 218//337
f 218//337 217//337 294//337
f 266//338 265//338 335//338
f 335//338 331//338 266//338
f 334//339 336//339 215//339
f 215//340 214//340 334//340
f 250//341 249//341 337//341
f 337//342 289//342 250//342
f 290//343 338//343 213//343
f 213//343 212//343 290//343
f 281//344 153//344 339//344
f 339//345 283//345 245//345
f 260//346 422//346 421//346
f 421//347 235//347 260//347
f 153//348 280//348 283//348
f 283//349 339//349 153//349
f 340//350 281//350 339//350
f 339//351 245//351 340//351
f 289//352 337//352 338//352
f 338//352 290//352 289//352
f 331//353 335//353 336//353
f 336//353 334//353 331//353
f 291//354 296//354 297//354
f 297//355 294//355 291//355
f 337//356 292//356 293//356
f 293//357 338//357 337//357
f 305//358 309//358 278//358
f 278//358 279//358 305//358
f 323//359 326//359 327//359
f 327//360 324//360 323//360
f 299//361 302//361 303//361
f 303//361 300//361 299//361
f 315//362 320//362 321//362
f 321//362 318//362 315//362
f 329//363 332//363 333//363
f 333//364 330//364 329//364
f 335//365 235//365 234//365
f 234//366 336//366 335//366
f 308//367 312//367 313//367
f 313//368 310//368 308//368
f 301//369 306//369 307//369
f 307//369 304//369 301//369
f 421//370 216//370 236//370
f 311//371 316//371 317//371
f 317//372 314//372 311//372
f 332//373 331//373 334//373
f 334//374 333//374 332//374
f 325//375 329//375 330//375
f 330//376 328//376 325//376
f 326//377 325//377 328//377
f 328//378 327//378 326//378
f 319//379 323//379 324//379
f 324//380 322//380 319//380
f 282//381 286//381 287//381
f 287//381 284//381 282//381
f 320//382 319//382 322//382
f 322//382 321//382 320//382
f 316//383 315//383 318//383
f 318//384 317//384 316//384
f 312//385 311//385 314//385
f 314//385 313//385 312//385
f 309//386 308//386 310//386
f 310//387 278//387 309//387
f 306//388 305//388 279//388
f 279//388 307//388 306//388
f 302//389 301//389 304//389
f 304//389 303//389 302//389
f 295//390 299//390 300//390
f 300//390 298//390 295//390
f 296//391 295//391 298//391
f 298//391 297//391 296//391
f 292//392 291//392 294//392
f 294//392 293//392 292//392
f 285//393 289//393 290//393
f 290//393 288//393 285//393
f 286//394 285//394 288//394
f 288//394 287//394 286//394
f 280//395 282//395 284//395
f 284//396 283//396 280//396
f 229//397 234//397 236//397
f 424//398 373//398 419//398
f 216//399 420//399 409//399
f 246//400 216//400 409//400 413//400
f 409//170 380//170 408//170
f 398//401 389//401 390//401
f 368//170 406//170 367//170
f 413//170 409//170 408//170
f 380//170 374//170 407//170
f 374//402 375//402 407//402
f 375//170 393//170 407//170
f 394//170 406//170 368//170
f 406//170 402//170 367//170
f 411//403 376//403 403//403
f 407//170 393//170 412//170
f 383//170 384//170 389//170
f 377//170 403//170 376//170
f 383//170 389//170 398//170
f 398//170 390//170 397//170
f 397//170 390//170 379//170
f 389//170 384//170 411//170
f 410//170 411//170 384//170
f 379//170 390//170 405//170
f 412//170 394//170 368//170
f 408//170 380//170 407//170
f 367//170 402//170 378//170
f 410//170 376//170 411//170
f 393//170 394//170 412//170
f 403//170 378//170 402//170
f 377//170 378//170 403//170
f 372//169 373//169 416//169
f 420//404 216//404 421//404
f 420//405 366//405 409//405
f 366//406 342//406 409//406
f 342//407 343//407 409//407
f 343//408 362//408 409//408
f 362//409 365//409 409//409
f 365//410 363//410 380//410 409//410
f 363//411 358//411 374//411 380//411
f 358//412 357//412 375//412 374//412
f 357//413 346//413 393//413 375//413
f 346//414 356//414 394//414 393//414
f 356//415 355//415 406//415 394//415
f 355//416 341//416 402//416 406//416
f 341//417 351//417 403//417 402//417
f 351//418 347//418 411//418 403//418
f 347//419 345//419 389//419 411//419
f 345//420 354//420 390//420 389//420
f 354//421 353//421 405//421 390//421
f 353//422 361//422 385//422 405//422
f 361//423 360//423 386//423 385//423
f 360//424 359//424 372//424 386//424
f 359//425 348//425 373//425 372//425
f 348//426 349//426 373//426
f 349//427 350//427 373//427
f 350//428 352//428 373//428
f 352//429 344//429 373//429
f 344//430 419//430 373//430
f 246//431 413//431 229//431
f 229//432 413//432 408//432 215//432
f 215//433 408//433 407//433 214//433
f 214//434 407//434 412//434 228//434
f 228//435 412//435 368//435 227//435
f 227//436 368//436 367//436 239//436
f 239//437 367//437 378//437 222//437
f 222//438 378//438 377//438 221//438
f 221//439 377//439 376//439 240//439
f 240//440 376//440 410//440 226//440
f 226//441 410//441 384//441 225//441
f 225//442 384//442 383//442 238//442
f 238//443 383//443 398//443 237//443
f 237//444 398//444 397//444 231//444
f 231//445 397//445 379//445 230//445
f 230//446 379//446 396//446 220//446
f 220//447 396//447 395//447 233//447
f 233//446 395//446 400//446 232//446
f 232//447 400//447 399//447 224//447
f 224//447 399//447 388//447 223//447
f 223//448 388//448 387//448 243//448
f 243//449 387//449 404//449 218//449
f 218//450 404//450 382//450 217//450
f 217//451 382//451 381//451 219//451
f 219//452 381//452 401//452 213//452
f 213//453 401//453 392//453 212//453
f 212//454 392//454 391//454 244//454
f 244//455 391//455 370//455 242//455
f 242//456 370//456 369//456 241//456
f 241//457 369//457 371//457 245//457
f 245//458 371//458 340//458
f 423//170 399//170 400//170
f 415//170 386//170 416//170
f 211//459 340//459 371//459 210//459
f 340//460 211//460 281//460
f 385//461 415//461 405//461
f 387//170 423//170 404//170
f 388//170 423//170 387//170
f 423//170 388//170 399//170
f 373//170 424//170 417//170
f 423//170 400//170 395//170
f 396//170 423//170 395//170
f 364//170 423//170 379//170
f 379//170 423//170 396//170
f 405//170 364//170 379//170
f 405//169 414//169 364//169
f 416//170 373//170 417//170
f 386//170 372//170 416//170
f 417//170 424//170 418//170
f 405//170 415//170 414//170
f 385//169 386//169 415//169
f 371//170 423//170 210//170
f 423//170 369//170 370//170
f 423//170 371//170 369//170
f 423//170 370//170 391//170
f 423//170 391//170 392//170
f 423//170 392//170 401//170
f 423//170 401//170 381//170
f 423//170 381//170 382//170
f 423//170 382//170 404//170
f 425//462 428//462 433//462 434//462
f 434//463 1310//463 1311//463
f 433//464 429//464 1286//464 432//464
f 426//462 1306//462 1307//462
f 1307//462 1339//462 426//462
f 434//465 433//465 432//465 430//465
f 429//462 433//462 428//462 427//462
f 426//466 1294//466 1306//466
f 1040//467 439//467 917//467
f 444//468 641//468 642//468
f 445//469 646//469 737//469 641//469
f 871//470 639//470 446//470
f 446//471 639//471 640//471 447//471
f 447//472 640//472 736//472 647//472
f 448//473 647//473 736//473 638//473
f 449//462 643//462 644//462
f 480//474 484//474 645//474
f 449//462 644//462 645//462 450//462
f 450//475 645//475 737//475 646//475
f 452//476 455//476 451//476
f 487//477 483//477 479//477 482//477
f 455//478 641//478 737//478 681//478
f 451//479 456//479 454//479
f 456//479 874//479 454//479
f 453//480 682//480 683//480 456//480
f 683//481 883//481 456//481
f 457//482 662//482 741//482 684//482
f 458//483 462//483 463//483 459//483
f 459//484 463//484 640//484 639//484
f 462//485 688//485 689//485 463//485
f 463//486 689//486 736//486 640//486
f 459//487 460//487 458//487
f 941//467 2466//467 2469//467
f 459//488 844//488 464//488
f 458//489 460//489 465//489 461//489
f 461//490 465//490 651//490 652//490
f 460//491 685//491 686//491 465//491
f 465//492 686//492 739//492 651//492
f 458//493 461//493 466//493 462//493
f 462//494 466//494 687//494 688//494
f 461//495 652//495 653//495 466//495
f 466//496 653//496 738//496 687//496
f 467//497 468//497 657//497 658//497
f 468//498 684//498 741//498 657//498
f 467//499 658//499 659//499 469//499
f 469//500 659//500 740//500 690//500
f 470//501 474//501 475//501 471//501
f 471//502 811//502 817//502
f 474//503 2156//503 2157//503 475//503
f 2157//504 811//504 475//504
f 470//505 471//505 476//505 472//505
f 472//506 476//506 689//506 688//506
f 821//507 638//507 476//507
f 476//508 638//508 736//508 689//508
f 470//509 472//509 477//509 473//509
f 473//510 477//510 648//510 649//510
f 472//511 688//511 687//511 477//511
f 477//512 687//512 738//512 648//512
f 470//513 473//513 478//513 474//513
f 474//514 478//514 2155//514 2156//514
f 473//515 649//515 650//515 478//515
f 478//516 650//516 2163//516 2155//516
f 479//517 483//517 484//517 480//517
f 644//462 643//462 485//462
f 483//518 682//518 681//518 484//518
f 484//519 681//519 737//519 645//519
f 479//520 480//520 485//520 481//520
f 644//521 485//521 645//521
f 643//521 823//521 485//521
f 479//522 481//522 486//522 482//522
f 487//523 683//523 682//523 483//523
f 678//524 679//524 482//524 486//524
f 455//525 681//525 682//525 453//525
f 487//526 680//526 747//526 683//526
f 491//527 869//527 488//527
f 941//528 2485//528 2481//528
f 869//529 880//529 488//529
f 489//530 842//530 826//530
f 488//531 492//531 490//531
f 490//532 492//532 654//532 655//532
f 848//533 690//533 492//533
f 492//534 690//534 740//534 654//534
f 488//535 490//535 493//535 491//535
f 491//536 493//536 686//536 685//536
f 490//537 655//537 656//537 493//537
f 493//538 656//538 739//538 686//538
f 2166//539 812//539 2157//539
f 2269//540 2270//540 499//540 495//540
f 495//541 499//541 677//541 676//541
f 2270//542 2318//542 696//542 499//542
f 499//543 696//543 746//543 677//543
f 2269//544 495//544 500//544 2271//544
f 2271//545 500//545 691//545 2317//545
f 495//546 676//546 675//546 500//546
f 500//547 675//547 747//547 691//547
f 494//548 496//548 501//548 497//548
f 497//549 804//549 775//549
f 496//550 692//550 693//550 501//550
f 501//551 759//551 804//551
f 494//552 497//552 502//552 498//552
f 498//553 502//553 694//553 695//553
f 775//554 502//554 497//554
f 807//555 694//555 502//555
f 2272//556 2273//556 508//556 504//556
f 504//557 668//557 667//557
f 2273//558 2320//558 702//558 508//558
f 830//559 853//559 508//559
f 2272//560 504//560 509//560 2274//560
f 2274//561 509//561 697//561 2319//561
f 504//562 667//562 666//562 509//562
f 509//563 666//563 744//563 697//563
f 503//564 505//564 510//564 506//564
f 510//565 756//565 506//565
f 505//566 698//566 699//566 510//566
f 699//567 781//567 510//567
f 503//568 506//568 511//568 507//568
f 507//569 511//569 700//569 701//569
f 506//570 785//570 511//570
f 511//571 786//571 700//571
f 2275//572 2276//572 517//572 513//572
f 517//573 885//573 513//573
f 2276//574 2322//574 708//574 517//574
f 708//575 829//575 517//575
f 2275//576 513//576 518//576 2277//576
f 2277//577 518//577 703//577 2321//577
f 513//578 860//578 518//578
f 860//579 893//579 518//579
f 512//580 514//580 519//580 515//580
f 519//581 796//581 515//581
f 514//582 704//582 705//582 519//582
f 705//583 761//583 519//583
f 512//584 515//584 520//584 516//584
f 516//585 520//585 706//585 707//585
f 515//586 763//586 520//586
f 520//587 780//587 706//587
f 2278//588 2279//588 526//588 522//588
f 522//589 526//589 662//589 661//589
f 2279//590 2324//590 714//590 526//590
f 526//591 714//591 741//591 662//591
f 2278//592 522//592 527//592 2280//592
f 2280//593 527//593 709//593 2323//593
f 522//594 661//594 660//594 527//594
f 527//595 660//595 742//595 709//595
f 521//596 523//596 528//596 524//596
f 524//597 803//597 772//597
f 523//598 710//598 711//598 528//598
f 528//599 800//599 803//599
f 521//600 524//600 529//600 525//600
f 525//601 529//601 712//601 713//601
f 772//602 529//602 524//602
f 805//603 712//603 529//603
f 2281//604 2282//604 535//604 531//604
f 531//605 535//605 653//605 652//605
f 2282//606 2326//606 720//606 535//606
f 535//607 720//607 738//607 653//607
f 2281//608 531//608 536//608 2283//608
f 2283//609 536//609 715//609 2325//609
f 531//610 652//610 651//610 536//610
f 536//611 651//611 739//611 715//611
f 530//612 532//612 537//612 533//612
f 533//613 779//613 753//613
f 532//614 716//614 717//614 537//614
f 537//615 789//615 779//615
f 530//616 533//616 538//616 534//616
f 534//617 538//617 718//617 719//617
f 753//618 538//618 533//618
f 783//619 718//619 538//619
f 2284//620 2285//620 544//620 540//620
f 2285//621 2327//621 723//621 544//621
f 2284//622 540//622 545//622 2286//622
f 2286//623 545//623 2162//623 2459//623
f 539//624 541//624 546//624 542//624
f 542//625 776//625 748//625
f 541//626 2161//626 1243//626 546//626
f 546//627 2165//627 776//627
f 539//628 542//628 547//628 543//628
f 543//629 547//629 721//629 722//629
f 748//630 547//630 542//630
f 778//631 721//631 547//631
f 2287//632 2288//632 553//632 549//632
f 549//633 553//633 674//633 673//633
f 2288//634 2328//634 726//634 553//634
f 553//635 726//635 745//635 674//635
f 2287//636 549//636 554//636 2289//636
f 2289//637 554//637 696//637 2318//637
f 549//638 673//638 672//638 554//638
f 554//639 672//639 746//639 696//639
f 548//640 550//640 555//640 551//640
f 551//641 757//641 790//641
f 550//642 695//642 694//642 555//642
f 555//643 795//643 757//643
f 548//644 551//644 556//644 552//644
f 552//645 556//645 724//645 725//645
f 790//646 556//646 551//646
f 760//647 724//647 556//647
f 2290//648 2291//648 562//648 558//648
f 852//649 882//649 558//649
f 2291//650 2329//650 729//650 562//650
f 562//651 855//651 852//651
f 2290//652 558//652 563//652 2292//652
f 2292//653 563//653 702//653 2320//653
f 838//654 563//654 558//654
f 828//655 702//655 563//655
f 557//656 559//656 564//656 560//656
f 564//657 768//657 560//657
f 559//658 701//658 700//658 564//658
f 700//659 797//659 564//659
f 557//660 560//660 565//660 561//660
f 561//661 565//661 727//661 728//661
f 560//662 801//662 565//662
f 565//663 802//663 727//663
f 2293//664 2294//664 571//664 567//664
f 571//665 895//665 567//665
f 2294//666 2330//666 732//666 571//666
f 732//667 854//667 827//667
f 2293//668 567//668 572//668 2295//668
f 2295//669 572//669 708//669 2322//669
f 867//670 876//670 567//670
f 858//671 879//671 572//671
f 566//672 568//672 573//672 569//672
f 573//673 809//673 569//673
f 568//674 707//674 706//674 573//674
f 706//675 773//675 573//675
f 566//676 569//676 574//676 570//676
f 570//677 574//677 730//677 731//677
f 569//678 777//678 574//678
f 574//679 766//679 730//679
f 2296//680 2297//680 580//680 576//680
f 576//681 580//681 659//681 658//681
f 2297//682 2331//682 735//682 580//682
f 580//683 735//683 740//683 659//683
f 2296//684 576//684 581//684 2298//684
f 2298//685 581//685 714//685 2324//685
f 576//686 658//686 657//686 581//686
f 581//687 657//687 741//687 714//687
f 575//688 577//688 582//688 578//688
f 578//689 754//689 787//689
f 577//690 713//690 712//690 582//690
f 582//691 774//691 754//691
f 575//692 578//692 583//692 579//692
f 579//693 583//693 733//693 734//693
f 787//694 583//694 578//694
f 758//695 733//695 583//695
f 2299//696 2300//696 589//696 585//696
f 585//697 589//697 650//697 649//697
f 2300//698 2458//698 2158//698 589//698
f 589//699 2158//699 2163//699 650//699
f 2299//700 585//700 590//700 2301//700
f 2301//701 590//701 720//701 2326//701
f 585//702 649//702 648//702 590//702
f 590//703 648//703 738//703 720//703
f 584//704 586//704 591//704 587//704
f 587//705 793//705 765//705
f 586//706 719//706 718//706 591//706
f 591//707 767//707 793//707
f 584//708 587//708 592//708 588//708
f 588//709 592//709 2160//709 2159//709
f 765//710 592//710 587//710
f 799//711 2160//711 592//711
f 2302//712 2303//712 598//712 594//712
f 2303//713 2317//713 691//713 598//713
f 598//714 691//714 747//714 680//714
f 2302//715 594//715 599//715 2304//715
f 2304//716 599//716 723//716 2327//716
f 593//717 595//717 600//717 596//717
f 596//718 751//718 784//718
f 595//719 722//719 721//719 600//719
f 600//720 808//720 751//720
f 593//721 596//721 601//721 597//721
f 597//722 601//722 693//722 692//722
f 784//723 601//723 596//723
f 755//724 693//724 601//724
f 2305//725 2306//725 607//725 603//725
f 603//726 607//726 671//726 670//726
f 2306//727 2319//727 697//727 607//727
f 607//728 697//728 744//728 671//728
f 2305//729 603//729 608//729 2307//729
f 2307//730 608//730 726//730 2328//730
f 603//731 670//731 669//731 608//731
f 608//732 669//732 745//732 726//732
f 602//733 604//733 609//733 605//733
f 609//734 764//734 605//734
f 604//735 725//735 724//735 609//735
f 609//736 770//736 791//736
f 602//737 605//737 610//737 606//737
f 606//738 610//738 699//738 698//738
f 605//739 798//739 610//739
f 610//740 749//740 699//740
f 2308//741 2309//741 616//741 612//741
f 612//742 846//742 832//742
f 2309//743 2321//743 703//743 616//743
f 616//744 859//744 846//744
f 2308//745 612//745 617//745 2310//745
f 2310//746 617//746 729//746 2329//746
f 832//747 892//747 612//747
f 825//748 729//748 617//748
f 611//749 613//749 618//749 614//749
f 618//750 806//750 614//750
f 613//751 728//751 727//751 618//751
f 727//752 769//752 618//752
f 611//753 614//753 619//753 615//753
f 615//754 619//754 705//754 704//754
f 614//755 771//755 619//755
f 619//756 810//756 705//756
f 2311//757 2312//757 625//757 621//757
f 621//758 625//758 665//758 664//758
f 2312//759 2323//759 709//759 625//759
f 625//760 709//760 742//760 665//760
f 2311//761 621//761 626//761 2313//761
f 2313//762 626//762 732//762 2330//762
f 621//763 664//763 663//763 626//763
f 626//764 663//764 743//764 732//764
f 620//765 622//765 627//765 623//765
f 623//766 750//766 782//766
f 622//767 731//767 730//767 627//767
f 730//768 750//768 627//768
f 620//769 623//769 628//769 624//769
f 624//770 628//770 711//770 710//770
f 782//771 628//771 623//771
f 752//772 711//772 628//772
f 2314//773 2315//773 634//773 630//773
f 630//774 634//774 656//774 655//774
f 2315//775 2325//775 715//775 634//775
f 634//776 715//776 739//776 656//776
f 2314//777 630//777 635//777 2316//777
f 2316//778 635//778 735//778 2331//778
f 630//779 655//779 654//779 635//779
f 635//780 654//780 740//780 735//780
f 629//781 631//781 636//781 632//781
f 632//782 788//782 762//782
f 631//783 734//783 733//783 636//783
f 636//784 792//784 788//784
f 629//785 632//785 637//785 633//785
f 633//786 637//786 717//786 716//786
f 762//787 637//787 632//787
f 794//788 717//788 637//788
f 873//789 672//789 673//789
f 894//790 850//790 745//790
f 669//791 862//791 745//791
f 891//792 824//792 743//792
f 890//793 856//793 664//793
f 887//794 857//794 661//794
f 886//795 841//795 662//795
f 663//796 856//796 891//796
f 744//797 870//797 671//797
f 662//798 457//798 886//798
f 664//799 843//799 890//799
f 668//800 834//800 888//800
f 851//801 684//801 468//801
f 889//802 837//802 671//802
f 661//803 841//803 887//803
f 888//804 845//804 667//804
f 845//805 831//805 666//805
f 671//806 837//806 670//806
f 864//807 746//807 672//807
f 835//808 665//808 742//808
f 467//809 866//809 878//809
f 884//810 849//810 670//810
f 746//811 864//811 881//811
f 849//812 862//812 669//812
f 874//541 676//541 677//541
f 821//813 817//813 943//813
f 850//814 847//814 674//814
f 881//815 865//815 677//815
f 843//816 664//816 665//816
f 455//817 452//817 642//817
f 878//809 863//809 468//809
f 836//818 469//818 690//818
f 833//819 675//819 676//819
f 469//820 836//820 877//820
f 660//821 857//821 875//821
f 892//822 825//822 617//822
f 877//820 866//820 469//820
f 875//823 868//823 742//823
f 617//824 612//824 892//824
f 847//825 861//825 673//825
f 814//826 818//826 448//826
f 818//827 820//827 816//827
f 616//744 703//744 859//744
f 831//828 870//828 744//828
f 825//829 855//829 729//829
f 612//830 616//830 846//830
f 708//831 572//831 879//831
f 827//832 571//832 732//832
f 562//833 729//833 855//833
f 838//834 558//834 882//834
f 879//835 839//835 708//835
f 867//836 567//836 895//836
f 732//837 743//837 854//837
f 893//838 859//838 703//838
f 876//839 858//839 572//839
f 838//840 828//840 563//840
f 571//841 827//841 895//841
f 703//842 518//842 893//842
f 572//843 567//843 876//843
f 562//844 852//844 558//844
f 828//845 830//845 702//845
f 513//846 872//846 860//846
f 517//847 829//847 885//847
f 504//848 508//848 668//848
f 826//849 848//849 489//849
f 708//850 839//850 829//850
f 668//851 508//851 853//851
f 492//852 489//852 848//852
f 872//853 513//853 885//853
f 488//531 489//531 492//531
f 702//854 830//854 508//854
f 880//855 842//855 489//855
f 957//856 2494//856 2476//856
f 476//857 471//857 821//857
f 2490//858 2466//858 941//858
f 456//859 833//859 874//859
f 489//860 488//860 880//860
f 471//502 475//502 811//502
f 821//857 814//857 638//857
f 451//861 453//861 456//861
f 2157//862 812//862 811//862
f 471//857 817//857 821//857
f 1027//863 459//863 464//863
f 459//864 639//864 844//864
f 453//865 451//865 455//865
f 444//866 445//866 641//866
f 632//867 636//867 788//867
f 619//868 771//868 810//868
f 727//869 802//869 769//869
f 871//870 844//870 639//870
f 782//871 752//871 628//871
f 636//784 733//784 792//784
f 618//872 769//872 806//872
f 794//788 789//788 717//788
f 623//873 627//873 750//873
f 752//874 800//874 711//874
f 610//875 798//875 749//875
f 762//876 794//876 637//876
f 614//877 806//877 771//877
f 730//878 766//878 750//878
f 605//879 764//879 798//879
f 609//880 791//880 764//880
f 596//881 600//881 751//881
f 609//882 724//882 770//882
f 600//883 721//883 808//883
f 755//884 759//884 693//884
f 784//885 755//885 601//885
f 799//886 2164//886 2160//886
f 591//707 718//707 767//707
f 587//705 591//705 793//705
f 758//887 792//887 733//887
f 765//710 799//710 592//710
f 787//888 758//888 583//888
f 578//689 582//689 754//689
f 573//889 773//889 809//889
f 760//890 770//890 724//890
f 555//891 694//891 795//891
f 582//691 712//691 774//691
f 560//892 768//892 801//892
f 706//893 780//893 773//893
f 551//894 555//894 757//894
f 574//895 777//895 766//895
f 564//896 797//896 768//896
f 565//897 801//897 802//897
f 778//898 808//898 721//898
f 569//899 809//899 777//899
f 790//900 760//900 556//900
f 700//901 786//901 797//901
f 748//902 778//902 547//902
f 542//903 546//903 776//903
f 546//904 1243//904 2165//904
f 805//905 774//905 712//905
f 528//906 711//906 800//906
f 753//907 783//907 538//907
f 524//908 528//908 803//908
f 533//909 537//909 779//909
f 783//619 767//619 718//619
f 520//910 763//910 780//910
f 772//911 805//911 529//911
f 537//615 717//615 789//615
f 515//912 796//912 763//912
f 815//913 871//913 446//913
f 814//826 448//826 638//826
f 819//914 813//914 447//914 647//914
f 816//915 819//915 647//915 448//915
f 818//916 816//916 448//916
f 813//917 815//917 446//917 447//917
f 875//918 742//918 660//918
f 831//919 744//919 666//919
f 847//920 673//920 674//920
f 866//820 467//820 469//820
f 833//921 676//921 874//921
f 843//922 665//922 835//922
f 705//923 810//923 761//923
f 874//924 677//924 865//924
f 878//809 468//809 467//809
f 678//925 486//925 840//925 1280//925
f 824//926 854//926 743//926
f 506//927 756//927 785//927
f 835//928 742//928 868//928
f 807//929 795//929 694//929
f 850//814 674//814 745//814
f 836//818 690//818 848//818
f 511//930 785//930 786//930
f 851//931 457//931 684//931
f 775//932 807//932 502//932
f 881//815 677//815 746//815
f 864//807 672//807 873//807
f 497//933 501//933 804//933
f 849//934 669//934 670//934
f 642//935 641//935 455//935
f 510//936 781//936 756//936
f 833//481 883//481 747//481 675//481
f 884//937 670//937 837//937
f 519//938 761//938 796//938
f 845//939 666//939 667//939
f 851//801 468//801 863//801
f 841//940 661//940 662//940
f 857//941 660//941 661//941
f 888//942 667//942 668//942
f 699//943 749//943 781//943
f 889//944 671//944 870//944
f 856//945 663//945 664//945
f 501//946 693//946 759//946
f 891//947 743//947 663//947
f 894//948 745//948 862//948
f 853//949 834//949 668//949
f 1343//950 1033//950 1945//950
f 873//951 673//951 861//951
f 449//462 822//462 643//462
f 485//952 1276//952 481//952
f 679//953 678//953 599//953 594//953
f 833//954 456//954 883//954
f 683//955 747//955 883//955
f 679//956 594//956 598//956 680//956
f 1043//957 1153//957 1042//957
f 899//958 898//958 905//958
f 911//959 897//959 441//959
f 909//960 1139//960 1147//960
f 903//961 910//961 897//961
f 897//961 911//961 903//961
f 898//958 904//958 905//958
f 1040//467 917//467 441//467
f 901//962 915//962 909//962
f 916//963 901//963 902//963
f 1043//964 1331//964 1154//964
f 904//965 918//965 905//965
f 905//856 920//856 912//856
f 900//467 908//467 438//467
f 909//966 921//966 914//966
f 921//967 909//967 915//967
f 901//968 916//968 915//968
f 922//969 916//969 897//969
f 910//959 922//959 897//959
f 919//970 918//970 904//970
f 905//467 918//467 920//467
f 443//467 907//467 442//467
f 913//467 923//467 437//467
f 440//467 900//467 438//467
f 926//971 914//971 921//971
f 915//467 927//467 921//467
f 916//467 922//467 915//467
f 917//467 911//467 441//467
f 906//856 907//856 443//856
f 918//972 919//972 928//972
f 929//467 920//467 918//467
f 442//467 907//467 440//467
f 923//467 917//467 439//467
f 436//467 913//467 437//467
f 908//467 913//467 436//467
f 914//973 926//973 925//973
f 927//467 926//467 921//467
f 915//467 922//467 927//467
f 438//467 908//467 436//467
f 931//972 928//972 919//972
f 918//467 928//467 929//467
f 907//467 900//467 440//467
f 437//467 923//467 439//467
f 932//974 930//974 933//974
f 925//975 933//975 924//975
f 933//976 925//976 926//976
f 934//856 926//856 927//856
f 928//977 931//977 935//977
f 936//467 929//467 928//467
f 930//978 819//978 816//978
f 930//979 816//979 820//979
f 930//980 924//980 933//980
f 926//467 938//467 933//467
f 934//467 938//467 926//467
f 935//977 939//977 928//977
f 928//467 939//467 936//467
f 814//981 821//981 937//981
f 813//982 819//982 932//982
f 932//467 938//467 815//467
f 933//467 938//467 932//467
f 940//467 938//467 934//467
f 939//983 935//983 941//983
f 942//467 936//467 939//467
f 943//984 937//984 821//984
f 817//985 811//985 943//985
f 815//986 813//986 932//986
f 938//467 940//467 944//467
f 945//983 941//983 935//983
f 939//467 941//467 942//467
f 811//987 812//987 943//987
f 943//988 947//988 937//988
f 932//989 819//989 930//989
f 938//467 944//467 948//467
f 949//467 942//467 941//467
f 950//990 946//990 937//990
f 1862//991 943//991 2166//991
f 937//992 947//992 951//992
f 943//993 812//993 2166//993
f 2472//959 957//959 2493//959
f 957//994 2477//994 2492//994
f 948//856 944//856 952//856
f 953//995 950//995 937//995
f 930//996 1115//996 1123//996
f 951//992 953//992 937//992
f 820//997 1107//997 1115//997
f 957//959 2484//959 2477//959
f 952//467 954//467 948//467
f 930//998 1123//998 924//998
f 937//999 946//999 1107//999
f 820//1000 1115//1000 930//1000
f 937//1001 1107//1001 820//1001
f 957//467 2491//467 2460//467
f 954//467 952//467 956//467
f 957//1002 2464//1002 2471//1002
f 956//467 957//467 954//467
f 865//1003 998//1003 874//1003
f 941//1004 945//1004 1015//1004 2490//1004
f 957//1005 2460//1005 2474//1005
f 958//1005 957//1005 956//1005
f 863//1006 996//1006 984//1006 851//1006
f 848//1007 981//1007 971//1007 836//1007
f 891//1008 1021//1008 960//1008 824//1008
f 886//1009 1016//1009 975//1009 841//1009
f 856//1010 989//1010 1021//1010 891//1010
f 457//1011 959//1011 1016//1011 886//1011
f 872//1012 1004//1012 993//1012 860//1012
f 880//1013 1011//1013 976//1013 842//1013
f 855//1014 988//1014 985//1014 852//1014
f 887//1015 1017//1015 990//1015 857//1015
f 869//1016 1002//1016 1011//1016 880//1016
f 835//1017 970//1017 977//1017 843//1017
f 892//1014 1022//1014 961//1014 825//1014
f 841//1009 975//1009 1017//1009 887//1009
f 830//1018 966//1018 986//1018 853//1018
f 832//1019 968//1019 1022//1019 892//1019
f 826//1020 962//1020 981//1020 848//1020
f 838//1021 973//1021 964//1021 828//1021
f 851//1022 984//1022 959//1022 457//1022
f 893//1019 1023//1019 992//1019 859//1019
f 839//1023 974//1023 965//1023 829//1023
f 888//1024 1018//1024 978//1024 845//1024
f 860//1012 993//1012 1023//1012 893//1012
f 834//1025 969//1025 1018//1025 888//1025
f 875//1026 1006//1026 1001//1026 868//1026
f 825//1014 961//1014 988//1014 855//1014
f 894//1027 1024//1027 983//1027 850//1027
f 857//1015 990//1015 1006//1015 875//1015
f 862//1028 995//1028 1024//1028 894//1028
f 884//1029 1014//1029 982//1029 849//1029
f 837//1030 972//1030 1014//1030 884//1030
f 881//1031 1012//1031 998//1031 865//1031
f 831//1032 967//1032 1003//1032 870//1032
f 828//1033 964//1033 966//1033 830//1033
f 864//1034 997//1034 1012//1034 881//1034
f 866//1035 999//1035 1009//1035 878//1035
f 889//1036 1019//1036 972//1036 837//1036
f 885//1037 1015//1037 1004//1037 872//1037
f 873//1038 1005//1038 997//1038 864//1038
f 878//1039 1009//1039 996//1039 863//1039
f 876//1040 1007//1040 991//1040 858//1040
f 870//1041 1003//1041 1019//1041 889//1041
f 829//1042 965//1042 1015//1042 885//1042
f 867//1043 1000//1043 1007//1043 876//1043
f 879//1023 1010//1023 974//1023 839//1023
f 895//1044 1025//1044 1000//1044 867//1044
f 890//1045 1020//1045 989//1045 856//1045
f 842//1046 976//1046 962//1046 826//1046
f 858//1047 991//1047 1010//1047 879//1047
f 827//1048 963//1048 1025//1048 895//1048
f 847//1049 980//1049 994//1049 861//1049
f 843//1050 977//1050 1020//1050 890//1050
f 859//1051 992//1051 979//1051 846//1051
f 846//1019 979//1019 968//1019 832//1019
f 845//1024 978//1024 967//1024 831//1024
f 877//1035 1008//1035 999//1035 866//1035
f 849//1052 982//1052 995//1052 862//1052
f 853//1021 986//1021 969//1021 834//1021
f 836//1053 971//1053 1008//1053 877//1053
f 824//1054 960//1054 987//1054 854//1054
f 854//1055 987//1055 963//1055 827//1055
f 882//1056 1013//1056 973//1056 838//1056
f 868//1057 1001//1057 970//1057 835//1057
f 852//1058 985//1058 1013//1058 882//1058
f 850//1059 983//1059 980//1059 847//1059
f 861//1034 994//1034 1005//1034 873//1034
f 904//1060 642//1060 452//1060 919//1060
f 919//1060 452//1060 451//1060 931//1060
f 898//1061 444//1061 642//1061 904//1061
f 814//1062 937//1062 818//1062
f 818//1063 937//1063 820//1063
f 957//856 2462//856 2494//856
f 869//1064 1026//1064 1002//1064
f 491//527 1026//527 869//527
f 1027//1065 464//1065 2461//1065
f 1026//1066 685//1066 1027//1066
f 941//961 2478//961 2485//961
f 491//1067 685//1067 1026//1067
f 941//528 2469//528 2488//528
f 957//959 2472//959 2467//959
f 941//467 2488//467 2478//467
f 459//1068 1027//1068 460//1068
f 941//467 955//467 949//467
f 957//959 2492//959 2470//959
f 957//528 2470//528 2491//528
f 941//467 2462//467 957//467
f 941//467 2475//467 2462//467
f 957//1005 2467//1005 2482//1005
f 957//467 2476//467 2493//467
f 941//1069 2495//1069 2465//1069
f 941//961 2465//961 2475//961
f 941//1070 2481//1070 2495//1070
f 1026//1071 1027//1071 2461//1071
f 992//1072 1023//1072 945//1072
f 945//1073 993//1073 1004//1073
f 979//1060 992//1060 945//1060
f 968//1074 979//1074 945//1074
f 451//1075 980//1075 983//1075
f 1022//1076 968//1076 945//1076
f 961//1077 1022//1077 945//1077
f 988//1078 961//1078 935//1078
f 985//1078 988//1078 935//1078
f 945//1076 1004//1076 1015//1076
f 1013//1079 985//1079 935//1079
f 973//1080 1013//1080 935//1080
f 964//1081 973//1081 935//1081
f 966//1082 964//1082 935//1082
f 986//1083 966//1083 935//1083
f 969//1084 986//1084 935//1084
f 1018//1085 969//1085 935//1085
f 978//1086 1018//1086 935//1086
f 967//1087 978//1087 931//1087
f 998//1088 454//1088 874//1088
f 1003//1087 967//1087 931//1087
f 1012//1089 454//1089 998//1089
f 935//1060 961//1060 945//1060
f 972//1090 1019//1090 931//1090
f 997//1091 454//1091 1012//1091
f 1005//1092 454//1092 997//1092
f 1014//1090 972//1090 931//1090
f 994//1093 454//1093 1005//1093
f 1014//1094 931//1094 982//1094
f 980//1095 454//1095 994//1095
f 982//1096 931//1096 995//1096
f 454//1097 980//1097 451//1097
f 995//1096 931//1096 1024//1096
f 957//1098 2471//1098 2489//1098
f 957//961 2479//961 2487//961
f 945//1099 1023//1099 993//1099
f 957//467 2480//467 2486//467
f 451//1100 983//1100 1024//1100
f 957//467 2486//467 2468//467
f 957//856 2489//856 2483//856
f 931//1101 451//1101 1024//1101
f 957//467 2473//467 2464//467
f 1003//1087 931//1087 1019//1087
f 2484//1102 957//1102 2482//1102
f 957//467 2487//467 2480//467
f 957//467 2468//467 2473//467
f 2461//1103 957//1103 2483//1103
f 957//467 955//467 941//467
f 955//467 957//467 958//467
f 685//1104 460//1104 1027//1104
f 957//528 2474//528 2479//528
f 931//1105 978//1105 935//1105
f 1043//1106 1154//1106 1153//1106
f 2168//1107 1041//1107 1148//1107
f 1148//1108 1041//1108 1149//1108
f 1149//1109 1041//1109 1150//1109
f 1139//1110 909//1110 914//1110
f 1131//1111 1139//1111 914//1111
f 924//1112 1123//1112 1131//1112 925//1112
f 1131//1113 914//1113 925//1113
f 901//1114 909//1114 1147//1114
f 1147//1115 902//1115 901//1115
f 943//1116 1862//1116 2006//1116 1087//1116
f 946//1117 950//1117 1098//1117 1095//1117
f 951//1118 947//1118 1099//1118 1097//1118
f 1093//1119 1094//1119 1163//1119 1162//1119
f 1094//1120 946//1120 1095//1120 1163//1120
f 1090//1121 1091//1121 1160//1121 1159//1121
f 950//1122 953//1122 1096//1122 1098//1122
f 1089//1123 1090//1123 1159//1123 1158//1123
f 906//467 443//467 896//467
f 912//467 906//467 896//467
f 905//467 912//467 896//467
f 905//467 896//467 899//467
f 899//1124 445//1124 898//1124
f 445//1125 444//1125 898//1125
f 445//1126 899//1126 646//1126
f 646//1127 899//1127 450//1127
f 896//467 443//467 899//467
f 1028//1128 2167//1128 1946//1128 1034//1128
f 1041//1129 2168//1129 1244//1129 1047//1129
f 1047//1130 1244//1130 1052//1130 1053//1130
f 1053//1131 1052//1131 1058//1131 1059//1131
f 1059//1132 1058//1132 1064//1132 1065//1132
f 1065//1133 1064//1133 1070//1133 1071//1133
f 1071//1134 1070//1134 1985//1134 1076//1134
f 1076//1135 1985//1135 2169//1135 1081//1135
f 1081//1136 2169//1136 2167//1136 1028//1136
f 1029//1137 1028//1137 1034//1137 1035//1137
f 1042//1138 1041//1138 1047//1138 1048//1138
f 1048//1139 1047//1139 1053//1139 1054//1139
f 1054//1140 1053//1140 1059//1140 1060//1140
f 1060//1141 1059//1141 1065//1141 1066//1141
f 1066//1142 1065//1142 1071//1142 1072//1142
f 1072//1143 1071//1143 1076//1143 1077//1143
f 1077//1144 1076//1144 1081//1144 1082//1144
f 1082//1145 1081//1145 1028//1145 1029//1145
f 1030//1137 1029//1137 1035//1137 1036//1137
f 1043//1146 1042//1146 1048//1146 1049//1146
f 1049//1139 1048//1139 1054//1139 1055//1139
f 1055//1140 1054//1140 1060//1140 1061//1140
f 1061//1141 1060//1141 1066//1141 1067//1141
f 1067//1142 1066//1142 1072//1142 1073//1142
f 1073//1147 1072//1147 1077//1147 1078//1147
f 1078//1148 1077//1148 1082//1148 1083//1148
f 1083//1149 1082//1149 1029//1149 1030//1149
f 1031//1137 1030//1137 1036//1137 1037//1137
f 1044//1150 1043//1150 1049//1150 1050//1150
f 1050//1139 1049//1139 1055//1139 1056//1139
f 1056//1140 1055//1140 1061//1140 1062//1140
f 1062//1141 1061//1141 1067//1141 1068//1141
f 1068//1151 1067//1151 1073//1151 1074//1151
f 1074//1143 1073//1143 1078//1143 1079//1143
f 1079//1144 1078//1144 1083//1144 1084//1144
f 1084//1145 1083//1145 1030//1145 1031//1145
f 1032//1152 1031//1152 1037//1152 1038//1152
f 1045//1153 1044//1153 1050//1153 1051//1153
f 1051//1154 1050//1154 1056//1154 1057//1154
f 1057//1155 1056//1155 1062//1155 1063//1155
f 1063//1156 1062//1156 1068//1156 1069//1156
f 1069//1157 1068//1157 1074//1157 1075//1157
f 1075//1158 1074//1158 1079//1158 1080//1158
f 1080//1159 1079//1159 1084//1159 1085//1159
f 1085//1160 1084//1160 1031//1160 1032//1160
f 1033//996 1032//996 1038//996 1039//996
f 1046//996 1045//996 1051//996
f 1057//996 1063//996 1290//996
f 1051//996 1057//996 1290//996
f 1086//996 1085//996 1032//996 1033//996
f 953//1161 951//1161 1097//1161 1096//1161
f 2170//1162 1088//1162 1157//1162 2175//1162
f 1091//1163 1092//1163 1161//1163 1160//1163
f 947//1164 943//1164 1087//1164 1099//1164
f 1088//1165 1089//1165 1158//1165 1157//1165
f 1092//1166 1093//1166 1162//1166 1161//1166
f 1100//1167 2171//1167 2172//1167 1108//1167
f 1108//1168 2172//1168 2173//1168 1116//1168
f 1116//1169 2173//1169 2174//1169 1124//1169
f 1124//1170 2174//1170 2043//1170 1132//1170
f 1132//1171 2043//1171 1245//1171 1140//1171
f 1101//1172 1100//1172 1108//1172 1109//1172
f 1109//1173 1108//1173 1116//1173 1117//1173
f 1117//1174 1116//1174 1124//1174 1125//1174
f 1125//1175 1124//1175 1132//1175 1133//1175
f 1133//1176 1132//1176 1140//1176 1141//1176
f 1102//1177 1101//1177 1109//1177 1110//1177
f 1110//1178 1109//1178 1117//1178 1118//1178
f 1118//1179 1117//1179 1125//1179 1126//1179
f 1126//1180 1125//1180 1133//1180 1134//1180
f 1134//1181 1133//1181 1141//1181 1142//1181
f 1103//1182 1102//1182 1110//1182 1111//1182
f 1111//1183 1110//1183 1118//1183 1119//1183
f 1119//1184 1118//1184 1126//1184 1127//1184
f 1127//1185 1126//1185 1134//1185 1135//1185
f 1135//1186 1134//1186 1142//1186 1143//1186
f 1088//1187 2170//1187 2171//1187 1100//1187
f 1089//1188 1088//1188 1100//1188 1101//1188
f 1104//1189 1103//1189 1111//1189 1112//1189
f 1112//1190 1111//1190 1119//1190 1120//1190
f 1120//1191 1119//1191 1127//1191 1128//1191
f 1128//1192 1127//1192 1135//1192 1136//1192
f 1136//1193 1135//1193 1143//1193 1144//1193
f 1090//1194 1089//1194 1101//1194 1102//1194
f 1091//1195 1090//1195 1102//1195 1103//1195
f 1105//1196 1104//1196 1112//1196 1113//1196
f 1113//1197 1112//1197 1120//1197 1121//1197
f 1121//1198 1120//1198 1128//1198 1129//1198
f 1129//1199 1128//1199 1136//1199 1137//1199
f 1137//1200 1136//1200 1144//1200 1145//1200
f 1092//1201 1091//1201 1103//1201 1104//1201
f 1093//1202 1092//1202 1104//1202 1105//1202
f 1106//1203 1105//1203 1113//1203 1114//1203
f 1114//1204 1113//1204 1121//1204 1122//1204
f 1122//1205 1121//1205 1129//1205 1130//1205
f 1130//1206 1129//1206 1137//1206 1138//1206
f 1138//1207 1137//1207 1145//1207 1146//1207
f 1094//1208 1093//1208 1105//1208 1106//1208
f 946//1209 1094//1209 1106//1209 1107//1209
f 1107//1210 1106//1210 1114//1210 1115//1210
f 1115//1211 1114//1211 1122//1211 1123//1211
f 1123//1212 1122//1212 1130//1212 1131//1212
f 1131//1213 1130//1213 1138//1213 1139//1213
f 1139//1214 1138//1214 1146//1214 1147//1214
f 1150//1215 1041//1215 1151//1215
f 1151//1216 1041//1216 1152//1216
f 1282//1217 1281//1217 1285//1217 1284//1217
f 1153//1218 1152//1218 1041//1218 1042//1218
f 1214//1219 1098//1219 1213//1219
f 1215//1220 1098//1220 1214//1220
f 2341//1221 1172//1221 1221//1221 1160//1221 1220//1221 1171//1221 2340//1221
f 1222//1222 1160//1222 1221//1222
f 1224//1223 1159//1223 1223//1223
f 2346//1224 2347//1224 1178//1224 1177//1224
f 2357//1225 1188//1225 1236//1225 1096//1225 1235//1225 1187//1225 2356//1225
f 1236//1226 1188//1226 1165//1226 1213//1226
f 1234//1227 1186//1227 1187//1227 1235//1227
f 1233//1228 1185//1228 1186//1228 1234//1228
f 1232//1229 1184//1229 1185//1229 1233//1229
f 1231//1230 1183//1230 1184//1230 1232//1230
f 1230//1231 1182//1231 1183//1231 1231//1231
f 1229//1232 1181//1232 1182//1232 1230//1232
f 2139//1233 1180//1233 1181//1233 1229//1233
f 2139//1234 2090//1234 1180//1234
f 1227//1235 1178//1235 1179//1235 1228//1235
f 1225//1236 1176//1236 1177//1236 1226//1236
f 1224//1237 1175//1237 1176//1237 1225//1237
f 2344//1238 1175//1238 1174//1238 2343//1238
f 1222//1239 1173//1239 1174//1239 1223//1239
f 2342//1240 1173//1240 1172//1240 2341//1240
f 1219//1241 1170//1241 1171//1241 1220//1241
f 1218//1242 1169//1242 1170//1242 1219//1242
f 1217//1243 1168//1243 1169//1243 1218//1243
f 1216//1244 1167//1244 1168//1244 1217//1244
f 1215//1245 1166//1245 1167//1245 1216//1245
f 2335//1246 1166//1246 1164//1246 2334//1246
f 2334//1247 1164//1247 1165//1247 2332//1247
f 2357//1248 1211//1248 1212//1248 2332//1248
f 2355//1249 1209//1249 1210//1249 2356//1249
f 2354//1250 1208//1250 1209//1250 2355//1250
f 2353//1251 1207//1251 1208//1251 2354//1251
f 2352//1252 1206//1252 1207//1252 2353//1252
f 2351//1253 1205//1253 1206//1253 2352//1253
f 2350//1254 1204//1254 1205//1254 2351//1254
f 2349//1255 1203//1255 1204//1255 2350//1255
f 2453//1256 2176//1256 1203//1256 2349//1256
f 2347//1257 1202//1257 1246//1257 2358//1257
f 2345//1258 1200//1258 1201//1258 2346//1258
f 2344//1259 1199//1259 1200//1259 2345//1259
f 2342//1260 1197//1260 1198//1260 2343//1260
f 2339//1261 1194//1261 1195//1261 2340//1261
f 2338//1262 1193//1262 1194//1262 2339//1262
f 2337//1263 1192//1263 1193//1263 2338//1263
f 2336//1264 1191//1264 1192//1264 2337//1264
f 2335//1265 1190//1265 1191//1265 2336//1265
f 1098//1266 1215//1266 1216//1266 1095//1266
f 1095//1267 1216//1267 1217//1267 1163//1267
f 1163//1268 1217//1268 1218//1268 1162//1268
f 1162//1269 1218//1269 1219//1269 1161//1269
f 1161//1270 1219//1270 1220//1270 1160//1270
f 1160//1271 1222//1271 1223//1271 1159//1271
f 1159//1272 1224//1272 1225//1272 1158//1272
f 1158//1273 1225//1273 1226//1273 1157//1273
f 1157//1274 1227//1274 1228//1274 2175//1274
f 2006//1275 2139//1275 1229//1275
f 2006//1276 1229//1276 1230//1276
f 2006//1277 1230//1277 1231//1277
f 2006//1278 1231//1278 1232//1278 1087//1278
f 1087//1279 1232//1279 1233//1279 1099//1279
f 1099//1280 1233//1280 1234//1280 1097//1280
f 1097//1281 1234//1281 1235//1281 1096//1281
f 1096//1282 1236//1282 1213//1282 1098//1282
f 1175//1283 1224//1283 1223//1283 1174//1283
f 1173//1284 1222//1284 1221//1284 1172//1284
f 1166//1285 1215//1285 1214//1285 1164//1285
f 1164//1286 1214//1286 1213//1286 1165//1286
f 1177//1287 1178//1287 1227//1287 1226//1287
f 1226//1288 1227//1288 1157//1288
f 1037//1289 1036//1289 1250//1289 1249//1289
f 1038//1290 1037//1290 1249//1290 1248//1290
f 679//1291 680//1291 487//1291 482//1291
f 899//467 443//467 1259//467
f 1290//996 1046//996 1051//996
f 2359//1292 2360//1292 1237//1292 1238//1292
f 1035//1293 1034//1293 1252//1293 1251//1293
f 1039//1294 1038//1294 1248//1294 1247//1294
f 1034//1289 1946//1289 2183//1289 1252//1289
f 1036//1293 1035//1293 1251//1293 1250//1293
f 2348//1292 2333//1292 1239//1292 1240//1292
f 2361//996 2362//996 1241//996 1242//996
f 2360//1292 2426//1292 2148//1292 1237//1292
f 2333//1292 2359//1292 1238//1292 1239//1292
f 2362//1292 2348//1292 1240//1292 1241//1292
f 1293//996 1069//996 1086//996
f 1259//1295 1257//1295 1289//1295 1288//1295
f 899//1296 1260//1296 450//1296
f 439//467 1256//467 1254//467 437//467
f 441//856 1258//856 1040//856
f 897//1005 1329//1005 1258//1005 441//1005
f 1040//467 1258//467 1256//467 439//467
f 438//467 1255//467 1257//467 440//467
f 440//467 1257//467 1259//467 442//467
f 437//467 1254//467 1253//467 436//467
f 436//467 1253//467 1255//467 438//467
f 1354//996 2190//996 1353//996
f 429//1297 1282//1297 1284//1297 1286//1297
f 1253//1298 1254//1298 1292//1298 1293//1298
f 1260//950 1259//950 1288//950 1287//950
f 1333//1299 1330//1299 1329//1299 897//1299
f 1255//1300 1253//1300 1293//1300 1291//1300
f 1260//1301 1287//1301 822//1301
f 427//462 1277//462 1282//462 429//462
f 1265//1302 2162//1302 1266//1302
f 1266//1303 2162//1303 545//1303 1267//1303
f 1267//1304 545//1304 540//1304 1268//1304
f 1268//1305 540//1305 544//1305 1269//1305
f 1273//1306 1263//1306 1264//1306 1274//1306
f 1272//1307 1262//1307 1263//1307 1273//1307
f 1271//1308 1261//1308 1262//1308 1272//1308
f 1270//1309 2192//1309 1261//1309 1271//1309
f 1263//1310 1268//1310 1269//1310 1264//1310
f 1262//1311 1267//1311 1268//1311 1263//1311
f 1261//1312 1266//1312 1267//1312 1262//1312
f 2192//1313 1265//1313 1266//1313 1261//1313
f 1339//462 1270//462 1271//462 426//462
f 426//1314 1271//1314 1272//1314 425//1314
f 425//462 1272//462 1273//462 428//462
f 428//462 1273//462 1274//462 427//462
f 1279//462 1276//462 823//462
f 1278//462 1277//462 427//462 1274//462
f 1276//462 1279//462 1275//462
f 1276//462 1275//462 1277//462 1278//462
f 823//521 1276//521 485//521
f 1280//1315 840//1315 1264//1315 1269//1315
f 544//1316 723//1316 1280//1316 1269//1316
f 723//1317 599//1317 678//1317 1280//1317
f 1264//1318 840//1318 1278//1318 1274//1318
f 1278//1319 840//1319 1276//1319
f 840//1320 486//1320 481//1320 1276//1320
f 1277//462 1275//462 1281//462 1282//462
f 1275//462 1279//462 822//462 1281//462
f 643//462 822//462 1279//462 823//462
f 822//1321 1287//1321 1283//1321
f 485//1322 480//1322 645//1322
f 449//1297 1260//1297 822//1297
f 449//1323 450//1323 1260//1323
f 1254//1324 1256//1324 1290//1324 1292//1324
f 1281//1217 822//1217 1283//1217 1285//1217
f 1257//1325 1255//1325 1291//1325 1289//1325
f 2190//996 1810//996 2191//996
f 1046//1055 1256//1055 1258//1055
f 1256//1326 1046//1326 1290//1326
f 1810//996 2190//996 1354//996
f 1288//996 1086//996 1033//996
f 430//950 1033//950 431//950
f 1288//996 1289//996 1086//996
f 432//950 1033//950 430//950
f 1286//1327 1033//1327 432//1327
f 1284//950 1033//950 1286//950
f 1285//1328 1033//1328 1284//1328
f 1283//950 1033//950 1285//950
f 1287//950 1288//950 1283//950
f 1033//1328 1343//1328 431//1328
f 1063//996 1292//996 1290//996
f 1292//996 1063//996 1069//996
f 1291//996 1293//996 1086//996
f 1289//996 1291//996 1086//996
f 1075//1329 1086//1329 1069//1329
f 1080//996 1086//996 1075//996
f 1293//996 1292//996 1069//996
f 1086//996 1080//996 1085//996
f 913//1330 1824//1330 1834//1330 923//1330
f 1301//1331 434//1331 430//1331
f 2225//1314 1339//1314 1307//1314
f 1309//462 431//462 1308//462
f 1311//1332 1294//1332 425//1332
f 434//1333 1295//1333 1310//1333
f 425//1314 434//1314 1311//1314
f 1294//1314 426//1314 425//1314
f 431//462 1296//462 430//462
f 1296//462 1297//462 430//462
f 1305//1334 1295//1334 434//1334
f 1304//1335 1305//1335 434//1335
f 430//1314 1297//1314 1298//1314
f 430//1314 1298//1314 1299//1314
f 1303//1335 1304//1335 434//1335
f 1302//1336 1303//1336 434//1336
f 430//466 1299//466 1300//466
f 1301//1331 1302//1331 434//1331
f 430//462 1300//462 1301//462
f 1343//1337 2227//1337 431//1337
f 1309//1338 1296//1338 431//1338
f 2227//1217 1308//1217 431//1217
f 1295//1339 1305//1339 1322//1339 1312//1339
f 917//1340 1828//1340 1822//1340 911//1340
f 1306//1341 1294//1341 435//1341 1323//1341
f 923//1342 1834//1342 1828//1342 917//1342
f 1307//1343 1306//1343 1323//1343 1324//1343
f 1945//1344 1033//1344 1039//1344 1952//1344
f 2225//1345 1307//1345 1324//1345 2244//1345
f 908//1346 1819//1346 1824//1346 913//1346
f 1308//1347 2227//1347 2246//1347 1325//1347
f 1297//1348 1296//1348 1313//1348 1314//1348
f 900//1349 1811//1349 1819//1349 908//1349
f 1309//1350 1308//1350 1325//1350 1326//1350
f 1298//1351 1297//1351 1314//1351 1315//1351
f 2456//1352 2361//1352 1242//1352 2154//1352
f 1296//1353 1309//1353 1326//1353 1313//1353
f 1299//1354 1298//1354 1315//1354 1316//1354
f 1952//1355 1039//1355 1247//1355 2177//1355
f 1300//1356 1299//1356 1316//1356 1317//1356
f 907//1357 1818//1357 1811//1357 900//1357
f 1301//1358 1300//1358 1317//1358 1318//1358
f 1302//1359 1301//1359 1318//1359 1319//1359
f 1310//1360 1295//1360 1312//1360 1327//1360
f 922//1361 1833//1361 1838//1361 927//1361
f 1303//1362 1302//1362 1319//1362 1320//1362
f 1311//1363 1310//1363 1327//1363 1328//1363
f 910//1364 1821//1364 1833//1364 922//1364
f 1304//1365 1303//1365 1320//1365 1321//1365
f 1294//1366 1311//1366 1328//1366 435//1366
f 903//1367 1814//1367 1821//1367 910//1367
f 1305//1368 1304//1368 1321//1368 1322//1368
f 911//1369 1822//1369 1814//1369 903//1369
f 1320//1370 1319//1370 2263//1370
f 1328//1371 1327//1371 2263//1371
f 949//1372 1860//1372 1853//1372 942//1372
f 1321//1373 1320//1373 2263//1373
f 435//1374 1328//1374 2263//1374
f 955//1375 1867//1375 1860//1375 949//1375
f 1322//1376 1321//1376 2263//1376
f 958//1377 1870//1377 1867//1377 955//1377
f 1312//1378 1322//1378 2263//1378
f 956//1379 1868//1379 1870//1379 958//1379
f 1323//1380 435//1380 2263//1380
f 952//1381 1864//1381 1868//1381 956//1381
f 1324//1382 1323//1382 2263//1382
f 920//1383 1831//1383 1823//1383 912//1383
f 2244//1384 1324//1384 2263//1384
f 934//1385 1845//1385 1851//1385 940//1385
f 927//1386 1838//1386 1845//1386 934//1386
f 1325//1387 2246//1387 2263//1387
f 1314//1388 1313//1388 2263//1388
f 944//1389 1855//1389 1864//1389 952//1389
f 1326//1390 1325//1390 2263//1390
f 1315//1391 1314//1391 2263//1391
f 906//1392 1817//1392 1818//1392 907//1392
f 1313//1393 1326//1393 2263//1393
f 1316//1394 1315//1394 2263//1394
f 912//1395 1823//1395 1817//1395 906//1395
f 1317//1396 1316//1396 2263//1396
f 940//1397 1851//1397 1855//1397 944//1397
f 929//1398 1840//1398 1831//1398 920//1398
f 1318//1399 1317//1399 2263//1399
f 936//1400 1847//1400 1840//1400 929//1400
f 1319//1401 1318//1401 2263//1401
f 1327//1402 1312//1402 2263//1402
f 942//1403 1853//1403 1847//1403 936//1403
f 1258//1404 1329//1404 1330//1404 1046//1404
f 1044//1405 1045//1405 1333//1405 1332//1405
f 1043//1406 1044//1406 1332//1406 1331//1406
f 1331//1407 1155//1407 1154//1407
f 1331//1408 1156//1408 1155//1408
f 902//1409 1156//1409 1331//1409
f 916//1410 902//1410 1331//1410
f 1331//1410 1332//1410 916//1410
f 1332//1411 1333//1411 916//1411
f 916//1410 1333//1410 897//1410
f 1330//996 1045//996 1046//996
f 1333//996 1045//996 1330//996
f 1156//1412 1146//1412 1155//1412
f 1155//1413 1146//1413 1145//1413 1154//1413
f 1154//1414 1145//1414 1144//1414 1153//1414
f 1153//1415 1144//1415 1143//1415 1152//1415
f 1152//1416 1143//1416 1142//1416 1151//1416
f 1151//1417 1142//1417 1141//1417 1150//1417
f 1150//1418 1141//1418 1140//1418 1149//1418
f 1149//1419 1140//1419 1245//1419 1148//1419
f 902//1420 1147//1420 1146//1420 1156//1420
f 1334//462 1345//462 1344//462 1337//462
f 1345//1335 2243//1335 2242//1335
f 1344//1421 1342//1421 2216//1421 1338//1421
f 1335//462 2239//462 2238//462
f 2239//462 1335//462 1339//462
f 1345//1422 1340//1422 1342//1422 1344//1422
f 1338//462 1336//462 1337//462 1344//462
f 1335//1314 2238//1314 2224//1314
f 1953//996 1828//996 1350//996
f 1355//1423 1553//1423 1552//1423
f 1356//1424 1552//1424 1648//1424 1557//1424
f 1782//1425 1357//1425 1550//1425
f 1357//1426 1358//1426 1551//1426 1550//1426
f 1358//1427 1558//1427 1647//1427 1551//1427
f 1359//1428 1549//1428 1647//1428 1558//1428
f 1360//462 1555//462 1554//462
f 1391//1429 1556//1429 1395//1429
f 1360//462 1361//462 1556//462 1555//462
f 1361//1430 1557//1430 1648//1430 1556//1430
f 1363//1431 1362//1431 1366//1431
f 1398//1432 1393//1432 1390//1432 1394//1432
f 1366//1433 1592//1433 1648//1433 1552//1433
f 1362//1434 1365//1434 1367//1434
f 1367//1435 1365//1435 1785//1435
f 1364//1436 1367//1436 1594//1436 1593//1436
f 1594//1437 1367//1437 1794//1437
f 1368//1438 1595//1438 1652//1438 1573//1438
f 1369//1439 1370//1439 1374//1439 1373//1439
f 1370//1440 1550//1440 1551//1440 1374//1440
f 1373//1441 1374//1441 1600//1441 1599//1441
f 1374//1442 1551//1442 1647//1442 1600//1442
f 1370//1443 1369//1443 1371//1443
f 2529//1444 2515//1444 1852//1444
f 1370//1445 1375//1445 1755//1445
f 1369//1446 1372//1446 1376//1446 1371//1446
f 1372//1447 1563//1447 1562//1447 1376//1447
f 1371//1448 1376//1448 1597//1448 1596//1448
f 1376//1449 1562//1449 1650//1449 1597//1449
f 1369//1450 1373//1450 1377//1450 1372//1450
f 1373//1451 1599//1451 1598//1451 1377//1451
f 1372//1452 1377//1452 1564//1452 1563//1452
f 1377//1453 1598//1453 1649//1453 1564//1453
f 1378//1454 1569//1454 1568//1454 1379//1454
f 1379//1455 1568//1455 1652//1455 1595//1455
f 1378//1456 1380//1456 1570//1456 1569//1456
f 1380//1457 1601//1457 1651//1457 1570//1457
f 1381//1458 1382//1458 1386//1458 1385//1458
f 1382//1459 1728//1459 1722//1459
f 1385//1460 1386//1460 2157//1460 2156//1460
f 2157//1461 1386//1461 1722//1461
f 1381//1462 1383//1462 1387//1462 1382//1462
f 1383//1463 1599//1463 1600//1463 1387//1463
f 1732//1464 1387//1464 1549//1464
f 1387//1465 1600//1465 1647//1465 1549//1465
f 1381//1466 1384//1466 1388//1466 1383//1466
f 1384//1467 1560//1467 1559//1467 1388//1467
f 1383//1468 1388//1468 1598//1468 1599//1468
f 1388//1469 1559//1469 1649//1469 1598//1469
f 1381//1470 1385//1470 1389//1470 1384//1470
f 1385//1471 2156//1471 2155//1471 1389//1471
f 1384//1472 1389//1472 1561//1472 1560//1472
f 1389//1473 2155//1473 2163//1473 1561//1473
f 1390//1474 1391//1474 1395//1474 1394//1474
f 1555//462 1396//462 1554//462
f 1394//1475 1395//1475 1592//1475 1593//1475
f 1395//1476 1556//1476 1648//1476 1592//1476
f 1390//1477 1392//1477 1396//1477 1391//1477
f 1555//462 1556//462 1396//462
f 1554//462 1396//462 1734//462
f 1390//1478 1393//1478 1397//1478 1392//1478
f 1398//1479 1394//1479 1593//1479 1594//1479
f 1589//1480 1397//1480 1393//1480 1590//1480
f 1366//1481 1364//1481 1593//1481 1592//1481
f 1398//1482 1594//1482 1658//1482 1591//1482
f 1402//1483 1399//1483 1780//1483
f 2528//996 2497//996 1869//996
f 1780//1484 1399//1484 1791//1484
f 1400//1485 1737//1485 1753//1485
f 1399//1486 1401//1486 1403//1486
f 1401//1487 1566//1487 1565//1487 1403//1487
f 1759//1488 1403//1488 1601//1488
f 1403//1489 1565//1489 1651//1489 1601//1489
f 1399//1490 1402//1490 1404//1490 1401//1490
f 1402//1491 1596//1491 1597//1491 1404//1491
f 1401//1492 1404//1492 1567//1492 1566//1492
f 1404//1493 1597//1493 1650//1493 1567//1493
f 2166//1494 2157//1494 1723//1494
f 2363//1495 1406//1495 1410//1495 2364//1495
f 1406//1496 1587//1496 1588//1496 1410//1496
f 2364//1497 1410//1497 1607//1497 2412//1497
f 1410//1498 1588//1498 1657//1498 1607//1498
f 2363//1499 2365//1499 1411//1499 1406//1499
f 2365//1500 2411//1500 1602//1500 1411//1500
f 1406//1501 1411//1501 1586//1501 1587//1501
f 1411//1502 1602//1502 1658//1502 1586//1502
f 1405//1503 1408//1503 1412//1503 1407//1503
f 1408//1504 1686//1504 1715//1504
f 1407//1505 1412//1505 1604//1505 1603//1505
f 1412//1506 1715//1506 1670//1506
f 1405//1507 1409//1507 1413//1507 1408//1507
f 1409//1508 1606//1508 1605//1508 1413//1508
f 1686//1509 1408//1509 1413//1509
f 1718//1510 1413//1510 1605//1510
f 2366//1511 1415//1511 1419//1511 2367//1511
f 1415//1512 1578//1512 1579//1512
f 2367//1513 1419//1513 1613//1513 2414//1513
f 1741//1514 1419//1514 1764//1514
f 2366//1515 2368//1515 1420//1515 1415//1515
f 2368//1516 2413//1516 1608//1516 1420//1516
f 1415//1517 1420//1517 1577//1517 1578//1517
f 1420//1518 1608//1518 1655//1518 1577//1518
f 1414//1519 1417//1519 1421//1519 1416//1519
f 1421//1520 1417//1520 1667//1520
f 1416//1521 1421//1521 1610//1521 1609//1521
f 1610//1522 1421//1522 1692//1522
f 1414//1523 1418//1523 1422//1523 1417//1523
f 1418//1524 1612//1524 1611//1524 1422//1524
f 1417//1525 1422//1525 1696//1525
f 1422//1526 1611//1526 1697//1526
f 2369//1527 1424//1527 1428//1527 2370//1527
f 1428//1528 1424//1528 1796//1528
f 2370//1529 1428//1529 1619//1529 2416//1529
f 1619//1530 1428//1530 1740//1530
f 2369//1531 2371//1531 1429//1531 1424//1531
f 2371//1532 2415//1532 1614//1532 1429//1532
f 1424//1533 1429//1533 1771//1533
f 1771//1534 1429//1534 1804//1534
f 1423//1535 1426//1535 1430//1535 1425//1535
f 1430//1536 1426//1536 1707//1536
f 1425//1537 1430//1537 1616//1537 1615//1537
f 1616//1538 1430//1538 1672//1538
f 1423//1539 1427//1539 1431//1539 1426//1539
f 1427//1540 1618//1540 1617//1540 1431//1540
f 1426//1541 1431//1541 1674//1541
f 1431//1542 1617//1542 1691//1542
f 2372//1543 1433//1543 1437//1543 2373//1543
f 1433//1544 1572//1544 1573//1544 1437//1544
f 2373//1545 1437//1545 1625//1545 2418//1545
f 1437//1546 1573//1546 1652//1546 1625//1546
f 2372//1547 2374//1547 1438//1547 1433//1547
f 2374//1548 2417//1548 1620//1548 1438//1548
f 1433//1549 1438//1549 1571//1549 1572//1549
f 1438//1550 1620//1550 1653//1550 1571//1550
f 1432//1551 1435//1551 1439//1551 1434//1551
f 1435//1552 1683//1552 1714//1552
f 1434//1553 1439//1553 1622//1553 1621//1553
f 1439//1554 1714//1554 1711//1554
f 1432//1555 1436//1555 1440//1555 1435//1555
f 1436//1556 1624//1556 1623//1556 1440//1556
f 1683//1557 1435//1557 1440//1557
f 1716//1558 1440//1558 1623//1558
f 2375//1559 1442//1559 1446//1559 2376//1559
f 1442//1560 1563//1560 1564//1560 1446//1560
f 2376//1561 1446//1561 1631//1561 2420//1561
f 1446//1562 1564//1562 1649//1562 1631//1562
f 2375//1563 2377//1563 1447//1563 1442//1563
f 2377//1564 2419//1564 1626//1564 1447//1564
f 1442//1565 1447//1565 1562//1565 1563//1565
f 1447//1566 1626//1566 1650//1566 1562//1566
f 1441//1567 1444//1567 1448//1567 1443//1567
f 1444//1568 1664//1568 1690//1568
f 1443//1569 1448//1569 1628//1569 1627//1569
f 1448//1570 1690//1570 1700//1570
f 1441//1571 1445//1571 1449//1571 1444//1571
f 1445//1572 1630//1572 1629//1572 1449//1572
f 1664//1573 1444//1573 1449//1573
f 1694//1574 1449//1574 1629//1574
f 2378//1575 1451//1575 1455//1575 2379//1575
f 2379//1576 1455//1576 1634//1576 2421//1576
f 2378//1577 2380//1577 1456//1577 1451//1577
f 2380//1578 2459//1578 2162//1578 1456//1578
f 1450//1579 1453//1579 1457//1579 1452//1579
f 1453//1580 1659//1580 1687//1580
f 1452//1581 1457//1581 1243//1581 2161//1581
f 1457//1582 1687//1582 2165//1582
f 1450//1583 1454//1583 1458//1583 1453//1583
f 1454//1584 1633//1584 1632//1584 1458//1584
f 1659//1585 1453//1585 1458//1585
f 1689//1586 1458//1586 1632//1586
f 2381//1587 1460//1587 1464//1587 2382//1587
f 1460//1588 1584//1588 1585//1588 1464//1588
f 2382//1589 1464//1589 1637//1589 2422//1589
f 1464//1590 1585//1590 1656//1590 1637//1590
f 2381//1591 2383//1591 1465//1591 1460//1591
f 2383//1592 2412//1592 1607//1592 1465//1592
f 1460//1593 1465//1593 1583//1593 1584//1593
f 1465//1594 1607//1594 1657//1594 1583//1594
f 1459//1595 1462//1595 1466//1595 1461//1595
f 1462//1596 1701//1596 1668//1596
f 1461//1597 1466//1597 1605//1597 1606//1597
f 1466//1598 1668//1598 1706//1598
f 1459//1599 1463//1599 1467//1599 1462//1599
f 1463//1600 1636//1600 1635//1600 1467//1600
f 1701//1601 1462//1601 1467//1601
f 1671//1602 1467//1602 1635//1602
f 2384//1603 1469//1603 1473//1603 2385//1603
f 1763//1604 1469//1604 1793//1604
f 2385//1605 1473//1605 1640//1605 2423//1605
f 1473//1606 1763//1606 1766//1606
f 2384//1607 2386//1607 1474//1607 1469//1607
f 2386//1608 2414//1608 1613//1608 1474//1608
f 1749//1609 1469//1609 1474//1609
f 1739//1610 1474//1610 1613//1610
f 1468//1611 1471//1611 1475//1611 1470//1611
f 1475//1612 1471//1612 1679//1612
f 1470//1613 1475//1613 1611//1613 1612//1613
f 1611//1614 1475//1614 1708//1614
f 1468//1615 1472//1615 1476//1615 1471//1615
f 1472//1616 1639//1616 1638//1616 1476//1616
f 1471//1617 1476//1617 1712//1617
f 1476//1618 1638//1618 1713//1618
f 2387//1619 1478//1619 1482//1619 2388//1619
f 1482//1620 1478//1620 1806//1620
f 2388//1621 1482//1621 1643//1621 2424//1621
f 1643//1622 1738//1622 1765//1622
f 2387//1623 2389//1623 1483//1623 1478//1623
f 2389//1624 2416//1624 1619//1624 1483//1624
f 1778//1625 1478//1625 1787//1625
f 1769//1626 1483//1626 1790//1626
f 1477//1627 1480//1627 1484//1627 1479//1627
f 1484//1628 1480//1628 1720//1628
f 1479//1629 1484//1629 1617//1629 1618//1629
f 1617//1630 1484//1630 1684//1630
f 1477//1631 1481//1631 1485//1631 1480//1631
f 1481//1632 1642//1632 1641//1632 1485//1632
f 1480//1633 1485//1633 1688//1633
f 1485//1634 1641//1634 1677//1634
f 2390//1635 1487//1635 1491//1635 2391//1635
f 1487//1636 1569//1636 1570//1636 1491//1636
f 2391//1637 1491//1637 1646//1637 2425//1637
f 1491//1638 1570//1638 1651//1638 1646//1638
f 2390//1639 2392//1639 1492//1639 1487//1639
f 2392//1640 2418//1640 1625//1640 1492//1640
f 1487//1641 1492//1641 1568//1641 1569//1641
f 1492//1642 1625//1642 1652//1642 1568//1642
f 1486//1643 1489//1643 1493//1643 1488//1643
f 1489//1644 1698//1644 1665//1644
f 1488//1645 1493//1645 1623//1645 1624//1645
f 1493//1646 1665//1646 1685//1646
f 1486//1647 1490//1647 1494//1647 1489//1647
f 1490//1648 1645//1648 1644//1648 1494//1648
f 1698//1649 1489//1649 1494//1649
f 1669//1650 1494//1650 1644//1650
f 2393//1651 1496//1651 1500//1651 2394//1651
f 1496//1652 1560//1652 1561//1652 1500//1652
f 2394//1653 1500//1653 2158//1653 2458//1653
f 1500//1654 1561//1654 2163//1654 2158//1654
f 2393//1655 2395//1655 1501//1655 1496//1655
f 2395//1656 2420//1656 1631//1656 1501//1656
f 1496//1657 1501//1657 1559//1657 1560//1657
f 1501//1658 1631//1658 1649//1658 1559//1658
f 1495//1659 1498//1659 1502//1659 1497//1659
f 1498//1660 1676//1660 1704//1660
f 1497//1661 1502//1661 1629//1661 1630//1661
f 1502//1662 1704//1662 1678//1662
f 1495//1663 1499//1663 1503//1663 1498//1663
f 1499//1664 2159//1664 2160//1664 1503//1664
f 1676//1665 1498//1665 1503//1665
f 1710//1666 1503//1666 2160//1666
f 2396//1667 1505//1667 1509//1667 2397//1667
f 2397//1668 1509//1668 1602//1668 2411//1668
f 1509//1669 1591//1669 1658//1669 1602//1669
f 2396//1670 2398//1670 1510//1670 1505//1670
f 2398//1671 2421//1671 1634//1671 1510//1671
f 1504//1672 1507//1672 1511//1672 1506//1672
f 1507//1673 1695//1673 1662//1673
f 1506//1674 1511//1674 1632//1674 1633//1674
f 1511//1675 1662//1675 1719//1675
f 1504//1676 1508//1676 1512//1676 1507//1676
f 1508//1677 1603//1677 1604//1677 1512//1677
f 1695//1678 1507//1678 1512//1678
f 1666//1679 1512//1679 1604//1679
f 2399//1680 1514//1680 1518//1680 2400//1680
f 1514//1681 1581//1681 1582//1681 1518//1681
f 2400//1682 1518//1682 1608//1682 2413//1682
f 1518//1683 1582//1683 1655//1683 1608//1683
f 2399//1684 2401//1684 1519//1684 1514//1684
f 2401//1685 2422//1685 1637//1685 1519//1685
f 1514//1686 1519//1686 1580//1686 1581//1686
f 1519//1687 1637//1687 1656//1687 1580//1687
f 1513//1688 1516//1688 1520//1688 1515//1688
f 1520//1689 1516//1689 1675//1689
f 1515//1690 1520//1690 1635//1690 1636//1690
f 1520//1691 1702//1691 1681//1691
f 1513//1692 1517//1692 1521//1692 1516//1692
f 1517//1693 1609//1693 1610//1693 1521//1693
f 1516//1694 1521//1694 1709//1694
f 1521//1695 1610//1695 1660//1695
f 2402//1696 1523//1696 1527//1696 2403//1696
f 1523//1697 1743//1697 1757//1697
f 2403//1698 1527//1698 1614//1698 2415//1698
f 1527//1699 1757//1699 1770//1699
f 2402//1700 2404//1700 1528//1700 1523//1700
f 2404//1701 2423//1701 1640//1701 1528//1701
f 1743//1702 1523//1702 1803//1702
f 1736//1703 1528//1703 1640//1703
f 1522//1704 1525//1704 1529//1704 1524//1704
f 1529//1705 1525//1705 1717//1705
f 1524//1706 1529//1706 1638//1706 1639//1706
f 1638//1707 1529//1707 1680//1707
f 1522//1708 1526//1708 1530//1708 1525//1708
f 1526//1709 1615//1709 1616//1709 1530//1709
f 1525//1710 1530//1710 1682//1710
f 1530//1711 1616//1711 1721//1711
f 2405//1712 1532//1712 1536//1712 2406//1712
f 1532//1713 1575//1713 1576//1713 1536//1713
f 2406//1714 1536//1714 1620//1714 2417//1714
f 1536//1715 1576//1715 1653//1715 1620//1715
f 2405//1716 2407//1716 1537//1716 1532//1716
f 2407//1717 2424//1717 1643//1717 1537//1717
f 1532//1718 1537//1718 1574//1718 1575//1718
f 1537//1719 1643//1719 1654//1719 1574//1719
f 1531//1720 1534//1720 1538//1720 1533//1720
f 1534//1721 1693//1721 1661//1721
f 1533//1722 1538//1722 1641//1722 1642//1722
f 1641//1723 1538//1723 1661//1723
f 1531//1724 1535//1724 1539//1724 1534//1724
f 1535//1725 1621//1725 1622//1725 1539//1725
f 1693//1726 1534//1726 1539//1726
f 1663//1727 1539//1727 1622//1727
f 2408//1728 1541//1728 1545//1728 2409//1728
f 1541//1729 1566//1729 1567//1729 1545//1729
f 2409//1730 1545//1730 1626//1730 2419//1730
f 1545//1731 1567//1731 1650//1731 1626//1731
f 2408//1732 2410//1732 1546//1732 1541//1732
f 2410//1733 2425//1733 1646//1733 1546//1733
f 1541//1734 1546//1734 1565//1734 1566//1734
f 1546//1735 1646//1735 1651//1735 1565//1735
f 1540//1736 1543//1736 1547//1736 1542//1736
f 1543//1737 1673//1737 1699//1737
f 1542//1738 1547//1738 1644//1738 1645//1738
f 1547//1739 1699//1739 1703//1739
f 1540//1740 1544//1740 1548//1740 1543//1740
f 1544//1741 1627//1741 1628//1741 1548//1741
f 1673//1742 1543//1742 1548//1742
f 1705//1743 1548//1743 1628//1743
f 1784//1744 1584//1744 1583//1744
f 1805//1745 1656//1745 1761//1745
f 1580//1746 1656//1746 1773//1746
f 1802//1747 1654//1747 1735//1747
f 1801//1748 1575//1748 1767//1748
f 1798//1749 1572//1749 1768//1749
f 1797//1750 1573//1750 1752//1750
f 1574//1751 1802//1751 1767//1751
f 1655//1752 1582//1752 1781//1752
f 1573//1753 1797//1753 1368//1753
f 1575//1754 1801//1754 1754//1754
f 1579//1755 1799//1755 1745//1755
f 1762//1756 1379//1756 1595//1756
f 1800//1757 1582//1757 1748//1757
f 1572//1758 1798//1758 1752//1758
f 1799//1759 1578//1759 1756//1759
f 1756//1760 1577//1760 1742//1760
f 1582//1761 1581//1761 1748//1761
f 1775//1762 1583//1762 1657//1762
f 1746//1763 1653//1763 1576//1763
f 1378//1764 1789//1764 1777//1764
f 1795//1765 1581//1765 1760//1765
f 1657//1766 1792//1766 1775//1766
f 1760//1767 1580//1767 1773//1767
f 1785//1768 1588//1768 1587//1768
f 1732//1769 1854//1769 1728//1769
f 1761//1770 1585//1770 1758//1770
f 1792//1771 1588//1771 1776//1771
f 1754//1772 1576//1772 1575//1772
f 1366//1773 1553//1773 1363//1773
f 1789//1774 1379//1774 1774//1774
f 1747//1775 1601//1775 1380//1775
f 1744//1776 1587//1776 1586//1776
f 1380//1777 1788//1777 1747//1777
f 1571//1778 1786//1778 1768//1778
f 1803//1779 1528//1779 1736//1779
f 1788//1780 1380//1780 1777//1780
f 1786//1781 1653//1781 1779//1781
f 1528//1782 1803//1782 1523//1782
f 1758//1783 1584//1783 1772//1783
f 1725//1784 1359//1784 1729//1784
f 1729//1785 1727//1785 1731//1785
f 1527//1699 1770//1699 1614//1699
f 1742//1786 1655//1786 1781//1786
f 1736//1787 1640//1787 1766//1787
f 1523//1788 1757//1788 1527//1788
f 1619//1789 1790//1789 1483//1789
f 1738//1790 1643//1790 1482//1790
f 1473//1791 1766//1791 1640//1791
f 1749//1792 1793//1792 1469//1792
f 1790//1793 1619//1793 1750//1793
f 1778//1794 1806//1794 1478//1794
f 1643//1795 1765//1795 1654//1795
f 1804//1796 1614//1796 1770//1796
f 1787//1797 1483//1797 1769//1797
f 1749//1798 1474//1798 1739//1798
f 1482//1799 1806//1799 1738//1799
f 1614//1800 1804//1800 1429//1800
f 1483//1801 1787//1801 1478//1801
f 1473//1802 1469//1802 1763//1802
f 1739//1803 1613//1803 1741//1803
f 1424//1804 1771//1804 1783//1804
f 1428//1805 1796//1805 1740//1805
f 1415//1806 1579//1806 1419//1806
f 1737//1807 1400//1807 1759//1807
f 1619//1808 1740//1808 1750//1808
f 1579//1809 1764//1809 1419//1809
f 1403//1488 1759//1488 1400//1488
f 1783//1810 1796//1810 1424//1810
f 1399//1811 1403//1811 1400//1811
f 1613//1812 1419//1812 1741//1812
f 1791//1813 1400//1813 1753//1813
f 2515//1814 2519//1814 1852//1814
f 1387//1815 1732//1815 1382//1815
f 2519//1816 2512//1816 1852//1816
f 1367//1817 1785//1817 1744//1817
f 1400//1484 1791//1484 1399//1484
f 1382//1818 1722//1818 1386//1818
f 1732//1464 1549//1464 1725//1464
f 1362//1819 1367//1819 1364//1819
f 2157//1820 1722//1820 1723//1820
f 1382//1821 1732//1821 1728//1821
f 1939//1822 1375//1822 1370//1822
f 1370//1823 1755//1823 1550//1823
f 1364//1824 1366//1824 1362//1824
f 1355//1825 1552//1825 1356//1825
f 1543//1826 1699//1826 1547//1826
f 1530//1827 1721//1827 1682//1827
f 1638//1828 1680//1828 1713//1828
f 1782//1829 1550//1829 1755//1829
f 1693//1830 1539//1830 1663//1830
f 1547//1739 1703//1739 1644//1739
f 1529//1831 1717//1831 1680//1831
f 1705//1832 1628//1832 1700//1832
f 1534//1833 1661//1833 1538//1833
f 1663//1834 1622//1834 1711//1834
f 1521//1835 1660//1835 1709//1835
f 1673//1836 1548//1836 1705//1836
f 1525//1837 1682//1837 1717//1837
f 1641//1838 1661//1838 1677//1838
f 1516//1839 1709//1839 1675//1839
f 1520//1840 1675//1840 1702//1840
f 1507//1841 1662//1841 1511//1841
f 1520//1842 1681//1842 1635//1842
f 1511//1843 1719//1843 1632//1843
f 1666//1844 1604//1844 1670//1844
f 1695//1845 1512//1845 1666//1845
f 1710//1666 2160//1666 2164//1666
f 1502//1662 1678//1662 1629//1662
f 1498//1660 1704//1660 1502//1660
f 1669//1650 1644//1650 1703//1650
f 1676//1665 1503//1665 1710//1665
f 1698//1846 1494//1846 1669//1846
f 1489//1644 1665//1644 1493//1644
f 1484//1847 1720//1847 1684//1847
f 1671//1848 1635//1848 1681//1848
f 1466//1849 1706//1849 1605//1849
f 1493//1646 1685//1646 1623//1646
f 1471//1850 1712//1850 1679//1850
f 1617//1630 1684//1630 1691//1630
f 1462//1851 1668//1851 1466//1851
f 1485//1852 1677//1852 1688//1852
f 1475//1853 1679//1853 1708//1853
f 1476//1854 1713//1854 1712//1854
f 1689//1855 1632//1855 1719//1855
f 1480//1856 1688//1856 1720//1856
f 1701//1857 1467//1857 1671//1857
f 1611//1858 1708//1858 1697//1858
f 1659//1859 1458//1859 1689//1859
f 1453//1860 1687//1860 1457//1860
f 1457//1861 2165//1861 1243//1861
f 1716//1862 1623//1862 1685//1862
f 1439//1863 1711//1863 1622//1863
f 1664//1864 1449//1864 1694//1864
f 1435//1865 1714//1865 1439//1865
f 1444//1568 1690//1568 1448//1568
f 1694//1574 1629//1574 1678//1574
f 1431//1866 1691//1866 1674//1866
f 1683//1867 1440//1867 1716//1867
f 1448//1570 1700//1570 1628//1570
f 1426//1541 1674//1541 1707//1541
f 1726//1868 1357//1868 1782//1868
f 1725//1784 1549//1784 1359//1784
f 1730//1869 1558//1869 1358//1869 1724//1869
f 1727//1870 1359//1870 1558//1870 1730//1870
f 1729//1871 1359//1871 1727//1871
f 1724//1872 1358//1872 1357//1872 1726//1872
f 1786//1873 1571//1873 1653//1873
f 1742//1874 1577//1874 1655//1874
f 1758//1783 1585//1783 1584//1783
f 1777//1777 1380//1777 1378//1777
f 1744//1875 1785//1875 1587//1875
f 1754//1876 1746//1876 1576//1876
f 1616//1538 1672//1538 1721//1538
f 1785//1877 1776//1877 1588//1877
f 1789//1878 1378//1878 1379//1878
f 1589//1879 2210//1879 1751//1879 1397//1879
f 1735//1880 1654//1880 1765//1880
f 1417//1881 1696//1881 1667//1881
f 1746//1882 1779//1882 1653//1882
f 1718//1883 1605//1883 1706//1883
f 1761//1770 1656//1770 1585//1770
f 1747//1884 1759//1884 1601//1884
f 1422//1885 1697//1885 1696//1885
f 1762//1886 1595//1886 1368//1886
f 1686//1887 1413//1887 1718//1887
f 1792//1771 1657//1771 1588//1771
f 1775//1762 1784//1762 1583//1762
f 1408//1888 1715//1888 1412//1888
f 1760//1889 1581//1889 1580//1889
f 1553//1890 1366//1890 1552//1890
f 1421//1891 1667//1891 1692//1891
f 1744//1437 1586//1437 1658//1437 1794//1437
f 1795//1892 1748//1892 1581//1892
f 1430//1893 1707//1893 1672//1893
f 1756//1894 1578//1894 1577//1894
f 1762//1895 1774//1895 1379//1895
f 1752//1896 1573//1896 1572//1896
f 1768//1897 1572//1897 1571//1897
f 1799//1898 1579//1898 1578//1898
f 1610//1899 1692//1899 1660//1899
f 1800//1900 1781//1900 1582//1900
f 1767//1901 1575//1901 1574//1901
f 1412//1902 1670//1902 1604//1902
f 1802//1903 1574//1903 1654//1903
f 1805//1904 1773//1904 1656//1904
f 1764//1905 1579//1905 1745//1905
f 1784//1744 1772//1744 1584//1744
f 1360//462 1554//462 1733//462
f 1396//1906 1392//1906 2206//1906
f 1590//1907 1505//1907 1510//1907 1589//1907
f 1744//1908 1794//1908 1367//1908
f 1594//1909 1794//1909 1658//1909
f 1590//1910 1591//1910 1509//1910 1505//1910
f 1956//1911 1955//1911 2064//1911
f 1810//1912 1816//1912 1809//1912
f 1822//1814 1352//1814 1808//1814
f 1820//1913 2059//1913 2051//1913
f 1814//1814 1808//1814 1821//1814
f 1808//996 1814//996 1822//996
f 1809//1912 1816//1912 1815//1912
f 1953//996 1352//996 1828//996
f 1812//1914 1820//1914 1826//1914
f 1827//1915 1813//1915 1812//1915
f 1956//1916 2065//1916 2266//1916
f 1815//1917 1816//1917 1829//1917
f 1816//996 1823//996 1831//996
f 1811//996 1349//996 1819//996
f 1820//1918 1825//1918 1832//1918
f 1832//1919 1826//1919 1820//1919
f 1812//1920 1826//1920 1827//1920
f 1833//1921 1808//1921 1827//1921
f 1821//1922 1808//1922 1833//1922
f 1830//1917 1815//1917 1829//1917
f 1816//996 1831//996 1829//996
f 1354//996 1353//996 1818//996
f 1824//996 1348//996 1834//996
f 1351//996 1349//996 1811//996
f 1837//1923 1832//1923 1825//1923
f 1826//996 1832//996 1838//996
f 1827//996 1826//996 1833//996
f 1828//996 1352//996 1822//996
f 1817//996 1354//996 1818//996
f 1829//1924 1839//1924 1830//1924
f 1840//996 1829//996 1831//996
f 1353//996 1351//996 1818//996
f 1834//1925 1350//1925 1828//1925
f 1347//996 1348//996 1824//996
f 1819//1925 1347//1925 1824//1925
f 1825//1926 1836//1926 1837//1926
f 1838//996 1832//996 1837//996
f 1826//1329 1838//1329 1833//1329
f 1349//996 1347//996 1819//996
f 1842//1924 1830//1924 1839//1924
f 1829//996 1840//996 1839//996
f 1818//996 1351//996 1811//996
f 1348//996 1350//996 1834//996
f 1843//1927 1844//1927 1841//1927
f 1836//1928 1835//1928 1844//1928
f 1844//1929 1837//1929 1836//1929
f 1845//996 1838//996 1837//996
f 1839//1930 1846//1930 1842//1930
f 1847//996 1839//996 1840//996
f 1841//1931 1727//1931 1730//1931
f 1841//1932 1731//1932 1727//1932
f 1841//1933 1844//1933 1835//1933
f 1837//996 1844//996 1849//996
f 1845//996 1837//996 1849//996
f 1846//1934 1839//1934 1850//1934
f 1839//996 1847//996 1850//996
f 1725//1935 1848//1935 1732//1935
f 1724//1936 1843//1936 1730//1936
f 1843//996 1726//996 1849//996
f 1844//996 1843//996 1849//996
f 1851//996 1845//996 1849//996
f 1850//1937 1852//1937 1846//1937
f 1853//996 1850//996 1847//996
f 1854//1938 1732//1938 1848//1938
f 1728//1939 1854//1939 1722//1939
f 1726//1940 1843//1940 1724//1940
f 1849//1329 1855//1329 1851//1329
f 1856//1941 1846//1941 1852//1941
f 1850//996 1853//996 1852//996
f 1722//1942 1854//1942 1723//1942
f 1854//1943 1848//1943 1858//1943
f 1843//1944 1841//1944 1730//1944
f 1849//996 1859//996 1855//996
f 1860//996 1852//996 1853//996
f 1861//1945 1848//1945 1857//1945
f 1862//1946 2166//1946 1854//1946
f 1848//1943 1863//1943 1858//1943
f 1854//1947 2166//1947 1723//1947
f 2504//1814 2526//1814 1869//1814
f 844//1948 871//1948 948//1948
f 1859//996 1864//996 1855//996
f 1865//1949 1848//1949 1861//1949
f 1841//467 2034//467 2026//467
f 1863//1949 1848//1949 1865//1949
f 1731//1950 2026//1950 2018//1950
f 1852//996 2500//996 2524//996
f 1864//996 1859//996 1866//996
f 1841//1951 1835//1951 2034//1951
f 1848//1952 2018//1952 1857//1952
f 1731//1953 1841//1953 2026//1953
f 1848//1954 1731//1954 2018//1954
f 2514//996 2521//996 1869//996
f 1866//996 1868//996 1864//996
f 2521//1925 2513//1925 1869//1925
f 1868//996 1866//996 1869//996
f 1776//1955 1785//1955 1910//1955
f 1856//1956 1852//1956 2524//1956 1927//1956
f 2502//996 2520//996 1869//996
f 1870//996 1868//996 1869//996
f 844//1957 948//1957 954//1957
f 1774//1958 1762//1958 1896//1958 1908//1958
f 1759//1007 1747//1007 1883//1007 1893//1007
f 1802//1008 1735//1008 1872//1008 1933//1008
f 1797//1009 1752//1009 1887//1009 1928//1009
f 1767//1010 1802//1010 1933//1010 1901//1010
f 1368//1011 1797//1011 1928//1011 1871//1011
f 1783//1012 1771//1012 1905//1012 1916//1012
f 1791//1959 1753//1959 1888//1959 1923//1959
f 1766//1014 1763//1014 1897//1014 1900//1014
f 1798//1960 1768//1960 1902//1960 1929//1960
f 1780//1016 1791//1016 1923//1016 1914//1016
f 1746//1017 1754//1017 1889//1017 1882//1017
f 1803//1014 1736//1014 1873//1014 1934//1014
f 1752//1961 1798//1961 1929//1961 1887//1961
f 1741//1033 1764//1033 1898//1033 1878//1033
f 1743//1019 1803//1019 1934//1019 1880//1019
f 1737//1020 1759//1020 1893//1020 1874//1020
f 1749//1018 1739//1018 1876//1018 1885//1018
f 1762//1022 1368//1022 1871//1022 1896//1022
f 1804//1019 1770//1019 1904//1019 1935//1019
f 1750//1023 1740//1023 1877//1023 1886//1023
f 1799//1024 1756//1024 1890//1024 1930//1024
f 1771//1012 1804//1012 1935//1012 1905//1012
f 1745//1025 1799//1025 1930//1025 1881//1025
f 1786//1026 1779//1026 1913//1026 1918//1026
f 1736//1058 1766//1058 1900//1058 1873//1058
f 1805//1962 1761//1962 1895//1962 1936//1962
f 1768//1963 1786//1963 1918//1963 1902//1963
f 1773//1052 1805//1052 1936//1052 1907//1052
f 1795//1964 1760//1964 1894//1964 1926//1964
f 1748//1030 1795//1030 1926//1030 1884//1030
f 1792//1965 1776//1965 1910//1965 1924//1965
f 1742//1024 1781//1024 1915//1024 1879//1024
f 1739//1018 1741//1018 1878//1018 1876//1018
f 1775//1034 1792//1034 1924//1034 1909//1034
f 1777//1035 1789//1035 1921//1035 1911//1035
f 1800//1036 1748//1036 1884//1036 1931//1036
f 1796//1037 1783//1037 1916//1037 1927//1037
f 1784//1038 1775//1038 1909//1038 1917//1038
f 1789//1966 1774//1966 1908//1966 1921//1966
f 1787//1047 1769//1047 1903//1047 1919//1047
f 1781//1967 1800//1967 1931//1967 1915//1967
f 1740//1023 1796//1023 1927//1023 1877//1023
f 1778//1043 1787//1043 1919//1043 1912//1043
f 1790//1023 1750//1023 1886//1023 1922//1023
f 1806//1044 1778//1044 1912//1044 1937//1044
f 1801//1045 1767//1045 1901//1045 1932//1045
f 1753//1959 1737//1959 1874//1959 1888//1959
f 1769//1047 1790//1047 1922//1047 1903//1047
f 1738//1326 1806//1326 1937//1326 1875//1326
f 1758//1049 1772//1049 1906//1049 1892//1049
f 1754//1050 1801//1050 1932//1050 1889//1050
f 1770//1051 1757//1051 1891//1051 1904//1051
f 1757//1019 1743//1019 1880//1019 1891//1019
f 1756//1032 1742//1032 1879//1032 1890//1032
f 1788//1968 1777//1968 1911//1968 1920//1968
f 1760//1028 1773//1028 1907//1028 1894//1028
f 1764//1021 1745//1021 1881//1021 1898//1021
f 1747//1053 1788//1053 1920//1053 1883//1053
f 1735//1054 1765//1054 1899//1054 1872//1054
f 1765//1326 1738//1326 1875//1326 1899//1326
f 1793//1969 1749//1969 1885//1969 1925//1969
f 1779//1057 1746//1057 1882//1057 1913//1057
f 1763//1058 1793//1058 1925//1058 1897//1058
f 1761//1059 1758//1059 1892//1059 1895//1059
f 1772//1970 1784//1970 1917//1970 1906//1970
f 1815//1971 1830//1971 1363//1971 1553//1971
f 1830//1972 1842//1972 1362//1972 1363//1972
f 1809//1973 1815//1973 1553//1973 1355//1973
f 1725//1935 1729//1935 1848//1935
f 1729//1974 1731//1974 1848//1974
f 2511//1814 2518//1814 1869//1814
f 2522//1975 2503//1975 1852//1975
f 1852//996 1867//996 1869//996
f 1780//1064 1914//1064 1938//1064
f 1402//1976 1780//1976 1938//1976
f 2463//1071 1939//1071 1938//1071
f 1371//1977 1596//1977 1939//1977
f 2497//996 2509//996 1852//996
f 1755//1978 1859//1978 1782//1978
f 2499//1979 2529//1979 1852//1979
f 2526//1980 2511//1980 1869//1980
f 2509//1816 2499//1816 1852//1816
f 1370//1981 1371//1981 1939//1981
f 2527//996 1869//996 2506//996
f 2512//996 2522//996 1852//996
f 2513//1814 2508//1814 1869//1814
f 2520//1925 2514//1925 1869//1925
f 1852//996 2503//996 2500//996
f 2516//1982 2501//1982 1869//1982
f 2501//1983 2506//1983 1869//1983
f 2525//1983 2504//1983 1869//1983
f 2496//1983 2525//1983 1869//1983
f 2527//996 2510//996 1869//996
f 1869//996 2497//996 1852//996
f 2510//996 2528//996 1869//996
f 2463//1984 1375//1984 1939//1984
f 1904//1985 1856//1985 1935//1985
f 1856//1986 1916//1986 1905//1986
f 1891//1987 1856//1987 1904//1987
f 1880//1988 1856//1988 1891//1988
f 1362//1989 1895//1989 1892//1989
f 1934//1987 1856//1987 1880//1987
f 1873//1990 1856//1990 1934//1990
f 1900//1991 1846//1991 1873//1991
f 1897//1991 1846//1991 1900//1991
f 1856//1992 1927//1992 1916//1992
f 1925//1993 1846//1993 1897//1993
f 1885//1994 1846//1994 1925//1994
f 1876//1993 1846//1993 1885//1993
f 1878//1995 1846//1995 1876//1995
f 1898//1995 1846//1995 1878//1995
f 1881//1996 1846//1996 1898//1996
f 1930//1997 1846//1997 1881//1997
f 1890//1998 1846//1998 1930//1998
f 1879//1999 1842//1999 1890//1999
f 1910//2000 1785//2000 1365//2000
f 1915//2001 1842//2001 1879//2001
f 1924//2002 1910//2002 1365//2002
f 1846//1971 1856//1971 1873//1971
f 1884//2003 1842//2003 1931//2003
f 871//2004 815//2004 938//2004
f 1909//2005 1924//2005 1365//2005
f 1917//2006 1909//2006 1365//2006
f 1926//2007 1842//2007 1884//2007
f 1906//2008 1917//2008 1365//2008
f 1926//2009 1894//2009 1842//2009
f 1892//2010 1906//2010 1365//2010
f 1894//2011 1907//2011 1842//2011
f 1365//2012 1362//2012 1892//2012
f 1907//2011 1936//2011 1842//2011
f 1375//2013 1866//2013 1755//2013
f 2498//996 2507//996 1869//996
f 1856//1988 1905//1988 1935//1988
f 2523//1979 2505//1979 1869//1979
f 1362//2014 1936//2014 1895//2014
f 2517//1329 2523//1329 1869//1329
f 464//2015 844//2015 954//2015
f 1860//996 1867//996 1852//996
f 1842//2016 1936//2016 1362//2016
f 2516//2017 1869//2017 2518//2017
f 1915//1999 1931//1999 1842//1999
f 2517//2018 1869//2018 2463//2018
f 2505//2019 2498//2019 1869//2019
f 2508//1925 2496//1925 1869//1925
f 1782//2020 1859//2020 1849//2020
f 1755//2021 1866//2021 1859//2021
f 1596//2022 1402//2022 1938//2022
f 1596//2023 1938//2023 1939//2023
f 2507//996 2502//996 1869//996
f 1842//2024 1846//2024 1890//2024
f 1956//2025 2064//2025 2065//2025
f 2168//2026 1148//2026 1954//2026
f 1148//2027 2060//2027 1954//2027
f 2060//2027 2061//2027 1954//2027
f 2051//2028 1825//2028 1820//2028
f 2042//2029 1825//2029 2051//2029
f 1835//2030 1836//2030 2042//2030 2034//2030
f 2042//2031 1836//2031 1825//2031
f 1812//2032 2059//2032 1820//2032
f 2059//2033 1812//2033 1813//2033
f 1854//2034 1997//2034 2006//2034 1862//2034
f 1857//2035 2005//2035 2009//2035 1861//2035
f 1863//2036 2008//2036 2010//2036 1858//2036
f 2003//2037 2073//2037 2074//2037 2004//2037
f 2004//2038 2074//2038 2005//2038 1857//2038
f 2000//2039 2070//2039 2071//2039 2001//2039
f 1861//2040 2009//2040 2007//2040 1865//2040
f 1999//2041 2069//2041 2070//2041 2000//2041
f 1817//996 1807//996 1354//996
f 1823//1329 1807//1329 1817//1329
f 1816//996 1807//996 1823//996
f 1816//996 1810//996 1807//996
f 1810//2042 1809//2042 1356//2042
f 1356//2043 1809//2043 1355//2043
f 1356//2044 1557//2044 1810//2044
f 1557//2045 1361//2045 1810//2045
f 1807//996 1810//996 1354//996
f 1940//2046 1947//2046 1946//2046 2167//2046
f 1954//2047 1960//2047 1244//2047 2168//2047
f 1960//2048 1965//2048 1052//2048 1244//2048
f 1965//2049 1970//2049 1058//2049 1052//2049
f 1970//2050 1975//2050 1064//2050 1058//2050
f 1975//2051 1980//2051 1070//2051 1064//2051
f 1980//2052 1986//2052 1985//2052 1070//2052
f 1986//2053 1991//2053 2169//2053 1985//2053
f 1991//2054 1940//2054 2167//2054 2169//2054
f 1941//1137 1948//1137 1947//1137 1940//1137
f 1955//2055 1961//2055 1960//2055 1954//2055
f 1961//1139 1966//1139 1965//1139 1960//1139
f 1966//1140 1971//1140 1970//1140 1965//1140
f 1971//1141 1976//1141 1975//1141 1970//1141
f 1976//1151 1981//1151 1980//1151 1975//1151
f 1981//2056 1987//2056 1986//2056 1980//2056
f 1987//1144 1992//1144 1991//1144 1986//1144
f 1992//1149 1941//1149 1940//1149 1991//1149
f 1942//2057 1949//2057 1948//2057 1941//2057
f 1956//2058 1962//2058 1961//2058 1955//2058
f 1962//2059 1967//2059 1966//2059 1961//2059
f 1967//1140 1972//1140 1971//1140 1966//1140
f 1972//2060 1977//2060 1976//2060 1971//2060
f 1977//1151 1982//1151 1981//1151 1976//1151
f 1982//1143 1988//1143 1987//1143 1981//1143
f 1988//1144 1993//1144 1992//1144 1987//1144
f 1993//1145 1942//1145 1941//1145 1992//1145
f 1943//1137 1950//1137 1949//1137 1942//1137
f 1957//2061 1963//2061 1962//2061 1956//2061
f 1963//1139 1968//1139 1967//1139 1962//1139
f 1968//1140 1973//1140 1972//1140 1967//1140
f 1973//2062 1978//2062 1977//2062 1972//2062
f 1978//1151 1983//1151 1982//1151 1977//1151
f 1983//1143 1989//1143 1988//1143 1982//1143
f 1989//1144 1994//1144 1993//1144 1988//1144
f 1994//1145 1943//1145 1942//1145 1993//1145
f 1944//2063 1951//2063 1950//2063 1943//2063
f 1958//2064 1964//2064 1963//2064 1957//2064
f 1964//2065 1969//2065 1968//2065 1963//2065
f 1969//2066 1974//2066 1973//2066 1968//2066
f 1974//2067 1979//2067 1978//2067 1973//2067
f 1979//2068 1984//2068 1983//2068 1978//2068
f 1984//2069 1990//2069 1989//2069 1983//2069
f 1990//2070 1995//2070 1994//2070 1989//2070
f 1995//2071 1944//2071 1943//2071 1994//2071
f 1945//467 1952//467 1951//467 1944//467
f 1959//467 1964//467 1958//467
f 1969//467 2220//467 1974//467
f 1964//467 2220//467 1969//467
f 1996//467 1945//467 1944//467 1995//467
f 1865//2072 2007//2072 2008//2072 1863//2072
f 2170//2073 2175//2073 2068//2073 1998//2073
f 2001//2074 2071//2074 2072//2074 2002//2074
f 1858//2075 2010//2075 1997//2075 1854//2075
f 1998//2076 2068//2076 2069//2076 1999//2076
f 2002//2077 2072//2077 2073//2077 2003//2077
f 2011//2078 2019//2078 2172//2078 2171//2078
f 2019//2079 2027//2079 2173//2079 2172//2079
f 2027//2080 2035//2080 2174//2080 2173//2080
f 2035//2081 2044//2081 2043//2081 2174//2081
f 2044//2082 2052//2082 1245//2082 2043//2082
f 2012//2083 2020//2083 2019//2083 2011//2083
f 2020//2084 2028//2084 2027//2084 2019//2084
f 2028//2085 2036//2085 2035//2085 2027//2085
f 2036//2086 2045//2086 2044//2086 2035//2086
f 2045//2087 2053//2087 2052//2087 2044//2087
f 2013//2088 2021//2088 2020//2088 2012//2088
f 2021//2089 2029//2089 2028//2089 2020//2089
f 2029//2090 2037//2090 2036//2090 2028//2090
f 2037//2091 2046//2091 2045//2091 2036//2091
f 2046//2092 2054//2092 2053//2092 2045//2092
f 2014//2093 2022//2093 2021//2093 2013//2093
f 2022//2094 2030//2094 2029//2094 2021//2094
f 2030//2095 2038//2095 2037//2095 2029//2095
f 2038//2096 2047//2096 2046//2096 2037//2096
f 2047//2097 2055//2097 2054//2097 2046//2097
f 1998//2098 2011//2098 2171//2098 2170//2098
f 1999//2099 2012//2099 2011//2099 1998//2099
f 2015//2100 2023//2100 2022//2100 2014//2100
f 2023//2101 2031//2101 2030//2101 2022//2101
f 2031//2102 2039//2102 2038//2102 2030//2102
f 2039//2103 2048//2103 2047//2103 2038//2103
f 2048//2104 2056//2104 2055//2104 2047//2104
f 2000//2105 2013//2105 2012//2105 1999//2105
f 2001//2106 2014//2106 2013//2106 2000//2106
f 2016//2107 2024//2107 2023//2107 2015//2107
f 2024//2108 2032//2108 2031//2108 2023//2108
f 2032//2109 2040//2109 2039//2109 2031//2109
f 2040//2110 2049//2110 2048//2110 2039//2110
f 2049//2111 2057//2111 2056//2111 2048//2111
f 2002//2112 2015//2112 2014//2112 2001//2112
f 2003//2113 2016//2113 2015//2113 2002//2113
f 2017//2114 2025//2114 2024//2114 2016//2114
f 2025//2115 2033//2115 2032//2115 2024//2115
f 2033//2116 2041//2116 2040//2116 2032//2116
f 2041//2117 2050//2117 2049//2117 2040//2117
f 2050//2118 2058//2118 2057//2118 2049//2118
f 2004//2119 2017//2119 2016//2119 2003//2119
f 1857//2120 2018//2120 2017//2120 2004//2120
f 2018//2121 2026//2121 2025//2121 2017//2121
f 2026//2122 2034//2122 2033//2122 2025//2122
f 2034//2123 2042//2123 2041//2123 2033//2123
f 2042//2124 2051//2124 2050//2124 2041//2124
f 2051//2125 2059//2125 2058//2125 2050//2125
f 2061//2027 2062//2027 1954//2027
f 2062//2126 2063//2126 1954//2126
f 2212//1297 2214//1297 2215//1297 2211//1297
f 2064//2127 1955//2127 1954//2127 2063//2127
f 2125//2128 2124//2128 2009//2128
f 2126//2129 2125//2129 2009//2129
f 2436//2130 2435//2130 2082//2130 2131//2130 2071//2130 2132//2130 2083//2130
f 2133//2131 2132//2131 2071//2131
f 2135//2132 2134//2132 2070//2132
f 2441//2133 2088//2133 2089//2133 2442//2133
f 2452//2134 2451//2134 2098//2134 2146//2134 2007//2134 2147//2134 2099//2134
f 2147//2135 2124//2135 2076//2135 2099//2135
f 2145//2136 2146//2136 2098//2136 2097//2136
f 2144//2137 2145//2137 2097//2137 2096//2137
f 2143//2138 2144//2138 2096//2138 2095//2138
f 2142//2139 2143//2139 2095//2139 2094//2139
f 2141//2140 2142//2140 2094//2140 2093//2140
f 2140//2141 2141//2141 2093//2141 2092//2141
f 2139//2142 2140//2142 2092//2142 2091//2142
f 2139//2143 2091//2143 2090//2143
f 2138//2144 1228//2144 1179//2144 2089//2144
f 2136//2145 2137//2145 2088//2145 2087//2145
f 2135//2146 2136//2146 2087//2146 2086//2146
f 2439//2147 2438//2147 2085//2147 2086//2147
f 2133//2148 2134//2148 2085//2148 2084//2148
f 2437//2149 2436//2149 2083//2149 2084//2149
f 2130//2150 2131//2150 2082//2150 2081//2150
f 2129//2151 2130//2151 2081//2151 2080//2151
f 2128//2152 2129//2152 2080//2152 2079//2152
f 2127//2153 2128//2153 2079//2153 2078//2153
f 2126//2154 2127//2154 2078//2154 2077//2154
f 2430//2155 2429//2155 2075//2155 2077//2155
f 2429//2156 2427//2156 2076//2156 2075//2156
f 2452//2157 2427//2157 2123//2157 2122//2157
f 2450//2158 2451//2158 2121//2158 2120//2158
f 2449//2159 2450//2159 2120//2159 2119//2159
f 2448//2160 2449//2160 2119//2160 2118//2160
f 2447//2161 2448//2161 2118//2161 2117//2161
f 2446//2162 2447//2162 2117//2162 2116//2162
f 2445//2163 2446//2163 2116//2163 2115//2163
f 2444//2164 2445//2164 2115//2164 2114//2164
f 2453//2165 2444//2165 2114//2165 2176//2165
f 2442//2166 2358//2166 1246//2166 2113//2166
f 2440//2167 2441//2167 2112//2167 2111//2167
f 2439//2168 2440//2168 2111//2168 2110//2168
f 2437//2169 2438//2169 2109//2169 2108//2169
f 2434//2170 2435//2170 2106//2170 2105//2170
f 2433//2171 2434//2171 2105//2171 2104//2171
f 2432//2172 2433//2172 2104//2172 2103//2172
f 2431//2173 2432//2173 2103//2173 2102//2173
f 2430//2174 2431//2174 2102//2174 2101//2174
f 2009//2175 2005//2175 2127//2175 2126//2175
f 2005//2176 2074//2176 2128//2176 2127//2176
f 2074//2177 2073//2177 2129//2177 2128//2177
f 2073//2178 2072//2178 2130//2178 2129//2178
f 2072//2179 2071//2179 2131//2179 2130//2179
f 2071//2180 2070//2180 2134//2180 2133//2180
f 2070//2181 2069//2181 2136//2181 2135//2181
f 2069//2182 2068//2182 2137//2182 2136//2182
f 2068//2183 2175//2183 1228//2183 2138//2183
f 2006//2184 2140//2184 2139//2184
f 2006//2185 2141//2185 2140//2185
f 2006//2186 2142//2186 2141//2186
f 2006//2187 1997//2187 2143//2187 2142//2187
f 1997//2188 2010//2188 2144//2188 2143//2188
f 2010//2189 2008//2189 2145//2189 2144//2189
f 2008//2190 2007//2190 2146//2190 2145//2190
f 2007//2191 2009//2191 2124//2191 2147//2191
f 2086//2192 2085//2192 2134//2192 2135//2192
f 2084//2193 2083//2193 2132//2193 2133//2193
f 2077//2194 2075//2194 2125//2194 2126//2194
f 2075//2195 2076//2195 2124//2195 2125//2195
f 2088//2196 2137//2196 2138//2196 2089//2196
f 2137//2197 2068//2197 2138//2197
f 1950//1293 2179//1293 2180//1293 1949//1293
f 1951//1289 2178//1289 2179//1289 1950//1289
f 1590//2198 1393//2198 1398//2198 1591//2198
f 443//467 442//467 1259//467
f 2220//467 1964//467 1959//467
f 2454//1292 2150//1292 2149//1292 2455//1292
f 1948//1289 2181//1289 2182//1289 1947//1289
f 1952//2199 2177//2199 2178//2199 1951//2199
f 1947//1289 2182//1289 2183//1289 1946//1289
f 1949//1293 2180//1293 2181//1293 1948//1293
f 2443//2200 2152//2200 2151//2200 2428//2200
f 2456//467 2154//467 2153//467 2457//467
f 2455//1292 2149//1292 2148//1292 2426//1292
f 2428//1292 2151//1292 2150//1292 2454//1292
f 2457//1292 2153//1292 2152//1292 2443//1292
f 2223//467 1996//467 1979//467
f 2190//1295 2218//1295 2219//1295 2188//1295
f 1810//2201 1361//2201 2191//2201
f 1350//996 1348//996 2185//996 2187//996
f 1352//996 1953//996 2189//996
f 1808//1814 1352//1814 2189//1814 2264//1814
f 1953//996 1350//996 2187//996 2189//996
f 1349//996 1351//996 2188//996 2186//996
f 1351//996 1353//996 2190//996 2188//996
f 1348//996 1347//996 2184//996 2185//996
f 1347//996 1349//996 2186//996 2184//996
f 1259//467 1260//467 899//467
f 1338//1297 2216//1297 2214//1297 2212//1297
f 2184//1298 2223//1298 2222//1298 2185//1298
f 2191//950 2217//950 2218//950 2190//950
f 2268//1299 1808//1299 2264//1299 2265//1299
f 2186//1300 2221//1300 2223//1300 2184//1300
f 2191//1301 1733//1301 2217//1301
f 1336//462 1338//462 2212//462 2207//462
f 1265//2202 2197//2202 2162//2202
f 2197//2203 2198//2203 1456//2203 2162//2203
f 2198//2204 2199//2204 1451//2204 1456//2204
f 2199//2205 2200//2205 1455//2205 1451//2205
f 2203//2206 2204//2206 2196//2206 2195//2206
f 2202//2207 2203//2207 2195//2207 2194//2207
f 2201//2208 2202//2208 2194//2208 2193//2208
f 1270//2209 2201//2209 2193//2209 2192//2209
f 2195//2210 2196//2210 2200//2210 2199//2210
f 2194//2211 2195//2211 2199//2211 2198//2211
f 2193//2212 2194//2212 2198//2212 2197//2212
f 2192//2213 2193//2213 2197//2213 1265//2213
f 1339//462 1335//462 2201//462 1270//462
f 1335//462 1334//462 2202//462 2201//462
f 1334//462 1337//462 2203//462 2202//462
f 1337//462 1336//462 2204//462 2203//462
f 2209//462 1734//462 2206//462
f 2208//462 2204//462 1336//462 2207//462
f 2206//462 2205//462 2209//462
f 2206//462 2208//462 2207//462 2205//462
f 1734//462 1396//462 2206//462
f 2210//2214 2200//2214 2196//2214 1751//2214
f 1455//2215 2200//2215 2210//2215 1634//2215
f 1634//2216 2210//2216 1589//2216 1510//2216
f 2196//2217 2204//2217 2208//2217 1751//2217
f 2208//2218 2206//2218 1751//2218
f 1751//2219 2206//2219 1392//2219 1397//2219
f 2207//462 2212//462 2211//462 2205//462
f 2205//462 2211//462 1733//462 2209//462
f 1554//462 1734//462 2209//462 1733//462
f 1733//2220 2213//2220 2217//2220
f 1396//2221 1556//2221 1391//2221
f 1360//463 1733//463 2191//463
f 1360//2222 2191//2222 1361//2222
f 2185//1324 2222//1324 2220//1324 2187//1324
f 2211//1297 2215//1297 2213//1297 1733//1297
f 2188//1325 2219//1325 2221//1325 2186//1325
f 2218//950 2213//950 1945//950
f 1959//2223 2189//2223 2187//2223
f 2187//1326 2220//1326 1959//1326
f 1288//950 1033//950 1283//950
f 2218//467 1945//467 1996//467
f 1340//950 1341//950 1945//950
f 2218//467 1996//467 2219//467
f 1342//950 1340//950 1945//950
f 2216//2224 1342//2224 1945//2224
f 2214//950 2216//950 1945//950
f 2215//950 2214//950 1945//950
f 2213//950 2215//950 1945//950
f 2217//950 2213//950 2218//950
f 1945//950 1341//950 1343//950
f 1974//467 2220//467 2222//467
f 2222//467 1979//467 1974//467
f 2221//467 1996//467 2223//467
f 2219//467 1996//467 2221//467
f 1984//856 1979//856 1996//856
f 1990//467 1984//467 1996//467
f 2223//467 1979//467 2222//467
f 1996//467 1995//467 1990//467
f 2233//1314 1340//1314 1345//1314
f 2225//462 2239//462 1339//462
f 2241//2225 2240//2225 1341//2225
f 2243//466 1334//466 2224//466
f 1345//1297 2242//1297 2226//1297
f 1334//462 2243//462 1345//462
f 2224//462 1334//462 1335//462
f 1341//2226 1340//2226 2228//2226
f 2228//462 1340//462 2229//462
f 2237//2227 1345//2227 2226//2227
f 2236//462 1345//462 2237//462
f 1340//1314 2230//1314 2229//1314
f 1340//1314 2231//1314 2230//1314
f 2235//462 1345//462 2236//462
f 2234//462 1345//462 2235//462
f 1340//2225 2232//2225 2231//2225
f 2233//2228 1345//2228 2234//2228
f 1340//2229 2233//2229 2232//2229
f 1343//2230 1341//2230 2227//2230
f 2241//2231 1341//2231 2228//2231
f 2227//2226 1341//2226 2240//2226
f 2226//2232 2245//2232 2256//2232 2237//2232
f 2238//2233 2257//2233 1346//2233 2224//2233
f 2239//2234 2258//2234 2257//2234 2238//2234
f 2225//2235 2244//2235 2258//2235 2239//2235
f 2240//2236 2259//2236 2246//2236 2227//2236
f 2229//2237 2248//2237 2247//2237 2228//2237
f 2241//2238 2260//2238 2259//2238 2240//2238
f 2230//2239 2249//2239 2248//2239 2229//2239
f 2228//2240 2247//2240 2260//2240 2241//2240
f 2231//2241 2250//2241 2249//2241 2230//2241
f 2232//2242 2251//2242 2250//2242 2231//2242
f 2233//2243 2252//2243 2251//2243 2232//2243
f 2234//2244 2253//2244 2252//2244 2233//2244
f 2242//2245 2261//2245 2245//2245 2226//2245
f 2235//2246 2254//2246 2253//2246 2234//2246
f 2243//2247 2262//2247 2261//2247 2242//2247
f 2236//2248 2255//2248 2254//2248 2235//2248
f 2224//2249 1346//2249 2262//2249 2243//2249
f 2237//2250 2256//2250 2255//2250 2236//2250
f 2254//2251 2263//2251 2253//2251
f 2262//2252 2263//2252 2261//2252
f 2255//2253 2263//2253 2254//2253
f 1346//2254 2263//2254 2262//2254
f 2256//2255 2263//2255 2255//2255
f 2245//2256 2263//2256 2256//2256
f 2257//2257 2263//2257 1346//2257
f 2258//2258 2263//2258 2257//2258
f 2244//2259 2263//2259 2258//2259
f 2259//2260 2263//2260 2246//2260
f 2248//2261 2263//2261 2247//2261
f 2260//2262 2263//2262 2259//2262
f 2249//2263 2263//2263 2248//2263
f 2247//2264 2263//2264 2260//2264
f 2250//2265 2263//2265 2249//2265
f 2251//2266 2263//2266 2250//2266
f 2252//2267 2263//2267 2251//2267
f 2253//2268 2263//2268 2252//2268
f 2261//2269 2263//2269 2245//2269
f 2189//2270 1959//2270 2265//2270 2264//2270
f 1957//2271 2267//2271 2268//2271 1958//2271
f 1956//2272 2266//2272 2267//2272 1957//2272
f 2266//2273 2065//2273 2066//2273
f 2266//2274 2066//2274 2067//2274
f 1813//2275 2266//2275 2067//2275
f 1827//2276 2266//2276 1813//2276
f 2266//1410 1827//1410 2267//1410
f 2267//2276 1827//2276 2268//2276
f 1827//1410 1808//1410 2268//1410
f 2265//467 1959//467 1958//467
f 2268//467 2265//467 1958//467
f 2067//2277 2066//2277 2058//2277
f 2066//2278 2065//2278 2057//2278 2058//2278
f 2065//2279 2064//2279 2056//2279 2057//2279
f 2064//2280 2063//2280 2055//2280 2056//2280
f 2063//2281 2062//2281 2054//2281 2055//2281
f 2062//2282 2061//2282 2053//2282 2054//2282
f 2061//2283 2060//2283 2052//2283 2053//2283
f 2060//2284 1148//2284 1245//2284 2052//2284
f 1813//2285 2067//2285 2058//2285 2059//2285
f 2178//1292 2457//1292 2443//1292 2179//1292
f 2180//1292 2428//1292 2454//1292 2181//1292
f 2182//1292 2455//1292 2426//1292 2183//1292
f 2177//467 2456//467 2457//467 2178//467
f 2179//1292 2443//1292 2428//1292 2180//1292
f 2181//1292 2454//1292 2455//1292 2182//1292
f 2077//2286 2078//2286 2431//2286 2430//2286
f 2078//2287 2079//2287 2432//2287 2431//2287
f 2079//2288 2080//2288 2433//2288 2432//2288
f 2080//2289 2081//2289 2434//2289 2433//2289
f 2081//2290 2082//2290 2435//2290 2434//2290
f 2084//2291 2085//2291 2438//2291 2437//2291
f 2086//2292 2087//2292 2440//2292 2439//2292
f 2087//2293 2088//2293 2441//2293 2440//2293
f 2089//2294 1179//2294 2358//2294 2442//2294
f 2090//2295 2091//2295 2444//2295 2453//2295
f 2091//2296 2092//2296 2445//2296 2444//2296
f 2092//2297 2093//2297 2446//2297 2445//2297
f 2093//2298 2094//2298 2447//2298 2446//2298
f 2094//2299 2095//2299 2448//2299 2447//2299
f 2095//2300 2096//2300 2449//2300 2448//2300
f 2096//2301 2097//2301 2450//2301 2449//2301
f 2097//2302 2098//2302 2451//2302 2450//2302
f 2099//2303 2076//2303 2427//2303 2452//2303
f 2100//2304 2123//2304 2427//2304 2429//2304
f 2101//2305 2100//2305 2429//2305 2430//2305
f 2108//2306 2107//2306 2436//2306 2437//2306
f 2110//2307 2109//2307 2438//2307 2439//2307
f 2122//2308 2121//2308 2451//2308 2452//2308
f 2112//2309 2441//2309 2442//2309 2113//2309
f 2107//2310 2106//2310 2435//2310 2436//2310
f 1542//2311 1645//2311 2425//2311 2410//2311
f 1540//2312 1542//2312 2410//2312 2408//2312
f 1544//2313 2409//2313 2419//2313 1627//2313
f 1540//2314 2408//2314 2409//2314 1544//2314
f 1533//2315 1642//2315 2424//2315 2407//2315
f 1531//2316 1533//2316 2407//2316 2405//2316
f 1535//2317 2406//2317 2417//2317 1621//2317
f 1531//2318 2405//2318 2406//2318 1535//2318
f 1524//2319 1639//2319 2423//2319 2404//2319
f 1522//2320 1524//2320 2404//2320 2402//2320
f 1526//2321 2403//2321 2415//2321 1615//2321
f 1522//2322 2402//2322 2403//2322 1526//2322
f 1515//2323 1636//2323 2422//2323 2401//2323
f 1513//2324 1515//2324 2401//2324 2399//2324
f 1517//2325 2400//2325 2413//2325 1609//2325
f 1513//2326 2399//2326 2400//2326 1517//2326
f 1506//2327 1633//2327 2421//2327 2398//2327
f 1504//2328 1506//2328 2398//2328 2396//2328
f 1508//2329 2397//2329 2411//2329 1603//2329
f 1504//2330 2396//2330 2397//2330 1508//2330
f 1497//2331 1630//2331 2420//2331 2395//2331
f 1495//2332 1497//2332 2395//2332 2393//2332
f 1499//2333 2394//2333 2458//2333 2159//2333
f 1495//2334 2393//2334 2394//2334 1499//2334
f 1488//2335 1624//2335 2418//2335 2392//2335
f 1486//2336 1488//2336 2392//2336 2390//2336
f 1490//2337 2391//2337 2425//2337 1645//2337
f 1486//2338 2390//2338 2391//2338 1490//2338
f 1479//2339 1618//2339 2416//2339 2389//2339
f 1477//2340 1479//2340 2389//2340 2387//2340
f 1481//2341 2388//2341 2424//2341 1642//2341
f 1477//2342 2387//2342 2388//2342 1481//2342
f 1470//2343 1612//2343 2414//2343 2386//2343
f 1468//2344 1470//2344 2386//2344 2384//2344
f 1472//2345 2385//2345 2423//2345 1639//2345
f 1468//2346 2384//2346 2385//2346 1472//2346
f 1461//2347 1606//2347 2412//2347 2383//2347
f 1459//2348 1461//2348 2383//2348 2381//2348
f 1463//2349 2382//2349 2422//2349 1636//2349
f 1459//2350 2381//2350 2382//2350 1463//2350
f 1452//2351 2161//2351 2459//2351 2380//2351
f 1450//2352 1452//2352 2380//2352 2378//2352
f 1454//2353 2379//2353 2421//2353 1633//2353
f 1450//2354 2378//2354 2379//2354 1454//2354
f 1443//2355 1627//2355 2419//2355 2377//2355
f 1441//2356 1443//2356 2377//2356 2375//2356
f 1445//2357 2376//2357 2420//2357 1630//2357
f 1441//2358 2375//2358 2376//2358 1445//2358
f 1434//2359 1621//2359 2417//2359 2374//2359
f 1432//2360 1434//2360 2374//2360 2372//2360
f 1436//2361 2373//2361 2418//2361 1624//2361
f 1432//2362 2372//2362 2373//2362 1436//2362
f 1425//2363 1615//2363 2415//2363 2371//2363
f 1423//2364 1425//2364 2371//2364 2369//2364
f 1427//2365 2370//2365 2416//2365 1618//2365
f 1423//2366 2369//2366 2370//2366 1427//2366
f 1416//2367 1609//2367 2413//2367 2368//2367
f 1414//2368 1416//2368 2368//2368 2366//2368
f 1418//2369 2367//2369 2414//2369 1612//2369
f 1414//2370 2366//2370 2367//2370 1418//2370
f 1407//2371 1603//2371 2411//2371 2365//2371
f 1405//2372 1407//2372 2365//2372 2363//2372
f 1409//2373 2364//2373 2412//2373 1606//2373
f 1405//2374 2363//2374 2364//2374 1409//2374
f 2177//1352 1247//1352 2361//1352 2456//1352
f 1248//1292 1249//1292 2348//1292 2362//1292
f 1250//1292 1251//1292 2359//1292 2333//1292
f 1252//1292 2183//1292 2426//1292 2360//1292
f 1247//996 1248//996 2362//996 2361//996
f 1249//1292 1250//1292 2333//1292 2348//1292
f 1251//1292 1252//1292 2360//1292 2359//1292
f 1166//2375 2335//2375 2336//2375 1167//2375
f 1167//2376 2336//2376 2337//2376 1168//2376
f 1168//2377 2337//2377 2338//2377 1169//2377
f 1169//2378 2338//2378 2339//2378 1170//2378
f 1170//2379 2339//2379 2340//2379 1171//2379
f 1173//2380 2342//2380 2343//2380 1174//2380
f 1175//2381 2344//2381 2345//2381 1176//2381
f 1176//2382 2345//2382 2346//2382 1177//2382
f 1178//2383 2347//2383 2358//2383 1179//2383
f 2090//2384 2453//2384 2349//2384 1180//2384
f 1180//2385 2349//2385 2350//2385 1181//2385
f 1181//2386 2350//2386 2351//2386 1182//2386
f 1182//2387 2351//2387 2352//2387 1183//2387
f 1183//2388 2352//2388 2353//2388 1184//2388
f 1184//2389 2353//2389 2354//2389 1185//2389
f 1185//2390 2354//2390 2355//2390 1186//2390
f 1186//2391 2355//2391 2356//2391 1187//2391
f 1188//2392 2357//2392 2332//2392 1165//2392
f 1189//2393 2334//2393 2332//2393 1212//2393
f 1190//2394 2335//2394 2334//2394 1189//2394
f 1197//2395 2342//2395 2341//2395 1196//2395
f 1199//2396 2344//2396 2343//2396 1198//2396
f 1211//2397 2357//2397 2356//2397 1210//2397
f 1201//2398 1202//2398 2347//2398 2346//2398
f 1196//2399 2341//2399 2340//2399 1195//2399
f 631//2400 2316//2400 2331//2400 734//2400
f 629//2401 2314//2401 2316//2401 631//2401
f 633//2402 716//2402 2325//2402 2315//2402
f 629//2403 633//2403 2315//2403 2314//2403
f 622//2404 2313//2404 2330//2404 731//2404
f 620//2405 2311//2405 2313//2405 622//2405
f 624//2406 710//2406 2323//2406 2312//2406
f 620//2407 624//2407 2312//2407 2311//2407
f 613//2408 2310//2408 2329//2408 728//2408
f 611//2409 2308//2409 2310//2409 613//2409
f 615//2410 704//2410 2321//2410 2309//2410
f 611//2411 615//2411 2309//2411 2308//2411
f 604//2412 2307//2412 2328//2412 725//2412
f 602//2413 2305//2413 2307//2413 604//2413
f 606//2414 698//2414 2319//2414 2306//2414
f 602//2415 606//2415 2306//2415 2305//2415
f 595//2416 2304//2416 2327//2416 722//2416
f 593//2417 2302//2417 2304//2417 595//2417
f 597//2418 692//2418 2317//2418 2303//2418
f 593//2419 597//2419 2303//2419 2302//2419
f 586//2420 2301//2420 2326//2420 719//2420
f 584//2421 2299//2421 2301//2421 586//2421
f 588//2422 2159//2422 2458//2422 2300//2422
f 584//2423 588//2423 2300//2423 2299//2423
f 577//2424 2298//2424 2324//2424 713//2424
f 575//2425 2296//2425 2298//2425 577//2425
f 579//2426 734//2426 2331//2426 2297//2426
f 575//2427 579//2427 2297//2427 2296//2427
f 568//2428 2295//2428 2322//2428 707//2428
f 566//2429 2293//2429 2295//2429 568//2429
f 570//2430 731//2430 2330//2430 2294//2430
f 566//2431 570//2431 2294//2431 2293//2431
f 559//2432 2292//2432 2320//2432 701//2432
f 557//2433 2290//2433 2292//2433 559//2433
f 561//2434 728//2434 2329//2434 2291//2434
f 557//2435 561//2435 2291//2435 2290//2435
f 550//2436 2289//2436 2318//2436 695//2436
f 548//2437 2287//2437 2289//2437 550//2437
f 552//2438 725//2438 2328//2438 2288//2438
f 548//2439 552//2439 2288//2439 2287//2439
f 541//2440 2286//2440 2459//2440 2161//2440
f 539//2441 2284//2441 2286//2441 541//2441
f 543//2442 722//2442 2327//2442 2285//2442
f 539//2443 543//2443 2285//2443 2284//2443
f 532//2444 2283//2444 2325//2444 716//2444
f 530//2445 2281//2445 2283//2445 532//2445
f 534//2446 719//2446 2326//2446 2282//2446
f 530//2447 534//2447 2282//2447 2281//2447
f 523//2448 2280//2448 2323//2448 710//2448
f 521//2449 2278//2449 2280//2449 523//2449
f 525//2450 713//2450 2324//2450 2279//2450
f 521//2451 525//2451 2279//2451 2278//2451
f 514//2452 2277//2452 2321//2452 704//2452
f 512//2453 2275//2453 2277//2453 514//2453
f 516//2454 707//2454 2322//2454 2276//2454
f 512//2455 516//2455 2276//2455 2275//2455
f 505//2456 2274//2456 2319//2456 698//2456
f 503//2457 2272//2457 2274//2457 505//2457
f 507//2458 701//2458 2320//2458 2273//2458
f 503//2459 507//2459 2273//2459 2272//2459
f 496//2460 2271//2460 2317//2460 692//2460
f 494//2461 2269//2461 2271//2461 496//2461
f 498//2462 695//2462 2318//2462 2270//2462
f 494//2463 498//2463 2270//2463 2269//2463
f 1866//2464 1375//2464 2463//2464 1869//2464
f 1726//2465 1782//2465 1849//2465
f 957//2466 2461//2466 464//2466 954//2466
f 1867//996 1870//996 1869//996
f 948//2467 871//2467 938//2467
f 1937//1048 2529//1048 2499//1048 1875//1048
f 1896//1958 2508//1958 2513//1958 1908//1958
f 1921//1968 2521//1968 2514//1968 1911//1968
f 1008//1035 2486//1035 2480//1035 999//1035
f 1887//2468 2504//2468 2525//2468 1928//2468
f 1908//1039 2513//1039 2521//1039 1921//1039
f 965//1042 2466//1042 2490//1042 1015//1042
f 971//1053 2468//1053 2486//1053 1008//1053
f 1928//1011 2525//1011 2496//1011 1871//1011
f 1886//1023 2503//1023 2522//1023 1922//1023
f 976//2469 2471//2469 2464//2469 962//2469
f 970//1017 2467//1017 2472//1017 977//1017
f 1025//2470 2495//2470 2481//2470 1000//2470
f 1922//1047 2522//1047 2512//1047 1903//1047
f 1902//1960 2511//1960 2526//1960 1929//1960
f 963//1048 2465//1048 2495//1048 1025//1048
f 1026//2471 2461//2471 2483//2471 1002//2471
f 996//1958 2479//1958 2474//1958 984//1958
f 999//1035 2480//1035 2487//1035 1009//1035
f 1929//1961 2526//1961 2504//1961 1887//1961
f 1899//1054 2509//1054 2497//1054 1872//1054
f 1016//1009 2491//1009 2470//1009 975//1009
f 1009//1039 2487//1039 2479//1039 996//1039
f 1893//1020 2507//1020 2498//1020 1874//1020
f 1882//1057 2501//1057 2516//1057 1913//1057
f 959//1011 2460//1011 2491//1011 1016//1011
f 1010//1023 2488//1023 2469//1023 974//1023
f 991//1047 2478//1047 2488//1047 1010//1047
f 1017//2472 2492//2472 2477//2472 990//2472
f 1883//1007 2502//1007 2507//1007 1893//1007
f 975//1009 2470//1009 2492//1009 1017//1009
f 1888//1959 2505//1959 2523//1959 1923//1959
f 960//1054 2462//1054 2475//1054 987//1054
f 962//1020 2464//1020 2473//1020 981//1020
f 1923//1016 2523//1016 2517//1016 1914//1016
f 1001//1057 2482//1057 2467//1057 970//1057
f 1871//1022 2496//1022 2508//1022 1896//1022
f 1901//1045 2510//1045 2527//1045 1932//1045
f 981//1007 2473//1007 2468//1007 971//1007
f 1932//1050 2527//1050 2506//1050 1889//1050
f 1011//1013 2489//1013 2471//1013 976//1013
f 1002//2473 2483//2473 2489//2473 1011//2473
f 1875//1055 2499//1055 2509//1055 1899//1055
f 1877//1023 2500//1023 2503//1023 1886//1023
f 984//1022 2474//1022 2460//1022 959//1022
f 1872//2474 2497//2474 2528//2474 1933//2474
f 1020//1045 2493//1045 2476//1045 989//1045
f 1913//2475 2516//2475 2518//2475 1918//2475
f 1933//2476 2528//2476 2510//2476 1901//2476
f 977//1050 2472//1050 2493//1050 1020//1050
f 1918//1963 2518//1963 2511//1963 1902//1963
f 987//1055 2475//1055 2465//1055 963//1055
f 1903//1047 2512//1047 2519//1047 1919//1047
f 974//1023 2469//1023 2466//1023 965//1023
f 1021//2474 2494//2474 2462//2474 960//2474
f 1919//1043 2519//1043 2515//1043 1912//1043
f 1006//2477 2484//2477 2482//2477 1001//2477
f 989//2476 2476//2476 2494//2476 1021//2476
f 990//1015 2477//1015 2484//1015 1006//1015
f 1911//1035 2514//1035 2520//1035 1920//1035
f 1927//1023 2524//1023 2500//1023 1877//1023
f 1920//1053 2520//1053 2502//1053 1883//1053
f 1007//1047 2485//1047 2478//1047 991//1047
f 1874//2469 2498//2469 2505//2469 1888//2469
f 1889//1017 2506//1017 2501//1017 1882//1017
f 1000//1043 2481//1043 2485//1043 1007//1043
f 1912//2470 2515//2470 2529//2470 1937//2470
f 1914//2478 2517//2478 2463//2478 1938//2478
f 355//2479 356//2479 2100//2479 2101//2479
f 356//2480 346//2480 2123//2480 2100//2480
f 346//2481 357//2481 2122//2481 2123//2481
f 357//2482 358//2482 2121//2482 2122//2482
f 358//2483 363//2483 2120//2483 2121//2483
f 363//2484 365//2484 2119//2484 2120//2484
f 365//2485 362//2485 2118//2485 2119//2485
f 362//2486 343//2486 2117//2486 2118//2486
f 343//2487 342//2487 2116//2487 2117//2487
f 342//2488 366//2488 2115//2488 2116//2488
f 366//2489 420//2489 2114//2489 2115//2489
f 420//2490 156//2490 2176//2490 2114//2490
f 156//2491 131//2491 1203//2491 2176//2491
f 131//2492 132//2492 1204//2492 1203//2492
f 132//2493 151//2493 1205//2493 1204//2493
f 151//2494 155//2494 1206//2494 1205//2494
f 155//2495 152//2495 1207//2495 1206//2495
f 152//2496 147//2496 1208//2496 1207//2496
f 147//2497 146//2497 1209//2497 1208//2497
f 146//2498 135//2498 1210//2498 1209//2498
f 135//2499 145//2499 1211//2499 1210//2499
f 145//2500 144//2500 1212//2500 1211//2500
f 144//2501 130//2501 1189//2501 1212//2501
f 130//2502 140//2502 1190//2502 1189//2502
f 140//2503 136//2503 1191//2503 1190//2503
f 136//2504 134//2504 1192//2504 1191//2504
f 134//2505 143//2505 1193//2505 1192//2505
f 143//2506 142//2506 1194//2506 1193//2506
f 142//2507 150//2507 1195//2507 1194//2507
f 150//2508 149//2508 1196//2508 1195//2508
f 149//2509 148//2509 1197//2509 1196//2509
f 148//2510 137//2510 1198//2510 1197//2510
f 137//2511 138//2511 1199//2511 1198//2511
f 138//2512 139//2512 1200//2512 1199//2512
f 139//2513 141//2513 1201//2513 1200//2513
f 141//2514 133//2514 1202//2514 1201//2514
f 133//2515 419//2515 1246//2515 1202//2515
f 419//2516 344//2516 2113//2516 1246//2516
f 344//2517 352//2517 2112//2517 2113//2517
f 352//2518 350//2518 2111//2518 2112//2518
f 350//2519 349//2519 2111//2519
f 349//2520 348//2520 2110//2520 2111//2520
f 348//2521 359//2521 2109//2521 2110//2521
f 359//2522 360//2522 2108//2522 2109//2522
f 360//2523 361//2523 2108//2523
f 361//2524 353//2524 2107//2524 2108//2524
f 353//2525 354//2525 2106//2525 2107//2525
f 354//2526 345//2526 2105//2526 2106//2526
f 345//2527 347//2527 2104//2527 2105//2527
f 347//2528 351//2528 2103//2528 2104//2528
f 351//2529 341//2529 2102//2529 2103//2529
f 341//2530 355//2530 2101//2530 2102//2530
f 774//2531 805//2531 37//2531
f 805//2531 772//2531 45//2531 37//2531
f 772//2532 803//2532 45//2532
f 803//2531 800//2531 45//2531
f 800//2531 752//2531 46//2531 45//2531
f 752//2531 782//2531 64//2531 46//2531
f 782//2531 750//2531 64//2531
f 750//2531 766//2531 62//2531 64//2531
f 766//2531 777//2531 62//2531
f 777//2531 809//2531 63//2531 62//2531
f 809//2531 773//2531 63//2531
f 773//2531 780//2531 52//2531 63//2531
f 780//2531 763//2531 52//2531
f 763//2531 796//2531 53//2531 52//2531
f 796//2531 761//2531 53//2531
f 761//2531 810//2531 50//2531 53//2531
f 810//2531 771//2531 51//2531 50//2531
f 771//2531 806//2531 51//2531
f 806//2531 769//2531 51//2531
f 769//2531 802//2531 59//2531 51//2531
f 802//2531 801//2531 59//2531
f 801//2531 768//2531 59//2531
f 768//2531 797//2531 60//2531 59//2531
f 797//2531 786//2531 60//2531
f 786//2531 785//2531 60//2531
f 785//2531 756//2531 61//2531 60//2531
f 756//2531 781//2531 61//2531
f 781//2531 749//2531 41//2531 61//2531
f 749//2531 798//2531 41//2531
f 798//2531 764//2531 41//2531
f 764//2531 791//2531 42//2531 41//2531
f 791//2531 770//2531 57//2531 42//2531
f 770//2531 760//2531 57//2531
f 760//2531 790//2531 57//2531
f 790//2531 757//2531 58//2531 57//2531
f 757//2531 795//2531 38//2531 58//2531
f 795//2531 807//2531 38//2531
f 807//2531 775//2531 38//2531
f 775//2531 804//2531 39//2531 38//2531
f 804//2531 759//2531 56//2531 39//2531
f 759//2531 755//2531 56//2531
f 755//2531 784//2531 43//2531 56//2531
f 784//2531 751//2531 43//2531
f 751//2531 808//2531 44//2531 43//2531
f 808//2531 778//2531 44//2531
f 778//2531 748//2531 40//2531 44//2531
f 748//2531 776//2531 40//2531
f 776//2531 2165//2531 208//2531 40//2531
f 2165//2531 1687//2531 251//2531 208//2531
f 1687//2531 1659//2531 251//2531
f 1659//2531 1689//2531 255//2531 251//2531
f 1689//2531 1719//2531 255//2531
f 1719//2531 1662//2531 254//2531 255//2531
f 1662//2531 1695//2531 254//2531
f 1695//2531 1666//2531 267//2531 254//2531
f 1666//2531 1670//2531 267//2531
f 1670//2531 1715//2531 250//2531 267//2531
f 1715//2531 1686//2531 249//2531 250//2531
f 1686//2531 1718//2531 249//2531
f 1718//2531 1706//2531 249//2531
f 1706//2531 1668//2531 269//2531 249//2531
f 1668//2531 1701//2531 268//2531 269//2531
f 1701//2531 1671//2531 268//2531
f 1671//2531 1681//2531 268//2531
f 1681//2531 1702//2531 253//2531 268//2531
f 1702//2531 1675//2531 252//2531 253//2531
f 1675//2531 1709//2531 252//2531
f 1709//2531 1660//2531 252//2531
f 1660//2531 1692//2531 272//2531 252//2531
f 1692//2531 1667//2531 272//2531
f 1667//2531 1696//2531 271//2531 272//2531
f 1696//2531 1697//2531 271//2531
f 1697//2531 1708//2531 271//2531
f 1708//2531 1679//2531 270//2531 271//2531
f 1679//2531 1712//2531 270//2531
f 1712//2531 1713//2531 270//2531
f 1713//2531 1680//2531 262//2531 270//2531
f 1680//2531 1717//2531 262//2531
f 1717//2531 1682//2531 262//2531
f 1682//2531 1721//2531 261//2531 262//2531
f 1721//2531 1672//2531 264//2531 261//2531
f 1672//2531 1707//2531 264//2531
f 1707//2531 1674//2531 263//2531 264//2531
f 1674//2531 1691//2531 263//2531
f 1691//2531 1684//2531 274//2531 263//2531
f 1684//2531 1720//2531 274//2531
f 1720//2531 1688//2531 273//2531 274//2531
f 1688//2531 1677//2531 273//2531
f 1677//2531 1661//2531 275//2531 273//2531
f 1661//2531 1693//2531 275//2531
f 1693//2531 1663//2531 257//2531 275//2531
f 1663//2531 1711//2531 256//2531 257//2531
f 1711//2531 1714//2531 256//2531
f 1714//2531 1683//2531 256//2531
f 1683//2531 1716//2531 248//2531 256//2531
f 1716//2531 1685//2531 247//2531 248//2531
f 1685//2531 1665//2531 247//2531
f 1665//2531 1698//2531 247//2531
f 1698//2531 1669//2531 277//2531 247//2531
f 1669//2531 1703//2531 276//2531 277//2531
f 1703//2531 1699//2531 276//2531
f 1699//2531 1673//2531 276//2531
f 1673//2531 1705//2531 259//2531 276//2531
f 1705//2531 1700//2531 258//2531 259//2531
f 1700//2531 1690//2531 258//2531
f 1690//2531 1664//2531 266//2531 258//2531
f 1664//2531 1694//2531 266//2531
f 1694//2531 1678//2531 265//2531 266//2531
f 1678//2531 1704//2531 265//2531
f 1704//2531 1676//2531 260//2531 265//2531
f 1676//2531 1710//2531 260//2531
f 1710//2531 2164//2531 422//2531 260//2531
f 2164//2531 799//2531 49//2531 422//2531
f 799//2531 765//2531 49//2531
f 765//2531 793//2531 54//2531 49//2531
f 793//2531 767//2531 54//2531
f 767//2531 783//2531 55//2531 54//2531
f 783//2532 753//2532 55//2532
f 753//2531 779//2531 47//2531 55//2531
f 779//2531 789//2531 47//2531
f 789//2531 794//2531 48//2531 47//2531
f 794//2531 762//2531 65//2531 48//2531
f 762//2531 788//2531 65//2531
f 788//2532 792//2532 65//2532
f 792//2531 758//2531 66//2531 65//2531
f 758//2531 787//2531 36//2531 66//2531
f 787//2531 754//2531 36//2531
f 754//2531 774//2531 37//2531 36//2531
f 4183//2533 2540//2533 2578//2533 2576//2533
f 2562//2534 2606//2534 2608//2534 2564//2534
f 2537//2535 2538//2535 2575//2535 4208//2535
f 2565//2536 2566//2536 2610//2536 2609//2536
f 4183//2537 2576//2537 2577//2537 4184//2537
f 2565//2538 2609//2538 2611//2538 4203//2538
f 4182//2539 4184//2539 2577//2539 4209//2539
f 2550//2540 4203//2540 2611//2540 2589//2540
f 2534//2541 2536//2541 4207//2541 2574//2541
f 4196//2542 4197//2542 2601//2542 2600//2542
f 4180//2543 2571//2543 2572//2543 2532//2543
f 2557//2544 4195//2544 4219//2544 2597//2544
f 4181//2545 4206//2545 4207//2545 2536//2545
f 4179//2546 2532//2546 2572//2546 2570//2546
f 2558//2547 2598//2547 2601//2547 4197//2547
f 4181//2548 2537//2548 4208//2548 4206//2548
f 2533//2549 4190//2549 2588//2549 2573//2549
f 2556//2550 2596//2550 4219//2550 4195//2550
f 4180//2551 2533//2551 2573//2551 2571//2551
f 2539//2552 4185//2552 2580//2552 4210//2552
f 2558//2553 2559//2553 2599//2553 2598//2553
f 2534//2554 2574//2554 4205//2554 2535//2554
f 2541//2555 2579//2555 2580//2555 4185//2555
f 2557//2556 2597//2556 2599//2556 2559//2556
f 2531//2557 2569//2557 4215//2557 2549//2557
f 2541//2558 4187//2558 2582//2558 2579//2558
f 2554//2559 2592//2559 2595//2559 4194//2559
f 2551//2560 2549//2560 4215//2560 4216//2560
f 2535//2561 4205//2561 2588//2561 4190//2561
f 4192//2562 2552//2562 4217//2562 2591//2562
f 2530//2563 2568//2563 4223//2563 4204//2563
f 2542//2564 4188//2564 2583//2564 4211//2564
f 4193//2565 4194//2565 2595//2565 2594//2565
f 4191//2566 2590//2566 4217//2566 2552//2566
f 2542//2567 4211//2567 4212//2567 2543//2567
f 4193//2568 2594//2568 2596//2568 2556//2568
f 2553//2569 4218//2569 2612//2569 2567//2569
f 4186//2570 2581//2570 2582//2570 4187//2570
f 4192//2571 2591//2571 4218//2571 2553//2571
f 4196//2572 2600//2572 2603//2572 4198//2572
f 2544//2573 2546//2573 2585//2573 2584//2573
f 2554//2574 2555//2574 2593//2574 2592//2574
f 2560//2575 4198//2575 2603//2575 2602//2575
f 4186//2576 2543//2576 4212//2576 2581//2576
f 2550//2577 2589//2577 4223//2577 2568//2577
f 2560//2578 2602//2578 4221//2578 2561//2578
f 2546//2579 2548//2579 4214//2579 2585//2579
f 2555//2580 2567//2580 2612//2580 2593//2580
f 2531//2581 4179//2581 2570//2581 2569//2581
f 4200//2582 2604//2582 2606//2582 2562//2582
f 2544//2583 2584//2583 4213//2583 2545//2583
f 4200//2584 4201//2584 2605//2584 2604//2584
f 4188//2585 2545//2585 4213//2585 2583//2585
f 4199//2586 2561//2586 4221//2586 4220//2586
f 2547//2587 2586//2587 4214//2587 2548//2587
f 2563//2588 2607//2588 4222//2588 4202//2588
f 2547//2589 4189//2589 2587//2589 2586//2589
f 4199//2590 4220//2590 2605//2590 4201//2590
f 2530//2591 4204//2591 2587//2591 4189//2591
f 4202//2592 4222//2592 2610//2592 2566//2592
f 2539//2593 4210//2593 2578//2593 2540//2593
f 2551//2594 4216//2594 2590//2594 4191//2594
f 4182//2595 4209//2595 2575//2595 2538//2595
f 2563//2596 2564//2596 2608//2596 2607//2596
f 2591//2597 2634//2597 2636//2597 4218//2597
f 2600//2598 2641//2598 4243//2598 2603//2598
f 2584//2599 2585//2599 2630//2599 2629//2599
f 2592//2600 2593//2600 2637//2600 4238//2600
f 2602//2601 2603//2601 4243//2601 2643//2601
f 2581//2602 4212//2602 2627//2602 2626//2602
f 2589//2603 2633//2603 2651//2603 4223//2603
f 2602//2604 2643//2604 2645//2604 4221//2604
f 2585//2605 4214//2605 2631//2605 2630//2605
f 2593//2606 2612//2606 4248//2606 2637//2606
f 2569//2607 2570//2607 2614//2607 4224//2607
f 2604//2608 4244//2608 4246//2608 2606//2608
f 2584//2609 2629//2609 4232//2609 4213//2609
f 2604//2610 2605//2610 4245//2610 4244//2610
f 2583//2611 4213//2611 4232//2611 2628//2611
f 4220//2612 4221//2612 2645//2612 2644//2612
f 2586//2613 4233//2613 2631//2613 4214//2613
f 2607//2614 2646//2614 2648//2614 4222//2614
f 2586//2615 2587//2615 4234//2615 4233//2615
f 4220//2616 2644//2616 4245//2616 2605//2616
f 4204//2617 2613//2617 4234//2617 2587//2617
f 4222//2618 2648//2618 2650//2618 2610//2618
f 4210//2619 2623//2619 4229//2619 2578//2619
f 4216//2620 4236//2620 4237//2620 2590//2620
f 4209//2621 4226//2621 4227//2621 2575//2621
f 2607//2622 2608//2622 2647//2622 2646//2622
f 2576//2623 2578//2623 4229//2623 2622//2623
f 2606//2624 4246//2624 2647//2624 2608//2624
f 4208//2625 2575//2625 4227//2625 2621//2625
f 2609//2626 2610//2626 2650//2626 2649//2626
f 2576//2627 2622//2627 4228//2627 2577//2627
f 2609//2628 2649//2628 4247//2628 2611//2628
f 4209//2629 2577//2629 4228//2629 4226//2629
f 2589//2630 2611//2630 4247//2630 2633//2630
f 2574//2631 4207//2631 2620//2631 2617//2631
f 2600//2632 2601//2632 2642//2632 2641//2632
f 2571//2633 2615//2633 4225//2633 2572//2633
f 2597//2634 4219//2634 4240//2634 2640//2634
f 4206//2635 2619//2635 2620//2635 4207//2635
f 2570//2636 2572//2636 4225//2636 2614//2636
f 2598//2637 4241//2637 2642//2637 2601//2637
f 4206//2638 4208//2638 2621//2638 2619//2638
f 2573//2639 2588//2639 2632//2639 2616//2639
f 2596//2640 2639//2640 4240//2640 4219//2640
f 2571//2641 2573//2641 2616//2641 2615//2641
f 4210//2642 2580//2642 2625//2642 2623//2642
f 2598//2643 2599//2643 4242//2643 4241//2643
f 2574//2644 2617//2644 2618//2644 4205//2644
f 2579//2645 2624//2645 2625//2645 2580//2645
f 2597//2646 2640//2646 4242//2646 2599//2646
f 2569//2647 4224//2647 4235//2647 4215//2647
f 2579//2648 2582//2648 4230//2648 2624//2648
f 2592//2649 4238//2649 2638//2649 2595//2649
f 4205//2650 2618//2650 2632//2650 2588//2650
f 2591//2651 4217//2651 2635//2651 2634//2651
f 4204//2652 4223//2652 2651//2652 2613//2652
f 4211//2653 2583//2653 2628//2653 4231//2653
f 2594//2654 2595//2654 2638//2654 4239//2654
f 2590//2655 4237//2655 2635//2655 4217//2655
f 4211//2656 4231//2656 2627//2656 4212//2656
f 2594//2657 4239//2657 2639//2657 2596//2657
f 4218//2658 2636//2658 4248//2658 2612//2658
f 2581//2659 2626//2659 4230//2659 2582//2659
f 2540//2623 4183//2623 2660//2623 2662//2623
f 2564//2624 4268//2624 4267//2624 2562//2624
f 2538//2625 2537//2625 2659//2625 4253//2625
f 2566//2660 2565//2660 4269//2660 2691//2660
f 4184//2627 2661//2627 2660//2627 4183//2627
f 4203//2628 4270//2628 4269//2628 2565//2628
f 4184//2629 4182//2629 4252//2629 2661//2629
f 4203//2630 2550//2630 2675//2630 4270//2630
f 2536//2661 2534//2661 4250//2661 2658//2661
f 4197//2662 4196//2662 2684//2662 2685//2662
f 2532//2663 2655//2663 4249//2663 4180//2663
f 4195//2664 2557//2664 4261//2664 4262//2664
f 2536//2665 2658//2665 4251//2665 4181//2665
f 2532//2636 4179//2636 2654//2636 2655//2636
f 4197//2637 2685//2637 2683//2637 2558//2637
f 2537//2638 4181//2638 4251//2638 2659//2638
f 4190//2639 2533//2639 2656//2639 2674//2639
f 4195//2666 4262//2666 4260//2666 2556//2666
f 2533//2641 4180//2641 4249//2641 2656//2641
f 4185//2667 2539//2667 4254//2667 2664//2667
f 2559//2668 2558//2668 2683//2668 4263//2668
f 2535//2669 2657//2669 4250//2669 2534//2669
f 4185//2645 2664//2645 2663//2645 2541//2645
f 2559//2670 4263//2670 4261//2670 2557//2670
f 2549//2647 4257//2647 2653//2647 2531//2647
f 4187//2648 2541//2648 2663//2648 2666//2648
f 4194//2671 2682//2671 2680//2671 2554//2671
f 2549//2672 2551//2672 2676//2672 4257//2672
f 4190//2673 2674//2673 2657//2673 2535//2673
f 2552//2674 4192//2674 4258//2674 2678//2674
f 2568//2675 2530//2675 2652//2675 4272//2675
f 4188//2676 2542//2676 2667//2676 2668//2676
f 4194//2654 4193//2654 4259//2654 2682//2654
f 2552//2655 2678//2655 2677//2655 4191//2655
f 2543//2677 4255//2677 2667//2677 2542//2677
f 2556//2657 4260//2657 4259//2657 4193//2657
f 2567//2658 4271//2658 2679//2658 2553//2658
f 4187//2659 2666//2659 2665//2659 4186//2659
f 2553//2597 2679//2597 4258//2597 4192//2597
f 4198//2598 4265//2598 2684//2598 4196//2598
f 2546//2599 2544//2599 2669//2599 2671//2599
f 2555//2600 2554//2600 2680//2600 2681//2600
f 4198//2678 2560//2678 4264//2678 4265//2678
f 2543//2679 4186//2679 2665//2679 4255//2679
f 2568//2603 4272//2603 2675//2603 2550//2603
f 2561//2680 2687//2680 4264//2680 2560//2680
f 2548//2605 2546//2605 2671//2605 2672//2605
f 2567//2606 2555//2606 2681//2606 4271//2606
f 4179//2607 2531//2607 2653//2607 2654//2607
f 2562//2681 4267//2681 2688//2681 4200//2681
f 2545//2682 2670//2682 2669//2682 2544//2682
f 4201//2610 4200//2610 2688//2610 4266//2610
f 2545//2683 4188//2683 2668//2683 2670//2683
f 2561//2684 4199//2684 2686//2684 2687//2684
f 2548//2685 2672//2685 4256//2685 2547//2685
f 4202//2614 2690//2614 2689//2614 2563//2614
f 4189//2615 2547//2615 4256//2615 2673//2615
f 4201//2686 4266//2686 2686//2686 4199//2686
f 4189//2687 2673//2687 2652//2687 2530//2687
f 2566//2618 2691//2618 2690//2618 4202//2618
f 2540//2619 2662//2619 4254//2619 2539//2619
f 4191//2688 2677//2688 2676//2688 2551//2688
f 2538//2689 4253//2689 4252//2689 4182//2689
f 2564//2622 2563//2622 2689//2622 4268//2622
f 4299//2690 2711//2690 4300//2690 4302//2690
f 2732//2691 2762//2691 4287//2691 2707//2691
f 2692//2692 4275//2692 4313//2692 4315//2692
f 2693//2693 2692//2693 4315//2693 2750//2693
f 2731//2694 2732//2694 2707//2694 2714//2694
f 2755//2695 2759//2695 2709//2695 2718//2695
f 4286//2696 4285//2696 2742//2696 4314//2696
f 2694//2697 2730//2697 4281//2697 2722//2697
f 2726//2698 2736//2698 2720//2698 4293//2698
f 4303//2699 4290//2699 2712//2699 4284//2699
f 2695//2700 2696//2700 2752//2700 2741//2700
f 2753//2701 2755//2701 2718//2701 4283//2701
f 2704//2702 2727//2702 2751//2702 4312//2702
f 4290//2703 2719//2703 2701//2703 2712//2703
f 2729//2704 2731//2704 2714//2704 2715//2704
f 4320//2705 2694//2705 2722//2705 4279//2705
f 2735//2706 2704//2706 4312//2706 2747//2706
f 2759//2707 2760//2707 2708//2707 2709//2707
f 2719//2708 4291//2708 2700//2708 2701//2708
f 4291//2709 2703//2709 2702//2709 2700//2709
f 2736//2710 4318//2710 4292//2710 2720//2710
f 2761//2711 4319//2711 4293//2711 2757//2711
f 2721//2712 2734//2712 2739//2712 2756//2712
f 2711//2713 4282//2713 4301//2713 4300//2713
f 4319//2714 2726//2714 4293//2714
f 4274//2715 4273//2715 2699//2715 2724//2715
f 4298//2716 4297//2716 4306//2716 2740//2716
f 2723//2717 2721//2717 2756//2717 2743//2717
f 4297//2718 2733//2718 2737//2718 4306//2718
f 4285//2719 2723//2719 2743//2719 2742//2719
f 2696//2720 4277//2720 2746//2720 2752//2720
f 4273//2721 2763//2721 2698//2721 2699//2721
f 2733//2722 4304//2722 2738//2722 2737//2722
f 4308//2723 2744//2723 4316//2723 4317//2723
f 2717//2724 4286//2724 4314//2724 2749//2724
f 4275//2725 2764//2725 2748//2725 4313//2725
f 2744//2726 4305//2726 2754//2726 4316//2726
f 4318//2727 4274//2727 2724//2727 4292//2727
f 4304//2728 4308//2728 4317//2728 2738//2728
f 4296//2729 2717//2729 2749//2729 4307//2729
f 2758//2730 4303//2730 4284//2730 2716//2730
f 2763//2731 4321//2731 2706//2731 2698//2731
f 2697//2732 2695//2732 2741//2732 4309//2732
f 4311//2733 2753//2733 4283//2733 2710//2733
f 2703//2734 4278//2734 4295//2734 2702//2734
f 4277//2735 4276//2735 4310//2735 2746//2735
f 4321//2736 4322//2736 2705//2736 2706//2736
f 2745//2737 2725//2737 4289//2737 2713//2737
f 2728//2738 2729//2738 2715//2738 4280//2738
f 2764//2739 4296//2739 4307//2739 2748//2739
f 2734//2740 4298//2740 2740//2740 2739//2740
f 4305//2741 2761//2741 2757//2741 2754//2741
f 4282//2742 2735//2742 2747//2742 4301//2742
f 4294//2743 4311//2743 2710//2743 4288//2743
f 2760//2744 2758//2744 2716//2744 2708//2744
f 2762//2745 2745//2745 2713//2745 4287//2745
f 2730//2746 2728//2746 4280//2746 4281//2746
f 2727//2747 2697//2747 4309//2747 2751//2747
f 2725//2748 4294//2748 4288//2748 4289//2748
f 4322//2749 4320//2749 4279//2749 2705//2749
f 4276//2750 2693//2750 2750//2750 4310//2750
f 2651//2751 2633//2751 2738//2751
f 2633//2752 4247//2752 2737//2752 2738//2752
f 4247//2753 2649//2753 4306//2753 2737//2753
f 2649//2754 2650//2754 2740//2754 4306//2754
f 2650//2755 2648//2755 2739//2755 2740//2755
f 2648//2756 2646//2756 2756//2756 2739//2756
f 2646//2757 2647//2757 2743//2757 2756//2757
f 2647//2758 4246//2758 2742//2758 2743//2758
f 4246//2759 4244//2759 4314//2759 2742//2759
f 4244//2760 4245//2760 2749//2760 4314//2760
f 4245//2761 2644//2761 4307//2761 2749//2761
f 2644//2762 2645//2762 2748//2762 4307//2762
f 2645//2763 2643//2763 4313//2763 2748//2763
f 2643//2764 4243//2764 4315//2764 4313//2764
f 4243//2765 2641//2765 2750//2765 4315//2765
f 2641//2766 2642//2766 4310//2766 2750//2766
f 2642//2767 4241//2767 2746//2767 4310//2767
f 4241//2768 4242//2768 2752//2768 2746//2768
f 4242//2769 2640//2769 2741//2769 2752//2769
f 2640//2770 4240//2770 4309//2770 2741//2770
f 4240//2771 2639//2771 2751//2771 4309//2771
f 2639//2772 4239//2772 4312//2772 2751//2772
f 4239//2773 2638//2773 2747//2773 4312//2773
f 2638//2774 4238//2774 4301//2774 2747//2774
f 4238//2775 2637//2775 4300//2775 4301//2775
f 2637//2776 4248//2776 4302//2776 4300//2776
f 4248//2777 2636//2777 4295//2777 4302//2777
f 2636//2778 2634//2778 2702//2778 4295//2778
f 2634//2779 2635//2779 2700//2779 2702//2779
f 2635//2780 4237//2780 2701//2780 2700//2780
f 4237//2781 4236//2781 2712//2781 2701//2781
f 4236//2782 4235//2782 4284//2782 2712//2782
f 4235//2783 4224//2783 2716//2783 4284//2783
f 4224//2784 2614//2784 2708//2784 2716//2784
f 2614//2785 4225//2785 2709//2785 2708//2785
f 4225//2786 2615//2786 2718//2786 2709//2786
f 2615//2787 2616//2787 4283//2787 2718//2787
f 2616//2788 2632//2788 4283//2788
f 2632//2789 2618//2789 2710//2789 4283//2789
f 2618//2790 2617//2790 4288//2790 2710//2790
f 2617//2791 2620//2791 4289//2791 4288//2791
f 2620//2792 2619//2792 2713//2792 4289//2792
f 2619//2793 2621//2793 4287//2793 2713//2793
f 2621//2793 4227//2793 2707//2793 4287//2793
f 4227//2794 4226//2794 2714//2794 2707//2794
f 4226//2794 4228//2794 2715//2794 2714//2794
f 4228//2795 2622//2795 4280//2795 2715//2795
f 2622//2796 4229//2796 4281//2796 4280//2796
f 4229//2797 2623//2797 2722//2797 4281//2797
f 2623//2798 2625//2798 4279//2798 2722//2798
f 2625//2799 2624//2799 2705//2799 4279//2799
f 2624//2800 4230//2800 2706//2800 2705//2800
f 4230//2801 2626//2801 2698//2801 2706//2801
f 2626//2802 2627//2802 2699//2802 2698//2802
f 2627//2803 4231//2803 2724//2803 2699//2803
f 4231//2804 2628//2804 4292//2804 2724//2804
f 2628//2805 4232//2805 2720//2805 4292//2805
f 4232//2806 2629//2806 4293//2806 2720//2806
f 2629//2807 2630//2807 4293//2807
f 2630//2808 2631//2808 2757//2808 4293//2808
f 2631//2809 4233//2809 2754//2809 2757//2809
f 4233//2810 4234//2810 4316//2810 2754//2810
f 4234//2811 2613//2811 4317//2811 4316//2811
f 2613//2812 2651//2812 2738//2812 4317//2812
f 2725//2813 2745//2813 2791//2813 4333//2813
f 2735//2814 4282//2814 4329//2814 2787//2814
f 4296//2815 2764//2815 4349//2815 4337//2815
f 4305//2816 2744//2816 2790//2816 4342//2816
f 4320//2817 4322//2817 4348//2817 2798//2817
f 4297//2818 4298//2818 2786//2818 4338//2818
f 4321//2819 2763//2819 2797//2819 2799//2819
f 2726//2820 4319//2820 2796//2820 2780//2820
f 2730//2821 2694//2821 2768//2821 2782//2821
f 2764//2822 4275//2822 2767//2822 4349//2822
f 4277//2823 2696//2823 2770//2823 2771//2823
f 2728//2824 2730//2824 2782//2824 4335//2824
f 2731//2825 2729//2825 2781//2825 2783//2825
f 2762//2826 2732//2826 4336//2826 4347//2826
f 2719//2827 4290//2827 2777//2827 4331//2827
f 2694//2828 4320//2828 2798//2828 2768//2828
f 2734//2829 2721//2829 4332//2829 2785//2829
f 2732//2830 2731//2830 2783//2830 4336//2830
f 4322//2831 4321//2831 2799//2831 4348//2831
f 4276//2832 4277//2832 2771//2832 4325//2832
f 2721//2833 2723//2833 2778//2833 4332//2833
f 4304//2834 2733//2834 2784//2834 4341//2834
f 2704//2835 2735//2835 2787//2835 4328//2835
f 4275//2836 2692//2836 4324//2836 2767//2836
f 4303//2837 2758//2837 4344//2837 2788//2837
f 2695//2838 2697//2838 4326//2838 2769//2838
f 2703//2839 4291//2839 4330//2839 2772//2839
f 2717//2840 4296//2840 4337//2840 2776//2840
f 4290//2841 4303//2841 2788//2841 2777//2841
f 4282//2842 2711//2842 2773//2842 4329//2842
f 4298//2843 2734//2843 2785//2843 2786//2843
f 2758//2844 2760//2844 2795//2844 4344//2844
f 4308//2845 4304//2845 4341//2845 2789//2845
f 4294//2846 2725//2846 4333//2846 2779//2846
f 2697//2847 2727//2847 4334//2847 4326//2847
f 4311//2848 4294//2848 2779//2848 4343//2848
f 2760//2849 2759//2849 4345//2849 2795//2849
f 2723//2850 4285//2850 2774//2850 2778//2850
f 2759//2851 2755//2851 2793//2851 4345//2851
f 4318//2852 2736//2852 4340//2852 2794//2852
f 2733//2853 4297//2853 4338//2853 2784//2853
f 2745//2854 2762//2854 4347//2854 2791//2854
f 2736//2855 2726//2855 2780//2855 4340//2855
f 2727//2856 2704//2856 4328//2856 4334//2856
f 2693//2857 4276//2857 4325//2857 2766//2857
f 4291//2858 2719//2858 4331//2858 4330//2858
f 2744//2859 4308//2859 2789//2859 2790//2859
f 4273//2860 4274//2860 4323//2860 2765//2860
f 2729//2861 2728//2861 4335//2861 2781//2861
f 2696//2862 2695//2862 2769//2862 2770//2862
f 4319//2863 2761//2863 4346//2863 2796//2863
f 4278//2864 2703//2864 2772//2864 4327//2864
f 2763//2865 4273//2865 2765//2865 2797//2865
f 2755//2866 2753//2866 2792//2866 2793//2866
f 2711//2867 4299//2867 4339//2867 2773//2867
f 4286//2868 2717//2868 2776//2868 2775//2868
f 2753//2869 4311//2869 4343//2869 2792//2869
f 4274//2870 4318//2870 2794//2870 4323//2870
f 2692//2871 2693//2871 2766//2871 4324//2871
f 4285//2872 4286//2872 2775//2872 2774//2872
f 2761//2873 4305//2873 4342//2873 4346//2873
f 4216//2672 4215//2672 4235//2672 4236//2672
f 4278//5273 4299//5273 4302//5273 4295//5273
f 4299//5274 4278//5274 4327//5274 4339//5274
f 205//170 204//170 154//170 209//170 423//170 364//170 414//170 415//170 416//170 417//170 418//170 207//170 206//170
f 1241//5321 1240//5321 1239//5321 1238//5321 1237//5321 2148//5321 2149//5321 2150//5321 2151//5321 2152//5321 2153//5321 2154//5321 1242//5321
usemtl Material.066
f 2802//2874 4352//2874 2804//2874 2803//2874
f 4352//2875 3882//2875 5084//2875 2804//2875
f 2803//2876 2804//2876 5052//2876 3829//2876
f 2804//2877 5084//2877 4036//2877 5052//2877
f 2802//2878 4353//2878 2805//2878 4352//2878
f 4353//2879 3566//2879 4866//2879 2805//2879
f 4352//2880 2805//2880 3881//2880 3882//2880
f 2805//2881 4866//2881 5200//2881 3881//2881
f 2806//2882 4354//2882 2808//2882 4355//2882
f 4354//2883 3883//2883 3884//2883 2808//2883
f 4355//2884 2808//2884 3832//2884 3833//2884
f 2808//2885 3884//2885 4038//2885 3832//2885
f 2806//2886 2807//2886 2809//2886 4354//2886
f 2807//2887 4867//2887 3570//2887 2809//2887
f 4354//2888 2809//2888 5085//2888 3883//2888
f 2809//2889 3570//2889 4037//2889 5085//2889
f 2810//2890 2811//2890 4357//2890 2812//2890
f 2811//2891 5086//2891 3886//2891 4357//2891
f 2812//2892 4357//2892 3835//2892 5056//2892
f 4357//2893 3886//2893 4039//2893 3835//2893
f 2810//2894 4356//2894 2813//2894 2811//2894
f 4356//2895 3571//2895 4871//2895 2813//2895
f 2811//2896 2813//2896 3885//2896 5086//2896
f 2813//2897 4871//2897 5201//2897 3885//2897
f 2814//2898 2815//2898 4359//2898 4358//2898
f 2815//2899 3887//2899 5088//2899 4359//2899
f 4358//2900 4359//2900 3837//2900 3838//2900
f 4359//2901 5088//2901 4041//2901 3837//2901
f 2814//2902 2816//2902 2818//2902 2815//2902
f 2816//2903 3573//2903 3572//2903 2818//2903
f 2815//2904 2818//2904 5087//2904 3887//2904
f 2818//2905 3572//2905 4040//2905 5087//2905
f 2814//2906 2817//2906 4360//2906 2816//2906
f 2817//2907 4864//2907 3562//2907 4360//2907
f 2816//2908 4360//2908 3574//2908 3573//2908
f 4360//2909 3562//2909 5174//2909 3574//2909
f 2814//2910 4358//2910 4361//2910 2817//2910
f 4358//2911 3838//2911 3839//2911 4361//2911
f 2817//2912 4361//2912 3563//2912 4864//2912
f 4361//2913 3839//2913 3998//2913 3563//2913
f 4362//2914 2819//2914 2820//2914 4365//2914
f 2819//2915 5090//2915 5091//2915 2820//2915
f 4365//2916 2820//2916 3841//2916 3842//2916
f 2820//2917 5091//2917 4043//2917 3841//2917
f 4362//2918 4363//2918 4366//2918 2819//2918
f 4363//2919 4876//2919 3577//2919 4366//2919
f 2819//2920 4366//2920 5089//2920 5090//2920
f 4366//2921 3577//2921 4042//2921 5089//2921
f 4362//2922 4364//2922 2821//2922 4363//2922
f 4364//2923 4861//2923 3556//2923 2821//2923
f 4363//2924 2821//2924 4877//2924 4876//2924
f 2821//2925 3556//2925 5172//2925 4877//2925
f 4365//2926 3842//2926 3843//2926 4367//2926
f 4364//2927 4367//2927 3557//2927 4861//2927
f 4367//2928 3843//2928 3997//2928 3557//2928
f 2822//2929 2823//2929 4370//2929 4369//2929
f 2823//2930 5093//2930 3888//2930 4370//2930
f 4369//2931 4370//2931 3845//2931 3846//2931
f 4370//2932 3888//2932 5203//2932 3845//2932
f 2822//2933 2824//2933 2825//2933 2823//2933
f 2824//2934 3580//2934 4879//2934 2825//2934
f 2823//2935 2825//2935 5092//2935 5093//2935
f 2825//2936 4879//2936 5202//2936 5092//2936
f 2822//2937 4368//2937 2826//2937 2824//2937
f 4368//2938 4857//2938 3551//2938 2826//2938
f 2824//2939 2826//2939 3581//2939 3580//2939
f 2826//2940 3551//2940 3995//2940 3581//2940
f 2822//2941 4369//2941 2827//2941 4368//2941
f 4369//2942 3846//2942 3847//2942 2827//2942
f 4368//2943 2827//2943 4858//2943 4857//2943
f 2827//2944 3847//2944 5171//2944 4858//2944
f 2828//2945 4371//2945 2831//2945 2830//2945
f 4371//2946 5095//2946 3889//2946 2831//2946
f 2830//2947 2831//2947 3850//2947 5065//2947
f 2831//2948 3889//2948 4045//2948 3850//2948
f 2828//2949 4372//2949 2832//2949 4371//2949
f 4372//2950 3582//2950 4883//2950 2832//2950
f 4371//2951 2832//2951 5094//2951 5095//2951
f 2832//2952 4883//2952 4044//2952 5094//2952
f 2828//2953 2829//2953 2833//2953 4372//2953
f 2829//2954 4851//2954 3548//2954 2833//2954
f 4372//2955 2833//2955 4884//2955 3582//2955
f 2833//2956 3548//2956 5170//2956 4884//2956
f 2828//2957 2830//2957 4373//2957 2829//2957
f 2830//2958 5065//2958 5066//2958 4373//2958
f 2829//2959 4373//2959 4852//2959 4851//2959
f 4373//2960 5066//2960 3993//2960 4852//2960
f 4374//2961 2834//2961 4376//2961 2836//2961
f 2834//2962 3890//2962 3891//2962 4376//2962
f 2836//2963 4376//2963 3852//2963 5069//2963
f 4376//2964 3891//2964 4047//2964 3852//2964
f 4374//2965 4375//2965 4377//2965 2834//2965
f 4375//2966 3586//2966 3585//2966 4377//2966
f 2834//2967 4377//2967 5096//2967 3890//2967
f 4377//2968 3585//2968 4046//2968 5096//2968
f 4374//2969 2835//2969 4378//2969 4375//2969
f 2835//2970 3544//2970 3543//2970 4378//2970
f 4375//2971 4378//2971 3587//2971 3586//2971
f 4378//2972 3543//2972 5169//2972 3587//2972
f 4374//2973 2836//2973 2837//2973 2835//2973
f 2836//2974 5069//2974 3853//2974 2837//2974
f 2835//2975 2837//2975 4847//2975 3544//2975
f 2837//2976 3853//2976 3991//2976 4847//2976
f 2838//2977 2839//2977 2841//2977 4379//2977
f 2839//2978 5097//2978 3893//2978 2841//2978
f 4379//2979 2841//2979 5071//2979 5072//2979
f 2841//2980 3893//2980 4048//2980 5071//2980
f 2838//2981 2840//2981 4380//2981 2839//2981
f 2840//2982 4888//2982 3589//2982 4380//2982
f 2839//2983 4380//2983 3892//2983 5097//2983
f 4380//2984 3589//2984 5204//2984 3892//2984
f 2840//2985 2842//2985 3590//2985 4888//2985
f 3822//2986 5168//2986 3590//2986
f 4381//2987 2843//2987 4384//2987 4383//2987
f 2843//2988 5098//2988 5099//2988 4384//2988
f 4383//2989 4384//2989 5076//2989 3856//2989
f 4384//2990 5099//2990 4050//2990 5076//2990
f 4381//2991 4382//2991 4385//2991 2843//2991
f 4382//2992 3594//2992 3593//2992 4385//2992
f 2843//2993 4385//2993 3894//2993 5098//2993
f 4385//2994 3593//2994 4049//2994 3894//2994
f 2844//2995 2845//2995 2847//2995 4386//2995
f 2845//2996 3895//2996 3896//2996 2847//2996
f 4386//2997 2847//2997 3858//2997 3859//2997
f 2847//2998 3896//2998 4052//2998 3858//2998
f 2844//2999 2846//2999 2848//2999 2845//2999
f 2846//3000 4890//3000 3598//3000 2848//3000
f 2845//3001 2848//3001 5100//3001 3895//3001
f 2848//3002 3598//3002 4051//3002 5100//3002
f 4387//3003 4388//3003 2851//3003 2850//3003
f 4388//3004 3897//3004 5102//3004 2851//3004
f 2850//3005 2851//3005 3860//3005 3861//3005
f 2851//3006 5102//3006 5205//3006 3860//3006
f 4387//3007 2849//3007 2852//3007 4388//3007
f 2849//3008 3829//3008 5052//3008 2852//3008
f 4388//3009 2852//3009 5101//3009 3897//3009
f 2852//3010 5052//3010 4036//3010 5101//3010
f 4389//3011 2853//3011 4391//3011 4390//3011
f 2853//3012 3898//3012 3899//3012 4391//3012
f 4390//3013 4391//3013 5079//3013 3862//3013
f 4391//3014 3899//3014 4053//3014 5079//3014
f 4389//3015 2854//3015 4392//3015 2853//3015
f 2854//3016 3833//3016 3832//3016 4392//3016
f 2853//3017 4392//3017 5103//3017 3898//3017
f 4392//3018 3832//3018 4038//3018 5103//3018
f 4393//3019 2855//3019 4394//3019 2857//3019
f 2855//3020 5104//3020 5105//3020 4394//3020
f 2857//3021 4394//3021 3863//3021 3864//3021
f 4394//3022 5105//3022 4054//3022 3863//3022
f 4393//3023 2856//3023 2858//3023 2855//3023
f 2856//3024 5056//3024 3835//3024 2858//3024
f 2855//3025 2858//3025 3900//3025 5104//3025
f 2858//3026 3835//3026 4039//3026 3900//3026
f 2857//3027 3864//3027 3865//3027 2859//3027
f 3865//3028 4150//3028 2859//3028
f 2860//3029 4395//3029 2863//3029 4396//3029
f 4395//3030 5106//3030 3902//3030 2863//3030
f 4396//3031 2863//3031 3866//3031 3867//3031
f 2863//3032 3902//3032 4055//3032 3866//3032
f 2860//3033 2861//3033 2864//3033 4395//3033
f 2861//3034 3838//3034 3837//3034 2864//3034
f 4395//3035 2864//3035 3901//3035 5106//3035
f 2864//3036 3837//3036 4041//3036 3901//3036
f 2860//3037 2862//3037 2865//3037 2861//3037
f 2862//3038 3560//3038 4863//3038 2865//3038
f 2861//3039 2865//3039 3839//3039 3838//3039
f 2865//3040 4863//3040 3998//3040 3839//3040
f 2860//3041 4396//3041 4397//3041 2862//3041
f 4396//3042 3867//3042 3868//3042 4397//3042
f 2862//3043 4397//3043 3561//3043 3560//3043
f 4397//3044 3868//3044 5173//3044 3561//3044
f 4399//3045 5107//3045 3904//3045 4402//3045
f 4401//3046 4402//3046 3869//3046 3870//3046
f 4402//3047 3904//3047 5206//3047 3869//3047
f 4398//3048 4400//3048 2867//3048 4399//3048
f 4400//3049 3842//3049 3841//3049 2867//3049
f 4399//3050 2867//3050 3903//3050 5107//3050
f 2867//3051 3841//3051 4043//3051 3903//3051
f 4398//3052 2866//3052 2868//3052 4400//3052
f 2866//3053 3554//3053 3553//3053 2868//3053
f 4400//3054 2868//3054 3843//3054 3842//3054
f 2868//3055 3553//3055 3997//3055 3843//3055
f 4398//3056 4401//3056 4403//3056 2866//3056
f 4401//3057 3870//3057 3871//3057 4403//3057
f 2866//3058 4403//3058 3555//3058 3554//3058
f 4403//3059 3871//3059 3996//3059 3555//3059
f 4404//3060 4405//3060 2870//3060 4407//3060
f 4405//3061 5108//3061 3906//3061 2870//3061
f 4407//3062 2870//3062 5080//3062 3872//3062
f 2870//3063 3906//3063 4056//3063 5080//3063
f 4404//3064 2869//3064 2871//3064 4405//3064
f 2869//3065 3846//3065 3845//3065 2871//3065
f 4405//3066 2871//3066 3905//3066 5108//3066
f 2871//3067 3845//3067 5203//3067 3905//3067
f 4404//3068 4406//3068 2872//3068 2869//3068
f 4406//3069 4855//3069 4854//3069 2872//3069
f 2869//3070 2872//3070 3847//3070 3846//3070
f 2872//3071 4854//3071 5171//3071 3847//3071
f 4404//3072 4407//3072 2873//3072 4406//3072
f 4407//3073 3872//3073 5081//3073 2873//3073
f 4406//3074 2873//3074 4856//3074 4855//3074
f 2873//3075 5081//3075 3994//3075 4856//3075
f 4408//3076 4409//3076 2876//3076 4410//3076
f 4409//3077 3907//3077 3908//3077 2876//3077
f 4410//3078 2876//3078 3873//3078 5082//3078
f 2876//3079 3908//3079 5207//3079 3873//3079
f 4408//3080 2874//3080 2877//3080 4409//3080
f 2874//3081 5065//3081 3850//3081 2877//3081
f 4409//3082 2877//3082 5109//3082 3907//3082
f 2877//3083 3850//3083 4045//3083 5109//3083
f 4408//3084 2875//3084 2878//3084 2874//3084
f 2875//3085 3546//3085 4850//3085 2878//3085
f 2874//3086 2878//3086 5066//3086 5065//3086
f 2878//3087 4850//3087 3993//3087 5066//3087
f 4408//3088 4410//3088 2879//3088 2875//3088
f 4410//3089 5082//3089 3874//3089 2879//3089
f 2875//3090 2879//3090 3547//3090 3546//3090
f 2879//3091 3874//3091 3992//3091 3547//3091
f 4411//3092 2880//3092 2884//3092 2883//3092
f 2880//3093 5110//3093 3910//3093 2884//3093
f 2883//3094 2884//3094 5083//3094 3875//3094
f 2884//3095 3910//3095 4057//3095 5083//3095
f 4411//3096 2881//3096 4412//3096 2880//3096
f 2881//3097 5069//3097 3852//3097 4412//3097
f 2880//3098 4412//3098 3909//3098 5110//3098
f 4412//3099 3852//3099 4047//3099 3909//3099
f 4411//3100 2882//3100 4413//3100 2881//3100
f 2882//3101 4846//3101 4845//3101 4413//3101
f 2881//3102 4413//3102 3853//3102 5069//3102
f 4413//3103 4845//3103 3991//3103 3853//3103
f 4411//3104 2883//3104 2885//3104 2882//3104
f 2883//3105 3875//3105 3876//3105 2885//3105
f 2882//3106 2885//3106 3542//3106 4846//3106
f 2885//3107 3876//3107 3990//3107 3542//3107
f 2886//3108 2887//3108 2888//3108 4415//3108
f 2887//3109 3912//3109 5111//3109 2888//3109
f 4415//3110 2888//3110 3877//3110 3878//3110
f 2888//3111 5111//3111 4058//3111 3877//3111
f 2886//3112 4414//3112 4416//3112 2887//3112
f 2887//3113 4416//3113 3911//3113 3912//3113
f 4416//3114 5071//3114 4048//3114 3911//3114
f 2889//3115 2890//3115 2891//3115 4418//3115
f 2890//3116 3913//3116 5113//3116 2891//3116
f 4418//3117 2891//3117 3879//3117 3880//3117
f 2891//3118 5113//3118 5208//3118 3879//3118
f 2889//3119 4417//3119 2892//3119 2890//3119
f 4417//3120 3856//3120 5076//3120 2892//3120
f 2890//3121 2892//3121 5112//3121 3913//3121
f 2892//3122 5076//3122 4050//3122 5112//3122
f 4419//3123 2893//3123 4420//3123 2895//3123
f 2893//3124 3915//3124 3916//3124 4420//3124
f 2895//3125 4420//3125 4866//3125 3566//3125
f 4420//3126 3916//3126 5200//3126 4866//3126
f 4419//3127 2894//3127 2896//3127 2893//3127
f 2894//3128 3859//3128 3858//3128 2896//3128
f 2893//3129 2896//3129 3914//3129 3915//3129
f 2896//3130 3858//3130 4052//3130 3914//3130
f 2897//3131 4421//3131 4423//3131 4422//3131
f 4422//3132 4423//3132 3570//3132 4867//3132
f 4423//3133 5116//3133 4037//3133 3570//3133
f 2897//3134 2898//3134 2899//3134 4421//3134
f 2898//3135 3861//3135 3860//3135 2899//3135
f 4421//3136 2899//3136 5114//3136 5115//3136
f 2899//3137 3860//3137 5205//3137 5114//3137
f 2900//3138 2901//3138 2903//3138 2902//3138
f 2901//3139 3918//3139 3919//3139 2903//3139
f 2902//3140 2903//3140 4871//3140 3571//3140
f 2903//3141 3919//3141 5201//3141 4871//3141
f 2900//3142 4424//3142 2904//3142 2901//3142
f 4424//3143 3862//3143 5079//3143 2904//3143
f 2901//3144 2904//3144 3917//3144 3918//3144
f 2904//3145 5079//3145 4053//3145 3917//3145
f 2905//3146 4425//3146 2906//3146 4428//3146
f 4425//3147 3920//3147 3921//3147 2906//3147
f 4428//3148 2906//3148 3572//3148 3573//3148
f 2906//3149 3921//3149 4040//3149 3572//3149
f 2905//3150 4426//3150 4429//3150 4425//3150
f 4426//3151 3864//3151 3863//3151 4429//3151
f 4425//3152 4429//3152 5117//3152 3920//3152
f 4429//3153 3863//3153 4054//3153 5117//3153
f 2905//3154 4427//3154 2907//3154 4426//3154
f 4427//3155 4865//3155 3564//3155 2907//3155
f 4426//3156 2907//3156 3865//3156 3864//3156
f 2907//3157 3564//3157 5175//3157 3865//3157
f 2905//3158 4428//3158 2908//3158 4427//3158
f 4428//3159 3573//3159 3574//3159 2908//3159
f 4427//3160 2908//3160 3565//3160 4865//3160
f 2908//3161 3574//3161 5174//3161 3565//3161
f 2909//3162 2910//3162 4432//3162 2911//3162
f 2910//3163 3922//3163 3923//3163 4432//3163
f 2911//3164 4432//3164 3577//3164 4876//3164
f 4432//3165 3923//3165 4042//3165 3577//3165
f 2909//3166 4430//3166 4433//3166 2910//3166
f 4430//3167 3867//3167 3866//3167 4433//3167
f 2910//3168 4433//3168 5118//3168 3922//3168
f 4433//3169 3866//3169 4055//3169 5118//3169
f 2909//3170 4431//3170 4434//3170 4430//3170
f 4431//3171 4862//3171 3558//3171 4434//3171
f 4430//3172 4434//3172 3868//3172 3867//3172
f 4434//3173 3558//3173 5173//3173 3868//3173
f 2909//3174 2911//3174 4435//3174 4431//3174
f 2911//3175 4876//3175 4877//3175 4435//3175
f 4431//3176 4435//3176 3559//3176 4862//3176
f 4435//3177 4877//3177 5172//3177 3559//3177
f 4436//3178 2912//3178 2916//3178 2915//3178
f 2912//3179 3924//3179 5120//3179 2916//3179
f 2915//3180 2916//3180 4879//3180 3580//3180
f 2916//3181 5120//3181 5202//3181 4879//3181
f 4436//3182 2913//3182 4437//3182 2912//3182
f 2913//3183 3870//3183 3869//3183 4437//3183
f 2912//3184 4437//3184 5119//3184 3924//3184
f 4437//3185 3869//3185 5206//3185 5119//3185
f 4436//3186 2914//3186 4438//3186 2913//3186
f 2914//3187 3552//3187 4859//3187 4438//3187
f 2913//3188 4438//3188 3871//3188 3870//3188
f 4438//3189 4859//3189 3996//3189 3871//3189
f 4436//3190 2915//3190 4439//3190 2914//3190
f 2915//3191 3580//3191 3581//3191 4439//3191
f 2914//3192 4439//3192 4860//3192 3552//3192
f 4439//3193 3581//3193 3995//3193 4860//3193
f 2917//3194 4440//3194 2920//3194 2919//3194
f 4440//3195 3925//3195 5122//3195 2920//3195
f 2919//3196 2920//3196 4883//3196 3582//3196
f 2920//3197 5122//3197 4044//3197 4883//3197
f 2917//3198 2918//3198 2921//3198 4440//3198
f 2918//3199 3872//3199 5080//3199 2921//3199
f 4440//3200 2921//3200 5121//3200 3925//3200
f 2921//3201 5080//3201 4056//3201 5121//3201
f 2917//3202 4441//3202 2922//3202 2918//3202
f 4441//3203 3549//3203 4853//3203 2922//3203
f 2918//3204 2922//3204 5081//3204 3872//3204
f 2922//3205 4853//3205 3994//3205 5081//3205
f 2917//3206 2919//3206 2923//3206 4441//3206
f 2919//3207 3582//3207 4884//3207 2923//3207
f 4441//3208 2923//3208 3550//3208 3549//3208
f 2923//3209 4884//3209 5170//3209 3550//3209
f 2924//3210 2925//3210 2929//3210 2928//3210
f 2925//3211 5123//3211 3927//3211 2929//3211
f 2928//3212 2929//3212 3585//3212 3586//3212
f 2929//3213 3927//3213 4046//3213 3585//3213
f 2924//3214 2926//3214 4442//3214 2925//3214
f 2926//3215 5082//3215 3873//3215 4442//3215
f 2925//3216 4442//3216 3926//3216 5123//3216
f 4442//3217 3873//3217 5207//3217 3926//3217
f 2924//3218 2927//3218 4443//3218 2926//3218
f 2927//3219 4849//3219 4848//3219 4443//3219
f 2926//3220 4443//3220 3874//3220 5082//3220
f 4443//3221 4848//3221 3992//3221 3874//3221
f 2924//3222 2928//3222 4444//3222 2927//3222
f 2928//3223 3586//3223 3587//3223 4444//3223
f 2927//3224 4444//3224 3545//3224 4849//3224
f 4444//3225 3587//3225 5169//3225 3545//3225
f 4445//3226 2930//3226 2934//3226 2933//3226
f 2930//3227 3929//3227 3930//3227 2934//3227
f 2933//3228 2934//3228 3589//3228 4888//3228
f 2934//3229 3930//3229 5204//3229 3589//3229
f 4445//3230 2931//3230 2935//3230 2930//3230
f 2931//3231 3875//3231 5083//3231 2935//3231
f 2930//3232 2935//3232 3928//3232 3929//3232
f 2935//3233 5083//3233 4057//3233 3928//3233
f 4445//3234 2932//3234 4446//3234 2931//3234
f 2932//3235 4844//3235 4843//3235 4446//3235
f 2931//3236 4446//3236 3876//3236 3875//3236
f 4446//3237 4843//3237 3990//3237 3876//3237
f 4445//3238 2933//3238 2936//3238 2932//3238
f 2933//3239 4888//3239 3590//3239 2936//3239
f 2932//3240 2936//3240 3541//3240 4844//3240
f 2936//3241 3590//3241 5168//3241 3541//3241
f 2937//3242 2938//3242 4449//3242 4448//3242
f 2938//3243 3931//3243 3932//3243 4449//3243
f 4448//3244 4449//3244 3593//3244 3594//3244
f 4449//3245 3932//3245 4049//3245 3593//3245
f 2937//3246 4447//3246 2939//3246 2938//3246
f 4447//3247 3878//3247 3877//3247 2939//3247
f 2938//3248 2939//3248 5124//3248 3931//3248
f 2939//3249 3877//3249 4058//3249 5124//3249
f 4450//3250 2940//3250 2942//3250 2941//3250
f 2940//3251 3933//3251 5126//3251 2942//3251
f 2941//3252 2942//3252 3598//3252 4890//3252
f 2942//3253 5126//3253 4051//3253 3598//3253
f 4450//3254 4451//3254 4452//3254 2940//3254
f 4451//3255 3880//3255 3879//3255 4452//3255
f 2940//3256 4452//3256 5125//3256 3933//3256
f 4452//3257 3879//3257 5208//3257 5125//3257
f 2943//3258 2944//3258 4455//3258 4454//3258
f 2944//3259 4864//3259 3563//3259 4455//3259
f 4454//3260 4455//3260 3644//3260 4931//3260
f 4455//3261 3563//3261 3998//3261 3644//3261
f 2943//3262 4453//3262 4456//3262 2944//3262
f 4453//3263 4930//3263 3641//3263 4456//3263
f 2944//3264 4456//3264 3562//3264 4864//3264
f 4456//3265 3641//3265 5174//3265 3562//3265
f 2943//3266 2945//3266 4457//3266 4453//3266
f 2945//3267 4926//3267 3639//3267 4457//3267
f 4453//3268 4457//3268 3642//3268 4930//3268
f 4457//3269 3639//3269 4008//3269 3642//3269
f 2943//3270 4454//3270 4458//3270 2945//3270
f 4454//3271 4931//3271 3643//3271 4458//3271
f 2945//3272 4458//3272 4927//3272 4926//3272
f 4458//3273 3643//3273 4007//3273 4927//3273
f 2946//3274 4459//3274 2948//3274 2947//3274
f 4459//3275 4861//3275 3557//3275 2948//3275
f 2947//3276 2948//3276 4934//3276 4933//3276
f 2948//3277 3557//3277 3997//3277 4934//3277
f 2946//3278 4460//3278 2949//3278 4459//3278
f 4460//3279 3645//3279 4932//3279 2949//3279
f 4459//3280 2949//3280 3556//3280 4861//3280
f 2949//3281 4932//3281 5172//3281 3556//3281
f 2946//3282 4461//3282 2950//3282 4460//3282
f 4461//3283 3633//3283 3632//3283 2950//3283
f 4460//3284 2950//3284 3646//3284 3645//3284
f 2950//3285 3632//3285 5181//3285 3646//3285
f 2946//3286 2947//3286 4462//3286 4461//3286
f 2947//3287 4933//3287 3647//3287 4462//3287
f 4461//3288 4462//3288 3634//3288 3633//3288
f 4462//3289 3647//3289 5180//3289 3634//3289
f 4463//3290 2951//3290 4465//3290 2953//3290
f 2951//3291 4857//3291 4858//3291 4465//3291
f 2953//3292 4465//3292 3649//3292 4938//3292
f 4465//3293 4858//3293 5171//3293 3649//3293
f 4463//3294 2952//3294 2954//3294 2951//3294
f 2952//3295 4936//3295 4935//3295 2954//3295
f 2951//3296 2954//3296 3551//3296 4857//3296
f 2954//3297 4935//3297 3995//3297 3551//3297
f 4463//3298 4464//3298 2955//3298 2952//3298
f 4464//3299 4920//3299 3627//3299 2955//3299
f 2952//3300 2955//3300 4937//3300 4936//3300
f 2955//3301 3627//3301 4004//3301 4937//3301
f 4463//3302 2953//3302 2956//3302 4464//3302
f 2953//3303 4938//3303 3648//3303 2956//3303
f 4464//3304 2956//3304 3628//3304 4920//3304
f 2956//3305 3648//3305 4003//3305 3628//3305
f 2957//3306 2958//3306 4469//3306 4468//3306
f 2958//3307 4851//3307 4852//3307 4469//3307
f 4468//3308 4469//3308 3655//3308 3654//3308
f 4469//3309 4852//3309 3993//3309 3655//3309
f 2957//3310 4466//3310 4470//3310 2958//3310
f 4466//3311 3651//3311 3650//3311 4470//3311
f 2958//3312 4470//3312 3548//3312 4851//3312
f 4470//3313 3650//3313 5170//3313 3548//3313
f 2957//3314 4467//3314 2959//3314 4466//3314
f 4467//3315 4916//3315 4915//3315 2959//3315
f 4466//3316 2959//3316 3652//3316 3651//3316
f 2959//3317 4915//3317 5179//3317 3652//3317
f 2957//3318 4468//3318 2960//3318 4467//3318
f 4468//3319 3654//3319 3653//3319 2960//3319
f 4467//3320 2960//3320 3623//3320 4916//3320
f 2960//3321 3653//3321 5178//3321 3623//3321
f 2961//3322 2962//3322 4473//3322 4472//3322
f 2962//3323 3544//3323 4847//3323 4473//3323
f 4472//3324 4473//3324 3660//3324 3659//3324
f 4473//3325 4847//3325 3991//3325 3660//3325
f 2961//3326 4471//3326 4474//3326 2962//3326
f 4471//3327 3657//3327 3656//3327 4474//3327
f 2962//3328 4474//3328 3543//3328 3544//3328
f 4474//3329 3656//3329 5169//3329 3543//3329
f 2961//3330 2963//3330 4475//3330 4471//3330
f 2963//3331 3617//3331 4912//3331 4475//3331
f 4471//3332 4475//3332 3658//3332 3657//3332
f 4475//3333 4912//3333 4000//3333 3658//3333
f 2961//3334 4472//3334 2964//3334 2963//3334
f 4472//3335 3659//3335 4939//3335 2964//3335
f 2963//3336 2964//3336 3618//3336 3617//3336
f 2964//3337 4939//3337 3999//3337 3618//3337
f 4476//3338 4477//3338 2968//3338 2967//3338
f 4477//3339 3560//3339 3561//3339 2968//3339
f 2967//3340 2968//3340 3666//3340 3665//3340
f 2968//3341 3561//3341 5173//3341 3666//3341
f 4476//3342 2965//3342 2969//3342 4477//3342
f 2965//3343 4931//3343 3644//3343 2969//3343
f 4477//3344 2969//3344 4863//3344 3560//3344
f 2969//3345 3644//3345 3998//3345 4863//3345
f 4476//3346 2966//3346 2970//3346 2965//3346
f 2966//3347 4925//3347 3637//3347 2970//3347
f 2965//3348 2970//3348 3643//3348 4931//3348
f 2970//3349 3637//3349 4007//3349 3643//3349
f 4476//3350 2967//3350 4478//3350 2966//3350
f 2967//3351 3665//3351 3664//3351 4478//3351
f 2966//3352 4478//3352 3638//3352 4925//3352
f 4478//3353 3664//3353 4006//3353 3638//3353
f 2971//3354 4479//3354 2975//3354 2974//3354
f 4479//3355 3554//3355 3555//3355 2975//3355
f 2974//3356 2975//3356 3668//3356 4941//3356
f 2975//3357 3555//3357 3996//3357 3668//3357
f 2971//3358 2972//3358 2976//3358 4479//3358
f 2972//3359 4933//3359 4934//3359 2976//3359
f 4479//3360 2976//3360 3553//3360 3554//3360
f 2976//3361 4934//3361 3997//3361 3553//3361
f 2971//3362 2973//3362 4480//3362 2972//3362
f 2973//3363 3631//3363 3630//3363 4480//3363
f 2972//3364 4480//3364 3647//3364 4933//3364
f 4480//3365 3630//3365 5180//3365 3647//3365
f 2971//3366 2974//3366 4481//3366 2973//3366
f 2974//3367 4941//3367 3667//3367 4481//3367
f 2973//3368 4481//3368 4923//3368 3631//3368
f 4481//3369 3667//3369 4005//3369 4923//3369
f 2977//3370 4482//3370 2980//3370 2979//3370
f 4482//3371 4855//3371 4856//3371 2980//3371
f 2979//3372 2980//3372 4944//3372 4943//3372
f 2980//3373 4856//3373 3994//3373 4944//3373
f 2977//3374 2978//3374 2981//3374 4482//3374
f 2978//3375 4938//3375 3649//3375 2981//3375
f 4482//3376 2981//3376 4854//3376 4855//3376
f 2981//3377 3649//3377 5171//3377 4854//3377
f 2977//3378 4483//3378 2982//3378 2978//3378
f 4483//3379 3626//3379 3625//3379 2982//3379
f 2978//3380 2982//3380 3648//3380 4938//3380
f 2982//3381 3625//3381 4003//3381 3648//3381
f 2977//3382 2979//3382 2983//3382 4483//3382
f 2979//3383 4943//3383 4942//3383 2983//3383
f 4483//3384 2983//3384 4919//3384 3626//3384
f 2983//3385 4942//3385 4002//3385 4919//3385
f 2984//3386 4484//3386 2987//3386 2986//3386
f 4484//3387 3546//3387 3547//3387 2987//3387
f 2986//3388 2987//3388 4945//3388 3670//3388
f 2987//3389 3547//3389 3992//3389 4945//3389
f 2984//3390 4485//3390 2988//3390 4484//3390
f 4485//3391 3654//3391 3655//3391 2988//3391
f 4484//3392 2988//3392 4850//3392 3546//3392
f 2988//3393 3655//3393 3993//3393 4850//3393
f 2984//3394 2985//3394 4486//3394 4485//3394
f 2985//3395 3621//3395 4914//3395 4486//3395
f 4485//3396 4486//3396 3653//3396 3654//3396
f 4486//3397 4914//3397 5178//3397 3653//3397
f 2984//3398 2986//3398 4487//3398 2985//3398
f 2986//3399 3670//3399 3669//3399 4487//3399
f 2985//3400 4487//3400 3622//3400 3621//3400
f 4487//3401 3669//3401 4001//3401 3622//3401
f 2989//3402 2990//3402 4490//3402 2991//3402
f 2990//3403 4846//3403 3542//3403 4490//3403
f 2991//3404 4490//3404 3672//3404 4946//3404
f 4490//3405 3542//3405 3990//3405 3672//3405
f 2989//3406 4488//3406 4491//3406 2990//3406
f 4488//3407 3659//3407 3660//3407 4491//3407
f 2990//3408 4491//3408 4845//3408 4846//3408
f 4491//3409 3660//3409 3991//3409 4845//3409
f 2989//3410 4489//3410 2992//3410 4488//3410
f 4489//3411 3615//3411 4911//3411 2992//3411
f 4488//3412 2992//3412 4939//3412 3659//3412
f 2992//3413 4911//3413 3999//3413 4939//3413
f 2989//3414 2991//3414 2993//3414 4489//3414
f 2991//3415 4946//3415 3671//3415 2993//3415
f 4489//3416 2993//3416 3616//3416 3615//3416
f 2993//3417 3671//3417 5177//3417 3616//3417
f 2994//3418 2995//3418 4494//3418 2996//3418
f 2995//3419 4865//3419 3565//3419 4494//3419
f 2996//3420 4494//3420 3641//3420 4930//3420
f 4494//3421 3565//3421 5174//3421 3641//3421
f 2994//3422 4492//3422 4495//3422 2995//3422
f 3662//3423 4495//3423 4492//3423
f 2995//3424 4495//3424 3564//3424 4865//3424
f 3663//3425 3564//3425 4495//3425
f 2994//3426 4493//3426 2997//3426 4492//3426
f 4493//3427 4928//3427 2997//3427
f 2997//3428 4167//3428 4492//3428
f 2997//3429 4154//3429 4153//3429
f 2994//3430 2996//3430 4496//3430 4493//3430
f 2996//3431 4930//3431 3642//3431 4496//3431
f 4493//3432 4496//3432 3640//3432 4929//3432
f 4496//3433 3642//3433 4008//3433 3640//3433
f 2998//3434 4497//3434 3000//3434 2999//3434
f 4497//3435 4862//3435 3559//3435 3000//3435
f 2999//3436 3000//3436 4932//3436 3645//3436
f 3000//3437 3559//3437 5172//3437 4932//3437
f 2998//3438 4498//3438 3001//3438 4497//3438
f 4498//3439 3665//3439 3666//3439 3001//3439
f 4497//3440 3001//3440 3558//3440 4862//3440
f 3001//3441 3666//3441 5173//3441 3558//3441
f 2998//3442 4499//3442 3002//3442 4498//3442
f 4499//3443 4924//3443 3635//3443 3002//3443
f 4498//3444 3002//3444 3664//3444 3665//3444
f 3002//3445 3635//3445 4006//3445 3664//3445
f 2998//3446 2999//3446 3003//3446 4499//3446
f 2999//3447 3645//3447 3646//3447 3003//3447
f 4499//3448 3003//3448 3636//3448 4924//3448
f 3003//3449 3646//3449 5181//3449 3636//3449
f 4501//3450 3552//3450 4860//3450 4504//3450
f 4504//3451 4860//3451 3995//3451 4935//3451
f 4500//3452 3004//3452 4505//3452 4501//3452
f 3004//3453 4941//3453 3668//3453 4505//3453
f 4501//3454 4505//3454 4859//3454 3552//3454
f 4505//3455 3668//3455 3996//3455 4859//3455
f 4500//3456 4502//3456 3005//3456 3004//3456
f 4502//3457 4921//3457 3629//3457 3005//3457
f 3004//3458 3005//3458 3667//3458 4941//3458
f 3005//3459 3629//3459 4005//3459 3667//3459
f 4506//3460 4937//3460 4004//3460 4922//3460
f 4508//3461 3549//3461 3550//3461 4512//3461
f 4511//3462 4512//3462 3650//3462 3651//3462
f 4512//3463 3550//3463 5170//3463 3650//3463
f 4507//3464 4509//3464 3006//3464 4508//3464
f 4509//3465 4943//3465 4944//3465 3006//3465
f 4508//3466 3006//3466 4853//3466 3549//3466
f 3006//3467 4944//3467 3994//3467 4853//3467
f 4507//3468 4510//3468 3007//3468 4509//3468
f 4510//3469 4918//3469 4917//3469 3007//3469
f 4509//3470 3007//3470 4942//3470 4943//3470
f 3007//3471 4917//3471 4002//3471 4942//3471
f 4507//3472 4511//3472 3008//3472 4510//3472
f 4511//3473 3651//3473 3652//3473 3008//3473
f 4510//3474 3008//3474 3624//3474 4918//3474
f 3008//3475 3652//3475 5179//3475 3624//3475
f 3009//3476 4513//3476 3011//3476 4515//3476
f 4513//3477 4849//3477 3545//3477 3011//3477
f 4515//3478 3011//3478 3656//3478 3657//3478
f 3011//3479 3545//3479 5169//3479 3656//3479
f 3009//3480 3010//3480 3012//3480 4513//3480
f 3010//3481 3670//3481 4945//3481 3012//3481
f 4513//3482 3012//3482 4848//3482 4849//3482
f 3012//3483 4945//3483 3992//3483 4848//3483
f 3009//3484 4514//3484 4516//3484 3010//3484
f 4514//3485 3619//3485 4913//3485 4516//3485
f 3010//3486 4516//3486 3669//3486 3670//3486
f 4516//3487 4913//3487 4001//3487 3669//3487
f 3009//3488 4515//3488 3013//3488 4514//3488
f 4515//3489 3657//3489 3658//3489 3013//3489
f 4514//3490 3013//3490 3620//3490 3619//3490
f 3013//3491 3658//3491 4000//3491 3620//3491
f 3014//3492 4517//3492 3017//3492 3016//3492
f 4517//3493 4844//3493 3541//3493 3017//3493
f 3017//3494 4940//3494 3016//3494
f 3541//3495 3661//3495 3017//3495
f 3014//3496 4518//3496 3018//3496 4517//3496
f 4518//3497 4946//3497 3672//3497 3018//3497
f 4517//3498 3018//3498 4843//3498 4844//3498
f 3018//3499 3672//3499 3990//3499 4843//3499
f 3014//3500 3015//3500 4519//3500 4518//3500
f 3015//3501 4910//3501 3613//3501 4519//3501
f 4518//3502 4519//3502 3671//3502 4946//3502
f 4519//3503 3613//3503 5177//3503 3671//3503
f 3014//3504 3016//3504 4520//3504 3015//3504
f 3826//3505 3812//3505 4520//3505
f 3015//3506 3614//3506 4910//3506
f 4520//3507 5045//3507 3614//3507
f 3019//3508 4521//3508 4523//3508 3021//3508
f 3021//3509 4523//3509 4968//3509 4967//3509
f 4523//3510 4927//3510 4007//3510 4968//3510
f 3019//3511 4522//3511 3022//3511 4521//3511
f 4522//3512 3698//3512 3697//3512 3022//3512
f 4521//3513 3022//3513 3639//3513 4926//3513
f 3022//3514 3697//3514 4008//3514 3639//3514
f 3019//3515 3020//3515 4524//3515 4522//3515
f 3020//3516 3694//3516 3693//3516 4524//3516
f 4522//3517 4524//3517 3699//3517 3698//3517
f 3693//3518 3699//3518 4524//3518
f 3019//3519 3021//3519 4525//3519 3020//3519
f 3021//3520 4967//3520 3700//3520 4525//3520
f 3020//3521 4525//3521 3695//3521 3694//3521
f 4525//3522 3700//3522 5187//3522 3695//3522
f 3023//3523 4526//3523 3026//3523 4527//3523
f 4526//3524 3633//3524 3634//3524 3026//3524
f 4527//3525 3026//3525 3704//3525 3703//3525
f 3026//3526 3634//3526 5180//3526 3704//3526
f 3023//3527 3024//3527 4528//3527 4526//3527
f 3024//3528 3701//3528 4969//3528 4528//3528
f 4526//3529 4528//3529 3632//3529 3633//3529
f 4528//3530 4969//3530 5181//3530 3632//3530
f 3023//3531 3025//3531 3027//3531 3024//3531
f 3025//3532 3688//3532 4963//3532 3027//3532
f 3024//3533 3027//3533 4970//3533 3701//3533
f 3027//3534 4963//3534 4016//3534 4970//3534
f 3023//3535 4527//3535 3028//3535 3025//3535
f 4527//3536 3703//3536 3702//3536 3028//3536
f 3025//3537 3028//3537 3689//3537 3688//3537
f 3028//3538 3702//3538 4015//3538 3689//3538
f 4529//3539 3029//3539 3032//3539 3031//3539
f 3029//3540 4920//3540 3628//3540 3032//3540
f 3031//3541 3032//3541 3708//3541 3707//3541
f 3032//3542 3628//3542 4003//3542 3708//3542
f 4529//3543 3030//3543 3033//3543 3029//3543
f 3030//3544 3705//3544 4971//3544 3033//3544
f 3029//3545 3033//3545 3627//3545 4920//3545
f 3033//3546 4971//3546 4004//3546 3627//3546
f 4529//3547 4530//3547 4531//3547 3030//3547
f 3030//3548 4531//3548 3706//3548 3705//3548
f 4531//3549 4958//3549 5185//3549 3706//3549
f 4529//3550 3031//3550 3034//3550 4530//3550
f 3031//3551 3707//3551 4972//3551 3034//3551
f 4530//3552 3034//3552 3684//3552 4959//3552
f 3034//3553 4972//3553 4014//3553 3684//3553
f 4532//3554 3035//3554 4533//3554 3038//3554
f 3035//3555 4916//3555 3623//3555 4533//3555
f 3038//3556 4533//3556 3713//3556 4973//3556
f 4533//3557 3623//3557 5178//3557 3713//3557
f 4532//3558 3036//3558 4534//3558 3035//3558
f 3036//3559 3710//3559 3709//3559 4534//3559
f 3035//3560 4534//3560 4915//3560 4916//3560
f 4534//3561 3709//3561 5179//3561 4915//3561
f 4532//3562 3037//3562 4535//3562 3036//3562
f 3037//3563 4954//3563 3679//3563 4535//3563
f 3036//3564 4535//3564 3711//3564 3710//3564
f 4535//3565 3679//3565 4013//3565 3711//3565
f 4532//3566 3038//3566 3039//3566 3037//3566
f 3038//3567 4973//3567 3712//3567 3039//3567
f 3037//3568 3039//3568 3680//3568 4954//3568
f 3039//3569 3712//3569 4012//3569 3680//3569
f 4536//3570 3040//3570 3042//3570 4538//3570
f 3040//3571 3617//3571 3618//3571 3042//3571
f 4538//3572 3042//3572 3717//3572 3716//3572
f 3042//3573 3618//3573 3999//3573 3717//3573
f 4536//3574 3041//3574 4539//3574 3040//3574
f 3041//3575 3714//3575 4974//3575 4539//3575
f 3040//3576 4539//3576 4912//3576 3617//3576
f 4539//3577 4974//3577 4000//3577 4912//3577
f 4536//3578 4537//3578 3043//3578 3041//3578
f 4537//3579 3675//3579 3674//3579 3043//3579
f 3041//3580 3043//3580 3715//3580 3714//3580
f 3043//3581 3674//3581 5183//3581 3715//3581
f 4536//3582 4538//3582 3044//3582 4537//3582
f 4538//3583 3716//3583 4975//3583 3044//3583
f 4537//3584 3044//3584 3676//3584 3675//3584
f 3044//3585 4975//3585 5182//3585 3676//3585
f 4540//3586 3045//3586 3049//3586 3048//3586
f 3045//3587 4925//3587 3638//3587 3049//3587
f 3048//3588 3049//3588 3718//3588 4977//3588
f 3049//3589 3638//3589 4006//3589 3718//3589
f 4540//3590 3046//3590 3050//3590 3045//3590
f 3046//3591 4967//3591 4968//3591 3050//3591
f 3045//3592 3050//3592 3637//3592 4925//3592
f 3050//3593 4968//3593 4007//3593 3637//3593
f 4540//3594 3047//3594 4541//3594 3046//3594
f 3047//3595 3692//3595 3691//3595 4541//3595
f 3046//3596 4541//3596 3700//3596 4967//3596
f 4541//3597 3691//3597 5187//3597 3700//3597
f 4540//3598 3048//3598 4542//3598 3047//3598
f 3048//3599 4977//3599 4976//3599 4542//3599
f 3047//3600 4542//3600 4966//3600 3692//3600
f 4542//3601 4976//3601 4017//3601 4966//3601
f 4543//3602 4544//3602 3054//3602 3053//3602
f 4544//3603 3631//3603 4923//3603 3054//3603
f 3053//3604 3054//3604 3719//3604 4979//3604
f 3054//3605 4923//3605 4005//3605 3719//3605
f 4543//3606 3051//3606 3055//3606 4544//3606
f 3051//3607 3703//3607 3704//3607 3055//3607
f 4544//3608 3055//3608 3630//3608 3631//3608
f 3055//3609 3704//3609 5180//3609 3630//3609
f 4543//3610 3052//3610 4545//3610 3051//3610
f 3052//3611 3686//3611 4962//3611 4545//3611
f 3051//3612 4545//3612 3702//3612 3703//3612
f 4545//3613 4962//3613 4015//3613 3702//3613
f 4543//3614 3053//3614 3056//3614 3052//3614
f 3053//3615 4979//3615 4978//3615 3056//3615
f 3052//3616 3056//3616 3687//3616 3686//3616
f 3056//3617 4978//3617 5186//3617 3687//3617
f 3057//3618 3058//3618 3060//3618 4547//3618
f 3058//3619 3626//3619 4919//3619 3060//3619
f 4547//3620 3060//3620 3722//3620 3721//3620
f 3060//3621 4919//3621 4002//3621 3722//3621
f 3057//3622 3059//3622 4548//3622 3058//3622
f 3059//3623 3707//3623 3708//3623 4548//3623
f 3058//3624 4548//3624 3625//3624 3626//3624
f 4548//3625 3708//3625 4003//3625 3625//3625
f 3057//3626 4546//3626 3061//3626 3059//3626
f 4546//3627 3683//3627 3682//3627 3061//3627
f 3059//3628 3061//3628 4972//3628 3707//3628
f 3061//3629 3682//3629 4014//3629 4972//3629
f 3057//3630 4547//3630 4549//3630 4546//3630
f 4547//3631 3721//3631 3720//3631 4549//3631
f 4546//3632 4549//3632 4957//3632 3683//3632
f 4549//3633 3720//3633 5184//3633 4957//3633
f 3062//3634 4550//3634 3065//3634 3064//3634
f 4550//3635 3621//3635 3622//3635 3065//3635
f 3064//3636 3065//3636 4981//3636 4980//3636
f 3065//3637 3622//3637 4001//3637 4981//3637
f 3062//3638 4551//3638 3066//3638 4550//3638
f 4551//3639 4973//3639 3713//3639 3066//3639
f 4550//3640 3066//3640 4914//3640 3621//3640
f 3066//3641 3713//3641 5178//3641 4914//3641
f 3062//3642 3063//3642 3067//3642 4551//3642
f 3063//3643 4952//3643 4951//3643 3067//3643
f 4551//3644 3067//3644 3712//3644 4973//3644
f 3067//3645 4951//3645 4012//3645 3712//3645
f 3062//3646 3064//3646 4552//3646 3063//3646
f 3064//3647 4980//3647 3723//3647 4552//3647
f 3063//3648 4552//3648 4953//3648 4952//3648
f 4552//3649 3723//3649 4011//3649 4953//3649
f 3068//3650 4553//3650 3070//3650 4555//3650
f 4553//3651 3615//3651 3616//3651 3070//3651
f 4555//3652 3070//3652 3725//3652 3724//3652
f 3070//3653 3616//3653 5177//3653 3725//3653
f 3068//3654 4554//3654 3071//3654 4553//3654
f 4554//3655 3716//3655 3717//3655 3071//3655
f 4553//3656 3071//3656 4911//3656 3615//3656
f 3071//3657 3717//3657 3999//3657 4911//3657
f 3068//3658 3069//3658 4556//3658 4554//3658
f 3069//3659 4948//3659 3673//3659 4556//3659
f 4554//3660 4556//3660 4975//3660 3716//3660
f 4556//3661 3673//3661 5182//3661 4975//3661
f 3068//3662 4555//3662 3072//3662 3069//3662
f 4555//3663 3724//3663 4982//3663 3072//3663
f 3069//3664 3072//3664 4949//3664 4948//3664
f 4982//3665 4949//3665 3072//3665
f 3073//3666 4557//3666 3075//3666
f 3074//3667 3640//3667 4557//3667
f 3075//3668 4557//3668 3697//3668 3698//3668
f 4557//3669 3640//3669 4008//3669 3697//3669
f 5282//3670 3074//3670 3073//3670
f 3073//3671 4158//3671 5282//3671
f 4558//3672 4151//3672 4158//3672
f 3698//3673 4558//3673 3075//3673
f 3699//3674 3696//3674 4558//3674
f 3076//3675 3077//3675 3080//3675 4559//3675
f 3077//3676 4924//3676 3636//3676 3080//3676
f 4559//3677 3080//3677 4969//3677 3701//3677
f 3080//3678 3636//3678 5181//3678 4969//3678
f 3076//3679 3078//3679 3081//3679 3077//3679
f 3078//3680 4977//3680 3718//3680 3081//3680
f 3077//3681 3081//3681 3635//3681 4924//3681
f 3081//3682 3718//3682 4006//3682 3635//3682
f 3076//3683 3079//3683 4560//3683 3078//3683
f 3079//3684 4964//3684 3690//3684 4560//3684
f 3078//3685 4560//3685 4976//3685 4977//3685
f 4560//3686 3690//3686 4017//3686 4976//3686
f 3076//3687 4559//3687 4561//3687 3079//3687
f 4559//3688 3701//3688 4970//3688 4561//3688
f 3079//3689 4561//3689 4965//3689 4964//3689
f 4561//3690 4970//3690 4016//3690 4965//3690
f 3082//3691 3083//3691 3086//3691 4562//3691
f 3083//3692 4921//3692 4922//3692 3086//3692
f 4562//3693 3086//3693 4971//3693 3705//3693
f 3086//3694 4922//3694 4004//3694 4971//3694
f 3082//3695 3084//3695 3087//3695 3083//3695
f 3084//3696 4979//3696 3719//3696 3087//3696
f 3083//3697 3087//3697 3629//3697 4921//3697
f 3087//3698 3719//3698 4005//3698 3629//3698
f 3082//3699 3085//3699 3088//3699 3084//3699
f 3085//3700 4960//3700 3685//3700 3088//3700
f 3084//3701 3088//3701 4978//3701 4979//3701
f 3088//3702 3685//3702 5186//3702 4978//3702
f 3082//3703 4562//3703 3089//3703 3085//3703
f 4562//3704 3705//3704 3706//3704 3089//3704
f 3085//3705 3089//3705 4961//3705 4960//3705
f 3089//3706 3706//3706 5185//3706 4961//3706
f 3090//3707 4563//3707 4565//3707 4564//3707
f 4563//3708 4918//3708 3624//3708 4565//3708
f 4564//3709 4565//3709 3709//3709 3710//3709
f 4565//3710 3624//3710 5179//3710 3709//3710
f 3090//3711 3091//3711 3093//3711 4563//3711
f 3091//3712 3721//3712 3722//3712 3093//3712
f 4563//3713 3093//3713 4917//3713 4918//3713
f 3093//3714 3722//3714 4002//3714 4917//3714
f 3090//3715 3092//3715 4566//3715 3091//3715
f 3092//3716 3681//3716 4955//3716 4566//3716
f 3091//3717 4566//3717 3720//3717 3721//3717
f 4566//3718 4955//3718 5184//3718 3720//3718
f 3090//3719 4564//3719 4567//3719 3092//3719
f 4564//3720 3710//3720 3711//3720 4567//3720
f 3092//3721 4567//3721 4956//3721 3681//3721
f 4567//3722 3711//3722 4013//3722 4956//3722
f 3094//3723 4568//3723 3096//3723 4570//3723
f 4568//3724 3619//3724 3620//3724 3096//3724
f 4570//3725 3096//3725 4974//3725 3714//3725
f 3096//3726 3620//3726 4000//3726 4974//3726
f 3094//3727 3095//3727 3097//3727 4568//3727
f 3095//3728 4980//3728 4981//3728 3097//3728
f 4568//3729 3097//3729 4913//3729 3619//3729
f 3097//3730 4981//3730 4001//3730 4913//3730
f 3094//3731 4569//3731 4571//3731 3095//3731
f 4569//3732 3677//3732 4950//3732 4571//3732
f 3095//3733 4571//3733 3723//3733 4980//3733
f 4571//3734 4950//3734 4011//3734 3723//3734
f 3094//3735 4570//3735 3098//3735 4569//3735
f 4570//3736 3714//3736 3715//3736 3098//3736
f 4569//3737 3098//3737 3678//3737 3677//3737
f 3098//3738 3715//3738 5183//3738 3678//3738
f 3100//3739 3824//3739 3099//3739
f 4910//3740 3817//3740 3100//3740
f 3099//3741 4572//3741 3100//3741
f 3101//3742 3724//3742 3725//3742 4572//3742
f 3100//3743 3613//3743 4910//3743
f 4572//3744 3725//3744 5177//3744 3613//3744
f 5033//3745 3102//3745 3101//3745
f 3102//3746 3724//3746 3101//3746
f 4947//3747 4982//3747 3102//3747
f 3099//3748 3824//3748 5033//3748
f 3104//3749 4573//3749 3103//3749
f 3104//3750 3694//3750 3695//3750 4574//3750
f 4574//3751 3695//3751 5187//3751 3751//3751
f 3103//3752 4575//3752 3104//3752
f 5283//3753 3749//3753 4575//3753
f 3104//3754 3693//3754 3694//3754
f 4575//3755 5188//3755 3693//3755
f 3103//3756 4152//3756 3105//3756
f 3105//3757 4152//3757 5271//3757
f 4573//3758 3750//3758 4576//3758
f 4027//3759 4155//3759 4157//3759
f 3106//3760 4577//3760 4579//3760 3108//3760
f 4577//3761 3688//3761 3689//3761 4579//3761
f 3108//3762 4579//3762 3755//3762 3754//3762
f 4579//3763 3689//3763 4015//3763 3755//3763
f 3106//3764 4578//3764 4580//3764 4577//3764
f 4578//3765 3752//3765 4998//3765 4580//3765
f 4577//3766 4580//3766 4963//3766 3688//3766
f 4580//3767 4998//3767 4016//3767 4963//3767
f 3106//3768 3107//3768 3109//3768 4578//3768
f 3107//3769 3742//3769 4994//3769 3109//3769
f 4578//3770 3109//3770 3753//3770 3752//3770
f 3109//3771 4994//3771 4025//3771 3753//3771
f 3106//3772 3108//3772 4581//3772 3107//3772
f 3108//3773 3754//3773 4999//3773 4581//3773
f 3107//3774 4581//3774 3743//3774 3742//3774
f 4581//3775 4999//3775 5192//3775 3743//3775
f 3110//3776 4582//3776 4583//3776 3113//3776
f 4582//3777 4959//3777 3684//3777 4583//3777
f 3113//3778 4583//3778 5002//3778 3758//3778
f 4583//3779 3684//3779 4014//3779 5002//3779
f 3110//3780 3111//3780 3114//3780 4582//3780
f 3111//3781 3756//3781 5000//3781 3114//3781
f 4582//3782 3114//3782 4958//3782 4959//3782
f 3114//3783 5000//3783 5185//3783 4958//3783
f 3110//3784 3112//3784 3115//3784 3111//3784
f 3112//3785 4991//3785 3736//3785 3115//3785
f 3111//3786 3115//3786 5001//3786 3756//3786
f 3115//3787 3736//3787 5190//3787 5001//3787
f 3110//3788 3113//3788 4584//3788 3112//3788
f 3113//3789 3758//3789 3757//3789 4584//3789
f 3112//3790 4584//3790 3737//3790 4991//3790
f 4584//3791 3757//3791 4024//3791 3737//3791
f 4585//3792 4586//3792 3118//3792 3117//3792
f 4586//3793 4954//3793 3680//3793 3118//3793
f 3117//3794 3118//3794 3762//3794 5004//3794
f 3118//3795 3680//3795 4012//3795 3762//3795
f 4585//3796 3116//3796 3119//3796 4586//3796
f 3116//3797 3759//3797 5003//3797 3119//3797
f 4586//3798 3119//3798 3679//3798 4954//3798
f 3119//3799 5003//3799 4013//3799 3679//3799
f 4585//3800 4587//3800 4588//3800 3116//3800
f 4587//3801 3732//3801 3731//3801 4588//3801
f 3116//3802 4588//3802 3760//3802 3759//3802
f 4588//3803 3731//3803 4022//3803 3760//3803
f 4585//3804 3117//3804 3120//3804 4587//3804
f 3117//3805 5004//3805 3761//3805 3120//3805
f 4587//3806 3120//3806 3733//3806 3732//3806
f 3120//3807 3761//3807 4021//3807 3733//3807
f 3121//3808 4589//3808 4592//3808 3122//3808
f 4589//3809 3675//3809 3676//3809 4592//3809
f 3122//3810 4592//3810 3766//3810 5006//3810
f 4592//3811 3676//3811 5182//3811 3766//3811
f 3121//3812 4590//3812 4593//3812 4589//3812
f 4590//3813 3764//3813 3763//3813 4593//3813
f 4589//3814 4593//3814 3674//3814 3675//3814
f 4593//3815 3763//3815 5183//3815 3674//3815
f 3121//3816 4591//3816 3123//3816 4590//3816
f 4983//3817 3123//3817 4591//3817
f 4590//3818 3123//3818 3765//3818 3764//3818
f 3123//3819 3726//3819 4019//3819 3765//3819
f 3121//3820 4594//3820 4591//3820
f 5006//3821 4594//3821 3122//3821
f 4591//3822 3727//3822 4983//3822
f 5005//3823 3727//3823 4594//3823
f 3124//3824 4595//3824 3127//3824 3126//3824
f 4595//3825 3692//3825 4966//3825 3127//3825
f 3126//3826 3127//3826 3767//3826 5008//3826
f 3127//3827 4966//3827 4017//3827 3767//3827
f 3124//3828 4596//3828 3128//3828 4595//3828
f 4596//3829 4997//3829 3751//3829 3128//3829
f 4595//3830 3128//3830 3691//3830 3692//3830
f 3128//3831 3751//3831 5187//3831 3691//3831
f 3124//3832 4597//3832 4596//3832
f 3125//3833 3746//3833 4597//3833
f 3746//3834 3750//3834 4597//3834
f 3124//3835 3126//3835 3129//3835 3125//3835
f 3126//3836 5008//3836 5007//3836 3129//3836
f 3129//3837 4996//3837 3125//3837
f 3129//3838 5007//3838 4026//3838 3747//3838
f 4598//3839 3130//3839 4599//3839 3133//3839
f 3130//3840 3686//3840 3687//3840 4599//3840
f 3133//3841 4599//3841 3770//3841 3769//3841
f 4599//3842 3687//3842 5186//3842 3770//3842
f 4598//3843 3131//3843 4600//3843 3130//3843
f 3131//3844 3754//3844 3755//3844 4600//3844
f 3130//3845 4600//3845 4962//3845 3686//3845
f 4600//3846 3755//3846 4015//3846 4962//3846
f 4598//3847 3132//3847 4601//3847 3131//3847
f 3132//3848 3741//3848 3740//3848 4601//3848
f 3131//3849 4601//3849 4999//3849 3754//3849
f 4601//3850 3740//3850 5192//3850 4999//3850
f 4598//3851 3133//3851 4602//3851 3132//3851
f 3133//3852 3769//3852 3768//3852 4602//3852
f 3132//3853 4602//3853 4993//3853 3741//3853
f 4602//3854 3768//3854 5191//3854 4993//3854
f 3134//3855 4603//3855 4605//3855 3136//3855
f 4603//3856 3683//3856 4957//3856 4605//3856
f 3136//3857 4605//3857 3771//3857 5010//3857
f 4605//3858 4957//3858 5184//3858 3771//3858
f 3134//3859 4604//3859 3137//3859 4603//3859
f 4604//3860 3758//3860 5002//3860 3137//3860
f 4603//3861 3137//3861 3682//3861 3683//3861
f 3137//3862 5002//3862 4014//3862 3682//3862
f 3134//3863 3135//3863 3138//3863 4604//3863
f 3135//3864 3735//3864 4989//3864 3138//3864
f 4604//3865 3138//3865 3757//3865 3758//3865
f 3138//3866 4989//3866 4024//3866 3757//3866
f 3134//3867 3136//3867 4606//3867 3135//3867
f 3136//3868 5010//3868 5009//3868 4606//3868
f 3135//3869 4606//3869 4990//3869 3735//3869
f 4606//3870 5009//3870 4023//3870 4990//3870
f 3139//3871 4607//3871 3141//3871 4609//3871
f 4607//3872 4952//3872 4953//3872 3141//3872
f 4609//3873 3141//3873 3774//3873 3773//3873
f 3141//3874 4953//3874 4011//3874 3774//3874
f 3139//3875 3140//3875 3142//3875 4607//3875
f 3140//3876 5004//3876 3762//3876 3142//3876
f 4607//3877 3142//3877 4951//3877 4952//3877
f 3142//3878 3762//3878 4012//3878 4951//3878
f 3139//3879 4608//3879 4610//3879 3140//3879
f 4608//3880 4985//3880 3730//3880 4610//3880
f 3140//3881 4610//3881 3761//3881 5004//3881
f 4610//3882 3730//3882 4021//3882 3761//3882
f 3139//3883 4609//3883 3143//3883 4608//3883
f 4609//3884 3773//3884 3772//3884 3143//3884
f 4608//3885 3143//3885 4986//3885 4985//3885
f 3143//3886 3772//3886 4020//3886 4986//3886
f 3144//3887 4612//3887 3146//3887
f 4612//3888 3818//3888 3146//3888
f 4612//3889 4010//3889 3748//3889
f 3145//3890 4611//3890 3144//3890
f 5006//3891 3147//3891 3145//3891
f 4611//3892 3147//3892 3673//3892 4948//3892
f 3147//3893 3766//3893 5182//3893 3673//3893
f 5153//3894 3148//3894 3145//3894
f 3145//3895 5005//3895 5006//3895
f 3951//3896 5189//3896 5005//3896
f 3144//3897 4028//3897 5153//3897
f 3146//3898 5040//3898 4028//3898
f 3149//3899 3150//3899 4614//3899 3152//3899
f 3150//3900 4964//3900 4965//3900 4614//3900
f 3152//3901 4614//3901 4998//3901 3752//3901
f 4614//3902 4965//3902 4016//3902 4998//3902
f 3149//3903 3151//3903 4615//3903 3150//3903
f 3151//3904 5008//3904 3767//3904 4615//3904
f 3150//3905 4615//3905 3690//3905 4964//3905
f 4615//3906 3767//3906 4017//3906 3690//3906
f 3149//3907 4613//3907 3153//3907 3151//3907
f 4613//3908 3745//3908 3744//3908 3153//3908
f 3151//3909 3153//3909 5007//3909 5008//3909
f 3153//3910 3744//3910 4026//3910 5007//3910
f 3149//3911 3152//3911 4616//3911 4613//3911
f 3152//3912 3752//3912 3753//3912 4616//3912
f 4613//3913 4616//3913 4995//3913 3745//3913
f 4616//3914 3753//3914 4025//3914 4995//3914
f 4617//3915 3154//3915 3157//3915 3156//3915
f 3154//3916 4960//3916 4961//3916 3157//3916
f 3156//3917 3157//3917 5000//3917 3756//3917
f 3157//3918 4961//3918 5185//3918 5000//3918
f 4617//3919 3155//3919 4619//3919 3154//3919
f 3155//3920 3769//3920 3770//3920 4619//3920
f 3154//3921 4619//3921 3685//3921 4960//3921
f 4619//3922 3770//3922 5186//3922 3685//3922
f 4617//3923 4618//3923 3158//3923 3155//3923
f 4618//3924 3738//3924 4992//3924 3158//3924
f 3155//3925 3158//3925 3768//3925 3769//3925
f 3158//3926 4992//3926 5191//3926 3768//3926
f 4617//3927 3156//3927 3159//3927 4618//3927
f 3156//3928 3756//3928 5001//3928 3159//3928
f 4618//3929 3159//3929 3739//3929 3738//3929
f 3159//3930 5001//3930 5190//3930 3739//3930
f 4620//3931 3160//3931 3163//3931 3162//3931
f 3160//3932 3681//3932 4956//3932 3163//3932
f 3162//3933 3163//3933 5003//3933 3759//3933
f 3163//3934 4956//3934 4013//3934 5003//3934
f 4620//3935 3161//3935 4622//3935 3160//3935
f 3161//3936 5010//3936 3771//3936 4622//3936
f 3160//3937 4622//3937 4955//3937 3681//3937
f 4622//3938 3771//3938 5184//3938 4955//3938
f 4620//3939 4621//3939 3164//3939 3161//3939
f 4621//3940 3734//3940 4987//3940 3164//3940
f 3161//3941 3164//3941 5009//3941 5010//3941
f 3164//3942 4987//3942 4023//3942 5009//3942
f 4620//3943 3162//3943 3165//3943 4621//3943
f 3162//3944 3759//3944 3760//3944 3165//3944
f 4621//3945 3165//3945 4988//3945 3734//3945
f 3165//3946 3760//3946 4022//3946 4988//3946
f 3166//3947 3167//3947 4625//3947 4624//3947
f 3167//3948 3677//3948 3678//3948 4625//3948
f 4624//3949 4625//3949 3763//3949 3764//3949
f 4625//3950 3678//3950 5183//3950 3763//3950
f 3166//3951 3168//3951 3169//3951 3167//3951
f 3168//3952 3773//3952 3774//3952 3169//3952
f 3167//3953 3169//3953 4950//3953 3677//3953
f 3169//3954 3774//3954 4011//3954 4950//3954
f 3166//3955 4623//3955 4626//3955 3168//3955
f 4623//3956 3728//3956 4984//3956 4626//3956
f 3168//3957 4626//3957 3772//3957 3773//3957
f 4626//3958 4984//3958 4020//3958 3772//3958
f 3166//3959 4624//3959 3170//3959 4623//3959
f 4624//3960 3764//3960 3765//3960 3170//3960
f 4623//3961 3170//3961 3729//3961 3728//3961
f 3170//3962 3765//3962 4019//3962 3729//3962
f 3171//3963 4627//3963 3174//3963 3173//3963
f 4627//3964 5141//3964 3953//3964 3174//3964
f 3173//3965 3174//3965 3936//3965 5128//3965
f 3174//3966 3953//3966 5209//3966 3936//3966
f 3171//3967 4628//3967 4629//3967 4627//3967
f 4628//3968 3789//3968 3788//3968 4629//3968
f 4627//3969 4629//3969 3952//3969 5141//3969
f 4629//3970 3788//3970 4059//3970 3952//3970
f 3171//3971 3172//3971 3175//3971 4628//3971
f 3172//3972 5018//3972 3175//3972
f 4628//3973 3175//3973 5020//3973 3789//3973
f 3175//3974 4031//3974 5020//3974
f 3171//3975 3173//3975 3176//3975 3172//3975
f 3173//3976 5128//3976 5129//3976 3176//3976
f 3172//3977 3176//3977 3786//3977 3785//3977
f 3176//3978 5129//3978 5196//3978 3786//3978
f 3177//3979 4630//3979 3178//3979 4633//3979
f 4630//3980 3955//3980 5142//3980 3178//3980
f 4633//3981 3178//3981 5131//3981 3939//3981
f 3178//3982 5142//3982 4061//3982 5131//3982
f 3177//3983 4631//3983 4634//3983 4630//3983
f 4631//3984 3793//3984 3792//3984 4634//3984
f 4630//3985 4634//3985 3954//3985 3955//3985
f 4634//3986 3792//3986 4060//3986 3954//3986
f 3177//3987 4632//3987 3179//3987 4631//3987
f 4632//3988 3779//3988 5015//3988 3179//3988
f 4631//3989 3179//3989 3794//3989 3793//3989
f 3179//3990 5015//3990 4030//3990 3794//3990
f 3177//3991 4633//3991 3180//3991 4632//3991
f 4633//3992 3939//3992 3940//3992 3180//3992
f 4632//3993 3180//3993 3780//3993 3779//3993
f 3180//3994 3940//3994 5194//3994 3780//3994
f 3181//3995 3182//3995 3184//3995 4636//3995
f 3182//3996 3956//3996 5144//3996 3184//3996
f 4636//3997 3184//3997 5132//3997 3944//3997
f 3184//3998 5144//3998 4063//3998 5132//3998
f 3181//3999 4635//3999 4637//3999 3182//3999
f 4635//4000 3796//4000 3795//4000 4637//4000
f 3182//4001 4637//4001 5143//4001 3956//4001
f 4637//4002 3795//4002 4062//4002 5143//4002
f 3181//4003 3183//4003 3185//4003 4635//4003
f 3775//4004 3185//4004 3183//4004
f 4635//4005 3185//4005 3797//4005 3796//4005
f 5011//4006 3797//4006 3185//4006
f 3181//4007 4636//4007 4638//4007 3183//4007
f 4636//4008 3945//4008 4638//4008
f 3810//4009 5038//4009 3775//4009
f 4638//4010 3828//4010 3810//4010
f 3186//4011 3189//4011 4639//4011
f 3187//4012 3958//4012 5145//4012 3189//4012
f 4639//4013 3189//4013 5134//4013 5135//4013
f 3189//4014 5145//4014 4064//4014 5134//4014
f 3188//4015 3187//4015 3186//4015
f 4162//4016 3800//4016 3190//4016
f 3187//4017 3190//4017 3957//4017 3958//4017
f 3800//4018 3957//4018 3190//4018
f 3186//4019 5274//4019 3188//4019
f 3188//4020 5274//4020 5270//4020
f 3191//4021 5285//4021 4159//4021
f 5135//4022 3191//4022 4639//4022
f 3948//4023 4156//4023 3191//4023
f 4640//4024 4641//4024 3195//4024 3194//4024
f 4641//4025 5146//4025 3960//4025 3195//4025
f 3194//4026 3195//4026 5136//4026 5137//4026
f 3195//4027 3960//4027 4065//4027 5136//4027
f 4640//4028 3192//4028 4642//4028 4641//4028
f 3192//4029 5128//4029 3936//4029 4642//4029
f 4641//4030 4642//4030 3959//4030 5146//4030
f 4642//4031 3936//4031 5209//4031 3959//4031
f 4640//4032 3193//4032 3196//4032 3192//4032
f 3193//4033 5017//4033 3783//4033 3196//4033
f 3192//4034 3196//4034 5129//4034 5128//4034
f 3196//4035 3783//4035 5196//4035 5129//4035
f 4640//4036 3194//4036 3197//4036 3193//4036
f 3194//4037 5137//4037 5138//4037 3197//4037
f 3193//4038 3197//4038 3784//4038 5017//4038
f 3197//4039 5138//4039 5195//4039 3784//4039
f 3198//4040 4643//4040 3200//4040 4645//4040
f 4643//4041 3962//4041 3963//4041 3200//4041
f 4645//4042 3200//4042 5139//4042 3949//4042
f 3200//4043 3963//4043 4066//4043 5139//4043
f 3198//4044 4644//4044 3201//4044 4643//4044
f 4644//4045 3939//4045 5131//4045 3201//4045
f 4643//4046 3201//4046 3961//4046 3962//4046
f 3201//4047 5131//4047 4061//4047 3961//4047
f 3198//4048 3199//4048 3202//4048 4644//4048
f 3199//4049 5014//4049 3777//4049 3202//4049
f 4644//4050 3202//4050 3940//4050 3939//4050
f 3202//4051 3777//4051 5194//4051 3940//4051
f 3198//4052 4645//4052 3203//4052 3199//4052
f 4645//4053 3949//4053 5140//4053 3203//4053
f 3199//4054 3203//4054 3778//4054 5014//4054
f 3203//4055 5140//4055 4029//4055 3778//4055
f 3204//4056 3206//4056 4646//4056
f 3204//4057 5147//4057 3965//4057 3207//4057
f 3207//4058 5034//4058 3206//4058
f 3965//4059 3950//4059 3207//4059
f 4646//4060 3208//4060 3204//4060
f 3205//4061 3944//4061 5132//4061 3208//4061
f 3204//4062 3208//4062 3964//4062 5147//4062
f 3208//4063 5132//4063 4063//4063 3964//4063
f 5047//4064 3209//4064 3205//4064
f 3209//4065 3944//4065 3205//4065
f 5046//4066 3945//4066 3209//4066
f 4646//4067 3815//4067 5047//4067
f 3206//4068 5037//4068 3815//4068
f 3210//4069 4647//4069 4648//4069 3213//4069
f 4647//4070 3966//4070 5149//4070 4648//4070
f 3213//4071 4648//4071 3788//4071 3789//4071
f 4648//4072 5149//4072 4059//4072 3788//4072
f 3210//4073 3211//4073 3214//4073 4647//4073
f 3211//4074 5135//4074 5134//4074 3214//4074
f 4647//4075 3214//4075 5148//4075 3966//4075
f 3214//4076 5134//4076 4064//4076 5148//4076
f 3210//4077 3212//4077 3215//4077 3211//4077
f 3787//4078 5269//4078 3212//4078
f 3211//4079 3948//4079 5135//4079
f 3215//4080 5264//4080 3948//4080
f 3210//4081 3213//4081 4649//4081 3212//4081
f 3213//4082 3789//4082 5020//4082 4649//4082
f 4649//4083 3787//4083 3212//4083
f 4650//4084 3216//4084 3219//4084 3218//4084
f 3216//4085 3967//4085 5151//4085 3219//4085
f 3218//4086 3219//4086 3792//4086 3793//4086
f 3219//4087 5151//4087 4060//4087 3792//4087
f 4650//4088 4651//4088 3220//4088 3216//4088
f 4651//4089 5137//4089 5136//4089 3220//4089
f 3216//4090 3220//4090 5150//4090 3967//4090
f 3220//4091 5136//4091 4065//4091 5150//4091
f 4650//4092 3217//4092 3221//4092 4651//4092
f 3217//4093 3782//4093 3781//4093 3221//4093
f 4651//4094 3221//4094 5138//4094 5137//4094
f 3221//4095 3781//4095 5195//4095 5138//4095
f 4650//4096 3218//4096 3222//4096 3217//4096
f 3218//4097 3793//4097 3794//4097 3222//4097
f 3217//4098 3222//4098 5016//4098 3782//4098
f 3222//4099 3794//4099 4030//4099 5016//4099
f 4652//4100 3223//4100 4654//4100 4653//4100
f 3223//4101 3968//4101 3969//4101 4654//4101
f 4653//4102 4654//4102 3795//4102 3796//4102
f 4654//4103 3969//4103 4062//4103 3795//4103
f 4652//4104 3224//4104 3226//4104 3223//4104
f 3224//4105 3949//4105 5139//4105 3226//4105
f 3223//4106 3226//4106 5152//4106 3968//4106
f 3226//4107 5139//4107 4066//4107 5152//4107
f 4652//4108 3225//4108 3227//4108 3224//4108
f 3225//4109 5013//4109 5012//4109 3227//4109
f 3224//4110 3227//4110 5140//4110 3949//4110
f 3227//4111 5012//4111 4029//4111 5140//4111
f 4652//4112 4653//4112 4655//4112 3225//4112
f 4653//4113 3796//4113 3797//4113 4655//4113
f 3225//4114 3776//4114 5013//4114
f 4655//4115 5193//4115 3776//4115
f 3779//4116 3228//4116 4656//4116
f 3780//4117 5042//4117 3228//4117
f 4656//4118 5015//4118 3779//4118
f 3229//4119 4030//4119 5015//4119
f 3230//4120 3784//4120 4657//4120
f 4657//4121 5195//4121 3825//4121
f 4658//4122 5017//4122 3230//4122
f 3821//4123 3783//4123 4658//4123
f 5014//4124 3231//4124 4659//4124
f 3778//4125 5044//4125 3231//4125
f 4659//4126 3777//4126 5014//4126
f 4660//4127 5194//4127 3777//4127
f 3232//4128 5016//4128 3233//4128
f 3233//4129 4030//4129 5041//4129
f 3234//4130 3782//4130 3232//4130
f 3825//4131 3781//4131 3234//4131
f 3814//4132 4660//4132 4659//4132
f 5057//4133 4656//4133 3228//4133
f 5032//4134 3818//4134 3748//4134
f 4009//4135 3661//4135 5036//4135
f 4035//4136 3228//4136 5042//4136
f 3809//4137 3951//4137 3148//4137
f 4033//4138 4947//4138 3102//4138
f 5032//4139 4010//4139 4947//4139
f 5036//4140 5168//4140 3822//4140
f 3808//4141 3811//4141 5189//4141
f 3816//4142 5034//4142 3950//4142
f 3823//4143 3229//4143 4656//4143
f 3820//4144 5046//4144 3209//4144
f 3235//4145 3236//4145 4663//4145 4662//4145
f 3236//4146 4842//4146 3540//4146 4663//4146
f 4662//4147 4663//4147 3569//4147 3568//4147
f 4663//4148 3540//4148 3989//4148 3569//4148
f 3235//4149 3237//4149 3238//4149 3236//4149
f 3237//4150 5050//4150 5051//4150 3238//4150
f 3236//4151 3238//4151 3539//4151 4842//4151
f 3238//4152 5051//4152 3971//4152 3539//4152
f 3235//4153 4661//4153 3239//4153 3237//4153
f 4661//4154 3882//4154 3881//4154 3239//4154
f 3237//4155 3239//4155 5049//4155 5050//4155
f 3239//4156 3881//4156 5200//4156 5049//4156
f 3235//4157 4662//4157 4664//4157 4661//4157
f 4662//4158 3568//4158 3567//4158 4664//4158
f 4661//4159 4664//4159 5084//4159 3882//4159
f 4664//4160 3567//4160 4036//4160 5084//4160
f 3240//4161 4665//4161 3243//4161 3242//4161
f 4665//4162 3533//4162 4840//4162 3243//4162
f 3242//4163 3243//4163 4870//4163 4869//4163
f 3243//4164 4840//4164 3987//4164 4870//4164
f 3240//4165 3241//4165 4667//4165 4665//4165
f 3241//4166 3830//4166 3831//4166 4667//4166
f 4665//4167 4667//4167 4839//4167 3533//4167
f 4667//4168 3831//4168 3988//4168 4839//4168
f 3240//4169 4666//4169 3244//4169 3241//4169
f 4666//4170 3883//4170 5085//4170 3244//4170
f 3241//4171 3244//4171 5053//4171 3830//4171
f 3244//4172 5085//4172 4037//4172 5053//4172
f 3240//4173 3242//4173 3245//4173 4666//4173
f 3242//4174 4869//4174 4868//4174 3245//4174
f 4666//4175 3245//4175 3884//4175 3883//4175
f 3245//4176 4868//4176 4038//4176 3884//4176
f 4668//4177 4669//4177 3248//4177 4670//4177
f 4669//4178 3529//4178 4835//4178 3248//4178
f 4670//4179 3248//4179 4874//4179 4873//4179
f 3248//4180 4835//4180 3986//4180 4874//4180
f 4668//4181 3246//4181 3249//4181 4669//4181
f 3246//4182 5054//4182 5055//4182 3249//4182
f 4669//4183 3249//4183 3528//4183 3529//4183
f 3249//4184 5055//4184 5165//4184 3528//4184
f 4668//4185 3247//4185 3250//4185 3246//4185
f 3247//4186 5086//4186 3885//4186 3250//4186
f 3246//4187 3250//4187 3834//4187 5054//4187
f 3250//4188 3885//4188 5201//4188 3834//4188
f 4668//4189 4670//4189 3251//4189 3247//4189
f 4670//4190 4873//4190 4872//4190 3251//4190
f 3247//4191 3251//4191 3886//4191 5086//4191
f 3251//4192 4872//4192 4039//4192 3886//4192
f 3252//4193 4671//4193 3253//4193 4674//4193
f 4671//4194 4831//4194 3524//4194 3253//4194
f 4674//4195 3253//4195 4875//4195 3576//4195
f 3253//4196 3524//4196 3984//4196 4875//4196
f 3252//4197 4672//4197 3254//4197 4671//4197
f 4672//4198 3836//4198 5059//4198 3254//4198
f 4671//4199 3254//4199 3523//4199 4831//4199
f 3254//4200 5059//4200 3985//4200 3523//4200
f 3252//4201 4673//4201 4675//4201 4672//4201
f 4673//4202 3887//4202 5087//4202 4675//4202
f 4672//4203 4675//4203 5058//4203 3836//4203
f 4675//4204 5087//4204 4040//4204 5058//4204
f 3252//4205 4674//4205 3255//4205 4673//4205
f 4674//4206 3576//4206 3575//4206 3255//4206
f 4673//4207 3255//4207 5088//4207 3887//4207
f 3255//4208 3575//4208 4041//4208 5088//4208
f 4676//4209 3256//4209 4677//4209 3259//4209
f 3256//4210 4827//4210 3519//4210 4677//4210
f 3259//4211 4677//4211 4878//4211 3579//4211
f 4677//4212 3519//4212 3982//4212 4878//4212
f 4676//4213 3257//4213 3260//4213 3256//4213
f 3257//4214 5060//4214 5061//4214 3260//4214
f 3256//4215 3260//4215 3518//4215 4827//4215
f 3260//4216 5061//4216 3983//4216 3518//4216
f 4676//4217 3258//4217 3261//4217 3257//4217
f 3258//4218 5090//4218 5089//4218 3261//4218
f 3257//4219 3261//4219 3840//4219 5060//4219
f 3261//4220 5089//4220 4042//4220 3840//4220
f 4676//4221 3259//4221 3262//4221 3258//4221
f 3259//4222 3579//4222 3578//4222 3262//4222
f 3258//4223 3262//4223 5091//4223 5090//4223
f 3262//4224 3578//4224 4043//4224 5091//4224
f 3263//4225 3264//4225 3268//4225 3267//4225
f 3264//4226 4823//4226 3514//4226 3268//4226
f 3267//4227 3268//4227 4882//4227 4881//4227
f 3268//4228 3514//4228 5161//4228 4882//4228
f 3263//4229 3265//4229 3269//4229 3264//4229
f 3265//4230 5062//4230 5063//4230 3269//4230
f 3264//4231 3269//4231 3513//4231 4823//4231
f 3269//4232 5063//4232 5162//4232 3513//4232
f 3263//4233 3266//4233 3270//4233 3265//4233
f 3266//4234 5093//4234 5092//4234 3270//4234
f 3265//4235 3270//4235 3844//4235 5062//4235
f 3270//4236 5092//4236 5202//4236 3844//4236
f 3263//4237 3267//4237 4678//4237 3266//4237
f 3267//4238 4881//4238 4880//4238 4678//4238
f 3266//4239 4678//4239 3888//4239 5093//4239
f 4678//4240 4880//4240 5203//4240 3888//4240
f 4679//4241 3271//4241 3273//4241 4681//4241
f 3271//4242 4820//4242 3508//4242 3273//4242
f 4681//4243 3273//4243 4885//4243 3584//4243
f 3273//4244 3508//4244 3979//4244 4885//4244
f 4679//4245 4680//4245 3274//4245 3271//4245
f 4680//4246 3849//4246 5064//4246 3274//4246
f 3271//4247 3274//4247 3507//4247 4820//4247
f 3274//4248 5064//4248 5160//4248 3507//4248
f 4679//4249 3272//4249 4682//4249 4680//4249
f 3272//4250 5095//4250 5094//4250 4682//4250
f 4680//4251 4682//4251 3848//4251 3849//4251
f 4682//4252 5094//4252 4044//4252 3848//4252
f 4679//4253 4681//4253 4683//4253 3272//4253
f 4681//4254 3584//4254 3583//4254 4683//4254
f 3272//4255 4683//4255 3889//4255 5095//4255
f 4683//4256 3583//4256 4045//4256 3889//4256
f 3275//4257 4684//4257 3277//4257 4686//4257
f 4684//4258 3503//4258 4816//4258 3277//4258
f 4686//4259 3277//4259 4887//4259 3588//4259
f 3277//4260 4816//4260 3976//4260 4887//4260
f 3275//4261 3276//4261 3278//4261 4684//4261
f 3276//4262 5067//4262 5068//4262 3278//4262
f 4684//4263 3278//4263 4815//4263 3503//4263
f 3278//4264 5068//4264 3977//4264 4815//4264
f 3275//4265 4685//4265 3279//4265 3276//4265
f 4685//4266 3890//4266 5096//4266 3279//4266
f 3276//4267 3279//4267 3851//4267 5067//4267
f 3279//4268 5096//4268 4046//4268 3851//4268
f 3275//4269 4686//4269 3280//4269 4685//4269
f 4686//4270 3588//4270 4886//4270 3280//4270
f 4685//4271 3280//4271 3891//4271 3890//4271
f 3280//4272 4886//4272 4047//4272 3891//4272
f 3281//4273 3282//4273 3285//4273 3284//4273
f 3282//4274 3496//4274 3497//4274 3285//4274
f 3284//4275 3285//4275 3592//4275 3591//4275
f 3285//4276 3497//4276 5158//4276 3592//4276
f 3281//4277 4687//4277 4688//4277 3282//4277
f 4687//4278 3854//4278 3855//4278 4688//4278
f 3282//4279 4688//4279 3495//4279 3496//4279
f 4688//4280 3855//4280 5159//4280 3495//4280
f 3281//4281 3283//4281 3286//4281 4687//4281
f 3283//4282 5097//4282 3892//4282 3286//4282
f 4687//4283 3286//4283 5070//4283 3854//4283
f 3286//4284 3892//4284 5204//4284 5070//4284
f 3281//4285 3284//4285 3287//4285 3283//4285
f 3284//4286 3591//4286 4889//4286 3287//4286
f 3283//4287 3287//4287 3893//4287 5097//4287
f 3287//4288 4889//4288 4048//4288 3893//4288
f 4689//4289 4690//4289 3291//4289 3290//4289
f 4690//4290 3490//4290 4811//4290 3291//4290
f 3290//4291 3291//4291 3597//4291 3596//4291
f 3291//4292 4811//4292 3973//4292 3597//4292
f 4689//4293 3288//4293 3292//4293 4690//4293
f 3288//4294 5074//4294 5075//4294 3292//4294
f 4690//4295 3292//4295 4810//4295 3490//4295
f 3292//4296 5075//4296 3974//4296 4810//4296
f 4689//4297 3289//4297 3293//4297 3288//4297
f 3289//4298 5098//4298 3894//4298 3293//4298
f 3288//4299 3293//4299 5073//4299 5074//4299
f 3293//4300 3894//4300 4049//4300 5073//4300
f 4689//4301 3290//4301 3294//4301 3289//4301
f 3290//4302 3596//4302 3595//4302 3294//4302
f 3289//4303 3294//4303 5099//4303 5098//4303
f 3294//4304 3595//4304 4050//4304 5099//4304
f 3295//4305 4691//4305 4693//4305 3297//4305
f 4691//4306 3485//4306 3486//4306 4693//4306
f 3297//4307 4693//4307 3599//4307 4892//4307
f 4693//4308 3486//4308 5155//4308 3599//4308
f 3295//4309 3296//4309 3298//4309 4691//4309
f 3296//4310 5078//4310 3857//4310 3298//4310
f 4691//4311 3298//4311 3484//4311 3485//4311
f 3298//4312 3857//4312 5156//4312 3484//4312
f 3295//4313 4692//4313 3299//4313 3296//4313
f 4692//4314 3895//4314 5100//4314 3299//4314
f 3296//4315 3299//4315 5077//4315 5078//4315
f 3299//4316 5100//4316 4051//4316 5077//4316
f 3295//4317 3297//4317 3300//4317 4692//4317
f 3297//4318 4892//4318 4891//4318 3300//4318
f 4692//4319 3300//4319 3896//4319 3895//4319
f 3300//4320 4891//4320 4052//4320 3896//4320
f 4694//4321 4695//4321 3303//4321 4696//4321
f 4695//4322 4841//4322 3538//4322 3303//4322
f 4696//4323 3303//4323 4894//4323 4893//4323
f 3303//4324 3538//4324 5167//4324 4894//4324
f 4694//4325 3301//4325 3304//4325 4695//4325
f 3301//4326 3568//4326 3569//4326 3304//4326
f 4695//4327 3304//4327 3537//4327 4841//4327
f 3304//4328 3569//4328 3989//4328 3537//4328
f 4694//4329 3302//4329 3305//4329 3301//4329
f 3302//4330 3897//4330 5101//4330 3305//4330
f 3301//4331 3305//4331 3567//4331 3568//4331
f 3305//4332 5101//4332 4036//4332 3567//4332
f 4694//4333 4696//4333 4697//4333 3302//4333
f 4696//4334 4893//4334 3600//4334 4697//4334
f 3302//4335 4697//4335 5102//4335 3897//4335
f 4697//4336 3600//4336 5205//4336 5102//4336
f 4698//4337 4699//4337 3309//4337 3308//4337
f 4699//4338 3531//4338 3532//4338 3309//4338
f 3308//4339 3309//4339 3602//4339 4895//4339
f 3309//4340 3532//4340 5166//4340 3602//4340
f 4698//4341 3306//4341 3310//4341 4699//4341
f 3306//4342 4869//4342 4870//4342 3310//4342
f 4699//4343 3310//4343 4838//4343 3531//4343
f 3310//4344 4870//4344 3987//4344 4838//4344
f 4698//4345 3307//4345 3311//4345 3306//4345
f 3307//4346 3898//4346 5103//4346 3311//4346
f 3306//4347 3311//4347 4868//4347 4869//4347
f 3311//4348 5103//4348 4038//4348 4868//4348
f 4698//4349 3308//4349 3312//4349 3307//4349
f 3308//4350 4895//4350 3601//4350 3312//4350
f 3307//4351 3312//4351 3899//4351 3898//4351
f 3312//4352 3601//4352 4053//4352 3899//4352
f 3313//4353 3314//4353 3318//4353 3317//4353
f 3314//4354 3526//4354 3527//4354 3318//4354
f 3317//4355 3318//4355 4897//4355 4896//4355
f 3318//4356 3527//4356 5164//4356 4897//4356
f 3313//4357 3315//4357 3319//4357 3314//4357
f 3315//4358 4873//4358 4874//4358 3319//4358
f 3314//4359 3319//4359 4834//4359 3526//4359
f 3319//4360 4874//4360 3986//4360 4834//4360
f 3313//4361 3316//4361 3320//4361 3315//4361
f 3316//4362 5104//4362 3900//4362 3320//4362
f 3315//4363 3320//4363 4872//4363 4873//4363
f 3320//4364 3900//4364 4039//4364 4872//4364
f 3313//4365 3317//4365 3321//4365 3316//4365
f 3317//4366 4896//4366 3603//4366 3321//4366
f 3316//4367 3321//4367 5105//4367 5104//4367
f 3321//4368 3603//4368 4054//4368 5105//4368
f 3322//4369 3323//4369 3325//4369 3324//4369
f 3323//4370 3522//4370 4830//4370 3325//4370
f 3324//4371 3325//4371 3604//4371 4899//4371
f 3325//4372 4830//4372 5163//4372 3604//4372
f 3322//4373 4700//4373 4702//4373 3323//4373
f 4700//4374 3576//4374 4875//4374 4702//4374
f 3323//4375 4702//4375 4829//4375 3522//4375
f 4702//4376 4875//4376 3984//4376 4829//4376
f 3322//4377 4701//4377 3326//4377 4700//4377
f 4701//4378 5106//4378 3901//4378 3326//4378
f 4700//4379 3326//4379 3575//4379 3576//4379
f 3326//4380 3901//4380 4041//4380 3575//4380
f 3322//4381 3324//4381 3327//4381 4701//4381
f 3324//4382 4899//4382 4898//4382 3327//4382
f 4701//4383 3327//4383 3902//4383 5106//4383
f 3327//4384 4898//4384 4055//4384 3902//4384
f 3328//4385 4703//4385 3331//4385 3330//4385
f 4703//4386 4826//4386 3517//4386 3331//4386
f 3330//4387 3331//4387 4902//4387 4901//4387
f 3331//4388 3517//4388 3981//4388 4902//4388
f 3328//4389 4704//4389 4705//4389 4703//4389
f 4704//4390 3579//4390 4878//4390 4705//4390
f 4705//4391 4878//4391 3982//4391 4825//4391
f 3328//4392 3329//4392 4706//4392 4704//4392
f 3329//4393 5107//4393 3903//4393 4706//4393
f 4704//4394 4706//4394 3578//4394 3579//4394
f 4706//4395 3903//4395 4043//4395 3578//4395
f 3328//4396 3330//4396 3332//4396 3329//4396
f 3330//4397 4901//4397 4900//4397 3332//4397
f 3329//4398 3332//4398 3904//4398 5107//4398
f 3332//4399 4900//4399 5206//4399 3904//4399
f 4707//4400 3333//4400 3336//4400 3335//4400
f 3333//4401 4822//4401 3512//4401 3336//4401
f 3335//4402 3336//4402 4904//4402 3605//4402
f 3336//4403 3512//4403 3980//4403 4904//4403
f 4707//4404 3334//4404 3337//4404 3333//4404
f 3334//4405 4881//4405 4882//4405 3337//4405
f 3333//4406 3337//4406 3511//4406 4822//4406
f 3337//4407 4882//4407 5161//4407 3511//4407
f 4707//4408 4708//4408 3338//4408 3334//4408
f 4708//4409 5108//4409 3905//4409 3338//4409
f 3334//4410 3338//4410 4880//4410 4881//4410
f 3338//4411 3905//4411 5203//4411 4880//4411
f 4707//4412 3335//4412 3339//4412 4708//4412
f 3335//4413 3605//4413 4903//4413 3339//4413
f 4708//4414 3339//4414 3906//4414 5108//4414
f 3339//4415 4903//4415 4056//4415 3906//4415
f 3340//4416 3341//4416 4710//4416 4709//4416
f 3341//4417 3506//4417 4819//4417 4710//4417
f 4709//4418 4710//4418 3607//4418 3606//4418
f 4710//4419 4819//4419 3978//4419 3607//4419
f 3340//4420 3342//4420 3344//4420 3341//4420
f 3342//4421 3584//4421 4885//4421 3344//4421
f 3341//4422 3344//4422 3505//4422 3506//4422
f 3344//4423 4885//4423 3979//4423 3505//4423
f 3340//4424 3343//4424 4711//4424 3342//4424
f 3343//4425 3907//4425 5109//4425 4711//4425
f 3342//4426 4711//4426 3583//4426 3584//4426
f 4711//4427 5109//4427 4045//4427 3583//4427
f 3340//4428 4709//4428 3345//4428 3343//4428
f 4709//4429 3606//4429 4905//4429 3345//4429
f 3343//4430 3345//4430 3908//4430 3907//4430
f 3345//4431 4905//4431 5207//4431 3908//4431
f 3346//4432 3347//4432 3350//4432 4712//4432
f 3347//4433 3501//4433 3502//4433 3350//4433
f 4712//4434 3350//4434 4906//4434 3609//4434
f 3350//4435 3502//4435 3975//4435 4906//4435
f 3346//4436 3348//4436 3351//4436 3347//4436
f 3348//4437 3588//4437 4887//4437 3351//4437
f 3347//4438 3351//4438 3500//4438 3501//4438
f 3351//4439 4887//4439 3976//4439 3500//4439
f 3346//4440 3349//4440 3352//4440 3348//4440
f 3349//4441 5110//4441 3909//4441 3352//4441
f 3348//4442 3352//4442 4886//4442 3588//4442
f 3352//4443 3909//4443 4047//4443 4886//4443
f 3346//4444 4712//4444 4713//4444 3349//4444
f 4712//4445 3609//4445 3608//4445 4713//4445
f 3349//4446 4713//4446 3910//4446 5110//4446
f 4713//4447 3608//4447 4057//4447 3910//4447
f 3353//4448 3354//4448 3355//4448 4716//4448
f 3354//4449 4813//4449 3494//4449 3355//4449
f 4716//4450 3355//4450 4907//4450 3611//4450
f 3355//4451 3494//4451 5157//4451 4907//4451
f 3353//4452 4714//4452 4717//4452 3354//4452
f 4714//4453 3591//4453 3592//4453 4717//4453
f 3354//4454 4717//4454 3493//4454 4813//4454
f 4717//4453 3592//4453 5158//4453 3493//4453
f 3353//4455 4715//4455 3356//4455 4714//4455
f 4715//4456 3912//4456 3911//4456 3356//4456
f 4714//4457 3356//4457 4889//4457 3591//4457
f 3356//4458 3911//4458 4048//4458 4889//4458
f 3353//4459 4716//4459 3357//4459 4715//4459
f 4716//4460 3611//4460 3610//4460 3357//4460
f 4715//4461 3357//4461 5111//4461 3912//4461
f 3357//4462 3610//4462 4058//4462 5111//4462
f 3358//4463 4718//4463 3360//4463 3359//4463
f 4718//4464 3489//4464 4809//4464 3360//4464
f 3359//4465 3360//4465 4909//4465 3612//4465
f 3360//4466 4809//4466 3972//4466 4909//4466
f 3358//4467 4719//4467 3361//4467 4718//4467
f 4719//4468 3596//4468 3597//4468 3361//4468
f 4718//4469 3361//4469 4808//4469 3489//4469
f 3361//4470 3597//4470 3973//4470 4808//4470
f 3358//4471 4720//4471 4721//4471 4719//4471
f 4720//4472 3913//4472 5112//4472 4721//4472
f 4719//4473 4721//4473 3595//4473 3596//4473
f 4721//4474 5112//4474 4050//4474 3595//4474
f 3358//4475 3359//4475 4722//4475 4720//4475
f 3359//4476 3612//4476 4908//4476 4722//4476
f 4720//4477 4722//4477 5113//4477 3913//4477
f 3362//4478 3363//4478 3366//4478 3365//4478
f 3363//4479 3483//4479 4806//4479 3366//4479
f 3365//4480 3366//4480 5051//4480 5050//4480
f 3366//4481 4806//4481 3971//4481 5051//4481
f 3362//4482 3364//4482 4724//4482 3363//4482
f 3364//4483 4892//4483 3599//4483 4724//4483
f 3363//4484 4724//4484 3482//4484 3483//4484
f 4724//4485 3599//4485 5155//4485 3482//4485
f 3362//4486 4723//4486 3367//4486 3364//4486
f 4723//4487 3915//4487 3914//4487 3367//4487
f 3364//4488 3367//4488 4891//4488 4892//4488
f 3367//4489 3914//4489 4052//4489 4891//4489
f 3362//4490 3365//4490 3368//4490 4723//4490
f 3365//4491 5050//4491 5049//4491 3368//4491
f 4723//4492 3368//4492 3916//4492 3915//4492
f 3368//4493 5049//4493 5200//4493 3916//4493
f 3369//4494 3370//4494 3373//4494 3372//4494
f 3370//4495 3535//4495 3536//4495 3373//4495
f 3372//4496 3373//4496 3831//4496 3830//4496
f 3373//4497 3536//4497 3988//4497 3831//4497
f 3369//4498 4725//4498 4726//4498 3370//4498
f 3370//4499 4726//4499 3534//4499 3535//4499
f 4726//4500 4894//4500 5167//4500 3534//4500
f 3369//4501 3371//4501 4727//4501 4725//4501
f 3371//4502 5115//4502 5114//4502 4727//4502
f 4725//4503 4727//4503 3600//4503 4893//4503
f 4727//4504 5114//4504 5205//4504 3600//4504
f 3369//4505 3372//4505 3374//4505 3371//4505
f 3372//4506 3830//4506 5053//4506 3374//4506
f 3371//4507 3374//4507 5116//4507 5115//4507
f 3374//4508 5053//4508 4037//4508 5116//4508
f 3375//4509 4728//4509 3378//4509 4729//4509
f 4728//4510 4837//4510 3530//4510 3378//4510
f 4729//4511 3378//4511 5055//4511 5054//4511
f 3378//4512 3530//4512 5165//4512 5055//4512
f 3375//4513 3376//4513 3379//4513 4728//4513
f 3376//4514 4895//4514 3602//4514 3379//4514
f 4728//4515 3379//4515 4836//4515 4837//4515
f 3379//4516 3602//4516 5166//4516 4836//4516
f 3375//4517 3377//4517 4730//4517 3376//4517
f 3377//4518 3918//4518 3917//4518 4730//4518
f 3376//4519 4730//4519 3601//4519 4895//4519
f 4730//4520 3917//4520 4053//4520 3601//4520
f 3375//4521 4729//4521 4731//4521 3377//4521
f 4729//4522 5054//4522 3834//4522 4731//4522
f 3377//4523 4731//4523 3919//4523 3918//4523
f 4731//4524 3834//4524 5201//4524 3919//4524
f 3380//4525 4732//4525 3382//4525 4734//4525
f 4732//4526 4832//4526 4833//4526 3382//4526
f 4734//4527 3382//4527 5059//4527 3836//4527
f 3382//4528 4833//4528 3985//4528 5059//4528
f 3380//4529 4733//4529 3383//4529 4732//4529
f 4733//4530 4896//4530 4897//4530 3383//4530
f 4732//4531 3383//4531 3525//4531 4832//4531
f 3383//4532 4897//4532 5164//4532 3525//4532
f 3380//4533 3381//4533 4735//4533 4733//4533
f 3381//4534 3920//4534 5117//4534 4735//4534
f 4733//4535 4735//4535 3603//4535 4896//4535
f 4735//4536 5117//4536 4054//4536 3603//4536
f 3380//4537 4734//4537 4736//4537 3381//4537
f 4734//4538 3836//4538 5058//4538 4736//4538
f 3381//4539 4736//4539 3921//4539 3920//4539
f 4736//4540 5058//4540 4040//4540 3921//4540
f 4737//4541 3384//4541 3387//4541 4738//4541
f 3384//4542 3521//4542 4828//4542 3387//4542
f 4738//4543 3387//4543 5061//4543 5060//4543
f 3387//4544 4828//4544 3983//4544 5061//4544
f 4737//4545 3385//4545 4739//4545 3384//4545
f 3385//4546 4899//4546 3604//4546 4739//4546
f 3384//4547 4739//4547 3520//4547 3521//4547
f 4739//4548 3604//4548 5163//4548 3520//4548
f 4737//4549 3386//4549 3388//4549 3385//4549
f 3386//4550 3922//4550 5118//4550 3388//4550
f 3385//4551 3388//4551 4898//4551 4899//4551
f 3388//4552 5118//4552 4055//4552 4898//4552
f 4737//4553 4738//4553 3389//4553 3386//4553
f 4738//4554 5060//4554 3840//4554 3389//4554
f 3386//4555 3389//4555 3923//4555 3922//4555
f 3389//4556 3840//4556 4042//4556 3923//4556
f 3390//4557 4740//4557 3394//4557 3393//4557
f 4740//4558 3515//4558 3516//4558 3394//4558
f 3393//4559 3394//4559 5063//4559 5062//4559
f 3394//4560 3516//4560 5162//4560 5063//4560
f 3390//4561 3391//4561 3395//4561 4740//4561
f 3391//4562 4901//4562 4902//4562 3395//4562
f 4740//4563 3395//4563 4824//4563 3515//4563
f 3395//4564 4902//4564 3981//4564 4824//4564
f 3390//4565 3392//4565 4741//4565 3391//4565
f 3392//4566 3924//4566 5119//4566 4741//4566
f 3391//4567 4741//4567 4900//4567 4901//4567
f 3390//4568 3393//4568 3396//4568 3392//4568
f 3393//4569 5062//4569 3844//4569 3396//4569
f 3392//4570 3396//4570 5120//4570 3924//4570
f 3396//4571 3844//4571 5202//4571 5120//4571
f 3397//4572 4742//4572 3399//4572 4744//4572
f 4742//4573 3509//4573 3510//4573 3399//4573
f 4744//4574 3399//4574 5064//4574 3849//4574
f 3399//4575 3510//4575 5160//4575 5064//4575
f 3397//4576 4743//4576 4745//4576 4742//4576
f 4743//4577 3605//4577 4904//4577 4745//4577
f 4742//4578 4745//4578 4821//4578 3509//4578
f 4745//4579 4904//4579 3980//4579 4821//4579
f 3397//4580 3398//4580 4746//4580 4743//4580
f 3398//4581 3925//4581 5121//4581 4746//4581
f 4743//4582 4746//4582 4903//4582 3605//4582
f 4746//4583 5121//4583 4056//4583 4903//4583
f 3397//4584 4744//4584 4747//4584 3398//4584
f 4744//4585 3849//4585 3848//4585 4747//4585
f 3398//4586 4747//4586 5122//4586 3925//4586
f 4747//4587 3848//4587 4044//4587 5122//4587
f 3400//4588 3401//4588 3403//4588 3402//4588
f 3401//4589 4817//4589 4818//4589 3403//4589
f 3402//4590 3403//4590 5068//4590 5067//4590
f 3403//4591 4818//4591 3977//4591 5068//4591
f 3400//4592 4748//4592 3404//4592 3401//4592
f 4748//4593 3606//4593 3607//4593 3404//4593
f 3401//4594 3404//4594 3504//4594 4817//4594
f 3404//4595 3607//4595 3978//4595 3504//4595
f 3400//4596 4749//4596 3405//4596 4748//4596
f 4749//4597 5123//4597 3926//4597 3405//4597
f 4748//4598 3405//4598 4905//4598 3606//4598
f 3405//4599 3926//4599 5207//4599 4905//4599
f 3400//4600 3402//4600 3406//4600 4749//4600
f 3402//4601 5067//4601 3851//4601 3406//4601
f 4749//4602 3406//4602 3927//4602 5123//4602
f 3406//4603 3851//4603 4046//4603 3927//4603
f 4750//4604 4751//4604 3410//4604 3409//4604
f 4751//4605 3498//4605 3499//4605 3410//4605
f 3409//4606 3410//4606 3855//4606 3854//4606
f 3410//4607 3499//4607 5159//4607 3855//4607
f 4750//4608 3407//4608 3411//4608 4751//4608
f 3407//4609 3609//4609 4906//4609 3411//4609
f 4751//4610 3411//4610 4814//4610 3498//4610
f 3411//4611 4906//4611 3975//4611 4814//4611
f 4750//4612 3408//4612 4752//4612 3407//4612
f 3408//4613 3929//4613 3928//4613 4752//4613
f 3407//4614 4752//4614 3608//4614 3609//4614
f 4752//4615 3928//4615 4057//4615 3608//4615
f 4750//4616 3409//4616 3412//4616 3408//4616
f 3409//4617 3854//4617 5070//4617 3412//4617
f 3408//4618 3412//4618 3930//4618 3929//4618
f 3412//4619 5070//4619 5204//4619 3930//4619
f 4753//4620 4754//4620 3416//4620 3415//4620
f 4754//4621 3492//4621 4812//4621 3416//4621
f 3415//4622 3416//4622 5075//4622 5074//4622
f 3416//4623 4812//4623 3974//4623 5075//4623
f 4753//4624 3413//4624 3417//4624 4754//4624
f 3413//4625 3611//4625 4907//4625 3417//4625
f 4754//4626 3417//4626 3491//4626 3492//4626
f 3417//4627 4907//4627 5157//4627 3491//4627
f 4753//4628 3414//4628 3418//4628 3413//4628
f 3414//4629 3931//4629 5124//4629 3418//4629
f 3413//4630 3418//4630 3610//4630 3611//4630
f 3418//4631 5124//4631 4058//4631 3610//4631
f 4753//4632 3415//4632 4755//4632 3414//4632
f 3415//4633 5074//4633 5073//4633 4755//4633
f 3414//4634 4755//4634 3932//4634 3931//4634
f 4755//4635 5073//4635 4049//4635 3932//4635
f 3419//4636 4756//4636 3422//4636 4757//4636
f 4756//4637 4807//4637 3488//4637 3422//4637
f 4757//4638 3422//4638 3857//4638 5078//4638
f 3422//4639 3488//4639 5156//4639 3857//4639
f 3419//4640 3420//4640 3423//4640 4756//4640
f 3420//4641 3612//4641 4909//4641 3423//4641
f 4756//4642 3423//4642 3487//4642 4807//4642
f 3423//4643 4909//4643 3972//4643 3487//4643
f 3419//4644 3421//4644 3424//4644 3420//4644
f 3421//4645 3933//4645 5125//4645 3424//4645
f 3420//4646 3424//4646 4908//4646 3612//4646
f 3424//4647 5125//4647 5208//4647 4908//4647
f 3419//4648 4757//4648 3425//4648 3421//4648
f 4757//4649 5078//4649 5077//4649 3425//4649
f 3421//4650 3425//4650 5126//4650 3933//4650
f 3425//4651 5077//4651 4051//4651 5126//4651
f 4758//4652 3426//4652 3429//4652 3428//4652
f 3426//4653 3741//4653 4993//4653 3429//4653
f 3428//4654 3429//4654 3791//4654 3790//4654
f 3429//4655 4993//4655 5191//4655 3791//4655
f 4758//4656 3427//4656 4760//4656 3426//4656
f 3427//4657 3935//4657 5127//4657 4760//4657
f 3426//4658 4760//4658 3740//4658 3741//4658
f 4760//4659 5127//4659 5192//4659 3740//4659
f 4758//4660 4759//4660 3430//4660 3427//4660
f 4759//4661 5141//4661 3952//4661 3430//4661
f 3427//4662 3430//4662 3934//4662 3935//4662
f 3430//4663 3952//4663 4059//4663 3934//4663
f 4758//4664 3428//4664 3431//4664 4759//4664
f 3428//4665 3790//4665 5021//4665 3431//4665
f 4759//4666 3431//4666 3953//4666 5141//4666
f 3431//4667 5021//4667 5209//4667 3953//4667
f 3432//4668 3433//4668 3435//4668 4762//4668
f 3433//4669 3735//4669 4990//4669 3435//4669
f 4762//4670 3435//4670 5024//4670 5023//4670
f 3435//4671 4990//4671 4023//4671 5024//4671
f 3432//4672 3434//4672 3436//4672 3433//4672
f 3434//4673 3937//4673 3938//4673 3436//4673
f 3433//4674 3436//4674 4989//4674 3735//4674
f 3436//4675 3938//4675 4024//4675 4989//4675
f 3432//4676 4761//4676 3437//4676 3434//4676
f 4761//4677 3955//4677 3954//4677 3437//4677
f 3434//4678 3437//4678 5130//4678 3937//4678
f 3437//4679 3954//4679 4060//4679 5130//4679
f 3432//4680 4762//4680 3438//4680 4761//4680
f 4762//4681 5023//4681 5022//4681 3438//4681
f 4761//4682 3438//4682 5142//4682 3955//4682
f 3438//4683 5022//4683 4061//4683 5142//4683
f 3439//4684 3440//4684 4763//4684 3443//4684
f 3440//4685 4985//4685 4986//4685 4763//4685
f 3443//4686 4763//4686 3799//4686 5025//4686
f 4763//4687 4986//4687 4020//4687 3799//4687
f 3439//4688 3441//4688 4764//4688 3440//4688
f 3441//4689 3942//4689 3943//4689 4764//4689
f 3440//4690 4764//4690 3730//4690 4985//4690
f 4764//4691 3943//4691 4021//4691 3730//4691
f 3439//4692 3442//4692 3444//4692 3441//4692
f 3442//4693 3956//4693 5143//4693 3444//4693
f 3441//4694 3444//4694 3941//4694 3942//4694
f 3444//4695 5143//4695 4062//4695 3941//4695
f 3439//4696 3443//4696 4765//4696 3442//4696
f 3443//4697 5025//4697 3798//4697 4765//4697
f 3442//4698 4765//4698 5144//4698 3956//4698
f 4765//4699 3798//4699 4063//4699 5144//4699
f 4766//4700 3445//4700 4768//4700 4767//4700
f 3445//4701 3745//4701 4995//4701 4768//4701
f 4767//4702 4768//4702 3803//4702 3802//4702
f 4768//4703 4995//4703 4025//4703 3803//4703
f 4766//4704 3446//4704 3448//4704 3445//4704
f 3446//4705 3947//4705 5133//4705 3448//4705
f 3445//4706 3448//4706 3744//4706 3745//4706
f 3448//4707 5133//4707 4026//4707 3744//4707
f 4766//4708 3447//4708 4769//4708 3446//4708
f 3447//4709 3958//4709 3957//4709 4769//4709
f 3446//4710 4769//4710 3946//4710 3947//4710
f 4769//4711 5210//4711 3946//4711
f 4766//4712 4767//4712 3449//4712 3447//4712
f 4767//4713 3802//4713 3801//4713 3449//4713
f 3447//4714 3449//4714 5145//4714 3958//4714
f 3449//4715 3801//4715 4064//4715 5145//4715
f 3450//4716 4770//4716 3453//4716 3452//4716
f 4770//4717 3738//4717 3739//4717 3453//4717
f 3452//4718 3453//4718 3805//4718 5026//4718
f 3453//4719 3739//4719 5190//4719 3805//4719
f 3450//4720 3451//4720 4772//4720 4770//4720
f 3451//4721 3790//4721 3791//4721 4772//4721
f 4770//4722 4772//4722 4992//4722 3738//4722
f 4772//4723 3791//4723 5191//4723 4992//4723
f 3450//4724 4771//4724 3454//4724 3451//4724
f 4771//4725 5146//4725 3959//4725 3454//4725
f 3451//4726 3454//4726 5021//4726 3790//4726
f 3454//4727 3959//4727 5209//4727 5021//4727
f 3450//4728 3452//4728 4773//4728 4771//4728
f 3452//4729 5026//4729 3804//4729 4773//4729
f 4771//4730 4773//4730 3960//4730 5146//4730
f 4773//4731 3804//4731 4065//4731 3960//4731
f 3455//4732 4774//4732 3457//4732 4776//4732
f 4774//4733 3734//4733 4988//4733 3457//4733
f 4776//4734 3457//4734 5027//4734 3807//4734
f 3457//4735 4988//4735 4022//4735 5027//4735
f 3455//4736 3456//4736 3458//4736 4774//4736
f 3456//4737 5023//4737 5024//4737 3458//4737
f 4774//4738 3458//4738 4987//4738 3734//4738
f 3458//4739 5024//4739 4023//4739 4987//4739
f 3455//4740 4775//4740 3459//4740 3456//4740
f 4775//4741 3962//4741 3961//4741 3459//4741
f 3456//4742 3459//4742 5022//4742 5023//4742
f 3459//4743 3961//4743 4061//4743 5022//4743
f 3455//4744 4776//4744 4777//4744 4775//4744
f 4776//4745 3807//4745 3806//4745 4777//4745
f 4775//4746 4777//4746 3963//4746 3962//4746
f 4777//4747 3806//4747 4066//4747 3963//4747
f 4778//4748 4779//4748 3463//4748 3462//4748
f 4779//4749 3728//4749 3729//4749 3463//4749
f 3462//4750 3463//4750 5030//4750 5029//4750
f 3463//4751 3729//4751 4019//4751 5030//4751
f 4778//4752 3460//4752 3464//4752 4779//4752
f 3460//4753 5025//4753 3799//4753 3464//4753
f 4779//4754 3464//4754 4984//4754 3728//4754
f 3464//4755 3799//4755 4020//4755 4984//4755
f 4778//4756 3461//4756 4780//4756 3460//4756
f 3461//4757 5147//4757 3964//4757 4780//4757
f 3460//4758 4780//4758 3798//4758 5025//4758
f 4780//4759 3964//4759 4063//4759 3798//4759
f 4778//4760 3462//4760 4781//4760 3461//4760
f 3462//4761 5029//4761 5028//4761 4781//4761
f 3461//4762 4781//4762 3965//4762 5147//4762
f 4781//4763 5211//4763 3965//4763
f 4783//4764 3742//4764 3743//4764 4786//4764
f 4785//4765 4786//4765 5127//4765 3935//4765
f 4786//4766 3743//4766 5192//4766 5127//4766
f 4782//4767 3465//4767 3466//4767 4783//4767
f 3465//4768 3802//4768 3803//4768 3466//4768
f 4783//4769 3466//4769 4994//4769 3742//4769
f 3466//4770 3803//4770 4025//4770 4994//4770
f 4782//4771 4784//4771 4787//4771 3465//4771
f 4784//4772 3966//4772 5148//4772 4787//4772
f 3465//4773 4787//4773 3801//4773 3802//4773
f 4787//4774 5148//4774 4064//4774 3801//4774
f 4785//4775 3935//4775 3934//4775 4788//4775
f 4784//4776 4788//4776 5149//4776 3966//4776
f 4788//4777 3934//4777 4059//4777 5149//4777
f 4789//4778 3467//4778 3470//4778 3469//4778
f 3467//4779 4991//4779 3737//4779 3470//4779
f 3469//4780 3470//4780 3938//4780 3937//4780
f 3470//4781 3737//4781 4024//4781 3938//4781
f 4789//4782 4790//4782 4791//4782 3467//4782
f 4790//4783 5026//4783 3805//4783 4791//4783
f 3467//4784 4791//4784 3736//4784 4991//4784
f 4791//4785 3805//4785 5190//4785 3736//4785
f 4789//4786 3468//4786 3471//4786 4790//4786
f 3468//4787 3967//4787 5150//4787 3471//4787
f 4790//4788 3471//4788 3804//4788 5026//4788
f 3471//4789 5150//4789 4065//4789 3804//4789
f 4789//4790 3469//4790 3472//4790 3468//4790
f 3469//4791 3937//4791 5130//4791 3472//4791
f 3468//4792 3472//4792 5151//4792 3967//4792
f 3472//4793 5130//4793 4060//4793 5151//4793
f 4792//4794 4793//4794 4794//4794 3475//4794
f 4793//4795 3732//4795 3733//4795 4794//4795
f 3475//4796 4794//4796 3943//4796 3942//4796
f 4794//4797 3733//4797 4021//4797 3943//4797
f 4792//4798 3473//4798 4795//4798 4793//4798
f 3473//4799 3807//4799 5027//4799 4795//4799
f 4793//4800 4795//4800 3731//4800 3732//4800
f 4795//4801 5027//4801 4022//4801 3731//4801
f 4792//4802 3474//4802 4796//4802 3473//4802
f 3474//4803 3968//4803 5152//4803 4796//4803
f 3473//4804 4796//4804 3806//4804 3807//4804
f 4796//4805 5152//4805 4066//4805 3806//4805
f 4792//4806 3475//4806 4797//4806 3474//4806
f 3475//4807 3942//4807 3941//4807 4797//4807
f 3474//4808 4797//4808 3969//4808 3968//4808
f 4797//4809 3941//4809 4062//4809 3969//4809
f 3476//4810 4034//4810 4798//4810
f 4983//4811 3477//4811 3476//4811
f 3727//4812 3811//4812 3477//4812
f 4798//4813 4801//4813 3476//4813
f 3476//4814 3726//4814 4983//4814
f 4801//4815 5030//4815 4019//4815 3726//4815
f 4032//4816 3478//4816 4800//4816
f 3478//4817 5029//4817 4799//4817
f 3970//4818 5028//4818 3478//4818
f 4798//4819 4018//4819 4800//4819
f 4802//4820 3480//4820 4804//4820
f 4803//4821 3747//4821 3480//4821
f 4804//4822 5133//4822 3947//4822
f 3480//4823 3747//4823 4026//4823 5133//4823
f 4163//4824 4805//4824 4803//4824
f 3950//4825 5211//4825 5197//4825
f 5280//4826 4027//4826 3746//4826
f 4802//4827 3479//4827 4160//4827
f 4804//4828 3479//4828 4802//4828
f 3947//4829 3481//4829 4804//4829
f 3481//4830 5265//4830 3479//4830
f 3946//4831 5154//4831 3481//4831
f 5215//4832 4812//4832 3492//4832 5224//4832
f 5225//4833 3486//4833 3485//4833 5216//4833
f 4094//4834 3972//4834 4809//4834 4070//4834
f 4093//4835 3504//4835 3978//4835 5223//4835
f 4079//4836 3490//4836 4810//4836 5232//4836
f 4071//4837 3495//4837 5159//4837 4107//4837
f 4085//4838 3512//4838 4822//4838 5212//4838
f 4096//4839 3979//4839 3508//4839 5235//4839
f 4104//4840 3498//4840 4814//4840 4077//4840
f 4078//4841 3499//4841 3498//4841 4104//4841
f 4103//4842 4811//4842 3490//4842 4079//4842
f 4074//4843 5157//4843 3494//4843 4084//4843
f 4067//4844 4821//4844 3980//4844 4105//4844
f 4073//4845 4817//4845 3504//4845 4093//4845
f 4088//4846 4815//4846 3977//4846 5213//4846
f 4097//4847 3496//4847 3495//4847 4071//4847
f 4095//4848 3482//4848 5155//4848 4075//4848
f 5228//4849 5156//4849 3488//4849 5229//4849
f 5222//4850 3483//4850 3482//4850 4095//4850
f 5217//4851 4808//4851 3973//4851 4081//4851
f 5223//4852 3978//4852 4819//4852 5220//4852
f 4089//4853 3509//4853 4821//4853 4067//4853
f 4102//4854 3975//4854 3502//4854 4101//4854
f 4069//4855 3503//4855 4815//4855 4088//4855
f 5234//4856 3507//4856 5160//4856 5219//4856
f 4098//4857 4818//4857 4817//4857 4073//4857
f 5221//4858 3497//4858 3496//4858 4097//4858
f 4100//4859 3974//4859 4812//4859 5215//4859
f 4099//4860 4806//4860 3483//4860 5222//4860
f 4075//4861 5155//4861 3486//4861 5225//4861
f 4091//4862 3489//4862 4808//4862 5217//4862
f 4068//4863 3510//4863 3509//4863 4089//4863
f 4105//4864 3980//4864 3512//4864 4085//4864
f 5226//4865 4816//4865 3503//4865 4069//4865
f 4082//4866 4820//4866 3507//4866 5234//4866
f 4080//4867 3493//4867 5158//4867 4087//4867
f 5227//4868 3487//4868 3972//4868 4094//4868
f 4107//4869 5159//4869 3499//4869 4078//4869
f 4070//4870 4809//4870 3489//4870 4091//4870
f 4081//4871 3973//4871 4811//4871 4103//4871
f 5218//4872 3505//4872 3979//4872 4096//4872
f 4106//4873 4813//4873 3493//4873 4080//4873
f 5230//4874 3500//4874 3976//4874 4090//4874
f 5235//4875 3508//4875 4820//4875 4082//4875
f 4072//4876 4807//4876 3487//4876 5227//4876
f 5214//4877 3491//4877 5157//4877 4074//4877
f 4086//4878 3484//4878 5156//4878 5228//4878
f 5213//4879 3977//4879 4818//4879 4098//4879
f 4092//4880 3506//4880 3505//4880 5218//4880
f 4087//4881 5158//4881 3497//4881 5221//4881
f 4083//4882 3511//4882 5161//4882 5233//4882
f 4076//4883 3501//4883 3500//4883 5230//4883
f 4084//4884 3494//4884 4813//4884 4106//4884
f 5224//4885 3492//4885 3491//4885 5214//4885
f 5231//4886 3971//4886 4806//4886 4099//4886
f 4077//4887 4814//4887 3975//4887 4102//4887
f 5216//4888 3485//4888 3484//4888 4086//4888
f 5232//4889 4810//4889 3974//4889 4100//4889
f 5219//4890 5160//4890 3510//4890 4068//4890
f 5229//4891 3488//4891 4807//4891 4072//4891
f 5212//4892 4822//4892 3511//4892 4083//4892
f 4090//4893 3976//4893 4816//4893 5226//4893
f 4101//4894 3502//4894 3501//4894 4076//4894
f 5220//4895 4819//4895 3506//4895 4092//4895
f 5246//4896 3534//4896 5167//4896 4133//4896
f 4128//4897 4837//4897 4836//4897 5236//4897
f 4118//4898 3528//4898 5165//4898 5253//4898
f 5248//4899 4831//4899 3523//4899 4140//4899
f 4123//4900 3989//4900 3540//4900 4108//4900
f 5241//4901 5162//4901 3516//4901 4125//4901
f 4114//4902 4829//4902 3984//4902 4111//4902
f 4112//4903 3530//4903 4837//4903 4128//4903
f 5238//4904 5166//4904 3532//4904 4139//4904
f 4142//4905 3535//4905 3534//4905 5246//4905
f 4136//4906 3529//4906 3528//4906 4118//4906
f 4130//4907 4839//4907 3988//4907 4132//4907
f 4138//4908 3517//4908 4826//4908 5243//4908
f 5244//4909 3983//4909 4828//4909 5259//4909
f 4131//4910 3522//4910 4829//4910 4114//4910
f 5233//4911 5161//4911 3514//4911 4120//4911
f 5249//4912 4834//4912 3986//4912 5240//4912
f 4124//4913 3536//4913 3535//4913 4142//4913
f 4133//4914 5167//4914 3538//4914 4116//4914
f 4121//4915 4835//4915 3529//4915 4136//4915
f 5237//4916 3533//4916 4839//4916 4130//4916
f 4143//4917 3524//4917 4831//4917 5248//4917
f 4141//4918 3539//4918 3971//4918 5231//4918
f 5245//4919 4824//4919 3981//4919 4126//4919
f 5239//4920 4830//4920 3522//4920 4131//4920
f 4127//4921 3985//4921 4833//4921 4134//4921
f 4109//4922 3526//4922 4834//4922 5249//4922
f 5262//4923 3982//4923 3519//4923 5254//4923
f 4137//4924 4838//4924 3987//4924 5242//4924
f 5255//4925 4840//4925 3533//4925 5237//4925
f 5250//4926 4842//4926 3539//4926 4141//4926
f 5261//4927 3515//4927 4824//4927 5245//4927
f 5257//4928 3520//4928 5163//4928 4110//4928
f 5251//4929 3527//4929 3526//4929 4109//4929
f 5253//4930 5165//4930 3530//4930 4112//4930
f 5247//4931 3531//4931 4838//4931 4137//4931
f 4111//4932 3984//4932 3524//4932 4143//4932
f 4115//4933 3537//4933 3989//4933 4123//4933
f 4117//4934 3513//4934 5162//4934 5241//4934
f 4108//4935 3540//4935 4842//4935 5250//4935
f 4125//4936 3516//4936 3515//4936 5261//4936
f 4126//4937 3981//4937 3517//4937 4138//4937
f 4119//4938 3521//4938 3520//4938 5257//4938
f 5256//4939 3525//4939 5164//4939 4129//4939
f 4135//4940 4823//4940 3513//4940 4117//4940
f 5252//4941 3518//4941 3983//4941 5244//4941
f 4132//4942 3988//4942 3536//4942 4124//4942
f 5258//4943 4841//4943 3537//4943 4115//4943
f 5240//4944 3986//4944 4835//4944 4121//4944
f 4139//4945 3532//4945 3531//4945 5247//4945
f 5259//4946 4828//4946 3521//4946 4119//4946
f 4110//4947 5163//4947 4830//4947 5239//4947
f 4120//4948 3514//4948 4823//4948 4135//4948
f 4113//4949 4827//4949 3518//4949 5252//4949
f 4116//4950 3538//4950 4841//4950 5258//4950
f 4140//4951 3523//4951 3985//4951 4127//4951
f 5242//4952 3987//4952 4840//4952 5255//4952
f 4122//4953 4832//4953 3525//4953 5256//4953
f 5260//4954 4825//4954 3982//4954 5262//4954
f 4134//4955 4833//4955 4832//4955 4122//4955
f 4129//4956 5164//4956 3527//4956 5251//4956
f 5254//4957 3519//4957 4827//4957 4113//4957
f 5267//4958 3233//4958 4147//4958
f 4147//4959 5041//4959 5286//4959
f 4161//4960 4031//4960 5276//4960
f 5284//4961 3230//4961 4146//4961
f 5276//4962 5018//4962 4166//4962
f 5031//4963 5013//4963 3776//4963
f 5266//4964 5019//4964 4161//4964
f 3819//4965 5042//4965 4660//4965
f 5281//4966 3825//4966 4144//4966
f 5176//4967 3776//4967 5193//4967
f 3813//4968 5011//4968 3775//4968
f 5272//4969 5188//4969 3749//4969
f 5278//4970 5175//4970 3663//4970
f 4156//4971 5285//4971 3191//4971
f 4144//4972 3234//4972 4149//4972
f 4162//4973 4145//4973 3800//4973
f 4163//4974 5279//4974 4805//4974
f 4146//4975 4657//4975 5281//4975
f 4168//4976 5196//4976 3821//4976
f 5284//4977 3821//4977 4658//4977
f 4167//4978 4165//4978 3662//4978
f 5038//4979 3813//4979 3775//4979
f 5275//4980 3786//4980 4168//4980
f 5045//4981 3817//4981 3614//4981
f 5268//4982 4154//4982 4928//4982
f 5043//4983 4659//4983 3231//4983
f 5198//4984 4034//4984 3477//4984
f 4166//4985 3785//4985 5275//4985
f 3696//4986 4151//4986 4558//4986
f 4032//4987 5197//4987 3970//4987
f 4157//4988 5263//4988 4576//4988
f 5277//4989 5210//4989 3800//4989
f 5283//4990 5272//4990 3749//4990
f 4165//4991 3663//4991 3662//4991
f 5280//4992 4155//4992 4027//4992
f 3827//4993 5041//4993 3229//4993
f 4149//4994 3232//4994 5267//4994
f 5044//4995 5043//4995 3231//4995
f 4009//4996 3826//4996 4940//4996
f 5199//4997 4029//4997 5012//4997
f 5266//4998 4148//4998 3787//4998
f 2801//4999 4172//4999 4170//4999 2800//4999
f 2800//5000 4170//5000 4171//5000 4351//5000
f 4350//5001 4351//5001 4171//5001 4169//5001
f 2801//5002 4350//5002 4169//5002 4172//5002
f 3822//5003 4177//5003 4173//5003
f 4175//5004 5287//5004 4178//5004
f 5289//5005 4150//5005 5288//5005
f 4175//5004 4178//5004 5289//5004
f 4177//5004 4178//5004 4174//5004
f 4150//5006 5278//5006 5288//5006
f 5289//5007 2859//5007 4150//5007
f 4177//5008 4174//5008 4173//5008
f 4178//5004 5287//5004 4174//5004
f 4175//5009 5289//5009 5288//5009
f 5289//5010 2857//5010 2859//5010
f 2840//5011 4177//5011 2842//5011
f 5036//5012 3822//5012 4173//5012
f 2842//5013 3822//5013 3590//5013
f 3865//5014 5175//5014 4150//5014
f 3662//5015 3663//5015 4495//5015
f 3663//5016 5175//5016 3564//5016
f 3662//5017 4492//5017 4167//5017
f 2997//5018 4153//5018 4167//5018
f 2997//5019 4928//5019 4154//5019
f 3017//5020 3661//5020 4940//5020
f 3541//5021 5168//5021 3661//5021
f 4520//5022 3016//5022 3826//5022
f 4940//5023 3826//5023 3016//5023
f 3015//5024 4520//5024 3614//5024
f 4520//5025 3812//5025 5045//5025
f 3693//5026 5188//5026 3699//5026
f 4982//5027 4010//5027 4949//5027
f 3073//5028 3074//5028 4557//5028
f 3074//5029 4929//5029 3640//5029
f 5282//5030 4164//5030 3074//5030
f 4929//5031 3074//5031 5268//5031
f 4164//5032 5268//5032 3074//5032
f 4158//5033 3073//5033 3075//5033
f 3075//5034 4558//5034 4158//5034
f 3698//5035 3699//5035 4558//5035
f 3699//5036 5188//5036 3696//5036
f 3100//5037 5035//5037 3824//5037
f 5035//5038 3100//5038 3817//5038
f 4910//5039 3614//5039 3817//5039
f 3099//5040 3101//5040 4572//5040
f 3100//5041 4572//5041 3613//5041
f 3101//5042 3099//5042 5033//5042
f 5033//5043 4033//5043 3102//5043
f 3102//5044 4982//5044 3724//5044
f 4947//5045 4010//5045 4982//5045
f 3104//5046 4574//5046 4573//5046
f 4574//5047 3751//5047 4997//5047
f 3103//5048 3105//5048 4575//5048
f 4575//5049 3105//5049 5283//5049
f 5271//5050 5283//5050 3105//5050
f 3104//5051 4575//5051 3693//5051
f 4575//5052 3749//5052 5188//5052
f 3103//5053 5273//5053 4152//5053
f 5273//5054 3103//5054 4573//5054
f 4573//5055 4997//5055 3750//5055
f 4157//5056 4576//5056 3750//5056
f 3750//5057 4027//5057 4157//5057
f 4983//5058 3726//5058 3123//5058
f 3121//5059 3122//5059 4594//5059
f 4591//5060 4594//5060 3727//5060
f 5005//5061 5189//5061 3727//5061
f 3124//5062 3125//5062 4597//5062
f 3125//5063 4996//5063 3746//5063
f 4597//5064 3750//5064 4997//5064
f 3746//5065 4027//5065 3750//5065
f 3129//5066 3747//5066 4996//5066
f 3144//5067 4611//5067 4612//5067
f 5040//5068 3146//5068 3818//5068
f 4612//5069 3748//5069 3818//5069
f 4612//5070 4949//5070 4010//5070
f 3145//5071 3147//5071 4611//5071
f 5006//5072 3766//5072 3147//5072
f 3145//5073 3144//5073 5153//5073
f 5153//5074 3809//5074 3148//5074
f 3145//5075 3148//5075 5005//5075
f 5005//5076 3148//5076 3951//5076
f 3951//5077 3808//5077 5189//5077
f 3144//5078 3146//5078 4028//5078
f 3172//5079 3785//5079 5018//5079
f 3175//5080 5018//5080 4031//5080
f 3775//5081 5011//5081 3185//5081
f 5011//5082 5193//5082 3797//5082
f 4636//5083 3944//5083 3945//5083
f 3775//5084 3183//5084 3810//5084
f 4638//5085 3810//5085 3183//5085
f 4638//5086 3945//5086 3828//5086
f 3186//5087 3187//5087 3189//5087
f 3188//5088 3190//5088 3187//5088
f 3190//5089 3188//5089 4162//5089
f 5270//5090 4162//5090 3188//5090
f 3800//5091 5210//5091 3957//5091
f 3186//5092 4159//5092 5274//5092
f 4159//5093 3186//5093 4639//5093
f 4639//5094 3191//5094 4159//5094
f 5135//5095 3948//5095 3191//5095
f 3948//5096 5264//5096 4156//5096
f 3204//5097 3207//5097 3206//5097
f 5037//5098 3206//5098 5034//5098
f 3207//5099 3950//5099 5034//5099
f 3965//5100 5211//5100 3950//5100
f 4646//5101 3205//5101 3208//5101
f 3205//5102 4646//5102 5047//5102
f 5047//5103 3820//5103 3209//5103
f 3209//5104 3945//5104 3944//5104
f 5046//5105 3828//5105 3945//5105
f 4646//5106 3206//5106 3815//5106
f 3215//5107 3212//5107 5269//5107
f 3787//5108 4148//5108 5269//5108
f 3211//5109 3215//5109 3948//5109
f 3215//5110 5269//5110 5264//5110
f 4649//5111 5019//5111 3787//5111
f 5020//5112 4031//5112 5019//5112
f 3225//5113 4655//5113 3776//5113
f 4655//5114 3797//5114 5193//5114
f 3779//5115 3780//5115 3228//5115
f 3780//5116 5194//5116 5042//5116
f 4656//5117 3229//5117 5015//5117
f 3229//5118 5041//5118 4030//5118
f 3230//5119 5017//5119 3784//5119
f 4657//5120 3784//5120 5195//5120
f 4658//5121 3783//5121 5017//5121
f 3821//5122 5196//5122 3783//5122
f 5014//5123 3778//5123 3231//5123
f 3778//5124 4029//5124 5044//5124
f 4659//5125 4660//5125 3777//5125
f 3232//5126 3782//5126 5016//5126
f 3233//5127 5016//5127 4030//5127
f 3234//5128 3781//5128 3782//5128
f 3825//5129 5195//5129 3781//5129
f 3814//5130 3819//5130 4660//5130
f 5057//5131 3823//5131 4656//5131
f 4009//5132 4940//5132 3661//5132
f 4035//5133 5057//5133 3228//5133
f 5032//5134 3748//5134 4010//5134
f 5036//5135 3661//5135 5168//5135
f 3823//5136 3827//5136 3229//5136
f 4769//5137 3957//5137 5210//5137
f 4018//5138 4798//5138 4034//5138
f 3476//5139 3477//5139 4034//5139
f 4983//5140 3727//5140 3477//5140
f 5198//5141 3477//5141 3811//5141
f 3727//5142 5189//5142 3811//5142
f 3476//5143 4801//5143 3726//5143
f 4800//5144 3478//5144 4799//5144
f 4032//5145 3970//5145 3478//5145
f 3478//5146 5028//5146 5029//5146
f 3970//5147 5211//5147 5028//5147
f 4802//5148 4803//5148 3480//5148
f 4803//5149 4996//5149 3747//5149
f 4804//5150 3480//5150 5133//5150
f 4803//5151 4802//5151 4163//5151
f 4160//5152 4163//5152 4802//5152
f 3970//5153 5197//5153 5211//5153
f 3816//5154 3950//5154 5197//5154
f 4805//5155 3746//5155 4996//5155
f 3746//5156 4805//5156 5280//5156
f 4804//5157 3481//5157 3479//5157
f 3947//5158 3946//5158 3481//5158
f 3481//5159 5154//5159 5265//5159
f 3946//5160 5210//5160 5154//5160
f 5267//5161 3232//5161 3233//5161
f 4147//5162 3233//5162 5041//5162
f 4161//5163 5019//5163 4031//5163
f 5284//5164 4658//5164 3230//5164
f 5276//5165 4031//5165 5018//5165
f 5266//5166 3787//5166 5019//5166
f 3819//5167 4035//5167 5042//5167
f 5281//5168 4657//5168 3825//5168
f 5176//5169 5031//5169 3776//5169
f 3813//5170 5048//5170 5011//5170
f 5272//5171 3696//5171 5188//5171
f 5278//5172 4150//5172 5175//5172
f 4144//5173 3825//5173 3234//5173
f 4146//5174 3230//5174 4657//5174
f 4168//5175 3786//5175 5196//5175
f 5275//5176 3785//5176 3786//5176
f 5043//5177 3814//5177 4659//5177
f 4166//5178 5018//5178 3785//5178
f 3800//5179 4145//5179 5277//5179
f 4165//5180 5278//5180 3663//5180
f 3827//5181 5286//5181 5041//5181
f 4149//5182 3234//5182 3232//5182
f 5199//5183 5044//5183 4029//5183
f 5272//5184 5283//5184 4176//5184
f 5281//5185 4144//5185 4176//5185
f 5278//5186 4165//5186 4176//5186
f 4157//5184 4155//5184 4176//5184
f 4155//5184 5280//5184 4176//5184
f 5282//5184 4158//5184 4176//5184
f 4158//5186 4151//5186 4176//5186
f 4163//5186 4160//5186 4176//5186
f 4152//5184 5273//5184 4176//5184
f 4149//5187 5267//5187 4176//5187
f 3696//5188 5272//5188 4176//5188
f 4174//5184 5287//5184 4176//5184
f 5269//5187 4148//5187 4176//5187
f 4153//5186 4154//5186 4176//5186
f 5285//5184 4156//5184 4176//5184
f 4148//5189 5266//5189 4176//5189
f 4144//5190 4149//5190 4176//5190
f 5273//5188 5263//5188 4176//5188
f 4145//5186 4162//5186 4176//5186
f 5265//5186 5277//5186 4176//5186
f 5279//5191 4163//5191 4176//5191
f 5283//5186 5271//5186 4176//5186
f 4175//5192 5288//5192 4176//5192
f 4146//5193 5281//5193 4176//5193
f 4800//5194 4018//5194 4176//5194
f 3819//5195 3814//5195 4176//5195
f 3951//5186 3809//5186 4176//5186
f 5268//5196 4164//5196 4176//5196
f 3812//5184 3826//5184 4176//5184
f 5036//5197 4173//5197 4176//5197
f 4168//5198 3821//5198 4176//5198
f 5039//5199 5031//5199 4176//5199
f 4159//5191 5285//5191 4176//5191
f 4162//5186 5270//5186 4176//5186
f 5037//5196 5034//5196 4176//5196
f 4035//5185 3819//5185 4176//5185
f 5038//5200 3810//5200 4176//5200
f 5176//5199 5048//5199 4176//5199
f 5045//5186 3812//5186 4176//5186
f 4164//5184 5282//5184 4176//5184
f 5031//5186 5176//5186 4176//5186
f 4947//5201 4033//5201 4176//5201
f 4167//5186 4153//5186 4176//5186
f 5048//5199 3813//5199 4176//5199
f 5040//5184 3818//5184 4176//5184
f 3809//5184 5153//5184 4176//5184
f 3828//5196 5046//5196 4176//5196
f 5032//5202 4947//5202 4176//5202
f 3821//5203 5284//5203 4176//5203
f 4033//5184 5033//5184 4176//5184
f 4028//5196 5040//5196 4176//5196
f 4165//5204 4167//5204 4176//5204
f 5197//5186 4032//5186 4176//5186
f 5047//5186 3815//5186 4176//5186
f 5275//5185 4168//5185 4176//5185
f 4018//5196 4034//5196 4176//5196
f 5288//5205 5278//5205 4176//5205
f 5199//5186 5039//5186 4176//5186
f 5270//5196 5274//5196 4176//5196
f 5286//5199 3827//5199 4176//5199
f 5046//5206 3820//5206 4176//5206
f 5280//5186 5279//5186 4176//5186
f 5267//5199 4147//5199 4176//5199
f 3811//5196 3808//5196 4176//5196
f 5153//5184 4028//5184 4176//5184
f 3808//5186 3951//5186 4176//5186
f 4154//5199 5268//5199 4176//5199
f 5034//5199 3816//5199 4176//5199
f 5033//5184 3824//5184 4176//5184
f 5198//5184 3811//5184 4176//5184
f 4160//5207 3479//5207 4176//5207
f 3827//5186 3823//5186 4176//5186
f 5043//5208 5044//5208 4176//5208
f 4173//5209 4174//5209 4176//5209
f 4147//5186 5286//5186 4176//5186
f 3826//5191 4009//5191 4176//5191
f 3810//5199 3828//5199 4176//5199
f 4161//5186 5276//5186 4176//5186
f 5044//5210 5199//5210 4176//5210
f 3823//5186 5057//5186 4176//5186
f 4166//5211 5275//5211 4176//5211
f 4032//5212 4800//5212 4176//5212
f 4156//5186 5264//5186 4176//5186
f 3816//5196 5197//5196 4176//5196
f 3815//5186 5037//5186 4176//5186
f 5284//5191 4146//5191 4176//5191
f 5274//5186 4159//5186 4176//5186
f 5035//5186 3817//5186 4176//5186
f 3813//5213 5038//5213 4176//5213
f 4151//5214 3696//5214 4176//5214
f 3820//5215 5047//5215 4176//5215
f 5287//5184 4175//5184 4176//5184
f 5271//5216 4152//5216 4176//5216
f 5276//5191 4166//5191 4176//5191
f 3817//5186 5045//5186 4176//5186
f 3479//5217 5265//5217 4176//5217
f 5264//5191 5269//5191 4176//5191
f 3814//5185 5043//5185 4176//5185
f 3824//5186 5035//5186 4176//5186
f 4034//5218 5198//5218 4176//5218
f 3818//5184 5032//5184 4176//5184
f 5263//5196 4157//5196 4176//5196
f 4009//5186 5036//5186 4176//5186
f 5266//5191 4161//5191 4176//5191
f 5277//5184 4145//5184 4176//5184
f 5057//5186 4035//5186 4176//5186
f 2795//5219 4345//5219 2801//5219
f 2784//5220 4338//5220 4351//5220
f 4350//5219 4340//5219 2780//5219
f 4350//5219 2780//5219 2796//5219
f 4350//5220 2790//5220 2789//5220
f 4351//5220 2789//5220 4341//5220
f 2801//5221 4333//5221 2791//5221
f 4349//5220 2767//5220 4351//5220
f 2786//5220 2785//5220 4351//5220
f 2770//5220 2769//5220 4351//5220
f 4350//5219 4342//5219 2790//5219
f 2801//5220 2791//5220 4347//5220
f 2788//5219 4344//5219 2801//5219
f 4350//5220 2797//5220 2765//5220
f 2770//5220 4351//5220 2771//5220
f 4350//5220 2794//5220 4340//5220
f 2774//5220 2775//5220 4351//5220
f 4343//5220 2779//5220 2801//5220
f 2776//5220 4337//5220 4351//5220
f 4329//5220 2800//5220 2787//5220
f 4350//5220 2798//5220 4348//5220
f 2783//5220 4350//5220 4336//5220
f 2767//5220 4324//5220 4351//5220
f 2792//5219 4343//5219 2801//5219
f 4350//5219 4348//5219 2799//5219
f 2793//5220 2792//5220 2801//5220
f 4350//5219 4323//5219 2794//5219
f 2800//5219 4339//5219 4327//5219
f 2800//5220 2773//5220 4339//5220
f 2775//5220 2776//5220 4351//5220
f 4350//5220 2765//5220 4323//5220
f 2781//5220 4335//5220 4350//5220
f 2800//5220 4329//5220 2773//5220
f 2766//5220 4325//5220 4351//5220
f 4325//5220 2771//5220 4351//5220
f 4324//5220 2766//5220 4351//5220
f 4350//5220 2782//5220 2768//5220
f 4350//5220 2768//5220 2798//5220
f 4328//5220 2800//5220 4334//5220
f 4332//5219 2778//5219 4351//5219
f 2787//5220 2800//5220 4328//5220
f 4350//5220 2799//5220 2797//5220
f 4350//5220 2789//5220 4351//5220
f 4351//5219 2769//5219 4326//5219
f 4350//5220 2796//5220 4346//5220
f 2784//5220 4351//5220 4341//5220
f 2785//5220 4332//5220 4351//5220
f 2779//5219 4333//5219 2801//5219
f 2781//5220 4350//5220 2783//5220
f 2800//5220 2788//5220 2801//5220
f 2778//5220 2774//5220 4351//5220
f 2800//5220 4351//5220 4334//5220
f 4170//5222 4169//5222 4171//5222
f 4170//5222 4172//5222 4169//5222
f 2842//5223 4177//5223 3822//5223
f 4353//5224 4178//5224 3566//5224
f 4177//5225 4450//5225 2941//5225
f 2802//5224 4178//5224 4353//5224
f 4178//5226 4419//5226 2895//5226
f 2803//5227 4178//5227 2802//5227
f 4177//5228 4417//5228 2889//5228
f 3829//5229 4178//5229 2803//5229
f 4177//5230 4383//5230 3856//5230
f 2849//5231 4178//5231 3829//5231
f 4177//5232 4379//5232 5072//5232
f 4387//5231 4178//5231 2849//5231
f 4178//5233 4386//5233 3859//5233
f 2850//5234 4178//5234 4387//5234
f 4178//5233 2844//5233 4386//5233
f 3861//5234 4178//5234 2850//5234
f 4178//5235 4890//5235 2846//5235
f 2898//5236 4178//5236 3861//5236
f 4178//5237 2846//5237 2844//5237
f 2897//5238 5289//5238 2898//5238
f 4178//5239 4177//5239 2941//5239
f 4422//5240 5289//5240 2897//5240
f 5289//5239 4178//5239 2898//5239
f 4178//5241 2941//5241 4890//5241
f 2807//5242 5289//5242 4867//5242
f 4177//5243 4451//5243 4450//5243
f 2806//5244 5289//5244 2807//5244
f 4177//5243 3880//5243 4451//5243
f 4355//5245 5289//5245 2806//5245
f 4177//5246 4418//5246 3880//5246
f 3833//5245 5289//5245 4355//5245
f 4178//5247 2895//5247 3566//5247
f 2854//5248 5289//5248 3833//5248
f 4177//5249 2889//5249 4418//5249
f 4389//5250 5289//5250 2854//5250
f 4177//5228 3856//5228 4417//5228
f 4178//5247 2894//5247 4419//5247
f 3862//5251 5289//5251 4390//5251
f 4177//5230 4381//5230 4383//5230
f 4424//5252 5289//5252 3862//5252
f 4177//5253 4382//5253 4381//5253
f 2900//5254 5289//5254 4424//5254
f 4177//5255 3594//5255 4382//5255
f 2902//5256 5289//5256 2900//5256
f 4177//5257 4448//5257 3594//5257
f 3571//5258 5289//5258 2902//5258
f 4177//5257 2937//5257 4448//5257
f 4356//5259 5289//5259 3571//5259
f 4177//5260 4447//5260 2937//5260
f 2810//5259 5289//5259 4356//5259
f 4177//5261 3878//5261 4447//5261
f 2812//5262 5289//5262 2810//5262
f 4177//5263 4415//5263 3878//5263
f 4177//5260 2886//5260 4415//5260
f 2812//5264 5056//5264 5289//5264
f 4177//5265 4414//5265 2886//5265
f 5056//5264 2856//5264 5289//5264
f 4177//5266 5072//5266 4414//5266
f 2856//5267 4393//5267 5289//5267
f 4178//5226 3859//5226 2894//5226
f 5289//5268 4393//5268 2857//5268
f 2840//5269 2838//5269 4177//5269
f 4177//5270 2838//5270 4379//5270
f 2800//5271 4327//5271 2772//5271
f 4345//5220 2793//5220 2801//5220
f 2800//5219 2772//5219 4330//5219
f 4338//5219 2786//5219 4351//5219
f 2800//5271 4330//5271 4331//5271
f 4344//5220 2795//5220 2801//5220
f 2800//5271 4331//5271 2777//5271
f 2800//5220 2777//5220 2788//5220
f 4350//5220 2801//5220 4347//5220
f 5231//5219 4099//5219 2675//5219 4272//5219
f 4350//5220 4335//5220 2782//5220
f 4099//5220 5222//5220 2675//5220
f 5222//5220 4095//5220 4270//5220 2675//5220
f 4095//5219 4075//5219 4270//5219
f 4075//5220 5225//5220 4269//5220 4270//5220
f 5225//5220 5216//5220 2691//5220 4269//5220
f 5216//5219 4086//5219 2691//5219
f 4086//5220 5228//5220 2690//5220 2691//5220
f 5228//5220 5229//5220 2690//5220
f 5229//5219 4072//5219 2689//5219 2690//5219
f 4072//5220 5227//5220 2689//5220
f 5227//5220 4094//5220 4268//5220 2689//5220
f 4094//5220 4070//5220 4268//5220
f 4070//5220 4091//5220 4267//5220 4268//5220
f 4091//5220 5217//5220 4267//5220
f 5217//5220 4081//5220 2688//5220 4267//5220
f 4081//5220 4103//5220 2688//5220
f 4103//5220 4079//5220 4266//5220 2688//5220
f 4079//5220 5232//5220 4266//5220
f 5232//5220 4100//5220 2686//5220 4266//5220
f 4100//5220 5215//5220 2686//5220
f 5215//5220 5224//5220 2687//5220 2686//5220
f 5224//5220 5214//5220 4264//5220 2687//5220
f 5214//5220 4074//5220 4264//5220
f 4074//5220 4084//5220 4265//5220 4264//5220
f 4084//5220 4106//5220 4265//5220
f 4106//5220 4080//5220 2684//5220 4265//5220
f 4080//5220 4087//5220 2684//5220
f 4087//5220 5221//5220 2685//5220 2684//5220
f 5221//5220 4097//5220 2685//5220
f 4097//5220 4071//5220 2683//5220 2685//5220
f 4071//5220 4107//5220 2683//5220
f 4107//5220 4078//5220 4263//5220 2683//5220
f 4078//5219 4104//5219 4263//5219
f 4104//5220 4077//5220 4263//5220
f 4077//5220 4102//5220 4261//5220 4263//5220
f 4102//5220 4101//5220 4261//5220
f 4101//5220 4076//5220 4261//5220
f 4076//5220 5230//5220 4262//5220 4261//5220
f 5230//5272 4090//5272 4262//5272
f 4090//5219 5226//5219 4262//5219
f 5226//5220 4069//5220 4260//5220 4262//5220
f 4069//5220 4088//5220 4260//5220
f 4088//5219 5213//5219 4259//5219 4260//5219
f 5213//5220 4098//5220 4259//5220
f 4098//5220 4073//5220 2682//5220 4259//5220
f 4073//5220 4093//5220 2682//5220
f 4093//5219 5223//5219 2680//5219 2682//5219
f 5223//5220 5220//5220 2680//5220
f 5220//5220 4092//5220 2681//5220 2680//5220
f 4092//5219 5218//5219 2681//5219
f 5218//5220 4096//5220 4271//5220 2681//5220
f 4096//5219 5235//5219 4271//5219
f 5235//5220 4082//5220 2679//5220 4271//5220
f 4082//5219 5234//5219 2679//5219
f 5234//5220 5219//5220 4258//5220 2679//5220
f 5219//5220 4068//5220 4258//5220
f 4068//5220 4089//5220 2678//5220 4258//5220
f 4089//5220 4067//5220 2678//5220
f 4067//5220 4105//5220 2677//5220 2678//5220
f 4105//5220 4085//5220 2676//5220 2677//5220
f 4085//5219 5212//5219 2676//5219
f 5212//5220 4083//5220 4257//5220 2676//5220
f 4083//5219 5233//5219 4257//5219
f 5233//5220 4120//5220 2653//5220 4257//5220
f 4120//5220 4135//5220 2653//5220
f 4135//5220 4117//5220 2654//5220 2653//5220
f 4117//5220 5241//5220 2654//5220
f 5241//5220 4125//5220 2655//5220 2654//5220
f 4125//5220 5261//5220 4249//5220 2655//5220
f 5245//5220 4126//5220 2656//5220 4249//5220
f 4126//5220 4138//5220 2656//5220
f 4138//5220 5243//5220 2674//5220 2656//5220
f 5243//5220 5260//5220 2674//5220
f 5260//5220 5262//5220 2657//5220 2674//5220
f 5262//5220 5254//5220 2657//5220
f 5254//5220 4113//5220 4250//5220 2657//5220
f 4113//5220 5252//5220 4250//5220
f 5252//5220 5244//5220 2658//5220 4250//5220
f 5244//5220 5259//5220 2658//5220
f 5259//5220 4119//5220 4251//5220 2658//5220
f 4119//5220 5257//5220 4251//5220
f 5257//5220 4110//5220 2659//5220 4251//5220
f 4110//5220 5239//5220 2659//5220
f 5239//5220 4131//5220 4253//5220 2659//5220
f 4131//5220 4114//5220 4253//5220
f 4114//5220 4111//5220 4253//5220
f 4111//5220 4143//5220 4252//5220 4253//5220
f 4143//5220 5248//5220 4252//5220
f 5248//5220 4140//5220 4252//5220
f 4140//5220 4127//5220 2661//5220 4252//5220
f 4127//5220 4134//5220 2661//5220
f 4134//5220 4122//5220 2661//5220
f 4122//5220 5256//5220 2660//5220 2661//5220
f 5256//5220 4129//5220 2660//5220
f 4129//5220 5251//5220 2662//5220 2660//5220
f 5251//5221 4109//5221 2662//5221
f 4109//5220 5249//5220 4254//5220 2662//5220
f 5240//5220 4121//5220 2664//5220 4254//5220
f 4121//5220 4136//5220 2664//5220
f 4136//5220 4118//5220 2663//5220 2664//5220
f 4118//5220 5253//5220 2663//5220
f 5253//5220 4112//5220 2666//5220 2663//5220
f 4112//5220 4128//5220 2666//5220
f 4128//5220 5236//5220 2665//5220 2666//5220
f 5236//5220 5238//5220 4255//5220 2665//5220
f 5238//5220 4139//5220 4255//5220
f 4139//5220 5247//5220 2667//5220 4255//5220
f 5247//5219 4137//5219 2667//5219
f 4137//5220 5242//5220 2668//5220 2667//5220
f 5242//5220 5255//5220 2668//5220
f 5255//5220 5237//5220 2670//5220 2668//5220
f 5237//5221 4130//5221 2670//5221
f 4130//5220 4132//5220 2669//5220 2670//5220
f 4132//5220 4124//5220 2669//5220
f 4124//5220 4142//5220 2671//5220 2669//5220
f 4142//5220 5246//5220 2671//5220
f 5246//5220 4133//5220 2672//5220 2671//5220
f 4133//5220 4116//5220 2672//5220
f 4116//5220 5258//5220 4256//5220 2672//5220
f 5258//5219 4115//5219 4256//5219
f 4115//5219 4123//5219 2673//5219 4256//5219
f 4123//5220 4108//5220 2673//5220
f 4108//5220 5250//5220 2652//5220 2673//5220
f 5250//5220 4141//5220 4272//5220 2652//5220
f 4141//5220 5231//5220 4272//5220
f 4362//5275 4365//5275 4367//5275 4364//5275
f 4398//5276 4399//5276 4402//5276 4401//5276
f 4414//5277 5072//5277 5071//5277 4416//5277
f 4421//5278 5115//5278 5116//5278 4423//5278
f 4500//5279 4501//5279 4504//5279 4503//5279
f 4503//5280 4504//5280 4935//5280 4936//5280
f 4500//5281 4503//5281 4506//5281 4502//5281
f 4503//5282 4936//5282 4937//5282 4506//5282
f 4502//5283 4506//5283 4922//5283 4921//5283
f 4507//5284 4508//5284 4512//5284 4511//5284
f 4521//5285 4926//5285 4927//5285 4523//5285
f 4530//5286 4959//5286 4958//5286 4531//5286
f 5268//5287 4928//5287 4929//5287
f 4574//5288 4997//5288 4573//5288
f 4576//5289 5263//5289 5273//5289
f 4597//5290 4997//5290 4596//5290
f 4611//5291 4949//5291 4612//5291
f 5020//5292 5019//5292 4649//5292
f 5048//5293 5193//5293 5011//5293
f 5039//5294 5012//5294 5013//5294
f 4703//5295 4705//5295 4825//5295 4826//5295
f 4722//5296 4908//5296 5208//5296 5113//5296
f 4725//5297 4893//5297 4894//5297 4726//5297
f 4741//5298 5119//5298 5206//5298 4900//5298
f 4782//5299 4783//5299 4786//5299 4785//5299
f 4782//5300 4785//5300 4788//5300 4784//5300
f 4799//5301 5030//5301 4801//5301
f 4800//5302 4799//5302 4798//5302
f 4805//5303 4996//5303 4803//5303
f 5243//5304 4826//5304 4825//5304 5260//5304
f 5236//5305 4836//5305 5166//5305 5238//5305
f 5277//5306 5265//5306 5154//5306
f 4493//5307 4929//5307 4928//5307
f 4573//5308 4576//5308 5273//5308
f 5006//5309 5005//5309 4594//5309
f 4611//5310 4948//5310 4949//5310
f 4660//5311 5042//5311 5194//5311
f 5048//5312 5176//5312 5193//5312
f 5039//5313 5199//5313 5012//5313
f 4781//5314 5028//5314 5211//5314
f 4798//5315 4799//5315 4801//5315
f 4799//5316 5029//5316 5030//5316
f 5279//5317 5280//5317 4805//5317
f 5031//5318 5039//5318 5013//5318
f 5277//5319 5154//5319 5210//5319
f 4350//5220 4346//5220 4342//5220
f 4351//5219 4326//5219 4334//5219
f 4337//5220 4349//5220 4351//5220
f 4336//5220 4350//5220 4347//5220
f 4867//5242 5289//5242 4422//5242
f 4390//5320 5289//5320 4389//5320
f 5261//5220 5245//5220 4249//5220
f 5249//5220 5240//5220 4254//5220
