# Blender 5.0.1
# www.blender.org
mtllib left_elbow_x_link_visual_4.mtl
o i01.left.bicep.full.005_visual.001
v 0.069200 0.096384 -0.324640
v 0.090406 0.099667 -0.287340
v 0.101767 0.078312 -0.316653
v 0.070803 0.110916 -0.290297
v 0.087648 0.063828 -0.310258
v 0.040064 0.110303 -0.330791
v 0.046937 0.120835 -0.298985
v 0.038595 0.089401 -0.321557
v 0.041950 0.183636 -0.128784
v -0.004749 0.126289 -0.337854
v -0.012103 0.107329 -0.329478
v 0.079201 0.085635 -0.272667
v 0.075351 0.091008 -0.266838
v 0.077056 0.093471 -0.258553
v 0.084253 0.104842 -0.268754
v 0.088328 0.105481 -0.260817
v 0.081194 0.092395 -0.253990
v 0.087044 0.089139 -0.251751
v 0.095399 0.101860 -0.257227
v 0.093452 0.156433 -0.116766
v 0.141376 0.122362 -0.101711
v 0.045394 0.234246 -0.020445
v 0.098648 0.206023 -0.007976
v 0.109724 0.271974 0.159263
v 0.055275 0.300623 0.146604
v 0.156025 0.164386 0.010423
v 0.169747 0.206256 0.128833
v 0.091345 0.092990 0.096470
v 0.090085 0.066675 0.039986
v 0.097743 0.040325 -0.028888
v 0.057515 0.015525 0.011619
v 0.147378 0.017562 -0.289815
v 0.067154 0.032063 0.022338
v 0.063502 0.024547 0.015388
v 0.173397 -0.006060 -0.279377
v 0.141859 0.006510 -0.013947
v -0.044223 -0.099807 0.032853
v -0.080354 -0.102447 0.034259
v -0.081308 -0.096432 0.031600
v -0.083333 -0.110132 0.037651
v -0.113073 -0.140369 0.051013
v -0.078167 -0.072082 0.020841
v -0.088720 -0.142218 0.051728
v -0.078167 -0.058020 0.052666
v -0.043448 -0.086288 0.065157
v 0.015509 -0.123991 0.043474
v -0.007092 -0.048531 0.046042
v -0.011102 -0.049885 0.054083
v -0.030153 -0.056758 0.094483
v -0.002211 -0.045782 0.038713
v 0.052165 0.012557 0.019757
v 0.048568 0.011588 0.027552
v 0.002661 -0.038501 0.041664
v 0.006241 -0.032364 0.045610
v 0.109193 -0.037388 0.048030
v 0.112622 -0.036292 0.040988
v 0.117694 -0.033488 0.033253
v 0.016098 -0.148852 0.054639
v -0.044338 -0.211883 0.082389
v 0.015479 -0.134268 0.086356
v 0.009481 -0.185588 0.070992
v 0.020267 -0.181596 0.069227
v 0.050198 -0.162536 0.098846
v 0.069394 -0.267951 -0.163660
v 0.195689 -0.139096 -0.220595
v -0.041184 -0.228364 0.053258
v 0.063270 -0.212191 0.082746
v 0.028598 -0.184277 0.070414
v 0.034085 -0.190236 0.073047
v 0.086185 -0.191837 0.111794
v 0.057942 -0.094823 0.060354
v 0.155658 -0.006326 -0.008275
v 0.136106 -0.246544 0.097928
v 0.053065 -0.097552 0.067718
v 0.048057 -0.097047 0.082756
v 0.049485 -0.098729 0.074996
v 0.027528 -0.103921 0.115364
v 0.051951 -0.210047 0.081800
v 0.034495 -0.198345 0.076631
v 0.054128 -0.177532 0.155169
v 0.042201 -0.215882 0.084379
v 0.047059 -0.174388 0.167864
v 0.032098 -0.164712 0.167217
v 0.041962 -0.173773 0.181313
v 0.023353 -0.162851 0.185228
v 0.039623 -0.176473 0.199765
v 0.014545 -0.158454 0.193821
v 0.044122 -0.181641 0.209535
v 0.039749 -0.226282 0.088973
v 0.021161 -0.209123 0.081392
v 0.046020 -0.235139 0.092887
v 0.013466 -0.237143 0.093661
v 0.048247 -0.243950 0.096784
v 0.057338 -0.237283 0.093835
v 0.066492 -0.247554 0.098372
v 0.064566 -0.258280 0.066477
v 0.011912 -0.247650 0.061780
v 0.003451 -0.326396 -0.137836
v -0.047247 -0.308468 -0.145758
v 0.053852 -0.335991 -0.133596
v 0.114756 -0.259841 0.067166
v 0.102019 -0.336881 -0.133203
v 0.029799 -0.351092 -0.126922
v 0.063502 -0.355566 -0.124947
v 0.060423 -0.315326 -0.024926
v 0.083227 -0.356480 -0.124539
v 0.111525 -0.299896 0.018544
v 0.085417 -0.289933 0.042252
v 0.109631 -0.355763 -0.124858
v 0.132991 -0.352780 -0.126179
v 0.131792 -0.297996 0.017872
v 0.150792 -0.320549 -0.051359
v 0.165412 -0.278479 0.050291
v 0.141732 -0.269720 0.089447
v 0.118534 -0.274395 0.084953
v 0.140401 -0.251876 0.145738
v 0.100246 -0.245862 0.170222
v 0.085230 -0.264019 0.113091
v 0.121107 -0.260642 0.124922
v 0.113526 -0.233712 0.210480
v 0.133108 -0.235831 0.201317
v 0.135152 -0.206576 0.305483
v 0.161664 -0.236269 0.183057
v 0.120490 -0.204293 0.316089
v 0.151587 -0.221793 0.241459
v 0.182394 -0.199682 0.301110
v 0.152249 -0.201956 0.315063
v 0.133214 -0.192006 0.364273
v 0.160553 -0.188936 0.362917
v 0.193929 -0.181861 0.359791
v 0.199790 -0.191583 0.307678
v 0.218534 -0.188397 0.285318
v 0.232025 -0.166283 0.352896
v 0.220956 -0.143747 0.342950
v 0.178869 -0.161304 0.350707
v 0.130306 -0.169514 0.354336
v 0.169561 -0.215577 0.178309
v 0.120049 -0.229385 0.170573
v 0.139926 -0.235593 0.131127
v 0.160546 -0.252274 0.063823
v 0.200276 -0.237192 0.052755
v 0.184394 -0.312750 -0.143866
v 0.146095 -0.329032 -0.136672
v 0.213048 -0.274305 -0.092282
v 0.217703 -0.269031 -0.092443
v 0.209475 -0.280084 -0.097927
v 0.243271 -0.173546 0.159738
v 0.232144 -0.211267 0.045704
v 0.255200 -0.179403 0.031624
v 0.221632 -0.265502 -0.095636
v 0.266931 -0.140774 0.145258
v 0.279529 -0.083624 0.316383
v 0.280454 -0.101747 0.128014
v 0.268458 -0.141505 0.014879
v 0.271419 -0.099025 -0.003891
v 0.251325 -0.221016 -0.184399
v 0.283335 -0.057962 0.108667
v 0.289416 0.049858 0.257405
v 0.297102 0.001704 0.278682
v 0.275453 -0.011106 0.087964
v 0.257114 0.037026 0.066697
v 0.246374 -0.006975 -0.044563
v 0.263961 -0.053601 -0.023961
v 0.232087 -0.091703 -0.241536
v 0.248291 -0.136399 -0.221786
v 0.254788 -0.180062 -0.202494
v 0.275234 -0.159092 -0.211760
v 0.277804 -0.190244 -0.197993
v 0.274139 -0.226417 -0.182010
v 0.284062 -0.156525 -0.089791
v 0.279869 -0.144302 -0.147815
v 0.282770 -0.150827 -0.117285
v 0.279657 -0.191233 -0.116743
v 0.285097 -0.160738 -0.010898
v 0.285862 -0.154885 0.042068
v 0.290114 -0.138458 0.038095
v 0.279347 -0.184032 -0.023526
v 0.266550 -0.226615 -0.062162
v 0.276221 -0.186532 0.015334
v 0.269198 -0.242969 -0.174696
v 0.263309 -0.258689 -0.167750
v 0.238041 -0.257683 -0.168199
v 0.257653 -0.270305 -0.162617
v 0.255441 -0.258097 -0.102738
v 0.259985 -0.233483 -0.042590
v 0.243563 -0.291320 -0.153333
v 0.244386 -0.276741 -0.109655
v 0.238474 -0.286862 -0.116286
v 0.231406 -0.304911 -0.147329
v 0.215439 -0.288657 -0.154510
v 0.218377 -0.275425 -0.114224
v 0.213687 -0.279872 -0.111447
v 0.223439 -0.268700 -0.111561
v 0.218220 -0.316268 -0.142310
v 0.228553 -0.296965 -0.113274
v 0.221820 -0.300194 -0.103543
v 0.199211 -0.329531 -0.136449
v 0.206870 -0.308422 -0.090434
v 0.187378 -0.335827 -0.133658
v 0.177674 -0.310563 -0.050195
v 0.203979 -0.288607 -0.028542
v 0.158636 -0.346958 -0.128748
v 0.184734 -0.270959 0.049220
v 0.201931 -0.262464 0.049564
v 0.188298 -0.251583 0.104979
v 0.182921 -0.229202 0.188375
v 0.215578 -0.249224 0.064908
v 0.199980 -0.232103 0.152944
v 0.212756 -0.226753 0.149064
v 0.173571 -0.256399 0.107974
v 0.159983 -0.261006 0.105253
v 0.203617 -0.212861 0.217194
v 0.226372 -0.199140 0.223687
v 0.223018 -0.221412 0.146193
v 0.251312 -0.184060 0.206512
v 0.239662 -0.190200 0.222589
v 0.235852 -0.212672 0.141672
v 0.257835 -0.185408 0.168398
v 0.242485 -0.217275 0.100888
v 0.231426 -0.240128 0.052818
v 0.218723 -0.267887 0.001156
v 0.241736 -0.231317 0.049792
v 0.225941 -0.283403 -0.065252
v 0.236568 -0.278432 -0.082805
v 0.251301 -0.224984 0.035724
v 0.254836 -0.205820 0.095260
v 0.263332 -0.197486 0.079026
v 0.259499 -0.213458 0.034986
v 0.271737 -0.179003 0.107699
v 0.283453 -0.147913 0.171718
v 0.268481 -0.167673 0.191760
v 0.276477 -0.178991 0.056646
v 0.291688 -0.130502 0.159811
v 0.270220 -0.199018 0.021886
v 0.308706 -0.081709 0.270755
v 0.294488 -0.122502 0.132316
v 0.300619 -0.102541 0.268449
v 0.310058 -0.081602 0.315491
v 0.294927 -0.114775 0.267146
v 0.300103 -0.102648 0.324791
v 0.250088 -0.122506 0.333565
v 0.288730 -0.123562 0.280647
v 0.273963 -0.136521 0.339754
v 0.257211 -0.157630 0.307117
v 0.266177 -0.155039 0.277542
v 0.276001 -0.140288 0.290956
v 0.252024 -0.154319 0.347621
v 0.242453 -0.168486 0.310310
v 0.319097 -0.053373 0.303019
v 0.293761 -0.043369 0.298597
v 0.323184 -0.019789 0.288178
v 0.323355 0.001966 0.278545
v 0.313997 -0.062607 0.259478
v 0.315132 -0.034712 0.235085
v 0.304814 -0.052485 0.141084
v 0.305190 -0.079436 0.169027
v 0.316390 -0.011034 0.234249
v 0.312933 0.036245 0.235271
v 0.305403 0.015497 0.181608
v 0.296997 -0.009385 0.110431
v 0.316594 0.048720 0.257909
v 0.307134 -0.027984 0.164173
v 0.296070 -0.057368 0.065752
v 0.292273 -0.042586 0.048451
v 0.284814 -0.047295 -0.003983
v 0.272361 -0.105842 -0.163847
v 0.279779 -0.034332 -0.015090
v 0.291597 0.013016 0.107974
v 0.284971 -0.079632 -0.040124
v 0.269913 -0.133346 -0.223114
v 0.288453 -0.095571 -0.023068
v 0.291523 -0.102432 0.004210
v 0.292273 -0.122341 0.035232
v 0.298292 -0.090393 0.083251
v 0.298798 -0.106989 0.137470
v 0.256752 -0.094582 -0.240262
v 0.261654 -0.076996 -0.180078
v 0.260940 -0.026962 -0.099002
v 0.247848 -0.048476 -0.194597
v 0.240324 -0.062539 -0.254422
v 0.224357 -0.036892 -0.265753
v 0.226624 -0.029072 -0.240229
v 0.233128 0.052081 -0.062380
v 0.210031 0.067837 -0.101212
v 0.243767 0.016540 -0.091549
v 0.204929 0.015577 -0.219229
v 0.197530 0.086860 -0.098312
v 0.184959 0.033285 -0.239164
v 0.194724 0.000762 -0.282391
v 0.151069 0.043011 -0.301059
v 0.150827 0.065520 -0.251927
v 0.127146 0.074217 -0.279745
v 0.109417 0.091113 -0.275006
v 0.111667 0.093190 -0.266631
v 0.103155 0.092078 -0.283552
v 0.109065 0.099965 -0.256761
v 0.149224 0.110313 -0.161686
v 0.122928 0.124067 -0.182421
v 0.100216 0.108699 -0.253029
v 0.140218 0.162285 -0.072752
v 0.103175 0.151797 -0.158030
v 0.091787 0.113271 -0.256018
v 0.101027 0.211809 -0.036921
v 0.076592 0.187044 -0.122952
v 0.121735 0.189330 -0.049974
v 0.084853 0.114809 -0.262580
v 0.081158 0.112264 -0.273274
v 0.082750 0.107636 -0.281042
v 0.085994 0.100275 -0.276368
v 0.090117 0.096285 -0.278619
v 0.095943 0.092395 -0.277686
v 0.086323 0.080415 -0.272590
v 0.091460 0.078624 -0.268127
v 0.101825 0.090830 -0.271383
v 0.094121 0.079171 -0.262499
v 0.103027 0.093651 -0.263117
v 0.092977 0.083416 -0.254879
v 0.100382 0.097464 -0.258918
v 0.145432 0.217074 0.047845
v 0.166584 0.216600 0.085320
v 0.158132 0.175662 -0.010896
v 0.173997 0.151546 -0.025663
v 0.182918 0.184909 0.058567
v 0.209721 0.133974 0.024148
v 0.196095 0.206906 0.127452
v 0.183163 0.105716 -0.095774
v 0.163594 0.086111 -0.180194
v 0.177210 0.252579 0.167832
v 0.220729 0.187081 0.145278
v 0.211156 0.221818 0.181424
v 0.219182 0.160544 0.096011
v 0.234645 0.114061 0.056251
v 0.235714 0.169643 0.153974
v 0.252324 0.129586 0.133022
v 0.246020 0.094151 0.054745
v 0.254686 0.079699 0.058652
v 0.264727 0.113095 0.145893
v 0.259716 0.150410 0.184629
v 0.274250 0.119685 0.185364
v 0.280962 0.076460 0.145551
v 0.272401 0.031483 0.045611
v 0.290005 0.055062 0.152492
v 0.261345 0.045267 0.024770
v 0.293095 0.096019 0.215325
v 0.302243 0.053273 0.204110
v 0.283760 0.127391 0.223147
v 0.299214 0.097987 0.236138
v 0.271002 0.099247 0.235582
v 0.242565 0.147972 0.214053
v 0.264374 0.159898 0.208785
v 0.205376 0.167194 0.146093
v 0.205206 0.194153 0.193647
v 0.208472 0.105199 0.036573
v 0.147785 0.019518 0.060822
v 0.144134 0.049802 0.115554
v 0.217916 0.043820 -0.067007
v 0.126933 -0.018392 0.041850
v 0.061063 -0.078307 0.089130
v 0.126811 -0.014322 0.051317
v 0.118930 -0.018567 0.063513
v 0.123975 -0.014881 0.057925
v 0.063635 0.034046 0.036542
v 0.066521 0.034751 0.030123
v 0.060290 0.031685 0.040485
v 0.056073 0.027546 0.042844
v 0.051706 0.021917 0.042216
v 0.001875 -0.028549 0.066308
v 0.113492 -0.024838 0.064499
v 0.110331 -0.029552 0.062606
v 0.048983 0.017208 0.039121
v 0.065398 -0.075734 0.082850
v 0.107816 -0.035710 0.055655
v 0.047886 0.013920 0.034726
v 0.067588 -0.078274 0.071026
v 0.067199 -0.075908 0.077458
v 0.006607 -0.026388 0.058120
v 0.007353 -0.029114 0.049879
v 0.064887 -0.084216 0.065074
v -0.004649 -0.034802 0.070319
v -0.010347 -0.043173 0.067204
v 0.055071 -0.084471 0.091758
v 0.051141 -0.089860 0.090470
v -0.011871 -0.047420 0.061829
v 0.122812 -0.025845 0.036339
v 0.175851 0.221687 0.181482
v 0.230969 0.201684 0.190292
v 0.139942 0.279844 0.155786
v 0.115968 0.272384 0.107551
v 0.143571 0.249450 0.107956
v 0.115658 0.295611 0.148789
v 0.083543 0.287050 0.094569
v 0.064787 0.321934 0.137189
v 0.065131 0.308921 0.114613
v 0.033430 0.315581 0.098694
v 0.001953 0.343931 0.127465
v 0.000486 0.334407 0.109992
v -0.038108 0.331065 0.082301
v -0.056060 0.355117 0.122528
v -0.056653 0.331933 0.132770
v -0.000903 0.320868 0.137658
v -0.010318 0.250058 -0.039840
v -0.063801 0.213551 -0.142003
v -0.063848 0.265453 -0.034234
v -0.149854 0.242413 -0.118475
v -0.115643 0.267235 -0.035022
v -0.158398 0.325177 0.135755
v -0.109834 0.333388 0.132127
v -0.165899 0.260669 -0.034784
v -0.147615 0.139753 -0.343805
v -0.176295 0.110282 -0.330784
v -0.200485 0.307621 0.143512
v -0.191559 0.203138 -0.099758
v -0.199475 0.103935 -0.327978
v -0.210178 0.107009 -0.329337
v -0.199392 0.203875 -0.100083
v -0.219104 0.218764 -0.057313
v -0.219657 0.221973 -0.047325
v -0.239308 0.230062 -0.069954
v -0.237638 0.233429 -0.064867
v -0.221274 0.214148 -0.064959
v -0.228396 0.205325 -0.070892
v -0.244184 0.223544 -0.076128
v -0.211141 0.205874 -0.100966
v -0.221471 0.207189 -0.101547
v -0.219172 0.111840 -0.331471
v -0.229502 0.113155 -0.332053
v -0.245866 0.140099 -0.343957
v -0.217417 0.128088 -0.338650
v -0.215523 0.120269 -0.335196
v -0.239596 0.110754 -0.330992
v -0.231565 0.204788 -0.100487
v -0.261784 0.123561 -0.336649
v -0.247917 0.105003 -0.328450
v -0.253199 0.096776 -0.324816
v -0.239886 0.199037 -0.097946
v -0.236851 0.197843 -0.071156
v -0.245168 0.190811 -0.094311
v -0.241354 0.194452 -0.069154
v -0.254636 0.087328 -0.320641
v -0.250706 0.177149 -0.088274
v -0.245786 0.189429 -0.063521
v -0.250996 0.164920 -0.082871
v -0.252012 0.078095 -0.316561
v -0.245723 0.070484 -0.313197
v -0.249710 0.156358 -0.079088
v -0.254512 0.067358 -0.311816
v -0.259534 0.073920 -0.314715
v -0.268158 0.075312 -0.315330
v -0.256247 0.086981 -0.268267
v -0.261007 0.092327 -0.270630
v -0.268506 0.093029 -0.270940
v -0.274351 0.088675 -0.269016
v -0.275332 0.070718 -0.313301
v -0.275357 0.083884 -0.266899
v -0.259463 0.077414 -0.264041
v -0.256530 0.081487 -0.265841
v -0.256034 0.059471 -0.308331
v -0.241146 0.061115 -0.309059
v -0.246328 0.038319 -0.298985
v -0.260779 0.055825 -0.306722
v -0.266684 0.075437 -0.263166
v -0.267671 0.054788 -0.306262
v -0.271868 0.012079 -0.287393
v -0.275056 0.059093 -0.308165
v -0.273319 0.078710 -0.264612
v -0.318771 0.027707 -0.294297
v -0.319387 0.061978 -0.309441
v -0.322813 0.051087 -0.304627
v -0.323355 0.041120 -0.300222
v -0.276922 0.064497 -0.310553
v -0.307310 0.076701 -0.315945
v -0.277527 0.166353 -0.112519
v -0.271150 0.177144 -0.114137
v -0.263544 0.187374 -0.116567
v -0.252867 0.197398 -0.123596
v -0.258617 0.208892 -0.075469
v -0.252340 0.215066 -0.078259
v -0.241032 0.206737 -0.129019
v -0.226584 0.240562 -0.072173
v -0.214785 0.224451 -0.135056
v -0.229896 0.213559 -0.134377
v -0.233157 0.153172 -0.349734
v -0.222780 0.163869 -0.354461
v -0.214394 0.172535 -0.358290
v -0.208625 0.136487 -0.342361
v -0.208972 0.154204 -0.297971
v -0.200000 0.135094 -0.341745
v -0.201475 0.153502 -0.297660
v -0.214558 0.133116 -0.340873
v -0.213387 0.151467 -0.296761
v -0.215947 0.146489 -0.294561
v -0.209332 0.137202 -0.290458
v -0.213786 0.139885 -0.291644
v -0.196714 0.148156 -0.295299
v -0.203326 0.136943 -0.290343
v -0.197481 0.141297 -0.292267
v -0.199589 0.117695 -0.334058
v -0.208138 0.115963 -0.333293
v -0.195516 0.122887 -0.336352
v -0.194979 0.128533 -0.338846
v -0.204388 0.180460 -0.361792
v -0.188249 0.186076 -0.364274
v -0.171770 0.185965 -0.364222
v -0.158481 0.181066 -0.362059
v -0.079926 0.143287 -0.345363
v -0.144139 0.241815 -0.146198
v -0.129056 0.239026 -0.151907
v -0.083482 0.184884 -0.254250
v -0.131968 0.258832 -0.107878
v -0.106423 0.257783 -0.104932
v -0.107501 0.234034 -0.158184
v -0.056277 0.249699 -0.105955
v -0.024789 0.239498 -0.111750
v -0.073172 0.268807 -0.071214
v -0.052057 0.180122 -0.250030
v -0.044568 0.272741 -0.050874
v -0.009463 0.248640 -0.082324
v -0.018104 0.309414 0.044949
v -0.059915 0.314030 0.035746
v -0.064922 0.344071 0.099296
v -0.094217 0.287730 -0.033656
v -0.078056 0.324814 0.056314
v -0.102811 0.335676 0.078970
v -0.115021 0.356480 0.121922
v -0.123923 0.281465 -0.052779
v -0.128024 0.328296 0.061504
v -0.118743 0.347213 0.104334
v -0.149813 0.330421 0.076137
v -0.143068 0.352920 0.123497
v -0.158080 0.333701 0.088361
v -0.175261 0.345630 0.126718
v -0.186446 0.327802 0.098578
v -0.208438 0.330949 0.133206
v -0.173539 0.321109 0.068054
v -0.177302 0.282297 -0.031487
v -0.189578 0.301630 0.034694
v -0.220658 0.283512 0.035316
v -0.207534 0.255627 -0.065649
v -0.207161 0.304362 0.068319
v -0.215800 0.312805 0.102339
v -0.227519 0.299893 0.092475
v -0.221454 0.323706 0.136380
v -0.237682 0.311965 0.141593
v -0.234476 0.281392 0.155101
v -0.253047 0.286415 0.119650
v -0.263482 0.288799 0.151827
v -0.279913 0.253467 0.139305
v -0.266101 0.270233 0.120889
v -0.259057 0.247497 0.170078
v -0.280989 0.263180 0.163149
v -0.286411 0.232707 0.133374
v -0.289536 0.242798 0.172153
v -0.273295 0.207244 0.187863
v -0.292653 0.217710 0.147209
v -0.297353 0.216640 0.183713
v -0.297589 0.183291 0.154396
v -0.294940 0.188376 0.109860
v -0.300827 0.182774 0.198676
v -0.276631 0.162170 0.207780
v -0.300699 0.161169 0.208212
v -0.298495 0.155212 0.156459
v -0.294950 0.110987 0.046552
v -0.297068 0.135306 0.161099
v -0.296188 0.142266 0.090590
v -0.295417 0.153497 0.058694
v -0.294251 0.123022 -0.010452
v -0.293981 0.150788 0.006474
v -0.290871 0.163870 -0.009953
v -0.291890 0.184535 0.059280
v -0.293631 0.139876 -0.066079
v -0.295871 0.118137 -0.084040
v -0.295855 0.106201 -0.078463
v -0.297595 0.113272 -0.096618
v -0.292382 0.076159 -0.055691
v -0.293485 0.057171 -0.137890
v -0.288850 -0.022317 -0.272190
v -0.279890 -0.075747 -0.248584
v -0.283394 -0.023216 -0.152996
v -0.289027 0.044486 -0.063441
v -0.288085 0.050841 0.006370
v -0.292178 0.086232 0.058346
v -0.283567 0.013326 -0.052954
v -0.278865 0.001805 -0.034941
v -0.286628 0.058105 0.066034
v -0.292209 0.102243 0.147955
v -0.285623 0.082864 0.185987
v -0.291047 0.101731 0.182706
v -0.280812 0.038551 0.070741
v -0.270389 -0.020627 -0.021322
v -0.273588 0.014117 0.058758
v -0.273523 0.056656 0.224330
v -0.267360 0.049607 0.257517
v -0.283420 0.086087 0.241397
v -0.251969 0.012142 0.222648
v -0.257030 -0.000923 0.138978
v -0.267513 0.008491 0.093900
v -0.258634 -0.015777 0.077180
v -0.264928 -0.026068 0.005352
v -0.256649 -0.042655 0.010476
v -0.245839 -0.082351 -0.035936
v -0.235213 -0.083903 0.008879
v -0.245569 -0.049913 0.052342
v -0.261683 -0.055990 -0.052843
v -0.267701 -0.091900 -0.175501
v -0.273252 -0.044006 -0.103617
v -0.258363 -0.105567 -0.149119
v -0.256928 -0.138883 -0.220688
v -0.238174 -0.171615 -0.206223
v -0.225787 -0.145086 -0.094722
v -0.215447 -0.171376 -0.206332
v -0.240738 -0.127365 -0.225779
v -0.215399 -0.203147 -0.192294
v -0.214969 -0.180545 -0.137056
v -0.206707 -0.194701 -0.142862
v -0.205166 -0.191096 -0.129176
v -0.209600 -0.128327 0.002701
v -0.200345 -0.194175 -0.120797
v -0.203177 -0.202426 -0.149690
v -0.191767 -0.205026 -0.146277
v -0.196291 -0.197899 -0.143800
v -0.197052 -0.211012 -0.151376
v -0.188788 -0.218473 -0.145226
v -0.185136 -0.236395 -0.177604
v -0.187338 -0.209694 -0.143421
v -0.184115 -0.211708 -0.138391
v -0.173247 -0.201646 -0.145726
v -0.178674 -0.196368 -0.150293
v -0.182048 -0.213007 -0.187938
v -0.182601 -0.190645 -0.149150
v -0.184631 -0.186221 -0.145245
v -0.197292 -0.194377 -0.138734
v -0.183742 -0.183696 -0.136839
v -0.179262 -0.186726 -0.129850
v -0.196013 -0.193064 -0.131933
v -0.218988 -0.071210 0.020454
v -0.192656 -0.107950 0.036690
v -0.246626 -0.025135 0.000096
v -0.205002 -0.085285 0.026670
v -0.203666 -0.066180 0.018231
v -0.207743 -0.080703 0.024650
v -0.208322 -0.074114 0.021739
v -0.214646 -0.012439 0.178325
v -0.212309 -0.007717 0.167917
v -0.227670 0.002977 0.188614
v -0.220217 -0.007309 0.193159
v -0.205593 -0.004588 0.153849
v -0.201367 0.034133 0.115973
v -0.204279 0.036978 0.114124
v -0.208531 -0.028079 0.001398
v -0.197990 0.031111 0.115003
v -0.196716 -0.004196 0.139582
v -0.186208 -0.005711 0.129843
v -0.194804 -0.062730 0.016708
v -0.187304 -0.063965 0.017254
v -0.178506 -0.048598 0.010465
v -0.196962 -0.030770 0.002586
v -0.187262 -0.025536 0.000274
v -0.178176 -0.042373 0.007714
v -0.193268 0.026940 0.109225
v -0.185454 0.021167 0.095394
v -0.190181 0.024485 0.104337
v -0.165455 -0.004112 0.109217
v -0.169261 -0.000199 0.103559
v -0.180478 -0.008483 0.127572
v -0.182252 -0.067546 0.018836
v -0.177089 -0.011379 0.130056
v -0.154195 -0.034615 0.136125
v -0.175657 -0.014190 0.134032
v -0.158816 -0.008401 0.107677
v -0.145349 -0.037971 0.129157
v -0.173305 -0.056735 0.014060
v -0.133954 -0.032754 0.110945
v -0.135534 -0.029621 0.106531
v -0.161807 -0.059472 0.015268
v -0.149212 -0.013541 0.095892
v -0.152025 -0.054183 0.012931
v -0.142011 -0.015830 0.077557
v -0.132637 -0.026704 0.087006
v -0.135200 -0.027339 0.097820
v -0.144867 -0.074930 0.022099
v -0.142374 -0.066244 0.018261
v -0.134801 -0.060518 0.015728
v -0.128139 -0.027690 0.075382
v -0.121793 -0.030650 0.063762
v -0.138962 -0.015504 0.061738
v -0.139700 -0.013460 0.050667
v -0.149999 -0.040554 0.006911
v -0.149052 -0.046507 0.009541
v -0.114154 -0.042781 0.007894
v -0.122945 -0.060978 0.015936
v -0.114154 -0.028719 0.039720
v -0.153076 0.002972 0.025717
v -0.177028 0.008411 -0.014726
v -0.184929 0.028906 0.014257
v -0.215595 0.053875 0.003224
v -0.215595 0.039813 -0.028602
v -0.218917 0.010351 -0.015581
v -0.219671 0.015596 -0.017899
v -0.185232 -0.011851 -0.005771
v -0.192224 -0.004561 -0.008992
v -0.204059 -0.004090 -0.009203
v -0.184268 -0.017693 -0.003190
v -0.163161 -0.031922 0.003094
v -0.154678 -0.034946 0.004432
v -0.142379 -0.010840 0.045503
v -0.146824 -0.007543 0.044842
v -0.152817 -0.003607 0.049632
v -0.176399 0.020011 0.042219
v -0.174543 0.018081 0.050809
v -0.179970 0.022816 0.038908
v -0.186375 0.027545 0.042173
v -0.211923 0.057674 0.049067
v -0.193114 0.031964 0.052561
v -0.197429 0.034509 0.061533
v -0.210186 0.057019 0.059388
v -0.210537 0.056064 0.071413
v -0.212429 -0.010810 -0.006233
v -0.202633 0.037763 0.078796
v -0.213276 0.055977 0.083894
v -0.205837 0.038873 0.097507
v -0.218911 0.059430 0.101900
v -0.213738 -0.019899 -0.002217
v -0.226216 -0.000796 -0.010657
v -0.237446 -0.002343 -0.009974
v -0.237839 0.077386 0.134174
v -0.244950 0.002072 -0.011925
v -0.229399 0.068163 0.124083
v -0.222746 0.062671 0.111566
v -0.250488 0.050749 0.167825
v -0.250530 0.064626 0.250879
v -0.241507 0.083962 0.134309
v -0.222093 0.015902 0.272408
v -0.255046 0.089144 0.150541
v -0.242279 0.085592 0.126062
v -0.240618 0.085707 0.114169
v -0.273113 0.100707 -0.017468
v -0.268945 0.114016 0.229057
v -0.294570 0.120700 0.226104
v -0.273113 0.086644 -0.049294
v -0.236558 0.081249 0.093021
v -0.228971 0.073156 0.066653
v -0.276031 0.146755 0.014177
v -0.248805 0.140734 -0.073547
v -0.250874 0.186538 -0.047974
v -0.251163 0.189229 -0.039459
v -0.249466 0.150518 -0.076508
v -0.248598 0.187041 -0.057530
v -0.263534 0.204248 -0.070332
v -0.267924 0.201204 -0.059958
v -0.269170 0.202124 -0.050725
v -0.276772 0.179143 -0.080288
v -0.276179 0.198130 -0.030980
v -0.281513 0.212026 0.040461
v -0.258871 0.254583 0.056467
v -0.270338 0.237368 0.054410
v -0.283514 0.171796 -0.064092
v -0.267974 0.207490 -0.039900
v -0.262457 0.217897 -0.033011
v -0.255609 0.226826 -0.032536
v -0.246294 0.201428 -0.027582
v -0.241245 0.210297 -0.026037
v -0.233899 0.216309 -0.028042
v -0.227407 0.220389 -0.032784
v -0.248407 0.233120 -0.036599
v -0.241945 0.236772 -0.043858
v -0.237669 0.247874 -0.024217
v -0.235802 0.274073 0.044126
v -0.238019 0.236954 -0.053960
v -0.222049 0.222311 -0.040616
v -0.245758 0.279631 0.085164
v -0.249579 0.194501 -0.032179
v -0.290589 0.140772 -0.097673
v -0.287007 0.170983 -0.039121
v -0.287696 0.197532 0.051079
v -0.286802 0.148731 -0.104625
v -0.294242 0.129466 -0.091066
v -0.279222 0.238273 0.099416
v -0.243587 0.021462 -0.020494
v -0.234548 0.024799 -0.021967
v -0.217695 0.062378 0.046227
v -0.224021 0.022000 -0.020729
v -0.269678 0.054680 -0.035170
v -0.248019 0.014610 -0.017465
v -0.248463 0.008329 -0.014689
v -0.264153 0.022497 -0.020950
v -0.256943 -0.082668 -0.245527
v -0.271433 -0.103988 -0.236107
v -0.238821 0.003010 0.278104
v -0.184734 -0.030280 0.292814
v -0.180094 -0.055336 0.214057
v -0.196679 -0.039764 0.207499
v -0.186868 -0.057601 0.304885
v -0.206967 -0.036789 0.295683
v -0.137624 -0.073928 0.312102
v -0.130773 -0.094994 0.231858
v -0.098059 -0.116111 0.241233
v -0.151636 -0.088954 0.318738
v -0.102515 -0.123657 0.334069
v -0.089252 -0.108100 0.327199
v -0.076411 -0.138597 0.340674
v -0.039312 -0.134749 0.338977
v 0.004719 -0.172039 0.265945
v 0.021374 -0.156995 0.348803
v -0.045726 -0.145842 0.254341
v -0.037226 -0.157944 0.349221
v -0.005817 -0.181434 0.310800
v -0.049357 -0.182967 0.237730
v -0.081111 -0.151954 0.280455
v 0.014156 -0.176561 0.357450
v -0.035992 -0.173572 0.294230
v -0.020548 -0.202084 0.218957
v -0.009083 -0.225541 0.158984
v -0.043437 -0.213813 0.147736
v 0.016046 -0.222617 0.196527
v 0.019280 -0.192251 0.304728
v 0.044827 -0.195400 0.317049
v 0.053982 -0.223990 0.224368
v 0.009348 -0.245632 0.121082
v 0.031255 -0.242458 0.148962
v 0.068548 -0.241313 0.176706
v 0.008278 -0.260603 0.078964
v 0.053230 -0.262260 0.106166
v 0.032370 -0.264361 0.086780
v 0.024480 -0.288348 0.021863
v 0.061706 -0.285663 0.048347
v 0.069748 -0.262551 0.113362
v 0.002421 -0.344792 -0.129704
v 0.005823 -0.275116 0.040326
v -0.023122 -0.336805 -0.133236
v -0.018864 -0.278284 0.009048
v -0.028741 -0.251961 0.062772
v -0.028615 -0.232155 0.115836
v -0.051242 -0.253989 0.030910
v -0.054427 -0.226336 0.096557
v -0.081236 -0.220836 0.067589
v -0.079840 -0.196790 0.136785
v -0.092563 -0.175548 0.176610
v -0.103339 -0.210345 0.056771
v -0.106106 -0.187020 0.114016
v -0.131997 -0.141689 0.189980
v -0.145686 -0.147116 0.136956
v -0.172421 -0.149556 0.060326
v -0.144730 -0.170236 0.073616
v -0.175057 -0.125797 0.119520
v -0.158306 -0.112528 0.213490
v -0.178756 -0.079007 0.259409
v -0.118860 -0.124895 0.283685
v -0.184417 -0.109311 0.139400
v -0.196478 -0.143225 0.011121
v -0.195448 -0.093670 0.150029
v -0.200452 -0.107931 0.090894
v -0.215635 -0.082297 0.100430
v -0.222050 -0.102776 0.017192
v -0.235305 -0.046398 0.118120
v -0.207893 -0.060311 0.206420
v -0.227691 -0.026452 0.225572
v -0.242422 -0.016030 0.181828
v -0.174817 -0.169753 0.003952
v -0.193830 -0.200385 -0.116088
v -0.174959 -0.217420 -0.105957
v -0.185786 -0.203242 -0.124540
v -0.191274 -0.196431 -0.125405
v -0.187622 -0.208224 -0.117454
v -0.183205 -0.215961 -0.123951
v -0.184044 -0.219956 -0.135581
v -0.182843 -0.209640 -0.129934
v -0.170859 -0.198723 -0.132070
v -0.170289 -0.201857 -0.137434
v -0.141815 -0.250663 -0.171299
v -0.118910 -0.184760 0.033992
v -0.156241 -0.262349 -0.166133
v -0.133741 -0.279316 -0.158636
v -0.096299 -0.282895 -0.157057
v 0.015510 -0.224078 -0.183045
v -0.092687 -0.201161 0.041238
v -0.079208 -0.312866 -0.143812
v -0.105461 -0.298043 -0.150361
v -0.094191 -0.239613 0.002803
v -0.118748 -0.214278 0.017917
v -0.147339 -0.194725 0.006908
v -0.061083 -0.291699 -0.069416
v -0.039912 -0.330907 -0.135826
v -0.056924 -0.168451 0.063193
v 0.067170 -0.219704 -0.184978
v 0.072182 -0.201794 -0.192890
v 0.065008 -0.206387 -0.190862
v 0.063485 -0.214275 -0.187377
v 0.141804 -0.095224 -0.239981
v 0.141674 -0.143146 -0.218805
v 0.124541 -0.145212 -0.217893
v 0.136177 -0.140531 -0.219961
v 0.129285 -0.141569 -0.219502
v 0.135191 -0.122571 -0.175677
v 0.127970 -0.124548 -0.174802
v 0.124392 -0.130618 -0.172122
v 0.143624 -0.128949 -0.172859
v 0.140409 -0.138517 -0.168631
v 0.133185 -0.140494 -0.167757
v 0.122950 -0.151435 -0.215143
v 0.126553 -0.137221 -0.169203
v 0.124816 -0.156839 -0.212755
v 0.130492 -0.160563 -0.211110
v 0.084029 -0.206011 -0.191028
v 0.078353 -0.202286 -0.192675
v 0.079330 -0.184779 -0.148190
v 0.074094 -0.183859 -0.148598
v 0.084453 -0.193625 -0.144281
v 0.068437 -0.185723 -0.147773
v 0.083379 -0.188847 -0.146394
v 0.080875 -0.199693 -0.141601
v 0.064858 -0.191792 -0.145091
v 0.067021 -0.198398 -0.142172
v 0.073653 -0.201669 -0.140727
v 0.072668 -0.222318 -0.183822
v 0.081218 -0.220585 -0.184587
v 0.085923 -0.213830 -0.187573
v 0.136663 -0.161055 -0.210892
v 0.143838 -0.156462 -0.212921
v 0.143342 -0.134444 -0.170431
v 0.145360 -0.148573 -0.216407
v 0.140632 -0.124912 -0.174643
v -0.120157 -0.172220 0.065087
v -0.173670 -0.193386 -0.128448
v -0.128538 -0.145861 0.053440
v -0.118475 -0.144596 0.052880
v -0.112312 -0.083344 0.171748
v -0.124232 -0.084723 0.186666
v -0.134342 -0.081796 0.192535
v -0.138945 -0.078687 0.191959
v -0.162516 -0.055113 0.179364
v -0.136315 -0.141164 0.051365
v -0.141171 -0.075003 0.187090
v -0.139039 -0.136649 0.049370
v -0.140756 -0.071170 0.179394
v -0.155734 -0.055685 0.172954
v -0.137722 -0.067715 0.169770
v -0.139626 -0.130077 0.046466
v -0.163120 -0.117648 0.040974
v -0.153134 -0.116401 0.040423
v -0.136799 -0.124244 0.043889
v -0.146128 -0.110141 0.037657
v -0.131421 -0.120040 0.042030
v -0.131984 -0.064881 0.158987
v -0.140425 -0.050339 0.146433
v -0.145800 -0.053912 0.159176
v -0.122302 -0.063572 0.147054
v -0.139067 -0.047079 0.140146
v -0.114144 -0.065107 0.140901
v -0.121487 -0.118730 0.041452
v -0.144948 -0.101977 0.034050
v -0.113529 -0.123504 0.043561
v -0.108169 -0.067769 0.139184
v -0.127745 -0.087199 0.027519
v -0.109802 -0.104543 0.035184
v -0.104610 -0.112672 0.038775
v -0.100323 -0.059923 0.120167
v -0.091800 -0.067151 0.125272
v -0.096676 -0.063508 0.125695
v -0.093101 -0.115404 0.039982
v -0.110858 -0.127936 0.045520
v -0.104818 -0.071077 0.141570
v -0.103588 -0.074521 0.146937
v -0.110242 -0.134459 0.048402
v -0.104089 -0.076933 0.152028
v -0.107071 -0.080675 0.161754
v -0.084747 -0.071046 0.119606
v -0.057495 -0.085145 0.106250
v -0.073056 -0.073899 0.097909
v -0.077647 -0.073169 0.109244
v -0.070180 -0.071338 0.077933
v -0.070532 -0.073229 0.087121
v 0.000085 -0.132121 0.127824
v 0.022519 -0.151165 0.138969
v 0.005625 -0.147391 0.175183
v 0.015190 -0.147981 0.148100
v 0.009120 -0.146551 0.160827
v 0.005429 -0.150214 0.186670
v 0.005512 -0.192574 0.074080
v 0.005587 -0.199313 0.077056
v -0.033808 -0.220055 0.085999
v 0.011378 -0.206933 0.080424
v 0.008926 -0.154172 0.193593
v 0.029037 -0.155616 0.136071
v 0.033678 -0.159862 0.140450
v 0.062622 -0.182537 0.149300
v 0.034854 -0.162841 0.150623
v 0.069027 -0.188538 0.155280
v 0.069016 -0.190608 0.171656
v 0.069541 -0.221047 0.086661
v 0.067091 -0.231446 0.091255
v 0.116894 -0.249581 0.099269
v 0.065336 -0.190609 0.188352
v 0.079786 -0.212283 0.220300
v 0.100753 -0.219299 0.199249
v 0.059462 -0.189264 0.200378
v 0.052116 -0.186702 0.208109
v 0.077125 -0.168060 0.353693
v 0.026500 -0.181560 0.270151
v 0.084731 -0.190623 0.363663
v 0.044811 -0.184019 0.360744
v 0.073162 -0.205324 0.302958
v 0.096106 -0.202331 0.321314
v 0.091727 -0.223942 0.243093
v 0.079713 -0.230532 0.216965
v -0.072796 -0.068006 0.069688
v -0.085959 -0.090890 0.029150
v -0.078357 -0.063860 0.068516
v -0.085653 -0.059667 0.073956
v -0.094388 -0.087853 0.027807
v -0.105424 -0.042692 0.060275
v -0.104710 -0.044771 0.068978
v -0.115879 -0.068370 0.019201
v -0.108477 -0.039388 0.055513
v -0.114571 -0.035178 0.055387
v -0.115008 -0.074346 0.021841
v -0.117970 -0.081907 0.025181
v -0.106547 -0.045447 0.082060
v -0.114918 -0.044296 0.101928
v -0.093179 -0.057049 0.085216
v -0.097833 -0.056308 0.096565
v -0.105000 -0.091341 0.029348
v -0.100398 -0.056998 0.107212
v -0.109464 -0.098252 0.032404
v -0.124975 -0.039326 0.113039
v -0.139251 -0.084464 0.026311
v -0.129884 -0.036192 0.114223
v -0.139888 -0.042136 0.131368
v -0.148293 -0.094773 0.030867
v -0.156532 -0.090752 0.029090
v -0.164830 -0.091212 0.029292
v -0.178944 -0.078578 0.023711
v -0.181776 -0.084443 0.026301
v -0.165134 -0.034102 0.149339
v -0.173023 -0.098021 0.032301
v -0.187173 -0.088657 0.028164
v -0.196941 -0.089967 0.028743
v -0.177335 -0.040857 0.175020
v -0.174254 -0.106922 0.036235
v -0.173886 -0.036769 0.164637
v -0.178898 -0.021822 0.149894
v -0.184412 -0.024511 0.160257
v -0.194213 -0.025546 0.173370
v -0.177283 -0.045222 0.180444
v -0.203767 -0.023299 0.182572
v -0.174690 -0.049342 0.183149
v -0.209939 -0.020066 0.185881
v -0.213671 -0.016321 0.184756
v -0.169468 -0.053058 0.182476
v -0.170859 -0.113111 0.038970
v -0.176238 -0.017749 0.142111
v -0.179500 -0.072151 0.020872
v -0.104282 -0.149410 0.236545
v -0.220420 0.005210 -0.013311
v -0.175233 0.017879 0.065058
v -0.159285 -0.000366 0.058765
v -0.164342 0.001629 0.069768
v -0.173702 -0.035415 0.004638
v -0.168363 0.002359 0.083195
v -0.169934 0.001632 0.094531
v -0.179845 0.018252 0.081626
v -0.194017 0.243888 -0.118405
v -0.181024 0.253467 -0.106441
v -0.204337 0.228962 -0.139841
v -0.177397 0.238574 -0.144232
v -0.159564 0.241346 -0.144978
v -0.147317 0.257666 -0.110338
v -0.169322 0.259896 -0.097779
v -0.142893 0.282738 -0.047428
v -0.151559 0.296351 -0.010191
v 0.005248 0.311917 0.066644
v 0.039159 0.294839 0.061557
v 0.005052 0.237393 -0.094893
v 0.031350 0.238422 -0.068383
v 0.055629 0.280749 0.048672
v 0.046948 0.209514 -0.112879
v 0.031968 0.135925 -0.282954
v 0.017623 0.188605 -0.186027
v -0.012901 0.187677 -0.212401
v 0.003802 0.146253 -0.286793
v 0.066378 0.222019 -0.063271
v 0.107213 0.249375 0.049915
v 0.083516 0.255867 0.030720
v -0.062503 0.116924 -0.333717
v 0.254925 -0.002523 -0.081982
v 0.279981 0.007304 0.043820
v 0.271433 -0.043893 -0.074623
v 0.246632 -0.264554 -0.080510
v 0.242695 -0.273224 -0.090481
v 0.244946 -0.272881 -0.099807
v 0.236848 -0.274997 -0.100880
v 0.233907 -0.275664 -0.092587
v 0.228333 -0.280717 -0.088451
v 0.224790 -0.264582 -0.103891
v 0.224149 -0.291114 -0.083460
v 0.223121 -0.287327 -0.090559
v 0.230663 -0.284113 -0.080804
v 0.221316 -0.291824 -0.098112
v 0.220745 -0.296440 -0.089618
v 0.220194 -0.299512 -0.097713
v 0.224321 -0.291238 -0.106678
v 0.210497 -0.281904 -0.106462
v 0.229893 -0.286312 -0.110744
v 0.235067 -0.279528 -0.108650
v 0.030524 -0.205333 0.079718
vn 0.5049 0.7862 -0.3563
vn 0.5186 0.7741 -0.3630
vn 0.0001 -0.4040 -0.9147
vn 0.4672 0.8062 -0.3630
vn -0.0000 -0.4041 -0.9147
vn 0.0001 -0.4041 -0.9147
vn 0.4629 0.8068 -0.3672
vn -0.4952 -0.7952 0.3500
vn -0.5388 -0.7531 0.3775
vn -0.3603 -0.8356 0.4147
vn -0.5171 -0.7718 0.3700
vn -0.4688 -0.8157 0.3389
vn 0.8401 -0.5423 -0.0117
vn 0.6702 -0.6835 -0.2890
vn 0.5169 -0.6002 -0.6104
vn -0.5800 -0.7341 0.3531
vn -0.5575 -0.7321 0.3915
vn 0.0934 -0.4448 -0.8908
vn 0.1575 -0.5229 -0.8377
vn -0.4992 -0.7672 0.4026
vn -0.4998 -0.7785 0.3796
vn -0.6125 -0.6955 0.3758
vn -0.6133 -0.7073 0.3517
vn -0.5011 -0.7782 0.3787
vn -0.4986 -0.7946 0.3464
vn -0.6215 -0.7139 0.3227
vn -0.5013 -0.7935 0.3450
vn -0.6212 -0.7037 0.3449
vn -0.8011 0.5874 -0.1149
vn -0.6187 -0.7154 0.3247
vn -0.8385 0.5009 -0.2147
vn -0.8334 0.4789 -0.2759
vn -0.8984 0.4367 -0.0463
vn -0.7290 0.5745 -0.3722
vn -0.7150 0.6141 -0.3341
vn -0.6578 -0.7509 -0.0596
vn -0.9278 0.3126 -0.2038
vn -0.7065 0.6312 -0.3201
vn -0.7036 0.6356 -0.3177
vn -0.6008 -0.7987 -0.0336
vn 0.0005 -0.4036 -0.9149
vn -0.0060 -0.4051 -0.9143
vn -0.0063 -0.4018 -0.9157
vn -0.0058 -0.4035 -0.9149
vn -0.0075 -0.3980 -0.9173
vn -0.0038 -0.4033 -0.9151
vn 0.6649 0.6832 -0.3019
vn -0.0015 -0.4053 -0.9142
vn -0.7877 0.5748 -0.2216
vn -0.0002 -0.4026 -0.9154
vn -0.7464 0.6089 -0.2686
vn -0.7461 0.6093 -0.2683
vn -0.7458 0.6093 -0.2693
vn -0.7536 0.6071 -0.2521
vn -0.7467 0.6096 -0.2661
vn 0.5199 0.7847 0.3375
vn -0.7466 0.6085 -0.2688
vn -0.7466 0.6085 -0.2689
vn 0.5033 0.7824 0.3668
vn 0.4078 0.7382 0.5373
vn 0.7469 -0.6079 0.2694
vn 0.4089 0.7386 0.5359
vn 0.7470 -0.6079 0.2692
vn 0.0058 -0.4076 -0.9132
vn 0.7446 -0.5432 0.3879
vn 0.6649 0.6835 -0.3013
vn 0.7715 -0.5722 0.2782
vn 0.0011 -0.4069 -0.9135
vn -0.0009 -0.4071 -0.9134
vn 0.7163 -0.5240 0.4608
vn 0.7278 -0.5115 0.4568
vn 0.7280 -0.5112 0.4569
vn -0.0005 -0.4060 -0.9139
vn -0.0012 -0.4064 -0.9137
vn -0.0055 -0.4084 -0.9128
vn -0.0057 -0.4085 -0.9128
vn 0.6650 0.6832 -0.3016
vn 0.7460 -0.6068 0.2745
vn 0.7473 -0.6073 0.2698
vn 0.7447 -0.6027 0.2866
vn 0.7474 -0.6073 0.2695
vn 0.7475 -0.6072 0.2692
vn 0.7178 -0.6174 0.3217
vn -0.0001 -0.4042 -0.9147
vn -0.0000 -0.4042 -0.9147
vn -0.2028 -0.8930 0.4018
vn 0.2925 -0.8775 0.3802
vn 0.5475 -0.7616 0.3467
vn 0.5308 0.8316 0.1631
vn 0.5380 0.8379 0.0920
vn 0.6872 -0.6657 0.2909
vn 0.5251 0.8342 0.1688
vn 0.5262 0.8293 0.1880
vn 0.9736 -0.2084 0.0929
vn 0.5449 0.8185 0.1821
vn 0.5537 0.8194 0.1481
vn 0.9775 -0.1919 0.0874
vn 0.8884 0.4191 -0.1874
vn 0.0026 -0.4017 -0.9158
vn 0.8393 0.4992 -0.2153
vn -0.0006 -0.4046 -0.9145
vn 0.0033 -0.4030 -0.9152
vn -0.0000 -0.4044 -0.9146
vn -0.0002 -0.4043 -0.9146
vn 0.2104 0.9227 -0.3230
vn 0.2095 0.9256 -0.3153
vn 0.2148 0.9226 -0.3205
vn 0.2154 0.9063 -0.3636
vn 0.3690 0.8583 -0.3567
vn 0.3681 0.8776 -0.3072
vn 0.2037 0.9078 -0.3667
vn 0.3605 0.8624 -0.3555
vn 0.0202 0.9328 -0.3599
vn 0.0340 0.9310 -0.3634
vn -0.0000 -0.4043 -0.9146
vn -0.1435 -0.9197 0.3656
vn -0.0506 -0.9271 0.3714
vn 0.0001 -0.4044 -0.9146
vn -0.0177 -0.9286 0.3707
vn 0.0297 -0.9315 0.3625
vn -0.0542 -0.9272 0.3706
vn 0.1381 -0.9253 0.3531
vn 0.0989 -0.9277 0.3601
vn 0.1881 -0.9175 0.3505
vn 0.1930 -0.9161 0.3514
vn 0.0990 -0.9324 0.3476
vn 0.2117 -0.9187 0.3335
vn 0.1193 -0.9290 0.3504
vn -0.0280 -0.9322 0.3609
vn -0.0023 -0.9391 0.3435
vn 0.1317 -0.9440 0.3024
vn 0.0843 -0.9439 0.3194
vn 0.0322 -0.9457 0.3234
vn -0.0334 -0.9499 0.3107
vn -0.0295 -0.9542 0.2977
vn 0.0388 -0.9522 0.3031
vn 0.1189 -0.9497 0.2898
vn 0.0450 -0.9620 0.2693
vn 0.1488 -0.9528 0.2647
vn 0.0207 -0.9635 0.2670
vn 0.1736 -0.9399 0.2941
vn 0.1533 -0.9527 0.2626
vn 0.1692 -0.9494 0.2645
vn 0.1891 -0.9486 0.2539
vn 0.1149 -0.9594 0.2575
vn 0.1241 -0.9622 0.2425
vn 0.1201 -0.9630 0.2412
vn 0.2220 -0.9499 0.2199
vn 0.1880 -0.9495 0.2514
vn 0.3466 -0.9143 0.2096
vn 0.4036 -0.8902 0.2115
vn 0.4025 -0.8908 0.2111
vn 0.0004 0.4039 0.9148
vn -0.0000 0.4042 0.9147
vn -0.1805 0.9409 -0.2865
vn -0.4118 0.8753 -0.2533
vn -0.2144 0.9322 -0.2917
vn -0.2216 0.9400 -0.2596
vn -0.1777 0.9411 -0.2877
vn -0.4038 0.8800 -0.2503
vn -0.4148 0.8743 -0.2520
vn -0.5552 0.7904 -0.2589
vn -0.4203 0.8579 -0.2957
vn -0.4105 0.8611 -0.3001
vn -0.7089 0.6657 -0.2328
vn -0.7334 0.6403 -0.2284
vn -0.6441 0.7274 -0.2368
vn -0.6444 0.7425 -0.1827
vn -0.6239 0.7558 -0.1989
vn -0.8309 0.5374 -0.1444
vn -0.8269 0.5530 -0.1026
vn -0.7379 0.6467 -0.1933
vn -0.8274 0.5523 -0.1020
vn -0.8294 0.5453 -0.1211
vn -0.9490 0.3135 -0.0348
vn -0.9465 0.3223 -0.0129
vn -0.9456 0.3251 -0.0129
vn -0.9946 0.0911 0.0492
vn -0.9927 0.0996 0.0688
vn -0.9488 0.3128 -0.0432
vn -0.9928 0.0968 0.0712
vn -0.9862 -0.1122 0.1216
vn -0.9875 -0.1059 0.1171
vn -0.9949 0.0875 0.0499
vn -0.9845 -0.1030 0.1418
vn -0.9431 -0.2804 0.1786
vn -0.9419 -0.2713 0.1982
vn -0.9428 -0.2679 0.1985
vn -0.9852 -0.1002 0.1392
vn -0.9863 -0.1063 0.1260
vn -0.9436 -0.2737 0.1862
vn -0.9473 -0.2618 0.1846
vn -0.9885 -0.0949 0.1180
vn 0.0001 -0.4042 -0.9147
vn -0.9939 0.1024 0.0415
vn 0.9935 -0.1113 -0.0240
vn 0.9985 -0.0209 -0.0512
vn 0.9939 -0.1075 -0.0240
vn 0.9955 0.0456 -0.0827
vn 0.9953 0.0475 -0.0844
vn 0.9936 -0.1113 -0.0190
vn 0.9913 -0.1309 -0.0132
vn 0.9691 -0.2464 0.0132
vn 0.9688 -0.2475 0.0133
vn 0.9847 -0.1730 -0.0222
vn 0.9653 -0.2586 0.0374
vn 0.9415 -0.3327 0.0543
vn 0.9622 -0.2694 0.0404
vn 0.9416 -0.3323 0.0544
vn 0.9330 -0.3512 0.0781
vn 0.9435 -0.3254 0.0635
vn 0.0001 -0.4043 -0.9146
vn 0.9108 -0.4019 0.0941
vn 0.8729 -0.4709 0.1275
vn 0.8496 -0.5098 0.1353
vn 0.8697 -0.4764 0.1293
vn 0.0002 -0.4042 -0.9147
vn 0.7940 -0.5810 0.1790
vn 0.8195 -0.5481 0.1675
vn 0.7713 -0.6107 0.1794
vn -0.7598 0.6321 -0.1522
vn -0.7284 0.6650 -0.1653
vn -0.6407 0.7468 -0.1784
vn -0.8248 0.5557 -0.1046
vn 0.6707 -0.7052 0.2301
vn 0.6833 -0.6963 0.2197
vn 0.6050 -0.7538 0.2564
vn 0.6207 -0.7467 0.2392
vn -0.0004 -0.4046 -0.9145
vn 0.5019 -0.8148 0.2902
vn 0.3889 -0.8683 0.3080
vn 0.4487 -0.8396 0.3063
vn 0.5115 -0.8111 0.2836
vn 0.0003 -0.4042 -0.9147
vn 0.0002 -0.4045 -0.9145
vn 0.2404 -0.9109 0.3352
vn 0.2675 -0.9033 0.3354
vn 0.3347 -0.8833 0.3281
vn 0.3589 -0.8762 0.3216
vn 0.4159 -0.8546 0.3109
vn 0.4216 -0.8646 0.2735
vn 0.3613 -0.8877 0.2854
vn 0.3479 -0.8996 0.2639
vn 0.3940 -0.8810 0.2618
vn 0.4359 -0.8658 0.2458
vn 0.4857 -0.8274 0.2820
vn 0.4369 -0.8655 0.2451
vn 0.3504 -0.8902 0.2912
vn 0.2567 -0.9242 0.2828
vn 0.2474 -0.9161 0.3157
vn 0.2359 -0.9276 0.2898
vn 0.1719 -0.9399 0.2951
vn 0.1860 -0.9353 0.3009
vn 0.1738 -0.9334 0.3139
vn 0.4354 -0.8689 0.2356
vn 0.4515 -0.8605 0.2360
vn 0.4980 -0.8389 0.2196
vn 0.5001 -0.8324 0.2390
vn 0.5578 -0.8038 0.2069
vn 0.5987 -0.7758 0.1996
vn 0.6332 -0.7550 0.1705
vn 0.5998 -0.7723 0.2093
vn 0.6651 -0.7223 0.1897
vn 0.6966 -0.7029 0.1441
vn 0.6660 -0.7214 0.1897
vn 0.6016 -0.7712 0.2083
vn 0.6702 -0.7098 0.2166
vn 0.6179 -0.7459 0.2488
vn 0.6694 -0.7188 0.1877
vn 0.6458 -0.7250 0.2396
vn 0.6867 -0.6930 0.2195
vn 0.7305 -0.6520 0.2032
vn 0.7109 -0.6807 0.1769
vn 0.7114 -0.6803 0.1765
vn 0.8119 -0.5701 0.1258
vn 0.7097 -0.6855 0.1622
vn 0.8130 -0.5665 0.1347
vn 0.8102 -0.5713 0.1308
vn 0.8115 -0.5686 0.1348
vn 0.7789 -0.6168 0.1133
vn 0.8407 -0.5313 0.1042
vn 0.8668 -0.4921 0.0804
vn 0.8553 -0.5120 0.0793
vn 0.9160 -0.3978 0.0519
vn 0.9412 -0.3332 0.0550
vn 0.9367 -0.3490 0.0259
vn 0.9127 -0.4030 0.0679
vn 0.8712 -0.4766 0.1178
vn 0.8668 -0.4837 0.1210
vn 0.8506 -0.5078 0.1364
vn 0.9152 -0.3931 0.0891
vn 0.8449 -0.5222 0.1158
vn 0.9441 -0.3297 0.0002
vn 0.9314 -0.3635 0.0170
vn 0.9567 -0.2907 0.0129
vn 0.9115 -0.4102 0.0306
vn 0.9329 -0.3591 -0.0273
vn 0.9052 -0.4249 0.0075
vn 0.9044 -0.4249 0.0388
vn 0.9063 -0.4225 0.0075
vn 0.0001 0.4040 0.9147
vn 0.8428 -0.5370 0.0373
vn 0.8047 -0.5893 0.0719
vn 0.0001 0.4042 0.9147
vn 0.6541 -0.7425 0.1445
vn 0.6625 -0.7366 0.1363
vn 0.7947 -0.6017 0.0796
vn 0.8160 -0.5727 0.0783
vn 0.6063 -0.7825 0.1416
vn 0.5390 -0.8240 0.1746
vn -0.0002 0.4037 0.9149
vn -0.0000 0.4041 0.9147
vn 0.6076 -0.7753 0.1726
vn 0.5591 -0.8088 0.1824
vn 0.5651 -0.8052 0.1800
vn 0.8180 -0.5686 0.0875
vn 0.7813 -0.6144 0.1104
vn 0.8345 -0.5441 0.0869
vn 0.7764 -0.6200 0.1132
vn 0.6881 -0.7107 0.1464
vn 0.6931 -0.7064 0.1436
vn 0.6269 -0.7618 0.1634
vn 0.8628 -0.5007 0.0701
vn -0.6184 0.7602 -0.1990
vn -0.8175 0.5605 -0.1325
vn 0.9484 -0.3160 -0.0279
vn -0.9470 0.3192 -0.0354
vn -0.9946 0.0938 0.0455
vn 0.0007 0.4049 0.9144
vn 0.9891 -0.0660 -0.1315
vn 0.9844 -0.1369 -0.1108
vn 0.9843 -0.1561 -0.0822
vn 0.9922 -0.0828 -0.0932
vn 0.9936 -0.0563 -0.0984
vn 0.9887 -0.0574 -0.1386
vn 0.9913 -0.1073 -0.0766
vn 0.9769 0.0757 -0.1997
vn 0.9830 0.0755 -0.1671
vn 0.9828 0.1043 -0.1525
vn 0.9837 0.0946 -0.1528
vn 0.9826 0.0654 -0.1737
vn 0.9894 0.0382 -0.1399
vn 0.9931 0.0156 -0.1163
vn 0.9862 0.0916 -0.1382
vn 0.9819 0.1252 -0.1419
vn 0.9777 0.1448 -0.1521
vn 0.9858 0.0806 -0.1475
vn 0.9587 0.2347 -0.1606
vn 0.9794 0.1524 -0.1321
vn 0.9617 0.2129 -0.1729
vn 0.9784 0.1561 -0.1354
vn 0.9591 0.2208 -0.1771
vn 0.9617 0.2312 -0.1470
vn 0.9871 0.1123 -0.1142
vn 0.9891 0.1010 -0.1075
vn 0.9889 0.0858 -0.1217
vn 0.9932 0.0676 -0.0948
vn 0.9940 0.0391 -0.1020
vn 0.9976 -0.0452 -0.0532
vn 0.9976 -0.0413 -0.0554
vn 0.9955 0.0374 -0.0866
vn 0.9943 -0.0769 -0.0734
vn 0.9956 -0.0537 -0.0771
vn 0.9909 0.0626 -0.1191
vn 0.9919 -0.1185 -0.0455
vn 0.9851 -0.1614 -0.0586
vn 0.9955 -0.0610 -0.0723
vn 0.9635 -0.2679 0.0006
vn 0.9654 -0.2596 -0.0258
vn 0.9893 -0.1400 -0.0421
vn 0.9862 -0.1510 -0.0679
vn 0.9901 -0.1375 -0.0274
vn 0.0008 -0.4034 -0.9150
vn 0.9820 0.1557 -0.1072
vn 0.9542 0.2543 -0.1574
vn 0.0009 -0.4043 -0.9146
vn 0.9514 0.2658 -0.1552
vn 0.9519 0.2644 -0.1548
vn 0.9006 0.3810 -0.2091
vn 0.9049 0.3747 -0.2019
vn 0.8689 0.4464 -0.2140
vn 0.8688 0.4465 -0.2142
vn 0.8086 0.5236 -0.2685
vn 0.8594 0.4525 -0.2379
vn 0.8123 0.5194 -0.2651
vn 0.8781 0.4196 -0.2300
vn 0.8284 0.5107 -0.2301
vn 0.7820 0.5566 -0.2803
vn 0.7787 0.5601 -0.2826
vn 0.7730 0.5784 -0.2606
vn 0.8114 0.5261 -0.2545
vn 0.7265 0.6178 -0.3007
vn 0.7122 0.6395 -0.2895
vn 0.6340 0.7043 -0.3195
vn 0.6161 0.7080 -0.3451
vn 0.5940 0.7225 -0.3537
vn 0.5993 0.7244 -0.3407
vn 0.6007 0.7242 -0.3387
vn 0.5969 0.7316 -0.3293
vn 0.6429 0.6906 -0.3314
vn 0.5940 0.7262 -0.3462
vn 0.6295 0.7023 -0.3324
vn 0.5806 0.7365 -0.3471
vn 0.5910 0.7275 -0.3485
vn 0.6329 0.6947 -0.3419
vn 0.5925 0.7271 -0.3468
vn 0.5403 0.7598 -0.3615
vn 0.5169 0.7745 -0.3646
vn 0.5267 0.7654 -0.3699
vn 0.5759 0.7365 -0.3548
vn 0.6081 0.7117 -0.3517
vn 0.5330 0.7639 -0.3637
vn 0.4833 0.7993 -0.3572
vn 0.4653 0.8130 -0.3500
vn 0.6965 0.1260 -0.7064
vn 0.9192 0.1659 -0.3571
vn 0.4880 0.7867 -0.3781
vn 0.8574 0.2327 -0.4590
vn 0.9288 0.3693 -0.0297
vn 0.4991 0.7856 -0.3657
vn 0.7942 0.5341 0.2898
vn 0.5034 0.7790 -0.3737
vn 0.9203 0.3905 -0.0238
vn 0.7806 -0.4410 0.4430
vn 0.7414 0.6171 0.2639
vn 0.4790 -0.0003 0.8778
vn 0.7378 -0.1777 0.6512
vn 0.4870 0.8087 0.3298
vn 0.0757 0.3383 0.9380
vn 0.2116 0.3025 0.9294
vn -0.5630 -0.7635 0.3164
vn -0.5481 -0.7724 0.3209
vn -0.3896 0.6074 0.6923
vn -0.6987 0.6642 0.2657
vn -0.5074 0.5967 0.6217
vn -0.6203 -0.6963 0.3610
vn -0.6462 -0.6999 0.3043
vn -0.7943 0.4722 -0.3823
vn -0.8516 0.5215 -0.0541
vn -0.6571 -0.6962 0.2891
vn -0.4706 -0.0056 -0.8823
vn -0.7356 0.2018 -0.6467
vn -0.5403 -0.7588 0.3637
vn -0.6098 -0.7005 0.3708
vn -0.4114 -0.1187 -0.9037
vn 0.0924 0.4469 -0.8898
vn -0.0392 0.7273 -0.6852
vn -0.0764 0.9470 -0.3121
vn -0.1981 0.7830 -0.5896
vn 0.1376 0.9837 0.1160
vn 0.0122 0.9946 0.1034
vn -0.1338 0.9697 -0.2045
vn 0.3722 0.8313 0.4127
vn 0.5793 0.7365 -0.3492
vn 0.6343 0.6897 -0.3493
vn 0.6341 0.6899 -0.3492
vn 0.6236 0.7070 -0.3335
vn 0.6881 0.6501 -0.3224
vn 0.6829 0.6516 -0.3304
vn 0.6459 0.6858 -0.3354
vn 0.6940 0.6385 -0.3326
vn 0.6959 0.6394 -0.3270
vn 0.7423 0.5967 -0.3050
vn 0.7238 0.6050 -0.3317
vn 0.6907 0.6401 -0.3365
vn 0.7402 0.6038 -0.2957
vn 0.7080 0.6339 -0.3113
vn 0.7205 0.6198 -0.3110
vn 0.7372 0.6028 -0.3053
vn 0.6944 0.6494 -0.3100
vn 0.6847 0.6534 -0.3228
vn 0.7116 0.6315 -0.3079
vn 0.7090 0.6084 -0.3566
vn 0.7012 0.6125 -0.3649
vn 0.7270 0.5948 -0.3432
vn 0.7294 0.5794 -0.3636
vn 0.7470 0.5855 -0.3148
vn 0.7999 0.5209 -0.2979
vn 0.7914 0.5275 -0.3090
vn 0.7920 0.5269 -0.3083
vn 0.8216 0.4916 -0.2886
vn 0.8218 0.4913 -0.2886
vn 0.8276 0.4931 -0.2682
vn 0.7939 0.5386 -0.2822
vn 0.8140 0.5104 -0.2771
vn 0.8582 0.4458 -0.2546
vn 0.8566 0.4413 -0.2675
vn 0.8587 0.4374 -0.2671
vn 0.8709 0.4053 -0.2778
vn 0.8598 0.4187 -0.2921
vn 0.8775 0.3914 -0.2771
vn 0.8837 0.3940 -0.2525
vn 0.9219 0.3176 -0.2219
vn 0.9014 0.3608 -0.2396
vn 0.9188 0.3084 -0.2462
vn 0.8885 0.3778 -0.2604
vn 0.8753 0.4145 -0.2492
vn 0.8936 0.3392 -0.2941
vn 0.9156 0.2734 -0.2950
vn 0.9421 0.2579 -0.2144
vn 0.8933 0.3393 -0.2947
vn 0.9449 0.2306 -0.2325
vn -0.9452 -0.2735 0.1785
vn -0.8815 -0.4149 0.2254
vn -0.8026 -0.5202 0.2920
vn -0.7941 -0.5383 0.2823
vn -0.8359 -0.4749 0.2750
vn 0.8189 -0.5006 0.2806
vn 0.7699 -0.5157 0.3758
vn 0.8131 -0.4847 0.3224
vn 0.8087 -0.5017 0.3069
vn -0.8362 -0.4775 0.2696
vn -0.8898 -0.4235 0.1698
vn -0.8886 -0.3944 0.2341
vn 0.8028 -0.4376 0.4050
vn 0.7768 -0.4577 0.4326
vn -0.6664 -0.6703 0.3264
vn -0.3730 -0.0465 0.9267
vn -0.6660 -0.6704 0.3272
vn -0.0004 0.4045 0.9146
vn -0.0001 0.4040 0.9148
vn 0.7642 -0.5707 0.3005
vn 0.7897 -0.5599 0.2509
vn 0.7353 -0.5295 0.4230
vn 0.7333 -0.5251 0.4320
vn 0.7765 -0.5616 0.2858
vn 0.7651 -0.5568 0.3235
vn -0.2881 -0.6590 -0.6948
vn -0.5246 -0.7879 -0.3225
vn -0.5376 -0.7890 -0.2974
vn -0.7310 0.6245 -0.2750
vn -0.7359 0.6242 -0.2623
vn -0.6596 -0.7254 0.1968
vn -0.3141 -0.6732 -0.6694
vn -0.7385 0.6253 -0.2522
vn -0.0453 -0.4593 -0.8871
vn -0.7436 0.6300 -0.2240
vn 0.1250 -0.2590 -0.9578
vn 0.2686 -0.1016 -0.9579
vn -0.7464 0.6090 -0.2681
vn -0.7455 0.6327 -0.2093
vn 0.7468 -0.6037 0.2790
vn 0.7467 -0.6085 0.2685
vn 0.4015 0.0965 -0.9108
vn 0.6058 0.4739 -0.6390
vn 0.5064 0.2498 -0.8254
vn 0.7466 -0.6100 0.2655
vn 0.7466 -0.6085 0.2689
vn 0.6362 0.5331 -0.5577
vn 0.6634 0.7279 -0.1735
vn 0.6384 0.7678 -0.0537
vn 0.7466 -0.6086 0.2688
vn -0.6586 -0.7183 0.2243
vn -0.5900 -0.7889 -0.1716
vn -0.4486 -0.7656 -0.4612
vn -0.7465 0.6077 -0.2710
vn -0.7466 0.6085 -0.2690
vn -0.6593 -0.7296 0.1817
vn -0.6310 -0.5292 0.5673
vn -0.5961 -0.4166 0.6864
vn -0.4257 -0.1203 0.8968
vn -0.4949 -0.2470 0.8331
vn 0.7466 -0.6085 0.2688
vn -0.3909 -0.7251 -0.5670
vn -0.0714 -0.4847 -0.8718
vn -0.7378 0.6476 -0.1903
vn -0.7453 0.6308 -0.2157
vn 0.3985 0.0690 -0.9146
vn -0.7559 0.6064 -0.2469
vn 0.0023 -0.3940 -0.9191
vn 0.3279 -0.0135 -0.9446
vn 0.5958 0.4548 -0.6620
vn 0.7193 -0.6058 0.3401
vn 0.7062 -0.6363 0.3105
vn 0.7345 -0.5375 0.4142
vn -0.7609 0.5965 -0.2554
vn 0.6290 0.5133 -0.5839
vn -0.7675 0.5849 -0.2624
vn 0.6627 0.7301 -0.1665
vn -0.6709 -0.6844 0.2856
vn -0.5678 -0.3930 0.7233
vn -0.5308 -0.2942 0.7948
vn 0.7398 -0.6134 0.2763
vn -0.4102 -0.1062 0.9058
vn 0.7418 -0.6096 0.2794
vn -0.4050 -0.0959 0.9093
vn 0.0010 0.4040 0.9148
vn -0.7143 -0.6099 0.3432
vn 0.0006 0.4051 0.9143
vn 0.8030 0.4951 -0.3319
vn 0.7901 0.5072 -0.3443
vn 0.7398 0.5722 -0.3539
vn -0.7679 -0.5852 0.2605
vn -0.6390 -0.7150 0.2836
vn 0.5889 0.7016 -0.4012
vn 0.5775 0.7132 -0.3973
vn 0.6227 0.6809 -0.3854
vn -0.0003 0.4052 0.9142
vn 0.5082 0.7520 -0.4198
vn 0.4911 0.7675 -0.4121
vn 0.0010 0.4049 0.9144
vn 0.3957 0.7982 -0.4541
vn 0.4440 0.7792 -0.4424
vn 0.3569 0.8304 -0.4278
vn -0.0001 0.4041 0.9147
vn 0.3080 0.8242 -0.4751
vn 0.2707 0.8355 -0.4782
vn 0.2060 0.8776 -0.4328
vn 0.0001 0.4041 0.9147
vn -0.2120 -0.9038 0.3718
vn -0.3665 -0.8573 0.3615
vn -0.2285 -0.8727 0.4315
vn -0.2090 -0.8811 0.4242
vn -0.3579 -0.8367 0.4145
vn -0.3768 -0.8346 0.4019
vn -0.2210 -0.9028 0.3689
vn -0.3690 -0.8561 0.3620
vn -0.0376 -0.9279 0.3710
vn -0.1806 -0.8862 0.4267
vn -0.0374 -0.9535 0.2989
vn 0.1231 -0.9300 0.3464
vn 0.1816 -0.9165 0.3564
vn -0.0299 -0.9291 0.3687
vn 0.1270 -0.9638 0.2346
vn 0.4140 -0.8573 0.3061
vn 0.7469 -0.6031 0.2802
vn 0.7637 -0.5846 0.2739
vn 0.6883 -0.6562 0.3092
vn 0.6913 -0.6544 0.3064
vn 0.2868 -0.8822 0.3735
vn -0.2996 -0.8711 0.3891
vn -0.1023 -0.9146 0.3913
vn -0.1015 -0.9531 0.2850
vn 0.0916 -0.9138 0.3958
vn 0.6089 -0.7448 0.2731
vn -0.6565 -0.7280 0.1976
vn -0.6427 -0.5247 0.5582
vn -0.6411 -0.5628 0.5218
vn 0.2928 -0.8531 0.4319
vn -0.4895 -0.1789 0.8535
vn 0.6093 -0.7180 0.3365
vn -0.5222 -0.3472 0.7790
vn -0.1778 -0.9688 0.1726
vn -0.1378 -0.9154 0.3782
vn -0.1210 -0.9888 -0.0875
vn -0.1379 -0.9154 0.3782
vn -0.1828 -0.9081 0.3768
vn 0.2516 -0.8992 0.3580
vn 0.2515 -0.8992 0.3581
vn 0.6023 -0.7462 0.2834
vn -0.0001 -0.4041 -0.9147
vn 0.8615 -0.4799 0.1658
vn 0.5587 -0.8281 -0.0448
vn 0.6607 -0.7428 -0.1080
vn 0.8112 -0.5728 -0.1174
vn 0.6079 -0.7937 0.0227
vn 0.9111 -0.4045 -0.0796
vn 0.9898 -0.1405 0.0228
vn 0.9372 -0.3304 0.1119
vn 0.8090 -0.5745 0.1242
vn 0.9844 -0.0901 -0.1510
vn 0.9997 -0.0220 0.0038
vn 0.9678 0.2288 -0.1048
vn 0.9907 0.1262 -0.0512
vn 0.7968 0.5716 -0.1961
vn -0.1737 -0.9108 0.3745
vn -0.7749 -0.5921 0.2213
vn -0.8190 -0.5347 0.2083
vn -0.1017 -0.9242 0.3681
vn -0.0001 -0.4043 -0.9146
vn 0.5733 -0.7594 0.3076
vn 0.6310 -0.7237 0.2795
vn 0.0002 -0.4039 -0.9148
vn -0.9982 0.0282 -0.0525
vn -0.9846 0.1504 -0.0894
vn -0.8344 0.4853 -0.2612
vn 0.0003 -0.4040 -0.9147
vn -0.6430 0.6912 -0.3298
vn -0.2866 0.8584 -0.4254
vn -0.1623 0.8913 -0.4233
vn 0.5373 0.7608 -0.3641
vn 0.4743 0.7896 -0.3892
vn 0.9402 0.2951 -0.1704
vn 0.9531 0.2625 -0.1508
vn 0.9815 -0.1854 0.0471
vn 0.9734 -0.2191 0.0673
vn -0.8632 0.4963 -0.0923
vn -0.7953 0.5891 -0.1432
vn -0.7448 0.6395 -0.1905
vn -0.8102 0.5695 -0.1383
vn -0.7369 0.6466 -0.1972
vn -0.7435 0.6250 -0.2381
vn -0.7328 0.6369 -0.2396
vn -0.6690 0.6951 -0.2631
vn -0.6644 0.7144 -0.2198
vn -0.5800 0.7563 -0.3026
vn -0.6471 0.7161 -0.2616
vn -0.5791 0.7912 -0.1963
vn -0.7473 0.6392 -0.1814
vn -0.5860 0.7776 -0.2279
vn -0.7438 0.6465 -0.1700
vn -0.7431 0.6472 -0.1702
vn -0.5791 0.7910 -0.1973
vn -0.7431 0.6515 -0.1528
vn 0.5274 -0.7876 0.3185
vn -0.1018 -0.9242 0.3681
vn -0.1738 -0.9108 0.3745
vn 0.5608 -0.7696 0.3053
vn 0.8868 -0.4346 0.1573
vn 0.0002 -0.4044 -0.9146
vn 0.9043 -0.4038 0.1384
vn 0.9574 0.2472 -0.1495
vn 0.9760 0.1874 -0.1108
vn 0.0002 -0.4040 -0.9147
vn 0.0002 -0.4043 -0.9146
vn -0.6308 0.6889 -0.3572
vn -0.2162 0.8866 -0.4089
vn 0.0469 0.8955 -0.4427
vn -0.0000 -0.4040 -0.9148
vn 0.5500 0.7542 -0.3586
vn 0.5373 0.7607 -0.3641
vn -0.8123 0.5244 -0.2552
vn -0.0000 -0.4040 -0.9147
vn -0.9955 0.0634 -0.0709
vn -0.9941 0.0782 -0.0748
vn -0.7748 -0.5922 0.2213
vn 0.3716 0.8869 -0.2743
vn 0.4643 0.8350 -0.2953
vn 0.0733 0.9587 -0.2747
vn 0.0798 0.8954 -0.4381
vn 0.1606 0.9002 -0.4047
vn 0.0137 0.9122 -0.4094
vn 0.0840 0.9108 -0.4042
vn 0.0919 0.9087 -0.4071
vn 0.1374 0.9036 -0.4058
vn 0.1539 0.8947 -0.4193
vn 0.2087 0.8830 -0.4203
vn 0.2104 0.8852 -0.4150
vn 0.1355 0.8945 -0.4261
vn 0.1688 0.8960 -0.4107
vn 0.1910 0.8861 -0.4223
vn 0.2455 0.8821 -0.4019
vn 0.2429 0.8817 -0.4045
vn 0.1613 0.9017 -0.4012
vn 0.1548 0.9022 -0.4026
vn 0.2160 0.8905 -0.4005
vn 0.1748 0.8954 -0.4095
vn 0.0580 0.9043 -0.4229
vn 0.1078 0.9108 -0.3985
vn 0.0965 0.9140 -0.3941
vn 0.0205 0.9100 -0.4140
vn 0.0487 0.9203 -0.3881
vn 0.0300 0.9029 -0.4288
vn -0.0762 0.8887 -0.4521
vn 0.0554 0.9202 -0.3875
vn -0.0080 0.9252 -0.3794
vn 0.0142 0.9135 -0.4066
vn -0.1591 0.9154 -0.3698
vn -0.1135 0.9036 -0.4131
vn -0.1374 0.8880 -0.4388
vn -0.2403 0.8912 -0.3848
vn -0.2253 0.8921 -0.3917
vn -0.4205 0.8326 -0.3604
vn -0.4355 0.8286 -0.3519
vn -0.2290 0.8957 -0.3811
vn -0.2190 0.8951 -0.3883
vn -0.2388 0.9078 -0.3449
vn -0.3795 0.8667 -0.3236
vn -0.3519 0.8721 -0.3400
vn -0.4822 0.8162 -0.3184
vn -0.4862 0.8240 -0.2908
vn -0.3928 0.8606 -0.3243
vn -0.4728 0.8233 -0.3141
vn -0.4631 0.8256 -0.3225
vn -0.4739 0.8190 -0.3236
vn -0.5554 0.7607 -0.3359
vn -0.5899 0.7547 -0.2871
vn -0.5192 0.7851 -0.3377
vn -0.4602 0.8090 -0.3658
vn 0.0002 0.4055 0.9141
vn -0.6206 0.7220 -0.3059
vn -0.0015 0.4037 0.9149
vn -0.6777 0.6692 -0.3047
vn -0.7004 0.6582 -0.2759
vn -0.7559 0.5877 -0.2887
vn -0.8555 0.4727 -0.2112
vn -0.8478 0.4766 -0.2325
vn -0.9228 0.3404 -0.1803
vn -0.9336 0.3213 -0.1588
vn -0.9645 0.2364 -0.1172
vn -0.9538 0.2630 -0.1453
vn -0.9671 0.2255 -0.1179
vn -0.9971 0.0538 -0.0532
vn -0.9949 0.0703 -0.0719
vn -0.0004 0.4038 0.9149
vn -0.9989 -0.0235 -0.0398
vn -0.9970 0.0268 -0.0726
vn -0.9992 0.0134 -0.0376
vn -0.9974 -0.0722 -0.0031
vn -0.9963 -0.0792 -0.0333
vn -0.9987 0.0292 -0.0407
vn -0.9997 -0.0037 -0.0255
vn -0.9997 0.0023 -0.0234
vn -0.9999 -0.0070 -0.0137
vn -0.9992 0.0273 -0.0289
vn -0.9978 0.0583 -0.0305
vn -0.9951 0.0860 -0.0494
vn -0.9857 0.1572 -0.0614
vn -0.9810 0.1912 -0.0335
vn -0.9997 -0.0055 0.0249
vn -0.9820 0.1742 -0.0725
vn -0.9924 0.1212 -0.0230
vn -0.9998 0.0072 0.0183
vn -0.9925 -0.1109 0.0519
vn -0.9919 0.0527 0.1156
vn -0.9957 -0.0819 0.0437
vn -0.9954 -0.0893 0.0340
vn -0.9904 -0.1315 0.0437
vn -0.9963 -0.0845 0.0156
vn -0.8743 -0.4042 0.2686
vn -0.0002 -0.4042 -0.9147
vn -0.9883 -0.1462 0.0441
vn -0.9929 -0.1139 0.0356
vn -0.9891 -0.1408 0.0442
vn -0.9865 -0.1545 0.0547
vn -0.9941 -0.1081 0.0113
vn -0.9862 -0.1633 0.0282
vn -0.9876 -0.1544 0.0274
vn -0.9804 -0.1858 0.0662
vn -0.9646 -0.2465 0.0941
vn -0.9595 -0.2708 0.0772
vn -0.9800 -0.1931 0.0474
vn -0.9606 -0.2676 0.0753
vn -0.9824 -0.1813 0.0461
vn -0.9822 -0.1849 0.0327
vn -0.9831 -0.1803 0.0302
vn -0.9606 -0.2704 0.0638
vn -0.9620 -0.2657 0.0629
vn -0.9484 -0.3046 0.0884
vn -0.9384 -0.3291 0.1053
vn -0.9440 -0.3195 0.0825
vn -0.9451 -0.3162 0.0821
vn -0.9259 -0.3659 0.0942
vn -0.8965 -0.4369 0.0737
vn -0.9358 -0.3480 0.0575
vn -0.8915 -0.4363 0.1221
vn -0.8945 -0.4311 0.1180
vn -0.9196 -0.3804 0.0981
vn -0.9016 -0.4147 0.1231
vn -0.8926 -0.4267 0.1454
vn -0.9359 -0.3354 0.1081
vn -0.9026 -0.4093 0.1334
vn -0.9243 -0.3639 0.1150
vn -0.8881 -0.4304 0.1612
vn -0.8681 -0.4585 0.1900
vn -0.8746 -0.4604 0.1516
vn -0.8798 -0.4494 0.1549
vn -0.9022 -0.4020 0.1564
vn -0.8901 -0.4169 0.1840
vn -0.9295 -0.3450 0.1304
vn -0.9330 -0.3384 0.1220
vn -0.9381 -0.3172 0.1389
vn -0.9258 -0.3481 0.1473
vn -0.9248 -0.3517 0.1452
vn -0.8857 -0.4274 0.1812
vn -0.8831 -0.4308 0.1861
vn -0.8760 -0.4423 0.1924
vn -0.8334 -0.5096 0.2138
vn -0.8483 -0.4861 0.2099
vn -0.8343 -0.5079 0.2143
vn -0.7936 -0.5604 0.2370
vn -0.8028 -0.5564 0.2144
vn -0.7961 -0.5481 0.2566
vn -0.8228 -0.5213 0.2264
vn -0.7917 -0.5633 0.2366
vn -0.7913 -0.5622 0.2404
vn -0.3507 -0.4983 0.7929
vn -0.3460 -0.4123 0.8428
vn -0.1490 -0.6922 0.7062
vn -0.7701 -0.5947 0.2310
vn -0.6280 -0.0558 0.7762
vn -0.7458 -0.6149 0.2562
vn -0.7681 -0.5977 0.2295
vn -0.6202 -0.1135 0.7762
vn -0.3519 0.7691 0.5336
vn -0.8370 0.0258 0.5467
vn -0.1720 0.5376 0.8255
vn -0.0526 0.4845 0.8732
vn 0.7838 0.5390 -0.3085
vn 0.7491 0.5785 -0.3228
vn 0.2890 0.0070 0.9573
vn 0.8051 0.5188 -0.2876
vn 0.7764 0.5780 -0.2512
vn 0.5152 -0.4221 0.7459
vn 0.3943 -0.0683 0.9164
vn 0.6352 -0.5696 0.5216
vn 0.5947 -0.7851 0.1730
vn 0.7797 0.5722 -0.2543
vn 0.3540 -0.7537 -0.5537
vn 0.7747 0.5835 -0.2437
vn 0.6155 -0.7873 0.0363
vn 0.7705 0.5874 -0.2474
vn 0.8354 0.5198 -0.1787
vn -0.0011 -0.4048 -0.9144
vn 0.8766 0.4450 -0.1829
vn 0.0016 -0.4026 -0.9154
vn 0.9960 0.0897 0.0049
vn 0.9699 -0.2107 0.1222
vn 0.8808 -0.4216 0.2155
vn 0.7405 0.6345 0.2217
vn 0.8312 0.3341 0.4443
vn 0.9399 0.1775 0.2916
vn 0.7970 -0.5456 0.2591
vn 0.8047 0.3679 0.4659
vn 0.4353 0.7595 0.4834
vn 0.7589 0.5512 -0.3468
vn 0.5303 0.7307 -0.4299
vn 0.6050 0.4695 0.6430
vn 0.7742 0.3974 0.4927
vn 0.6399 0.4545 0.6197
vn 0.2624 -0.8696 0.4183
vn 0.5833 -0.7364 0.3427
vn 0.3913 -0.8284 0.4007
vn -0.1768 -0.8735 0.4537
vn -0.5079 0.7770 -0.3719
vn 0.2456 0.8502 -0.4657
vn 0.1828 0.8620 -0.4728
vn -0.0512 0.8791 -0.4740
vn -0.2481 0.8582 -0.4495
vn 0.7603 0.6464 -0.0644
vn 0.5559 0.5820 0.5936
vn 0.7551 0.6348 0.1637
vn 0.8375 0.4573 0.2991
vn -0.6109 -0.6915 0.3856
vn -0.7413 -0.5847 0.3297
vn 0.3442 0.8101 0.4747
vn -0.2393 -0.8614 0.4480
vn 0.5219 0.5333 0.6658
vn 0.5341 0.6632 0.5244
vn 0.6502 0.7108 0.2683
vn -0.9542 -0.2470 0.1690
vn 0.5434 0.6508 0.5303
vn 0.6147 0.6273 0.4782
vn 0.5563 0.6391 0.5311
vn 0.2507 0.8438 -0.4745
vn 0.4002 0.7876 -0.4686
vn 0.6565 0.7059 0.2661
vn 0.6620 0.7140 0.2281
vn -0.1197 0.8706 -0.4773
vn -0.5088 0.7798 -0.3647
vn -0.6136 0.7171 -0.3305
vn 0.6675 0.7246 0.1717
vn 0.6707 0.7108 0.2119
vn 0.6731 0.7116 0.2013
vn 0.9830 -0.1832 -0.0103
vn 0.9650 -0.2594 0.0398
vn 0.8459 -0.5053 0.1708
vn -0.0002 -0.4044 -0.9146
vn 0.6372 -0.7031 0.3157
vn 0.6467 -0.6972 0.3094
vn 0.3729 -0.8299 0.4150
vn 0.6550 0.7310 0.1915
vn 0.6424 0.7495 0.1598
vn 0.6560 0.7413 0.1417
vn -0.8596 0.4867 -0.1556
vn 0.6522 0.7520 0.0954
vn -0.9735 0.2044 0.1026
vn -0.9734 -0.0568 0.2219
vn -0.9361 0.3505 -0.0272
vn 0.0003 -0.4044 -0.9146
vn -0.0004 -0.4041 -0.9147
vn 0.0002 -0.4045 -0.9146
vn 0.0008 -0.4038 -0.9148
vn -0.7663 -0.4270 0.4801
vn -0.3540 -0.7407 0.5710
vn -0.5521 -0.6363 0.5388
vn 0.5509 0.7941 0.2565
vn 0.6613 0.7273 0.1837
vn 0.6537 0.7229 0.2237
vn -0.1210 -0.8358 0.5355
vn 0.6168 0.7847 0.0615
vn 0.5624 0.8219 0.0899
vn 0.7066 0.7076 0.0063
vn -0.9784 -0.0352 0.2035
vn -0.7713 -0.4471 0.4529
vn -0.7326 -0.4972 0.4649
vn 0.6153 0.7852 0.0702
vn -0.3116 -0.7884 0.5304
vn 0.7687 0.6356 0.0708
vn 0.7665 0.5940 0.2445
vn -0.0431 -0.8440 0.5345
vn 0.1656 -0.8642 0.4751
vn 0.7766 0.5959 0.2045
vn 0.3773 -0.8274 0.4161
vn 0.8689 0.4814 -0.1157
vn 0.8655 0.4967 0.0648
vn 0.8749 0.4501 0.1789
vn 0.6597 -0.6840 0.3114
vn 0.6400 -0.6966 0.3242
vn 0.8697 0.4539 0.1940
vn 0.8714 0.4753 0.1210
vn 0.8591 -0.4808 0.1757
vn 0.8476 0.5030 0.1688
vn 0.8420 0.5392 -0.0175
vn 0.9900 -0.1407 0.0045
vn 0.9956 0.0206 -0.0910
vn 0.8613 0.4254 -0.2780
vn 0.3543 0.8187 -0.4519
vn 0.5395 0.7374 -0.4064
vn -0.1486 0.8789 -0.4533
vn 0.8390 0.2265 0.4947
vn 0.7932 0.5865 0.1642
vn -0.1268 0.8818 -0.4543
vn 0.7369 0.4260 0.5249
vn 0.9938 0.1099 -0.0179
vn 0.8758 0.4762 -0.0791
vn 0.7179 0.3887 0.5775
vn 0.7735 0.3342 0.5385
vn 0.9151 0.3848 -0.1203
vn 0.7021 0.5382 0.4662
vn 0.9288 0.3675 0.0480
vn 0.4828 0.8666 0.1261
vn 0.3750 0.9250 0.0613
vn 0.3080 0.9508 0.0323
vn 0.8038 0.5932 -0.0456
vn 0.9888 0.1469 -0.0246
vn -0.0004 0.4043 0.9146
vn -0.9572 -0.2842 0.0546
vn -0.9621 -0.2697 0.0398
vn -0.9841 -0.1778 -0.0021
vn -0.9890 -0.1477 0.0048
vn 0.6485 0.7555 -0.0929
vn 0.9951 0.0906 -0.0400
vn 0.5939 0.8026 -0.0552
vn 0.6142 0.7865 -0.0647
vn 0.9979 0.0647 -0.0021
vn 0.9975 -0.0700 0.0087
vn 0.7563 -0.5934 0.2754
vn 0.9978 0.0641 -0.0149
vn 0.7769 -0.5640 0.2798
vn 0.9507 -0.2972 0.0885
vn 0.9744 0.1591 -0.1589
vn 0.8329 -0.4931 0.2511
vn 0.7468 -0.6024 0.2819
vn 0.9790 -0.1814 0.0931
vn 0.9979 0.0595 -0.0259
vn 0.9992 0.0319 0.0238
vn 0.9975 0.0700 0.0088
vn 0.9650 -0.1386 0.2226
vn 0.9118 0.3932 -0.1185
vn 0.9991 0.0425 0.0014
vn 0.9976 0.0117 -0.0681
vn 0.8831 -0.3917 0.2583
vn 0.4329 0.7490 0.5017
vn 0.4974 0.7527 0.4314
vn 0.5671 0.8043 0.1774
vn 0.9841 0.0770 -0.1603
vn 0.6474 0.7620 0.0114
vn -0.7970 0.5809 -0.1654
vn -0.8409 0.5083 -0.1856
vn -0.8501 0.4982 -0.1706
vn -0.8252 0.5306 -0.1935
vn -0.8086 0.5541 -0.1979
vn -0.8692 0.4692 -0.1562
vn -0.8866 0.4371 -0.1512
vn -0.8154 0.5464 -0.1913
vn -0.8038 0.5595 -0.2021
vn -0.8788 0.4488 -0.1622
vn -0.8171 0.5492 -0.1753
vn -0.8184 0.5457 -0.1801
vn -0.7692 0.6015 -0.2158
vn 0.2603 -0.1488 -0.9540
vn 0.3090 -0.0103 -0.9510
vn 0.5305 0.2541 -0.8087
vn 0.0268 -0.3455 -0.9380
vn 0.6532 -0.7128 0.2554
vn 0.8437 -0.5097 0.1685
vn -0.2093 -0.5810 -0.7865
vn 0.6423 -0.7214 0.2588
vn -0.0591 -0.4929 -0.8681
vn 0.6438 -0.7204 0.2580
vn -0.3132 -0.7067 -0.6344
vn -0.6725 0.6974 -0.2478
vn -0.7060 0.6800 -0.1980
vn -0.6888 0.6830 -0.2430
vn -0.6168 0.7405 -0.2670
vn -0.6314 0.7315 -0.2575
vn -0.6397 0.7239 -0.2583
vn -0.6716 0.6980 -0.2484
vn -0.5480 -0.8050 -0.2275
vn -0.5857 -0.7927 -0.1690
vn -0.6382 0.7258 -0.2569
vn -0.6624 -0.7193 0.2093
vn -0.4571 -0.7396 -0.4941
vn 0.6341 -0.7273 0.2627
vn 0.6398 -0.7232 0.2602
vn -0.6693 0.6972 -0.2568
vn -0.6704 0.6961 -0.2569
vn -0.6207 0.7308 -0.2840
vn -0.6623 0.6961 -0.2769
vn -0.6833 0.6754 -0.2773
vn -0.7311 0.6433 -0.2274
vn 0.5321 0.2783 -0.7996
vn 0.8422 -0.5118 0.1695
vn 0.6244 0.5618 -0.5427
vn 0.8758 -0.4610 0.1432
vn 0.6841 0.6206 -0.3832
vn -0.9134 0.3763 -0.1552
vn -0.9485 0.3058 -0.0827
vn -0.9279 0.3535 -0.1183
vn -0.9439 0.3068 -0.1220
vn -0.8770 0.4534 -0.1594
vn -0.9399 0.3255 -0.1030
vn -0.9743 0.2116 -0.0775
vn -0.9625 0.2581 -0.0833
vn -0.9633 0.2607 -0.0641
vn -0.9418 0.3142 -0.1196
vn -0.9637 0.2469 -0.1015
vn -0.9496 0.2933 -0.1105
vn -0.9135 0.4055 -0.0335
vn -0.8607 0.4988 0.1022
vn -0.9887 0.1022 0.1096
vn -0.9512 0.3085 0.0021
vn -0.9616 0.2609 -0.0852
vn -0.9813 0.1811 0.0645
vn -0.9917 0.1253 -0.0280
vn -0.9804 0.1961 0.0201
vn -0.9479 -0.2239 0.2265
vn -0.9511 0.3083 0.0207
vn -0.8926 0.4483 -0.0479
vn -0.8599 0.4779 -0.1794
vn -0.7982 0.5586 -0.2253
vn -0.8617 0.4745 -0.1797
vn -0.9167 0.3770 -0.1322
vn -0.8524 0.4836 -0.1990
vn -0.9322 0.3326 -0.1428
vn -0.7657 0.6000 -0.2317
vn -0.8592 0.4821 -0.1712
vn 0.6522 0.7289 -0.2083
vn 0.2266 0.6047 0.7635
vn 0.2366 0.6252 0.7437
vn -0.7797 0.5882 -0.2145
vn 0.5431 0.8284 -0.1373
vn 0.4918 -0.7826 0.3817
vn 0.3736 -0.8239 0.4261
vn 0.0257 -0.8782 0.4776
vn 0.6608 0.7418 -0.1144
vn -0.6884 -0.5905 0.4212
vn -0.2763 -0.8112 0.5153
vn -0.8386 -0.4122 0.3560
vn 0.7502 -0.6031 0.2712
vn 0.8607 -0.4666 0.2036
vn 0.9343 -0.3329 0.1273
vn 0.9974 -0.0723 -0.0041
vn 0.9862 0.1656 -0.0084
vn 0.9476 0.2997 -0.1109
vn 0.8879 0.3922 -0.2406
vn 0.9946 0.0663 -0.0801
vn 0.9946 0.1036 -0.0074
vn 0.9492 0.2868 -0.1298
vn 0.9896 0.1389 -0.0383
vn -0.9345 -0.3336 0.1241
vn -0.9460 -0.3001 0.1229
vn -0.9521 -0.2831 0.1151
vn -0.9644 -0.2471 0.0943
vn 0.8301 0.5402 -0.1386
vn 0.8001 0.5805 -0.1511
vn 0.7098 0.6822 -0.1752
vn 0.7069 0.6850 -0.1763
vn 0.8322 0.5262 -0.1750
vn -0.0003 0.4041 0.9147
vn -0.0002 0.4039 0.9148
vn 0.6507 0.7462 -0.1403
vn 0.5677 0.8069 -0.1634
vn 0.5995 0.7890 -0.1349
vn -0.0001 0.4040 0.9147
vn 0.4906 0.8616 -0.1305
vn -0.0002 0.4041 0.9147
vn 0.4826 0.8630 -0.1497
vn 0.3680 0.8991 -0.2372
vn -0.0000 0.4040 0.9148
vn 0.5165 0.8431 -0.1496
vn -0.3688 -0.8962 0.2464
vn -0.3650 -0.8968 0.2499
vn -0.4021 -0.8831 0.2419
vn -0.4922 -0.8364 0.2413
vn -0.4704 -0.8530 0.2259
vn -0.3747 -0.8899 0.2602
vn -0.4203 -0.8737 0.2447
vn -0.3474 -0.9014 0.2584
vn -0.3275 -0.8995 0.2892
vn -0.3891 -0.8807 0.2701
vn -0.4020 -0.8740 0.2731
vn -0.3474 -0.8879 0.3017
vn -0.3271 -0.9073 0.2644
vn -0.2445 -0.9317 0.2688
vn -0.2292 -0.9363 0.2662
vn -0.2547 -0.9187 0.3018
vn -0.2521 -0.9191 0.3028
vn -0.1837 -0.9405 0.2857
vn -0.2096 -0.9240 0.3199
vn -0.2861 -0.9005 0.3274
vn -0.2460 -0.9156 0.3181
vn -0.2060 -0.9241 0.3218
vn -0.2573 -0.8959 0.3623
vn -0.1906 -0.9130 0.3606
vn -0.2218 -0.9147 0.3377
vn -0.0827 -0.9357 0.3429
vn -0.1681 -0.9221 0.3486
vn -0.1983 -0.9073 0.3708
vn -0.0806 -0.9362 0.3422
vn -0.0699 -0.9242 0.3754
vn -0.0841 -0.9452 0.3153
vn -0.1523 -0.9379 0.3116
vn -0.2439 -0.8967 0.3694
vn -0.2652 -0.8903 0.3701
vn -0.2832 -0.8918 0.3530
vn -0.1917 -0.9068 0.3755
vn -0.3234 -0.8733 0.3643
vn -0.3519 -0.8619 0.3650
vn -0.3459 -0.8661 0.3608
vn -0.3549 -0.8675 0.3484
vn -0.4061 -0.8479 0.3408
vn -0.3486 -0.8778 0.3285
vn -0.4276 -0.8466 0.3170
vn -0.4029 -0.8503 0.3386
vn -0.4172 -0.8581 0.2995
vn -0.4771 -0.8245 0.3042
vn -0.5045 -0.8042 0.3143
vn -0.4877 -0.8216 0.2953
vn -0.5278 -0.8078 0.2623
vn -0.5182 -0.8123 0.2677
vn -0.4718 -0.8431 0.2579
vn -0.5223 -0.8022 0.2893
vn -0.5461 -0.7847 0.2933
vn -0.5744 -0.7741 0.2662
vn -0.6185 -0.7494 0.2364
vn -0.5975 -0.7523 0.2776
vn -0.6536 -0.7141 0.2508
vn -0.6623 -0.7051 0.2535
vn -0.6143 -0.7441 0.2623
vn -0.6549 -0.7233 0.2189
vn -0.6189 -0.7490 0.2364
vn -0.6911 -0.6947 0.1994
vn -0.6806 -0.7021 0.2094
vn -0.6284 -0.7457 0.2217
vn -0.6120 -0.7625 0.2096
vn -0.7094 -0.6692 0.2210
vn -0.7565 -0.6111 0.2327
vn -0.6855 -0.6854 0.2457
vn -0.7320 -0.6516 0.1991
vn -0.7207 -0.6575 0.2196
vn -0.7899 -0.5744 0.2148
vn -0.8284 -0.5207 0.2063
vn -0.8079 -0.5536 0.2019
vn -0.8091 -0.5531 0.1984
vn -0.8187 -0.5275 0.2268
vn -0.8429 -0.4933 0.2147
vn -0.8425 -0.5044 0.1890
vn -0.8206 -0.5408 0.1850
vn -0.8258 -0.5371 0.1717
vn -0.7813 -0.5974 0.1810
vn -0.8091 -0.5648 0.1622
vn -0.7404 -0.6481 0.1785
vn -0.8114 -0.5631 0.1568
vn -0.7593 -0.6196 0.1989
vn -0.8367 -0.5248 0.1567
vn -0.8161 -0.5603 0.1413
vn -0.8034 -0.5756 0.1526
vn -0.8704 -0.4751 0.1292
vn -0.8688 -0.4786 0.1272
vn -0.8686 -0.4788 0.1273
vn -0.8680 -0.4698 0.1606
vn -0.8601 -0.4843 0.1601
vn -0.7918 -0.5616 0.2401
vn -0.6832 -0.6877 0.2456
vn -0.7059 -0.6515 0.2780
vn -0.7110 -0.6518 0.2638
vn -0.7572 -0.6015 0.2545
vn -0.7215 -0.6349 0.2763
vn -0.7228 -0.6241 0.2969
vn -0.7123 -0.4739 -0.5177
vn -0.6721 -0.5972 -0.4377
vn -0.4240 -0.7860 -0.4498
vn -0.9047 -0.2010 -0.3757
vn -0.7162 -0.6409 0.2762
vn -0.9948 0.0942 0.0394
vn -0.7117 -0.6470 0.2736
vn -0.9406 -0.2035 -0.2718
vn -0.5066 0.4075 -0.7598
vn -0.6476 0.6259 -0.4345
vn -0.5714 0.8129 -0.1129
vn -0.9895 0.0389 0.1393
vn 0.7496 0.6121 -0.2518
vn -0.5757 0.7860 0.2253
vn 0.7273 0.6235 -0.2870
vn 0.6121 0.7305 -0.3028
vn 0.7314 0.6213 -0.2811
vn 0.7147 0.6236 -0.3168
vn -0.4983 0.8047 -0.3226
vn 0.5644 0.7595 -0.3233
vn -0.0001 -0.4042 -0.9146
vn -0.5253 -0.7815 0.3368
vn -0.5726 -0.7511 0.3287
vn -0.5864 -0.7427 0.3234
vn -0.5848 -0.7505 0.3079
vn -0.6156 -0.7211 0.3179
vn -0.5933 -0.7427 0.3105
vn -0.6140 -0.7329 0.2931
vn -0.6573 -0.6988 0.2822
vn -0.6623 -0.6959 0.2775
vn -0.6586 -0.6888 0.3031
vn -0.6361 -0.7070 0.3090
vn -0.4943 -0.7966 0.3479
vn -0.4953 -0.7963 0.3472
vn -0.5322 -0.7788 0.3321
vn -0.4874 -0.8078 0.3316
vn -0.4279 -0.8314 0.3545
vn -0.4486 -0.8249 0.3440
vn -0.3892 -0.8462 0.3639
vn -0.3582 -0.8597 0.3643
vn -0.0012 -0.4051 -0.9143
vn -0.0000 -0.4047 -0.9144
vn -0.5184 0.7887 -0.3306
vn 0.4296 0.1301 -0.8936
vn 0.3451 0.1419 -0.9278
vn -0.5575 0.7594 -0.3355
vn -0.0021 -0.4026 -0.9154
vn -0.7484 0.6067 -0.2681
vn -0.0001 -0.4039 -0.9148
vn -0.7446 0.6088 -0.2738
vn -0.9513 0.2812 -0.1263
vn 0.2865 -0.8925 0.3483
vn 0.1624 -0.9131 0.3739
vn 0.6429 -0.7093 0.2890
vn 0.8792 -0.4531 0.1473
vn -0.0004 -0.4037 -0.9149
vn 0.9735 -0.2169 0.0723
vn -0.0003 -0.4044 -0.9146
vn 0.9529 0.2594 -0.1574
vn 0.5826 0.7321 -0.3530
vn -0.0002 -0.4040 -0.9148
vn -0.0866 -0.9264 0.3665
vn -0.5829 -0.7517 0.3086
vn -0.1886 -0.9074 0.3756
vn 0.0001 -0.4050 -0.9143
vn -0.0008 -0.4045 -0.9145
vn -0.7388 -0.6326 0.2325
vn -0.9792 -0.1936 0.0602
vn 0.5733 -0.7556 0.3168
vn 0.3387 -0.8771 0.3405
vn 0.8791 -0.4532 0.1474
vn 0.9569 0.2425 -0.1600
vn 0.9846 -0.1654 0.0559
vn -0.2865 0.8608 -0.4206
vn 0.4743 0.7897 -0.3892
vn -0.2163 0.8824 -0.4179
vn -0.0008 -0.4039 -0.9148
vn -0.8431 0.4810 -0.2405
vn -0.8796 0.4190 -0.2254
vn -0.9760 -0.2081 0.0640
vn 0.0868 0.9020 -0.4229
vn -0.2863 0.8557 -0.4310
vn -0.5733 0.7430 -0.3454
vn -0.9982 0.0280 -0.0524
vn -0.8492 -0.4933 0.1885
vn -0.0003 -0.4041 -0.9147
vn 0.0003 -0.4041 -0.9147
vn 0.4610 0.7951 -0.3941
vn 0.8493 0.4738 -0.2328
vn 0.4744 0.7872 -0.3939
vn -0.8273 -0.5259 0.1976
vn -0.4612 -0.8239 0.3293
vn -0.4254 -0.8419 0.3320
vn -0.6765 -0.6753 0.2937
vn -0.7006 -0.6589 0.2740
vn 0.6914 0.6730 -0.2627
vn 0.6951 0.6760 -0.2447
vn 0.7543 0.5911 -0.2857
vn -0.7224 0.6308 -0.2833
vn 0.7624 0.5796 -0.2878
vn -0.4996 0.2906 -0.8161
vn -0.1131 -0.2947 -0.9489
vn -0.1279 -0.2257 -0.9658
vn -0.0038 -0.4035 -0.9150
vn -0.6500 0.6888 -0.3212
vn -0.5416 0.7584 -0.3627
vn -0.1362 0.9021 -0.4096
vn 0.4039 0.8777 0.2579
vn 0.1957 0.9498 0.2442
vn 0.0206 0.9084 -0.4175
vn 0.5252 0.8200 0.2276
vn 0.5565 0.7633 -0.3283
vn 0.5655 0.7976 0.2101
vn 0.5882 0.7499 0.3028
vn 0.5911 0.7498 0.2973
vn 0.5510 0.7664 -0.3303
vn 0.9200 0.3643 -0.1447
vn 0.5445 0.7387 0.3972
vn 0.9986 -0.0405 0.0336
vn 0.8755 0.4459 -0.1861
vn 0.5185 0.7036 0.4858
vn 0.5527 0.7136 0.4304
vn 0.9214 -0.3524 0.1640
vn 0.9966 0.0776 -0.0259
vn 0.9141 -0.3673 0.1716
vn 0.7767 -0.5725 0.2628
vn 0.6496 -0.6864 0.3269
vn 0.5636 0.7024 0.4347
vn 0.5041 0.7132 0.4871
vn 0.5515 0.6865 0.4739
vn 0.5456 -0.7570 0.3596
vn 0.5063 0.7159 0.4807
vn 0.5020 0.7144 0.4875
vn 0.1804 -0.8713 0.4565
vn 0.1423 -0.8769 0.4591
vn -0.5445 -0.7110 0.4450
vn -0.2410 -0.8467 0.4743
vn 0.8574 0.4102 -0.3110
vn 0.8620 0.4035 -0.3069
vn 0.2499 0.8411 -0.4797
vn 0.5058 0.7303 -0.4592
vn -0.8709 -0.3969 0.2897
vn -0.9813 -0.1323 0.1400
vn -0.9857 0.1675 -0.0176
vn -0.9945 -0.0544 0.0893
vn 0.5576 0.7030 0.4414
vn -0.9221 0.3590 -0.1445
vn 0.4600 0.7840 0.4168
vn 0.5758 0.6721 0.4655
vn 0.5217 0.8385 0.1573
vn 0.5145 0.8399 0.1725
vn 0.3695 0.8845 0.2849
vn 0.4453 0.8342 0.3252
vn 0.5222 0.8320 0.1874
vn 0.4918 0.8489 0.1936
vn 0.5394 0.8265 0.1614
vn -0.0188 0.3982 0.9171
vn -0.7469 0.6066 -0.2722
vn 0.4066 0.8562 0.3186
vn 0.5409 0.7925 0.2818
vn 0.6000 0.6365 0.4846
vn 0.5829 0.7934 0.1753
vn 0.7463 -0.5903 0.3076
vn 0.5794 0.7929 0.1886
vn 0.5838 0.7921 0.1783
vn 0.3960 0.8865 0.2395
vn 0.5804 0.7925 0.1876
vn 0.5802 0.7925 0.1877
vn 0.5295 -0.7772 0.3399
vn 0.8831 -0.4289 0.1899
vn 0.0959 -0.9135 0.3955
vn 0.3751 -0.8438 0.3838
vn 0.3772 0.8979 0.2271
vn 0.9996 -0.0261 0.0106
vn 0.8873 -0.4213 0.1873
vn 0.0053 -0.4068 -0.9135
vn 0.0040 -0.4039 -0.9148
vn 0.9999 0.0099 -0.0030
vn 0.0031 -0.4008 -0.9161
vn 0.0037 -0.4019 -0.9157
vn 0.8785 0.4364 -0.1942
vn 0.8212 0.5239 -0.2264
vn 0.4029 0.8828 0.2414
vn 0.5309 0.8150 0.2321
vn 0.4335 0.8591 0.2722
vn 0.6047 0.7956 0.0358
vn 0.5798 0.7432 -0.3339
vn 0.0035 -0.4011 -0.9160
vn 0.0008 -0.4013 -0.9160
vn 0.2377 0.8907 -0.3874
vn 0.6469 0.6916 -0.3213
vn 0.3671 0.8785 -0.3057
vn -0.4075 -0.8359 0.3676
vn -0.3320 -0.8606 0.3862
vn 0.6128 0.7627 0.2066
vn 0.5699 0.8029 0.1747
vn -0.7649 -0.5885 0.2620
vn -0.7730 -0.5801 0.2567
vn 0.5720 0.8027 0.1688
vn 0.5792 0.8002 0.1558
vn 0.5731 0.8003 0.1762
vn -0.9847 -0.1612 0.0667
vn 0.5678 0.8021 0.1848
vn -0.9989 -0.0399 0.0240
vn -0.9530 0.2749 -0.1273
vn 0.5843 0.7935 0.1704
vn 0.5845 0.7933 0.1705
vn -0.2507 -0.8852 0.3920
vn -0.7761 -0.5788 0.2504
vn 0.5842 0.7935 0.1703
vn 0.6033 0.7912 0.1004
vn -0.9999 -0.0114 -0.0021
vn -0.8393 -0.4937 0.2276
vn -0.9775 0.1966 -0.0764
vn -0.0001 -0.4044 -0.9146
vn -0.1689 0.9451 -0.2798
vn 0.0437 0.9508 -0.3068
vn -0.1766 0.9409 -0.2889
vn -0.8839 0.4253 -0.1948
vn -0.5476 0.7677 -0.3328
vn -0.5212 0.7819 -0.3420
vn 0.5991 0.7897 0.1321
vn 0.5489 0.7858 0.2848
vn 0.6271 0.7464 0.2227
vn -0.1116 0.9068 -0.4065
vn 0.5757 0.7629 0.2943
vn 0.5443 0.7590 0.3573
vn 0.4503 0.8144 -0.3662
vn 0.2028 0.8988 -0.3886
vn 0.0338 0.9497 -0.3113
vn 0.0099 0.9515 -0.3073
vn 0.6018 0.7884 0.1276
vn 0.6103 0.7723 0.1764
vn 0.2499 0.9206 -0.3002
vn 0.0298 0.9490 -0.3140
vn 0.2104 0.9370 -0.2789
vn 0.4276 0.8704 -0.2440
vn 0.3803 0.9184 0.1093
vn -0.1757 -0.9527 0.2481
vn -0.2341 -0.9408 0.2450
vn -0.2543 -0.9334 0.2531
vn -0.1980 -0.9434 0.2662
vn -0.0721 -0.9661 0.2477
vn -0.0308 -0.9666 0.2546
vn -0.0217 -0.9651 0.2610
vn -0.0202 -0.9634 0.2673
vn -0.0909 -0.9586 0.2699
vn -0.0732 -0.9585 0.2754
vn -0.0806 -0.9571 0.2785
vn 0.0021 -0.9575 0.2883
vn -0.0276 -0.9625 0.2699
vn -0.1650 -0.9498 0.2658
vn -0.0804 -0.9570 0.2786
vn -0.1547 -0.9428 0.2954
vn -0.1951 -0.9425 0.2715
vn -0.9588 0.2834 0.0215
vn -0.8421 0.5135 -0.1651
vn -0.9353 0.3531 -0.0214
vn 0.5397 0.8260 0.1625
vn -0.9589 -0.0782 0.2727
vn -0.9663 -0.0409 0.2543
vn 0.5377 0.7903 0.2940
vn 0.5292 0.7941 0.2989
vn -0.7629 -0.4247 0.4875
vn -0.5744 -0.6188 0.5358
vn 0.5298 0.7938 0.2988
vn -0.3569 -0.7365 0.5746
vn 0.5779 0.8006 0.1582
vn -0.0880 -0.8426 0.5313
vn 0.5252 0.8189 0.2315
vn 0.5862 0.7975 0.1425
vn -0.9728 0.1942 0.1262
vn -0.8847 -0.2593 0.3873
vn 0.5148 0.7848 0.3451
vn 0.5308 0.7785 0.3351
vn -0.4828 -0.6824 0.5488
vn -0.7215 -0.4619 0.5158
vn 0.5524 0.7653 0.3302
vn 0.6477 0.7603 0.0496
vn 0.6334 0.7621 0.1342
vn 0.0612 -0.8550 0.5150
vn -0.0420 -0.8321 0.5531
vn -0.9711 -0.0374 0.2356
vn -0.9359 0.3504 -0.0366
vn -0.8798 0.4649 -0.0995
vn 0.6056 0.7673 0.2107
vn -0.6493 0.6928 -0.3137
vn 0.6326 0.7638 0.1283
vn 0.6143 0.7628 0.2021
vn 0.6044 0.7723 0.1957
vn 0.6301 -0.7141 0.3050
vn 0.8599 -0.4844 0.1608
vn 0.8493 -0.4990 0.1723
vn 0.9936 -0.0857 -0.0732
vn 0.9895 -0.1394 -0.0372
vn 0.6129 0.7715 0.1706
vn 0.3586 -0.8275 0.4321
vn 0.3374 -0.8304 0.4433
vn 0.5714 0.7967 0.1967
vn -0.5093 0.7806 -0.3623
vn 0.5963 0.7797 0.1909
vn -0.1043 0.8693 -0.4832
vn 0.4683 0.7318 0.4951
vn 0.4697 0.7315 0.4943
vn 0.2504 0.8413 -0.4791
vn 0.3894 0.7892 -0.4748
vn 0.5417 0.6446 0.5395
vn 0.5357 0.7563 0.3757
vn 0.3169 0.8236 0.4704
vn 0.4033 0.7814 0.4762
vn -0.9967 -0.0352 0.0734
vn -0.9164 -0.3180 0.2432
vn -0.6529 -0.6471 0.3935
vn -0.4681 -0.7590 0.4526
vn 0.0294 -0.8855 0.4638
vn 0.0603 -0.8845 0.4626
vn 0.4311 -0.8144 0.3885
vn 0.6723 -0.6678 0.3194
vn 0.9214 -0.3503 0.1682
vn 0.9918 -0.1052 0.0721
vn 0.7139 -0.6337 0.2980
vn 0.5747 0.6642 0.4781
vn 0.6019 0.6539 0.4584
vn 0.5730 0.6637 0.4807
vn 0.5723 0.6802 0.4579
vn 0.5441 0.6562 0.5229
vn 0.5907 0.6699 0.4497
vn -0.5537 0.7536 -0.3544
vn -0.1716 0.9011 -0.3982
vn -0.1451 0.9048 -0.4003
vn 0.6349 0.7153 0.2920
vn 0.5714 0.7501 0.3330
vn 0.5899 0.6686 0.4528
vn 0.2655 0.8889 -0.3734
vn 0.6435 0.7196 0.2610
vn 0.5359 0.7870 -0.3058
vn 0.7226 0.6472 -0.2427
vn 0.8632 0.4793 0.1585
vn 0.8094 0.5873 0.0007
vn 0.8762 0.4575 -0.1515
vn 0.9822 0.1842 -0.0377
vn 0.5825 0.7729 0.2517
vn 0.5169 0.7873 -0.3362
vn 0.8807 0.4415 -0.1718
vn 0.5395 0.7753 -0.3286
vn 0.6075 0.7532 0.2523
vn 0.8936 0.4192 -0.1606
vn 0.3539 0.9168 0.1852
vn 0.0846 0.9079 -0.4106
vn 0.9996 0.0248 0.0104
vn -0.7800 0.5654 -0.2683
vn -0.6493 0.6894 -0.3212
vn 0.5784 0.6247 0.5246
vn -0.9331 0.3281 -0.1472
vn -0.9147 0.3686 -0.1655
vn 0.6113 0.6280 0.4816
vn 0.6272 0.6951 0.3513
vn -0.9936 0.1104 -0.0228
vn -0.9966 -0.0620 0.0546
vn -0.8762 -0.4163 0.2430
vn 0.0003 -0.4043 -0.9146
vn -0.0002 -0.4041 -0.9147
vn 0.0005 -0.4041 -0.9147
vn 0.7556 0.5368 -0.3753
vn 0.8750 0.3868 -0.2911
vn -0.5081 0.7811 -0.3629
vn -0.3690 0.8279 -0.4225
vn -0.6490 0.6958 -0.3077
vn 0.6955 0.4743 0.5397
vn 0.0837 0.8668 -0.4916
vn -0.7842 0.5629 -0.2609
vn -0.9159 0.3720 -0.1509
vn 0.3229 0.8285 0.4575
vn 0.3593 0.7573 0.5453
vn -0.7725 -0.5289 0.3516
vn 0.5229 0.6335 0.5703
vn 0.1929 0.8764 0.4412
vn 0.4684 0.7318 0.4952
vn -0.9644 0.2527 -0.0773
vn -0.9908 0.1337 -0.0216
vn 0.5442 0.6875 0.4808
vn -0.8467 0.4837 -0.2215
vn -0.6030 0.7207 -0.3420
vn -0.6987 0.6500 -0.2989
vn -0.1352 0.9031 -0.4075
vn -0.3066 0.8631 -0.4014
vn 0.0010 -0.4026 -0.9154
vn -0.8784 0.1473 0.4547
vn -0.7331 -0.6267 0.2642
vn -0.7085 -0.6508 0.2730
vn 0.3446 -0.7086 -0.6157
vn -0.3407 -0.9132 -0.2237
vn -0.6017 -0.7695 0.2141
vn -0.5892 -0.7769 0.2218
vn -0.6074 -0.7645 0.2159
vn -0.5203 -0.8233 0.2268
vn -0.5472 -0.8011 0.2424
vn -0.5905 -0.7757 0.2228
vn -0.7454 -0.6445 0.1704
vn -0.6942 -0.6911 0.2014
vn -0.4892 -0.8373 0.2442
vn -0.3969 -0.8632 0.3120
vn -0.3730 -0.8769 0.3033
vn -0.3054 -0.8948 0.3258
vn -0.0704 -0.9452 0.3189
vn -0.3351 -0.9115 0.2387
vn -0.5261 -0.8206 0.2231
vn -0.8699 -0.4763 0.1278
vn 0.8349 0.4716 -0.2837
vn 0.8003 0.5873 0.1206
vn -0.3599 0.8321 -0.4219
vn -0.7498 0.6075 -0.2622
vn -0.6343 0.6980 -0.3323
vn 0.0001 -0.4040 -0.9148
vn -0.8598 0.4759 -0.1853
vn -0.9640 0.2622 -0.0449
vn -0.9790 0.2032 -0.0125
vn -0.9847 -0.0713 0.1591
vn -0.9841 -0.0748 0.1609
vn 0.6517 0.7498 -0.1143
vn -0.9738 -0.0644 0.2180
vn 0.7599 0.6484 0.0460
vn -0.9466 0.3196 -0.0413
vn 0.6910 0.6788 0.2485
vn 0.7702 0.5879 0.2474
vn 0.5017 -0.7810 0.3721
vn 0.3397 -0.8282 0.4458
vn 0.2324 -0.8530 0.4673
vn 0.8614 -0.4781 0.1714
vn 0.7327 -0.6314 0.2538
vn 0.9206 -0.3765 0.1034
vn 0.7947 0.5887 0.1479
vn 0.7851 0.5851 0.2033
vn 0.7837 0.5864 0.2049
vn 0.7732 0.6060 0.1867
vn -0.5087 0.7766 -0.3716
vn -0.7905 0.5665 -0.2328
vn 0.7827 0.6188 0.0671
vn 0.9961 -0.0341 -0.0812
vn 0.9955 -0.0773 -0.0553
vn -0.9403 0.3364 -0.0509
vn 0.5542 0.7928 0.2538
vn -0.9067 -0.2282 0.3547
vn 0.9594 0.1905 -0.2083
vn 0.8627 0.4091 -0.2974
vn 0.8582 0.4155 -0.3013
vn 0.8278 0.4164 0.3760
vn 0.8850 0.4323 -0.1726
vn -0.1434 -0.9663 0.2136
vn -0.2623 -0.9448 -0.1963
vn -0.2046 -0.8222 0.5312
vn -0.0820 -0.9614 0.2625
vn -0.9503 -0.2891 0.1152
vn -0.8918 -0.4341 0.1275
vn -0.9871 -0.1573 0.0307
vn -0.9874 -0.1561 0.0275
vn -0.9943 -0.1060 0.0111
vn -0.9940 -0.1090 0.0048
vn -0.9996 -0.0233 -0.0172
vn -0.9831 0.1684 -0.0721
vn -0.5310 0.7966 -0.2890
vn -0.4194 0.8574 -0.2982
vn -0.5061 0.8053 -0.3088
vn -0.5254 0.7953 -0.3024
vn -0.3016 0.8768 -0.3745
vn -0.3529 0.8790 -0.3206
vn -0.3651 0.8372 -0.4072
vn -0.4959 0.8062 -0.3227
vn -0.3494 0.9152 -0.2011
vn -0.3580 0.9122 -0.1993
vn -0.1588 0.9621 -0.2217
vn -0.1577 0.9135 -0.3751
vn -0.0486 0.9690 -0.2421
vn -0.0600 0.9110 -0.4080
vn -0.2010 0.8968 -0.3940
vn -0.1274 0.9139 -0.3855
vn 0.0073 0.9694 -0.2453
vn -0.2495 0.9079 -0.3368
vn -0.1123 0.9258 -0.3611
vn -0.1076 0.9254 -0.3634
vn -0.2218 0.9154 -0.3360
vn -0.1521 0.9204 -0.3602
vn -0.1313 0.9208 -0.3672
vn -0.2036 0.9121 -0.3558
vn -0.0413 0.9291 -0.3674
vn -0.0452 0.9238 -0.3802
vn -0.0046 0.9145 -0.4046
vn -0.0096 0.9254 -0.3788
vn -0.4645 0.8624 -0.2014
vn -0.6470 0.7450 -0.1626
vn 0.0825 0.9176 -0.3890
vn 0.0614 0.9164 -0.3955
vn 0.0253 0.8991 -0.4371
vn 0.1041 0.9104 -0.4003
vn 0.1295 0.8755 -0.4656
vn 0.2930 0.8615 -0.4147
vn 0.2118 0.8905 -0.4027
vn 0.2767 0.8743 -0.3987
vn 0.3466 0.8476 -0.4017
vn 0.3672 0.8449 -0.3889
vn 0.3598 0.8371 -0.4121
vn 0.3223 0.8594 -0.3969
vn 0.3610 0.8466 -0.3910
vn 0.4081 0.8282 -0.3841
vn 0.4235 0.8203 -0.3844
vn 0.4078 0.8243 -0.3926
vn 0.3690 0.8396 -0.3986
vn 0.3789 0.8355 -0.3980
vn 0.3630 0.8402 -0.4029
vn 0.3285 0.8508 -0.4101
vn 0.3231 0.8558 -0.4040
vn 0.3586 0.8475 -0.3914
vn 0.3633 0.8455 -0.3914
vn 0.2297 0.8800 -0.4157
vn 0.2371 0.8748 -0.4224
vn 0.2771 0.8672 -0.4137
vn 0.3095 0.8579 -0.4102
vn 0.4099 0.8234 -0.3924
vn 0.4362 0.8219 -0.3664
vn 0.4738 0.7950 -0.3788
vn 0.4710 0.7939 -0.3846
vn 0.4512 0.8073 -0.3802
vn 0.5094 0.7776 -0.3685
vn 0.5110 0.7750 -0.3717
vn 0.5133 0.7733 -0.3721
vn 0.4720 0.7985 -0.3736
vn 0.5031 0.7765 -0.3794
vn 0.4607 0.7975 -0.3897
vn 0.5199 0.7632 -0.3837
vn 0.5725 0.7369 -0.3596
vn 0.5959 0.7106 -0.3742
vn 0.3872 0.8264 -0.4089
vn 0.4852 0.7766 -0.4017
vn 0.3787 0.8317 -0.4061
vn 0.2399 0.8799 -0.4101
vn 0.1897 0.8959 -0.4016
vn -0.2811 -0.8577 0.4304
vn -0.2035 -0.8749 0.4396
vn -0.6407 0.7201 -0.2663
vn -0.6414 0.7230 -0.2568
vn -0.2280 0.4379 -0.8696
vn -0.2824 0.0308 0.9588
vn -0.2108 0.2046 0.9559
vn 0.0189 0.3957 0.9182
vn 0.0539 0.4535 0.8896
vn 0.2307 -0.9730 -0.0071
vn -0.5064 -0.7855 0.3557
vn -0.1891 -0.8943 0.4056
vn 0.6133 0.6920 -0.3807
vn 0.6073 0.7072 -0.3621
vn 0.6363 0.6873 -0.3504
vn -0.4129 0.0257 0.9104
vn 0.8135 0.4705 -0.3417
vn 0.8587 0.3985 -0.3222
vn 0.8719 0.3880 -0.2986
vn 0.9545 0.2074 -0.2141
vn 0.9656 0.1878 -0.1797
vn 0.9573 0.1582 -0.2420
vn 0.9583 0.2097 -0.1940
vn 0.9410 0.2622 -0.2140
vn 0.8972 0.3805 -0.2243
vn 0.8857 0.4015 -0.2330
vn 0.8570 0.4550 -0.2419
vn 0.8743 0.4157 -0.2506
vn 0.8988 0.3770 -0.2236
vn 0.9068 0.3673 -0.2069
vn 0.8860 0.4072 -0.2218
vn 0.9510 0.2410 -0.1937
vn 0.9260 0.3066 -0.2202
vn 0.9426 0.2711 -0.1948
vn 0.9307 0.3065 -0.1997
vn 0.9555 0.2393 -0.1724
vn 0.9512 0.2579 -0.1692
vn 0.9474 0.2673 -0.1758
vn 0.9320 0.3121 -0.1844
vn 0.9343 0.2986 -0.1947
vn 0.8058 0.5001 -0.3172
vn 0.7785 0.5560 -0.2914
vn 0.4335 0.2296 -0.8714
vn 0.5385 0.2556 -0.8029
vn 0.0953 0.4712 -0.8769
vn 0.5535 0.7605 -0.3395
vn 0.0007 0.4039 0.9148
vn 0.9609 -0.2763 -0.0173
vn 0.9546 -0.2936 -0.0496
vn 0.9680 -0.2511 -0.0024
vn 0.8101 -0.5665 0.1513
vn 0.8403 -0.5210 0.1497
vn 0.7838 -0.5968 0.1717
vn 0.8120 -0.5617 0.1586
vn 0.8153 -0.5560 0.1616
vn 0.7739 -0.5964 0.2131
vn 0.3261 -0.8827 -0.3384
vn 0.2497 -0.9680 0.0246
vn 0.8188 -0.5460 0.1775
vn 0.2639 -0.9644 0.0160
vn -0.1912 -0.4867 -0.8524
vn 0.4686 -0.8084 -0.3562
vn -0.5626 -0.7700 -0.3010
vn -0.5897 -0.7610 -0.2704
vn -0.7543 0.6187 -0.2196
vn -0.8537 0.5064 -0.1216
vn -0.6462 -0.6191 0.4463
vn -0.8566 0.5011 -0.1228
vn 0.7325 -0.5109 -0.4500
vn 0.7818 -0.4960 -0.3778
vn 0.2764 0.0872 -0.9571
vn -0.2328 -0.4973 -0.8358
vn 0.1683 -0.1780 -0.9695
vn 0.5218 -0.7093 -0.4740
vn 0.7140 -0.6553 0.2467
vn 0.6657 -0.7084 0.2345
vn 0.5829 0.3541 -0.7314
vn 0.9629 -0.2589 -0.0760
vn 0.6017 0.6149 -0.5098
vn 0.9224 -0.2691 -0.2771
vn 0.9894 -0.1450 -0.0123
vn 0.6266 -0.7419 0.2388
vn 0.6250 -0.7406 0.2469
vn 0.6639 -0.7090 0.2378
vn 0.6785 -0.6981 0.2288
vn 0.9519 -0.1244 0.2800
vn 0.6312 -0.7303 0.2614
vn 0.9361 -0.1501 0.3181
vn 0.5450 0.8015 0.2460
vn 0.7019 0.7091 -0.0672
vn -0.5820 0.7783 -0.2357
vn 0.4648 0.6752 0.5728
vn -0.6715 0.7290 -0.1325
vn 0.8272 -0.0347 0.5609
vn 0.7040 -0.2467 0.6660
vn 0.1658 0.5094 0.8444
vn -0.3259 -0.0428 0.9444
vn 0.1294 0.4235 0.8966
vn 0.5123 -0.2589 0.8188
vn 0.4286 -0.5484 0.7180
vn 0.2676 -0.6325 0.7269
vn 0.3011 -0.8522 0.4279
vn -0.3398 -0.1140 0.9336
vn -0.6576 -0.5755 0.4863
vn 0.1935 -0.9172 0.3484
vn 0.8193 -0.5482 0.1682
vn 0.5760 -0.7764 0.2557
vn 0.5482 -0.7887 0.2781
vn 0.4606 -0.8627 0.2090
vn 0.4146 -0.8861 0.2072
vn 0.3632 -0.8980 0.2484
vn 0.4177 -0.8804 0.2247
vn 0.3896 -0.8927 0.2264
vn 0.4782 -0.8290 0.2900
vn 0.3337 -0.9115 0.2402
vn 0.2497 -0.9365 0.2464
vn 0.4591 -0.8388 0.2928
vn 0.7281 -0.6515 0.2130
vn -0.9455 0.3226 -0.0452
vn -0.1775 0.9233 -0.3407
vn -0.1908 0.9202 -0.3417
vn -0.1829 0.9397 -0.2889
vn 0.5848 0.7932 0.1698
vn 0.0234 -0.9702 0.2412
vn 0.0339 0.9467 -0.3204
vn 0.3547 -0.8710 0.3398
vn 0.0577 0.9114 -0.4074
vn -0.4047 0.8384 -0.3651
vn -0.5469 0.7631 -0.3444
vn -0.8873 0.4242 -0.1810
vn 0.6371 0.7692 -0.0494
vn 0.5010 0.7811 0.3728
vn 0.4032 0.7356 0.5444
vn 0.4983 0.7794 0.3798
vn 0.4056 0.7364 0.5415
vn -0.4058 -0.0967 0.9088
s 0
usemtl Material.022
f 4//1 2//1 1//1
f 1//2 2//2 3//2
f 5//3 1//3 3//3
f 4//4 1//4 7//4
f 8//5 1//5 5//5
f 8//6 6//6 1//6
f 1//7 6//7 7//7
f 5//8 12//8 8//8
f 14//9 9//9 8//9
f 11//10 8//10 9//10
f 6//5 8//5 10//5
f 10//5 8//5 11//5
f 12//11 13//11 8//11
f 13//12 14//12 8//12
f 13//13 15//13 14//13
f 16//14 14//14 15//14
f 14//15 16//15 17//15
f 17//16 9//16 14//16
f 20//17 17//17 18//17
f 17//18 19//18 18//18
f 19//19 17//19 16//19
f 9//20 17//20 20//20
f 20//21 22//21 9//21
f 18//22 21//22 20//22
f 21//23 23//23 20//23
f 22//24 20//24 23//24
f 25//25 23//25 24//25
f 26//26 24//26 23//26
f 23//27 25//27 22//27
f 23//28 21//28 26//28
f 26//29 28//29 27//29
f 27//30 24//30 26//30
f 26//31 29//31 28//31
f 26//32 30//32 29//32
f 26//33 21//33 30//33
f 30//34 37//34 31//34
f 30//35 31//35 34//35
f 35//36 30//36 32//36
f 21//37 32//37 30//37
f 33//38 29//38 30//38
f 30//39 34//39 33//39
f 30//40 35//40 36//40
f 36//41 37//41 30//41
f 38//42 39//42 37//42
f 40//43 38//43 37//43
f 39//44 42//44 37//44
f 37//45 41//45 40//45
f 37//46 43//46 41//46
f 44//47 37//47 42//47
f 37//48 46//48 43//48
f 37//47 44//47 45//47
f 49//49 37//49 45//49
f 37//50 36//50 46//50
f 37//51 51//51 31//51
f 50//52 37//52 47//52
f 37//53 48//53 47//53
f 48//54 37//54 49//54
f 37//55 50//55 51//55
f 52//56 55//56 51//56
f 54//57 52//57 51//57
f 50//58 53//58 51//58
f 54//58 51//58 53//58
f 56//59 51//59 55//59
f 31//60 51//60 56//60
f 58//61 57//61 56//61
f 56//62 57//62 31//62
f 58//63 56//63 55//63
f 61//64 59//64 58//64
f 58//65 59//65 66//65
f 58//66 60//66 63//66
f 60//67 58//67 77//67
f 61//68 58//68 62//68
f 62//69 58//69 68//69
f 58//66 63//66 70//66
f 66//70 64//70 58//70
f 65//71 58//71 64//71
f 58//72 65//72 72//72
f 67//73 78//73 58//73
f 67//74 58//74 73//74
f 68//75 58//75 69//75
f 78//76 69//76 58//76
f 70//77 73//77 58//77
f 58//78 55//78 71//78
f 71//79 74//79 58//79
f 58//80 72//80 57//80
f 74//81 76//81 58//81
f 58//82 76//82 75//82
f 77//83 58//83 75//83
f 79//84 69//84 78//84
f 79//85 78//85 81//85
f 67//86 80//86 78//86
f 82//87 78//87 80//87
f 78//88 82//88 81//88
f 84//89 82//89 83//89
f 82//90 80//90 83//90
f 84//91 81//91 82//91
f 84//92 83//92 85//92
f 86//93 84//93 85//93
f 86//94 81//94 84//94
f 87//95 88//95 86//95
f 86//96 85//96 87//96
f 81//97 86//97 89//97
f 88//98 89//98 86//98
f 89//99 92//99 90//99
f 90//5 81//5 89//5
f 89//100 88//100 91//100
f 93//101 89//101 91//101
f 92//102 89//102 93//102
f 93//103 91//103 94//103
f 95//104 93//104 94//104
f 96//105 93//105 95//105
f 93//106 97//106 92//106
f 97//107 93//107 96//107
f 97//108 96//108 100//108
f 97//109 99//109 66//109
f 66//110 92//110 97//110
f 100//111 98//111 97//111
f 99//112 97//112 98//112
f 100//113 101//113 102//113
f 101//114 100//114 96//114
f 100//115 103//115 98//115
f 102//85 104//85 100//85
f 103//84 100//84 104//84
f 105//116 103//116 104//116
f 106//117 105//117 104//117
f 106//118 104//118 102//118
f 106//119 107//119 108//119
f 109//120 107//120 106//120
f 108//121 105//121 106//121
f 106//84 102//84 109//84
f 109//84 102//84 110//84
f 110//122 111//122 109//122
f 111//123 107//123 109//123
f 111//124 110//124 112//124
f 112//125 113//125 111//125
f 115//126 107//126 111//126
f 113//127 114//127 111//127
f 111//128 114//128 115//128
f 115//129 108//129 107//129
f 118//130 108//130 115//130
f 115//131 114//131 116//131
f 116//132 119//132 115//132
f 115//133 119//133 117//133
f 117//134 118//134 115//134
f 117//135 119//135 120//135
f 121//136 120//136 119//136
f 121//137 119//137 116//137
f 121//138 122//138 124//138
f 125//139 122//139 121//139
f 124//140 120//140 121//140
f 116//141 123//141 121//141
f 123//142 125//142 121//142
f 126//143 125//143 123//143
f 126//144 127//144 125//144
f 122//145 125//145 127//145
f 128//146 122//146 127//146
f 127//147 129//147 128//147
f 130//148 129//148 127//148
f 127//149 126//149 130//149
f 131//150 130//150 126//150
f 130//151 131//151 132//151
f 130//152 132//152 133//152
f 133//153 134//153 130//153
f 130//154 135//154 129//154
f 130//154 134//154 135//154
f 129//154 135//154 136//154
f 136//155 135//155 137//155
f 134//156 137//156 135//156
f 137//157 138//157 136//157
f 137//158 139//158 138//158
f 139//159 137//159 140//159
f 141//160 140//160 137//160
f 137//161 134//161 141//161
f 142//162 141//162 146//162
f 143//163 141//163 142//163
f 141//164 143//164 140//164
f 146//165 141//165 144//165
f 141//166 145//166 144//166
f 141//167 148//167 145//167
f 141//168 147//168 148//168
f 147//169 141//169 134//169
f 150//170 148//170 149//170
f 148//171 151//171 149//171
f 150//172 145//172 148//172
f 151//173 148//173 147//173
f 147//174 152//174 151//174
f 153//175 151//175 152//175
f 151//176 153//176 154//176
f 154//177 149//177 151//177
f 155//178 156//178 154//178
f 154//179 157//179 155//179
f 149//180 154//180 156//180
f 157//181 154//181 153//181
f 157//182 158//182 160//182
f 158//183 157//183 159//183
f 153//184 159//184 157//184
f 160//185 155//185 157//185
f 161//186 160//186 158//186
f 160//187 161//187 162//187
f 162//188 163//188 160//188
f 155//189 160//189 163//189
f 163//190 166//190 155//190
f 163//191 162//191 164//191
f 164//192 165//192 163//192
f 166//193 163//193 165//193
f 166//85 165//85 167//85
f 166//85 167//85 168//85
f 168//194 156//194 166//194
f 156//195 155//195 166//195
f 169//194 156//194 168//194
f 173//196 169//196 168//196
f 170//197 168//197 172//197
f 168//198 170//198 173//198
f 168//199 167//199 171//199
f 171//200 172//200 168//200
f 174//201 173//201 170//201
f 173//202 174//202 169//202
f 174//203 175//203 177//203
f 174//204 176//204 175//204
f 170//205 176//205 174//205
f 169//206 174//206 177//206
f 179//207 177//207 175//207
f 177//208 180//208 169//208
f 177//209 179//209 178//209
f 178//210 181//210 177//210
f 177//211 181//211 180//211
f 182//212 181//212 183//212
f 181//194 182//194 180//194
f 181//213 178//213 183//213
f 185//214 183//214 178//214
f 183//215 184//215 186//215
f 183//216 185//216 184//216
f 186//217 182//217 183//217
f 187//218 188//218 186//218
f 187//219 186//219 184//219
f 186//220 188//220 189//220
f 182//85 186//85 190//85
f 189//5 190//5 186//5
f 190//221 191//221 193//221
f 190//222 192//222 191//222
f 142//223 192//223 190//223
f 190//224 193//224 182//224
f 194//85 142//85 190//85
f 194//85 190//85 189//85
f 194//225 195//225 196//225
f 189//226 195//226 194//226
f 197//227 194//227 196//227
f 197//85 142//85 194//85
f 198//228 197//228 196//228
f 199//229 142//229 197//229
f 199//230 197//230 198//230
f 199//231 200//231 202//231
f 200//232 199//232 201//232
f 199//233 198//233 201//233
f 202//234 143//234 199//234
f 143//235 142//235 199//235
f 112//236 110//236 202//236
f 112//237 202//237 113//237
f 200//238 203//238 202//238
f 113//239 202//239 203//239
f 110//194 143//194 202//194
f 200//240 204//240 203//240
f 205//241 203//241 204//241
f 113//242 203//242 205//242
f 206//243 210//243 205//243
f 205//244 208//244 206//244
f 207//245 209//245 205//245
f 205//246 204//246 207//246
f 208//247 205//247 209//247
f 205//248 210//248 113//248
f 211//249 210//249 206//249
f 113//250 210//250 211//250
f 206//251 123//251 211//251
f 116//252 211//252 123//252
f 114//253 211//253 116//253
f 211//254 114//254 113//254
f 209//255 212//255 208//255
f 212//256 209//256 213//256
f 209//257 214//257 213//257
f 207//258 214//258 209//258
f 213//259 214//259 216//259
f 217//260 215//260 214//260
f 215//261 216//261 214//261
f 217//262 214//262 207//262
f 217//263 219//263 218//263
f 215//264 217//264 218//264
f 217//265 220//265 219//265
f 220//266 217//266 207//266
f 222//267 220//267 221//267
f 221//268 220//268 207//268
f 219//269 220//269 222//269
f 221//270 223//270 222//270
f 224//271 222//271 223//271
f 224//272 225//272 222//272
f 225//273 226//273 222//273
f 226//274 219//274 222//274
f 218//275 226//275 229//275
f 219//276 226//276 218//276
f 227//277 226//277 228//277
f 226//278 227//278 229//278
f 228//279 226//279 225//279
f 229//280 231//280 218//280
f 230//281 231//281 229//281
f 232//282 230//282 229//282
f 232//283 229//283 227//283
f 230//284 232//284 233//284
f 175//285 232//285 179//285
f 232//286 175//286 233//286
f 232//287 234//287 179//287
f 227//288 234//288 232//288
f 178//289 234//289 185//289
f 185//290 234//290 228//290
f 179//291 234//291 178//291
f 227//292 228//292 234//292
f 233//293 236//293 235//293
f 233//294 235//294 237//294
f 233//295 175//295 236//295
f 233//296 237//296 230//296
f 237//297 235//297 238//297
f 237//298 238//298 240//298
f 237//299 239//299 230//299
f 240//300 239//300 237//300
f 243//301 240//301 241//301
f 241//154 240//154 152//154
f 238//154 152//154 240//154
f 242//302 239//302 240//302
f 242//303 240//303 243//303
f 241//304 247//304 243//304
f 244//305 243//305 247//305
f 243//306 244//306 245//306
f 246//307 243//307 245//307
f 243//308 246//308 242//308
f 248//309 244//309 247//309
f 248//310 247//310 133//310
f 247//311 134//311 133//311
f 241//312 134//312 247//312
f 216//313 244//313 248//313
f 213//314 216//314 248//314
f 133//315 213//315 248//315
f 242//316 246//316 230//316
f 218//317 231//317 246//317
f 230//318 246//318 231//318
f 245//319 218//319 246//319
f 245//320 244//320 215//320
f 215//321 218//321 245//321
f 244//322 216//322 215//322
f 230//323 239//323 242//323
f 134//324 241//324 147//324
f 152//325 147//325 241//325
f 249//326 238//326 235//326
f 249//312 250//312 238//312
f 152//154 238//154 250//154
f 249//154 251//154 250//154
f 152//327 250//327 153//327
f 250//154 251//154 159//154
f 159//328 153//328 250//328
f 251//329 252//329 159//329
f 252//330 251//330 254//330
f 251//331 253//331 254//331
f 253//332 251//332 249//332
f 255//333 254//333 256//333
f 254//334 255//334 257//334
f 254//335 257//335 252//335
f 256//336 254//336 253//336
f 257//337 258//337 261//337
f 259//338 258//338 257//338
f 259//339 257//339 260//339
f 260//340 257//340 262//340
f 261//341 252//341 257//341
f 257//342 255//342 262//342
f 255//343 263//343 262//343
f 263//344 264//344 262//344
f 262//345 264//345 260//345
f 265//346 260//346 264//346
f 265//347 264//347 263//347
f 265//348 266//348 267//348
f 269//349 266//349 265//349
f 260//350 265//350 268//350
f 263//351 269//351 265//351
f 265//352 267//352 268//352
f 269//353 270//353 266//353
f 269//354 171//354 270//354
f 271//355 171//355 269//355
f 271//356 269//356 263//356
f 171//357 271//357 272//357
f 271//358 263//358 272//358
f 272//359 273//359 170//359
f 170//360 172//360 272//360
f 272//361 172//361 171//361
f 272//362 274//362 273//362
f 274//363 272//363 255//363
f 255//364 272//364 263//364
f 275//365 273//365 274//365
f 274//366 256//366 275//366
f 256//367 274//367 255//367
f 236//368 176//368 275//368
f 236//369 275//369 253//369
f 275//370 176//370 273//370
f 253//371 275//371 256//371
f 170//372 273//372 176//372
f 167//373 165//373 270//373
f 171//374 167//374 270//374
f 266//375 270//375 276//375
f 276//376 270//376 165//376
f 276//377 277//377 266//377
f 276//378 278//378 277//378
f 164//6 276//6 165//6
f 276//194 164//194 280//194
f 279//379 278//379 276//379
f 276//380 280//380 279//380
f 164//5 281//5 280//5
f 280//381 281//381 282//381
f 279//382 280//382 282//382
f 282//383 284//383 283//383
f 282//384 283//384 285//384
f 282//385 286//385 284//385
f 285//386 279//386 282//386
f 282//387 281//387 286//387
f 287//388 284//388 286//388
f 286//389 288//389 287//389
f 289//390 288//390 286//390
f 286//391 281//391 289//391
f 35//5 290//5 289//5
f 289//392 290//392 288//392
f 35//5 289//5 281//5
f 32//5 290//5 35//5
f 290//5 32//5 3//5
f 291//393 288//393 290//393
f 291//394 290//394 292//394
f 290//395 3//395 292//395
f 292//396 295//396 293//396
f 292//397 293//397 294//397
f 292//398 294//398 296//398
f 295//399 292//399 3//399
f 291//400 292//400 297//400
f 296//401 298//401 292//401
f 298//402 297//402 292//402
f 298//403 296//403 299//403
f 298//404 299//404 301//404
f 297//405 298//405 300//405
f 300//406 298//406 301//406
f 301//407 299//407 302//407
f 302//408 306//408 301//408
f 301//409 304//409 303//409
f 301//410 303//410 305//410
f 301//411 305//411 300//411
f 301//412 306//412 304//412
f 306//413 307//413 4//413
f 306//414 4//414 7//414
f 306//415 302//415 16//415
f 307//416 306//416 15//416
f 304//417 306//417 7//417
f 16//418 15//418 306//418
f 308//419 307//419 15//419
f 308//420 4//420 307//420
f 2//421 308//421 309//421
f 2//422 4//422 308//422
f 15//423 309//423 308//423
f 15//424 13//424 309//424
f 309//425 310//425 2//425
f 309//426 12//426 310//426
f 12//427 309//427 13//427
f 310//428 311//428 2//428
f 310//429 312//429 311//429
f 312//430 310//430 12//430
f 312//431 12//431 5//431
f 5//432 313//432 312//432
f 313//433 311//433 312//433
f 315//434 314//434 313//434
f 311//435 313//435 314//435
f 32//436 315//436 313//436
f 32//437 313//437 5//437
f 317//438 316//438 315//438
f 314//439 315//439 316//439
f 32//440 317//440 315//440
f 18//441 318//441 317//441
f 316//442 317//442 318//442
f 317//443 21//443 18//443
f 21//444 317//444 32//444
f 318//445 18//445 19//445
f 318//446 19//446 296//446
f 316//447 318//447 296//447
f 314//448 316//448 294//448
f 296//449 294//449 316//449
f 311//450 314//450 295//450
f 293//451 295//451 314//451
f 294//452 293//452 314//452
f 295//453 2//453 311//453
f 303//454 319//454 305//454
f 305//455 319//455 320//455
f 305//456 320//456 321//456
f 321//457 300//457 305//457
f 297//458 321//458 322//458
f 321//459 323//459 322//459
f 300//460 321//460 297//460
f 321//461 320//461 323//461
f 322//462 323//462 326//462
f 324//463 326//463 323//463
f 323//464 325//464 324//464
f 325//465 323//465 320//465
f 287//466 288//466 326//466
f 326//467 288//467 327//467
f 322//468 326//468 327//468
f 326//469 324//469 287//469
f 291//470 297//470 327//470
f 322//471 327//471 297//471
f 288//472 291//472 327//472
f 320//473 328//473 325//473
f 328//474 330//474 325//474
f 329//475 331//475 325//475
f 329//476 325//476 330//476
f 325//477 331//477 324//477
f 331//478 332//478 324//478
f 329//479 332//479 331//479
f 332//480 329//480 333//480
f 332//481 333//481 334//481
f 332//482 334//482 335//482
f 283//483 332//483 335//483
f 324//484 332//484 284//484
f 284//485 332//485 283//485
f 283//486 335//486 336//486
f 335//487 337//487 336//487
f 335//488 334//488 337//488
f 338//489 339//489 337//489
f 337//490 334//490 338//490
f 337//491 339//491 340//491
f 336//492 337//492 340//492
f 341//493 340//493 342//493
f 341//494 343//494 340//494
f 342//495 340//495 344//495
f 344//496 340//496 339//496
f 336//497 340//497 343//497
f 339//498 346//498 344//498
f 344//499 347//499 345//499
f 345//500 342//500 344//500
f 346//501 347//501 344//501
f 261//154 347//154 158//154
f 345//502 347//502 261//502
f 348//154 158//154 347//154
f 347//312 346//312 348//312
f 158//503 348//503 161//503
f 348//312 346//312 349//312
f 349//504 161//504 348//504
f 349//312 350//312 352//312
f 346//312 350//312 349//312
f 351//505 349//505 352//505
f 353//506 349//506 351//506
f 161//507 349//507 353//507
f 72//508 353//508 354//508
f 353//509 72//509 356//509
f 353//510 355//510 354//510
f 353//511 351//511 355//511
f 353//512 162//512 161//512
f 162//513 353//513 356//513
f 356//514 164//514 162//514
f 356//515 65//515 164//515
f 65//516 356//516 72//516
f 28//517 354//517 355//517
f 351//518 28//518 355//518
f 354//519 28//519 29//519
f 354//520 49//520 77//520
f 29//521 49//521 354//521
f 354//522 357//522 72//522
f 354//523 359//523 357//523
f 358//524 354//524 77//524
f 360//525 354//525 358//525
f 359//526 354//526 361//526
f 361//527 354//527 360//527
f 360//528 362//528 361//528
f 363//529 361//529 362//529
f 361//530 363//530 359//530
f 29//531 33//531 363//531
f 363//532 362//532 29//532
f 33//533 359//533 363//533
f 362//534 360//534 364//534
f 362//535 364//535 29//535
f 364//536 360//536 365//536
f 364//537 365//537 29//537
f 365//538 360//538 368//538
f 366//539 365//539 368//539
f 367//540 365//540 366//540
f 365//541 367//541 29//541
f 360//542 358//542 368//542
f 369//543 368//543 358//543
f 369//544 366//544 368//544
f 369//545 372//545 370//545
f 370//546 366//546 369//546
f 369//547 358//547 371//547
f 372//548 369//548 371//548
f 373//549 370//549 372//549
f 373//550 372//550 52//550
f 372//551 55//551 52//551
f 55//552 372//552 374//552
f 375//548 374//548 372//548
f 371//548 375//548 372//548
f 374//553 375//553 376//553
f 375//554 371//554 376//554
f 367//555 376//555 371//555
f 366//556 376//556 367//556
f 370//58 373//58 376//58
f 370//557 376//557 366//557
f 377//58 376//58 373//58
f 376//558 377//558 374//558
f 377//559 54//559 374//559
f 373//58 52//58 377//58
f 54//58 377//58 52//58
f 378//548 55//548 374//548
f 378//560 374//560 54//560
f 53//561 71//561 378//561
f 53//562 378//562 54//562
f 71//563 55//563 378//563
f 371//564 358//564 367//564
f 379//565 367//565 358//565
f 367//566 379//566 49//566
f 367//567 49//567 29//567
f 380//568 379//568 382//568
f 49//569 379//569 380//569
f 381//570 379//570 358//570
f 381//571 382//571 379//571
f 382//572 75//572 380//572
f 382//573 381//573 77//573
f 77//574 75//574 382//574
f 77//575 381//575 358//575
f 49//576 380//576 383//576
f 383//577 380//577 75//577
f 49//578 383//578 48//578
f 383//579 75//579 48//579
f 359//580 33//580 357//580
f 33//581 34//581 357//581
f 357//582 34//582 384//582
f 72//583 357//583 384//583
f 34//584 31//584 384//584
f 72//585 384//585 57//585
f 57//586 384//586 31//586
f 330//587 352//587 386//587
f 385//312 352//312 330//312
f 385//588 351//588 352//588
f 386//589 352//589 350//589
f 333//590 386//590 350//590
f 386//591 333//591 329//591
f 329//592 330//592 386//592
f 330//154 328//154 385//154
f 351//593 385//593 27//593
f 385//594 24//594 27//594
f 385//312 387//312 24//312
f 385//154 328//154 387//154
f 387//595 389//595 388//595
f 390//596 387//596 388//596
f 389//597 387//597 328//597
f 24//598 387//598 390//598
f 388//599 391//599 390//599
f 392//600 390//600 391//600
f 392//601 24//601 390//601
f 392//602 393//602 394//602
f 391//603 393//603 392//603
f 394//604 395//604 392//604
f 24//312 392//312 25//312
f 25//605 392//605 395//605
f 396//606 395//606 394//606
f 397//607 395//607 396//607
f 398//608 395//608 397//608
f 398//609 399//609 395//609
f 395//154 399//154 400//154
f 25//154 395//154 400//154
f 399//610 401//610 400//610
f 25//611 400//611 401//611
f 402//612 11//612 401//612
f 401//613 403//613 402//613
f 9//614 401//614 11//614
f 401//615 9//615 22//615
f 401//616 399//616 403//616
f 401//617 22//617 25//617
f 405//618 403//618 399//618
f 404//619 402//619 403//619
f 403//620 405//620 404//620
f 405//621 406//621 408//621
f 406//622 405//622 407//622
f 399//623 407//623 405//623
f 408//624 404//624 405//624
f 411//625 408//625 406//625
f 409//626 408//626 410//626
f 408//627 409//627 404//627
f 410//628 408//628 412//628
f 408//629 411//629 412//629
f 413//630 410//630 412//630
f 414//631 413//631 412//631
f 412//632 415//632 414//632
f 416//633 415//633 412//633
f 411//634 416//634 412//634
f 417//635 416//635 411//635
f 416//636 417//636 419//636
f 419//637 418//637 416//637
f 420//638 416//638 418//638
f 415//639 416//639 420//639
f 421//640 420//640 422//640
f 423//641 420//641 421//641
f 418//642 422//642 420//642
f 423//643 415//643 420//643
f 423//644 424//644 426//644
f 421//645 424//645 423//645
f 426//646 425//646 423//646
f 415//647 423//647 425//647
f 430//648 426//648 424//648
f 428//5 426//5 427//5
f 426//5 430//5 427//5
f 429//5 426//5 428//5
f 426//194 429//194 425//194
f 424//649 431//649 430//649
f 433//650 430//650 431//650
f 430//651 432//651 427//651
f 430//651 433//651 432//651
f 431//650 435//650 433//650
f 434//5 432//5 433//5
f 434//652 433//652 435//652
f 435//653 431//653 421//653
f 435//654 421//654 436//654
f 436//655 437//655 435//655
f 435//652 437//652 434//652
f 437//656 436//656 438//656
f 440//657 437//657 438//657
f 439//658 434//658 437//658
f 437//659 440//659 439//659
f 440//660 438//660 441//660
f 440//661 441//661 442//661
f 440//662 442//662 443//662
f 443//663 439//663 440//663
f 445//664 443//664 442//664
f 443//85 444//85 446//85
f 443//665 445//665 444//665
f 447//84 439//84 443//84
f 447//84 443//84 446//84
f 447//85 448//85 439//85
f 448//666 447//666 450//666
f 449//667 450//667 447//667
f 447//668 446//668 449//668
f 450//669 451//669 448//669
f 450//670 449//670 451//670
f 453//671 448//671 451//671
f 451//194 454//194 452//194
f 451//672 452//672 453//672
f 451//85 455//85 454//85
f 456//84 455//84 451//84
f 451//673 449//673 456//673
f 456//674 449//674 446//674
f 446//675 457//675 456//675
f 455//676 456//676 457//676
f 459//84 457//84 458//84
f 457//84 446//84 458//84
f 457//677 459//677 460//677
f 457//678 460//678 455//678
f 459//104 462//104 460//104
f 461//679 455//679 460//679
f 460//680 462//680 461//680
f 459//5 463//5 462//5
f 462//6 463//6 464//6
f 462//681 464//681 465//681
f 465//682 461//682 462//682
f 465//670 454//670 461//670
f 454//683 465//683 464//683
f 464//5 466//5 469//5
f 463//5 466//5 464//5
f 464//85 468//85 467//85
f 467//85 470//85 464//85
f 464//85 469//85 468//85
f 464//684 470//684 454//684
f 471//5 470//5 467//5
f 471//5 453//5 470//5
f 452//685 454//685 470//685
f 470//686 453//686 452//686
f 448//5 453//5 471//5
f 439//85 448//85 471//85
f 471//687 472//687 473//687
f 472//688 471//688 467//688
f 432//5 434//5 471//5
f 475//689 432//689 471//689
f 471//690 473//690 474//690
f 471//691 474//691 475//691
f 471//85 434//85 439//85
f 475//692 474//692 476//692
f 475//693 476//693 477//693
f 477//694 478//694 475//694
f 432//695 475//695 478//695
f 480//696 478//696 479//696
f 477//697 479//697 478//697
f 478//698 480//698 481//698
f 478//699 427//699 432//699
f 427//700 478//700 481//700
f 481//701 483//701 482//701
f 481//702 482//702 427//702
f 483//703 481//703 480//703
f 485//85 482//85 483//85
f 484//85 485//85 483//85
f 480//704 484//704 483//704
f 487//194 485//194 484//194
f 485//6 489//6 482//6
f 489//705 485//705 486//705
f 488//706 486//706 485//706
f 485//707 487//707 488//707
f 489//104 428//104 482//104
f 486//708 490//708 489//708
f 428//709 489//709 490//709
f 486//710 491//710 490//710
f 490//711 491//711 428//711
f 488//212 491//212 486//212
f 488//651 494//651 491//651
f 491//712 493//712 429//712
f 429//713 428//713 491//713
f 492//6 491//6 495//6
f 493//714 491//714 492//714
f 491//85 494//85 495//85
f 494//715 496//715 495//715
f 495//716 496//716 497//716
f 497//717 498//717 495//717
f 492//718 495//718 498//718
f 410//719 498//719 497//719
f 498//5 414//5 425//5
f 414//5 498//5 410//5
f 429//85 498//85 425//85
f 493//720 492//720 498//720
f 498//721 429//721 493//721
f 410//84 497//84 499//84
f 499//722 497//722 496//722
f 410//723 499//723 500//723
f 500//724 499//724 496//724
f 410//5 500//5 409//5
f 409//85 500//85 487//85
f 487//668 500//668 494//668
f 496//725 494//725 500//725
f 494//726 488//726 487//726
f 487//85 504//85 409//85
f 501//84 502//84 487//84
f 484//85 501//85 487//85
f 502//194 503//194 487//194
f 503//651 504//651 487//651
f 504//727 503//727 506//727
f 504//6 505//6 409//6
f 504//728 507//728 505//728
f 506//729 507//729 504//729
f 508//730 507//730 511//730
f 508//731 505//731 507//731
f 507//732 506//732 509//732
f 507//733 509//733 510//733
f 510//734 511//734 507//734
f 512//735 511//735 510//735
f 508//736 511//736 512//736
f 512//737 513//737 515//737
f 516//738 513//738 512//738
f 512//739 510//739 514//739
f 514//740 516//740 512//740
f 515//741 508//741 512//741
f 517//742 513//742 516//742
f 516//743 518//743 517//743
f 516//744 514//744 519//744
f 397//745 516//745 519//745
f 397//746 518//746 516//746
f 397//747 519//747 520//747
f 520//748 519//748 522//748
f 514//749 521//749 519//749
f 519//750 521//750 522//750
f 523//751 520//751 522//751
f 521//752 523//752 522//752
f 524//753 520//753 523//753
f 527//754 524//754 523//754
f 525//755 523//755 521//755
f 523//756 525//756 526//756
f 523//757 526//757 527//757
f 527//758 526//758 528//758
f 528//759 529//759 527//759
f 529//760 524//760 527//760
f 531//761 529//761 530//761
f 528//762 530//762 529//762
f 529//304 407//304 524//304
f 406//312 529//312 531//312
f 407//312 529//312 406//312
f 406//154 531//154 533//154
f 532//763 531//763 534//763
f 532//764 533//764 531//764
f 530//765 534//765 531//765
f 530//766 528//766 534//766
f 535//767 534//767 528//767
f 536//768 534//768 535//768
f 534//769 536//769 532//769
f 537//770 539//770 536//770
f 537//771 536//771 538//771
f 538//772 536//772 535//772
f 536//773 539//773 532//773
f 539//774 540//774 532//774
f 539//775 537//775 540//775
f 542//776 540//776 541//776
f 537//777 541//777 540//777
f 540//778 542//778 533//778
f 533//779 532//779 540//779
f 411//780 542//780 543//780
f 543//781 542//781 541//781
f 411//782 533//782 542//782
f 544//312 543//312 546//312
f 411//312 543//312 544//312
f 541//783 545//783 543//783
f 545//784 546//784 543//784
f 548//785 546//785 545//785
f 546//786 548//786 547//786
f 547//787 550//787 546//787
f 549//154 546//154 550//154
f 544//154 546//154 549//154
f 549//312 550//312 552//312
f 550//788 547//788 551//788
f 551//789 552//789 550//789
f 549//154 552//154 553//154
f 553//304 552//304 555//304
f 555//790 552//790 554//790
f 551//791 554//791 552//791
f 553//312 555//312 558//312
f 557//792 555//792 554//792
f 556//793 555//793 557//793
f 556//794 558//794 555//794
f 553//154 558//154 559//154
f 559//795 558//795 560//795
f 560//796 558//796 561//796
f 558//797 556//797 561//797
f 562//798 561//798 564//798
f 563//799 561//799 562//799
f 560//800 561//800 563//800
f 561//801 556//801 564//801
f 562//802 564//802 565//802
f 565//803 564//803 556//803
f 562//804 565//804 566//804
f 566//805 565//805 567//805
f 565//806 557//806 567//806
f 557//807 565//807 556//807
f 569//808 568//808 567//808
f 567//809 568//809 570//809
f 572//810 566//810 567//810
f 567//811 557//811 569//811
f 570//812 571//812 567//812
f 567//813 571//813 572//813
f 573//814 575//814 572//814
f 572//815 571//815 573//815
f 574//816 566//816 572//816
f 575//817 574//817 572//817
f 574//818 575//818 576//818
f 573//819 576//819 575//819
f 463//84 576//84 466//84
f 466//820 576//820 573//820
f 577//821 576//821 463//821
f 576//822 577//822 578//822
f 576//823 579//823 574//823
f 579//824 576//824 578//824
f 582//825 579//825 578//825
f 574//826 579//826 581//826
f 579//827 582//827 580//827
f 581//828 579//828 580//828
f 577//829 582//829 578//829
f 583//830 582//830 577//830
f 583//831 584//831 582//831
f 582//832 584//832 580//832
f 584//833 583//833 588//833
f 584//834 581//834 580//834
f 584//835 585//835 581//835
f 584//836 587//836 585//836
f 588//837 586//837 584//837
f 586//838 587//838 584//838
f 583//839 589//839 588//839
f 588//840 589//840 590//840
f 588//841 590//841 591//841
f 591//842 586//842 588//842
f 591//843 592//843 593//843
f 594//844 592//844 591//844
f 593//845 586//845 591//845
f 591//846 595//846 594//846
f 591//847 596//847 595//847
f 596//848 591//848 590//848
f 597//849 595//849 596//849
f 599//850 597//850 596//850
f 596//851 590//851 589//851
f 596//852 598//852 599//852
f 589//853 598//853 596//853
f 603//854 600//854 599//854
f 599//855 600//855 601//855
f 601//856 602//856 599//856
f 597//857 599//857 602//857
f 599//858 598//858 603//858
f 600//859 603//859 606//859
f 603//860 589//860 605//860
f 603//861 598//861 589//861
f 603//862 605//862 604//862
f 604//863 606//863 603//863
f 607//864 606//864 604//864
f 608//865 606//865 607//865
f 608//866 600//866 606//866
f 600//867 608//867 601//867
f 613//868 609//868 608//868
f 601//869 608//869 609//869
f 612//821 608//821 610//821
f 611//821 610//821 608//821
f 608//85 607//85 611//85
f 608//870 612//870 613//870
f 613//871 614//871 615//871
f 618//872 614//872 613//872
f 613//873 615//873 617//873
f 609//874 613//874 616//874
f 612//875 618//875 613//875
f 613//876 617//876 616//876
f 619//877 620//877 618//877
f 618//878 621//878 619//878
f 614//879 618//879 620//879
f 612//880 621//880 618//880
f 621//881 622//881 624//881
f 623//882 622//882 621//882
f 621//883 612//883 623//883
f 624//884 619//884 621//884
f 625//885 626//885 624//885
f 625//886 624//886 622//886
f 627//887 624//887 626//887
f 624//888 627//888 619//888
f 627//889 626//889 628//889
f 628//890 629//890 627//890
f 629//891 619//891 627//891
f 610//892 629//892 628//892
f 610//893 630//893 629//893
f 630//894 620//894 629//894
f 619//895 629//895 620//895
f 620//896 630//896 631//896
f 632//897 631//897 630//897
f 610//898 632//898 630//898
f 633//899 634//899 632//899
f 632//900 635//900 633//900
f 631//901 632//901 634//901
f 635//902 632//902 610//902
f 633//903 635//903 636//903
f 638//904 636//904 635//904
f 610//905 637//905 635//905
f 639//85 635//85 637//85
f 638//906 635//906 640//906
f 641//115 635//115 639//115
f 640//6 635//6 641//6
f 640//907 641//907 642//907
f 643//908 642//908 641//908
f 641//909 639//909 643//909
f 644//910 645//910 643//910
f 643//911 647//911 644//911
f 645//912 642//912 643//912
f 646//913 643//913 639//913
f 647//914 643//914 646//914
f 644//915 647//915 648//915
f 648//916 647//916 649//916
f 647//917 650//917 649//917
f 647//918 651//918 650//918
f 647//919 646//919 651//919
f 651//920 652//920 650//920
f 652//921 651//921 653//921
f 651//922 646//922 639//922
f 639//923 653//923 651//923
f 655//5 654//5 653//5
f 653//924 654//924 652//924
f 653//194 639//194 656//194
f 655//85 653//85 656//85
f 658//85 656//85 657//85
f 657//925 656//925 660//925
f 655//6 656//6 658//6
f 656//651 639//651 649//651
f 656//926 649//926 650//926
f 650//927 659//927 656//927
f 659//928 661//928 656//928
f 661//929 660//929 656//929
f 661//930 662//930 663//930
f 662//931 661//931 664//931
f 660//932 661//932 663//932
f 661//933 659//933 664//933
f 654//934 665//934 664//934
f 666//935 664//935 665//935
f 666//936 662//936 664//936
f 664//937 652//937 654//937
f 664//938 659//938 652//938
f 667//939 669//939 666//939
f 668//940 667//940 666//940
f 668//941 666//941 665//941
f 666//942 669//942 662//942
f 670//943 669//943 667//943
f 669//944 670//944 672//944
f 674//945 671//945 669//945
f 662//946 669//946 671//946
f 673//947 669//947 672//947
f 675//948 669//948 673//948
f 669//949 675//949 674//949
f 676//950 674//950 675//950
f 675//951 677//951 676//951
f 675//952 678//952 677//952
f 675//953 673//953 679//953
f 675//954 679//954 678//954
f 679//955 673//955 680//955
f 680//956 681//956 679//956
f 678//957 679//957 681//957
f 680//5 674//5 681//5
f 682//958 681//958 676//958
f 681//959 682//959 683//959
f 683//960 678//960 681//960
f 681//85 674//85 676//85
f 684//961 683//961 682//961
f 677//962 678//962 683//962
f 685//963 683//963 684//963
f 683//964 685//964 677//964
f 677//965 685//965 676//965
f 685//966 684//966 686//966
f 685//967 686//967 687//967
f 687//968 688//968 685//968
f 688//969 676//969 685//969
f 682//719 688//719 689//719
f 688//723 687//723 689//723
f 682//719 676//719 688//719
f 690//970 682//970 689//970
f 690//84 689//84 42//84
f 691//47 42//47 689//47
f 689//47 692//47 691//47
f 692//47 689//47 693//47
f 693//84 689//84 687//84
f 693//47 694//47 692//47
f 693//47 695//47 694//47
f 695//47 693//47 696//47
f 693//85 698//85 696//85
f 697//5 698//5 693//5
f 701//723 697//723 693//723
f 700//85 693//85 699//85
f 702//971 699//971 693//971
f 700//972 701//972 693//972
f 703//821 702//821 693//821
f 704//677 703//677 693//677
f 704//973 693//973 687//973
f 704//974 687//974 705//974
f 703//975 704//975 706//975
f 705//976 706//976 704//976
f 692//977 706//977 705//977
f 706//978 692//978 708//978
f 707//979 706//979 708//979
f 706//980 707//980 703//980
f 708//981 692//981 694//981
f 694//982 710//982 708//982
f 708//983 709//983 707//983
f 709//984 708//984 699//984
f 708//985 710//985 700//985
f 700//986 699//986 708//986
f 694//987 711//987 710//987
f 710//988 711//988 700//988
f 712//989 711//989 694//989
f 712//990 713//990 711//990
f 701//991 700//991 711//991
f 711//992 713//992 701//992
f 713//993 712//993 714//993
f 713//994 714//994 701//994
f 715//995 714//995 712//995
f 716//996 714//996 715//996
f 718//997 714//997 716//997
f 717//998 701//998 714//998
f 714//999 718//999 717//999
f 716//1000 719//1000 718//1000
f 718//1001 719//1001 720//1001
f 718//1002 720//1002 717//1002
f 719//1003 721//1003 720//1003
f 720//1004 721//1004 648//1004
f 722//1005 717//1005 720//1005
f 720//1006 648//1006 722//1006
f 722//5 724//5 723//5
f 722//5 723//5 717//5
f 722//85 637//85 724//85
f 649//115 637//115 722//115
f 649//1007 722//1007 648//1007
f 725//1008 727//1008 724//1008
f 724//1009 726//1009 725//1009
f 637//5 726//5 724//5
f 723//1010 724//1010 727//1010
f 725//1011 729//1011 727//1011
f 727//1012 648//1012 728//1012
f 727//1013 728//1013 723//1013
f 729//1014 648//1014 727//1014
f 730//1015 729//1015 733//1015
f 729//1016 730//1016 732//1016
f 731//1017 729//1017 725//1017
f 731//1018 733//1018 729//1018
f 732//1019 644//1019 729//1019
f 648//1020 729//1020 644//1020
f 733//1021 737//1021 730//1021
f 733//1022 731//1022 734//1022
f 733//1023 734//1023 735//1023
f 736//1024 733//1024 735//1024
f 733//1025 736//1025 737//1025
f 737//312 593//312 730//312
f 737//312 738//312 593//312
f 559//154 738//154 737//154
f 736//1026 559//1026 737//1026
f 559//1027 560//1027 738//1027
f 586//1028 593//1028 738//1028
f 738//1029 587//1029 586//1029
f 563//1030 587//1030 738//1030
f 738//1031 560//1031 563//1031
f 736//47 696//47 739//47
f 696//47 736//47 695//47
f 695//1032 736//1032 741//1032
f 742//1033 736//1033 739//1033
f 736//1034 735//1034 740//1034
f 741//1035 736//1035 740//1035
f 559//1036 736//1036 742//1036
f 559//1037 742//1037 553//1037
f 743//1038 742//1038 463//1038
f 742//1039 739//1039 463//1039
f 742//1040 743//1040 549//1040
f 549//1041 553//1041 742//1041
f 544//1042 743//1042 745//1042
f 544//1043 549//1043 743//1043
f 463//1044 459//1044 743//1044
f 458//1045 743//1045 459//1045
f 746//1046 744//1046 743//1046
f 744//1047 745//1047 743//1047
f 743//1048 458//1048 746//1048
f 744//1049 746//1049 747//1049
f 444//1050 746//1050 458//1050
f 746//1051 444//1051 445//1051
f 445//1052 747//1052 746//1052
f 441//1053 747//1053 442//1053
f 747//1054 441//1054 748//1054
f 748//1055 749//1055 747//1055
f 744//1056 747//1056 749//1056
f 445//1057 442//1057 747//1057
f 749//1058 750//1058 744//1058
f 749//1059 752//1059 750//1059
f 751//1060 752//1060 749//1060
f 749//1061 473//1061 751//1061
f 749//1062 748//1062 474//1062
f 474//1063 473//1063 749//1063
f 753//1064 755//1064 752//1064
f 752//1065 756//1065 753//1065
f 754//1066 758//1066 752//1066
f 754//1067 752//1067 755//1067
f 752//1068 751//1068 756//1068
f 758//1069 757//1069 752//1069
f 757//1070 750//1070 752//1070
f 758//1071 754//1071 759//1071
f 759//1072 761//1072 758//1072
f 761//1073 760//1073 758//1073
f 757//1074 758//1074 760//1074
f 762//1075 761//1075 759//1075
f 544//1076 761//1076 762//1076
f 760//1077 761//1077 544//1077
f 763//1078 762//1078 764//1078
f 762//1079 763//1079 411//1079
f 759//1080 764//1080 762//1080
f 411//1081 544//1081 762//1081
f 764//1082 765//1082 763//1082
f 766//1083 765//1083 764//1083
f 759//1084 766//1084 764//1084
f 766//1085 759//1085 767//1085
f 537//1086 766//1086 767//1086
f 537//1087 479//1087 766//1087
f 479//1088 768//1088 766//1088
f 766//1089 768//1089 765//1089
f 765//1090 768//1090 769//1090
f 417//1091 769//1091 768//1091
f 479//1092 419//1092 768//1092
f 768//1093 419//1093 417//1093
f 769//1094 763//1094 765//1094
f 411//1095 769//1095 417//1095
f 763//1096 769//1096 411//1096
f 770//1097 767//1097 759//1097
f 541//1098 767//1098 770//1098
f 541//1099 537//1099 767//1099
f 770//1100 545//1100 541//1100
f 770//1101 754//1101 545//1101
f 759//1102 754//1102 770//1102
f 760//1103 771//1103 757//1103
f 544//1104 771//1104 760//1104
f 771//1105 745//1105 757//1105
f 745//1106 771//1106 544//1106
f 750//1107 757//1107 745//1107
f 772//1108 756//1108 472//1108
f 756//1109 772//1109 570//1109
f 753//1110 756//1110 773//1110
f 756//1111 570//1111 773//1111
f 472//1112 756//1112 751//1112
f 773//1113 774//1113 753//1113
f 568//1114 569//1114 773//1114
f 773//1115 569//1115 774//1115
f 773//1116 570//1116 568//1116
f 774//1117 551//1117 753//1117
f 554//1118 774//1118 569//1118
f 554//1119 551//1119 774//1119
f 468//1120 772//1120 775//1120
f 472//1121 775//1121 772//1121
f 772//1122 468//1122 469//1122
f 469//1123 776//1123 772//1123
f 776//1124 570//1124 772//1124
f 573//1125 571//1125 776//1125
f 571//1126 570//1126 776//1126
f 573//1127 776//1127 466//1127
f 466//1128 776//1128 469//1128
f 775//1129 467//1129 468//1129
f 467//1130 775//1130 472//1130
f 777//1131 755//1131 753//1131
f 548//1132 754//1132 755//1132
f 548//1133 755//1133 777//1133
f 551//1134 777//1134 753//1134
f 777//1135 547//1135 548//1135
f 547//1136 777//1136 551//1136
f 754//1137 548//1137 545//1137
f 472//1138 751//1138 473//1138
f 745//1139 744//1139 750//1139
f 476//1140 748//1140 438//1140
f 441//1141 438//1141 748//1141
f 474//1142 748//1142 476//1142
f 741//1143 780//1143 695//1143
f 741//1144 740//1144 778//1144
f 778//1145 779//1145 741//1145
f 780//1146 741//1146 779//1146
f 695//1147 780//1147 712//1147
f 712//1148 780//1148 781//1148
f 779//1149 781//1149 780//1149
f 698//85 781//85 696//85
f 781//1150 698//1150 712//1150
f 781//212 779//212 696//212
f 779//710 778//710 696//710
f 778//84 783//84 782//84
f 778//5 782//5 696//5
f 740//1151 735//1151 778//1151
f 783//1152 778//1152 735//1152
f 785//5 782//5 783//5
f 735//1153 734//1153 783//1153
f 784//1154 783//1154 734//1154
f 784//5 785//5 783//5
f 611//1155 782//1155 785//1155
f 611//1156 785//1156 637//1156
f 726//85 637//85 785//85
f 726//5 785//5 784//5
f 726//1157 784//1157 731//1157
f 734//1158 731//1158 784//1158
f 786//1159 739//1159 782//1159
f 696//85 782//85 739//85
f 782//1160 611//1160 786//1160
f 577//84 463//84 786//84
f 739//1161 786//1161 463//1161
f 611//5 787//5 786//5
f 787//651 577//651 786//651
f 607//84 787//84 611//84
f 604//1162 787//1162 607//1162
f 605//1163 583//1163 787//1163
f 604//1164 605//1164 787//1164
f 577//1165 787//1165 583//1165
f 645//1166 644//1166 732//1166
f 645//1167 732//1167 789//1167
f 730//154 592//154 732//154
f 788//312 732//312 592//312
f 789//312 732//312 788//312
f 790//1168 791//1168 789//1168
f 790//1169 789//1169 794//1169
f 789//1170 791//1170 645//1170
f 789//605 792//605 794//605
f 793//1171 792//1171 789//1171
f 793//1172 789//1172 788//1172
f 794//1173 795//1173 790//1173
f 794//1174 796//1174 795//1174
f 796//1175 794//1175 799//1175
f 792//605 797//605 794//605
f 794//1176 797//1176 798//1176
f 794//1176 798//1176 799//1176
f 801//1177 796//1177 799//1177
f 799//605 800//605 801//605
f 799//1178 798//1178 800//1178
f 801//1179 802//1179 804//1179
f 802//1180 801//1180 803//1180
f 805//1181 803//1181 801//1181
f 801//1181 800//1181 805//1181
f 796//1182 801//1182 804//1182
f 809//154 803//154 805//154
f 805//1183 810//1183 806//1183
f 806//1184 809//1184 805//1184
f 810//1185 805//1185 807//1185
f 808//1186 807//1186 805//1186
f 805//1187 800//1187 808//1187
f 810//1188 811//1188 806//1188
f 810//1189 807//1189 811//1189
f 806//1190 811//1190 814//1190
f 814//1191 811//1191 812//1191
f 813//1192 812//1192 811//1192
f 811//1193 807//1193 813//1193
f 814//1194 812//1194 818//1194
f 814//1195 815//1195 806//1195
f 816//1196 815//1196 814//1196
f 814//1197 817//1197 816//1197
f 819//1198 817//1198 814//1198
f 814//1199 818//1199 819//1199
f 820//1200 817//1200 819//1200
f 820//1201 819//1201 822//1201
f 819//1202 818//1202 821//1202
f 821//1203 823//1203 819//1203
f 822//1204 819//1204 823//1204
f 824//1205 823//1205 821//1205
f 825//1206 823//1206 824//1206
f 822//1207 823//1207 825//1207
f 118//1208 826//1208 825//1208
f 825//1209 826//1209 822//1209
f 105//1210 825//1210 824//1210
f 825//1211 108//1211 118//1211
f 105//1212 108//1212 825//1212
f 820//1213 826//1213 118//1213
f 822//1214 826//1214 820//1214
f 827//1215 103//1215 824//1215
f 824//1216 828//1216 827//1216
f 821//1217 828//1217 824//1217
f 105//1218 824//1218 103//1218
f 828//1219 829//1219 827//1219
f 829//1220 828//1220 830//1220
f 828//1221 831//1221 830//1221
f 828//1222 821//1222 831//1222
f 830//1223 831//1223 833//1223
f 832//1224 831//1224 821//1224
f 834//1225 831//1225 832//1225
f 831//1226 834//1226 833//1226
f 832//1227 813//1227 834//1227
f 836//1228 834//1228 813//1228
f 834//1229 835//1229 833//1229
f 835//1230 834//1230 836//1230
f 837//1231 839//1231 836//1231
f 807//1232 837//1232 836//1232
f 807//1233 836//1233 813//1233
f 838//1234 835//1234 836//1234
f 836//1235 839//1235 838//1235
f 837//1236 840//1236 839//1236
f 840//1237 841//1237 839//1237
f 838//1238 839//1238 841//1238
f 842//1239 843//1239 841//1239
f 844//1240 842//1240 841//1240
f 841//1241 843//1241 838//1241
f 845//1242 844//1242 841//1242
f 840//1243 845//1243 841//1243
f 845//1244 797//1244 846//1244
f 848//1245 845//1245 846//1245
f 845//1246 840//1246 847//1246
f 847//1247 797//1247 845//1247
f 848//1248 844//1248 845//1248
f 848//1249 851//1249 849//1249
f 844//1250 848//1250 849//1250
f 846//1251 850//1251 848//1251
f 850//1252 851//1252 848//1252
f 849//1253 851//1253 616//1253
f 851//1254 853//1254 616//1254
f 852//1255 851//1255 850//1255
f 852//1256 853//1256 851//1256
f 609//1257 616//1257 853//1257
f 609//1258 853//1258 601//1258
f 852//1259 601//1259 853//1259
f 854//1260 601//1260 852//1260
f 854//1261 852//1261 855//1261
f 855//1262 852//1262 850//1262
f 855//1263 856//1263 854//1263
f 793//1264 855//1264 846//1264
f 856//1265 855//1265 793//1265
f 850//1266 846//1266 855//1266
f 856//1267 857//1267 854//1267
f 788//1268 857//1268 856//1268
f 856//1269 793//1269 788//1269
f 854//1270 857//1270 595//1270
f 594//1271 857//1271 788//1271
f 594//1272 595//1272 857//1272
f 602//1273 601//1273 854//1273
f 854//1274 595//1274 602//1274
f 616//1275 617//1275 849//1275
f 844//1276 849//1276 842//1276
f 859//1277 858//1277 849//1277
f 849//1278 858//1278 842//1278
f 849//1279 617//1279 859//1279
f 858//1280 859//1280 860//1280
f 863//1281 860//1281 859//1281
f 863//1282 859//1282 861//1282
f 862//1283 861//1283 859//1283
f 859//1284 617//1284 862//1284
f 864//1285 863//1285 861//1285
f 864//1286 860//1286 863//1286
f 865//1287 864//1287 866//1287
f 865//1288 860//1288 864//1288
f 861//1289 866//1289 864//1289
f 861//1290 867//1290 866//1290
f 868//1291 866//1291 867//1291
f 866//1292 868//1292 625//1292
f 866//1293 625//1293 865//1293
f 626//1294 868//1294 869//1294
f 626//1295 625//1295 868//1295
f 868//1296 867//1296 869//1296
f 870//1297 873//1297 869//1297
f 867//1298 870//1298 869//1298
f 871//670 869//670 872//670
f 871//115 623//115 869//115
f 869//85 623//85 628//85
f 873//84 872//84 869//84
f 628//1299 626//1299 869//1299
f 64//5 99//5 873//5
f 873//85 874//85 64//85
f 875//1300 874//1300 873//1300
f 873//1301 870//1301 875//1301
f 872//670 873//670 877//670
f 99//84 876//84 873//84
f 877//1302 873//1302 876//1302
f 877//1303 876//1303 878//1303
f 877//1304 878//1304 879//1304
f 879//1305 872//1305 877//1305
f 879//1306 878//1306 838//1306
f 872//1307 879//1307 880//1307
f 879//1308 838//1308 843//1308
f 880//1309 879//1309 843//1309
f 880//1310 843//1310 842//1310
f 842//1311 858//1311 880//1311
f 880//1312 858//1312 871//1312
f 880//1313 871//1313 872//1313
f 881//1314 833//1314 878//1314
f 881//1315 878//1315 876//1315
f 878//1316 835//1316 838//1316
f 833//1317 835//1317 878//1317
f 882//1318 833//1318 881//1318
f 881//1319 876//1319 882//1319
f 882//1320 830//1320 833//1320
f 829//1321 830//1321 882//1321
f 882//1322 99//1322 829//1322
f 876//1323 99//1323 882//1323
f 875//1324 883//1324 874//1324
f 875//1325 43//1325 883//1325
f 43//1326 875//1326 870//1326
f 883//1327 46//1327 874//1327
f 43//1328 46//1328 883//1328
f 874//85 884//85 64//85
f 36//1329 874//1329 46//1329
f 874//85 887//85 884//85
f 885//85 874//85 888//85
f 885//1330 886//1330 874//1330
f 887//5 874//5 886//5
f 36//1331 888//1331 874//1331
f 888//85 164//85 65//85
f 65//85 889//85 888//85
f 889//194 891//194 888//194
f 885//85 888//85 890//85
f 892//85 890//85 888//85
f 891//85 892//85 888//85
f 164//85 888//85 35//85
f 35//1332 888//1332 36//1332
f 893//1333 894//1333 892//1333
f 892//1334 891//1334 893//1334
f 890//1335 892//1335 894//1335
f 894//1336 895//1336 890//1336
f 893//1337 895//1337 894//1337
f 899//1338 890//1338 895//1338
f 895//85 896//85 897//85
f 893//85 896//85 895//85
f 898//85 895//85 897//85
f 900//1339 895//1339 898//1339
f 901//1340 899//1340 895//1340
f 895//712 900//712 901//712
f 901//5 902//5 903//5
f 902//1341 901//1341 900//1341
f 901//194 903//194 904//194
f 901//85 885//85 899//85
f 901//1342 904//1342 885//1342
f 885//1343 904//1343 905//1343
f 904//1344 903//1344 905//1344
f 905//1345 906//1345 885//1345
f 905//1346 908//1346 906//1346
f 907//1347 905//1347 909//1347
f 905//6 907//6 908//6
f 909//1348 905//1348 903//1348
f 907//1349 909//1349 903//1349
f 886//1350 885//1350 908//1350
f 906//1351 908//1351 885//1351
f 908//1352 911//1352 886//1352
f 907//5 910//5 908//5
f 908//85 910//85 911//85
f 911//1353 912//1353 887//1353
f 887//1354 886//1354 911//1354
f 912//104 911//104 913//104
f 913//85 911//85 910//85
f 913//1355 910//1355 915//1355
f 912//1356 913//1356 914//1356
f 915//1357 914//1357 913//1357
f 64//1358 915//1358 916//1358
f 915//6 64//6 914//6
f 916//1359 915//1359 910//1359
f 64//85 916//85 65//85
f 916//5 917//5 65//5
f 910//1360 907//1360 916//1360
f 903//1361 916//1361 907//1361
f 916//651 903//651 917//651
f 65//651 917//651 918//651
f 917//1362 902//1362 898//1362
f 898//1363 897//1363 917//1363
f 918//1364 917//1364 897//1364
f 902//715 917//715 903//715
f 65//85 918//85 920//85
f 897//676 919//676 918//676
f 920//675 918//675 919//675
f 65//85 920//85 889//85
f 919//1365 896//1365 920//1365
f 889//1366 920//1366 896//1366
f 896//1367 919//1367 897//1367
f 914//1368 64//1368 884//1368
f 914//1369 884//1369 912//1369
f 884//1370 887//1370 912//1370
f 900//1371 898//1371 902//1371
f 885//651 890//651 899//651
f 896//3 893//3 921//3
f 896//1372 921//1372 889//1372
f 891//1373 889//1373 921//1373
f 921//1374 893//1374 891//1374
f 858//1375 860//1375 871//1375
f 860//1376 623//1376 871//1376
f 870//1377 633//1377 636//1377
f 870//1378 636//1378 922//1378
f 923//1379 870//1379 867//1379
f 922//1380 43//1380 870//1380
f 633//1381 870//1381 923//1381
f 867//1382 861//1382 923//1382
f 923//1383 862//1383 633//1383
f 862//1384 923//1384 861//1384
f 922//85 636//85 924//85
f 922//84 924//84 925//84
f 922//194 925//194 41//194
f 43//1385 922//1385 41//1385
f 41//1386 925//1386 926//1386
f 927//1387 926//1387 925//1387
f 925//1388 924//1388 927//1388
f 928//1389 795//1389 927//1389
f 927//1390 795//1390 926//1390
f 928//1391 927//1391 924//1391
f 929//1392 795//1392 928//1392
f 929//1393 928//1393 924//1393
f 929//1394 790//1394 795//1394
f 929//1395 930//1395 790//1395
f 929//1396 932//1396 930//1396
f 924//1397 931//1397 929//1397
f 932//1398 929//1398 931//1398
f 930//1399 932//1399 934//1399
f 934//1400 932//1400 933//1400
f 931//1401 933//1401 932//1401
f 930//1402 934//1402 935//1402
f 935//1403 934//1403 936//1403
f 936//1404 934//1404 937//1404
f 933//1405 937//1405 934//1405
f 937//670 636//670 938//670
f 937//5 938//5 939//5
f 937//5 939//5 940//5
f 933//85 636//85 937//85
f 937//1406 940//1406 936//1406
f 940//85 939//85 941//85
f 940//670 941//670 942//670
f 943//1407 936//1407 940//1407
f 940//1408 942//1408 943//1408
f 945//1409 943//1409 944//1409
f 944//1410 943//1410 946//1410
f 945//1411 936//1411 943//1411
f 946//1412 943//1412 942//1412
f 944//1413 946//1413 947//1413
f 947//1414 946//1414 948//1414
f 948//1415 946//1415 949//1415
f 942//1416 949//1416 946//1416
f 949//5 941//5 950//5
f 942//6 941//6 949//6
f 950//85 953//85 949//85
f 955//5 951//5 949//5
f 949//1417 951//1417 952//1417
f 952//1418 948//1418 949//1418
f 954//85 949//85 953//85
f 955//5 949//5 954//5
f 951//194 955//194 960//194
f 955//1419 954//1419 956//1419
f 956//1420 958//1420 955//1420
f 959//1421 955//1421 957//1421
f 958//1422 957//1422 955//1422
f 955//5 959//5 960//5
f 951//1423 960//1423 961//1423
f 962//1424 961//1424 960//1424
f 964//1425 962//1425 960//1425
f 960//85 959//85 963//85
f 960//1426 963//1426 964//1426
f 967//1427 964//1427 965//1427
f 965//1428 964//1428 963//1428
f 966//1429 962//1429 964//1429
f 966//1430 964//1430 967//1430
f 969//1431 967//1431 968//1431
f 971//1432 968//1432 967//1432
f 795//1433 967//1433 926//1433
f 795//1434 796//1434 967//1434
f 966//1435 967//1435 969//1435
f 970//1436 971//1436 967//1436
f 970//1437 967//1437 45//1437
f 49//1438 967//1438 972//1438
f 967//1439 49//1439 45//1439
f 804//1440 967//1440 796//1440
f 967//1441 804//1441 972//1441
f 926//1442 967//1442 965//1442
f 49//520 972//520 77//520
f 972//1443 63//1443 60//1443
f 972//1444 60//1444 77//1444
f 973//1445 972//1445 975//1445
f 973//1446 63//1446 972//1446
f 804//1447 974//1447 972//1447
f 974//1448 976//1448 972//1448
f 975//1449 972//1449 976//1449
f 976//1450 61//1450 975//1450
f 974//1451 61//1451 976//1451
f 975//1452 62//1452 973//1452
f 62//1453 975//1453 61//1453
f 804//1454 977//1454 974//1454
f 977//1455 978//1455 974//1455
f 61//1456 974//1456 978//1456
f 978//1457 59//1457 61//1457
f 979//1458 59//1458 978//1458
f 978//1459 977//1459 979//1459
f 980//1460 59//1460 979//1460
f 981//1461 980//1461 979//1461
f 982//1462 979//1462 977//1462
f 979//1463 982//1463 981//1463
f 982//1464 804//1464 802//1464
f 802//1465 88//1465 982//1465
f 804//1466 982//1466 977//1466
f 87//1467 982//1467 88//1467
f 87//1468 981//1468 982//1468
f 92//1469 980//1469 981//1469
f 90//1470 92//1470 981//1470
f 981//1471 87//1471 90//1471
f 59//1472 980//1472 66//1472
f 92//1473 66//1473 980//1473
f 973//1474 68//1474 983//1474
f 68//1475 973//1475 62//1475
f 983//1476 63//1476 973//1476
f 983//1477 984//1477 63//1477
f 69//1478 983//1478 68//1478
f 983//1479 69//1479 984//1479
f 80//1480 984//1480 986//1480
f 80//1481 985//1481 984//1481
f 984//1482 985//1482 63//1482
f 984//1483 69//1483 986//1483
f 80//1484 986//1484 83//1484
f 79//1485 986//1485 69//1485
f 986//1486 79//1486 83//1486
f 70//1487 985//1487 987//1487
f 985//1488 70//1488 63//1488
f 80//1489 67//1489 985//1489
f 985//1490 67//1490 987//1490
f 987//1491 138//1491 70//1491
f 987//1492 988//1492 138//1492
f 987//1493 989//1493 988//1493
f 989//1494 987//1494 67//1494
f 989//5 991//5 990//5
f 990//1495 988//1495 989//1495
f 991//5 989//5 73//5
f 67//1496 73//1496 989//1496
f 95//5 990//5 991//5
f 140//1497 991//1497 73//1497
f 101//1498 95//1498 991//1498
f 991//1499 140//1499 101//1499
f 94//5 990//5 95//5
f 988//1500 990//1500 992//1500
f 94//1501 992//1501 990//1501
f 992//1502 94//1502 995//1502
f 992//1503 994//1503 988//1503
f 994//1504 992//1504 993//1504
f 992//1505 995//1505 993//1505
f 995//1506 94//1506 996//1506
f 995//1507 996//1507 993//1507
f 996//1508 88//1508 993//1508
f 996//1509 91//1509 88//1509
f 91//1510 996//1510 94//1510
f 138//1511 994//1511 136//1511
f 994//1512 993//1512 136//1512
f 138//1513 988//1513 994//1513
f 998//1514 993//1514 88//1514
f 997//1515 993//1515 998//1515
f 997//1516 136//1516 993//1516
f 803//1517 997//1517 998//1517
f 803//1518 998//1518 802//1518
f 88//1519 802//1519 998//1519
f 999//154 997//154 1000//154
f 997//154 999//154 136//154
f 803//154 1000//154 997//154
f 1000//154 803//154 809//154
f 999//1520 1000//1520 816//1520
f 1000//1521 815//1521 816//1521
f 815//1522 1000//1522 809//1522
f 816//1523 1001//1523 999//1523
f 1002//1524 999//1524 1001//1524
f 136//312 999//312 128//312
f 124//1525 128//1525 999//1525
f 999//1526 1002//1526 124//1526
f 1002//1527 1003//1527 124//1527
f 1001//1528 1003//1528 1002//1528
f 1001//1529 1004//1529 1003//1529
f 1004//1530 117//1530 1003//1530
f 1003//1531 117//1531 120//1531
f 124//1532 1003//1532 120//1532
f 817//1533 1004//1533 1001//1533
f 117//1534 1004//1534 820//1534
f 820//1535 1004//1535 817//1535
f 816//1536 817//1536 1001//1536
f 971//1537 970//1537 38//1537
f 968//1538 971//1538 40//1538
f 38//1539 40//1539 971//1539
f 1005//1540 970//1540 45//1540
f 970//1541 1005//1541 39//1541
f 39//1542 38//1542 970//1542
f 44//1543 1005//1543 45//1543
f 1005//1544 44//1544 1007//1544
f 1006//1545 39//1545 1005//1545
f 1005//1546 1007//1546 1006//1546
f 1007//1547 44//1547 1010//1547
f 1009//1548 1006//1548 1007//1548
f 1010//1549 1008//1549 1007//1549
f 1007//1550 1008//1550 1009//1550
f 1013//1551 1010//1551 44//1551
f 1011//1552 1008//1552 1010//1552
f 1011//1553 1010//1553 1012//1553
f 1010//1554 1013//1554 1012//1554
f 1013//1555 44//1555 691//1555
f 691//1556 1014//1556 1013//1556
f 1013//1557 1014//1557 690//1557
f 690//1558 1012//1558 1013//1558
f 1014//1559 691//1559 705//1559
f 705//1560 686//1560 1014//1560
f 686//1561 684//1561 1014//1561
f 1014//1562 684//1562 682//1562
f 682//1563 690//1563 1014//1563
f 1012//5 42//5 1015//5
f 42//5 1012//5 690//5
f 1012//1564 1015//1564 1011//1564
f 1015//5 42//5 1009//5
f 1009//723 1016//723 1015//723
f 1015//1565 1016//1565 1017//1565
f 1017//1566 1011//1566 1015//1566
f 1018//1567 1020//1567 1017//1567
f 1018//1568 1017//1568 1016//1568
f 1017//1569 1019//1569 1011//1569
f 1017//1570 1020//1570 1019//1570
f 1018//1571 1022//1571 1020//1571
f 1019//1572 1020//1572 1021//1572
f 1023//1573 1021//1573 1020//1573
f 1020//1574 1022//1574 1023//1574
f 1023//85 953//85 1016//85
f 1023//104 1016//104 1021//104
f 954//85 953//85 1023//85
f 954//1575 1023//1575 1022//1575
f 1022//1576 956//1576 954//1576
f 1018//1577 956//1577 1022//1577
f 1021//5 1016//5 1009//5
f 1008//1578 1019//1578 1021//1578
f 1021//1579 1009//1579 1008//1579
f 1011//1580 1019//1580 1008//1580
f 1016//1581 953//1581 1018//1581
f 1024//1582 956//1582 1018//1582
f 1024//1583 1018//1583 953//1583
f 1024//1584 948//1584 956//1584
f 1024//1585 1027//1585 948//1585
f 953//1586 1025//1586 1024//1586
f 1026//1587 1024//1587 1025//1587
f 1026//1588 1027//1588 1024//1588
f 947//1589 948//1589 1027//1589
f 1027//1590 1026//1590 672//1590
f 672//1591 670//1591 1027//1591
f 950//1592 947//1592 1027//1592
f 1027//1593 1028//1593 950//1593
f 1028//1594 1027//1594 670//1594
f 1028//85 1025//85 950//85
f 1029//85 1025//85 1028//85
f 1029//1595 1028//1595 670//1595
f 1029//212 1030//212 680//212
f 1025//85 1029//85 680//85
f 670//1596 667//1596 1029//1596
f 1030//1597 1029//1597 667//1597
f 680//85 1030//85 674//85
f 1030//3 1032//3 1031//3
f 1031//651 674//651 1030//651
f 1034//85 1032//85 1030//85
f 667//1598 1033//1598 1030//1598
f 1034//1599 1030//1599 1033//1599
f 1034//5 1036//5 1035//5
f 1034//84 1035//84 1032//84
f 1038//85 1036//85 1034//85
f 1039//1600 1037//1600 1034//1600
f 1038//1601 1034//1601 1037//1601
f 1033//1602 1039//1602 1034//1602
f 1041//1603 1039//1603 1040//1603
f 1040//1604 1039//1604 1033//1604
f 1042//1605 1039//1605 1041//1605
f 1042//1606 1037//1606 1039//1606
f 1037//1607 1042//1607 1043//1607
f 1042//1608 1044//1608 1043//1608
f 1042//1609 1041//1609 1035//1609
f 1044//1610 1042//1610 1036//1610
f 1035//1611 1036//1611 1042//1611
f 791//1612 1045//1612 1044//1612
f 1046//1613 791//1613 1044//1613
f 1045//1614 1043//1614 1044//1614
f 1046//1615 1044//1615 1036//1615
f 791//1616 1046//1616 1047//1616
f 1036//1617 638//1617 1046//1617
f 1047//1618 1046//1618 638//1618
f 642//1619 645//1619 1047//1619
f 1047//1620 645//1620 791//1620
f 638//1621 640//1621 1047//1621
f 642//1622 1047//1622 640//1622
f 1045//1623 790//1623 1048//1623
f 1045//1624 1048//1624 938//1624
f 1043//1625 1045//1625 1049//1625
f 938//1626 1049//1626 1045//1626
f 1045//1627 791//1627 790//1627
f 1049//719 938//719 636//719
f 1049//85 636//85 1038//85
f 1049//1628 1038//1628 1043//1628
f 1048//1629 790//1629 930//1629
f 1048//1630 930//1630 938//1630
f 1037//1631 1043//1631 1038//1631
f 1041//1632 1040//1632 1032//1632
f 1032//1633 1035//1633 1041//1633
f 1040//1634 1033//1634 1050//1634
f 1040//1635 1050//1635 1031//1635
f 1031//1636 1032//1636 1040//1636
f 1050//1637 1033//1637 667//1637
f 1050//1638 667//1638 668//1638
f 1050//1639 668//1639 1051//1639
f 1051//1640 1031//1640 1050//1640
f 665//1641 1051//1641 668//1641
f 665//1642 671//1642 1051//1642
f 1051//1643 674//1643 1031//1643
f 674//84 1051//84 671//84
f 1038//85 636//85 1036//85
f 636//1644 638//1644 1036//1644
f 672//1645 1026//1645 1025//1645
f 1025//85 953//85 950//85
f 1025//1646 680//1646 672//1646
f 1009//194 42//194 1006//194
f 39//217 1006//217 42//217
f 40//1647 959//1647 969//1647
f 966//1648 969//1648 959//1648
f 969//1649 968//1649 40//1649
f 962//1650 966//1650 957//1650
f 957//1651 966//1651 959//1651
f 926//1652 965//1652 41//1652
f 963//1653 41//1653 965//1653
f 963//651 959//651 41//651
f 962//1654 957//1654 961//1654
f 958//1655 952//1655 961//1655
f 961//1656 952//1656 951//1656
f 961//1657 957//1657 958//1657
f 40//1342 41//1342 959//1342
f 956//1658 952//1658 958//1658
f 956//1659 948//1659 952//1659
f 944//1660 947//1660 950//1660
f 950//1661 941//1661 944//1661
f 935//1662 936//1662 945//1662
f 945//1663 944//1663 941//1663
f 935//1664 945//1664 939//1664
f 941//1665 939//1665 945//1665
f 939//1666 938//1666 930//1666
f 930//1667 935//1667 939//1667
f 931//85 636//85 933//85
f 924//1668 636//1668 931//1668
f 622//1669 865//1669 625//1669
f 623//1670 865//1670 622//1670
f 860//1671 865//1671 623//1671
f 634//1672 633//1672 862//1672
f 634//1673 862//1673 617//1673
f 847//1674 1052//1674 798//1674
f 1052//1675 847//1675 840//1675
f 847//1676 798//1676 797//1676
f 798//1677 1052//1677 808//1677
f 808//1678 1052//1678 837//1678
f 837//1679 1052//1679 840//1679
f 846//1680 792//1680 793//1680
f 797//1681 792//1681 846//1681
f 807//1682 808//1682 837//1682
f 813//1683 832//1683 812//1683
f 812//1684 832//1684 821//1684
f 829//115 98//115 827//115
f 98//85 829//85 99//85
f 827//670 98//670 103//670
f 821//1685 818//1685 812//1685
f 820//1686 118//1686 117//1686
f 806//1687 815//1687 809//1687
f 800//1688 798//1688 808//1688
f 788//1689 592//1689 594//1689
f 731//1690 725//1690 726//1690
f 730//154 593//154 592//154
f 721//1691 728//1691 648//1691
f 728//1692 721//1692 723//1692
f 717//5 723//5 1053//5
f 1053//1693 723//1693 719//1693
f 721//1694 719//1694 723//1694
f 1053//1695 697//1695 701//1695
f 701//84 717//84 1053//84
f 719//1696 716//1696 1053//1696
f 697//1697 1053//1697 716//1697
f 716//1698 715//1698 697//1698
f 698//1699 697//1699 715//1699
f 715//1700 712//1700 698//1700
f 712//1701 694//1701 695//1701
f 699//1702 702//1702 709//1702
f 709//1703 1054//1703 1055//1703
f 1054//1704 709//1704 702//1704
f 709//1705 1055//1705 707//1705
f 1054//1706 1056//1706 1055//1706
f 1055//1707 1056//1707 1057//1707
f 1057//1708 703//1708 1055//1708
f 707//1709 1055//1709 703//1709
f 658//104 657//104 1057//104
f 658//1710 1057//1710 1058//1710
f 1056//1711 1058//1711 1057//1711
f 703//84 1057//84 657//84
f 1058//1712 1059//1712 658//1712
f 1059//1713 1058//1713 1060//1713
f 1054//1714 1058//1714 1056//1714
f 1054//1715 1060//1715 1058//1715
f 1059//1716 1060//1716 660//1716
f 660//1717 1060//1717 657//1717
f 1060//1718 1054//1718 657//1718
f 663//1719 1059//1719 660//1719
f 1059//1720 663//1720 655//1720
f 655//1721 658//1721 1059//1721
f 702//1722 657//1722 1054//1722
f 705//1723 691//1723 692//1723
f 686//1724 705//1724 687//1724
f 703//719 657//719 702//719
f 42//47 691//47 44//47
f 673//1725 672//1725 680//1725
f 663//1726 662//1726 671//1726
f 654//5 655//5 671//5
f 671//1727 655//1727 663//1727
f 665//5 654//5 671//5
f 659//1728 650//1728 652//1728
f 637//5 649//5 639//5
f 637//1729 610//1729 611//1729
f 631//1730 634//1730 615//1730
f 617//1731 615//1731 634//1731
f 620//1732 631//1732 614//1732
f 615//1733 614//1733 631//1733
f 623//5 612//5 628//5
f 628//85 612//85 610//85
f 605//1734 589//1734 583//1734
f 602//1735 595//1735 597//1735
f 587//1736 563//1736 585//1736
f 581//1737 585//1737 563//1737
f 581//1738 562//1738 574//1738
f 562//1739 581//1739 563//1739
f 562//1740 566//1740 574//1740
f 557//1741 554//1741 569//1741
f 538//1742 479//1742 537//1742
f 1061//1743 538//1743 535//1743
f 538//1744 1061//1744 480//1744
f 480//1745 479//1745 538//1745
f 1062//1746 1064//1746 1061//1746
f 535//1747 1062//1747 1061//1747
f 1061//1748 1064//1748 1063//1748
f 480//1749 1061//1749 1063//1749
f 1064//1750 502//1750 501//1750
f 501//1751 1063//1751 1064//1751
f 502//1752 1064//1752 1065//1752
f 1064//1753 1062//1753 1065//1753
f 503//1754 1065//1754 506//1754
f 1066//1755 506//1755 1065//1755
f 1065//1756 1062//1756 1067//1756
f 1066//1757 1065//1757 1067//1757
f 1065//1758 503//1758 502//1758
f 1067//1759 1062//1759 535//1759
f 1067//1760 1068//1760 1066//1760
f 1067//1761 1069//1761 1068//1761
f 535//1762 1069//1762 1067//1762
f 1069//1763 528//1763 526//1763
f 526//1764 1068//1764 1069//1764
f 535//1765 528//1765 1069//1765
f 525//1766 1066//1766 1068//1766
f 526//1767 525//1767 1068//1767
f 509//1768 506//1768 1066//1768
f 525//1769 509//1769 1066//1769
f 484//1770 480//1770 1063//1770
f 1063//1771 501//1771 484//1771
f 406//312 533//312 411//312
f 510//1772 509//1772 525//1772
f 521//1773 510//1773 525//1773
f 399//605 398//605 524//605
f 520//1774 524//1774 398//1774
f 399//154 524//154 407//154
f 510//1775 521//1775 514//1775
f 397//1776 520//1776 398//1776
f 396//1777 1070//1777 518//1777
f 396//1778 518//1778 397//1778
f 518//1779 1070//1779 517//1779
f 394//1780 1070//1780 396//1780
f 1070//1781 1071//1781 1073//1781
f 1070//1782 394//1782 1071//1782
f 517//1783 1070//1783 1072//1783
f 1070//1784 1073//1784 1072//1784
f 1074//1785 1073//1785 1071//1785
f 1074//1786 1075//1786 1073//1786
f 1076//1787 1073//1787 1075//1787
f 1077//1788 1072//1788 1073//1788
f 1073//1789 1076//1789 1077//1789
f 1076//1790 1079//1790 1077//1790
f 1078//1791 1072//1791 1077//1791
f 1078//1792 1077//1792 1079//1792
f 10//1793 1078//1793 1079//1793
f 10//1794 1079//1794 1076//1794
f 1078//1795 10//1795 515//1795
f 515//1796 513//1796 1078//1796
f 513//1797 517//1797 1078//1797
f 1078//1798 517//1798 1072//1798
f 1076//1794 6//1794 10//1794
f 1075//1799 7//1799 1076//1799
f 7//1800 6//1800 1076//1800
f 1075//1801 304//1801 7//1801
f 1075//1802 1080//1802 304//1802
f 1080//1803 1075//1803 1074//1803
f 304//1804 1080//1804 303//1804
f 1080//1805 1081//1805 303//1805
f 1080//1806 1082//1806 1081//1806
f 1074//1807 1082//1807 1080//1807
f 391//1808 388//1808 1082//1808
f 391//1809 1082//1809 1074//1809
f 388//1810 1081//1810 1082//1810
f 303//1811 1081//1811 389//1811
f 389//1812 1081//1812 388//1812
f 393//1813 1074//1813 1071//1813
f 391//1814 1074//1814 393//1814
f 1071//1815 394//1815 393//1815
f 515//1816 10//1816 505//1816
f 505//1817 508//1817 515//1817
f 409//723 505//723 1083//723
f 11//723 1083//723 505//723
f 11//5 505//5 10//5
f 409//1818 1083//1818 402//1818
f 11//1819 402//1819 1083//1819
f 482//85 428//85 427//85
f 479//1820 418//1820 419//1820
f 479//1821 422//1821 418//1821
f 477//1822 422//1822 479//1822
f 422//1823 477//1823 421//1823
f 436//1824 421//1824 477//1824
f 477//1825 476//1825 436//1825
f 438//1826 436//1826 476//1826
f 461//670 454//670 455//670
f 458//5 446//5 444//5
f 431//1827 424//1827 421//1827
f 425//1828 414//1828 415//1828
f 410//115 413//115 414//115
f 402//1829 404//1829 409//1829
f 389//1830 328//1830 320//1830
f 303//1831 389//1831 319//1831
f 320//1832 319//1832 389//1832
f 28//1833 351//1833 27//1833
f 350//1834 338//1834 333//1834
f 339//1835 338//1835 350//1835
f 350//1836 346//1836 339//1836
f 258//1837 259//1837 345//1837
f 345//1838 259//1838 260//1838
f 261//1839 258//1839 345//1839
f 260//1840 268//1840 345//1840
f 268//1841 342//1841 345//1841
f 1084//1842 343//1842 341//1842
f 1084//1843 285//1843 343//1843
f 343//1844 285//1844 283//1844
f 283//1845 336//1845 343//1845
f 1084//1846 341//1846 278//1846
f 279//1847 1084//1847 278//1847
f 1084//1848 279//1848 285//1848
f 268//1849 1085//1849 342//1849
f 342//1850 1085//1850 341//1850
f 1085//1851 268//1851 267//1851
f 1085//1852 1086//1852 341//1852
f 267//1853 1086//1853 1085//1853
f 266//1854 277//1854 1086//1854
f 1086//1855 267//1855 266//1855
f 278//1856 1086//1856 277//1856
f 278//1857 341//1857 1086//1857
f 333//1858 338//1858 334//1858
f 287//1859 324//1859 284//1859
f 302//1860 299//1860 19//1860
f 19//1861 16//1861 302//1861
f 299//1862 296//1862 19//1862
f 2//1863 295//1863 3//1863
f 35//5 281//5 164//5
f 252//1864 261//1864 159//1864
f 159//312 261//312 158//312
f 235//1865 236//1865 253//1865
f 253//1866 249//1866 235//1866
f 236//1867 175//1867 176//1867
f 185//1868 228//1868 225//1868
f 185//1869 225//1869 184//1869
f 1087//1870 225//1870 224//1870
f 184//1871 225//1871 1087//1871
f 1087//1872 1088//1872 184//1872
f 224//1873 1088//1873 1087//1873
f 224//1874 1091//1874 1088//1874
f 1088//1875 1090//1875 1089//1875
f 1089//1876 184//1876 1088//1876
f 1088//1877 1091//1877 1090//1877
f 1092//1878 150//1878 1091//1878
f 224//1879 1092//1879 1091//1879
f 1093//1880 1091//1880 150//1880
f 1091//1881 1093//1881 1090//1881
f 1093//1882 150//1882 149//1882
f 182//1883 193//1883 1093//1883
f 193//1884 1090//1884 1093//1884
f 1093//1885 149//1885 182//1885
f 1094//1886 1092//1886 1096//1886
f 1094//1887 1095//1887 1092//1887
f 1095//1888 144//1888 1092//1888
f 150//1889 1092//1889 145//1889
f 145//1890 1092//1890 144//1890
f 1096//1891 1092//1891 224//1891
f 1096//1892 224//1892 223//1892
f 223//1893 1094//1893 1096//1893
f 144//1894 1095//1894 146//1894
f 1098//1895 1097//1895 1095//1895
f 1097//1896 146//1896 1095//1896
f 1098//1897 1095//1897 1094//1897
f 1099//1898 1097//1898 1098//1898
f 198//1899 1099//1899 1098//1899
f 1098//1900 221//1900 198//1900
f 223//1901 221//1901 1098//1901
f 1098//1902 1094//1902 223//1902
f 1097//1903 1099//1903 196//1903
f 1099//1904 198//1904 196//1904
f 196//1905 1100//1905 1097//1905
f 1100//1906 1101//1906 1097//1906
f 146//1907 1097//1907 1101//1907
f 1101//1908 142//1908 146//1908
f 1101//1909 1100//1909 192//1909
f 142//1910 1101//1910 192//1910
f 195//1911 1100//1911 196//1911
f 195//1912 1102//1912 1100//1912
f 1102//1913 192//1913 1100//1913
f 1103//1914 191//1914 1102//1914
f 192//1915 1102//1915 191//1915
f 1102//1916 195//1916 188//1916
f 188//1917 1103//1917 1102//1917
f 187//1918 1103//1918 188//1918
f 187//1919 1090//1919 1103//1919
f 191//1920 1103//1920 193//1920
f 1090//1921 193//1921 1103//1921
f 1089//1922 1090//1922 187//1922
f 187//1923 184//1923 1089//1923
f 207//1924 201//1924 221//1924
f 201//1925 198//1925 221//1925
f 213//1926 132//1926 212//1926
f 132//1927 213//1927 133//1927
f 208//1928 212//1928 206//1928
f 212//1929 132//1929 131//1929
f 212//1930 131//1930 206//1930
f 204//1931 201//1931 207//1931
f 126//1932 206//1932 131//1932
f 123//1933 206//1933 126//1933
f 201//1934 204//1934 200//1934
f 189//1935 188//1935 195//1935
f 156//1936 182//1936 149//1936
f 180//194 182//194 156//194
f 180//194 156//194 169//194
f 101//1937 140//1937 143//1937
f 143//1938 102//1938 101//1938
f 143//85 110//85 102//85
f 140//1939 73//1939 139//1939
f 73//47 70//47 139//47
f 70//1940 138//1940 139//1940
f 129//312 136//312 128//312
f 124//1941 122//1941 128//1941
f 95//1942 101//1942 96//1942
f 64//1943 66//1943 99//1943
f 90//85 1104//85 81//85
f 85//1944 90//1944 87//1944
f 90//1945 85//1945 1104//1945
f 1104//5 79//5 81//5
f 83//1946 1104//1946 85//1946
f 1104//1947 83//1947 79//1947
f 75//1948 76//1948 48//1948
f 74//1949 48//1949 76//1949
f 47//1950 74//1950 50//1950
f 48//1951 74//1951 47//1951
f 71//1952 50//1952 74//1952
f 50//1953 71//1953 53//1953
f 3//1695 32//1695 5//1695
