# Blender 5.0.1
# www.blender.org
mtllib left_shoulder_z_link_visual_18.mtl
o i01.leftArm.rotate.full.019_visual.001
v -0.070923 -0.270221 0.267589
v -0.070020 -0.272780 0.301903
v -0.067894 -0.272780 0.267589
v -0.073086 -0.270259 0.301903
v -0.074271 -0.265123 0.267589
v -0.072315 -0.265010 0.230904
v -0.069060 -0.270184 0.230904
v -0.067461 -0.270127 0.190796
v -0.064508 -0.272761 0.190796
v -0.066050 -0.272761 0.230904
v -0.063285 -0.273626 0.230904
v -0.061742 -0.273626 0.190796
v -0.055346 -0.273626 0.147772
v -0.060557 -0.273626 0.147772
v -0.063341 -0.272742 0.147603
v -0.056719 -0.273626 0.190796
v -0.058412 -0.273626 0.230904
v -0.053239 -0.272855 0.147603
v -0.054782 -0.272874 0.190796
v -0.053672 -0.270579 0.190796
v -0.055647 -0.270635 0.230904
v -0.056588 -0.272874 0.230904
v -0.058582 -0.272892 0.267589
v -0.060764 -0.272892 0.301903
v -0.060313 -0.273626 0.267589
v -0.057716 -0.270673 0.267589
v -0.059955 -0.270710 0.301903
v -0.058074 -0.266233 0.267589
v -0.055892 -0.266139 0.230904
v -0.059993 -0.258840 0.267589
v -0.053709 -0.266007 0.190796
v -0.055233 -0.258369 0.190796
v -0.057660 -0.258651 0.230904
v -0.057792 -0.247515 0.190532
v -0.062965 -0.248305 0.267156
v -0.063906 -0.233951 0.229399
v -0.066558 -0.234459 0.265839
v -0.065411 -0.248549 0.301432
v -0.067950 -0.248681 0.334391
v -0.064865 -0.259047 0.334861
v -0.062344 -0.258990 0.301903
v -0.069060 -0.234816 0.300057
v -0.071600 -0.235023 0.333036
v -0.067217 -0.228063 0.260854
v -0.074328 -0.235136 0.365750
v -0.088211 -0.228063 0.486959
v -0.070716 -0.248719 0.367068
v -0.073876 -0.248700 0.400459
v -0.077413 -0.235136 0.399180
v -0.077244 -0.248625 0.434058
v -0.080667 -0.235098 0.432856
v -0.087083 -0.234986 0.486959
v -0.083941 -0.235023 0.466209
v -0.080630 -0.248530 0.467376
v -0.083847 -0.248474 0.486959
v -0.080968 -0.258877 0.486959
v -0.077733 -0.258934 0.467771
v -0.078861 -0.266252 0.486959
v -0.070885 -0.259047 0.400873
v -0.074309 -0.258990 0.434473
v -0.075682 -0.266270 0.467771
v -0.074911 -0.270691 0.467771
v -0.068872 -0.266346 0.400873
v -0.071619 -0.270710 0.434473
v -0.072108 -0.272892 0.434473
v -0.068308 -0.270710 0.400873
v -0.065166 -0.270729 0.367501
v -0.065655 -0.266346 0.367501
v -0.062401 -0.270710 0.334861
v -0.062852 -0.266346 0.334861
v -0.067668 -0.259065 0.367501
v -0.060369 -0.266308 0.301903
v -0.063191 -0.272911 0.334861
v -0.067518 -0.273626 0.367501
v -0.065900 -0.272911 0.367501
v -0.064865 -0.273626 0.334861
v -0.069625 -0.273626 0.334861
v -0.062476 -0.273626 0.301903
v -0.072258 -0.273626 0.367501
v -0.075043 -0.272798 0.367501
v -0.075080 -0.273626 0.400873
v -0.077902 -0.272798 0.400873
v -0.083997 -0.270278 0.434473
v -0.078147 -0.270278 0.367501
v -0.080837 -0.272798 0.434473
v -0.083696 -0.272798 0.467771
v -0.086875 -0.270278 0.467771
v -0.080837 -0.273626 0.467771
v -0.083489 -0.273626 0.486959
v -0.070452 -0.273626 0.400873
v -0.076491 -0.273626 0.467771
v -0.079294 -0.273626 0.486959
v -0.075250 -0.272892 0.467771
v -0.078203 -0.272892 0.486959
v -0.077996 -0.270673 0.486959
v -0.068929 -0.272911 0.400873
v -0.086311 -0.272798 0.486959
v -0.089509 -0.270259 0.486959
v -0.092990 -0.265217 0.486959
v -0.092294 -0.134302 0.486959
v -0.086612 -0.120832 0.373465
v -0.088964 -0.121773 0.408154
v -0.077733 -0.134302 0.260854
v -0.091221 -0.122732 0.442524
v -0.093291 -0.123691 0.486959
v -0.016517 -0.134302 0.486959
v -0.016517 -0.228063 0.486959
v 0.114756 -0.228063 0.196910
v 0.085841 -0.134302 0.260854
v -0.073143 -0.134302 0.196910
v 0.064959 -0.134302 0.208649
v 0.114756 -0.134302 0.208649
v 0.064959 -0.228063 0.100666
v 0.064959 -0.134302 0.100666
v -0.063360 -0.134302 0.100666
v -0.060463 -0.163931 0.063417
v -0.061855 -0.136221 0.066710
v -0.068233 -0.111896 0.136278
v -0.065034 -0.109789 0.101324
v -0.055835 -0.228063 0.100666
v -0.062062 -0.228063 0.196910
v -0.055196 -0.232465 0.101794
v -0.057980 -0.232690 0.147114
v -0.058224 -0.190193 0.056362
v -0.052957 -0.233387 0.056607
v -0.055120 -0.215853 0.043232
v -0.049985 -0.246066 0.020826
v -0.051565 -0.236265 0.014430
v -0.052731 -0.246612 0.104146
v -0.050906 -0.246292 0.060972
v -0.049176 -0.256902 0.056081
v -0.047971 -0.266120 0.041050
v -0.050699 -0.257843 0.101644
v -0.048668 -0.254494 0.014034
v -0.049834 -0.245859 -0.008465
v -0.047802 -0.260928 -0.004138
v -0.048987 -0.250675 -0.023213
v -0.049985 -0.245445 -0.054404
v -0.049420 -0.250863 -0.078428
v -0.048348 -0.256037 -0.042252
v -0.048047 -0.260363 -0.061610
v -0.048931 -0.256507 -0.094213
v -0.047633 -0.264766 -0.031868
v -0.048160 -0.263016 -0.076115
v -0.048668 -0.266515 -0.097993
v -0.047971 -0.266477 -0.064657
v -0.048630 -0.261887 -0.101003
v -0.049872 -0.254268 -0.125121
v -0.049439 -0.260909 -0.129391
v -0.049495 -0.266120 -0.128262
v -0.050060 -0.261417 -0.152003
v -0.050605 -0.261455 -0.170910
v -0.050191 -0.266496 -0.151872
v -0.050210 -0.269883 -0.125064
v -0.052656 -0.272215 -0.150104
v -0.051790 -0.272121 -0.123145
v -0.050850 -0.272215 -0.087477
v -0.051019 -0.270071 -0.150762
v -0.049307 -0.270071 -0.091409
v -0.048517 -0.269958 -0.052110
v -0.049985 -0.272121 -0.045261
v -0.047990 -0.268810 -0.009442
v -0.052167 -0.273250 -0.042252
v -0.049401 -0.271557 0.001317
v -0.051565 -0.273118 0.005006
v -0.049420 -0.270898 0.050267
v -0.050342 -0.270616 0.099537
v -0.052091 -0.272874 0.101624
v -0.051471 -0.272949 0.053804
v -0.053973 -0.273626 0.054990
v -0.059805 -0.273626 0.102341
v -0.054405 -0.273626 0.102341
v -0.054161 -0.273626 0.006247
v -0.059522 -0.273626 0.054990
v -0.059786 -0.273626 0.006247
v -0.062551 -0.273043 0.005006
v -0.062307 -0.272855 0.053804
v -0.062589 -0.272761 0.101624
v -0.065072 -0.270522 0.050267
v -0.065429 -0.270184 0.099537
v -0.066238 -0.270089 0.147076
v -0.067913 -0.265029 0.041050
v -0.068270 -0.264784 0.098671
v -0.069229 -0.264747 0.146851
v -0.072315 -0.255754 0.147603
v -0.071073 -0.255491 0.101644
v -0.075456 -0.243225 0.148092
v -0.070433 -0.254456 0.056081
v -0.073820 -0.242755 0.104146
v -0.076529 -0.227009 0.101794
v -0.074873 -0.227969 0.056607
v -0.072672 -0.242398 0.060972
v -0.073820 -0.231110 0.014430
v -0.072183 -0.242153 0.020826
v -0.072221 -0.241927 -0.008465
v -0.073124 -0.235832 -0.023119
v -0.070622 -0.251766 0.014034
v -0.069493 -0.259159 -0.004138
v -0.071412 -0.247421 -0.023213
v -0.072559 -0.241476 -0.054404
v -0.072051 -0.247703 -0.078428
v -0.073519 -0.241194 -0.115828
v -0.070753 -0.253610 -0.042252
v -0.071638 -0.254137 -0.094213
v -0.070433 -0.258557 -0.061610
v -0.069098 -0.263562 -0.031868
v -0.070264 -0.261567 -0.076115
v -0.070020 -0.265537 -0.097993
v -0.069342 -0.265518 -0.064657
v -0.071036 -0.260251 -0.101003
v -0.071920 -0.259047 -0.129391
v -0.072653 -0.251503 -0.125121
v -0.070904 -0.265010 -0.128262
v -0.071694 -0.265330 -0.151872
v -0.072691 -0.259460 -0.152003
v -0.069455 -0.269318 -0.125064
v -0.070321 -0.269487 -0.150762
v -0.067461 -0.271914 -0.123145
v -0.066502 -0.272008 -0.087477
v -0.068533 -0.269582 -0.091409
v -0.068345 -0.271971 -0.150104
v -0.065937 -0.273212 -0.149765
v -0.066859 -0.271651 -0.171737
v -0.069248 -0.270541 -0.171680
v -0.072108 -0.264126 -0.190606
v -0.071167 -0.268321 -0.171606
v -0.070245 -0.265951 -0.191228
v -0.067875 -0.266891 -0.191528
v -0.071412 -0.256526 -0.212033
v -0.073199 -0.255152 -0.210867
v -0.073331 -0.261135 -0.189590
v -0.075381 -0.238259 -0.232050
v -0.074516 -0.239670 -0.235417
v -0.074271 -0.252951 -0.208911
v -0.072879 -0.240629 -0.237449
v -0.074610 -0.220048 -0.266100
v -0.070641 -0.241250 -0.238464
v -0.072428 -0.220801 -0.267304
v -0.069813 -0.221365 -0.267718
v -0.071751 -0.198809 -0.297706
v -0.074365 -0.197925 -0.297442
v -0.068025 -0.241664 -0.238803
v -0.076623 -0.196571 -0.296615
v -0.078071 -0.195987 -0.292984
v -0.078730 -0.173093 -0.326450
v -0.080649 -0.169462 -0.325886
v -0.080686 -0.152456 -0.353108
v -0.079764 -0.176893 -0.307901
v -0.078203 -0.197361 -0.284348
v -0.081100 -0.161373 -0.324042
v -0.082586 -0.149163 -0.354011
v -0.083922 -0.143144 -0.357434
v -0.082474 -0.154130 -0.339713
v -0.082229 -0.148580 -0.335274
v -0.084938 -0.134716 -0.363624
v -0.083659 -0.142259 -0.349478
v -0.084693 -0.129918 -0.359372
v -0.085897 -0.124199 -0.372917
v -0.085709 -0.115094 -0.371318
v -0.083170 -0.136221 -0.344096
v -0.083753 -0.124049 -0.348818
v -0.081589 -0.141582 -0.328032
v -0.082078 -0.129956 -0.330420
v -0.080799 -0.153208 -0.320693
v -0.080630 -0.133587 -0.313264
v -0.080216 -0.144441 -0.312154
v -0.079520 -0.155654 -0.305418
v -0.079181 -0.143915 -0.296144
v -0.079689 -0.135468 -0.300302
v -0.080573 -0.122356 -0.307430
v -0.078560 -0.139061 -0.279757
v -0.079351 -0.128771 -0.291121
v -0.078824 -0.117709 -0.275694
v -0.080103 -0.109206 -0.296163
v -0.078147 -0.130765 -0.261040
v -0.078053 -0.102584 -0.254719
v -0.077695 -0.119873 -0.238014
v -0.077846 -0.146454 -0.250242
v -0.078053 -0.151854 -0.270577
v -0.077789 -0.140510 -0.227722
v -0.077676 -0.162896 -0.241399
v -0.077620 -0.165794 -0.260720
v -0.077921 -0.160639 -0.220819
v -0.077921 -0.179602 -0.215891
v -0.078241 -0.181069 -0.197793
v -0.078184 -0.159642 -0.199656
v -0.078297 -0.160507 -0.178604
v -0.077883 -0.135318 -0.177833
v -0.077827 -0.136127 -0.203436
v -0.077319 -0.110861 -0.210867
v -0.076830 -0.081890 -0.226369
v -0.077187 -0.108209 -0.179808
v -0.076228 -0.080254 -0.183289
v -0.077300 -0.109375 -0.146773
v -0.076773 -0.083320 -0.109300
v -0.076303 -0.081194 -0.145607
v -0.077657 -0.111915 -0.113683
v -0.077996 -0.136917 -0.150667
v -0.078354 -0.162671 -0.156274
v -0.078184 -0.139738 -0.121716
v -0.078354 -0.165549 -0.131272
v -0.078109 -0.188105 -0.140303
v -0.077902 -0.190438 -0.114059
v -0.078354 -0.168597 -0.102207
v -0.078485 -0.142993 -0.090035
v -0.078880 -0.145965 -0.054744
v -0.078429 -0.171230 -0.067668
v -0.079539 -0.148825 -0.016779
v -0.077733 -0.192300 -0.081305
v -0.078617 -0.174184 -0.028934
v -0.078993 -0.178191 0.012699
v -0.077338 -0.199788 -0.003968
v -0.077545 -0.194990 -0.043964
v -0.076623 -0.209438 -0.061364
v -0.076002 -0.217095 -0.074572
v -0.076115 -0.213746 -0.029779
v -0.076943 -0.207745 -0.093741
v -0.076040 -0.218995 -0.099762
v -0.077187 -0.207143 -0.123370
v -0.076228 -0.220086 -0.127736
v -0.077469 -0.206127 -0.146698
v -0.076529 -0.220632 -0.149821
v -0.076886 -0.220331 -0.167505
v -0.075400 -0.232578 -0.149031
v -0.075043 -0.230621 -0.124783
v -0.074986 -0.227536 -0.094080
v -0.073820 -0.234609 -0.078390
v -0.074328 -0.228439 -0.041988
v -0.075325 -0.222287 -0.061045
v -0.075212 -0.220895 -0.003121
v -0.077055 -0.208799 0.043232
v -0.082116 -0.183609 0.101136
v -0.080009 -0.181822 0.056362
v -0.079275 -0.207519 0.099236
v -0.078617 -0.227310 0.147114
v -0.084882 -0.184625 0.144894
v -0.081759 -0.207839 0.145702
v -0.084430 -0.208686 0.188162
v -0.087816 -0.185923 0.185529
v -0.080931 -0.227969 0.189743
v -0.087120 -0.209702 0.227141
v -0.089641 -0.210492 0.263224
v -0.093403 -0.188237 0.258859
v -0.090732 -0.187221 0.223397
v -0.085728 -0.229304 0.265839
v -0.083358 -0.228721 0.229399
v -0.077413 -0.243771 0.190532
v -0.079576 -0.244279 0.230528
v -0.081777 -0.244655 0.267156
v -0.075852 -0.256375 0.230904
v -0.084091 -0.244937 0.301432
v -0.077921 -0.256601 0.267589
v -0.080160 -0.256751 0.301903
v -0.076453 -0.265198 0.301903
v -0.078880 -0.265236 0.334861
v -0.082605 -0.256845 0.334861
v -0.086556 -0.245107 0.334391
v -0.085258 -0.256883 0.367501
v -0.084449 -0.265255 0.400873
v -0.092011 -0.245182 0.400459
v -0.088155 -0.256883 0.400873
v -0.081552 -0.265255 0.367501
v -0.089171 -0.245182 0.367068
v -0.093159 -0.230132 0.365750
v -0.095924 -0.230207 0.399180
v -0.097091 -0.211771 0.363118
v -0.090582 -0.229981 0.333036
v -0.088117 -0.229718 0.300057
v -0.094551 -0.211508 0.330309
v -0.095906 -0.189046 0.292721
v -0.098370 -0.189648 0.325756
v -0.092105 -0.211075 0.297312
v -0.100853 -0.190099 0.358733
v -0.106384 -0.166151 0.386934
v -0.101436 -0.164909 0.319793
v -0.103468 -0.190457 0.392446
v -0.106083 -0.190739 0.426383
v -0.099781 -0.211940 0.396660
v -0.108905 -0.166678 0.421078
v -0.108641 -0.191021 0.460020
v -0.107964 -0.139475 0.380463
v -0.112667 -0.141036 0.448997
v -0.110372 -0.140265 0.414888
v -0.111332 -0.167186 0.454941
v -0.110993 -0.191303 0.486959
v -0.113552 -0.167712 0.486959
v -0.114756 -0.141827 0.486959
v -0.114059 -0.114022 0.486959
v -0.110880 -0.084656 0.486959
v -0.108999 -0.083301 0.435864
v -0.112084 -0.112950 0.442524
v -0.109902 -0.111877 0.408154
v -0.106930 -0.081947 0.401212
v -0.107607 -0.110824 0.373465
v -0.104747 -0.080630 0.366278
v -0.101060 -0.051038 0.394497
v -0.103017 -0.052637 0.429394
v -0.099028 -0.049514 0.359299
v -0.090074 -0.018060 0.352921
v -0.091917 -0.019734 0.388364
v -0.093723 -0.021521 0.423487
v -0.080743 0.009463 0.418538
v -0.095398 -0.023346 0.457763
v -0.082210 0.007525 0.452984
v -0.063642 0.039788 0.414907
v -0.065825 0.035950 0.486959
v -0.083452 0.005681 0.486959
v -0.064828 0.037813 0.449466
v -0.096790 -0.025077 0.486959
v -0.089791 -0.095078 0.486959
v -0.096639 -0.256789 0.486959
v -0.106309 -0.055798 0.486959
v -0.100364 -0.245107 0.486959
v -0.085164 -0.066859 0.486959
v -0.075814 -0.036835 0.486959
v -0.074422 -0.035217 0.457763
v -0.083659 -0.065411 0.463443
v -0.081872 -0.063924 0.429394
v -0.072747 -0.033524 0.423487
v -0.087873 -0.093836 0.435864
v -0.079896 -0.062457 0.394497
v -0.070941 -0.031868 0.388364
v -0.083546 -0.091428 0.366278
v -0.069098 -0.030307 0.352921
v -0.085747 -0.092613 0.401212
v -0.077846 -0.061065 0.359299
v -0.081364 -0.090299 0.331550
v -0.067311 -0.028971 0.317704
v -0.075852 -0.059805 0.324307
v -0.074008 -0.058751 0.290106
v -0.065730 -0.027937 0.283277
v -0.079313 -0.089284 0.297575
v -0.072202 -0.057792 0.256413
v -0.077244 -0.088268 0.264089
v -0.064207 -0.027071 0.249415
v -0.075061 -0.087158 0.230809
v -0.070321 -0.056795 0.223021
v -0.062664 -0.026243 0.215892
v -0.061008 -0.025359 0.182481
v -0.051678 0.004007 0.209890
v -0.050455 0.004609 0.176424
v -0.049081 0.005361 0.142862
v -0.059090 -0.024287 0.148957
v -0.035330 0.034163 0.138704
v -0.036910 0.033448 0.205545
v -0.023214 0.056211 0.161824
v -0.037719 0.033016 0.239182
v -0.021973 0.056211 0.202102
v -0.021973 0.056211 0.486959
v -0.039619 0.031473 0.307960
v -0.038603 0.032395 0.273251
v 0.110372 0.056211 0.161824
v 0.065298 0.056211 0.202102
v 0.065298 0.143708 0.202102
v 0.110372 0.142146 0.161824
v 0.065298 0.056211 0.486959
v 0.065298 0.143708 0.486959
v 0.030006 0.143708 0.202102
v 0.030006 0.143708 0.486959
v 0.041425 0.162482 0.486959
v 0.041444 0.163498 0.434416
v 0.032922 0.200615 0.486959
v 0.023045 0.176498 0.486959
v 0.039732 0.221328 0.486959
v 0.041481 0.164458 0.399651
v 0.041500 0.165342 0.363776
v 0.041538 0.166094 0.327487
v 0.051226 0.189271 0.323461
v 0.051226 0.188801 0.359750
v 0.051226 0.188218 0.395643
v 0.058318 0.209137 0.426458
v 0.051226 0.187522 0.430390
v 0.051226 0.186750 0.463293
v 0.058318 0.208573 0.459362
v 0.051226 0.185829 0.486959
v 0.053126 0.272159 0.486959
v 0.050492 0.271481 0.486959
v 0.058318 0.207820 0.486959
v 0.055967 0.272215 0.486959
v 0.058826 0.272290 0.486959
v 0.053126 0.272742 0.446118
v 0.055967 0.272798 0.446118
v 0.058826 0.272855 0.446118
v 0.053126 0.273118 0.413215
v 0.050492 0.272046 0.446324
v 0.050492 0.272441 0.413422
v 0.055967 0.273175 0.413215
v 0.053126 0.273344 0.378468
v 0.050492 0.272667 0.378657
v 0.050492 0.272779 0.342763
v 0.048310 0.270861 0.343346
v 0.048310 0.270748 0.379240
v 0.048310 0.270522 0.414005
v 0.046768 0.266966 0.380406
v 0.046768 0.266741 0.415152
v 0.046768 0.267136 0.308223
v 0.046109 0.260834 0.346450
v 0.046109 0.260721 0.382343
v 0.046109 0.260796 0.205318
v 0.046768 0.267136 0.272272
v 0.046768 0.267136 0.237393
v 0.046768 0.267042 0.203382
v 0.048310 0.270823 0.202215
v 0.048310 0.270578 0.168899
v 0.050492 0.272742 0.201632
v 0.050492 0.272817 0.235644
v 0.048310 0.270898 0.236228
v 0.050492 0.272817 0.306473
v 0.053126 0.273475 0.342574
v 0.053126 0.273513 0.306286
v 0.058826 0.273626 0.306286
v 0.058826 0.273588 0.342574
v 0.053126 0.273513 0.235456
v 0.053126 0.273419 0.201444
v 0.055967 0.273569 0.235456
v 0.058826 0.273626 0.235456
v 0.058826 0.273626 0.270334
v 0.061460 0.272798 0.235644
v 0.061460 0.272798 0.306473
v 0.063642 0.270183 0.236228
v 0.061460 0.272761 0.342763
v 0.063642 0.270146 0.343346
v 0.061460 0.272648 0.378657
v 0.058826 0.273475 0.378468
v 0.058826 0.273250 0.413215
v 0.055967 0.273419 0.378468
v 0.061460 0.272403 0.413422
v 0.061460 0.272027 0.446324
v 0.061460 0.271444 0.486959
v 0.063642 0.269788 0.414005
v 0.063642 0.269412 0.446907
v 0.063642 0.268829 0.486959
v 0.065185 0.264502 0.415152
v 0.065843 0.256018 0.310161
v 0.065185 0.263543 0.486959
v 0.065185 0.264728 0.380406
v 0.063642 0.270033 0.379240
v 0.065185 0.264878 0.308223
v 0.065185 0.264878 0.272272
v 0.065185 0.264803 0.203382
v 0.063642 0.270108 0.202215
v 0.063642 0.269845 0.168899
v 0.065185 0.264558 0.170065
v 0.065185 0.264069 0.137256
v 0.063642 0.269356 0.136089
v 0.063642 0.268547 0.103581
v 0.061460 0.272478 0.168315
v 0.061460 0.271971 0.135507
v 0.061460 0.271162 0.102999
v 0.058826 0.272817 0.135318
v 0.061460 0.270108 0.070585
v 0.058826 0.271989 0.102791
v 0.055967 0.272742 0.135318
v 0.055967 0.270879 0.070396
v 0.058826 0.270936 0.070396
v 0.053126 0.271876 0.102791
v 0.055967 0.271933 0.102791
v 0.053126 0.270804 0.070396
v 0.050492 0.270127 0.070585
v 0.053126 0.269581 0.037869
v 0.050492 0.268904 0.038077
v 0.055967 0.269638 0.037869
v 0.058826 0.269713 0.037869
v 0.055967 0.268340 0.005061
v 0.053126 0.268283 0.005061
v 0.053126 0.266966 -0.028274
v 0.050492 0.266289 -0.028087
v 0.050492 0.267587 0.005250
v 0.048310 0.265668 0.005833
v 0.046768 0.261906 0.006999
v 0.048310 0.266985 0.038660
v 0.048310 0.264370 -0.027503
v 0.048310 0.263053 -0.062212
v 0.048310 0.261680 -0.099159
v 0.050492 0.264972 -0.062814
v 0.046768 0.257918 -0.097936
v 0.046768 0.256507 -0.137894
v 0.046109 0.256958 0.041745
v 0.046109 0.259235 0.106668
v 0.046109 0.260062 0.139194
v 0.045338 0.251014 0.141790
v 0.045338 0.250186 0.109282
v 0.045300 0.249132 0.076868
v 0.046768 0.264427 0.072334
v 0.046768 0.265499 0.104730
v 0.048310 0.269280 0.103581
v 0.046768 0.266308 0.137256
v 0.048310 0.268208 0.071168
v 0.050492 0.271199 0.102999
v 0.050492 0.272008 0.135507
v 0.053126 0.272685 0.135318
v 0.053126 0.273175 0.168127
v 0.055967 0.273494 0.201444
v 0.055967 0.273250 0.168127
v 0.050492 0.272497 0.168315
v 0.048310 0.270089 0.136089
v 0.046768 0.266797 0.170065
v 0.058826 0.273306 0.168127
v 0.058826 0.273551 0.201444
v 0.061460 0.272723 0.201632
v 0.043438 0.238033 0.112442
v 0.045281 0.247909 0.044360
v 0.043231 0.235757 0.047521
v 0.043363 0.236980 0.080029
v 0.046109 0.255641 0.008937
v 0.046768 0.255039 -0.181726
v 0.046109 0.254343 -0.024399
v 0.045187 0.245313 -0.021803
v 0.043080 0.234496 0.014693
v 0.045131 0.243996 -0.056456
v 0.042873 0.233236 -0.018642
v 0.042667 0.231975 -0.053275
v 0.038039 0.217810 -0.015049
v 0.038547 0.218995 0.018286
v 0.042459 0.230677 -0.089997
v 0.036985 0.215458 -0.086424
v 0.036571 0.214198 -0.126023
v 0.045093 0.242661 -0.093196
v 0.042290 0.229342 -0.129560
v 0.045018 0.239801 -0.176196
v 0.042196 0.227893 -0.172771
v 0.042290 0.226407 -0.215664
v 0.045169 0.238278 -0.218919
v 0.036327 0.212806 -0.169311
v 0.026112 0.194313 -0.166132
v 0.025999 0.192846 -0.209588
v 0.036346 0.211319 -0.212296
v 0.042723 0.224902 -0.254306
v 0.036741 0.209758 -0.251013
v 0.043626 0.223397 -0.284706
v 0.037606 0.208140 -0.281489
v 0.026356 0.191265 -0.248754
v 0.012642 0.169819 -0.247646
v 0.027222 0.189591 -0.279627
v 0.012567 0.171663 -0.207199
v -0.001994 0.150160 -0.159622
v 0.012887 0.173168 -0.162990
v -0.002653 0.148467 -0.204810
v -0.003349 0.145796 -0.247758
v -0.019471 0.120945 -0.245576
v -0.022838 0.113909 -0.288939
v -0.003198 0.143369 -0.282186
v 0.013319 0.167938 -0.279683
v -0.001336 0.142410 -0.301731
v 0.014843 0.166377 -0.298608
v 0.028651 0.187860 -0.298157
v 0.016912 0.164834 -0.307920
v 0.030514 0.186054 -0.307413
v 0.019113 0.163047 -0.311006
v 0.003744 0.140303 -0.313827
v 0.001317 0.141770 -0.310799
v 0.032658 0.184230 -0.310497
v 0.043137 0.203155 -0.311984
v 0.037230 0.180542 -0.310497
v 0.045451 0.201462 -0.311984
v 0.023704 0.159247 -0.311006
v 0.025811 0.157460 -0.307920
v 0.008390 0.136540 -0.313827
v 0.006076 0.138421 -0.313827
v -0.009895 0.114831 -0.319263
v 0.010384 0.134433 -0.310799
v -0.007506 0.112987 -0.319263
v -0.005587 0.110636 -0.316574
v -0.022838 0.089208 -0.327655
v -0.020844 0.086857 -0.325736
v -0.034859 0.064395 -0.338452
v -0.019715 0.083489 -0.319979
v -0.004590 0.107268 -0.308504
v -0.005719 0.100853 -0.296764
v 0.011720 0.131912 -0.301731
v 0.029328 0.142146 -0.295447
v 0.027541 0.155898 -0.298608
v 0.042667 0.177137 -0.279627
v 0.028896 0.155070 -0.279683
v 0.041237 0.177702 -0.298157
v 0.051847 0.197210 -0.299793
v 0.053295 0.196740 -0.281489
v 0.039374 0.178906 -0.307413
v 0.047783 0.199769 -0.311984
v 0.049966 0.198282 -0.308936
v 0.056437 0.215176 -0.312097
v 0.054180 0.216361 -0.315125
v 0.058394 0.214348 -0.302955
v 0.059805 0.229360 -0.313037
v 0.061780 0.228589 -0.304046
v 0.058619 0.241494 -0.310817
v 0.057453 0.230282 -0.316047
v 0.061009 0.240686 -0.307958
v 0.062909 0.239425 -0.299379
v 0.064037 0.244937 -0.276108
v 0.063003 0.247289 -0.285892
v 0.064319 0.238898 -0.282900
v 0.065204 0.240196 -0.256355
v 0.064225 0.229097 -0.256713
v 0.063304 0.228363 -0.286211
v 0.059899 0.214066 -0.284706
v 0.054180 0.197097 -0.251013
v 0.060802 0.214536 -0.254306
v 0.061272 0.215515 -0.215664
v 0.064696 0.230395 -0.218919
v 0.054650 0.198019 -0.212296
v 0.044040 0.178304 -0.209588
v 0.054913 0.199298 -0.169311
v 0.044435 0.179526 -0.166132
v 0.055177 0.200690 -0.126023
v 0.045752 0.181972 -0.082643
v 0.055591 0.201951 -0.086424
v 0.061742 0.219634 -0.089997
v 0.061479 0.216850 -0.172771
v 0.044924 0.180825 -0.122468
v 0.061573 0.218280 -0.129560
v 0.064921 0.234684 -0.093196
v 0.064865 0.231825 -0.176196
v 0.065843 0.243921 -0.179300
v 0.065843 0.245407 -0.135712
v 0.065843 0.246800 -0.095905
v 0.064978 0.236020 -0.056456
v 0.065843 0.249490 -0.024399
v 0.065843 0.250788 0.008937
v 0.065035 0.237337 -0.021803
v 0.065129 0.239933 0.044360
v 0.062156 0.222174 -0.018642
v 0.062363 0.223435 0.014693
v 0.062513 0.224714 0.047521
v 0.057133 0.205469 0.018286
v 0.056644 0.204302 -0.015049
v 0.048856 0.185020 0.022237
v 0.049646 0.186167 0.055046
v 0.057528 0.206692 0.051113
v 0.047859 0.183985 -0.011099
v 0.046786 0.182988 -0.045789
v 0.036515 0.161730 -0.007166
v 0.034859 0.160940 -0.041875
v 0.033279 0.160112 -0.078842
v 0.029328 0.142146 -0.066821
v 0.065298 0.142146 0.161824
v 0.032019 0.159172 -0.118913
v 0.029328 0.142146 -0.181125
v 0.038057 0.162576 0.026169
v 0.029328 0.142146 0.161824
v 0.065298 0.142146 -0.295447
v 0.065298 0.056211 -0.295447
v -0.027523 0.056211 -0.295447
v -0.023214 0.056211 -0.066821
v -0.033844 0.035969 0.005531
v -0.033731 0.035461 0.038698
v -0.034144 0.036458 -0.028181
v -0.034991 0.036402 -0.179131
v -0.034822 0.037004 -0.099950
v -0.034540 0.036816 -0.063115
v -0.034840 0.036947 -0.139305
v -0.043438 0.011005 -0.094024
v -0.043080 0.011381 -0.131987
v -0.042911 0.011438 -0.170570
v -0.048630 -0.014542 -0.123653
v -0.048273 -0.013808 -0.161710
v -0.048367 -0.013357 -0.199561
v -0.043231 0.011080 -0.208308
v -0.051602 -0.039468 -0.153847
v -0.051565 -0.038453 -0.192130
v -0.053427 -0.064564 -0.187051
v -0.053540 -0.065693 -0.148222
v -0.052110 -0.040823 -0.115959
v -0.054067 -0.067537 -0.110616
v -0.049289 -0.015483 -0.086424
v -0.052919 -0.042422 -0.079162
v -0.054932 -0.069756 -0.074271
v -0.053916 -0.044077 -0.044095
v -0.056023 -0.071976 -0.039224
v -0.055158 -0.045808 -0.010271
v -0.050022 -0.016574 -0.051131
v -0.043758 0.010422 -0.058186
v -0.050906 -0.017797 -0.017212
v -0.044604 0.008861 0.009539
v -0.044096 0.009688 -0.023853
v -0.052016 -0.019076 0.015916
v -0.045338 0.007958 0.042592
v -0.053408 -0.020411 0.048800
v -0.056682 -0.047558 0.022877
v -0.058544 -0.049326 0.055818
v -0.059127 -0.076360 0.028614
v -0.061291 -0.078485 0.062158
v -0.063924 -0.080555 0.095963
v -0.062194 -0.107550 0.066296
v -0.060820 -0.051076 0.089114
v -0.059955 -0.105199 0.031343
v -0.058224 -0.102734 -0.003592
v -0.058224 -0.131292 -0.007901
v -0.059748 -0.133831 0.029273
v -0.057397 -0.074177 -0.005041
v -0.056907 -0.100176 -0.038621
v -0.057171 -0.128545 -0.044415
v -0.055910 -0.097505 -0.073819
v -0.055854 -0.122412 -0.113683
v -0.055120 -0.094720 -0.109300
v -0.056418 -0.125610 -0.079821
v -0.056211 -0.149352 -0.121716
v -0.056512 -0.152700 -0.090035
v -0.056926 -0.155673 -0.054744
v -0.057585 -0.158476 -0.016779
v -0.056305 -0.180072 -0.067668
v -0.056230 -0.177401 -0.102207
v -0.055647 -0.198358 -0.114059
v -0.056211 -0.174278 -0.131272
v -0.055797 -0.195931 -0.140303
v -0.056174 -0.171287 -0.156274
v -0.056005 -0.146436 -0.150667
v -0.055478 -0.119760 -0.146773
v -0.055873 -0.144667 -0.177833
v -0.056117 -0.169011 -0.178604
v -0.055910 -0.190776 -0.180372
v -0.055779 -0.188613 -0.197793
v -0.055967 -0.167995 -0.199656
v -0.055704 -0.149370 -0.227722
v -0.055779 -0.145250 -0.203436
v -0.055685 -0.168822 -0.220819
v -0.055440 -0.187108 -0.215891
v -0.055722 -0.155033 -0.250242
v -0.055421 -0.170929 -0.241399
v -0.055327 -0.173657 -0.260720
v -0.054744 -0.187898 -0.250261
v -0.055045 -0.186713 -0.233686
v -0.054481 -0.201575 -0.226312
v -0.054067 -0.202609 -0.239236
v -0.053992 -0.211771 -0.220969
v -0.054838 -0.203550 -0.211563
v -0.054029 -0.217020 -0.209776
v -0.055083 -0.206748 -0.196175
v -0.054104 -0.221854 -0.195761
v -0.054086 -0.224770 -0.182254
v -0.055158 -0.209363 -0.181388
v -0.055102 -0.211451 -0.165473
v -0.053973 -0.226200 -0.167505
v -0.053822 -0.226576 -0.149821
v -0.052524 -0.237544 -0.149031
v -0.052750 -0.238071 -0.168182
v -0.054951 -0.213032 -0.146698
v -0.052919 -0.236980 -0.183570
v -0.051922 -0.246480 -0.185132
v -0.052223 -0.241946 -0.200501
v -0.053070 -0.233387 -0.197567
v -0.053201 -0.226332 -0.212504
v -0.053502 -0.216023 -0.226895
v -0.052618 -0.232596 -0.217545
v -0.052505 -0.236942 -0.222738
v -0.053333 -0.222043 -0.242811
v -0.053164 -0.219729 -0.234853
v -0.053898 -0.204566 -0.250975
v -0.054744 -0.189177 -0.265612
v -0.054311 -0.205356 -0.262206
v -0.055365 -0.189102 -0.279777
v -0.054010 -0.223153 -0.250524
v -0.055271 -0.204810 -0.273231
v -0.056512 -0.187334 -0.293567
v -0.058205 -0.183515 -0.307901
v -0.056757 -0.202798 -0.284348
v -0.060708 -0.175727 -0.325886
v -0.058695 -0.200822 -0.292984
v -0.055214 -0.223247 -0.257634
v -0.056889 -0.222927 -0.263165
v -0.055252 -0.242059 -0.235417
v -0.053803 -0.241288 -0.232050
v -0.052882 -0.239707 -0.227686
v -0.053841 -0.256657 -0.210867
v -0.052581 -0.255058 -0.208911
v -0.051207 -0.259028 -0.188255
v -0.051922 -0.252368 -0.206389
v -0.051640 -0.262715 -0.189590
v -0.050887 -0.265951 -0.171436
v -0.052731 -0.265085 -0.190606
v -0.051828 -0.269017 -0.171606
v -0.053521 -0.270861 -0.171680
v -0.054518 -0.266496 -0.191228
v -0.056832 -0.267173 -0.191528
v -0.055722 -0.257542 -0.212033
v -0.055797 -0.271764 -0.171737
v -0.057547 -0.273626 -0.149671
v -0.059522 -0.267362 -0.191641
v -0.054894 -0.273269 -0.149765
v -0.058469 -0.272065 -0.171756
v -0.060388 -0.273626 -0.149671
v -0.064169 -0.272027 -0.171756
v -0.062363 -0.267305 -0.191641
v -0.063624 -0.257786 -0.212824
v -0.065204 -0.267230 -0.191641
v -0.066464 -0.257654 -0.212824
v -0.069117 -0.257297 -0.212616
v -0.062363 -0.242247 -0.238803
v -0.060783 -0.257937 -0.212824
v -0.065204 -0.241965 -0.238803
v -0.064169 -0.222306 -0.267718
v -0.061479 -0.222663 -0.267304
v -0.066144 -0.200107 -0.297706
v -0.068947 -0.199449 -0.297706
v -0.070960 -0.176874 -0.326902
v -0.073744 -0.176065 -0.326902
v -0.070151 -0.157008 -0.353447
v -0.072954 -0.156124 -0.353447
v -0.075739 -0.155240 -0.353447
v -0.068157 -0.177664 -0.326902
v -0.067499 -0.157591 -0.353353
v -0.065467 -0.178097 -0.326789
v -0.063435 -0.200502 -0.297442
v -0.062984 -0.177777 -0.326450
v -0.060933 -0.200390 -0.296615
v -0.059014 -0.222795 -0.266100
v -0.057246 -0.242416 -0.237449
v -0.059673 -0.242435 -0.238464
v -0.058093 -0.257918 -0.212616
v -0.065110 -0.157535 -0.353108
v -0.063416 -0.155616 -0.354011
v -0.067029 -0.139419 -0.376604
v -0.069324 -0.138929 -0.377169
v -0.073349 -0.121114 -0.398633
v -0.068421 -0.123202 -0.396997
v -0.071957 -0.138158 -0.377338
v -0.070716 -0.122130 -0.398219
v -0.071506 -0.107137 -0.416694
v -0.069173 -0.108773 -0.414774
v -0.074158 -0.105914 -0.417333
v -0.071525 -0.093987 -0.432703
v -0.074215 -0.092595 -0.433475
v -0.077018 -0.104917 -0.417333
v -0.080141 -0.090431 -0.433475
v -0.079915 -0.103901 -0.417333
v -0.077131 -0.091522 -0.433475
v -0.078974 -0.119176 -0.398633
v -0.076152 -0.120155 -0.398633
v -0.077545 -0.136277 -0.377338
v -0.074742 -0.137218 -0.377338
v -0.080160 -0.135299 -0.377169
v -0.078372 -0.154111 -0.353353
v -0.081627 -0.118349 -0.398219
v -0.083903 -0.117803 -0.396997
v -0.082436 -0.134170 -0.376604
v -0.085578 -0.117671 -0.394551
v -0.084204 -0.132646 -0.375833
v -0.085295 -0.130464 -0.375043
v -0.086462 -0.118085 -0.390469
v -0.085672 -0.128357 -0.374271
v -0.086575 -0.119967 -0.383640
v -0.086800 -0.112460 -0.385408
v -0.087402 -0.109187 -0.395925
v -0.087365 -0.106215 -0.404541
v -0.086594 -0.104051 -0.410937
v -0.087967 -0.095097 -0.418049
v -0.088061 -0.098558 -0.409244
v -0.087666 -0.100345 -0.401286
v -0.088268 -0.090751 -0.419045
v -0.088249 -0.088512 -0.418293
v -0.088399 -0.077639 -0.434171
v -0.088305 -0.085371 -0.428715
v -0.087177 -0.091692 -0.425761
v -0.087703 -0.069380 -0.446925
v -0.087496 -0.080254 -0.438083
v -0.085615 -0.077789 -0.443689
v -0.083019 -0.077225 -0.446492
v -0.085427 -0.090093 -0.430388
v -0.085728 -0.065486 -0.454563
v -0.088079 -0.056211 -0.452832
v -0.082925 -0.064489 -0.458363
v -0.085916 -0.051565 -0.464045
v -0.083000 -0.050511 -0.468842
v -0.083489 -0.034126 -0.478512
v -0.086330 -0.034464 -0.473187
v -0.083997 -0.017439 -0.484776
v -0.088136 -0.035405 -0.462859
v -0.086631 -0.017251 -0.479226
v -0.087628 -0.003744 -0.468559
v -0.086443 -0.003067 -0.479281
v -0.088174 -0.017646 -0.468389
v -0.088192 -0.018286 -0.450687
v -0.088343 -0.036383 -0.446041
v -0.086951 -0.019170 -0.427096
v -0.087496 -0.003236 -0.451741
v -0.086687 0.004308 -0.464928
v -0.085935 -0.001975 -0.428545
v -0.086292 0.007807 -0.452268
v -0.082191 0.018587 -0.431273
v -0.084618 0.013940 -0.455278
v -0.084355 0.011381 -0.429504
v -0.080423 0.015595 -0.399104
v -0.077657 0.023948 -0.401419
v -0.082887 -0.000414 -0.398671
v -0.074008 0.024268 -0.362571
v -0.070471 0.033279 -0.372503
v -0.076604 0.000207 -0.334352
v -0.071506 0.022556 -0.332170
v -0.062344 0.046899 -0.342629
v -0.079407 0.000602 -0.365975
v -0.063322 0.043532 -0.326469
v -0.060030 0.049853 -0.351246
v -0.044567 0.071393 -0.338452
v -0.047332 0.070885 -0.334710
v -0.057171 0.051471 -0.354876
v -0.064658 0.035725 -0.377525
v -0.054481 0.050793 -0.356079
v -0.067461 0.036007 -0.376265
v -0.074779 0.026883 -0.403882
v -0.071882 0.026676 -0.404711
v -0.079576 0.021258 -0.432891
v -0.076642 0.020938 -0.433436
v -0.082379 0.016235 -0.458457
v -0.079445 0.015821 -0.459529
v -0.076284 0.014053 -0.459529
v -0.080762 0.008597 -0.478756
v -0.077451 0.006866 -0.478756
v -0.081062 -0.003424 -0.486958
v -0.077657 -0.005098 -0.486958
v -0.074553 -0.006754 -0.486958
v -0.073331 0.012284 -0.459529
v -0.074422 0.005136 -0.478756
v -0.071713 0.002671 -0.477025
v -0.070697 0.009500 -0.458457
v -0.071807 -0.008842 -0.485039
v -0.071337 -0.023516 -0.484776
v -0.069399 -0.011777 -0.479281
v -0.069418 -0.001317 -0.471814
v -0.068439 0.004722 -0.455278
v -0.067819 -0.005832 -0.464928
v -0.067348 -0.014222 -0.468559
v -0.066709 -0.003048 -0.452268
v -0.065617 -0.014843 -0.451741
v -0.064903 -0.029912 -0.450687
v -0.063210 -0.031379 -0.427096
v -0.063642 -0.014222 -0.428545
v -0.060914 -0.012999 -0.398671
v -0.060896 0.003706 -0.399104
v -0.064508 -0.000113 -0.429504
v -0.066088 0.008992 -0.431273
v -0.061968 0.014072 -0.401419
v -0.068233 0.014373 -0.432891
v -0.070791 0.017364 -0.433436
v -0.066295 0.023083 -0.404711
v -0.063868 0.019922 -0.403882
v -0.059315 0.032131 -0.377525
v -0.057020 0.029009 -0.376265
v -0.055384 0.023271 -0.372503
v -0.045620 0.039863 -0.351246
v -0.047144 0.044472 -0.354876
v -0.054782 0.011795 -0.362571
v -0.043758 0.030043 -0.326469
v -0.057942 -0.012209 -0.365975
v -0.055252 -0.012849 -0.334352
v -0.044567 0.034634 -0.342629
v -0.051132 0.009199 -0.332170
v -0.042403 0.027823 -0.305042
v -0.052844 -0.013714 -0.302766
v -0.048781 0.007845 -0.304402
v -0.046297 0.008635 -0.275338
v -0.050699 -0.013620 -0.270277
v -0.039769 0.029667 -0.280642
v -0.044266 0.010177 -0.243732
v -0.049100 -0.013263 -0.236114
v -0.037079 0.032978 -0.251878
v -0.035612 0.035141 -0.217339
v -0.053446 -0.036854 -0.266345
v -0.052129 -0.037644 -0.229942
v -0.053898 -0.063247 -0.226143
v -0.054951 -0.092670 -0.226369
v -0.055064 -0.060802 -0.264482
v -0.055252 -0.036007 -0.301317
v -0.056682 -0.058224 -0.301223
v -0.057603 -0.079087 -0.303988
v -0.056080 -0.083452 -0.268188
v -0.057020 -0.102847 -0.280906
v -0.058469 -0.097373 -0.311155
v -0.059221 -0.076265 -0.337004
v -0.059184 -0.113251 -0.319772
v -0.059955 -0.093460 -0.340033
v -0.060726 -0.073707 -0.367235
v -0.061272 -0.089810 -0.366897
v -0.060613 -0.108378 -0.343871
v -0.061836 -0.103242 -0.367273
v -0.062420 -0.114135 -0.369173
v -0.061178 -0.121265 -0.347784
v -0.058318 -0.131612 -0.307430
v -0.063059 -0.124256 -0.371318
v -0.059692 -0.126852 -0.326921
v -0.061347 -0.133098 -0.348818
v -0.059391 -0.150123 -0.328032
v -0.060914 -0.144855 -0.344096
v -0.059805 -0.138911 -0.330420
v -0.058450 -0.142466 -0.313264
v -0.057547 -0.144310 -0.300302
v -0.058055 -0.152964 -0.312154
v -0.057321 -0.163762 -0.305418
v -0.057039 -0.152474 -0.296144
v -0.058619 -0.161316 -0.320693
v -0.059278 -0.168879 -0.324042
v -0.057641 -0.173281 -0.309293
v -0.060124 -0.156707 -0.335274
v -0.061084 -0.161561 -0.339713
v -0.061667 -0.150386 -0.349478
v -0.062382 -0.138572 -0.359372
v -0.063567 -0.132721 -0.372917
v -0.063003 -0.142786 -0.363624
v -0.062833 -0.150556 -0.357434
v -0.063981 -0.136277 -0.374271
v -0.064564 -0.128150 -0.383640
v -0.064357 -0.137933 -0.375043
v -0.065448 -0.125704 -0.390469
v -0.066596 -0.124369 -0.394551
v -0.066032 -0.114078 -0.404541
v -0.067292 -0.111012 -0.410937
v -0.069192 -0.096018 -0.430388
v -0.067348 -0.099028 -0.425761
v -0.066107 -0.103336 -0.418049
v -0.065204 -0.107362 -0.409244
v -0.065768 -0.094062 -0.428715
v -0.065204 -0.099743 -0.419045
v -0.064620 -0.097937 -0.418293
v -0.064395 -0.109563 -0.401286
v -0.065110 -0.086932 -0.434171
v -0.065204 -0.065843 -0.452832
v -0.066182 -0.077977 -0.446925
v -0.064338 -0.082248 -0.433436
v -0.063416 -0.093422 -0.409583
v -0.063981 -0.095830 -0.414982
v -0.063605 -0.080404 -0.425460
v -0.062890 -0.081382 -0.411068
v -0.062965 -0.090695 -0.403412
v -0.063849 -0.065279 -0.437688
v -0.062946 -0.049608 -0.423823
v -0.062852 -0.066916 -0.418537
v -0.064282 -0.047595 -0.446041
v -0.065919 -0.045507 -0.462859
v -0.068835 -0.025829 -0.479226
v -0.068101 -0.042648 -0.473187
v -0.066671 -0.028143 -0.468389
v -0.070697 -0.039864 -0.478512
v -0.067706 -0.059222 -0.464045
v -0.070584 -0.069399 -0.458363
v -0.068082 -0.072503 -0.454563
v -0.070321 -0.055835 -0.468842
v -0.073180 -0.053785 -0.470440
v -0.073556 -0.037945 -0.480280
v -0.073387 -0.067518 -0.459623
v -0.076284 -0.052430 -0.470440
v -0.076698 -0.036458 -0.480280
v -0.080141 -0.034991 -0.480280
v -0.076435 -0.066257 -0.459623
v -0.079689 -0.051057 -0.470440
v -0.079727 -0.064997 -0.459623
v -0.079990 -0.077808 -0.447433
v -0.076830 -0.078956 -0.447433
v -0.073839 -0.080122 -0.447433
v -0.071111 -0.081721 -0.446492
v -0.068759 -0.084204 -0.443689
v -0.066916 -0.088117 -0.438083
v -0.080724 -0.018530 -0.486620
v -0.077281 -0.020110 -0.486620
v -0.074140 -0.021691 -0.486620
v -0.061874 -0.070151 -0.394740
v -0.062175 -0.085145 -0.391052
v -0.061648 -0.052261 -0.397261
v -0.060218 -0.054801 -0.367443
v -0.061385 -0.032771 -0.398577
v -0.057302 -0.035085 -0.334822
v -0.058488 -0.056512 -0.335480
v -0.062589 -0.096827 -0.388739
v -0.063097 -0.104766 -0.390281
v -0.063699 -0.108999 -0.394777
v -0.064150 -0.121321 -0.385408
v -0.065072 -0.117634 -0.395925
v -0.065298 -0.139212 -0.375833
v -0.056381 -0.175538 -0.294394
v -0.055591 -0.175651 -0.278498
v -0.055873 -0.160206 -0.270577
v -0.056362 -0.163555 -0.288901
v -0.056437 -0.147809 -0.279757
v -0.056061 -0.139832 -0.261040
v -0.057190 -0.137838 -0.291121
v -0.055986 -0.112592 -0.254719
v -0.057810 -0.118913 -0.296163
v -0.055666 -0.129354 -0.238014
v -0.055384 -0.120776 -0.210867
v -0.055327 -0.118386 -0.179808
v -0.054500 -0.091315 -0.183289
v -0.054631 -0.092463 -0.145607
v -0.033467 0.060914 -0.334710
v -0.034709 0.048874 -0.315915
v -0.033260 0.055873 -0.327523
v -0.020844 0.076886 -0.310949
v -0.036985 0.066746 -0.339694
v -0.049345 0.047200 -0.356079
v -0.061949 0.033919 -0.377525
v -0.051903 0.049006 -0.356079
v -0.041970 0.070358 -0.339694
v -0.039468 0.068552 -0.339694
v -0.025265 0.091014 -0.327655
v -0.027711 0.092839 -0.327655
v -0.030326 0.093930 -0.325736
v -0.012266 0.116674 -0.319263
v -0.014899 0.117822 -0.316574
v -0.018022 0.117615 -0.308504
v -0.033336 0.093629 -0.319979
v -0.037700 0.089340 -0.310949
v -0.044397 0.078542 -0.299191
v -0.053709 0.062419 -0.315915
v -0.050361 0.068138 -0.327523
v -0.056305 0.055835 -0.303274
v -0.060218 0.043870 -0.280642
v -0.052261 0.062852 -0.287998
v -0.057453 0.047257 -0.251878
v -0.037098 0.090544 -0.273869
v -0.047971 0.069418 -0.261567
v -0.055929 0.049514 -0.217339
v -0.045714 0.073425 -0.226971
v -0.033561 0.097034 -0.237506
v -0.044698 0.075644 -0.187276
v -0.055290 0.050887 -0.179131
v -0.063586 0.025660 -0.170570
v -0.063736 0.025716 -0.131987
v -0.055139 0.051546 -0.139305
v -0.064094 0.025434 -0.094024
v -0.055102 0.051678 -0.099950
v -0.054819 0.051489 -0.063115
v -0.044228 0.076811 -0.145663
v -0.043776 0.077281 -0.104596
v -0.042874 0.077394 -0.066632
v -0.041726 0.077262 -0.030983
v -0.030645 0.102339 -0.108434
v -0.029216 0.102678 -0.069361
v -0.016235 0.126946 -0.111876
v -0.014523 0.127491 -0.071995
v -0.027447 0.102791 -0.033072
v -0.010177 0.128112 -0.000639
v -0.025585 0.102828 0.001298
v -0.012397 0.127830 -0.035215
v 0.002558 0.152549 -0.038263
v 0.000564 0.151966 -0.075230
v 0.016498 0.176140 -0.041875
v 0.004647 0.153095 -0.003573
v 0.018154 0.176912 -0.007166
v -0.008165 0.128470 0.032678
v 0.006584 0.153716 0.029761
v 0.008070 0.154544 0.062627
v 0.020882 0.178774 0.058996
v 0.019678 0.177758 0.026169
v 0.030532 0.199806 0.022237
v 0.031323 0.200935 0.055046
v 0.029536 0.198772 -0.011099
v 0.028463 0.197774 -0.045789
v 0.037493 0.216662 -0.049683
v 0.027428 0.196740 -0.082643
v 0.014918 0.175313 -0.078842
v 0.026601 0.195611 -0.122468
v 0.013658 0.174353 -0.118913
v -0.001054 0.151214 -0.115376
v 0.031925 0.202082 0.087573
v 0.021766 0.179846 0.091542
v 0.038942 0.220218 0.051113
v 0.039450 0.222437 0.116036
v 0.039581 0.223265 0.148543
v 0.032339 0.203117 0.119967
v 0.032621 0.203945 0.152494
v 0.022406 0.180825 0.123975
v 0.010403 0.157027 0.160319
v 0.022838 0.181615 0.156501
v 0.023083 0.182085 0.189329
v 0.023215 0.182160 0.256658
v 0.023196 0.182254 0.222664
v 0.010761 0.157554 0.226559
v 0.010742 0.157365 0.260571
v 0.032809 0.204434 0.185303
v 0.032884 0.204641 0.218619
v 0.039675 0.223754 0.181371
v 0.043532 0.239331 0.177759
v 0.043551 0.239576 0.211076
v 0.039713 0.223980 0.214687
v 0.039732 0.224018 0.248682
v 0.043551 0.239519 0.315918
v 0.043551 0.239632 0.245089
v 0.039732 0.223905 0.283560
v 0.032922 0.204415 0.287511
v 0.032922 0.204058 0.323461
v 0.032922 0.204622 0.252632
v 0.039732 0.223736 0.319530
v 0.043551 0.239387 0.352206
v 0.043551 0.239181 0.388101
v 0.039732 0.223115 0.391693
v 0.045357 0.251333 0.419704
v 0.045357 0.251578 0.384939
v 0.046109 0.259536 0.486959
v 0.043551 0.238861 0.422866
v 0.045357 0.250336 0.486959
v 0.043551 0.238390 0.455768
v 0.043551 0.237751 0.486959
v 0.039732 0.222663 0.426458
v 0.039732 0.222080 0.459362
v 0.032922 0.201518 0.463293
v 0.023064 0.177645 0.467319
v 0.032922 0.202308 0.430390
v 0.032922 0.202986 0.395643
v 0.023083 0.178642 0.434416
v 0.023120 0.179621 0.399651
v 0.010215 0.152568 0.438235
v 0.010328 0.153829 0.403488
v 0.023139 0.180505 0.363776
v 0.010441 0.155033 0.367613
v 0.010554 0.156067 0.331363
v 0.023177 0.181257 0.327487
v 0.032922 0.203588 0.359750
v 0.010648 0.156876 0.295449
v -0.004628 0.130276 0.298966
v 0.023196 0.181822 0.291536
v -0.022142 0.103543 0.267061
v -0.004402 0.130915 0.264108
v -0.023083 0.101530 0.337720
v -0.004891 0.129241 0.334861
v -0.022575 0.102753 0.301903
v -0.040823 0.075212 0.269939
v -0.041538 0.074309 0.304724
v -0.042384 0.072936 0.340448
v -0.061084 0.043475 0.343553
v -0.043287 0.071261 0.376436
v -0.059898 0.044924 0.307960
v -0.076040 0.014636 0.312118
v -0.058902 0.045959 0.273251
v -0.058017 0.046673 0.239182
v -0.074723 0.015746 0.277521
v -0.040258 0.075795 0.235852
v -0.021822 0.103957 0.233010
v -0.057208 0.047181 0.205545
v -0.039769 0.076115 0.202271
v -0.021615 0.104108 0.199525
v -0.004477 0.130915 0.163706
v -0.004289 0.131197 0.196685
v -0.021578 0.104014 0.166396
v -0.039393 0.076265 0.168992
v -0.021709 0.103769 0.133437
v -0.039111 0.076378 0.135789
v -0.056418 0.047652 0.172133
v -0.055609 0.048141 0.138704
v -0.038979 0.076472 0.102641
v -0.054876 0.048705 0.105313
v -0.039130 0.076585 0.069494
v -0.022819 0.103111 0.067632
v -0.022105 0.103430 0.100553
v -0.054311 0.049288 0.071977
v -0.065994 0.022104 0.042592
v -0.067066 0.021032 0.075871
v -0.054029 0.049890 0.038698
v -0.039619 0.076754 0.036309
v -0.040559 0.077018 0.003086
v -0.054123 0.050530 0.005531
v -0.054443 0.051076 -0.028181
v -0.065260 0.023139 0.009539
v -0.071882 -0.003913 -0.017212
v -0.072992 -0.005305 0.015916
v -0.064771 0.024080 -0.023853
v -0.064414 0.024870 -0.058186
v -0.070998 -0.002634 -0.051131
v -0.075155 -0.030852 -0.044095
v -0.070264 -0.001562 -0.086424
v -0.076378 -0.032640 -0.010271
v -0.080573 -0.064113 0.028614
v -0.078843 -0.061836 -0.005041
v -0.077902 -0.034502 0.022877
v -0.077469 -0.059579 -0.039224
v -0.078560 -0.088682 -0.038621
v -0.076378 -0.057378 -0.074271
v -0.077545 -0.086010 -0.073819
v -0.075532 -0.055252 -0.110616
v -0.078974 -0.117954 -0.044415
v -0.078222 -0.115019 -0.079821
v -0.080009 -0.120738 -0.007901
v -0.081570 -0.093855 0.031343
v -0.079859 -0.091297 -0.003592
v -0.081476 -0.123372 0.029273
v -0.083489 -0.125874 0.066710
v -0.083753 -0.096338 0.066296
v -0.080536 -0.151778 0.022896
v -0.082154 -0.154525 0.063417
v -0.084580 -0.156707 0.103901
v -0.087515 -0.158551 0.143615
v -0.086142 -0.128263 0.103976
v -0.089227 -0.130464 0.140792
v -0.086499 -0.098746 0.101324
v -0.089585 -0.101004 0.136278
v -0.088174 -0.070753 0.129882
v -0.085314 -0.068628 0.095963
v -0.084505 -0.040202 0.122602
v -0.082022 -0.038340 0.089114
v -0.082699 -0.066389 0.062158
v -0.079764 -0.036402 0.055818
v -0.074384 -0.006791 0.048800
v -0.076134 -0.008315 0.082005
v -0.078071 -0.009801 0.115415
v -0.069756 0.018982 0.142862
v -0.068364 0.019979 0.109320
v -0.080065 -0.011212 0.148957
v -0.087026 -0.041952 0.156181
v -0.071111 0.018079 0.176424
v -0.081966 -0.012473 0.182481
v -0.089415 -0.043494 0.189686
v -0.091503 -0.044755 0.223021
v -0.083640 -0.013507 0.215892
v -0.072352 0.017326 0.209890
v -0.085182 -0.014448 0.249415
v -0.093385 -0.045883 0.256413
v -0.098483 -0.077131 0.264089
v -0.096301 -0.075889 0.230809
v -0.100533 -0.078260 0.297575
v -0.095191 -0.046956 0.290106
v -0.086706 -0.015426 0.283277
v -0.088287 -0.016593 0.317704
v -0.097034 -0.048122 0.324307
v -0.102584 -0.079388 0.331550
v -0.105312 -0.109770 0.339000
v -0.105537 -0.138647 0.346280
v -0.103092 -0.108717 0.305287
v -0.103205 -0.137763 0.312832
v -0.099010 -0.164101 0.286702
v -0.100834 -0.136785 0.279647
v -0.100834 -0.107626 0.271972
v -0.098445 -0.106365 0.238730
v -0.096470 -0.163103 0.253084
v -0.098332 -0.135619 0.246273
v -0.095567 -0.134208 0.212186
v -0.095793 -0.104879 0.205169
v -0.092745 -0.103073 0.170949
v -0.091108 -0.072729 0.163762
v -0.093874 -0.074459 0.197455
v -0.090638 -0.160300 0.181804
v -0.093704 -0.161843 0.218337
v -0.092444 -0.132477 0.176949
v -0.075005 -0.053521 -0.148222
v -0.073331 -0.027692 -0.115959
v -0.074158 -0.029197 -0.079162
v -0.069606 -0.000696 -0.123653
v -0.072860 -0.026469 -0.153847
v -0.069248 -0.000094 -0.161710
v -0.074967 -0.052581 -0.187051
v -0.072879 -0.025623 -0.192130
v -0.069399 0.000207 -0.199561
v -0.063943 0.025152 -0.208308
v -0.065034 0.024136 -0.243732
v -0.070227 0.000150 -0.236114
v -0.073575 -0.024945 -0.229942
v -0.071957 -0.000282 -0.270277
v -0.075099 -0.024212 -0.266345
v -0.077187 -0.023403 -0.301317
v -0.077037 -0.048969 -0.264482
v -0.079031 -0.046373 -0.301223
v -0.078278 -0.072447 -0.268188
v -0.075588 -0.051395 -0.226143
v -0.080197 -0.067988 -0.303988
v -0.081100 -0.086932 -0.311155
v -0.079313 -0.092538 -0.280906
v -0.081759 -0.103374 -0.319772
v -0.083038 -0.082925 -0.340033
v -0.082097 -0.117465 -0.326921
v -0.083527 -0.098389 -0.343871
v -0.083828 -0.111764 -0.347784
v -0.085465 -0.104484 -0.369173
v -0.086725 -0.094890 -0.390281
v -0.085182 -0.093140 -0.367273
v -0.086480 -0.086575 -0.388739
v -0.084863 -0.079200 -0.366897
v -0.087214 -0.080329 -0.403412
v -0.086349 -0.074459 -0.391052
v -0.086142 -0.058920 -0.394740
v -0.084374 -0.062514 -0.367235
v -0.087421 -0.070735 -0.411068
v -0.088192 -0.054594 -0.437688
v -0.087459 -0.055798 -0.418537
v -0.088023 -0.070057 -0.425460
v -0.088305 -0.072371 -0.433436
v -0.087590 -0.083301 -0.409583
v -0.087101 -0.099461 -0.394777
v -0.087929 -0.086029 -0.414982
v -0.087383 -0.037851 -0.423823
v -0.085728 -0.040353 -0.397261
v -0.083602 -0.042911 -0.367443
v -0.084769 -0.020317 -0.398577
v -0.082116 -0.021521 -0.367141
v -0.079558 -0.022519 -0.334822
v -0.081307 -0.044642 -0.335480
v -0.082304 -0.065091 -0.337004
v -0.074215 -0.000470 -0.302766
v -0.069568 0.021578 -0.304402
v -0.067160 0.022518 -0.275338
v -0.062702 0.041820 -0.305042
v -0.023948 0.102885 0.034596
v -0.004891 0.130389 0.130973
v -0.005587 0.129711 0.098332
v -0.006660 0.129053 0.065619
v 0.009162 0.155447 0.095229
v 0.009914 0.156331 0.127737
v -0.004289 0.131216 0.230076
v -0.077545 0.013131 0.347541
v -0.062363 0.041707 0.379390
v -0.079144 0.011381 0.383190
v -0.023647 0.100007 0.373822
v -0.024230 0.098295 0.409584
v -0.044209 0.069399 0.412086
v -0.045789 0.065693 0.486959
v -0.024757 0.096545 0.444275
v -0.025209 0.094852 0.486959
v -0.005719 0.124914 0.441603
v -0.005945 0.123409 0.486959
v -0.005455 0.126457 0.406875
v 0.010121 0.151308 0.486959
v -0.005173 0.127924 0.371057
v -0.045545 0.022970 0.486959
v -0.062796 -0.006735 0.486959
v -0.061535 -0.004985 0.452984
v -0.044548 0.024757 0.449466
v -0.043344 0.026619 0.414907
v -0.042083 0.028444 0.379390
v -0.060068 -0.003161 0.418538
v -0.058488 -0.001373 0.383190
v -0.056889 0.000263 0.347541
v -0.055365 0.001637 0.312118
v -0.040804 0.030100 0.343553
v -0.054048 0.002634 0.277521
v -0.052844 0.003386 0.243527
v 0.046768 0.265781 0.486959
v 0.046109 0.260100 0.449993
v 0.046109 0.260476 0.417089
v 0.046768 0.266346 0.448055
v 0.048310 0.269563 0.486959
v 0.048310 0.270127 0.446907
v 0.045357 0.251728 0.349046
v 0.045357 0.251747 0.207915
v 0.045357 0.251503 0.174599
v 0.043494 0.238842 0.144950
v -0.017232 0.126062 -0.155747
v -0.031454 0.101624 -0.151119
v -0.032207 0.100044 -0.194952
v -0.018097 0.124256 -0.201141
v -0.069041 0.024870 -0.404711
v -0.073650 0.019151 -0.433436
v -0.084185 -0.002502 -0.485039
v -0.083734 0.009199 -0.477025
v -0.085784 0.007525 -0.471814
v -0.084938 -0.103167 -0.414774
v -0.083000 -0.089810 -0.432703
v -0.082624 -0.103224 -0.416694
v -0.076397 -0.174936 -0.326789
v -0.063247 -0.273626 -0.149671
v -0.062344 -0.273626 -0.121866
v -0.061366 -0.273626 -0.084843
v -0.064075 -0.273231 -0.085502
v -0.056644 -0.273626 -0.121866
v -0.065034 -0.273193 -0.122186
v -0.055666 -0.273626 -0.084843
v -0.053032 -0.273269 -0.085502
v -0.053992 -0.273250 -0.122186
v -0.054782 -0.273626 -0.041255
v -0.063191 -0.273212 -0.042252
v -0.065185 -0.271256 0.001317
v -0.065674 -0.271914 -0.045261
v -0.067442 -0.268152 -0.009442
v -0.067781 -0.269450 -0.052110
v -0.051828 -0.248135 -0.203530
v -0.051320 -0.253723 -0.186731
v -0.050887 -0.255378 -0.169706
v -0.051640 -0.247609 -0.168539
v -0.050474 -0.254720 -0.149727
v -0.051320 -0.246668 -0.147808
v -0.050831 -0.245163 -0.115828
v -0.051283 -0.239388 -0.078390
v -0.052505 -0.233123 -0.094080
v -0.052392 -0.235776 -0.124783
v -0.053615 -0.225372 -0.099762
v -0.053690 -0.226219 -0.127736
v -0.054782 -0.214179 -0.123370
v -0.054612 -0.214913 -0.093741
v -0.053634 -0.223679 -0.074572
v -0.054330 -0.216606 -0.061364
v -0.055497 -0.200296 -0.081305
v -0.056531 -0.182969 -0.028934
v -0.055365 -0.202948 -0.043964
v -0.055214 -0.207463 -0.003968
v -0.057001 -0.186788 0.012699
v -0.053860 -0.220613 -0.029779
v -0.052976 -0.227103 -0.003121
v -0.052938 -0.228439 -0.061045
v -0.051922 -0.233932 -0.041988
v -0.050681 -0.240479 -0.023119
v -0.058676 -0.161335 0.022896
v -0.055892 -0.193316 -0.161804
v -0.055158 -0.021766 0.082005
v -0.063304 -0.052769 0.122602
v -0.065843 -0.054311 0.156181
v -0.069813 -0.084298 0.163762
v -0.066840 -0.082511 0.129882
v -0.057096 -0.023064 0.115415
v -0.046410 0.007055 0.075871
v -0.047689 0.006170 0.109320
v -0.034577 0.034558 0.105313
v -0.034013 0.034991 0.071977
v -0.071506 -0.113777 0.170949
v -0.074629 -0.115433 0.205169
v -0.072616 -0.085860 0.197455
v -0.077338 -0.116806 0.238730
v -0.079746 -0.117935 0.271972
v -0.082022 -0.118951 0.305287
v -0.084261 -0.119891 0.339000
v -0.068233 -0.055685 0.189686
v 0.040766 0.165643 0.123975
v 0.041199 0.166433 0.156501
v 0.040127 0.164665 0.091542
v 0.041444 0.166903 0.189329
v 0.039243 0.163592 0.058996
v 0.041557 0.167091 0.222664
v 0.050944 0.189158 0.152494
v 0.051113 0.189648 0.185303
v 0.058262 0.210247 0.181371
v 0.058187 0.209758 0.148543
v 0.051207 0.189854 0.218619
v 0.051226 0.189836 0.252632
v 0.058318 0.210398 0.283560
v 0.051226 0.189629 0.287511
v 0.041575 0.166997 0.256658
v 0.041557 0.166659 0.291536
v 0.058300 0.210473 0.214687
v 0.058318 0.210209 0.319530
v 0.062833 0.228345 0.352206
v 0.062833 0.228476 0.315918
v 0.065204 0.242943 0.452608
v 0.062833 0.228514 0.211076
v 0.062815 0.228288 0.177759
v 0.065204 0.243526 0.174599
v 0.065204 0.243752 0.207915
v 0.062777 0.227799 0.144950
v 0.065185 0.243018 0.141790
v 0.065166 0.242209 0.109282
v 0.062721 0.226971 0.112442
v 0.062645 0.225918 0.080029
v 0.058036 0.208930 0.116036
v 0.065147 0.241156 0.076868
v 0.065843 0.252105 0.041745
v 0.065843 0.254381 0.106668
v 0.065843 0.255209 0.139194
v 0.065185 0.254268 -0.137894
v 0.065185 0.252801 -0.181726
v 0.063642 0.258087 -0.183194
v 0.065185 0.255660 -0.097936
v 0.065185 0.259648 0.006999
v 0.063642 0.260965 -0.099159
v 0.063642 0.262320 -0.062212
v 0.063642 0.259554 -0.139193
v 0.061460 0.260702 -0.183908
v 0.061460 0.262169 -0.139851
v 0.058826 0.262997 -0.140076
v 0.058826 0.264408 -0.099987
v 0.061460 0.263580 -0.099780
v 0.058826 0.265762 -0.063002
v 0.061460 0.264935 -0.062814
v 0.063642 0.263637 -0.027503
v 0.061460 0.266252 -0.028087
v 0.058826 0.267098 -0.028274
v 0.055967 0.267023 -0.028274
v 0.058826 0.268396 0.005061
v 0.061460 0.268866 0.038077
v 0.063642 0.266252 0.038660
v 0.063642 0.267474 0.071168
v 0.065185 0.262188 0.072334
v 0.063642 0.264953 0.005833
v 0.065185 0.263260 0.104730
v 0.053126 0.265650 -0.063002
v 0.053126 0.264295 -0.099987
v 0.053126 0.262884 -0.140076
v 0.050492 0.263599 -0.099780
v 0.048310 0.260288 -0.139193
v 0.050492 0.262207 -0.139851
v 0.048310 0.258821 -0.183194
v 0.050492 0.260740 -0.183908
v 0.053126 0.261417 -0.184154
v 0.048404 0.256827 -0.225504
v 0.050530 0.258651 -0.227197
v 0.053145 0.259272 -0.227760
v 0.053164 0.255848 -0.266383
v 0.050643 0.255378 -0.264915
v 0.048668 0.253873 -0.260494
v 0.047351 0.250675 -0.256507
v 0.048950 0.249471 -0.285892
v 0.047915 0.248060 -0.276108
v 0.047633 0.243526 -0.282900
v 0.049044 0.243112 -0.299379
v 0.046749 0.245106 -0.256355
v 0.046260 0.247101 -0.221308
v 0.045620 0.236679 -0.256713
v 0.046542 0.235230 -0.286211
v 0.048066 0.234158 -0.304046
v 0.050060 0.233255 -0.313037
v 0.045131 0.221948 -0.302955
v 0.039073 0.206503 -0.299793
v 0.047106 0.220519 -0.312097
v 0.040955 0.204829 -0.308936
v 0.049364 0.219127 -0.315125
v 0.051772 0.217753 -0.315125
v 0.052392 0.232276 -0.316047
v 0.053333 0.242698 -0.310817
v 0.054932 0.231279 -0.316047
v 0.055967 0.242096 -0.310817
v 0.055967 0.250261 -0.295561
v 0.058789 0.255698 -0.266383
v 0.058713 0.249979 -0.295561
v 0.055967 0.255773 -0.266383
v 0.053220 0.250524 -0.295561
v 0.050794 0.250393 -0.293153
v 0.050944 0.243112 -0.307958
v 0.058808 0.259329 -0.227760
v 0.055967 0.259291 -0.227760
v 0.058826 0.261530 -0.184154
v 0.061422 0.258501 -0.227197
v 0.061309 0.254889 -0.264915
v 0.063285 0.252575 -0.260494
v 0.063548 0.255961 -0.225504
v 0.065035 0.250825 -0.223322
v 0.064602 0.247966 -0.256507
v 0.065674 0.242247 -0.221308
v 0.061159 0.249170 -0.293153
v 0.046918 0.253196 -0.223322
v 0.046109 0.248775 -0.179300
v 0.046109 0.250242 -0.135693
v 0.046109 0.251653 -0.095905
v 0.065843 0.254682 0.486959
v 0.065843 0.255698 0.172003
v 0.065204 0.243808 0.312757
v 0.065204 0.242360 0.486959
v 0.062833 0.227799 0.422866
v 0.062833 0.226708 0.486959
v 0.062833 0.227348 0.455768
v 0.062833 0.228138 0.388101
v 0.058318 0.209607 0.391693
v 0.058318 0.209965 0.355799
v 0.050662 0.188349 0.119967
v 0.050229 0.187315 0.087573
v 0.057829 0.207877 0.083621
v 0.031247 0.157967 -0.162990
v 0.030664 0.156707 -0.207199
v 0.029912 0.155541 -0.247646
v 0.043532 0.177419 -0.248754
v 0.056099 0.203136 -0.049683
v 0.061949 0.220914 -0.053275
v -0.097749 -0.245125 0.467376
v -0.104070 -0.230226 0.486959
v -0.101512 -0.230207 0.466209
v -0.107644 -0.212260 0.486959
v -0.105180 -0.212147 0.463895
v -0.102509 -0.212053 0.430428
v -0.098765 -0.230207 0.432856
v -0.094927 -0.245163 0.434058
v -0.091127 -0.256845 0.434473
v -0.094005 -0.256808 0.467771
v -0.090337 -0.265217 0.467771
v -0.087440 -0.265236 0.434473
v -0.104804 -0.054236 0.463443
v -0.075494 -0.270278 0.334861
v -0.072409 -0.272798 0.334861
v -0.073951 -0.256055 0.190796
v -0.070603 -0.264841 0.190796
v -0.075852 -0.233161 -0.168182
v -0.074290 -0.242736 -0.147808
v -0.074140 -0.252387 -0.169706
v -0.073462 -0.251804 -0.149727
v -0.074873 -0.243658 -0.168539
v -0.075362 -0.242416 -0.185132
v -0.075739 -0.237582 -0.200501
v -0.076228 -0.232032 -0.183570
v -0.074742 -0.250543 -0.186731
v -0.073406 -0.259385 -0.170910
v -0.074140 -0.256695 -0.188255
v -0.075306 -0.244561 -0.203530
v -0.075852 -0.232653 -0.222738
v -0.075720 -0.236039 -0.227686
v -0.074892 -0.249546 -0.206389
v -0.076660 -0.218449 -0.250524
v -0.077695 -0.198997 -0.273231
v -0.076679 -0.219070 -0.257634
v -0.076435 -0.216869 -0.242811
v -0.077112 -0.199223 -0.262206
v -0.076736 -0.198170 -0.250975
v -0.077864 -0.182123 -0.279777
v -0.077281 -0.182047 -0.265612
v -0.077244 -0.180599 -0.250261
v -0.077902 -0.167938 -0.278498
v -0.076867 -0.195969 -0.239236
v -0.078692 -0.167901 -0.294394
v -0.079821 -0.165699 -0.309293
v -0.078767 -0.180505 -0.293567
v -0.076999 -0.205469 -0.220969
v -0.077263 -0.194784 -0.226312
v -0.076604 -0.210021 -0.226895
v -0.076322 -0.214123 -0.234853
v -0.076021 -0.227705 -0.217545
v -0.076529 -0.220839 -0.212504
v -0.076453 -0.228251 -0.197567
v -0.077150 -0.210924 -0.209776
v -0.077244 -0.215929 -0.195761
v -0.077639 -0.196759 -0.211563
v -0.077883 -0.200013 -0.196175
v -0.077131 -0.218920 -0.182254
v -0.077902 -0.202628 -0.181388
v -0.078354 -0.183157 -0.180372
v -0.077733 -0.204641 -0.165473
v -0.078278 -0.185584 -0.161804
v -0.077526 -0.179263 -0.233686
v -0.078542 -0.155372 -0.288901
v -0.076134 -0.219371 -0.263165
v -0.072503 -0.264653 -0.171436
v -0.049721 -0.265932 0.098671
v -0.051885 -0.270560 0.147076
v -0.051621 -0.265913 0.146851
v -0.052863 -0.258087 0.147603
v -0.055120 -0.247025 0.148092
v -0.060952 -0.233274 0.189743
v -0.067254 -0.273626 0.301903
v -0.065128 -0.273626 0.267589
v 0.065298 0.056211 0.161824
v 0.055967 0.261473 -0.184154
v 0.064959 -0.228063 0.196910
vn -0.6345 -0.7718 -0.0409
vn -0.6448 -0.7633 -0.0399
vn -0.6449 -0.7635 -0.0335
vn -0.8346 -0.5482 -0.0532
vn -0.8349 -0.5484 -0.0462
vn -0.8456 -0.5320 -0.0435
vn -0.8459 -0.5322 -0.0345
vn -0.6653 -0.7461 -0.0276
vn -0.6502 -0.7594 -0.0250
vn -0.6500 -0.7592 -0.0331
vn -0.2986 -0.9543 -0.0155
vn -0.2986 -0.9543 -0.0115
vn -0.0000 -1.0000 -0.0000
vn -0.3022 -0.9532 -0.0083
vn -0.2986 -0.9543 -0.0085
vn 0.3619 -0.9321 0.0153
vn 0.3619 -0.9321 0.0125
vn 0.3445 -0.9387 0.0110
vn 0.3811 -0.9244 0.0172
vn 0.8998 -0.4351 0.0319
vn 0.8994 -0.4349 0.0437
vn 0.9211 -0.3870 0.0415
vn 0.3811 -0.9243 0.0202
vn 0.9208 -0.3868 0.0499
vn 0.3901 -0.9204 0.0248
vn 0.9301 -0.3626 0.0591
vn 0.3902 -0.9205 0.0202
vn 0.9304 -0.3627 0.0521
vn 0.9947 0.0801 0.0650
vn 0.9359 -0.3470 0.0607
vn 0.9950 0.0801 0.0594
vn 0.9969 0.0542 0.0563
vn 0.9663 0.2508 0.0581
vn 0.9713 0.2294 0.0629
vn 0.9973 0.0542 0.0492
vn 0.9985 0.0082 0.0544
vn 0.9792 0.1954 0.0539
vn 0.9714 0.2294 0.0604
vn 0.9712 0.2304 0.0604
vn 0.9640 0.2570 0.0677
vn 0.9599 0.2734 0.0624
vn 0.9679 0.2419 0.0678
vn 0.9636 0.2571 0.0737
vn 0.9639 0.2569 0.0706
vn 0.9593 0.2735 0.0704
vn 0.9548 0.2876 0.0747
vn 0.9615 0.2644 0.0751
vn 0.9560 0.2841 0.0736
vn 0.9565 0.2839 0.0668
vn 0.9620 0.2630 0.0731
vn 0.9618 0.2632 0.0757
vn 0.9812 0.1772 0.0767
vn 0.9683 0.2360 0.0816
vn 0.9609 0.2648 0.0810
vn 0.9338 0.3470 0.0867
vn 0.9309 0.3550 0.0859
vn 0.9602 0.2642 0.0907
vn 0.9612 0.2635 0.0816
vn 0.9618 0.2592 0.0888
vn 0.9610 0.2596 0.0957
vn 0.9632 0.2521 0.0928
vn 0.9452 0.3137 0.0910
vn 0.9631 0.2522 0.0940
vn 0.9803 0.1598 0.1159
vn -0.0084 1.0000 -0.0031
vn 0.9647 0.2449 0.0974
vn 0.9581 0.2473 0.1446
vn 0.9603 0.2304 0.1571
vn 0.9520 0.2634 0.1556
vn 0.9495 0.2704 0.1593
vn 0.9579 0.2704 0.0966
vn 0.9493 0.2712 0.1593
vn 0.9511 0.2658 0.1573
vn 0.0203 0.9998 0.0004
vn 0.9569 0.2734 0.0975
vn 0.9584 0.2679 0.0981
vn 0.9723 0.1696 0.1609
vn 0.9805 0.1711 0.0968
vn 0.9594 0.2646 0.0974
vn 0.9835 0.1505 0.1000
vn 0.9596 0.2642 0.0973
vn 0.9713 -0.2178 0.0962
vn 0.9713 -0.2178 0.0957
vn 0.9870 0.1276 0.0973
vn 0.9567 -0.2769 0.0902
vn 0.9895 0.1104 0.0931
vn 0.9872 0.1276 0.0952
vn 0.9903 0.1105 0.0840
vn 0.9911 0.1025 0.0851
vn 0.9597 0.2653 0.0925
vn 0.9606 0.2656 0.0825
vn 0.9552 0.2847 0.0812
vn 0.9542 0.2877 0.0821
vn 0.9607 0.2650 0.0827
vn 0.9599 0.2647 0.0924
vn 0.9556 0.2799 0.0920
vn 0.9543 0.2849 0.0902
vn 0.9928 0.0933 0.0749
vn 0.9920 0.1026 0.0736
vn 0.9629 0.2599 0.0728
vn 0.9614 0.2651 0.0740
vn 0.9934 0.0934 0.0666
vn 0.9634 0.2601 0.0650
vn 0.9382 -0.3368 0.0793
vn 0.9390 -0.3370 0.0689
vn 0.9354 -0.3468 0.0694
vn 0.3924 -0.9192 0.0319
vn 0.4039 -0.9142 0.0335
vn 0.9450 -0.3177 0.0784
vn 0.3925 -0.9193 0.0284
vn 0.3937 -0.9188 0.0285
vn -0.2849 -0.9583 -0.0244
vn -0.2849 -0.9583 -0.0230
vn -0.2814 -0.9593 -0.0238
vn -0.6227 -0.7806 -0.0544
vn -0.6226 -0.7806 -0.0544
vn -0.6295 -0.7751 -0.0539
vn -0.2814 -0.9593 -0.0246
vn -0.2780 -0.9603 -0.0239
vn -0.6204 -0.7825 -0.0533
vn -0.6226 -0.7807 -0.0538
vn -0.2774 -0.9604 -0.0239
vn -0.2778 -0.9599 -0.0384
vn 0.4696 -0.8818 0.0424
vn 0.5073 -0.8586 0.0741
vn 0.5081 -0.8599 0.0479
vn 0.9842 -0.0917 0.1515
vn 0.5559 -0.8269 0.0856
vn 0.9761 -0.1502 0.1571
vn 0.9841 -0.1514 0.0929
vn -0.0000 -0.0000 1.0000
vn 0.9694 0.1898 0.1557
vn 0.4244 -0.9047 0.0373
vn 0.4243 -0.9046 0.0407
vn 0.4039 -0.9141 0.0367
vn 0.9444 -0.3175 0.0857
vn 0.9603 -0.2638 0.0910
vn -0.2812 -0.9589 -0.0383
vn -0.6197 -0.7803 -0.0844
vn -0.6191 -0.7808 -0.0842
vn -0.8178 -0.5646 -0.1117
vn 0.9792 0.1896 0.0715
vn 0.9908 0.1197 0.0638
vn 0.9820 0.1755 0.0694
vn -0.0000 1.0000 -0.0000
vn 0.9945 0.0935 0.0483
vn 0.0001 -0.0000 1.0000
vn 0.9110 -0.0000 0.4123
vn 0.9110 -0.0003 0.4124
vn 0.8732 -0.0605 0.4836
vn -0.0000 0.1242 -0.9923
vn 1.0000 -0.0000 -0.0000
vn -0.0000 -0.0000 -1.0000
vn 0.9967 0.0800 0.0139
vn 0.9981 0.0452 0.0417
vn 0.9969 0.0670 0.0404
vn 0.9933 0.0555 0.1010
vn 0.9933 0.0653 0.0948
vn 0.9812 0.1825 0.0635
vn 0.9868 0.1551 0.0457
vn 0.9854 0.1589 0.0613
vn 0.9966 0.0808 0.0153
vn 0.9914 0.1212 0.0501
vn 0.9829 0.1787 0.0450
vn 0.9899 0.1398 0.0231
vn 0.9926 0.1210 -0.0019
vn 0.9848 0.1723 0.0207
vn 0.9861 0.1646 0.0236
vn 0.9844 0.1709 0.0429
vn 0.9883 0.1504 0.0235
vn 0.9890 0.1416 0.0429
vn 0.9947 0.1009 0.0178
vn 0.9967 0.0734 0.0348
vn 0.9848 0.1700 0.0364
vn 0.9901 0.1387 0.0199
vn 0.9884 0.1520 0.0071
vn 0.9887 0.1496 0.0061
vn 0.9955 0.0931 0.0144
vn 0.9925 0.1222 0.0040
vn 0.9902 0.1397 -0.0082
vn 0.9840 0.1780 -0.0016
vn 0.9932 0.1161 0.0007
vn 0.9891 0.1473 -0.0083
vn 0.9964 0.0846 -0.0034
vn 0.9924 0.1224 -0.0119
vn 0.9976 0.0698 -0.0036
vn 0.9978 0.0641 -0.0195
vn 0.9925 0.1212 -0.0126
vn 0.9998 0.0186 -0.0112
vn 0.9997 -0.0147 -0.0209
vn 0.9996 -0.0210 -0.0198
vn 0.9970 0.0753 -0.0154
vn 0.9998 0.0172 -0.0112
vn 0.9960 0.0861 -0.0241
vn 0.9964 0.0813 -0.0256
vn 0.9994 -0.0171 -0.0291
vn 0.9993 -0.0261 -0.0277
vn 0.9995 -0.0167 -0.0271
vn 0.9993 -0.0254 -0.0288
vn 0.9771 -0.2107 -0.0295
vn 0.9992 -0.0275 -0.0290
vn 0.9779 -0.2075 -0.0255
vn 0.7918 -0.6105 -0.0205
vn 0.8070 -0.5901 -0.0238
vn 0.8074 -0.5895 -0.0228
vn 0.7896 -0.6131 -0.0246
vn 0.9718 -0.2340 -0.0289
vn 0.9738 -0.2259 -0.0274
vn 0.9768 -0.2131 -0.0202
vn 0.7984 -0.6019 -0.0150
vn 0.9750 -0.2212 -0.0190
vn 0.8056 -0.5923 -0.0145
vn 0.4515 -0.8922 -0.0073
vn 0.8809 -0.4733 -0.0053
vn 0.8342 -0.5515 0.0045
vn 0.4648 -0.8854 0.0049
vn 0.9197 -0.3920 0.0205
vn 0.9592 -0.2827 0.0042
vn 0.5795 -0.8150 -0.0051
vn 0.5975 -0.8018 0.0110
vn 0.9667 -0.2553 0.0195
vn 0.7080 -0.7062 0.0011
vn 0.7985 -0.6018 0.0184
vn 0.7160 -0.6980 0.0104
vn 0.2625 -0.9649 0.0028
vn 0.2634 -0.9647 0.0049
vn 0.3100 -0.9507 0.0028
vn 0.1916 -0.9815 -0.0007
vn -0.2068 -0.9784 0.0011
vn -0.2689 -0.9631 0.0051
vn -0.2964 -0.9551 -0.0018
vn -0.2671 -0.9637 0.0003
vn -0.6720 -0.7405 0.0002
vn -0.6431 -0.7658 -0.0023
vn -0.6676 -0.7444 -0.0106
vn -0.2957 -0.9553 -0.0045
vn -0.6743 -0.7384 -0.0100
vn -0.8840 -0.4674 -0.0141
vn -0.8860 -0.4636 -0.0032
vn -0.8847 -0.4661 -0.0035
vn -0.8721 -0.4890 -0.0170
vn -0.9462 -0.3231 -0.0186
vn -0.9578 -0.2874 -0.0047
vn -0.9594 -0.2806 -0.0275
vn -0.9699 -0.2421 -0.0276
vn -0.9783 -0.2034 -0.0386
vn -0.9782 -0.2070 -0.0184
vn -0.9781 -0.2073 -0.0184
vn -0.9842 -0.1742 -0.0324
vn -0.9838 -0.1750 -0.0385
vn -0.9869 -0.1589 -0.0276
vn -0.9848 -0.1716 -0.0276
vn -0.9879 -0.1547 -0.0132
vn -0.9880 -0.1540 -0.0130
vn -0.9841 -0.1774 -0.0131
vn -0.9871 -0.1603 -0.0000
vn -0.9893 -0.1462 0.0001
vn -0.9892 -0.1466 0.0001
vn -0.9877 -0.1565 -0.0056
vn -0.9840 -0.1780 0.0113
vn -0.9876 -0.1572 0.0026
vn -0.9881 -0.1536 0.0030
vn -0.9757 -0.2189 -0.0096
vn -0.9898 -0.1420 0.0122
vn -0.9870 -0.1606 0.0057
vn -0.9917 -0.1277 0.0121
vn -0.9935 -0.1118 0.0195
vn -0.9903 -0.1380 0.0148
vn -0.9875 -0.1572 0.0098
vn -0.9921 -0.1241 0.0153
vn -0.9931 -0.1155 0.0210
vn -0.9839 -0.1780 0.0142
vn -0.9887 -0.1489 0.0194
vn -0.9900 -0.1402 0.0175
vn -0.9923 -0.1227 0.0150
vn -0.9840 -0.1770 0.0211
vn -0.9850 -0.1715 0.0201
vn -0.9839 -0.1776 0.0179
vn -0.9919 -0.1245 0.0242
vn -0.9843 -0.1745 0.0257
vn -0.9922 -0.1223 0.0222
vn -0.9863 -0.1635 0.0238
vn -0.9934 -0.1114 0.0262
vn -0.9550 -0.2945 0.0359
vn -0.9854 -0.1666 0.0352
vn -0.9863 -0.1611 0.0366
vn -0.9525 -0.3036 0.0225
vn -0.9517 -0.3053 0.0341
vn -0.7862 -0.6173 0.0305
vn -0.8025 -0.5960 0.0276
vn -0.8000 -0.5997 0.0199
vn -0.7796 -0.6260 0.0165
vn -0.9502 -0.3108 0.0236
vn -0.4601 -0.8877 0.0169
vn -0.4529 -0.8904 -0.0443
vn -0.4218 -0.9057 -0.0424
vn -0.7814 -0.6239 -0.0086
vn -0.4175 -0.8891 -0.1875
vn -0.7153 -0.6875 -0.1250
vn -0.7540 -0.6483 -0.1058
vn -0.7566 -0.6539 -0.0059
vn -0.3831 -0.9024 -0.1973
vn -0.3831 -0.8493 -0.3633
vn -0.6905 -0.6726 -0.2660
vn -0.7189 -0.6490 -0.2488
vn -0.9325 -0.3462 -0.1031
vn -0.9278 -0.3576 -0.1063
vn -0.9355 -0.3169 -0.1563
vn -0.9512 -0.2815 -0.1265
vn -0.7456 -0.5810 -0.3264
vn -0.7033 -0.6202 -0.3473
vn -0.7575 -0.5511 -0.3501
vn -0.5111 -0.7124 -0.4809
vn -0.4255 -0.7781 -0.4621
vn -0.4353 -0.7469 -0.5026
vn -0.5160 -0.6950 -0.5007
vn -0.2585 -0.7799 -0.5700
vn -0.2584 -0.7981 -0.5443
vn -0.1997 -0.8051 -0.5585
vn -0.3153 -0.7655 -0.5608
vn -0.5744 -0.6694 -0.4712
vn -0.8602 -0.4300 -0.2741
vn -0.8620 -0.4255 -0.2755
vn -0.8685 -0.4175 -0.2672
vn -0.5740 -0.6627 -0.4810
vn -0.7734 -0.5381 -0.3351
vn -0.8697 -0.4191 -0.2606
vn -0.9978 -0.0611 0.0238
vn -0.9987 -0.0376 0.0336
vn -0.9890 -0.1430 -0.0378
vn -0.9961 -0.0683 0.0557
vn -0.9449 -0.2928 -0.1462
vn -0.9946 -0.1022 0.0179
vn -0.9967 -0.0189 0.0786
vn -0.9957 -0.0268 0.0883
vn -0.9938 -0.1104 0.0128
vn -0.9968 -0.0452 0.0660
vn -0.9966 -0.0198 0.0796
vn -0.9952 -0.0049 0.0980
vn -0.9959 0.0047 0.0905
vn -0.9966 -0.0202 0.0801
vn -0.9953 -0.0069 0.0964
vn -0.9942 0.0177 0.1065
vn -0.9955 -0.0111 0.0942
vn -0.9967 -0.0167 0.0800
vn -0.9954 -0.0077 0.0953
vn -0.9963 -0.0249 0.0827
vn -0.9966 -0.0258 0.0787
vn -0.9954 -0.0076 0.0952
vn -0.9964 -0.0150 0.0835
vn -0.9963 -0.0297 0.0808
vn -0.9966 -0.0130 0.0814
vn -0.9976 -0.0227 0.0652
vn -0.9975 -0.0278 0.0654
vn -0.9972 -0.0311 0.0678
vn -0.9982 -0.0361 0.0485
vn -0.9975 -0.0338 0.0615
vn -0.9972 -0.0303 0.0680
vn -0.9985 -0.0199 0.0514
vn -0.9992 -0.0075 0.0395
vn -0.9983 -0.0250 0.0520
vn -0.9976 -0.0212 0.0664
vn -0.9987 -0.0351 0.0376
vn -0.9998 -0.0012 0.0202
vn -0.9991 -0.0058 0.0410
vn -0.9998 -0.0043 0.0216
vn -0.9997 -0.0030 0.0235
vn -1.0000 0.0051 0.0011
vn -0.9995 -0.0272 0.0174
vn -0.9997 -0.0201 0.0155
vn -1.0000 0.0068 0.0007
vn -0.9999 -0.0110 -0.0013
vn -0.9998 -0.0158 -0.0102
vn -0.9998 -0.0047 -0.0180
vn -0.9999 -0.0030 -0.0116
vn -0.9999 0.0022 -0.0125
vn -0.9999 0.0015 -0.0125
vn -1.0000 0.0022 -0.0053
vn -0.9999 0.0166 -0.0047
vn -0.9999 0.0148 -0.0027
vn -0.9999 0.0145 -0.0042
vn -0.9998 0.0187 -0.0049
vn -0.9998 0.0193 -0.0028
vn -0.9999 0.0098 0.0106
vn -0.9998 0.0206 0.0070
vn -0.9998 0.0183 0.0027
vn -0.9997 0.0258 0.0020
vn -0.9994 0.0340 -0.0022
vn -0.9993 0.0359 0.0126
vn -0.9997 0.0255 -0.0025
vn -0.9994 0.0354 -0.0011
vn -0.9997 0.0256 -0.0026
vn -0.9994 0.0322 -0.0083
vn -0.9993 0.0358 -0.0109
vn -0.9996 0.0265 -0.0088
vn -0.9999 0.0141 -0.0012
vn -0.9999 0.0135 0.0016
vn -0.9998 0.0202 -0.0045
vn -0.9999 0.0087 -0.0057
vn -0.9999 0.0165 -0.0032
vn -0.9999 -0.0135 0.0067
vn -0.9999 -0.0104 -0.0012
vn -1.0000 0.0063 0.0007
vn -0.9998 -0.0196 -0.0021
vn -1.0000 -0.0006 -0.0096
vn -0.9999 0.0002 -0.0112
vn -0.9998 -0.0187 -0.0036
vn -0.9999 -0.0161 -0.0034
vn -0.9994 -0.0351 0.0032
vn -0.9998 -0.0087 -0.0180
vn -0.9994 -0.0328 -0.0074
vn -0.9996 -0.0285 -0.0070
vn -0.9978 -0.0647 -0.0152
vn -0.9995 -0.0306 -0.0120
vn -0.9987 -0.0508 -0.0009
vn -0.9986 -0.0524 0.0013
vn -0.9979 -0.0642 0.0004
vn -0.9981 -0.0611 -0.0022
vn -0.9960 -0.0896 0.0052
vn -0.9961 -0.0878 0.0041
vn -0.9956 -0.0933 0.0033
vn -0.9984 -0.0566 0.0069
vn -0.9964 -0.0842 0.0078
vn -0.9965 -0.0835 0.0065
vn -0.9989 -0.0468 0.0073
vn -0.9986 -0.0528 0.0022
vn -0.9970 -0.0772 0.0097
vn -0.9988 -0.0483 0.0100
vn -0.9967 -0.0791 0.0155
vn -0.9977 -0.0667 0.0092
vn -0.9955 -0.0928 0.0185
vn -0.9975 -0.0688 0.0190
vn -0.9955 -0.0926 0.0221
vn -0.9941 -0.1073 0.0162
vn -0.9934 -0.1137 0.0133
vn -0.9914 -0.1303 0.0149
vn -0.9940 -0.1088 0.0109
vn -0.9914 -0.1302 0.0149
vn -0.9922 -0.1223 0.0245
vn -0.9905 -0.1372 0.0094
vn -0.9887 -0.1496 0.0091
vn -0.9914 -0.1300 0.0149
vn -0.9910 -0.1334 0.0088
vn -0.9904 -0.1374 0.0117
vn -0.9939 -0.1105 0.0074
vn -0.9896 -0.1437 0.0054
vn -0.9941 -0.1086 0.0045
vn -0.9935 -0.1139 0.0060
vn -0.9892 -0.1461 0.0059
vn -0.9902 -0.1399 -0.0029
vn -0.9906 -0.1369 -0.0011
vn -0.9904 -0.1379 -0.0034
vn -0.9952 -0.0845 -0.0502
vn -0.9927 -0.1150 -0.0367
vn -0.9922 -0.1238 -0.0156
vn -0.9901 -0.1360 -0.0334
vn -0.9975 -0.0707 -0.0075
vn -0.9951 -0.0939 -0.0310
vn -0.9973 -0.0727 -0.0079
vn -0.9889 -0.1441 -0.0359
vn -0.9852 -0.1629 -0.0538
vn -0.9883 -0.1454 -0.0465
vn -0.9915 -0.1126 -0.0653
vn -0.9894 -0.1350 -0.0538
vn -0.9887 -0.1353 -0.0649
vn -0.9844 -0.1636 -0.0652
vn -0.9853 -0.1549 -0.0720
vn -0.9849 -0.1553 -0.0761
vn -0.9816 -0.1827 -0.0561
vn -0.9803 -0.1838 -0.0724
vn -0.9810 -0.1801 -0.0725
vn -0.9744 -0.2128 -0.0727
vn -0.9775 -0.2009 -0.0636
vn -0.9818 -0.1713 -0.0815
vn -0.9821 -0.1709 -0.0789
vn -0.9773 -0.2013 -0.0668
vn -0.9734 -0.2199 -0.0637
vn -0.9693 -0.2396 -0.0555
vn -0.9689 -0.2399 -0.0607
vn -0.9649 -0.2540 -0.0668
vn -0.9534 -0.2955 -0.0603
vn -0.9496 -0.3086 -0.0555
vn -0.9648 -0.2541 -0.0672
vn -0.9488 -0.3087 -0.0666
vn -0.9240 -0.3785 -0.0545
vn -0.9462 -0.3174 -0.0631
vn -0.9175 -0.3929 -0.0616
vn -0.9181 -0.3932 -0.0502
vn -0.9141 -0.4011 -0.0590
vn -0.9136 -0.4009 -0.0677
vn -0.9456 -0.3175 -0.0711
vn -0.9118 -0.4048 -0.0688
vn -0.9440 -0.3208 -0.0771
vn -0.9444 -0.3207 -0.0723
vn -0.9114 -0.4046 -0.0745
vn -0.9118 -0.4037 -0.0749
vn -0.9115 -0.4035 -0.0791
vn -0.9444 -0.3188 -0.0803
vn -0.9457 -0.3146 -0.0821
vn -0.9448 -0.3188 -0.0763
vn -0.9616 -0.2620 -0.0818
vn -0.9620 -0.2617 -0.0776
vn -0.9627 -0.2584 -0.0802
vn -0.9722 -0.2198 -0.0809
vn -0.9725 -0.2194 -0.0776
vn -0.9618 -0.2629 -0.0770
vn -0.9624 -0.2613 -0.0740
vn -0.9621 -0.2627 -0.0733
vn -0.9727 -0.2200 -0.0744
vn -0.9724 -0.2203 -0.0770
vn -0.9799 -0.1847 -0.0751
vn -0.9794 -0.1870 -0.0765
vn -0.9793 -0.1872 -0.0773
vn -0.9728 -0.2192 -0.0750
vn -0.9800 -0.1845 -0.0740
vn -0.9729 -0.2190 -0.0741
vn -0.9854 -0.1521 -0.0763
vn -0.9797 -0.1855 -0.0763
vn -0.9883 -0.1319 -0.0762
vn -0.9795 -0.1858 -0.0779
vn -0.9871 -0.1407 -0.0763
vn -0.9874 -0.1393 -0.0753
vn -0.9876 -0.1362 -0.0781
vn -0.9798 -0.1838 -0.0795
vn -0.9881 -0.1329 -0.0772
vn -0.9800 -0.1833 -0.0770
vn -0.9879 -0.1355 -0.0750
vn -0.9882 -0.1327 -0.0763
vn -0.9892 -0.1272 -0.0728
vn -0.9949 -0.0720 -0.0712
vn -0.9942 -0.0770 -0.0746
vn -0.9951 -0.0673 -0.0723
vn -0.9951 -0.0713 -0.0686
vn -0.9876 -0.1301 -0.0876
vn -0.9917 -0.1076 -0.0705
vn -0.9965 -0.0463 -0.0699
vn -0.9964 -0.0637 -0.0561
vn -0.9982 0.0250 -0.0544
vn -0.9936 0.1076 -0.0337
vn -0.9947 0.0941 -0.0419
vn -0.9990 0.0106 -0.0442
vn -0.9980 0.0015 -0.0633
vn -0.9946 0.0847 -0.0605
vn -0.9943 0.0909 -0.0558
vn -0.9977 0.0053 -0.0670
vn -0.9944 0.0841 -0.0632
vn -0.9950 0.0802 -0.0591
vn -0.9831 0.1748 -0.0548
vn -0.9831 0.1754 -0.0519
vn -0.9822 0.1818 -0.0467
vn -0.9595 0.2788 -0.0410
vn -0.9842 0.1698 -0.0495
vn -0.9632 0.2653 -0.0441
vn -0.9612 0.2735 -0.0371
vn -0.9611 0.2738 -0.0355
vn -0.9236 0.3824 -0.0280
vn -0.9232 0.3839 -0.0177
vn -0.9593 0.2805 -0.0319
vn -0.9207 0.3895 -0.0242
vn -0.8715 0.4903 -0.0095
vn -0.8674 0.4976 -0.0013
vn -0.8672 0.4979 0.0017
vn -0.8641 0.5032 -0.0043
vn -0.9174 0.3978 -0.0119
vn -0.9206 0.3900 -0.0208
vn -0.9548 0.2959 -0.0280
vn 0.9544 -0.2972 0.0290
vn 0.9576 -0.2847 0.0437
vn 0.9854 -0.1616 0.0531
vn 0.9575 -0.2858 0.0378
vn 0.9847 -0.1684 0.0443
vn 0.9592 -0.2796 0.0425
vn 0.9590 -0.2814 0.0329
vn 0.9813 -0.1899 0.0322
vn 0.9813 -0.1866 0.0477
vn 0.9610 -0.2740 0.0365
vn 0.9611 -0.2737 0.0379
vn 0.9824 -0.1782 0.0559
vn 0.9836 -0.1731 0.0505
vn 0.9633 -0.2645 0.0457
vn 0.9824 -0.1786 0.0540
vn 0.9835 -0.1717 0.0562
vn 0.9848 -0.1661 0.0501
vn 0.9632 -0.2659 0.0388
vn 0.9652 -0.2576 0.0457
vn 0.9652 -0.2579 0.0441
vn 0.9849 -0.1666 0.0480
vn 0.9671 -0.2516 0.0368
vn 0.9672 -0.2499 0.0447
vn 0.9860 -0.1595 0.0483
vn 0.9859 -0.1579 0.0548
vn 0.9872 -0.1491 0.0565
vn 0.9871 -0.1482 0.0598
vn 0.9691 -0.2437 0.0374
vn 0.9691 -0.2434 0.0386
vn 0.9886 -0.1412 0.0515
vn 0.9715 -0.2323 0.0478
vn 0.9416 -0.3350 0.0351
vn 0.9714 -0.2337 0.0419
vn 0.9449 -0.3250 0.0382
vn 0.9413 -0.3363 0.0283
vn 0.9490 -0.3138 0.0318
vn 0.9036 -0.4275 0.0274
vn 0.9451 -0.3240 0.0437
vn 0.8985 -0.4387 0.0165
vn 0.8950 -0.4453 0.0247
vn 0.8947 -0.4464 0.0158
vn 0.8695 -0.4938 0.0153
vn 0.8340 -0.5512 -0.0257
vn 0.8369 -0.5472 0.0131
vn 0.8141 -0.5807 -0.0000
vn 0.8332 -0.5528 0.0097
vn 0.8359 -0.5488 0.0117
vn 0.6663 -0.0000 0.7457
vn 0.8543 -0.5196 -0.0097
vn 0.8496 -0.5272 -0.0136
vn 0.8831 -0.4692 -0.0000
vn 0.8519 -0.5236 -0.0125
vn 0.9061 -0.4229 -0.0078
vn 0.9222 -0.3867 -0.0071
vn 0.9234 -0.3837 -0.0050
vn 0.9234 -0.3839 -0.0062
vn 0.9246 -0.3807 -0.0089
vn 0.9493 -0.3143 -0.0051
vn 0.9498 -0.3128 -0.0063
vn 0.9247 -0.3805 -0.0076
vn 0.9241 -0.3820 -0.0090
vn 0.9497 -0.3130 -0.0073
vn 0.9256 -0.3785 -0.0094
vn 0.9257 -0.3781 -0.0070
vn 0.9507 -0.3099 -0.0053
vn 0.9503 -0.3110 -0.0121
vn 0.9219 -0.3870 -0.0151
vn 0.9517 -0.3069 -0.0084
vn -0.0263 0.9996 0.0143
vn -0.0198 0.9997 0.0143
vn -0.0199 0.9997 0.0143
vn -0.0197 0.9997 0.0138
vn -0.0197 0.9997 0.0114
vn -0.0199 0.9997 0.0114
vn -0.2547 0.9670 0.0111
vn -0.2482 0.9687 0.0116
vn -0.2486 0.9686 0.0063
vn -0.0199 0.9998 0.0065
vn -0.2488 0.9685 0.0030
vn -0.6600 0.7513 0.0024
vn -0.6596 0.7516 0.0049
vn -0.9258 0.3780 0.0012
vn -0.9256 0.3784 0.0025
vn -0.9257 0.3784 0.0025
vn -0.9947 0.1031 0.0007
vn -0.9944 0.1054 0.0002
vn -0.9268 0.3755 0.0009
vn -0.9943 0.1069 0.0003
vn -1.0000 -0.0001 -0.0000
vn -0.9946 0.1035 -0.0000
vn -0.9946 0.1039 -0.0000
vn -0.9260 0.3775 -0.0010
vn -0.9945 0.1048 -0.0003
vn -0.9225 0.3859 -0.0000
vn -0.9262 0.3770 -0.0028
vn -0.6612 0.7502 -0.0055
vn -0.6606 0.7507 -0.0017
vn -0.6606 0.7508 -0.0017
vn -0.9280 0.3726 -0.0008
vn -0.6603 0.7510 -0.0000
vn -0.6741 0.7386 0.0008
vn -0.6603 0.7510 0.0003
vn -0.9248 0.3804 0.0001
vn -0.2555 0.9668 0.0010
vn -0.2554 0.9668 0.0010
vn -0.2555 0.9668 -0.0000
vn -0.0198 0.9998 0.0010
vn -0.0198 0.9998 -0.0000
vn -0.0198 0.9998 -0.0028
vn -0.2492 0.9684 -0.0027
vn -0.2557 0.9668 -0.0021
vn 0.2998 0.9540 -0.0000
vn 0.7763 0.6303 0.0007
vn 0.7678 0.6407 -0.0000
vn 0.2998 0.9540 0.0010
vn 0.7677 0.6408 0.0002
vn 0.7675 0.6410 0.0020
vn 0.2996 0.9540 0.0030
vn 0.2996 0.9541 0.0030
vn 0.2994 0.9541 0.0062
vn -0.0263 0.9996 0.0065
vn -0.0197 0.9998 0.0070
vn -0.0197 0.9998 0.0031
vn -0.0198 0.9998 0.0031
vn -0.0265 0.9996 0.0070
vn -0.0265 0.9996 0.0037
vn 0.2990 0.9542 0.0115
vn -0.0263 0.9996 0.0120
vn 0.3052 0.9522 0.0109
vn 0.3055 0.9522 0.0067
vn 0.2988 0.9542 0.0137
vn 0.7667 0.6419 0.0092
vn 0.7669 0.6417 0.0073
vn 0.7677 0.6407 0.0093
vn 0.9612 0.2760 0.0040
vn 0.9598 0.2807 0.0032
vn 0.9978 0.0665 0.0009
vn 0.9974 0.0717 0.0005
vn 0.9600 0.2801 0.0037
vn 0.9601 0.2796 0.0018
vn 0.9599 0.2805 0.0020
vn 0.9602 0.2794 0.0009
vn 0.7672 0.6413 0.0045
vn 0.7673 0.6413 0.0045
vn 0.9972 0.0741 0.0002
vn 0.9607 0.2775 0.0006
vn 0.9597 0.2810 -0.0000
vn 0.9973 0.0741 -0.0001
vn 1.0000 -0.0002 -0.0000
vn 0.9976 0.0687 -0.0005
vn 0.9604 0.2787 -0.0022
vn 0.9603 0.2791 -0.0003
vn 0.9601 0.2797 -0.0021
vn 0.9981 0.0618 -0.0009
vn 0.9602 0.2793 -0.0042
vn 0.7694 0.6386 -0.0159
vn 0.9604 0.2787 -0.0069
vn 0.7710 0.6368 -0.0095
vn 0.7688 0.6394 -0.0099
vn 0.3074 0.9513 -0.0237
vn 0.3015 0.9532 -0.0243
vn 0.7699 0.6379 -0.0207
vn 0.3019 0.9528 -0.0310
vn -0.0263 0.9993 -0.0254
vn -0.0198 0.9995 -0.0249
vn -0.0197 0.9993 -0.0325
vn 0.3017 0.9529 -0.0310
vn -0.0265 0.9991 -0.0325
vn -0.0198 0.9993 -0.0331
vn -0.2511 0.9674 -0.0320
vn -0.0265 0.9989 -0.0381
vn -0.2513 0.9672 -0.0364
vn -0.0199 0.9991 -0.0376
vn -0.2516 0.9672 -0.0364
vn -0.0263 0.9989 -0.0376
vn -0.0263 0.9989 -0.0395
vn -0.0199 0.9990 -0.0395
vn -0.0197 0.9991 -0.0381
vn -0.2514 0.9671 -0.0382
vn -0.2578 0.9655 -0.0376
vn -0.2579 0.9654 -0.0387
vn -0.2517 0.9671 -0.0383
vn -0.6644 0.7468 -0.0291
vn -0.6645 0.7467 -0.0300
vn -0.6645 0.7466 -0.0300
vn -0.9267 0.3754 -0.0146
vn -0.9268 0.3753 -0.0151
vn -0.6643 0.7469 -0.0283
vn -0.9255 0.3784 -0.0144
vn -0.6644 0.7469 -0.0278
vn -0.9268 0.3754 -0.0140
vn -0.9257 0.3780 -0.0144
vn -0.6645 0.7468 -0.0283
vn -0.9938 0.1111 -0.0039
vn -0.9267 0.3756 -0.0133
vn -0.9948 0.1014 -0.0039
vn -0.9937 0.1117 -0.0039
vn -0.9964 0.0843 -0.0021
vn -0.9946 0.1037 -0.0026
vn -0.9949 0.1005 -0.0039
vn -0.9964 0.0845 -0.0016
vn -0.9960 0.0889 -0.0031
vn -0.9946 0.1035 -0.0034
vn -0.9946 0.1041 -0.0026
vn -0.9269 0.3753 -0.0093
vn -0.9272 0.3745 -0.0124
vn -0.9272 0.3744 -0.0124
vn -0.9273 0.3740 -0.0141
vn -0.6638 0.7475 -0.0247
vn -0.6643 0.7469 -0.0281
vn -0.6639 0.7475 -0.0247
vn -0.2506 0.9678 -0.0241
vn -0.6630 0.7484 -0.0186
vn -0.2508 0.9678 -0.0241
vn -0.2513 0.9674 -0.0320
vn -0.0199 0.9995 -0.0249
vn -0.0199 0.9997 -0.0149
vn -0.2500 0.9681 -0.0144
vn -0.2495 0.9683 -0.0071
vn -0.0265 0.9996 -0.0073
vn -0.0264 0.9996 -0.0073
vn -0.0264 0.9995 -0.0155
vn -0.6620 0.7494 -0.0112
vn -0.9265 0.3762 -0.0056
vn -0.9269 0.3752 -0.0093
vn -0.9945 0.1046 -0.0008
vn -0.9949 0.1004 -0.0015
vn -0.0198 0.9998 -0.0073
vn -0.0198 0.9997 -0.0155
vn -0.0197 0.9998 -0.0073
vn -0.0197 0.9998 -0.0022
vn 0.3003 0.9538 -0.0070
vn 0.3000 0.9539 -0.0021
vn 0.7705 0.6374 -0.0047
vn 0.7683 0.6401 -0.0051
vn 0.7679 0.6406 -0.0014
vn 0.3007 0.9536 -0.0142
vn -0.0263 0.9995 -0.0149
vn -0.0265 0.9996 -0.0022
vn -0.0198 0.9998 -0.0022
vn -0.9945 0.1045 -0.0012
vn -0.9284 0.3712 -0.0143
vn -0.9881 0.1535 -0.0038
vn -0.9876 0.1567 -0.0028
vn -0.9956 0.0932 -0.0029
vn -0.9863 0.1650 -0.0056
vn -0.9876 0.1570 -0.0019
vn -0.9962 0.0872 -0.0035
vn -0.9936 0.1132 -0.0038
vn -0.9953 0.0970 -0.0039
vn -0.9954 0.0961 -0.0037
vn -0.9949 0.1004 -0.0039
vn -0.9954 0.0958 -0.0023
vn -0.9949 0.1009 -0.0022
vn -0.9848 0.1736 -0.0054
vn -0.9822 0.1879 -0.0010
vn -0.9824 0.1868 -0.0055
vn -0.9546 0.2980 -0.0051
vn -0.9526 0.3041 -0.0054
vn -0.9540 0.2999 0.0039
vn -0.9797 0.2003 -0.0015
vn -0.9601 0.2797 -0.0046
vn -0.9415 0.3371 -0.0066
vn -0.9410 0.3383 -0.0009
vn -0.9361 0.3517 -0.0079
vn -0.9770 0.2129 -0.0067
vn -0.9769 0.2139 -0.0030
vn -0.9746 0.2237 -0.0068
vn -0.9734 0.2291 -0.0056
vn -0.9362 0.3513 -0.0097
vn -0.9330 0.3596 -0.0145
vn -0.9724 0.2330 -0.0102
vn -0.9737 0.2274 -0.0115
vn -0.9324 0.3613 -0.0063
vn -0.9313 0.3640 -0.0130
vn -0.8761 0.4821 -0.0106
vn -0.8763 0.4816 -0.0140
vn -0.8734 0.4867 -0.0172
vn -0.9316 0.3628 -0.0241
vn -0.9320 0.3617 -0.0245
vn -0.8739 0.4853 -0.0285
vn -0.9324 0.3585 -0.0454
vn -0.9325 0.3583 -0.0455
vn -0.8730 0.4869 -0.0276
vn -0.8734 0.4843 -0.0505
vn -0.8425 0.5361 -0.0527
vn -0.8428 0.5376 -0.0261
vn -0.8736 0.4840 -0.0507
vn -0.8457 0.5329 -0.0292
vn -0.8452 0.5342 -0.0158
vn -0.8365 0.5480 -0.0083
vn -0.8404 0.5418 -0.0124
vn -0.8486 0.5290 -0.0119
vn -0.8321 0.5540 -0.0268
vn -0.8369 0.5470 -0.0205
vn -0.8396 0.5427 -0.0229
vn -0.8396 0.5429 -0.0202
vn -0.8316 0.5537 -0.0427
vn -0.8267 0.5610 -0.0432
vn -0.8193 0.5622 -0.1124
vn -0.8265 0.5607 -0.0504
vn -0.8160 0.5683 -0.1057
vn -0.8177 0.5658 -0.1057
vn -0.7822 0.5628 -0.2670
vn -0.8361 0.5371 -0.1116
vn -0.8346 0.5388 -0.1147
vn -0.8082 0.5251 -0.2666
vn -0.6163 0.4111 -0.6717
vn -0.8089 0.5248 -0.2651
vn -0.5684 0.4680 -0.6767
vn -0.6141 0.4089 -0.6750
vn -0.5656 0.4673 -0.6795
vn -0.7821 0.5623 -0.2685
vn -0.6768 0.3228 -0.6616
vn -0.0408 -0.0558 -0.9976
vn 0.0127 0.0158 -0.9998
vn -0.0434 -0.0538 -0.9976
vn 0.0130 0.0157 -0.9998
vn 0.6586 -0.3622 -0.6596
vn 0.6392 -0.3902 -0.6627
vn 0.0657 0.0793 -0.9947
vn 0.6506 -0.3517 -0.6730
vn 0.0648 0.0797 -0.9947
vn 0.1187 0.1460 -0.9821
vn 0.1150 0.1490 -0.9821
vn 0.6824 -0.3075 -0.6632
vn 0.1743 0.2259 -0.9584
vn 0.7099 -0.1947 -0.6768
vn 0.6566 -0.2697 -0.7043
vn 0.6121 -0.1188 -0.7818
vn 0.6844 -0.0144 -0.7289
vn 0.8684 -0.3346 -0.3660
vn 0.8526 -0.4363 -0.2874
vn 0.8529 -0.3602 -0.3779
vn 0.8239 -0.4797 -0.3020
vn 0.8368 -0.4831 -0.2576
vn 0.8667 -0.4681 -0.1724
vn 0.8417 -0.5037 -0.1943
vn 0.4100 -0.1534 -0.8991
vn 0.5074 -0.4064 -0.7599
vn 0.8245 -0.5127 -0.2392
vn 0.8164 -0.5140 -0.2632
vn 0.8448 -0.5289 -0.0813
vn 0.8455 -0.5274 -0.0836
vn 0.8244 -0.5129 -0.2392
vn 0.9913 0.1137 -0.0660
vn 0.8727 -0.4815 -0.0814
vn 0.8461 -0.4797 -0.2326
vn 0.8728 -0.4811 -0.0820
vn 0.8244 -0.5159 -0.2330
vn 0.6384 -0.4012 -0.6568
vn 0.6446 -0.3921 -0.6563
vn 0.6406 -0.4016 -0.6545
vn 0.8461 -0.4806 -0.2305
vn 0.8939 -0.3853 -0.2291
vn 0.6579 -0.3743 -0.6535
vn 0.6652 -0.3783 -0.6438
vn 0.7398 -0.2178 -0.6366
vn 0.8953 -0.3837 -0.2264
vn 0.9448 -0.2391 -0.2239
vn 0.7364 -0.2156 -0.6413
vn 0.9432 -0.2417 -0.2279
vn 0.9765 -0.0090 -0.2153
vn 0.7792 0.1856 -0.5986
vn 0.8011 0.1825 -0.5700
vn 0.9761 -0.0064 -0.2171
vn 0.9874 0.1363 -0.0802
vn 0.9900 0.1188 -0.0761
vn 0.9457 0.2779 -0.1686
vn 0.9940 -0.0660 -0.0872
vn 0.9954 0.0887 -0.0375
vn 0.9958 -0.0868 -0.0289
vn 0.9958 -0.0869 -0.0290
vn 0.9939 -0.0689 -0.0858
vn 0.9671 -0.2394 -0.0857
vn 0.9719 -0.2341 -0.0245
vn 0.9680 -0.2366 -0.0835
vn 0.9260 -0.3683 -0.0827
vn 0.9259 -0.3688 -0.0821
vn 0.9722 -0.2328 -0.0253
vn 0.9328 -0.3597 -0.0228
vn 0.9332 -0.3586 -0.0222
vn 0.9351 -0.3544 -0.0024
vn 0.9742 -0.2255 -0.0062
vn 0.9347 -0.3555 -0.0029
vn 0.9733 -0.2296 -0.0042
vn 0.8806 -0.4738 0.0006
vn 0.8810 -0.4730 0.0087
vn 0.9355 -0.3532 0.0048
vn 0.8839 -0.4676 0.0051
vn 0.9363 -0.3512 0.0056
vn 0.8842 -0.4670 0.0096
vn 0.8889 -0.4581 0.0037
vn 0.8882 -0.4594 -0.0052
vn 0.8975 -0.4411 0.0047
vn 0.9445 -0.3285 0.0006
vn 0.9403 -0.3404 0.0076
vn 0.9377 -0.3475 0.0063
vn 0.9403 -0.3401 0.0092
vn 0.9768 -0.2143 0.0067
vn 0.9785 -0.2061 0.0029
vn 0.9756 -0.2194 0.0051
vn 0.9967 -0.0809 -0.0012
vn 0.9968 -0.0799 0.0027
vn 0.9970 -0.0778 0.0020
vn 0.9755 -0.2198 0.0035
vn 1.0000 0.0003 -0.0000
vn 0.9972 -0.0753 0.0026
vn 0.9971 -0.0756 0.0012
vn 0.9975 -0.0704 0.0026
vn 0.9978 -0.0662 0.0009
vn 1.0000 0.0001 -0.0000
vn 0.9978 -0.0659 0.0026
vn 0.9981 -0.0624 0.0010
vn 0.9846 -0.1749 0.0055
vn 0.9826 -0.1854 0.0054
vn 0.9825 -0.1863 0.0009
vn 0.9856 -0.1689 0.0021
vn 0.9605 -0.2783 0.0064
vn 0.9604 -0.2787 0.0046
vn 0.9554 -0.2954 -0.0037
vn 0.9179 -0.3968 0.0004
vn 0.9263 -0.3767 -0.0091
vn 0.9257 -0.3778 -0.0160
vn 0.9637 -0.2669 -0.0017
vn 0.9337 -0.3582 0.0021
vn 0.9165 -0.3996 -0.0168
vn 0.8785 -0.4776 -0.0134
vn 0.8900 -0.4558 -0.0125
vn 0.8882 -0.4584 -0.0319
vn 0.8786 -0.4773 -0.0115
vn 0.8663 -0.4988 -0.0259
vn 0.9707 -0.2376 -0.0362
vn 0.9720 -0.2315 -0.0411
vn 0.9727 -0.2307 -0.0252
vn 0.9706 -0.2377 -0.0389
vn 0.9877 -0.1561 -0.0000
vn 0.9196 -0.3929 -0.0000
vn 0.8621 -0.5065 -0.0150
vn 0.8693 -0.4941 -0.0105
vn 0.8920 -0.4521 -0.0000
vn 0.8622 -0.5063 -0.0149
vn 0.8987 -0.4383 -0.0169
vn 0.8494 -0.5277 0.0040
vn 0.8556 -0.5176 0.0003
vn 0.8628 -0.5055 -0.0092
vn 0.9492 -0.3146 -0.0000
vn 0.9523 -0.3052 0.0059
vn 0.9518 -0.3066 0.0006
vn 0.9535 -0.3012 0.0037
vn 0.9785 -0.2064 0.0040
vn 0.9783 -0.2071 0.0072
vn 0.9782 -0.2077 0.0052
vn 0.9915 -0.1299 -0.0040
vn 0.9783 -0.2073 -0.0049
vn 0.9777 -0.2098 -0.0063
vn 0.9919 -0.1266 0.0069
vn 0.9919 -0.1271 -0.0024
vn 0.9975 -0.0713 -0.0009
vn 0.9973 -0.0735 0.0008
vn 0.9974 -0.0714 0.0108
vn 0.9916 -0.1288 0.0087
vn 0.9974 -0.0710 0.0105
vn 0.9974 -0.0693 0.0189
vn 0.9918 -0.1271 0.0143
vn 0.9915 -0.1293 0.0162
vn 0.9974 -0.0700 0.0195
vn 0.9973 -0.0689 0.0251
vn 0.9916 -0.1277 0.0222
vn 0.9971 -0.0707 0.0266
vn 0.9970 -0.0695 0.0330
vn 0.9906 -0.1361 0.0164
vn 0.9907 -0.1327 0.0296
vn 0.9772 -0.2119 0.0138
vn 0.9744 -0.2248 0.0050
vn 0.9750 -0.2217 0.0174
vn 0.9892 -0.1450 0.0206
vn 0.9711 -0.2385 0.0089
vn 0.9676 -0.2515 0.0227
vn 0.9709 -0.2395 0.0045
vn 0.9893 -0.1433 0.0276
vn 0.9673 -0.2533 0.0145
vn 0.9631 -0.2674 0.0299
vn 0.9876 -0.1531 0.0356
vn 0.9876 -0.1526 0.0373
vn 0.9962 -0.0763 0.0418
vn 0.9854 -0.1636 0.0469
vn 0.9952 -0.0825 0.0518
vn 0.9956 -0.0727 0.0596
vn 0.9935 -0.0879 0.0720
vn 0.9969 -0.0201 0.0764
vn 0.9978 -0.0221 0.0624
vn 0.9948 -0.0798 0.0638
vn 0.9978 -0.0227 0.0629
vn 0.9985 -0.0265 0.0476
vn 0.9988 -0.0074 0.0490
vn 0.9991 0.0042 0.0412
vn 0.9979 0.0026 0.0641
vn 0.9985 -0.0239 0.0498
vn 0.9990 -0.0271 0.0356
vn 0.9988 -0.0305 0.0382
vn 0.9965 -0.0700 0.0467
vn 0.9968 -0.0721 0.0354
vn 0.9992 -0.0308 0.0260
vn 0.9995 -0.0149 0.0277
vn 0.9995 -0.0148 0.0272
vn 0.9993 -0.0056 0.0372
vn 0.9997 -0.0212 0.0147
vn 0.9994 -0.0296 0.0199
vn 0.9991 -0.0378 0.0193
vn 0.9992 -0.0349 0.0217
vn 0.9996 -0.0222 0.0194
vn 0.9990 -0.0347 0.0289
vn 0.9999 -0.0068 0.0088
vn 0.9997 -0.0177 0.0150
vn 0.9999 -0.0077 0.0111
vn 0.9998 0.0009 0.0213
vn 0.9999 0.0054 0.0122
vn 0.9998 0.0023 0.0175
vn 0.9997 0.0156 0.0185
vn 0.9997 0.0233 0.0040
vn 1.0000 -0.0002 0.0006
vn 0.9999 0.0064 0.0102
vn 0.9997 0.0255 0.0041
vn 0.9997 0.0259 0.0034
vn 1.0000 -0.0026 0.0069
vn 0.9998 0.0176 0.0036
vn 0.9998 0.0207 -0.0038
vn 1.0000 -0.0070 0.0007
vn 0.9997 -0.0212 0.0097
vn 0.9998 -0.0203 0.0035
vn 0.9999 -0.0150 0.0056
vn 1.0000 -0.0072 0.0018
vn 0.9999 -0.0102 0.0042
vn 0.9999 0.0088 0.0086
vn 1.0000 0.0092 0.0035
vn 0.9999 0.0098 0.0076
vn 0.9999 -0.0103 0.0067
vn 0.9999 0.0103 0.0129
vn 0.9999 0.0056 0.0131
vn 1.0000 -0.0075 0.0044
vn 1.0000 -0.0076 0.0038
vn 0.9998 0.0164 0.0111
vn 0.9996 0.0188 0.0203
vn 1.0000 0.0006 -0.0010
vn 0.9996 0.0246 0.0103
vn 0.9991 0.0350 0.0230
vn 0.9992 0.0403 -0.0008
vn 0.9998 0.0201 0.0020
vn 0.9994 0.0316 0.0159
vn 0.9985 0.0495 0.0233
vn 0.9989 0.0453 0.0149
vn 0.9975 0.0659 0.0267
vn 0.9977 0.0620 0.0270
vn 0.9973 0.0651 0.0329
vn 0.9986 0.0445 0.0302
vn 0.9989 0.0424 0.0222
vn 0.9974 0.0643 0.0335
vn 0.9975 0.0638 0.0291
vn 0.9989 0.0405 0.0243
vn 0.9975 0.0654 0.0279
vn 0.9978 0.0650 0.0126
vn 0.9975 0.0685 0.0172
vn 0.9991 0.0398 0.0121
vn 0.9991 0.0395 0.0124
vn 0.9971 0.0754 0.0064
vn 0.9992 0.0404 0.0018
vn 0.9976 0.0695 -0.0009
vn 0.9964 0.0846 -0.0067
vn 0.9931 0.1171 -0.0060
vn 0.9971 0.0765 -0.0016
vn 0.9945 0.1033 -0.0146
vn 0.9947 0.1027 -0.0037
vn 0.9955 0.0949 0.0016
vn 0.9955 0.0937 0.0133
vn 0.9947 0.1026 0.0108
vn 0.9945 0.1049 -0.0035
vn 0.9955 0.0939 0.0134
vn 0.9961 0.0867 0.0173
vn 0.9956 0.0873 0.0325
vn 0.9964 0.0801 0.0290
vn 0.9959 0.0840 0.0343
vn 0.9963 0.0770 0.0394
vn 0.9969 0.0719 0.0307
vn 0.9972 0.0695 0.0290
vn 0.9968 0.0773 0.0193
vn 0.9991 0.0398 -0.0116
vn 0.9995 0.0324 -0.0054
vn 0.9997 0.0099 -0.0241
vn 0.9980 0.0611 0.0140
vn 0.9994 0.0197 -0.0270
vn 0.9980 0.0625 0.0134
vn 0.9992 0.0146 -0.0378
vn 0.9982 0.0592 0.0045
vn 0.9988 0.0479 0.0064
vn 0.9991 0.0187 -0.0381
vn 0.9989 0.0175 -0.0437
vn 0.9956 -0.0308 -0.0882
vn 0.9959 -0.0370 -0.0821
vn 0.9952 -0.0414 -0.0887
vn 0.9806 -0.1223 -0.1532
vn 0.9958 -0.0302 -0.0867
vn 0.9854 -0.0948 -0.1416
vn 0.9822 -0.1112 -0.1514
vn 0.9766 -0.1400 -0.1635
vn 0.9206 -0.2813 -0.2709
vn 0.9571 -0.1926 -0.2166
vn 0.9192 -0.2854 -0.2715
vn 0.8928 -0.3445 -0.2902
vn 0.9017 -0.3195 -0.2914
vn 0.8854 -0.3554 -0.2994
vn 0.9744 -0.1549 -0.1630
vn 0.9758 -0.1615 -0.1477
vn 0.9773 -0.1455 -0.1538
vn 0.8733 -0.3951 -0.2851
vn 0.8885 -0.3721 -0.2684
vn 0.8771 -0.4304 -0.2133
vn 0.9928 -0.0866 -0.0826
vn 0.9838 -0.1521 -0.0946
vn 0.9844 -0.1280 -0.1205
vn 0.9939 -0.0991 -0.0484
vn 0.9971 -0.0566 -0.0514
vn 0.9197 -0.3781 -0.1055
vn 0.9201 -0.3411 -0.1923
vn 0.6532 -0.6858 -0.3210
vn 0.9524 -0.2864 -0.1045
vn 0.7290 -0.6626 -0.1718
vn 0.6489 -0.7349 -0.1972
vn 0.3008 -0.9255 -0.2304
vn 0.3049 -0.8683 -0.3914
vn 0.5682 -0.7434 -0.3529
vn 0.3644 -0.9047 -0.2206
vn 0.1122 -0.9909 -0.0747
vn 0.1306 -0.9887 -0.0731
vn 0.0774 -0.9703 -0.2291
vn 0.3694 -0.9264 -0.0730
vn 0.4146 -0.9065 -0.0791
vn 0.1105 -0.9659 -0.2343
vn -0.0000 -0.9975 -0.0705
vn -0.0066 -0.9974 -0.0711
vn -0.0064 -0.9728 -0.2316
vn -0.0194 -0.9732 -0.2292
vn -0.0257 -0.9721 -0.2332
vn -0.0181 -0.9124 -0.4089
vn -0.0242 -0.9124 -0.4086
vn -0.1318 -0.9062 -0.4018
vn -0.1319 -0.9653 -0.2254
vn -0.0423 -0.9114 -0.4094
vn -0.1365 -0.9646 -0.2256
vn -0.1983 -0.8400 -0.5051
vn -0.1540 -0.8435 -0.5146
vn -0.1531 -0.9029 -0.4018
vn -0.0395 -0.8520 -0.5220
vn -0.3861 -0.7938 -0.4700
vn -0.3785 -0.8507 -0.3648
vn -0.0454 -0.8563 -0.5144
vn -0.0848 -0.8533 -0.5145
vn -0.0910 -0.8530 -0.5139
vn -0.0484 -0.9136 -0.4036
vn -0.0872 -0.8179 -0.5688
vn -0.1362 -0.8170 -0.5603
vn -0.0817 -0.8228 -0.5624
vn -0.0154 -0.8041 -0.5943
vn -0.0222 -0.8237 -0.5666
vn -0.1331 -0.7983 -0.5873
vn -0.1869 -0.7954 -0.5765
vn -0.1806 -0.7916 -0.5838
vn -0.1789 -0.7843 -0.5941
vn -0.1841 -0.7837 -0.5933
vn -0.2255 -0.7760 -0.5891
vn -0.2251 -0.7747 -0.5909
vn -0.2438 -0.7729 -0.5859
vn -0.2193 -0.7779 -0.5889
vn -0.2454 -0.7726 -0.5855
vn -0.2200 -0.7807 -0.5849
vn -0.1514 -0.7856 -0.5999
vn -0.1018 -0.7912 -0.6030
vn -0.1025 -0.7941 -0.5992
vn -0.0568 -0.7934 -0.6060
vn 0.2323 -0.7674 -0.5976
vn 0.1823 -0.7754 -0.6046
vn 0.2290 -0.7771 -0.5863
vn -0.0603 -0.8060 -0.5888
vn 0.6479 -0.5850 -0.4879
vn 0.2440 -0.7743 -0.5839
vn 0.6545 -0.5892 -0.4738
vn 0.6648 -0.5738 -0.4783
vn 0.6006 -0.6419 -0.4767
vn 0.2309 -0.7961 -0.5594
vn 0.6132 -0.6330 -0.4726
vn 0.6328 -0.6032 -0.4855
vn 0.5742 -0.6888 -0.4426
vn 0.2401 -0.7936 -0.5591
vn 0.5904 -0.6775 -0.4386
vn 0.2193 -0.8326 -0.5086
vn 0.2555 -0.8224 -0.5082
vn 0.0136 -0.8243 -0.5660
vn 0.0458 -0.8557 -0.5154
vn 0.0052 -0.8559 -0.5172
vn 0.0376 -0.9142 -0.4035
vn 0.2392 -0.8838 -0.4022
vn 0.0807 -0.7907 -0.6068
vn 0.6465 -0.5819 -0.4934
vn 0.1825 -0.7715 -0.6095
vn 0.4907 -0.6857 -0.5376
vn 0.4706 -0.6798 -0.5626
vn 0.0817 -0.7815 -0.6186
vn -0.0189 -0.7925 -0.6095
vn -0.1872 -0.7728 -0.6063
vn -0.2030 -0.7718 -0.6025
vn -0.1509 -0.7837 -0.6025
vn -0.0344 -0.7823 -0.6220
vn -0.0139 -0.7831 -0.6217
vn -0.1891 -0.7778 -0.5994
vn -0.2050 -0.7642 -0.6115
vn -0.0271 -0.7768 -0.6292
vn -0.0279 -0.7767 -0.6293
vn -0.1986 -0.7647 -0.6130
vn -0.1993 -0.7573 -0.6218
vn -0.2120 -0.7542 -0.6215
vn -0.2599 -0.7453 -0.6140
vn -0.2630 -0.7542 -0.6017
vn -0.2726 -0.7414 -0.6133
vn -0.2606 -0.7431 -0.6164
vn -0.2690 -0.7421 -0.6139
vn -0.2642 -0.7534 -0.6022
vn -0.2614 -0.7541 -0.6024
vn -0.2583 -0.7547 -0.6031
vn -0.2608 -0.7619 -0.5928
vn -0.2575 -0.7623 -0.5938
vn -0.2637 -0.7607 -0.5932
vn -0.2559 -0.7626 -0.5941
vn -0.2574 -0.7670 -0.5877
vn -0.2590 -0.7667 -0.5874
vn -0.2441 -0.7685 -0.5915
vn -0.3193 -0.7539 -0.5742
vn -0.3181 -0.7495 -0.5805
vn -0.5390 -0.6802 -0.4968
vn -0.3416 -0.7498 -0.5666
vn -0.4798 -0.7093 -0.5163
vn -0.3238 -0.7478 -0.5796
vn -0.4582 -0.7076 -0.5378
vn -0.4787 -0.7012 -0.5283
vn -0.6764 -0.5974 -0.4308
vn -0.6906 -0.5886 -0.4202
vn -0.6920 -0.5994 -0.4024
vn -0.7608 -0.5384 -0.3623
vn -0.9013 -0.3680 -0.2283
vn -0.9024 -0.3732 -0.2156
vn -0.8978 -0.3741 -0.2323
vn -0.9862 -0.1573 -0.0516
vn -0.9861 -0.1617 -0.0395
vn -0.9494 -0.2854 -0.1315
vn -0.9817 -0.1788 -0.0655
vn -0.9975 -0.0641 0.0305
vn -0.9971 -0.0661 0.0369
vn -0.9923 -0.1236 -0.0054
vn -0.9985 -0.0179 0.0516
vn -0.9983 -0.0167 0.0564
vn -0.9898 -0.1334 -0.0503
vn -0.9886 -0.1404 -0.0550
vn -0.9154 -0.3347 -0.2236
vn -0.9239 -0.3146 -0.2178
vn -0.9900 -0.1272 -0.0606
vn -0.9920 -0.1178 -0.0450
vn -0.9969 0.0497 0.0607
vn -0.9988 -0.0090 0.0476
vn -0.9960 -0.0785 -0.0415
vn -0.9979 0.0160 0.0621
vn -0.9995 -0.0025 0.0325
vn -0.9999 0.0042 0.0124
vn -0.9962 -0.0781 -0.0396
vn -0.9999 -0.0155 -0.0048
vn -0.9336 -0.2744 -0.2305
vn -0.9392 -0.2679 -0.2145
vn -0.9892 -0.0923 -0.1138
vn -0.9731 -0.1562 -0.1694
vn -0.8185 -0.3718 -0.4380
vn -0.7101 -0.5252 -0.4691
vn -0.8401 -0.3635 -0.4026
vn -0.7386 -0.5000 -0.4521
vn -0.5514 -0.5553 -0.6226
vn -0.4939 -0.6418 -0.5867
vn -0.9283 -0.1740 -0.3288
vn -0.9461 -0.1910 -0.2617
vn -0.6020 -0.5421 -0.5864
vn -0.6728 -0.4227 -0.6072
vn -0.9557 -0.1564 -0.2492
vn -0.7675 -0.3427 -0.5418
vn -0.7380 -0.4073 -0.5380
vn -0.8423 -0.2698 -0.4665
vn -0.8935 -0.1625 -0.4186
vn -0.8585 -0.2029 -0.4709
vn -0.9806 -0.0799 -0.1788
vn -0.9797 -0.0891 -0.1794
vn -0.9895 0.0371 -0.1395
vn -0.9940 0.0128 -0.1091
vn -0.9032 0.0103 -0.4290
vn -0.9887 -0.0465 -0.1424
vn -0.9992 0.0392 0.0004
vn -1.0000 -0.0025 -0.0012
vn -0.9989 0.0466 0.0064
vn -0.9999 0.0052 -0.0120
vn -0.9983 0.0220 0.0534
vn -0.9973 0.0499 0.0544
vn -0.9941 0.1084 0.0010
vn -0.9935 0.1141 0.0043
vn -0.9959 0.0642 0.0635
vn -0.9920 0.1111 0.0607
vn -0.9548 0.2953 0.0349
vn -0.9584 0.2824 0.0422
vn -0.9686 0.2459 -0.0378
vn -0.9904 0.1219 0.0652
vn -0.9490 0.3047 0.0805
vn -0.9861 0.1246 0.1103
vn -0.9390 0.3338 0.0827
vn -0.9386 0.3344 0.0854
vn -0.9838 0.1539 0.0923
vn -0.9787 0.1543 0.1352
vn -0.8901 0.4471 0.0886
vn -0.8945 0.4397 0.0804
vn -0.9738 0.2094 0.0889
vn -0.9727 0.2129 0.0920
vn -0.9359 0.3390 0.0961
vn -0.9008 0.4328 0.0357
vn -0.8643 0.4992 -0.0610
vn -0.9733 0.2081 0.0971
vn -0.7043 0.6603 -0.2605
vn -0.6327 0.6773 -0.3756
vn -0.8408 0.5397 -0.0408
vn -0.6752 0.7047 -0.2178
vn -0.0425 0.8269 -0.5608
vn -0.1538 0.8344 -0.5292
vn -0.1477 0.6831 -0.7152
vn -0.7437 0.6580 -0.1179
vn -0.0407 0.9519 -0.3037
vn -0.7031 0.7095 -0.0481
vn -0.0210 0.9503 -0.3107
vn 0.0150 0.9811 -0.1927
vn -0.7296 0.6828 -0.0390
vn -0.7203 0.6935 -0.0154
vn 0.0680 0.9761 -0.2062
vn 0.0695 0.9775 -0.1992
vn -0.7476 0.6624 -0.0482
vn 0.0651 0.9778 -0.1992
vn -0.7192 0.6946 -0.0155
vn -0.7307 0.6803 -0.0578
vn 0.4765 0.8516 -0.2182
vn 0.4601 0.8222 -0.3352
vn 0.0035 0.9360 -0.3519
vn 0.4352 0.8326 -0.3426
vn 0.2803 0.5362 -0.7962
vn 0.2665 0.5419 -0.7971
vn 0.2871 0.5383 -0.7924
vn 0.3075 0.5381 -0.7848
vn 0.4681 0.8193 -0.3312
vn 0.4846 0.8093 -0.3319
vn 0.7088 0.3952 -0.5843
vn 0.7213 0.3917 -0.5712
vn 0.7365 0.6209 -0.2686
vn 0.7493 0.6057 -0.2677
vn 0.5748 0.0037 -0.8183
vn 0.9264 0.0230 -0.3758
vn 0.9357 0.2061 -0.2863
vn 0.9437 0.1837 -0.2750
vn 0.9790 0.1659 -0.1185
vn 0.9300 0.3241 -0.1734
vn 0.9816 0.1120 -0.1545
vn 0.9332 0.3177 -0.1679
vn 0.9795 0.1238 -0.1591
vn 0.9903 0.0981 -0.0983
vn 0.9777 0.1701 -0.1231
vn 0.9906 0.0869 -0.1060
vn 0.9941 0.0401 -0.1008
vn 0.9967 0.0425 -0.0689
vn 0.9923 0.0879 -0.0869
vn 0.9962 0.0179 -0.0853
vn 0.9959 -0.0035 -0.0908
vn 0.9956 0.0174 -0.0916
vn 0.9909 0.0523 -0.1243
vn 0.9932 0.0539 -0.1030
vn 0.9823 0.1483 -0.1141
vn 0.9804 0.1440 -0.1346
vn 0.9866 0.0690 -0.1479
vn 0.9310 0.3163 -0.1823
vn 0.9331 0.3270 -0.1496
vn 0.9776 0.1690 -0.1258
vn 0.7627 0.6169 -0.1943
vn 0.7590 0.6055 -0.2393
vn 0.8003 0.5551 -0.2266
vn 0.9547 0.2309 -0.1878
vn 0.7488 0.6340 -0.1930
vn 0.9290 0.3367 -0.1537
vn 0.7815 0.5036 -0.3683
vn 0.8162 0.4575 -0.3529
vn 0.9582 0.0967 -0.2694
vn 0.9424 0.1902 -0.2751
vn 0.9137 -0.0176 -0.4059
vn 0.9401 -0.1936 -0.2807
vn 0.9108 -0.0108 -0.4127
vn 0.9761 -0.1107 -0.1871
vn 0.9449 -0.2964 -0.1387
vn 0.9429 -0.3049 -0.1338
vn 0.9892 -0.1180 -0.0865
vn 0.9892 -0.1179 -0.0871
vn 0.9865 -0.0054 -0.1639
vn 0.9821 0.0618 -0.1780
vn 0.9767 -0.1695 -0.1317
vn 0.9467 -0.2107 -0.2436
vn 0.9813 -0.1755 -0.0796
vn 0.9474 -0.3055 -0.0951
vn 0.9464 -0.3097 -0.0919
vn 0.9772 -0.1912 -0.0921
vn 0.9494 -0.3054 -0.0728
vn 0.9786 -0.1904 -0.0784
vn 0.9463 -0.3135 -0.0785
vn 0.9773 -0.2053 -0.0528
vn 0.9761 -0.2076 -0.0638
vn 0.9507 -0.3067 -0.0461
vn 0.9779 -0.2082 -0.0202
vn 0.9767 -0.2135 -0.0231
vn 0.9510 -0.3086 -0.0199
vn 0.9756 -0.2153 -0.0434
vn 0.9470 -0.3171 -0.0521
vn 0.9513 -0.3074 -0.0212
vn 0.9528 -0.3037 -0.0052
vn 0.9526 -0.3041 -0.0054
vn 0.9298 -0.3680 -0.0030
vn 0.9154 -0.4022 -0.0137
vn 0.9001 -0.4344 -0.0342
vn 0.9912 -0.1248 -0.0451
vn 0.9910 -0.1323 -0.0202
vn 0.9904 -0.1328 -0.0387
vn 0.9917 -0.1276 -0.0175
vn 0.9973 -0.0713 -0.0164
vn 0.9965 -0.0744 -0.0377
vn 0.9988 -0.0355 -0.0326
vn 0.9993 -0.0357 -0.0132
vn 0.9972 -0.0739 -0.0145
vn 0.9969 -0.0700 -0.0348
vn 0.9986 -0.0390 -0.0355
vn 0.9968 -0.0644 -0.0484
vn 0.9960 -0.0714 -0.0532
vn 0.9982 -0.0379 -0.0466
vn 0.9982 -0.0371 -0.0470
vn 0.9986 -0.0153 -0.0506
vn 0.9991 -0.0269 -0.0329
vn 0.9985 -0.0292 -0.0461
vn 0.9986 -0.0173 -0.0510
vn 0.9983 -0.0272 -0.0512
vn 0.9979 -0.0328 -0.0558
vn 0.9984 -0.0159 -0.0535
vn 0.9981 -0.0333 -0.0525
vn 0.9979 -0.0349 -0.0537
vn 0.9981 -0.0304 -0.0531
vn 0.9975 -0.0274 -0.0647
vn 0.9972 -0.0427 -0.0615
vn 0.9973 -0.0402 -0.0609
vn 0.9976 -0.0242 -0.0641
vn 0.9976 -0.0237 -0.0658
vn 0.9975 -0.0006 -0.0708
vn 0.9975 0.0329 -0.0622
vn 0.9969 -0.0074 -0.0787
vn 0.9962 -0.0473 -0.0736
vn 0.9973 -0.0079 -0.0732
vn 0.9968 0.0204 -0.0771
vn 0.9955 -0.0015 -0.0949
vn 0.9973 0.0074 -0.0730
vn 0.9968 0.0137 -0.0793
vn 0.9970 0.0210 -0.0744
vn 0.9970 0.0127 -0.0761
vn 0.9976 0.0227 -0.0647
vn 0.9975 0.0234 -0.0662
vn 0.9974 0.0307 -0.0651
vn 0.9965 0.0292 -0.0786
vn 0.9976 0.0278 -0.0641
vn 0.9965 0.0165 -0.0820
vn 0.9966 0.0155 -0.0810
vn 0.9975 0.0294 -0.0642
vn 0.9964 0.0009 -0.0845
vn 0.9922 -0.0332 -0.1200
vn 0.9928 -0.0360 -0.1139
vn 0.9958 0.0085 -0.0917
vn 0.9942 -0.0132 -0.1068
vn 0.9876 -0.0638 -0.1436
vn 0.9880 -0.0691 -0.1380
vn 0.9905 -0.0481 -0.1290
vn 0.9951 -0.0070 -0.0985
vn 0.9937 -0.0408 -0.1046
vn 0.9938 -0.0399 -0.1042
vn 0.9932 -0.0335 -0.1118
vn 0.9920 -0.0496 -0.1157
vn 0.9893 -0.0653 -0.1308
vn 0.9801 -0.1103 -0.1652
vn 0.9907 -0.0566 -0.1240
vn 0.9837 -0.0986 -0.1506
vn 0.9902 -0.0690 -0.1215
vn 0.9738 -0.1364 -0.1821
vn 0.9765 -0.1290 -0.1726
vn 0.9742 -0.1382 -0.1785
vn 0.8352 -0.4084 -0.3684
vn 0.8488 -0.3835 -0.3640
vn 0.9649 -0.1815 -0.1899
vn 0.8540 -0.3832 -0.3520
vn 0.3462 -0.7199 -0.6016
vn 0.3644 -0.7154 -0.5961
vn 0.3465 -0.7263 -0.5937
vn 0.2969 -0.7421 -0.6010
vn 0.7765 -0.4886 -0.3979
vn 0.7892 -0.4785 -0.3849
vn 0.9266 -0.2969 -0.2308
vn 0.9378 -0.2691 -0.2192
vn 0.7805 -0.4838 -0.3959
vn 0.9274 -0.2964 -0.2283
vn 0.9560 -0.2361 -0.1741
vn 0.9548 -0.2297 -0.1886
vn 0.9685 -0.1966 -0.1528
vn 0.9518 -0.2369 -0.1947
vn 0.9061 -0.3067 -0.2915
vn 0.9779 -0.1361 -0.1588
vn 0.9624 -0.1777 -0.2057
vn 0.9816 -0.1415 -0.1283
vn 0.9944 -0.0758 -0.0739
vn 0.9948 -0.0717 -0.0720
vn 0.9859 -0.1249 -0.1110
vn 0.9957 -0.0438 -0.0815
vn 0.9973 -0.0517 -0.0530
vn 0.9984 -0.0253 -0.0513
vn 0.9975 -0.0485 -0.0516
vn 0.9947 -0.0542 -0.0869
vn 0.9980 -0.0308 -0.0546
vn 0.9982 -0.0041 -0.0604
vn 0.9985 -0.0107 -0.0529
vn 0.9959 -0.0174 -0.0884
vn 0.9982 0.0037 -0.0597
vn 0.9950 -0.0136 -0.0985
vn 0.9954 0.0098 -0.0957
vn 0.9974 0.0165 -0.0706
vn 0.9951 0.0118 -0.0982
vn 0.9795 -0.0213 -0.2001
vn 0.9758 -0.0349 -0.2159
vn 0.9709 -0.0776 -0.2266
vn 0.9815 0.0455 -0.1862
vn 0.9944 0.0472 -0.0946
vn 0.8845 -0.1230 -0.4501
vn 0.8527 -0.1575 -0.4981
vn 0.7995 -0.2754 -0.5338
vn 0.9458 -0.1392 -0.2933
vn 0.5384 -0.5217 -0.6618
vn 0.4426 -0.5293 -0.7239
vn 0.8848 -0.2870 -0.3670
vn 0.6839 -0.3660 -0.6312
vn 0.0038 -0.6114 -0.7913
vn 0.1081 -0.5130 -0.8515
vn 0.1717 -0.5169 -0.8386
vn -0.2260 -0.5179 -0.8251
vn -0.0612 -0.6170 -0.7846
vn -0.2597 -0.5951 -0.7605
vn -0.2428 -0.5134 -0.8231
vn -0.2199 -0.5158 -0.8280
vn -0.2463 -0.5955 -0.7647
vn -0.2077 -0.5151 -0.8315
vn -0.2290 -0.5982 -0.7679
vn -0.2399 -0.5947 -0.7673
vn -0.2542 -0.6639 -0.7033
vn -0.3785 -0.5668 -0.7318
vn -0.3690 -0.6322 -0.6813
vn -0.3373 -0.6453 -0.6855
vn -0.3317 -0.6979 -0.6347
vn -0.2596 -0.7149 -0.6493
vn -0.2425 -0.6679 -0.7036
vn -0.2592 -0.7150 -0.6493
vn -0.2773 -0.7111 -0.6461
vn -0.2592 -0.6646 -0.7008
vn -0.2632 -0.7159 -0.6467
vn -0.2744 -0.6634 -0.6961
vn -0.1549 -0.6839 -0.7129
vn -0.2004 -0.7279 -0.6558
vn -0.1370 -0.6842 -0.7163
vn 0.0019 -0.7477 -0.6641
vn 0.1430 -0.6782 -0.7209
vn 0.0084 -0.7473 -0.6645
vn 0.2146 -0.6824 -0.6988
vn -0.1901 -0.7307 -0.6557
vn 0.6319 -0.5469 -0.5492
vn 0.5996 -0.5502 -0.5811
vn 0.3842 -0.6964 -0.6061
vn 0.3629 -0.7039 -0.6106
vn 0.7748 -0.4866 -0.4037
vn 0.8760 -0.3515 -0.3304
vn -0.4362 -0.5413 -0.7189
vn -0.5046 -0.4612 -0.7299
vn -0.4459 -0.4648 -0.7650
vn -0.5056 -0.3167 -0.8026
vn -0.5437 -0.3184 -0.7765
vn -0.1534 -0.3599 -0.9203
vn -0.4984 -0.0306 -0.8664
vn -0.0111 -0.0227 -0.9997
vn -0.0105 -0.0228 -0.9997
vn -0.1660 -0.3617 -0.9174
vn -0.1817 -0.3612 -0.9146
vn -0.0116 -0.0230 -0.9997
vn -0.0122 -0.0228 -0.9997
vn 0.3612 -0.3276 -0.8731
vn 0.5480 -0.0038 -0.8365
vn -0.1719 -0.3633 -0.9157
vn 0.3287 -0.3267 -0.8861
vn 0.8712 -0.2699 -0.4102
vn 0.9165 0.0352 -0.3985
vn 0.9831 0.0388 -0.1792
vn 0.9987 -0.0256 -0.0445
vn 0.9991 -0.0074 -0.0421
vn 0.9985 -0.0313 -0.0457
vn 0.9987 -0.0302 -0.0414
vn 0.9988 -0.0188 -0.0441
vn 0.9985 -0.0198 -0.0508
vn 0.9984 -0.0274 -0.0502
vn 0.9986 -0.0168 -0.0493
vn 0.9977 -0.0178 -0.0647
vn 0.9988 0.0058 -0.0482
vn 0.9957 -0.0241 -0.0899
vn 0.9959 -0.0621 -0.0660
vn 0.9971 -0.0395 -0.0653
vn 0.9976 -0.0240 -0.0650
vn 0.9970 -0.0534 -0.0568
vn 0.9966 -0.0532 -0.0625
vn 0.9922 -0.0897 -0.0862
vn 0.9939 -0.0903 -0.0633
vn 0.9964 -0.0644 -0.0557
vn 0.9981 -0.0274 -0.0555
vn 0.9980 -0.0329 -0.0543
vn 0.9981 -0.0330 -0.0525
vn 0.9984 -0.0347 -0.0440
vn 0.9981 -0.0442 -0.0440
vn 0.9981 -0.0441 -0.0440
vn 0.9980 -0.0444 -0.0459
vn 0.9973 -0.0551 -0.0486
vn 0.9981 -0.0406 -0.0471
vn 0.9973 -0.0544 -0.0485
vn 0.9970 -0.0530 -0.0555
vn 0.9978 -0.0450 -0.0484
vn 0.9953 -0.0667 -0.0705
vn 0.9952 -0.0763 -0.0613
vn 0.9972 -0.0514 -0.0548
vn 0.9896 -0.1070 -0.0965
vn 0.9852 -0.1370 -0.1031
vn 0.9943 -0.0820 -0.0674
vn 0.9882 -0.1202 -0.0953
vn 0.9723 -0.1804 -0.1487
vn 0.9882 -0.1152 -0.1005
vn 0.9724 -0.1802 -0.1484
vn 0.9398 -0.2660 -0.2145
vn 0.9731 -0.1537 -0.1718
vn 0.9888 -0.0906 -0.1184
vn 0.9953 -0.0435 -0.0861
vn 0.9868 -0.0939 -0.1318
vn -0.0469 -0.7736 -0.6319
vn 0.3403 -0.7245 -0.5994
vn 0.3521 -0.7214 -0.5964
vn 0.8428 -0.3918 -0.3691
vn 0.3474 -0.7349 -0.5824
vn 0.8429 -0.3927 -0.3679
vn 0.9047 -0.3053 -0.2971
vn 0.9645 -0.1710 -0.2014
vn 0.8973 -0.3136 -0.3106
vn 0.9710 -0.1533 -0.1835
vn 0.9880 -0.0730 -0.1361
vn 0.9887 -0.0724 -0.1313
vn 0.9965 0.0008 -0.0842
vn 0.9963 -0.0149 -0.0848
vn 0.9960 -0.0194 -0.0872
vn 0.9982 0.0335 -0.0494
vn 0.9987 0.0278 -0.0436
vn 0.9987 0.0153 -0.0495
vn 0.9988 0.0352 -0.0331
vn 0.9995 0.0274 -0.0179
vn 0.9982 0.0136 -0.0581
vn 0.9988 0.0437 -0.0197
vn 0.9980 0.0229 -0.0583
vn 0.9987 0.0390 -0.0338
vn 0.9995 0.0296 -0.0149
vn 0.9993 0.0337 -0.0160
vn 0.9990 0.0151 -0.0410
vn 0.9988 0.0353 -0.0351
vn 0.9997 0.0061 -0.0227
vn 0.9985 0.0172 -0.0510
vn 0.9982 0.0379 -0.0475
vn 0.9993 0.0058 -0.0371
vn 0.9987 0.0202 -0.0471
vn 0.9979 0.0160 -0.0630
vn 0.9979 0.0278 -0.0585
vn 0.9984 0.0096 -0.0558
vn 0.9984 0.0049 -0.0569
vn 0.9991 -0.0086 -0.0427
vn 0.9998 0.0014 -0.0178
vn 0.9995 -0.0102 -0.0293
vn 0.9993 0.0028 -0.0384
vn 1.0000 -0.0020 -0.0003
vn 0.9998 0.0076 -0.0206
vn 0.9999 -0.0062 -0.0084
vn 0.9998 -0.0180 -0.0047
vn 0.9998 -0.0208 -0.0002
vn 0.9999 -0.0157 -0.0006
vn 0.9999 -0.0145 0.0055
vn 0.9999 -0.0149 0.0040
vn 0.9994 -0.0318 -0.0095
vn 0.9995 -0.0302 0.0026
vn 0.9995 -0.0311 0.0033
vn 0.9998 -0.0205 0.0037
vn 0.9992 -0.0405 0.0023
vn 0.9992 -0.0397 0.0110
vn 0.9994 -0.0315 0.0115
vn 0.9992 -0.0398 0.0017
vn 0.9991 -0.0413 -0.0092
vn 0.9686 -0.1486 -0.1991
vn 0.9980 -0.0372 -0.0521
vn 0.9906 -0.1121 -0.0786
vn 0.9905 -0.1263 -0.0542
vn 0.9916 -0.1113 -0.0651
vn 0.8925 -0.4467 -0.0626
vn 0.8948 -0.4347 -0.1016
vn 0.9096 -0.2964 -0.2911
vn 0.9172 -0.3132 -0.2461
vn 0.9213 -0.3596 -0.1483
vn 0.9099 -0.3955 -0.1249
vn 0.9071 -0.3318 -0.2589
vn 0.8970 -0.4190 -0.1407
vn 0.8889 -0.4156 -0.1928
vn 0.8952 -0.4136 -0.1660
vn 0.8778 -0.4347 -0.2015
vn 0.8780 -0.4320 -0.2062
vn 0.9221 -0.3274 -0.2064
vn 0.8472 -0.1932 -0.4948
vn 0.8761 -0.1443 -0.4601
vn 0.6506 0.2022 -0.7320
vn 0.6509 0.2020 -0.7318
vn 0.7513 0.3191 -0.5777
vn 0.7389 0.3395 -0.5821
vn 0.8566 -0.1133 -0.5033
vn 0.4294 0.6328 -0.6443
vn 0.4405 0.6241 -0.6454
vn 0.3337 0.4727 -0.8156
vn 0.4352 0.6277 -0.6454
vn 0.3287 0.4740 -0.8169
vn 0.3384 0.4687 -0.8160
vn 0.3401 0.4676 -0.8159
vn 0.2419 0.3351 -0.9106
vn 0.2431 0.3343 -0.9106
vn 0.2470 0.3310 -0.9107
vn 0.2472 0.3322 -0.9102
vn -0.2925 0.6034 -0.7418
vn -0.1730 0.5480 -0.8184
vn -0.3610 0.5090 -0.7814
vn 0.1700 0.2281 -0.9587
vn 0.1746 0.2244 -0.9587
vn 0.1151 0.1480 -0.9823
vn -0.4592 0.5607 -0.6890
vn -0.5302 0.5143 -0.6740
vn -0.4978 0.5068 -0.7038
vn -0.7622 0.5836 -0.2800
vn -0.7553 0.5939 -0.2771
vn -0.8182 0.5673 -0.0939
vn -0.8143 0.5731 -0.0919
vn -0.7108 0.6161 -0.3394
vn -0.7648 0.5872 -0.2652
vn -0.7007 0.6308 -0.3333
vn -0.6490 0.6526 -0.3910
vn -0.8097 0.5749 -0.1183
vn -0.8035 0.5850 -0.1105
vn -0.8530 0.5219 -0.0066
vn -0.8580 0.5134 -0.0172
vn -0.8598 0.5106 0.0036
vn -0.8082 0.5766 -0.1202
vn -0.8688 0.4950 -0.0068
vn -0.8199 0.5570 -0.1327
vn -0.8987 0.4369 0.0367
vn -0.8996 0.4346 0.0416
vn -0.8883 0.4560 0.0551
vn -0.9107 0.4088 0.0587
vn -0.9129 0.4044 0.0560
vn -0.8871 0.4611 0.0231
vn -0.9157 0.3998 0.0410
vn -0.9110 0.4099 0.0460
vn -0.8837 0.4668 0.0335
vn -0.8825 0.4696 0.0265
vn -0.9170 0.3986 0.0144
vn -0.9175 0.3975 0.0138
vn -0.8880 0.4598 0.0047
vn -0.8896 0.4567 -0.0028
vn -0.8883 0.4592 0.0044
vn -0.9194 0.3933 0.0013
vn -0.9192 0.3937 0.0015
vn -0.9504 0.3111 -0.0042
vn -0.9495 0.3138 0.0046
vn -0.9490 0.3154 -0.0016
vn -0.9198 0.3925 -0.0030
vn -0.9460 0.3241 -0.0002
vn -0.9494 0.3141 -0.0066
vn -0.9179 0.3968 -0.0005
vn -0.9453 0.3259 0.0089
vn -0.9076 0.4198 0.0091
vn -0.9183 0.3960 -0.0007
vn -0.9142 0.4053 0.0054
vn -0.9130 0.4075 0.0205
vn -0.8843 0.4664 0.0196
vn -0.9061 0.4220 0.0307
vn -0.8781 0.4776 0.0300
vn -0.8782 0.4774 0.0280
vn -0.8587 0.5116 0.0299
vn -0.8609 0.5080 0.0271
vn -0.8579 0.5122 0.0402
vn -0.8706 0.4903 0.0409
vn -0.8541 0.5177 0.0506
vn -0.8515 0.5224 0.0456
vn -0.8702 0.4905 0.0466
vn -0.8545 0.5174 0.0446
vn -0.8523 0.5211 0.0445
vn -0.8517 0.5215 0.0504
vn -0.8484 0.5280 0.0374
vn -0.8577 0.5127 0.0382
vn -0.8569 0.5136 0.0435
vn -0.8572 0.5132 0.0435
vn -0.8567 0.5138 0.0462
vn -0.8675 0.4966 0.0303
vn -0.8664 0.4976 0.0411
vn -0.8607 0.5075 0.0406
vn -0.8761 0.4813 0.0278
vn -0.8618 0.5065 0.0262
vn -0.8820 0.4705 0.0280
vn -0.8770 0.4802 0.0173
vn -0.8956 0.4444 0.0191
vn -0.8947 0.4457 0.0296
vn -0.9215 0.3881 0.0155
vn -0.9221 0.3869 0.0089
vn -0.9041 0.4272 0.0071
vn -0.8860 0.4635 0.0121
vn -0.8842 0.4661 0.0318
vn -0.8740 0.4857 0.0131
vn -0.9131 0.4077 -0.0006
vn -0.9117 0.4106 0.0164
vn -0.9023 0.4311 -0.0017
vn -0.9022 0.4313 -0.0001
vn -0.8742 0.4854 0.0109
vn -0.8896 0.4566 0.0122
vn -0.8613 0.5074 0.0255
vn -0.8633 0.5047 0.0036
vn -0.8910 0.4539 -0.0051
vn -0.8808 0.4734 0.0049
vn -0.8815 0.4721 -0.0042
vn -0.8541 0.5202 0.0010
vn -0.8482 0.5296 -0.0062
vn -0.8530 0.5217 0.0143
vn -0.8429 0.5380 0.0136
vn -0.8439 0.5366 0.0003
vn -0.8474 0.5309 0.0054
vn -0.8460 0.5327 0.0241
vn -0.8499 0.5263 0.0244
vn -0.8393 0.5436 0.0049
vn -0.8499 0.5263 0.0245
vn -0.9471 0.3210 0.0043
vn -0.9472 0.3206 0.0026
vn -0.9039 0.4277 0.0105
vn -0.9297 0.3682 0.0042
vn -0.9094 0.4159 0.0022
vn -0.9302 0.3670 -0.0025
vn -0.9639 0.2664 0.0017
vn -0.9358 0.3526 -0.0047
vn -0.9643 0.2648 -0.0061
vn -0.9664 0.2570 -0.0012
vn -0.9388 0.3445 -0.0050
vn -0.9690 0.2472 -0.0024
vn -0.9691 0.2465 -0.0058
vn -0.9384 0.3456 0.0010
vn -0.9408 0.3389 -0.0005
vn -0.9136 0.4066 -0.0024
vn -0.9130 0.4078 0.0057
vn -0.9097 0.4153 -0.0016
vn -0.9158 0.4016 0.0024
vn -0.8905 0.4550 0.0038
vn -0.8923 0.4514 0.0009
vn -0.9159 0.4014 0.0011
vn -0.8924 0.4513 0.0002
vn -0.8933 0.4495 0.0012
vn -0.9409 0.3388 0.0015
vn -0.9169 0.3992 0.0011
vn -0.8924 0.4513 0.0020
vn -0.8928 0.4504 0.0012
vn -0.9170 0.3989 -0.0007
vn -0.9178 0.3971 -0.0004
vn -0.9423 0.3349 0.0001
vn -0.9408 0.3390 0.0003
vn -0.9424 0.3345 -0.0023
vn -0.9707 0.2402 -0.0008
vn -0.9708 0.2401 -0.0012
vn -0.9430 0.3327 -0.0012
vn -0.9711 0.2388 -0.0005
vn -0.9429 0.3330 0.0002
vn -0.9710 0.2390 0.0003
vn -0.9717 0.2361 0.0008
vn -0.9713 0.2377 0.0004
vn -0.9434 0.3317 0.0011
vn -0.9714 0.2375 -0.0004
vn -0.9439 0.3302 0.0020
vn -0.9438 0.3305 0.0033
vn -0.9449 0.3273 0.0015
vn -0.9435 0.3313 0.0012
vn -0.9720 0.2349 0.0011
vn -0.9718 0.2359 0.0009
vn -0.9725 0.2331 0.0020
vn -0.9892 0.1465 0.0005
vn -0.9895 0.1449 0.0008
vn -0.9728 0.2315 0.0013
vn -0.9963 0.0864 0.0006
vn -0.9898 0.1425 0.0010
vn -0.9967 0.0815 0.0012
vn -0.9896 0.1436 0.0013
vn -0.9896 0.1438 0.0021
vn 0.0002 -0.0000 1.0000
vn -0.9895 0.1442 0.0021
vn -0.9899 0.1420 0.0029
vn -0.9737 0.2277 0.0047
vn -0.9732 0.2300 0.0041
vn -0.9740 0.2265 0.0062
vn -0.9499 0.3123 0.0085
vn -0.9485 0.3165 0.0121
vn -0.9490 0.3154 0.0056
vn -0.9237 0.3830 0.0092
vn -0.9228 0.3847 0.0216
vn -0.9479 0.3186 0.0077
vn -0.9253 0.3789 0.0145
vn -0.9217 0.3879 0.0076
vn -0.9480 0.3184 0.0062
vn -0.9227 0.3853 0.0098
vn -0.9227 0.3855 0.0112
vn -0.8960 0.4439 0.0115
vn -0.8950 0.4459 0.0133
vn -0.8952 0.4456 0.0105
vn -0.9216 0.3881 0.0091
vn -0.9191 0.3941 0.0072
vn -0.9204 0.3909 0.0051
vn -0.8943 0.4473 0.0100
vn -0.8942 0.4476 0.0122
vn -0.8932 0.4497 0.0078
vn -0.8938 0.4483 0.0084
vn -0.9203 0.3912 0.0066
vn -0.8669 0.4984 0.0047
vn -0.8931 0.4499 0.0039
vn -0.8929 0.4502 0.0066
vn -0.8666 0.4989 0.0090
vn -0.9183 0.3959 0.0033
vn -0.9181 0.3963 0.0057
vn -0.8389 0.5442 0.0046
vn -0.8375 0.5464 0.0020
vn -0.8676 0.4972 0.0035
vn -0.8355 0.5495 0.0097
vn -0.8373 0.5467 0.0068
vn -0.8661 0.4997 0.0080
vn -0.8285 0.5599 0.0074
vn -0.8348 0.5506 0.0021
vn -0.8322 0.5545 -0.0027
vn -0.8320 0.5548 0.0016
vn -0.8441 0.5362 0.0038
vn -0.8446 0.5354 -0.0063
vn -0.8286 0.5598 0.0053
vn -0.8480 0.5299 0.0003
vn -0.8830 0.4692 -0.0103
vn -0.8482 0.5296 -0.0037
vn -0.8511 0.5250 -0.0088
vn -0.8831 0.4691 -0.0114
vn -0.8543 0.5197 -0.0113
vn -0.8866 0.4624 -0.0133
vn -0.8868 0.4617 -0.0189
vn -0.8509 0.5253 -0.0051
vn -0.8368 0.5475 -0.0027
vn -0.8367 0.5476 -0.0012
vn -0.8351 0.5502 -0.0044
vn -0.8568 0.5156 -0.0076
vn -0.8543 0.5195 -0.0127
vn -0.8393 0.5436 -0.0070
vn -0.8391 0.5439 -0.0025
vn -0.8440 0.5363 -0.0025
vn -0.8424 0.5388 0.0002
vn -0.8426 0.5386 -0.0028
vn -0.8440 0.5364 -0.0006
vn -0.8418 0.5398 -0.0071
vn -0.8417 0.5399 -0.0053
vn -0.8441 0.5362 -0.0006
vn -0.8596 0.5109 -0.0056
vn -0.8640 0.5034 -0.0135
vn -0.8635 0.5043 -0.0020
vn -0.8441 0.5361 -0.0018
vn -0.8682 0.4960 -0.0107
vn -0.8681 0.4964 -0.0060
vn -0.8737 0.4864 0.0056
vn -0.8517 0.5241 0.0057
vn -0.8471 0.5313 0.0132
vn -0.8475 0.5308 0.0047
vn -0.9185 0.3954 -0.0006
vn -0.9122 0.4095 -0.0162
vn -0.9118 0.4105 -0.0083
vn -0.8739 0.4861 0.0014
vn -0.8798 0.4745 0.0287
vn -0.8805 0.4737 0.0154
vn -0.8896 0.4566 0.0113
vn -0.9179 0.3967 0.0103
vn -0.8883 0.4580 0.0337
vn -0.9268 0.3755 -0.0088
vn -0.8988 0.4381 0.0156
vn -0.9255 0.3785 0.0149
vn -0.9660 0.2578 -0.0215
vn -0.9696 0.2446 -0.0073
vn -0.9656 0.2595 -0.0133
vn -0.9342 0.3568 -0.0036
vn -0.9695 0.2452 -0.0044
vn -0.9341 0.3571 -0.0015
vn -0.9728 0.2316 -0.0050
vn -0.9409 0.3386 -0.0031
vn -0.9733 0.2287 -0.0167
vn -0.9398 0.3414 0.0142
vn -0.9899 0.1388 -0.0285
vn -0.9898 0.1418 -0.0163
vn -0.9756 0.2192 -0.0136
vn -0.9885 0.1499 -0.0201
vn -0.9961 0.0758 -0.0461
vn -0.9958 0.0819 -0.0412
vn -0.9964 0.0779 -0.0349
vn -0.9869 0.1573 -0.0365
vn -0.9967 0.0748 -0.0321
vn -0.9886 0.1482 -0.0269
vn -0.9986 0.0367 -0.0377
vn -0.9990 0.0369 -0.0260
vn -0.9968 0.0758 -0.0263
vn -0.9988 0.0402 -0.0286
vn -0.9994 0.0195 -0.0274
vn -0.9990 0.0404 -0.0209
vn -0.9989 0.0433 -0.0184
vn -0.9992 0.0338 -0.0192
vn -0.9994 0.0273 -0.0190
vn -0.9996 0.0263 -0.0142
vn -0.9998 0.0043 -0.0209
vn -0.9999 0.0131 -0.0101
vn -0.9999 0.0124 -0.0082
vn -0.9996 0.0231 -0.0145
vn -0.9995 0.0194 -0.0268
vn -0.9998 0.0030 -0.0171
vn -0.9996 -0.0076 -0.0289
vn -0.9988 0.0121 -0.0480
vn -0.9992 -0.0004 -0.0395
vn -0.9993 0.0104 -0.0363
vn -0.9992 -0.0042 -0.0397
vn -0.9983 -0.0207 -0.0551
vn -0.9985 -0.0097 -0.0543
vn -0.9981 0.0012 -0.0622
vn -0.9993 -0.0270 -0.0271
vn -0.9985 -0.0478 -0.0272
vn -0.9968 -0.0669 -0.0443
vn -0.9982 -0.0416 -0.0427
vn -0.9985 -0.0473 -0.0286
vn -0.9961 -0.0620 -0.0630
vn -0.9973 -0.0394 -0.0619
vn -0.9950 -0.0860 -0.0503
vn -0.9935 -0.0831 -0.0773
vn -0.9956 -0.0545 -0.0761
vn -0.9957 -0.0545 -0.0744
vn -0.9938 -0.0694 -0.0874
vn -0.9974 -0.0099 -0.0716
vn -0.9962 -0.0197 -0.0847
vn -0.9967 -0.0192 -0.0795
vn -0.9956 -0.0258 -0.0895
vn -0.9959 0.0282 -0.0861
vn -0.9963 0.0245 -0.0825
vn -0.9967 0.0256 -0.0764
vn -0.9919 0.1007 -0.0773
vn -0.9934 0.0925 -0.0685
vn -0.9932 0.0920 -0.0707
vn -0.9968 0.0246 -0.0755
vn -0.9952 0.0786 -0.0577
vn -0.9978 0.0266 -0.0614
vn -0.9949 0.0865 -0.0513
vn -0.9945 0.0841 -0.0625
vn -0.9847 0.1680 -0.0460
vn -0.9846 0.1654 -0.0571
vn -0.9869 0.1577 -0.0346
vn -0.9616 0.2731 -0.0284
vn -0.9618 0.2711 -0.0382
vn -0.9823 0.1824 -0.0434
vn -0.9570 0.2868 -0.0428
vn -0.9794 0.1959 -0.0481
vn -0.9565 0.2910 -0.0214
vn -0.9821 0.1777 -0.0629
vn -0.9481 0.3150 -0.0431
vn -0.9521 0.3041 -0.0305
vn -0.9520 0.3047 -0.0273
vn -0.9794 0.1955 -0.0500
vn -0.9765 0.2064 -0.0625
vn -0.9766 0.2100 -0.0475
vn -0.9440 0.3272 -0.0412
vn -0.9478 0.3176 -0.0297
vn -0.9439 0.3280 -0.0371
vn -0.9737 0.2201 -0.0593
vn -0.9737 0.2216 -0.0526
vn -0.9711 0.2349 -0.0414
vn -0.9404 0.3390 -0.0273
vn -0.9406 0.3378 -0.0338
vn -0.9689 0.2444 -0.0377
vn -0.9712 0.2337 -0.0468
vn -0.9875 0.1475 -0.0555
vn -0.9874 0.1465 -0.0593
vn -0.9889 0.1396 -0.0510
vn -0.9864 0.1569 -0.0479
vn -0.9671 0.2507 -0.0439
vn -0.9689 0.2447 -0.0365
vn -0.9349 0.3535 -0.0319
vn -0.9669 0.2524 -0.0358
vn -0.9346 0.3548 -0.0242
vn -0.9324 0.3602 -0.0306
vn -0.9324 0.3599 -0.0323
vn -0.9631 0.2665 -0.0378
vn -0.9650 0.2584 -0.0447
vn -0.9650 0.2587 -0.0432
vn -0.9853 0.1639 -0.0475
vn -0.9853 0.1634 -0.0497
vn -0.9864 0.1554 -0.0544
vn -0.9955 0.0753 -0.0576
vn -0.9842 0.1685 -0.0553
vn -0.9954 0.0748 -0.0593
vn -0.9975 -0.0098 -0.0698
vn -0.9974 -0.0101 -0.0711
vn -0.9978 -0.0038 -0.0666
vn -0.9948 0.0790 -0.0638
vn -0.9977 -0.0133 -0.0661
vn -0.9957 0.0676 -0.0635
vn -0.9936 -0.0839 -0.0749
vn -0.9936 -0.0854 -0.0735
vn -0.9940 -0.0831 -0.0715
vn -0.9973 -0.0147 -0.0717
vn -0.9932 -0.0864 -0.0776
vn -0.9975 -0.0179 -0.0682
vn -0.9972 -0.0191 -0.0724
vn -0.9969 -0.0233 -0.0756
vn -0.9932 -0.0865 -0.0775
vn -0.9925 -0.0881 -0.0842
vn -0.9963 -0.0273 -0.0820
vn -0.9965 -0.0244 -0.0798
vn -0.9955 -0.0292 -0.0899
vn -0.9955 -0.0286 -0.0902
vn -0.9957 0.0331 -0.0869
vn -0.9959 0.0426 -0.0796
vn -0.9965 0.0450 -0.0706
vn -0.9958 0.0502 -0.0765
vn -0.9899 0.1263 -0.0648
vn -0.9907 0.1128 -0.0755
vn -0.9901 0.1282 -0.0572
vn -0.9885 0.1358 -0.0661
vn -0.9911 0.1146 -0.0684
vn -0.9918 0.1000 -0.0801
vn -0.9959 0.0337 -0.0843
vn -0.9954 -0.0262 -0.0923
vn -0.9956 0.0276 -0.0891
vn -0.9930 -0.0852 -0.0821
vn -0.9925 -0.0805 -0.0919
vn -0.9925 -0.0862 -0.0869
vn -0.9949 0.0526 -0.0856
vn -0.9933 -0.0698 -0.0923
vn -0.9932 -0.0793 -0.0849
vn -0.9877 -0.1323 -0.0834
vn -0.9871 -0.1333 -0.0885
vn -0.9888 -0.1215 -0.0864
vn -0.9894 -0.1206 -0.0803
vn -0.9873 -0.1380 -0.0787
vn -0.9959 0.0589 -0.0693
vn -0.9965 0.0537 -0.0633
vn -0.9961 0.0599 -0.0655
vn -0.9870 -0.1417 -0.0759
vn -0.9872 -0.1389 -0.0783
vn -0.9959 0.0688 -0.0587
vn -0.9944 -0.0765 -0.0725
vn -0.9940 -0.0799 -0.0747
vn -0.9373 0.3477 -0.0247
vn -0.8901 0.4553 -0.0206
vn -0.8929 0.4496 -0.0230
vn -0.8926 0.4506 -0.0147
vn -0.9008 0.4335 -0.0247
vn -0.8963 0.4431 -0.0152
vn -0.8963 0.4431 -0.0150
vn -0.9062 0.4220 -0.0251
vn -0.9061 0.4224 -0.0219
vn -0.9003 0.4350 -0.0124
vn -0.9918 -0.1039 -0.0749
vn -0.9925 -0.1034 -0.0651
vn -0.9978 0.0279 -0.0603
vn -0.9984 0.0321 -0.0466
vn -0.9989 0.0327 -0.0346
vn -0.9984 0.0289 -0.0494
vn -0.9990 0.0436 -0.0120
vn -0.9969 0.0776 -0.0104
vn -0.9969 0.0759 -0.0193
vn -0.9970 0.0753 -0.0188
vn -0.9908 0.1339 -0.0219
vn -0.9907 0.1352 -0.0168
vn -0.9969 0.0742 -0.0248
vn -0.9909 0.1345 -0.0080
vn -0.9911 0.1326 -0.0144
vn -0.9970 0.0770 -0.0099
vn -0.9969 0.0792 0.0010
vn -0.9910 0.1336 -0.0072
vn -0.9905 0.1371 0.0050
vn -0.9970 0.0776 0.0022
vn -0.9909 0.1345 0.0035
vn -0.9749 0.2215 0.0237
vn -0.9765 0.2155 0.0056
vn -0.9757 0.2181 0.0218
vn -0.9899 0.1398 0.0222
vn -0.9888 0.1428 0.0443
vn -0.9903 0.1372 0.0207
vn -0.9732 0.2254 0.0464
vn -0.9893 0.1378 0.0484
vn -0.9947 0.0825 0.0613
vn -0.9882 0.1400 0.0622
vn -0.9958 0.0812 0.0433
vn -0.9950 0.0801 0.0597
vn -0.9957 0.0819 0.0428
vn -0.9974 0.0437 0.0572
vn -0.9979 0.0457 0.0449
vn -0.9984 0.0403 0.0403
vn -0.9967 0.0787 0.0198
vn -0.9966 0.0806 0.0183
vn -0.9990 0.0405 0.0171
vn -0.9972 0.0462 0.0592
vn -0.9980 0.0261 0.0567
vn -0.9980 0.0126 0.0613
vn -0.9988 0.0258 0.0404
vn -0.9981 0.0083 0.0605
vn -0.9989 -0.0045 0.0464
vn -0.9988 0.0025 0.0490
vn -0.9977 -0.0137 0.0666
vn -0.9977 0.0045 0.0676
vn -0.9970 0.0127 0.0758
vn -0.9971 -0.0138 0.0745
vn -0.9968 -0.0158 0.0784
vn -0.9973 0.0010 0.0734
vn -0.9977 -0.0200 0.0650
vn -0.9966 -0.0130 0.0815
vn -0.9968 -0.0128 0.0792
vn -0.9971 0.0001 0.0763
vn -0.9969 0.0071 0.0787
vn -0.9976 0.0169 0.0672
vn -0.9979 0.0100 0.0642
vn -0.9978 0.0140 0.0646
vn -0.9972 0.0125 0.0734
vn -0.9975 0.0211 0.0668
vn -0.9975 0.0234 0.0660
vn -0.9982 0.0186 0.0578
vn -0.9980 0.0222 0.0593
vn -0.9979 0.0272 0.0585
vn -0.9973 0.0294 0.0680
vn -0.9973 0.0306 0.0674
vn -0.9980 0.0248 0.0581
vn -0.9988 0.0230 0.0429
vn -0.9991 0.0172 0.0394
vn -0.9979 0.0269 0.0588
vn -0.9990 0.0122 0.0424
vn -0.9999 -0.0155 -0.0058
vn -0.9985 0.0256 0.0486
vn -0.9989 0.0418 0.0232
vn -0.9994 0.0072 0.0332
vn -0.9984 0.0340 0.0455
vn -0.9984 0.0149 0.0537
vn -0.9980 0.0240 0.0591
vn -0.9984 0.0186 0.0533
vn -0.9970 0.0510 0.0580
vn -0.9970 0.0392 0.0669
vn -0.9975 0.0144 0.0688
vn -0.9961 0.0340 0.0818
vn -0.9950 0.0627 0.0778
vn -0.9997 0.0151 0.0198
vn -0.9998 0.0174 0.0029
vn -0.9991 0.0158 0.0393
vn -0.9981 0.0213 0.0580
vn -0.9974 0.0311 0.0651
vn -0.9985 0.0310 0.0452
vn -0.9990 0.0119 0.0439
vn -0.9973 0.0345 0.0654
vn -0.9972 0.0315 0.0682
vn -0.9964 0.0400 0.0745
vn -0.9958 0.0526 0.0755
vn -0.9955 0.0528 0.0783
vn -0.9924 0.0942 0.0797
vn -0.9893 0.1165 0.0879
vn -0.9939 0.0678 0.0865
vn -0.9903 0.0941 0.1025
vn -0.9898 0.1169 0.0820
vn -0.9944 0.0679 0.0808
vn -0.9879 0.1266 0.0891
vn -0.9892 0.1270 0.0733
vn -0.9944 0.0765 0.0724
vn -0.9942 0.0764 0.0755
vn -0.9943 0.0801 0.0701
vn -0.9965 0.0432 0.0719
vn -0.9967 0.0435 0.0684
vn -0.9965 0.0400 0.0737
vn -0.9967 0.0451 0.0676
vn -0.9976 0.0227 0.0657
vn -0.9971 0.0290 0.0709
vn -0.9971 0.0290 0.0707
vn -0.9999 -0.0111 -0.0063
vn -0.9969 0.0307 0.0720
vn -0.9970 0.0208 0.0752
vn -0.9975 0.0142 0.0697
vn -0.9963 -0.0247 0.0827
vn -0.9966 -0.0237 0.0791
vn -0.9970 -0.0314 0.0701
vn -0.9889 0.1325 0.0679
vn -0.9881 0.1330 0.0776
vn -0.9746 0.2110 0.0754
vn -0.9747 0.2109 0.0739
vn -0.9733 0.2195 0.0664
vn -0.9736 0.2144 0.0782
vn -0.9442 0.3224 0.0678
vn -0.9436 0.3239 0.0688
vn -0.9464 0.3194 0.0473
vn -0.9746 0.2171 0.0544
vn -0.9124 0.4052 0.0588
vn -0.9434 0.3225 0.0772
vn -0.9352 0.3499 0.0550
vn -0.9479 0.3179 0.0201
vn -0.9433 0.3277 0.0521
vn -0.9474 0.3194 0.0209
vn -0.9494 0.3141 0.0048
vn -0.9762 0.2168 0.0063
vn -0.9990 0.0455 0.0001
vn -0.9988 0.0471 0.0122
vn -0.9766 0.2152 -0.0058
vn -0.9770 0.2134 -0.0041
vn -0.9755 0.2196 -0.0121
vn -0.9767 0.2146 -0.0076
vn -0.9989 0.0468 -0.0008
vn -0.9989 0.0459 -0.0103
vn -0.8988 0.4381 0.0149
vn -0.8564 0.5155 0.0283
vn -0.8630 0.5035 0.0416
vn -0.8635 0.5033 0.0332
vn -0.8500 0.5262 0.0254
vn -0.8490 0.5268 0.0408
vn -0.8571 0.5150 0.0153
vn -0.8508 0.5249 0.0255
vn -0.8452 0.5344 0.0047
vn -0.8464 0.5325 0.0070
vn -0.8483 0.5294 0.0133
vn -0.8459 0.5331 0.0170
vn -0.8665 0.4988 0.0184
vn -0.8474 0.5301 0.0293
vn -0.8639 0.5028 0.0306
vn -0.8650 0.5016 0.0151
vn -0.8681 0.4963 0.0066
vn -0.8879 0.4599 0.0080
vn -0.8873 0.4609 0.0169
vn -0.8672 0.4980 0.0082
vn -0.8683 0.4959 0.0030
vn -0.8687 0.4954 0.0025
vn -0.8907 0.4546 0.0037
vn -0.8453 0.5343 0.0021
vn -0.8570 0.5151 -0.0130
vn -0.8597 0.5107 -0.0074
vn -0.8411 0.5409 -0.0003
vn -0.8683 0.4961 -0.0003
vn -0.8688 0.4952 0.0007
vn -0.8688 0.4952 0.0008
vn -0.8409 0.5411 0.0020
vn -0.8677 0.4970 0.0015
vn -0.8681 0.4964 0.0023
vn -0.8392 0.5438 -0.0013
vn -0.8798 0.4750 -0.0172
vn -0.9291 0.3691 -0.0238
vn -0.8757 0.4826 -0.0156
vn -0.8794 0.4760 -0.0079
vn -0.9293 0.3680 -0.0310
vn -0.9262 0.3764 -0.0231
vn -0.8756 0.4828 -0.0134
vn -0.9261 0.3766 -0.0215
vn -0.8713 0.4907 -0.0049
vn -0.8403 0.5421 -0.0032
vn -0.8402 0.5422 -0.0010
vn -0.8252 0.5648 0.0109
vn -0.8250 0.5649 0.0136
vn -0.8222 0.5692 0.0085
vn -0.8357 0.5491 0.0071
vn -0.8190 0.5737 0.0111
vn -0.8319 0.5548 0.0099
vn -0.8218 0.5696 0.0162
vn -0.8359 0.5489 0.0027
vn -0.8296 0.5582 0.0156
vn -0.8169 0.5766 0.0142
vn -0.8297 0.5581 0.0134
vn -0.8289 0.5592 0.0144
vn -0.8665 0.4990 0.0122
vn -0.8311 0.5558 0.0184
vn -0.8655 0.5006 0.0157
vn -0.8658 0.5002 0.0113
vn -0.8894 0.4563 0.0258
vn -0.8945 0.4469 0.0098
vn -0.8331 0.5529 0.0161
vn -0.8314 0.5555 0.0130
vn -0.8655 0.5008 0.0137
vn -0.8654 0.5009 0.0154
vn -0.8332 0.5527 0.0136
vn -0.8657 0.5004 0.0141
vn -0.8658 0.5002 0.0115
vn 0.8647 -0.5022 0.0062
vn 0.8157 -0.5784 -0.0059
vn 0.8683 -0.4960 -0.0006
vn 0.8685 -0.4956 0.0035
vn 0.8141 -0.5808 -0.0029
vn 0.8120 -0.5836 -0.0012
vn 0.8722 -0.4891 0.0058
vn 0.8724 -0.4886 0.0113
vn 0.8769 -0.4805 0.0149
vn 0.9237 -0.3826 0.0191
vn 0.9241 -0.3811 0.0296
vn 0.9269 -0.3747 0.0225
vn 0.8770 -0.4803 0.0173
vn 0.9269 -0.3744 0.0244
vn 0.9299 -0.3669 0.0258
vn 0.8812 -0.4724 0.0196
vn 0.8807 -0.4735 0.0096
vn 0.9301 -0.3658 0.0323
vn 0.8850 -0.4654 0.0115
vn 0.8071 -0.5905 0.0015
vn 0.8015 -0.5979 0.0036
vn 0.9331 -0.3580 0.0338
vn 0.9331 -0.3583 0.0321
vn 0.9354 -0.3527 0.0254
vn 0.8851 -0.4652 0.0136
vn 0.8886 -0.4582 0.0206
vn 0.8884 -0.4589 0.0147
vn 0.8917 -0.4520 0.0216
vn 0.9382 -0.3451 0.0256
vn 0.9357 -0.3513 0.0331
vn 0.9382 -0.3450 0.0262
vn 0.8918 -0.4519 0.0226
vn 0.9211 -0.3885 0.0258
vn 0.9210 -0.3890 0.0224
vn 0.9178 -0.3969 0.0136
vn -0.8294 0.5587 0.0057
vn -0.8354 0.5495 0.0101
vn -0.8659 0.5001 0.0116
vn -0.9456 0.3252 0.0028
vn -0.9469 0.3214 0.0054
vn -0.9447 0.3278 0.0042
vn -0.9193 0.3936 0.0039
vn -0.8959 0.4440 0.0129
vn -0.9470 0.3212 0.0042
vn -0.9731 0.2302 0.0033
vn -0.9732 0.2299 0.0021
vn -0.9727 0.2319 0.0030
vn -0.9969 0.0788 0.0012
vn -0.9945 0.1049 0.0016
vn -0.9967 0.0809 0.0009
vn -0.9945 0.1049 0.0012
vn -0.9944 0.1053 0.0015
vn -0.9944 0.1052 0.0013
vn -0.9259 0.3777 0.0055
vn -0.9224 0.3862 0.0046
vn -0.9277 0.3733 0.0053
vn -0.6603 0.7509 0.0106
vn -0.9254 0.3789 0.0045
vn -0.6590 0.7521 0.0090
vn -0.6587 0.7523 0.0104
vn -0.9945 0.1048 0.0007
vn -1.0000 -0.0000 -0.0000
vn -0.9964 0.0847 -0.0001
vn -0.9949 0.1004 0.0004
vn -0.9895 0.1447 0.0006
vn -0.9959 0.0902 -0.0000
vn -0.9894 0.1454 -0.0000
vn -0.9882 0.1533 -0.0006
vn -0.9887 0.1498 -0.0002
vn -0.9893 0.1457 0.0002
vn -0.9964 0.0850 -0.0006
vn -0.9890 0.1480 -0.0011
vn -0.9888 0.1493 -0.0017
vn -0.9964 0.0847 -0.0007
vn -0.9701 0.2427 -0.0044
vn -0.9881 0.1539 -0.0021
vn -0.9889 0.1488 -0.0038
vn -0.9700 0.2431 -0.0025
vn -0.9182 0.3961 0.0024
vn -0.9177 0.3974 0.0012
vn -0.9174 0.3979 0.0016
vn -0.8835 0.4684 0.0086
vn -0.8515 0.5224 0.0458
vn -0.8492 0.5273 0.0292
vn -0.8635 0.5043 0.0095
vn -0.8446 0.5354 0.0084
vn -0.8624 0.5061 0.0079
vn -0.8903 0.4554 -0.0011
vn -0.8644 0.5029 -0.0033
vn -0.8883 0.4593 0.0091
vn -0.8894 0.4572 -0.0028
vn -0.8646 0.5025 -0.0035
vn -0.8651 0.5014 -0.0106
vn -0.8439 0.5363 -0.0139
vn -0.8434 0.5372 -0.0053
vn -0.8906 0.4547 -0.0038
vn -0.8627 0.5056 -0.0083
vn -0.8457 0.5335 -0.0077
vn -0.8855 0.4647 0.0044
vn -0.8561 0.5167 -0.0090
vn -0.8636 0.5040 -0.0147
vn -0.8538 0.5206 -0.0007
vn -0.0848 0.6711 -0.7365
vn 0.4945 0.7778 -0.3879
vn 0.5026 0.7724 -0.3882
vn 0.5178 0.7630 -0.3869
vn 0.4231 0.6346 -0.6467
vn 0.5106 0.7659 -0.3906
vn 0.5196 0.8173 -0.2493
vn 0.4972 0.8322 -0.2455
vn 0.5137 0.8219 -0.2461
vn 0.5288 0.8127 -0.2446
vn 0.5010 0.8385 -0.2144
vn 0.5177 0.8283 -0.2141
vn 0.5681 0.0811 -0.8189
vn 0.5020 0.8385 -0.2121
vn -0.3196 0.5395 -0.7790
vn -0.5282 -0.0216 -0.8489
vn -0.9302 -0.0182 -0.3665
vn -0.9279 0.2343 -0.2899
vn -0.3390 0.5405 -0.7701
vn -0.9014 0.2855 -0.3255
vn -0.8231 0.5483 -0.1477
vn -0.8091 0.5648 -0.1620
vn -0.9731 0.2295 -0.0204
vn -0.9904 0.1152 -0.0760
vn -0.0163 0.9354 -0.3533
vn -0.9930 0.0669 0.0978
vn -0.9823 0.1592 -0.0985
vn -0.9999 -0.0089 -0.0128
vn -0.9920 -0.0742 -0.1022
vn -0.6765 -0.5785 -0.4557
vn -0.4864 -0.6457 -0.5887
vn -0.7160 -0.5461 -0.4349
vn -0.4566 -0.6891 -0.5627
vn -0.3213 -0.7293 -0.6041
vn -0.3238 -0.6990 -0.6376
vn -0.4788 -0.6784 -0.5572
vn -0.3244 -0.7288 -0.6030
vn -0.4686 -0.6958 -0.5443
vn -0.3240 -0.7405 -0.5888
vn -0.4613 -0.6980 -0.5478
vn -0.6952 -0.5743 -0.4324
vn -0.9131 -0.3300 -0.2393
vn -0.9956 0.0396 0.0845
vn -0.6868 -0.5793 -0.4389
vn -0.9088 -0.3468 -0.2320
vn -0.9969 0.0068 0.0785
vn -0.3231 -0.7408 -0.5889
vn -0.3423 -0.7516 -0.5639
vn -0.3437 -0.7513 -0.5634
vn -0.5409 -0.6838 -0.4897
vn -0.5879 -0.6573 -0.4716
vn -0.5874 -0.6563 -0.4735
vn -0.3435 -0.7507 -0.5643
vn -0.0198 -0.7726 -0.6346
vn -0.2430 -0.7704 -0.5895
vn -0.3141 -0.7592 -0.5700
vn 0.0807 -0.9089 -0.4092
vn -0.0000 -0.9974 -0.0722
vn -0.1387 -0.9882 -0.0658
vn -0.1495 -0.9867 -0.0638
vn -0.1522 -0.9883 0.0049
vn -0.1452 -0.9894 0.0038
vn -0.1595 -0.9872 0.0059
vn -0.1591 -0.9873 0.0031
vn -0.4698 -0.8827 0.0114
vn -0.4712 -0.8819 0.0160
vn 0.1334 -0.9911 -0.0043
vn 0.1336 -0.9910 -0.0035
vn 0.1399 -0.9902 -0.0042
vn 0.1399 -0.9902 -0.0039
vn 0.4520 -0.8919 -0.0123
vn 0.4514 -0.8922 -0.0142
vn 0.4247 -0.9052 -0.0136
vn 0.1339 -0.9910 -0.0022
vn 0.4287 -0.9034 -0.0082
vn 0.1413 -0.9900 -0.0029
vn 0.1417 -0.9899 -0.0019
vn -0.4564 -0.8897 0.0099
vn -0.4562 -0.8898 0.0097
vn -0.1451 -0.9894 0.0034
vn -0.4739 -0.8805 0.0113
vn -0.4797 -0.8773 0.0174
vn -0.5717 -0.8204 0.0107
vn -0.1593 -0.9872 0.0028
vn -0.2090 -0.9779 0.0063
vn -0.8350 -0.5500 0.0165
vn -0.7928 -0.6089 0.0248
vn -0.7798 -0.6258 0.0167
vn -0.7829 -0.6219 0.0171
vn -0.9470 -0.3209 0.0173
vn -0.9488 -0.3154 0.0192
vn -0.8476 -0.5301 0.0249
vn -0.9697 -0.2434 0.0218
vn -0.9546 -0.2977 0.0095
vn -0.5744 -0.8185 0.0136
vn -0.8942 -0.4477 0.0088
vn 0.4245 -0.9054 -0.0105
vn 0.7364 -0.6737 -0.0626
vn 0.7825 -0.6187 -0.0702
vn 0.9555 -0.2903 -0.0518
vn 0.9705 -0.2375 -0.0412
vn 0.9976 -0.0583 -0.0371
vn 0.9993 0.0035 -0.0381
vn 0.9991 0.0059 -0.0415
vn 0.9980 0.0630 0.0015
vn 0.9977 0.0675 -0.0077
vn 0.9994 0.0273 -0.0211
vn 0.9978 -0.0356 -0.0560
vn 0.9966 0.0818 0.0046
vn 0.9961 0.0865 -0.0169
vn 0.9991 0.0300 -0.0305
vn 0.9985 0.0504 -0.0205
vn 0.9951 0.0979 -0.0103
vn 0.9949 0.0993 -0.0199
vn 0.9985 0.0508 -0.0224
vn 0.9936 0.1102 -0.0242
vn 0.9915 0.1280 -0.0212
vn 0.9916 0.1288 -0.0152
vn 0.9930 0.1163 -0.0206
vn 0.9938 0.1093 -0.0203
vn 0.9918 0.1260 -0.0211
vn 0.9909 0.1316 -0.0267
vn 0.9871 0.1599 -0.0129
vn 0.9869 0.1605 -0.0129
vn 0.9870 0.1605 -0.0129
vn 0.9879 0.1550 -0.0098
vn 0.9909 0.1335 -0.0170
vn 0.9887 0.1490 -0.0162
vn 0.9912 0.1326 -0.0067
vn 0.9907 0.1359 -0.0081
vn 0.9931 0.1165 -0.0139
vn 0.9912 0.1321 -0.0081
vn 0.9957 0.0922 -0.0055
vn 0.9956 0.0929 -0.0074
vn 0.9965 0.0838 -0.0031
vn 0.9953 0.0968 -0.0033
vn 0.9980 0.0632 -0.0041
vn 0.9951 0.0982 -0.0059
vn 0.9946 0.1039 -0.0032
vn 0.9984 0.0571 -0.0044
vn 0.9979 0.0649 -0.0053
vn 0.9981 0.0612 -0.0010
vn 0.9991 0.0414 -0.0021
vn 0.9994 0.0343 0.0084
vn 0.9973 0.0734 0.0017
vn 0.9983 0.0578 0.0006
vn 0.9984 0.0563 0.0026
vn 0.9975 0.0703 0.0042
vn 0.9970 0.0768 0.0117
vn 0.9973 0.0718 0.0178
vn 0.9944 0.1053 -0.0015
vn 0.9968 0.0790 0.0121
vn 0.9869 0.1612 0.0065
vn 0.9920 0.1259 -0.0023
vn 0.9911 0.1332 -0.0041
vn 0.9948 0.1015 -0.0019
vn 0.9853 0.1708 -0.0033
vn 0.9915 0.1297 -0.0054
vn 0.9871 0.1597 -0.0066
vn 0.9861 0.1659 -0.0106
vn 0.9846 0.1750 -0.0041
vn 0.9862 0.1655 -0.0075
vn 0.9832 0.1825 -0.0071
vn 0.9886 0.1504 -0.0019
vn 0.9859 0.1672 0.0044
vn 0.9868 0.1617 0.0051
vn 0.9865 0.1634 0.0060
vn 0.9993 0.0357 0.0146
vn 0.9941 0.1019 0.0358
vn 0.9981 0.0528 0.0321
vn 0.9981 0.0531 0.0313
vn 0.9980 0.0255 0.0578
vn 0.9979 0.0446 0.0469
vn 0.9962 0.0719 0.0485
vn 0.9990 0.0320 0.0298
vn 0.9992 0.0386 0.0087
vn 0.9907 0.1357 -0.0084
vn 0.9970 0.0715 -0.0289
vn 0.9972 0.0704 -0.0257
vn 0.9932 0.1159 -0.0090
vn 0.9977 -0.0207 -0.0643
vn 0.9954 -0.0523 -0.0799
vn 0.9993 0.0386 -0.0032
vn 0.9991 0.0433 -0.0036
vn 0.9970 0.0709 0.0314
vn 0.9988 0.0499 -0.0011
vn 0.9987 0.0508 -0.0037
vn 0.9991 0.0425 0.0048
vn 0.9991 0.0433 0.0009
vn 0.9999 0.0126 0.0007
vn 0.9999 0.0135 -0.0027
vn 0.9996 -0.0279 0.0091
vn 0.9991 0.0099 0.0416
vn 0.9995 0.0138 0.0299
vn 0.9992 -0.0381 0.0121
vn 0.9983 0.0126 0.0570
vn 0.9937 -0.0885 0.0692
vn 0.9828 -0.1791 0.0445
vn 0.9826 -0.1743 0.0641
vn 0.9852 -0.1607 0.0589
vn 0.9768 -0.2042 0.0645
vn 0.9800 -0.1924 0.0512
vn 0.9911 -0.1136 0.0697
vn 0.9918 -0.0979 0.0818
vn 0.9920 -0.0985 0.0796
vn 0.9800 -0.1929 0.0493
vn 0.9493 -0.3112 0.0451
vn 0.9585 -0.2814 0.0447
vn 0.9533 -0.3008 0.0285
vn 0.9534 -0.3000 0.0323
vn 0.9089 -0.4164 0.0238
vn 0.9090 -0.4159 0.0277
vn 0.8761 -0.4821 0.0086
vn 0.8702 -0.4926 0.0138
vn 0.9032 -0.4290 0.0153
vn 0.9145 -0.4044 0.0102
vn 0.9148 -0.4034 0.0185
vn 0.9214 -0.3885 0.0023
vn 0.8894 -0.4572 0.0011
vn 0.9580 -0.2859 0.0231
vn 0.9957 -0.0364 0.0854
vn 0.9962 -0.0224 0.0844
vn 0.9956 -0.0277 0.0894
vn 0.9953 -0.0270 0.0925
vn 0.9950 0.0378 0.0926
vn 0.9945 0.0424 0.0962
vn 0.9954 -0.0354 0.0891
vn 0.9954 -0.0556 0.0781
vn 0.9963 -0.0493 0.0711
vn 0.9956 -0.0467 0.0807
vn 0.9957 0.0425 0.0821
vn 0.9954 -0.0654 0.0699
vn 0.9962 -0.0596 0.0633
vn 0.9951 0.0679 0.0714
vn 0.9946 0.0717 0.0745
vn 0.9947 0.0746 0.0702
vn 0.9956 -0.0664 0.0660
vn 0.9944 0.0802 0.0683
vn 0.9952 -0.0742 0.0640
vn 0.9954 -0.0755 0.0592
vn 0.9950 0.0719 0.0699
vn 0.9940 -0.0877 0.0654
vn 0.9948 -0.0823 0.0598
vn 0.9949 -0.0829 0.0576
vn 0.9898 -0.1269 0.0654
vn 0.9900 -0.1289 0.0577
vn 0.9883 -0.1371 0.0671
vn 0.9907 -0.1116 0.0773
vn 0.9741 -0.2177 0.0605
vn 0.9742 -0.2193 0.0537
vn 0.9769 -0.2079 0.0493
vn 0.9633 -0.2653 0.0399
vn 0.9966 0.0130 0.0816
vn 0.9966 -0.0233 0.0793
vn 0.9208 -0.3899 -0.0091
vn 0.9299 -0.3676 0.0106
vn 0.9376 -0.3476 0.0056
vn 0.9374 -0.3482 0.0018
vn 0.9287 -0.3707 -0.0137
vn 0.9443 -0.3292 0.0031
vn 0.9432 -0.3320 -0.0141
vn 0.9771 -0.2124 0.0119
vn 0.9486 -0.3164 -0.0089
vn 0.1669 -0.1104 -0.9798
vn 0.8983 -0.4394 -0.0013
vn 0.8964 -0.4433 -0.0043
vn 0.8984 -0.4392 -0.0004
vn -0.0000 0.9992 -0.0387
vn 0.8902 -0.4555 -0.0092
vn 0.8973 -0.4414 0.0020
vn 0.8749 -0.4841 -0.0166
vn 0.9074 -0.4201 -0.0108
vn 0.9077 -0.4196 -0.0072
vn 0.8997 -0.4362 -0.0190
vn 0.9190 -0.3943 -0.0012
vn 0.8968 -0.4425 -0.0005
vn 0.9202 -0.3914 -0.0009
vn 0.9203 -0.3911 0.0011
vn 0.9449 -0.3274 0.0027
vn 0.9447 -0.3280 -0.0006
vn 0.9434 -0.3317 0.0001
vn 0.9205 -0.3907 -0.0005
vn 0.9478 -0.3190 -0.0007
vn 0.9457 -0.3251 -0.0007
vn 0.9462 -0.3235 -0.0019
vn 0.9214 -0.3887 -0.0023
vn 0.9206 -0.3904 -0.0016
vn 0.9462 -0.3237 -0.0032
vn 0.9213 -0.3888 -0.0056
vn 0.9224 -0.3862 -0.0038
vn 0.9215 -0.3885 -0.0033
vn 0.9028 -0.4299 -0.0063
vn 0.8991 -0.4378 -0.0038
vn 0.8972 -0.4417 -0.0017
vn 0.9456 -0.3254 -0.0006
vn 0.9704 -0.2414 -0.0005
vn 0.9709 -0.2395 -0.0013
vn 0.9470 -0.3211 -0.0017
vn 0.9706 -0.2408 -0.0009
vn 0.9877 -0.1565 -0.0006
vn 0.9869 -0.1612 -0.0001
vn 0.9701 -0.2426 -0.0001
vn 0.9689 -0.2473 0.0006
vn 0.9851 -0.1721 0.0006
vn 0.9697 -0.2445 0.0011
vn 0.9697 -0.2444 0.0014
vn 0.9884 -0.1517 -0.0005
vn 0.9880 -0.1547 0.0012
vn 0.9880 -0.1547 0.0010
vn 0.9692 -0.2461 0.0026
vn 0.9878 -0.1556 0.0033
vn 0.9878 -0.1559 0.0018
vn 0.9874 -0.1580 0.0023
vn 0.9693 -0.2457 0.0046
vn 0.9680 -0.2510 0.0019
vn 0.9869 -0.1614 0.0030
vn 0.9682 -0.2502 0.0059
vn 0.9875 -0.1575 0.0045
vn 0.9982 -0.0602 0.0017
vn 0.9984 -0.0562 0.0023
vn 0.9869 -0.1616 0.0020
vn 0.9985 -0.0553 0.0012
vn 0.9857 -0.1682 0.0058
vn 0.9984 -0.0571 0.0020
vn 0.9985 -0.0553 0.0014
vn 0.9970 0.0776 -0.0027
vn 0.9942 0.1071 -0.0027
vn 0.9968 0.0803 -0.0027
vn 0.9606 0.2777 -0.0093
vn 0.9972 0.0754 -0.0026
vn 0.9615 0.2748 -0.0096
vn 0.9976 0.0694 -0.0026
vn 0.9601 0.2793 -0.0106
vn 0.9597 0.2809 -0.0094
vn 0.9608 0.2771 -0.0098
vn 0.9608 0.2770 -0.0102
vn 0.7703 0.6373 -0.0225
vn 0.7704 0.6372 -0.0212
vn 0.7702 0.6375 -0.0212
vn 0.7702 0.6374 -0.0224
vn 0.3021 0.9527 -0.0317
vn 0.3023 0.9526 -0.0335
vn 0.3021 0.9527 -0.0335
vn 0.7703 0.6373 -0.0234
vn 0.3021 0.9526 -0.0349
vn 0.3019 0.9527 -0.0349
vn 0.7675 0.6406 -0.0239
vn 0.7702 0.6374 -0.0242
vn 0.3081 0.9507 -0.0360
vn 0.3020 0.9526 -0.0366
vn -0.0263 0.9989 -0.0384
vn -0.0197 0.9990 -0.0389
vn 0.3082 0.9506 -0.0370
vn 0.3019 0.9526 -0.0376
vn 0.3085 0.9504 -0.0382
vn -0.0197 0.9990 -0.0401
vn 0.7703 0.6372 -0.0252
vn 0.3084 0.9506 -0.0363
vn 0.7702 0.6374 -0.0243
vn 0.7704 0.6370 -0.0252
vn 0.7724 0.6347 -0.0239
vn 0.9605 0.2780 -0.0105
vn 0.9614 0.2749 -0.0109
vn 0.9614 0.2750 -0.0109
vn 0.9605 0.2780 -0.0108
vn 0.9605 0.2782 -0.0092
vn 0.9976 0.0686 -0.0027
vn 0.9974 0.0715 -0.0024
vn 0.9973 0.0737 -0.0018
vn 0.7721 0.6351 -0.0210
vn -0.0198 0.9991 -0.0379
vn -0.0198 0.9990 -0.0395
vn -0.0198 0.9991 -0.0366
vn -0.2513 0.9672 -0.0367
vn -0.2512 0.9673 -0.0354
vn -0.0198 0.9992 -0.0352
vn -0.2579 0.9656 -0.0340
vn -0.2580 0.9655 -0.0359
vn -0.6645 0.7468 -0.0259
vn -0.6643 0.7470 -0.0260
vn -0.6645 0.7468 -0.0277
vn -0.2516 0.9672 -0.0336
vn -0.6647 0.7467 -0.0249
vn -0.6644 0.7470 -0.0249
vn -0.2515 0.9673 -0.0322
vn -0.2517 0.9673 -0.0322
vn -0.2529 0.9664 -0.0468
vn -0.6666 0.7445 -0.0366
vn -0.6674 0.7438 -0.0365
vn -0.2405 0.9695 -0.0478
vn -0.2476 0.9651 -0.0857
vn -0.2302 0.9694 -0.0848
vn -0.6921 0.7190 -0.0645
vn -0.6799 0.7302 -0.0668
vn -0.9496 0.3060 -0.0682
vn -0.9391 0.3419 -0.0359
vn -0.7572 0.6421 -0.1197
vn -0.9566 0.2851 -0.0600
vn -0.9771 0.1934 -0.0885
vn -0.9917 0.1221 -0.0403
vn -0.9934 0.1062 -0.0428
vn -0.9841 0.1579 -0.0813
vn -0.9929 0.1172 -0.0205
vn -0.9941 0.1069 -0.0200
vn -0.9901 0.1343 -0.0410
vn -0.9909 0.1334 -0.0175
vn -0.9718 0.2347 -0.0215
vn -0.9887 0.1452 -0.0380
vn -0.9721 0.2309 -0.0403
vn -0.9713 0.2340 -0.0418
vn -0.9692 0.2266 -0.0964
vn -0.9816 0.1665 -0.0939
vn -0.9464 0.2245 -0.2324
vn -0.9842 0.1534 -0.0881
vn -0.9504 0.2077 -0.2316
vn -0.9696 0.2243 -0.0978
vn -0.9329 0.3443 -0.1056
vn -0.9183 0.3096 -0.2468
vn -0.9501 0.2028 -0.2370
vn -0.9324 0.3459 -0.1044
vn -0.9182 0.3105 -0.2458
vn -0.7553 0.1686 -0.6334
vn -0.7519 0.1678 -0.6375
vn -0.7651 0.1309 -0.6304
vn -0.0352 -0.0618 -0.9975
vn -0.0886 -0.1553 -0.9839
vn -0.7624 0.1312 -0.6336
vn -0.1100 -0.1504 -0.9825
vn -0.6664 0.3816 -0.6405
vn 0.1003 0.4390 -0.8929
vn -0.0244 -0.0622 -0.9978
vn 0.1636 0.4167 -0.8942
vn 0.1975 0.8643 -0.4626
vn 0.1962 0.8645 -0.4627
vn 0.1647 0.4165 -0.8941
vn 0.0937 0.4128 -0.9060
vn 0.0262 0.9823 -0.1856
vn 0.1003 0.9763 -0.1916
vn 0.0894 0.8702 -0.4845
vn 0.0264 0.9823 -0.1856
vn 0.0850 0.8868 -0.4543
vn 0.0939 0.9794 -0.1785
vn -0.2215 0.9601 -0.1707
vn -0.2771 0.9452 -0.1730
vn -0.4403 0.8039 -0.3998
vn -0.3674 0.8264 -0.4267
vn -0.6809 0.3828 -0.6244
vn -0.9576 0.1952 -0.2121
vn -0.8922 0.4060 -0.1976
vn -0.9141 0.3601 -0.1864
vn -0.7685 0.6294 -0.1152
vn 0.0267 0.9957 -0.0883
vn -0.0132 0.9958 -0.0907
vn 0.0265 0.9953 -0.0936
vn -0.0066 0.9959 -0.0907
vn -0.0066 0.9987 -0.0500
vn -0.0132 0.9987 -0.0500
vn -0.0197 0.9985 -0.0504
vn -0.0198 0.9986 -0.0491
vn 0.3108 0.9492 -0.0480
vn -0.0198 0.9993 -0.0333
vn 0.3024 0.9527 -0.0317
vn 0.3036 0.9516 -0.0486
vn 0.3180 0.9439 -0.0889
vn 0.3516 0.9318 -0.0903
vn 0.7717 0.6351 -0.0330
vn 0.8114 0.5816 -0.0581
vn 0.7862 0.6145 -0.0654
vn 0.7772 0.6283 -0.0333
vn 0.9639 0.2639 -0.0353
vn 0.9623 0.2715 -0.0164
vn 0.9610 0.2760 -0.0160
vn 0.9679 0.2493 -0.0314
vn 0.9963 0.0764 -0.0405
vn 0.9726 0.2237 -0.0626
vn 0.9974 0.0699 -0.0190
vn 0.9969 0.0769 -0.0179
vn 0.9973 0.0727 -0.0069
vn 0.9966 -0.0824 -0.0007
vn 0.9964 -0.0839 -0.0085
vn 0.9974 0.0720 -0.0070
vn 0.9770 0.2062 -0.0538
vn 0.8534 0.5083 -0.1153
vn 0.3931 0.9022 -0.1778
vn 0.8760 0.4717 -0.1002
vn 0.4628 0.8683 -0.1783
vn 0.6157 0.6810 -0.3965
vn 0.9460 0.2771 -0.1684
vn 0.6613 0.6538 -0.3677
vn -0.0246 -0.0622 -0.9978
vn -0.0896 -0.1550 -0.9839
vn -0.0336 -0.0581 -0.9977
vn -0.6767 0.3227 -0.6618
vn -0.8530 0.4534 -0.2585
vn -0.8715 0.4774 -0.1118
vn -0.8524 0.4537 -0.2600
vn -0.8718 0.4768 -0.1125
vn -0.9947 0.1007 -0.0206
vn -0.9927 0.1205 -0.0084
vn -0.9945 0.1047 -0.0082
vn -0.9948 0.1016 -0.0076
vn -0.9930 0.1181 -0.0077
vn -0.9928 0.1193 -0.0040
vn -1.0000 0.0001 -0.0000
vn -0.9947 0.1031 -0.0037
vn -0.9942 0.1074 -0.0038
vn -0.9943 0.1064 -0.0040
vn -0.9933 0.1158 -0.0031
vn -0.9933 0.1153 -0.0032
vn -0.9328 0.3581 -0.0394
vn -0.9294 0.3686 -0.0197
vn -0.9284 0.3711 -0.0196
vn -0.9275 0.3735 -0.0125
vn -0.9273 0.3740 -0.0125
vn -0.9274 0.3739 -0.0130
vn 0.9601 0.2795 -0.0106
vn 0.9973 0.0732 -0.0027
vn 0.9985 -0.0539 0.0003
vn 0.9985 -0.0549 -0.0001
vn 0.9973 0.0739 -0.0011
vn 0.9986 -0.0538 0.0008
vn 0.9970 0.0777 -0.0002
vn 0.9972 0.0741 0.0006
vn 0.9975 -0.0706 0.0005
vn 0.9982 -0.0592 -0.0000
vn 0.9986 -0.0534 -0.0003
vn 0.9987 -0.0518 -0.0009
vn 0.9884 -0.1517 -0.0021
vn 0.9887 -0.1498 -0.0025
vn 0.9887 -0.1497 -0.0031
vn 0.9718 -0.2357 -0.0032
vn 0.9724 -0.2334 -0.0048
vn 0.9718 -0.2358 -0.0040
vn 0.9726 -0.2325 -0.0063
vn 0.9884 -0.1518 -0.0015
vn 0.9719 -0.2356 -0.0023
vn 0.9880 -0.1543 -0.0009
vn 0.9714 -0.2373 -0.0032
vn 0.9715 -0.2370 -0.0014
vn 0.9710 -0.2390 -0.0024
vn 0.9480 -0.3183 -0.0032
vn 0.9485 -0.3167 -0.0043
vn 0.9481 -0.3181 -0.0021
vn 0.9711 -0.2389 -0.0016
vn 1.0000 -0.0001 -0.0000
vn 0.9416 -0.3366 0.0042
vn 0.9413 -0.3376 -0.0018
vn 0.9383 -0.3458 0.0053
vn 0.9663 -0.2575 0.0022
vn 0.9382 -0.3460 0.0039
vn 0.9662 -0.2578 0.0005
vn 0.9333 -0.3592 -0.0041
vn 0.9131 -0.4076 -0.0020
vn 0.9133 -0.4072 0.0008
vn 0.9163 -0.4004 -0.0060
vn 0.9169 -0.3992 0.0020
vn 0.9641 -0.2655 0.0059
vn 0.9469 -0.3215 -0.0042
vn 0.9457 -0.3251 0.0011
vn 0.9189 -0.3945 -0.0026
vn 0.8986 -0.4377 -0.0305
vn 0.9940 -0.1091 -0.0100
vn 0.9945 -0.1039 -0.0146
vn 0.9929 -0.1181 -0.0151
vn 0.9991 -0.0435 -0.0000
vn 0.8489 -0.5285 -0.0006
vn 0.9968 0.0732 -0.0327
vn 0.8482 -0.5293 -0.0191
vn 0.8484 -0.5291 -0.0189
vn 0.8795 -0.4760 -0.0007
vn 0.8784 -0.4776 -0.0199
vn 0.8781 -0.4781 -0.0202
vn 0.8502 -0.5265 0.0009
vn 0.8505 -0.5260 0.0071
vn 0.8533 -0.5214 0.0036
vn 0.8589 -0.5121 -0.0010
vn 0.8534 -0.5212 0.0059
vn 0.8578 -0.5137 -0.0149
vn 0.8683 -0.4961 -0.0038
vn 0.9077 -0.4196 -0.0002
vn 0.9078 -0.4194 0.0010
vn 0.8961 -0.4437 -0.0129
vn 0.9497 -0.3132 -0.0030
vn 0.9496 -0.3134 -0.0044
vn 0.9559 -0.2938 0.0050
vn 0.9774 -0.2113 0.0019
vn 0.9448 -0.3275 0.0061
vn 0.9805 -0.1963 0.0013
vn 0.9786 -0.2055 0.0060
vn 0.9746 -0.2238 0.0023
vn 0.9961 -0.0875 -0.0094
vn -0.1056 -0.1455 -0.9837
vn -0.0400 -0.0552 -0.9977
vn 0.1181 0.1464 -0.9822
vn 0.0644 0.0799 -0.9947
vn -0.8404 0.5397 -0.0495
vn -0.9729 0.2305 -0.0199
vn -0.9602 0.2794 -0.0063
vn -0.9861 0.1659 -0.0019
vn 0.3020 0.9526 -0.0358
vn 0.3069 0.9516 -0.0147
vn 0.9613 0.2754 -0.0006
vn 0.9601 0.2798 0.0001
vn 0.3060 0.9519 0.0132
vn -0.2552 0.9669 0.0035
vn -0.9239 0.3826 -0.0000
vn -0.6589 0.7521 0.0090
vn -0.2545 0.9670 0.0134
vn -0.2490 0.9684 0.0138
vn 0.9942 -0.0891 0.0596
vn 0.9934 -0.0942 0.0648
vn 0.9935 -0.0947 0.0626
vn 0.9931 -0.1019 0.0573
vn 0.9920 -0.1213 0.0343
vn 0.9935 -0.1050 0.0440
vn -0.9452 -0.3014 -0.1259
vn -0.9623 -0.2397 -0.1283
vn -0.9605 -0.2515 -0.1187
vn -0.9737 -0.1937 -0.1202
vn -0.9837 -0.1572 -0.0875
vn -0.9781 -0.1796 -0.1054
vn -0.9719 -0.2108 -0.1049
vn -0.9806 -0.1794 -0.0788
vn -0.9817 -0.1748 -0.0761
vn -0.9748 -0.2083 -0.0803
vn -0.9743 -0.2114 -0.0784
vn -0.9640 -0.2537 -0.0794
vn -0.9638 -0.2538 -0.0813
vn -0.9741 -0.2115 -0.0794
vn -0.9728 -0.2167 -0.0821
vn -0.9468 -0.3109 -0.0834
vn -0.9469 -0.3109 -0.0815
vn -0.9485 -0.3066 -0.0800
vn -0.9624 -0.2586 -0.0834
vn -0.9649 -0.2497 -0.0814
vn -0.9457 -0.3146 -0.0819
vn -0.9431 -0.3066 -0.1291
vn -0.9137 -0.3986 -0.0785
vn -0.9093 -0.3967 -0.1257
vn -0.9105 -0.3943 -0.1246
vn -0.9126 -0.4011 -0.0792
vn -0.8201 -0.5609 -0.1134
vn -0.8233 -0.5631 -0.0713
vn -0.8236 -0.5624 -0.0730
vn -0.8237 -0.5625 -0.0712
vn -0.9125 -0.4010 -0.0810
vn -0.9115 -0.4035 -0.0802
vn -0.9805 -0.1796 -0.0798
vn -0.9579 0.2839 -0.0425
vn -0.9863 0.1562 -0.0527
vn -0.9857 0.1628 -0.0441
vn -0.9579 0.2849 -0.0369
vn -0.9822 0.1850 -0.0313
vn -0.9978 0.0009 -0.0660
vn -0.9975 -0.0046 -0.0699
vn -0.9731 -0.2164 -0.0791
vn -0.9805 -0.1808 -0.0768
vn -0.9628 -0.2610 -0.0704
vn -0.9746 -0.2125 -0.0706
vn -0.8282 -0.5563 -0.0681
vn -0.8284 -0.5555 -0.0719
vn -0.8259 -0.5599 -0.0671
vn -0.8256 -0.5597 -0.0721
vn -0.6344 -0.7716 -0.0468
vn -0.6320 -0.7736 -0.0463
vn -0.6319 -0.7734 -0.0514
vn -0.8286 -0.5565 -0.0609
vn -0.6296 -0.7753 -0.0508
vn -0.2849 -0.9583 -0.0212
vn -0.8309 -0.5529 -0.0618
vn -0.8313 -0.5532 -0.0541
vn -0.9244 -0.3786 -0.0468
vn -0.9612 -0.2719 -0.0477
vn -0.9538 -0.2954 -0.0553
vn -0.9336 -0.3559 -0.0414
vn -0.9611 -0.2719 -0.0478
vn -0.9338 -0.3559 -0.0379
vn -0.9696 -0.2416 -0.0384
vn -0.8594 -0.5107 -0.0245
vn -0.8717 -0.4892 -0.0283
vn -0.9462 -0.3221 -0.0303
vn -0.8590 -0.5105 -0.0388
vn -0.9745 -0.2193 -0.0477
vn -0.9786 -0.1978 -0.0562
vn -0.9792 -0.1973 -0.0464
vn -0.9932 -0.1157 0.0102
vn -0.9963 -0.0817 0.0260
vn -0.9940 -0.1051 0.0290
vn -0.9941 -0.1054 0.0266
vn -0.9949 -0.0969 0.0287
vn -0.9956 -0.0880 0.0319
vn -0.9945 -0.0985 0.0366
vn -0.9951 -0.0938 0.0322
vn -0.9954 -0.0935 0.0223
vn -0.9960 -0.0868 0.0229
vn -0.9962 -0.0857 0.0181
vn -0.9971 -0.0763 0.0004
vn -0.9966 -0.0828 -0.0017
vn -0.9963 -0.0813 0.0264
vn -0.9978 -0.0662 0.0100
vn -0.9939 -0.1082 0.0234
vn -0.9943 -0.1037 0.0260
vn -0.9953 -0.0971 -0.0011
vn -0.9983 -0.0585 -0.0079
vn -0.9991 -0.0422 0.0022
vn -0.9970 -0.0770 -0.0101
vn -0.9962 -0.0868 0.0071
vn -0.9885 -0.1420 -0.0516
vn -0.9864 -0.1626 -0.0232
vn -0.9989 -0.0466 0.0053
vn -0.9953 -0.0924 -0.0302
vn -0.9938 -0.1091 -0.0216
vn -0.9986 0.0087 0.0530
vn -0.9990 0.0002 0.0457
vn -0.9981 -0.0603 0.0079
vn -0.9983 -0.0573 0.0076
vn -0.9996 0.0002 0.0292
vn -0.9995 -0.0051 0.0303
vn -0.9994 -0.0014 0.0336
vn -0.9985 0.0105 0.0530
vn -0.9994 -0.0032 0.0338
vn -0.9992 -0.0017 0.0411
vn -0.9998 -0.0213 0.0045
vn -0.9997 -0.0222 0.0046
vn -0.9995 -0.0266 0.0191
vn -0.9988 0.0014 0.0496
vn -0.9993 -0.0376 -0.0042
vn -0.9990 -0.0158 0.0412
vn -0.9963 0.0091 0.0849
vn -0.9985 -0.0229 0.0496
vn -0.9972 -0.0106 0.0740
vn -0.9966 0.0231 0.0789
vn -0.9979 -0.0018 0.0651
vn -0.9975 0.0037 0.0703
vn -0.9962 0.0012 0.0868
vn -0.9961 0.0059 0.0881
vn -0.9976 0.0161 0.0672
vn -0.9968 0.0255 0.0758
vn -0.9989 -0.0381 -0.0270
vn -0.9985 -0.0461 -0.0312
vn -0.9987 -0.0435 -0.0265
vn -0.9997 -0.0246 -0.0066
vn -0.9991 -0.0406 -0.0145
vn -0.9982 -0.0501 -0.0324
vn -0.9984 -0.0472 -0.0303
vn -0.9973 -0.0675 -0.0284
vn -0.9982 -0.0562 -0.0229
vn -0.9979 -0.0518 -0.0387
vn -0.9980 -0.0603 -0.0184
vn -0.9978 -0.0599 -0.0281
vn -0.9989 -0.0407 -0.0212
vn -0.9987 -0.0386 -0.0322
vn -0.9990 -0.0375 -0.0238
vn -0.9992 -0.0402 -0.0006
vn -0.9989 -0.0468 -0.0096
vn -0.9998 -0.0193 -0.0047
vn -0.9996 -0.0206 -0.0202
vn -0.9985 -0.0544 0.0037
vn -0.9988 -0.0479 0.0120
vn -0.9997 -0.0227 -0.0092
vn -0.9997 -0.0236 0.0077
vn -0.9996 -0.0287 0.0003
vn -0.9996 -0.0295 0.0044
vn -0.9984 -0.0551 0.0096
vn -0.9992 -0.0393 0.0109
vn -1.0000 -0.0041 0.0035
vn -1.0000 -0.0050 0.0073
vn -1.0000 0.0030 -0.0061
vn -1.0000 0.0027 -0.0023
vn -0.9980 -0.0632 -0.0057
vn -0.9977 -0.0685 -0.0024
vn -0.9975 -0.0697 0.0099
vn -0.9987 -0.0400 -0.0308
vn -0.9993 -0.0237 -0.0287
vn -0.9996 -0.0213 -0.0194
vn -0.9972 -0.0751 -0.0042
vn -0.9999 -0.0028 0.0152
vn -0.9994 -0.0354 0.0012
vn -0.9995 -0.0321 -0.0020
vn -0.9998 -0.0086 0.0172
vn -0.9994 -0.0277 -0.0227
vn -0.9996 -0.0241 -0.0151
vn -0.9995 -0.0198 -0.0226
vn -0.9997 -0.0166 -0.0157
vn -0.9982 -0.0018 0.0592
vn -0.9997 -0.0182 0.0181
vn -0.9992 -0.0248 0.0314
vn -0.9981 -0.0182 0.0594
vn -0.9988 -0.0347 0.0333
vn -0.9997 -0.0248 0.0008
vn -0.9770 -0.1951 -0.0857
vn -0.9779 -0.1908 -0.0861
vn -0.9575 -0.2520 -0.1405
vn -0.9934 -0.1099 -0.0326
vn -0.8151 -0.4892 -0.3103
vn -0.8218 -0.4730 -0.3176
vn -0.9987 -0.0285 0.0414
vn -0.9848 -0.1720 -0.0249
vn -0.9830 -0.1831 0.0132
vn -0.9844 -0.1723 0.0347
vn -0.9853 -0.1701 0.0120
vn -0.9854 -0.1665 0.0366
vn -0.9932 -0.1105 0.0371
vn -0.9514 -0.3066 0.0287
vn -0.9287 -0.3697 -0.0293
vn -0.9392 -0.3428 0.0190
vn -0.9397 -0.3408 -0.0287
vn -0.9965 -0.0813 0.0184
vn -0.9929 -0.1140 0.0340
vn -0.9933 -0.1102 0.0340
vn -0.9931 -0.1110 0.0369
vn -0.9993 -0.0371 0.0046
vn -0.9993 0.0123 0.0341
vn -0.9991 -0.0103 0.0409
vn -0.9983 -0.0226 0.0530
vn -0.9953 -0.0029 0.0967
vn -0.9483 -0.3168 0.0194
vn -0.9925 -0.1169 0.0360
vn -0.9942 -0.1049 0.0237
vn -0.9857 -0.1681 0.0126
vn -0.9912 -0.1324 0.0060
vn -0.6732 -0.7392 -0.0195
vn -0.6494 -0.7604 0.0062
vn 0.1921 -0.9814 0.0003
vn 0.3442 -0.9389 0.0071
vn 0.3115 -0.9502 0.0082
vn -0.3024 -0.9532 -0.0050
vn 0.7992 -0.6007 0.0202
vn 0.8637 -0.5031 0.0286
vn 0.9916 -0.1258 0.0305
vn 0.9916 -0.1255 0.0323
vn 0.8642 -0.5019 0.0351
vn 0.9974 -0.0543 0.0473
vn 0.9977 -0.0547 0.0394
vn 0.9991 0.0082 0.0408
vn 0.9872 0.1521 0.0472
vn 0.9875 0.1529 0.0389
vn 0.9792 0.1953 0.0550
vn 0.9791 0.1977 0.0471
vn 0.9936 0.1028 0.0473
vn 0.9788 0.1973 0.0550
vn 0.9710 0.2304 0.0638
vn 0.9735 0.2196 0.0638
vn 0.9846 0.1659 0.0551
vn 0.9773 0.1998 0.0709
vn 0.9780 0.1993 0.0611
vn 0.9821 0.1802 0.0551
vn 0.9725 0.2200 0.0762
vn 0.9914 0.1071 0.0757
vn 0.9910 0.1139 0.0707
vn 0.9936 0.1092 0.0298
vn 0.9836 -0.1805 -0.0073
vn 0.9937 -0.1122 -0.0044
vn 0.9976 -0.0697 0.0033
vn 0.9961 0.0837 -0.0292
vn 0.9999 0.0093 0.0048
vn 0.9866 0.1631 0.0062
vn 0.9834 0.1630 0.0793
vn 0.9927 0.0952 0.0736
vn 0.3938 -0.9189 0.0248
vn -0.2926 -0.9560 -0.0210
vn -0.2927 -0.9560 -0.0181
vn -0.2927 -0.9561 -0.0147
vn 0.9553 0.2800 0.0951
vn 0.9846 0.1587 0.0736
vn 0.9657 0.2507 0.0673
vn -0.6654 -0.7462 -0.0183
s 0
usemtl [0131_Silver].001
f 1//1 2//1 4//1
f 1//2 3//2 2//2
f 7//3 3//3 1//3
f 4//4 5//4 1//4
f 1//5 5//5 6//5
f 1//6 6//6 7//6
f 7//7 6//7 8//7
f 8//8 9//8 7//8
f 9//9 10//9 7//9
f 7//10 10//10 3//10
f 10//11 11//11 3//11
f 12//12 11//12 10//12
f 10//12 9//12 12//12
f 12//13 14//13 13//13
f 12//13 13//13 16//13
f 15//14 14//14 12//14
f 15//15 12//15 9//15
f 11//13 12//13 16//13
f 11//13 16//13 17//13
f 16//16 19//16 17//16
f 18//17 19//17 16//17
f 18//18 16//18 13//18
f 19//19 22//19 17//19
f 19//20 18//20 20//20
f 19//21 20//21 21//21
f 22//22 19//22 21//22
f 17//23 22//23 23//23
f 23//24 22//24 21//24
f 25//25 23//25 24//25
f 24//26 23//26 26//26
f 17//27 23//27 25//27
f 23//28 21//28 26//28
f 27//29 26//29 28//29
f 24//30 26//30 27//30
f 26//31 29//31 28//31
f 26//32 21//32 29//32
f 28//33 29//33 30//33
f 29//34 33//34 30//34
f 21//35 20//35 29//35
f 20//36 31//36 29//36
f 29//37 31//37 32//37
f 33//38 29//38 32//38
f 32//39 34//39 33//39
f 33//40 34//40 35//40
f 30//41 33//41 35//41
f 35//42 34//42 36//42
f 35//43 36//43 37//43
f 38//44 35//44 37//44
f 30//45 35//45 38//45
f 40//46 38//46 39//46
f 39//47 38//47 43//47
f 40//48 41//48 38//48
f 41//49 30//49 38//49
f 38//50 37//50 42//50
f 38//51 42//51 43//51
f 43//52 42//52 44//52
f 45//53 43//53 44//53
f 39//54 43//54 45//54
f 45//55 44//55 46//55
f 49//56 45//56 46//56
f 47//57 45//57 48//57
f 47//58 39//58 45//58
f 48//59 45//59 49//59
f 48//60 49//60 50//60
f 50//61 49//61 51//61
f 49//62 46//62 51//62
f 50//63 51//63 53//63
f 51//64 46//64 52//64
f 51//65 52//65 53//65
f 50//66 53//66 54//66
f 54//67 53//67 52//67
f 54//68 52//68 55//68
f 56//69 54//69 55//69
f 57//70 54//70 56//70
f 57//71 50//71 54//71
f 56//72 58//72 57//72
f 61//73 57//73 58//73
f 57//74 60//74 59//74
f 59//75 50//75 57//75
f 61//76 60//76 57//76
f 62//77 61//77 58//77
f 64//78 61//78 62//78
f 61//79 63//79 59//79
f 64//80 63//80 61//80
f 59//81 60//81 61//81
f 65//82 64//82 62//82
f 65//83 66//83 64//83
f 64//84 66//84 63//84
f 67//85 66//85 65//85
f 67//86 68//86 66//86
f 66//87 68//87 63//87
f 67//88 69//88 68//88
f 69//89 70//89 68//89
f 63//90 68//90 71//90
f 71//91 68//91 70//91
f 71//92 39//92 47//92
f 71//93 40//93 39//93
f 70//94 40//94 71//94
f 71//95 59//95 63//95
f 71//96 48//96 59//96
f 71//97 47//97 48//97
f 27//98 72//98 70//98
f 69//99 27//99 70//99
f 70//100 72//100 41//100
f 70//101 41//101 40//101
f 27//102 28//102 72//102
f 72//103 28//103 41//103
f 73//104 69//104 67//104
f 73//105 24//105 69//105
f 24//106 27//106 69//106
f 76//107 73//107 74//107
f 73//108 75//108 74//108
f 75//109 73//109 67//109
f 24//110 73//110 76//110
f 77//13 78//13 76//13
f 79//13 77//13 76//13
f 79//13 76//13 74//13
f 78//111 24//111 76//111
f 80//112 79//112 82//112
f 77//113 79//113 80//113
f 82//114 79//114 81//114
f 81//13 79//13 74//13
f 83//115 84//115 82//115
f 83//116 82//116 85//116
f 84//117 80//117 82//117
f 81//118 85//118 82//118
f 85//119 88//119 86//119
f 85//120 86//120 87//120
f 85//121 87//121 83//121
f 81//122 88//122 85//122
f 86//123 88//123 89//123
f 89//13 88//13 91//13
f 88//13 81//13 90//13
f 88//13 90//13 91//13
f 90//124 65//124 91//124
f 91//13 92//13 89//13
f 91//125 93//125 92//125
f 65//126 93//126 91//126
f 94//127 93//127 95//127
f 93//128 94//128 92//128
f 93//129 62//129 95//129
f 93//130 65//130 62//130
f 94//131 95//131 58//131
f 62//132 58//132 95//132
f 58//131 92//131 94//131
f 56//131 89//131 92//131
f 58//131 56//131 92//131
f 81//13 74//13 90//13
f 74//133 96//133 90//133
f 90//134 96//134 65//134
f 74//135 75//135 96//135
f 96//136 75//136 67//136
f 65//137 96//137 67//137
f 56//131 55//131 89//131
f 55//131 97//131 89//131
f 86//138 89//138 97//138
f 55//131 52//131 97//131
f 52//131 98//131 97//131
f 86//139 97//139 98//139
f 52//131 46//131 98//131
f 98//140 87//140 86//140
f 100//131 99//131 98//131
f 87//141 98//141 99//141
f 100//131 98//131 46//131
f 106//131 100//131 46//131
f 100//142 101//142 102//142
f 100//143 103//143 101//143
f 100//144 102//144 104//144
f 103//145 100//145 106//145
f 100//146 104//146 105//146
f 100//147 105//147 99//147
f 106//148 107//148 108//148
f 46//131 107//131 106//131
f 106//145 109//145 103//145
f 108//149 109//149 106//149
f 109//145 111//145 110//145
f 109//145 110//145 103//145
f 108//150 112//150 109//150
f 112//145 111//145 109//145
f 111//151 112//151 108//151
f 108//151 1818//151 111//151
f 111//152 1818//152 113//152
f 111//145 114//145 110//145
f 113//152 114//152 111//152
f 115//153 114//153 113//153
f 114//145 115//145 110//145
f 120//154 116//154 115//154
f 116//155 117//155 115//155
f 117//156 119//156 115//156
f 110//157 115//157 118//157
f 113//153 120//153 115//153
f 115//158 119//158 118//158
f 121//13 120//13 113//13
f 123//159 120//159 121//159
f 125//160 120//160 122//160
f 123//161 122//161 120//161
f 120//162 124//162 116//162
f 125//163 124//163 120//163
f 129//164 125//164 122//164
f 128//165 126//165 125//165
f 125//166 126//166 124//166
f 127//167 128//167 125//167
f 130//168 127//168 125//168
f 129//169 130//169 125//169
f 131//170 127//170 130//170
f 131//171 130//171 129//171
f 132//172 134//172 131//172
f 132//173 131//173 133//173
f 133//174 131//174 129//174
f 131//175 134//175 127//175
f 134//176 137//176 135//176
f 134//177 135//177 127//177
f 132//178 136//178 134//178
f 136//179 137//179 134//179
f 139//180 138//180 137//180
f 137//181 138//181 135//181
f 136//182 140//182 137//182
f 140//183 139//183 137//183
f 136//184 141//184 140//184
f 141//185 139//185 140//185
f 143//186 141//186 136//186
f 144//187 142//187 141//187
f 141//188 142//188 139//188
f 143//189 144//189 141//189
f 145//190 144//190 146//190
f 145//191 147//191 144//191
f 144//192 147//192 142//192
f 146//193 144//193 143//193
f 147//194 148//194 142//194
f 147//195 149//195 148//195
f 150//196 149//196 147//196
f 145//197 150//197 147//197
f 150//198 151//198 149//198
f 152//199 151//199 150//199
f 154//200 150//200 145//200
f 150//201 153//201 152//201
f 154//202 153//202 150//202
f 155//203 158//203 154//203
f 155//204 154//204 156//204
f 157//205 156//205 154//205
f 157//206 154//206 159//206
f 158//207 153//207 154//207
f 159//208 154//208 145//208
f 159//209 145//209 146//209
f 157//210 159//210 161//210
f 159//211 146//211 160//211
f 161//212 159//212 160//212
f 157//213 161//213 163//213
f 161//214 162//214 164//214
f 161//215 160//215 162//215
f 161//216 164//216 163//216
f 164//217 162//217 132//217
f 164//218 132//218 166//218
f 163//219 164//219 165//219
f 164//220 166//220 165//220
f 166//221 132//221 167//221
f 165//222 166//222 169//222
f 168//223 166//223 167//223
f 169//224 166//224 168//224
f 165//225 169//225 170//225
f 169//226 168//226 170//226
f 171//13 174//13 170//13
f 171//13 170//13 172//13
f 170//227 168//227 172//227
f 174//13 173//13 170//13
f 165//228 170//228 173//228
f 174//13 175//13 173//13
f 176//229 175//229 174//229
f 176//230 174//230 177//230
f 174//231 171//231 178//231
f 177//232 174//232 178//232
f 179//233 178//233 180//233
f 179//234 177//234 178//234
f 180//235 178//235 15//235
f 178//236 171//236 15//236
f 180//237 15//237 181//237
f 180//238 181//238 183//238
f 179//239 180//239 182//239
f 180//240 183//240 182//240
f 181//241 184//241 183//241
f 183//242 184//242 185//242
f 182//243 183//243 186//243
f 183//244 185//244 186//244
f 185//245 187//245 186//245
f 186//246 187//246 189//246
f 188//247 182//247 186//247
f 186//248 189//248 188//248
f 189//249 190//249 191//249
f 187//250 190//250 189//250
f 189//251 191//251 192//251
f 188//252 189//252 192//252
f 192//253 191//253 193//253
f 193//254 194//254 192//254
f 188//255 192//255 194//255
f 197//256 194//256 195//256
f 196//257 195//257 194//257
f 194//258 193//258 196//258
f 188//259 194//259 197//259
f 182//260 197//260 198//260
f 198//261 197//261 199//261
f 197//262 195//262 199//262
f 182//263 188//263 197//263
f 198//264 199//264 201//264
f 199//265 195//265 200//265
f 201//266 199//266 200//266
f 204//267 201//267 202//267
f 201//268 200//268 202//268
f 201//269 203//269 198//269
f 205//270 203//270 201//270
f 205//271 201//271 204//271
f 206//272 198//272 205//272
f 206//273 205//273 207//273
f 207//274 205//274 204//274
f 198//275 203//275 205//275
f 208//276 207//276 210//276
f 208//277 209//277 207//277
f 209//278 206//278 207//278
f 207//279 204//279 210//279
f 208//280 210//280 213//280
f 210//281 204//281 212//281
f 213//282 210//282 211//282
f 210//283 212//283 211//283
f 216//284 213//284 214//284
f 214//285 213//285 215//285
f 213//286 211//286 215//286
f 216//287 208//287 213//287
f 217//288 216//288 214//288
f 221//289 216//289 217//289
f 221//290 218//290 216//290
f 219//291 216//291 218//291
f 220//292 216//292 219//292
f 220//293 208//293 216//293
f 221//294 222//294 218//294
f 223//295 222//295 221//295
f 223//296 221//296 224//296
f 221//297 217//297 224//297
f 227//298 223//298 224//298
f 224//299 225//299 227//299
f 224//300 226//300 225//300
f 224//301 217//301 226//301
f 228//302 223//302 227//302
f 229//303 228//303 227//303
f 227//304 230//304 229//304
f 227//305 225//305 230//305
f 225//306 231//306 230//306
f 231//307 234//307 230//307
f 230//308 234//308 232//308
f 230//309 232//309 233//309
f 230//310 233//310 235//310
f 229//311 230//311 235//311
f 235//312 233//312 236//312
f 238//313 235//313 236//313
f 237//314 229//314 235//314
f 238//315 237//315 235//315
f 243//316 238//316 236//316
f 240//317 239//317 238//317
f 239//318 242//318 238//318
f 238//319 242//319 237//319
f 240//320 238//320 241//320
f 241//321 238//321 243//321
f 236//322 244//322 243//322
f 243//323 244//323 246//323
f 243//324 246//324 245//324
f 245//325 241//325 243//325
f 246//326 251//326 247//326
f 245//327 246//327 247//327
f 248//328 250//328 246//328
f 249//329 248//329 246//329
f 249//330 246//330 244//330
f 246//331 250//331 253//331
f 246//332 252//332 251//332
f 246//333 253//333 252//333
f 250//334 254//334 253//334
f 253//335 254//335 256//335
f 253//336 255//336 252//336
f 253//337 256//337 255//337
f 255//338 256//338 257//338
f 254//339 257//339 256//339
f 257//340 259//340 258//340
f 257//341 258//341 255//341
f 254//342 260//342 257//342
f 260//343 259//343 257//343
f 262//344 261//344 260//344
f 260//345 261//345 259//345
f 262//346 260//346 254//346
f 261//347 262//347 263//347
f 262//348 265//348 263//348
f 254//349 264//349 262//349
f 264//350 266//350 262//350
f 266//351 265//351 262//351
f 267//352 266//352 264//352
f 267//353 268//353 266//353
f 266//354 268//354 269//354
f 265//355 266//355 269//355
f 268//356 271//356 269//356
f 269//357 272//357 270//357
f 269//358 270//358 265//358
f 271//359 272//359 269//359
f 275//360 273//360 272//360
f 272//361 273//361 274//361
f 272//362 274//362 270//362
f 271//363 275//363 272//363
f 275//364 277//364 276//364
f 275//365 276//365 273//365
f 278//366 277//366 275//366
f 278//367 275//367 271//367
f 278//368 280//368 277//368
f 279//369 278//369 271//369
f 282//370 278//370 279//370
f 283//371 280//371 278//371
f 282//372 281//372 278//372
f 281//373 283//373 278//373
f 285//374 283//374 284//374
f 284//375 283//375 281//375
f 286//376 280//376 283//376
f 283//377 285//377 286//377
f 287//378 286//378 285//378
f 287//379 288//379 286//379
f 286//380 288//380 289//380
f 286//381 289//381 280//381
f 280//382 289//382 290//382
f 289//383 288//383 290//383
f 280//384 290//384 277//384
f 277//385 290//385 291//385
f 290//386 292//386 291//386
f 288//387 292//387 290//387
f 294//388 293//388 292//388
f 292//389 293//389 291//389
f 294//390 292//390 288//390
f 294//391 296//391 293//391
f 288//392 298//392 294//392
f 297//393 295//393 294//393
f 294//394 295//394 296//394
f 298//395 297//395 294//395
f 299//396 298//396 287//396
f 301//397 298//397 299//397
f 300//398 297//398 298//398
f 301//399 300//399 298//399
f 287//400 298//400 288//400
f 303//401 301//401 302//401
f 302//402 301//402 299//402
f 304//403 300//403 301//403
f 303//404 304//404 301//404
f 304//405 305//405 300//405
f 304//406 306//406 305//406
f 303//407 307//407 304//407
f 307//408 306//408 304//408
f 309//409 307//409 303//409
f 307//410 308//410 306//410
f 310//411 308//411 307//411
f 309//412 310//412 307//412
f 312//413 311//413 310//413
f 311//414 308//414 310//414
f 312//415 310//415 313//415
f 313//416 310//416 309//416
f 314//417 313//417 309//417
f 314//418 312//418 313//418
f 315//419 314//419 317//419
f 315//420 316//420 314//420
f 316//421 312//421 314//421
f 314//422 309//422 317//422
f 318//423 315//423 317//423
f 318//424 317//424 319//424
f 317//425 303//425 319//425
f 317//426 309//426 303//426
f 320//427 318//427 319//427
f 319//428 303//428 321//428
f 322//429 320//429 319//429
f 322//430 319//430 321//430
f 324//431 322//431 323//431
f 322//432 321//432 323//432
f 324//433 325//433 322//433
f 325//434 320//434 322//434
f 325//435 326//435 318//435
f 327//436 326//436 325//436
f 325//437 318//437 320//437
f 325//438 202//438 327//438
f 202//439 325//439 324//439
f 196//440 328//440 327//440
f 200//441 196//441 327//441
f 202//442 200//442 327//442
f 327//443 328//443 329//443
f 327//444 329//444 326//444
f 326//445 329//445 315//445
f 328//446 330//446 329//446
f 329//447 330//447 316//447
f 329//448 316//448 315//448
f 196//449 330//449 328//449
f 193//450 331//450 330//450
f 196//451 193//451 330//451
f 330//452 331//452 316//452
f 331//453 332//453 333//453
f 331//454 334//454 332//454
f 193//455 191//455 331//455
f 191//456 190//456 331//456
f 331//457 311//457 312//457
f 331//458 333//458 311//458
f 316//459 331//459 312//459
f 190//460 334//460 331//460
f 335//461 337//461 334//461
f 335//462 334//462 190//462
f 334//463 336//463 332//463
f 337//464 336//464 334//464
f 338//465 336//465 337//465
f 335//466 338//466 337//466
f 341//467 339//467 338//467
f 338//468 339//468 336//468
f 340//469 338//469 335//469
f 340//470 341//470 338//470
f 342//471 343//471 341//471
f 345//472 342//472 341//472
f 346//473 341//473 340//473
f 341//474 344//474 339//474
f 341//475 343//475 344//475
f 345//476 341//476 346//476
f 347//477 346//477 340//477
f 348//478 346//478 347//478
f 349//479 346//479 348//479
f 345//480 346//480 349//480
f 350//481 349//481 348//481
f 352//482 349//482 350//482
f 349//483 351//483 345//483
f 352//484 351//484 349//484
f 6//485 352//485 350//485
f 353//486 351//486 352//486
f 5//487 353//487 352//487
f 5//488 352//488 6//488
f 354//489 353//489 5//489
f 355//490 353//490 354//490
f 356//491 351//491 353//491
f 355//492 356//492 353//492
f 358//493 357//493 356//493
f 356//494 357//494 351//494
f 358//495 356//495 355//495
f 355//496 362//496 358//496
f 358//497 362//497 359//497
f 359//497 361//497 358//497
f 358//498 360//498 363//498
f 360//499 358//499 361//499
f 358//500 363//500 357//500
f 363//501 360//501 364//501
f 363//502 364//502 357//502
f 360//503 365//503 364//503
f 365//504 366//504 364//504
f 367//505 364//505 366//505
f 357//506 364//506 367//506
f 351//507 367//507 368//507
f 357//508 367//508 351//508
f 368//509 367//509 369//509
f 366//510 369//510 367//510
f 369//511 370//511 372//511
f 371//512 370//512 369//512
f 369//513 366//513 371//513
f 368//514 369//514 372//514
f 372//515 370//515 342//515
f 372//516 342//516 368//516
f 370//517 371//517 373//517
f 366//518 373//518 371//518
f 343//519 370//519 373//519
f 366//520 376//520 373//520
f 343//521 373//521 375//521
f 373//522 374//522 375//522
f 376//523 374//523 373//523
f 378//524 376//524 366//524
f 379//525 376//525 377//525
f 378//526 377//526 376//526
f 376//527 379//527 374//527
f 377//528 380//528 379//528
f 380//529 384//529 379//529
f 379//530 383//530 381//530
f 379//531 381//531 374//531
f 384//532 382//532 379//532
f 379//533 382//533 383//533
f 385//534 384//534 380//534
f 385//535 386//535 384//535
f 386//536 387//536 384//536
f 384//537 387//537 382//537
f 388//131 387//131 386//131
f 387//538 388//538 382//538
f 389//131 388//131 385//131
f 388//539 389//539 390//539
f 388//540 390//540 391//540
f 388//131 386//131 385//131
f 382//541 388//541 391//541
f 383//542 391//542 392//542
f 391//543 393//543 392//543
f 391//544 390//544 393//544
f 382//545 391//545 383//545
f 392//546 393//546 394//546
f 394//547 393//547 395//547
f 393//548 396//548 395//548
f 390//549 396//549 393//549
f 390//550 397//550 396//550
f 397//551 401//551 396//551
f 395//552 396//552 398//552
f 396//553 399//553 398//553
f 396//554 400//554 399//554
f 396//555 401//555 400//555
f 401//556 402//556 400//556
f 401//557 404//557 402//557
f 397//558 403//558 401//558
f 403//559 404//559 401//559
f 404//560 405//560 402//560
f 404//561 408//561 405//561
f 404//562 406//562 408//562
f 407//563 406//563 404//563
f 409//564 407//564 404//564
f 409//565 404//565 403//565
f 409//131 105//131 410//131
f 409//131 410//131 414//131
f 409//131 413//131 411//131
f 409//131 411//131 105//131
f 409//131 412//131 413//131
f 412//566 409//566 403//566
f 407//131 409//131 414//131
f 407//131 414//131 415//131
f 414//567 416//567 415//567
f 414//568 417//568 416//568
f 410//569 417//569 414//569
f 417//570 418//570 416//570
f 410//571 418//571 417//571
f 418//572 421//572 419//572
f 418//573 419//573 416//573
f 410//574 420//574 418//574
f 420//575 421//575 418//575
f 421//576 422//576 419//576
f 421//577 424//577 422//577
f 425//578 423//578 421//578
f 423//579 426//579 421//579
f 421//580 426//580 424//580
f 420//581 425//581 421//581
f 423//582 427//582 426//582
f 427//583 429//583 426//583
f 426//584 428//584 424//584
f 426//585 429//585 428//585
f 429//586 430//586 428//586
f 427//587 430//587 429//587
f 430//588 431//588 428//588
f 430//589 433//589 431//589
f 432//590 433//590 430//590
f 427//591 432//591 430//591
f 432//592 434//592 433//592
f 434//593 436//593 433//593
f 433//594 435//594 431//594
f 433//595 438//595 435//595
f 436//596 437//596 433//596
f 433//597 437//597 438//597
f 435//598 438//598 440//598
f 437//599 439//599 438//599
f 438//600 439//600 441//600
f 438//601 441//601 440//601
f 443//602 442//602 441//602
f 441//603 442//603 444//603
f 439//604 443//604 441//604
f 441//605 444//605 445//605
f 440//606 441//606 445//606
f 440//607 445//607 447//607
f 445//608 444//608 446//608
f 445//609 446//609 448//609
f 447//610 445//610 448//610
f 450//611 448//611 449//611
f 449//13 448//13 453//13
f 450//612 451//612 448//612
f 451//613 447//613 448//613
f 448//13 446//13 1816//13 452//13
f 448//13 452//13 453//13
f 453//152 454//152 457//152
f 455//614 454//614 453//614
f 453//614 452//614 455//614
f 453//13 456//13 449//13
f 457//152 456//152 453//152
f 457//145 454//145 458//145
f 458//145 459//145 457//145
f 449//131 456//131 457//131
f 457//131 459//131 449//131
f 459//615 461//615 460//615
f 464//131 459//131 460//131
f 459//616 465//616 461//616
f 462//131 463//131 459//131
f 464//131 462//131 459//131
f 459//131 463//131 449//131
f 459//617 458//617 466//617
f 459//618 466//618 465//618
f 458//619 467//619 466//619
f 466//620 467//620 468//620
f 466//621 468//621 469//621
f 466//622 469//622 470//622
f 465//623 466//623 470//623
f 471//624 470//624 469//624
f 472//625 470//625 471//625
f 465//626 470//626 472//626
f 460//627 472//627 473//627
f 473//628 472//628 471//628
f 461//629 465//629 472//629
f 460//630 461//630 472//630
f 473//631 471//631 474//631
f 475//632 473//632 474//632
f 460//633 473//633 475//633
f 476//131 477//131 475//131
f 479//131 476//131 475//131
f 477//131 460//131 475//131
f 479//131 475//131 478//131
f 475//634 474//634 478//634
f 480//131 479//131 478//131
f 482//635 479//635 480//635
f 481//636 476//636 479//636
f 479//637 482//637 481//637
f 483//638 482//638 480//638
f 482//639 483//639 484//639
f 484//640 481//640 482//640
f 484//641 485//641 481//641
f 484//642 486//642 485//642
f 489//643 486//643 484//643
f 488//644 484//644 487//644
f 483//640 487//640 484//640
f 484//643 488//643 489//643
f 490//645 489//645 488//645
f 489//646 490//646 491//646
f 491//646 492//646 489//646
f 486//647 489//647 492//647
f 494//648 492//648 491//648
f 493//649 492//649 494//649
f 492//647 493//647 486//647
f 494//650 495//650 493//650
f 497//651 495//651 494//651
f 494//652 496//652 497//652
f 494//653 491//653 496//653
f 497//654 498//654 495//654
f 498//655 497//655 499//655
f 501//656 499//656 497//656
f 500//657 501//657 497//657
f 497//657 496//657 500//657
f 502//658 501//658 503//658
f 499//659 501//659 502//659
f 503//660 501//660 500//660
f 502//661 503//661 504//661
f 504//662 503//662 505//662
f 506//663 505//663 503//663
f 503//664 507//664 506//664
f 500//665 507//665 503//665
f 508//666 506//666 507//666
f 490//667 508//667 507//667
f 507//668 491//668 490//668
f 491//669 507//669 500//669
f 509//670 510//670 508//670
f 508//671 490//671 509//671
f 506//672 508//672 510//672
f 510//673 509//673 512//673
f 513//674 510//674 511//674
f 512//673 511//673 510//673
f 510//672 513//672 506//672
f 511//674 517//674 513//674
f 514//675 513//675 515//675
f 514//676 505//676 513//676
f 505//677 506//677 513//677
f 517//674 516//674 515//674 513//674
f 518//678 516//678 517//678
f 517//678 519//678 518//678
f 519//678 517//678 511//678
f 519//679 521//679 520//679
f 520//680 518//680 519//680
f 512//681 521//681 519//681
f 519//681 511//681 512//681
f 521//682 522//682 520//682
f 522//683 521//683 523//683
f 524//684 523//684 521//684
f 521//685 512//685 524//685
f 524//686 525//686 523//686
f 524//687 487//687 525//687
f 524//688 526//688 487//688
f 509//689 526//689 524//689
f 524//690 512//690 509//690
f 526//691 488//691 487//691
f 509//692 488//692 526//692
f 525//693 483//693 528//693
f 525//694 487//694 483//694
f 525//695 528//695 527//695
f 523//696 525//696 527//696
f 483//697 529//697 528//697
f 531//698 528//698 529//698
f 530//699 527//699 528//699
f 528//699 531//699 530//699
f 532//700 531//700 529//700
f 533//701 531//701 532//701
f 533//702 530//702 531//702
f 533//703 535//703 534//703
f 536//704 533//704 534//704
f 532//705 535//705 533//705
f 537//706 533//706 536//706
f 533//707 537//707 530//707
f 536//708 522//708 537//708
f 523//683 537//683 522//683
f 537//709 523//709 527//709
f 527//710 530//710 537//710
f 534//711 538//711 536//711
f 536//712 538//712 522//712
f 522//713 538//713 539//713
f 538//714 534//714 540//714
f 540//715 539//715 538//715
f 534//716 543//716 540//716
f 542//717 541//717 540//717
f 539//718 540//718 541//718
f 540//719 543//719 542//719
f 534//720 544//720 543//720
f 543//721 544//721 545//721
f 545//721 542//721 543//721
f 545//722 546//722 549//722
f 546//723 545//723 544//723
f 545//724 547//724 542//724
f 545//725 548//725 547//725
f 549//722 548//722 545//722
f 549//726 550//726 548//726
f 552//727 550//727 549//727
f 546//728 551//728 549//728
f 552//729 549//729 551//729
f 552//730 553//730 550//730
f 553//731 552//731 557//731 556//731
f 552//732 555//732 554//732
f 554//732 557//732 552//732
f 551//733 555//733 552//733
f 554//734 558//734 557//734
f 558//735 556//735 557//735
f 556//736 558//736 559//736
f 562//737 558//737 554//737
f 561//738 559//738 558//738
f 562//739 560//739 558//739
f 558//740 560//740 561//740
f 563//741 562//741 555//741
f 564//742 562//742 563//742
f 562//743 564//743 565//743
f 562//744 554//744 555//744
f 565//743 560//743 562//743
f 566//745 567//745 565//745
f 564//743 566//743 565//743
f 567//746 568//746 565//746
f 565//747 568//747 561//747
f 565//748 561//748 560//748
f 568//749 567//749 569//749
f 561//750 568//750 569//750
f 569//751 571//751 561//751
f 572//749 569//749 567//749
f 569//752 572//752 570//752
f 570//753 571//753 569//753
f 567//754 573//754 572//754
f 570//755 572//755 573//755
f 575//756 574//756 573//756
f 576//757 573//757 574//757
f 573//758 576//758 570//758
f 567//759 575//759 573//759
f 576//760 577//760 578//760
f 574//761 577//761 576//761
f 570//762 576//762 579//762
f 576//763 578//763 579//763
f 581//764 580//764 579//764
f 585//765 579//765 580//765
f 584//766 570//766 579//766
f 579//764 582//764 581//764
f 579//767 583//767 582//767
f 583//768 579//768 578//768
f 579//769 585//769 584//769
f 580//770 587//770 585//770
f 586//771 585//771 587//771
f 585//772 586//772 588//772
f 588//773 584//773 585//773
f 584//774 588//774 571//774
f 589//775 559//775 588//775
f 571//776 588//776 559//776
f 588//777 586//777 589//777
f 589//778 590//778 591//778
f 590//779 589//779 586//779
f 591//780 556//780 589//780
f 559//781 589//781 556//781
f 556//782 591//782 553//782
f 553//783 591//783 592//783
f 592//784 591//784 590//784
f 514//785 592//785 595//785
f 592//786 514//786 593//786
f 593//787 594//787 592//787
f 590//784 595//784 592//784
f 553//788 592//788 594//788
f 595//785 505//785 514//785
f 505//662 595//662 504//662
f 595//789 590//789 596//789
f 596//789 504//789 595//789
f 586//779 596//779 590//779
f 596//790 587//790 597//790
f 597//790 504//790 596//790
f 587//791 596//791 586//791
f 504//661 597//661 502//661
f 502//792 597//792 499//792
f 499//793 597//793 587//793
f 599//794 598//794 594//794
f 553//795 594//795 598//795
f 594//796 593//796 599//796
f 516//797 599//797 593//797
f 599//798 600//798 547//798
f 600//799 599//799 516//799
f 547//798 598//798 599//798
f 542//800 547//800 600//800
f 542//801 600//801 541//801
f 600//802 518//802 520//802
f 516//799 518//799 600//799
f 520//802 541//802 600//802
f 550//803 598//803 547//803
f 550//804 553//804 598//804
f 593//805 514//805 515//805
f 593//806 515//806 516//806
f 587//807 580//807 499//807
f 571//808 570//808 584//808
f 601//809 582//809 583//809
f 604//810 601//810 583//810
f 605//811 602//811 583//811
f 603//812 583//812 602//812
f 583//813 603//813 604//813
f 583//814 578//814 605//814
f 577//815 606//815 605//815
f 577//816 605//816 578//816
f 606//817 607//817 605//817
f 608//818 605//818 607//818
f 608//819 602//819 605//819
f 610//820 608//820 607//820
f 609//821 602//821 608//821
f 611//822 609//822 608//822
f 611//823 608//823 610//823
f 613//824 611//824 612//824
f 615//825 612//825 611//825
f 613//826 614//826 611//826
f 611//827 610//827 615//827
f 614//828 609//828 611//828
f 616//829 612//829 615//829
f 617//830 616//830 615//830
f 617//831 615//831 619//831
f 615//832 610//832 618//832
f 619//833 615//833 618//833
f 619//834 618//834 620//834
f 621//835 619//835 620//835
f 617//836 619//836 621//836
f 624//837 621//837 622//837
f 622//838 621//838 623//838
f 621//839 620//839 623//839
f 624//840 617//840 621//840
f 627//841 624//841 622//841
f 625//842 617//842 624//842
f 626//843 625//843 624//843
f 626//844 624//844 627//844
f 628//845 629//845 627//845
f 627//846 622//846 628//846
f 626//847 627//847 629//847
f 629//848 628//848 630//848
f 630//849 631//849 629//849
f 632//850 626//850 629//850
f 632//851 629//851 631//851
f 633//852 632//852 634//852
f 633//853 635//853 632//853
f 631//854 634//854 632//854
f 635//855 626//855 632//855
f 635//856 625//856 626//856
f 638//857 636//857 635//857
f 636//858 637//858 635//858
f 635//859 637//859 625//859
f 639//860 635//860 633//860
f 639//861 638//861 635//861
f 641//862 640//862 639//862
f 640//863 638//863 639//863
f 642//864 639//864 633//864
f 641//865 639//865 642//865
f 642//866 643//866 645//866
f 642//867 633//867 643//867
f 641//868 642//868 644//868
f 644//869 642//869 645//869
f 644//870 645//870 647//870
f 645//871 643//871 634//871
f 645//872 634//872 646//872
f 647//873 645//873 646//873
f 647//874 648//874 652//874
f 647//875 646//875 648//875
f 650//876 647//876 649//876
f 647//877 652//877 649//877
f 651//878 647//878 650//878
f 651//879 644//879 647//879
f 653//880 652//880 648//880
f 652//881 653//881 655//881
f 652//882 654//882 656//882
f 652//883 655//883 654//883
f 656//884 649//884 652//884
f 658//885 656//885 657//885
f 656//886 654//886 657//886
f 649//887 656//887 658//887
f 658//888 657//888 661//888
f 658//889 659//889 649//889
f 659//890 658//890 660//890
f 660//891 658//891 662//891
f 662//892 658//892 661//892
f 664//893 660//893 662//893
f 665//894 662//894 663//894
f 662//895 661//895 663//895
f 664//896 662//896 665//896
f 666//897 664//897 665//897
f 666//898 665//898 667//898
f 665//899 663//899 668//899
f 667//900 665//900 668//900
f 668//901 663//901 661//901
f 668//902 661//902 670//902
f 667//903 668//903 669//903
f 669//904 668//904 670//904
f 670//905 672//905 671//905
f 669//906 670//906 671//906
f 672//907 670//907 657//907
f 670//908 661//908 657//908
f 672//909 675//909 673//909
f 674//910 672//910 673//910
f 657//911 675//911 672//911
f 671//912 672//912 674//912
f 675//913 676//913 677//913
f 675//914 678//914 676//914
f 677//915 673//915 675//915
f 657//916 678//916 675//916
f 654//917 679//917 678//917
f 657//918 654//918 678//918
f 678//919 679//919 680//919
f 678//920 680//920 676//920
f 676//921 680//921 681//921
f 680//922 679//922 681//922
f 679//923 682//923 681//923
f 681//924 682//924 684//924
f 676//925 681//925 683//925
f 683//926 681//926 684//926
f 682//927 687//927 684//927
f 683//928 684//928 685//928
f 685//929 684//929 689//929
f 684//930 686//930 688//930
f 684//931 687//931 686//931
f 684//932 688//932 689//932
f 692//933 689//933 690//933
f 689//934 691//934 690//934
f 691//935 689//935 688//935
f 685//936 689//936 692//936
f 692//937 690//937 693//937
f 692//938 693//938 694//938
f 694//939 695//939 692//939
f 695//940 685//940 692//940
f 696//941 685//941 695//941
f 696//942 695//942 694//942
f 696//943 683//943 685//943
f 696//944 677//944 676//944
f 676//945 683//945 696//945
f 696//946 694//946 698//946
f 697//947 677//947 696//947
f 696//948 698//948 697//948
f 698//949 699//949 701//949
f 698//950 700//950 699//950
f 701//951 697//951 698//951
f 698//952 694//952 700//952
f 702//953 697//953 701//953
f 702//954 701//954 703//954
f 701//955 699//955 703//955
f 702//956 703//956 704//956
f 705//957 703//957 699//957
f 704//958 703//958 705//958
f 704//959 705//959 710//959
f 710//960 705//960 706//960
f 706//961 705//961 707//961
f 705//962 708//962 707//962
f 705//963 711//963 708//963
f 699//964 709//964 705//964
f 705//965 709//965 711//965
f 711//966 713//966 712//966
f 711//967 712//967 708//967
f 709//968 713//968 711//968
f 700//969 714//969 713//969
f 713//970 714//970 715//970
f 713//971 715//971 712//971
f 709//972 700//972 713//972
f 716//973 715//973 714//973
f 712//974 715//974 716//974
f 712//975 716//975 717//975
f 717//976 716//976 718//976
f 718//152 716//152 714//152
f 717//977 718//977 720//977
f 719//978 718//978 714//978
f 720//979 718//979 719//979
f 720//980 719//980 721//980
f 723//981 720//981 721//981
f 722//982 717//982 720//982
f 722//983 720//983 723//983
f 723//984 721//984 724//984
f 725//985 723//985 724//985
f 725//986 722//986 723//986
f 726//987 722//987 725//987
f 730//988 726//988 725//988
f 727//989 725//989 728//989
f 730//990 725//990 727//990
f 725//991 724//991 729//991
f 728//992 725//992 729//992
f 731//993 726//993 730//993
f 733//994 731//994 730//994
f 732//995 730//995 727//995
f 733//996 730//996 732//996
f 733//997 706//997 731//997
f 734//998 706//998 733//998
f 735//999 734//999 733//999
f 735//1000 733//1000 732//1000
f 735//1001 737//1001 734//1001
f 736//145 741//145 735//145
f 735//145 740//145 736//145
f 735//1002 732//1002 739//1002
f 735//1003 738//1003 737//1003
f 741//145 738//145 735//145
f 740//1004 735//1004 739//1004
f 741//145 671//145 738//145
f 742//152 741//152 736//152
f 671//153 741//153 742//153
f 736//152 1816//152 742//152
f 742//153 743//153 671//153
f 446//13 742//13 1816//13
f 744//13 743//13 742//13
f 446//13 744//13 742//13
f 744//1005 745//1005 747//1005
f 746//1006 745//1006 744//1006
f 746//1007 744//1007 446//1007
f 747//1008 750//1008 744//1008
f 748//1009 743//1009 744//1009
f 748//1010 744//1010 751//1010
f 751//1011 744//1011 749//1011
f 750//1012 749//1012 744//1012
f 752//1013 751//1013 749//1013
f 752//1014 753//1014 751//1014
f 753//1015 748//1015 751//1015
f 753//1016 754//1016 748//1016
f 756//1017 754//1017 753//1017
f 755//1018 753//1018 752//1018
f 755//1019 756//1019 753//1019
f 759//1020 757//1020 756//1020
f 756//1021 757//1021 758//1021
f 756//1022 758//1022 754//1022
f 759//1023 756//1023 755//1023
f 759//1024 760//1024 757//1024
f 761//1025 760//1025 759//1025
f 762//1026 761//1026 759//1026
f 762//1027 759//1027 763//1027
f 763//1028 759//1028 755//1028
f 763//1029 764//1029 762//1029
f 764//1030 763//1030 766//1030
f 763//1031 755//1031 765//1031
f 766//1032 763//1032 765//1032
f 766//1033 767//1033 764//1033
f 767//1034 766//1034 768//1034
f 768//1035 766//1035 765//1035
f 769//1036 767//1036 768//1036
f 769//1037 768//1037 770//1037
f 768//1038 765//1038 771//1038
f 770//1039 768//1039 771//1039
f 771//1040 765//1040 752//1040
f 771//1041 752//1041 772//1041
f 773//1042 771//1042 772//1042
f 770//1043 771//1043 773//1043
f 773//1044 775//1044 774//1044
f 776//1045 773//1045 774//1045
f 773//1046 772//1046 775//1046
f 770//1047 773//1047 776//1047
f 776//1048 774//1048 777//1048
f 778//1049 776//1049 777//1049
f 779//1050 776//1050 778//1050
f 779//1051 770//1051 776//1051
f 781//1052 770//1052 779//1052
f 780//1053 779//1053 778//1053
f 782//1054 779//1054 780//1054
f 782//1055 781//1055 779//1055
f 783//1056 782//1056 785//1056
f 784//1057 782//1057 783//1057
f 782//1058 784//1058 786//1058
f 782//1059 780//1059 785//1059
f 786//1060 781//1060 782//1060
f 786//1061 787//1061 790//1061
f 788//1062 787//1062 786//1062
f 789//1063 788//1063 786//1063
f 789//1064 786//1064 784//1064
f 786//1065 790//1065 781//1065
f 787//1066 791//1066 790//1066
f 791//1067 769//1067 790//1067
f 781//1068 790//1068 770//1068
f 790//1069 769//1069 770//1069
f 791//1070 793//1070 769//1070
f 791//1071 788//1071 792//1071
f 792//1072 793//1072 791//1072
f 788//1073 791//1073 787//1073
f 796//1074 794//1074 793//1074
f 794//1075 795//1075 793//1075
f 793//1076 795//1076 764//1076
f 793//1077 764//1077 767//1077
f 792//1078 796//1078 793//1078
f 793//1079 767//1079 769//1079
f 798//1080 797//1080 796//1080
f 797//1081 794//1081 796//1081
f 799//1082 798//1082 796//1082
f 799//1083 796//1083 792//1083
f 802//1084 798//1084 799//1084
f 800//1085 799//1085 792//1085
f 801//1086 799//1086 800//1086
f 801//1087 802//1087 799//1087
f 802//1088 804//1088 797//1088
f 802//1089 797//1089 798//1089
f 802//1090 801//1090 803//1090
f 803//1091 804//1091 802//1091
f 804//1092 807//1092 797//1092
f 805//1093 806//1093 804//1093
f 803//1094 805//1094 804//1094
f 804//1095 806//1095 807//1095
f 807//1096 808//1096 794//1096
f 808//1097 807//1097 809//1097
f 797//1098 807//1098 794//1098
f 806//1099 810//1099 807//1099
f 810//1100 809//1100 807//1100
f 811//1101 812//1101 810//1101
f 811//1102 810//1102 806//1102
f 812//1103 813//1103 810//1103
f 810//1104 813//1104 809//1104
f 812//1105 816//1105 813//1105
f 816//1106 814//1106 813//1106
f 813//1107 814//1107 815//1107
f 815//1108 809//1108 813//1108
f 817//1109 819//1109 816//1109
f 812//1110 817//1110 816//1110
f 816//1111 818//1111 814//1111
f 819//1112 818//1112 816//1112
f 817//1113 822//1113 819//1113
f 821//1114 820//1114 819//1114
f 820//1115 818//1115 819//1115
f 821//1116 819//1116 822//1116
f 823//1117 822//1117 817//1117
f 823//1118 821//1118 822//1118
f 824//1119 821//1119 823//1119
f 825//1120 824//1120 823//1120
f 825//1121 823//1121 826//1121
f 826//1122 823//1122 817//1122
f 826//1123 817//1123 812//1123
f 826//1124 827//1124 825//1124
f 827//1125 826//1125 828//1125
f 828//1126 826//1126 812//1126
f 829//1127 827//1127 828//1127
f 830//1128 829//1128 828//1128
f 830//1129 828//1129 831//1129
f 811//1130 831//1130 828//1130
f 828//1131 812//1131 811//1131
f 833//1132 831//1132 832//1132
f 832//1133 831//1133 811//1133
f 833//1134 830//1134 831//1134
f 834//1135 833//1135 837//1135
f 835//1136 833//1136 834//1136
f 833//1137 832//1137 837//1137
f 836//1138 833//1138 835//1138
f 836//1139 838//1139 833//1139
f 838//1140 830//1140 833//1140
f 841//1141 830//1141 838//1141
f 839//1142 840//1142 838//1142
f 839//1143 838//1143 836//1143
f 838//1144 840//1144 841//1144
f 841//1145 829//1145 830//1145
f 840//1146 842//1146 841//1146
f 841//1147 842//1147 827//1147
f 841//1148 827//1148 829//1148
f 842//1149 825//1149 827//1149
f 842//1150 843//1150 825//1150
f 844//1151 843//1151 842//1151
f 840//1152 844//1152 842//1152
f 845//1153 846//1153 844//1153
f 840//1154 845//1154 844//1154
f 844//1155 846//1155 847//1155
f 844//1156 847//1156 843//1156
f 846//1157 848//1157 847//1157
f 847//1158 848//1158 843//1158
f 846//1159 850//1159 848//1159
f 848//1160 849//1160 824//1160
f 843//1161 848//1161 824//1161
f 850//1162 849//1162 848//1162
f 850//1163 851//1163 849//1163
f 850//1164 853//1164 851//1164
f 852//1165 850//1165 846//1165
f 852//1166 853//1166 850//1166
f 852//1167 856//1167 853//1167
f 853//1168 854//1168 851//1168
f 853//1169 855//1169 854//1169
f 853//1170 856//1170 855//1170
f 859//1171 856//1171 852//1171
f 856//1172 858//1172 857//1172
f 856//1173 857//1173 855//1173
f 859//1174 858//1174 856//1174
f 861//1175 860//1175 859//1175
f 859//1176 860//1176 858//1176
f 861//1177 859//1177 862//1177
f 862//1178 859//1178 852//1178
f 865//1179 862//1179 863//1179
f 862//1180 852//1180 863//1180
f 864//1181 861//1181 862//1181
f 864//1182 862//1182 865//1182
f 868//1183 864//1183 865//1183
f 868//1184 865//1184 866//1184
f 866//1185 865//1185 867//1185
f 865//1186 863//1186 867//1186
f 868//1187 866//1187 152//1187
f 869//1188 868//1188 152//1188
f 869//1189 870//1189 868//1189
f 870//1190 864//1190 868//1190
f 864//1191 870//1191 873//1191
f 871//1192 870//1192 869//1192
f 872//1193 870//1193 871//1193
f 873//1194 870//1194 872//1194
f 874//1195 873//1195 876//1195
f 875//1196 873//1196 874//1196
f 875//1197 864//1197 873//1197
f 873//1198 872//1198 876//1198
f 880//1199 876//1199 877//1199
f 876//1200 879//1200 877//1200
f 878//1201 874//1201 876//1201
f 876//1202 872//1202 155//1202
f 876//1203 155//1203 879//1203
f 878//1204 876//1204 880//1204
f 880//1205 877//1205 881//1205
f 882//1206 880//1206 881//1206
f 883//1207 880//1207 882//1207
f 883//1208 878//1208 880//1208
f 885//1209 883//1209 882//1209
f 884//1210 878//1210 883//1210
f 884//1211 883//1211 885//1211
f 886//1212 885//1212 228//1212
f 885//1213 223//1213 228//1213
f 886//1214 884//1214 885//1214
f 885//1215 882//1215 223//1215
f 242//1216 886//1216 237//1216
f 237//1217 886//1217 887//1217
f 886//1218 228//1218 887//1218
f 242//1219 884//1219 886//1219
f 237//1220 887//1220 229//1220
f 887//1221 228//1221 229//1221
f 888//1222 889//1222 884//1222
f 890//1223 888//1223 884//1223
f 242//1224 890//1224 884//1224
f 884//1225 889//1225 878//1225
f 239//1226 890//1226 242//1226
f 239//1227 891//1227 890//1227
f 891//1228 888//1228 890//1228
f 893//1229 892//1229 891//1229
f 891//1230 892//1230 888//1230
f 894//1231 891//1231 239//1231
f 894//1232 893//1232 891//1232
f 240//1233 894//1233 239//1233
f 895//1234 894//1234 240//1234
f 895//1235 893//1235 894//1235
f 896//1236 895//1236 240//1236
f 899//1237 895//1237 896//1237
f 898//1238 897//1238 895//1238
f 897//1239 900//1239 895//1239
f 899//1240 898//1240 895//1240
f 895//1241 900//1241 893//1241
f 897//1242 901//1242 900//1242
f 901//1243 902//1243 900//1243
f 900//1244 902//1244 903//1244
f 900//1245 903//1245 893//1245
f 904//1246 905//1246 903//1246
f 902//1247 904//1247 903//1247
f 903//1248 905//1248 892//1248
f 893//1249 903//1249 892//1249
f 905//1250 904//1250 857//1250
f 905//1251 906//1251 892//1251
f 906//1252 905//1252 858//1252
f 858//1253 905//1253 857//1253
f 906//1254 861//1254 907//1254
f 892//1255 906//1255 907//1255
f 906//1256 860//1256 861//1256
f 860//1257 906//1257 858//1257
f 907//1258 861//1258 864//1258
f 892//1259 907//1259 908//1259
f 907//1260 864//1260 875//1260
f 908//1261 907//1261 875//1261
f 908//1262 875//1262 909//1262
f 892//1263 908//1263 888//1263
f 908//1264 909//1264 889//1264
f 888//1265 908//1265 889//1265
f 889//1266 909//1266 874//1266
f 909//1267 875//1267 874//1267
f 901//1268 910//1268 904//1268
f 904//1269 910//1269 857//1269
f 901//1270 904//1270 902//1270
f 911//1271 857//1271 910//1271
f 912//1272 911//1272 910//1272
f 913//1273 910//1273 901//1273
f 913//1274 912//1274 910//1274
f 914//1275 913//1275 916//1275
f 914//1276 917//1276 913//1276
f 913//1277 901//1277 897//1277
f 917//1278 915//1278 913//1278
f 915//1279 912//1279 913//1279
f 916//1280 913//1280 897//1280
f 920//1281 918//1281 917//1281
f 917//1282 918//1282 919//1282
f 919//1283 915//1283 917//1283
f 920//1284 917//1284 914//1284
f 921//1285 918//1285 920//1285
f 922//1286 921//1286 920//1286
f 922//1287 920//1287 923//1287
f 923//1288 920//1288 914//1288
f 926//1289 922//1289 923//1289
f 924//1290 923//1290 925//1290
f 924//1291 926//1291 923//1291
f 925//1292 923//1292 927//1292
f 923//1293 928//1293 927//1293
f 923//1294 914//1294 928//1294
f 928//1295 914//1295 916//1295
f 928//1296 916//1296 930//1296
f 927//1297 928//1297 929//1297
f 928//1298 930//1298 929//1298
f 929//1299 930//1299 898//1299
f 930//1300 916//1300 898//1300
f 929//1301 898//1301 899//1301
f 929//1302 899//1302 931//1302
f 927//1303 929//1303 931//1303
f 931//1304 932//1304 247//1304
f 931//1305 899//1305 932//1305
f 931//1306 247//1306 935//1306
f 927//1307 931//1307 933//1307
f 933//1308 931//1308 934//1308
f 934//1309 931//1309 935//1309
f 935//1310 936//1310 934//1310
f 935//1311 937//1311 936//1311
f 251//1312 937//1312 935//1312
f 247//1313 251//1313 935//1313
f 937//1314 938//1314 936//1314
f 251//1315 938//1315 937//1315
f 938//1316 939//1316 936//1316
f 938//1317 940//1317 939//1317
f 252//1318 940//1318 938//1318
f 251//1319 252//1319 938//1319
f 940//1320 941//1320 939//1320
f 255//1321 258//1321 940//1321
f 940//1322 258//1322 941//1322
f 252//1323 255//1323 940//1323
f 941//1324 942//1324 943//1324
f 258//1325 942//1325 941//1325
f 941//1326 943//1326 944//1326
f 941//1327 944//1327 939//1327
f 939//1328 944//1328 945//1328
f 944//1329 946//1329 945//1329
f 944//1330 947//1330 946//1330
f 943//1331 947//1331 944//1331
f 948//1332 949//1332 947//1332
f 942//1333 948//1333 947//1333
f 947//1334 949//1334 946//1334
f 942//1335 947//1335 943//1335
f 948//1336 950//1336 949//1336
f 949//1337 950//1337 951//1337
f 946//1338 949//1338 952//1338
f 949//1339 951//1339 952//1339
f 953//1340 952//1340 955//1340
f 946//1341 952//1341 953//1341
f 952//1342 951//1342 954//1342
f 952//1343 954//1343 955//1343
f 955//1344 954//1344 956//1344
f 953//1345 955//1345 956//1345
f 956//1346 954//1346 959//1346
f 953//1347 956//1347 958//1347
f 959//1348 957//1348 956//1348
f 957//1349 958//1349 956//1349
f 954//1350 960//1350 959//1350
f 959//1351 960//1351 962//1351
f 957//1352 959//1352 961//1352
f 959//1353 962//1353 961//1353
f 960//1354 965//1354 962//1354
f 962//1355 964//1355 963//1355
f 961//1356 962//1356 963//1356
f 962//1357 965//1357 964//1357
f 965//1358 968//1358 966//1358
f 965//1359 966//1359 964//1359
f 967//1360 968//1360 965//1360
f 960//1361 967//1361 965//1361
f 971//1362 969//1362 968//1362
f 968//1363 969//1363 970//1363
f 966//1364 968//1364 970//1364
f 967//1365 971//1365 968//1365
f 972//1366 969//1366 971//1366
f 967//1367 972//1367 971//1367
f 972//1368 975//1368 969//1368
f 973//1369 972//1369 967//1369
f 973//1370 974//1370 972//1370
f 974//1371 975//1371 972//1371
f 975//1372 978//1372 976//1372
f 969//1373 975//1373 976//1373
f 974//1374 977//1374 975//1374
f 975//1375 977//1375 978//1375
f 978//1376 981//1376 979//1376
f 978//1377 979//1377 980//1377
f 976//1378 978//1378 980//1378
f 977//1379 981//1379 978//1379
f 981//1380 982//1380 979//1380
f 977//1381 982//1381 981//1381
f 982//1382 983//1382 979//1382
f 982//1383 985//1383 983//1383
f 977//1384 984//1384 982//1384
f 984//1385 985//1385 982//1385
f 985//1386 992//1386 986//1386
f 983//1387 985//1387 986//1387
f 987//1388 985//1388 990//1388
f 987//1389 988//1389 985//1389
f 988//1390 991//1390 985//1390
f 985//1391 991//1391 989//1391
f 985//1392 989//1392 992//1392
f 984//1393 990//1393 985//1393
f 992//1394 993//1394 995//1394
f 992//1395 994//1395 993//1395
f 989//1396 994//1396 992//1396
f 986//1397 992//1397 995//1397
f 996//1398 995//1398 997//1398
f 996//1399 998//1399 995//1399
f 995//1400 993//1400 997//1400
f 986//1401 995//1401 998//1401
f 999//1402 998//1402 996//1402
f 999//1403 986//1403 998//1403
f 1000//1404 999//1404 996//1404
f 1001//1405 999//1405 1000//1405
f 983//1406 986//1406 999//1406
f 1001//1407 983//1407 999//1407
f 1002//1408 1001//1408 1000//1408
f 1004//1409 1001//1409 1002//1409
f 980//1410 1001//1410 1003//1410
f 1004//1411 1003//1411 1001//1411
f 979//1412 983//1412 1001//1412
f 980//1413 979//1413 1001//1413
f 1005//1414 1004//1414 1002//1414
f 1007//1415 1004//1415 1005//1415
f 1006//1416 1003//1416 1004//1416
f 1007//1417 1006//1417 1004//1417
f 1008//1418 1006//1418 1007//1418
f 1008//1419 1007//1419 1009//1419
f 1009//1420 1007//1420 1010//1420
f 1007//1421 1012//1421 1010//1421
f 1012//1422 1007//1422 1011//1422
f 1007//1423 1005//1423 1011//1423
f 1015//1424 1010//1424 1012//1424
f 1015//1425 1012//1425 1013//1425
f 1013//1426 1012//1426 1014//1426
f 1012//1427 1011//1427 1014//1427
f 1010//1428 1015//1428 1016//1428
f 1016//1429 1015//1429 1017//1429
f 1017//1430 1015//1430 1018//1430
f 1015//1431 1013//1431 1018//1431
f 1020//1432 1018//1432 1019//1432
f 1018//1433 1014//1433 1019//1433
f 1017//1434 1018//1434 1020//1434
f 1018//1435 1013//1435 1014//1435
f 1021//1436 1017//1436 1020//1436
f 1023//1437 1021//1437 1020//1437
f 1020//1438 1019//1438 1022//1438
f 1023//1439 1020//1439 1022//1439
f 1024//1440 1021//1440 1023//1440
f 1025//1441 1024//1441 1023//1441
f 1023//1442 1022//1442 1026//1442
f 1025//1443 1023//1443 1026//1443
f 1026//1444 1028//1444 1027//1444
f 1025//1445 1026//1445 1027//1445
f 1026//1446 1029//1446 1028//1446
f 1026//1447 1022//1447 1029//1447
f 1022//1448 1030//1448 1029//1448
f 1029//1449 1030//1449 1028//1449
f 1028//1450 1030//1450 1031//1450
f 1030//1451 1032//1451 1031//1451
f 1019//1452 1032//1452 1030//1452
f 1022//1453 1019//1453 1030//1453
f 1011//1454 1033//1454 1032//1454
f 1032//1455 1033//1455 1034//1455
f 1032//1456 1034//1456 1035//1456
f 1031//1457 1032//1457 1035//1457
f 1014//1458 1011//1458 1032//1458
f 1019//1459 1014//1459 1032//1459
f 1035//1460 1034//1460 1036//1460
f 1035//1461 1036//1461 1037//1461
f 1035//1462 1037//1462 1038//1462
f 1031//1463 1035//1463 1038//1463
f 1038//1464 1040//1464 1039//1464
f 1041//1465 1038//1465 1039//1465
f 1038//1466 1037//1466 1040//1466
f 1041//1467 1031//1467 1038//1467
f 1046//1468 1041//1468 1042//1468
f 1041//1469 1045//1469 1042//1469
f 1044//1470 1043//1470 1041//1470
f 1027//1471 1041//1471 1043//1471
f 1027//1472 1028//1472 1041//1472
f 1028//1473 1031//1473 1041//1473
f 1044//1474 1041//1474 1046//1474
f 1041//1475 1039//1475 1045//1475
f 1048//1476 1044//1476 1046//1476
f 1049//1477 1046//1477 1047//1477
f 1046//1478 1042//1478 1047//1478
f 1048//1479 1046//1479 1049//1479
f 1049//1480 1047//1480 1050//1480
f 1048//1481 1049//1481 1050//1481
f 1050//1482 1047//1482 1052//1482
f 1051//1483 1050//1483 1053//1483
f 1048//1484 1050//1484 1051//1484
f 1050//1485 1052//1485 1053//1485
f 757//1486 1054//1486 1053//1486
f 757//1487 1053//1487 758//1487
f 1053//1488 1056//1488 758//1488
f 1051//1489 1053//1489 1054//1489
f 1053//1490 1052//1490 1055//1490
f 1053//1491 1055//1491 1056//1491
f 754//1492 758//1492 1056//1492
f 1056//1493 748//1493 754//1493
f 1056//1494 743//1494 748//1494
f 1055//1495 743//1495 1056//1495
f 1052//1496 743//1496 1055//1496
f 1057//1497 1051//1497 1054//1497
f 760//1498 1054//1498 757//1498
f 1058//1499 1057//1499 1054//1499
f 760//1500 1058//1500 1054//1500
f 1059//1501 1058//1501 760//1501
f 1059//1502 1057//1502 1058//1502
f 1060//1503 1061//1503 1059//1503
f 1060//1504 1059//1504 761//1504
f 761//1505 1059//1505 760//1505
f 1059//1506 1061//1506 1057//1506
f 1060//1507 1065//1507 1061//1507
f 1061//1508 1063//1508 1062//1508
f 1061//1509 1062//1509 1057//1509
f 1064//1510 1063//1510 1061//1510
f 1061//1511 1065//1511 1064//1511
f 1066//1512 1067//1512 1065//1512
f 1066//1513 1065//1513 1060//1513
f 1067//1514 1064//1514 1065//1514
f 1069//1515 1067//1515 1066//1515
f 1067//1516 1068//1516 1064//1516
f 1067//1517 1070//1517 1068//1517
f 1069//1518 1070//1518 1067//1518
f 1068//1519 1070//1519 1071//1519
f 1070//1520 1072//1520 1071//1520
f 1073//1521 1072//1521 1070//1521
f 1069//1522 1073//1522 1070//1522
f 1075//1523 1074//1523 1073//1523
f 1073//1524 1074//1524 1072//1524
f 1076//1525 1073//1525 1069//1525
f 1076//1526 1075//1526 1073//1526
f 1076//1527 1069//1527 1077//1527
f 1077//1528 1079//1528 1076//1528
f 1080//1529 1078//1529 1076//1529
f 1078//1530 1075//1530 1076//1530
f 1080//1531 1076//1531 1079//1531
f 1081//1532 1080//1532 1083//1532
f 1081//1533 1082//1533 1080//1533
f 1082//1534 1078//1534 1080//1534
f 1083//1535 1080//1535 1079//1535
f 1081//1536 1083//1536 1084//1536
f 1084//1537 1083//1537 1079//1537
f 1084//1538 1079//1538 1077//1538
f 1085//1539 1084//1539 1077//1539
f 1086//1540 1084//1540 1085//1540
f 1086//1541 1081//1541 1084//1541
f 1087//1542 1086//1542 1088//1542
f 1087//1543 1089//1543 1086//1543
f 1089//1544 1081//1544 1086//1544
f 1086//1545 1085//1545 1088//1545
f 1091//1546 1089//1546 1087//1546
f 1091//1547 1090//1547 1089//1547
f 1090//1548 1092//1548 1089//1548
f 1089//1549 1082//1549 1081//1549
f 1089//1550 1092//1550 1082//1550
f 1090//1551 1093//1551 1092//1551
f 1093//1552 1094//1552 1092//1552
f 1092//1553 1094//1553 1095//1553
f 1092//1554 1095//1554 1082//1554
f 1095//1555 1097//1555 1096//1555
f 1096//1556 1078//1556 1095//1556
f 1094//1557 1097//1557 1095//1557
f 1082//1558 1095//1558 1078//1558
f 1097//1559 1099//1559 1096//1559
f 1093//1560 1098//1560 1097//1560
f 1093//1561 1097//1561 1094//1561
f 1098//1562 1099//1562 1097//1562
f 1099//1563 1100//1563 1096//1563
f 1098//1564 1101//1564 1099//1564
f 1099//1565 1102//1565 1100//1565
f 1101//1566 1102//1566 1099//1566
f 1102//1567 1103//1567 1105//1567
f 1101//1568 1103//1568 1102//1568
f 1100//1569 1102//1569 1104//1569
f 1102//1570 1105//1570 1104//1570
f 1105//1571 1103//1571 915//1571
f 919//1572 1105//1572 915//1572
f 1106//1573 1105//1573 919//1573
f 1106//1574 1107//1574 1105//1574
f 1105//1575 1107//1575 1108//1575
f 1104//1576 1105//1576 1108//1576
f 1109//1577 1108//1577 1111//1577
f 1104//1578 1108//1578 1109//1578
f 1108//1579 1107//1579 1110//1579
f 1108//1580 1110//1580 1111//1580
f 1113//1581 1111//1581 1112//1581
f 1111//1582 1114//1582 1112//1582
f 1113//1583 1109//1583 1111//1583
f 1111//1584 1110//1584 1114//1584
f 1110//1585 1116//1585 1114//1585
f 1114//1586 1115//1586 1117//1586
f 1114//1587 1116//1587 1115//1587
f 1112//1588 1114//1588 1117//1588
f 1118//1589 1117//1589 1120//1589
f 1119//1590 1117//1590 1118//1590
f 1112//1591 1117//1591 1119//1591
f 1117//1592 1115//1592 1120//1592
f 1122//1593 1120//1593 1121//1593
f 1121//1594 1120//1594 1123//1594
f 1118//1595 1120//1595 1122//1595
f 1120//1596 1115//1596 1123//1596
f 1121//1597 1123//1597 1125//1597
f 1123//1598 1126//1598 1124//1598
f 1125//1599 1123//1599 1124//1599
f 1115//1600 1126//1600 1123//1600
f 1124//1601 1126//1601 1025//1601
f 1115//1602 1127//1602 1126//1602
f 1126//1603 1127//1603 1024//1603
f 1126//1604 1024//1604 1025//1604
f 1127//1605 1130//1605 1024//1605
f 1127//1606 1128//1606 1130//1606
f 1127//1607 1129//1607 1128//1607
f 1115//1608 1129//1608 1127//1608
f 1130//1609 1128//1609 1021//1609
f 1024//1610 1130//1610 1021//1610
f 1129//1611 1016//1611 1128//1611
f 1129//1612 1131//1612 1016//1612
f 1132//1613 1131//1613 1129//1613
f 1115//1614 1132//1614 1129//1614
f 1133//1615 1135//1615 1132//1615
f 1133//1616 1132//1616 1134//1616
f 1134//1617 1132//1617 1115//1617
f 1132//1618 1135//1618 1131//1618
f 1136//1619 1135//1619 1133//1619
f 1136//1620 1131//1620 1135//1620
f 1137//1621 1131//1621 1136//1621
f 1139//1622 1137//1622 1136//1622
f 1138//1623 1136//1623 1133//1623
f 1139//1624 1136//1624 1138//1624
f 1140//1625 1137//1625 1139//1625
f 1141//1626 1140//1626 1139//1626
f 1142//1627 1139//1627 1138//1627
f 1141//1628 1139//1628 1143//1628
f 1144//1629 1139//1629 1142//1629
f 1144//1630 1143//1630 1139//1630
f 1145//1631 1144//1631 1142//1631
f 961//1632 1143//1632 1144//1632
f 957//1633 961//1633 1144//1633
f 957//1634 1144//1634 1145//1634
f 1145//1635 924//1635 957//1635
f 924//1636 1145//1636 1146//1636
f 1145//1637 1142//1637 1146//1637
f 1146//1638 926//1638 924//1638
f 1146//1639 1147//1639 926//1639
f 1146//1640 1142//1640 1147//1640
f 1147//1641 922//1641 926//1641
f 1142//1642 1138//1642 1147//1642
f 1147//1643 1138//1643 1148//1643
f 1147//1644 1148//1644 922//1644
f 1138//1645 1133//1645 1148//1645
f 1148//1646 1149//1646 1106//1646
f 1148//1647 1134//1647 1149//1647
f 1148//1648 1106//1648 921//1648
f 1148//1649 1133//1649 1134//1649
f 1148//1650 921//1650 922//1650
f 1149//1651 1134//1651 1116//1651
f 1150//1652 1149//1652 1116//1652
f 1149//1653 1107//1653 1106//1653
f 1149//1654 1150//1654 1107//1654
f 1107//1655 1150//1655 1110//1655
f 1110//1656 1150//1656 1116//1656
f 963//1657 1143//1657 961//1657
f 964//1658 1141//1658 1143//1658
f 964//1659 1143//1659 963//1659
f 966//1660 1141//1660 964//1660
f 966//1661 1151//1661 1141//1661
f 1151//1662 1140//1662 1141//1662
f 966//1663 1008//1663 1151//1663
f 1151//1664 1008//1664 1009//1664
f 1009//1665 1152//1665 1151//1665
f 1151//1666 1152//1666 1140//1666
f 1152//1667 1153//1667 1140//1667
f 1010//1668 1153//1668 1152//1668
f 1152//1669 1009//1669 1010//1669
f 1153//1670 1016//1670 1137//1670
f 1010//1671 1016//1671 1153//1671
f 1140//1672 1153//1672 1137//1672
f 1137//1673 1016//1673 1131//1673
f 1116//1674 1134//1674 1115//1674
f 1128//1675 1016//1675 1017//1675
f 1128//1676 1017//1676 1021//1676
f 1121//1677 1125//1677 1154//1677
f 1154//1678 1125//1678 1124//1678
f 1155//1679 1154//1679 1071//1679
f 1155//1680 1121//1680 1154//1680
f 1071//1681 1154//1681 1156//1681
f 1154//1682 1124//1682 1156//1682
f 1071//1683 1156//1683 1157//1683
f 1157//1684 1156//1684 1158//1684
f 1156//1685 1025//1685 1158//1685
f 1156//1686 1124//1686 1025//1686
f 1158//1687 1027//1687 1043//1687
f 1159//1688 1158//1688 1043//1688
f 1157//1689 1158//1689 1159//1689
f 1158//1690 1025//1690 1027//1690
f 1160//1691 1157//1691 1159//1691
f 1160//1692 1159//1692 1062//1692
f 1159//1693 1043//1693 1044//1693
f 1062//1694 1159//1694 1044//1694
f 1063//1695 1160//1695 1062//1695
f 1071//1696 1157//1696 1160//1696
f 1068//1697 1160//1697 1063//1697
f 1071//1698 1160//1698 1068//1698
f 1072//1699 1155//1699 1071//1699
f 1122//1700 1121//1700 1155//1700
f 1155//1701 1161//1701 1122//1701
f 1161//1702 1155//1702 1072//1702
f 1118//1703 1122//1703 1161//1703
f 1074//1704 1161//1704 1072//1704
f 1161//1705 1162//1705 1118//1705
f 1075//1706 1162//1706 1161//1706
f 1075//1707 1161//1707 1074//1707
f 1078//1708 1163//1708 1162//1708
f 1163//1709 1118//1709 1162//1709
f 1078//1710 1162//1710 1075//1710
f 1078//1711 1113//1711 1163//1711
f 1163//1712 1112//1712 1119//1712
f 1163//1713 1119//1713 1118//1713
f 1113//1714 1112//1714 1163//1714
f 1165//1715 1109//1715 1113//1715
f 1078//1716 1164//1716 1113//1716
f 1113//1717 1164//1717 1165//1717
f 1165//1718 1104//1718 1109//1718
f 1100//1719 1104//1719 1165//1719
f 1100//1720 1165//1720 1164//1720
f 1096//1721 1164//1721 1078//1721
f 1096//1722 1100//1722 1164//1722
f 921//1723 1106//1723 919//1723
f 915//1724 1103//1724 912//1724
f 1103//1725 1166//1725 912//1725
f 1166//1726 1103//1726 1101//1726
f 912//1727 1166//1727 911//1727
f 911//1728 1166//1728 1101//1728
f 911//1729 1101//1729 1098//1729
f 857//1730 1098//1730 1093//1730
f 857//1731 911//1731 1098//1731
f 857//1732 1093//1732 1090//1732
f 854//1733 855//1733 1091//1733
f 855//1734 1090//1734 1091//1734
f 1087//1735 1167//1735 1091//1735
f 851//1736 854//1736 1091//1736
f 851//1737 1091//1737 1167//1737
f 1168//1738 1167//1738 1087//1738
f 849//1739 851//1739 1167//1739
f 849//1740 1167//1740 1168//1740
f 1168//1741 1170//1741 1169//1741
f 1168//1742 1169//1742 820//1742
f 1168//1743 1087//1743 1170//1743
f 849//1744 1168//1744 820//1744
f 1087//1745 1088//1745 1170//1745
f 1170//1746 1088//1746 1169//1746
f 820//1747 1169//1747 818//1747
f 1169//1748 1171//1748 818//1748
f 1169//1749 1088//1749 1171//1749
f 1171//1750 1173//1750 1172//1750
f 818//1751 1171//1751 1172//1751
f 1171//1752 1085//1752 1173//1752
f 1088//1753 1085//1753 1171//1753
f 1172//1754 1173//1754 1174//1754
f 1173//1755 1175//1755 1174//1755
f 1173//1756 1077//1756 1175//1756
f 1085//1757 1077//1757 1173//1757
f 1077//1758 1069//1758 1175//1758
f 1175//1759 1069//1759 1066//1759
f 1175//1760 1066//1760 1174//1760
f 1172//1761 1174//1761 1176//1761
f 1176//1762 1174//1762 1060//1762
f 1174//1763 1066//1763 1060//1763
f 818//1764 1176//1764 814//1764
f 818//1765 1172//1765 1176//1765
f 814//1766 1176//1766 1177//1766
f 1176//1767 1060//1767 1177//1767
f 809//1768 1177//1768 1178//1768
f 1177//1769 1060//1769 1178//1769
f 814//1770 1177//1770 815//1770
f 815//1771 1177//1771 809//1771
f 1178//1772 1060//1772 1179//1772
f 1178//1773 1179//1773 1180//1773
f 1180//1774 808//1774 1178//1774
f 809//1775 1178//1775 808//1775
f 762//1776 1180//1776 1179//1776
f 795//1777 1180//1777 762//1777
f 808//1778 1180//1778 795//1778
f 1179//1779 761//1779 762//1779
f 1060//1780 761//1780 1179//1780
f 855//1781 857//1781 1090//1781
f 1064//1782 1068//1782 1063//1782
f 1062//1783 1044//1783 1048//1783
f 1057//1784 1062//1784 1051//1784
f 1062//1785 1048//1785 1051//1785
f 1047//1786 743//1786 1052//1786
f 1047//1787 1042//1787 743//1787
f 1045//1788 1039//1788 1181//1788
f 1045//1789 1181//1789 1183//1789
f 1042//1790 1045//1790 1182//1790
f 1045//1791 1183//1791 1182//1791
f 1183//1792 1181//1792 1184//1792
f 1182//1793 1183//1793 1184//1793
f 1181//1794 667//1794 1184//1794
f 1182//1795 1184//1795 743//1795
f 743//1796 1184//1796 669//1796
f 1184//1797 667//1797 669//1797
f 1042//1798 1182//1798 743//1798
f 1181//1799 666//1799 667//1799
f 1039//1800 666//1800 1181//1800
f 1040//1801 1186//1801 1185//1801
f 1185//1802 666//1802 1040//1802
f 1037//1803 1036//1803 1040//1803
f 1036//1804 1186//1804 1040//1804
f 1039//1805 1040//1805 666//1805
f 1187//1806 1186//1806 1036//1806
f 1187//1807 1188//1807 1186//1807
f 1188//1808 1185//1808 1186//1808
f 1187//1809 997//1809 1188//1809
f 997//1810 1189//1810 1188//1810
f 1188//1811 1189//1811 1190//1811
f 1188//1812 1190//1812 1185//1812
f 1189//1813 1191//1813 1190//1813
f 1190//1814 1191//1814 1185//1814
f 1189//1815 1192//1815 1191//1815
f 664//153 1191//153 1192//153
f 1185//1816 1191//1816 664//1816
f 993//1817 1193//1817 1192//1817
f 993//1818 1192//1818 1189//1818
f 1193//1819 1194//1819 1192//1819
f 1192//1820 660//1820 664//1820
f 1192//1821 1194//1821 660//1821
f 1194//1822 650//1822 660//1822
f 1193//1823 1195//1823 1194//1823
f 1194//1824 651//1824 650//1824
f 1195//1825 651//1825 1194//1825
f 1196//1826 651//1826 1195//1826
f 1193//1827 1196//1827 1195//1827
f 1197//1828 641//1828 1196//1828
f 641//1829 644//1829 1196//1829
f 1197//1830 1196//1830 1193//1830
f 1196//1831 644//1831 651//1831
f 993//1832 1197//1832 1193//1832
f 993//1833 994//1833 1197//1833
f 994//1834 1198//1834 1197//1834
f 1198//1835 641//1835 1197//1835
f 1199//1836 641//1836 1198//1836
f 1200//1837 1199//1837 1198//1837
f 1200//1838 1198//1838 1201//1838
f 1201//1839 1198//1839 994//1839
f 989//1840 1200//1840 1201//1840
f 989//1841 1201//1841 994//1841
f 991//1842 1200//1842 989//1842
f 991//1843 1202//1843 1200//1843
f 1202//1844 1199//1844 1200//1844
f 1203//1845 1202//1845 991//1845
f 1203//1846 1204//1846 1202//1846
f 1202//1847 1204//1847 1199//1847
f 1203//1848 1205//1848 1204//1848
f 1205//1849 1207//1849 1204//1849
f 1204//1850 1206//1850 1199//1850
f 1204//1851 1207//1851 1206//1851
f 1207//1852 1205//1852 1208//1852
f 1208//1853 1209//1853 1207//1853
f 1206//1854 1207//1854 1209//1854
f 1209//1855 1211//1855 1210//1855
f 1209//1856 1210//1856 1206//1856
f 1209//1857 1208//1857 1212//1857
f 1212//1858 1211//1858 1209//1858
f 1213//1859 1214//1859 1212//1859
f 1213//1860 1212//1860 1208//1860
f 1214//1861 1215//1861 1212//1861
f 1212//1862 1215//1862 1211//1862
f 1216//1863 1217//1863 1215//1863
f 1216//1864 1215//1864 1214//1864
f 1211//1865 1215//1865 1217//1865
f 1216//1866 1218//1866 1217//1866
f 1218//1867 1221//1867 1217//1867
f 1217//1868 1219//1868 1211//1868
f 1217//1869 1220//1869 1219//1869
f 1217//1870 1221//1870 1220//1870
f 1220//1871 1221//1871 1223//1871
f 1218//1872 1222//1872 1221//1872
f 1222//1873 1224//1873 1221//1873
f 1221//1874 1224//1874 1223//1874
f 1224//1875 1226//1875 1225//1875
f 1223//1876 1224//1876 1225//1876
f 1224//1877 1227//1877 1226//1877
f 1222//1878 1227//1878 1224//1878
f 1227//1879 1228//1879 1230//1879
f 1228//1880 1227//1880 1229//1880
f 1222//1881 1229//1881 1227//1881
f 1227//1882 1230//1882 1226//1882
f 1226//1883 1230//1883 1231//1883
f 1230//1884 1228//1884 1231//1884
f 1226//1885 1231//1885 1232//1885
f 1232//1886 1231//1886 1233//1886
f 1231//1887 1228//1887 1234//1887
f 1234//1888 1233//1888 1231//1888
f 1228//1889 1236//1889 1234//1889
f 1234//1890 1235//1890 1233//1890
f 1234//1891 1237//1891 1235//1891
f 1236//1892 1237//1892 1234//1892
f 1237//1893 1240//1893 1235//1893
f 1236//1894 1238//1894 1237//1894
f 1237//1895 1238//1895 1239//1895
f 1237//1896 1239//1896 1240//1896
f 1240//1897 1239//1897 1241//1897
f 1235//1898 1240//1898 1241//1898
f 1243//1899 1241//1899 614//1899
f 1241//1900 1242//1900 614//1900
f 1239//1901 1242//1901 1241//1901
f 1235//1902 1241//1902 1243//1902
f 1233//1903 1235//1903 1243//1903
f 1233//1904 1243//1904 1244//1904
f 1243//1905 614//1905 613//1905
f 1244//1906 1243//1906 613//1906
f 1244//1907 1245//1907 616//1907
f 1244//1908 613//1908 1245//1908
f 1233//1909 1244//1909 1246//1909
f 1246//1910 1244//1910 616//1910
f 1247//1911 1233//1911 1246//1911
f 1247//1912 1246//1912 1248//1912
f 1246//1913 616//1913 617//1913
f 1248//1914 1246//1914 617//1914
f 625//1915 1248//1915 617//1915
f 637//1916 1249//1916 1248//1916
f 637//1917 1248//1917 625//1917
f 1249//1918 1247//1918 1248//1918
f 1250//1919 1247//1919 1249//1919
f 1250//1920 1249//1920 637//1920
f 1225//1921 1250//1921 636//1921
f 1225//1922 1232//1922 1250//1922
f 1247//1923 1250//1923 1232//1923
f 636//1924 1250//1924 637//1924
f 1232//1925 1233//1925 1247//1925
f 1245//1926 613//1926 612//1926
f 616//1927 1245//1927 612//1927
f 1239//1928 1252//1928 1242//1928
f 1242//1929 1251//1929 1253//1929
f 1252//1930 1251//1930 1242//1930
f 1242//1931 1253//1931 614//1931
f 614//1932 1253//1932 603//1932
f 1251//1933 1254//1933 1253//1933
f 1253//1934 604//1934 603//1934
f 1253//1935 1254//1935 604//1935
f 1256//1936 1255//1936 1254//1936
f 1254//1937 1255//1937 601//1937
f 1254//1938 601//1938 604//1938
f 1251//1939 1256//1939 1254//1939
f 1255//1940 1256//1940 1257//1940
f 1258//1941 1257//1941 1256//1941
f 1252//1942 1258//1942 1256//1942
f 1252//1943 1256//1943 1251//1943
f 1258//1944 1260//1944 1257//1944
f 1259//1945 1258//1945 1252//1945
f 1260//1946 1258//1946 1259//1946
f 1260//1947 1261//1947 1257//1947
f 1259//1948 1261//1948 1260//1948
f 1261//1949 1265//1949 1262//1949
f 1262//1950 1263//1950 1261//1950
f 1261//1951 1263//1951 1266//1951
f 1261//1952 1264//1952 1265//1952
f 1259//1953 1264//1953 1261//1953
f 1261//1954 1266//1954 1257//1954
f 1263//1955 1267//1955 1266//1955
f 1266//1956 1267//1956 1268//1956
f 1257//1957 1266//1957 1255//1957
f 1266//1958 1268//1958 1255//1958
f 1269//1959 1255//1959 1268//1959
f 1268//1960 1270//1960 1269//1960
f 1267//1961 1271//1961 1268//1961
f 1270//1962 1268//1962 1271//1962
f 1267//1963 1272//1963 1271//1963
f 1271//1964 1272//1964 1270//1964
f 1272//1965 1275//1965 1273//1965
f 1273//1966 1274//1966 1272//1966
f 1275//1967 1272//1967 1267//1967
f 1272//1968 1274//1968 1270//1968
f 1276//1969 1275//1969 1278//1969
f 1277//1970 1275//1970 1276//1970
f 1277//1971 1279//1971 1275//1971
f 1267//1972 1278//1972 1275//1972
f 1275//1973 1279//1973 1280//1973
f 1280//1974 1273//1974 1275//1974
f 1282//1975 1280//1975 1279//1975
f 1273//1976 1280//1976 1283//1976
f 1280//1977 1281//1977 1283//1977
f 1282//1978 1281//1978 1280//1978
f 1284//1979 1283//1979 1285//1979
f 1273//1980 1283//1980 1284//1980
f 1283//1981 1287//1981 1285//1981
f 1281//1982 1286//1982 1283//1982
f 1287//1983 1283//1983 1286//1983
f 1287//131 1289//131 460//131
f 1285//1984 1287//1984 460//1984
f 1286//1985 1288//1985 1287//1985
f 1289//1986 1287//1986 1288//1986
f 1289//131 464//131 460//131
f 1289//1987 1288//1987 1290//1987
f 1290//1988 1291//1988 1289//1988
f 464//1989 1289//1989 1291//1989
f 462//1990 464//1990 1291//1990
f 462//1991 1291//1991 1292//1991
f 1292//1992 1291//1992 1290//1992
f 1293//1993 1292//1993 1294//1993
f 463//1994 1292//1994 1293//1994
f 1292//1995 1290//1995 1294//1995
f 463//1996 462//1996 1292//1996
f 1297//1997 1294//1997 1295//1997
f 1294//1998 1290//1998 1295//1998
f 1296//1999 1294//1999 1297//1999
f 1293//2000 1294//2000 1296//2000
f 1298//2001 1296//2001 1297//2001
f 1298//2002 1297//2002 1299//2002
f 1299//2003 1297//2003 1300//2003
f 1297//2004 1295//2004 1300//2004
f 1300//2005 1277//2005 1303//2005
f 1300//2006 1304//2006 1277//2006
f 1301//2007 1300//2007 1302//2007
f 1299//2008 1300//2008 1301//2008
f 1305//2009 1302//2009 1300//2009
f 1300//2010 1303//2010 1305//2010
f 1300//2011 1295//2011 1304//2011
f 1306//2012 1305//2012 1265//2012
f 1265//2013 1305//2013 1307//2013
f 1305//2014 1303//2014 1307//2014
f 1302//2015 1305//2015 1306//2015
f 1307//2016 1276//2016 1262//2016
f 1307//2013 1262//2013 1265//2013
f 1303//2017 1276//2017 1307//2017
f 1308//2018 1306//2018 1309//2018
f 1312//2019 1306//2019 1308//2019
f 1306//2020 1265//2020 1309//2020
f 1311//2021 1306//2021 1310//2021
f 1310//2022 1306//2022 1312//2022
f 1306//2023 1311//2023 1302//2023
f 1315//2024 1310//2024 1312//2024
f 1313//2025 1312//2025 1308//2025
f 1314//2026 1312//2026 1313//2026
f 1315//2027 1312//2027 1314//2027
f 1316//2028 1317//2028 1315//2028
f 1316//2029 1315//2029 1318//2029
f 1317//2030 1310//2030 1315//2030
f 1318//2031 1315//2031 1314//2031
f 1319//2032 1316//2032 1318//2032
f 1318//2033 1314//2033 1313//2033
f 1318//2034 1313//2034 1320//2034
f 1319//2035 1318//2035 1320//2035
f 1320//2036 1323//2036 1321//2036
f 1322//2037 1320//2037 1321//2037
f 1319//2038 1320//2038 1322//2038
f 1320//2039 1313//2039 1323//2039
f 1323//2040 1324//2040 1327//2040
f 1323//2041 1308//2041 1324//2041
f 1313//2042 1308//2042 1323//2042
f 1325//2043 1323//2043 1326//2043
f 1321//2044 1323//2044 1325//2044
f 1323//2045 1327//2045 1326//2045
f 1326//2046 1327//2046 1330//2046
f 1330//2047 1327//2047 1328//2047
f 1327//2048 1329//2048 1328//2048
f 1324//2049 1329//2049 1327//2049
f 1330//2050 1328//2050 1332//2050
f 1326//2051 1330//2051 1331//2051
f 1331//2052 1330//2052 1333//2052
f 1332//2053 1333//2053 1330//2053
f 1334//2054 1331//2054 1333//2054
f 1334//2055 1333//2055 1335//2055
f 1335//2056 1333//2056 1336//2056
f 1333//2057 1332//2057 1336//2057
f 1335//2058 1336//2058 1337//2058
f 1337//2059 1336//2059 1341//2059
f 1341//2060 1336//2060 1338//2060
f 1336//2061 1339//2061 1338//2061
f 1336//2062 1340//2062 1339//2062
f 1336//2063 1332//2063 1340//2063
f 1342//2064 1341//2064 1344//2064
f 1343//2065 1341//2065 1342//2065
f 1343//2066 1337//2066 1341//2066
f 1341//2067 1338//2067 1344//2067
f 1344//2068 1345//2068 1346//2068
f 1344//2069 1338//2069 1345//2069
f 1344//2070 1346//2070 1347//2070
f 1342//2071 1344//2071 1347//2071
f 1347//2072 1346//2072 1222//2072
f 1342//2073 1347//2073 1349//2073
f 1348//2074 1347//2074 1222//2074
f 1349//2075 1347//2075 1348//2075
f 1351//2076 1349//2076 1350//2076
f 1350//2077 1349//2077 1352//2077
f 1351//2078 1342//2078 1349//2078
f 1349//2079 1348//2079 1352//2079
f 1350//2080 1352//2080 1353//2080
f 1352//2081 1348//2081 1353//2081
f 1354//2082 1353//2082 1216//2082
f 1353//2083 1218//2083 1216//2083
f 1350//2084 1353//2084 1354//2084
f 1353//2085 1348//2085 1218//2085
f 1357//2086 1354//2086 1355//2086
f 1355//2087 1354//2087 1356//2087
f 1354//2088 1216//2088 1356//2088
f 1357//2089 1350//2089 1354//2089
f 1358//2090 1357//2090 1359//2090
f 1358//2091 1360//2091 1357//2091
f 1359//2092 1357//2092 1361//2092
f 1360//2093 1351//2093 1357//2093
f 1361//2094 1357//2094 1355//2094
f 1357//2095 1351//2095 1350//2095
f 1362//2096 1359//2096 1361//2096
f 1362//2097 1361//2097 1364//2097
f 1361//2098 1355//2098 1363//2098
f 1364//2099 1361//2099 1363//2099
f 1362//2100 1364//2100 1366//2100
f 1364//2101 1363//2101 1365//2101
f 1364//2102 1365//2102 295//2102
f 297//2103 1364//2103 295//2103
f 1366//2104 1364//2104 1367//2104
f 1367//2105 1364//2105 297//2105
f 306//2106 1366//2106 1367//2106
f 306//2107 1367//2107 305//2107
f 305//2108 1367//2108 300//2108
f 300//2109 1367//2109 297//2109
f 1366//2110 1368//2110 1362//2110
f 308//2111 1366//2111 306//2111
f 308//2112 1368//2112 1366//2112
f 1368//2113 1369//2113 1370//2113
f 1371//2114 1369//2114 1368//2114
f 1368//2115 1370//2115 1362//2115
f 308//2116 1371//2116 1368//2116
f 1374//2117 1372//2117 1371//2117
f 1372//2118 1373//2118 1371//2118
f 1371//2119 1373//2119 1369//2119
f 1374//2120 1371//2120 308//2120
f 333//2121 1374//2121 311//2121
f 333//2122 1375//2122 1374//2122
f 1375//2123 1372//2123 1374//2123
f 311//2124 1374//2124 308//2124
f 333//2125 1376//2125 1375//2125
f 1376//2126 1372//2126 1375//2126
f 332//2127 1376//2127 333//2127
f 332//2128 1377//2128 1376//2128
f 1377//2129 1378//2129 1376//2129
f 1376//2130 1378//2130 1372//2130
f 1377//2131 1379//2131 1378//2131
f 1378//2132 1373//2132 1372//2132
f 1379//2133 1380//2133 1378//2133
f 1378//2134 1380//2134 1373//2134
f 1379//2135 1381//2135 1380//2135
f 1381//2136 1382//2136 1380//2136
f 1380//2137 1382//2137 1383//2137
f 1373//2138 1380//2138 1383//2138
f 1382//2139 1384//2139 1383//2139
f 1383//2140 1384//2140 1385//2140
f 1383//2141 1385//2141 1386//2141
f 1383//2142 1386//2142 1373//2142
f 1386//2143 1360//2143 1358//2143
f 1373//2144 1386//2144 1358//2144
f 1386//2145 1387//2145 1360//2145
f 1386//2146 1385//2146 1387//2146
f 1387//2147 1388//2147 1360//2147
f 1385//2148 1388//2148 1387//2148
f 1360//2149 1388//2149 1351//2149
f 1388//2150 1342//2150 1351//2150
f 1389//2151 1342//2151 1388//2151
f 1385//2152 1389//2152 1388//2152
f 1390//2153 1343//2153 1389//2153
f 1384//2154 1390//2154 1389//2154
f 1389//2155 1343//2155 1342//2155
f 1384//2156 1389//2156 1385//2156
f 1393//2157 1391//2157 1390//2157
f 1390//2158 1391//2158 1392//2158
f 1390//2159 1392//2159 1343//2159
f 1384//2160 1393//2160 1390//2160
f 1394//2161 1393//2161 1384//2161
f 1394//2162 1396//2162 1393//2162
f 1396//2163 1395//2163 1393//2163
f 1393//2164 1395//2164 1391//2164
f 1399//2165 1395//2165 1396//2165
f 1397//2166 1396//2166 1394//2166
f 1398//2167 1396//2167 1397//2167
f 1398//2168 1399//2168 1396//2168
f 1399//2169 1400//2169 1395//2169
f 1401//2170 1400//2170 1399//2170
f 1402//2171 1401//2171 1399//2171
f 1402//2172 1399//2172 1398//2172
f 1405//2173 1402//2173 1403//2173
f 1403//2174 1402//2174 1404//2174
f 1404//2175 1402//2175 1398//2175
f 1405//2176 1406//2176 1402//2176
f 1406//2177 1407//2177 1402//2177
f 1402//2178 1407//2178 1401//2178
f 1407//2179 1322//2179 1401//2179
f 1406//2180 1408//2180 1407//2180
f 1407//2181 1319//2181 1322//2181
f 1408//2182 1319//2182 1407//2182
f 399//2183 1319//2183 1408//2183
f 398//2184 399//2184 1408//2184
f 398//2185 1408//2185 1409//2185
f 1409//2186 1408//2186 1406//2186
f 1410//2187 1409//2187 1406//2187
f 1410//2188 398//2188 1409//2188
f 1410//2189 1406//2189 1405//2189
f 1411//2190 1410//2190 1405//2190
f 395//2191 398//2191 1410//2191
f 1411//2192 395//2192 1410//2192
f 1412//2193 1411//2193 1414//2193
f 381//2194 1411//2194 1412//2194
f 381//2195 394//2195 1411//2195
f 394//2196 395//2196 1411//2196
f 1414//2197 1411//2197 1413//2197
f 1411//2198 1405//2198 1413//2198
f 375//2199 1414//2199 1415//2199
f 1415//2200 1414//2200 1416//2200
f 375//2201 1412//2201 1414//2201
f 1414//2202 1413//2202 1416//2202
f 1419//2203 1415//2203 1416//2203
f 1416//2204 1413//2204 1417//2204
f 1416//2205 1417//2205 1418//2205
f 1416//2206 1418//2206 1420//2206
f 1416//2207 1420//2207 1419//2207
f 1419//2208 1420//2208 1421//2208
f 1420//2209 1422//2209 1421//2209
f 1420//2210 1418//2210 1422//2210
f 1379//2211 1421//2211 1422//2211
f 1422//2212 1423//2212 1379//2212
f 1422//2213 1424//2213 1423//2213
f 1422//2214 1425//2214 1424//2214
f 1422//2215 1404//2215 1425//2215
f 1418//2216 1404//2216 1422//2216
f 1425//2217 1397//2217 1394//2217
f 1425//2218 1394//2218 1424//2218
f 1425//2219 1398//2219 1397//2219
f 1404//2220 1398//2220 1425//2220
f 1424//2221 1394//2221 1384//2221
f 1424//2222 1384//2222 1382//2222
f 1423//2223 1424//2223 1382//2223
f 1379//2224 1423//2224 1381//2224
f 1423//2225 1382//2225 1381//2225
f 1419//2226 1421//2226 1427//2226
f 1426//2227 1421//2227 1428//2227
f 1427//2228 1421//2228 1426//2228
f 1379//2229 1428//2229 1421//2229
f 1377//2230 1428//2230 1379//2230
f 1426//2231 1428//2231 1377//2231
f 344//2232 1419//2232 1427//2232
f 344//2233 1427//2233 1426//2233
f 339//2234 1426//2234 1377//2234
f 344//2235 1426//2235 339//2235
f 1415//2236 1419//2236 344//2236
f 1417//2237 1403//2237 1418//2237
f 1418//2238 1403//2238 1404//2238
f 1413//2239 1403//2239 1417//2239
f 375//2240 1415//2240 343//2240
f 344//2241 343//2241 1415//2241
f 1413//2242 1405//2242 1403//2242
f 374//2243 381//2243 1412//2243
f 374//2244 1412//2244 375//2244
f 1401//2245 1322//2245 1400//2245
f 1322//2246 1321//2246 1400//2246
f 1400//2247 1325//2247 1395//2247
f 1400//2248 1321//2248 1325//2248
f 1395//2249 1335//2249 1391//2249
f 1334//2250 1335//2250 1395//2250
f 1395//2251 1325//2251 1334//2251
f 1391//2252 1337//2252 1392//2252
f 1392//2253 1337//2253 1343//2253
f 1391//2254 1335//2254 1337//2254
f 339//2255 1377//2255 336//2255
f 336//2256 1377//2256 332//2256
f 1373//2257 1358//2257 1369//2257
f 1369//2258 1359//2258 1370//2258
f 1370//2259 1359//2259 1362//2259
f 1369//2260 1358//2260 1359//2260
f 295//2261 1365//2261 1429//2261
f 1429//2262 1365//2262 1430//2262
f 1431//2263 1430//2263 1365//2263
f 1365//2264 1363//2264 1431//2264
f 1355//2265 1356//2265 1431//2265
f 1431//2266 1356//2266 1430//2266
f 1363//2267 1355//2267 1431//2267
f 1433//2268 1430//2268 1432//2268
f 1430//2269 1356//2269 1432//2269
f 1430//2270 1433//2270 1429//2270
f 1429//2271 1433//2271 1435//2271
f 1432//2272 1434//2272 1433//2272
f 1433//2273 1434//2273 1437//2273
f 1435//2274 1433//2274 1436//2274
f 1433//2275 1437//2275 1436//2275
f 1437//2276 1438//2276 1439//2276
f 1434//2277 1438//2277 1437//2277
f 1440//2278 1437//2278 1439//2278
f 1436//2279 1437//2279 1440//2279
f 1441//2280 1440//2280 1443//2280
f 1436//2281 1440//2281 1441//2281
f 1442//2282 1440//2282 1439//2282
f 1443//2283 1440//2283 1442//2283
f 1445//2284 1443//2284 1444//2284
f 1443//2285 1442//2285 1444//2285
f 1441//2286 1443//2286 1445//2286
f 1445//2287 1444//2287 1446//2287
f 1445//2288 1448//2288 1441//2288
f 1447//2289 1445//2289 1446//2289
f 291//2290 1445//2290 1447//2290
f 291//2291 1448//2291 1445//2291
f 1448//2292 1436//2292 1441//2292
f 1435//2293 1436//2293 1448//2293
f 291//2294 1435//2294 1448//2294
f 1447//2295 1446//2295 1449//2295
f 1450//2296 1447//2296 1449//2296
f 1451//2297 1447//2297 1450//2297
f 1451//2298 291//2298 1447//2298
f 1452//2299 1451//2299 1450//2299
f 276//2300 291//2300 1451//2300
f 274//2301 276//2301 1451//2301
f 274//2302 1451//2302 1452//2302
f 1452//2303 1450//2303 1453//2303
f 1452//2304 1453//2304 1455//2304
f 270//2305 1452//2305 1454//2305
f 1454//2306 1452//2306 1456//2306
f 1456//2307 1452//2307 1455//2307
f 270//2308 274//2308 1452//2308
f 261//2309 1456//2309 259//2309
f 261//2310 1454//2310 1456//2310
f 1456//2311 1455//2311 1457//2311
f 259//2312 1456//2312 1457//2312
f 1457//2313 1460//2313 1458//2313
f 259//2314 1457//2314 1458//2314
f 1457//2315 1459//2315 1460//2315
f 1457//2316 1455//2316 1459//2316
f 1459//2317 1461//2317 1460//2317
f 1460//2318 1461//2318 1463//2318
f 1458//2319 1460//2319 1462//2319
f 1460//2320 1463//2320 1462//2320
f 1466//2321 1463//2321 1464//2321
f 1463//2322 1465//2322 1464//2322
f 1461//2323 1465//2323 1463//2323
f 1462//2324 1463//2324 1466//2324
f 1466//2325 1467//2325 1469//2325
f 1466//2326 1468//2326 1467//2326
f 1464//2327 1468//2327 1466//2327
f 1462//2328 1466//2328 1469//2328
f 1469//2329 1467//2329 960//2329
f 1471//2330 1462//2330 1469//2330
f 1470//2331 1469//2331 960//2331
f 1471//2332 1469//2332 1470//2332
f 1473//2333 1471//2333 1470//2333
f 1458//2334 1462//2334 1471//2334
f 1472//2335 1458//2335 1471//2335
f 1472//2336 1471//2336 1473//2336
f 950//2337 1473//2337 1470//2337
f 1472//2338 1473//2338 950//2338
f 259//2339 1458//2339 1472//2339
f 259//2340 1472//2340 948//2340
f 948//2341 1472//2341 950//2341
f 950//2342 1470//2342 951//2342
f 951//2343 1470//2343 960//2343
f 1468//2344 1474//2344 1467//2344
f 1464//2345 1474//2345 1468//2345
f 1464//2346 1475//2346 1474//2346
f 1474//2347 974//2347 973//2347
f 1467//2348 1474//2348 973//2348
f 1475//2349 974//2349 1474//2349
f 1465//2350 1475//2350 1464//2350
f 1476//2351 1475//2351 1465//2351
f 1476//2352 1477//2352 1475//2352
f 1475//2353 1477//2353 974//2353
f 1477//2354 984//2354 974//2354
f 1478//2355 990//2355 1477//2355
f 1476//2356 1478//2356 1477//2356
f 1477//2357 990//2357 984//2357
f 1479//2358 990//2358 1478//2358
f 1476//2359 1479//2359 1478//2359
f 1479//2360 987//2360 990//2360
f 1444//2361 987//2361 1479//2361
f 1480//2362 1444//2362 1479//2362
f 1480//2363 1479//2363 1476//2363
f 1446//2364 1444//2364 1480//2364
f 1481//2365 1480//2365 1465//2365
f 1481//2366 1446//2366 1480//2366
f 1465//2367 1480//2367 1476//2367
f 1449//2368 1446//2368 1481//2368
f 1450//2369 1449//2369 1481//2369
f 1453//2370 1450//2370 1481//2370
f 1481//2371 1465//2371 1453//2371
f 960//2372 1467//2372 973//2372
f 1453//2373 1465//2373 1461//2373
f 1455//2374 1461//2374 1459//2374
f 1455//2375 1453//2375 1461//2375
f 263//2376 1454//2376 261//2376
f 265//2377 1454//2377 263//2377
f 265//2378 270//2378 1454//2378
f 1444//2379 1442//2379 1482//2379
f 1444//2380 1482//2380 987//2380
f 1482//2381 1483//2381 988//2381
f 1482//2382 1484//2382 1483//2382
f 1482//2383 1442//2383 1484//2383
f 1482//2384 988//2384 987//2384
f 1483//2385 1484//2385 1485//2385
f 1484//2386 1203//2386 1485//2386
f 1484//2387 1439//2387 1203//2387
f 1442//2388 1439//2388 1484//2388
f 991//2389 1485//2389 1203//2389
f 1483//2390 1485//2390 988//2390
f 988//2391 1485//2391 991//2391
f 1205//2392 1439//2392 1438//2392
f 1439//2393 1205//2393 1203//2393
f 1438//2394 1208//2394 1205//2394
f 1208//2395 1438//2395 1213//2395
f 1434//2396 1213//2396 1438//2396
f 293//2397 1429//2397 1435//2397
f 291//2398 293//2398 1435//2398
f 1432//2399 1214//2399 1434//2399
f 1434//2400 1214//2400 1213//2400
f 1356//2401 1216//2401 1432//2401
f 1432//2402 1216//2402 1214//2402
f 296//2403 1429//2403 293//2403
f 295//2404 1429//2404 296//2404
f 1222//2405 1218//2405 1348//2405
f 1345//2406 1486//2406 1346//2406
f 1346//2407 1486//2407 1229//2407
f 1346//2408 1229//2408 1222//2408
f 1486//2409 1339//2409 1236//2409
f 1229//2410 1486//2410 1236//2410
f 1338//2411 1486//2411 1345//2411
f 1338//2412 1339//2412 1486//2412
f 1340//2413 1332//2413 1487//2413
f 1340//2414 1487//2414 1488//2414
f 1339//2415 1340//2415 1489//2415
f 1340//2416 1488//2416 1489//2416
f 1489//2417 1488//2417 1490//2417
f 1339//2418 1489//2418 1236//2418
f 1236//2419 1489//2419 1238//2419
f 1489//2420 1490//2420 1238//2420
f 1487//2421 1491//2421 1490//2421
f 1490//2422 1491//2422 1252//2422
f 1238//2423 1490//2423 1252//2423
f 1488//2424 1487//2424 1490//2424
f 1491//2425 1487//2425 1328//2425
f 1328//2426 1259//2426 1491//2426
f 1252//2427 1491//2427 1259//2427
f 1332//2428 1328//2428 1487//2428
f 1325//2429 1326//2429 1334//2429
f 1334//2430 1326//2430 1331//2430
f 1324//2431 1492//2431 1329//2431
f 1329//2432 1492//2432 1264//2432
f 1259//2433 1328//2433 1329//2433
f 1329//2434 1264//2434 1259//2434
f 1324//2435 1309//2435 1492//2435
f 1492//2436 1309//2436 1265//2436
f 1265//2437 1264//2437 1492//2437
f 1308//2438 1309//2438 1324//2438
f 1493//2439 1316//2439 1319//2439
f 399//2440 1493//2440 1319//2440
f 1495//2441 1494//2441 1493//2441
f 1493//2442 1494//2442 1316//2442
f 400//2443 1493//2443 399//2443
f 400//2444 1495//2444 1493//2444
f 402//2445 1494//2445 1495//2445
f 400//2446 402//2446 1495//2446
f 402//2447 405//2447 1494//2447
f 1494//2448 1317//2448 1316//2448
f 405//2449 1317//2449 1494//2449
f 1317//2450 1496//2450 1310//2450
f 1317//2451 1497//2451 1496//2451
f 1498//2452 1497//2452 1317//2452
f 405//2453 1498//2453 1317//2453
f 1499//2454 1500//2454 1498//2454
f 408//2455 1499//2455 1498//2455
f 1498//2456 1500//2456 1497//2456
f 408//2457 1498//2457 405//2457
f 1500//2458 1502//2458 1497//2458
f 1499//2459 1501//2459 1500//2459
f 1501//2460 1502//2460 1500//2460
f 1501//2461 1503//2461 1502//2461
f 1503//2462 1505//2462 1502//2462
f 1497//2463 1502//2463 1504//2463
f 1504//2464 1502//2464 1298//2464
f 1502//2465 1505//2465 1298//2465
f 463//131 1505//131 449//131
f 1505//2466 463//2466 1293//2466
f 1505//131 1503//131 449//131
f 1505//2467 1293//2467 1298//2467
f 1496//2468 1504//2468 1506//2468
f 1497//2469 1504//2469 1496//2469
f 1506//2470 1504//2470 1299//2470
f 1298//2471 1299//2471 1504//2471
f 1496//2472 1506//2472 1311//2472
f 1299//2473 1301//2473 1506//2473
f 1311//2474 1506//2474 1301//2474
f 1503//131 1501//131 449//131
f 1501//131 1499//131 1507//131
f 1501//131 1507//131 449//131
f 1499//131 1508//131 1507//131
f 1508//2475 1509//2475 1507//2475
f 1507//2476 1510//2476 449//2476
f 1509//2477 1510//2477 1507//2477
f 1509//2478 1511//2478 1510//2478
f 1510//2479 1511//2479 449//2479
f 1511//2480 1512//2480 449//2480
f 1513//2481 1512//2481 1511//2481
f 1509//2482 1513//2482 1511//2482
f 1513//2483 1514//2483 1512//2483
f 419//2484 1513//2484 1509//2484
f 419//2485 422//2485 1513//2485
f 422//2486 1514//2486 1513//2486
f 1514//2487 1515//2487 1512//2487
f 422//2488 1515//2488 1514//2488
f 424//2489 1516//2489 1515//2489
f 1515//2490 1516//2490 1517//2490
f 1515//2491 1517//2491 1512//2491
f 422//2492 424//2492 1515//2492
f 1516//2493 450//2493 1517//2493
f 1512//2494 1517//2494 449//2494
f 1517//2495 450//2495 449//2495
f 424//2496 428//2496 1516//2496
f 428//2497 431//2497 1516//2497
f 431//2498 1518//2498 1516//2498
f 1516//2499 451//2499 450//2499
f 1516//2500 1518//2500 451//2500
f 1518//2501 447//2501 451//2501
f 1518//2502 1519//2502 447//2502
f 1519//2503 1518//2503 435//2503
f 431//2504 435//2504 1518//2504
f 435//2505 440//2505 1519//2505
f 1519//2506 440//2506 447//2506
f 416//2507 419//2507 1509//2507
f 415//2508 416//2508 1509//2508
f 415//2509 1509//2509 1508//2509
f 406//131 415//131 1508//131
f 1499//131 406//131 1508//131
f 406//2510 1499//2510 408//2510
f 1310//2511 1496//2511 1311//2511
f 1301//2512 1302//2512 1311//2512
f 1304//2513 1282//2513 1279//2513
f 1295//2514 1282//2514 1304//2514
f 1304//2515 1279//2515 1277//2515
f 1303//2516 1277//2516 1276//2516
f 1298//2517 1293//2517 1296//2517
f 1295//2518 1290//2518 1282//2518
f 1290//2519 1288//2519 1286//2519
f 1290//2520 1286//2520 1281//2520
f 1290//2521 1281//2521 1282//2521
f 1284//2522 1285//2522 1521//2522
f 1520//131 1285//131 460//131
f 1521//2523 1285//2523 1520//2523
f 1521//2524 1522//2524 1284//2524
f 1522//2525 1521//2525 495//2525
f 1521//2526 1520//2526 1523//2526
f 1523//2527 495//2527 1521//2527
f 1520//2528 1524//2528 1523//2528
f 495//2529 1523//2529 1524//2529
f 1524//131 1520//131 460//131
f 495//2530 1524//2530 1525//2530
f 1525//2531 1524//2531 477//2531
f 477//131 1524//131 460//131
f 1525//2532 493//2532 495//2532
f 493//2533 1525//2533 485//2533
f 485//2534 1525//2534 477//2534
f 495//2535 498//2535 1522//2535
f 580//2536 1522//2536 498//2536
f 580//2537 1284//2537 1522//2537
f 580//2538 1526//2538 1284//2538
f 1284//2539 1526//2539 1273//2539
f 580//2540 1527//2540 1526//2540
f 1526//2541 1527//2541 1269//2541
f 1269//2542 1270//2542 1526//2542
f 1270//2543 1274//2543 1526//2543
f 1273//2544 1526//2544 1274//2544
f 1528//2545 1527//2545 580//2545
f 1269//2546 1527//2546 1528//2546
f 1529//2547 1528//2547 581//2547
f 1528//2546 1529//2546 1269//2546
f 580//2548 581//2548 1528//2548
f 1255//2549 1529//2549 601//2549
f 601//2550 1529//2550 582//2550
f 1529//2551 581//2551 582//2551
f 1255//2552 1269//2552 1529//2552
f 1263//2553 1276//2553 1278//2553
f 1278//2554 1267//2554 1263//2554
f 1263//2555 1262//2555 1276//2555
f 1238//2556 1252//2556 1239//2556
f 1229//2557 1236//2557 1228//2557
f 1225//2558 1226//2558 1232//2558
f 1531//2559 1225//2559 1530//2559
f 1530//2560 1225//2560 636//2560
f 1531//2561 1223//2561 1225//2561
f 1211//2562 1531//2562 1532//2562
f 1533//2563 1532//2563 1531//2563
f 1219//2564 1223//2564 1531//2564
f 1211//2565 1219//2565 1531//2565
f 1531//2566 1530//2566 1533//2566
f 1532//2567 1533//2567 640//2567
f 640//2568 1533//2568 638//2568
f 1533//2569 1530//2569 638//2569
f 1211//2570 1532//2570 1210//2570
f 1210//2571 1532//2571 640//2571
f 1530//2572 636//2572 638//2572
f 1219//2573 1220//2573 1223//2573
f 1206//2574 1210//2574 641//2574
f 1210//2575 640//2575 641//2575
f 1199//2576 1206//2576 641//2576
f 997//2577 993//2577 1189//2577
f 1534//2578 1000//2578 1187//2578
f 1034//2579 1534//2579 1187//2579
f 1034//2580 1187//2580 1036//2580
f 996//2581 997//2581 1187//2581
f 1000//2582 996//2582 1187//2582
f 1002//2583 1000//2583 1534//2583
f 1535//2584 1002//2584 1534//2584
f 1033//2585 1535//2585 1534//2585
f 1033//2586 1534//2586 1034//2586
f 1005//2587 1002//2587 1535//2587
f 1005//2588 1535//2588 1033//2588
f 1185//2589 664//2589 666//2589
f 1011//2590 1005//2590 1033//2590
f 1536//2591 1006//2591 1008//2591
f 1536//2592 1008//2592 966//2592
f 966//2593 970//2593 1536//2593
f 1536//2594 1538//2594 1537//2594
f 1536//2595 1537//2595 1006//2595
f 970//2596 1538//2596 1536//2596
f 1538//2597 1003//2597 1537//2597
f 1538//2598 980//2598 1003//2598
f 976//2599 980//2599 1538//2599
f 970//2600 976//2600 1538//2600
f 1006//2601 1537//2601 1003//2601
f 974//2602 984//2602 977//2602
f 969//2603 976//2603 970//2603
f 960//2604 973//2604 967//2604
f 951//2605 960//2605 954//2605
f 945//2606 953//2606 958//2606
f 957//2607 1540//2607 958//2607
f 945//2608 958//2608 1539//2608
f 1540//2609 1539//2609 958//2609
f 924//2610 925//2610 1540//2610
f 957//2611 924//2611 1540//2611
f 1540//2612 1541//2612 1539//2612
f 1540//2613 925//2613 1541//2613
f 1541//2614 933//2614 1539//2614
f 925//2615 933//2615 1541//2615
f 1539//2616 933//2616 934//2616
f 934//2617 945//2617 1539//2617
f 945//2618 946//2618 953//2618
f 259//2619 948//2619 942//2619
f 934//2620 936//2620 945//2620
f 939//2621 945//2621 936//2621
f 258//2622 259//2622 942//2622
f 925//2623 927//2623 933//2623
f 899//2624 896//2624 932//2624
f 1542//2625 932//2625 896//2625
f 932//2626 245//2626 247//2626
f 932//2627 1542//2627 245//2627
f 1542//2628 241//2628 245//2628
f 896//2629 241//2629 1542//2629
f 921//2630 919//2630 918//2630
f 916//2631 897//2631 898//2631
f 896//2632 240//2632 241//2632
f 889//2633 874//2633 878//2633
f 882//2634 881//2634 1543//2634
f 882//2635 1543//2635 223//2635
f 1544//13 1543//13 881//13 877//13
f 223//2636 1543//2636 222//2636
f 222//2637 1543//2637 1544//2637
f 1545//13 1544//13 1547//13
f 1546//2638 1544//2638 1545//2638
f 222//2639 1544//2639 1548//2639
f 1548//2640 1544//2640 1546//2640
f 1544//13 877//13 1547//13
f 218//2641 1548//2641 1546//2641
f 222//2642 1548//2642 218//2642
f 879//2643 1547//2643 877//2643
f 1547//2644 1550//2644 1549//2644
f 1545//13 1547//13 1549//13
f 1551//2645 1550//2645 1547//2645
f 1547//2646 879//2646 1551//2646
f 156//2647 1550//2647 1551//2647
f 879//2648 156//2648 1551//2648
f 156//2649 157//2649 1550//2649
f 1550//2650 163//2650 1549//2650
f 157//2651 163//2651 1550//2651
f 1549//2652 163//2652 1552//2652
f 1545//13 1549//13 1552//13
f 163//2653 173//2653 1552//2653
f 175//13 1545//13 1552//13
f 175//13 1552//13 173//13
f 219//2654 218//2654 1546//2654
f 1546//2655 1553//2655 219//2655
f 1545//2656 1553//2656 1546//2656
f 219//2657 1553//2657 1555//2657
f 1555//2658 1553//2658 1554//2658
f 1553//2659 176//2659 1554//2659
f 1545//2660 175//2660 1553//2660
f 1553//2661 175//2661 176//2661
f 1555//2662 1554//2662 1556//2662
f 1555//2663 1556//2663 1557//2663
f 219//2664 1555//2664 220//2664
f 1555//2665 1557//2665 220//2665
f 1557//2666 1556//2666 209//2666
f 220//2667 1557//2667 209//2667
f 1554//2668 182//2668 1556//2668
f 1556//2669 206//2669 209//2669
f 1556//2670 182//2670 206//2670
f 1554//2671 176//2671 179//2671
f 1554//2672 179//2672 182//2672
f 155//2673 156//2673 879//2673
f 872//2674 871//2674 158//2674
f 155//2675 872//2675 158//2675
f 158//2676 871//2676 869//2676
f 158//2677 869//2677 153//2677
f 153//2678 869//2678 152//2678
f 866//2679 867//2679 1558//2679
f 867//2680 863//2680 1558//2680
f 1558//2681 845//2681 840//2681
f 1559//2682 1558//2682 840//2682
f 866//2683 1558//2683 1559//2683
f 1558//2684 863//2684 845//2684
f 1559//2685 840//2685 839//2685
f 1560//2686 1559//2686 839//2686
f 152//2687 866//2687 1559//2687
f 152//2688 1559//2688 1560//2688
f 1560//2689 839//2689 1561//2689
f 1560//2690 1561//2690 1563//2690
f 152//2691 1560//2691 1562//2691
f 1560//2692 1563//2692 1562//2692
f 1563//2693 835//2693 1564//2693
f 1563//2694 836//2694 835//2694
f 1561//2695 836//2695 1563//2695
f 1562//2696 1563//2696 1564//2696
f 142//2697 148//2697 1564//2697
f 1562//2698 1564//2698 148//2698
f 138//2699 139//2699 1564//2699
f 1565//2700 138//2700 1564//2700
f 1564//2701 1566//2701 1565//2701
f 1564//2702 1567//2702 1566//2702
f 142//2703 1564//2703 139//2703
f 1564//2704 835//2704 1567//2704
f 1567//2705 1569//2705 1568//2705
f 1566//2706 1567//2706 1568//2706
f 835//2707 834//2707 1567//2707
f 1567//2708 834//2708 1569//2708
f 1569//2709 1570//2709 1568//2709
f 834//2710 1570//2710 1569//2710
f 834//2711 837//2711 1570//2711
f 1568//2712 1570//2712 1571//2712
f 1571//2713 1570//2713 837//2713
f 1568//2714 1571//2714 1572//2714
f 1572//2715 1571//2715 1573//2715
f 837//2716 803//2716 1571//2716
f 1573//2717 1571//2717 1574//2717
f 1571//2718 803//2718 1574//2718
f 1574//2719 803//2719 801//2719
f 1574//2720 801//2720 1575//2720
f 1573//2721 1574//2721 1576//2721
f 1576//2722 1574//2722 1575//2722
f 1577//2723 1576//2723 1575//2723
f 1573//2724 1576//2724 1577//2724
f 126//2725 1577//2725 1578//2725
f 1577//2726 1575//2726 1578//2726
f 1579//2727 1573//2727 1577//2727
f 1579//2728 1577//2728 126//2728
f 1580//2729 1579//2729 126//2729
f 1581//2730 1579//2730 1580//2730
f 1581//2731 1572//2731 1579//2731
f 1572//2732 1573//2732 1579//2732
f 1582//2733 1581//2733 1580//2733
f 1566//2734 1572//2734 1581//2734
f 1565//2735 1581//2735 1582//2735
f 1565//2736 1566//2736 1581//2736
f 1583//2737 1582//2737 1580//2737
f 1583//2738 1565//2738 1582//2738
f 138//2739 1565//2739 1583//2739
f 135//2740 138//2740 1583//2740
f 135//2741 1583//2741 128//2741
f 1583//2742 1580//2742 128//2742
f 128//2743 1580//2743 126//2743
f 1578//2744 1575//2744 800//2744
f 126//2745 1578//2745 124//2745
f 1584//2746 124//2746 1578//2746
f 1578//2747 800//2747 1584//2747
f 1584//2748 789//2748 117//2748
f 116//2749 1584//2749 117//2749
f 124//2750 1584//2750 116//2750
f 1584//2751 800//2751 789//2751
f 1575//2752 801//2752 800//2752
f 1568//2753 1572//2753 1566//2753
f 152//2754 1562//2754 151//2754
f 151//2755 1562//2755 148//2755
f 1561//2756 839//2756 836//2756
f 863//2757 852//2757 845//2757
f 845//2758 852//2758 846//2758
f 849//2759 820//2759 821//2759
f 824//2760 849//2760 821//2760
f 843//2761 824//2761 825//2761
f 837//2762 805//2762 803//2762
f 837//2763 832//2763 805//2763
f 832//2764 811//2764 1585//2764
f 832//2765 1585//2765 805//2765
f 1585//2766 811//2766 806//2766
f 805//2767 1585//2767 806//2767
f 794//2768 808//2768 795//2768
f 800//2769 788//2769 789//2769
f 800//2770 792//2770 788//2770
f 795//2771 762//2771 764//2771
f 117//2772 789//2772 784//2772
f 783//2773 785//2773 1587//2773
f 785//2774 778//2774 1586//2774
f 1587//2775 785//2775 1586//2775
f 785//2776 780//2776 778//2776
f 1588//2777 1587//2777 443//2777
f 1587//2778 1591//2778 443//2778
f 1589//2779 1587//2779 1588//2779
f 1589//2780 1590//2780 1587//2780
f 1590//2781 783//2781 1587//2781
f 1587//2782 1586//2782 1591//2782
f 443//2783 1591//2783 442//2783
f 1591//2784 1586//2784 1592//2784
f 1591//2785 1592//2785 1593//2785
f 1591//2786 1593//2786 442//2786
f 1593//2787 1592//2787 1594//2787
f 442//2788 1593//2788 1594//2788
f 1594//2789 1595//2789 446//2789
f 444//2790 1594//2790 446//2790
f 442//2791 1594//2791 444//2791
f 1592//2792 1595//2792 1594//2792
f 1592//2793 777//2793 1595//2793
f 777//2794 746//2794 1595//2794
f 1595//2795 746//2795 446//2795
f 1586//2796 777//2796 1592//2796
f 1596//2797 1590//2797 1589//2797
f 119//2798 783//2798 1590//2798
f 118//2799 119//2799 1590//2799
f 1596//2800 118//2800 1590//2800
f 110//2801 1596//2801 1597//2801
f 110//2802 118//2802 1596//2802
f 1597//2803 1596//2803 1589//2803
f 1599//2804 1597//2804 436//2804
f 1597//2805 1598//2805 436//2805
f 1597//2806 1589//2806 1598//2806
f 110//2807 1597//2807 1599//2807
f 1600//2808 1599//2808 434//2808
f 1599//2809 436//2809 434//2809
f 103//2810 110//2810 1599//2810
f 103//2811 1599//2811 1600//2811
f 103//2812 1600//2812 1601//2812
f 1601//2813 1600//2813 434//2813
f 103//2814 1601//2814 1602//2814
f 1602//2815 1601//2815 432//2815
f 1601//2816 434//2816 432//2816
f 103//2817 1602//2817 101//2817
f 101//2818 1602//2818 423//2818
f 1602//2819 427//2819 423//2819
f 1602//2820 432//2820 427//2820
f 1598//2821 1588//2821 1603//2821
f 1598//2822 1603//2822 437//2822
f 436//2823 1598//2823 437//2823
f 1598//2824 1589//2824 1588//2824
f 1603//2825 1588//2825 439//2825
f 437//2826 1603//2826 439//2826
f 1588//2827 443//2827 439//2827
f 1586//2828 778//2828 777//2828
f 117//2829 784//2829 119//2829
f 119//2830 784//2830 783//2830
f 777//2831 745//2831 746//2831
f 777//2832 774//2832 745//2832
f 774//2833 775//2833 747//2833
f 775//2834 772//2834 747//2834
f 774//2835 747//2835 745//2835
f 772//2836 752//2836 750//2836
f 772//2837 750//2837 747//2837
f 765//2838 755//2838 752//2838
f 752//2839 749//2839 750//2839
f 743//2840 669//2840 671//2840
f 452//153 1816//153 736//153
f 740//2841 1604//2841 1605//2841
f 740//2842 1606//2842 1604//2842
f 1605//2843 1607//2843 740//2843
f 454//2844 455//2844 736//2844 740//2844
f 740//2844 458//2844 454//2844
f 740//2845 1608//2845 1606//2845
f 740//2846 1607//2846 458//2846
f 740//2847 739//2847 1608//2847
f 1608//2848 728//2848 1606//2848
f 1608//2849 727//2849 728//2849
f 739//2850 727//2850 1608//2850
f 1605//2851 1610//2851 1607//2851
f 458//2852 1607//2852 1609//2852
f 1609//2853 1607//2853 1611//2853
f 1607//2854 1610//2854 1611//2854
f 1611//2855 1613//2855 1612//2855
f 1611//2856 1612//2856 1614//2856
f 1613//2857 1611//2857 1610//2857
f 1615//2858 1609//2858 1611//2858
f 1611//2859 1614//2859 1615//2859
f 1616//2860 1615//2860 1614//2860
f 1617//2861 1615//2861 1616//2861
f 1609//2862 1615//2862 1617//2862
f 1617//2863 1618//2863 1609//2863
f 468//2864 1617//2864 1616//2864
f 467//2865 1619//2865 1617//2865
f 467//2866 1617//2866 468//2866
f 1619//2867 1618//2867 1617//2867
f 458//2868 1619//2868 467//2868
f 458//2869 1618//2869 1619//2869
f 458//2870 1609//2870 1618//2870
f 1614//2871 1620//2871 1616//2871
f 1616//2872 1620//2872 1623//2872
f 1622//2873 1621//2873 1616//2873
f 468//2874 1616//2874 1621//2874
f 1616//2875 1623//2875 1622//2875
f 1622//2876 1623//2876 1624//2876
f 1623//2877 1625//2877 1624//2877
f 1612//2878 1625//2878 1623//2878
f 1623//2879 1620//2879 1612//2879
f 1624//2880 1625//2880 1626//2880
f 1626//2881 1625//2881 1612//2881
f 1612//2882 1613//2882 1626//2882
f 1624//2883 1626//2883 1628//2883
f 1626//2884 1629//2884 1627//2884
f 1627//2885 1628//2885 1626//2885
f 1613//2886 1629//2886 1626//2886
f 1629//2887 1631//2887 1630//2887
f 1629//2888 1630//2888 1627//2888
f 1632//2889 1631//2889 1629//2889
f 1613//2890 1632//2890 1629//2890
f 1634//2891 1632//2891 1613//2891
f 1635//2892 1632//2892 1633//2892
f 1634//2893 1633//2893 1632//2893
f 1632//2894 1635//2894 1631//2894
f 1635//2895 721//2895 719//2895
f 719//2896 1636//2896 1635//2896
f 1633//2897 724//2897 1635//2897
f 1631//2898 1635//2898 1637//2898
f 724//2899 721//2899 1635//2899
f 1635//2900 1636//2900 1637//2900
f 1637//2901 1638//2901 1631//2901
f 1637//2902 1636//2902 1639//2902
f 1638//2903 1637//2903 1639//2903
f 1636//2904 1640//2904 1639//2904
f 1640//2905 1641//2905 1639//2905
f 1638//2906 1639//2906 1642//2906
f 1642//2907 1639//2907 1641//2907
f 1638//2908 1642//2908 1643//2908
f 1643//2909 1642//2909 1645//2909
f 1642//2910 1641//2910 1646//2910
f 1642//2911 1646//2911 1644//2911
f 1644//2912 1645//2912 1642//2912
f 1644//2913 1646//2913 1648//2913
f 1646//2914 1641//2914 1647//2914
f 1647//2915 1648//2915 1646//2915
f 1644//2916 1648//2916 1651//2916
f 1649//2917 1648//2917 1647//2917
f 1648//2918 1649//2918 1650//2918
f 1650//2919 1651//2919 1648//2919
f 1651//2920 1653//2920 1644//2920
f 1651//2921 1650//2921 1652//2921
f 1652//2922 1653//2922 1651//2922
f 1644//2923 1653//2923 1654//2923
f 1654//2924 1653//2924 1655//2924
f 1655//2925 1653//2925 1656//2925
f 1652//2926 1656//2926 1653//2926
f 1656//742 1657//742 564//742
f 1652//2927 1657//2927 1656//2927
f 1656//2928 564//2928 1658//2928
f 1656//2929 1658//2929 1655//2929
f 1655//2930 1658//2930 1659//2930
f 1658//2931 563//2931 1659//2931
f 1658//2932 564//2932 563//2932
f 1660//2933 1655//2933 1659//2933
f 563//2934 551//2934 1659//2934
f 1659//2935 551//2935 1660//2935
f 1660//2936 1663//2936 1655//2936
f 1660//2937 551//2937 1661//2937
f 1660//2938 1661//2938 1662//2938
f 1662//2939 1663//2939 1660//2939
f 1654//2933 1655//2933 1663//2933
f 1662//2940 1654//2940 1663//2940
f 1662//2941 1643//2941 1654//2941
f 1664//2942 1662//2942 1661//2942
f 1638//2943 1643//2943 1662//2943
f 1638//2944 1662//2944 1664//2944
f 1664//2945 544//2945 1638//2945
f 544//723 1664//723 546//723
f 1661//2942 546//2942 1664//2942
f 1661//2946 551//2946 546//2946
f 1657//2947 1652//2947 1665//2947
f 1665//2947 566//2947 1657//2947
f 564//2948 1657//2948 566//2948
f 1666//2949 1665//2949 1652//2949
f 566//2950 1665//2950 575//2950
f 1666//2951 575//2951 1665//2951
f 1667//2952 1666//2952 1650//2952
f 1667//2953 1668//2953 1666//2953
f 1652//2949 1650//2949 1666//2949
f 1666//2954 1668//2954 575//2954
f 1668//2955 1670//2955 1669//2955
f 1669//2956 574//2956 1668//2956
f 1668//2957 574//2957 575//2957
f 1667//2958 1670//2958 1668//2958
f 1670//2959 1672//2959 1671//2959
f 1671//2960 1669//2960 1670//2960
f 1672//2961 1670//2961 1667//2961
f 1667//2962 1673//2962 1672//2962
f 1675//2963 1672//2963 1673//2963
f 1674//2964 1671//2964 1672//2964
f 1672//2965 1675//2965 1674//2965
f 1676//2966 1675//2966 1673//2966
f 1677//2967 1675//2967 1676//2967
f 1677//2968 1678//2968 1675//2968
f 1678//2969 1679//2969 1675//2969
f 1679//2970 1674//2970 1675//2970
f 1682//2971 1680//2971 1679//2971
f 1680//2972 1674//2972 1679//2972
f 1681//2973 1679//2973 1678//2973
f 1682//2974 1679//2974 1681//2974
f 1684//2975 1683//2975 1682//2975
f 1683//2976 1685//2976 1682//2976
f 1685//2977 1680//2977 1682//2977
f 1684//2978 1682//2978 1681//2978
f 623//2979 1686//2979 1685//2979
f 1685//2980 1686//2980 1680//2980
f 1687//2981 1685//2981 1683//2981
f 1687//2982 623//2982 1685//2982
f 628//2983 623//2983 1687//2983
f 1688//2984 1687//2984 1683//2984
f 630//2985 628//2985 1687//2985
f 630//2986 1687//2986 1688//2986
f 630//2987 1688//2987 1689//2987
f 1689//2988 1688//2988 1683//2988
f 1690//2989 1689//2989 1684//2989
f 1689//2990 1683//2990 1684//2990
f 1691//2991 1689//2991 1690//2991
f 1691//2992 630//2992 1689//2992
f 1692//2993 631//2993 1691//2993
f 1692//2994 1691//2994 1693//2994
f 1693//2995 1691//2995 1690//2995
f 631//2996 630//2996 1691//2996
f 1694//2997 1692//2997 1693//2997
f 653//2998 1694//2998 1693//2998
f 653//2999 1693//2999 1695//2999
f 1695//3000 1693//3000 1690//3000
f 1695//3001 1697//3001 1696//3001
f 655//3002 1695//3002 1696//3002
f 1695//3003 1690//3003 1697//3003
f 653//3004 1695//3004 655//3004
f 1697//3005 1690//3005 1698//3005
f 1697//3006 1698//3006 1700//3006
f 1696//3007 1697//3007 1699//3007
f 1697//3008 1700//3008 1699//3008
f 1700//3009 1698//3009 1701//3009
f 686//3010 1700//3010 1701//3010
f 1699//3011 1700//3011 687//3011
f 1700//3012 686//3012 687//3012
f 1704//3013 1702//3013 1701//3013
f 1703//3014 1701//3014 1702//3014
f 686//3015 1701//3015 1703//3015
f 1701//3016 1677//3016 1704//3016
f 1698//3017 1705//3017 1701//3017
f 1701//3018 1705//3018 1677//3018
f 1705//3019 1706//3019 1678//3019
f 1705//3020 1678//3020 1677//3020
f 1707//3021 1706//3021 1705//3021
f 1698//3022 1707//3022 1705//3022
f 1690//3023 1707//3023 1698//3023
f 1690//3024 1684//3024 1707//3024
f 1707//3025 1684//3025 1681//3025
f 1707//3026 1681//3026 1706//3026
f 1681//3027 1678//3027 1706//3027
f 1704//3028 1677//3028 1676//3028
f 1704//3029 1709//3029 1708//3029
f 1702//3030 1704//3030 1708//3030
f 1704//3031 1676//3031 1709//3031
f 1709//3032 1676//3032 1817//3032
f 1708//3033 1709//3033 1817//3033
f 1708//3034 1817//3034 1710//3034
f 1676//3035 1673//3035 1817//3035
f 1708//3036 1710//3036 1711//3036
f 1649//3037 1710//3037 1817//3037 1673//3037
f 1647//3038 1710//3038 1649//3038
f 1711//3039 1710//3039 1647//3039
f 1702//3040 1708//3040 1711//3040
f 1702//3041 1711//3041 1712//3041
f 1641//3042 1711//3042 1647//3042
f 1713//3043 1712//3043 1711//3043
f 1713//3044 1711//3044 1714//3044
f 1714//3045 1711//3045 1641//3045
f 1716//3046 1714//3046 1715//3046
f 1715//3047 1714//3047 1640//3047
f 1640//3048 1714//3048 1641//3048
f 1716//3049 1713//3049 1714//3049
f 693//3050 690//3050 1716//3050
f 690//3051 1713//3051 1716//3051
f 1717//3052 1716//3052 1715//3052
f 693//3053 1716//3053 1717//3053
f 714//3054 1717//3054 1715//3054
f 700//3055 1717//3055 714//3055
f 700//3056 693//3056 1717//3056
f 1715//3057 1640//3057 714//3057
f 690//3058 691//3058 1713//3058
f 691//3059 1712//3059 1713//3059
f 1703//3060 1702//3060 1712//3060
f 691//3061 1718//3061 1712//3061
f 1703//3062 1712//3062 1718//3062
f 688//3063 1703//3063 1718//3063
f 688//3064 1718//3064 691//3064
f 688//3065 686//3065 1703//3065
f 1699//3066 687//3066 1696//3066
f 1696//3067 682//3067 655//3067
f 1696//3068 687//3068 682//3068
f 648//3069 1694//3069 653//3069
f 648//3070 1692//3070 1694//3070
f 1692//3071 646//3071 634//3071
f 648//3072 646//3072 1692//3072
f 634//3073 631//3073 1692//3073
f 1686//3074 1719//3074 1680//3074
f 623//3075 1720//3075 1686//3075
f 1686//3076 606//3076 1719//3076
f 1686//3077 1720//3077 606//3077
f 623//3078 620//3078 1720//3078
f 620//3079 1721//3079 1720//3079
f 1720//3080 1721//3080 1722//3080
f 606//3081 1720//3081 607//3081
f 1720//2536 1722//2536 607//2536
f 610//3082 1722//3082 1721//3082
f 610//3083 607//3083 1722//3083
f 620//3084 618//3084 1721//3084
f 1721//3085 618//3085 610//3085
f 1680//3086 1719//3086 1674//3086
f 1719//3087 606//3087 1674//3087
f 606//3088 1671//3088 1674//3088
f 1673//3037 1667//3037 1649//3037
f 606//3089 577//3089 1671//3089
f 1669//3090 1671//3090 577//3090
f 577//3091 574//3091 1669//3091
f 1650//2952 1649//2952 1667//2952
f 1645//3092 1654//3092 1643//3092
f 1654//973 1645//973 1644//973
f 1636//3093 714//3093 1640//3093
f 1638//3094 1627//3094 1630//3094
f 1723//3095 1627//3095 1638//3095
f 1723//152 1638//152 1724//152
f 1724//3096 1638//3096 544//3096
f 1630//3097 1631//3097 1638//3097
f 1724//152 534//152 1723//152
f 534//3098 1724//3098 544//3098
f 1726//131 1723//131 535//131
f 535//3099 1723//3099 534//3099
f 1723//3100 1628//3100 1627//3100
f 1723//3101 1725//3101 1628//3101
f 1624//3102 1725//3102 1723//3102
f 1723//3103 1726//3103 1624//3103
f 1726//3104 1729//3104 1727//3104
f 1727//3105 1624//3105 1726//3105
f 535//131 1728//131 1726//131
f 1726//3106 1728//3106 1729//3106
f 1727//3107 1729//3107 471//3107
f 471//3108 1729//3108 1728//3108
f 1728//3109 474//3109 471//3109
f 532//131 529//131 1728//131
f 535//147 532//147 1728//147
f 529//131 478//131 1728//131
f 478//3110 474//3110 1728//3110
f 1624//3111 1727//3111 1730//3111
f 471//3112 1730//3112 1727//3112
f 1730//3113 1622//3113 1624//3113
f 471//3114 1731//3114 1730//3114
f 1731//3115 1622//3115 1730//3115
f 1622//3116 1731//3116 1732//3116
f 469//3117 1732//3117 1731//3117
f 469//3118 1731//3118 471//3118
f 469//3119 1621//3119 1732//3119
f 1732//3120 1621//3120 1622//3120
f 1628//152 1725//152 1624//152
f 1636//3121 719//3121 714//3121
f 1733//3122 1634//3122 1613//3122
f 1734//3123 1634//3123 1733//3123
f 1734//3124 1735//3124 1634//3124
f 1735//3125 1633//3125 1634//3125
f 1734//3126 729//3126 1735//3126
f 729//3127 1633//3127 1735//3127
f 728//3128 729//3128 1734//3128
f 1606//3129 728//3129 1734//3129
f 1606//3130 1734//3130 1733//3130
f 1606//3131 1733//3131 1604//3131
f 1604//3132 1733//3132 1610//3132
f 1610//2857 1733//2857 1613//2857
f 729//3133 724//3133 1633//3133
f 469//3134 468//3134 1621//3134
f 1614//3135 1612//3135 1620//3135
f 1604//3136 1610//3136 1605//3136
f 732//3137 727//3137 739//3137
f 738//3138 1737//3138 1736//3138
f 738//3139 1736//3139 737//3139
f 738//3140 1738//3140 1737//3140
f 738//3141 671//3141 1738//3141
f 1738//3142 1739//3142 1737//3142
f 671//3143 674//3143 1738//3143
f 1738//3144 674//3144 673//3144
f 673//3145 1739//3145 1738//3145
f 1739//3146 697//3146 702//3146
f 677//3147 697//3147 1739//3147
f 1739//3148 673//3148 677//3148
f 1737//3149 1739//3149 702//3149
f 1737//3150 702//3150 704//3150
f 1737//3151 704//3151 1736//3151
f 1736//3152 710//3152 737//3152
f 1736//3153 704//3153 710//3153
f 737//3154 710//3154 734//3154
f 736//153 455//153 452//153
f 734//3155 710//3155 706//3155
f 731//3156 1740//3156 726//3156
f 731//3157 707//3157 1740//3157
f 706//3158 707//3158 731//3158
f 707//3159 1741//3159 1740//3159
f 1740//3160 1741//3160 726//3160
f 726//3161 1741//3161 722//3161
f 722//3162 1741//3162 708//3162
f 707//3163 708//3163 1741//3163
f 708//3164 717//3164 722//3164
f 708//3165 712//3165 717//3165
f 699//3166 700//3166 709//3166
f 694//3167 693//3167 700//3167
f 655//3168 682//3168 679//3168
f 654//3169 655//3169 679//3169
f 660//3170 650//3170 659//3170
f 650//3171 649//3171 659//3171
f 643//3172 633//3172 634//3172
f 628//3173 622//3173 623//3173
f 614//3174 603//3174 609//3174
f 609//3175 603//3175 602//3175
f 499//2536 580//2536 498//2536
f 575//2950 567//2950 566//2950
f 559//776 561//776 571//776
f 563//3176 555//3176 551//3176
f 550//3177 547//3177 548//3177
f 541//3178 520//3178 539//3178
f 539//3179 520//3179 522//3179
f 529//131 480//131 478//131
f 483//3180 480//3180 529//3180
f 509//3181 490//3181 488//3181
f 500//3182 496//3182 491//3182
f 485//3183 486//3183 493//3183
f 481//3184 485//3184 477//3184
f 481//3185 477//3185 476//3185
f 101//3186 423//3186 425//3186
f 102//3187 101//3187 425//3187
f 104//3188 102//3188 425//3188
f 104//3189 425//3189 420//3189
f 105//3190 420//3190 410//3190
f 105//3191 104//3191 420//3191
f 406//131 407//131 415//131
f 411//3192 413//3192 1742//3192
f 412//131 1743//131 413//131
f 1742//3193 413//3193 1743//3193
f 412//131 1745//131 1743//131
f 1742//3194 1743//3194 1744//3194
f 1743//3195 1745//3195 1744//3195
f 1745//3196 385//3196 380//3196
f 1745//3197 380//3197 1746//3197
f 412//131 389//131 1745//131
f 389//131 385//131 1745//131
f 1744//3198 1745//3198 1746//3198
f 1746//3199 377//3199 1747//3199
f 1746//3200 380//3200 377//3200
f 1748//3201 1744//3201 1746//3201
f 1748//3202 1746//3202 1747//3202
f 1749//3203 1744//3203 1748//3203
f 1749//3204 1748//3204 365//3204
f 1748//3205 1747//3205 378//3205
f 365//3206 1748//3206 378//3206
f 361//3207 1750//3207 1749//3207
f 1750//3208 1751//3208 1749//3208
f 1751//3209 1742//3209 1749//3209
f 360//3210 1749//3210 365//3210
f 1749//3211 1742//3211 1744//3211
f 361//3212 1749//3212 360//3212
f 1751//3213 411//3213 1742//3213
f 1752//3214 1751//3214 1750//3214
f 1752//3215 99//3215 1751//3215
f 99//3216 411//3216 1751//3216
f 1753//3217 1752//3217 1750//3217
f 87//3218 99//3218 1752//3218
f 87//3219 1752//3219 1753//3219
f 83//3220 1753//3220 359//3220
f 1753//3221 83//3221 87//3221
f 359//3222 1753//3222 1750//3222
f 359//3223 1750//3223 361//3223
f 1747//3224 377//3224 378//3224
f 412//3225 403//3225 1754//3225
f 389//3226 412//3226 1754//3226
f 389//3227 1754//3227 397//3227
f 1754//3228 403//3228 397//3228
f 105//131 411//131 99//131
f 389//3229 397//3229 390//3229
f 383//3230 392//3230 394//3230
f 383//3231 394//3231 381//3231
f 365//3232 378//3232 366//3232
f 342//3233 370//3233 343//3233
f 351//3234 368//3234 345//3234
f 368//3235 342//3235 345//3235
f 1755//3236 362//3236 355//3236
f 83//3237 359//3237 362//3237
f 1755//3238 84//3238 362//3238
f 362//3239 84//3239 83//3239
f 4//3240 2//3240 1755//3240
f 2//3241 1756//3241 1755//3241
f 1755//3242 1756//3242 84//3242
f 1755//3243 355//3243 4//3243
f 1756//3244 80//3244 84//3244
f 80//113 1756//113 77//113
f 2//3245 77//3245 1756//3245
f 4//3246 355//3246 354//3246
f 4//3247 354//3247 5//3247
f 6//3248 350//3248 1757//3248
f 1757//3249 350//3249 347//3249
f 350//3250 348//3250 347//3250
f 6//3251 1757//3251 1758//3251
f 347//3252 187//3252 1757//3252
f 1758//3253 1757//3253 185//3253
f 1757//3254 187//3254 185//3254
f 8//3255 1758//3255 181//3255
f 181//3256 1758//3256 184//3256
f 1758//3257 185//3257 184//3257
f 8//3258 6//3258 1758//3258
f 347//3259 340//3259 187//3259
f 187//3260 340//3260 335//3260
f 187//3261 335//3261 190//3261
f 326//3262 315//3262 318//3262
f 1759//3263 324//3263 323//3263
f 1760//3264 202//3264 324//3264
f 1760//3265 324//3265 1759//3265
f 1762//3266 202//3266 1760//3266
f 1761//3267 1760//3267 1763//3267
f 1761//3268 1762//3268 1760//3268
f 1763//3269 1760//3269 1759//3269
f 1763//3270 1759//3270 1764//3270
f 1761//3271 1763//3271 1764//3271
f 1764//3272 1759//3272 1766//3272
f 1767//3273 1764//3273 1765//3273
f 1764//3274 1766//3274 1765//3274
f 1761//3275 1764//3275 1767//3275
f 1767//3276 1765//3276 1770//3276
f 1768//3277 1761//3277 1767//3277
f 1768//3278 1767//3278 1769//3278
f 1769//3279 1767//3279 1770//3279
f 1770//3280 1765//3280 1771//3280
f 1770//3281 1771//3281 1772//3281
f 1773//3282 1770//3282 1772//3282
f 1769//3283 1770//3283 1773//3283
f 234//3284 1773//3284 1772//3284
f 1769//3285 1773//3285 234//3285
f 1772//3286 1771//3286 1774//3286
f 232//3287 1772//3287 1774//3287
f 234//3288 1772//3288 232//3288
f 1774//3289 1778//3289 1775//3289
f 1774//3290 1775//3290 249//3290
f 1776//3291 1774//3291 249//3291
f 232//3292 1774//3292 1776//3292
f 1771//3293 1777//3293 1774//3293
f 1774//3294 1777//3294 1778//3294
f 1777//3295 1779//3295 1778//3295
f 1778//3296 1780//3296 1775//3296
f 1778//3297 1779//3297 1781//3297
f 1778//3298 1781//3298 1780//3298
f 1781//3299 1784//3299 1782//3299
f 1782//3300 282//3300 1781//3300
f 1781//3301 282//3301 1783//3301
f 1781//3302 1783//3302 1785//3302
f 1779//3303 1784//3303 1781//3303
f 1780//3304 1781//3304 1785//3304
f 1785//3305 267//3305 264//3305
f 1783//3306 267//3306 1785//3306
f 1785//3307 264//3307 1786//3307
f 1780//3308 1785//3308 1786//3308
f 1780//3309 1786//3309 1787//3309
f 1787//3310 1786//3310 248//3310
f 1786//3311 264//3311 250//3311
f 248//3312 1786//3312 250//3312
f 1775//3313 1780//3313 1787//3313
f 1775//3314 1787//3314 248//3314
f 1788//3315 1789//3315 1784//3315
f 1790//3316 1788//3316 1784//3316
f 1784//3317 1789//3317 1782//3317
f 1790//3318 1784//3318 1779//3318
f 1791//3319 1792//3319 1790//3319
f 1790//3319 1779//3319 1791//3319
f 1792//3320 1793//3320 1790//3320
f 1793//3321 1788//3321 1790//3321
f 1765//3322 1794//3322 1793//3322
f 1794//3323 1795//3323 1793//3323
f 1793//3324 1795//3324 1788//3324
f 1765//3325 1793//3325 1792//3325
f 1794//3326 1796//3326 1795//3326
f 1796//3327 1798//3327 1795//3327
f 1795//3328 1797//3328 1788//3328
f 1795//3329 1798//3329 1797//3329
f 1799//3330 1798//3330 1796//3330
f 1799//3331 1800//3331 1798//3331
f 1800//3332 285//3332 1798//3332
f 1797//3333 1798//3333 285//3333
f 323//3334 1802//3334 1800//3334
f 323//3335 1800//3335 1799//3335
f 1800//3336 1801//3336 285//3336
f 1802//3337 1801//3337 1800//3337
f 1802//3338 1803//3338 1801//3338
f 1802//3339 302//3339 1803//3339
f 323//3340 321//3340 1802//3340
f 321//3341 302//3341 1802//3341
f 1803//3342 299//3342 1801//3342
f 302//3343 299//3343 1803//3343
f 285//3344 1801//3344 287//3344
f 1801//3345 299//3345 287//3345
f 1794//3346 1799//3346 1796//3346
f 1766//3347 1799//3347 1794//3347
f 1766//3348 323//3348 1799//3348
f 1788//3349 1797//3349 1789//3349
f 1797//3350 284//3350 1789//3350
f 285//3351 284//3351 1797//3351
f 1765//3352 1766//3352 1794//3352
f 1792//3353 1791//3353 1777//3353
f 1771//3354 1792//3354 1777//3354
f 1765//3355 1792//3355 1771//3355
f 1777//3356 1791//3356 1779//3356
f 1789//3357 284//3357 1804//3357
f 1789//3358 1804//3358 1782//3358
f 284//3359 281//3359 1804//3359
f 1782//3360 1804//3360 281//3360
f 1783//3361 1805//3361 267//3361
f 1783//3362 282//3362 279//3362
f 1783//3363 279//3363 1805//3363
f 267//3364 1805//3364 268//3364
f 1805//3365 279//3365 268//3365
f 1782//3366 281//3366 282//3366
f 233//3367 1776//3367 1806//3367
f 1806//3368 1776//3368 244//3368
f 233//3369 232//3369 1776//3369
f 1776//3370 249//3370 244//3370
f 233//3371 1806//3371 236//3371
f 236//3372 1806//3372 244//3372
f 1775//3373 248//3373 249//3373
f 231//3374 1769//3374 234//3374
f 231//3375 1768//3375 1769//3375
f 214//3376 1768//3376 1807//3376
f 1807//3377 1768//3377 231//3377
f 214//3378 215//3378 1768//3378
f 1761//3379 1768//3379 215//3379
f 217//3380 214//3380 1807//3380
f 1807//3381 231//3381 225//3381
f 217//3382 1807//3382 226//3382
f 226//3383 1807//3383 225//3383
f 1759//3384 323//3384 1766//3384
f 1762//3385 212//3385 202//3385
f 215//3386 212//3386 1762//3386
f 215//3387 1762//3387 1761//3387
f 321//3388 303//3388 302//3388
f 277//3389 291//3389 276//3389
f 279//3390 271//3390 268//3390
f 273//3391 276//3391 274//3391
f 250//3392 264//3392 254//3392
f 220//3393 209//3393 208//3393
f 215//3394 211//3394 212//3394
f 204//3395 202//3395 212//3395
f 182//3396 198//3396 206//3396
f 195//3397 196//3397 200//3397
f 181//3398 15//3398 8//3398
f 176//3399 177//3399 179//3399
f 163//3400 165//3400 173//3400
f 14//13 171//13 172//13
f 14//13 172//13 13//13
f 172//3401 18//3401 13//3401
f 168//3402 18//3402 172//3402
f 171//3403 14//3403 15//3403
f 168//3404 167//3404 18//3404
f 18//3405 167//3405 1809//3405
f 167//3406 132//3406 1808//3406
f 167//3407 1808//3407 1809//3407
f 18//3408 1809//3408 20//3408
f 1809//3409 1810//3409 31//3409
f 1809//3410 1808//3410 1810//3410
f 20//3411 1809//3411 31//3411
f 31//3412 1810//3412 1811//3412
f 1808//3413 1811//3413 1810//3413
f 31//3414 1811//3414 32//3414
f 1811//3415 133//3415 1812//3415
f 1808//3416 133//3416 1811//3416
f 32//3417 1811//3417 1812//3417
f 32//3418 1812//3418 34//3418
f 34//3419 1812//3419 1813//3419
f 133//3420 129//3420 1812//3420
f 1812//3421 123//3421 1813//3421
f 1812//3422 122//3422 123//3422
f 1812//3423 129//3423 122//3423
f 34//3424 1813//3424 36//3424
f 36//3425 1813//3425 121//3425
f 1813//3426 123//3426 121//3426
f 132//3427 133//3427 1808//3427
f 160//3428 146//3428 162//3428
f 162//3429 146//3429 143//3429
f 162//3430 143//3430 132//3430
f 151//3431 148//3431 149//3431
f 132//3432 143//3432 136//3432
f 127//3433 135//3433 128//3433
f 44//13 121//13 1818//13 108//13
f 37//3434 121//3434 44//3434
f 121//13 113//13 1818//13
f 37//3435 36//3435 121//3435
f 46//13 44//13 108//13
f 108//13 107//13 46//13
f 1814//13 25//13 78//13
f 77//13 1814//13 78//13
f 25//3436 24//3436 78//3436
f 1814//13 1815//13 25//13
f 2//3437 1814//3437 77//3437
f 1815//3438 1814//3438 2//3438
f 1815//13 17//13 25//13
f 1815//13 11//13 17//13
f 11//3439 1815//3439 3//3439
f 2//3438 3//3438 1815//3438
f 59//3440 48//3440 50//3440
f 42//3441 37//3441 44//3441
f 28//3442 30//3442 41//3442
f 15//3443 9//3443 8//3443
