# Blender 5.0.1
# www.blender.org
mtllib left_wrist_z_link_visual_0.mtl
o L_i2_CoverFingerV3.001_visual.001
v 0.200853 -0.219353 -0.016531
v 0.196376 -0.217270 -0.019145
v 0.192501 -0.216428 -0.023423
v 0.190178 -0.217049 -0.028607
v 0.189665 -0.218886 -0.033657
v 0.190961 -0.221806 -0.038119
v 0.194771 -0.226270 -0.041967
v 0.200755 -0.230902 -0.042669
v 0.205728 -0.233739 -0.040881
v 0.209147 -0.234989 -0.038262
v 0.212235 -0.235532 -0.034460
v 0.214409 -0.234730 -0.029191
v 0.214715 -0.233532 -0.025894
v 0.214067 -0.231152 -0.021682
v 0.210796 -0.226788 -0.017202
v 0.205623 -0.222470 -0.015663
v 0.210448 -0.202390 -0.006876
v 0.202017 -0.198137 -0.010234
v 0.192303 -0.195749 -0.017638
v 0.184934 -0.196923 -0.027234
v 0.181082 -0.201375 -0.037971
v 0.180900 -0.205898 -0.044498
v 0.182949 -0.212520 -0.051518
v 0.188839 -0.221270 -0.057230
v 0.197519 -0.229621 -0.059291
v 0.207383 -0.236178 -0.057427
v 0.217340 -0.240242 -0.052162
v 0.226202 -0.241207 -0.043715
v 0.232221 -0.238717 -0.033577
v 0.234497 -0.233159 -0.023286
v 0.232793 -0.225485 -0.014576
v 0.228444 -0.218445 -0.009383
v 0.224764 -0.214013 -0.007265
v 0.218729 -0.208215 -0.005837
v -0.015341 -0.081104 -0.050078
v -0.019831 -0.078943 -0.052581
v -0.023845 -0.077996 -0.056844
v -0.026306 -0.078536 -0.062080
v -0.026866 -0.080445 -0.067312
v -0.025526 -0.083437 -0.071881
v -0.022339 -0.087209 -0.075206
v -0.017804 -0.091055 -0.076456
v -0.012810 -0.094262 -0.075532
v -0.008026 -0.096400 -0.072566
v -0.004281 -0.097098 -0.068122
v -0.002118 -0.096292 -0.062852
v -0.001876 -0.094159 -0.057660
v -0.003462 -0.091158 -0.053400
v -0.006353 -0.087897 -0.050603
v -0.010624 -0.084251 -0.049336
v -0.006082 -0.063953 -0.040542
v -0.014468 -0.059725 -0.043877
v -0.024151 -0.057317 -0.051226
v -0.031586 -0.058477 -0.060877
v -0.035446 -0.062924 -0.071615
v -0.035630 -0.067461 -0.078165
v -0.033570 -0.074103 -0.085200
v -0.027678 -0.082848 -0.090902
v -0.019395 -0.090876 -0.092871
v -0.011810 -0.096148 -0.091873
v -0.004267 -0.100054 -0.088991
v 0.005511 -0.102723 -0.081917
v 0.013093 -0.101951 -0.072457
v 0.017333 -0.097841 -0.062017
v 0.017567 -0.091044 -0.052245
v 0.013702 -0.082052 -0.044367
v 0.008234 -0.075576 -0.040931
v 0.001442 -0.069149 -0.039429
v -0.224562 0.102566 0.024036
v -0.229088 0.104758 0.021530
v -0.233118 0.105711 0.017257
v -0.235586 0.105167 0.012007
v -0.236141 0.103253 0.006773
v -0.234801 0.100265 0.002214
v -0.231613 0.096494 -0.001112
v -0.227069 0.092641 -0.002360
v -0.222145 0.089474 -0.001451
v -0.217350 0.087318 0.001490
v -0.213550 0.086609 0.005996
v -0.211384 0.087408 0.011235
v -0.211152 0.089518 0.016393
v -0.212587 0.092339 0.020501
v -0.215630 0.095808 0.023493
v -0.219898 0.099452 0.024760
v -0.218003 0.121280 0.032878
v -0.228830 0.125618 0.026881
v -0.235032 0.126377 0.021026
v -0.240859 0.125224 0.013221
v -0.244723 0.120772 0.002468
v -0.244906 0.116243 -0.004069
v -0.242861 0.109627 -0.011085
v -0.236974 0.100878 -0.016797
v -0.228664 0.092823 -0.018769
v -0.218806 0.086164 -0.017186
v -0.208465 0.081898 -0.011734
v -0.199598 0.080936 -0.003276
v -0.193585 0.083424 0.006853
v -0.191310 0.088985 0.017148
v -0.193013 0.096656 0.025854
v -0.197362 0.103696 0.031047
v -0.201042 0.108128 0.033165
v -0.207051 0.113844 0.034564
v 0.171284 -0.212042 -0.025257
v 0.168335 -0.219318 -0.035859
v 0.198844 -0.233565 0.007458
v 0.171611 -0.239545 -0.048253
v 0.215645 -0.253356 -0.003779
v 0.216924 -0.259663 -0.011236
v 0.189806 -0.263217 -0.047229
v 0.199211 -0.267589 -0.041492
v 0.211906 -0.267462 -0.027206
v 0.206368 -0.268562 -0.034741
v -0.047148 -0.084966 -0.039604
v -0.052787 -0.085684 -0.047897
v -0.031779 -0.087843 -0.028854
v -0.025041 -0.088911 -0.027655
v -0.017258 -0.089499 -0.028009
v -0.056722 -0.097603 -0.069189
v -0.000967 -0.092935 -0.033196
v -0.052264 -0.107040 -0.077269
v 0.009089 -0.104366 -0.045443
v -0.041858 -0.117216 -0.081966
v 0.008870 -0.110456 -0.052482
v 0.005873 -0.116353 -0.059983
v -0.021834 -0.124760 -0.079995
v 0.000006 -0.120939 -0.067017
v -0.008917 -0.124301 -0.074137
v -0.258785 0.098305 0.032316
v -0.250174 0.097230 0.041221
v -0.264712 0.095965 0.021759
v -0.241328 0.094246 0.046094
v -0.266928 0.089676 0.010185
v -0.217016 0.087245 0.044609
v -0.223214 0.088225 0.046914
v -0.264889 0.081843 0.001170
v -0.209834 0.085952 0.040544
v -0.243953 0.061969 -0.008202
v -0.201610 0.070002 0.016509
v -0.199627 0.075708 0.024198
v -0.207450 0.063946 0.008300
v -0.236507 0.068137 0.007977
v -0.251605 0.066607 -0.007786
v -0.226325 0.058237 -0.003702
v -0.258925 0.073154 -0.005210
v -0.218439 0.059130 0.000042
v -0.219561 0.066224 0.009894
v -0.207237 0.075743 0.023422
v -0.251448 0.089932 0.029759
v -0.230473 0.080329 0.032123
v -0.226735 0.078684 0.030188
v -0.212408 0.078770 0.028200
v -0.229477 0.089745 0.047995
v -0.235604 0.091845 0.047704
v -0.223561 0.076962 0.027183
v -0.203172 0.082702 0.034414
v -0.009663 -0.113692 -0.059816
v 0.005585 -0.097956 -0.038546
v -0.015200 -0.101890 -0.045070
v -0.032740 -0.122160 -0.082296
v -0.010231 -0.090276 -0.029456
v -0.047638 -0.112570 -0.080165
v -0.041094 -0.099063 -0.052048
v -0.039484 -0.086090 -0.032504
v -0.046389 -0.093284 -0.049325
v -0.056766 -0.090155 -0.058987
v 0.201101 -0.241374 -0.000187
v 0.215528 -0.264140 -0.018692
v 0.212183 -0.246743 0.002015
v 0.206268 -0.240010 0.005902
v 0.193441 -0.235822 -0.001256
v 0.191867 -0.227740 0.006193
v 0.182040 -0.231071 -0.016861
v 0.182421 -0.256829 -0.049733
v 0.186398 -0.221744 0.002546
v 0.180164 -0.241318 -0.032694
v 0.176202 -0.248764 -0.050250
v 0.180902 -0.214236 -0.005585
v 0.179252 -0.224448 -0.017172
v 0.176083 -0.231634 -0.030527
v 0.176749 -0.210792 -0.013349
v 0.168591 -0.229683 -0.044019
v -0.100624 -0.027279 -0.133705
v -0.099993 -0.020264 -0.132476
v -0.091293 -0.023415 -0.127373
v -0.108367 -0.022908 -0.134377
v -0.113135 -0.016128 -0.133981
v -0.101077 -0.033205 -0.133465
v -0.093055 -0.041460 -0.131728
v -0.091443 -0.032032 -0.130206
v -0.083346 -0.059355 -0.127329
v -0.084587 -0.051115 -0.128628
v -0.107304 -0.018351 -0.134202
v -0.106487 -0.011933 -0.132536
v -0.099942 -0.012679 -0.129759
v -0.102881 -0.006646 -0.128525
v 0.334732 -0.314412 -0.006705
v 0.334116 -0.311430 -0.011876
v 0.328187 -0.314673 -0.018532
v 0.321394 -0.312426 -0.029563
v 0.338898 -0.314452 0.004255
v 0.343372 -0.311992 0.013874
v 0.343808 -0.304521 0.004189
v 0.342645 -0.309202 0.005820
v 0.350267 -0.300145 0.018372
v 0.350590 -0.303495 0.023997
v 0.327061 -0.311112 -0.023503
v 0.321314 -0.305715 -0.033409
v 0.332566 -0.309303 -0.015978
v 0.328508 -0.305902 -0.023338
v 0.347661 -0.308665 0.024430
v -0.128112 -0.008273 -0.128103
v -0.127743 -0.001760 -0.124870
v -0.126481 0.004605 -0.120190
v -0.120408 -0.007529 -0.130587
v -0.121623 -0.012727 -0.131707
v -0.116567 -0.000302 -0.126876
v -0.116206 -0.013117 -0.133246
v -0.114754 -0.006084 -0.130793
v -0.111571 -0.011028 -0.132917
v -0.139492 -0.004274 -0.120896
v -0.153636 0.001157 -0.110798
v -0.145880 -0.023382 -0.120459
v -0.167609 -0.000002 -0.101125
v -0.125642 -0.024766 -0.131433
v 0.021018 -0.156852 -0.140325
v 0.010979 -0.146486 -0.133938
v 0.007395 -0.148249 -0.133224
v -0.017042 -0.130030 -0.122568
v 0.054937 -0.174938 -0.158887
v 0.033351 -0.153486 -0.142540
v 0.032981 -0.158487 -0.145348
v 0.061970 -0.173227 -0.161189
v -0.005291 -0.138774 -0.127182
v -0.001349 -0.135830 -0.126972
v 0.013445 -0.141721 -0.131872
v -0.012954 -0.127609 -0.122302
v -0.005878 -0.125072 -0.120358
v -0.013505 -0.121106 -0.118627
v -0.363321 0.182100 -0.018052
v -0.357766 0.183646 -0.020348
v -0.369274 0.178440 -0.014133
v -0.372315 0.185687 -0.006479
v -0.371097 0.193069 -0.002323
v -0.373867 0.194844 0.003087
v -0.361682 0.175542 -0.022142
v -0.355392 0.172270 -0.027277
v -0.359336 0.178887 -0.022517
v -0.353707 0.177100 -0.026141
v -0.348188 0.177433 -0.027618
v -0.366996 0.187584 -0.011091
v -0.369125 0.205844 0.008108
v -0.362662 0.190973 -0.011919
v -0.365720 0.199105 -0.002169
v -0.281132 0.099566 -0.036702
v -0.275837 0.096533 -0.036837
v -0.273534 0.100036 -0.035829
v -0.272363 0.108280 -0.032748
v -0.285703 0.108089 -0.037413
v -0.270119 0.086244 -0.037286
v -0.259915 0.076807 -0.039703
v -0.251200 0.069874 -0.042719
v -0.264583 0.084739 -0.038211
v -0.263865 0.088945 -0.037006
v -0.258320 0.086811 -0.036668
v -0.253345 0.075549 -0.040942
v -0.250902 0.079289 -0.039014
v -0.243676 0.069558 -0.043752
v -0.239655 0.074072 -0.040418
v -0.283420 0.113339 -0.036364
v -0.278485 0.120742 -0.032188
v -0.296375 0.111158 -0.036859
v -0.208333 0.035103 -0.068734
v -0.201367 0.034411 -0.072222
v -0.193955 0.033335 -0.075121
v -0.224779 0.047105 -0.057403
v -0.239002 0.058427 -0.048692
v -0.183270 0.017289 -0.087786
v -0.179174 0.017821 -0.090059
v -0.174679 0.019585 -0.091033
v -0.154884 0.008652 -0.106284
v -0.217764 0.047201 -0.060079
v -0.229310 0.054903 -0.053117
v -0.239641 0.063390 -0.047087
v -0.214491 0.052969 -0.056177
v -0.227104 0.063930 -0.046885
v -0.232829 0.063428 -0.047577
v -0.061466 -0.088326 -0.119380
v -0.059449 -0.087317 -0.119311
v -0.061140 -0.081400 -0.119356
v -0.059777 -0.078165 -0.117704
v -0.071049 -0.074238 -0.122843
v -0.048404 -0.103710 -0.117346
v -0.037340 -0.114393 -0.117756
v -0.051058 -0.092222 -0.117231
v -0.046366 -0.102107 -0.117588
v -0.042941 -0.100800 -0.116589
v -0.040566 -0.096303 -0.113374
v -0.035945 -0.112471 -0.117980
v -0.034192 -0.109489 -0.117040
v -0.032016 -0.104749 -0.113850
v -0.024711 -0.118385 -0.118840
v -0.023504 -0.114664 -0.116770
v -0.071958 -0.063673 -0.122558
v 0.146295 -0.234919 -0.123269
v 0.158595 -0.242404 -0.109898
v 0.147092 -0.229507 -0.124274
v 0.148717 -0.226767 -0.122530
v 0.128622 -0.219441 -0.145996
v 0.156027 -0.243500 -0.111102
v 0.170931 -0.253422 -0.096394
v 0.162506 -0.240569 -0.106855
v 0.170211 -0.237703 -0.098410
v 0.170644 -0.250293 -0.098220
v 0.174317 -0.248148 -0.095734
v 0.180022 -0.255751 -0.090537
v 0.182173 -0.245277 -0.087954
v 0.183138 -0.253296 -0.088670
v -0.051899 -0.119400 -0.111331
v -0.044495 -0.126568 -0.110447
v -0.034832 -0.134691 -0.110457
v -0.030386 -0.139024 -0.114467
v -0.079038 -0.089546 -0.116175
v -0.063948 -0.106762 -0.112377
v -0.097486 -0.068814 -0.123004
v -0.090791 -0.076751 -0.117270
v -0.071156 -0.098654 -0.109051
v -0.057952 -0.111663 -0.104067
v -0.046036 -0.120739 -0.098134
v 0.012652 -0.169272 -0.130994
v 0.018514 -0.173960 -0.136800
v -0.022688 -0.144677 -0.114493
v 0.012406 -0.166601 -0.127054
v 0.049472 -0.192910 -0.154014
v -0.005744 -0.157412 -0.122762
v -0.009513 -0.155036 -0.122508
v -0.005047 -0.154507 -0.117185
v -0.014968 -0.147429 -0.112322
v -0.027809 -0.134550 -0.101435
v 0.047229 -0.189875 -0.148392
v 0.019797 -0.166185 -0.124944
v 0.044577 -0.182760 -0.140057
v 0.076432 -0.207692 -0.157200
v 0.072003 -0.206237 -0.161853
v 0.069721 -0.201134 -0.153031
v 0.074704 -0.208025 -0.160472
v 0.079046 -0.210343 -0.161935
v 0.064801 -0.201932 -0.158121
v 0.055704 -0.196253 -0.154591
v 0.061653 -0.199739 -0.159720
v 0.059140 -0.195150 -0.150839
v 0.056238 -0.186188 -0.141368
v 0.078243 -0.204356 -0.151000
v -0.371606 0.166241 -0.011641
v -0.371834 0.165875 -0.014068
v -0.366782 0.160250 -0.019208
v -0.377275 0.175587 -0.002482
v -0.375101 0.170702 -0.008550
v -0.378175 0.181312 0.005358
v -0.373304 0.171408 -0.004742
v 0.141311 -0.250355 -0.108512
v 0.136500 -0.247637 -0.116379
v 0.114767 -0.232352 -0.139097
v 0.141132 -0.246547 -0.104042
v 0.154955 -0.256237 -0.090933
v 0.164388 -0.263408 -0.084495
v 0.153038 -0.258296 -0.097589
v 0.164358 -0.265369 -0.088317
v 0.118518 -0.227625 -0.126496
v 0.162046 -0.252436 -0.076192
v 0.143554 -0.239155 -0.093284
v -0.339712 0.138723 -0.031453
v -0.338033 0.136302 -0.034253
v -0.342988 0.143699 -0.027326
v -0.337516 0.148015 -0.018707
v -0.337355 0.136170 -0.035987
v -0.346676 0.143959 -0.030773
v -0.353688 0.149603 -0.028083
v -0.346144 0.150613 -0.020635
v -0.334215 0.157419 -0.007241
v -0.354297 0.151907 -0.023880
v -0.355705 0.159810 -0.013637
v -0.329168 0.134691 -0.026574
v 0.270880 -0.314905 -0.048640
v 0.277084 -0.318155 -0.048441
v 0.268849 -0.311418 -0.046061
v 0.281979 -0.315417 -0.040704
v 0.267281 -0.298760 -0.035154
v -0.282649 0.080777 -0.025191
v -0.286043 0.081872 -0.029369
v -0.297137 0.094138 -0.029169
v -0.265308 0.061992 -0.032135
v -0.273457 0.069235 -0.030949
v -0.273720 0.069843 -0.031881
v -0.254607 0.052188 -0.037817
v -0.287410 0.083821 -0.030681
v -0.299115 0.096791 -0.032007
v -0.293498 0.092446 -0.025130
v -0.296401 0.104143 -0.017238
v -0.271347 0.070228 -0.025739
v -0.259733 0.058850 -0.030161
v -0.269166 0.073650 -0.018771
v -0.247712 0.053176 -0.027308
v -0.255286 0.062142 -0.020408
v 0.320781 -0.326516 -0.009630
v 0.306162 -0.323211 -0.024174
v 0.333901 -0.320086 0.017621
v 0.331036 -0.322993 0.009344
v 0.336916 -0.319935 0.019037
v 0.316427 -0.326649 -0.015165
v 0.311906 -0.326595 -0.023143
v 0.323602 -0.324214 -0.000935
v 0.330834 -0.318858 0.015656
v -0.246355 0.046456 -0.038585
v -0.193949 0.006739 -0.075834
v -0.166793 -0.012319 -0.101839
v -0.232310 0.034580 -0.049739
v -0.218888 0.024536 -0.060160
v -0.245395 0.044686 -0.042944
v -0.213505 0.022045 -0.057821
v -0.223941 0.032878 -0.042494
v -0.233075 0.039979 -0.037745
v -0.160972 -0.017057 -0.104570
v -0.144485 -0.030423 -0.117911
v -0.132406 -0.039674 -0.126744
v -0.139379 -0.033646 -0.124018
v -0.137484 -0.036475 -0.122290
v -0.113203 -0.054345 -0.127185
v -0.125793 -0.044705 -0.127826
v -0.099943 -0.067352 -0.120361
v -0.130954 -0.039552 -0.128170
v -0.110053 -0.057940 -0.123801
v -0.122832 -0.048357 -0.124705
v -0.129557 -0.042824 -0.125262
v -0.131350 -0.041964 -0.124044
v -0.140857 -0.030359 -0.124183
v -0.132874 -0.030724 -0.128815
v -0.136531 -0.024254 -0.126483
v -0.148770 -0.025069 -0.117936
v -0.135971 -0.034725 -0.126845
v -0.202286 0.015130 -0.073872
v -0.227028 0.033329 -0.055654
v -0.243183 0.044329 -0.045272
v -0.226966 0.031076 -0.055315
v -0.173623 -0.006392 -0.097237
v -0.198598 0.010626 -0.076394
v 0.323140 -0.326025 -0.008119
v 0.337130 -0.319757 0.014351
v 0.341044 -0.316809 0.025721
v 0.329949 -0.323474 0.000480
v 0.321735 -0.325194 -0.012918
v 0.317137 -0.325913 -0.018753
v 0.311506 -0.325976 -0.025504
v 0.328161 -0.324789 0.001320
v 0.333109 -0.322567 0.009973
v -0.270939 0.068622 -0.033519
v -0.262464 0.060660 -0.036057
v -0.289201 0.089426 -0.032507
v -0.297685 0.099825 -0.033966
v -0.280706 0.079082 -0.032125
v 0.291796 -0.322647 -0.043462
v 0.297490 -0.322562 -0.041066
v 0.303076 -0.324191 -0.035711
v 0.309044 -0.324452 -0.030056
v 0.289044 -0.320759 -0.046174
v 0.284946 -0.320928 -0.046325
v 0.281041 -0.318696 -0.048833
v 0.301359 -0.325215 -0.034829
v 0.301999 -0.319381 -0.040337
v 0.292586 -0.317774 -0.046337
v -0.316972 0.121587 -0.038223
v -0.319003 0.135501 -0.040651
v -0.323803 0.132119 -0.039961
v -0.316732 0.127658 -0.039754
v 0.217043 -0.289900 -0.064066
v 0.218253 -0.292200 -0.062324
v 0.236944 -0.299919 -0.058208
v 0.200146 -0.283046 -0.069424
v 0.183100 -0.275206 -0.077035
v 0.200969 -0.284592 -0.067661
v 0.241766 -0.300146 -0.058128
v 0.185014 -0.274250 -0.077620
v -0.371885 0.168100 -0.014727
v -0.375531 0.173845 -0.008380
v -0.377645 0.177459 -0.003505
v -0.379203 0.185558 0.004737
v -0.379113 0.181549 0.003040
v -0.379929 0.188248 0.010600
v -0.368396 0.163386 -0.018788
v -0.363798 0.157968 -0.022500
v -0.364972 0.162969 -0.021984
v -0.359095 0.156814 -0.026603
v 0.101198 -0.218673 -0.158688
v 0.101343 -0.221710 -0.156441
v 0.107646 -0.225165 -0.152293
v 0.093536 -0.215909 -0.161182
v 0.114124 -0.230996 -0.144513
v 0.097178 -0.211325 -0.162980
v 0.006893 -0.163698 -0.132238
v -0.002075 -0.158809 -0.127423
v 0.041799 -0.186180 -0.151487
v -0.031182 -0.137104 -0.115597
v -0.018058 -0.147276 -0.120229
v -0.069961 -0.098289 -0.114970
v -0.058606 -0.110639 -0.113083
v -0.049099 -0.120420 -0.112813
v -0.039910 -0.128903 -0.113816
v -0.080833 -0.084526 -0.118811
v -0.084169 -0.082732 -0.118947
v -0.107184 -0.054674 -0.128542
v -0.115227 -0.044929 -0.130866
v -0.122117 -0.045729 -0.129293
v -0.108739 -0.056638 -0.127425
v -0.127177 -0.034226 -0.130777
v -0.118582 -0.036194 -0.132216
v -0.347995 0.150786 -0.033209
v -0.347221 0.145221 -0.032790
v -0.327221 0.139283 -0.040272
v -0.339572 0.149126 -0.036889
v -0.353138 0.152090 -0.030136
v -0.330192 0.134457 -0.038892
v -0.336159 0.141217 -0.038070
v -0.332099 0.148084 -0.039128
v -0.324430 0.124653 -0.037363
v -0.316042 0.114831 -0.032745
v -0.312267 0.110709 -0.033841
v -0.327059 0.126023 -0.034884
v -0.330730 0.129819 -0.036751
v -0.321508 0.121897 -0.031572
v -0.321345 0.126598 -0.026470
v -0.318812 0.136408 -0.016162
v -0.330127 0.130309 -0.032363
v -0.339818 0.167291 -0.034214
v -0.317028 0.158852 -0.038502
v -0.327388 0.168684 -0.035454
v -0.322195 0.173195 -0.033084
v -0.338298 0.171700 -0.032805
v -0.332159 0.177975 -0.029418
v -0.349848 0.171085 -0.030150
v -0.325957 0.147553 -0.040101
v -0.327533 0.163573 -0.037163
v -0.317539 0.166408 -0.036345
v -0.311141 0.174220 -0.031371
v -0.305193 0.150711 -0.038510
v -0.310928 0.152501 -0.039199
v -0.301258 0.135961 -0.039516
v -0.303576 0.126267 -0.039115
v -0.294359 0.135337 -0.037518
v -0.295318 0.124122 -0.038974
v -0.309940 0.164344 -0.036009
v -0.302173 0.162645 -0.034118
v -0.320041 0.143460 -0.040681
v 0.072918 -0.202456 -0.164541
v 0.082776 -0.210009 -0.163726
v 0.079194 -0.204422 -0.165562
v 0.056320 -0.193624 -0.158968
v 0.067963 -0.201463 -0.162916
v 0.051491 -0.192383 -0.156267
v 0.076370 -0.206848 -0.163885
v 0.085763 -0.205624 -0.165629
v 0.065385 -0.195780 -0.162924
v 0.272310 -0.315739 -0.050672
v 0.281132 -0.314508 -0.050543
v 0.271312 -0.314160 -0.051740
v 0.287202 -0.320452 -0.042094
v 0.296068 -0.323917 -0.040203
v 0.296527 -0.320472 -0.032558
v 0.303330 -0.324807 -0.030245
v 0.293504 -0.323347 -0.040079
v 0.281403 -0.305044 -0.030854
v 0.303574 -0.316517 -0.019999
v 0.097412 -0.220999 -0.153567
v 0.092461 -0.217852 -0.159108
v 0.092742 -0.217135 -0.153453
v 0.112078 -0.229228 -0.139722
v 0.104498 -0.225588 -0.149410
v 0.102052 -0.224184 -0.152931
v 0.113604 -0.231714 -0.142729
v 0.090839 -0.217446 -0.157930
v 0.093427 -0.211189 -0.145042
v 0.102838 -0.221882 -0.145810
v 0.108679 -0.222568 -0.137684
v 0.101574 -0.214935 -0.139694
v 0.120134 -0.219445 -0.117299
v 0.090179 -0.186908 -0.170809
v 0.083184 -0.183922 -0.169880
v 0.075593 -0.182632 -0.167785
v 0.065971 -0.179262 -0.164080
v 0.097469 -0.188417 -0.170606
v 0.092733 -0.183333 -0.171155
v 0.096414 -0.178656 -0.170207
v 0.095237 -0.173253 -0.167521
v 0.087163 -0.178400 -0.169530
v 0.076968 -0.177904 -0.167300
v 0.066797 -0.169447 -0.160659
v 0.081817 -0.172812 -0.165872
v 0.103764 -0.174482 -0.167446
v 0.100074 -0.184730 -0.170883
v 0.102397 -0.181398 -0.170219
v 0.106290 -0.177764 -0.168272
v 0.308203 -0.296412 -0.047282
v 0.305014 -0.291644 -0.049431
v 0.310636 -0.303116 -0.043871
v 0.311745 -0.296527 -0.045341
v 0.312687 -0.287295 -0.045444
v 0.305398 -0.285660 -0.049819
v 0.309945 -0.282789 -0.047281
v 0.306707 -0.279421 -0.048720
v 0.315267 -0.278304 -0.041869
v 0.310801 -0.272439 -0.044373
v 0.291291 -0.309498 -0.049324
v 0.315979 -0.295069 -0.041697
v 0.315429 -0.306056 -0.039337
v 0.318667 -0.308962 -0.034838
v 0.265086 -0.289321 -0.059098
v 0.280399 -0.296672 -0.054281
v 0.297491 -0.278703 -0.051604
v 0.299115 -0.270710 -0.048265
v 0.265461 -0.297739 -0.056592
v 0.248924 -0.295400 -0.059231
v 0.291374 -0.285967 -0.053770
v 0.304408 -0.274978 -0.048517
v 0.262289 -0.284818 -0.059659
v 0.267595 -0.279270 -0.057130
v 0.111430 -0.200662 -0.164890
v 0.114473 -0.198713 -0.164284
v 0.115351 -0.191221 -0.164945
v 0.117450 -0.185837 -0.162651
v 0.106896 -0.194328 -0.168059
v 0.116684 -0.208144 -0.159492
v 0.122674 -0.214248 -0.152932
v 0.118677 -0.205144 -0.159741
v 0.120259 -0.197746 -0.160078
v 0.126270 -0.206652 -0.152361
v 0.111097 -0.193438 -0.167167
v 0.106652 -0.187832 -0.169378
v 0.111502 -0.185255 -0.167448
v 0.107976 -0.181963 -0.168674
v 0.112820 -0.179399 -0.165370
v -0.040563 0.004189 0.021933
v -0.044654 0.030121 0.052691
v -0.046091 0.035682 0.057790
v -0.047875 0.042266 0.062024
v -0.042890 -0.002757 0.019830
v -0.049128 0.029525 0.057418
v -0.049465 0.038392 0.061458
v 0.046517 -0.049720 -0.040476
v 0.034074 -0.051795 -0.034616
v 0.019786 -0.053095 -0.028060
v 0.024953 -0.049420 -0.032687
v 0.016678 -0.047767 -0.029134
v 0.009066 -0.045359 -0.025531
v 0.003411 -0.042220 -0.023174
v 0.029406 -0.049538 -0.039966
v 0.030150 -0.052068 -0.045955
v 0.034840 -0.049628 -0.038485
v 0.056055 -0.048567 -0.042191
v 0.042319 -0.049799 -0.042260
v 0.054070 -0.049061 -0.044541
v 0.043575 -0.051767 -0.047931
v 0.067231 -0.046179 -0.043723
v 0.071078 -0.050846 -0.053936
v 0.033288 -0.050237 -0.035840
v 0.031117 -0.054051 -0.032355
v 0.041366 -0.050333 -0.038299
v 0.039013 -0.054054 -0.034603
v 0.045189 -0.051419 -0.037319
v 0.052875 -0.049421 -0.039909
v 0.046177 -0.053524 -0.035795
v 0.051364 -0.051497 -0.036819
v 0.018909 -0.050173 -0.028658
v 0.005601 -0.046345 -0.022349
v 0.003942 -0.049121 -0.020596
v 0.026581 -0.048822 -0.035359
v 0.019493 -0.048937 -0.039797
v 0.017990 -0.047079 -0.031808
v 0.017523 -0.046924 -0.034694
v 0.009947 -0.044464 -0.028037
v 0.009610 -0.044131 -0.031739
v 0.010366 -0.047785 -0.040041
v 0.006230 -0.043601 -0.033735
v 0.001541 -0.039851 -0.025062
v 0.002557 -0.040410 -0.028309
v -0.194429 0.172707 0.067687
v -0.192432 0.160803 0.065534
v -0.188310 0.147646 0.062200
v -0.194609 0.165682 0.068927
v -0.195928 0.159921 0.070592
v -0.195554 0.187371 0.069591
v -0.194152 0.173101 0.064565
v -0.195290 0.177508 0.061533
v -0.196511 0.172773 0.056019
v -0.198420 0.169693 0.051295
v -0.191093 0.157730 0.061829
v -0.187063 0.146771 0.058690
v -0.192424 0.161201 0.058757
v -0.189023 0.150904 0.056346
v -0.185940 0.144278 0.053756
v -0.192593 0.157381 0.054544
v -0.188973 0.147009 0.050519
v -0.196807 0.159269 0.048258
v -0.192953 0.152454 0.049365
v -0.187955 0.142094 0.045918
v -0.190822 0.150149 0.065699
v -0.195719 0.180486 0.070774
v -0.196380 0.191383 0.074675
v -0.196498 0.199007 0.078563
v -0.197131 0.173774 0.072640
v -0.197958 0.185435 0.076210
v -0.198424 0.193317 0.080155
v -0.201690 0.199792 0.057334
v -0.198186 0.205362 0.066495
v -0.161183 0.121114 0.036743
v -0.151330 0.117812 0.032391
v -0.170397 0.124350 0.046115
v -0.170308 0.120360 0.046653
v -0.173363 0.128435 0.047129
v -0.179985 0.135575 0.052857
v -0.183676 0.140579 0.056374
v -0.168278 0.125374 0.041005
v -0.166976 0.124453 0.035811
v -0.164836 0.119934 0.026289
v -0.150408 0.118345 0.029720
v -0.161733 0.121965 0.034271
v -0.153480 0.118972 0.028963
v -0.144713 0.117676 0.024414
v -0.161144 0.120857 0.029614
v -0.152269 0.117730 0.023920
v -0.152015 0.114927 0.017596
v -0.164654 0.122132 0.040284
v -0.164104 0.120002 0.040962
v -0.157723 0.118213 0.036328
v -0.160522 0.115891 0.039058
v -0.156085 0.119141 0.033834
v -0.152927 0.116670 0.034577
v -0.154771 0.114715 0.036423
v -0.176652 0.129107 0.052137
v -0.183875 0.137384 0.059266
v -0.188016 0.136415 0.064014
v -0.172501 0.128411 0.041537
v -0.172899 0.126934 0.036422
v -0.174070 0.123590 0.029512
v -0.176493 0.132056 0.047127
v -0.179121 0.133467 0.043950
v -0.178750 0.130336 0.038070
v -0.182070 0.138248 0.050305
v -0.185003 0.134785 0.039497
v -0.185039 0.140220 0.047607
v -0.022236 -0.009766 -0.007656
v -0.017940 -0.020077 -0.010897
v -0.013323 -0.027276 -0.014136
v -0.008886 -0.033572 -0.016205
v -0.002650 -0.038407 -0.020047
v -0.021917 -0.017544 -0.006266
v -0.026744 -0.000555 0.000021
v -0.028491 0.006487 0.004258
v -0.019857 -0.012339 -0.012694
v -0.021049 -0.009029 -0.016035
v -0.007703 -0.032570 -0.019210
v -0.016363 -0.019599 -0.015506
v -0.011896 -0.026436 -0.019371
v -0.007272 -0.032064 -0.023320
v -0.015914 -0.020098 -0.020033
v -0.003323 -0.035951 -0.023638
v -0.011682 -0.027480 -0.024835
v -0.003490 -0.036708 -0.028905
v -0.017426 -0.019711 -0.025204
v -0.007931 -0.033398 -0.029714
v -0.012852 -0.029065 -0.030574
v -0.003719 -0.039430 -0.034823
v -0.019691 -0.028377 -0.007603
v -0.016113 -0.028210 -0.010592
v -0.008033 -0.037837 -0.015265
v -0.010503 -0.040014 -0.013074
v -0.024547 -0.009242 -0.003506
v -0.027611 -0.010272 0.000084
v -0.029585 -0.004088 0.003481
v -0.031262 0.002466 0.007620
v -0.025289 -0.017268 -0.002865
v -0.020993 -0.011930 -0.022713
v -0.023825 -0.000930 -0.009142
v -0.025430 -0.000033 -0.019555
v -0.026344 0.006013 -0.002135
v -0.026475 0.007744 -0.012461
v 0.197778 -0.148057 -0.008048
v 0.201820 -0.154232 -0.003515
v 0.205294 -0.157391 -0.000891
v 0.209736 -0.160617 0.003058
v 0.195658 -0.146611 -0.007710
v 0.193805 -0.147538 -0.006282
v 0.194040 -0.137458 -0.013643
v 0.190432 -0.127763 -0.012258
v 0.198664 -0.147586 -0.010791
v 0.199618 -0.149351 -0.013859
v 0.195993 -0.142424 -0.020120
v 0.195540 -0.146347 -0.025395
v 0.202735 -0.153857 -0.006158
v 0.207451 -0.158651 -0.003324
v 0.203981 -0.155597 -0.008961
v 0.201558 -0.154552 -0.015595
v 0.207780 -0.160466 -0.008007
v 0.200675 -0.156854 -0.020100
v 0.199832 -0.154373 -0.002569
v 0.196771 -0.154600 -0.002133
v 0.202552 -0.161083 0.003651
v 0.206760 -0.160901 0.004138
v 0.193174 -0.140258 -0.010083
v 0.191453 -0.135235 -0.010910
v 0.188993 -0.128459 -0.009660
v 0.190873 -0.142191 -0.007942
v 0.188844 -0.136508 -0.008540
v 0.187684 -0.132259 -0.008034
v 0.194500 -0.136882 -0.017190
v 0.190392 -0.125965 -0.026003
v 0.188167 -0.123827 -0.031100
v 0.191893 -0.128600 -0.015926
v -0.029640 -0.044998 -0.006068
v -0.034851 -0.019744 0.004581
v -0.037462 -0.010157 0.009782
v -0.020365 -0.050078 -0.008300
v -0.014552 -0.060320 -0.014439
v 0.027072 -0.068250 -0.030037
v 0.043318 -0.069102 -0.032333
v 0.027070 -0.073699 -0.033788
v 0.023770 -0.079508 -0.037961
v 0.006590 -0.065351 -0.022220
v -0.004319 -0.063790 -0.018339
v 0.037324 -0.066087 -0.031008
v 0.043586 -0.065230 -0.030879
v 0.020267 -0.065556 -0.026959
v 0.030931 -0.065988 -0.030039
v 0.036254 -0.070783 -0.033267
v 0.038329 -0.078178 -0.038859
v 0.045034 -0.076112 -0.037052
v -0.002572 -0.071726 -0.025012
v -0.010867 -0.056198 -0.012567
v 0.183524 -0.106758 0.005605
v 0.187585 -0.120743 -0.006655
v 0.180793 -0.101372 0.011550
v 0.178420 -0.097535 0.015319
v 0.175461 -0.093114 0.018447
v 0.184648 -0.101849 0.003578
v 0.185698 -0.101620 -0.000513
v 0.186235 -0.101591 -0.004543
v 0.183872 -0.093941 -0.002840
v 0.189989 -0.121131 -0.013730
v 0.191060 -0.124548 -0.019519
v 0.186856 -0.105843 -0.015608
v 0.185735 -0.100134 -0.009183
v 0.185954 -0.110642 -0.025401
v 0.184471 -0.122581 -0.002322
v 0.186261 -0.128065 -0.006210
v 0.179185 -0.108021 0.012000
v 0.175279 -0.102522 0.018086
v 0.181907 -0.093444 0.008473
v 0.182503 -0.091938 0.004676
v 0.181076 -0.087931 0.001958
v 0.180431 -0.094755 0.012046
v 0.178548 -0.086586 0.011026
v 0.177310 -0.089519 0.015247
v 0.181040 -0.169096 -0.000034
v 0.174565 -0.169684 -0.005931
v 0.176195 -0.155138 -0.003344
v 0.174511 -0.150368 -0.002962
v 0.183427 -0.161612 -0.000526
v 0.188369 -0.179550 0.007220
v 0.196280 -0.179948 0.013164
v 0.184102 -0.167866 0.001694
v 0.183200 -0.184080 0.001566
v 0.188524 -0.189613 0.005715
v 0.173482 -0.160918 -0.005550
v 0.171174 -0.153147 -0.004978
v 0.169589 -0.160820 -0.008700
v 0.167865 -0.154046 -0.007267
v 0.164263 -0.156277 -0.011604
v 0.167889 -0.172254 -0.014511
v 0.162201 -0.163940 -0.017784
v 0.177061 -0.161961 -0.003249
v 0.179594 -0.160170 -0.002025
v 0.180444 -0.155686 -0.002520
v 0.178669 -0.151001 -0.003010
v 0.176998 -0.146403 -0.002388
v -0.199033 0.206774 0.091672
v -0.202926 0.233207 0.127687
v -0.205811 0.239908 0.136224
v 0.241188 -0.156416 0.087781
v 0.235919 -0.167806 0.060029
v 0.244185 -0.151872 0.085362
v 0.243317 -0.153618 0.098148
v 0.245193 -0.152691 0.105844
v 0.239398 -0.162010 0.088765
v 0.240344 -0.165078 0.092009
v 0.242583 -0.167119 0.095415
v 0.233904 -0.173818 0.058129
v 0.230215 -0.179179 0.046588
v 0.234237 -0.176246 0.060990
v 0.230588 -0.182769 0.047521
v 0.235020 -0.180241 0.061304
v 0.232168 -0.186699 0.049161
v 0.233743 -0.191162 0.047952
v 0.238922 -0.162868 0.059148
v 0.245533 -0.149644 0.097222
v 0.248232 -0.147067 0.105122
v 0.241852 -0.157936 0.098334
v 0.243709 -0.160153 0.103797
v 0.244859 -0.156419 0.107173
v -0.211204 0.147509 0.078307
v -0.197643 0.120951 0.067394
v -0.216070 0.146079 0.078106
v -0.219669 0.142403 0.075932
v -0.216843 0.123299 0.065684
v -0.235096 0.140297 0.068618
v -0.213606 0.155315 0.081564
v -0.215279 0.161884 0.085226
v -0.216244 0.166509 0.088586
v -0.204268 0.128500 0.071678
v -0.201698 0.130676 0.072165
v -0.207525 0.151202 0.077822
v -0.198005 0.128096 0.070345
v -0.207864 0.127685 0.071029
v -0.210523 0.123611 0.068159
v -0.203452 0.120303 0.067318
v -0.206885 0.114169 0.062449
v -0.219536 0.152678 0.081626
v -0.221671 0.158892 0.086014
v -0.225237 0.148325 0.078571
v -0.227310 0.154634 0.083047
v -0.224787 0.139639 0.072853
v -0.232477 0.149139 0.077095
v -0.234529 0.157018 0.083638
v -0.209456 0.159733 0.080711
v -0.210323 0.165203 0.083027
v -0.211452 0.171307 0.086692
v -0.186491 0.114396 0.059157
v -0.177420 0.104825 0.048276
v -0.192200 0.118559 0.064258
v -0.170284 0.108585 0.045572
v -0.160731 0.101792 0.038806
v -0.199075 0.115855 0.064187
v -0.190362 0.121128 0.064121
v -0.139895 0.114098 0.058944
v -0.147690 0.109226 0.047211
v -0.150847 0.108360 0.042135
v -0.154223 0.107568 0.039765
v -0.135063 0.116096 0.063925
v -0.074616 0.047589 0.023189
v -0.069799 0.031047 0.013718
v -0.073831 0.020130 -0.004921
v -0.081953 0.057767 0.022502
v -0.088495 0.071297 0.031361
v -0.073571 0.056770 0.038654
v -0.072184 0.066059 0.056861
v -0.065659 0.038975 0.033212
v -0.056617 0.007514 0.015961
v -0.057927 -0.001850 0.002815
v -0.087769 0.057253 0.012701
v -0.077819 0.036278 0.004130
v -0.082323 0.042579 0.003563
v -0.090472 0.042488 -0.007465
v -0.094964 0.051558 -0.002303
v -0.080431 0.066412 0.038171
v -0.084787 0.081912 0.055319
v -0.064199 0.051975 0.057223
v -0.113210 0.081876 0.027355
v -0.120251 0.071629 0.009729
v -0.124327 0.091750 0.041092
v -0.111516 0.089763 0.041836
v -0.117758 0.100588 0.059704
v -0.102547 0.081959 0.033676
v -0.095840 0.077632 0.032424
v -0.113642 0.068428 0.007188
v -0.104940 0.071082 0.015056
v -0.103939 0.058630 -0.001106
v -0.098254 0.066657 0.013619
v -0.126995 0.082112 0.024033
v -0.130816 0.070706 0.006796
v -0.148388 0.085159 0.026030
v -0.155461 0.079848 0.018205
v -0.106977 0.096517 0.057116
v -0.093800 0.089659 0.055655
v -0.175148 0.111592 0.049775
v -0.164557 0.107145 0.041762
v -0.160086 0.106614 0.039818
v -0.202453 0.156219 0.075242
v -0.203827 0.167075 0.077716
v -0.200125 0.178443 0.076735
v -0.196606 0.134752 0.070356
v -0.193406 0.126874 0.067379
v 0.327133 -0.202307 0.132238
v 0.334536 -0.212746 0.127603
v 0.311583 -0.218168 0.089014
v 0.301469 -0.186371 0.124963
v 0.316406 -0.192900 0.132513
v 0.322426 -0.189391 0.144069
v 0.340244 -0.205824 0.143754
v 0.318703 -0.230276 0.083389
v 0.346506 -0.225728 0.127652
v 0.303849 -0.206121 0.096471
v 0.298561 -0.220418 0.070164
v 0.299536 -0.180164 0.131983
v 0.291517 -0.172671 0.134089
v 0.337478 -0.195735 0.152226
v -0.223703 0.192667 0.126766
v -0.219559 0.177038 0.101239
v -0.226992 0.190544 0.127321
v -0.230627 0.187640 0.125138
v -0.221422 0.203466 0.135519
v -0.225454 0.206655 0.142769
v -0.224783 0.216203 0.148298
v -0.220059 0.196928 0.126727
v -0.215535 0.207012 0.129241
v -0.216987 0.180468 0.101513
v -0.213101 0.185293 0.099807
v -0.212179 0.177525 0.091448
v -0.236209 0.169794 0.098364
v -0.222790 0.173846 0.101060
v -0.226735 0.170665 0.099864
v -0.231464 0.168492 0.098110
v -0.221995 0.166074 0.092021
v -0.225976 0.162807 0.090484
v -0.231084 0.160304 0.088135
v -0.226752 0.198065 0.135969
v -0.228298 0.211918 0.148208
v -0.229835 0.204370 0.143575
v -0.231494 0.196197 0.135732
v -0.232914 0.202685 0.142508
v -0.235483 0.197380 0.135984
v -0.220031 0.213882 0.141862
v -0.219847 0.223661 0.146779
v 0.211279 -0.178447 0.021142
v 0.204293 -0.176988 0.016075
v 0.223136 -0.176036 0.030031
v 0.244216 -0.156338 0.038235
v 0.108678 -0.043322 -0.032765
v 0.116799 -0.062078 -0.055937
v 0.108650 -0.064091 -0.062914
v 0.122724 -0.047709 -0.028610
v 0.141421 -0.059700 -0.031931
v 0.109477 -0.040299 -0.025292
v 0.109783 -0.038455 -0.019279
v 0.112689 -0.038148 -0.011830
v 0.100196 -0.038099 -0.027587
v 0.095745 -0.039657 -0.033633
v 0.103689 -0.046044 -0.040951
v 0.102497 -0.051422 -0.049627
v 0.097583 -0.057111 -0.058875
v 0.091846 -0.047418 -0.048133
v 0.081450 -0.050760 -0.054325
v 0.128123 -0.058622 -0.042965
v 0.142945 -0.065186 -0.039526
v 0.116941 -0.053938 -0.044594
v 0.123102 -0.069535 -0.061340
v 0.138685 -0.075766 -0.056906
v 0.125409 -0.043866 -0.010675
v 0.124284 -0.044436 -0.017055
v 0.140610 -0.054667 -0.021604
v 0.141807 -0.052910 -0.011280
v 0.092354 -0.036567 -0.027511
v 0.099083 -0.035380 -0.020141
v 0.104333 -0.035548 -0.013396
v 0.097992 -0.034190 -0.013566
v 0.021458 -0.063185 -0.027189
v 0.030887 -0.063577 -0.030138
v 0.039512 -0.062732 -0.031695
v 0.043742 -0.062568 -0.031558
v 0.011600 -0.061936 -0.023332
v -0.031339 -0.028115 0.000559
v -0.038795 -0.004062 0.014074
v -0.028379 -0.035054 -0.002123
v -0.023707 -0.042123 -0.005345
v -0.090448 0.121502 0.019149
v -0.076126 0.116954 0.012035
v -0.098170 0.129525 0.040830
v -0.104920 0.122251 0.021398
v -0.111538 0.126246 0.031692
v -0.107375 0.109767 -0.000122
v -0.109689 0.118081 0.013909
v -0.130558 0.110118 0.005071
v -0.069255 0.109871 0.003797
v -0.082233 0.114884 0.007173
v -0.076400 0.107590 -0.002881
v -0.070614 0.102522 -0.006634
v -0.092336 0.104145 -0.009022
v -0.087577 0.124878 0.028169
v -0.087812 0.126943 0.035758
v -0.075157 0.121165 0.023902
v -0.078008 0.124055 0.036158
v -0.071721 0.116166 0.013089
v -0.068686 0.117160 0.019804
v -0.068926 0.118796 0.027494
v -0.098748 0.126295 0.030262
v -0.115993 0.129217 0.042561
v -0.106904 0.129005 0.038469
v -0.106461 0.130811 0.045348
v -0.215159 0.259302 0.088451
v -0.223414 0.262851 0.080503
v -0.220552 0.252308 0.071698
v -0.222453 0.240868 0.058595
v -0.204811 0.248406 0.092175
v -0.202023 0.248907 0.100461
v -0.211762 0.260924 0.097493
v -0.212266 0.266247 0.107600
v -0.219183 0.275254 0.112771
v -0.222489 0.280714 0.122540
v -0.223675 0.271938 0.094118
v -0.232617 0.259219 0.065348
v -0.231190 0.245936 0.054538
v -0.237953 0.247334 0.049983
v -0.241837 0.282162 0.082285
v -0.243801 0.276081 0.071973
v -0.243385 0.254815 0.052467
v -0.246807 0.270614 0.063870
v -0.250628 0.262680 0.054774
v -0.209685 0.247902 0.082188
v -0.201202 0.236221 0.084546
v -0.207762 0.236414 0.072937
v -0.216263 0.238830 0.063896
v -0.208226 0.225561 0.063144
v -0.211654 0.268652 0.117337
v -0.205757 0.258614 0.108700
v -0.207445 0.264430 0.122274
v -0.202406 0.255080 0.113389
v -0.240760 0.286786 0.092648
v -0.233637 0.284328 0.101623
v -0.241546 0.291779 0.105207
v -0.229939 0.286274 0.118612
v -0.246761 0.297141 0.113131
v -0.197280 0.226869 0.107832
v -0.200383 0.225409 0.115439
v -0.198811 0.235320 0.119736
v -0.201448 0.245978 0.130466
v -0.196425 0.233535 0.105046
v -0.197364 0.240721 0.106762
v -0.195950 0.226133 0.095542
v -0.196006 0.206845 0.076849
v -0.196467 0.225294 0.088515
v -0.196913 0.211928 0.074682
v -0.198237 0.236958 0.094179
v -0.198741 0.224443 0.078982
v -0.202028 0.223656 0.071241
v -0.196622 0.207199 0.084748
v -0.198911 0.198635 0.084431
v -0.201315 0.239911 0.128543
v -0.197609 0.238260 0.115955
v -0.199657 0.246491 0.104857
v -0.197931 0.242535 0.115966
v -0.200450 0.251635 0.115707
v -0.200474 0.248841 0.126515
v -0.200305 0.251378 0.121414
v -0.309908 0.252147 0.117369
v -0.325192 0.257410 0.118729
v -0.296490 0.244485 0.113785
v -0.307686 0.237101 0.095148
v -0.298769 0.231486 0.092325
v -0.289528 0.229735 0.097060
v -0.288121 0.221281 0.086670
v -0.320863 0.244772 0.100410
v -0.330887 0.237935 0.087275
v -0.324815 0.277484 0.153194
v -0.300654 0.265415 0.145785
v -0.286395 0.255926 0.141144
v -0.308318 0.271610 0.151237
v -0.362702 0.292820 0.144431
v -0.363054 0.287777 0.134081
v -0.359760 0.299668 0.153593
v -0.359251 0.300117 0.157605
v -0.353642 0.306344 0.161465
v -0.350914 0.304595 0.166862
v -0.364848 0.268740 0.106240
v -0.348080 0.308708 0.165404
v -0.361948 0.295347 0.150174
v -0.356131 0.302185 0.162908
v 0.172440 -0.116649 0.016478
v 0.169000 -0.110613 0.022031
v 0.166431 -0.106152 0.024876
v 0.177838 -0.131328 0.001870
v 0.249296 -0.194659 0.061529
v 0.245678 -0.204040 0.045601
v 0.248323 -0.187994 0.070683
v 0.261672 -0.167424 0.116810
v 0.277189 -0.194597 0.086062
v 0.289890 -0.201647 0.087132
v 0.273971 -0.205681 0.066188
v 0.287772 -0.213056 0.068504
v 0.240589 -0.188213 0.061438
v 0.236104 -0.195433 0.046748
v 0.255113 -0.170006 0.107188
v 0.247881 -0.165783 0.105364
v 0.285196 -0.177249 0.122595
v 0.366306 -0.207057 0.154294
v 0.367251 -0.215579 0.151319
v 0.369103 -0.218649 0.148421
v 0.370365 -0.235862 0.135753
v 0.364283 -0.209839 0.154839
v 0.362541 -0.201937 0.157367
v 0.358214 -0.190352 0.159089
v 0.369394 -0.226985 0.143678
v 0.357375 -0.194360 0.159536
v 0.165421 -0.122565 0.019152
v 0.168158 -0.141353 0.001724
v 0.170704 -0.146210 -0.001554
v 0.160739 -0.121675 0.020087
v 0.155952 -0.135780 -0.000053
v 0.162604 -0.117814 0.023199
v 0.159698 -0.113727 0.025975
v 0.171646 -0.138599 0.003228
v 0.173368 -0.136249 0.003768
v 0.175682 -0.141963 -0.000605
v 0.165417 -0.134793 0.007596
v 0.162498 -0.138961 0.002016
v 0.161463 -0.145206 -0.004993
v 0.166200 -0.147508 -0.004048
v 0.158055 -0.155731 -0.017283
v 0.155944 -0.116370 0.022859
v 0.168533 -0.121735 0.017732
v 0.165179 -0.115475 0.023355
v 0.161778 -0.109725 0.026990
v 0.077601 -0.039194 -0.023937
v 0.063560 -0.046941 -0.035755
v 0.058674 -0.048514 -0.038076
v 0.081360 -0.037649 -0.025934
v 0.082075 -0.037397 -0.013185
v 0.085884 -0.037340 -0.006616
v 0.067839 -0.045272 -0.031021
v 0.074796 -0.043623 -0.012047
v 0.064959 -0.048402 -0.028572
v 0.059803 -0.050596 -0.033042
v 0.055009 -0.052014 -0.035226
v 0.066755 -0.045505 -0.039369
v 0.080446 -0.040934 -0.037333
v 0.087363 -0.040256 -0.037021
v 0.084499 -0.044927 -0.045633
v 0.071848 -0.047072 -0.047826
v 0.084983 -0.035684 -0.017308
v 0.089420 -0.034940 -0.010885
v 0.083987 -0.037387 -0.028274
v 0.089959 -0.035042 -0.021767
v 0.091814 -0.034205 -0.014858
v 0.078220 -0.040183 -0.012912
v 0.081924 -0.040700 -0.004807
v 0.371536 -0.196756 0.148718
v 0.374543 -0.203837 0.144595
v 0.377021 -0.210925 0.138656
v 0.378039 -0.220982 0.133025
v 0.378440 -0.228997 0.126015
v 0.370057 -0.201268 0.151344
v 0.368012 -0.190160 0.151645
v 0.364028 -0.183850 0.153497
v 0.359754 -0.177285 0.154043
v 0.371874 -0.193078 0.145598
v 0.372362 -0.191777 0.141812
v 0.369293 -0.184426 0.139743
v 0.378767 -0.215522 0.131875
v 0.379989 -0.225541 0.119698
v 0.375713 -0.201978 0.140022
v 0.378949 -0.213002 0.128526
v 0.375994 -0.200818 0.135338
v 0.379445 -0.220528 0.114804
v 0.372548 -0.191187 0.134142
v 0.377267 -0.205217 0.126724
v 0.377429 -0.209891 0.117683
v 0.377139 -0.221012 0.102976
v 0.372717 -0.207600 0.147614
v 0.374568 -0.211942 0.144133
v 0.375943 -0.218558 0.139274
v 0.375603 -0.224904 0.136066
v 0.375812 -0.235620 0.126475
v 0.366978 -0.194927 0.154019
v 0.363472 -0.189410 0.155933
v 0.358606 -0.181524 0.156753
v 0.368273 -0.185362 0.147570
v 0.365262 -0.178140 0.144720
v 0.364550 -0.179723 0.149501
v 0.359399 -0.171562 0.149044
v 0.361487 -0.171932 0.143651
v 0.363368 -0.236431 0.135368
v 0.356872 -0.208449 0.155259
v 0.354815 -0.202061 0.158103
v 0.351574 -0.196375 0.159503
v 0.345309 -0.193435 0.158829
v 0.364903 -0.218551 0.150781
v 0.366488 -0.229313 0.143153
v 0.368188 -0.237942 0.135571
v 0.362320 -0.220797 0.148690
v 0.354592 -0.224380 0.138801
v 0.358584 -0.248753 0.118622
v 0.348108 -0.202704 0.154492
v 0.359696 -0.206562 0.156863
v 0.354015 -0.194789 0.160038
v 0.130585 -0.114299 -0.011080
v 0.128942 -0.137736 -0.040175
v 0.117987 -0.101672 -0.012083
v 0.130735 -0.095530 0.015626
v 0.148003 -0.119431 0.009523
v 0.147481 -0.133676 -0.009102
v 0.125935 -0.123331 -0.029046
v 0.119209 -0.088160 0.010371
v -0.375595 0.220853 0.045781
v -0.377093 0.210435 0.030907
v -0.379579 0.194067 0.014085
v -0.367063 0.255572 0.088026
v -0.379658 0.197683 0.019785
v -0.378438 0.206711 0.030015
v -0.366504 0.237971 0.049115
v -0.371471 0.218719 0.028612
v -0.374088 0.202727 0.011972
v -0.364221 0.232994 0.036466
v -0.356597 0.243346 0.041628
v -0.355299 0.276089 0.091185
v -0.363025 0.221316 0.019746
v -0.366729 0.220984 0.023289
v -0.358635 0.250287 0.054310
v -0.349403 0.258815 0.056632
v -0.359072 0.272734 0.094851
v 0.369964 -0.270501 0.080049
v 0.366180 -0.277300 0.078085
v 0.374991 -0.256472 0.092664
v 0.376349 -0.248207 0.106405
v 0.377903 -0.238235 0.117008
v 0.372006 -0.266193 0.077226
v 0.371474 -0.265380 0.070249
v 0.363872 -0.284204 0.063573
v 0.362944 -0.286438 0.055356
v 0.356792 -0.296619 0.040886
v 0.356483 -0.297204 0.048290
v 0.350590 -0.305607 0.034066
v 0.372192 -0.261156 0.095882
v 0.373995 -0.250554 0.110693
v 0.375210 -0.255447 0.084514
v 0.377854 -0.245622 0.099708
v 0.377170 -0.244510 0.091426
v 0.379493 -0.235161 0.110325
v 0.378922 -0.233160 0.102783
v 0.367845 -0.276147 0.062793
v 0.361381 -0.287541 0.045009
v 0.355900 -0.295258 0.032116
v 0.366825 -0.274179 0.055457
v 0.359579 -0.287908 0.073671
v 0.360745 -0.282235 0.084011
v 0.364919 -0.273204 0.093226
v 0.365789 -0.266844 0.103483
v 0.368101 -0.256271 0.115799
v 0.370212 -0.244832 0.126949
v 0.350991 -0.303836 0.051254
v 0.354891 -0.295993 0.064315
v 0.343202 -0.313376 0.034772
v 0.368859 -0.247322 0.125839
v 0.338871 -0.307014 0.038878
v 0.315606 -0.311431 0.001032
v 0.350746 -0.266756 0.091717
v 0.351610 -0.246278 0.112253
v 0.320967 -0.241812 0.073546
v 0.325731 -0.261424 0.060717
v 0.291787 -0.307704 -0.023916
v 0.308823 -0.256983 0.042616
v 0.304836 -0.231310 0.064488
v 0.293785 -0.259000 0.023402
v 0.295050 -0.238778 0.045176
v 0.271686 -0.219618 0.046126
v 0.272383 -0.266038 -0.001710
v 0.282201 -0.264779 0.006895
v 0.263634 -0.257231 0.000928
v 0.245645 -0.215924 0.031650
v 0.237708 -0.219484 0.022516
v 0.234131 -0.203272 0.036113
v 0.282597 -0.245721 0.026090
v 0.269317 -0.235984 0.026036
v 0.282492 -0.231654 0.040985
v 0.287359 -0.221730 0.056894
v 0.152047 -0.218896 -0.064282
v 0.135297 -0.198121 -0.078568
v 0.166840 -0.198133 -0.027517
v 0.172251 -0.209423 -0.026368
v 0.168925 -0.217124 -0.036845
v 0.159113 -0.230199 -0.061388
v 0.169180 -0.228168 -0.045004
v 0.161491 -0.176982 -0.025262
v 0.155302 -0.174048 -0.032787
v 0.152644 -0.164903 -0.030897
v 0.176778 -0.206452 -0.017931
v 0.178337 -0.192711 -0.007659
v 0.123043 -0.159400 -0.067136
v 0.106110 -0.203655 -0.123885
v 0.113077 -0.159873 -0.079262
v 0.103610 -0.156638 -0.086163
v 0.134546 -0.149451 -0.043409
v 0.131419 -0.166212 -0.061720
v 0.111718 -0.211141 -0.122917
v 0.120457 -0.204306 -0.105415
v 0.099374 -0.203645 -0.131263
v 0.092923 -0.197905 -0.132254
v 0.118609 -0.138245 -0.053633
v 0.111007 -0.131055 -0.055221
v 0.153724 -0.154503 -0.021706
v 0.073424 -0.143864 -0.094781
v 0.068628 -0.188894 -0.139943
v 0.062135 -0.128239 -0.083525
v 0.078178 -0.125111 -0.074257
v 0.075778 -0.107937 -0.057804
v 0.083203 -0.155211 -0.100671
v 0.096878 -0.149064 -0.085296
v 0.082964 -0.194113 -0.136844
v 0.055703 -0.170672 -0.125655
v 0.062673 -0.183019 -0.136150
v 0.067010 -0.113964 -0.067950
v 0.049923 -0.090152 -0.048906
v 0.088805 -0.134095 -0.077003
v 0.092776 -0.114078 -0.053591
v 0.100679 -0.129320 -0.063180
v 0.024352 -0.134832 -0.091849
v 0.012402 -0.138299 -0.095265
v 0.044013 -0.163333 -0.119797
v 0.029062 -0.161483 -0.118879
v 0.002484 -0.135395 -0.092488
v -0.008372 -0.122388 -0.078112
v -0.006861 -0.136597 -0.095059
v -0.019185 -0.123665 -0.081130
v -0.016605 -0.131644 -0.091231
v -0.019425 -0.136232 -0.098611
v -0.031271 -0.121817 -0.083090
v 0.034093 -0.120042 -0.077686
v 0.036720 -0.089421 -0.048587
v -0.045494 -0.075460 -0.044855
v -0.050782 -0.077353 -0.053723
v -0.060116 -0.030454 -0.026382
v -0.055138 -0.089315 -0.070293
v -0.054128 -0.081689 -0.062103
v -0.075266 -0.078356 -0.088349
v -0.056350 -0.015786 -0.008232
v -0.038810 -0.076949 -0.037061
v -0.044431 -0.036870 -0.011049
v -0.094066 -0.037576 -0.077358
v -0.104882 -0.035637 -0.087832
v -0.094921 0.004326 -0.045987
v -0.102281 0.014229 -0.045072
v -0.086552 0.011606 -0.030395
v -0.091024 -0.049496 -0.083466
v -0.121809 -0.031207 -0.099145
v -0.084216 0.029156 -0.012450
v -0.093776 0.025209 -0.027354
v -0.099710 0.032859 -0.025955
v -0.098772 0.045552 -0.012423
v -0.079054 -0.037102 -0.058082
v -0.078221 0.004446 -0.024750
v -0.133314 0.034126 -0.037695
v -0.132795 0.056954 -0.011041
v -0.124932 0.029429 -0.041788
v -0.118630 0.020915 -0.049021
v -0.111594 0.007812 -0.057848
v -0.135682 -0.015446 -0.091144
v -0.129911 -0.026292 -0.099738
v -0.152360 0.002324 -0.073535
v -0.144168 -0.013788 -0.091079
v -0.144566 0.050445 -0.018673
v -0.115388 0.034044 -0.034081
v -0.108220 0.027769 -0.037043
v -0.118796 0.055176 -0.011370
v -0.104619 0.046355 -0.015659
v -0.188371 0.038000 -0.030171
v -0.203760 0.038777 -0.029361
v -0.191705 0.014589 -0.060136
v -0.175107 0.009773 -0.064929
v -0.164644 0.023652 -0.048366
v -0.218741 0.059624 -0.002395
v -0.194989 0.078864 0.022360
v -0.175416 0.048047 -0.018394
v -0.184564 0.084216 0.027889
v -0.264896 0.087775 0.000082
v -0.263523 0.083163 -0.002861
v -0.276698 0.111295 0.009076
v -0.243708 0.137980 0.060688
v -0.247862 0.065095 -0.009698
v -0.281274 0.093058 -0.010725
v -0.249557 0.145343 0.061480
v -0.241027 0.152912 0.075661
v -0.231234 0.107086 0.044955
v -0.221547 0.101264 0.046335
v -0.222051 0.117035 0.058583
v -0.212234 0.112696 0.059727
v -0.291145 0.157179 0.024516
v -0.279523 0.167535 0.044134
v -0.273305 0.181677 0.062083
v -0.265707 0.136854 0.038671
v -0.310751 0.123147 -0.018047
v -0.300544 0.163070 0.019768
v -0.286344 0.181331 0.047382
v -0.279852 0.194503 0.065686
v -0.295258 0.183290 0.040876
v -0.291526 0.199805 0.059361
v -0.285590 0.207367 0.072529
v -0.259069 0.150358 0.055548
v -0.245488 0.157562 0.075880
v -0.324839 0.204218 0.046824
v -0.331331 0.216566 0.059506
v -0.317351 0.188143 0.031847
v -0.309255 0.174568 0.022606
v -0.329278 0.142510 -0.018963
v -0.350972 0.175879 0.007057
v -0.300370 0.189422 0.042616
v -0.314143 0.212455 0.060220
v -0.304660 0.203758 0.054686
v -0.315357 0.226881 0.077525
v -0.297835 0.216713 0.073539
v -0.360677 0.230820 0.070966
v 0.348738 -0.293455 0.064668
v 0.363590 -0.261945 0.110300
v 0.357402 -0.287470 0.077564
v 0.350876 -0.299231 0.059926
v 0.346697 -0.307095 0.046801
v 0.358261 -0.278256 0.089678
v 0.362992 -0.270854 0.099773
v 0.366930 -0.251347 0.122449
v 0.366177 -0.242766 0.131015
v 0.354297 -0.289448 0.074207
v -0.376806 0.208009 0.036643
v -0.378707 0.191943 0.017861
v -0.377164 0.212103 0.038718
v -0.370186 0.238111 0.072898
v -0.365908 0.252316 0.093360
v -0.375326 0.195885 0.024963
v -0.379203 0.198457 0.023424
v -0.365764 0.259093 0.101166
v -0.368589 0.247357 0.083369
v -0.367436 0.254011 0.090788
v -0.367569 0.240367 0.078300
v -0.365270 0.237511 0.076886
v -0.362139 0.250727 0.094894
v -0.354612 0.242096 0.086950
v 0.347026 -0.294989 0.009254
v 0.357629 -0.275816 0.034006
v 0.366875 -0.263147 0.056635
v 0.369697 -0.246161 0.069582
v 0.372964 -0.255487 0.073911
v 0.375077 -0.236897 0.086746
v 0.337986 -0.304920 -0.007904
v 0.352832 -0.259877 0.031084
v 0.340268 -0.279998 0.001290
v 0.328935 -0.294870 -0.022120
v 0.363340 -0.275605 0.045910
v 0.353632 -0.288639 0.023373
v 0.356500 -0.290553 0.030353
v 0.345235 -0.239281 0.024827
v 0.341197 -0.225208 0.025813
v 0.355933 -0.213847 0.060235
v 0.355876 -0.201742 0.069711
v 0.335122 -0.219668 0.019906
v 0.333791 -0.251849 -0.002126
v 0.328122 -0.262259 -0.016613
v 0.356732 -0.228184 0.052537
v 0.369146 -0.214004 0.087744
v 0.366925 -0.224381 0.075551
v 0.329571 -0.215056 0.015728
v 0.347429 -0.206451 0.050107
v 0.340087 -0.200691 0.042591
v 0.329343 -0.199983 0.028266
v 0.329065 -0.239413 -0.003008
v 0.317994 -0.267948 -0.035034
v 0.323675 -0.252723 -0.019207
v 0.317786 -0.254784 -0.028011
v 0.321838 -0.238638 -0.012150
v 0.313302 -0.260944 -0.036378
v 0.323331 -0.274464 -0.028971
v 0.304492 -0.203556 0.004513
v 0.300698 -0.185023 0.019225
v 0.296110 -0.174100 0.027466
v 0.264238 -0.224181 -0.024373
v 0.302466 -0.244959 -0.029802
v 0.302467 -0.261449 -0.041902
v 0.307443 -0.170695 0.037643
v 0.311984 -0.189893 0.021514
v 0.318747 -0.215666 0.003436
v 0.319815 -0.192111 0.025590
v 0.279108 -0.205517 -0.006708
v 0.288528 -0.192356 0.007055
v 0.258307 -0.184709 0.002591
v 0.282219 -0.174437 0.020774
v 0.278479 -0.237156 -0.029771
v 0.277137 -0.256610 -0.043045
v 0.262504 -0.252639 -0.043710
v 0.269727 -0.271438 -0.053106
v 0.310852 -0.235493 -0.018841
v 0.316565 -0.238007 -0.016884
v 0.302121 -0.226025 -0.015123
v 0.309507 -0.260456 -0.038572
v 0.177606 -0.185835 -0.071253
v 0.186116 -0.170704 -0.053130
v 0.193796 -0.155101 -0.033996
v 0.156015 -0.210002 -0.110179
v 0.159385 -0.226749 -0.109139
v 0.191615 -0.196166 -0.054899
v 0.191242 -0.178337 -0.047686
v 0.197788 -0.167454 -0.032159
v 0.201214 -0.162475 -0.023186
v 0.192731 -0.186949 -0.049150
v 0.205740 -0.164562 -0.016818
v 0.209694 -0.168680 -0.014403
v 0.172137 -0.152669 -0.071603
v 0.181426 -0.139936 -0.051890
v 0.186746 -0.133566 -0.039648
v 0.164201 -0.192831 -0.094084
v 0.145751 -0.215341 -0.126006
v 0.192181 -0.205553 -0.058675
v 0.175856 -0.221175 -0.086088
v 0.168078 -0.214086 -0.094093
v 0.186360 -0.231287 -0.077803
v 0.179142 -0.238127 -0.088665
v 0.149515 -0.132966 -0.096112
v 0.159113 -0.103998 -0.062839
v 0.135664 -0.139256 -0.117519
v 0.128900 -0.131214 -0.118388
v 0.156182 -0.136995 -0.089412
v 0.148892 -0.167680 -0.112532
v 0.169896 -0.113324 -0.055764
v 0.170185 -0.125107 -0.062991
v 0.169654 -0.139248 -0.070868
v 0.181070 -0.122977 -0.044776
v 0.155743 -0.119102 -0.079025
v 0.145744 -0.114643 -0.087520
v 0.136616 -0.106347 -0.089654
v 0.149462 -0.096915 -0.067797
v 0.145167 -0.085363 -0.060890
v 0.129456 -0.155494 -0.135297
v 0.118919 -0.168001 -0.154730
v 0.125106 -0.149334 -0.136117
v 0.118024 -0.156528 -0.147902
v 0.112795 -0.172276 -0.162353
v 0.130145 -0.164705 -0.139193
v 0.145820 -0.157867 -0.113780
v 0.124648 -0.175530 -0.151145
v 0.133400 -0.182483 -0.140149
v 0.104287 -0.104614 -0.106204
v 0.101427 -0.081178 -0.084075
v 0.092914 -0.092123 -0.096430
v 0.074412 -0.095893 -0.100044
v 0.107265 -0.128620 -0.128160
v 0.111020 -0.102716 -0.102348
v 0.117826 -0.111543 -0.107857
v 0.121397 -0.129865 -0.122961
v 0.114027 -0.083109 -0.081444
v 0.122966 -0.088395 -0.082102
v 0.125579 -0.107959 -0.099858
v 0.077806 -0.074055 -0.079741
v 0.087648 -0.069974 -0.075267
v 0.103805 -0.068786 -0.070196
v 0.091741 -0.060706 -0.064815
v 0.100417 -0.150836 -0.149747
v 0.089067 -0.105671 -0.109259
v 0.092764 -0.154830 -0.153482
v 0.080104 -0.155676 -0.152957
v 0.075543 -0.125742 -0.126780
v 0.114904 -0.144525 -0.139942
v 0.106532 -0.153778 -0.151243
v 0.111287 -0.159219 -0.154182
v 0.031817 -0.078089 -0.076092
v 0.035881 -0.130462 -0.124720
v 0.041509 -0.113811 -0.110880
v 0.033605 -0.091532 -0.089353
v 0.063841 -0.076060 -0.080128
v 0.064807 -0.059989 -0.064099
v 0.015173 -0.131786 -0.124569
v 0.014312 -0.108972 -0.104602
v 0.004934 -0.128315 -0.121928
v -0.001552 -0.113906 -0.110472
v -0.015554 -0.109989 -0.110775
v 0.037537 -0.147178 -0.138688
v -0.029574 -0.040923 -0.062288
v -0.042194 -0.045924 -0.080250
v -0.051172 -0.022566 -0.076640
v -0.022877 -0.027579 -0.043087
v -0.020356 -0.039783 -0.051379
v -0.016521 -0.031208 -0.038616
v -0.020569 -0.047821 -0.058959
v -0.010920 -0.047875 -0.050965
v -0.012142 -0.041539 -0.045243
v -0.010168 -0.036108 -0.036928
v -0.004950 -0.043516 -0.041654
v -0.037750 -0.029586 -0.063433
v -0.041114 -0.006312 -0.052484
v -0.031659 -0.020081 -0.048403
v -0.027967 -0.013520 -0.037802
v -0.034921 0.005790 -0.034253
v -0.023828 -0.011143 -0.028363
v -0.030541 0.010435 -0.022134
v -0.053275 -0.065543 -0.105338
v -0.060043 -0.066818 -0.112940
v -0.056509 -0.041486 -0.094581
v -0.070287 -0.050123 -0.115948
v -0.041548 -0.063189 -0.091641
v -0.031642 -0.063682 -0.082492
v -0.036181 -0.086690 -0.103996
v -0.046311 -0.078345 -0.106432
v -0.023365 -0.105842 -0.110764
v -0.028937 -0.097845 -0.107393
v -0.049071 -0.086055 -0.113415
v -0.071691 0.023191 -0.077456
v -0.055222 0.036126 -0.046445
v -0.076142 0.039616 -0.070256
v -0.086595 0.035545 -0.083207
v -0.077647 -0.003719 -0.101812
v -0.086160 -0.017598 -0.119440
v -0.061534 0.013236 -0.070308
v -0.045280 0.036576 -0.030322
v -0.064031 0.044438 -0.052363
v -0.079967 0.057189 -0.058092
v -0.066622 0.060871 -0.042059
v -0.058050 0.063503 -0.028973
v -0.089994 0.000531 -0.113559
v -0.085724 0.017577 -0.097277
v -0.098330 0.000647 -0.120835
v -0.093756 0.014146 -0.107112
v -0.117494 0.061393 -0.060264
v -0.120253 0.008983 -0.117844
v -0.102589 0.038361 -0.087555
v -0.099164 0.029867 -0.095763
v -0.088918 0.056536 -0.064080
v -0.102601 0.062897 -0.060072
v -0.101075 0.078799 -0.041434
v -0.100715 0.096022 -0.019870
v -0.093641 0.066339 -0.054979
v -0.080166 0.090634 -0.023394
v -0.115074 0.087429 -0.029483
v -0.117313 0.101343 -0.010691
v -0.117677 0.031641 -0.094217
v -0.147518 0.014895 -0.103609
v -0.145325 0.039203 -0.078240
v -0.108582 0.026201 -0.101112
v -0.112981 0.013341 -0.114563
v -0.106979 0.010862 -0.116612
v -0.100855 0.010119 -0.115132
v -0.176953 0.087405 -0.017565
v -0.169695 0.106335 0.005738
v -0.183065 0.060546 -0.048356
v -0.183423 0.042247 -0.068268
v -0.161679 0.077301 -0.030950
v -0.145428 0.070066 -0.042829
v -0.161641 0.096475 -0.007448
v -0.155868 0.106502 0.004948
v -0.146067 0.091743 -0.016371
v -0.149103 0.107990 0.005884
v -0.190382 0.133307 0.033654
v -0.182501 0.128294 0.032581
v -0.202384 0.046712 -0.062565
v -0.199764 0.071569 -0.036499
v -0.213902 0.062332 -0.047253
v -0.207247 0.090351 -0.017497
v -0.217450 0.074882 -0.035349
v -0.226122 0.086356 -0.026360
v -0.230809 0.076878 -0.036165
v -0.162845 0.046718 -0.066092
v -0.162279 0.028337 -0.086052
v -0.230443 0.139221 0.008237
v -0.221248 0.142197 0.016755
v -0.208388 0.154668 0.033420
v -0.208773 0.166154 0.037733
v -0.228719 0.149625 0.013758
v -0.250284 0.142100 -0.005777
v -0.236161 0.133170 0.001241
v -0.252922 0.116049 -0.018192
v -0.203499 0.146996 0.034032
v -0.192373 0.139873 0.038769
v -0.221505 0.163291 0.024591
v -0.240480 0.182426 0.013575
v -0.223822 0.189988 0.030187
v -0.210704 0.196545 0.045180
v -0.250628 0.130009 -0.010438
v -0.266257 0.114964 -0.026810
v -0.267878 0.129902 -0.022478
v -0.249464 0.097855 -0.026677
v -0.261961 0.103358 -0.029648
v -0.248133 0.086476 -0.033656
v -0.250670 0.208872 0.016182
v -0.237253 0.221120 0.032223
v -0.234152 0.233683 0.042547
v -0.257442 0.212187 0.013592
v -0.268914 0.205241 0.003301
v -0.273196 0.216141 0.008245
v -0.292031 0.163829 -0.028670
v -0.247523 0.192453 0.011361
v -0.240991 0.207085 0.022268
v -0.220812 0.228677 0.050994
v -0.231045 0.204648 0.029141
v -0.222282 0.218069 0.043298
v -0.220582 0.206825 0.039431
v -0.212729 0.215986 0.051709
v -0.261844 0.226409 0.020353
v -0.265524 0.238456 0.028223
v -0.247924 0.229283 0.029851
v -0.251258 0.242487 0.037652
v -0.271049 0.188079 -0.006560
v -0.288323 0.180491 -0.019652
v -0.294656 0.182945 -0.021299
v -0.302810 0.171871 -0.030343
v -0.282112 0.200974 -0.005370
v -0.260252 0.174777 -0.004174
v -0.276261 0.164351 -0.018618
v -0.294949 0.148750 -0.034914
v -0.294687 0.254139 0.039157
v -0.298288 0.273734 0.060510
v -0.312899 0.234833 0.021195
v -0.313409 0.200952 -0.010849
v -0.326145 0.187565 -0.021972
v -0.297722 0.224294 0.010132
v -0.279637 0.220979 0.009795
v -0.286870 0.232284 0.018122
v -0.282599 0.266042 0.051772
v -0.275366 0.242534 0.029145
v -0.280055 0.251399 0.036861
v -0.311891 0.255611 0.042239
v -0.315564 0.273582 0.062645
v -0.323943 0.281786 0.074103
v -0.318344 0.213175 0.000701
v -0.294326 0.195700 -0.013013
v -0.300236 0.202382 -0.009116
v -0.305350 0.183472 -0.024236
v -0.358639 0.194328 -0.010934
v -0.352022 0.214033 0.006596
v -0.345636 0.242533 0.035306
v -0.342190 0.264207 0.059224
v -0.361344 0.210867 0.006801
v -0.355369 0.228043 0.022498
v -0.352368 0.191106 -0.015656
v 0.092020 -0.061809 0.014640
v 0.119803 -0.073866 0.021657
v 0.078275 -0.063906 0.005515
v 0.077711 -0.057918 0.008075
v 0.098969 -0.062392 0.016548
v 0.102599 -0.061533 0.017028
v 0.103792 -0.072619 0.014630
v 0.114445 -0.074726 0.019321
v 0.084449 -0.062756 0.010845
v 0.076023 -0.060162 0.006531
v 0.087328 -0.056856 0.012201
v 0.082916 -0.058591 0.010972
v 0.078038 -0.054717 0.006980
v 0.146129 -0.081674 0.025906
v 0.136192 -0.072411 0.022541
v 0.152925 -0.089237 0.027558
v 0.158566 -0.095550 0.027860
v 0.163259 -0.101578 0.026783
v 0.132955 -0.077928 0.024619
v 0.098264 -0.054936 0.013531
v 0.088037 -0.051913 0.009630
v 0.111374 -0.059658 0.016881
v 0.141151 -0.092333 0.027496
v 0.157101 -0.108681 0.028028
v 0.148067 -0.103627 0.026871
v 0.125344 -0.080214 0.022785
v 0.147622 -0.093445 0.029045
v 0.151568 -0.101405 0.029262
v 0.153640 -0.099064 0.029354
v 0.157544 -0.103887 0.028853
v 0.150585 -0.102687 0.028573
v 0.149159 -0.108738 0.023985
v 0.154341 -0.110433 0.026440
v 0.126730 -0.084721 0.021607
v 0.117311 -0.080144 0.017573
v 0.141535 -0.087197 0.027717
v 0.105967 -0.042543 0.006385
v 0.109243 -0.040776 0.004156
v 0.108762 -0.038371 -0.000057
v 0.115715 -0.039417 -0.003918
v 0.114438 -0.046041 0.009062
v 0.127477 -0.052327 0.012173
v 0.106917 -0.047972 0.010509
v 0.100027 -0.040902 0.004470
v 0.094433 -0.039594 0.001937
v 0.089479 -0.038656 -0.001319
v 0.106771 -0.036263 -0.006280
v 0.097951 -0.037526 -0.000080
v 0.101571 -0.036067 -0.003113
v 0.092237 -0.035824 -0.005075
v 0.122287 -0.046420 0.007543
v 0.115898 -0.041188 0.002019
v 0.126043 -0.046029 0.004685
v 0.127037 -0.045171 0.000938
v 0.124350 -0.043096 -0.004685
v 0.118353 -0.052488 0.013317
v 0.096526 -0.044423 0.006893
v 0.088032 -0.043181 0.002861
v 0.083531 -0.042390 -0.000929
v 0.154499 -0.070875 0.019747
v 0.161622 -0.077152 0.021017
v 0.166305 -0.081957 0.021361
v 0.170209 -0.086502 0.020977
v 0.173334 -0.087285 0.018839
v 0.151541 -0.074555 0.022403
v 0.141439 -0.059276 0.014569
v 0.157732 -0.069562 0.017239
v 0.163296 -0.071039 0.014427
v 0.162630 -0.067894 0.008501
v 0.168475 -0.079740 0.018750
v 0.175416 -0.084033 0.014485
v 0.170316 -0.078580 0.015848
v 0.172257 -0.078148 0.012368
v 0.170892 -0.075462 0.009146
v 0.161226 -0.083719 0.024103
v 0.167433 -0.091000 0.023607
v 0.172604 -0.094916 0.021137
v 0.142454 -0.065180 0.018720
v 0.151023 -0.062467 0.013312
v 0.153314 -0.061360 0.008210
v 0.138306 -0.053116 0.008244
v 0.141596 -0.052931 0.001984
v 0.172371 -0.082206 -0.017140
v 0.166628 -0.083933 -0.030751
v 0.164132 -0.092826 -0.045321
v 0.183234 -0.094668 -0.010815
v 0.169886 -0.076006 -0.009492
v 0.163046 -0.068577 -0.006564
v 0.168018 -0.072018 -0.000288
v 0.159793 -0.074319 -0.027932
v 0.147713 -0.063432 -0.029434
v 0.156005 -0.081454 -0.043503
v 0.154940 -0.089226 -0.053674
v 0.142103 -0.070211 -0.047316
v 0.175077 -0.089380 -0.023287
v 0.179955 -0.090704 -0.014035
v 0.181834 -0.099074 -0.022054
v 0.174224 -0.094962 -0.032137
v 0.179515 -0.108185 -0.036691
v 0.172381 -0.101548 -0.042110
v 0.166979 -0.070971 0.004828
v 0.175571 -0.080875 -0.004630
v 0.173206 -0.077105 0.004244
v 0.180313 -0.087502 -0.004799
v 0.177622 -0.082386 0.002207
v 0.157646 -0.066879 -0.016779
v 0.144682 -0.056668 -0.019659
v 0.156754 -0.063162 -0.005848
v 0.154103 -0.060675 0.000692
v 0.092387 -0.087063 -0.018731
v 0.071751 -0.074321 -0.017451
v 0.099204 -0.075122 0.008175
v 0.105325 -0.101738 -0.027184
v 0.104266 -0.113157 -0.042645
v 0.090421 -0.096933 -0.034680
v 0.064672 -0.078587 -0.029425
v 0.059070 -0.081495 -0.036632
v 0.076851 -0.096415 -0.043863
v 0.056362 -0.086754 -0.043643
v 0.078558 -0.066834 0.001869
v 0.104879 -0.091440 -0.012594
v 0.112456 -0.081994 0.011260
v 0.056785 -0.062496 -0.021223
v 0.056013 -0.065563 -0.023139
v 0.052467 -0.066884 -0.027366
v 0.048239 -0.066732 -0.029911
v 0.066309 -0.060173 -0.004159
v 0.059839 -0.065082 -0.017790
v 0.049454 -0.071795 -0.032501
v 0.055427 -0.072723 -0.029742
v 0.063525 -0.069376 -0.018118
v 0.051994 -0.078237 -0.037055
v 0.061903 -0.073309 -0.024888
v 0.052346 -0.063976 -0.026610
v 0.048628 -0.063794 -0.029348
v 0.065392 -0.058069 -0.005687
v 0.068863 -0.057803 -0.000138
v 0.066194 -0.055895 -0.006273
v 0.070805 -0.054831 0.000328
v 0.070045 -0.060739 0.000601
v 0.057342 -0.060142 -0.021548
v 0.053326 -0.061913 -0.026243
v 0.053442 -0.059353 -0.029094
v 0.272381 -0.149444 0.133288
v 0.285612 -0.151574 0.139307
v 0.263074 -0.151381 0.128102
v 0.262230 -0.154745 0.127247
v 0.258472 -0.158027 0.123136
v 0.264024 -0.146783 0.127658
v 0.258682 -0.146731 0.123419
v 0.253970 -0.147387 0.118692
v 0.274374 -0.146039 0.133131
v 0.274572 -0.142192 0.131208
v 0.288891 -0.146450 0.138634
v 0.269403 -0.160080 0.129652
v 0.270795 -0.154774 0.132642
v 0.254859 -0.152601 0.121594
v 0.251829 -0.151245 0.117866
v 0.248343 -0.150906 0.112325
v 0.247794 -0.156197 0.112743
v 0.250949 -0.157333 0.116396
v 0.254894 -0.162006 0.117117
v 0.247028 -0.161256 0.109109
v 0.259965 -0.141570 0.120215
v 0.253838 -0.144650 0.115643
v 0.336628 -0.164225 0.154931
v 0.345047 -0.173948 0.158162
v 0.321293 -0.152545 0.148393
v 0.300290 -0.140615 0.138271
v 0.324554 -0.145326 0.145041
v 0.343981 -0.180071 0.159709
v 0.283082 -0.128394 0.124877
v 0.266132 -0.140645 0.125038
v 0.287608 -0.135007 0.131581
v 0.324943 -0.175208 0.155459
v 0.339980 -0.183578 0.159576
v 0.332923 -0.184039 0.156941
v 0.336483 -0.191072 0.155382
v 0.331314 -0.170182 0.156566
v 0.332130 -0.175499 0.157735
v 0.279353 -0.155070 0.136796
v 0.295895 -0.166324 0.142119
v 0.296740 -0.170411 0.140116
v 0.319924 -0.162606 0.152417
v 0.316120 -0.165343 0.152140
v 0.309226 -0.156235 0.147801
v 0.334522 -0.148705 0.146862
v 0.339398 -0.149680 0.144718
v 0.341418 -0.149385 0.140313
v 0.344102 -0.156873 0.149824
v 0.349532 -0.164141 0.152805
v 0.334318 -0.146704 0.144661
v 0.325889 -0.139294 0.139342
v 0.318607 -0.134065 0.134455
v 0.330455 -0.140642 0.137283
v 0.335223 -0.143266 0.134754
v 0.330158 -0.139032 0.129884
v 0.320792 -0.133605 0.129659
v 0.349841 -0.160014 0.147841
v 0.353677 -0.162146 0.143280
v 0.336618 -0.154216 0.150401
v 0.346920 -0.165750 0.154882
v 0.353824 -0.173608 0.156096
v 0.321855 -0.139099 0.140437
v 0.287481 -0.125185 0.121887
v 0.280561 -0.125444 0.119420
v 0.271170 -0.126170 0.111740
v 0.266077 -0.127679 0.105003
v 0.291578 -0.124848 0.120907
v 0.295785 -0.125093 0.117734
v 0.285927 -0.124263 0.111120
v 0.299049 -0.126809 0.126549
v 0.290626 -0.127017 0.126250
v 0.273694 -0.126878 0.116590
v 0.279032 -0.127731 0.121847
v 0.266857 -0.128582 0.110737
v 0.280886 -0.124270 0.114885
v 0.274948 -0.125000 0.105261
v 0.271545 -0.125579 0.107619
v 0.311916 -0.130033 0.128649
v 0.303672 -0.127027 0.124076
v 0.310416 -0.128738 0.121700
v 0.291955 -0.128894 0.128616
v 0.298176 -0.129759 0.130976
v 0.307160 -0.130087 0.131722
v 0.305116 -0.132831 0.134601
v 0.260973 -0.133908 0.079817
v 0.266828 -0.134468 0.074854
v 0.257441 -0.135780 0.080104
v 0.262747 -0.129661 0.096089
v 0.255284 -0.137352 0.083128
v 0.251238 -0.149682 0.045991
v 0.247715 -0.152447 0.044831
v 0.249895 -0.148880 0.053817
v 0.260192 -0.139524 0.064759
v 0.265162 -0.141866 0.058328
v 0.250915 -0.153730 0.034919
v 0.248933 -0.157322 0.027413
v 0.265481 -0.128346 0.096446
v 0.270400 -0.128392 0.091344
v 0.260065 -0.131543 0.095764
v 0.251019 -0.143521 0.081938
v 0.244427 -0.156834 0.050995
v 0.253657 -0.139540 0.094276
v 0.261590 -0.130888 0.102590
v 0.289868 -0.140024 0.069699
v 0.290898 -0.154673 0.047350
v 0.295391 -0.164277 0.037748
v 0.300924 -0.143472 0.069226
v 0.324376 -0.141449 0.087128
v 0.304265 -0.134669 0.088240
v 0.289741 -0.129067 0.093944
v 0.300510 -0.129160 0.100877
v 0.275358 -0.136026 0.071897
v 0.276557 -0.148903 0.048998
v 0.274117 -0.160240 0.032363
v 0.272023 -0.143692 0.055993
v 0.326027 -0.147467 0.078169
v 0.318411 -0.146897 0.073960
v 0.325740 -0.153000 0.070186
v 0.308750 -0.156956 0.054443
v 0.320125 -0.164316 0.053436
v 0.326011 -0.163052 0.059330
v 0.299544 -0.126312 0.112125
v 0.321241 -0.134514 0.102976
v 0.322903 -0.137245 0.095623
v 0.288181 -0.133258 0.082479
v 0.277410 -0.129725 0.087290
v 0.356171 -0.166421 0.122038
v 0.353151 -0.173188 0.096484
v 0.355180 -0.186081 0.083844
v 0.365886 -0.179085 0.131032
v 0.350789 -0.158420 0.127043
v 0.347253 -0.160323 0.103693
v 0.333323 -0.146516 0.090951
v 0.334886 -0.155236 0.079321
v 0.345482 -0.189008 0.061955
v 0.334383 -0.163447 0.068514
v 0.369008 -0.186720 0.123703
v 0.361035 -0.177430 0.112470
v 0.373770 -0.198491 0.119768
v 0.366925 -0.191649 0.106633
v 0.374610 -0.209005 0.107211
v 0.364264 -0.199081 0.090094
v 0.357272 -0.165770 0.138767
v 0.361333 -0.171290 0.135516
v 0.344859 -0.153809 0.113436
v 0.331613 -0.141344 0.101332
v 0.340202 -0.147345 0.121346
v 0.329114 -0.137926 0.109614
v 0.336595 -0.143796 0.125707
v 0.326989 -0.136252 0.115785
v 0.228735 -0.188039 -0.013715
v 0.226795 -0.253638 -0.058346
v 0.244597 -0.214175 -0.024418
v 0.261650 -0.206139 -0.012537
v 0.241822 -0.181427 -0.001763
v 0.259522 -0.170593 0.015274
v 0.223053 -0.184300 -0.014646
v 0.213690 -0.258275 -0.068357
v 0.204109 -0.242667 -0.066895
v 0.192471 -0.242867 -0.077047
v 0.242145 -0.224612 -0.032582
v 0.235310 -0.232980 -0.041135
v 0.251368 -0.250333 -0.045644
v 0.238610 -0.257757 -0.055119
v 0.251531 -0.264096 -0.053803
v 0.226432 -0.251099 -0.014168
v 0.207911 -0.265689 -0.040600
v 0.193439 -0.200239 0.005194
v 0.187058 -0.197437 0.000574
v 0.232293 -0.231014 0.007998
v 0.225515 -0.211491 0.021353
v 0.217724 -0.203962 0.021318
v 0.191950 -0.153997 -0.002931
v 0.185509 -0.153164 -0.003427
v 0.183749 -0.148177 -0.004544
v 0.181957 -0.143765 -0.004440
v 0.188720 -0.166954 0.003311
v 0.194847 -0.173080 0.009212
v 0.216770 -0.181627 0.027253
v 0.218628 -0.183232 0.029456
v 0.211470 -0.188217 0.023520
v 0.213105 -0.194730 0.022901
v 0.214527 -0.179960 0.024555
v 0.219335 -0.177357 0.026897
v 0.223581 -0.179531 0.033837
v 0.227699 -0.177290 0.039209
v 0.232609 -0.172343 0.046399
v 0.227380 -0.174300 0.034630
v 0.231608 -0.171558 0.040245
v 0.217678 -0.188206 0.028615
v 0.222377 -0.191545 0.032203
v 0.222582 -0.185335 0.034025
v 0.224366 -0.199614 0.029922
v 0.226705 -0.183158 0.039846
v 0.228692 -0.189410 0.041248
v 0.229123 -0.195220 0.037864
v 0.193082 -0.184899 0.011053
v 0.197360 -0.191248 0.012780
v 0.199325 -0.199578 0.010392
v 0.208522 -0.182575 0.021238
v 0.226983 -0.163155 0.014488
v 0.236777 -0.160993 0.020697
v 0.246166 -0.156177 0.030857
v 0.225950 -0.163879 0.016818
v 0.224918 -0.165301 0.018605
v 0.214954 -0.162571 0.006772
v 0.234998 -0.162691 0.015655
v 0.228221 -0.166392 0.006207
v 0.228488 -0.172661 -0.000897
v 0.236412 -0.165489 0.011247
v 0.231708 -0.162402 0.020194
v 0.230950 -0.163764 0.022940
v 0.236555 -0.160714 0.024262
v 0.235742 -0.161873 0.027185
v 0.241305 -0.158345 0.029292
v 0.240232 -0.159405 0.032133
v 0.245813 -0.155118 0.036020
v 0.213692 -0.163094 0.008310
v 0.210573 -0.164400 0.009232
v 0.220240 -0.164765 0.014197
v 0.215595 -0.166368 0.013466
v 0.224225 -0.164074 0.008673
v 0.220353 -0.163383 0.010221
v 0.221866 -0.166147 0.002269
v 0.219998 -0.170874 -0.005173
v 0.216928 -0.163132 0.004113
v 0.217560 -0.166101 -0.001629
v 0.212878 -0.161959 0.000347
v 0.214652 -0.170027 -0.009492
v 0.212509 -0.164313 -0.005343
v 0.144239 -0.250100 -0.111920
v 0.146681 -0.253569 -0.107195
v 0.160185 -0.260225 -0.095922
v 0.173569 -0.268424 -0.084743
v 0.117333 -0.230722 -0.143634
v 0.166744 -0.266118 -0.088223
v 0.209772 -0.288017 -0.062388
v 0.194642 -0.280930 -0.068295
v 0.178932 -0.270925 -0.073419
v 0.231925 -0.291421 -0.049159
v 0.232547 -0.298424 -0.056619
v 0.185509 -0.276903 -0.073858
v 0.171258 -0.268994 -0.081793
v 0.198669 -0.278327 -0.061085
v 0.177454 -0.263804 -0.067552
v 0.214707 -0.285222 -0.054965
v 0.224646 -0.279227 -0.068320
v 0.218380 -0.274549 -0.070697
v 0.225356 -0.273363 -0.068159
v 0.231628 -0.269298 -0.064177
v 0.208393 -0.272893 -0.073746
v 0.189120 -0.263725 -0.083079
v 0.236555 -0.283229 -0.065086
v 0.241001 -0.280636 -0.064213
v 0.245201 -0.278059 -0.062445
v 0.250168 -0.274127 -0.059474
v 0.204930 -0.268672 -0.076056
v 0.192347 -0.262516 -0.082354
v 0.211316 -0.267583 -0.073240
v 0.201615 -0.263082 -0.077582
v 0.191828 -0.258108 -0.082911
v 0.211713 -0.262966 -0.071564
v 0.199124 -0.254246 -0.076698
v 0.189435 -0.250720 -0.082998
v -0.053813 0.093270 0.058159
v -0.049591 0.084485 0.059373
v -0.046169 0.076795 0.059667
v -0.040686 0.066127 0.057207
v -0.051178 0.078745 0.062498
v -0.062217 0.105570 0.056758
v -0.049967 0.090497 0.055889
v -0.052363 0.097241 0.052433
v -0.050684 0.096795 0.048397
v -0.045406 0.088543 0.047866
v -0.042962 0.076945 0.055920
v -0.044994 0.084242 0.053419
v -0.039768 0.074035 0.051377
v -0.041473 0.080558 0.048290
v -0.036995 0.069987 0.046632
v -0.045141 0.068092 0.061101
v -0.043083 0.059736 0.060236
v -0.040353 0.055150 0.057570
v -0.073487 0.115590 0.057270
v -0.064281 0.103391 0.059591
v -0.058402 0.092592 0.061412
v -0.057285 0.101868 0.054734
v -0.055582 0.104023 0.046284
v -0.062010 0.109756 0.050969
v -0.061400 0.110808 0.045703
v -0.067986 0.113945 0.054062
v -0.103157 0.129467 0.059902
v -0.094642 0.128004 0.058169
v -0.087175 0.126319 0.055494
v -0.079679 0.121376 0.056334
v -0.100751 0.126110 0.062446
v -0.111696 0.129032 0.061787
v -0.117690 0.129452 0.060045
v -0.095355 0.130200 0.048217
v -0.078961 0.122665 0.053622
v -0.093205 0.129268 0.053638
v -0.077023 0.122712 0.049911
v -0.084015 0.126532 0.049539
v -0.087695 0.128148 0.044979
v -0.074034 0.122012 0.040556
v -0.090929 0.125475 0.059226
v -0.083273 0.120408 0.059363
v -0.118750 0.127503 0.062832
v -0.107784 0.126571 0.063706
v -0.114188 0.126421 0.064322
v -0.121175 0.124566 0.064849
v -0.099933 0.130847 0.054042
v -0.103844 0.131342 0.049694
v -0.107644 0.130778 0.058209
v -0.109725 0.131357 0.055646
v -0.116413 0.130668 0.055555
v -0.122261 0.112115 0.068408
v -0.129014 0.111935 0.067527
v -0.088594 0.106232 0.065354
v -0.089101 0.101439 0.064991
v -0.112818 0.115807 0.068546
v -0.123008 0.116659 0.068776
v -0.128453 0.116036 0.067920
v -0.062051 0.067939 0.067012
v -0.055388 0.053648 0.066326
v -0.051926 0.045074 0.064375
v -0.077371 0.095731 0.065295
v -0.078624 0.092040 0.065063
v -0.109161 0.119764 0.067101
v -0.118577 0.118743 0.068342
v -0.125768 0.118286 0.067835
v -0.093664 0.122105 0.062484
v -0.100322 0.115698 0.066455
v -0.059747 0.079159 0.065857
v -0.052704 0.063212 0.066063
v -0.049597 0.047794 0.064330
v -0.060664 0.072203 0.067335
v -0.065576 0.087152 0.065584
v -0.075932 0.106122 0.062579
v -0.055050 0.060404 0.067035
v -0.051501 0.052494 0.065760
v -0.032781 0.039365 0.036472
v -0.030085 0.018089 0.011699
v -0.035495 0.034268 0.040168
v -0.035042 0.044435 0.045786
v -0.036516 0.050224 0.051021
v -0.038074 0.056282 0.054600
v -0.031706 0.043171 0.033822
v -0.031077 0.046535 0.026068
v -0.031625 0.048661 0.020230
v -0.029064 0.021136 0.007920
v -0.029021 0.024089 0.001896
v -0.030006 0.022878 -0.007551
v -0.031787 0.020865 0.018802
v -0.033969 0.016162 0.020239
v -0.031581 0.010419 0.011861
v -0.038693 0.042239 0.051530
v -0.032425 0.052934 0.037370
v -0.033590 0.059633 0.040247
v -0.033341 0.049606 0.042595
v -0.035058 0.057163 0.048345
v -0.044942 0.084371 0.020977
v -0.049693 0.087224 0.010341
v -0.043718 0.065831 -0.001332
v -0.050316 0.070413 -0.010402
v -0.051109 0.057176 -0.023812
v -0.042033 0.072162 0.010850
v -0.039299 0.070385 0.017526
v -0.044548 0.087184 0.030621
v -0.059325 0.104913 0.012641
v -0.056356 0.094232 0.003583
v -0.056946 0.083299 -0.009097
v -0.064063 0.089419 -0.013410
v -0.062521 0.096287 -0.004763
v -0.063786 0.106283 0.005227
v -0.066742 0.098299 -0.007889
v -0.033817 0.053988 0.014638
v -0.035943 0.049177 0.000687
v -0.032620 0.041960 0.004287
v -0.038596 0.048859 -0.006498
v -0.041762 0.045864 -0.016394
v -0.040177 0.079693 0.039585
v -0.037945 0.072540 0.029017
v -0.034541 0.061799 0.024875
v -0.036015 0.069288 0.038432
v -0.063960 0.111939 0.015859
v -0.051547 0.096999 0.023445
v -0.059488 0.108196 0.020425
v -0.064279 0.114790 0.025681
v -0.050004 0.096956 0.033678
v -0.058835 0.108955 0.028699
v -0.056994 0.106896 0.036434
v -0.065720 0.116468 0.033615
v -0.047535 0.093438 0.041229
v -0.141345 0.118817 0.038887
v -0.144805 0.117650 0.034914
v -0.147353 0.117633 0.032154
v -0.137986 0.120565 0.035465
v -0.122950 0.126123 0.036689
v -0.133176 0.123658 0.051731
v -0.127314 0.126895 0.055657
v -0.143521 0.116089 0.042713
v -0.149174 0.116430 0.034333
v -0.146126 0.115146 0.039153
v -0.147978 0.114826 0.037379
v -0.151146 0.114460 0.036129
v -0.138265 0.119078 0.027388
v -0.138618 0.117133 0.021090
v -0.143624 0.118343 0.029545
v -0.129445 0.126070 0.048136
v -0.123452 0.128168 0.058461
v -0.123512 0.128787 0.052593
v -0.123441 0.128059 0.045185
v -0.116209 0.130731 0.050583
v -0.135916 0.120561 0.054523
v -0.130487 0.123981 0.058796
v -0.150104 0.103970 0.043802
v -0.153865 0.102461 0.040022
v -0.141518 0.108624 0.057938
v -0.138048 0.110071 0.062099
v -0.134474 0.111092 0.065108
v -0.150748 0.107112 0.043178
v -0.153505 0.106253 0.040666
v -0.133752 0.114848 0.065639
v -0.141453 0.112142 0.057641
v -0.137765 0.113600 0.062284
v -0.319357 0.294930 0.170146
v -0.282666 0.282937 0.164559
v -0.275783 0.274622 0.162448
v -0.288764 0.280560 0.164137
v -0.302031 0.282498 0.164611
v -0.304701 0.279261 0.161655
v -0.313394 0.278972 0.159224
v -0.333311 0.297107 0.170846
v -0.342675 0.297653 0.170150
v -0.308020 0.296980 0.169066
v -0.268756 0.281887 0.162607
v -0.293581 0.297930 0.166270
v -0.297947 0.272159 0.156647
v -0.284567 0.274162 0.161463
v -0.284061 0.269199 0.158370
v -0.288390 0.265375 0.153060
v -0.278409 0.260622 0.153294
v -0.328630 0.292098 0.168888
v -0.342251 0.293188 0.167888
v -0.340761 0.289022 0.164291
v -0.327498 0.300860 0.171166
v -0.341624 0.301306 0.170674
v -0.228131 0.264087 0.155034
v -0.248096 0.287525 0.156798
v -0.231605 0.275005 0.154307
v -0.230084 0.277692 0.152320
v -0.222905 0.256651 0.153364
v -0.217710 0.251367 0.150401
v -0.215265 0.245260 0.148041
v -0.212659 0.240223 0.144663
v -0.236892 0.273984 0.156632
v -0.242495 0.287226 0.154553
v -0.254573 0.296959 0.154893
v -0.222796 0.265521 0.152061
v -0.217699 0.258802 0.149800
v -0.310794 0.306239 0.168216
v -0.320629 0.310332 0.168086
v -0.332385 0.309703 0.169015
v -0.343925 0.306002 0.169231
v -0.295239 0.306123 0.164864
v -0.269605 0.300413 0.159414
v -0.335271 0.305649 0.170421
v -0.324507 0.306070 0.170010
v -0.308053 0.310574 0.165808
v -0.340073 0.310827 0.167359
v -0.286421 0.308397 0.161011
v -0.262887 0.302203 0.155415
v -0.282150 0.300431 0.163076
v -0.242124 0.249746 0.160084
v -0.235617 0.237419 0.158307
v -0.231141 0.228897 0.155787
v -0.229444 0.219691 0.152575
v -0.241705 0.237673 0.158413
v -0.241578 0.228502 0.155482
v -0.241894 0.221797 0.151986
v -0.261799 0.265497 0.161163
v -0.240632 0.260680 0.159580
v -0.226028 0.231568 0.154045
v -0.223618 0.226064 0.151128
v -0.233061 0.247777 0.158142
v -0.229156 0.239184 0.156490
v -0.234820 0.226244 0.155838
v -0.234903 0.219590 0.153357
v -0.237215 0.215780 0.150966
v -0.231853 0.212176 0.149502
v -0.234724 0.208361 0.146939
v -0.260262 0.259109 0.159813
v -0.271695 0.265778 0.159679
v -0.258157 0.250852 0.157417
v -0.266371 0.258952 0.157936
v -0.259668 0.246685 0.154257
v -0.269769 0.256480 0.154777
v -0.265375 0.275262 0.162199
v -0.288037 0.317983 0.151973
v -0.277172 0.315398 0.145790
v -0.259555 0.306420 0.146658
v -0.301587 0.320468 0.156372
v -0.325044 0.325514 0.154982
v -0.329336 0.323942 0.157553
v -0.306879 0.324176 0.152409
v -0.296079 0.322368 0.148016
v -0.290373 0.320966 0.140822
v -0.305358 0.325085 0.145519
v -0.302573 0.323919 0.139053
v -0.317844 0.325476 0.154126
v -0.315969 0.326572 0.148668
v -0.261111 0.308337 0.141596
v -0.251056 0.302726 0.141057
v -0.274027 0.314497 0.139444
v -0.261634 0.308216 0.131947
v -0.278460 0.315836 0.132980
v -0.300165 0.313766 0.161877
v -0.283704 0.312387 0.156806
v -0.266471 0.308115 0.151168
v -0.322251 0.322771 0.159362
v -0.314725 0.322908 0.157998
v -0.332700 0.320820 0.160972
v -0.327983 0.319588 0.162598
v -0.310535 0.317709 0.161844
v -0.321499 0.318795 0.162938
v -0.214427 0.268349 0.143344
v -0.208845 0.263433 0.137762
v -0.207172 0.256542 0.139652
v -0.223088 0.276322 0.147501
v -0.220248 0.277421 0.142036
v -0.231044 0.287116 0.144556
v -0.240271 0.295317 0.142926
v -0.216518 0.275091 0.136573
v -0.218583 0.277859 0.132737
v -0.217744 0.276967 0.127279
v -0.211672 0.268604 0.137161
v -0.204086 0.256038 0.133274
v -0.205431 0.260582 0.130615
v -0.209404 0.267222 0.129527
v -0.203470 0.258164 0.123720
v -0.219204 0.269487 0.147886
v -0.213807 0.262042 0.145861
v -0.209825 0.261751 0.141114
v -0.210253 0.254431 0.143827
v -0.204873 0.251758 0.137091
v -0.206208 0.247399 0.139048
v -0.229662 0.283305 0.148128
v -0.240011 0.293080 0.147580
v -0.249744 0.299353 0.148964
v -0.242221 0.291609 0.151437
v -0.227942 0.285997 0.139836
v -0.230077 0.288359 0.133481
v -0.237525 0.294018 0.136315
v -0.247258 0.300342 0.131843
v -0.346317 0.310873 0.131812
v -0.351283 0.300514 0.122851
v -0.337864 0.318672 0.134887
v -0.333137 0.318607 0.130102
v -0.348065 0.313463 0.141720
v -0.345464 0.317573 0.147913
v -0.341793 0.320622 0.152942
v -0.336644 0.322769 0.155960
v -0.352612 0.306932 0.138569
v -0.355878 0.297851 0.129532
v -0.339063 0.310572 0.121677
v -0.330832 0.308491 0.112169
v -0.346217 0.303413 0.118887
v -0.343950 0.298972 0.109059
v -0.337620 0.300228 0.104826
v -0.331747 0.294270 0.092873
v -0.341897 0.318943 0.141657
v -0.336910 0.323363 0.148942
v -0.332167 0.325062 0.152342
v -0.334730 0.323385 0.143592
v -0.329123 0.325787 0.146143
v -0.330171 0.323713 0.139234
v -0.321764 0.326522 0.144416
v -0.352015 0.310396 0.148621
v -0.348975 0.313974 0.154287
v -0.344507 0.316709 0.158683
v -0.297450 0.307961 0.104822
v -0.296510 0.293344 0.084152
v -0.288885 0.279246 0.066480
v -0.278489 0.300078 0.095265
v -0.253278 0.287548 0.082126
v -0.292939 0.313865 0.115925
v -0.292667 0.319361 0.129122
v -0.314357 0.314011 0.114983
v -0.325579 0.316622 0.122221
v -0.303429 0.304383 0.099536
v -0.310549 0.291970 0.083635
v -0.317533 0.308401 0.107003
v -0.322878 0.299191 0.095863
v -0.279105 0.293167 0.084769
v -0.254893 0.282098 0.073468
v -0.280482 0.285065 0.073878
v -0.264736 0.276019 0.064332
v -0.256305 0.272699 0.061836
v -0.278393 0.305641 0.105066
v -0.279468 0.309996 0.113649
v -0.271119 0.308848 0.116971
v -0.265325 0.308538 0.124064
v -0.252421 0.292275 0.091243
v -0.248092 0.292621 0.095456
v -0.311836 0.320028 0.125245
v -0.302259 0.318882 0.123915
v -0.323049 0.321223 0.129516
v -0.321095 0.324898 0.137317
v -0.307318 0.323409 0.133871
v -0.312473 0.325718 0.140753
v -0.362738 0.286482 0.146711
v -0.363745 0.286305 0.143891
v -0.363574 0.289716 0.146731
v -0.359853 0.290749 0.156328
v -0.356965 0.293715 0.162034
v -0.354130 0.296427 0.165775
v -0.360453 0.285268 0.148240
v -0.362343 0.265310 0.114499
v -0.358252 0.268286 0.122741
v -0.355837 0.254107 0.103062
v -0.351278 0.265614 0.122283
v -0.364550 0.283730 0.135604
v -0.364617 0.268347 0.115537
v -0.365580 0.265792 0.107634
v -0.361940 0.291614 0.153775
v -0.359354 0.294729 0.160161
v -0.356625 0.297814 0.164238
v -0.362049 0.293637 0.154123
v -0.359382 0.296855 0.160499
v -0.353972 0.299601 0.166382
v -0.354709 0.288634 0.158105
v -0.346681 0.286284 0.158925
v -0.265540 0.200308 0.090012
v -0.269450 0.192272 0.076207
v -0.261153 0.234067 0.140858
v -0.268047 0.240268 0.138887
v -0.276530 0.225915 0.105719
v -0.254756 0.225907 0.140967
v -0.257665 0.238799 0.150030
v -0.239111 0.194619 0.129056
v -0.246561 0.180943 0.099826
v -0.250718 0.171557 0.083461
v -0.240723 0.175227 0.101218
v -0.242605 0.166649 0.088730
v -0.262084 0.208588 0.105253
v -0.269700 0.217708 0.104389
v -0.274156 0.205097 0.082890
v -0.280203 0.214449 0.086261
v -0.266697 0.247210 0.148915
v -0.276002 0.248106 0.139808
v -0.276405 0.255841 0.149508
v -0.241514 0.203415 0.136493
v -0.237321 0.206339 0.144022
v -0.063503 -0.106152 -0.101021
v -0.057662 -0.110621 -0.096849
v -0.050392 -0.114651 -0.090403
v -0.071602 -0.098737 -0.105670
v -0.082879 -0.082335 -0.103471
v -0.060370 -0.106045 -0.094164
v -0.047450 -0.111559 -0.080755
v -0.050287 -0.106927 -0.079634
v -0.080352 -0.089760 -0.110877
v -0.197356 0.009390 -0.068901
v -0.220653 0.032639 -0.040117
v -0.228244 0.046288 -0.022027
v -0.227028 0.058459 -0.004718
v -0.188926 0.002121 -0.079215
v -0.156741 -0.022339 -0.106601
v -0.210616 0.020108 -0.057117
v -0.230907 0.043153 -0.028695
v -0.147361 -0.028548 -0.109928
v -0.143102 -0.033743 -0.117689
v -0.152335 -0.020793 -0.100839
v -0.159997 -0.018678 -0.100533
v -0.168443 -0.009259 -0.088791
v -0.142945 -0.033475 -0.115262
v -0.137153 -0.037583 -0.116738
v -0.131573 -0.037429 -0.112191
v -0.138176 -0.031321 -0.109231
v -0.140436 -0.025042 -0.102913
v -0.133726 -0.041897 -0.121135
v -0.136244 -0.039526 -0.121439
v -0.154531 -0.024043 -0.107298
v -0.116757 -0.053181 -0.117071
v -0.120872 -0.044061 -0.110771
v -0.112734 -0.045124 -0.103939
v -0.108191 -0.061323 -0.116884
v -0.094810 -0.073701 -0.113029
v -0.125765 -0.046707 -0.118720
v -0.117545 -0.038307 -0.102038
v -0.094467 -0.071516 -0.109022
v -0.108118 -0.053812 -0.107362
v -0.095207 -0.062241 -0.100085
v -0.105023 -0.064735 -0.119511
v -0.095353 -0.074040 -0.116385
v -0.119237 -0.052890 -0.120956
v -0.121983 -0.050517 -0.123296
v -0.130920 -0.043946 -0.122774
v -0.047633 0.016574 0.045008
v -0.050251 0.020272 0.047999
v -0.049455 0.001164 0.021259
v -0.054219 0.013055 0.028731
v -0.049760 0.024557 0.053663
v -0.050623 0.029573 0.058207
v -0.046451 0.018468 0.046334
v -0.046014 -0.000484 0.022800
v -0.043849 -0.006626 0.016665
v -0.052126 -0.007902 0.005878
v -0.052114 0.028020 0.055336
v -0.048240 0.023667 0.052693
v -0.050898 0.033857 0.060859
v -0.044444 0.003552 0.027767
v -0.039017 -0.024766 0.003650
v -0.042760 -0.015027 0.009188
v -0.037284 -0.026297 0.002984
v -0.032922 -0.057325 -0.013971
v -0.046836 -0.010200 0.010432
v -0.040505 -0.029047 -0.000441
v -0.045706 -0.020896 0.001132
v -0.040188 -0.016483 0.008756
v -0.041808 -0.009958 0.013482
v -0.031130 -0.051217 -0.009092
v -0.027189 -0.069577 -0.020572
v -0.027606 -0.059231 -0.013645
v -0.182669 0.102633 0.049487
v -0.170276 0.093831 0.036304
v -0.193741 0.099684 0.049604
v -0.166120 0.098018 0.039151
v -0.168688 0.082809 0.023172
v -0.161827 0.089640 0.030110
v -0.160188 0.096077 0.036702
v -0.201925 0.097958 0.048753
v -0.191927 0.113046 0.060545
v -0.191503 0.103383 0.052846
v -0.201581 0.103405 0.054265
v -0.170633 0.101123 0.042948
v -0.159564 0.099055 0.038494
v -0.165358 0.100354 0.040160
v -0.150459 0.095822 0.040855
v -0.148553 0.092574 0.037098
v -0.151724 0.098757 0.042892
v -0.155113 0.097359 0.039078
v -0.151496 0.100719 0.043672
v -0.140005 0.105449 0.061547
v -0.143496 0.103697 0.056937
v -0.140237 0.103288 0.059481
v -0.136440 0.102418 0.059767
v -0.137013 0.106035 0.064131
v -0.156194 0.095787 0.037225
v -0.155913 0.090109 0.031002
v -0.141729 0.092851 0.040005
v -0.154135 0.099853 0.040791
v -0.156554 0.099197 0.039135
v -0.142373 0.105848 0.058777
v -0.136462 0.107985 0.064926
v -0.030428 -0.067320 -0.019598
v -0.033120 -0.070731 -0.024425
v -0.233760 0.058778 -0.006333
v -0.239766 0.060676 -0.008171
v -0.206570 0.100813 0.051628
v -0.210771 0.102077 0.051745
v -0.109805 0.104967 0.066988
v -0.115483 0.103401 0.064699
v -0.130098 0.106842 0.067054
v -0.099530 0.102264 0.066107
v -0.091725 0.096668 0.064752
v -0.105747 0.100587 0.063639
v -0.098740 0.099145 0.064368
v -0.100125 0.094965 0.058771
v -0.092827 0.093314 0.061462
v -0.132058 0.104930 0.064669
v -0.118251 0.108962 0.068701
v -0.126726 0.108460 0.068434
v -0.092256 0.099864 0.065509
v -0.115005 0.111699 0.068340
v -0.072731 0.076667 0.065579
v -0.066822 0.062031 0.063086
v -0.085027 0.093134 0.065095
v -0.053319 0.036682 0.062331
v -0.056525 0.045375 0.065200
v -0.055747 0.036668 0.059320
v -0.077738 0.080757 0.063546
v -0.085113 0.089146 0.063095
v -0.073899 0.073271 0.062101
v -0.080590 0.079012 0.058075
v -0.088001 0.086591 0.057691
v -0.076963 0.086182 0.065649
v -0.079123 0.085915 0.065078
v -0.060061 0.054951 0.066709
v -0.058005 0.053809 0.066899
v -0.054666 0.045714 0.065572
v -0.052299 0.038603 0.063283
v -0.063432 0.064683 0.067251
v 0.224439 -0.295286 -0.059589
v -0.095718 -0.010286 -0.125456
v -0.110319 -0.003068 -0.128944
v -0.163993 0.019979 -0.093964
v -0.186441 0.033299 -0.076768
v -0.262146 0.095566 -0.033574
v -0.316705 0.180361 -0.027932
v 0.305271 -0.268654 -0.045416
v 0.107630 -0.169609 -0.163481
v 0.099238 -0.167968 -0.163945
v 0.083765 -0.166264 -0.161873
v -0.027203 -0.121622 -0.119590
v -0.246677 0.063852 -0.044808
v -0.253473 0.052539 -0.039748
v 0.075413 -0.190759 -0.138536
v -0.372456 0.183347 0.011066
v -0.343615 0.164796 -0.003168
v 0.117194 -0.177551 -0.160928
v 0.319103 -0.287497 -0.037937
v -0.128179 -0.038948 -0.129757
v 0.346530 -0.310792 0.037919
v 0.340810 -0.312378 0.035391
v -0.235814 0.052797 -0.016407
v -0.035246 -0.127138 -0.095651
v 0.303762 -0.303260 -0.006535
v -0.248917 0.296471 0.105504
v -0.246815 0.285869 0.083008
v -0.248910 0.278889 0.071519
v -0.252266 0.270700 0.060889
v -0.167558 0.116019 0.019379
v -0.194423 0.148245 0.043994
v -0.201536 0.166316 0.045763
v 0.252695 -0.161598 0.021854
v -0.018539 -0.022642 -0.031633
v -0.027583 0.015011 -0.002178
v -0.110311 0.051300 -0.013044
v -0.092769 0.061329 0.011807
v -0.121116 0.122047 0.024867
v -0.137933 0.114363 0.014355
v -0.156476 0.106433 0.039490
v 0.048187 -0.061301 -0.031127
v -0.156956 0.102129 0.038635
v -0.067300 0.113111 0.011695
v -0.217039 0.171087 0.092616
v 0.235563 -0.167886 0.047801
v 0.232007 -0.174567 0.048683
v 0.174003 -0.145224 -0.001327
v -0.016360 -0.069441 -0.021143
v -0.252888 0.161769 0.071601
v -0.284933 0.234714 0.108556
v 0.237289 -0.183603 0.062741
v 0.156626 -0.146703 -0.010856
v 0.115790 -0.112127 -0.028925
v 0.377366 -0.232626 0.096026
v -0.076669 -0.057416 -0.071726
v -0.093280 0.032713 -0.090274
v 0.141208 -0.052059 -0.004507
v 0.095973 -0.034579 -0.007777
v 0.073079 -0.057450 0.004494
v 0.072759 -0.062758 0.001819
v 0.124953 -0.088158 0.017096
v 0.283127 -0.125931 0.100719
v 0.269522 -0.127128 0.097513
v 0.355901 -0.170649 0.152783
v 0.265354 -0.163313 0.124412
v 0.346584 -0.153304 0.135176
v 0.351912 -0.183962 0.159821
v 0.347032 -0.188525 0.160348
v 0.251648 -0.144857 0.111437
v 0.312547 -0.181247 0.143464
v 0.315697 -0.137848 0.139500
v 0.330439 -0.155902 0.071196
v 0.330026 -0.148701 0.080428
v 0.329006 -0.142932 0.089485
v 0.327413 -0.138530 0.098466
v 0.325483 -0.135682 0.106624
v 0.322855 -0.133865 0.110751
v 0.238785 -0.170164 0.006867
v -0.069885 0.117127 0.050993
v -0.037875 0.065496 0.052744
v -0.081660 0.103843 0.064607
v -0.130684 0.117591 0.066360
v -0.033441 0.060267 0.033355
v -0.291190 0.320511 0.135126
v -0.324338 0.326585 0.150026
v -0.338406 0.318740 0.161214
v -0.349876 0.300582 0.168666
v -0.350182 0.297071 0.168077
v -0.350044 0.292148 0.164642
v -0.242288 0.214735 0.146734
v -0.276678 0.264352 0.157298
v -0.238745 0.164067 0.089330
v -0.234828 0.189870 0.127053
v -0.159077 -0.009275 -0.087279
v -0.132790 0.108192 0.066993
v -0.104983 0.000347 -0.125017
v 0.123915 -0.187766 -0.155317
v -0.073871 0.080676 -0.030264
v -0.204214 0.211908 0.059595
v 0.184602 -0.118666 -0.035531
v 0.075931 -0.056516 -0.061604
v 0.002852 -0.043839 -0.036922
v 0.180215 -0.138406 -0.002965
v 0.003674 -0.062310 -0.019821
v 0.330329 -0.163475 0.063070
v 0.132367 -0.087070 -0.074269
v 0.178057 -0.083517 0.007134
v 0.074306 -0.054603 0.004062
v 0.151757 -0.115499 0.019820
v -0.068431 0.117364 0.045755
v -0.125940 0.125268 0.062170
v -0.211174 0.093479 0.043335
v -0.215514 0.096116 0.045154
v -0.243312 0.110994 0.039211
v -0.255021 0.110500 0.028971
v -0.262550 0.105137 0.017700
v -0.265813 0.096168 0.006950
v -0.257555 0.073789 -0.007835
v -0.002909 -0.077972 -0.030702
v -0.017932 -0.078957 -0.029271
v -0.035953 -0.119981 -0.082958
v -0.026232 -0.080583 -0.029869
v -0.042925 -0.116031 -0.082078
v -0.030638 -0.080865 -0.031101
v -0.034051 -0.079431 -0.032907
v -0.053970 -0.097505 -0.076051
v -0.198254 0.070860 0.012188
v -0.205092 0.090781 0.039529
v -0.197688 0.085742 0.031791
v -0.208175 0.063221 0.002625
v 0.196183 -0.209489 0.001011
v 0.190176 -0.207244 -0.002824
v 0.176240 -0.246088 -0.051633
v 0.184935 -0.206027 -0.007453
v 0.180740 -0.205748 -0.012230
v 0.171784 -0.237329 -0.049138
v 0.017311 -0.108569 -0.064752
v 0.022612 -0.086794 -0.044372
v 0.024103 -0.096446 -0.053769
v 0.004300 -0.117919 -0.073048
v 0.012670 -0.080199 -0.036166
v 0.201750 -0.212472 0.003321
v 0.184982 -0.256394 -0.051789
v 0.207576 -0.216408 0.004485
v 0.213064 -0.221191 0.004374
v 0.220089 -0.229149 0.002112
v 0.196223 -0.263496 -0.048061
v 0.225700 -0.240499 -0.004804
v 0.222095 -0.259905 -0.025148
v 0.215277 -0.264203 -0.033748
v -0.036615 -0.097943 -0.046249
v -0.023125 -0.084407 -0.093045
v -0.041103 -0.105655 -0.062532
v -0.026191 -0.050387 -0.066564
v -0.029481 -0.074326 -0.089158
v -0.029842 -0.054728 -0.073573
v -0.042326 -0.102200 -0.058215
v -0.180190 0.101848 -0.000357
v -0.177003 0.109415 0.009287
v -0.179632 0.116871 0.018354
v -0.186869 0.123882 0.024960
v -0.194403 0.092826 -0.012427
v -0.186807 0.096475 -0.007358
v -0.196452 0.131030 0.027525
v -0.203046 0.135715 0.026705
v -0.220864 0.091806 -0.019720
v -0.234253 0.081833 0.032845
v -0.221631 0.073534 0.021097
v -0.229413 0.068086 0.011232
v -0.224877 0.069800 0.015041
v -0.229957 0.096205 -0.019167
v -0.211478 0.140177 0.023351
v -0.243314 0.070976 0.007376
v -0.238846 0.083584 0.032369
v -0.248579 0.075176 0.009313
v -0.244059 0.084954 0.029912
v -0.239676 0.125992 -0.004636
v -0.240776 0.116834 -0.010360
v -0.233880 0.099704 -0.018252
v -0.239499 0.108580 -0.014552
v -0.248249 0.085188 0.025800
v -0.251433 0.083389 0.019536
v -0.251351 0.079694 0.013658
v -0.002585 -0.049440 -0.047452
v -0.015254 -0.090305 -0.093819
v -0.010224 -0.092273 -0.093653
v -0.030162 -0.098244 -0.042736
v -0.030879 -0.113426 -0.067071
v -0.037145 -0.110117 -0.066064
v 0.007078 -0.051456 -0.046051
v 0.017395 -0.053532 -0.047699
v 0.001706 -0.093593 -0.091523
v -0.014552 -0.112566 -0.059485
v -0.012052 -0.105151 -0.049069
v -0.011408 -0.108864 -0.053864
v -0.022201 -0.099523 -0.042442
v -0.025064 -0.114705 -0.066042
v -0.019960 -0.114597 -0.063820
v 0.034151 -0.061242 -0.058783
v 0.015148 -0.090264 -0.086940
v 0.026309 -0.056287 -0.051469
v 0.023934 -0.085177 -0.082394
v 0.036326 -0.068759 -0.067401
v 0.202794 -0.176581 -0.029585
v 0.196676 -0.179109 -0.039769
v 0.198307 -0.222774 -0.061101
v 0.195135 -0.216236 -0.060773
v 0.210947 -0.178700 -0.020632
v 0.179373 -0.231691 -0.023621
v 0.178892 -0.236309 -0.029512
v 0.203683 -0.230129 -0.060127
v 0.217590 -0.181477 -0.016639
v 0.182901 -0.246533 -0.034137
v 0.185150 -0.233013 -0.012153
v 0.191170 -0.238403 -0.008133
v 0.187880 -0.235466 -0.009669
v 0.216626 -0.237191 -0.054654
v 0.211365 -0.235449 -0.057215
v 0.193218 -0.255337 -0.030106
v 0.198747 -0.246839 -0.010281
v 0.195327 -0.242547 -0.008148
v 0.197025 -0.256034 -0.026130
v 0.200255 -0.254597 -0.020071
v 0.187886 -0.252274 -0.033441
v 0.200563 -0.250785 -0.013996
v 0.242126 -0.203296 -0.017869
v 0.235238 -0.193471 -0.014136
v 0.225392 -0.237531 -0.049246
vn -0.2551 0.5041 0.8251
vn 0.4669 0.7168 -0.5178
vn 0.4800 0.7161 -0.5067
vn 0.5069 0.7030 -0.4988
vn 0.4753 0.6818 -0.5561
vn 0.5548 0.6706 -0.4925
vn 0.5030 0.7204 -0.4775
vn 0.5498 0.6600 -0.5119
vn 0.5295 0.7136 -0.4587
vn 0.5988 0.6027 -0.5274
vn 0.7830 0.4586 -0.4202
vn 0.8308 0.4054 -0.3814
vn 0.7427 0.5481 -0.3847
vn 0.8244 0.4107 -0.3894
vn 0.7920 0.4769 -0.3810
vn 0.8945 0.2645 -0.3604
vn 0.8715 0.3147 -0.3761
vn 0.8942 0.2649 -0.3607
vn 0.1268 0.7792 -0.6138
vn 0.1225 0.7559 -0.6432
vn 0.1639 0.7967 -0.5817
vn 0.1271 0.7482 -0.6512
vn 0.0554 0.7833 -0.6192
vn 0.1566 0.7975 -0.5826
vn 0.1171 0.7564 -0.6435
vn 0.0674 0.7674 -0.6376
vn 0.2165 0.8151 -0.5373
vn 0.2999 0.8055 -0.5111
vn 0.3406 0.7970 -0.4988
vn 0.0556 0.8110 -0.5823
vn 0.2265 0.7919 -0.5670
vn 0.3306 0.7733 -0.5410
vn 0.4466 0.7643 -0.4652
vn 0.4583 0.7531 -0.4720
vn 0.5334 0.7073 -0.4639
vn 0.5915 0.6671 -0.4528
vn 0.5670 0.6472 -0.5095
vn 0.6253 0.6164 -0.4786
vn 0.4409 0.7688 -0.4633
vn 0.4979 0.7368 -0.4574
vn 0.1754 0.8083 -0.5621
vn 0.1258 0.8400 -0.5279
vn 0.5715 0.6790 -0.4608
vn -0.0919 0.8548 -0.5107
vn 0.5852 0.6577 -0.4744
vn -0.0359 0.8262 -0.5623
vn 0.4927 0.7161 -0.4944
vn 0.2333 0.8298 -0.5069
vn 0.1098 0.8518 -0.5122
vn 0.2997 0.8036 -0.5142
vn 0.0016 0.8685 -0.4957
vn -0.1108 0.8736 -0.4739
vn 0.0653 0.7932 -0.6055
vn 0.3410 0.8154 -0.4678
vn 0.2375 0.8328 -0.5001
vn 0.0594 0.8475 -0.5274
vn 0.5424 0.7063 -0.4549
vn 0.0771 0.8132 -0.5768
vn -0.0389 0.8335 -0.5511
vn 0.5845 0.6607 -0.4709
vn 0.5806 0.6560 -0.4823
vn 0.4508 0.7391 -0.5005
vn 0.0649 0.7804 -0.6219
vn 0.0581 0.7908 -0.6094
vn 0.5116 0.6978 -0.5013
vn 0.0002 0.8449 -0.5350
vn 0.1186 0.8515 -0.5107
vn -0.0965 0.8689 -0.4854
vn -0.0346 0.8670 -0.4972
vn -0.0468 0.8679 -0.4946
vn 0.0598 0.8332 -0.5497
vn 0.4514 0.7100 -0.5405
vn 0.4594 0.7154 -0.5264
vn 0.4512 0.7091 -0.5418
vn 0.4899 0.7212 -0.4898
vn 0.5043 0.7206 -0.4758
vn 0.5398 0.7078 -0.4557
vn 0.7083 0.5480 -0.4449
vn 0.5837 0.6866 -0.4334
vn 0.7872 0.4553 -0.4159
vn 0.6734 0.6218 -0.3998
vn 0.7668 0.5103 -0.3895
vn 0.8108 0.4304 -0.3967
vn 0.8654 0.3473 -0.3612
vn 0.8406 0.3680 -0.3975
vn 0.8180 0.4195 -0.3936
vn 0.8620 0.2769 -0.4247
vn 0.8295 0.3253 -0.4539
vn 0.8400 0.3483 -0.4161
vn 0.0396 0.7927 -0.6083
vn 0.2147 0.8156 -0.5374
vn 0.0243 0.7840 -0.6203
vn -0.0094 0.8038 -0.5949
vn -0.0322 0.8068 -0.5899
vn 0.1517 0.8166 -0.5569
vn 0.4074 0.7829 -0.4702
vn 0.0352 0.8151 -0.5782
vn 0.4681 0.7499 -0.4675
vn 0.4844 0.7100 -0.5112
vn 0.4215 0.7284 -0.5401
vn 0.5480 0.6990 -0.4593
vn 0.5037 0.7000 -0.5062
vn 0.6204 0.6347 -0.4607
vn 0.6276 0.6175 -0.4741
vn 0.1278 0.6120 0.7805
vn 0.8467 -0.4397 -0.2995
vn 0.7647 0.0547 0.6421
vn 0.6117 -0.4042 -0.6800
vn -0.6068 0.5044 -0.6144
vn 0.9423 -0.1846 0.2793
vn 0.2609 0.6114 0.7470
vn -0.2060 -0.0171 -0.9784
vn -0.4342 0.2442 -0.8671
vn -0.6683 -0.2218 0.7101
vn -0.5557 -0.2509 0.7926
vn -0.4013 -0.3065 0.8631
vn -0.5879 -0.3074 0.7482
vn -0.2852 -0.4970 0.8196
vn 0.0416 0.1682 0.9849
vn 0.1484 0.0466 0.9878
vn 0.1732 0.0396 0.9841
vn 0.0050 0.2106 0.9776
vn -0.0029 0.2372 0.9714
vn -0.8331 0.4303 0.3474
vn -0.8716 0.2675 0.4108
vn -0.8149 0.4888 0.3115
vn -0.8881 0.3707 0.2718
vn -0.9074 0.3362 0.2523
vn -0.7423 0.5384 0.3989
vn -0.7304 0.3331 0.5962
vn -0.7903 0.3684 0.4896
vn -0.7951 0.2027 0.5717
vn -0.8541 -0.0243 0.5196
vn -0.6914 0.6363 0.3422
vn -0.6206 0.6002 0.5045
vn -0.8477 0.4959 0.1883
vn 0.3140 -0.4364 0.8432
vn 0.2164 -0.6058 0.7656
vn 0.2164 -0.5346 0.8170
vn 0.1629 -0.5179 0.8398
vn 0.0301 -0.5542 0.8319
vn -0.1425 -0.4240 0.8944
vn 0.3705 -0.4298 0.8234
vn 0.2632 -0.6253 0.7346
vn 0.4846 -0.1682 0.8584
vn 0.5246 -0.1563 0.8369
vn 0.4183 -0.1192 0.9005
vn 0.3520 -0.2197 0.9099
vn 0.3570 -0.2615 0.8967
vn 0.2488 -0.4387 0.8635
vn 0.3108 -0.2619 0.9137
vn 0.2889 -0.2089 0.9343
vn -0.0742 -0.6241 0.7778
vn 0.4459 0.0608 0.8930
vn 0.4255 0.0970 0.8998
vn 0.3992 0.1001 0.9114
vn 0.5846 -0.5362 0.6089
vn 0.6083 -0.5562 0.5662
vn 0.3309 -0.6086 0.7212
vn 0.5511 -0.0959 0.8289
vn 0.4733 -0.0889 0.8764
vn -0.2963 -0.2970 0.9077
vn -0.2105 -0.4063 0.8892
vn 0.1688 -0.0854 0.9819
vn -0.2753 -0.0718 0.9587
vn -0.4081 -0.2681 0.8727
vn -0.4602 -0.1833 0.8687
vn 0.2216 0.2170 0.9507
vn 0.1804 0.2501 0.9513
vn 0.1191 0.2326 0.9652
vn 0.4760 0.0529 0.8779
vn 0.4029 0.1406 0.9044
vn 0.2324 -0.5983 0.7668
vn 0.3597 -0.4718 0.8050
vn 0.4743 -0.3021 0.8269
vn 0.2488 -0.6144 0.7488
vn 0.3367 -0.3600 0.8701
vn 0.2928 -0.3243 0.8995
vn 0.1018 -0.6460 0.7565
vn -0.0382 -0.6318 0.7742
vn 0.5338 0.0202 0.8453
vn 0.5077 0.0580 0.8596
vn -0.2797 -0.0727 0.9573
vn -0.2268 -0.1425 0.9635
vn -0.3978 -0.1068 0.9112
vn -0.6454 -0.3085 0.6987
vn 0.0481 0.3245 0.9447
vn 0.3093 0.1977 0.9302
vn 0.2680 0.2418 0.9326
vn 0.2893 0.2027 0.9355
vn -0.5276 0.4356 0.7293
vn -0.7438 0.0159 0.6682
vn -0.7719 -0.1605 0.6151
vn -0.6458 0.1279 0.7527
vn -0.7166 -0.1050 0.6895
vn -0.5963 0.0972 0.7969
vn -0.6688 -0.1456 0.7291
vn -0.6485 0.2302 0.7255
vn -0.6865 0.2293 0.6900
vn -0.8087 -0.0312 0.5875
vn -0.4101 0.5811 0.7030
vn -0.3127 0.5477 0.7760
vn 0.7329 0.6780 0.0561
vn 0.6343 0.5025 0.5875
vn 0.3586 0.8694 -0.3399
vn 0.5270 0.8455 -0.0860
vn 0.1900 0.7707 -0.6083
vn 0.2141 0.8146 -0.5391
vn 0.1398 0.7746 -0.6168
vn 0.0741 0.7301 -0.6793
vn 0.5324 0.8448 0.0530
vn 0.4906 0.5633 0.6649
vn 0.3375 0.8239 -0.4553
vn 0.2703 0.7143 -0.6455
vn 0.1631 0.7411 -0.6513
vn 0.1300 0.7077 -0.6944
vn 0.1439 0.7405 -0.6565
vn 0.4076 0.7491 -0.5221
vn 0.4012 0.6629 -0.6321
vn 0.4305 0.6570 -0.6189
vn 0.6492 0.7408 -0.1726
vn 0.6624 0.7443 0.0845
vn 0.4018 0.7060 -0.5832
vn 0.2272 0.7859 -0.5751
vn 0.7107 0.5878 -0.3866
vn 0.6703 0.6697 -0.3196
vn 0.6784 0.7153 -0.1678
vn 0.6145 0.7868 -0.0585
vn 0.7922 0.4049 -0.4566
vn 0.7514 0.5168 -0.4103
vn 0.7590 0.4441 -0.4761
vn 0.5444 0.7679 -0.3375
vn 0.6950 0.6847 0.2196
vn 0.6219 0.7371 -0.2643
vn 0.6885 0.6922 0.2165
vn 0.4970 0.7893 -0.3606
vn 0.6904 0.6221 0.3693
vn 0.4976 0.7239 -0.4778
vn 0.3499 0.7290 -0.5883
vn 0.4466 0.7909 -0.4182
vn 0.2443 0.7352 -0.6323
vn 0.4441 0.6856 -0.5769
vn 0.4186 0.6850 -0.5962
vn 0.3959 0.6271 -0.6709
vn 0.4665 0.6098 -0.6407
vn 0.7040 0.6691 0.2381
vn 0.6436 0.6839 -0.3435
vn 0.5478 0.7772 -0.3095
vn 0.6754 0.6299 -0.3835
vn 0.4644 0.5321 0.7080
vn 0.5786 0.5938 -0.5591
vn 0.6329 0.5348 -0.5598
vn 0.5796 0.5923 -0.5597
vn -0.1850 0.9823 -0.0302
vn 0.4309 0.8279 -0.3589
vn 0.7167 0.4889 -0.4974
vn 0.6671 0.5732 -0.4759
vn 0.5700 0.6762 -0.4668
vn 0.6251 0.0008 0.7806
vn 0.6683 0.7250 0.1666
vn 0.5224 0.8240 -0.2196
vn 0.4826 0.8526 -0.2002
vn 0.6457 0.4773 0.5960
vn 0.6882 0.6536 0.3150
vn 0.5430 0.5842 0.6032
vn 0.4343 0.6112 0.6617
vn 0.5745 0.7685 0.2816
vn 0.6499 0.0228 0.7597
vn 0.5028 0.0360 0.8636
vn 0.6061 0.4500 0.6559
vn 0.5364 -0.0630 0.8416
vn 0.5007 -0.0289 0.8651
vn 0.6063 -0.0899 0.7901
vn 0.6768 0.4633 0.5721
vn 0.7328 0.4444 0.5152
vn -0.4924 0.8219 0.2866
vn -0.3616 0.8849 0.2935
vn -0.5295 0.8305 0.1729
vn -0.4635 0.8595 -0.2154
vn 0.3229 0.3848 0.8647
vn 0.5919 0.4650 0.6583
vn -0.4274 0.7622 0.4862
vn -0.3194 0.5946 0.7378
vn -0.2648 0.8449 0.4648
vn -0.3064 0.8620 0.4037
vn -0.3738 0.4866 0.7896
vn -0.4318 0.4304 0.7926
vn -0.2041 0.3739 0.9047
vn -0.2549 0.2927 0.9216
vn 0.1221 0.2381 0.9635
vn 0.2625 0.2974 0.9180
vn 0.0755 -0.0322 0.9966
vn -0.0101 0.6003 0.7997
vn 0.2682 0.8816 0.3883
vn -0.1126 0.6728 0.7312
vn 0.0910 0.6312 0.7703
vn -0.0675 0.6155 0.7852
vn 0.9012 0.1421 0.4094
vn 0.6854 0.0862 0.7231
vn 0.8373 0.1730 0.5186
vn 0.8019 0.3478 0.4857
vn -0.0480 0.5926 0.8041
vn 0.1934 0.6641 0.7222
vn 0.0824 0.8292 0.5529
vn -0.2053 0.5757 0.7915
vn 0.6372 0.5401 0.5498
vn 0.6288 0.5711 0.5276
vn 0.6343 0.4940 0.5947
vn 0.5114 0.1464 0.8468
vn 0.5327 0.6308 0.5642
vn 0.5388 0.5415 0.6454
vn 0.2194 0.0217 0.9754
vn 0.0933 0.3354 0.9375
vn 0.0150 0.3218 0.9467
vn 0.1793 0.3756 0.9093
vn 0.3067 0.5133 0.8015
vn 0.1903 0.2354 0.9531
vn 0.6461 0.7041 0.2946
vn 0.1997 0.1662 0.9657
vn 0.5335 0.1372 0.8346
vn 0.6441 0.2797 0.7120
vn 0.2608 0.1137 0.9587
vn 0.4157 0.2610 0.8713
vn 0.4065 0.0392 0.9128
vn 0.2408 0.0073 0.9706
vn 0.1525 -0.0438 0.9873
vn 0.2687 0.4088 0.8722
vn 0.6790 0.6667 -0.3074
vn 0.3726 0.3528 0.8583
vn 0.5562 0.5294 -0.6406
vn 0.5144 0.6019 -0.6109
vn 0.1293 -0.3176 0.9393
vn 0.0632 -0.5212 0.8511
vn 0.1114 -0.5542 0.8249
vn 0.3284 -0.1333 0.9351
vn 0.1792 -0.1757 0.9680
vn -0.0219 -0.4450 0.8952
vn -0.0008 -0.2746 0.9615
vn -0.1182 -0.2800 0.9527
vn -0.2871 -0.1412 0.9474
vn -0.0060 0.0427 0.9991
vn -0.4639 -0.1884 0.8656
vn -0.1466 -0.2458 0.9582
vn -0.0638 -0.0046 0.9980
vn -0.0274 -0.1349 0.9905
vn 0.4969 0.3349 0.8006
vn 0.2523 0.3338 0.9083
vn 0.1796 0.4090 0.8947
vn 0.0744 0.3540 0.9323
vn 0.0011 0.3975 0.9176
vn 0.4310 0.1968 0.8806
vn 0.0191 0.5681 0.8227
vn 0.1664 0.8261 0.5385
vn -0.0587 0.3091 0.9492
vn 0.5814 0.6541 -0.4838
vn 0.4350 0.8058 -0.4018
vn 0.1898 0.9731 0.1303
vn 0.5757 0.5941 -0.5618
vn 0.6248 0.5726 -0.5308
vn 0.6069 0.5621 -0.5619
vn 0.6428 0.7518 -0.1469
vn 0.6022 0.7369 -0.3072
vn 0.4087 0.8743 0.2617
vn 0.4219 0.8608 0.2846
vn 0.5139 0.6802 -0.5227
vn 0.7183 0.5379 -0.4412
vn 0.6428 0.5999 -0.4765
vn 0.7697 0.4038 -0.4944
vn 0.7556 0.4336 -0.4910
vn 0.2359 -0.1667 0.9574
vn 0.2970 -0.1824 0.9373
vn 0.3493 -0.2064 0.9140
vn 0.2290 -0.4158 0.8802
vn 0.0854 -0.5377 0.8388
vn 0.1617 -0.5490 0.8201
vn 0.1987 0.1648 0.9661
vn 0.2827 0.1176 0.9520
vn 0.3745 0.0515 0.9258
vn 0.4093 0.0493 0.9111
vn 0.4347 0.0283 0.9001
vn 0.0271 0.2607 0.9650
vn -0.0818 -0.5154 0.8530
vn -0.3030 -0.4452 0.8426
vn -0.2720 0.0795 0.9590
vn -0.5036 0.0609 0.8618
vn -0.6651 -0.1032 0.7396
vn -0.5519 -0.1830 0.8136
vn -0.3716 0.3103 0.8750
vn -0.3229 0.2761 0.9052
vn -0.5317 0.4837 0.6952
vn -0.5563 0.5330 0.6375
vn -0.6653 0.0761 0.7427
vn -0.4565 0.2663 0.8489
vn -0.5695 0.2692 0.7766
vn -0.6913 0.2683 0.6709
vn -0.1636 0.1959 0.9669
vn -0.2695 -0.0597 0.9611
vn -0.3067 -0.2014 0.9302
vn -0.2287 0.1815 0.9564
vn -0.1701 -0.2695 0.9479
vn -0.5974 0.1397 0.7897
vn -0.7161 -0.0181 0.6978
vn -0.6136 0.2822 0.7375
vn -0.5131 0.1349 0.8476
vn -0.3925 0.0509 0.9183
vn -0.6305 -0.0829 0.7718
vn -0.4799 -0.1955 0.8553
vn -0.1913 0.4150 0.8895
vn -0.0577 0.3160 0.9470
vn -0.2553 0.4413 0.8603
vn -0.7953 0.3700 -0.4803
vn -0.7612 0.3204 -0.5638
vn -0.7600 0.4641 -0.4550
vn -0.6934 0.4136 -0.5901
vn -0.7354 0.4084 -0.5408
vn -0.5644 0.3244 -0.7591
vn -0.0953 -0.9564 -0.2759
vn 0.0688 -0.9620 -0.2642
vn 0.1862 -0.9768 -0.1061
vn -0.0002 -0.9990 0.0449
vn 0.1359 -0.9864 0.0926
vn 0.1509 -0.9170 0.3693
vn -0.1016 -0.8392 -0.5343
vn 0.0589 -0.9886 -0.1388
vn 0.2651 -0.5567 -0.7873
vn -0.3371 -0.8540 -0.3963
vn -0.0494 -0.9222 0.3835
vn 0.0317 -0.8677 0.4961
vn -0.4537 -0.7836 -0.4244
vn -0.1205 -0.8439 0.5227
vn -0.5693 -0.6903 -0.4465
vn -0.9836 -0.1459 -0.1057
vn -0.9555 -0.2682 -0.1229
vn -0.8885 -0.4056 -0.2147
vn -0.9609 -0.2209 0.1667
vn -0.9212 -0.3717 0.1149
vn -0.8678 -0.4941 0.0522
vn -0.8934 -0.2234 0.3897
vn -0.8537 -0.3682 0.3682
vn -0.8779 -0.0613 -0.4749
vn -0.8483 -0.1361 -0.5118
vn -0.7446 -0.0708 -0.6637
vn -0.9640 0.1089 -0.2426
vn -0.8783 0.1131 -0.4646
vn -0.8957 0.1909 -0.4015
vn -0.9933 -0.0637 -0.0962
vn -0.8618 -0.1881 0.4710
vn -0.9272 -0.1570 0.3401
vn -0.9958 0.0451 -0.0797
vn -0.3393 -0.8931 -0.2955
vn 0.0030 -0.9917 0.1282
vn -0.6623 -0.2499 -0.7063
vn -0.6147 -0.6747 -0.4086
vn -0.5906 0.0726 -0.8037
vn -0.4288 -0.0803 -0.8998
vn -0.7264 -0.3863 -0.5684
vn -0.8013 -0.3597 -0.4780
vn -0.8458 -0.3282 -0.4207
vn -0.7306 -0.1071 -0.6743
vn -0.7436 -0.0770 -0.6641
vn -0.5840 -0.8117 -0.0025
vn -0.7573 -0.6501 -0.0622
vn -0.8465 -0.5320 -0.0197
vn -0.7713 -0.5555 0.3107
vn -0.7211 -0.5747 0.3869
vn -0.6396 -0.0366 -0.7679
vn -0.4979 -0.0546 -0.8655
vn -0.8856 -0.3601 0.2932
vn -0.9486 -0.2731 0.1596
vn -0.8751 -0.4115 0.2548
vn -0.8841 -0.2259 0.4092
vn 0.0907 -0.4505 -0.8882
vn -0.2755 -0.6795 -0.6800
vn -0.2343 -0.7607 -0.6054
vn 0.1150 -0.6499 -0.7513
vn -0.1187 -0.8301 -0.5448
vn -0.5350 -0.0457 -0.8436
vn -0.9272 -0.3366 0.1644
vn -0.9507 -0.2676 0.1564
vn -0.9710 -0.2356 -0.0407
vn -0.8741 -0.2422 0.4211
vn -0.3233 0.2072 -0.9233
vn -0.4760 0.3369 -0.8123
vn -0.3939 0.3531 -0.8487
vn 0.0169 0.4303 -0.9025
vn -0.1418 0.2412 -0.9601
vn -0.1504 -0.0435 -0.9877
vn 0.0404 -0.2258 -0.9733
vn -0.0752 0.6586 -0.7487
vn 0.0266 0.6077 -0.7937
vn 0.0178 0.6527 -0.7574
vn -0.1879 0.6079 -0.7714
vn -0.0979 0.6019 -0.7925
vn -0.1588 0.6695 -0.7256
vn -0.9838 -0.1549 -0.0907
vn -0.9839 -0.1207 -0.1320
vn -0.9737 -0.2255 0.0320
vn -0.9340 -0.2792 0.2229
vn -0.9158 -0.3866 0.1085
vn -0.8339 0.2065 -0.5118
vn -0.8993 0.0257 -0.4365
vn -0.9545 -0.1936 -0.2267
vn -0.8886 -0.4080 -0.2095
vn -0.8623 -0.2419 -0.4449
vn 0.5448 -0.2192 -0.8094
vn 0.3658 -0.2761 -0.8888
vn 0.3888 -0.3972 -0.8313
vn 0.7344 0.2712 -0.6222
vn 0.6708 0.0404 -0.7405
vn 0.7385 0.2150 -0.6391
vn 0.6622 0.3543 -0.6603
vn 0.7784 0.1981 -0.5957
vn 0.5178 -0.0944 -0.8503
vn -0.7965 0.3329 -0.5047
vn -0.8197 0.3717 -0.4359
vn -0.8013 0.3572 -0.4799
vn 0.9736 0.0706 -0.2171
vn 0.7716 -0.6339 0.0520
vn 0.9524 0.0630 -0.2982
vn 0.8685 0.3176 -0.3806
vn 0.8164 0.3855 -0.4300
vn -0.0767 0.3032 -0.9498
vn 0.2943 0.5004 -0.8143
vn 0.0778 0.3880 -0.9183
vn 0.3386 0.5684 -0.7498
vn -0.0693 0.3660 -0.9280
vn 0.2235 0.6118 -0.7588
vn 0.3538 0.5147 -0.7810
vn 0.3945 0.6457 -0.6538
vn -0.0633 0.2130 -0.9750
vn -0.5010 0.3985 -0.7682
vn -0.3300 0.5161 -0.7904
vn -0.6241 0.0772 -0.7775
vn -0.4455 0.2730 -0.8527
vn 0.3130 -0.4146 -0.8545
vn 0.5905 -0.6316 -0.5025
vn 0.6784 -0.6508 -0.3409
vn 0.8361 0.4283 -0.3429
vn 0.8326 0.4643 -0.3020
vn 0.0748 0.8581 -0.5080
vn 0.0652 0.8255 -0.5607
vn 0.1619 0.8680 -0.4694
vn -0.6529 0.0928 -0.7517
vn -0.6271 0.0699 -0.7758
vn -0.7085 0.1681 -0.6854
vn -0.6959 0.1664 -0.6986
vn -0.7904 0.3111 -0.5277
vn -0.5889 0.0235 -0.8079
vn -0.6001 0.0577 -0.7978
vn -0.4996 0.0606 -0.8641
vn -0.5178 0.1102 -0.8483
vn 0.6481 0.5994 -0.4697
vn 0.5973 0.6389 -0.4848
vn 0.6500 0.5975 -0.4696
vn 0.6912 0.5354 -0.4854
vn 0.5929 0.6633 -0.4567
vn 0.5431 0.6871 -0.4826
vn 0.5468 0.6215 -0.5610
vn 0.5356 0.6890 -0.4882
vn 0.4768 0.7195 -0.5050
vn 0.5597 0.6175 -0.5527
vn 0.1884 0.7986 -0.5716
vn 0.2919 0.6446 -0.7066
vn 0.3903 -0.5891 -0.7076
vn 0.4410 -0.5883 -0.6778
vn 0.6320 -0.6480 -0.4250
vn 0.6048 -0.6505 -0.4594
vn 0.6598 -0.6596 -0.3599
vn 0.6949 -0.6508 -0.3058
vn -0.3479 -0.8054 0.4798
vn -0.1393 -0.8570 0.4962
vn -0.3851 -0.8042 0.4527
vn -0.4284 -0.7896 0.4392
vn -0.3993 -0.8964 0.1927
vn -0.4167 -0.8960 0.1535
vn -0.3918 -0.9200 0.0023
vn -0.4721 -0.8668 0.1606
vn -0.4794 -0.8543 0.2010
vn -0.2855 -0.9376 0.1987
vn -0.2981 -0.9545 0.0063
vn -0.4027 -0.0485 -0.9140
vn 0.0461 -0.4340 -0.8997
vn -0.1376 -0.3218 -0.9368
vn -0.3533 0.0872 -0.9314
vn -0.6760 0.1771 -0.7152
vn -0.5673 0.0643 -0.8210
vn -0.4158 0.0853 -0.9055
vn 0.0387 -0.8140 0.5796
vn 0.0639 -0.8089 0.5845
vn 0.1035 -0.8481 0.5196
vn -0.0581 -0.8901 0.4520
vn 0.0259 -0.8582 0.5127
vn -0.2220 -0.7311 0.6451
vn -0.3332 -0.6690 0.6644
vn -0.0499 -0.9301 0.3640
vn -0.2051 -0.9701 0.1295
vn -0.1595 -0.9262 0.3416
vn -0.2850 -0.9500 0.1278
vn 0.0469 -0.9207 0.3874
vn 0.0430 -0.9352 0.3515
vn 0.1156 -0.9451 0.3058
vn -0.0224 -0.9558 0.2933
vn 0.0889 -0.9648 0.2475
vn -0.5847 -0.4908 0.6460
vn -0.6078 -0.6051 0.5142
vn -0.5382 -0.5925 0.5995
vn -0.7283 -0.5675 0.3840
vn -0.8548 -0.4264 0.2957
vn -0.6782 -0.5707 0.4629
vn -0.7703 -0.4732 0.4275
vn -0.6890 -0.5146 0.5103
vn -0.7681 -0.4105 0.4914
vn -0.6769 -0.4433 0.5876
vn -0.7802 -0.5512 0.2958
vn -0.8069 -0.5727 0.1451
vn -0.6498 -0.7356 0.1913
vn -0.9886 0.0994 -0.1129
vn -0.9876 -0.1441 0.0629
vn -0.9438 -0.2220 0.2449
vn -0.8951 -0.3291 0.3007
vn -0.9019 0.3157 -0.2947
vn -0.8560 0.1391 -0.4979
vn -0.9063 0.2807 -0.3158
vn -0.9694 0.1233 -0.2122
vn -0.9943 -0.0746 -0.0756
vn -0.9596 -0.2811 0.0118
vn -0.9607 0.0390 -0.2749
vn -0.9786 -0.0732 -0.1922
vn 0.1795 0.8247 -0.5363
vn 0.1840 0.8150 -0.5494
vn 0.1986 0.8459 -0.4949
vn 0.4962 0.7377 -0.4579
vn 0.3299 0.7658 -0.5520
vn 0.2474 0.7943 -0.5548
vn 0.8377 -0.4745 0.2705
vn 0.7781 -0.6114 -0.1441
vn 0.6481 -0.5650 -0.5107
vn -0.7587 0.2976 -0.5795
vn -0.7280 0.2221 -0.6486
vn -0.6243 0.2868 -0.7267
vn -0.7187 0.2196 -0.6597
vn -0.6350 0.1209 -0.7630
vn 0.4369 0.7486 -0.4986
vn 0.4245 0.7784 -0.4625
vn 0.4545 0.7446 -0.4889
vn 0.6388 0.5951 -0.4876
vn 0.5120 0.6842 -0.5193
vn 0.4895 0.6455 -0.5862
vn 0.5321 0.7161 -0.4518
vn 0.6126 0.5691 -0.5485
vn 0.4601 0.7588 -0.4611
vn 0.4356 0.7497 -0.4981
vn 0.4932 0.6803 -0.5422
vn -0.7660 0.2975 -0.5698
vn -0.7052 0.1627 -0.6901
vn -0.5312 0.2261 -0.8165
vn -0.5010 0.4147 -0.7596
vn -0.6347 0.0177 -0.7725
vn -0.4821 0.5160 -0.7080
vn -0.1033 0.5383 -0.8364
vn -0.4323 0.4014 -0.8075
vn -0.5536 0.1638 -0.8165
vn -0.0146 0.6868 -0.7267
vn 0.4929 0.6122 -0.6183
vn 0.5531 -0.8317 -0.0486
vn 0.2877 -0.9324 0.2186
vn 0.3326 -0.9258 0.1798
vn 0.0703 -0.8851 0.4601
vn 0.3159 -0.9297 -0.1892
vn 0.4606 -0.8865 -0.0435
vn 0.2335 -0.9647 0.1216
vn 0.1096 -0.9871 -0.1165
vn 0.5800 -0.8076 -0.1064
vn 0.5428 -0.7814 -0.3080
vn 0.6259 -0.7061 -0.3311
vn -0.9799 -0.1301 -0.1510
vn -0.9753 -0.2183 -0.0327
vn -0.9326 -0.3272 0.1524
vn -0.5261 -0.4432 -0.7258
vn -0.7265 -0.4283 -0.5374
vn -0.8013 -0.5221 -0.2921
vn -0.6900 -0.5000 -0.5234
vn 0.3370 0.6236 -0.7053
vn 0.2063 0.5289 -0.8232
vn -0.2894 0.3872 -0.8754
vn -0.2778 0.5279 -0.8026
vn 0.4815 0.5869 -0.6509
vn 0.5652 0.5790 -0.5876
vn 0.6391 0.5565 -0.5308
vn 0.3860 0.4840 -0.7853
vn 0.5215 0.5972 -0.6095
vn 0.5049 0.5551 -0.6610
vn 0.6958 0.5610 -0.4485
vn 0.7086 0.5085 -0.4892
vn 0.6923 0.5568 -0.4591
vn 0.6153 0.5874 -0.5257
vn 0.6572 0.5925 -0.4659
vn 0.6565 0.5932 -0.4660
vn 0.6410 0.5659 -0.5186
vn 0.8390 -0.4912 0.2342
vn 0.5083 -0.6366 0.5799
vn 0.7102 -0.6054 0.3594
vn -0.8516 0.5154 0.0952
vn -0.8885 0.4388 -0.1339
vn -0.9601 0.0422 0.2766
vn -0.9547 -0.0877 0.2842
vn -0.9049 0.4155 0.0924
vn -0.9245 0.3677 0.1004
vn -0.9521 0.2350 0.1955
vn -0.9382 0.2199 0.2673
vn -0.7836 0.5801 -0.2222
vn -0.8017 0.5279 -0.2803
vn -0.7866 0.5337 -0.3105
vn -0.7918 0.4865 -0.3693
vn 0.7096 0.4744 -0.5209
vn 0.7282 0.4595 -0.5085
vn 0.6437 0.5230 -0.5587
vn 0.5539 0.5636 -0.6129
vn 0.6514 0.5481 -0.5246
vn 0.7235 0.4734 -0.5024
vn 0.4192 0.6162 -0.6668
vn 0.4647 0.5964 -0.6545
vn 0.3797 0.6255 -0.6816
vn 0.4161 0.6647 -0.6206
vn 0.5043 0.6568 -0.5607
vn 0.5425 0.6281 -0.5578
vn 0.7982 0.3585 -0.4842
vn 0.8031 0.2603 -0.5360
vn 0.8092 0.3087 -0.4999
vn 0.7926 0.2702 -0.5465
vn 0.7855 0.3357 -0.5198
vn 0.7821 0.3138 -0.5385
vn 0.7532 0.3369 -0.5650
vn 0.6710 0.4742 -0.5700
vn 0.6606 0.4974 -0.5623
vn 0.6206 0.5281 -0.5796
vn 0.5607 0.5673 -0.6031
vn 0.7020 0.4293 -0.5682
vn 0.5128 0.5730 -0.6392
vn 0.2359 0.6744 -0.6996
vn 0.2097 0.6993 -0.6834
vn 0.2423 0.6762 -0.6957
vn 0.1982 0.6950 -0.6912
vn 0.0732 0.6909 -0.7193
vn 0.4577 0.6069 -0.6498
vn 0.4852 0.6092 -0.6272
vn 0.3968 0.6633 -0.6345
vn 0.4668 0.6315 -0.6191
vn 0.5075 0.6318 -0.5859
vn 0.0623 0.7405 -0.6692
vn -0.0562 0.7096 -0.7024
vn -0.0185 0.7334 -0.6795
vn 0.0765 0.7674 -0.6366
vn 0.3284 0.8038 -0.4959
vn -0.0822 0.6902 -0.7189
vn 0.7210 0.4545 -0.5230
vn 0.7181 0.4629 -0.5196
vn 0.7179 0.4617 -0.5210
vn 0.7276 0.4393 -0.5268
vn 0.7116 0.4500 -0.5396
vn 0.6994 0.4712 -0.5374
vn 0.4984 0.5667 -0.6561
vn 0.5943 0.5062 -0.6249
vn 0.5606 0.5645 -0.6058
vn 0.6591 0.4593 -0.5955
vn 0.6734 0.4828 -0.5598
vn 0.7078 0.4283 -0.5618
vn 0.7281 0.4200 -0.5418
vn 0.7612 0.4181 -0.4958
vn 0.7977 0.4275 -0.4254
vn 0.0815 0.7334 -0.6749
vn 0.1393 0.7392 -0.6590
vn 0.1745 0.7093 -0.6829
vn 0.2519 0.6798 -0.6888
vn 0.3505 0.6454 -0.6787
vn -0.0296 0.7554 -0.6546
vn 0.0018 0.7595 -0.6505
vn 0.1003 0.7494 -0.6545
vn 0.2060 0.7316 -0.6498
vn 0.4374 0.6406 -0.6312
vn 0.0567 0.7956 -0.6031
vn -0.0922 0.7967 -0.5973
vn -0.1176 0.7711 -0.6258
vn -0.0655 0.7707 -0.6338
vn 0.5754 0.5549 -0.6008
vn 0.6454 0.4615 -0.6087
vn 0.4842 0.5443 -0.6850
vn 0.5973 0.4951 -0.6310
vn 0.5616 0.5157 -0.6471
vn 0.4568 0.5877 -0.6678
vn 0.6460 0.4424 -0.6220
vn 0.4370 0.5604 -0.7036
vn 0.6684 0.3996 -0.6274
vn 0.6481 0.4405 -0.6212
vn 0.5072 0.5484 -0.6648
vn 0.6066 0.4608 -0.6479
vn 0.6570 0.4646 -0.5937
vn 0.6153 0.4740 -0.6299
vn 0.6676 0.4966 -0.5547
vn 0.5768 0.5129 -0.6358
vn 0.5769 0.5521 -0.6020
vn 0.6123 0.5665 -0.5515
vn 0.4102 0.6437 -0.6460
vn 0.3447 0.6600 -0.6675
vn 0.1670 0.7478 -0.6426
vn 0.1975 0.7323 -0.6517
vn 0.1215 0.7617 -0.6364
vn 0.3634 0.6626 -0.6549
vn 0.4206 0.6547 -0.6281
vn 0.5148 0.6497 -0.5593
vn 0.6181 0.5732 -0.5379
vn 0.5127 0.6040 -0.6102
vn 0.5838 0.5653 -0.5828
vn 0.5566 0.5989 -0.5758
vn 0.7026 0.4797 -0.5256
vn -0.1100 0.8452 -0.5229
vn -0.1709 0.8664 -0.4692
vn -0.2747 0.8828 -0.3811
vn 0.5047 0.6301 -0.5901
vn 0.9902 -0.1214 -0.0697
vn 0.8286 0.3508 -0.4362
vn 0.9883 -0.0664 -0.1374
vn 0.9806 -0.1948 0.0223
vn 0.4725 0.6407 -0.6052
vn 0.4766 0.6671 -0.5725
vn -0.8717 -0.1787 0.4562
vn -0.8729 -0.1957 0.4470
vn -0.8610 -0.1713 0.4788
vn -0.8983 -0.0785 0.4323
vn -0.9227 0.0215 0.3850
vn -0.9153 0.1020 0.3896
vn -0.8407 -0.2918 0.4562
vn -0.8607 -0.2995 0.4117
vn -0.8715 -0.2071 0.4445
vn -0.7426 -0.4247 0.5178
vn -0.8277 -0.1101 0.5503
vn -0.8316 -0.1987 0.5186
vn -0.8276 -0.2491 0.5029
vn -0.7512 -0.3199 0.5774
vn -0.7040 -0.2527 0.6637
vn -0.7243 -0.3820 0.5739
vn -0.6220 -0.4637 0.6310
vn -0.4940 -0.4215 0.7605
vn -0.8752 -0.1286 0.4663
vn -0.8760 -0.0809 0.4755
vn -0.8611 -0.0673 0.5039
vn -0.3279 -0.6276 0.7061
vn -0.4086 -0.6418 0.6489
vn -0.5701 -0.5678 0.5938
vn -0.2608 -0.6023 0.7545
vn -0.2381 -0.5847 0.7755
vn -0.2783 -0.6956 0.6623
vn -0.2521 -0.5958 0.7626
vn -0.1384 -0.5263 0.8390
vn -0.1726 -0.5338 0.8278
vn -0.1851 -0.5451 0.8177
vn -0.2855 -0.5670 0.7727
vn -0.8066 -0.2361 0.5418
vn -0.7419 -0.3942 0.5423
vn -0.8490 -0.1346 0.5110
vn -0.8534 -0.1502 0.4991
vn -0.8089 -0.1478 0.5691
vn -0.8391 -0.1220 0.5301
vn -0.8401 -0.1330 0.5259
vn -0.8374 -0.1038 0.5366
vn -0.8276 -0.0625 0.5578
vn -0.8026 -0.1967 0.5632
vn -0.7461 -0.2802 0.6040
vn -0.6861 -0.3194 0.6536
vn -0.7291 -0.2454 0.6389
vn -0.6712 -0.2651 0.6923
vn -0.7609 -0.3396 0.5529
vn -0.6856 -0.4555 0.5679
vn -0.6150 -0.5253 0.5881
vn -0.5805 -0.5659 0.5854
vn -0.5421 -0.5939 0.5944
vn -0.7678 -0.1651 0.6191
vn -0.6850 -0.4028 0.6071
vn -0.6317 -0.3385 0.6974
vn -0.8163 -0.1420 0.5599
vn -0.4161 -0.6717 0.6129
vn -0.1404 -0.7128 0.6871
vn -0.1145 -0.6292 0.7687
vn -0.2212 -0.6060 0.7641
vn 0.1322 -0.7091 0.6926
vn 0.1213 -0.6672 0.7350
vn 0.0783 -0.6853 0.7240
vn 0.0819 -0.7063 0.7032
vn 0.0440 -0.5966 0.8013
vn 0.0006 -0.6586 0.7525
vn -0.2026 -0.6504 0.7321
vn -0.1872 -0.6095 0.7704
vn 0.1436 -0.6608 0.7367
vn 0.1169 -0.6579 0.7440
vn -0.6230 -0.5236 0.5812
vn -0.6998 -0.5431 0.4640
vn -0.5562 -0.6028 0.5721
vn -0.4672 -0.6854 0.5586
vn -0.3513 -0.7742 0.5264
vn -0.7240 -0.3357 0.6026
vn -0.6008 -0.5002 0.6235
vn -0.5684 -0.4991 0.6540
vn -0.2741 -0.6399 0.7179
vn -0.4046 -0.5799 0.7071
vn -0.5413 -0.4498 0.7104
vn -0.3407 -0.5567 0.7576
vn -0.7834 -0.3777 0.4936
vn -0.8101 -0.3723 0.4529
vn -0.7374 -0.3876 0.5533
vn -0.5782 -0.5457 0.6066
vn -0.7541 -0.4069 0.5155
vn -0.5947 -0.4724 0.6505
vn -0.5769 -0.5208 0.6293
vn -0.4742 -0.5435 0.6927
vn -0.4532 -0.5924 0.6661
vn -0.0799 -0.7551 0.6508
vn -0.2002 -0.7167 0.6680
vn -0.3642 -0.6738 0.6430
vn 0.1575 -0.7600 0.6305
vn 0.0503 -0.7808 0.6228
vn 0.1484 -0.7862 0.5998
vn 0.1188 -0.8218 0.5573
vn 0.1930 -0.7186 0.6681
vn 0.1721 -0.7414 0.6487
vn 0.0674 -0.7506 0.6573
vn -0.1109 -0.7134 0.6919
vn 0.1267 -0.7228 0.6794
vn 0.0548 -0.7833 0.6192
vn 0.0447 -0.7868 0.6156
vn 0.0920 -0.7954 0.5991
vn 0.1256 -0.7688 0.6270
vn 0.0931 -0.7981 0.5953
vn -0.0273 -0.7820 0.6226
vn -0.3626 -0.7013 0.6137
vn -0.1052 -0.8279 0.5509
vn 0.0300 -0.7363 0.6760
vn -0.1883 -0.6808 0.7079
vn -0.1837 -0.6885 0.7016
vn -0.1432 -0.6551 0.7418
vn 0.0665 -0.7584 0.6484
vn 0.1397 -0.7492 0.6474
vn 0.0883 -0.7342 0.6731
vn 0.1549 -0.7245 0.6716
vn -0.7217 -0.2567 0.6429
vn -0.6552 -0.3916 0.6460
vn -0.5303 -0.5385 0.6548
vn -0.5842 -0.2919 0.7573
vn -0.6569 -0.2843 0.6983
vn -0.6903 -0.2053 0.6938
vn -0.5459 -0.3365 0.7673
vn -0.3989 -0.4860 0.7776
vn -0.1304 -0.6810 0.7206
vn -0.3777 -0.4094 0.8305
vn -0.5321 -0.3309 0.7793
vn -0.5939 -0.4169 0.6880
vn -0.5911 -0.2956 0.7505
vn -0.6227 -0.2540 0.7401
vn -0.4872 -0.3816 0.7855
vn -0.5154 -0.4645 0.7201
vn -0.4613 -0.5348 0.7080
vn -0.2970 -0.6166 0.7291
vn -0.5057 -0.3000 0.8089
vn -0.0156 -0.6963 0.7176
vn -0.1652 -0.6750 0.7191
vn 0.1692 -0.7385 0.6526
vn 0.0854 -0.6749 0.7329
vn -0.0012 -0.6384 0.7697
vn -0.0908 -0.6068 0.7896
vn -0.1130 -0.5614 0.8198
vn 0.3188 -0.7300 0.6045
vn 0.1382 -0.7181 0.6821
vn 0.2491 -0.6891 0.6806
vn 0.3845 -0.6460 0.6594
vn 0.3888 -0.6916 0.6088
vn 0.1179 -0.7094 0.6948
vn 0.1071 -0.6933 0.7126
vn 0.1623 -0.1402 -0.9767
vn 0.3829 0.3557 -0.8526
vn 0.4755 0.6518 -0.5908
vn 0.4316 0.4756 -0.7665
vn 0.4223 0.1824 -0.8879
vn 0.5117 0.4978 -0.7003
vn 0.1972 -0.3144 -0.9286
vn 0.3845 -0.3819 -0.8404
vn -0.0075 -0.3485 -0.9373
vn 0.0247 -0.3650 -0.9307
vn -0.1571 -0.3435 -0.9259
vn 0.2747 -0.5890 -0.7600
vn 0.4737 -0.6153 -0.6301
vn 0.0607 -0.4599 -0.8859
vn 0.0554 -0.3332 -0.9412
vn 0.2472 0.0962 -0.9642
vn 0.4461 0.3195 -0.8360
vn 0.2215 0.3244 -0.9196
vn 0.3968 0.4176 -0.8174
vn 0.4989 0.5045 -0.7047
vn 0.5540 0.5805 -0.5967
vn 0.2068 0.4580 -0.8646
vn 0.5095 0.3609 -0.7811
vn 0.5350 0.5022 -0.6794
vn 0.6449 0.6001 -0.4732
vn 0.2801 0.0203 -0.9598
vn 0.0555 -0.9240 -0.3783
vn -0.2891 -0.7534 -0.5906
vn -0.2195 -0.8223 -0.5250
vn -0.3107 -0.7975 -0.5172
vn -0.4633 -0.8815 -0.0908
vn -0.6501 -0.4261 -0.6292
vn -0.4816 -0.6027 -0.6362
vn -0.7031 -0.5428 -0.4594
vn -0.0954 -0.5378 -0.8376
vn -0.5662 -0.8134 -0.1336
vn -0.5317 -0.8366 -0.1321
vn -0.7011 -0.6078 0.3729
vn -0.6779 -0.5163 0.5234
vn -0.7618 -0.5626 0.3211
vn -0.7103 -0.4833 0.5117
vn -0.8132 -0.3426 0.4705
vn -0.7458 -0.6150 0.2562
vn -0.7890 -0.5704 0.2284
vn -0.7570 -0.6374 -0.1436
vn -0.6827 -0.6601 0.3133
vn -0.6546 -0.6810 0.3283
vn -0.6110 -0.7892 -0.0622
vn -0.5308 -0.8436 -0.0816
vn 0.4839 0.7162 -0.5029
vn 0.4764 0.6801 -0.5573
vn 0.4916 0.6841 -0.5389
vn 0.5549 0.6875 -0.4683
vn 0.4276 0.7441 -0.5132
vn 0.4479 0.7696 -0.4550
vn 0.7952 0.1644 -0.5836
vn 0.1884 0.4827 -0.8553
vn 0.4237 0.5173 -0.7435
vn 0.4590 0.7161 -0.5259
vn 0.3454 0.6642 -0.6630
vn 0.4399 0.6606 -0.6084
vn 0.3511 0.6789 -0.6449
vn 0.5072 0.2367 -0.8287
vn 0.5833 -0.1348 -0.8010
vn 0.2477 0.1506 -0.9571
vn 0.8480 -0.0151 -0.5297
vn 0.7216 0.4673 -0.5108
vn 0.5918 -0.6115 -0.5252
vn 0.6829 -0.6465 -0.3402
vn 0.4722 -0.6238 -0.6229
vn 0.6723 -0.6435 -0.3660
vn 0.7338 -0.6318 -0.2495
vn 0.7343 -0.6290 -0.2552
vn 0.5799 -0.6396 -0.5046
vn 0.3078 -0.4380 -0.8447
vn 0.5266 0.3610 -0.7696
vn 0.4360 -0.0208 -0.8997
vn 0.5075 -0.1860 -0.8414
vn 0.6326 0.2095 -0.7456
vn 0.6250 0.4268 -0.6536
vn 0.7667 0.2938 -0.5708
vn 0.1014 -0.3813 -0.9189
vn 0.1624 -0.3854 -0.9083
vn 0.1535 -0.4681 -0.8702
vn -0.0577 -0.3594 -0.9314
vn 0.1062 -0.3501 -0.9307
vn 0.6991 -0.6646 -0.2638
vn 0.4104 -0.5771 -0.7061
vn 0.2230 -0.1765 -0.9587
vn -0.0279 -0.0853 -0.9960
vn 0.4241 0.3954 -0.8147
vn 0.3809 -0.0177 -0.9245
vn 0.4727 0.3036 -0.8273
vn 0.5110 0.4611 -0.7255
vn 0.5396 0.6070 -0.5834
vn 0.2512 -0.2548 -0.9338
vn 0.1798 -0.4472 -0.8762
vn -0.5423 -0.7844 -0.3011
vn -0.4283 -0.7952 -0.4292
vn -0.4641 -0.8849 -0.0384
vn -0.6557 -0.5916 -0.4690
vn -0.7162 -0.6251 -0.3103
vn -0.2683 -0.5906 -0.7610
vn -0.2928 -0.5419 -0.7878
vn -0.3694 -0.4501 -0.8130
vn -0.2370 -0.7298 -0.6412
vn -0.1929 -0.7999 -0.5683
vn -0.0451 -0.7315 -0.6803
vn -0.0629 -0.6108 -0.7893
vn 0.3962 -0.9133 -0.0948
vn 0.2109 -0.8377 -0.5038
vn 0.0396 -0.9979 0.0512
vn 0.0177 -0.9727 0.2313
vn 0.0806 -0.9741 0.2111
vn -0.0006 -0.9449 -0.3275
vn -0.1335 -0.9776 -0.1629
vn -0.2521 -0.9668 0.0412
vn 0.2496 -0.6855 -0.6840
vn 0.2895 -0.5765 -0.7641
vn -0.0178 -0.7175 -0.6963
vn 0.4685 -0.8446 0.2590
vn 0.4747 -0.8552 0.2080
vn 0.7060 -0.6936 0.1430
vn -0.0242 -0.9115 0.4105
vn -0.0714 -0.8767 0.4758
vn 0.1949 -0.9223 0.3339
vn 0.8130 -0.5770 0.0775
vn 0.8082 -0.5836 0.0789
vn -0.3279 -0.7402 0.5870
vn -0.2537 -0.9120 0.3222
vn -0.2645 -0.9400 0.2154
vn -0.2089 -0.9090 0.3607
vn 0.0192 -0.9395 0.3420
vn -0.1211 -0.9406 0.3172
vn -0.8316 -0.3920 0.3934
vn -0.7928 -0.4498 0.4114
vn -0.8823 -0.4593 0.1027
vn -0.9030 -0.4092 0.1311
vn -0.8598 -0.4529 0.2357
vn -0.8857 -0.3834 0.2618
vn -0.9168 -0.3342 0.2186
vn -0.8790 -0.3402 0.3341
vn -0.7989 -0.5945 0.0912
vn -0.8580 -0.5132 0.0209
vn -0.7814 -0.6095 0.1340
vn -0.7446 -0.6599 0.1009
vn -0.6733 -0.7381 0.0438
vn -0.4027 -0.5395 0.7394
vn -0.2920 -0.5816 0.7593
vn -0.5884 -0.5314 0.6094
vn -0.5247 -0.5673 0.6347
vn -0.4783 -0.4632 0.7461
vn -0.4383 -0.4461 0.7803
vn -0.5438 -0.4028 0.7362
vn -0.6419 -0.3810 0.6655
vn -0.6153 -0.3380 0.7121
vn -0.3581 -0.5216 0.7744
vn -0.3211 -0.4857 0.8130
vn -0.2473 -0.4962 0.8322
vn 0.4608 0.6243 -0.6308
vn 0.3952 0.6322 -0.6665
vn 0.5294 0.4823 -0.6980
vn 0.4185 0.6073 -0.6753
vn 0.4527 0.5897 -0.6688
vn 0.5054 0.5196 -0.6889
vn 0.4696 0.6259 -0.6227
vn -0.0557 -0.2370 -0.9699
vn -0.2807 -0.1990 -0.9390
vn -0.3944 -0.1389 -0.9084
vn -0.5498 0.0508 -0.8337
vn 0.2401 -0.5182 -0.8208
vn 0.2462 -0.5333 -0.8093
vn 0.1662 -0.4613 -0.8715
vn 0.6939 -0.1604 -0.7020
vn 0.6344 0.0096 -0.7730
vn 0.6698 0.1646 -0.7240
vn 0.7488 -0.0311 -0.6621
vn 0.6003 0.3511 -0.7186
vn 0.7066 0.3483 -0.6160
vn 0.5905 -0.0178 -0.8069
vn 0.5506 0.0002 -0.8348
vn 0.5602 0.3478 -0.7518
vn 0.6266 0.3246 -0.7085
vn 0.5676 -0.4020 -0.7185
vn 0.4364 -0.3786 -0.8162
vn 0.0089 -0.9486 0.3164
vn 0.0760 -0.9264 0.3689
vn -0.1010 -0.8543 0.5098
vn -0.1511 -0.8303 0.5365
vn -0.2450 -0.7261 0.6424
vn -0.2819 -0.6966 0.6598
vn 0.2584 -0.9617 0.0913
vn 0.3842 -0.9197 0.0809
vn -0.0774 -0.9230 -0.3769
vn -0.0547 -0.9184 -0.3918
vn 0.3447 -0.7296 -0.5906
vn 0.1673 -0.8032 -0.5718
vn 0.3795 -0.5808 -0.7202
vn -0.2004 -0.8548 0.4786
vn -0.3044 -0.7199 0.6238
vn -0.0945 -0.9754 0.1989
vn -0.3978 -0.6953 0.5986
vn -0.3616 -0.8398 0.4050
vn -0.5046 -0.6658 0.5496
vn -0.1894 -0.9797 0.0658
vn -0.4520 -0.7450 0.4906
vn -0.5994 -0.6052 0.5238
vn -0.3699 -0.9286 0.0310
vn -0.1592 0.7548 0.6364
vn 0.2730 0.9097 0.3130
vn 0.4626 0.7537 -0.4668
vn 0.4423 0.6721 -0.5939
vn 0.5701 0.6179 -0.5415
vn 0.5654 0.5950 -0.5713
vn 0.5930 0.5818 -0.5567
vn -0.3124 -0.1643 0.9357
vn -0.3341 -0.3441 0.8775
vn -0.2329 -0.3817 0.8945
vn -0.2068 -0.0066 0.9784
vn -0.3934 -0.0640 0.9171
vn -0.4590 -0.0297 0.8879
vn -0.4256 -0.2763 0.8617
vn -0.4922 -0.2594 0.8309
vn -0.5545 -0.2362 0.7980
vn -0.1079 0.4334 0.8947
vn -0.1698 0.4995 0.8495
vn -0.2447 0.5200 0.8184
vn -0.0997 0.4289 0.8979
vn -0.0708 0.3950 0.9159
vn -0.0050 0.2335 0.9724
vn -0.7347 -0.2305 -0.6380
vn -0.8555 -0.3644 -0.3679
vn -0.9137 -0.2534 -0.3178
vn -0.9079 -0.3479 -0.2338
vn -0.7353 -0.0446 -0.6762
vn -0.5345 -0.5693 -0.6247
vn -0.5275 -0.4430 -0.7249
vn -0.5061 -0.3520 -0.7874
vn -0.8126 -0.5762 -0.0872
vn -0.2106 -0.3813 -0.9001
vn -0.3228 -0.5092 -0.7978
vn -0.4067 -0.7136 -0.5704
vn -0.1150 -0.7181 -0.6864
vn 0.2758 -0.6884 -0.6708
vn -0.1870 -0.4079 -0.8937
vn -0.1581 -0.9382 -0.3080
vn 0.0533 -0.9971 0.0551
vn -0.0176 0.0594 -0.9981
vn 0.1260 0.1007 -0.9869
vn 0.3884 0.0350 -0.9208
vn -0.1115 0.1093 -0.9877
vn -0.0984 -0.2598 -0.9606
vn -0.0762 -0.4326 -0.8984
vn 0.3080 -0.5828 -0.7520
vn -0.2624 -0.2966 -0.9183
vn -0.1651 -0.0903 -0.9821
vn -0.1994 -0.1783 -0.9636
vn 0.0103 -0.0791 -0.9968
vn -0.3035 -0.3085 -0.9015
vn -0.5270 -0.0351 -0.8491
vn -0.2712 -0.1048 -0.9568
vn -0.3676 -0.0150 -0.9299
vn -0.9897 -0.1259 -0.0688
vn -0.9896 -0.1370 0.0430
vn -0.9130 0.2551 -0.3184
vn -0.9879 -0.1513 -0.0353
vn -0.9757 -0.0615 -0.2103
vn -0.8248 -0.4305 0.3667
vn -0.7585 -0.4408 0.4800
vn -0.8446 -0.4183 0.3342
vn -0.9020 -0.3469 0.2571
vn -0.9119 -0.2952 0.2853
vn -0.8755 -0.4145 0.2482
vn -0.8796 -0.4747 0.0322
vn -0.8955 -0.4062 0.1817
vn -0.8917 -0.4440 -0.0886
vn -0.9171 -0.3582 0.1752
vn -0.9217 -0.3747 -0.0999
vn -0.8380 -0.4866 0.2469
vn -0.8180 -0.5752 -0.0004
vn 0.6637 -0.7336 -0.1457
vn 0.4954 -0.8676 0.0430
vn 0.2613 -0.9263 0.2714
vn 0.1712 -0.9810 0.0912
vn 0.4306 -0.9022 -0.0231
vn 0.3770 -0.9207 -0.1010
vn 0.3547 -0.9301 0.0949
vn 0.2567 -0.9665 -0.0016
vn 0.5306 -0.8474 -0.0181
vn 0.6672 -0.7289 -0.1536
vn 0.7864 0.0388 -0.6165
vn 0.7078 0.0049 -0.7064
vn 0.3961 0.1170 -0.9107
vn 0.6435 -0.0114 -0.7654
vn -0.1141 0.1109 -0.9873
vn -0.1398 -0.0104 -0.9901
vn -0.0489 0.2949 -0.9543
vn 0.1444 0.5997 -0.7871
vn 0.0257 0.3998 -0.9162
vn 0.2328 0.6985 -0.6767
vn 0.2321 0.6897 -0.6859
vn 0.0785 0.4279 -0.9004
vn 0.2544 0.5582 -0.7897
vn 0.1025 0.6234 -0.7752
vn 0.1554 0.7483 -0.6449
vn -0.3478 -0.4091 -0.8436
vn -0.5276 -0.1171 -0.8414
vn -0.6661 0.0215 -0.7456
vn -0.6460 -0.0606 -0.7610
vn -0.4829 0.0161 -0.8755
vn -0.5185 0.0609 -0.8529
vn -0.5687 0.0884 -0.8178
vn -0.6142 0.1424 -0.7762
vn -0.0536 -0.3700 -0.9275
vn 0.1094 -0.3942 -0.9125
vn -0.0215 -0.5376 -0.8429
vn 0.0923 -0.5708 -0.8159
vn -0.1977 -0.3775 -0.9046
vn -0.2423 -0.4846 -0.8405
vn -0.3290 -0.5697 -0.7531
vn -0.2707 -0.2638 -0.9258
vn -0.2996 0.1225 -0.9462
vn -0.0115 0.1367 -0.9905
vn 0.1508 0.3028 -0.9411
vn 0.2200 0.2521 -0.9424
vn 0.1484 0.3573 -0.9221
vn 0.6059 0.4899 -0.6268
vn 0.5227 0.5726 -0.6316
vn -0.1221 -0.0290 -0.9921
vn -0.2978 -0.8800 -0.3699
vn -0.1858 -0.9680 -0.1687
vn -0.4184 -0.9048 -0.0789
vn -0.4062 -0.9093 0.0902
vn -0.4001 -0.9040 0.1505
vn -0.2740 -0.6446 -0.7138
vn -0.3654 -0.7542 -0.5456
vn -0.4175 -0.8502 -0.3206
vn 0.2439 -0.8236 -0.5120
vn -0.0435 -0.6726 -0.7387
vn -0.2433 -0.6461 -0.7235
vn 0.1966 -0.6269 -0.7539
vn -0.7948 -0.4780 -0.3739
vn -0.8367 -0.5258 -0.1534
vn -0.9148 -0.3840 -0.1255
vn -0.8421 -0.5389 -0.0201
vn -0.7552 -0.2105 -0.6208
vn -0.6604 -0.1099 -0.7428
vn -0.7058 -0.6822 -0.1910
vn -0.6222 -0.7787 -0.0803
vn -0.5756 -0.8105 0.1083
vn -0.5568 -0.8278 -0.0686
vn 0.7830 -0.5366 0.3146
vn 0.5555 -0.7183 0.4189
vn 0.3897 -0.7696 0.5058
vn 0.5575 -0.7470 0.3621
vn 0.2513 -0.8773 0.4089
vn 0.1785 -0.9495 0.2580
vn 0.4439 -0.7768 -0.4467
vn 0.0561 -0.7991 0.5986
vn 0.0245 -0.8405 0.5412
vn 0.1260 -0.7934 0.5955
vn 0.1535 -0.7753 0.6126
vn 0.2122 -0.8007 0.5602
vn 0.2223 -0.7667 0.6023
vn -0.0055 -0.7829 0.6221
vn -0.2565 -0.9082 0.3308
vn -0.4256 -0.8830 0.1979
vn -0.0363 -0.8714 0.4893
vn -0.0284 -0.9539 0.2988
vn -0.1790 -0.9496 0.2573
vn 0.6285 0.6553 -0.4191
vn 0.4377 0.7541 -0.4896
vn 0.2697 0.7967 -0.5409
vn 0.9470 0.2533 -0.1974
vn 0.3812 0.7843 -0.4895
vn 0.2901 0.8167 -0.4989
vn 0.3904 0.6654 -0.6363
vn 0.3560 0.5415 -0.7616
vn 0.7424 0.5209 -0.4214
vn 0.6297 0.5606 -0.5377
vn 0.5258 0.6621 -0.5340
vn 0.7178 0.5572 -0.4175
vn 0.6106 0.5849 -0.5340
vn 0.5656 0.6119 -0.5528
vn 0.7360 0.5792 -0.3505
vn 0.7221 0.5795 -0.3779
vn 0.7039 0.5144 -0.4897
vn 0.6822 0.6257 -0.3782
vn 0.7053 0.5424 -0.4565
vn 0.7243 0.4833 -0.4918
vn 0.6770 0.7282 0.1070
vn 0.6420 0.7548 -0.1348
vn 0.6229 0.7457 -0.2364
vn 0.7333 0.6768 -0.0656
vn 0.6182 0.7089 0.3396
vn 0.5711 0.8145 -0.1023
vn 0.4527 0.8599 -0.2360
vn 0.2722 0.8443 -0.4616
vn 0.4317 0.7852 -0.4439
vn 0.4478 0.8048 -0.3895
vn 0.1497 0.7396 -0.6562
vn 0.1971 0.7965 -0.5716
vn 0.4060 0.8468 -0.3435
vn 0.2735 0.7566 -0.5939
vn 0.3359 0.6794 -0.6524
vn 0.6244 0.7710 -0.1254
vn 0.4511 0.7871 -0.4206
vn 0.6746 0.7303 0.1076
vn 0.5887 0.5228 0.6165
vn 0.5591 0.7665 -0.3162
vn 0.5726 0.8100 -0.1263
vn 0.5861 0.8034 -0.1054
vn 0.7568 0.4107 0.5085
vn 0.5517 0.6281 -0.5487
vn 0.5906 0.7400 -0.3218
vn 0.4957 0.6855 -0.5333
vn 0.4645 0.6124 -0.6397
vn 0.6463 0.6715 -0.3625
vn 0.6701 0.5803 -0.4628
vn 0.5793 0.5462 -0.6051
vn 0.6528 0.5520 -0.5188
vn 0.6380 0.7694 0.0316
vn 0.3682 0.6051 0.7059
vn 0.5478 0.6398 -0.5391
vn 0.3629 0.7278 -0.5819
vn 0.8206 0.4844 -0.3032
vn 0.7676 0.5321 -0.3574
vn 0.1042 0.5283 -0.8426
vn 0.5383 0.4768 -0.6949
vn 0.6676 0.4594 -0.5859
vn 0.5456 0.5103 -0.6648
vn 0.6185 0.5100 -0.5978
vn 0.6905 0.5235 -0.4992
vn 0.1526 0.5342 -0.8315
vn 0.4114 0.4922 -0.7671
vn 0.1747 0.5433 -0.8211
vn 0.0030 0.4367 -0.8996
vn -0.2322 0.6939 -0.6816
vn -0.0991 0.7563 -0.6467
vn -0.0796 0.7485 -0.6583
vn 0.0323 0.7803 -0.6246
vn -0.0844 0.7985 -0.5961
vn -0.0781 0.7996 -0.5954
vn -0.3848 0.4891 -0.7827
vn -0.3883 0.4313 -0.8143
vn -0.3593 0.4662 -0.8084
vn -0.3780 0.4619 -0.8024
vn 0.2297 0.8419 -0.4883
vn 0.1403 0.7346 -0.6639
vn 0.2894 0.7136 -0.6380
vn 0.3465 0.7895 -0.5066
vn 0.4510 0.3782 -0.8084
vn 0.2123 -0.1358 -0.9677
vn 0.8443 -0.3753 -0.3825
vn 0.7694 -0.3896 -0.5062
vn 0.4891 0.5602 -0.6686
vn 0.3986 0.7507 -0.5269
vn 0.3354 0.5659 -0.7532
vn 0.1928 0.5145 -0.8355
vn 0.0662 0.7394 -0.6700
vn 0.2252 0.6615 -0.7153
vn -0.0041 0.2299 -0.9732
vn 0.7456 0.3927 -0.5384
vn 0.8421 0.4183 -0.3406
vn 0.7964 0.4679 -0.3832
vn 0.4062 0.1904 -0.8937
vn 0.0012 -0.0735 -0.9973
vn 0.2409 0.1144 -0.9638
vn -0.0473 -0.1128 -0.9925
vn -0.0231 -0.1061 -0.9941
vn -0.0078 -0.0163 -0.9998
vn -0.2169 -0.0543 -0.9747
vn 0.1757 0.7994 -0.5745
vn 0.1353 0.7037 -0.6975
vn 0.5967 0.5178 -0.6131
vn 0.0051 0.7434 -0.6688
vn -0.0283 0.7936 -0.6078
vn -0.2624 -0.6336 0.7278
vn -0.0792 -0.8308 0.5509
vn 0.6309 0.6345 -0.4465
vn -0.6242 0.1312 -0.7702
vn -0.7143 0.6461 0.2691
vn -0.5309 -0.4765 0.7008
vn 0.4428 0.7682 -0.4623
vn 0.6334 -0.0969 0.7677
vn -0.2463 -0.7972 0.5512
vn 0.7542 -0.6206 -0.2146
vn -0.5572 -0.4090 0.7226
vn -0.5633 -0.2065 0.8000
vn -0.7461 -0.1860 0.6393
vn -0.8714 -0.2556 0.4186
vn -0.8877 -0.3664 0.2786
vn -0.6892 -0.7239 0.0307
vn -0.5589 -0.8280 0.0450
vn -0.5142 -0.8544 0.0745
vn -0.4093 -0.9067 0.1014
vn -0.0476 -0.8727 0.4858
vn -0.0383 -0.7297 0.6827
vn -0.0574 -0.6154 0.7862
vn -0.1321 -0.5146 0.8472
vn -0.6547 0.6241 0.4264
vn -0.7095 0.6534 0.2640
vn -0.8158 0.5757 0.0540
vn -0.6988 0.2303 -0.6772
vn -0.6421 0.0663 -0.7637
vn -0.1566 -0.4808 -0.8627
vn 0.1130 -0.3465 -0.9312
vn 0.8495 -0.4341 0.2998
vn 0.7391 -0.2161 0.6380
vn 0.2588 0.2373 0.9363
vn -0.4054 0.5690 0.7155
vn -0.5515 -0.2115 0.8069
vn -0.7356 -0.1877 0.6509
vn -0.8717 -0.2545 0.4187
vn -0.8878 -0.3663 0.2787
vn -0.4540 -0.8861 0.0932
vn -0.3385 -0.9306 0.1391
vn -0.2079 -0.9505 0.2308
vn -0.0897 -0.9198 0.3820
vn -0.0268 -0.8219 0.5690
vn -0.1052 -0.5340 0.8389
vn -0.8156 0.2822 -0.5052
vn -0.6955 -0.0001 -0.7185
vn -0.4890 -0.3039 -0.8176
vn -0.2022 -0.1426 -0.9689
vn 0.7470 -0.6219 -0.2349
vn 0.8005 -0.3367 0.4958
vn 0.7181 -0.2577 0.6465
vn 0.5173 -0.0173 0.8556
vn -0.2347 0.5497 0.8017
vn -0.4106 0.5554 0.7231
vn -0.4795 0.6557 0.5832
vn -0.8717 -0.2546 0.4186
vn -0.8877 -0.3664 0.2787
vn -0.1294 -0.5130 0.8486
vn -0.8523 0.4409 -0.2816
vn -0.7227 -0.0357 -0.6902
vn 0.1105 -0.3734 -0.9211
vn 0.1856 -0.5716 -0.7993
vn 0.6169 -0.6313 -0.4700
vn -0.3585 0.6005 0.7148
vn -0.5055 0.6062 0.6140
vn 0.7154 0.5728 -0.4001
vn 0.8368 0.4288 -0.3405
vn 0.2354 0.8335 -0.4999
vn 0.4940 0.7408 -0.4551
vn 0.5003 0.7282 -0.4684
vn 0.5271 0.6759 -0.5152
vn 0.5789 0.6908 -0.4332
vn 0.5793 0.6739 -0.4586
vn 0.9387 0.0634 0.3389
vn 0.3820 0.6848 0.6205
vn -0.5543 0.3472 -0.7564
vn -0.1995 0.0195 -0.9797
vn 0.1014 0.8644 0.4925
vn -0.4462 0.8444 0.2965
vn -0.4485 0.8705 0.2025
vn 0.7441 -0.4874 -0.4569
vn 0.9212 -0.1271 0.3677
vn 0.8557 -0.3785 -0.3530
vn 0.4993 0.7922 0.3509
vn 0.2157 -0.3136 -0.9248
vn 0.2574 -0.3198 -0.9118
vn -0.5172 0.8220 -0.2384
vn 0.2947 0.9553 0.0238
vn 0.7112 0.2511 0.6566
vn 0.6413 -0.3807 -0.6662
vn -0.1170 -0.1114 -0.9869
vn 0.5568 0.3391 0.7583
vn 0.6395 0.6187 0.4563
vn -0.2818 0.0239 -0.9592
vn -0.2085 -0.0041 -0.9780
vn -0.6052 0.6112 -0.5100
vn 0.9610 -0.1560 0.2283
vn 0.8433 -0.3678 -0.3919
vn 0.8441 -0.3705 -0.3876
vn 0.1760 -0.2234 -0.9587
vn -0.5233 0.2397 -0.8178
vn -0.0016 -0.1415 -0.9899
vn 0.0285 -0.1854 -0.9823
vn -0.5489 0.3695 -0.7497
vn 0.7720 -0.4050 -0.4899
vn -0.0019 0.7219 0.6920
vn -0.1751 -0.0213 -0.9843
vn -0.5810 0.8139 -0.0061
vn 0.2735 -0.3350 -0.9016
vn -0.5763 0.8156 -0.0510
vn -0.4399 0.8884 0.1317
vn -0.3251 0.1127 -0.9389
vn 0.8026 -0.4593 -0.3805
vn 0.1164 -0.2396 -0.9639
vn -0.2176 0.1200 0.9686
vn -0.6798 -0.2521 0.6887
vn -0.0365 -0.1933 0.9805
vn -0.5587 -0.2764 0.7819
vn -0.3986 -0.3661 0.8409
vn -0.2686 -0.4592 0.8468
vn -0.5270 -0.4090 0.7450
vn 0.0497 0.1230 0.9912
vn 0.1739 0.0400 0.9840
vn 0.0014 0.2330 0.9725
vn -0.8621 0.3439 0.3722
vn -0.8937 0.3285 0.3056
vn -0.8606 0.4522 0.2342
vn -0.7690 0.4243 0.4782
vn -0.6788 0.5155 0.5231
vn -0.7230 0.3371 0.6031
vn -0.8613 0.2382 0.4489
vn -0.8506 0.1015 0.5159
vn -0.8512 -0.0249 0.5243
vn -0.6915 0.6210 0.3689
vn -0.6160 0.6018 0.5083
vn -0.6038 0.5984 0.5267
vn 0.1776 -0.6491 0.7397
vn -0.7707 0.6266 0.1158
vn 0.3190 -0.2702 0.9084
vn 0.2468 -0.2588 0.9339
vn 0.1231 -0.3494 0.9288
vn 0.0260 -0.2118 0.9770
vn -0.0778 -0.4354 0.8969
vn 0.2133 -0.0207 0.9768
vn 0.3713 -0.4658 0.8032
vn 0.2901 -0.6035 0.7427
vn 0.5325 -0.1590 0.8314
vn 0.5714 -0.1379 0.8090
vn 0.4060 -0.1220 0.9057
vn 0.1028 -0.5671 0.8172
vn 0.1741 -0.4918 0.8531
vn 0.3370 -0.2880 0.8964
vn 0.2229 -0.4897 0.8429
vn 0.1645 -0.5696 0.8053
vn 0.2128 -0.3502 0.9122
vn 0.1848 -0.4699 0.8631
vn 0.1167 -0.4453 0.8877
vn 0.0898 -0.4939 0.8649
vn -0.0607 -0.4949 0.8668
vn 0.0067 -0.5930 0.8052
vn 0.4703 0.0310 0.8820
vn 0.4817 0.0402 0.8754
vn 0.4893 0.0397 0.8712
vn 0.4679 0.0645 0.8814
vn 0.3818 0.1376 0.9140
vn 0.4842 0.0101 0.8749
vn 0.4909 0.0163 0.8711
vn 0.5790 -0.3224 0.7488
vn 0.4459 -0.4888 0.7498
vn 0.4280 -0.3456 0.8351
vn 0.2463 -0.5522 0.7965
vn 0.3607 -0.4827 0.7981
vn 0.6739 -0.5269 0.5179
vn 0.5495 -0.5487 0.6301
vn 0.5280 -0.5091 0.6798
vn 0.4457 -0.5312 0.7206
vn 0.4475 -0.0683 0.8917
vn 0.1797 0.0570 0.9821
vn 0.6547 -0.1620 0.7383
vn 0.0006 -0.0432 0.9991
vn -0.4299 -0.3980 0.8104
vn -0.3181 -0.3699 0.8729
vn -0.1536 -0.2479 0.9565
vn -0.2592 -0.5112 0.8195
vn 0.1211 -0.2546 0.9594
vn -0.1310 -0.5109 0.8496
vn 0.1989 -0.2783 0.9397
vn 0.0096 0.1026 0.9947
vn 0.1040 0.1380 0.9850
vn -0.2970 -0.0979 0.9498
vn -0.3977 -0.2352 0.8869
vn 0.0886 0.1299 0.9876
vn 0.1071 0.1966 0.9746
vn 0.4192 0.1365 0.8976
vn 0.3075 0.2136 0.9273
vn 0.3786 0.1766 0.9086
vn 0.4639 0.1143 0.8785
vn 0.3281 0.1828 0.9268
vn 0.4951 -0.2062 0.8440
vn 0.3490 -0.4289 0.8332
vn 0.3806 -0.3916 0.8377
vn 0.2173 -0.5928 0.7755
vn 0.1613 -0.6416 0.7499
vn 0.4936 -0.2717 0.8261
vn 0.2275 -0.6273 0.7449
vn 0.3507 -0.4868 0.8000
vn 0.4022 -0.3042 0.8635
vn 0.3444 -0.2906 0.8927
vn 0.3242 -0.2531 0.9115
vn 0.2631 -0.4651 0.8452
vn 0.2004 -0.4743 0.8572
vn 0.0670 -0.4402 0.8954
vn 0.1656 -0.6175 0.7690
vn 0.1092 -0.5987 0.7935
vn 0.0801 -0.5893 0.8039
vn -0.0353 -0.5733 0.8186
vn 0.5752 -0.0361 0.8172
vn 0.5725 0.0106 0.8198
vn 0.5575 0.0359 0.8294
vn 0.4980 0.0868 0.8628
vn 0.5719 -0.1093 0.8130
vn 0.5945 -0.0789 0.8002
vn 0.5923 -0.0278 0.8052
vn -0.5412 -0.3094 0.7819
vn -0.3421 -0.1956 0.9191
vn -0.2243 -0.4172 0.8807
vn -0.3441 -0.5247 0.7786
vn -0.2064 0.1221 0.9708
vn -0.3676 -0.0566 0.9283
vn -0.5233 -0.1182 0.8439
vn 0.1546 0.2867 0.9455
vn -0.5520 -0.3337 0.7642
vn -0.6470 -0.2684 0.7137
vn 0.0853 0.2921 0.9526
vn 0.3343 0.1539 0.9298
vn 0.1950 0.2895 0.9371
vn 0.2265 0.2462 0.9424
vn -0.6604 0.2134 0.7199
vn -0.7419 0.0200 0.6702
vn -0.5184 0.3665 0.7726
vn -0.6175 0.1660 0.7689
vn -0.6855 -0.0841 0.7232
vn -0.5775 0.1187 0.8077
vn -0.4820 0.2385 0.8431
vn -0.6292 -0.1439 0.7638
vn -0.6924 0.2154 0.6886
vn -0.7769 0.0621 0.6265
vn -0.7821 -0.0135 0.6230
vn -0.8053 -0.0076 0.5928
vn -0.4175 0.5665 0.7105
vn -0.3781 0.5866 0.7162
vn -0.3710 0.5719 0.7317
vn 0.6781 0.7191 0.1519
vn 0.6392 0.7606 -0.1133
vn 0.7503 0.6609 0.0150
vn 0.7300 0.6780 0.0861
vn 0.7188 0.6858 -0.1141
vn 0.7234 0.6797 -0.1211
vn 0.6625 0.7057 -0.2512
vn 0.6191 0.7369 -0.2714
vn 0.5353 0.7584 -0.3719
vn 0.2022 0.8074 -0.5543
vn 0.4576 0.8776 -0.1431
vn 0.4452 0.8611 -0.2457
vn 0.5903 0.8042 -0.0691
vn 0.6389 0.5141 0.5723
vn 0.6191 0.5049 0.6016
vn 0.1376 0.7625 -0.6322
vn 0.3506 0.8120 -0.4667
vn 0.2924 0.7851 -0.5460
vn 0.4097 0.7916 -0.4533
vn 0.1348 0.7701 -0.6236
vn 0.0469 0.7217 -0.6906
vn 0.2911 0.6264 0.7231
vn 0.5281 0.7703 -0.3575
vn 0.4919 0.8662 0.0879
vn 0.4386 0.8616 -0.2555
vn 0.5007 0.8651 -0.0316
vn 0.4192 0.5204 0.7439
vn 0.3306 0.7794 -0.5321
vn 0.2817 0.7054 -0.6504
vn 0.2218 0.7753 -0.5913
vn 0.1074 0.7191 -0.6865
vn 0.5117 0.6853 -0.5182
vn 0.7028 0.5416 0.4612
vn 0.7155 0.6778 -0.1693
vn 0.5348 0.7342 -0.4182
vn 0.8149 0.5086 -0.2779
vn 0.9701 0.2315 0.0729
vn 0.4958 0.7275 -0.4743
vn 0.3151 0.7491 -0.5827
vn 0.3313 0.7335 -0.5934
vn 0.2889 0.7991 -0.5273
vn 0.2092 0.7749 -0.5965
vn 0.6319 0.7653 -0.1220
vn 0.4972 0.8660 0.0537
vn 0.7357 0.5576 -0.3845
vn 0.7508 0.5845 -0.3076
vn 0.1563 0.8996 0.4078
vn 0.7756 0.4954 -0.3911
vn 0.7985 0.3733 -0.4723
vn 0.7915 0.4272 -0.4371
vn 0.7610 0.4377 -0.4789
vn 0.7146 0.5127 -0.4759
vn 0.4220 0.3391 0.8408
vn 0.5882 0.7967 -0.1386
vn 0.3484 0.6731 -0.6523
vn 0.3387 0.7669 -0.5451
vn 0.2937 0.7208 -0.6278
vn 0.4978 0.7239 -0.4776
vn 0.4185 0.6794 -0.6028
vn 0.4351 0.8060 -0.4013
vn 0.4250 0.8736 -0.2373
vn 0.3397 0.9057 0.2538
vn 0.4502 0.6279 -0.6349
vn 0.6590 0.7503 -0.0536
vn 0.7413 0.6708 -0.0215
vn 0.6967 0.5123 0.5022
vn 0.6897 0.6296 -0.3576
vn 0.7005 0.6653 0.2583
vn 0.7063 0.6628 0.2486
vn 0.6129 0.5727 -0.5444
vn 0.7107 0.5807 -0.3970
vn 0.6703 0.5221 -0.5273
vn 0.6207 0.6848 -0.3819
vn 0.5538 0.7247 -0.4101
vn 0.5150 0.7869 -0.3399
vn 0.5786 0.6458 -0.4982
vn 0.4656 0.7522 -0.4663
vn 0.4582 0.7519 -0.4740
vn 0.4569 0.7420 -0.4906
vn -0.1505 0.9749 -0.1643
vn 0.1262 0.9215 -0.3673
vn -0.2167 0.9288 -0.3006
vn 0.4192 0.8705 -0.2578
vn -0.1386 0.9867 0.0852
vn 0.6481 0.5674 -0.5080
vn 0.5926 0.8050 0.0289
vn 0.5445 0.8121 -0.2098
vn 0.6329 0.7709 0.0721
vn 0.7085 0.5999 0.3715
vn 0.7061 0.5024 0.4990
vn 0.4349 0.8479 -0.3032
vn 0.4608 0.8199 -0.3397
vn 0.4180 0.8016 -0.4274
vn 0.6516 0.7543 0.0801
vn 0.7134 0.3511 0.6064
vn 0.7198 0.6427 0.2625
vn 0.6602 0.7110 0.2419
vn 0.6621 0.7167 0.2190
vn 0.5823 0.7413 0.3337
vn 0.0537 0.1644 0.9849
vn 0.5747 0.7691 0.2796
vn 0.5038 0.7172 0.4815
vn 0.6397 0.0511 0.7670
vn 0.6624 0.3314 0.6719
vn 0.4081 -0.0966 0.9078
vn 0.5992 0.1352 0.7891
vn 0.6952 0.3960 0.5999
vn 0.7025 0.1913 0.6855
vn 0.5959 -0.0744 0.7996
vn -0.3133 0.9311 0.1866
vn -0.5561 0.8242 0.1064
vn -0.5762 0.8173 0.0047
vn -0.6064 0.7952 0.0025
vn -0.7646 0.6370 0.0980
vn -0.6516 0.6920 0.3107
vn -0.6472 0.6277 0.4325
vn 0.3383 0.3927 0.8552
vn 0.6848 0.5314 0.4987
vn 0.0577 0.2407 0.9689
vn -0.0549 0.7926 0.6073
vn 0.1658 0.8507 0.4988
vn -0.2827 0.7084 0.6467
vn -0.3456 0.7345 0.5841
vn -0.1855 0.9423 0.2787
vn -0.5612 0.5509 0.6177
vn -0.2395 0.3340 0.9117
vn 0.2310 0.3024 0.9248
vn 0.2145 0.1443 0.9660
vn 0.0583 0.2419 0.9685
vn 0.0521 0.1284 0.9904
vn 0.0842 0.0833 0.9930
vn 0.0508 0.0104 0.9987
vn 0.0660 0.7652 0.6404
vn 0.3691 0.9067 0.2043
vn -0.1838 0.6140 0.7676
vn 0.2922 0.8918 0.3453
vn 0.8992 0.0998 0.4261
vn 0.9572 -0.0945 0.2737
vn 0.9633 -0.1782 0.2010
vn 0.6663 0.0799 0.7414
vn 0.8324 0.3737 0.4092
vn 0.6668 -0.1374 0.7324
vn 0.7437 -0.2240 0.6299
vn 0.0931 0.7022 0.7059
vn -0.2498 0.6635 0.7053
vn 0.0800 0.8223 0.5634
vn -0.1267 0.4478 0.8851
vn 0.4113 -0.1334 0.9017
vn 0.6099 0.4504 0.6521
vn 0.3919 0.5121 0.7643
vn 0.1721 0.3885 0.9052
vn 0.3990 0.5871 0.7044
vn 0.4911 0.5543 0.6720
vn 0.5402 0.5055 0.6728
vn 0.4590 0.4984 0.7355
vn 0.6048 0.5749 0.5510
vn 0.1682 0.3578 0.9185
vn 0.3868 0.4026 0.8296
vn 0.3383 0.5814 0.7400
vn 0.1829 0.2184 0.9586
vn 0.4652 0.1307 0.8755
vn 0.4862 0.2324 0.8424
vn 0.2844 -0.0203 0.9585
vn 0.5674 0.6291 0.5313
vn 0.7380 0.6748 0.0035
vn 0.2829 0.4225 0.8611
vn 0.6887 0.6003 -0.4065
vn 0.6114 0.6778 -0.4084
vn 0.6821 0.7206 0.1240
vn 0.6374 0.4738 -0.6076
vn 0.7188 0.6111 -0.3315
vn 0.6654 0.4780 -0.5734
vn 0.2269 -0.3665 0.9023
vn 0.1312 -0.3424 0.9303
vn 0.0136 -0.5906 0.8069
vn 0.0631 -0.5200 0.8518
vn 0.2668 -0.1369 0.9540
vn 0.3809 -0.1037 0.9188
vn 0.0002 -0.1402 0.9901
vn 0.0464 -0.1758 0.9833
vn 0.1402 -0.1652 0.9762
vn -0.0906 -0.4810 0.8720
vn -0.1574 -0.4354 0.8864
vn -0.2303 -0.4365 0.8698
vn -0.2850 -0.0994 0.9534
vn -0.0903 -0.0719 0.9933
vn -0.1894 -0.2406 0.9520
vn -0.3620 -0.2399 0.9008
vn -0.0652 0.0568 0.9963
vn 0.3572 0.4062 0.8411
vn -0.0342 0.1316 0.9907
vn 0.5243 0.3625 0.7706
vn -0.0240 0.3814 0.9241
vn 0.3356 0.1535 0.9294
vn 0.0988 0.5993 0.7944
vn 0.0051 0.4236 0.9058
vn 0.2244 0.7800 0.5842
vn -0.0988 0.3780 0.9205
vn -0.1087 0.2459 0.9632
vn -0.1194 0.2420 0.9629
vn 0.4882 0.7315 -0.4760
vn 0.2179 0.9757 0.0212
vn 0.3737 0.8958 -0.2405
vn 0.4629 0.6473 -0.6056
vn 0.4881 0.6964 -0.5260
vn 0.5470 0.5922 -0.5916
vn 0.2198 0.9726 0.0756
vn 0.4789 0.6574 -0.5818
vn 0.5838 0.6758 -0.4500
vn 0.6139 0.5860 -0.5289
vn 0.6847 0.5145 -0.5162
vn 0.2085 0.8847 0.4170
vn 0.1944 0.8198 0.5386
vn 0.5711 0.8178 -0.0708
vn 0.6088 0.7711 -0.1866
vn 0.7401 0.5633 -0.3674
vn 0.5689 0.8216 -0.0378
vn 0.5167 0.8104 -0.2760
vn 0.5725 0.7901 -0.2191
vn 0.6209 0.5431 -0.5653
vn 0.5940 0.5695 -0.5682
vn 0.5961 0.7303 -0.3338
vn 0.7064 0.5358 -0.4625
vn 0.7178 0.5111 -0.4728
vn 0.7466 0.5114 -0.4255
vn 0.6163 0.5806 -0.5321
vn 0.6865 0.4999 -0.5281
vn 0.1323 0.0015 0.9912
vn 0.1405 -0.1631 0.9766
vn 0.0640 -0.2463 0.9671
vn 0.1996 -0.2046 0.9583
vn 0.3001 -0.2430 0.9224
vn 0.0911 -0.4828 0.8709
vn 0.1748 -0.4166 0.8921
vn 0.2048 -0.4402 0.8742
vn 0.0445 -0.5828 0.8114
vn 0.2078 0.1627 0.9645
vn 0.3039 0.1138 0.9459
vn 0.0564 0.2539 0.9656
vn -0.0736 -0.4568 0.8865
vn -0.1526 -0.5481 0.8224
vn -0.1519 -0.3355 0.9297
vn -0.3941 -0.4165 0.8193
vn -0.5072 0.0424 0.8608
vn -0.4571 -0.0603 0.8873
vn -0.7601 -0.0398 0.6486
vn -0.6343 -0.1601 0.7564
vn -0.4743 0.4200 0.7737
vn -0.2879 0.2269 0.9304
vn -0.5416 0.5164 0.6633
vn -0.4404 0.4076 0.7999
vn -0.7602 -0.0089 0.6496
vn -0.8120 0.0461 0.5818
vn -0.2171 0.1768 0.9600
vn -0.4460 -0.2699 0.8534
vn -0.3043 -0.1029 0.9470
vn -0.1661 0.2745 0.9471
vn -0.1985 -0.0012 0.9801
vn -0.2015 -0.1202 0.9721
vn -0.1637 -0.3518 0.9217
vn -0.7544 -0.0363 0.6554
vn -0.5979 0.1636 0.7847
vn -0.6679 0.1758 0.7232
vn -0.6521 0.2383 0.7197
vn -0.3498 0.2669 0.8980
vn -0.2413 0.1844 0.9528
vn -0.3548 -0.0321 0.9344
vn -0.4843 0.0539 0.8732
vn -0.7610 -0.1546 0.6301
vn -0.6301 -0.1299 0.7656
vn -0.4458 -0.2610 0.8562
vn -0.6093 -0.3111 0.7294
vn -0.4522 -0.3493 0.8207
vn -0.1443 0.3582 0.9224
vn -0.0619 0.3159 0.9468
vn -0.3895 0.5452 0.7423
vn -0.3634 0.5445 0.7560
vn -0.2992 0.5021 0.8114
vn -0.8169 0.3897 -0.4252
vn -0.8132 0.3984 -0.4242
vn -0.6983 0.4114 -0.5857
vn -0.7808 0.4056 -0.4752
vn -0.6939 0.3854 -0.6083
vn -0.6952 0.3799 -0.6102
vn -0.5542 0.3387 -0.7603
vn -0.2173 -0.9157 -0.3381
vn -0.0833 -0.8904 -0.4475
vn 0.0489 -0.9963 -0.0708
vn 0.2844 -0.9579 -0.0388
vn 0.2005 -0.9646 0.1713
vn 0.0406 -0.9411 0.3356
vn 0.2030 -0.9684 0.1447
vn 0.0788 -0.9147 0.3963
vn 0.1393 -0.8502 0.5076
vn -0.0005 -0.9881 -0.1540
vn -0.3169 -0.6796 -0.6616
vn -0.3612 -0.1395 -0.9220
vn -0.2236 -0.6693 -0.7085
vn -0.1984 -0.4386 -0.8765
vn -0.0362 -0.7364 -0.6755
vn 0.0594 -0.5669 -0.8216
vn -0.0145 -0.4211 -0.9069
vn 0.1844 -0.7294 -0.6587
vn -0.3180 -0.7238 -0.6123
vn -0.0501 -0.9911 0.1232
vn -0.4820 -0.0417 -0.8752
vn -0.2173 -0.9160 -0.3372
vn -0.3374 -0.8583 -0.3866
vn -0.0508 -0.9356 0.3495
vn 0.0089 -0.7972 0.6036
vn -0.4527 -0.7774 -0.4367
vn -0.1256 -0.9122 0.3900
vn -0.3224 -0.8950 0.3082
vn -0.6147 -0.7278 -0.3040
vn -0.2657 -0.8988 0.3488
vn -0.9274 -0.2656 -0.2634
vn -0.9631 -0.1522 -0.2219
vn -0.9777 -0.1879 0.0941
vn -0.9454 -0.3228 0.0449
vn -0.9054 -0.4245 0.0085
vn -0.9252 -0.2619 0.2746
vn -0.8737 -0.4078 0.2652
vn -0.7838 -0.5649 0.2579
vn -0.8145 -0.3910 0.4286
vn -0.7332 -0.4231 0.5323
vn -0.7861 -0.3634 0.5000
vn -0.6519 -0.5099 0.5612
vn -0.8103 0.0162 -0.5857
vn -0.9140 -0.1440 -0.3793
vn -0.7630 -0.0772 -0.6418
vn -0.5967 0.0236 -0.8021
vn -0.8621 -0.2458 -0.4432
vn -0.9874 -0.0034 -0.1579
vn -0.9480 -0.0316 -0.3167
vn -0.8160 0.0109 -0.5779
vn -0.8989 0.0687 -0.4327
vn -0.9103 0.1410 -0.3893
vn -0.9094 0.2069 -0.3608
vn -0.9773 -0.1490 0.1504
vn -0.8732 -0.1892 0.4491
vn -0.9529 -0.1464 0.2655
vn -0.9998 -0.0203 -0.0078
vn -0.9891 0.0306 -0.1438
vn -0.9814 -0.1072 0.1594
vn -0.8365 -0.2638 0.4803
vn -0.6429 -0.6179 -0.4526
vn -0.5735 -0.8054 -0.1496
vn -0.1823 -0.9806 -0.0720
vn -0.3821 -0.9088 0.1678
vn -0.0157 -0.9910 0.1332
vn -0.6110 -0.3793 -0.6948
vn -0.7282 -0.3716 -0.5758
vn -0.6751 -0.1133 -0.7289
vn -0.6102 -0.1736 -0.7730
vn -0.5608 -0.5850 -0.5860
vn -0.7729 -0.4501 -0.4472
vn -0.8331 -0.3852 -0.3969
vn -0.8872 -0.2781 -0.3683
vn -0.7597 -0.1551 -0.6315
vn -0.3452 -0.8942 0.2850
vn -0.1868 -0.8715 0.4535
vn -0.5756 -0.8094 0.1166
vn -0.5690 -0.8130 0.1236
vn -0.3651 -0.8311 0.4194
vn -0.2782 -0.8224 0.4963
vn -0.4728 -0.7899 0.3906
vn -0.3990 -0.7362 0.5467
vn -0.7977 -0.6027 0.0204
vn -0.5186 -0.7113 0.4744
vn -0.7068 -0.6336 0.3146
vn -0.5170 -0.6733 0.5286
vn -0.7930 -0.4112 -0.4495
vn -0.7461 -0.6064 -0.2750
vn -0.6467 -0.6805 -0.3444
vn -0.8138 -0.5604 -0.1542
vn -0.6361 -0.7687 -0.0670
vn -0.8458 -0.5291 0.0680
vn -0.6908 -0.7122 0.1244
vn -0.7384 -0.6409 0.2098
vn -0.5193 -0.7999 0.3008
vn -0.5995 -0.7181 0.3535
vn -0.8070 -0.4721 0.3549
vn -0.6364 -0.6361 0.4363
vn -0.7112 -0.0597 -0.7004
vn -0.7948 -0.2001 -0.5730
vn -0.7461 -0.1916 -0.6376
vn -0.5058 0.0061 -0.8626
vn -0.6532 -0.2852 -0.7014
vn -0.8642 -0.2174 -0.4538
vn -0.8747 -0.0247 -0.4840
vn -0.8629 0.2104 -0.4595
vn -0.8093 -0.4796 0.3393
vn -0.9436 -0.3309 0.0087
vn -0.9005 -0.0852 -0.4265
vn -0.8373 -0.4087 0.3632
vn -0.9528 -0.3021 -0.0288
vn -0.9615 -0.2624 0.0819
vn -0.8781 -0.3477 0.3288
vn -0.9887 -0.1364 -0.0623
vn -0.9546 -0.2661 0.1337
vn -0.5130 -0.8071 -0.2923
vn -0.4654 -0.8790 -0.1042
vn -0.7359 -0.6712 0.0894
vn -0.6202 -0.7451 0.2452
vn -0.7927 -0.5851 0.1711
vn -0.6991 -0.6436 0.3116
vn -0.9183 -0.3798 0.1116
vn -0.7912 -0.5786 0.1978
vn -0.9041 -0.3021 0.3023
vn -0.7663 -0.4963 0.4081
vn -0.8696 -0.2991 0.3928
vn -0.0810 -0.5300 -0.8442
vn -0.2553 -0.6256 -0.7372
vn -0.5289 -0.6477 -0.5484
vn -0.0517 -0.6901 -0.7218
vn -0.3047 -0.8204 -0.4838
vn 0.1050 -0.7813 -0.6153
vn -0.8059 -0.3542 -0.4744
vn -0.7901 -0.2119 -0.5752
vn -0.8314 -0.2068 -0.5157
vn -0.8728 -0.4510 -0.1866
vn -0.9033 -0.1954 0.3820
vn -0.9401 -0.2299 0.2518
vn -0.9086 -0.2961 -0.2945
vn -0.9038 -0.2001 0.3782
vn -0.9638 -0.2664 0.0129
vn -0.9533 -0.2848 -0.1003
vn -0.9305 -0.1374 -0.3394
vn -0.0203 0.3709 -0.9284
vn -0.2689 0.2341 -0.9343
vn 0.0485 0.4747 -0.8788
vn -0.0497 0.5979 -0.8000
vn -0.0692 0.3755 -0.9242
vn -0.2786 0.3238 -0.9042
vn -0.5921 0.3711 -0.7153
vn -0.9077 -0.4138 0.0688
vn -0.5913 0.3739 -0.7145
vn -0.1792 0.4594 -0.8700
vn -0.0291 0.3531 -0.9351
vn -0.2383 0.4061 -0.8822
vn -0.3132 0.2545 -0.9150
vn -0.2960 0.0562 -0.9535
vn 0.0540 -0.2497 -0.9668
vn 0.1644 -0.2527 -0.9535
vn -0.1593 0.6663 -0.7285
vn -0.1321 0.5620 -0.8165
vn -0.1439 0.6300 -0.7631
vn -0.0969 0.6661 -0.7396
vn -0.1360 0.5730 -0.8082
vn -0.0220 0.5546 -0.8318
vn 0.0064 0.6464 -0.7630
vn -0.2279 0.5521 -0.8020
vn -0.1876 0.6076 -0.7717
vn -0.1789 0.6391 -0.7480
vn -0.1591 0.6692 -0.7258
vn -0.1133 0.6247 -0.7726
vn -0.2423 0.4461 -0.8616
vn -0.2424 0.4472 -0.8610
vn -0.1472 0.5151 -0.8444
vn -0.9460 0.0279 -0.3229
vn -0.9671 -0.0429 -0.2506
vn -0.9548 -0.2971 0.0096
vn -0.9569 -0.2470 0.1525
vn -0.8833 -0.3029 0.3579
vn -0.8277 0.2110 -0.5199
vn -0.7603 0.2938 -0.5793
vn -0.8293 0.1167 -0.5465
vn -0.7837 0.0043 -0.6211
vn -0.8310 0.1649 -0.5312
vn -0.9534 -0.1632 -0.2538
vn -0.9602 -0.2474 -0.1297
vn -0.9243 -0.3754 -0.0683
vn -0.9005 -0.0167 -0.4345
vn -0.8915 -0.4246 -0.1580
vn -0.8999 -0.3382 -0.2754
vn -0.8623 -0.2607 -0.4340
vn 0.7113 0.0621 -0.7001
vn -0.7852 -0.5306 -0.3193
vn 0.5905 -0.1377 -0.7952
vn 0.3727 -0.4228 -0.8260
vn 0.6748 -0.0383 -0.7370
vn 0.7423 0.2473 -0.6227
vn 0.5986 -0.0457 -0.7997
vn 0.6921 0.1341 -0.7093
vn 0.3673 0.1763 -0.9132
vn 0.5593 0.1048 -0.8223
vn 0.4870 0.2976 -0.8211
vn 0.6268 0.1110 -0.7713
vn 0.7636 0.1285 -0.6328
vn 0.7151 0.2293 -0.6604
vn 0.6453 0.3667 -0.6701
vn 0.7945 0.2157 -0.5676
vn 0.7602 0.2915 -0.5806
vn 0.5002 -0.1213 -0.8574
vn 0.3061 -0.1616 -0.9382
vn 0.4119 0.0397 -0.9104
vn 0.1863 -0.0321 -0.9820
vn 0.0096 0.1374 -0.9905
vn -0.3771 -0.0118 -0.9261
vn -0.4286 0.1077 -0.8971
vn -0.8212 0.3724 -0.4325
vn -0.7481 0.2459 -0.6163
vn -0.7697 0.2983 -0.5644
vn -0.7581 0.1944 -0.6225
vn 0.9423 -0.2908 -0.1661
vn 0.9862 -0.0502 -0.1575
vn 0.9715 -0.1126 -0.2087
vn 0.9541 0.1675 -0.2481
vn 0.8799 0.1684 -0.4442
vn 0.7260 0.5261 -0.4430
vn 0.7893 -0.6065 0.0959
vn 0.9273 -0.3592 -0.1056
vn 0.8680 -0.4945 -0.0448
vn 0.9658 0.0247 -0.2582
vn 0.9394 -0.1867 -0.2876
vn 0.9467 -0.0005 -0.3221
vn 0.9003 -0.2155 -0.3781
vn 0.8473 0.2192 -0.4838
vn -0.1520 0.3835 -0.9109
vn -0.2982 0.1740 -0.9385
vn -0.3465 0.1566 -0.9249
vn 0.2193 0.4621 -0.8593
vn 0.3797 0.5377 -0.7528
vn -0.0525 0.3117 -0.9487
vn 0.2782 0.5595 -0.7807
vn 0.0516 0.4730 -0.8796
vn 0.1630 0.5558 -0.8152
vn -0.0495 0.5419 -0.8390
vn -0.1815 0.3869 -0.9041
vn -0.3214 0.4700 -0.8220
vn 0.0337 0.4841 -0.8743
vn -0.1325 0.6788 -0.7223
vn 0.1950 0.5463 -0.8146
vn 0.1557 0.6548 -0.7396
vn 0.2259 0.5437 -0.8083
vn 0.3371 0.5976 -0.7275
vn 0.3771 0.5803 -0.7218
vn -0.5644 0.3459 -0.7496
vn -0.4758 0.3115 -0.8225
vn -0.4706 0.3122 -0.8253
vn -0.3601 0.2542 -0.8976
vn -0.0786 0.2026 -0.9761
vn -0.3324 0.5533 -0.7638
vn -0.4225 0.2550 -0.8697
vn -0.3398 0.2364 -0.9103
vn -0.0533 0.0906 -0.9945
vn -0.2398 0.5985 -0.7644
vn -0.1551 0.6115 -0.7759
vn -0.4965 0.3118 -0.8101
vn -0.3516 0.3421 -0.8714
vn -0.4862 0.2217 -0.8452
vn 0.8282 -0.3191 -0.4606
vn 0.6758 -0.4404 -0.5911
vn 0.6983 -0.6376 -0.3255
vn 0.5359 -0.6415 -0.5489
vn 0.3713 -0.5575 -0.7425
vn 0.5610 -0.6549 -0.5063
vn 0.8298 -0.4063 -0.3826
vn 0.7935 -0.2686 -0.5460
vn 0.7265 -0.4389 -0.5287
vn 0.5464 -0.4207 -0.7242
vn 0.8305 0.4317 -0.3519
vn 0.8232 0.4430 -0.3550
vn 0.6086 0.6452 -0.4619
vn 0.7544 0.5010 -0.4241
vn 0.7879 0.4624 -0.4068
vn 0.7093 0.5431 -0.4494
vn 0.7932 0.4348 -0.4263
vn 0.6877 0.5143 -0.5124
vn 0.6558 0.6474 -0.3883
vn 0.8200 0.4661 -0.3322
vn 0.8344 0.4626 -0.2995
vn 0.1846 0.8159 -0.5480
vn 0.2960 0.8077 -0.5099
vn 0.2847 0.7678 -0.5739
vn 0.3355 0.7123 -0.6165
vn 0.4235 0.6826 -0.5956
vn 0.1443 0.8294 -0.5398
vn 0.0858 0.8617 -0.5002
vn 0.0998 0.7879 -0.6076
vn 0.0844 0.8882 -0.4516
vn 0.0854 0.8876 -0.4526
vn 0.2806 0.8288 -0.4842
vn 0.2196 0.8665 -0.4483
vn -0.5838 0.2369 -0.7766
vn -0.6509 0.0947 -0.7532
vn -0.6405 0.0930 -0.7623
vn -0.5542 -0.0016 -0.8324
vn -0.4074 -0.1125 -0.9063
vn -0.7236 0.2521 -0.6425
vn -0.6033 0.0651 -0.7949
vn -0.7478 0.2613 -0.6104
vn -0.4574 0.0976 -0.8839
vn 0.6451 0.5929 -0.4820
vn 0.6821 0.5475 -0.4847
vn 0.6070 0.6065 -0.5136
vn 0.5819 0.6768 -0.4510
vn 0.5319 0.7161 -0.4520
vn 0.6171 0.6406 -0.4571
vn 0.5754 0.6645 -0.4768
vn 0.6292 0.5997 -0.4944
vn 0.5351 0.6675 -0.5178
vn 0.5102 0.6903 -0.5130
vn 0.5418 0.6981 -0.4682
vn 0.4855 0.7490 -0.4510
vn 0.5806 0.6754 -0.4547
vn 0.5573 0.6363 -0.5335
vn -0.6449 0.5278 -0.5527
vn 0.1665 0.8041 -0.5707
vn -0.6003 0.6350 -0.4862
vn -0.4274 0.7304 -0.5328
vn -0.1606 0.8077 -0.5673
vn 0.3278 0.7044 -0.6296
vn -0.6046 0.5485 -0.5775
vn -0.2521 0.5430 -0.8010
vn 0.3235 0.6678 -0.6704
vn -0.8305 0.3754 -0.4115
vn -0.6866 0.4428 -0.5766
vn -0.6975 0.3324 -0.6348
vn 0.3155 -0.5698 -0.7588
vn 0.5524 -0.6307 -0.5450
vn 0.7485 -0.6420 -0.1660
vn -0.3215 -0.7844 0.5304
vn -0.3081 -0.7557 0.5779
vn -0.2732 -0.8637 0.4236
vn -0.2088 -0.8377 0.5046
vn -0.2715 -0.8515 0.4486
vn -0.1513 -0.7727 0.6164
vn -0.1188 -0.8557 0.5036
vn -0.0806 -0.8144 0.5747
vn -0.0684 -0.7566 0.6502
vn -0.0984 -0.9093 0.4044
vn -0.3997 -0.7959 0.4548
vn -0.4465 -0.7655 0.4633
vn -0.4439 -0.7304 0.5191
vn -0.4400 -0.7002 0.5623
vn -0.3378 -0.7226 0.6031
vn -0.4129 -0.9097 0.0440
vn -0.4574 -0.8130 0.3604
vn -0.3019 -0.8721 0.3851
vn -0.0762 -0.9711 0.2260
vn -0.3209 -0.9329 0.1636
vn -0.2110 -0.9674 0.1400
vn -0.2088 -0.9776 -0.0267
vn -0.3261 -0.9450 -0.0268
vn -0.3761 -0.1414 -0.9157
vn -0.4029 -0.0456 -0.9141
vn -0.2999 -0.2093 -0.9307
vn -0.2677 -0.2122 -0.9398
vn -0.1322 -0.3218 -0.9375
vn 0.2300 -0.5294 -0.8166
vn -0.1682 -0.0915 -0.9815
vn -0.6288 0.1155 -0.7690
vn -0.6970 0.1858 -0.6925
vn -0.7113 0.2360 -0.6620
vn -0.7541 0.2852 -0.5916
vn -0.5794 0.0668 -0.8123
vn -0.5452 0.0216 -0.8380
vn 0.1004 -0.9041 0.4153
vn 0.1605 -0.9252 0.3439
vn 0.1114 -0.8256 0.5532
vn 0.1236 -0.8849 0.4491
vn -0.2661 -0.8294 0.4912
vn -0.1367 -0.8379 0.5285
vn -0.2947 -0.7627 0.5757
vn 0.0114 -0.8366 0.5477
vn -0.0425 -0.8203 0.5704
vn -0.0515 -0.7799 0.6238
vn -0.1131 -0.9596 0.2576
vn -0.1678 -0.9739 0.1530
vn -0.1046 -0.9200 0.3776
vn -0.2849 -0.9457 0.1567
vn -0.2443 -0.9074 0.3419
vn -0.4361 -0.8829 0.1742
vn -0.4810 -0.8763 0.0277
vn -0.4634 -0.8220 0.3312
vn -0.5953 -0.8001 -0.0739
vn 0.0158 -0.9138 0.4059
vn -0.0113 -0.9670 0.2545
vn 0.1085 -0.9763 0.1871
vn -0.1096 -0.9852 0.1319
vn -0.5921 -0.5460 0.5927
vn 0.0555 -0.9946 0.0882
vn -0.6623 -0.6290 0.4071
vn -0.6133 -0.5487 0.5681
vn -0.5500 -0.5124 0.6595
vn -0.6138 -0.5975 0.5160
vn -0.6097 -0.6265 0.4855
vn -0.6372 -0.6466 0.4193
vn -0.6820 -0.5754 0.4514
vn -0.7368 -0.5611 0.3774
vn -0.8412 -0.4432 0.3098
vn -0.7947 -0.4159 0.4422
vn -0.7771 -0.4829 0.4036
vn -0.6932 -0.5189 0.5002
vn -0.6465 -0.5257 0.5528
vn -0.7794 -0.3620 0.5114
vn -0.6602 -0.4594 0.5943
vn -0.5906 -0.4827 0.6467
vn -0.7207 -0.3650 0.5894
vn -0.7017 -0.6960 0.1522
vn -0.7742 -0.5573 0.2999
vn -0.7857 -0.5979 0.1585
vn -0.8355 -0.5051 0.2164
vn -0.8573 -0.4740 0.2010
vn -0.8783 -0.4088 0.2481
vn -0.8824 -0.4680 0.0489
vn -0.6272 -0.6850 0.3708
vn -0.6749 -0.6812 0.2837
vn -0.5950 -0.7589 0.2645
vn -0.6359 -0.7389 0.2230
vn -0.6140 -0.7579 0.2204
vn -0.5667 -0.8145 0.1243
vn -0.9934 0.0815 -0.0812
vn -0.9937 -0.0768 0.0822
vn -0.9831 -0.1147 0.1425
vn -0.9819 -0.1658 0.0919
vn -0.9334 -0.2611 0.2460
vn -0.8438 -0.3630 0.3952
vn -0.8965 0.3225 -0.3038
vn -0.9176 0.2565 -0.3038
vn -0.9476 0.0774 -0.3098
vn -0.8772 0.3013 -0.3740
vn -0.8542 0.1431 -0.4999
vn -0.8328 0.2624 -0.4874
vn -0.9343 -0.3185 0.1600
vn -0.9920 -0.1207 -0.0374
vn -0.8977 -0.4199 0.1334
vn -0.9354 -0.3410 0.0932
vn -0.9685 -0.0139 -0.2488
vn -0.9748 -0.1851 -0.1243
vn 0.2633 0.8108 -0.5227
vn -0.9365 -0.3005 -0.1805
vn 0.4153 0.7323 -0.5397
vn 0.4648 0.6713 -0.5773
vn 0.5004 0.7035 -0.5047
vn 0.2384 0.8248 -0.5127
vn 0.1888 0.8286 -0.5270
vn 0.1747 0.8125 -0.5562
vn 0.2068 0.7943 -0.5712
vn 0.2072 0.8407 -0.5002
vn 0.3766 0.7969 -0.4723
vn 0.3156 0.8162 -0.4839
vn 0.4360 0.7392 -0.5132
vn 0.3322 0.7620 -0.5559
vn 0.2527 0.7862 -0.5640
vn 0.9450 -0.3054 0.1167
vn 0.9447 -0.2960 0.1415
vn 0.8428 -0.4698 0.2627
vn 0.6155 -0.6036 -0.5067
vn 0.4621 -0.6823 -0.5666
vn 0.6023 -0.6537 -0.4581
vn 0.6838 -0.6762 -0.2743
vn 0.8451 -0.5214 0.1184
vn 0.9113 -0.4056 -0.0704
vn 0.7912 -0.5592 -0.2474
vn -0.7106 0.2183 -0.6688
vn -0.6806 0.3756 -0.6290
vn -0.6171 0.3052 -0.7253
vn -0.7053 0.2185 -0.6744
vn -0.6290 0.0886 -0.7723
vn 0.4309 0.7567 -0.4918
vn 0.4386 0.7139 -0.5459
vn 0.4721 0.7268 -0.4988
vn 0.5233 0.7206 -0.4548
vn 0.5107 0.6441 -0.5695
vn 0.5142 0.6733 -0.5312
vn 0.7266 0.5140 -0.4559
vn 0.4244 0.7784 -0.4626
vn 0.4345 0.7288 -0.5292
vn -0.7755 0.3175 -0.5457
vn -0.7970 0.3940 -0.4577
vn -0.7757 0.4487 -0.4437
vn -0.7128 0.1088 -0.6929
vn -0.7741 0.2623 -0.5762
vn -0.3974 0.4580 -0.7952
vn -0.4749 0.5566 -0.6817
vn -0.5846 0.5734 -0.5740
vn -0.4711 0.1729 -0.8650
vn -0.1855 -0.0706 -0.9801
vn -0.6187 0.0165 -0.7854
vn -0.5443 -0.0553 -0.8371
vn -0.4763 -0.2051 -0.8550
vn -0.0604 0.5364 -0.8418
vn -0.4651 0.5284 -0.7103
vn -0.2060 0.3114 -0.9277
vn -0.3778 0.4614 -0.8027
vn -0.6859 0.3728 -0.6250
vn -0.0896 0.6841 -0.7239
vn 0.2626 0.7022 -0.6618
vn 0.2265 0.6269 -0.7454
vn 0.4367 0.6386 -0.6336
vn 0.5240 0.6151 -0.5892
vn 0.2325 0.6249 -0.7453
vn 0.4097 0.5419 -0.7339
vn 0.1609 0.4456 -0.8806
vn 0.0845 0.6003 -0.7953
vn 0.3997 0.6815 -0.6130
vn 0.5318 0.6462 -0.5473
vn -0.3728 0.4637 -0.8038
vn 0.6523 -0.7374 -0.1751
vn 0.2387 -0.9323 0.2717
vn 0.4148 -0.9065 0.0792
vn 0.0662 -0.8861 0.4587
vn 0.0544 -0.8526 0.5198
vn 0.1710 -0.9051 0.3893
vn 0.3375 -0.9384 -0.0744
vn 0.0293 -0.7947 0.6062
vn 0.3678 -0.9070 -0.2054
vn 0.2863 -0.9168 -0.2784
vn 0.3524 -0.9259 -0.1361
vn 0.1590 -0.9617 -0.2235
vn 0.2232 -0.9643 0.1426
vn 0.2264 -0.9731 -0.0436
vn 0.1877 -0.9798 0.0683
vn -0.0240 -0.9917 0.1266
vn 0.0154 -0.9980 -0.0618
vn 0.6731 -0.7162 -0.1845
vn 0.5777 -0.8097 -0.1036
vn 0.5360 -0.7909 -0.2954
vn 0.5694 -0.6406 -0.5152
vn -0.9780 -0.1166 -0.1727
vn -0.9486 -0.2891 -0.1284
vn -0.9783 -0.1796 -0.1031
vn -0.9782 -0.1948 0.0714
vn -0.9162 -0.3973 -0.0528
vn -0.9423 -0.3333 0.0310
vn -0.9737 -0.2091 0.0906
vn -0.9526 -0.2334 0.1953
vn -0.9235 -0.3679 0.1084
vn -0.9138 0.0203 -0.4056
vn -0.9149 0.0975 -0.3917
vn -0.4992 -0.3667 -0.7851
vn -0.8518 -0.5230 -0.0294
vn -0.7190 -0.4819 -0.5007
vn -0.8003 -0.5337 -0.2733
vn 0.3255 0.6292 -0.7058
vn 0.1366 0.5862 -0.7986
vn -0.0758 0.7011 -0.7090
vn -0.3342 0.5841 -0.7397
vn 0.6645 0.5381 -0.5185
vn 0.3696 0.4746 -0.7988
vn 0.4317 0.5646 -0.7034
vn 0.4278 0.4859 -0.7622
vn 0.1514 0.4987 -0.8535
vn 0.6007 0.6042 -0.5235
vn -0.2369 0.2482 -0.9393
vn -0.0092 0.2563 -0.9666
vn 0.2066 0.2222 -0.9529
vn -0.1418 -0.0474 -0.9888
vn -0.0753 -0.0347 -0.9966
vn 0.7008 0.5220 -0.4863
vn 0.6732 0.5406 -0.5045
vn 0.7094 0.4815 -0.5148
vn 0.6518 0.5935 -0.4721
vn 0.6868 0.4905 -0.5363
vn 0.6457 0.5276 -0.5520
vn 0.6564 0.5423 -0.5245
vn 0.6789 0.5989 -0.4247
vn 0.6173 0.6588 -0.4300
vn 0.8974 -0.3784 0.2269
vn 0.9906 -0.1091 0.0829
vn 0.8435 -0.4847 0.2314
vn 0.9871 -0.1318 -0.0911
vn 0.7380 -0.5719 0.3582
vn 0.5625 -0.6616 0.4959
vn 0.5465 -0.6650 0.5090
vn 0.7264 -0.5491 0.4134
vn 0.5676 -0.6260 0.5347
vn 0.7033 -0.5230 0.4815
vn 0.7065 -0.6058 0.3658
vn 0.6742 -0.6324 0.3815
vn 0.5512 -0.6914 0.4670
vn 0.7788 -0.5539 0.2945
vn -0.8411 0.5385 -0.0514
vn -0.8587 0.5124 0.0046
vn -0.8265 0.5628 0.0099
vn -0.8604 0.4968 0.1137
vn -0.8924 0.4202 -0.1645
vn -0.8339 0.5186 -0.1887
vn -0.8510 0.4268 -0.3059
vn -0.9600 0.2799 0.0094
vn -0.9759 0.0706 0.2064
vn -0.9462 0.3101 -0.0929
vn -0.9885 0.1157 0.0972
vn -0.9734 -0.0685 0.2186
vn -0.9561 -0.0919 0.2781
vn -0.9094 0.4152 -0.0242
vn -0.8974 0.4408 -0.0184
vn -0.8932 0.4217 0.1563
vn -0.9082 0.3897 0.1529
vn -0.9628 0.1954 0.1864
vn -0.9454 0.1655 0.2808
vn -0.5944 0.7314 -0.3342
vn -0.3608 0.8710 -0.3336
vn -0.6527 0.6674 -0.3585
vn -0.8148 0.5390 -0.2137
vn -0.7977 0.5405 -0.2675
vn -0.8126 0.4767 -0.3353
vn -0.8138 0.5643 -0.1390
vn -0.7966 0.6039 -0.0267
vn 0.7382 0.4462 -0.5059
vn 0.7159 0.4901 -0.4973
vn 0.5747 0.5580 -0.5986
vn 0.6307 0.5273 -0.5694
vn 0.6885 0.5067 -0.5189
vn 0.5831 0.6134 -0.5327
vn 0.6275 0.5520 -0.5491
vn 0.6349 0.5558 -0.5367
vn 0.7063 0.4996 -0.5015
vn 0.4868 0.5923 -0.6421
vn 0.3782 0.6340 -0.6745
vn 0.3907 0.6443 -0.6574
vn 0.4244 0.6888 -0.5877
vn 0.4099 0.6484 -0.6415
vn 0.4471 0.6307 -0.6343
vn 0.5527 0.5857 -0.5929
vn 0.4444 0.6317 -0.6352
vn 0.5609 0.5901 -0.5806
vn 0.4733 0.6421 -0.6031
vn 0.4790 0.6715 -0.5654
vn 0.7832 0.3597 -0.5072
vn 0.7598 0.4267 -0.4905
vn 0.7587 0.3983 -0.5155
vn 0.7397 0.4400 -0.5091
vn 0.6876 0.4999 -0.5266
vn 0.8165 0.2808 -0.5044
vn 0.8114 0.3161 -0.4917
vn 0.7931 0.2593 -0.5511
vn 0.7262 0.4007 -0.5586
vn 0.7828 0.3209 -0.5331
vn 0.7364 0.3406 -0.5845
vn 0.7048 0.3835 -0.5968
vn 0.7481 0.3998 -0.5297
vn 0.7668 0.3862 -0.5128
vn 0.6097 0.5331 -0.5865
vn 0.7479 0.3959 -0.5328
vn 0.7261 0.4115 -0.5509
vn 0.7195 0.4467 -0.5318
vn 0.4225 0.6158 -0.6650
vn 0.4612 0.6027 -0.6512
vn 0.5463 0.5571 -0.6255
vn 0.1423 0.6865 -0.7131
vn 0.2233 0.6783 -0.7000
vn 0.2870 0.6732 -0.6816
vn 0.2816 0.6982 -0.6582
vn 0.1912 0.6931 -0.6951
vn 0.1268 0.6891 -0.7134
vn 0.3744 0.6461 -0.6651
vn 0.5602 0.5678 -0.6032
vn 0.3969 0.6633 -0.6344
vn 0.5456 0.6096 -0.5751
vn 0.0160 0.7191 -0.6947
vn -0.0056 0.7116 -0.7026
vn 0.0457 0.7153 -0.6973
vn 0.0297 0.7420 -0.6698
vn 0.0867 0.7672 -0.6355
vn 0.2139 0.7924 -0.5712
vn 0.0861 0.7453 -0.6611
vn 0.2440 0.7790 -0.5776
vn 0.2122 0.7915 -0.5732
vn 0.4182 0.7813 -0.4633
vn -0.0612 0.7087 -0.7028
vn -0.0093 0.6961 -0.7178
vn -0.0967 0.6975 -0.7101
vn 0.0205 0.6878 -0.7256
vn 0.7178 0.4661 -0.5173
vn 0.7175 0.4572 -0.5255
vn 0.6984 0.4731 -0.5371
vn 0.7181 0.4508 -0.5302
vn 0.7077 0.4705 -0.5271
vn 0.7179 0.4521 -0.5293
vn 0.7096 0.4509 -0.5414
vn 0.6783 0.4648 -0.5692
vn 0.5799 0.5463 -0.6045
vn 0.6464 0.5022 -0.5745
vn 0.6507 0.5146 -0.5584
vn 0.6948 0.4604 -0.5525
vn 0.7007 0.4527 -0.5514
vn 0.5986 0.5025 -0.6238
vn 0.5122 0.5574 -0.6534
vn 0.4175 0.6067 -0.6765
vn 0.6093 0.5090 -0.6079
vn 0.5659 0.5511 -0.6132
vn 0.5856 0.5612 -0.5849
vn 0.5645 0.5822 -0.5852
vn 0.6857 0.4451 -0.5759
vn 0.7426 0.4100 -0.5296
vn 0.1351 0.7183 -0.6825
vn 0.7609 0.4162 -0.4977
vn -0.0235 0.7783 -0.6275
vn -0.0263 0.7510 -0.6598
vn 0.0231 0.7417 -0.6704
vn 0.0584 0.7487 -0.6603
vn 0.0053 0.7630 -0.6464
vn 0.0852 0.7845 -0.6143
vn 0.0105 0.7913 -0.6113
vn -0.0651 0.7624 -0.6439
vn 0.1960 0.7151 -0.6710
vn 0.0808 0.7563 -0.6493
vn 0.1753 0.7338 -0.6564
vn 0.4385 0.6405 -0.6305
vn 0.0062 0.7774 -0.6290
vn -0.0208 0.7717 -0.6356
vn -0.0197 0.7724 -0.6348
vn 0.0064 0.7644 -0.6447
vn 0.0078 0.7910 -0.6118
vn -0.0234 0.7928 -0.6091
vn 0.0169 0.7956 -0.6056
vn 0.0529 0.8041 -0.5922
vn 0.0181 0.7895 -0.6135
vn -0.0871 0.7929 -0.6031
vn -0.0506 0.7821 -0.6212
vn -0.0656 0.7706 -0.6339
vn 0.4816 0.7003 -0.5269
vn 0.5992 0.4897 -0.6333
vn 0.5983 0.5157 -0.6133
vn 0.6240 0.4976 -0.6025
vn 0.5472 0.5261 -0.6510
vn 0.5760 0.5249 -0.6266
vn 0.4452 0.5533 -0.7040
vn 0.4974 0.5447 -0.6752
vn 0.3435 0.5829 -0.7364
vn 0.5004 0.5522 -0.6669
vn 0.6358 0.4602 -0.6196
vn 0.6450 0.4932 -0.5837
vn 0.6588 0.5234 -0.5404
vn 0.5668 0.5542 -0.6096
vn 0.5763 0.5691 -0.5866
vn 0.4827 0.5869 -0.6500
vn 0.6718 0.4121 -0.6155
vn 0.6319 0.4647 -0.6203
vn 0.6887 0.4342 -0.5807
vn 0.6286 0.4988 -0.5967
vn 0.6325 0.4932 -0.5973
vn 0.3591 0.6474 -0.6722
vn 0.1763 0.7787 -0.6021
vn 0.2397 0.7395 -0.6290
vn 0.1454 0.7816 -0.6066
vn 0.1441 0.7831 -0.6049
vn 0.2338 0.7189 -0.6547
vn 0.3681 0.6609 -0.6540
vn 0.2792 0.7133 -0.6428
vn 0.2058 0.7517 -0.6266
vn 0.4196 0.6700 -0.6124
vn 0.4591 0.6651 -0.5889
vn 0.1486 0.7643 -0.6275
vn 0.1466 0.7610 -0.6320
vn 0.2034 0.7475 -0.6324
vn 0.5034 0.6519 -0.5671
vn 0.4708 0.6826 -0.5589
vn 0.6126 0.5501 -0.5676
vn 0.6716 0.5103 -0.5371
vn 0.0547 0.7929 -0.6069
vn -0.4438 0.7554 -0.4821
vn -0.2957 0.7516 -0.5897
vn -0.0909 0.7627 -0.6403
vn -0.4162 0.6942 -0.5873
vn 0.4353 0.6329 -0.6403
vn 0.1126 0.8070 -0.5797
vn 0.2195 0.8372 -0.5009
vn -0.2015 0.8672 -0.4554
vn -0.4101 0.8004 -0.4372
vn 0.8801 0.2738 -0.3880
vn 0.7570 0.4567 -0.4673
vn 0.8821 0.3429 -0.3229
vn 0.9823 0.1154 -0.1474
vn 0.8896 0.2664 -0.3709
vn 0.7425 0.4989 -0.4469
vn 0.9861 0.0135 -0.1654
vn 0.9377 0.2276 -0.2624
vn 0.6807 0.4977 -0.5375
vn 0.4426 0.6580 -0.6092
vn 0.2480 0.7318 -0.6347
vn 0.5976 0.5947 -0.5378
vn 0.5050 0.6482 -0.5700
vn 0.2397 0.7623 -0.6012
vn -0.8713 -0.1830 0.4554
vn -0.8946 -0.1174 0.4312
vn -0.9173 -0.1503 0.3687
vn -0.9214 -0.2126 0.3252
vn -0.8676 -0.1372 0.4779
vn -0.8598 -0.1244 0.4953
vn -0.8812 -0.1071 0.4605
vn -0.8443 -0.2745 0.4602
vn -0.9155 0.0720 0.3959
vn -0.8994 0.0748 0.4306
vn -0.9169 0.1209 0.3803
vn -0.9265 0.2299 0.2980
vn -0.8536 -0.3235 0.4082
vn -0.8607 -0.2772 0.4270
vn -0.8895 -0.2225 0.3990
vn -0.9000 -0.2488 0.3578
vn -0.6432 -0.4873 0.5906
vn -0.8276 -0.3212 0.4603
vn -0.7265 -0.4459 0.5228
vn -0.8275 -0.3485 0.4403
vn -0.8078 -0.3903 0.4418
vn -0.7017 -0.4816 0.5251
vn -0.8171 -0.1519 0.5561
vn -0.8206 -0.2764 0.5002
vn -0.8178 -0.2390 0.5235
vn -0.6968 -0.3461 0.6283
vn -0.6699 -0.3202 0.6699
vn -0.6112 -0.4990 0.6143
vn -0.5747 -0.4810 0.6621
vn -0.8770 -0.1352 0.4611
vn -0.3094 -0.6070 0.7320
vn -0.3876 -0.6534 0.6502
vn -0.4036 -0.6181 0.6746
vn -0.4588 -0.6327 0.6239
vn -0.4454 -0.5846 0.6781
vn -0.4991 -0.5815 0.6424
vn -0.4880 -0.6150 0.6193
vn -0.6051 -0.5307 0.5935
vn -0.6087 -0.5388 0.5824
vn -0.2453 -0.5561 0.7941
vn -0.2635 -0.6007 0.7548
vn -0.1880 -0.5811 0.7918
vn -0.2793 -0.6978 0.6596
vn -0.1424 -0.5512 0.8222
vn -0.1272 -0.5126 0.8492
vn -0.1860 -0.5445 0.8179
vn -0.3162 -0.5849 0.7470
vn -0.2228 -0.4960 0.8393
vn -0.4422 -0.4290 0.7876
vn -0.8272 -0.1746 0.5341
vn -0.8673 -0.2134 0.4496
vn -0.8164 -0.2312 0.5293
vn -0.7906 -0.2801 0.5445
vn -0.8200 -0.3101 0.4811
vn -0.8685 -0.1514 0.4721
vn -0.8709 -0.1634 0.4635
vn -0.8613 -0.2467 0.4441
vn -0.8119 -0.1279 0.5697
vn -0.8313 -0.0848 0.5494
vn -0.8375 -0.1186 0.5334
vn -0.7866 -0.2055 0.5823
vn -0.6978 -0.3189 0.6414
vn -0.7327 -0.2389 0.6373
vn -0.6649 -0.3556 0.6569
vn -0.7211 -0.2387 0.6505
vn -0.6587 -0.3027 0.6888
vn -0.7237 -0.4229 0.5454
vn -0.7584 -0.3410 0.5554
vn -0.7982 -0.2459 0.5500
vn -0.7916 -0.3335 0.5120
vn -0.8158 -0.2577 0.5177
vn -0.8249 -0.1820 0.5352
vn -0.6882 -0.4302 0.5842
vn -0.6409 -0.4737 0.6040
vn -0.6561 -0.4956 0.5692
vn -0.7386 -0.3088 0.5992
vn -0.7389 -0.2678 0.6183
vn -0.6353 -0.4680 0.6143
vn -0.6767 -0.3951 0.6212
vn -0.5535 -0.5204 0.6503
vn -0.5494 -0.4585 0.6985
vn -0.7899 -0.2576 0.5565
vn -0.2478 -0.6886 0.6815
vn -0.3214 -0.6672 0.6720
vn -0.3612 -0.6890 0.6283
vn -0.3987 -0.6284 0.6680
vn -0.3801 -0.6489 0.6591
vn -0.4397 -0.6351 0.6351
vn -0.1200 -0.7006 0.7034
vn -0.2471 -0.7014 0.6686
vn -0.1811 -0.7180 0.6721
vn -0.0171 -0.7196 0.6941
vn 0.0386 -0.6108 0.7909
vn -0.0133 -0.6693 0.7429
vn 0.0741 -0.6273 0.7753
vn 0.0748 -0.6500 0.7563
vn -0.1418 -0.6670 0.7314
vn -0.4235 -0.5745 0.7004
vn -0.1622 -0.6105 0.7752
vn 0.1358 -0.7037 0.6974
vn 0.1200 -0.6709 0.7318
vn 0.0665 -0.7138 0.6972
vn -0.1758 -0.7944 0.5814
vn 0.0558 -0.6974 0.7145
vn 0.0482 -0.6701 0.7407
vn 0.0602 -0.6940 0.7175
vn 0.0218 -0.6868 0.7265
vn -0.0295 -0.6589 0.7516
vn -0.0618 -0.6755 0.7348
vn -0.0820 -0.6426 0.7618
vn -0.0821 -0.6426 0.7618
vn -0.1977 -0.6499 0.7339
vn -0.1241 -0.5876 0.7996
vn 0.1152 -0.6603 0.7421
vn 0.1159 -0.6438 0.7564
vn 0.1401 -0.6090 0.7807
vn 0.0737 -0.6352 0.7688
vn -0.6041 -0.4973 0.6227
vn -0.6376 -0.4947 0.5905
vn -0.6705 -0.5067 0.5419
vn -0.5667 -0.5572 0.6069
vn -0.6168 -0.6437 0.4530
vn -0.5706 -0.5553 0.6050
vn -0.6012 -0.5962 0.5321
vn -0.4961 -0.6327 0.5946
vn -0.4770 -0.6380 0.6045
vn -0.5198 -0.6886 0.5056
vn -0.6785 -0.4291 0.5962
vn -0.3815 -0.7199 0.5799
vn -0.7427 -0.3699 0.5581
vn -0.7127 -0.4578 0.5315
vn -0.6444 -0.4378 0.6270
vn -0.7065 -0.4051 0.5803
vn -0.6586 -0.3792 0.6500
vn -0.6025 -0.4981 0.6236
vn -0.5185 -0.5270 0.6733
vn -0.6216 -0.4383 0.6493
vn -0.3709 -0.5892 0.7178
vn -0.4892 -0.5289 0.6935
vn -0.3209 -0.6065 0.7274
vn -0.5421 -0.4470 0.7116
vn -0.2837 -0.5366 0.7947
vn -0.7487 -0.3682 0.5512
vn -0.7783 -0.3207 0.5398
vn -0.8369 -0.3367 0.4315
vn -0.4243 -0.6276 0.6528
vn -0.5558 -0.5515 0.6220
vn -0.6682 -0.4680 0.5784
vn -0.7432 -0.4128 0.5265
vn -0.6832 -0.4859 0.5452
vn -0.7021 -0.3861 0.5983
vn -0.6767 -0.3527 0.6463
vn -0.6677 -0.4431 0.5982
vn -0.5829 -0.4737 0.6602
vn -0.5321 -0.4343 0.7268
vn -0.5580 -0.5282 0.6400
vn -0.4275 -0.5472 0.7196
vn -0.4225 -0.6029 0.6767
vn 0.0687 -0.7617 0.6443
vn -0.1831 -0.7204 0.6690
vn -0.1108 -0.7610 0.6392
vn -0.2343 -0.7197 0.6536
vn -0.3904 -0.6478 0.6542
vn -0.3821 -0.6633 0.6435
vn 0.0757 -0.7642 0.6405
vn 0.1596 -0.7617 0.6279
vn 0.1423 -0.7901 0.5962
vn 0.0758 -0.7970 0.5992
vn 0.1913 -0.7169 0.6704
vn 0.1736 -0.7422 0.6473
vn -0.2945 -0.6821 0.6694
vn 0.0537 -0.7483 0.6612
vn 0.0743 -0.7329 0.6763
vn -0.1210 -0.7118 0.6919
vn -0.2505 -0.6669 0.7018
vn -0.3290 -0.6467 0.6881
vn -0.2535 -0.6329 0.7316
vn 0.0778 -0.6791 0.7299
vn 0.0413 -0.7742 0.6316
vn 0.1199 -0.7665 0.6309
vn -0.0488 -0.7696 0.6367
vn -0.1073 -0.7829 0.6128
vn -0.2259 -0.7814 0.5817
vn -0.2241 -0.7815 0.5822
vn -0.4904 -0.6233 0.6091
vn -0.3941 -0.7369 0.5492
vn 0.0115 -0.7242 0.6895
vn -0.0941 -0.7358 0.6707
vn 0.0246 -0.6905 0.7229
vn -0.1247 -0.7298 0.6722
vn -0.0845 -0.6982 0.7109
vn -0.0644 -0.6963 0.7149
vn -0.1451 -0.6758 0.7226
vn 0.0583 -0.7540 0.6543
vn 0.1313 -0.7471 0.6516
vn 0.0874 -0.7315 0.6762
vn 0.1496 -0.7204 0.6773
vn -0.6136 -0.3274 0.7185
vn -0.7131 -0.2673 0.6481
vn -0.6315 -0.3471 0.6934
vn -0.5700 -0.3834 0.7267
vn -0.6703 -0.3761 0.6397
vn -0.6366 -0.4379 0.6348
vn -0.4960 -0.5860 0.6408
vn -0.6363 -0.2025 0.7444
vn -0.6408 -0.2104 0.7383
vn -0.6446 -0.2361 0.7271
vn -0.6775 -0.2154 0.7033
vn -0.7246 -0.2071 0.6573
vn -0.7378 -0.2692 0.6191
vn -0.4849 -0.3624 0.7959
vn -0.4185 -0.3590 0.8343
vn -0.5470 -0.2875 0.7862
vn -0.4971 -0.2910 0.8175
vn -0.6026 -0.2214 0.7667
vn -0.5883 -0.2177 0.7788
vn -0.5001 -0.3887 0.7738
vn -0.4706 -0.4263 0.7725
vn -0.4425 -0.4595 0.7701
vn -0.3583 -0.5182 0.7766
vn -0.4869 -0.3682 0.7920
vn -0.3333 -0.5209 0.7858
vn -0.5453 -0.3307 0.7702
vn -0.5928 -0.4189 0.6878
vn -0.6563 -0.3814 0.6510
vn -0.6105 -0.2639 0.7468
vn -0.6467 -0.2677 0.7142
vn -0.6702 -0.2540 0.6974
vn -0.7213 -0.2869 0.6305
vn -0.3976 -0.4914 0.7749
vn -0.2835 -0.5837 0.7609
vn -0.3959 -0.5391 0.7434
vn -0.4840 -0.5187 0.7048
vn -0.4464 -0.5567 0.7005
vn -0.4303 -0.4089 0.8048
vn -0.4077 -0.3628 0.8379
vn -0.3576 -0.4986 0.7896
vn -0.2496 -0.5230 0.8150
vn -0.2528 -0.4935 0.8322
vn -0.5423 -0.2994 0.7850
vn -0.5311 -0.2882 0.7968
vn -0.5669 -0.2267 0.7920
vn -0.5462 -0.2234 0.8073
vn -0.5160 -0.2406 0.8221
vn 0.0358 -0.6986 0.7146
vn -0.0180 -0.6967 0.7172
vn -0.0244 -0.7153 0.6983
vn -0.0847 -0.7181 0.6908
vn -0.1443 -0.6450 0.7504
vn -0.1309 -0.6894 0.7124
vn -0.1926 -0.6341 0.7489
vn -0.2030 -0.6544 0.7284
vn 0.0644 -0.7116 0.6996
vn 0.1454 -0.7294 0.6685
vn 0.0890 -0.7395 0.6672
vn 0.0621 -0.6721 0.7378
vn -0.0735 -0.6534 0.7534
vn 0.0949 -0.6469 0.7566
vn 0.0314 -0.6798 0.7328
vn -0.1695 -0.6041 0.7787
vn -0.0276 -0.6579 0.7526
vn -0.2420 -0.4930 0.8357
vn 0.1851 -0.7177 0.6713
vn 0.2679 -0.7328 0.6255
vn 0.3332 -0.7317 0.5946
vn 0.1885 -0.7411 0.6444
vn 0.2522 -0.6991 0.6690
vn 0.3780 -0.6476 0.6616
vn 0.4050 -0.7011 0.5869
vn 0.5073 -0.6340 0.5837
vn 0.1780 -0.6867 0.7048
vn 0.1074 -0.6358 0.7644
vn 0.1874 -0.1052 -0.9766
vn 0.3464 0.2766 -0.8964
vn 0.4410 0.6855 -0.5793
vn 0.4243 0.5586 -0.7127
vn 0.4908 0.6586 -0.5704
vn 0.6146 0.0778 -0.7850
vn 0.6786 0.2079 -0.7044
vn 0.6153 0.4279 -0.6620
vn 0.5495 0.5100 -0.6617
vn 0.4504 0.7129 -0.5375
vn 0.4939 0.6963 -0.5208
vn 0.2386 -0.2376 -0.9416
vn 0.4257 -0.3315 -0.8419
vn 0.0034 -0.3142 -0.9494
vn -0.1566 -0.3377 -0.9282
vn -0.3289 -0.2178 -0.9189
vn -0.4757 -0.0754 -0.8764
vn -0.2319 -0.0870 -0.9688
vn -0.3548 0.0407 -0.9341
vn 0.3471 -0.4715 -0.8107
vn 0.1757 -0.3684 -0.9129
vn 0.3563 -0.5723 -0.7386
vn 0.1732 -0.5052 -0.8455
vn 0.4415 -0.6156 -0.6528
vn 0.0313 -0.4692 -0.8825
vn 0.0762 -0.4273 -0.9009
vn 0.0483 -0.0033 -0.9988
vn -0.0380 0.0729 -0.9966
vn -0.1739 0.1826 -0.9677
vn 0.3481 0.2225 -0.9107
vn 0.4980 0.5425 -0.6765
vn 0.2714 0.3757 -0.8861
vn 0.3723 0.1626 -0.9138
vn 0.2695 0.5497 -0.7907
vn 0.5078 0.3545 -0.7852
vn 0.5614 0.5710 -0.5990
vn 0.5403 0.5530 -0.6342
vn 0.2366 0.0241 -0.9713
vn 0.4287 0.2184 -0.8767
vn 0.1658 -0.1711 -0.9712
vn -0.0109 -0.7758 -0.6308
vn 0.1000 -0.7766 -0.6220
vn 0.0512 -0.9320 -0.3588
vn -0.1599 -0.7528 -0.6386
vn -0.2499 -0.7238 -0.6432
vn -0.2034 -0.8601 -0.4678
vn -0.2744 -0.8363 -0.4747
vn -0.3470 -0.8900 -0.2959
vn -0.3987 -0.9058 -0.1438
vn -0.4662 -0.8788 -0.1016
vn 0.4289 -0.7646 -0.4810
vn 0.0754 -0.5948 -0.8004
vn 0.2523 -0.6377 -0.7278
vn 0.3924 -0.6887 -0.6097
vn 0.1190 -0.5160 -0.8483
vn -0.4441 -0.5712 -0.6903
vn -0.5850 -0.3852 -0.7137
vn -0.7282 -0.3345 -0.5982
vn -0.5363 -0.6094 -0.5840
vn -0.6538 -0.4617 -0.5995
vn -0.6201 -0.6579 -0.4274
vn -0.6339 -0.7104 -0.3059
vn -0.6242 -0.7094 -0.3272
vn -0.7826 -0.5348 -0.3187
vn -0.7564 -0.6230 -0.1992
vn -0.5860 -0.1817 -0.7897
vn -0.1552 -0.5859 -0.7954
vn -0.1589 -0.4906 -0.8568
vn -0.4556 -0.7203 -0.5230
vn -0.5024 -0.7703 -0.3927
vn -0.4642 -0.8439 -0.2689
vn -0.3257 -0.7529 -0.5720
vn -0.6676 -0.5562 0.4949
vn -0.6604 -0.5217 0.5402
vn -0.6241 -0.5587 0.5462
vn -0.6373 -0.6500 0.4141
vn -0.5640 -0.6114 0.5551
vn -0.5349 -0.6058 0.5890
vn -0.7134 -0.5913 0.3760
vn -0.8779 -0.3985 0.2656
vn -0.7790 -0.4938 0.3866
vn -0.7067 -0.5436 0.4528
vn -0.8289 -0.4065 0.3843
vn -0.7674 -0.4607 0.4460
vn -0.7280 -0.4480 0.5189
vn -0.7627 -0.4146 0.4964
vn -0.6928 -0.7023 0.1637
vn -0.7359 -0.6712 0.0890
vn -0.7031 -0.7047 -0.0956
vn -0.7657 -0.5889 0.2585
vn -0.8066 -0.5801 0.1137
vn -0.7789 -0.6227 -0.0742
vn -0.8304 -0.5156 0.2110
vn -0.8488 -0.5267 -0.0460
vn -0.8819 -0.4661 0.0700
vn -0.6802 -0.6635 0.3116
vn -0.6305 -0.7159 0.2999
vn -0.6333 -0.7445 0.2111
vn -0.6433 -0.7599 0.0929
vn -0.5957 -0.7892 0.1496
vn -0.6296 -0.7759 0.0398
vn 0.4194 0.6979 -0.5805
vn 0.4930 0.7178 -0.4916
vn 0.5744 0.6598 -0.4845
vn 0.4694 0.7100 -0.5249
vn 0.4247 0.7439 -0.5161
vn 0.3715 0.7242 -0.5809
vn 0.2989 0.7044 -0.6439
vn 0.4470 0.7697 -0.4558
vn 0.4851 0.7471 -0.4545
vn 0.4914 0.7450 -0.4511
vn 0.4626 0.4892 -0.7394
vn 0.6425 0.4904 -0.5888
vn 0.2340 0.5817 -0.7790
vn 0.6348 0.5835 -0.5065
vn 0.4044 0.6289 -0.6640
vn 0.4653 0.7046 -0.5358
vn 0.5937 0.0748 -0.8012
vn 0.8715 0.0242 -0.4897
vn 0.2905 0.3186 -0.9022
vn 0.3783 -0.4925 -0.7838
vn 0.8737 -0.2631 -0.4091
vn 0.8347 -0.4075 -0.3704
vn 0.7291 0.1242 -0.6730
vn 0.4696 -0.6217 -0.6269
vn 0.6545 -0.6533 -0.3806
vn 0.5314 0.0811 -0.8432
vn 0.5114 0.4965 -0.7014
vn 0.5059 0.3188 -0.8015
vn 0.4041 -0.0680 -0.9122
vn 0.4575 0.6262 -0.6313
vn 0.4643 0.4652 -0.7536
vn 0.4320 0.2214 -0.8743
vn 0.7786 0.0148 -0.6274
vn 0.8796 -0.1273 -0.4584
vn 0.6603 0.2373 -0.7125
vn 0.5291 0.5285 -0.6639
vn 0.6546 0.4600 -0.5999
vn 0.4479 -0.4181 -0.7903
vn 0.5423 -0.4805 -0.6892
vn 0.6425 -0.5131 -0.5692
vn 0.7777 -0.4507 -0.4382
vn 0.1472 -0.4704 -0.8701
vn 0.1878 -0.4219 -0.8870
vn 0.0742 -0.4112 -0.9085
vn 0.0684 -0.4453 -0.8927
vn -0.0653 -0.4116 -0.9090
vn 0.5325 -0.6356 -0.5590
vn 0.6842 -0.6533 -0.3242
vn 0.4197 -0.5898 -0.6899
vn 0.4880 -0.6353 -0.5985
vn 0.5773 -0.6586 -0.4827
vn 0.6380 -0.6452 -0.4203
vn 0.2278 -0.5513 -0.8026
vn 0.1576 -0.4994 -0.8519
vn 0.2255 -0.4927 -0.8405
vn 0.3268 -0.5532 -0.7663
vn 0.2877 -0.4789 -0.8294
vn 0.2995 -0.0525 -0.9526
vn 0.2480 0.2058 -0.9467
vn 0.1242 -0.1042 -0.9868
vn 0.0849 -0.2015 -0.9758
vn 0.3374 0.1488 -0.9295
vn 0.5168 0.5516 -0.6547
vn 0.3955 0.0452 -0.9174
vn 0.4707 0.2851 -0.8350
vn 0.5082 0.4235 -0.7499
vn 0.2905 -0.2234 -0.9304
vn -0.4577 -0.7894 -0.4091
vn -0.5632 -0.7901 -0.2420
vn -0.3991 -0.8580 -0.3233
vn -0.4025 -0.6901 -0.6015
vn -0.5431 -0.6923 -0.4751
vn -0.6070 -0.5922 -0.5300
vn -0.6722 -0.7011 -0.2378
vn -0.7523 -0.6098 -0.2495
vn -0.2531 -0.5384 -0.8038
vn -0.4887 -0.4758 -0.7313
vn -0.2135 -0.7219 -0.6582
vn -0.1336 -0.7928 -0.5946
vn 0.0017 -0.5941 -0.8044
vn -0.0335 -0.5489 -0.8352
vn 0.5172 -0.7663 -0.3811
vn 0.6395 -0.7413 -0.2036
vn 0.5133 -0.8343 -0.2011
vn 0.0410 -0.9850 -0.1674
vn -0.1601 -0.9670 0.1982
vn 0.1218 -0.9630 -0.2406
vn -0.0213 -0.9863 0.1639
vn 0.3373 -0.9401 0.0497
vn -0.2262 -0.9026 -0.3662
vn -0.1849 -0.9350 -0.3028
vn -0.3385 -0.9094 -0.2416
vn -0.2435 -0.9699 0.0070
vn -0.1461 -0.9822 -0.1180
vn -0.3624 -0.9272 -0.0945
vn -0.1557 -0.9818 0.1090
vn -0.4045 -0.9140 -0.0315
vn 0.0371 -0.9116 -0.4095
vn 0.0295 -0.7340 -0.6785
vn 0.6421 -0.7436 0.1863
vn 0.5700 -0.8017 0.1799
vn 0.6715 -0.7368 0.0784
vn 0.0873 -0.9125 0.3997
vn 0.3446 -0.8849 0.3134
vn 0.0743 -0.9070 0.4145
vn -0.2301 -0.7882 0.5709
vn -0.1542 -0.8376 0.5241
vn 0.1920 -0.9235 0.3320
vn -0.1613 -0.8320 0.5309
vn 0.2469 -0.9372 0.2466
vn 0.2259 -0.9475 0.2264
vn 0.1714 -0.9359 0.3077
vn 0.6010 -0.7971 -0.0578
vn 0.7933 -0.6021 0.0901
vn 0.7855 -0.6077 -0.1171
vn 0.7811 -0.6243 -0.0085
vn -0.2367 -0.8285 0.5076
vn -0.2935 -0.7411 0.6039
vn -0.1713 -0.8730 0.4567
vn -0.2494 -0.7828 0.5701
vn -0.0849 -0.8905 0.4470
vn -0.3283 -0.8110 0.4842
vn -0.3416 -0.7558 0.5586
vn -0.3958 -0.6939 0.6015
vn -0.4574 -0.6582 0.5980
vn -0.3968 -0.6952 0.5994
vn -0.3603 -0.6870 0.6311
vn -0.2225 -0.9162 0.3333
vn -0.2752 -0.8798 0.3877
vn -0.2665 -0.9216 0.2822
vn -0.2977 -0.9443 0.1406
vn -0.3845 -0.9099 0.1557
vn -0.1250 -0.9122 0.3901
vn -0.1753 -0.8795 0.4424
vn -0.0360 -0.9232 0.3827
vn -0.1799 -0.9572 0.2270
vn -0.1434 -0.9231 0.3569
vn -0.1785 -0.9477 0.2645
vn -0.0206 -0.9598 0.2799
vn -0.8127 -0.5200 0.2628
vn -0.8122 -0.4104 0.4147
vn -0.7943 -0.4654 0.3905
vn -0.7523 -0.4501 0.4811
vn -0.6661 -0.6608 0.3459
vn -0.6901 -0.5853 0.4257
vn -0.8351 -0.4464 0.3213
vn -0.8366 -0.4653 0.2891
vn -0.8727 -0.4302 0.2307
vn -0.8411 -0.4298 0.3285
vn -0.8732 -0.3763 0.3096
vn -0.8939 -0.3043 0.3290
vn -0.7481 -0.6603 -0.0656
vn -0.8265 -0.5505 0.1177
vn -0.8807 -0.4704 0.0560
vn -0.8513 -0.5240 -0.0252
vn -0.7775 -0.5941 0.2062
vn -0.6956 -0.7134 0.0846
vn -0.7340 -0.6776 0.0467
vn -0.6947 -0.7192 0.0107
vn -0.6179 -0.7862 0.0005
vn -0.6599 -0.7492 -0.0562
vn -0.6137 -0.7881 -0.0469
vn -0.6037 -0.7969 -0.0214
vn -0.3669 -0.6261 0.6880
vn -0.3140 -0.5658 0.7624
vn -0.3135 -0.6196 0.7196
vn -0.4819 -0.5656 0.6693
vn -0.6887 -0.4430 0.5739
vn -0.4606 -0.5793 0.6725
vn -0.5813 -0.5330 0.6149
vn -0.5363 -0.3989 0.7439
vn -0.5958 -0.3259 0.7340
vn -0.6042 -0.3802 0.7002
vn -0.2974 -0.5149 0.8040
vn -0.2177 -0.4578 0.8620
vn 0.4251 0.6287 -0.6512
vn 0.5018 0.6190 -0.6042
vn 0.5503 0.4786 -0.6841
vn 0.5180 0.5328 -0.6691
vn 0.4585 0.6047 -0.6512
vn 0.4950 0.5288 -0.6894
vn -0.1944 -0.1747 -0.9652
vn 0.0297 -0.3312 -0.9431
vn -0.0912 -0.3405 -0.9358
vn -0.2085 -0.2833 -0.9361
vn 0.3077 -0.5556 -0.7724
vn 0.7095 -0.1294 -0.6927
vn 0.5674 -0.4008 -0.7193
vn 0.7332 -0.4560 -0.5045
vn 0.7979 -0.4778 -0.3675
vn 0.8445 -0.4966 -0.2006
vn 0.7199 -0.6581 -0.2207
vn 0.7616 -0.6423 -0.0865
vn 0.6177 0.2266 -0.7531
vn 0.7142 -0.1452 -0.6847
vn 0.6766 0.1868 -0.7123
vn 0.6043 0.4186 -0.6780
vn 0.7784 0.1531 -0.6088
vn 0.7072 0.3944 -0.5868
vn 0.8926 -0.0243 -0.4503
vn 0.5738 0.1686 -0.8015
vn 0.5549 -0.0460 -0.8307
vn 0.5613 0.2168 -0.7987
vn 0.6335 0.2256 -0.7401
vn 0.5982 0.3481 -0.7218
vn 0.6445 0.3319 -0.6889
vn 0.5702 -0.3969 -0.7193
vn 0.5702 -0.3975 -0.7189
vn 0.5002 -0.3524 -0.7910
vn 0.4408 -0.4061 -0.8005
vn 0.1371 -0.9524 0.2724
vn 0.1243 -0.9074 0.4014
vn -0.2001 -0.8550 0.4784
vn -0.2909 -0.7286 0.6201
vn 0.2759 -0.9557 -0.1023
vn 0.3618 -0.9274 0.0951
vn 0.3406 -0.9162 0.2113
vn 0.3381 -0.8217 -0.4587
vn 0.3530 -0.8074 -0.4728
vn 0.0371 -0.9896 0.1388
vn -0.2730 -0.8813 0.3858
vn -0.4305 -0.7091 0.5585
vn -0.1570 -0.9865 0.0474
vn -0.4497 -0.8672 0.2137
vn -0.5313 -0.6630 0.5275
vn -0.2760 -0.9612 -0.0024
vn -0.5320 -0.7697 0.3529
vn 0.1559 0.8995 0.4081
vn -0.6420 -0.5934 0.4855
vn -0.3084 0.6102 0.7298
vn 0.4668 0.8557 -0.2235
vn 0.4572 0.6884 -0.5631
vn 0.5205 0.6680 -0.5319
vn 0.6038 0.6932 -0.3936
vn 0.4995 0.8097 -0.3081
vn 0.5049 0.8332 -0.2257
vn 0.5117 0.8567 -0.0651
vn 0.4984 0.6484 -0.5755
vn 0.4978 0.6172 -0.6093
vn 0.5742 0.5962 -0.5611
vn 0.4422 0.6312 -0.6372
vn -0.3057 -0.1472 0.9407
vn -0.3066 -0.2962 0.9046
vn -0.2050 0.0220 0.9785
vn -0.2355 -0.3927 0.8890
vn -0.2286 0.3163 0.9207
vn -0.3418 0.4037 0.8486
vn -0.3414 -0.0029 0.9399
vn -0.4047 0.0097 0.9144
vn -0.4542 0.0587 0.8890
vn -0.4040 -0.2411 0.8824
vn -0.4971 -0.2240 0.8383
vn -0.5812 -0.1790 0.7938
vn -0.5356 -0.3110 0.7851
vn -0.1120 0.4649 0.8783
vn -0.1695 0.5051 0.8462
vn -0.0772 0.3674 0.9268
vn -0.7276 -0.3775 -0.5728
vn -0.7907 -0.4773 -0.3833
vn -0.8567 -0.4366 -0.2746
vn -0.6779 -0.0914 -0.7295
vn -0.3222 -0.3713 -0.8708
vn -0.4743 -0.4963 -0.7272
vn -0.4907 -0.3978 -0.7752
vn -0.4787 -0.3140 -0.8199
vn -0.3927 -0.4491 -0.8025
vn -0.8398 -0.5293 -0.1211
vn -0.6774 -0.4916 -0.5472
vn -0.7650 -0.5924 -0.2528
vn -0.7234 -0.5980 -0.3450
vn -0.6444 -0.5975 -0.4772
vn -0.3643 -0.7599 -0.5383
vn -0.4457 -0.7570 -0.4778
vn -0.3701 -0.9004 -0.2286
vn -0.5852 -0.7863 -0.1981
vn -0.2796 -0.9586 -0.0539
vn -0.4742 -0.8762 -0.0861
vn -0.3947 -0.9188 -0.0071
vn -0.2561 -0.6937 -0.6732
vn -0.2949 -0.5295 -0.7954
vn -0.3998 -0.6222 -0.6731
vn 0.0999 -0.8328 -0.5445
vn -0.4316 -0.5744 -0.6956
vn -0.5193 -0.6463 -0.5592
vn 0.3014 -0.8314 -0.4668
vn -0.1733 -0.6707 -0.7212
vn -0.0557 -0.6675 -0.7425
vn 0.1063 -0.6211 -0.7765
vn -0.1323 -0.9912 0.0061
vn -0.0656 -0.8655 -0.4966
vn -0.0614 -0.9964 -0.0582
vn 0.0756 -0.9577 -0.2778
vn 0.1026 -0.9947 -0.0083
vn 0.2613 -0.9479 -0.1824
vn -0.0917 0.0984 -0.9909
vn -0.0945 0.0851 -0.9919
vn -0.0048 0.0800 -0.9968
vn 0.1466 0.0744 -0.9864
vn 0.3977 0.0532 -0.9160
vn -0.2415 0.1914 -0.9513
vn 0.3147 -0.4079 -0.8571
vn 0.4297 -0.2527 -0.8669
vn -0.0337 -0.1347 -0.9903
vn -0.0720 -0.4301 -0.8999
vn 0.3234 -0.5995 -0.7321
vn -0.2411 -0.2326 -0.9422
vn -0.2218 -0.3368 -0.9151
vn -0.1171 -0.0295 -0.9927
vn -0.0908 -0.1452 -0.9852
vn -0.1627 -0.1685 -0.9722
vn -0.3633 -0.2597 -0.8947
vn -0.2907 -0.3108 -0.9049
vn -0.3085 -0.3476 -0.8854
vn -0.5625 0.0234 -0.8265
vn -0.4711 -0.1531 -0.8687
vn -0.5288 -0.0424 -0.8477
vn -0.9721 -0.1976 0.1267
vn -0.8870 0.3059 -0.3459
vn -0.9392 0.1770 -0.2942
vn -0.9086 0.2322 -0.3470
vn -0.9945 -0.0379 -0.0971
vn -0.9828 -0.1828 0.0257
vn -0.9867 -0.1600 -0.0271
vn -0.9758 -0.0830 -0.2021
vn -0.9670 -0.2511 -0.0440
vn -0.9580 -0.1751 -0.2270
vn -0.8946 -0.0695 -0.4414
vn -0.8195 -0.4302 0.3787
vn -0.7594 -0.4394 0.4798
vn -0.8195 -0.4857 0.3042
vn -0.7177 -0.4773 0.5070
vn -0.7445 -0.5167 0.4227
vn -0.5713 -0.6999 0.4286
vn -0.5637 -0.5521 0.6144
vn -0.4667 -0.6164 0.6342
vn -0.9192 -0.3418 0.1957
vn -0.8940 -0.3568 0.2711
vn -0.9213 -0.3022 0.2446
vn -0.8682 -0.3645 0.3367
vn -0.8276 -0.3875 0.4062
vn -0.9192 -0.2907 0.2656
vn -0.8830 -0.4655 -0.0601
vn -0.9040 -0.4177 0.0918
vn -0.9411 -0.3288 0.0793
vn -0.9285 -0.3625 -0.0801
vn -0.9665 -0.2433 0.0815
vn -0.8382 -0.4880 0.2435
vn -0.7180 -0.6193 0.3177
vn -0.8578 -0.4830 0.1759
vn -0.8236 -0.5286 0.2057
vn -0.6023 -0.7505 0.2718
vn -0.7284 -0.6640 0.1691
vn -0.8489 -0.5133 0.1258
vn -0.6125 -0.7768 0.1461
vn -0.8123 -0.5819 0.0384
vn -0.8074 -0.5874 -0.0555
vn -0.7291 -0.6819 -0.0587
vn -0.6790 -0.7275 -0.0980
vn 0.2918 -0.9194 -0.2637
vn 0.3598 -0.5559 -0.7493
vn 0.3599 -0.9197 0.1570
vn 0.1701 -0.9051 0.3896
vn 0.1169 -0.9879 -0.1018
vn 0.0733 -0.9541 0.2905
vn 0.2947 -0.9500 -0.1032
vn 0.2807 -0.9549 0.0966
vn 0.2149 -0.9586 0.1867
vn 0.6328 -0.7463 -0.2066
vn 0.5643 -0.8062 -0.1779
vn 0.4803 -0.8297 -0.2846
vn 0.6610 0.0642 -0.7476
vn 0.3718 0.1408 -0.9176
vn 0.6467 -0.0163 -0.7626
vn -0.0367 0.2173 -0.9754
vn -0.1329 0.0772 -0.9881
vn -0.2363 -0.1464 -0.9606
vn 0.0426 0.5028 -0.8634
vn 0.1779 0.6744 -0.7166
vn 0.1273 0.5340 -0.8359
vn 0.2307 0.5315 -0.8150
vn 0.3161 0.6287 -0.7105
vn 0.0877 0.3343 -0.9384
vn 0.0044 0.3937 -0.9192
vn 0.1071 0.6368 -0.7635
vn 0.2265 0.7434 -0.6293
vn 0.2025 0.6805 -0.7042
vn 0.1293 0.6742 -0.7272
vn 0.1774 0.7834 -0.5956
vn -0.1318 -0.1297 -0.9828
vn 0.0314 -0.1037 -0.9941
vn 0.2471 -0.1719 -0.9536
vn -0.3427 -0.2726 -0.8990
vn -0.2485 -0.1940 -0.9490
vn -0.2248 -0.1501 -0.9628
vn -0.4300 -0.3666 -0.8250
vn -0.3679 -0.3102 -0.8766
vn -0.3575 -0.4145 -0.8369
vn -0.4285 -0.5056 -0.7489
vn -0.4362 -0.1973 -0.8780
vn -0.5447 -0.0668 -0.8360
vn -0.5223 -0.2957 -0.7998
vn -0.3205 -0.0829 -0.9436
vn -0.4156 -0.0140 -0.9094
vn -0.1192 -0.3164 -0.9411
vn -0.6489 0.1628 -0.7433
vn -0.6804 0.2054 -0.7035
vn -0.0241 -0.3122 -0.9497
vn -0.1980 -0.5277 -0.8260
vn -0.1428 -0.5181 -0.8433
vn -0.0394 -0.5222 -0.8519
vn 0.1260 -0.4446 -0.8868
vn 0.3371 -0.6208 -0.7078
vn -0.2287 -0.4786 -0.8477
vn -0.3256 -0.5290 -0.7837
vn -0.3519 -0.4777 -0.8049
vn -0.2076 -0.2061 -0.9563
vn -0.2207 -0.2081 -0.9529
vn -0.2654 -0.3253 -0.9076
vn -0.3825 0.1363 -0.9139
vn -0.4741 0.2412 -0.8468
vn -0.5189 0.2919 -0.8035
vn -0.2842 0.0549 -0.9572
vn -0.0080 0.2152 -0.9765
vn 0.2530 0.3996 -0.8811
vn -0.1593 0.2021 -0.9663
vn 0.1633 0.3429 -0.9251
vn -0.1366 0.4122 -0.9008
vn -0.4501 0.3860 -0.8052
vn 0.0569 0.1388 -0.9887
vn 0.1506 0.2389 -0.9593
vn 0.2694 0.3311 -0.9043
vn 0.2564 0.4221 -0.8696
vn 0.2824 0.4382 -0.8534
vn 0.3298 0.5380 -0.7757
vn 0.5827 0.4638 -0.6674
vn 0.5477 0.4991 -0.6716
vn 0.4728 0.5775 -0.6655
vn 0.0421 0.1206 -0.9918
vn -0.0989 0.0108 -0.9950
vn -0.0296 0.0946 -0.9951
vn -0.1896 -0.1122 -0.9754
vn -0.2927 -0.8614 -0.4151
vn -0.2176 -0.8406 -0.4960
vn -0.2323 -0.9563 -0.1774
vn -0.1519 -0.9577 -0.2445
vn -0.0656 -0.8551 -0.5142
vn -0.1234 -0.9910 0.0524
vn 0.1326 -0.9725 -0.1913
vn -0.4374 -0.8773 -0.1977
vn -0.4869 -0.8559 -0.1744
vn -0.3608 -0.8958 -0.2595
vn -0.3545 -0.9297 -0.1000
vn -0.3713 -0.9270 -0.0524
vn -0.4860 -0.8736 0.0258
vn -0.4350 -0.8998 0.0348
vn -0.4799 -0.8766 0.0369
vn -0.3247 -0.7496 -0.5768
vn -0.2812 -0.5989 -0.7498
vn -0.4005 -0.8469 -0.3498
vn -0.0054 -0.8491 -0.5282
vn -0.4355 -0.6842 -0.5850
vn -0.0739 -0.8658 -0.4949
vn 0.2714 -0.8056 -0.5266
vn -0.1391 -0.6589 -0.7393
vn 0.1184 -0.5953 -0.7947
vn -0.7603 -0.5399 -0.3611
vn -0.8473 -0.4877 -0.2103
vn -0.7639 -0.6432 -0.0528
vn -0.8522 -0.5198 -0.0601
vn -0.9202 -0.3610 -0.1515
vn -0.7638 -0.6441 0.0416
vn -0.6912 -0.3254 -0.6453
vn -0.7997 -0.4095 -0.4391
vn -0.7372 -0.3117 -0.5995
vn -0.7468 -0.1776 -0.6409
vn -0.6656 -0.5849 -0.4635
vn -0.5971 -0.7355 -0.3201
vn -0.5433 -0.7681 -0.3388
vn -0.5933 -0.6545 -0.4686
vn -0.5557 -0.6194 -0.5546
vn -0.4469 -0.6352 -0.6299
vn -0.7036 -0.6994 -0.1258
vn -0.6765 -0.6796 -0.2835
vn -0.6738 -0.7388 0.0171
vn -0.6587 -0.7495 0.0668
vn -0.5428 -0.8399 -0.0064
vn -0.5190 -0.8180 -0.2481
vn 0.7645 -0.5716 0.2981
vn 0.7781 -0.5406 0.3198
vn 0.5358 -0.7406 0.4054
vn 0.3052 -0.8121 0.4973
vn 0.3692 -0.7884 0.4921
vn 0.5397 -0.7134 0.4469
vn 0.3388 -0.7650 0.5477
vn 0.4786 -0.7204 0.5020
vn 0.4434 -0.8453 0.2980
vn 0.3381 -0.9315 0.1340
vn 0.1839 -0.9826 -0.0246
vn 0.1139 -0.9915 0.0634
vn 0.2483 -0.8558 0.4538
vn 0.1978 -0.9049 0.3768
vn 0.1508 -0.9605 0.2339
vn 0.7388 -0.6615 0.1288
vn 0.6740 -0.7374 -0.0451
vn 0.5130 -0.8026 -0.3044
vn 0.0494 -0.7714 0.6345
vn 0.0597 -0.8276 0.5581
vn 0.0834 -0.8033 0.5897
vn 0.1469 -0.8358 0.5291
vn 0.2072 -0.8108 0.5475
vn 0.2447 -0.7860 0.5677
vn 0.2389 -0.7598 0.6047
vn -0.0677 -0.8315 0.5514
vn -0.0293 -0.8002 0.5990
vn -0.1142 -0.7659 0.6328
vn -0.0440 -0.7603 0.6481
vn 0.0095 -0.7421 0.6702
vn -0.0794 -0.7199 0.6895
vn -0.1823 -0.8859 0.4267
vn -0.1953 -0.9039 0.3805
vn -0.2718 -0.8855 0.3770
vn -0.3649 -0.8943 0.2589
vn -0.4407 -0.8813 0.1704
vn -0.3423 -0.8402 0.4206
vn -0.0041 -0.8622 0.5065
vn -0.0534 -0.8725 0.4856
vn 0.0927 -0.8687 0.4865
vn 0.0604 -0.9087 0.4130
vn -0.0559 -0.9193 0.3896
vn -0.0082 -0.9295 0.3687
vn -0.1429 -0.9263 0.3486
vn 0.0037 -0.9747 0.2233
vn -0.2045 -0.9509 0.2324
vn -0.1376 -0.9655 0.2209
vn 0.6315 0.6280 -0.4548
vn 0.7821 0.4634 -0.4167
vn 0.5021 0.6964 -0.5127
vn 0.6571 0.6321 -0.4107
vn 0.4062 0.7763 -0.4820
vn 0.3033 0.7749 -0.5546
vn 0.2815 0.8202 -0.4980
vn 0.9698 -0.2397 0.0439
vn 0.9675 0.1992 -0.1559
vn 0.9758 -0.1988 0.0916
vn 0.8840 0.3250 -0.3360
vn 0.7739 0.3863 -0.5018
vn 0.6647 0.3103 -0.6796
vn 0.5703 0.1270 -0.8115
vn 0.9616 -0.2742 -0.0057
vn 0.9333 -0.3376 -0.1221
vn 0.8589 -0.3588 -0.3654
vn 0.4731 0.6607 -0.5828
vn 0.3995 0.5712 -0.7170
vn 0.2804 0.7477 -0.6020
vn 0.7623 0.5070 -0.4023
vn 0.6782 0.5840 -0.4461
vn 0.4655 0.6826 -0.5633
vn 0.7163 0.5585 -0.4184
vn 0.5786 0.5819 -0.5715
vn 0.6563 0.6166 -0.4347
vn 0.6977 0.5153 -0.4976
vn 0.6570 0.5756 -0.4869
vn 0.6032 0.6641 -0.4417
vn 0.5702 0.6157 -0.5439
vn 0.6216 0.5485 -0.5593
vn 0.6935 0.5125 -0.5064
vn 0.7307 0.5200 -0.4423
vn 0.7109 0.5166 -0.4772
vn 0.7338 0.5856 -0.3444
vn 0.6800 0.6122 -0.4035
vn 0.7244 0.5023 -0.4722
vn 0.7194 0.4742 -0.5074
vn 0.6898 0.7223 -0.0497
vn 0.5807 0.7070 -0.4036
vn 0.7472 0.6382 -0.1854
vn 0.5006 0.6593 0.5610
vn 0.1013 0.8104 -0.5770
vn 0.1330 0.8172 -0.5608
vn -0.0024 0.7677 -0.6408
vn 0.0965 0.8022 -0.5893
vn 0.0431 0.7754 -0.6299
vn 0.7488 0.5806 0.3196
vn 0.5490 0.8252 -0.1329
vn 0.3821 0.8675 -0.3184
vn 0.3566 0.8401 -0.4087
vn 0.5772 0.7984 -0.1713
vn 0.1005 0.7824 -0.6146
vn 0.0769 0.7784 -0.6230
vn 0.2087 0.8307 -0.5162
vn 0.4835 0.8051 -0.3434
vn 0.4243 0.7230 -0.5453
vn 0.2755 0.7293 -0.6263
vn 0.6890 0.3302 0.6452
vn 0.5816 0.4291 0.6911
vn 0.6552 0.7236 0.2170
vn 0.3383 0.8141 -0.4720
vn 0.5630 0.8057 -0.1841
vn 0.7438 0.3480 0.5706
vn 0.5713 0.5683 -0.5922
vn 0.5594 0.5780 -0.5941
vn 0.4353 0.6414 -0.6317
vn 0.6955 0.6949 -0.1828
vn 0.7145 0.5867 -0.3811
vn 0.7034 0.7073 -0.0704
vn 0.4497 0.6881 0.5695
vn 0.5600 0.7318 -0.3884
vn 0.5929 0.7974 0.1129
vn 0.4810 0.6037 0.6357
vn 0.4646 0.5471 0.6963
vn 0.4269 0.7319 -0.5311
vn 0.5441 0.6902 -0.4770
vn 0.8092 0.4680 -0.3551
vn 0.7503 0.5008 -0.4315
vn 0.3693 0.7187 -0.5892
vn 0.7413 0.4664 -0.4826
vn 0.4984 0.6275 -0.5982
vn 0.5601 0.6366 -0.5301
vn 0.5682 0.5634 -0.5998
vn 0.6614 0.5248 -0.5359
vn 0.7870 0.5068 -0.3519
vn -0.0898 0.6601 -0.7458
vn -0.3775 0.5460 -0.7479
vn -0.0167 0.4508 -0.8925
vn -0.5074 0.2683 -0.8188
vn 0.2050 0.7269 -0.6554
vn -0.1200 0.6463 -0.7536
vn 0.6592 0.4563 -0.5977
vn 0.3860 0.5636 -0.7303
vn 0.5132 0.5934 -0.6201
vn 0.6149 0.5086 -0.6027
vn 0.6997 0.4677 -0.5401
vn 0.2156 0.6074 -0.7646
vn 0.3396 0.5243 -0.7809
vn 0.1399 0.5548 -0.8202
vn -0.1066 0.4553 -0.8839
vn -0.1254 0.7524 -0.6466
vn -0.1984 0.7187 -0.6664
vn -0.1895 0.6737 -0.7143
vn -0.0497 0.7207 -0.6914
vn 0.0501 0.7083 -0.7041
vn -0.1035 0.7889 -0.6057
vn -0.1964 0.7108 -0.6754
vn -0.1066 0.6328 -0.7670
vn -0.0995 0.6892 -0.7177
vn 0.0822 0.6286 -0.7734
vn 0.1628 0.8703 -0.4649
vn 0.4601 0.5873 -0.6659
vn 0.2219 0.7729 -0.5945
vn 0.3239 0.7908 -0.5193
vn 0.1779 0.8188 -0.5459
vn 0.1985 0.8156 -0.5435
vn 0.1019 0.7778 -0.6201
vn 0.8479 -0.3472 -0.4006
vn 0.5930 -0.2836 -0.7536
vn 0.5489 0.4517 -0.7033
vn 0.7389 -0.1603 -0.6545
vn 0.6566 -0.3822 -0.6502
vn 0.7393 -0.2726 -0.6158
vn 0.4025 0.8068 -0.4325
vn 0.3143 0.8343 -0.4529
vn 0.2898 0.7959 -0.5316
vn 0.1790 0.6621 -0.7277
vn 0.1663 0.6231 -0.7643
vn 0.3236 0.5966 -0.7344
vn 0.1127 0.6673 -0.7362
vn 0.2196 0.7548 -0.6181
vn 0.1123 0.6671 -0.7364
vn 0.2626 0.6303 -0.7306
vn 0.3698 0.7571 -0.5385
vn 0.2695 0.4270 -0.8632
vn 0.4805 0.6654 -0.5714
vn 0.0513 0.5839 -0.8102
vn 0.0703 0.7493 -0.6585
vn 0.0050 0.4030 -0.9152
vn 0.2342 -0.0981 -0.9672
vn 0.2798 0.5215 -0.8060
vn 0.2278 0.5175 -0.8248
vn 0.0531 0.4862 -0.8722
vn 0.1833 0.2554 -0.9493
vn -0.1431 -0.0385 -0.9890
vn 0.8007 0.4436 -0.4026
vn 0.6559 0.3478 -0.6700
vn 0.7624 0.4075 -0.5027
vn 0.6968 0.4431 -0.5640
vn 0.4638 0.3643 -0.8075
vn 0.6945 0.3840 -0.6084
vn 0.6237 0.4440 -0.6433
vn 0.7143 0.4669 -0.5212
vn 0.5966 0.5540 -0.5807
vn 0.7206 0.5115 -0.4681
vn 0.2292 0.1897 -0.9547
vn 0.3988 0.1841 -0.8984
vn 0.1501 0.1067 -0.9829
vn -0.1136 -0.0246 -0.9932
vn -0.3895 0.0520 -0.9196
vn -0.5245 0.1710 -0.8341
vn 0.4087 0.6199 -0.6698
vn 0.7087 0.4522 -0.5416
vn 0.5593 0.5472 -0.6227
vn 0.4782 0.5643 -0.6730
vn -0.0871 0.6880 -0.7205
vn 0.6298 0.5426 -0.5558
vn 0.5755 0.5546 -0.6010
vn 0.4005 0.6311 -0.6643
vn 0.4169 0.6143 -0.6699
vn 0.5929 0.4712 -0.6530
vn 0.2572 -0.5301 -0.8080
vn 0.2621 -0.5311 -0.8057
vn 0.3740 0.7961 -0.4757
vn 0.0737 0.3707 0.9258
vn 0.3554 -0.5739 -0.7378
vn 0.2652 0.2152 0.9399
vn -0.3586 -0.7016 0.6157
vn 0.2089 -0.5308 -0.8213
vn 0.8463 -0.5052 0.1686
vn 0.8464 -0.5053 0.1680
vn -0.3655 -0.1315 -0.9215
vn 0.3888 0.1414 0.9104
vn -0.7154 0.2038 -0.6683
vn 0.7519 -0.6229 -0.2160
vn -0.3844 -0.5509 0.7408
vn 0.0757 -0.4333 -0.8980
vn 0.5038 0.7279 -0.4651
vn -0.7156 -0.4312 0.5496
vn 0.6358 0.6452 -0.4236
vn 0.5456 -0.6250 -0.5583
vn 0.8336 -0.5395 0.1186
vn 0.2697 0.8207 -0.5038
vn -0.5125 -0.0314 -0.8581
vn -0.0572 -0.3576 -0.9321
vn 0.5453 -0.6257 -0.5578
vn 0.0418 0.8403 -0.5406
vn 0.8618 0.3453 -0.3716
vn 0.1412 0.7886 -0.5984
vn 0.6793 -0.4443 -0.5841
vn 0.3366 -0.3334 -0.8807
vn 0.7158 -0.2165 0.6639
vn 0.7884 -0.6136 -0.0441
vn -0.8617 -0.4843 0.1513
vn -0.3715 0.5719 0.7313
vn -0.6235 -0.1714 0.7628
vn -0.7696 -0.1788 0.6129
vn -0.8705 -0.2555 0.4206
vn -0.8951 -0.3820 0.2300
vn -0.7797 -0.6223 0.0691
vn -0.2901 -0.9423 0.1671
vn -0.6070 -0.7927 0.0571
vn -0.4174 -0.9041 0.0915
vn -0.1631 -0.9435 0.2883
vn -0.0639 -0.8887 0.4540
vn -0.1809 -0.4560 0.8714
vn -0.0222 -0.7523 0.6584
vn -0.3403 -0.3071 0.8887
vn -0.7965 0.3503 -0.4928
vn -0.8173 0.5622 -0.1262
vn -0.8419 0.4542 -0.2913
vn -0.3960 -0.1704 -0.9023
vn -0.5076 0.0287 -0.8611
vn 0.1654 -0.6105 -0.7746
vn -0.1496 -0.2365 -0.9600
vn 0.5098 0.0250 0.8599
vn 0.4391 -0.5047 -0.7433
vn 0.4378 -0.7179 -0.5413
vn 0.6588 -0.5785 -0.4810
vn 0.6873 -0.6857 -0.2396
vn 0.8172 -0.5681 -0.0973
vn 0.8061 -0.5766 0.1332
vn 0.7802 -0.3858 0.4924
vn 0.6410 -0.1581 0.7511
vn 0.0930 0.3293 0.9396
vn 0.3476 0.1332 0.9281
vn -0.1112 0.4513 0.8854
vn -0.8612 -0.4854 0.1507
vn -0.2532 0.5442 0.7998
vn -0.4880 0.6382 0.5954
vn -0.4577 -0.2304 0.8587
vn -0.6223 -0.1722 0.7636
vn -0.7691 -0.1782 0.6138
vn -0.8651 -0.2536 0.4328
vn -0.8946 -0.3805 0.2345
vn -0.7830 -0.6181 0.0694
vn -0.6735 -0.7380 0.0410
vn -0.5637 -0.8243 0.0531
vn -0.1858 -0.4449 0.8761
vn -0.4801 -0.8743 0.0715
vn -0.3460 -0.9295 0.1276
vn -0.2047 -0.9486 0.2414
vn -0.0898 -0.9138 0.3962
vn -0.0277 -0.8203 0.5713
vn -0.0372 -0.6675 0.7437
vn -0.0360 -0.6687 0.7426
vn -0.3440 -0.3074 0.8872
vn -0.8143 0.5774 0.0586
vn -0.6632 0.6068 0.4380
vn -0.6913 0.6630 0.2874
vn -0.8144 0.4851 -0.3186
vn 0.1078 -0.4489 -0.8871
vn -0.6546 0.3013 -0.6933
vn -0.3944 0.1034 -0.9131
vn 0.3745 -0.5935 -0.7124
vn 0.6126 -0.6553 -0.4419
vn 0.3799 0.1236 0.9167
vn 0.7794 -0.6224 -0.0715
vn 0.8411 -0.5256 0.1278
vn 0.8207 -0.4781 0.3129
vn 0.6421 -0.1048 0.7594
vn -0.0805 0.4442 0.8923
vn 0.2068 0.2845 0.9361
vn 0.0853 0.3253 0.9418
vn -0.5386 -0.2007 0.8183
vn -0.7071 -0.1785 0.6842
vn -0.8612 -0.4853 0.1509
vn -0.7748 -0.1822 0.6054
vn -0.8650 -0.2537 0.4328
vn -0.8946 -0.3807 0.2341
vn -0.7832 -0.6179 0.0696
vn -0.6735 -0.7381 0.0410
vn -0.5587 -0.8278 0.0503
vn -0.4305 -0.8982 0.0891
vn -0.2939 -0.9413 0.1658
vn -0.1629 -0.9435 0.2885
vn -0.0632 -0.8898 0.4519
vn -0.0231 -0.7763 0.6300
vn -0.0563 -0.6379 0.7681
vn -0.1828 -0.4497 0.8743
vn -0.3411 -0.3015 0.8904
vn -0.6357 0.6468 0.4214
vn -0.8002 0.5943 0.0804
vn -0.7981 0.3489 -0.4912
vn -0.8177 0.5470 -0.1790
vn -0.4791 -0.3012 -0.8244
vn -0.6525 0.2604 -0.7116
vn -0.3760 0.1436 -0.9154
vn 0.7278 -0.6416 -0.2422
vn -0.1409 -0.1687 -0.9755
vn -0.1659 -0.4538 -0.8755
vn 0.3957 -0.5555 -0.7313
vn 0.4819 -0.6569 -0.5799
vn 0.8304 -0.5419 0.1293
vn 0.7938 -0.3538 0.4946
vn 0.6346 -0.1181 0.7638
vn 0.3610 0.1542 0.9197
vn 0.5000 0.0013 0.8660
vn 0.0882 0.3225 0.9424
vn -0.0753 -0.1233 -0.9895
vn -0.0968 0.4745 0.8749
vn 0.3532 0.7904 -0.5005
vn 0.4998 0.7365 -0.4559
vn 0.5313 0.7139 -0.4561
vn 0.4320 0.7527 -0.4968
vn 0.1487 0.8113 -0.5654
vn 0.8525 0.2894 0.4354
vn -0.5306 0.3598 -0.7674
vn -0.5858 0.8078 -0.0659
vn 0.9692 -0.2131 0.1237
vn -0.6044 0.7923 0.0832
vn 0.5339 -0.4179 -0.7350
vn -0.3253 0.1142 -0.9387
vn -0.5956 0.5547 -0.5809
vn 0.6167 0.5150 0.5954
vn -0.2167 0.9415 0.2582
vn 0.3788 -0.4066 -0.8314
vn -0.2297 0.7757 0.5878
vn -0.6227 0.6983 -0.3531
vn -0.2344 0.8958 0.3775
vn 0.9211 0.1174 0.3712
vn -0.4712 0.2993 -0.8297
vn 0.0356 -0.1971 -0.9797
vn 0.1788 0.5976 0.7816
vn 0.9439 -0.3267 -0.0488
vn 0.3418 -0.3223 -0.8828
vn -0.5422 0.4601 -0.7031
vn 0.7262 0.2943 0.6213
vn -0.5934 0.8044 -0.0270
vn -0.0056 0.9763 0.2165
vn -0.3531 0.9327 -0.0740
vn 0.4172 0.6715 0.6124
vn -0.3890 0.1798 -0.9035
vn -0.6407 0.6911 -0.3345
vn -0.4097 0.8828 0.2298
vn 0.8818 0.0546 0.4684
vn 0.6129 -0.4264 -0.6652
vn 0.9684 -0.2377 -0.0752
vn 0.7706 0.2403 0.5903
vn 0.0893 0.8434 0.5297
vn 0.4606 -0.4229 -0.7804
vn -0.6550 0.4923 -0.5732
vn -0.2127 0.8943 0.3936
vn -0.3304 0.1135 -0.9370
vn 0.4987 0.4210 0.7576
vn 0.9796 -0.0177 0.2003
vn -0.6911 0.6710 -0.2685
vn 0.1337 -0.2367 -0.9623
vn -0.4313 0.8346 0.3427
vn 0.9173 -0.3524 -0.1856
vn -0.4449 0.2406 -0.8626
vn -0.3984 -0.0982 0.9119
vn -0.0768 0.0173 0.9969
vn -0.1598 0.0521 0.9858
vn -0.4169 -0.0749 0.9059
vn -0.2694 -0.1751 0.9470
vn 0.0213 -0.0434 0.9988
vn -0.7456 0.6347 0.2030
vn -0.1143 -0.2359 0.9650
vn -0.8216 0.5116 0.2513
vn -0.8126 0.2084 0.5443
vn -0.8125 0.0458 0.5812
vn -0.7375 0.6133 0.2826
vn 0.1498 -0.3079 0.9396
vn 0.0888 -0.3444 0.9346
vn 0.2683 -0.0677 0.9610
vn 0.0743 -0.2594 0.9629
vn -0.1328 -0.4790 0.8677
vn -0.0398 -0.5354 0.8436
vn 0.6699 -0.3792 0.6382
vn 0.2317 -0.6325 0.7391
vn 0.5189 -0.2734 0.8099
vn 0.1832 -0.6149 0.7670
vn 0.3763 -0.3344 0.8640
vn 0.2583 -0.4155 0.8721
vn 0.7628 -0.2991 0.5733
vn 0.6720 -0.4445 0.5923
vn 0.7977 -0.3575 0.4857
vn 0.7471 -0.4155 0.5188
vn 0.8203 -0.4117 0.3970
vn -0.1298 -0.2263 0.9654
vn 0.6428 -0.2834 0.7117
vn 0.5806 -0.1418 0.8017
vn 0.6705 -0.2102 0.7115
vn -0.1025 -0.3922 0.9142
vn 0.1361 -0.1052 0.9851
vn -0.2697 -0.4235 0.8648
vn -0.2060 -0.1202 0.9711
vn 0.1330 -0.2500 0.9591
vn -0.0182 -0.4486 0.8936
vn -0.1538 -0.5519 0.8196
vn 0.4848 0.0614 0.8724
vn 0.1063 -0.4181 0.9022
vn -0.0239 0.1031 0.9944
vn 0.0641 -0.5250 0.8487
vn -0.0477 -0.5784 0.8144
vn -0.4485 -0.2494 0.8583
vn -0.4422 -0.3606 0.8212
vn 0.0850 0.0489 0.9952
vn -0.1768 -0.2203 0.9593
vn -0.3578 -0.4067 0.8406
vn -0.0475 -0.2315 0.9717
vn 0.1714 -0.0096 0.9852
vn 0.4916 0.7762 -0.3948
vn -0.2450 -0.4614 0.8527
vn -0.1150 0.1626 0.9800
vn -0.4842 -0.0652 0.8725
vn -0.5470 -0.1864 0.8161
vn -0.4837 0.4077 0.7745
vn -0.7207 -0.2408 0.6501
vn -0.4075 0.4322 0.8044
vn -0.2546 0.5648 0.7849
vn -0.3380 0.5851 0.7372
vn 0.6962 0.6988 -0.1642
vn 0.5061 0.8287 -0.2391
vn 0.5781 0.7882 -0.2109
vn 0.3209 0.8230 -0.4687
vn 0.2588 0.8069 -0.5311
vn 0.4070 0.8125 -0.4173
vn 0.3346 0.7803 -0.5284
vn 0.5116 0.6059 -0.6091
vn 0.3914 0.6585 0.6428
vn 0.5005 0.8560 0.1296
vn 0.2549 0.7047 0.6622
vn 0.4408 0.8393 -0.3184
vn 0.5504 0.8088 0.2070
vn 0.5816 0.5034 0.6391
vn 0.4125 0.7505 -0.5163
vn 0.3246 0.7042 -0.6315
vn 0.2672 0.8303 -0.4890
vn 0.4034 0.8252 -0.3954
vn 0.8088 0.4709 -0.3524
vn 0.6659 0.3232 0.6724
vn 0.5931 0.7176 -0.3651
vn 0.6731 0.5388 -0.5065
vn 0.9562 0.2612 0.1323
vn 0.7063 0.5563 -0.4378
vn 0.6607 0.5848 -0.4707
vn 0.4382 0.6445 -0.6266
vn 0.3508 0.7290 -0.5878
vn 0.5102 0.6430 -0.5712
vn 0.5869 0.3990 0.7045
vn 0.5163 0.7042 -0.4874
vn 0.6978 0.6738 0.2429
vn 0.5851 0.7196 -0.3741
vn 0.4016 0.8291 -0.3890
vn 0.4670 0.7832 -0.4105
vn 0.2024 0.8697 -0.4501
vn 0.1965 0.9395 -0.2806
vn -0.1299 0.9655 -0.2258
vn 0.6029 0.6717 -0.4305
vn 0.7429 0.5236 0.4171
vn 0.3101 0.9355 -0.1694
vn 0.5793 0.6411 -0.5034
vn 0.6455 0.5665 -0.5123
vn 0.4818 0.8528 -0.2016
vn 0.4286 0.8338 -0.3480
vn 0.7324 0.6178 0.2862
vn 0.6352 0.7482 0.1917
vn 0.6355 0.5309 0.5607
vn 0.3991 0.1238 0.9085
vn 0.6015 0.7133 0.3598
vn 0.6422 0.1113 0.7584
vn 0.4461 0.2261 0.8660
vn 0.3319 0.0116 0.9433
vn -0.7733 0.6330 0.0349
vn -0.2653 0.9493 0.1687
vn -0.6738 0.7224 0.1553
vn 0.3103 0.9093 0.2773
vn 0.4563 0.4040 0.7928
vn 0.4222 0.3414 0.8397
vn -0.0550 0.7018 0.7102
vn -0.4930 0.5431 0.6797
vn 0.1538 0.7773 0.6100
vn 0.1626 0.4360 0.8851
vn 0.9391 0.1108 0.3252
vn 0.9895 -0.0369 0.1394
vn 0.5143 0.0072 0.8576
vn 0.7200 0.6921 -0.0509
vn 0.4374 0.4885 0.7551
vn 0.6440 0.6596 0.3876
vn 0.6090 0.5772 -0.5441
vn 0.6174 0.5686 -0.5436
vn -0.0134 0.0950 0.9954
vn 0.2250 -0.4112 0.8833
vn 0.0124 -0.3173 0.9482
vn -0.0796 -0.5410 0.8373
vn -0.1515 -0.1074 0.9826
vn -0.3576 -0.1931 0.9137
vn -0.2828 -0.2674 0.9212
vn -0.4303 -0.2730 0.8604
vn -0.2963 -0.3791 0.8766
vn -0.0374 0.1029 0.9940
vn 0.3627 0.9213 -0.1401
vn 0.6204 0.5433 -0.5656
vn 0.7088 0.4620 -0.5330
vn 0.0538 -0.4351 0.8988
vn -0.0656 -0.1493 0.9866
vn -0.1418 0.1853 0.9724
vn -0.1499 -0.3481 0.9254
vn -0.2552 -0.0425 0.9660
vn -0.4724 0.0837 0.8774
vn -0.2804 -0.2024 0.9383
vn -0.6925 0.1845 0.6974
vn -0.2169 0.1862 0.9583
vn -0.3954 0.3406 0.8530
vn -0.2272 -0.3357 0.9141
vn -0.2750 -0.3927 0.8776
vn -0.4037 -0.3578 0.8420
vn -0.1371 -0.4229 0.8958
vn -0.8049 0.3649 -0.4679
vn -0.7904 -0.0027 0.6126
vn -0.4771 0.3823 0.7913
vn -0.2557 0.2799 0.9254
vn -0.6653 -0.1717 0.7266
vn -0.3396 0.5136 0.7879
vn -0.7968 0.3185 -0.5135
vn -0.7356 0.2095 -0.6442
vn 0.1400 -0.7811 0.6085
vn -0.6445 0.2966 -0.7047
vn -0.0188 -0.9998 0.0080
vn 0.1263 -0.9282 0.3501
vn -0.4856 -0.5532 -0.6768
vn 0.0986 -0.7693 0.6312
vn -0.3552 -0.3871 -0.8509
vn -0.2345 -0.5173 -0.8230
vn -0.0859 -0.6104 -0.7875
vn 0.0336 -0.8371 -0.5460
vn 0.2731 -0.8550 -0.4409
vn -0.4212 -0.5355 -0.7320
vn -0.6175 -0.4560 -0.6409
vn -0.5405 -0.4314 -0.7223
vn -0.4704 -0.2806 -0.8367
vn -0.3766 -0.2928 -0.8789
vn -0.5458 -0.1942 -0.8151
vn -0.2045 -0.9788 0.0089
vn 0.0399 -0.8069 0.5894
vn -0.3319 -0.9429 -0.0293
vn -0.4804 -0.8768 -0.0186
vn -0.2242 -0.9330 0.2815
vn -0.3442 -0.8705 0.3518
vn -0.5452 -0.7418 -0.3905
vn -0.8306 -0.2637 0.4905
vn -0.2998 -0.8737 0.3831
vn -0.8010 -0.5008 0.3280
vn -0.0259 -0.9677 -0.2507
vn -0.7537 -0.4492 0.4797
vn -0.6538 -0.5848 0.4802
vn -0.6800 -0.5712 0.4598
vn -0.7473 -0.2899 0.5979
vn -0.7241 -0.0333 -0.6889
vn -0.9480 -0.0316 -0.3168
vn -0.6979 0.1639 -0.6972
vn -0.4503 -0.8686 -0.2067
vn -0.2191 -0.9568 0.1911
vn -0.1841 -0.9808 -0.0645
vn -0.4144 -0.9083 0.0572
vn -0.0883 -0.9182 0.3860
vn -0.0222 -0.9720 0.2341
vn -0.1337 -0.9066 0.4003
vn 0.0480 -0.9174 0.3950
vn -0.0029 -0.8640 0.5035
vn 0.1040 -0.8558 0.5067
vn -0.4069 -0.6976 -0.5897
vn -0.4375 -0.3912 -0.8096
vn -0.0784 -0.8514 -0.5186
vn -0.0984 -0.6237 -0.7754
vn -0.9048 -0.2954 -0.3069
vn -0.6749 -0.7085 -0.2062
vn -0.3328 -0.8787 0.3423
vn -0.1455 -0.8351 0.5305
vn -0.7243 -0.6264 -0.2882
vn -0.5186 -0.8099 0.2741
vn -0.3481 -0.8193 0.4556
vn -0.7551 -0.6530 -0.0591
vn -0.6615 -0.7138 0.2300
vn -0.6710 -0.7077 0.2210
vn -0.6501 -0.6325 0.4210
vn -0.7035 -0.5432 -0.4583
vn -0.8614 -0.3975 -0.3161
vn -0.9115 -0.4070 -0.0594
vn -0.7836 -0.5436 -0.3009
vn -0.6989 -0.6973 -0.1590
vn -0.8599 -0.4675 0.2049
vn -0.8432 -0.5371 -0.0245
vn -0.7334 -0.6725 0.0998
vn -0.5269 -0.8387 0.1373
vn -0.7115 -0.2879 -0.6410
vn -0.7939 -0.5780 0.1890
vn -0.6083 -0.7621 0.2217
vn -0.6567 -0.6818 0.3222
vn -0.4229 -0.8169 0.3922
vn -0.5205 -0.7336 0.4369
vn -0.6157 -0.1292 -0.7773
vn -0.7364 0.0141 -0.6764
vn -0.7662 -0.0294 -0.6419
vn -0.8819 0.1627 -0.4425
vn -0.7856 0.0662 -0.6152
vn -0.8299 0.1258 -0.5435
vn -0.9567 0.0349 -0.2891
vn -0.9207 -0.2198 -0.3225
vn -0.9107 -0.3816 0.1582
vn -0.9683 -0.1995 -0.1504
vn -0.9059 -0.3453 0.2450
vn -0.9480 -0.0457 -0.3150
vn -0.9674 -0.1342 -0.2148
vn -0.6630 -0.6733 -0.3274
vn -0.9872 -0.1592 0.0062
vn -0.8347 -0.5505 0.0157
vn -0.6433 -0.7427 -0.1858
vn -0.5520 -0.8318 -0.0587
vn -0.8385 -0.3960 0.3744
vn -0.9047 -0.2806 0.3207
vn -0.3801 -0.4537 -0.8060
vn -0.7007 -0.5327 0.4746
vn -0.8162 -0.3363 0.4699
vn 0.0849 -0.4780 -0.8743
vn -0.6365 -0.5235 -0.5664
vn -0.4366 -0.4595 -0.7735
vn -0.5359 -0.2931 -0.7918
vn -0.6492 -0.0930 -0.7549
vn -0.0069 0.5343 -0.8452
vn -0.8142 -0.4683 -0.3431
vn -0.9178 -0.3926 -0.0597
vn -0.9241 -0.2241 0.3095
vn -0.9474 -0.2727 -0.1674
vn -0.7688 0.1413 -0.6237
vn -0.0870 0.4754 -0.8755
vn -0.2789 -0.0447 -0.9593
vn -0.1138 0.6723 -0.7314
vn -0.1013 0.6557 -0.7482
vn -0.2943 0.4021 -0.8670
vn -0.9260 0.0581 -0.3730
vn -0.9407 -0.1321 -0.3124
vn -0.9730 -0.2284 0.0332
vn -0.9178 -0.2770 0.2846
vn -0.9145 -0.3683 0.1677
vn -0.8775 0.0263 -0.4788
vn -0.7742 0.1020 -0.6247
vn -0.6248 0.1234 -0.7710
vn -0.6973 0.0410 -0.7156
vn -0.7987 -0.1159 -0.5904
vn -0.9566 -0.2730 -0.1015
vn -0.9138 -0.0645 -0.4011
vn -0.8494 -0.0069 -0.5277
vn -0.8347 0.4085 -0.3692
vn 0.6934 0.0995 -0.7137
vn 0.5519 0.0586 -0.8318
vn 0.3756 0.2048 -0.9039
vn 0.6145 0.2379 -0.7522
vn 0.6459 0.3118 -0.6969
vn 0.2472 -0.3004 -0.9212
vn -0.0088 -0.3228 -0.9464
vn 0.1710 -0.1401 -0.9753
vn 0.0008 0.0799 -0.9968
vn -0.2229 0.2753 -0.9352
vn 0.9501 -0.3073 -0.0530
vn -0.7923 0.3204 -0.5192
vn 0.9231 0.1933 -0.3324
vn 0.9493 -0.2646 -0.1696
vn 0.9500 0.0176 -0.3118
vn 0.8493 0.4014 -0.3427
vn 0.8265 0.3944 -0.4016
vn 0.7850 0.3742 -0.4937
vn 0.6743 0.5271 -0.5171
vn 0.8518 -0.5215 0.0501
vn 0.8449 -0.5345 -0.0211
vn 0.8580 -0.4939 -0.1408
vn 0.7847 -0.6187 -0.0371
vn 0.8290 -0.4881 -0.2729
vn 0.7817 -0.6228 0.0311
vn 0.8366 -0.5477 0.0078
vn 0.7667 -0.6392 -0.0601
vn 0.9410 -0.3215 -0.1055
vn 0.7450 -0.6429 -0.1779
vn 0.0430 0.6137 -0.7883
vn 0.9277 -0.3229 -0.1873
vn 0.8718 0.1523 -0.4655
vn -0.1928 0.3662 -0.9103
vn 0.1311 0.4064 -0.9042
vn 0.2528 0.4723 -0.8444
vn 0.1370 0.5091 -0.8497
vn 0.2431 0.5689 -0.7857
vn -0.0404 0.4661 -0.8838
vn -0.4581 0.5514 -0.6972
vn -0.2034 0.4367 -0.8763
vn -0.3352 0.5070 -0.7941
vn -0.0042 0.5768 -0.8169
vn -0.2181 0.6203 -0.7534
vn 0.0992 0.4814 -0.8709
vn -0.3916 0.2312 -0.8906
vn 0.0112 0.6719 -0.7405
vn 0.1836 0.7214 -0.6678
vn -0.5169 0.2907 -0.8052
vn -0.6716 0.4084 -0.6182
vn -0.6339 0.3637 -0.6826
vn 0.7468 -0.6192 -0.2428
vn -0.1903 0.5606 -0.8059
vn -0.2324 0.5354 -0.8120
vn 0.5943 -0.2081 -0.7769
vn 0.6949 -0.6332 -0.3408
vn 0.6645 -0.6384 -0.3885
vn 0.5296 -0.6346 -0.5629
vn 0.8073 0.4265 -0.4078
vn 0.6657 -0.2609 -0.6991
vn 0.6040 0.6047 -0.5192
vn 0.6702 0.6053 -0.4295
vn 0.7480 0.5106 -0.4240
vn 0.6660 0.5565 -0.4968
vn 0.7668 0.5277 -0.3654
vn 0.7470 0.4558 -0.4840
vn 0.7306 0.4783 -0.4873
vn 0.5615 0.6015 -0.5683
vn 0.7764 0.5354 -0.3325
vn 0.6890 0.6160 -0.3818
vn 0.6970 0.5970 -0.3971
vn 0.8561 0.4297 -0.2870
vn 0.2404 0.7600 -0.6038
vn 0.1488 0.7847 -0.6017
vn 0.2444 0.8043 -0.5416
vn 0.4013 0.7676 -0.4997
vn 0.5310 0.7014 -0.4755
vn 0.3749 0.7455 -0.5511
vn 0.4732 0.6860 -0.5527
vn 0.3039 0.8340 -0.4606
vn 0.4578 0.6782 -0.5748
vn 0.1359 0.8533 -0.5033
vn 0.0844 0.8223 -0.5628
vn 0.0325 0.8131 -0.5813
vn 0.1614 0.8586 -0.4865
vn 0.4305 0.7846 -0.4462
vn 0.5472 0.7209 -0.4254
vn -0.1005 -0.3273 -0.9396
vn -0.5700 0.1274 -0.8117
vn -0.6525 0.1684 -0.7388
vn -0.6851 0.5677 -0.4564
vn -0.6560 0.0878 -0.7496
vn 0.5386 0.7129 -0.4491
vn 0.6141 0.6129 -0.4973
vn 0.5829 0.6416 -0.4985
vn 0.5421 0.5473 -0.6376
vn -0.7869 0.4658 -0.4047
vn -0.7452 0.4539 -0.4886
vn -0.5521 0.6050 -0.5737
vn -0.5246 0.6779 -0.5150
vn -0.2808 0.7762 -0.5646
vn -0.3534 0.6983 -0.6224
vn -0.0965 0.7635 -0.6386
vn 0.1438 0.7604 -0.6334
vn -0.6350 0.5630 -0.5290
vn 0.4197 0.7088 -0.5670
vn -0.2408 0.7409 -0.6269
vn -0.5326 0.4518 -0.7157
vn -0.5155 0.6536 -0.5541
vn -0.4357 0.5982 -0.6725
vn -0.4147 0.5359 -0.7354
vn -0.2032 0.6991 -0.6855
vn -0.0634 0.5966 -0.8000
vn 0.1560 0.7687 -0.6203
vn -0.2195 -0.7369 0.6394
vn 0.1744 0.7292 -0.6617
vn -0.7631 0.4564 -0.4576
vn -0.7701 0.4036 -0.4940
vn -0.6555 0.4124 -0.6327
vn 0.5038 -0.6356 -0.5849
vn -0.3264 -0.7660 0.5538
vn -0.2573 -0.7561 0.6018
vn -0.3965 -0.7400 0.5433
vn -0.2304 -0.8126 0.5353
vn -0.2099 -0.7790 0.5908
vn -0.1192 -0.7763 0.6190
vn -0.4058 -0.8650 0.2951
vn -0.4280 -0.7209 0.5451
vn -0.4385 -0.6718 0.5970
vn -0.3765 -0.8441 0.3818
vn -0.4751 -0.8785 0.0499
vn -0.4455 -0.8438 0.2992
vn -0.2870 -0.9123 0.2922
vn -0.5395 -0.7728 0.3343
vn -0.1752 -0.9146 0.3645
vn 0.0224 -0.8727 0.4877
vn -0.1792 -0.9324 0.3138
vn -0.0661 -0.9837 0.1670
vn -0.4397 -0.0716 -0.8953
vn -0.6280 0.1070 -0.7708
vn -0.7492 0.2640 -0.6075
vn 0.1040 -0.8956 0.4326
vn 0.1213 -0.8628 0.4908
vn -0.4167 -0.8001 0.4315
vn -0.5205 -0.5747 0.6316
vn -0.2242 -0.8235 0.5211
vn -0.0737 -0.7759 0.6266
vn -0.0657 -0.9533 0.2949
vn -0.1968 -0.9476 0.2517
vn -0.3612 -0.8848 0.2943
vn -0.4114 -0.9039 0.1174
vn -0.5649 -0.8249 -0.0177
vn 0.1489 -0.9366 0.3171
vn -0.0656 -0.9849 0.1600
vn -0.5377 -0.5662 0.6247
vn -0.4540 -0.7245 0.5186
vn -0.4091 -0.5827 0.7022
vn -0.4200 -0.5892 0.6903
vn -0.3886 -0.6768 0.6253
vn -0.4941 -0.7797 0.3845
vn -0.3881 -0.6076 0.6930
vn -0.7054 -0.4580 0.5410
vn -0.6854 -0.4024 0.6068
vn -0.7020 -0.6959 0.1514
vn -0.7135 -0.6685 0.2099
vn -0.7532 -0.6524 0.0842
vn -0.7503 -0.5996 0.2784
vn -0.7596 -0.6187 0.2005
vn -0.8495 -0.5231 0.0687
vn -0.6850 -0.6276 0.3699
vn -0.5194 -0.8077 0.2790
vn -0.6913 -0.6529 0.3095
vn -0.6380 -0.7031 0.3139
vn -0.6568 -0.6991 0.2825
vn -0.8549 -0.2910 0.4295
vn -0.5727 -0.8027 0.1663
vn -0.5176 -0.8271 0.2190
vn -0.9905 0.0802 -0.1119
vn -0.9690 -0.2102 0.1301
vn -0.9063 -0.2495 0.3410
vn -0.9270 -0.1468 -0.3451
vn -0.9002 0.2537 -0.3541
vn -0.8702 0.0464 -0.4904
vn -0.8837 0.2619 -0.3878
vn -0.9881 0.0693 -0.1373
vn -0.9672 -0.2537 -0.0096
vn -0.9057 -0.4238 0.0040
vn 0.3262 0.7953 -0.5110
vn 0.2366 0.7923 -0.5625
vn 0.3041 0.7582 -0.5768
vn 0.4102 0.7619 -0.5012
vn 0.2420 0.8368 -0.4911
vn 0.4047 0.7285 -0.5527
vn 0.1480 0.7983 -0.5838
vn 0.7988 -0.6001 -0.0433
vn 0.3321 0.8086 -0.4857
vn 0.4303 0.7653 -0.4788
vn 0.4597 0.7036 -0.5419
vn 0.2086 0.7816 -0.5878
vn 0.3334 0.6672 -0.6661
vn -0.6290 0.3031 -0.7159
vn -0.5367 0.2056 -0.8183
vn 0.4655 0.7011 -0.5402
vn 0.4274 0.7332 -0.5289
vn -0.7346 0.1927 -0.6505
vn 0.6471 0.6301 -0.4292
vn 0.6802 0.6042 -0.4150
vn 0.5311 0.7109 -0.4611
vn 0.5460 0.6738 -0.4979
vn 0.5237 0.6690 -0.5275
vn 0.4562 0.6714 -0.5841
vn -0.7649 0.3805 -0.5198
vn -0.3273 -0.2487 -0.9116
vn -0.5194 0.5971 -0.6113
vn -0.4077 -0.0166 -0.9130
vn -0.5055 -0.0609 -0.8607
vn 0.5944 0.5219 -0.6117
vn -0.0243 0.3007 -0.9534
vn 0.2409 0.7130 -0.6585
vn -0.1590 0.6208 -0.7677
vn 0.3671 0.4575 -0.8099
vn -0.2976 0.3800 -0.8758
vn 0.5385 0.4786 -0.6935
vn -0.0328 0.6368 -0.7703
vn 0.2177 0.5993 -0.7704
vn 0.4985 0.6615 -0.5603
vn -0.4673 0.4389 -0.7674
vn 0.5780 -0.7703 -0.2692
vn 0.3866 -0.9219 -0.0245
vn 0.4421 -0.7896 -0.4256
vn 0.0686 -0.9398 0.3347
vn -0.9789 0.1011 -0.1778
vn 0.0276 -0.8345 0.5503
vn 0.3986 -0.9162 0.0412
vn 0.0680 -0.9569 0.2824
vn -0.9546 0.0661 -0.2906
vn -0.9247 -0.1991 -0.3246
vn -0.8385 -0.0359 -0.5437
vn -0.9542 -0.0963 -0.2832
vn -0.9967 -0.0292 -0.0760
vn -0.9386 -0.2708 -0.2139
vn -0.9955 -0.0933 0.0151
vn -0.9385 -0.3419 -0.0491
vn -0.9335 -0.2770 0.2279
vn -0.8794 0.2995 -0.3702
vn -0.8691 0.0255 -0.4940
vn -0.9304 0.1029 -0.3519
vn -0.8861 0.2461 -0.3927
vn -0.7732 -0.1256 -0.6216
vn -0.6892 -0.2161 -0.6916
vn -0.5819 -0.2966 -0.7573
vn -0.8639 -0.2890 -0.4125
vn -0.8887 -0.4271 -0.1669
vn -0.9018 -0.3597 -0.2397
vn -0.7988 -0.3634 -0.4794
vn -0.1498 0.1844 -0.9714
vn -0.8427 -0.4610 -0.2781
vn 0.0792 0.6667 -0.7411
vn -0.2417 0.6903 -0.6820
vn 0.5803 0.5843 -0.5673
vn 0.2702 0.3725 -0.8878
vn -0.1032 0.4140 -0.9044
vn 0.1939 0.4504 -0.8715
vn 0.6491 0.6022 -0.4648
vn 0.0419 0.2613 -0.9643
vn 0.1065 0.1672 -0.9801
vn 0.6319 0.5675 -0.5279
vn 0.8307 -0.4919 0.2607
vn 0.5890 0.6012 -0.5399
vn 0.6537 0.6174 -0.4376
vn 0.5577 0.6796 -0.4766
vn 0.9139 -0.3700 0.1671
vn 0.8678 -0.4141 0.2747
vn 0.8284 -0.4604 0.3189
vn 0.8351 -0.4890 0.2520
vn 0.3643 -0.7482 0.5545
vn 0.7156 -0.5786 0.3912
vn 0.6987 -0.5586 0.4469
vn 0.5910 -0.6638 0.4583
vn 0.5020 -0.7110 0.4924
vn -0.9583 0.2639 -0.1100
vn -0.8558 0.5066 -0.1049
vn -0.8611 0.4572 -0.2224
vn -0.8756 0.4093 -0.2566
vn -0.8961 0.3354 -0.2906
vn -0.9181 0.3904 -0.0683
vn -0.9700 0.2216 0.0998
vn -0.9678 0.2518 0.0056
vn -0.9774 0.0444 0.2069
vn -0.9939 0.0626 0.0912
vn -0.9719 0.1893 -0.1396
vn -0.9969 -0.0261 0.0747
vn -0.9688 -0.1454 0.2009
vn -0.7931 0.5968 -0.1218
vn -0.8977 0.4394 -0.0336
vn -0.9620 0.2530 0.1028
vn -0.7866 0.6041 -0.1279
vn -0.7617 0.6005 -0.2435
vn -0.6782 0.5733 -0.4598
vn 0.6899 0.4917 -0.5313
vn -0.7822 0.6200 -0.0617
vn 0.4646 0.6249 -0.6274
vn 0.6518 0.5622 -0.5090
vn 0.5648 0.6251 -0.5387
vn 0.4294 0.6747 -0.6003
vn 0.7053 0.4426 -0.5537
vn 0.5403 0.6137 -0.5758
vn 0.4559 0.6630 -0.5938
vn 0.7904 0.3689 -0.4891
vn 0.7400 0.4376 -0.5107
vn 0.6760 0.5176 -0.5245
vn 0.7493 0.3357 -0.5708
vn 0.8042 0.3276 -0.4960
vn 0.7964 0.3300 -0.5068
vn 0.3343 0.6505 -0.6820
vn 0.7543 0.3893 -0.5287
vn 0.6422 0.4946 -0.5856
vn 0.6124 0.5179 -0.5973
vn 0.5743 0.5392 -0.6159
vn 0.6933 0.4800 -0.5374
vn 0.6826 0.4894 -0.5427
vn 0.7893 0.3363 -0.5138
vn 0.7136 0.4518 -0.5354
vn 0.7387 0.4354 -0.5146
vn 0.3032 0.6810 -0.6666
vn 0.3482 0.6505 -0.6750
vn 0.1747 0.7939 -0.5824
vn 0.1522 0.7743 -0.6143
vn -0.0122 0.6958 -0.7182
vn 0.3208 0.6901 -0.6487
vn 0.6599 0.4797 -0.5782
vn 0.6535 0.5143 -0.5554
vn 0.4786 0.5936 -0.6470
vn 0.4834 0.5936 -0.6434
vn 0.2840 0.6837 -0.6722
vn 0.3535 0.6458 -0.6768
vn 0.3182 0.6768 -0.6638
vn 0.5012 0.6781 -0.5376
vn -0.0455 0.7841 -0.6189
vn 0.5257 0.6349 -0.5661
vn 0.7095 0.4652 -0.5294
vn 0.2223 0.6052 -0.7644
vn 0.6117 0.4539 -0.6479
vn -0.4580 -0.2297 0.8588
vn 0.5139 0.5515 -0.6570
vn 0.4980 0.5943 -0.6315
vn 0.6835 0.4148 -0.6007
vn 0.6924 0.4349 -0.5758
vn 0.3016 0.7370 -0.6049
vn 0.5479 0.5550 -0.6258
vn 0.2622 0.7005 -0.6637
vn 0.2542 0.7200 -0.6457
vn 0.2071 0.7586 -0.6178
vn 0.9776 -0.2078 0.0344
vn -0.1933 0.8083 -0.5561
vn 0.2038 0.7416 -0.6392
vn -0.2583 0.7541 -0.6039
vn 0.2479 0.6953 -0.6747
vn 0.1565 0.7808 -0.6049
vn 0.9019 0.2555 -0.3482
vn 0.9838 0.0471 -0.1731
vn 0.9920 0.0087 -0.1260
vn -0.9377 -0.0327 0.3458
vn 0.2704 0.7354 -0.6214
vn -0.9124 -0.1413 0.3842
vn -0.7940 -0.3674 0.4843
vn -0.8641 -0.0738 0.4980
vn -0.9399 0.0864 0.3302
vn -0.8527 -0.3413 0.3954
vn -0.8713 -0.1831 0.4553
vn -0.8757 -0.2281 0.4256
vn -0.8938 -0.2478 0.3738
vn -0.6384 -0.4979 0.5870
vn -0.8304 -0.2764 0.4837
vn -0.7897 -0.4026 0.4629
vn -0.7178 -0.4685 0.5151
vn -0.7364 -0.4028 0.5435
vn -0.7962 -0.3380 0.5018
vn -0.3126 -0.6474 0.6951
vn -0.7425 -0.3750 0.5551
vn -0.8723 -0.1653 0.4602
vn -0.3398 -0.5983 0.7256
vn -0.4497 -0.5890 0.6715
vn -0.4945 -0.6124 0.6168
vn -0.2740 -0.6372 0.7203
vn -0.2967 -0.7002 0.6494
vn -0.4742 -0.5300 0.7030
vn -0.2045 -0.5820 0.7871
vn -0.1725 -0.4926 0.8530
vn -0.4787 -0.5647 0.6723
vn -0.3308 -0.5742 0.7489
vn -0.8421 -0.2020 0.5000
vn -0.3076 -0.5111 0.8026
vn -0.7792 -0.1801 0.6003
vn -0.8125 -0.2315 0.5351
vn -0.8064 -0.2674 0.5274
vn -0.8172 -0.3115 0.4849
vn -0.8384 -0.1833 0.5134
vn -0.8307 -0.2301 0.5069
vn -0.8474 -0.2204 0.4830
vn -0.8313 -0.1519 0.5346
vn -0.7414 -0.2885 0.6059
vn -0.8088 -0.1270 0.5742
vn -0.7646 -0.3045 0.5681
vn -0.7568 -0.3551 0.5487
vn -0.8215 -0.1887 0.5381
vn -0.7938 -0.2730 0.5435
vn -0.7932 -0.3542 0.4954
vn -0.7161 -0.3909 0.5782
vn -0.6077 -0.5125 0.6067
vn -0.7347 -0.3532 0.5792
vn -0.7479 -0.2832 0.6004
vn -0.6317 -0.4322 0.6435
vn -0.8173 -0.1755 0.5488
vn -0.8092 -0.1994 0.5527
vn -0.5019 -0.5817 0.6401
vn -0.2070 -0.6849 0.6986
vn -0.3336 -0.7046 0.6263
vn -0.3434 -0.6634 0.6648
vn -0.0035 -0.6831 0.7303
vn -0.4897 -0.6073 0.6256
vn -0.1109 -0.6765 0.7280
vn -0.1457 -0.6886 0.7104
vn -0.0381 -0.6950 0.7180
vn -0.2833 -0.7092 0.6456
vn -0.0578 -0.7356 0.6750
vn 0.0255 -0.6671 0.7445
vn -0.0445 -0.6357 0.7707
vn -0.0693 -0.6755 0.7341
vn -0.2849 -0.6554 0.6995
vn -0.2151 -0.6735 0.7072
vn -0.4923 -0.5606 0.6659
vn -0.3585 -0.6344 0.6848
vn -0.2489 -0.6509 0.7172
vn -0.4540 -0.5097 0.7308
vn -0.2770 -0.6327 0.7232
vn -0.7030 -0.4417 0.5574
vn 0.1336 -0.6869 0.7144
vn 0.1461 -0.7270 0.6710
vn -0.0787 -0.6825 0.7267
vn -0.2361 -0.5893 0.7727
vn 0.1317 -0.6279 0.7670
vn 0.1554 -0.5879 0.7939
vn -0.6663 -0.5592 0.4933
vn -0.3799 -0.7201 0.5807
vn -0.7744 -0.3760 0.5089
vn -0.7608 -0.3630 0.5379
vn -0.7534 -0.4624 0.4675
vn -0.8125 -0.3778 0.4441
vn -0.6413 -0.3913 0.6600
vn -0.6836 -0.4196 0.5971
vn -0.6564 -0.4111 0.6326
vn -0.4467 -0.5058 0.7380
vn -0.7129 -0.3639 0.5994
vn -0.7440 -0.3372 0.5769
vn -0.7998 -0.3351 0.4981
vn -0.7808 -0.3346 0.5276
vn -0.7624 -0.3196 0.5626
vn -0.8359 -0.3352 0.4346
vn -0.6840 -0.4403 0.5816
vn -0.7001 -0.4553 0.5501
vn -0.5724 -0.5547 0.6039
vn -0.5276 -0.5887 0.6124
vn -0.7062 -0.3491 0.6160
vn -0.6687 -0.3232 0.6696
vn -0.6895 -0.4024 0.6021
vn -0.5973 -0.4291 0.6775
vn -0.4429 -0.5049 0.7409
vn -0.7439 -0.3504 0.5690
vn -0.7431 -0.3001 0.5981
vn -0.0316 -0.6617 0.7491
vn -0.7039 -0.2731 0.6557
vn -0.0916 -0.7428 0.6632
vn -0.1753 -0.7428 0.6462
vn 0.2166 -0.6823 0.6982
vn 0.0069 -0.7459 0.6660
vn -0.0556 -0.7126 0.6994
vn -0.0232 -0.7529 0.6577
vn -0.1518 -0.6345 0.7578
vn 0.0427 -0.8178 0.5739
vn 0.1003 -0.7959 0.5971
vn -0.0416 -0.7692 0.6377
vn -0.0578 -0.8097 0.5839
vn 0.0511 -0.6968 0.7154
vn 0.1260 -0.7006 0.7024
vn -0.0561 -0.7197 0.6920
vn -0.0917 -0.7260 0.6815
vn -0.0629 -0.6865 0.7244
vn -0.1481 -0.6555 0.7405
vn -0.7668 -0.2128 0.6056
vn 0.1911 -0.6952 0.6930
vn -0.4190 -0.6337 0.6503
vn -0.5952 -0.2975 0.7465
vn -0.5559 -0.3292 0.7633
vn -0.2549 -0.5990 0.7591
vn -0.4822 -0.3724 0.7930
vn -0.5908 -0.2755 0.7583
vn -0.5470 -0.2874 0.7863
vn -0.4942 -0.2798 0.8231
vn -0.3496 -0.5404 0.7653
vn -0.4993 -0.4347 0.7495
vn -0.5411 -0.3859 0.7472
vn -0.5886 -0.3575 0.7251
vn -0.6011 -0.3601 0.7134
vn -0.6237 -0.3368 0.7054
vn -0.6632 -0.3311 0.6712
vn -0.6905 -0.2939 0.6610
vn -0.3771 -0.5013 0.7787
vn -0.2615 -0.5924 0.7621
vn -0.3853 -0.4463 0.8077
vn -0.4190 -0.4923 0.7629
vn -0.3257 -0.5848 0.7429
vn -0.3103 -0.6092 0.7298
vn -0.4690 -0.3955 0.7897
vn -0.4703 -0.3368 0.8157
vn -0.3890 -0.3845 0.8371
vn -0.2438 -0.5666 0.7871
vn 0.4958 0.2078 -0.8432
vn -0.2820 -0.5175 0.8079
vn -0.5927 -0.2470 0.7666
vn -0.5245 -0.2285 0.8202
vn 0.0440 -0.6925 0.7201
vn 0.0169 -0.7353 0.6776
vn -0.0903 -0.6806 0.7271
vn -0.1220 -0.6380 0.7603
vn 0.0594 -0.7305 0.6803
vn 0.0206 -0.6212 0.7834
vn -0.1483 -0.5928 0.7916
vn -0.0326 -0.6351 0.7718
vn 0.1063 -0.6974 0.7088
vn 0.2690 0.0603 -0.9613
vn 0.4430 0.6205 -0.6471
vn 0.5632 -0.3355 -0.7551
vn 0.3214 -0.1554 -0.9341
vn -0.0656 -0.4108 -0.9094
vn -0.0608 -0.2644 -0.9625
vn -0.2272 -0.2479 -0.9418
vn -0.3748 -0.1278 -0.9183
vn -0.5165 -0.0011 -0.8563
vn -0.1414 -0.1879 -0.9720
vn -0.0247 -0.4382 -0.8986
vn -0.3129 -0.0745 -0.9469
vn -0.4504 0.0592 -0.8909
vn 0.1879 -0.4743 -0.8601
vn 0.5982 0.4964 -0.6290
vn 0.0028 0.1693 -0.9856
vn -0.1392 0.3108 -0.9402
vn 0.4396 0.3513 -0.8266
vn -0.0668 -0.8681 -0.4919
vn -0.2688 -0.9351 -0.2308
vn -0.0092 -0.8050 -0.5932
vn -0.1352 -0.9822 -0.1301
vn -0.1933 -0.9464 -0.2587
vn 0.1866 -0.8398 -0.5099
vn -0.4294 -0.8607 -0.2736
vn 0.3057 -0.8546 -0.4197
vn -0.0800 -0.7206 -0.6887
vn -0.1687 -0.6956 -0.6983
vn -0.2860 -0.9206 -0.2658
vn -0.3474 -0.9015 -0.2582
vn -0.2285 -0.4179 -0.8793
vn 0.0020 -0.6047 -0.7965
vn -0.0165 -0.5577 -0.8299
vn -0.0905 -0.5862 -0.8051
vn 0.0811 -0.6187 -0.7815
vn 0.1713 -0.6686 -0.7236
vn 0.2966 -0.6975 -0.6523
vn 0.4349 -0.7455 -0.5051
vn -0.3563 -0.5563 -0.7507
vn -0.4332 -0.4769 -0.7648
vn -0.5226 -0.3847 -0.7608
vn -0.7188 -0.2179 -0.6602
vn -0.8083 -0.3453 -0.4769
vn -0.6591 -0.7336 -0.1656
vn -0.3895 -0.2675 -0.8813
vn -0.3316 -0.3848 -0.8614
vn -0.2997 -0.6549 -0.6938
vn -0.5241 -0.1650 -0.8355
vn -0.6152 -0.1728 -0.7692
vn -0.2105 -0.5863 -0.7823
vn -0.5305 -0.7720 -0.3502
vn -0.6389 -0.6232 0.4510
vn -0.4467 -0.8116 -0.3766
vn -0.6668 -0.6026 0.4383
vn -0.6853 -0.5635 0.4613
vn -0.6184 -0.5908 0.5183
vn -0.5764 -0.8147 0.0636
vn -0.5796 -0.7114 0.3975
vn -0.7903 -0.5070 0.3441
vn -0.8394 -0.4623 0.2858
vn -0.7232 -0.5505 0.4170
vn -0.7896 -0.4570 0.4096
vn -0.8786 -0.3919 0.2730
vn -0.7213 -0.5092 0.4696
vn -0.8410 -0.3638 0.4005
vn -0.7144 -0.6833 0.1511
vn -0.7016 -0.7126 0.0033
vn -0.7494 -0.6573 0.0795
vn -0.8459 -0.5298 0.0619
vn -0.8838 -0.4543 0.1121
vn -0.5756 -0.7450 0.3371
vn -0.6671 -0.7068 0.2352
vn -0.6272 -0.7545 0.1934
vn -0.5078 -0.8376 0.2014
vn 0.4954 0.7332 -0.4659
vn -0.6302 -0.7758 0.0307
vn 0.3991 0.6915 -0.6022
vn 0.5580 0.6488 -0.5174
vn 0.4728 0.7038 -0.5302
vn 0.4040 0.7263 -0.5561
vn 0.3463 0.7099 -0.6133
vn 0.5633 0.6927 -0.4504
vn 0.2154 0.6695 -0.7108
vn 0.5547 0.5391 -0.6338
vn 0.1875 0.6153 -0.7657
vn 0.7189 0.2171 -0.6603
vn 0.7792 -0.2658 -0.5677
vn 0.7748 -0.4239 -0.4690
vn 0.6944 -0.3746 -0.6144
vn 0.6445 0.5838 -0.4938
vn 0.8139 0.3033 -0.4955
vn 0.6226 -0.6328 -0.4603
vn 0.7852 0.1660 -0.5966
vn 0.4634 -0.4590 -0.7580
vn 0.6204 -0.1822 -0.7628
vn 0.3661 -0.2553 -0.8949
vn 0.3270 -0.3259 -0.8870
vn 0.2715 -0.2942 -0.9164
vn 0.4928 -0.0414 -0.8691
vn 0.4711 0.5403 -0.6973
vn 0.4648 0.3389 -0.8180
vn 0.7037 -0.2502 -0.6650
vn -0.2066 -0.3084 -0.9285
vn 0.7904 -0.3280 -0.5173
vn 0.6161 0.0454 -0.7863
vn 0.8358 -0.1287 -0.5337
vn 0.7656 0.0700 -0.6395
vn 0.4619 -0.3085 -0.8316
vn 0.4598 -0.4775 -0.7487
vn 0.5700 -0.5310 -0.6270
vn 0.6600 -0.5446 -0.5175
vn 0.7850 -0.4854 -0.3849
vn 0.0369 -0.2727 -0.9614
vn 0.2075 -0.5174 -0.8302
vn -0.0981 -0.2278 -0.9688
vn 0.2574 -0.7953 -0.5488
vn 0.3038 0.0788 -0.9495
vn 0.0753 -0.0481 -0.9960
vn 0.3251 0.2449 -0.9134
vn 0.2143 -0.2013 -0.9558
vn -0.4010 -0.6962 -0.5954
vn -0.6575 -0.7480 -0.0906
vn -0.5392 -0.8271 -0.1583
vn -0.4162 -0.8673 -0.2730
vn -0.4914 -0.8549 -0.1663
vn -0.4995 -0.8644 -0.0582
vn -0.5384 -0.6313 -0.5582
vn -0.6127 -0.7185 -0.3290
vn -0.6929 -0.7030 -0.1605
vn 0.3098 -0.9044 -0.2934
vn -0.0491 -0.9983 -0.0313
vn 0.3703 -0.7811 -0.5027
vn 0.2496 -0.9634 0.0977
vn 0.2567 -0.9400 -0.2250
vn 0.2272 -0.9667 -0.1179
vn 0.1542 -0.9878 -0.0202
vn 0.0273 -0.8343 -0.5507
vn -0.1914 -0.9424 -0.2743
vn -0.2825 -0.9522 -0.1164
vn 0.4442 -0.8775 0.1806
vn 0.1505 -0.7316 -0.6649
vn 0.5895 -0.7995 0.1151
vn 0.3514 -0.8830 0.3111
vn 0.0940 -0.9099 0.4039
vn -0.4729 -0.7678 0.4322
vn 0.4287 -0.9025 0.0404
vn 0.6652 -0.7413 0.0891
vn 0.5593 -0.8190 0.1279
vn 0.5769 -0.8161 -0.0342
vn 0.8189 -0.5732 0.0288
vn 0.7737 -0.6324 -0.0374
vn 0.8218 -0.5697 0.0081
vn -0.2626 -0.8048 0.5324
vn -0.2066 -0.8440 0.4949
vn -0.2913 -0.8302 0.4754
vn -0.5181 -0.6894 0.5062
vn -0.3560 -0.7620 0.5409
vn -0.3087 -0.7784 0.5466
vn -0.5320 -0.6228 0.5737
vn -0.2403 -0.8668 0.4370
vn -0.3700 -0.7048 0.6052
vn -0.4416 -0.8332 0.3328
vn -0.2643 -0.8566 0.4431
vn -0.3012 -0.9481 0.1017
vn -0.4125 -0.8834 0.2223
vn -0.7954 -0.5306 0.2929
vn -0.8114 -0.5441 0.2136
vn -0.8035 -0.4764 0.3569
vn -0.8388 -0.5162 0.1732
vn -0.7223 -0.5964 0.3501
vn -0.7225 -0.5339 0.4392
vn -0.6768 -0.5340 0.5068
vn -0.7732 -0.6335 0.0304
vn -0.6582 -0.7134 0.2404
vn -0.8136 -0.5806 -0.0304
vn -0.7741 -0.6222 -0.1169
vn -0.7921 -0.5791 0.1926
vn -0.7582 -0.6248 0.1864
vn -0.6069 -0.7832 0.1351
vn -0.7343 -0.6691 0.1145
vn -0.5393 -0.8413 0.0363
vn -0.2630 -0.5276 0.8078
vn -0.3499 -0.6031 0.7168
vn -0.3030 -0.6298 0.7152
vn -0.2940 -0.5411 0.7879
vn -0.4471 -0.4301 0.7843
vn -0.5071 -0.4642 0.7262
vn -0.2841 -0.5541 0.7825
vn -0.3187 -0.4473 0.8357
vn -0.3777 -0.4927 0.7839
vn -0.2357 -0.5054 0.8301
vn -0.3729 -0.4227 0.8260
vn 0.6706 -0.4843 -0.5620
vn 0.5421 0.4745 -0.6935
vn 0.5887 0.5096 -0.6275
vn -0.2482 -0.0781 -0.9656
vn 0.0084 -0.4624 -0.8866
vn 0.8425 -0.4797 -0.2453
vn 0.8247 -0.1787 -0.5366
vn 0.7741 -0.5041 -0.3830
vn 0.8258 -0.5268 -0.2014
vn 0.9127 -0.1925 -0.3605
vn 0.8000 0.1224 -0.5874
vn 0.4354 -0.8336 -0.3399
vn 0.8747 0.1766 -0.4514
vn 0.5892 0.5038 -0.6317
vn 0.5368 0.3963 -0.7449
vn 0.5064 -0.8313 -0.2293
vn 0.5654 -0.8148 -0.1286
vn 0.6202 -0.7840 -0.0258
vn 0.2346 -0.9341 -0.2692
vn 0.3251 -0.9343 -0.1459
vn 0.0492 -0.9478 -0.3150
vn -0.2475 0.7186 0.6499
vn 0.1354 -0.7665 -0.6278
vn 0.1064 0.8849 0.4535
vn -0.2296 0.1417 0.9629
vn -0.0705 0.7622 0.6435
vn 0.5785 0.6706 -0.4643
vn -0.1364 -0.3845 -0.9130
vn -0.1232 0.3069 0.9437
vn -0.2407 -0.2186 0.9457
vn -0.3260 0.2519 0.9112
vn -0.2713 0.1218 0.9548
vn -0.5362 0.0419 0.8430
vn -0.8154 -0.4918 -0.3055
vn -0.6132 -0.1896 0.7668
vn -0.4256 -0.3815 0.8205
vn -0.6636 -0.4058 -0.6285
vn -0.7081 -0.3388 -0.6196
vn -0.8485 -0.0868 -0.5220
vn -0.8372 -0.2349 -0.4940
vn -0.7540 -0.3910 -0.5279
vn -0.8604 -0.2608 -0.4378
vn -0.6668 -0.7125 -0.2186
vn -0.8671 -0.3794 -0.3229
vn -0.5520 -0.2758 -0.7869
vn -0.5396 -0.1986 -0.8181
vn -0.6930 -0.1962 -0.6938
vn -0.7844 -0.0442 -0.6187
vn -0.7065 -0.5050 -0.4958
vn -0.6205 -0.4934 -0.6095
vn -0.7444 -0.6065 -0.2792
vn -0.6570 -0.6070 -0.4471
vn -0.7324 -0.6463 -0.2141
vn -0.6489 -0.6922 -0.3160
vn -0.2293 -0.9137 -0.3354
vn -0.5360 -0.6986 -0.4739
vn -0.5597 -0.7469 -0.3589
vn -0.3233 -0.8800 -0.3481
vn -0.4466 -0.8566 -0.2586
vn 0.0884 0.0791 -0.9929
vn -0.2320 -0.9698 -0.0747
vn -0.3168 -0.9452 -0.0794
vn -0.5657 -0.8158 -0.1198
vn -0.4327 -0.9011 -0.0275
vn -0.2679 -0.6790 -0.6835
vn 0.3100 -0.8386 -0.4479
vn 0.0542 -0.7216 -0.6902
vn -0.0774 -0.9842 -0.1595
vn 0.0496 -0.9186 -0.3921
vn 0.1028 -0.9671 -0.2327
vn -0.3356 0.2710 -0.9022
vn -0.0869 0.1876 -0.9784
vn 0.1473 0.0201 -0.9889
vn 0.0544 0.0587 -0.9968
vn 0.0782 -0.4870 -0.8699
vn 0.0891 -0.3811 -0.9202
vn 0.1782 -0.2486 -0.9521
vn -0.6364 0.0962 -0.7654
vn -0.1633 -0.2017 -0.9657
vn -0.2239 -0.2706 -0.9363
vn -0.3246 -0.2677 -0.9072
vn -0.3667 -0.1737 -0.9140
vn -0.9738 0.1119 -0.1982
vn -0.3245 -0.1553 -0.9330
vn -0.9974 -0.0334 -0.0639
vn -0.9608 -0.2291 0.1562
vn -0.7926 0.1633 -0.5874
vn -0.9129 0.2552 -0.3185
vn -0.8620 0.2687 -0.4299
vn -0.8551 0.2794 -0.4368
vn -0.8596 0.2046 -0.4682
vn -0.9538 0.1140 -0.2780
vn -0.9318 0.0705 -0.3562
vn -0.9841 -0.0079 -0.1776
vn -0.5523 -0.6487 0.5236
vn -0.9017 0.0230 -0.4317
vn -0.9614 -0.2589 -0.0929
vn -0.9468 -0.1788 -0.2677
vn -0.7876 -0.4481 0.4230
vn -0.7171 -0.4735 0.5114
vn -0.7598 -0.4745 0.4445
vn -0.7690 -0.5241 0.3660
vn -0.6451 -0.5794 0.4981
vn -0.6529 -0.5321 0.5390
vn -0.8722 -0.3298 0.3611
vn -0.8619 -0.4293 0.2699
vn -0.9574 -0.2582 0.1292
vn -0.8745 -0.3703 0.3134
vn -0.8456 -0.3718 0.3831
vn -0.8137 -0.3889 0.4321
vn -0.8236 -0.5544 0.1192
vn -0.8933 -0.4203 0.1591
vn -0.9245 -0.3764 0.0595
vn -0.9488 -0.3086 0.0674
vn -0.6621 -0.6660 0.3435
vn -0.7557 -0.6090 0.2410
vn -0.6510 -0.7344 0.1920
vn 0.5410 -0.7871 -0.2964
vn -0.7559 -0.6438 0.1187
vn -0.8652 -0.4989 0.0506
vn -0.7385 -0.6743 -0.0038
vn -0.7338 -0.6793 0.0104
vn -0.6420 -0.7654 0.0453
vn -0.7531 -0.6528 -0.0824
vn 0.5860 -0.7792 -0.2224
vn 0.2963 -0.7921 -0.5336
vn 0.3960 -0.9169 -0.0501
vn 0.3759 -0.9147 0.1485
vn 0.1837 -0.9202 0.3458
vn 0.8632 -0.0663 -0.5004
vn 0.2009 -0.9646 0.1707
vn 0.5081 -0.8598 -0.0497
vn 0.2889 -0.9297 0.2285
vn 0.2278 -0.9464 0.2288
vn 0.4724 -0.8196 -0.3241
vn 0.7827 -0.0485 -0.6205
vn 0.0975 0.4483 -0.8886
vn -0.1857 -0.0634 -0.9806
vn -0.1791 -0.1430 -0.9734
vn -0.0219 0.2290 -0.9732
vn 0.2352 0.5339 -0.8121
vn 0.3073 0.6264 -0.7164
vn 0.0117 0.3735 -0.9276
vn 0.0531 0.0643 -0.9965
vn 0.2034 0.4577 -0.8655
vn -0.1007 0.0329 -0.9944
vn -0.1266 -0.1451 -0.9813
vn -0.0295 0.1300 -0.9911
vn -0.0296 -0.2003 -0.9793
vn 0.2412 0.1042 -0.9649
vn 0.1229 -0.2359 -0.9640
vn -0.5054 -0.4860 -0.7129
vn 0.3601 -0.3034 -0.8822
vn -0.3097 -0.1219 -0.9430
vn -0.3672 -0.1776 -0.9130
vn -0.7118 0.0795 -0.6979
vn -0.4574 -0.1237 -0.8806
vn 0.3481 -0.5446 -0.7630
vn -0.3811 -0.0606 -0.9226
vn -0.1556 -0.4027 -0.9020
vn -0.1359 -0.5250 -0.8402
vn -0.2077 0.0088 -0.9782
vn -0.2757 -0.4066 -0.8710
vn -0.4190 0.2292 -0.8786
vn 0.4868 0.5096 -0.7095
vn -0.6430 0.2805 -0.7126
vn 0.3564 0.4188 -0.8352
vn 0.0971 0.4951 -0.8634
vn -0.2188 0.2852 -0.9332
vn -0.1392 0.3475 -0.9273
vn 0.3058 0.3139 -0.8988
vn 0.4095 0.5376 -0.7371
vn -0.2790 0.4388 -0.8542
vn 0.4612 0.4057 -0.7891
vn 0.4021 0.4576 -0.7931
vn -0.2465 -0.9651 0.0887
vn 0.3993 0.5784 -0.7114
vn 0.4242 0.6647 -0.6150
vn -0.2735 -0.9614 -0.0296
vn -0.0333 -0.9768 -0.2116
vn -0.1737 -0.8794 -0.4433
vn -0.1598 -0.9812 0.1081
vn 0.1947 -0.9319 -0.3061
vn 0.0004 -0.9999 0.0115
vn -0.0529 -0.9951 0.0840
vn 0.0388 -0.7513 -0.6588
vn -0.3633 -0.9300 0.0565
vn -0.3241 -0.9382 0.1214
vn -0.3747 -0.6799 -0.6303
vn -0.4641 -0.7808 -0.4182
vn -0.8604 -0.3182 -0.3980
vn -0.2136 -0.6863 -0.6953
vn -0.1194 -0.6763 -0.7269
vn -0.5610 -0.3348 -0.7570
vn -0.8873 -0.2053 -0.4130
vn -0.7604 -0.5922 -0.2667
vn -0.8761 -0.4089 -0.2555
vn -0.7893 -0.6010 -0.1257
vn -0.7586 -0.6515 -0.0102
vn -0.6104 -0.2222 -0.7603
vn -0.7087 -0.5230 -0.4734
vn -0.6762 -0.4185 -0.6063
vn -0.7888 -0.0426 -0.6131
vn 0.8363 -0.5056 0.2123
vn -0.6229 -0.7470 -0.2323
vn -0.6599 -0.6272 -0.4138
vn -0.5192 -0.8099 -0.2731
vn -0.5076 -0.6672 -0.5452
vn -0.5618 -0.4675 -0.6825
vn -0.4533 -0.6588 -0.6004
vn -0.6754 -0.7360 -0.0466
vn -0.6290 -0.7707 0.1022
vn -0.6161 -0.7810 -0.1024
vn -0.5756 -0.8108 0.1062
vn 0.7221 -0.6169 0.3130
vn 0.6485 -0.6374 0.4161
vn 0.4360 -0.7843 0.4413
vn 0.6645 -0.6450 0.3774
vn 0.4730 -0.7322 0.4900
vn 0.5468 -0.8289 0.1182
vn 0.6356 -0.7120 0.2983
vn 0.6504 -0.7297 0.2111
vn 0.4123 -0.9063 -0.0924
vn 0.3678 -0.8620 0.3488
vn 0.4791 -0.8566 0.1917
vn 0.3105 -0.9497 0.0414
vn 0.8319 -0.5381 0.1356
vn 0.2907 -0.9277 0.2344
vn 0.7129 -0.6374 0.2925
vn 0.7697 -0.6163 0.1666
vn -0.1239 -0.8271 0.5482
vn 0.7397 -0.6724 0.0278
vn 0.6457 -0.7376 -0.1974
vn -0.0211 -0.8167 0.5766
vn 0.0519 -0.7697 0.6364
vn 0.0864 -0.7595 0.6447
vn 0.1255 -0.7609 0.6366
vn -0.2669 -0.7975 0.5412
vn -0.0820 -0.7911 0.6062
vn -0.0287 -0.8168 0.5763
vn -0.2047 -0.7462 0.6334
vn -0.1111 -0.8608 0.4967
vn -0.0421 -0.7523 0.6574
vn -0.2985 -0.9183 0.2600
vn -0.1837 -0.8596 0.4768
vn -0.3421 -0.9086 0.2397
vn -0.2563 -0.8844 0.3901
vn 0.9552 0.1417 -0.2598
vn -0.3338 -0.8891 0.3133
vn -0.2816 -0.8408 0.4624
vn -0.4752 -0.8693 0.1361
vn 0.1222 -0.8580 0.4989
vn -0.1620 -0.9097 0.3823
vn 0.3214 0.7614 -0.5630
vn 0.9932 0.0412 -0.1093
vn 0.8216 0.4699 -0.3228
vn 0.9786 0.1283 -0.1608
vn 0.7475 0.4944 -0.4436
vn 0.6587 0.4775 -0.5814
vn 0.6213 0.3305 -0.7105
vn 0.9017 0.0997 -0.4207
vn 0.4726 0.1233 -0.8726
vn 0.7869 0.1072 -0.6077
vn 0.6809 -0.3183 -0.6596
vn 0.9694 -0.2334 -0.0761
vn 0.9299 -0.2643 -0.2557
vn 0.8086 -0.2532 -0.5311
vn 0.7324 0.4862 -0.4766
vn 0.5158 -0.2367 -0.8234
vn 0.6373 0.6151 -0.4641
vn 0.4723 0.7130 -0.5182
vn 0.7423 0.5036 -0.4419
vn 0.6640 0.5645 -0.4904
vn 0.6976 0.5641 -0.4417
vn 0.5167 0.6889 -0.5084
vn 0.6638 0.5127 -0.5445
vn 0.6971 0.5483 -0.4619
vn 0.5165 0.6402 -0.5686
vn 0.6688 0.6071 -0.4291
vn 0.6416 0.5988 -0.4794
vn 0.5467 0.6741 -0.4967
vn 0.5625 0.6502 -0.5107
vn 0.6051 0.5856 -0.5394
vn 0.5320 0.6492 -0.5435
vn 0.6733 0.5209 -0.5248
vn 0.5291 0.7811 -0.3316
vn 0.5656 0.6871 -0.4561
vn 0.5033 0.6792 -0.5342
vn 0.6926 0.5093 -0.5107
vn 0.7117 0.6176 -0.3348
vn 0.6605 0.7389 -0.1333
vn 0.1621 0.8264 -0.5392
vn 0.6801 0.7252 0.1074
vn 0.7506 0.4251 0.5059
vn 0.6052 0.6210 -0.4981
vn 0.2844 0.8189 -0.4985
vn 0.3167 0.8035 -0.5041
vn 0.3693 0.8249 -0.4278
vn 0.4310 0.8143 -0.3888
vn 0.1831 0.7951 -0.5781
vn 0.4488 0.6848 -0.5741
vn 0.2681 0.7296 -0.6292
vn 0.6873 0.4404 0.5777
vn 0.4722 0.6668 0.5766
vn 0.6395 0.7437 -0.1947
vn 0.6789 0.5749 -0.4567
vn 0.6037 0.7963 0.0380
vn -0.1636 0.4931 -0.8544
vn -0.0031 0.7347 -0.6783
vn -0.3510 0.6741 -0.6499
vn -0.4023 0.4631 -0.7898
vn -0.0897 0.7867 -0.6108
vn -0.4264 0.6821 -0.5941
vn -0.5255 0.6130 -0.5900
vn 0.5293 0.6014 -0.5985
vn 0.6751 0.5234 -0.5199
vn 0.0504 0.4456 -0.8938
vn 0.1633 0.5344 -0.8293
vn -0.1010 0.6541 -0.7496
vn -0.1566 0.7720 -0.6161
vn -0.0775 0.7115 -0.6984
vn 0.0021 0.7112 -0.7030
vn 0.5365 0.6426 -0.5470
vn -0.2782 -0.0092 -0.9605
vn 0.4506 0.5938 -0.6666
vn 0.5589 0.5409 -0.6286
vn 0.2350 0.7567 -0.6100
vn 0.6938 0.1993 -0.6920
vn 0.7403 -0.2770 -0.6126
vn 0.1528 0.4908 -0.8578
vn 0.4162 -0.0970 -0.9041
vn 0.8494 0.0553 -0.5248
vn 0.1900 0.6380 -0.7462
vn 0.7626 0.1418 -0.6312
vn 0.6330 0.1321 -0.7628
vn 0.4696 0.2162 -0.8560
vn -0.0586 0.6471 -0.7601
vn 0.1784 0.8198 -0.5441
vn 0.0370 0.7383 -0.6735
vn 0.0809 0.8540 -0.5139
vn 0.3083 0.7799 -0.5447
vn 0.3823 0.6925 -0.6118
vn 0.4459 0.5478 -0.7079
vn 0.5352 0.6716 -0.5124
vn 0.0130 -0.0760 -0.9970
vn 0.4486 -0.2891 -0.8457
vn 0.1319 -0.1680 -0.9769
vn 0.2007 0.3590 -0.9115
vn -0.0930 0.0823 -0.9923
vn 0.1835 0.2250 -0.9569
vn -0.1255 -0.0739 -0.9893
vn 0.5932 0.3714 -0.7143
vn 0.4712 0.3872 -0.7925
vn 0.6564 0.5492 -0.5173
vn 0.6777 0.6448 -0.3535
vn 0.1472 0.3534 -0.9238
vn 0.6491 0.4250 -0.6309
vn -0.2091 0.0737 -0.9751
vn -0.3594 0.1754 -0.9166
vn 0.0699 0.3623 0.9295
vn -0.6243 0.1031 -0.7743
vn -0.3967 -0.4855 0.7790
vn 0.5275 -0.6315 -0.5683
vn -0.2264 0.5245 0.8207
vn 0.3360 -0.5779 -0.7438
vn -0.5092 0.6266 0.5900
vn 0.6828 -0.2018 0.7022
vn -0.6353 0.1337 -0.7606
vn 0.4724 0.0379 0.8806
vn 0.6070 -0.6546 -0.4505
vn 0.7035 0.5571 -0.4414
vn 0.7995 -0.3712 0.4722
vn -0.2337 -0.2465 -0.9406
vn 0.7901 -0.6117 -0.0390
vn -0.8393 0.4549 -0.2976
vn -0.8313 0.5447 -0.1105
vn -0.7301 0.2246 -0.6454
vn -0.2380 0.5337 0.8115
vn -0.3954 -0.1215 -0.9104
vn -0.7371 0.6308 0.2424
vn -0.4160 -0.6363 0.6496
vn 0.8287 -0.4670 0.3085
vn -0.5097 0.6275 0.5886
vn 0.6364 -0.1186 0.7622
vn 0.7384 -0.6351 -0.2267
vn 0.3874 0.1368 0.9117
vn -0.0457 0.4223 0.9053
vn -0.8180 0.5623 -0.1215
vn -0.7396 0.6308 0.2346
vn -0.7949 0.3733 -0.4783
vn 0.3819 0.1225 0.9161
vn -0.8218 0.5577 -0.1166
vn -0.2728 -0.2322 -0.9336
vn 0.2353 0.2326 0.9437
vn -0.7961 0.3569 -0.4887
vn 0.0590 -0.4492 -0.8915
vn -0.2042 0.5294 0.8234
vn -0.6661 0.6346 0.3920
vn 0.7933 -0.3661 0.4864
vn 0.3349 -0.5845 -0.7391
vn 0.0518 0.3659 0.9292
vn -0.0677 -0.3655 -0.9283
vn 0.5160 -0.0144 0.8565
vn -0.8439 0.4536 -0.2866
vn -0.4890 0.6322 0.6010
vn 0.6165 -0.6525 -0.4407
vn -0.4726 -0.5602 0.6803
vn -0.7936 0.3772 -0.4773
s 0
f 85//1 2927//1 86//1
f 166//2 108//2 167//2
f 166//3 167//3 2980//3
f 2980//4 2975//4 166//4
f 105//5 169//5 166//5
f 2975//6 170//6 166//6
f 111//7 2978//7 2980//7
f 105//8 166//8 170//8
f 2978//9 112//9 110//9
f 170//10 171//10 105//10
f 2971//11 174//11 171//11
f 174//12 2969//12 172//12
f 173//13 176//13 2968//13
f 2964//14 2965//14 179//14
f 176//15 106//15 175//15
f 177//16 174//16 178//16
f 179//17 103//17 178//17
f 178//18 180//18 177//18
f 156//19 124//19 126//19
f 124//20 156//20 123//20
f 126//21 127//21 156//21
f 123//22 156//22 121//22
f 2950//23 157//23 156//23
f 2953//24 156//24 127//24
f 156//25 157//25 121//25
f 2949//26 119//26 157//26
f 2953//27 125//27 2952//27
f 159//28 2952//28 125//28
f 2943//29 159//29 2944//29
f 2951//30 117//30 158//30
f 116//31 2942//31 115//31
f 2906//32 115//32 2942//32
f 161//33 2908//33 2944//33
f 161//34 2944//34 122//34
f 162//35 161//35 164//35
f 120//36 118//36 164//36
f 113//37 163//37 164//37
f 114//38 113//38 164//38
f 137//39 142//39 2930//39
f 144//40 2930//40 142//40
f 143//41 146//41 145//41
f 2924//42 2925//42 143//42
f 135//43 132//43 148//43
f 2923//44 154//44 151//44
f 130//45 128//45 148//45
f 151//46 147//46 2923//46
f 148//47 131//47 2931//47
f 2922//48 152//48 149//48
f 150//49 149//49 152//49
f 153//50 152//50 2922//50
f 134//51 154//51 150//51
f 154//52 133//52 136//52
f 139//53 138//53 147//53
f 137//54 141//54 2720//54
f 2720//55 2924//55 143//55
f 143//56 2925//56 146//56
f 135//57 148//57 144//57
f 145//58 146//58 140//58
f 147//59 146//59 2923//59
f 132//60 130//60 148//60
f 129//61 148//61 128//61
f 2931//62 131//62 153//62
f 138//63 140//63 146//63
f 147//64 138//64 146//64
f 148//65 129//65 131//65
f 151//66 155//66 147//66
f 134//67 150//67 152//67
f 154//68 136//68 151//68
f 151//69 136//69 155//69
f 134//70 133//70 154//70
f 147//71 155//71 139//71
f 107//72 166//72 168//72
f 166//73 107//73 108//73
f 168//74 166//74 169//74
f 2980//75 167//75 111//75
f 2978//76 111//76 112//76
f 2977//77 2978//77 110//77
f 170//78 2971//78 171//78
f 109//79 2977//79 110//79
f 2971//80 2969//80 174//80
f 173//81 2979//81 109//81
f 2968//82 176//82 175//82
f 175//83 106//83 179//83
f 174//84 172//84 178//84
f 2964//85 179//85 178//85
f 106//86 181//86 179//86
f 178//87 103//87 180//87
f 179//88 104//88 103//88
f 104//89 179//89 181//89
f 2950//90 2949//90 157//90
f 125//91 2953//91 127//91
f 2949//92 158//92 119//92
f 160//93 119//93 158//93
f 158//94 117//94 160//94
f 2942//95 116//95 2951//95
f 2944//96 159//96 122//96
f 116//97 117//97 2951//97
f 161//98 2912//98 2908//98
f 162//99 163//99 2906//99
f 115//100 2906//100 163//100
f 120//101 164//101 161//101
f 163//102 162//102 164//102
f 118//103 165//103 164//103
f 165//104 114//104 164//104
f 109//105 2902//105 2898//105
f 103//106 1372//106 1379//106
f 120//107 2623//107 2881//107
f 129//108 2870//108 2869//108
f 121//109 2893//109 2894//109
f 181//110 1375//110 1373//110
f 159//111 1419//111 2876//111
f 2868//112 134//112 1476//112
f 136//113 2867//113 2883//113
f 189//114 1686//114 184//114
f 184//115 183//115 189//115
f 194//116 193//116 183//116
f 2757//117 194//117 184//117
f 2851//118 2758//118 195//118
f 187//119 514//119 510//119
f 185//120 186//120 514//120
f 186//121 224//121 514//121
f 510//122 188//122 187//122
f 509//123 190//123 188//123
f 203//124 197//124 196//124
f 202//125 1534//125 197//125
f 200//126 203//126 196//126
f 205//127 204//127 203//127
f 1335//128 204//128 205//128
f 196//129 197//129 198//129
f 199//130 207//130 613//130
f 197//131 208//131 206//131
f 206//132 209//132 207//132
f 209//133 1537//133 2774//133
f 450//134 449//134 196//134
f 199//135 451//135 198//135
f 201//136 210//136 205//136
f 211//137 214//137 212//137
f 212//138 216//138 213//138
f 214//139 216//139 212//139
f 214//140 218//140 216//140
f 218//141 2758//141 216//141
f 219//142 193//142 2758//142
f 212//143 220//143 211//143
f 1723//144 280//144 212//144
f 220//145 437//145 211//145
f 222//146 437//146 220//146
f 211//147 224//147 215//147
f 225//148 231//148 226//148
f 229//149 232//149 231//149
f 232//150 594//150 231//150
f 226//151 227//151 225//151
f 226//152 233//152 227//152
f 1661//153 237//153 235//153
f 502//154 499//154 233//154
f 228//155 502//155 233//155
f 501//156 502//156 228//156
f 253//157 243//157 250//157
f 253//158 251//158 243//158
f 1814//159 252//159 240//159
f 490//160 491//160 246//160
f 491//161 515//161 538//161
f 256//162 2761//162 257//162
f 263//163 264//163 2761//163
f 260//164 265//164 262//164
f 269//165 548//165 258//165
f 257//166 269//166 256//166
f 270//167 547//167 269//167
f 254//168 457//168 459//168
f 254//169 271//169 457//169
f 271//170 458//170 457//170
f 456//171 2768//171 261//171
f 455//172 456//172 260//172
f 279//173 2759//173 2760//173
f 278//174 280//174 279//174
f 221//175 220//175 278//175
f 280//176 1723//176 2759//176
f 281//177 275//177 272//177
f 282//178 276//178 275//178
f 1741//179 281//179 274//179
f 285//180 286//180 281//180
f 276//181 441//181 275//181
f 276//182 2769//182 442//182
f 288//183 294//183 289//183
f 295//184 296//184 294//184
f 289//185 291//185 288//185
f 1684//186 303//186 290//186
f 291//187 190//187 507//187
f 506//188 2767//188 293//188
f 505//189 293//189 292//189
f 505//190 506//190 293//190
f 309//191 305//191 304//191
f 311//192 307//192 306//192
f 312//193 1588//193 307//193
f 313//194 311//194 305//194
f 314//195 312//195 311//195
f 315//196 314//196 313//196
f 317//197 316//197 314//197
f 305//198 306//198 304//198
f 304//199 306//199 308//199
f 307//200 1600//200 633//200
f 304//201 2197//201 2193//201
f 2195//202 2196//202 310//202
f 322//203 325//203 326//203
f 333//204 500//204 330//204
f 348//205 330//205 329//205
f 330//206 335//206 334//206
f 336//207 1415//207 332//207
f 329//208 332//208 339//208
f 332//209 341//209 339//209
f 340//210 1412//210 341//210
f 345//211 343//211 347//211
f 343//212 556//212 349//212
f 348//213 344//213 347//213
f 350//214 1395//214 344//214
f 351//215 1403//215 350//215
f 341//216 1402//216 351//216
f 341//217 351//217 350//217
f 344//218 352//218 342//218
f 344//219 2770//219 352//219
f 2770//220 1401//220 352//220
f 355//221 354//221 353//221
f 377//222 489//222 355//222
f 1515//223 1519//223 358//223
f 359//224 381//224 380//224
f 364//225 365//225 366//225
f 365//226 2205//226 366//226
f 361//227 362//227 360//227
f 577//228 362//228 361//228
f 363//229 368//229 370//229
f 363//230 364//230 360//230
f 370//231 369//231 363//231
f 371//232 372//232 376//232
f 372//233 375//233 376//233
f 531//234 372//234 371//234
f 372//235 527//235 375//235
f 376//236 377//236 380//236
f 375//237 516//237 377//237
f 376//238 373//238 371//238
f 380//239 378//239 373//239
f 380//240 373//240 376//240
f 381//241 2772//241 378//241
f 386//242 383//242 385//242
f 385//243 383//243 2203//243
f 2202//244 387//244 385//244
f 387//245 569//245 385//245
f 392//246 393//246 395//246
f 388//247 392//247 389//247
f 394//248 391//248 400//248
f 389//249 397//249 388//249
f 396//250 525//250 389//250
f 388//251 1472//251 1468//251
f 397//252 398//252 1472//252
f 1468//253 401//253 388//253
f 404//254 453//254 446//254
f 404//255 409//255 411//255
f 412//256 405//256 1347//256
f 411//257 405//257 412//257
f 412//258 406//258 411//258
f 415//259 445//259 417//259
f 422//260 415//260 414//260
f 416//261 418//261 413//261
f 416//262 414//262 417//262
f 424//263 439//263 425//263
f 425//264 426//264 424//264
f 430//265 424//265 428//265
f 511//266 428//266 427//266
f 427//267 433//267 431//267
f 444//268 438//268 222//268
f 435//269 439//269 436//269
f 439//270 424//270 430//270
f 435//271 437//271 222//271
f 436//272 437//272 435//272
f 222//273 223//273 444//273
f 442//274 2769//274 418//274
f 445//275 415//275 444//275
f 451//276 446//276 450//276
f 451//277 452//277 410//277
f 446//278 453//278 449//278
f 448//279 1345//279 2776//279
f 457//280 458//280 395//280
f 393//281 455//281 459//281
f 462//282 452//282 463//282
f 464//283 460//283 461//283
f 565//284 467//284 462//284
f 467//285 452//285 462//285
f 461//286 469//286 464//286
f 468//287 469//287 461//287
f 464//288 562//288 466//288
f 469//289 610//289 562//289
f 473//290 472//290 470//290
f 472//291 520//291 523//291
f 551//292 539//292 517//292
f 477//293 475//293 474//293
f 479//294 2756//294 475//294
f 481//295 2196//295 478//295
f 474//296 475//296 476//296
f 477//297 481//297 478//297
f 482//298 357//298 354//298
f 488//299 489//299 490//299
f 354//300 488//300 482//300
f 355//301 489//301 488//301
f 492//302 495//302 493//302
f 553//303 572//303 495//303
f 576//304 496//304 494//304
f 493//305 494//305 492//305
f 502//306 335//306 499//306
f 501//307 321//307 502//307
f 499//308 330//308 500//308
f 555//309 500//309 557//309
f 503//310 508//310 322//310
f 318//311 505//311 504//311
f 318//312 501//312 506//312
f 287//313 507//313 503//313
f 190//314 509//314 507//314
f 509//315 511//315 512//315
f 512//316 511//316 427//316
f 510//317 2775//317 511//317
f 324//318 508//318 512//318
f 514//319 513//319 2775//319
f 519//320 516//320 515//320
f 491//321 516//321 519//321
f 520//322 517//322 521//322
f 375//323 520//323 521//323
f 521//324 518//324 515//324
f 521//325 517//325 522//325
f 517//326 539//326 522//326
f 523//327 458//327 470//327
f 526//328 531//328 528//328
f 520//329 527//329 523//329
f 382//330 530//330 529//330
f 1496//331 530//331 382//331
f 540//332 534//332 532//332
f 535//333 537//333 536//333
f 537//334 249//334 536//334
f 538//335 518//335 532//335
f 532//336 522//336 540//336
f 541//337 535//337 534//337
f 533//338 541//338 540//338
f 533//339 549//339 541//339
f 545//340 547//340 543//340
f 546//341 548//341 545//341
f 547//342 270//342 1795//342
f 549//343 533//343 544//343
f 545//344 551//344 471//344
f 544//345 533//345 551//345
f 555//346 349//346 556//346
f 552//347 558//347 554//347
f 558//348 553//348 554//348
f 553//349 559//349 554//349
f 495//350 559//350 553//350
f 556//351 560//351 555//351
f 563//352 561//352 466//352
f 561//353 384//353 466//353
f 563//354 619//354 480//354
f 566//355 567//355 568//355
f 564//356 384//356 383//356
f 565//357 460//357 465//357
f 1353//358 566//358 564//358
f 570//359 405//359 566//359
f 2780//360 570//360 1353//360
f 575//361 362//361 576//361
f 578//362 573//362 571//362
f 572//363 578//363 576//363
f 578//364 572//364 346//364
f 342//365 579//365 573//365
f 580//366 574//366 571//366
f 579//367 580//367 573//367
f 583//368 368//368 581//368
f 1387//369 583//369 581//369
f 585//370 593//370 586//370
f 586//371 593//371 587//371
f 587//372 232//372 229//372
f 594//373 232//373 593//373
f 2766//374 595//374 591//374
f 2766//375 594//375 595//375
f 585//376 554//376 584//376
f 586//377 552//377 585//377
f 587//378 560//378 586//378
f 555//379 560//379 587//379
f 229//380 555//380 587//380
f 584//381 559//381 588//381
f 596//382 2765//382 591//382
f 599//383 2764//383 596//383
f 601//384 605//384 620//384
f 604//385 605//385 603//385
f 608//386 606//386 604//386
f 609//387 607//387 606//387
f 602//388 600//388 469//388
f 600//389 610//389 469//389
f 468//390 613//390 612//390
f 462//391 199//391 613//391
f 603//392 611//392 604//392
f 602//393 603//393 600//393
f 602//394 612//394 603//394
f 613//395 207//395 612//395
f 618//396 562//396 615//396
f 605//397 616//397 620//397
f 607//398 621//398 616//398
f 610//399 601//399 620//399
f 616//400 623//400 622//400
f 625//401 632//401 626//401
f 626//402 632//402 627//402
f 630//403 308//403 631//403
f 626//404 634//404 625//404
f 636//405 635//405 634//405
f 627//406 636//406 626//406
f 638//407 637//407 636//407
f 624//408 497//408 492//408
f 628//409 588//409 497//409
f 492//410 629//410 624//410
f 2316//411 2317//411 639//411
f 641//412 2318//412 640//412
f 2667//413 639//413 2674//413
f 639//414 1067//414 2683//414
f 2667//415 2672//415 640//415
f 645//416 641//416 644//416
f 655//417 664//417 662//417
f 656//418 667//418 646//418
f 656//419 1219//419 667//419
f 657//420 646//420 655//420
f 658//421 656//421 646//421
f 1232//422 660//422 659//422
f 664//423 666//423 647//423
f 646//424 667//424 664//424
f 669//425 1227//425 1064//425
f 649//426 675//426 673//426
f 653//427 674//427 654//427
f 674//428 2946//428 654//428
f 650//429 677//429 675//429
f 674//430 679//430 2946//430
f 651//431 652//431 677//431
f 683//432 689//432 684//432
f 684//433 693//433 685//433
f 694//434 718//434 685//434
f 695//435 693//435 689//435
f 696//436 694//436 693//436
f 697//437 718//437 694//437
f 691//438 695//438 690//438
f 698//439 696//439 695//439
f 684//440 686//440 683//440
f 685//441 703//441 684//441
f 737//442 738//442 703//442
f 688//443 705//443 706//443
f 704//444 708//444 705//444
f 705//445 709//445 706//445
f 688//446 689//446 683//446
f 691//447 710//447 692//447
f 690//448 711//448 691//448
f 1140//449 1134//449 706//449
f 722//450 713//450 733//450
f 725//451 2370//451 722//451
f 730//452 732//452 715//452
f 712//453 731//453 729//453
f 715//454 732//454 936//454
f 732//455 735//455 981//455
f 714//456 716//456 729//456
f 736//457 717//457 716//457
f 737//458 718//458 717//458
f 715//459 736//459 714//459
f 738//460 737//460 736//460
f 719//461 739//461 720//461
f 717//462 745//462 742//462
f 718//463 697//463 745//463
f 768//464 764//464 766//464
f 2789//465 768//465 766//465
f 771//466 770//466 753//466
f 773//467 2859//467 1069//467
f 781//468 1682//468 1681//468
f 783//469 2314//469 781//469
f 793//470 799//470 798//470
f 795//471 1586//471 801//471
f 803//472 2139//472 2135//472
f 785//473 802//473 784//473
f 786//474 802//474 785//474
f 805//475 804//475 802//475
f 787//476 805//476 786//476
f 810//477 2858//477 811//477
f 812//478 794//478 793//478
f 846//479 813//479 794//479
f 845//480 846//480 815//480
f 814//481 2855//481 1598//481
f 1068//482 1069//482 819//482
f 2677//483 2682//483 818//483
f 818//484 817//484 2677//484
f 827//485 822//485 831//485
f 830//486 827//486 821//486
f 1062//487 827//487 830//487
f 1063//488 1064//488 827//488
f 832//489 1421//489 823//489
f 833//490 832//490 831//490
f 1405//491 1421//491 832//491
f 823//492 834//492 825//492
f 826//493 2803//493 820//493
f 2896//494 2874//494 834//494
f 846//495 845//495 842//495
f 843//496 846//496 842//496
f 847//497 846//497 843//497
f 849//498 813//498 847//498
f 844//499 1906//499 848//499
f 837//500 850//500 836//500
f 838//501 841//501 836//501
f 854//502 855//502 842//502
f 858//503 2862//503 855//503
f 859//504 854//504 857//504
f 860//505 867//505 866//505
f 864//506 2139//506 867//506
f 867//507 2140//507 866//507
f 869//508 2131//508 1380//508
f 860//509 861//509 877//509
f 861//510 875//510 872//510
f 872//511 876//511 874//511
f 1380//512 875//512 868//512
f 877//513 867//513 860//513
f 1141//514 709//514 1013//514
f 1013//515 1012//515 882//515
f 1010//516 1027//516 883//516
f 891//517 895//517 890//517
f 900//518 2800//518 2063//518
f 903//519 904//519 891//519
f 904//520 892//520 891//520
f 904//521 1983//521 892//521
f 906//522 916//522 915//522
f 920//523 910//523 927//523
f 915//524 919//524 908//524
f 1478//525 1477//525 910//525
f 906//526 908//526 912//526
f 925//527 928//527 926//527
f 910//528 911//528 927//528
f 928//529 1474//529 929//529
f 982//530 2797//530 937//530
f 936//531 934//531 933//531
f 933//532 2695//532 935//532
f 933//533 980//533 936//533
f 918//534 939//534 935//534
f 2384//535 2795//535 943//535
f 942//536 2366//536 2365//536
f 2376//537 2377//537 940//537
f 2664//538 953//538 952//538
f 951//539 962//539 952//539
f 974//540 976//540 2713//540
f 974//541 975//541 976//541
f 965//542 967//542 966//542
f 980//543 738//543 715//543
f 715//544 936//544 980//544
f 985//545 932//545 708//545
f 985//546 707//546 984//546
f 1013//547 709//547 932//547
f 983//548 687//548 986//548
f 986//549 738//549 987//549
f 986//550 917//550 983//550
f 987//551 918//551 986//551
f 989//552 995//552 990//552
f 988//553 994//553 989//553
f 989//554 996//554 995//554
f 996//555 1350//555 1351//555
f 990//556 997//556 988//556
f 998//557 1181//557 997//557
f 999//558 2825//558 993//558
f 992//559 999//559 993//559
f 991//560 1188//560 999//560
f 993//561 1001//561 994//561
f 1017//562 1014//562 1005//562
f 2615//563 2453//563 1025//563
f 1029//564 1030//564 2183//564
f 1029//565 2183//565 2167//565
f 2174//566 2176//566 1031//566
f 2174//567 1031//567 2146//567
f 2176//568 2150//568 1031//568
f 2176//569 2178//569 2150//569
f 1033//570 1043//570 1050//570
f 1042//571 1230//571 1046//571
f 1050//572 1036//572 1033//572
f 1048//573 1037//573 1036//573
f 1054//574 1040//574 1039//574
f 1054//575 1053//575 1040//575
f 1875//576 1860//576 1040//576
f 1054//577 1056//577 1053//577
f 1055//578 1056//578 1054//578
f 1039//579 1059//579 1058//579
f 1040//580 1867//580 1059//580
f 829//581 2859//581 1065//581
f 668//582 1064//582 1063//582
f 665//583 1063//583 1062//583
f 1065//584 1061//584 829//584
f 776//585 775//585 817//585
f 778//586 770//586 1068//586
f 1069//587 2859//587 835//587
f 1082//588 1075//588 1717//588
f 1075//589 1721//589 1717//589
f 1076//590 1077//590 1075//590
f 1079//591 1071//591 1070//591
f 1075//592 1079//592 1076//592
f 1719//593 1081//593 1080//593
f 1719//594 2853//594 1081//594
f 1070//595 1083//595 1090//595
f 1084//596 2265//596 2260//596
f 1071//597 1085//597 1083//597
f 1084//598 1086//598 2265//598
f 1090//599 1074//599 1073//599
f 1092//600 1074//600 1090//600
f 1092//601 1091//601 1074//601
f 1072//602 1092//602 1090//602
f 1093//603 1091//603 1092//603
f 1106//604 1772//604 1097//604
f 1109//605 1105//605 1095//605
f 1109//606 1111//606 1105//606
f 1113//607 1098//607 1100//607
f 1114//608 1137//608 1099//608
f 1095//609 1096//609 1113//609
f 1115//610 1114//610 1113//610
f 1096//611 1116//611 1115//611
f 1117//612 1139//612 1115//612
f 1116//613 1779//613 1117//613
f 1098//614 1099//614 1119//614
f 1119//615 1121//615 1120//615
f 1103//616 1125//616 1102//616
f 1127//617 1133//617 1140//617
f 1131//618 1132//618 1133//618
f 1138//619 1136//619 1135//619
f 1137//620 1114//620 1138//620
f 1140//621 882//621 1127//621
f 1142//622 2508//622 1130//622
f 1127//623 1128//623 1129//623
f 1129//624 1143//624 1127//624
f 1143//625 1145//625 1131//625
f 1148//626 1146//626 1132//626
f 1129//627 1130//627 1143//627
f 1143//628 1147//628 1145//628
f 1156//629 2582//629 2583//629
f 2594//630 2394//630 1158//630
f 2583//631 1158//631 1150//631
f 1160//632 2612//632 2805//632
f 1159//633 2403//633 1160//633
f 1161//634 2400//634 1159//634
f 1163//635 1168//635 2526//635
f 2541//636 1166//636 1165//636
f 1166//637 1167//637 1171//637
f 1172//638 850//638 1175//638
f 850//639 851//639 2858//639
f 2858//640 1206//640 1175//640
f 853//641 852//641 1172//641
f 1174//642 853//642 1173//642
f 1178//643 1180//643 1176//643
f 1186//644 1180//644 1178//644
f 1180//645 1181//645 1182//645
f 1184//646 1185//646 2806//646
f 1177//647 1184//647 1176//647
f 1179//648 1982//648 2820//648
f 1178//649 1187//649 1186//649
f 1187//650 1983//650 1982//650
f 1188//651 1181//651 1180//651
f 1179//652 1188//652 1186//652
f 1000//653 999//653 1188//653
f 1191//654 1264//654 1196//654
f 1189//655 1262//655 1190//655
f 1190//656 1193//656 1189//656
f 1196//657 1190//657 1191//657
f 1267//658 1245//658 1189//658
f 1198//659 1206//659 1205//659
f 1205//660 2802//660 1200//660
f 1205//661 1207//661 2802//661
f 1207//662 2858//662 881//662
f 1208//663 1201//663 1198//663
f 1210//664 1202//664 1209//664
f 1223//665 1228//665 1217//665
f 1220//666 660//666 1235//666
f 1228//667 660//667 1220//667
f 1232//668 1231//668 1229//668
f 1219//669 656//669 1228//669
f 1233//670 1221//670 1217//670
f 1236//671 1233//671 1220//671
f 1237//672 2813//672 1234//672
f 1217//673 1221//673 1223//673
f 1221//674 1222//674 1238//674
f 1238//675 1239//675 1224//675
f 1254//676 1255//676 1252//676
f 1256//677 1259//677 1255//677
f 2101//678 1260//678 1259//678
f 1248//679 2023//679 2819//679
f 1248//680 1272//680 1247//680
f 1273//681 1271//681 1272//681
f 2819//682 1273//682 1248//682
f 1283//683 1281//683 1275//683
f 1276//684 1280//684 1283//684
f 1193//685 1190//685 1280//685
f 1280//686 1196//686 1281//686
f 1275//687 1286//687 1283//687
f 1285//688 1284//688 1275//688
f 1350//689 996//689 1284//689
f 1286//690 1279//690 1276//690
f 1001//691 1286//691 1284//691
f 1001//692 1998//692 1286//692
f 1293//693 1294//693 1289//693
f 1294//694 1393//694 1290//694
f 1295//695 1289//695 1294//695
f 1296//696 2816//696 1292//696
f 1293//697 2864//697 1202//697
f 1292//698 2864//698 1293//698
f 1292//699 1852//699 2864//699
f 1303//700 1300//700 1297//700
f 251//701 1818//701 1309//701
f 1303//702 1311//702 1308//702
f 210//703 1325//703 1323//703
f 1314//704 1326//704 1316//704
f 1320//705 1532//705 1336//705
f 1330//706 1533//706 1532//706
f 1322//707 1334//707 1323//707
f 1333//708 1334//708 1322//708
f 1336//709 1334//709 1333//709
f 1540//710 1335//710 1334//710
f 1339//711 1315//711 1337//711
f 1327//712 1326//712 1340//712
f 1341//713 1327//713 1340//713
f 1266//714 1327//714 1341//714
f 1349//715 1504//715 1347//715
f 1352//716 1349//716 1348//716
f 2780//717 1356//717 1354//717
f 569//718 1360//718 1353//718
f 1354//719 1355//719 1351//719
f 1352//720 1350//720 1349//720
f 1359//721 387//721 1361//721
f 1359//722 569//722 387//722
f 1361//723 387//723 2128//723
f 1363//724 1362//724 1366//724
f 1364//725 1177//725 1362//725
f 1368//726 1357//726 1367//726
f 370//727 583//727 1369//727
f 1371//728 1376//728 1380//728
f 1369//729 1370//729 1371//729
f 1377//730 876//730 1376//730
f 1370//731 1378//731 1377//731
f 1380//732 1379//732 1371//732
f 1380//733 2890//733 1379//733
f 1382//734 1383//734 1381//734
f 1383//735 1391//735 1381//735
f 1383//736 1392//736 1391//736
f 1400//737 1392//737 1384//737
f 1212//738 1378//738 1393//738
f 1390//739 1401//739 1400//739
f 1394//740 1403//740 1396//740
f 1403//741 351//741 1402//741
f 1396//742 1404//742 1394//742
f 1405//743 1939//743 1404//743
f 1411//744 1405//744 1402//744
f 1399//745 1406//745 1400//745
f 1406//746 1408//746 1400//746
f 1397//747 1398//747 1406//747
f 1406//748 1407//748 1408//748
f 1407//749 1934//749 1408//749
f 1412//750 340//750 1413//750
f 1420//751 1409//751 2892//751
f 1409//752 1410//752 2895//752
f 1413//753 1415//753 1414//753
f 1418//754 338//754 1419//754
f 2892//755 1421//755 1420//755
f 1426//756 1427//756 1423//756
f 1426//757 1425//757 1427//757
f 1423//758 1427//758 2810//758
f 1442//759 1424//759 2810//759
f 1424//760 1430//760 1429//760
f 2810//761 2655//761 1436//761
f 2652//762 1437//762 1434//762
f 1432//763 2652//763 1433//763
f 1432//764 2648//764 2652//764
f 1432//765 1433//765 1431//765
f 1439//766 1438//766 1435//766
f 1431//767 1435//767 1442//767
f 1435//768 1443//768 1442//768
f 1443//769 1428//769 1424//769
f 947//770 954//770 1428//770
f 1446//771 1452//771 1444//771
f 1449//772 2642//772 1452//772
f 1447//773 1449//773 1446//773
f 1450//774 1449//774 1447//774
f 1448//775 1450//775 1447//775
f 1444//776 1451//776 1462//776
f 1453//777 1445//777 1444//777
f 1444//778 1456//778 1446//778
f 1456//779 2791//779 1454//779
f 1457//780 1441//780 1440//780
f 1461//781 1460//781 1459//781
f 1464//782 1466//782 2882//782
f 1466//783 2691//783 1465//783
f 2691//784 977//784 1453//784
f 1468//785 1472//785 1467//785
f 398//786 1483//786 1469//786
f 1470//787 911//787 1475//787
f 1473//788 2870//788 1469//788
f 1473//789 1470//789 2870//789
f 1474//790 911//790 1470//790
f 1469//791 1482//791 1473//791
f 1475//792 1477//792 1476//792
f 1482//793 1483//793 1479//793
f 1482//794 1469//794 1483//794
f 1484//795 530//795 1495//795
f 1483//796 530//796 1479//796
f 1485//797 1481//797 1480//797
f 1484//798 1485//798 1479//798
f 1486//799 2596//799 1481//799
f 1487//800 1485//800 1484//800
f 1488//801 1486//801 1485//801
f 1489//802 2609//802 1486//802
f 1496//803 374//803 379//803
f 1495//804 379//804 1494//804
f 1492//805 1497//805 1493//805
f 2772//806 1497//806 1492//806
f 1497//807 1503//807 1493//807
f 1494//808 1500//808 1495//808
f 1500//809 1488//809 1498//809
f 2777//810 1504//810 1507//810
f 2777//811 1347//811 1504//811
f 1505//812 1509//812 1275//812
f 1509//813 1285//813 1275//813
f 1513//814 1504//814 1509//814
f 1504//815 1349//815 1285//815
f 1506//816 1344//816 1507//816
f 1344//817 1343//817 1508//817
f 1343//818 1345//818 1508//818
f 1519//819 1515//819 1514//819
f 1516//820 1302//820 1297//820
f 1516//821 1522//821 1517//821
f 1297//822 1522//822 1516//822
f 1300//823 1523//823 1522//823
f 1514//824 1525//824 1519//824
f 1524//825 1526//825 1525//825
f 1530//826 1535//826 1529//826
f 1531//827 1541//827 1530//827
f 1535//828 1536//828 1529//828
f 1529//829 1539//829 1538//829
f 1539//830 1540//830 1538//830
f 1528//831 202//831 1540//831
f 1548//832 1543//832 1542//832
f 1550//833 1549//833 1543//833
f 1541//834 1531//834 1548//834
f 1545//835 1553//835 1551//835
f 1561//836 608//836 2774//836
f 1547//837 1556//837 1561//837
f 1557//838 1547//838 1546//838
f 1558//839 1556//839 1557//839
f 1556//840 609//840 608//840
f 1559//841 1558//841 1557//841
f 1581//842 1558//842 1559//842
f 1583//843 609//843 1560//843
f 1547//844 1561//844 1536//844
f 1561//845 1537//845 1536//845
f 1561//846 2774//846 1537//846
f 1562//847 1563//847 1573//847
f 1569//848 1568//848 1563//848
f 2860//849 2083//849 1571//849
f 1582//850 1573//850 1572//850
f 1572//851 1574//851 2116//851
f 1575//852 2788//852 2118//852
f 1572//853 1566//853 1582//853
f 1577//854 617//854 1567//854
f 1565//855 1576//855 1566//855
f 1578//856 1577//856 1576//856
f 1566//857 1567//857 1583//857
f 1589//858 1590//858 1584//858
f 1595//859 1594//859 2959//859
f 1584//860 1585//860 1596//860
f 1585//861 1597//861 1596//861
f 1599//862 1587//862 1603//862
f 1611//863 1599//863 1584//863
f 1596//864 1611//864 1584//864
f 1629//865 1587//865 1599//865
f 2852//866 1600//866 1587//866
f 1584//867 1602//867 1589//867
f 1602//868 1604//868 1601//868
f 1604//869 2122//869 2961//869
f 1605//870 316//870 1604//870
f 316//871 2226//871 2122//871
f 1610//872 1616//872 1606//872
f 1616//873 1607//873 1617//873
f 1617//874 1619//874 1618//874
f 1619//875 1620//875 1618//875
f 1620//876 2861//876 1618//876
f 1628//877 2773//877 2852//877
f 1608//878 1623//878 1621//878
f 1622//879 1625//879 2773//879
f 1628//880 2852//880 1629//880
f 1639//881 2861//881 1051//881
f 1644//882 1642//882 1631//882
f 1645//883 2765//883 1651//883
f 1651//884 2764//884 1652//884
f 1653//885 1657//885 2958//885
f 1655//886 1633//886 1656//886
f 1633//887 1641//887 1657//887
f 1657//888 1641//888 1658//888
f 1654//889 1659//889 235//889
f 1656//890 1660//890 1659//890
f 2947//891 2941//891 1662//891
f 1662//892 1663//892 237//892
f 1654//893 1655//893 1656//893
f 1654//894 1649//894 1655//894
f 1665//895 1669//895 1668//895
f 1670//896 768//896 2789//896
f 1669//897 1673//897 1670//897
f 1673//898 1675//898 1674//898
f 1675//899 2857//899 769//899
f 1685//900 1686//900 1684//900
f 1687//901 1688//901 2911//901
f 1690//902 1689//902 1688//902
f 1691//903 2941//903 2940//903
f 1692//904 1691//904 2907//904
f 1693//905 1689//905 1690//905
f 300//906 1691//906 1692//906
f 1695//907 1701//907 2327//907
f 1701//908 2342//908 2327//908
f 1695//909 1702//909 1694//909
f 1704//910 1703//910 1696//910
f 2327//911 1705//911 1695//911
f 1707//912 1709//912 1706//912
f 1696//913 1697//913 1707//913
f 1709//914 1728//914 1708//914
f 1697//915 2811//915 1709//915
f 1715//916 1718//916 1716//916
f 1713//917 1714//917 1718//917
f 1714//918 2853//918 1719//918
f 1720//919 1734//919 1710//919
f 1717//920 1720//920 1716//920
f 1721//921 1738//921 1720//921
f 1077//922 1738//922 1721//922
f 1722//923 1723//923 1711//923
f 1710//924 1724//924 1722//924
f 1722//925 1715//925 1710//925
f 1727//926 1713//926 1712//926
f 1711//927 1726//927 1722//927
f 1729//928 1735//928 1730//928
f 1735//929 1736//929 1730//929
f 1736//930 1738//930 2785//930
f 1733//931 1737//931 1735//931
f 1737//932 1738//932 1736//932
f 1730//933 2914//933 2913//933
f 1740//934 1739//934 2916//934
f 741//935 2915//935 2785//935
f 1731//936 1741//936 1732//936
f 1746//937 1744//937 2921//937
f 1744//938 1746//938 1745//938
f 1745//939 1747//939 285//939
f 1731//940 1733//940 1729//940
f 1748//941 1734//941 1733//941
f 1732//942 1748//942 1731//942
f 1749//943 1724//943 1748//943
f 1752//944 700//944 2787//944
f 1758//945 2786//945 700//945
f 2920//946 1759//946 2786//946
f 1760//947 1755//947 1754//947
f 1753//948 1760//948 1752//948
f 1763//949 1762//949 1760//949
f 1756//950 1764//950 1757//950
f 1768//951 1767//951 2933//951
f 268//952 1747//952 1746//952
f 2761//953 1767//953 1768//953
f 1788//954 1777//954 1770//954
f 1781//955 1779//955 1771//955
f 1777//956 1780//956 1778//956
f 1761//957 1762//957 1780//957
f 1770//958 1773//958 1788//958
f 1772//959 1786//959 1771//959
f 1107//960 1787//960 1786//960
f 1112//961 2784//961 1785//961
f 1776//962 1794//962 1788//962
f 1801//963 1803//963 1796//963
f 1805//964 2784//964 2560//964
f 1808//965 1809//965 1816//965
f 1810//966 1820//966 1800//966
f 1800//967 2762//967 1799//967
f 1812//968 2762//968 1813//968
f 2762//969 542//969 1813//969
f 1817//970 1307//970 1819//970
f 1807//971 1816//971 1815//971
f 1815//972 1818//972 1814//972
f 1818//973 253//973 252//973
f 1819//974 1309//974 1818//974
f 1815//975 1798//975 1807//975
f 1815//976 1820//976 1810//976
f 1826//977 1822//977 1825//977
f 1821//978 1828//978 1829//978
f 1827//979 1942//979 1932//979
f 1828//980 1855//980 1827//980
f 1829//981 1832//981 1821//981
f 1823//982 1830//982 1829//982
f 1825//983 1831//983 1826//983
f 1832//984 1833//984 1831//984
f 1834//985 1839//985 1835//985
f 1839//986 1842//986 1835//986
f 1834//987 1895//987 1836//987
f 1841//988 1878//988 1877//988
f 1833//989 2863//989 1879//989
f 1863//990 1842//990 1840//990
f 1842//991 1839//991 1826//991
f 1843//992 1847//992 1848//992
f 1851//993 1845//993 1843//993
f 1844//994 1851//994 1848//994
f 1853//995 1845//995 1851//995
f 1853//996 1852//996 1845//996
f 1213//997 2864//997 1852//997
f 1204//998 1853//998 1844//998
f 1843//999 1854//999 1846//999
f 1855//1000 1828//1000 1854//1000
f 1852//1001 1292//1001 2816//1001
f 1822//1002 1856//1002 1843//1002
f 1868//1003 1870//1003 1869//1003
f 1901//1004 1886//1004 1871//1004
f 1872//1005 1871//1005 1858//1005
f 1873//1006 1901//1006 1871//1006
f 2812//1007 1902//1007 1874//1007
f 1890//1008 1891//1008 1884//1008
f 1887//1009 1888//1009 1890//1009
f 1892//1010 1893//1010 1891//1010
f 1898//1011 1876//1011 1862//1011
f 1900//1012 1929//1012 1889//1012
f 1902//1013 1929//1013 1900//1013
f 1910//1014 1904//1014 1903//1014
f 1913//1015 1607//1015 1905//1015
f 1903//1016 1915//1016 1916//1016
f 1905//1017 1607//1017 1920//1017
f 1919//1018 1615//1018 2855//1018
f 1903//1019 1922//1019 1907//1019
f 1916//1020 1924//1020 1922//1020
f 1923//1021 2862//1021 1894//1021
f 1903//1022 1907//1022 1910//1022
f 1910//1023 1926//1023 1911//1023
f 1889//1024 1929//1024 1921//1024
f 1929//1025 1902//1025 2812//1025
f 1933//1026 1935//1026 1930//1026
f 1934//1027 1407//1027 1935//1027
f 1933//1028 1934//1028 1935//1028
f 1291//1029 1933//1029 1941//1029
f 1930//1030 1935//1030 1931//1030
f 1930//1031 1940//1031 1932//1031
f 1948//1032 1944//1032 1943//1032
f 1949//1033 822//1033 1946//1033
f 1950//1034 1949//1034 1945//1034
f 1953//1035 1950//1035 1951//1035
f 1937//1036 1952//1036 1950//1036
f 1936//1037 1937//1037 1950//1037
f 1937//1038 1939//1038 1952//1038
f 1945//1039 1946//1039 1954//1039
f 1954//1040 1955//1040 1962//1040
f 1946//1041 828//1041 1955//1041
f 1956//1042 1957//1042 1947//1042
f 1947//1043 1960//1043 1948//1043
f 1962//1044 1955//1044 1963//1044
f 1961//1045 1962//1045 1225//1045
f 1963//1046 2796//1046 1226//1046
f 1224//1047 1959//1047 1958//1047
f 1224//1048 1958//1048 1961//1048
f 1225//1049 1224//1049 1961//1049
f 1239//1050 2863//1050 1959//1050
f 1973//1051 1974//1051 1972//1051
f 1967//1052 1975//1052 1968//1052
f 1964//1053 2001//1053 1976//1053
f 1966//1054 1969//1054 1964//1054
f 1968//1055 1977//1055 1967//1055
f 1982//1056 1981//1056 1968//1056
f 1983//1057 1980//1057 1981//1057
f 2004//1058 1988//1058 1986//1058
f 2004//1059 2006//1059 1988//1059
f 1989//1060 2826//1060 1988//1060
f 1986//1061 2022//1061 1987//1061
f 1999//1062 2004//1062 1986//1062
f 2824//1063 2065//1063 2036//1063
f 1973//1064 1993//1064 1992//1064
f 1999//1065 2000//1065 2005//1065
f 1991//1066 2822//1066 2823//1066
f 1997//1067 1279//1067 1998//1067
f 2001//1068 1965//1068 2005//1068
f 2002//1069 2001//1069 1995//1069
f 2003//1070 2002//1070 1997//1070
f 1998//1071 2825//1071 2003//1071
f 2005//1072 2006//1072 2004//1072
f 2006//1073 1974//1073 1988//1073
f 2015//1074 2009//1074 2008//1074
f 2013//1075 2015//1075 2012//1075
f 2832//1076 2112//1076 2018//1076
f 2019//1077 1273//1077 2819//1077
f 2020//1078 1273//1078 2019//1078
f 2010//1079 2021//1079 2007//1079
f 2011//1080 2022//1080 2010//1080
f 2023//1081 2022//1081 2011//1081
f 2012//1082 2007//1082 2013//1082
f 2013//1083 2024//1083 2014//1083
f 2024//1084 2826//1084 2045//1084
f 2007//1085 1990//1085 2024//1085
f 2027//1086 2028//1086 2039//1086
f 2033//1087 2026//1087 2025//1087
f 2038//1088 2031//1088 2037//1088
f 2060//1089 2817//1089 2038//1089
f 2818//1090 2060//1090 2038//1090
f 2029//1091 2032//1091 2025//1091
f 2029//1092 2041//1092 2032//1092
f 2030//1093 2084//1093 2042//1093
f 2033//1094 2043//1094 1992//1094
f 1992//1095 2043//1095 1994//1095
f 2045//1096 2826//1096 2046//1096
f 2047//1097 2049//1097 2052//1097
f 2052//1098 2179//1098 2165//1098
f 2051//1099 2054//1099 2049//1099
f 2048//1100 2056//1100 2074//1100
f 2058//1101 2077//1101 2056//1101
f 2048//1102 2047//1102 2055//1102
f 2062//1103 2054//1103 2051//1103
f 2062//1104 2063//1104 2054//1104
f 2067//1105 2068//1105 2081//1105
f 2086//1106 2073//1106 2071//1106
f 2085//1107 2084//1107 2073//1107
f 2071//1108 2072//1108 2087//1108
f 2088//1109 2060//1109 2048//1109
f 2072//1110 2817//1110 2088//1110
f 2091//1111 1544//1111 2104//1111
f 2098//1112 2097//1112 2091//1112
f 2099//1113 1258//1113 2092//1113
f 2101//1114 1258//1114 2099//1114
f 2100//1115 2102//1115 2099//1115
f 2102//1116 2103//1116 2101//1116
f 2101//1117 2103//1117 1260//1117
f 2104//1118 1549//1118 2103//1118
f 2089//1119 2106//1119 2093//1119
f 2092//1120 1251//1120 2106//1120
f 2089//1121 2093//1121 2107//1121
f 2093//1122 2109//1122 2107//1122
f 2109//1123 2111//1123 2110//1123
f 2117//1124 2113//1124 2982//1124
f 2116//1125 1574//1125 2981//1125
f 2967//1126 2191//1126 2963//1126
f 2119//1127 2187//1127 2967//1127
f 2972//1128 2114//1128 2983//1128
f 2972//1129 2120//1129 2114//1129
f 2121//1130 2120//1130 2972//1130
f 2961//1131 2121//1131 2966//1131
f 2122//1132 2225//1132 2121//1132
f 2123//1133 2125//1133 2115//1133
f 2126//1134 2127//1134 2125//1134
f 2125//1135 2127//1135 1578//1135
f 2905//1136 2208//1136 2129//1136
f 387//1137 2202//1137 2128//1137
f 2897//1138 2161//1138 2134//1138
f 2133//1139 2132//1139 2901//1139
f 2133//1140 2901//1140 2900//1140
f 2134//1141 2133//1141 2899//1141
f 1364//1142 1363//1142 2133//1142
f 2136//1143 879//1143 2137//1143
f 810//1144 809//1144 2137//1144
f 2138//1145 810//1145 2137//1145
f 2858//1146 810//1146 2138//1146
f 803//1147 804//1147 2139//1147
f 2139//1148 804//1148 2140//1148
f 2139//1149 864//1149 2135//1149
f 2141//1150 2142//1150 2143//1150
f 2142//1151 2152//1151 2143//1151
f 2152//1152 2153//1152 2144//1152
f 2142//1153 2154//1153 2152//1153
f 2153//1154 2155//1154 2144//1154
f 2153//1155 2158//1155 2155//1155
f 2143//1156 2162//1156 2141//1156
f 2159//1157 866//1157 2162//1157
f 2161//1158 2160//1158 2144//1158
f 2130//1159 869//1159 2160//1159
f 2145//1160 1029//1160 2146//1160
f 866//1161 2140//1161 1030//1161
f 2163//1162 2169//1162 2164//1162
f 2164//1163 2058//1163 2165//1163
f 2169//1164 2172//1164 2058//1164
f 2172//1165 2788//1165 2058//1165
f 2172//1166 2833//1166 2788//1166
f 2833//1167 2118//1167 2788//1167
f 2164//1168 2175//1168 2173//1168
f 2165//1169 2177//1169 2164//1169
f 2168//1170 2180//1170 787//1170
f 2180//1171 805//1171 787//1171
f 2183//1172 2180//1172 2182//1172
f 2183//1173 2181//1173 2180//1173
f 1030//1174 2181//1174 2183//1174
f 2184//1175 2170//1175 2169//1175
f 2170//1176 2171//1176 2172//1176
f 2185//1177 2184//1177 2163//1177
f 2186//1178 2171//1178 2170//1178
f 2188//1179 2186//1179 2184//1179
f 2189//1180 2187//1180 2186//1180
f 2168//1181 2188//1181 2185//1181
f 2190//1182 2189//1182 2186//1182
f 2192//1183 2191//1183 2189//1183
f 787//1184 2190//1184 2168//1184
f 2194//1185 2195//1185 2193//1185
f 367//1186 2198//1186 2194//1186
f 2203//1187 2756//1187 2199//1187
f 2202//1188 2203//1188 2208//1188
f 2200//1189 2201//1189 2206//1189
f 2206//1190 2898//1190 2902//1190
f 2201//1191 2207//1191 2898//1191
f 2216//1192 2211//1192 2210//1192
f 2217//1193 2212//1193 2211//1193
f 623//1194 2218//1194 2217//1194
f 614//1195 622//1195 2215//1195
f 2210//1196 2221//1196 2219//1196
f 2219//1197 2222//1197 2220//1197
f 2211//1198 2224//1198 2221//1198
f 2221//1199 2224//1199 2222//1199
f 2222//1200 2225//1200 2223//1200
f 477//1201 474//1201 2209//1201
f 481//1202 477//1202 2213//1202
f 2214//1203 2196//1203 481//1203
f 2209//1204 474//1204 2215//1204
f 474//1205 476//1205 619//1205
f 476//1206 480//1206 619//1206
f 2229//1207 2237//1207 2230//1207
f 2238//1208 2239//1208 2237//1208
f 2239//1209 2241//1209 2835//1209
f 2240//1210 2241//1210 2239//1210
f 2244//1211 2243//1211 2230//1211
f 2232//1212 2245//1212 2252//1212
f 2227//1213 2246//1213 2232//1213
f 2228//1214 2247//1214 2227//1214
f 2235//1215 2249//1215 2355//1215
f 2257//1216 2293//1216 2290//1216
f 2267//1217 2268//1217 2293//1217
f 2255//1218 2256//1218 2267//1218
f 2270//1219 2258//1219 2253//1219
f 2272//1220 2866//1220 2269//1220
f 2290//1221 2270//1221 2257//1221
f 2253//1222 2275//1222 2273//1222
f 2276//1223 2375//1223 2274//1223
f 2737//1224 2283//1224 2282//1224
f 2278//1225 2279//1225 2283//1225
f 2279//1226 2385//1226 2284//1226
f 2301//1227 2302//1227 2286//1227
f 2282//1228 2291//1228 2290//1228
f 2290//1229 2271//1229 2270//1229
f 2292//1230 2837//1230 2272//1230
f 2293//1231 2300//1231 2294//1231
f 2294//1232 2280//1232 2282//1232
f 2298//1233 2299//1233 2295//1233
f 2298//1234 2288//1234 2836//1234
f 2300//1235 2246//1235 2299//1235
f 2296//1236 2243//1236 2302//1236
f 2301//1237 2298//1237 2296//1237
f 2302//1238 2301//1238 2296//1238
f 2313//1239 2790//1239 2312//1239
f 2310//1240 2311//1240 2313//1240
f 2304//1241 2315//1241 2303//1241
f 2320//1242 2838//1242 2310//1242
f 2322//1243 2319//1243 2321//1243
f 2324//1244 2332//1244 2325//1244
f 2326//1245 1705//1245 2327//1245
f 2325//1246 2328//1246 2324//1246
f 2339//1247 2338//1247 2329//1247
f 1682//1248 2314//1248 2339//1248
f 2328//1249 2329//1249 2323//1249
f 2330//1250 2343//1250 2355//1250
f 2329//1251 2344//1251 2323//1251
f 2343//1252 2240//1252 2236//1252
f 2329//1253 2345//1253 2344//1253
f 2343//1254 2241//1254 2240//1254
f 2348//1255 2331//1255 2323//1255
f 2355//1256 2353//1256 2351//1256
f 2363//1257 2356//1257 2361//1257
f 2356//1258 2359//1258 2371//1258
f 2369//1259 2360//1259 2368//1259
f 2370//1260 725//1260 2368//1260
f 2373//1261 2362//1261 2371//1261
f 2373//1262 2372//1262 2362//1262
f 2371//1263 2374//1263 2373//1263
f 2375//1264 2277//1264 2373//1264
f 2371//1265 2361//1265 2356//1265
f 2361//1266 2376//1266 2363//1266
f 2378//1267 2383//1267 941//1267
f 2378//1268 2379//1268 2383//1268
f 2379//1269 2797//1269 2384//1269
f 2387//1270 2385//1270 2381//1270
f 2397//1271 2389//1271 2388//1271
f 2389//1272 2398//1272 2460//1272
f 2389//1273 2391//1273 2388//1273
f 2401//1274 2393//1274 2392//1274
f 2391//1275 2401//1275 2392//1275
f 2402//1276 2400//1276 2393//1276
f 2402//1277 2403//1277 2400//1277
f 2390//1278 2401//1278 2391//1278
f 2406//1279 2844//1279 2843//1279
f 2392//1280 2393//1280 2406//1280
f 2393//1281 2394//1281 2407//1281
f 2411//1282 2428//1282 2420//1282
f 2421//1283 2422//1283 2414//1283
f 2415//1284 2506//1284 2416//1284
f 2422//1285 2506//1285 2415//1285
f 2415//1286 2448//1286 2414//1286
f 2445//1287 2448//1287 2415//1287
f 2416//1288 2445//1288 2415//1288
f 2446//1289 2445//1289 2416//1289
f 2430//1290 2425//1290 2424//1290
f 2429//1291 2426//1291 2425//1291
f 2425//1292 2485//1292 2487//1292
f 2425//1293 2432//1293 2485//1293
f 2431//1294 2427//1294 2423//1294
f 2479//1295 2433//1295 2427//1295
f 2480//1296 2434//1296 2433//1296
f 2428//1297 2411//1297 2435//1297
f 2437//1298 2448//1298 2438//1298
f 2437//1299 2440//1299 2436//1299
f 2449//1300 2441//1300 2440//1300
f 2440//1301 2454//1301 2443//1301
f 2443//1302 2455//1302 2390//1302
f 2442//1303 2601//1303 2458//1303
f 2458//1304 2611//1304 2459//1304
f 2460//1305 2444//1305 2436//1305
f 2461//1306 2467//1306 2468//1306
f 2467//1307 2473//1307 2470//1307
f 2476//1308 2474//1308 2462//1308
f 2478//1309 2477//1309 2476//1309
f 2564//1310 2477//1310 2478//1310
f 2464//1311 2480//1311 2479//1311
f 2461//1312 2481//1312 2480//1312
f 2462//1313 2463//1313 2481//1313
f 2484//1314 2524//1314 2466//1314
f 2487//1315 2485//1315 2482//1315
f 2479//1316 2486//1316 2464//1316
f 2432//1317 2841//1317 2484//1317
f 2498//1318 2489//1318 2488//1318
f 2501//1319 2500//1319 2498//1319
f 2502//1320 1148//1320 2500//1320
f 1120//1321 2502//1321 2501//1321
f 2490//1322 2504//1322 2505//1322
f 2506//1323 2422//1323 2504//1323
f 2492//1324 2513//1324 2495//1324
f 2513//1325 2515//1325 2514//1325
f 2514//1326 2516//1326 1125//1326
f 2494//1327 2475//1327 2515//1327
f 1313//1328 1308//1328 2518//1328
f 2529//1329 2527//1329 2517//1329
f 2531//1330 2528//1330 2527//1330
f 2517//1331 2519//1331 2533//1331
f 2520//1332 2569//1332 2538//1332
f 2538//1333 2570//1333 2537//1333
f 2524//1334 2841//1334 2542//1334
f 2552//1335 2553//1335 2544//1335
f 2543//1336 2550//1336 2552//1336
f 2554//1337 2555//1337 2553//1337
f 2553//1338 2555//1338 1809//1338
f 2554//1339 2528//1339 2555//1339
f 2555//1340 2532//1340 1809//1340
f 2545//1341 2558//1341 2544//1341
f 2562//1342 2563//1342 2549//1342
f 2781//1343 1126//1343 2564//1343
f 2568//1344 2567//1344 2543//1344
f 2572//1345 2570//1345 2571//1345
f 2471//1346 2571//1346 2549//1346
f 2579//1347 2585//1347 2573//1347
f 2582//1348 2580//1348 2581//1348
f 2583//1349 2582//1349 2581//1349
f 2585//1350 2586//1350 2584//1350
f 2579//1351 2593//1351 2581//1351
f 2593//1352 2594//1352 2581//1352
f 2577//1353 2844//1353 2593//1353
f 2578//1354 2843//1354 2844//1354
f 2614//1355 2603//1355 2600//1355
f 1491//1356 2804//1356 2606//1356
f 2605//1357 2847//1357 2606//1357
f 2600//1358 2607//1358 2597//1358
f 2611//1359 2601//1359 2597//1359
f 2614//1360 2615//1360 1026//1360
f 2619//1361 2650//1361 2621//1361
f 2650//1362 2653//1362 2620//1362
f 2620//1363 2655//1363 1427//1363
f 2617//1364 2621//1364 2618//1364
f 2623//1365 2622//1365 2621//1365
f 1427//1366 2623//1366 2620//1366
f 327//1367 326//1367 2619//1367
f 328//1368 327//1368 2617//1368
f 2618//1369 328//1369 2617//1369
f 2624//1370 2657//1370 2619//1370
f 326//1371 2657//1371 2624//1371
f 2629//1372 419//1372 2631//1372
f 2630//1373 2629//1373 2625//1373
f 2625//1374 2631//1374 2626//1374
f 402//1375 2778//1375 2632//1375
f 421//1376 402//1376 2632//1376
f 2635//1377 1452//1377 2642//1377
f 2636//1378 2635//1378 2633//1378
f 2645//1379 2636//1379 2633//1379
f 2633//1380 2641//1380 2639//1380
f 2641//1381 1450//1381 2640//1381
f 2643//1382 2634//1382 2638//1382
f 2639//1383 2643//1383 2638//1383
f 2643//1384 2644//1384 2634//1384
f 2660//1385 434//1385 2644//1385
f 2651//1386 2643//1386 2639//1386
f 2638//1387 2634//1387 2645//1387
f 2634//1388 2630//1388 2645//1388
f 2634//1389 422//1389 2630//1389
f 2651//1390 2647//1390 2646//1390
f 2651//1391 2646//1391 2658//1391
f 2640//1392 2647//1392 2651//1392
f 2640//1393 1437//1393 2647//1393
f 2646//1394 2649//1394 2658//1394
f 2654//1395 2650//1395 2649//1395
f 2647//1396 2648//1396 2654//1396
f 2655//1397 2653//1397 2654//1397
f 2658//1398 2656//1398 2659//1398
f 2659//1399 429//1399 432//1399
f 2679//1400 2663//1400 2668//1400
f 2661//1401 2662//1401 2665//1401
f 2743//1402 2671//1402 2662//1402
f 2664//1403 2662//1403 2663//1403
f 2741//1404 2673//1404 2666//1404
f 2678//1405 2680//1405 2675//1405
f 2678//1406 1430//1406 2680//1406
f 2719//1407 2678//1407 2718//1407
f 2680//1408 2681//1408 2676//1408
f 2681//1409 1428//1409 2670//1409
f 2682//1410 2677//1410 2675//1410
f 2675//1411 2684//1411 2678//1411
f 2684//1412 2686//1412 2718//1412
f 2677//1413 816//1413 2684//1413
f 2690//1414 2688//1414 2687//1414
f 2692//1415 2691//1415 2688//1415
f 977//1416 2691//1416 2692//1416
f 2712//1417 977//1417 2692//1417
f 1466//1418 2884//1418 2694//1418
f 2884//1419 2883//1419 2694//1419
f 2695//1420 934//1420 2687//1420
f 2687//1421 2698//1421 2690//1421
f 2698//1422 2700//1422 2690//1422
f 2687//1423 934//1423 2698//1423
f 2708//1424 2709//1424 2702//1424
f 2712//1425 2693//1425 2711//1425
f 2702//1426 2712//1426 2711//1426
f 2702//1427 2701//1427 2708//1427
f 2704//1428 2715//1428 2714//1428
f 2715//1429 2699//1429 2797//1429
f 2380//1430 2716//1430 2705//1430
f 2380//1431 2381//1431 2716//1431
f 2879//1432 2719//1432 2718//1432
f 2720//1433 2778//1433 2721//1433
f 1476//1434 2723//1434 2868//1434
f 2730//1435 2729//1435 2727//1435
f 2725//1436 2726//1436 2724//1436
f 2733//1437 2710//1437 2726//1437
f 2727//1438 2736//1438 2728//1438
f 2742//1439 2739//1439 2738//1439
f 2743//1440 962//1440 2739//1440
f 2739//1441 951//1441 2746//1441
f 2738//1442 2755//1442 2751//1442
f 2749//1443 2285//1443 2755//1443
f 2750//1444 2749//1444 2738//1444
f 2289//1445 2285//1445 2749//1445
f 2740//1446 2289//1446 2749//1446
f 2281//1447 2289//1447 2740//1447
f 2285//1448 2286//1448 2752//1448
f 2628//1449 2627//1449 2720//1449
f 2868//1450 2722//1450 2867//1450
f 2872//1451 1472//1451 2871//1451
f 2895//1452 1413//1452 1414//1452
f 2883//1453 2867//1453 2694//1453
f 2921//1454 2926//1454 1746//1454
f 2945//1455 2946//1455 679//1455
f 2970//1456 170//1456 2976//1456
f 7//1457 175//1457 6//1457
f 38//1458 162//1458 37//1458
f 2927//1459 2920//1459 1758//1459
f 2930//1460 2928//1460 137//1460
f 49//1461 158//1461 48//1461
f 2945//1462 2857//1462 2939//1462
f 2948//1463 45//1463 46//1463
f 2966//1464 2121//1464 2973//1464
f 18//1465 2//1465 1//1465
f 19//1466 3//1466 2//1466
f 21//1467 4//1467 20//1467
f 22//1468 5//1468 21//1468
f 25//1469 7//1469 24//1469
f 26//1470 8//1470 25//1470
f 26//1471 9//1471 8//1471
f 27//1472 10//1472 9//1472
f 30//1473 14//1473 13//1473
f 31//1474 15//1474 14//1474
f 32//1475 15//1475 31//1475
f 33//1476 15//1476 32//1476
f 19//1477 2959//1477 20//1477
f 2960//1478 20//1478 2959//1478
f 20//1479 2960//1479 21//1479
f 1601//1480 23//1480 1589//1480
f 23//1481 1601//1481 24//1481
f 25//1482 2966//1482 26//1482
f 2973//1483 26//1483 2966//1483
f 30//1484 2123//1484 2115//1484
f 31//1485 2115//1485 2981//1485
f 34//1486 2982//1486 2113//1486
f 18//1487 2963//1487 19//1487
f 52//1488 36//1488 35//1488
f 53//1489 37//1489 36//1489
f 55//1490 38//1490 54//1490
f 56//1491 39//1491 55//1491
f 61//1492 44//1492 43//1492
f 62//1493 45//1493 44//1493
f 63//1494 46//1494 45//1494
f 64//1495 47//1495 46//1495
f 65//1496 48//1496 47//1496
f 67//1497 49//1497 66//1497
f 56//1498 1688//1498 57//1498
f 57//1499 2910//1499 58//1499
f 58//1500 2907//1500 59//1500
f 59//1501 2907//1501 2940//1501
f 63//1502 2957//1502 1653//1502
f 65//1503 2958//1503 2954//1503
f 2954//1504 66//1504 65//1504
f 66//1505 2956//1505 67//1505
f 1672//1506 52//1506 2939//1506
f 52//1507 1672//1507 53//1507
f 1671//1508 53//1508 1672//1508
f 89//1509 72//1509 88//1509
f 90//1510 73//1510 89//1510
f 101//1511 83//1511 100//1511
f 89//1512 2932//1512 90//1512
f 91//1513 2935//1513 92//1513
f 94//1514 2921//1514 1744//1514
f 1744//1515 95//1515 94//1515
f 96//1516 2917//1516 2918//1516
f 1751//1517 86//1517 2927//1517
f 86//1518 1751//1518 87//1518
f 173//1519 2968//1519 2979//1519
f 2965//1520 175//1520 179//1520
f 2924//1521 2720//1521 141//1521
f 2930//1522 144//1522 2938//1522
f 2936//1523 148//1523 2931//1523
f 170//1524 2975//1524 2976//1524
f 2977//1525 109//1525 2974//1525
f 161//1526 162//1526 2912//1526
f 1467//1527 135//1527 1468//1527
f 173//1528 109//1528 2898//1528
f 155//1529 2883//1529 2884//1529
f 160//1530 117//1530 2874//1530
f 2902//1531 109//1531 110//1531
f 112//1532 2905//1532 2129//1532
f 2905//1533 112//1533 111//1533
f 180//1534 1379//1534 2890//1534
f 118//1535 2881//1535 1425//1535
f 180//1536 103//1536 1379//1536
f 137//1537 1471//1537 142//1537
f 171//1538 2886//1538 2897//1538
f 174//1539 2886//1539 171//1539
f 2882//1540 140//1540 138//1540
f 2720//1541 2721//1541 137//1541
f 161//1542 2622//1542 120//1542
f 129//1543 128//1543 2870//1543
f 105//1544 2899//1544 2900//1544
f 161//1545 2878//1545 2622//1545
f 122//1546 2878//1546 161//1546
f 2901//1547 169//1547 2900//1547
f 2900//1548 169//1548 105//1548
f 121//1549 2894//1549 123//1549
f 104//1550 181//1550 1373//1550
f 128//1551 130//1551 2870//1551
f 2870//1552 130//1552 2871//1552
f 153//1553 131//1553 1475//1553
f 168//1554 2901//1554 2903//1554
f 152//1555 153//1555 1476//1555
f 1476//1556 153//1556 1475//1556
f 2903//1557 107//1557 168//1557
f 1422//1558 113//1558 114//1558
f 125//1559 1416//1559 1419//1559
f 134//1560 152//1560 1476//1560
f 126//1561 2892//1561 2895//1561
f 115//1562 2879//1562 2877//1562
f 2892//1563 126//1563 124//1563
f 126//1564 2895//1564 127//1564
f 2867//1565 133//1565 2868//1565
f 114//1566 1423//1566 1422//1566
f 116//1567 2877//1567 2875//1567
f 191//1568 188//1568 190//1568
f 189//1569 303//1569 1686//1569
f 192//1570 219//1570 186//1570
f 184//1571 194//1571 183//1571
f 194//1572 195//1572 193//1572
f 195//1573 2758//1573 193//1573
f 2757//1574 195//1574 194//1574
f 187//1575 185//1575 514//1575
f 514//1576 224//1576 513//1576
f 510//1577 509//1577 188//1577
f 203//1578 202//1578 197//1578
f 202//1579 203//1579 204//1579
f 203//1580 201//1580 205//1580
f 206//1581 198//1581 197//1581
f 199//1582 198//1582 206//1582
f 199//1583 206//1583 207//1583
f 197//1584 1534//1584 208//1584
f 208//1585 1534//1585 209//1585
f 209//1586 1534//1586 1537//1586
f 198//1587 450//1587 196//1587
f 199//1588 452//1588 451//1588
f 199//1589 463//1589 452//1589
f 1711//1590 213//1590 216//1590
f 201//1591 447//1591 210//1591
f 215//1592 214//1592 211//1592
f 215//1593 217//1593 214//1593
f 218//1594 214//1594 217//1594
f 217//1595 186//1595 219//1595
f 218//1596 219//1596 2758//1596
f 217//1597 224//1597 186//1597
f 212//1598 280//1598 220//1598
f 213//1599 1723//1599 212//1599
f 220//1600 221//1600 222//1600
f 223//1601 222//1601 221//1601
f 211//1602 437//1602 224//1602
f 1664//1603 235//1603 230//1603
f 226//1604 231//1604 230//1604
f 225//1605 229//1605 231//1605
f 231//1606 594//1606 230//1606
f 230//1607 594//1607 2766//1607
f 233//1608 226//1608 234//1608
f 230//1609 235//1609 226//1609
f 235//1610 234//1610 226//1610
f 235//1611 237//1611 234//1611
f 236//1612 237//1612 238//1612
f 1659//1613 1661//1613 235//1613
f 555//1614 229//1614 500//1614
f 227//1615 498//1615 225//1615
f 227//1616 499//1616 498//1616
f 233//1617 499//1617 227//1617
f 2767//1618 501//1618 228//1618
f 225//1619 500//1619 229//1619
f 225//1620 498//1620 500//1620
f 239//1621 245//1621 247//1621
f 239//1622 247//1622 240//1622
f 247//1623 246//1623 248//1623
f 249//1624 240//1624 248//1624
f 247//1625 248//1625 240//1625
f 244//1626 243//1626 251//1626
f 250//1627 252//1627 253//1627
f 239//1628 252//1628 250//1628
f 239//1629 240//1629 252//1629
f 246//1630 491//1630 538//1630
f 255//1631 259//1631 262//1631
f 245//1632 482//1632 490//1632
f 254//1633 259//1633 255//1633
f 257//1634 2761//1634 1768//1634
f 256//1635 263//1635 2761//1635
f 264//1636 263//1636 262//1636
f 1769//1637 264//1637 266//1637
f 267//1638 265//1638 261//1638
f 268//1639 266//1639 267//1639
f 283//1640 261//1640 276//1640
f 546//1641 258//1641 548//1641
f 255//1642 258//1642 254//1642
f 269//1643 547//1643 548//1643
f 257//1644 270//1644 269//1644
f 254//1645 258//1645 271//1645
f 258//1646 546//1646 271//1646
f 260//1647 456//1647 261//1647
f 254//1648 459//1648 259//1648
f 259//1649 455//1649 260//1649
f 456//1650 2769//1650 2768//1650
f 459//1651 455//1651 259//1651
f 278//1652 272//1652 277//1652
f 279//1653 273//1653 278//1653
f 272//1654 278//1654 273//1654
f 273//1655 279//1655 274//1655
f 274//1656 279//1656 2760//1656
f 277//1657 221//1657 278//1657
f 279//1658 280//1658 2759//1658
f 278//1659 220//1659 280//1659
f 273//1660 281//1660 272//1660
f 281//1661 282//1661 275//1661
f 282//1662 283//1662 276//1662
f 274//1663 281//1663 273//1663
f 281//1664 286//1664 282//1664
f 283//1665 286//1665 267//1665
f 2760//1666 1741//1666 274//1666
f 1741//1667 284//1667 281//1667
f 284//1668 285//1668 281//1668
f 267//1669 286//1669 268//1669
f 272//1670 441//1670 440//1670
f 275//1671 441//1671 272//1671
f 276//1672 442//1672 441//1672
f 276//1673 2768//1673 2769//1673
f 277//1674 223//1674 221//1674
f 277//1675 440//1675 223//1675
f 272//1676 440//1676 277//1676
f 1693//1677 290//1677 294//1677
f 288//1678 295//1678 294//1678
f 302//1679 299//1679 301//1679
f 1691//1680 300//1680 302//1680
f 190//1681 291//1681 191//1681
f 289//1682 303//1682 291//1682
f 191//1683 303//1683 189//1683
f 287//1684 503//1684 504//1684
f 1693//1685 1684//1685 290//1685
f 1684//1686 1686//1686 303//1686
f 287//1687 291//1687 507//1687
f 506//1688 501//1688 2767//1688
f 287//1689 504//1689 292//1689
f 504//1690 505//1690 292//1690
f 305//1691 311//1691 306//1691
f 311//1692 312//1692 307//1692
f 309//1693 310//1693 305//1693
f 313//1694 314//1694 311//1694
f 314//1695 316//1695 312//1695
f 315//1696 317//1696 314//1696
f 310//1697 2214//1697 315//1697
f 317//1698 2226//1698 316//1698
f 308//1699 306//1699 633//1699
f 306//1700 307//1700 633//1700
f 307//1701 1588//1701 1600//1701
f 633//1702 1600//1702 2852//1702
f 304//1703 308//1703 2197//1703
f 304//1704 2193//1704 309//1704
f 2193//1705 2195//1705 309//1705
f 319//1706 321//1706 318//1706
f 320//1707 321//1707 319//1707
f 323//1708 322//1708 326//1708
f 322//1709 324//1709 325//1709
f 323//1710 326//1710 327//1710
f 323//1711 327//1711 318//1711
f 328//1712 319//1712 327//1712
f 319//1713 328//1713 320//1713
f 2779//1714 320//1714 328//1714
f 339//1715 348//1715 329//1715
f 348//1716 333//1716 330//1716
f 329//1717 330//1717 334//1717
f 331//1718 335//1718 321//1718
f 330//1719 499//1719 335//1719
f 335//1720 502//1720 321//1720
f 332//1721 1415//1721 340//1721
f 336//1722 334//1722 337//1722
f 336//1723 337//1723 1418//1723
f 337//1724 331//1724 338//1724
f 332//1725 340//1725 341//1725
f 341//1726 1412//1726 1411//1726
f 346//1727 553//1727 558//1727
f 342//1728 573//1728 345//1728
f 345//1729 578//1729 346//1729
f 348//1730 347//1730 333//1730
f 347//1731 343//1731 333//1731
f 556//1732 343//1732 558//1732
f 348//1733 350//1733 344//1733
f 350//1734 1403//1734 1395//1734
f 339//1735 341//1735 350//1735
f 341//1736 1411//1736 1402//1736
f 342//1737 352//1737 579//1737
f 489//1738 377//1738 516//1738
f 357//1739 353//1739 354//1739
f 359//1740 353//1740 356//1740
f 486//1741 358//1741 356//1741
f 356//1742 484//1742 486//1742
f 356//1743 358//1743 359//1743
f 358//1744 2771//1744 359//1744
f 358//1745 1519//1745 2771//1745
f 353//1746 359//1746 380//1746
f 359//1747 2771//1747 381//1747
f 360//1748 366//1748 361//1748
f 361//1749 366//1749 367//1749
f 360//1750 364//1750 366//1750
f 360//1751 362//1751 574//1751
f 361//1752 496//1752 577//1752
f 360//1753 574//1753 363//1753
f 370//1754 368//1754 583//1754
f 363//1755 574//1755 368//1755
f 363//1756 369//1756 364//1756
f 364//1757 369//1757 365//1757
f 375//1758 527//1758 520//1758
f 376//1759 375//1759 377//1759
f 374//1760 378//1760 379//1760
f 378//1761 380//1761 381//1761
f 378//1762 2772//1762 379//1762
f 382//1763 371//1763 373//1763
f 2202//1764 385//1764 2203//1764
f 383//1765 384//1765 2756//1765
f 383//1766 2756//1766 2203//1766
f 384//1767 561//1767 2756//1767
f 385//1768 569//1768 386//1768
f 392//1769 391//1769 394//1769
f 390//1770 389//1770 525//1770
f 394//1771 418//1771 2769//1771
f 389//1772 390//1772 397//1772
f 392//1773 395//1773 389//1773
f 395//1774 396//1774 389//1774
f 388//1775 397//1775 1472//1775
f 390//1776 524//1776 397//1776
f 397//1777 528//1777 398//1777
f 388//1778 399//1778 392//1778
f 400//1779 391//1779 399//1779
f 413//1780 394//1780 400//1780
f 388//1781 401//1781 399//1781
f 402//1782 400//1782 403//1782
f 2778//1783 402//1783 403//1783
f 403//1784 2721//1784 2778//1784
f 453//1785 407//1785 454//1785
f 407//1786 406//1786 408//1786
f 448//1787 408//1787 1345//1787
f 409//1788 467//1788 567//1788
f 409//1789 404//1789 410//1789
f 405//1790 570//1790 1348//1790
f 414//1791 415//1791 417//1791
f 413//1792 418//1792 394//1792
f 416//1793 417//1793 418//1793
f 417//1794 445//1794 443//1794
f 417//1795 443//1795 418//1795
f 419//1796 416//1796 420//1796
f 416//1797 421//1797 420//1797
f 421//1798 413//1798 402//1798
f 422//1799 425//1799 415//1799
f 425//1800 435//1800 438//1800
f 425//1801 423//1801 426//1801
f 424//1802 426//1802 433//1802
f 324//1803 429//1803 325//1803
f 432//1804 433//1804 434//1804
f 431//1805 433//1805 432//1805
f 427//1806 428//1806 433//1806
f 432//1807 429//1807 431//1807
f 222//1808 438//1808 435//1808
f 439//1809 435//1809 425//1809
f 436//1810 224//1810 437//1810
f 441//1811 442//1811 443//1811
f 443//1812 442//1812 418//1812
f 440//1813 445//1813 444//1813
f 444//1814 223//1814 440//1814
f 446//1815 451//1815 404//1815
f 454//1816 449//1816 453//1816
f 408//1817 447//1817 454//1817
f 448//1818 447//1818 408//1818
f 448//1819 210//1819 447//1819
f 446//1820 449//1820 450//1820
f 450//1821 198//1821 451//1821
f 395//1822 458//1822 396//1822
f 456//1823 394//1823 2769//1823
f 458//1824 271//1824 470//1824
f 460//1825 464//1825 465//1825
f 466//1826 384//1826 465//1826
f 461//1827 460//1827 565//1827
f 461//1828 565//1828 462//1828
f 467//1829 410//1829 452//1829
f 463//1830 199//1830 462//1830
f 464//1831 469//1831 562//1831
f 470//1832 472//1832 523//1832
f 472//1833 517//1833 520//1833
f 473//1834 470//1834 271//1834
f 473//1835 471//1835 472//1835
f 471//1836 517//1836 472//1836
f 471//1837 551//1837 517//1837
f 477//1838 478//1838 479//1838
f 478//1839 2204//1839 479//1839
f 478//1840 2196//1840 2198//1840
f 476//1841 475//1841 2756//1841
f 482//1842 483//1842 357//1842
f 486//1843 484//1843 485//1843
f 487//1844 485//1844 1299//1844
f 490//1845 489//1845 491//1845
f 354//1846 355//1846 488//1846
f 488//1847 490//1847 482//1847
f 482//1848 241//1848 483//1848
f 493//1849 495//1849 572//1849
f 494//1850 496//1850 2197//1850
f 493//1851 576//1851 494//1851
f 492//1852 497//1852 495//1852
f 498//1853 499//1853 500//1853
f 500//1854 333//1854 557//1854
f 323//1855 503//1855 322//1855
f 503//1856 507//1856 508//1856
f 322//1857 508//1857 324//1857
f 503//1858 323//1858 504//1858
f 505//1859 318//1859 506//1859
f 323//1860 318//1860 504//1860
f 318//1861 321//1861 501//1861
f 509//1862 510//1862 511//1862
f 511//1863 2775//1863 430//1863
f 427//1864 324//1864 512//1864
f 510//1865 514//1865 2775//1865
f 515//1866 516//1866 521//1866
f 516//1867 375//1867 521//1867
f 521//1868 522//1868 518//1868
f 527//1869 525//1869 523//1869
f 524//1870 390//1870 525//1870
f 523//1871 396//1871 458//1871
f 524//1872 526//1872 528//1872
f 531//1873 526//1873 372//1873
f 527//1874 372//1874 526//1874
f 1483//1875 529//1875 530//1875
f 528//1876 397//1876 524//1876
f 1483//1877 398//1877 528//1877
f 538//1878 532//1878 536//1878
f 532//1879 534//1879 536//1879
f 537//1880 535//1880 2762//1880
f 534//1881 535//1881 536//1881
f 532//1882 518//1882 522//1882
f 538//1883 515//1883 518//1883
f 533//1884 539//1884 551//1884
f 540//1885 539//1885 533//1885
f 540//1886 522//1886 539//1886
f 535//1887 541//1887 542//1887
f 542//1888 541//1888 549//1888
f 1791//1889 542//1889 549//1889
f 545//1890 548//1890 547//1890
f 545//1891 544//1891 551//1891
f 543//1892 549//1892 544//1892
f 543//1893 1795//1893 550//1893
f 471//1894 546//1894 545//1894
f 558//1895 552//1895 556//1895
f 473//1896 271//1896 546//1896
f 349//1897 555//1897 557//1897
f 495//1898 497//1898 559//1898
f 556//1899 552//1899 560//1899
f 563//1900 476//1900 561//1900
f 480//1901 476//1901 563//1901
f 476//1902 2756//1902 561//1902
f 562//1903 563//1903 466//1903
f 563//1904 562//1904 618//1904
f 563//1905 618//1905 619//1905
f 564//1906 566//1906 568//1906
f 568//1907 467//1907 565//1907
f 568//1908 567//1908 467//1908
f 564//1909 383//1909 386//1909
f 568//1910 384//1910 564//1910
f 569//1911 1353//1911 386//1911
f 568//1912 565//1912 465//1912
f 564//1913 386//1913 1353//1913
f 566//1914 405//1914 567//1914
f 1353//1915 570//1915 566//1915
f 570//1916 2780//1916 1348//1916
f 496//1917 576//1917 577//1917
f 572//1918 576//1918 493//1918
f 571//1919 575//1919 576//1919
f 571//1920 574//1920 575//1920
f 574//1921 362//1921 575//1921
f 576//1922 362//1922 577//1922
f 573//1923 578//1923 345//1923
f 576//1924 578//1924 571//1924
f 582//1925 579//1925 1389//1925
f 1389//1926 579//1926 1390//1926
f 573//1927 580//1927 571//1927
f 580//1928 582//1928 581//1928
f 580//1929 581//1929 574//1929
f 581//1930 368//1930 574//1930
f 579//1931 582//1931 580//1931
f 581//1932 582//1932 1387//1932
f 585//1933 584//1933 589//1933
f 585//1934 589//1934 592//1934
f 592//1935 589//1935 590//1935
f 585//1936 592//1936 593//1936
f 587//1937 593//1937 232//1937
f 595//1938 592//1938 591//1938
f 593//1939 592//1939 595//1939
f 595//1940 594//1940 593//1940
f 591//1941 2765//1941 2766//1941
f 585//1942 552//1942 554//1942
f 586//1943 560//1943 552//1943
f 584//1944 554//1944 559//1944
f 591//1945 590//1945 596//1945
f 596//1946 2764//1946 2765//1946
f 598//1947 599//1947 590//1947
f 599//1948 1625//1948 2764//1948
f 604//1949 606//1949 605//1949
f 606//1950 607//1950 605//1950
f 2774//1951 608//1951 604//1951
f 608//1952 609//1952 606//1952
f 602//1953 468//1953 612//1953
f 600//1954 601//1954 610//1954
f 468//1955 462//1955 613//1955
f 469//1956 468//1956 602//1956
f 604//1957 611//1957 2774//1957
f 611//1958 207//1958 2774//1958
f 614//1959 615//1959 620//1959
f 621//1960 607//1960 609//1960
f 605//1961 607//1961 616//1961
f 618//1962 615//1962 614//1962
f 614//1963 620//1963 622//1963
f 620//1964 616//1964 622//1964
f 623//1965 616//1965 617//1965
f 2852//1966 627//1966 632//1966
f 625//1967 631//1967 632//1967
f 632//1968 631//1968 633//1968
f 631//1969 308//1969 633//1969
f 624//1970 625//1970 634//1970
f 628//1971 634//1971 635//1971
f 635//1972 636//1972 637//1972
f 626//1973 636//1973 634//1973
f 627//1974 2852//1974 2773//1974
f 627//1975 638//1975 636//1975
f 638//1976 599//1976 637//1976
f 638//1977 2773//1977 1625//1977
f 638//1978 1625//1978 599//1978
f 497//1979 624//1979 628//1979
f 497//1980 588//1980 559//1980
f 630//1981 2197//1981 308//1981
f 494//1982 2197//1982 630//1982
f 492//1983 494//1983 629//1983
f 2667//1984 2316//1984 639//1984
f 2667//1985 2305//1985 2316//1985
f 643//1986 639//1986 2683//1986
f 2674//1987 639//1987 643//1987
f 640//1988 2672//1988 644//1988
f 644//1989 641//1989 640//1989
f 645//1990 642//1990 641//1990
f 673//1991 655//1991 662//1991
f 655//1992 646//1992 664//1992
f 657//1993 658//1993 646//1993
f 658//1994 1228//1994 656//1994
f 1228//1995 658//1995 660//1995
f 657//1996 653//1996 659//1996
f 658//1997 659//1997 660//1997
f 654//1998 659//1998 653//1998
f 659//1999 661//1999 1232//1999
f 654//2000 661//2000 659//2000
f 647//2001 649//2001 662//2001
f 648//2002 663//2002 1061//2002
f 647//2003 662//2003 664//2003
f 665//2004 647//2004 666//2004
f 666//2005 664//2005 667//2005
f 668//2006 666//2006 669//2006
f 668//2007 669//2007 1064//2007
f 1227//2008 669//2008 1219//2008
f 647//2009 670//2009 649//2009
f 653//2010 655//2010 673//2010
f 672//2011 2859//2011 773//2011
f 662//2012 649//2012 673//2012
f 649//2013 650//2013 675//2013
f 653//2014 676//2014 674//2014
f 654//2015 2946//2015 2956//2015
f 650//2016 651//2016 677//2016
f 679//2017 674//2017 678//2017
f 680//2018 678//2018 682//2018
f 681//2019 652//2019 752//2019
f 2857//2020 680//2020 682//2020
f 694//2021 685//2021 693//2021
f 684//2022 689//2022 693//2022
f 690//2023 695//2023 689//2023
f 695//2024 696//2024 693//2024
f 696//2025 697//2025 694//2025
f 691//2026 698//2026 695//2026
f 698//2027 699//2027 696//2027
f 697//2028 699//2028 747//2028
f 698//2029 700//2029 701//2029
f 699//2030 701//2030 2786//2030
f 701//2031 700//2031 2786//2031
f 702//2032 2786//2032 1759//2032
f 707//2033 686//2033 687//2033
f 684//2034 703//2034 686//2034
f 703//2035 738//2035 687//2035
f 738//2036 986//2036 687//2036
f 685//2037 737//2037 703//2037
f 688//2038 704//2038 705//2038
f 683//2039 686//2039 704//2039
f 704//2040 686//2040 707//2040
f 704//2041 707//2041 708//2041
f 705//2042 708//2042 709//2042
f 706//2043 709//2043 1141//2043
f 689//2044 688//2044 690//2044
f 710//2045 691//2045 711//2045
f 690//2046 1136//2046 711//2046
f 688//2047 1134//2047 690//2047
f 706//2048 1134//2048 688//2048
f 690//2049 1134//2049 1136//2049
f 2854//2050 710//2050 711//2050
f 719//2051 712//2051 729//2051
f 712//2052 719//2052 723//2052
f 722//2053 724//2053 725//2053
f 723//2054 720//2054 726//2054
f 725//2055 727//2055 2369//2055
f 730//2056 729//2056 731//2056
f 714//2057 729//2057 730//2057
f 714//2058 730//2058 715//2058
f 732//2059 730//2059 731//2059
f 712//2060 733//2060 731//2060
f 714//2061 736//2061 716//2061
f 736//2062 737//2062 717//2062
f 737//2063 685//2063 718//2063
f 715//2064 738//2064 736//2064
f 740//2065 720//2065 739//2065
f 741//2066 721//2066 740//2066
f 743//2067 739//2067 742//2067
f 719//2068 742//2068 739//2068
f 744//2069 740//2069 743//2069
f 1740//2070 741//2070 744//2070
f 746//2071 744//2071 743//2071
f 1740//2072 744//2072 746//2072
f 717//2073 718//2073 745//2073
f 746//2074 743//2074 747//2074
f 747//2075 745//2075 697//2075
f 1759//2076 746//2076 702//2076
f 751//2077 750//2077 758//2077
f 752//2078 758//2078 763//2078
f 752//2079 763//2079 681//2079
f 758//2080 760//2080 761//2080
f 681//2081 763//2081 682//2081
f 760//2082 762//2082 764//2082
f 763//2083 761//2083 765//2083
f 761//2084 764//2084 767//2084
f 682//2085 765//2085 2857//2085
f 765//2086 767//2086 769//2086
f 1681//2087 2789//2087 766//2087
f 767//2088 768//2088 1674//2088
f 778//2089 753//2089 770//2089
f 753//2090 749//2090 771//2090
f 771//2091 749//2091 750//2091
f 773//2092 1069//2092 770//2092
f 772//2093 751//2093 752//2093
f 748//2094 749//2094 774//2094
f 748//2095 774//2095 754//2095
f 2317//2096 755//2096 777//2096
f 766//2097 779//2097 1681//2097
f 757//2098 756//2098 780//2098
f 748//2099 754//2099 782//2099
f 779//2100 781//2100 1681//2100
f 783//2101 757//2101 780//2101
f 783//2102 780//2102 2790//2102
f 781//2103 2314//2103 1682//2103
f 2790//2104 782//2104 2312//2104
f 783//2105 2313//2105 2314//2105
f 786//2106 785//2106 796//2106
f 787//2107 797//2107 2190//2107
f 797//2108 796//2108 798//2108
f 2190//2109 797//2109 800//2109
f 797//2110 798//2110 800//2110
f 2190//2111 800//2111 2192//2111
f 793//2112 794//2112 799//2112
f 798//2113 799//2113 800//2113
f 799//2114 794//2114 795//2114
f 1595//2115 800//2115 1594//2115
f 801//2116 1586//2116 1592//2116
f 789//2117 802//2117 803//2117
f 788//2118 802//2118 789//2118
f 784//2119 802//2119 788//2119
f 802//2120 804//2120 803//2120
f 786//2121 805//2121 802//2121
f 805//2122 2181//2122 804//2122
f 807//2123 790//2123 806//2123
f 791//2124 790//2124 807//2124
f 791//2125 807//2125 808//2125
f 792//2126 790//2126 812//2126
f 795//2127 1598//2127 1586//2127
f 794//2128 813//2128 795//2128
f 790//2129 791//2129 815//2129
f 795//2130 814//2130 1598//2130
f 812//2131 846//2131 794//2131
f 812//2132 815//2132 846//2132
f 815//2133 791//2133 845//2133
f 816//2134 1068//2134 819//2134
f 819//2135 1069//2135 835//2135
f 819//2136 2686//2136 816//2136
f 820//2137 2803//2137 2685//2137
f 1068//2138 816//2138 817//2138
f 817//2139 816//2139 2677//2139
f 2683//2140 818//2140 2682//2140
f 817//2141 1066//2141 1068//2141
f 2683//2142 1067//2142 818//2142
f 821//2143 827//2143 831//2143
f 827//2144 828//2144 822//2144
f 821//2145 829//2145 830//2145
f 825//2146 829//2146 821//2146
f 829//2147 1061//2147 1062//2147
f 827//2148 1064//2148 828//2148
f 1064//2149 2796//2149 828//2149
f 2893//2150 2896//2150 824//2150
f 821//2151 831//2151 823//2151
f 823//2152 1421//2152 824//2152
f 824//2153 1421//2153 2893//2153
f 831//2154 832//2154 823//2154
f 831//2155 822//2155 833//2155
f 833//2156 1405//2156 832//2156
f 821//2157 823//2157 825//2157
f 825//2158 834//2158 826//2158
f 823//2159 824//2159 834//2159
f 2896//2160 834//2160 824//2160
f 826//2161 834//2161 2803//2161
f 2859//2162 826//2162 835//2162
f 826//2163 2859//2163 825//2163
f 820//2164 835//2164 826//2164
f 837//2165 841//2165 845//2165
f 841//2166 842//2166 845//2166
f 848//2167 843//2167 844//2167
f 847//2168 813//2168 846//2168
f 814//2169 849//2169 2855//2169
f 836//2170 850//2170 852//2170
f 850//2171 1172//2171 852//2171
f 850//2172 837//2172 851//2172
f 851//2173 808//2173 811//2173
f 836//2174 852//2174 838//2174
f 841//2175 854//2175 842//2175
f 842//2176 855//2176 843//2176
f 855//2177 856//2177 844//2177
f 838//2178 857//2178 841//2178
f 855//2179 2862//2179 856//2179
f 854//2180 858//2180 855//2180
f 859//2181 858//2181 854//2181
f 868//2182 861//2182 865//2182
f 1891//2183 2862//2183 858//2183
f 860//2184 866//2184 865//2184
f 867//2185 2139//2185 2140//2185
f 860//2186 865//2186 861//2186
f 868//2187 869//2187 1380//2187
f 2159//2188 865//2188 866//2188
f 868//2189 2159//2189 869//2189
f 871//2190 862//2190 870//2190
f 877//2191 861//2191 870//2191
f 873//2192 871//2192 872//2192
f 870//2193 861//2193 872//2193
f 868//2194 875//2194 861//2194
f 872//2195 875//2195 876//2195
f 1212//2196 874//2196 876//2196
f 875//2197 1380//2197 1376//2197
f 876//2198 875//2198 1376//2198
f 877//2199 878//2199 867//2199
f 864//2200 878//2200 879//2200
f 878//2201 877//2201 862//2201
f 879//2202 862//2202 880//2202
f 880//2203 863//2203 881//2203
f 881//2204 2138//2204 880//2204
f 2138//2205 881//2205 2858//2205
f 1141//2206 1013//2206 882//2206
f 884//2207 1028//2207 2417//2207
f 884//2208 1027//2208 1028//2208
f 2417//2209 2508//2209 884//2209
f 2801//2210 893//2210 894//2210
f 893//2211 890//2211 895//2211
f 893//2212 895//2212 896//2212
f 891//2213 897//2213 895//2213
f 896//2214 898//2214 2157//2214
f 899//2215 2806//2215 1185//2215
f 887//2216 900//2216 2062//2216
f 2149//2217 886//2217 2801//2217
f 888//2218 885//2218 901//2218
f 890//2219 903//2219 891//2219
f 905//2220 903//2220 889//2220
f 903//2221 905//2221 904//2221
f 905//2222 889//2222 1979//2222
f 904//2223 1980//2223 1983//2223
f 907//2224 915//2224 916//2224
f 906//2225 917//2225 916//2225
f 916//2226 917//2226 918//2226
f 909//2227 919//2227 920//2227
f 911//2228 910//2228 1477//2228
f 906//2229 915//2229 908//2229
f 910//2230 920//2230 1478//2230
f 919//2231 915//2231 921//2231
f 921//2232 922//2232 920//2232
f 921//2233 907//2233 938//2233
f 923//2234 912//2234 908//2234
f 924//2235 913//2235 923//2235
f 923//2236 908//2236 909//2236
f 1019//2237 924//2237 926//2237
f 925//2238 909//2238 927//2238
f 929//2239 926//2239 928//2239
f 925//2240 927//2240 928//2240
f 928//2241 927//2241 911//2241
f 928//2242 911//2242 1474//2242
f 931//2243 913//2243 932//2243
f 934//2244 936//2244 2698//2244
f 2698//2245 936//2245 981//2245
f 2700//2246 981//2246 982//2246
f 982//2247 2795//2247 2797//2247
f 933//2248 934//2248 2695//2248
f 981//2249 2700//2249 2698//2249
f 982//2250 937//2250 2700//2250
f 937//2251 2797//2251 2699//2251
f 2696//2252 2695//2252 2687//2252
f 2695//2253 2696//2253 938//2253
f 935//2254 939//2254 933//2254
f 907//2255 918//2255 935//2255
f 918//2256 987//2256 939//2256
f 942//2257 941//2257 2383//2257
f 942//2258 2383//2258 2384//2258
f 941//2259 942//2259 2363//2259
f 942//2260 943//2260 2366//2260
f 943//2261 2795//2261 2367//2261
f 2377//2262 2866//2262 944//2262
f 941//2263 940//2263 2386//2263
f 2386//2264 940//2264 2387//2264
f 2387//2265 940//2265 944//2265
f 2385//2266 944//2266 2837//2266
f 946//2267 952//2267 953//2267
f 952//2268 946//2268 945//2268
f 2792//2269 949//2269 955//2269
f 957//2270 945//2270 956//2270
f 945//2271 946//2271 956//2271
f 955//2272 948//2272 957//2272
f 956//2273 946//2273 947//2273
f 958//2274 957//2274 1438//2274
f 961//2275 949//2275 2748//2275
f 952//2276 945//2276 950//2276
f 950//2277 951//2277 952//2277
f 964//2278 963//2278 970//2278
f 963//2279 968//2279 971//2279
f 970//2280 971//2280 972//2280
f 2791//2281 972//2281 1457//2281
f 1457//2282 972//2282 1441//2282
f 974//2283 963//2283 964//2283
f 965//2284 974//2284 2713//2284
f 975//2285 964//2285 1456//2285
f 2713//2286 967//2286 965//2286
f 2713//2287 2709//2287 967//2287
f 968//2288 963//2288 966//2288
f 966//2289 967//2289 978//2289
f 980//2290 933//2290 939//2290
f 980//2291 939//2291 738//2291
f 987//2292 738//2292 939//2292
f 936//2293 732//2293 981//2293
f 981//2294 735//2294 982//2294
f 985//2295 931//2295 932//2295
f 983//2296 707//2296 687//2296
f 932//2297 709//2297 708//2297
f 986//2298 918//2298 917//2298
f 989//2299 994//2299 996//2299
f 995//2300 996//2300 1351//2300
f 996//2301 994//2301 1284//2301
f 992//2302 988//2302 997//2302
f 991//2303 997//2303 1181//2303
f 988//2304 989//2304 990//2304
f 1181//557 998//557 1183//557
f 990//2305 998//2305 997//2305
f 990//2306 995//2306 1355//2306
f 1183//2307 998//2307 1368//2307
f 2825//2308 999//2308 1000//2308
f 992//2309 991//2309 999//2309
f 991//2310 1181//2310 1188//2310
f 988//2311 992//2311 994//2311
f 993//2312 2825//2312 1001//2312
f 2799//2313 1003//2313 1011//2313
f 1005//2314 1014//2314 2848//2314
f 1003//2315 1015//2315 1002//2315
f 1004//2316 1015//2316 1016//2316
f 1005//2317 1016//2317 1017//2317
f 2847//2318 929//2318 1474//2318
f 1007//2319 1006//2319 1021//2319
f 2452//2320 1022//2320 1023//2320
f 1025//2321 1026//2321 2615//2321
f 1128//2322 1010//2322 883//2322
f 1006//2323 1007//2323 1027//2323
f 1027//2324 1008//2324 1028//2324
f 1030//2325 2140//2325 2181//2325
f 2167//2326 2174//2326 2146//2326
f 2178//2327 1032//2327 2151//2327
f 1044//2328 1050//2328 1043//2328
f 1035//2329 1034//2329 1044//2329
f 1042//2330 1033//2330 1041//2330
f 1046//2331 1043//2331 1042//2331
f 1033//2332 1042//2332 1043//2332
f 1644//2333 1045//2333 1046//2333
f 1231//2334 1046//2334 1230//2334
f 1047//2335 1046//2335 1231//2335
f 2856//2336 1644//2336 1047//2336
f 1057//2337 1230//2337 1042//2337
f 1050//2338 1048//2338 1036//2338
f 1048//2339 1049//2339 1037//2339
f 1049//2340 1048//2340 1914//2340
f 1051//2341 1052//2341 1914//2341
f 1034//2342 1035//2342 1051//2342
f 1040//2343 1053//2343 1875//2343
f 1055//2344 1036//2344 1037//2344
f 1041//2345 1033//2345 1038//2345
f 1236//2346 1057//2346 1058//2346
f 1039//2347 1040//2347 1059//2347
f 1058//2348 1059//2348 1060//2348
f 1060//2349 1059//2349 1867//2349
f 1040//2350 1860//2350 1867//2350
f 1061//2351 1065//2351 648//2351
f 1065//2352 2859//2352 672//2352
f 1061//2353 663//2353 1062//2353
f 663//2354 665//2354 1062//2354
f 665//2355 668//2355 1063//2355
f 1064//2356 1227//2356 2796//2356
f 1062//2357 1063//2357 827//2357
f 778//2358 817//2358 775//2358
f 818//2359 776//2359 817//2359
f 818//2360 777//2360 776//2360
f 777//2361 1067//2361 2317//2361
f 1066//2362 778//2362 1068//2362
f 1068//2363 770//2363 1069//2363
f 1073//2364 1074//2364 2793//2364
f 1074//2365 2360//2365 2793//2365
f 1075//2366 1077//2366 1721//2366
f 1076//2367 2793//2367 2794//2367
f 1087//2368 1071//2368 1078//2368
f 1079//2369 1080//2369 1071//2369
f 1080//2370 1081//2370 1078//2370
f 1075//2371 1082//2371 1079//2371
f 1082//2372 1080//2372 1079//2372
f 1082//2373 1717//2373 1716//2373
f 1084//2374 1072//2374 1083//2374
f 2260//2375 1072//2375 1084//2375
f 1070//2376 1071//2376 1083//2376
f 1086//2377 1084//2377 1085//2377
f 1085//2378 1071//2378 1087//2378
f 1089//2379 1085//2379 1088//2379
f 1086//2380 1089//2380 2266//2380
f 1088//2381 1087//2381 2798//2381
f 2865//2382 2266//2382 2354//2382
f 1073//2383 1070//2383 1090//2383
f 1092//2384 1072//2384 1093//2384
f 1093//2385 2375//2385 1091//2385
f 2260//2386 2274//2386 1072//2386
f 1097//2387 1105//2387 1106//2387
f 2274//2388 2375//2388 1093//2388
f 1094//2389 1104//2389 1095//2389
f 1096//2390 1105//2390 1097//2390
f 1106//2391 1107//2391 1772//2391
f 1095//2392 1105//2392 1096//2392
f 1095//2393 1108//2393 1109//2393
f 1104//2394 1108//2394 1095//2394
f 1094//2395 1095//2395 1113//2395
f 1094//2396 1113//2396 1100//2396
f 1098//2397 1114//2397 1099//2397
f 1114//2398 1115//2398 1139//2398
f 1113//2399 1114//2399 1098//2399
f 1113//2400 1096//2400 1115//2400
f 1096//2401 1097//2401 1116//2401
f 1139//2402 1117//2402 2854//2402
f 1116//2403 1097//2403 1779//2403
f 1779//2404 1097//2404 1772//2404
f 1117//2405 1783//2405 2854//2405
f 1103//2406 1118//2406 2497//2406
f 1119//2407 1100//2407 1098//2407
f 1120//2408 1118//2408 1119//2408
f 1121//2409 1119//2409 1099//2409
f 1121//2410 1099//2410 1144//2410
f 1144//2411 1099//2411 1137//2411
f 1121//2412 1146//2412 2502//2412
f 1108//2413 1104//2413 1122//2413
f 1104//2414 1101//2414 1102//2414
f 1122//2415 1123//2415 1124//2415
f 1102//2416 1125//2416 1123//2416
f 1123//2417 1125//2417 1124//2417
f 1126//2418 1125//2418 2516//2418
f 1140//2419 1133//2419 1134//2419
f 1135//2420 1134//2420 1133//2420
f 1135//2421 1136//2421 1134//2421
f 1132//2422 1135//2422 1133//2422
f 1135//2423 1137//2423 1138//2423
f 1138//2424 1114//2424 1139//2424
f 1127//2425 882//2425 1128//2425
f 1140//2426 1141//2426 882//2426
f 1129//2427 1142//2427 1130//2427
f 1129//2428 1128//2428 883//2428
f 1142//2429 884//2429 2508//2429
f 1142//2430 883//2430 884//2430
f 1132//2431 1144//2431 1137//2431
f 1131//2432 1145//2432 1132//2432
f 1144//2433 1146//2433 1121//2433
f 1132//2434 1146//2434 1144//2434
f 1143//2435 1130//2435 1147//2435
f 1145//2436 1147//2436 1148//2436
f 1156//2437 1149//2437 1152//2437
f 1147//2438 2499//2438 1148//2438
f 1153//2439 1154//2439 1155//2439
f 1502//2440 1155//2440 1489//2440
f 2805//2441 1155//2441 1154//2441
f 1149//2442 1156//2442 1150//2442
f 1150//2443 1156//2443 2583//2443
f 1156//2444 1157//2444 2582//2444
f 1156//2445 1501//2445 1157//2445
f 2583//2446 2594//2446 1158//2446
f 1160//2447 1151//2447 1159//2447
f 1149//2448 1161//2448 1159//2448
f 2613//2449 1160//2449 2403//2449
f 1159//2450 2400//2450 2403//2450
f 2400//2451 1161//2451 2394//2451
f 1163//2452 1162//2452 2584//2452
f 2584//2453 1168//2453 1163//2453
f 2526//2454 1168//2454 1313//2454
f 1166//2455 1169//2455 1167//2455
f 1169//2456 2542//2456 2841//2456
f 1166//2457 2542//2457 1169//2457
f 1166//2458 2541//2458 2542//2458
f 1170//2459 1162//2459 1164//2459
f 1170//2460 1164//2460 1165//2460
f 1165//2461 1166//2461 1171//2461
f 1175//2462 850//2462 2858//2462
f 1175//2463 1206//2463 1172//2463
f 2858//2464 1207//2464 1206//2464
f 1173//2465 853//2465 1172//2465
f 1174//2466 1897//2466 853//2466
f 1176//2467 1180//2467 1182//2467
f 1358//2468 1177//2468 1182//2468
f 1182//2469 1181//2469 1183//2469
f 1187//2470 1178//2470 1184//2470
f 1177//2471 1364//2471 1185//2471
f 1982//2472 1179//2472 1186//2472
f 1983//2473 1187//2473 892//2473
f 1186//2474 1188//2474 1180//2474
f 1188//2475 1179//2475 1000//2475
f 1265//2476 1196//2476 1264//2476
f 1266//2477 1192//2477 1265//2477
f 1192//2478 1266//2478 1342//2478
f 1189//2479 1245//2479 1262//2479
f 1191//2480 1263//2480 1264//2480
f 1196//2481 1280//2481 1190//2481
f 1196//2482 1192//2482 1282//2482
f 1342//2483 1346//2483 1192//2483
f 1189//2484 1193//2484 1194//2484
f 2822//2485 1195//2485 1197//2485
f 1194//2486 1267//2486 1189//2486
f 1194//2487 1268//2487 1267//2487
f 1268//2488 1195//2488 1269//2488
f 1199//2489 1205//2489 1200//2489
f 1198//2490 1214//2490 1206//2490
f 881//2491 2802//2491 1207//2491
f 1205//2492 1206//2492 1207//2492
f 1214//2493 1172//2493 1206//2493
f 1205//2494 1208//2494 1198//2494
f 1199//2495 1209//2495 1208//2495
f 1209//2496 1199//2496 1211//2496
f 1209//2497 1211//2497 1210//2497
f 1210//2498 2807//2498 1202//2498
f 1200//2499 1211//2499 1199//2499
f 1210//2500 1211//2500 874//2500
f 1200//2501 863//2501 871//2501
f 1204//2502 1203//2502 1201//2502
f 1201//2503 1209//2503 1213//2503
f 1202//2504 2864//2504 1213//2504
f 1198//2505 1203//2505 1215//2505
f 1224//2506 1225//2506 1223//2506
f 1229//2507 1235//2507 660//2507
f 1217//2508 1228//2508 1220//2508
f 1229//2509 1231//2509 1230//2509
f 1232//2510 661//2510 1231//2510
f 1232//2511 1229//2511 660//2511
f 1218//2512 1219//2512 1228//2512
f 1047//2513 661//2513 2856//2513
f 1221//2514 1234//2514 1222//2514
f 1234//2515 1870//2515 1222//2515
f 1233//2516 1234//2516 1221//2516
f 1870//2517 1234//2517 2813//2517
f 1235//2518 1236//2518 1220//2518
f 1233//2519 1237//2519 1234//2519
f 1233//2520 1236//2520 1237//2520
f 1237//2521 1236//2521 1060//2521
f 1237//2522 1060//2522 2813//2522
f 1223//2523 1238//2523 1224//2523
f 1223//2524 1221//2524 1238//2524
f 1238//2525 1222//2525 1239//2525
f 1239//2526 1879//2526 2863//2526
f 1242//2527 1254//2527 1252//2527
f 1256//2528 1254//2528 1250//2528
f 1254//2529 1256//2529 1255//2529
f 1255//2530 1259//2530 1257//2530
f 1258//2531 1250//2531 1251//2531
f 1259//2532 1256//2532 1258//2532
f 1259//2533 1260//2533 1257//2533
f 1260//2534 1261//2534 1257//2534
f 1259//2535 1258//2535 2101//2535
f 1241//2536 1242//2536 1263//2536
f 1242//2537 1264//2537 1263//2537
f 2023//2538 1248//2538 1269//2538
f 1251//2539 1271//2539 1274//2539
f 1248//2540 1273//2540 1272//2540
f 1273//2541 1274//2541 1271//2541
f 1512//2542 1275//2542 1281//2542
f 1283//2543 1280//2543 1281//2543
f 1511//2544 1512//2544 1282//2544
f 1282//2545 1281//2545 1196//2545
f 1285//2546 1350//2546 1284//2546
f 1276//2547 1279//2547 1277//2547
f 1283//2548 1286//2548 1276//2548
f 1286//2549 1998//2549 1279//2549
f 1276//2550 1287//2550 1280//2550
f 994//2551 1001//2551 1284//2551
f 1287//2552 1194//2552 1193//2552
f 1277//2553 1288//2553 1287//2553
f 2823//2554 1278//2554 1279//2554
f 1197//2555 1288//2555 2822//2555
f 2823//2556 2822//2556 1288//2556
f 1295//2557 1294//2557 1290//2557
f 2807//2558 1294//2558 1202//2558
f 1290//2559 1393//2559 1385//2559
f 1293//2560 1202//2560 1294//2560
f 1212//2561 1393//2561 2807//2561
f 1294//2562 2807//2562 1393//2562
f 1295//2563 1290//2563 1391//2563
f 1289//2564 1292//2564 1293//2564
f 1292//2565 1291//2565 1296//2565
f 1298//2566 1302//2566 1301//2566
f 1299//2567 1301//2567 487//2567
f 1303//2568 1313//2568 1300//2568
f 1297//2569 1300//2569 1522//2569
f 1306//2570 1303//2570 1304//2570
f 1307//2571 1306//2571 1310//2571
f 1307//2572 1310//2572 1309//2572
f 1304//2573 1305//2573 1310//2573
f 1310//2574 251//2574 1309//2574
f 251//2575 1305//2575 244//2575
f 1303//2576 1306//2576 1311//2576
f 1308//2577 1311//2577 2530//2577
f 2530//2578 1311//2578 1307//2578
f 1313//2579 1303//2579 1308//2579
f 1321//2580 1322//2580 1324//2580
f 1323//2581 1324//2581 1322//2581
f 1324//2582 1323//2582 1325//2582
f 205//2583 210//2583 1323//2583
f 1317//2584 1316//2584 1326//2584
f 1326//2585 1314//2585 1315//2585
f 1266//2586 1318//2586 1327//2586
f 1328//2587 1319//2587 1316//2587
f 1532//2588 1320//2588 1328//2588
f 1329//2589 1316//2589 1317//2589
f 1330//2590 1328//2590 1329//2590
f 2809//2591 1330//2591 1332//2591
f 1330//2592 2809//2592 1533//2592
f 1314//2593 1319//2593 1333//2593
f 1321//2594 1333//2594 1322//2594
f 1323//2595 1335//2595 205//2595
f 1323//2596 1334//2596 1335//2596
f 1333//2597 1320//2597 1336//2597
f 1334//2598 1336//2598 1540//2598
f 1338//2599 1337//2599 1344//2599
f 1343//2600 2776//2600 1345//2600
f 1340//2601 1339//2601 1338//2601
f 1315//2602 1339//2602 1326//2602
f 1340//2603 1326//2603 1339//2603
f 1342//2604 1266//2604 1341//2604
f 1321//2605 1337//2605 1315//2605
f 1325//2606 2776//2606 1324//2606
f 1347//2607 1348//2607 1349//2607
f 1347//2608 405//2608 1348//2608
f 1353//2609 1360//2609 1356//2609
f 2780//2610 1353//2610 1356//2610
f 1352//2611 1354//2611 1351//2611
f 998//2612 1355//2612 1357//2612
f 1354//2613 1356//2613 1357//2613
f 1354//2614 1357//2614 1355//2614
f 1351//2615 1350//2615 1352//2615
f 1359//2616 1360//2616 569//2616
f 2132//2617 1361//2617 2128//2617
f 1361//2618 2132//2618 1363//2618
f 1358//2619 1362//2619 1177//2619
f 1361//2620 1363//2620 1366//2620
f 1362//2621 1363//2621 1364//2621
f 1365//2622 1356//2622 1360//2622
f 1361//2623 1366//2623 1359//2623
f 1356//2624 1365//2624 1357//2624
f 1365//2625 1366//2625 1367//2625
f 1358//2626 1368//2626 1367//2626
f 1374//2627 1369//2627 1372//2627
f 370//2628 1374//2628 369//2628
f 1374//2629 1373//2629 1375//2629
f 1374//2630 1375//2630 2891//2630
f 369//2631 2891//2631 2888//2631
f 1377//2632 1371//2632 1370//2632
f 1369//2633 583//2633 1370//2633
f 1371//2634 1377//2634 1376//2634
f 1378//2635 1212//2635 876//2635
f 1372//2636 1371//2636 1379//2636
f 2890//2637 1380//2637 2131//2637
f 2890//2638 2131//2638 2889//2638
f 1387//2639 1388//2639 583//2639
f 1388//2640 1370//2640 583//2640
f 1383//2641 1384//2641 1392//2641
f 1386//2642 1393//2642 1388//2642
f 1393//2643 1378//2643 1370//2643
f 1385//2644 1393//2644 1386//2644
f 2770//2645 1399//2645 1401//2645
f 1400//2646 1401//2646 1399//2646
f 1384//2647 1390//2647 1400//2647
f 1402//2648 1396//2648 1403//2648
f 1394//2649 1395//2649 1403//2649
f 1397//2650 1394//2650 1404//2650
f 1398//2651 1404//2651 1939//2651
f 1404//2652 1396//2652 1405//2652
f 1402//2653 1405//2653 1396//2653
f 1406//2654 1399//2654 1397//2654
f 1400//2655 1408//2655 1392//2655
f 1406//2656 1398//2656 1407//2656
f 1408//2657 1934//2657 1392//2657
f 1410//2658 1412//2658 1413//2658
f 1410//2659 1409//2659 1412//2659
f 1411//2660 1412//2660 1409//2660
f 2895//2661 1410//2661 1413//2661
f 1414//2662 1415//2662 1416//2662
f 1417//2663 1419//2663 1416//2663
f 1415//2664 1413//2664 340//2664
f 1418//2665 1417//2665 336//2665
f 1419//2666 1417//2666 1418//2666
f 338//2667 2779//2667 1419//2667
f 1409//2668 2895//2668 2892//2668
f 1411//2669 1420//2669 1405//2669
f 2892//2670 2894//2670 1421//2670
f 1420//2671 1421//2671 1405//2671
f 1427//2672 1425//2672 2881//2672
f 1422//2673 1423//2673 2810//2673
f 2810//2674 1427//2674 2655//2674
f 2810//2675 1424//2675 1429//2675
f 1424//2676 1428//2676 1430//2676
f 1422//2677 2810//2677 1429//2677
f 1429//2678 1430//2678 2719//2678
f 1431//2679 1436//2679 2654//2679
f 1432//2680 2654//2680 2648//2680
f 1431//2681 2654//2681 1432//2681
f 1436//2682 2655//2682 2654//2682
f 1442//2683 1436//2683 1431//2683
f 1442//2684 2810//2684 1436//2684
f 1434//2685 1433//2685 2652//2685
f 1434//2686 1437//2686 1448//2686
f 1450//2687 1448//2687 1437//2687
f 1433//2688 1434//2688 1439//2688
f 1434//2689 1440//2689 1439//2689
f 1440//2690 958//2690 1439//2690
f 958//2691 1440//2691 1441//2691
f 1435//2692 1431//2692 1433//2692
f 1442//2693 1443//2693 1424//2693
f 1452//2694 1446//2694 1449//2694
f 1443//2695 947//2695 1428//2695
f 1445//2696 1453//2696 977//2696
f 1453//2697 1444//2697 1462//2697
f 1444//2698 1452//2698 1451//2698
f 1451//2699 1452//2699 2849//2699
f 1451//2700 2849//2700 1461//2700
f 1445//2701 975//2701 1456//2701
f 1445//2702 977//2702 975//2702
f 1462//2703 1465//2703 1453//2703
f 1447//2704 1446//2704 1454//2704
f 1444//2705 1445//2705 1456//2705
f 1446//2706 1456//2706 1454//2706
f 1455//2707 1457//2707 1440//2707
f 1458//2708 1461//2708 1459//2708
f 1465//2709 1462//2709 1458//2709
f 1462//2710 1461//2710 1458//2710
f 1462//2711 1451//2711 1461//2711
f 2882//2712 1458//2712 1459//2712
f 2882//2713 1459//2713 2885//2713
f 2885//2714 1459//2714 1463//2714
f 1463//2715 1459//2715 2628//2715
f 1459//2716 1460//2716 2628//2716
f 1464//2717 2884//2717 1466//2717
f 2882//2718 1466//2718 1465//2718
f 1465//2719 2691//2719 1453//2719
f 1471//2720 2721//2720 403//2720
f 2871//2721 1469//2721 2870//2721
f 1472//2722 1469//2722 2871//2722
f 1472//2723 398//2723 1469//2723
f 2870//2724 1470//2724 2869//2724
f 1470//2725 1473//2725 1474//2725
f 1477//2726 1475//2726 911//2726
f 2869//2727 1470//2727 1475//2727
f 1477//2728 1478//2728 1476//2728
f 1495//2729 530//2729 1496//2729
f 1479//2730 1485//2730 1480//2730
f 1481//2731 1485//2731 1486//2731
f 2596//2732 1486//2732 2609//2732
f 1487//2733 1488//2733 1485//2733
f 1488//2734 1489//2734 1486//2734
f 1487//2735 1495//2735 1498//2735
f 1479//2736 1480//2736 1482//2736
f 1482//2737 1490//2737 1473//2737
f 1480//2738 1481//2738 1490//2738
f 1490//2739 2804//2739 1491//2739
f 1490//2740 1491//2740 1473//2740
f 1495//2741 1496//2741 379//2741
f 1501//2742 1493//2742 1157//2742
f 1497//2743 2772//2743 381//2743
f 1157//2744 1503//2744 1527//2744
f 1493//2745 1503//2745 1157//2745
f 1494//2746 2772//2746 1492//2746
f 1495//2747 1500//2747 1498//2747
f 1500//2748 1494//2748 1499//2748
f 1492//2749 1493//2749 1499//2749
f 1500//2750 1502//2750 1488//2750
f 1489//2751 1488//2751 1502//2751
f 2771//2752 1497//2752 381//2752
f 2771//2753 1503//2753 1497//2753
f 1519//2754 1503//2754 2771//2754
f 1507//2755 1504//2755 1513//2755
f 1507//2756 1508//2756 2777//2756
f 1509//2757 1504//2757 1285//2757
f 1285//2758 1349//2758 1350//2758
f 1509//2759 1510//2759 1506//2759
f 1338//2760 1510//2760 1340//2760
f 1340//2761 1510//2761 1341//2761
f 1510//2762 1505//2762 1511//2762
f 1341//2763 1511//2763 1346//2763
f 1275//2764 1512//2764 1505//2764
f 1513//2765 1506//2765 1507//2765
f 1508//2766 1345//2766 2777//2766
f 1507//2767 1344//2767 1508//2767
f 1344//2768 1506//2768 1338//2768
f 1517//2769 1514//2769 1516//2769
f 1514//2770 1515//2770 1520//2770
f 1520//2771 1515//2771 487//2771
f 1301//2772 1520//2772 487//2772
f 1518//2773 1517//2773 1522//2773
f 1518//2774 1522//2774 1521//2774
f 1521//2775 1522//2775 1523//2775
f 1521//2776 1523//2776 2586//2776
f 1514//2777 1517//2777 1524//2777
f 1514//2778 1524//2778 1525//2778
f 1519//2779 1525//2779 1503//2779
f 1524//2780 1517//2780 1518//2780
f 1526//2781 1524//2781 1518//2781
f 1525//2782 1526//2782 1527//2782
f 1530//2783 1541//2783 1535//2783
f 1538//2784 1530//2784 1529//2784
f 1531//2785 1532//2785 1533//2785
f 2809//2786 1261//2786 1533//2786
f 1529//2787 1536//2787 1528//2787
f 1536//2788 1537//2788 1528//2788
f 1529//2789 1528//2789 1539//2789
f 1542//2790 1541//2790 1548//2790
f 1539//2791 1528//2791 1540//2791
f 1528//2792 1534//2792 202//2792
f 1540//2793 202//2793 204//2793
f 1540//2794 204//2794 1335//2794
f 1543//2795 1549//2795 1544//2795
f 1543//2796 1548//2796 1550//2796
f 1533//2797 1550//2797 1531//2797
f 1549//2798 1533//2798 1261//2798
f 1559//2799 1551//2799 1570//2799
f 1542//2800 1543//2800 1552//2800
f 1551//2801 1553//2801 1554//2801
f 1552//2802 1543//2802 1544//2802
f 1552//2803 1544//2803 2097//2803
f 1554//2804 2098//2804 2860//2804
f 1561//2805 1556//2805 608//2805
f 1546//2806 1555//2806 1557//2806
f 1547//2807 1557//2807 1556//2807
f 1558//2808 1560//2808 1556//2808
f 1556//2809 1560//2809 609//2809
f 1570//2810 1581//2810 1559//2810
f 1581//2811 1560//2811 1558//2811
f 1535//2812 1547//2812 1536//2812
f 1582//2813 1562//2813 1573//2813
f 1563//2814 1568//2814 1564//2814
f 1562//2815 1569//2815 1563//2815
f 1568//2816 1569//2816 2082//2816
f 1580//2817 1570//2817 1562//2817
f 1570//2818 1571//2818 1569//2818
f 2082//2819 1571//2819 2083//2819
f 1570//2820 1554//2820 1571//2820
f 1554//2821 2860//2821 1571//2821
f 1565//2822 1572//2822 2116//2822
f 1572//2823 1573//2823 1574//2823
f 1566//2824 1576//2824 1567//2824
f 1575//2825 2076//2825 2788//2825
f 1576//2826 1577//2826 1567//2826
f 1577//2827 1579//2827 617//2827
f 1565//2828 1578//2828 1576//2828
f 1582//2829 1566//2829 1580//2829
f 2763//2830 1567//2830 617//2830
f 609//2831 1583//2831 2763//2831
f 1584//2832 1590//2832 1585//2832
f 1586//2833 1591//2833 1592//2833
f 1590//2834 1589//2834 1593//2834
f 2959//2835 1591//2835 2960//2835
f 1592//2836 2959//2836 1594//2836
f 1585//2837 1586//2837 1597//2837
f 1597//2838 1586//2838 1598//2838
f 1615//2839 1598//2839 2855//2839
f 1587//2840 1600//2840 1588//2840
f 1587//2841 1629//2841 2852//2841
f 1611//2842 1629//2842 1599//2842
f 1602//2843 1584//2843 1603//2843
f 1601//2844 1604//2844 2962//2844
f 1602//2845 1605//2845 1604//2845
f 2962//2846 1604//2846 2961//2846
f 1605//2847 1602//2847 312//2847
f 1604//2848 316//2848 2122//2848
f 1607//2849 1616//2849 1612//2849
f 1616//2850 1610//2850 1613//2850
f 1610//2851 1627//2851 1614//2851
f 1613//2852 1615//2852 1612//2852
f 1613//2853 1614//2853 1615//2853
f 1611//2854 1596//2854 1614//2854
f 1617//2855 1608//2855 1616//2855
f 1609//2856 1608//2856 1617//2856
f 1619//2857 1617//2857 1607//2857
f 1626//2858 1621//2858 1622//2858
f 2773//2859 1628//2859 1622//2859
f 1608//2860 1609//2860 1623//2860
f 1622//2861 1621//2861 1623//2861
f 1623//2862 1609//2862 1624//2862
f 1625//2863 1622//2863 1624//2863
f 1627//2864 1610//2864 1626//2864
f 1631//2865 1635//2865 1638//2865
f 1638//2866 1635//2866 1636//2866
f 1051//2867 1638//2867 1639//2867
f 1640//2868 1636//2868 1637//2868
f 1636//2869 1640//2869 1639//2869
f 2861//2870 1639//2870 1640//2870
f 1632//2871 1631//2871 1642//2871
f 1631//2872 1638//2872 1643//2872
f 1631//2873 1643//2873 1644//2873
f 1641//2874 1642//2874 2856//2874
f 2766//2875 2765//2875 1647//2875
f 1647//2876 1645//2876 1646//2876
f 2766//2877 1647//2877 1648//2877
f 1648//2878 1647//2878 1649//2878
f 1634//2879 1645//2879 1651//2879
f 1624//2880 1650//2880 1652//2880
f 1651//2881 2765//2881 2764//2881
f 2958//2882 1657//2882 1658//2882
f 1656//2883 1633//2883 1657//2883
f 1658//2884 1641//2884 2856//2884
f 2945//2885 679//2885 2857//2885
f 2957//2886 1656//2886 1653//2886
f 1654//2887 1656//2887 1659//2887
f 1656//2888 2957//2888 1660//2888
f 2957//2889 2955//2889 1660//2889
f 1659//2890 1660//2890 1661//2890
f 1662//2891 1660//2891 2947//2891
f 1661//2892 1660//2892 1662//2892
f 1661//2893 1662//2893 237//2893
f 1662//2894 2941//2894 1663//2894
f 237//2895 1663//2895 238//2895
f 1655//2896 1649//2896 1633//2896
f 1654//2897 1648//2897 1649//2897
f 1648//2898 1664//2898 2766//2898
f 235//2899 1664//2899 1654//2899
f 1665//2900 2911//2900 2909//2900
f 1665//2901 2909//2901 1669//2901
f 1668//2902 1669//2902 1670//2902
f 1669//2903 2909//2903 1671//2903
f 768//2904 1670//2904 1674//2904
f 1669//2905 1671//2905 1673//2905
f 1670//2906 1673//2906 1674//2906
f 1673//2907 1671//2907 1672//2907
f 1673//2908 1672//2908 1675//2908
f 1674//2909 1675//2909 769//2909
f 1666//2910 1665//2910 1676//2910
f 1675//2911 2939//2911 2857//2911
f 1667//2912 1676//2912 1677//2912
f 1678//2913 1668//2913 1679//2913
f 1683//2914 1687//2914 1666//2914
f 1685//2915 1666//2915 1676//2915
f 1684//2916 1683//2916 1685//2916
f 1687//2917 2911//2917 1665//2917
f 2910//2918 1688//2918 1689//2918
f 1687//2919 1690//2919 1688//2919
f 2907//2920 1691//2920 2940//2920
f 2907//2921 1689//2921 1692//2921
f 1691//2922 1663//2922 2941//2922
f 1693//2923 297//2923 1689//2923
f 1691//2924 302//2924 1663//2924
f 1694//2925 1700//2925 1695//2925
f 1677//2926 1700//2926 1667//2926
f 1682//2927 1701//2927 1680//2927
f 1697//2928 1703//2928 2811//2928
f 1696//2929 1703//2929 1697//2929
f 1696//2930 1702//2930 1704//2930
f 1695//2931 1705//2931 1702//2931
f 1704//2932 1705//2932 2334//2932
f 1698//2933 1694//2933 1706//2933
f 2757//2934 1699//2934 1706//2934
f 1707//2935 1694//2935 1696//2935
f 1708//2936 1706//2936 1709//2936
f 195//2937 2757//2937 1708//2937
f 1707//2938 1697//2938 1709//2938
f 2851//2939 1708//2939 1728//2939
f 1709//2940 2811//2940 1728//2940
f 1710//2941 1715//2941 1716//2941
f 1718//2942 1712//2942 1713//2942
f 1716//2943 1718//2943 1080//2943
f 1718//2944 1714//2944 1719//2944
f 1714//2945 2811//2945 1703//2945
f 1714//2946 1703//2946 2853//2946
f 1716//2947 1720//2947 1710//2947
f 1720//2948 1737//2948 1734//2948
f 1720//2949 1738//2949 1737//2949
f 1717//2950 1721//2950 1720//2950
f 1722//2951 1724//2951 1723//2951
f 1710//2952 1734//2952 1724//2952
f 1714//2953 1713//2953 2811//2953
f 1722//2954 1725//2954 1715//2954
f 1722//2955 1726//2955 1725//2955
f 1712//2956 1725//2956 1727//2956
f 1713//2957 1727//2957 1728//2957
f 1713//2958 1728//2958 2811//2958
f 1728//2959 1727//2959 2851//2959
f 1726//2960 1711//2960 216//2960
f 1729//2961 1733//2961 1735//2961
f 1733//2962 1734//2962 1737//2962
f 1729//2963 2913//2963 2918//2963
f 2785//2964 2915//2964 2914//2964
f 2915//2965 1740//2965 2916//2965
f 2915//2966 741//2966 1740//2966
f 1739//2967 746//2967 1759//2967
f 1740//2968 746//2968 1739//2968
f 1741//2969 1731//2969 1742//2969
f 1742//2970 2918//2970 2917//2970
f 284//2971 1741//2971 1743//2971
f 1742//2972 2917//2972 1744//2972
f 1743//2973 1742//2973 1745//2973
f 1743//2974 1745//2974 285//2974
f 1745//2975 1746//2975 1747//2975
f 1731//2976 1748//2976 1733//2976
f 1748//2977 1724//2977 1734//2977
f 1732//2978 1749//2978 1748//2978
f 1749//2979 1723//2979 1724//2979
f 1752//2980 1754//2980 1751//2980
f 1753//2981 1752//2981 2787//2981
f 1758//2982 1752//2982 2927//2982
f 1752//2983 1751//2983 2927//2983
f 1752//2984 1758//2984 700//2984
f 1758//2985 2920//2985 2786//2985
f 1759//2986 2920//2986 2919//2986
f 1760//2987 1761//2987 1755//2987
f 1760//2988 1762//2988 1761//2988
f 1752//2989 1760//2989 1754//2989
f 1753//2990 1763//2990 1760//2990
f 2787//2991 1763//2991 1753//2991
f 710//2992 2854//2992 1763//2992
f 1757//2993 1764//2993 1765//2993
f 257//2994 1768//2994 1765//2994
f 1766//2995 1764//2995 1755//2995
f 270//2996 1765//2996 1766//2996
f 1793//2997 1755//2997 1761//2997
f 1766//2998 1755//2998 1793//2998
f 1757//2999 2932//2999 1756//2999
f 1757//3000 2933//3000 2932//3000
f 2933//3001 1767//3001 2935//3001
f 2934//3002 1767//3002 1769//3002
f 1757//3003 1768//3003 2933//3003
f 2761//3004 1769//3004 1767//3004
f 1778//3005 1770//3005 1777//3005
f 1771//3006 1779//3006 1772//3006
f 1781//3007 1783//3007 1779//3007
f 1777//3008 1761//3008 1780//3008
f 1780//3009 1762//3009 1782//3009
f 1763//3010 1782//3010 1762//3010
f 1783//3011 1763//3011 2854//3011
f 1774//3012 1773//3012 1784//3012
f 1775//3013 1784//3013 1785//3013
f 1786//3014 1787//3014 1784//3014
f 1772//3015 1107//3015 1786//3015
f 1107//3016 1110//3016 1787//3016
f 1789//3017 1788//3017 1774//3017
f 550//3018 1776//3018 1789//3018
f 1792//3019 1774//3019 1775//3019
f 1790//3020 1811//3020 1813//3020
f 1790//3021 1813//3021 1791//3021
f 1788//3022 1793//3022 1777//3022
f 1788//3023 1794//3023 1793//3023
f 1793//3024 1794//3024 1766//3024
f 1766//3025 1794//3025 270//3025
f 1776//3026 1795//3026 1794//3026
f 1798//3027 1801//3027 1796//3027
f 1796//3028 1803//3028 1806//3028
f 1796//3029 1806//3029 1804//3029
f 1804//3030 1806//3030 2559//3030
f 1805//3031 1803//3031 1802//3031
f 1806//3032 1805//3032 2560//3032
f 1805//3033 1802//3033 1785//3033
f 1805//3034 1785//3034 2784//3034
f 1796//3035 1807//3035 1798//3035
f 1807//3036 1808//3036 1816//3036
f 1797//3037 1808//3037 1807//3037
f 1799//3038 1810//3038 1800//3038
f 1801//3039 1812//3039 1803//3039
f 1800//3040 1820//3040 537//3040
f 1810//3041 1799//3041 1801//3041
f 1812//3042 1811//3042 1802//3042
f 1799//3043 1812//3043 1801//3043
f 542//3044 1791//3044 1813//3044
f 1815//3045 1816//3045 1819//3045
f 1816//3046 1817//3046 1819//3046
f 1817//3047 1312//3047 1307//3047
f 1817//3048 1816//3048 1809//3048
f 1815//3049 1819//3049 1818//3049
f 1814//3050 1818//3050 252//3050
f 1819//3051 1307//3051 1309//3051
f 1818//3052 251//3052 253//3052
f 1814//3053 1820//3053 1815//3053
f 249//3054 537//3054 1820//3054
f 1826//3055 1839//3055 1822//3055
f 1828//3056 1821//3056 1822//3056
f 1823//3057 1827//3057 1932//3057
f 1829//3058 1828//3058 1827//3058
f 1827//3059 1855//3059 1942//3059
f 1824//3060 1830//3060 2814//3060
f 2814//3061 1830//3061 1960//3061
f 1830//3062 2815//3062 1960//3062
f 1823//3063 2815//3063 1830//3063
f 1932//3064 1940//3064 1823//3064
f 1940//3065 2815//3065 1823//3065
f 1825//3066 1821//3066 1831//3066
f 1832//3067 1824//3067 1833//3067
f 1834//3068 1856//3068 1839//3068
f 1834//3069 1885//3069 1895//3069
f 1896//3070 1837//3070 1895//3070
f 1897//3071 1838//3071 1896//3071
f 1849//3072 1837//3072 1850//3072
f 1850//3073 1838//3073 1216//3073
f 1841//3074 1831//3074 1833//3074
f 1826//3075 1831//3075 1840//3075
f 1878//3076 1841//3076 1833//3076
f 1840//3077 1841//3077 1877//3077
f 1878//3078 1833//3078 1879//3078
f 1863//3079 1876//3079 1842//3079
f 1826//3080 1840//3080 1842//3080
f 1848//3081 1847//3081 1849//3081
f 1850//3082 1848//3082 1849//3082
f 1216//3083 1844//3083 1850//3083
f 1848//3084 1851//3084 1843//3084
f 1852//3085 1853//3085 1213//3085
f 1844//3086 1853//3086 1851//3086
f 1846//3087 1828//3087 1822//3087
f 1204//3088 1213//3088 1853//3088
f 1843//3089 1845//3089 1854//3089
f 1855//3090 2816//3090 1942//3090
f 1854//3091 2816//3091 1855//3091
f 1843//3092 1856//3092 1847//3092
f 1846//3093 1822//3093 1843//3093
f 1856//3094 1822//3094 1839//3094
f 1858//3095 1857//3095 1864//3095
f 1868//3096 1864//3096 1865//3096
f 1869//3097 1870//3097 2813//3097
f 1861//3098 1858//3098 1871//3098
f 1862//3099 1871//3099 1886//3099
f 1859//3100 1872//3100 1858//3100
f 1872//3101 1873//3101 1871//3101
f 1873//3102 1872//3102 1874//3102
f 1860//3103 1875//3103 1874//3103
f 1874//3104 1875//3104 2812//3104
f 1222//3105 1866//3105 1239//3105
f 1863//3106 1877//3106 1857//3106
f 1865//3107 1877//3107 1878//3107
f 1866//3108 1878//3108 1879//3108
f 1863//3109 1840//3109 1877//3109
f 1890//3110 1881//3110 1887//3110
f 1883//3111 1890//3111 1884//3111
f 859//3112 1884//3112 1891//3112
f 1892//3113 1890//3113 1888//3113
f 1890//3114 1892//3114 1891//3114
f 1892//3115 1888//3115 1893//3115
f 1889//3116 1893//3116 1888//3116
f 1889//3117 1894//3117 1893//3117
f 1891//3118 1893//3118 2862//3118
f 1894//3119 2862//3119 1893//3119
f 1883//3120 1884//3120 1897//3120
f 1886//3121 1898//3121 1862//3121
f 1898//3122 1880//3122 1885//3122
f 1887//3123 1899//3123 1888//3123
f 1888//3124 1899//3124 1900//3124
f 1900//3125 1901//3125 1902//3125
f 1886//3126 1901//3126 1899//3126
f 1905//3127 1912//3127 1913//3127
f 1913//3128 1619//3128 1607//3128
f 1913//3129 1620//3129 1619//3129
f 1911//3130 1049//3130 1910//3130
f 1914//3131 1052//3131 1620//3131
f 1620//3132 1052//3132 2861//3132
f 1903//3133 1904//3133 1915//3133
f 1906//3134 1917//3134 847//3134
f 1917//3135 1915//3135 1918//3135
f 1918//3136 1904//3136 1905//3136
f 849//3137 1917//3137 1919//3137
f 1919//3138 1918//3138 1920//3138
f 1920//3139 1607//3139 1612//3139
f 1920//3140 1612//3140 1919//3140
f 1909//3141 1908//3141 1907//3141
f 1923//3142 1909//3142 1922//3142
f 1921//3143 1923//3143 1894//3143
f 1903//3144 1916//3144 1922//3144
f 1925//3145 1922//3145 1924//3145
f 2862//3146 1923//3146 1925//3146
f 1916//3147 1906//3147 1924//3147
f 2862//3148 1925//3148 856//3148
f 856//3149 1924//3149 844//3149
f 1910//3150 1907//3150 1926//3150
f 1911//3151 1926//3151 1927//3151
f 1927//3152 1926//3152 1908//3152
f 1928//3153 1908//3153 1909//3153
f 1927//3154 1928//3154 1056//3154
f 1928//3155 1909//3155 1929//3155
f 1935//3156 1407//3156 1938//3156
f 1941//3157 1933//3157 1930//3157
f 1291//3158 2808//3158 1933//3158
f 1931//3159 1953//3159 1951//3159
f 1931//3160 1935//3160 1936//3160
f 1937//3161 1936//3161 1938//3161
f 1939//3162 1937//3162 1398//3162
f 1930//3163 1931//3163 1940//3163
f 1930//3164 1932//3164 1941//3164
f 1941//3165 1932//3165 1942//3165
f 1945//3166 1949//3166 1946//3166
f 1944//3167 1951//3167 1950//3167
f 1949//3168 833//3168 822//3168
f 1948//3169 1951//3169 1944//3169
f 1950//3170 1952//3170 1949//3170
f 1950//3171 1953//3171 1936//3171
f 1954//3172 1946//3172 1955//3172
f 1947//3173 1943//3173 1956//3173
f 1946//3174 822//3174 828//3174
f 1955//3175 828//3175 2796//3175
f 1961//3176 1956//3176 1943//3176
f 1961//3177 1958//3177 1956//3177
f 1960//3178 1957//3178 2814//3178
f 1226//3179 2796//3179 1227//3179
f 1224//3180 1239//3180 1959//3180
f 1966//3181 1976//3181 1967//3181
f 1968//3182 1975//3182 2820//3182
f 1967//3183 1976//3183 1975//3183
f 1964//3184 1965//3184 2001//3184
f 2820//3185 2003//3185 1000//3185
f 1975//3186 2002//3186 2003//3186
f 1976//3187 2001//3187 2002//3187
f 1978//3188 1977//3188 1980//3188
f 1979//3189 1980//3189 905//3189
f 1968//3190 1981//3190 1977//3190
f 2820//3191 1982//3191 1968//3191
f 1982//3192 1983//3192 1981//3192
f 1973//3193 1972//3193 1969//3193
f 1993//3194 1969//3194 1970//3194
f 1984//3195 1970//3195 1971//3195
f 1985//3196 1971//3196 1979//3196
f 1990//3197 1988//3197 2826//3197
f 1988//3198 1974//3198 1989//3198
f 1988//3199 2021//3199 1986//3199
f 1988//3200 1990//3200 2021//3200
f 2022//3201 1986//3201 2021//3201
f 1993//3202 1984//3202 2034//3202
f 1985//3203 2824//3203 2036//3203
f 1992//3204 1993//3204 2035//3204
f 2035//3205 1993//3205 2034//3205
f 2034//3206 1984//3206 2036//3206
f 1984//3207 1985//3207 2036//3207
f 2043//3208 2044//3208 1994//3208
f 1989//3209 2046//3209 2826//3209
f 1974//3210 1994//3210 1989//3210
f 1992//3211 1994//3211 1973//3211
f 1973//3212 1994//3212 1974//3212
f 2005//3213 2000//3213 1995//3213
f 1996//3214 2823//3214 1279//3214
f 2000//3215 1991//3215 1996//3215
f 1999//3216 1991//3216 2000//3216
f 1995//3217 1996//3217 1997//3217
f 2003//3218 2825//3218 1000//3218
f 1995//3219 2001//3219 2005//3219
f 1997//3220 2002//3220 1995//3220
f 1997//3221 1998//3221 2003//3221
f 2005//3222 1965//3222 2006//3222
f 2012//3223 2015//3223 2008//3223
f 2015//3224 2016//3224 2009//3224
f 2013//3225 2014//3225 2015//3225
f 2010//3226 2007//3226 2008//3226
f 2010//3227 2008//3227 2019//3227
f 2011//3228 2019//3228 2819//3228
f 2009//3229 2020//3229 2019//3229
f 2020//3230 1274//3230 1273//3230
f 2010//3231 2022//3231 2021//3231
f 2819//3232 2023//3232 2011//3232
f 2013//3233 2007//3233 2024//3233
f 2014//3234 2024//3234 2045//3234
f 2826//3235 2024//3235 1990//3235
f 2007//3236 2021//3236 1990//3236
f 2027//3237 2034//3237 2036//3237
f 2028//3238 2036//3238 2065//3238
f 2027//3239 2036//3239 2028//3239
f 2029//3240 2025//3240 2037//3240
f 2031//3241 2817//3241 2084//3241
f 2025//3242 2026//3242 2037//3242
f 2038//3243 2817//3243 2031//3243
f 2039//3244 2028//3244 2059//3244
f 2014//3245 2045//3245 2040//3245
f 2032//3246 2040//3246 2045//3246
f 2014//3247 2040//3247 2018//3247
f 2042//3248 2041//3248 2030//3248
f 2029//3249 2030//3249 2041//3249
f 2018//3250 2040//3250 2042//3250
f 2084//3251 2030//3251 2031//3251
f 2018//3252 2042//3252 2832//3252
f 2025//3253 2032//3253 2033//3253
f 2044//3254 2045//3254 2046//3254
f 2049//3255 2054//3255 2052//3255
f 2052//3256 2054//3256 2053//3256
f 2053//3257 1032//3257 2179//3257
f 2048//3258 2055//3258 2056//3258
f 2052//3259 2057//3259 2047//3259
f 2057//3260 2058//3260 2056//3260
f 2075//3261 2788//3261 2076//3261
f 2058//3262 2075//3262 2077//3262
f 2052//3263 2165//3263 2057//3263
f 2058//3264 2788//3264 2075//3264
f 2047//3265 2060//3265 2059//3265
f 2059//3266 2060//3266 2818//3266
f 2048//3267 2060//3267 2047//3267
f 2065//3268 2061//3268 2028//3268
f 2062//3269 900//3269 2063//3269
f 2064//3270 2061//3270 2065//3270
f 2064//3271 2051//3271 2061//3271
f 2069//3272 2066//3272 2075//3272
f 2068//3273 2067//3273 2076//3273
f 2066//3274 2074//3274 2077//3274
f 2075//3275 2076//3275 2067//3275
f 2077//3276 2074//3276 2056//3276
f 2078//3277 2070//3277 2079//3277
f 2080//3278 2079//3278 2081//3278
f 2080//3279 2081//3279 2082//3279
f 2083//3280 2080//3280 2082//3280
f 2081//3281 1568//3281 2082//3281
f 1568//3282 2068//3282 1564//3282
f 2071//3283 2073//3283 2072//3283
f 2071//3284 2070//3284 2086//3284
f 2086//3285 2085//3285 2073//3285
f 2085//3286 2832//3286 2084//3286
f 2085//3287 2831//3287 2832//3287
f 2088//3288 2074//3288 2087//3288
f 2066//3289 2087//3289 2074//3289
f 2048//3290 2074//3290 2088//3290
f 2817//3291 2073//3291 2084//3291
f 2087//3292 2072//3292 2088//3292
f 2072//3293 2073//3293 2817//3293
f 2088//3294 2817//3294 2060//3294
f 2100//3295 2094//3295 2090//3295
f 2091//3296 2097//3296 1544//3296
f 2096//3297 2098//3297 2091//3297
f 2097//3298 2098//3298 1553//3298
f 2095//3299 2829//3299 2828//3299
f 2096//3300 2828//3300 2827//3300
f 2102//3301 2090//3301 2091//3301
f 2100//3302 2090//3302 2102//3302
f 2099//3303 2102//3303 2101//3303
f 2102//3304 2091//3304 2104//3304
f 2102//3305 2104//3305 2103//3305
f 2103//3306 1549//3306 1261//3306
f 2020//3307 2821//3307 2105//3307
f 2106//3308 2089//3308 2092//3308
f 1251//3309 2092//3309 1258//3309
f 2106//3310 1251//3310 1274//3310
f 2095//3311 2094//3311 2107//3311
f 2110//3312 2108//3312 2109//3312
f 2821//3313 2109//3313 2093//3313
f 2821//3314 2111//3314 2109//3314
f 2110//3315 2111//3315 2112//3315
f 2111//3316 2821//3316 2016//3316
f 2017//3317 2111//3317 2016//3317
f 2111//3318 2017//3318 2112//3318
f 2171//3319 2117//3319 2833//3319
f 2981//3320 1574//3320 2117//3320
f 2117//3321 1574//3321 2118//3321
f 2119//3322 2113//3322 2171//3322
f 2963//3323 2191//3323 1595//3323
f 2187//3324 2119//3324 2171//3324
f 2191//3325 2967//3325 2187//3325
f 2120//3326 2121//3326 2225//3326
f 2225//3327 2122//3327 2226//3327
f 2961//3328 2122//3328 2121//3328
f 2123//3329 2126//3329 2125//3329
f 1579//3330 2127//3330 2218//3330
f 2904//3331 2202//3331 2905//3331
f 2129//3332 2208//3332 2902//3332
f 2897//3333 2130//3333 2161//3333
f 2133//3334 2134//3334 2155//3334
f 2133//3335 1363//3335 2132//3335
f 2897//3336 2134//3336 2899//3336
f 880//3337 2137//3337 879//3337
f 2135//3338 864//3338 2136//3338
f 789//3339 2136//3339 809//3339
f 2137//3340 809//3340 2136//3340
f 2140//3341 804//3341 2181//3341
f 2142//3342 2141//3342 2147//3342
f 2141//3343 2145//3343 2146//3343
f 2147//3344 1031//3344 2150//3344
f 2148//3345 2150//3345 2151//3345
f 2149//3346 2151//3346 2800//3346
f 2150//3347 2178//3347 2151//3347
f 2151//3348 1032//3348 2800//3348
f 2143//3349 2152//3349 2144//3349
f 2154//3350 2142//3350 2147//3350
f 2152//3351 2154//3351 2153//3351
f 2144//3352 2155//3352 2134//3352
f 2154//3353 2156//3353 2153//3353
f 2153//3354 2157//3354 2158//3354
f 896//3355 2156//3355 894//3355
f 2143//3356 2160//3356 2159//3356
f 2143//3357 2159//3357 2162//3357
f 2144//3358 2160//3358 2143//3358
f 2160//3359 869//3359 2159//3359
f 2161//3360 2130//3360 2160//3360
f 2130//3361 2131//3361 869//3361
f 2145//3362 2141//3362 2162//3362
f 1029//3363 2145//3363 2162//3363
f 1029//3364 2162//3364 1030//3364
f 2162//3365 866//3365 1030//3365
f 2164//3366 2169//3366 2058//3366
f 2165//3367 2058//3367 2057//3367
f 2169//3368 2170//3368 2172//3368
f 2172//3369 2171//3369 2833//3369
f 2163//3370 2164//3370 2173//3370
f 2164//3371 2177//3371 2175//3371
f 2165//3372 2179//3372 2177//3372
f 2166//3373 2167//3373 2182//3373
f 2182//3374 2167//3374 2183//3374
f 2163//3375 2184//3375 2169//3375
f 2184//3376 2186//3376 2170//3376
f 2186//3377 2187//3377 2171//3377
f 2185//3378 2188//3378 2184//3378
f 2188//3379 2190//3379 2186//3379
f 2189//3380 2191//3380 2187//3380
f 2168//3381 2190//3381 2188//3381
f 2190//3382 2192//3382 2189//3382
f 361//3383 2194//3383 496//3383
f 2192//3384 1595//3384 2191//3384
f 2194//3385 2198//3385 2195//3385
f 2199//3386 2756//3386 479//3386
f 2208//3387 2203//3387 2199//3387
f 2206//3388 2199//3388 2200//3388
f 2201//3389 2204//3389 2205//3389
f 2199//3390 479//3390 2200//3390
f 2200//3391 479//3391 2204//3391
f 2205//3392 2204//3392 367//3392
f 2199//3393 2206//3393 2208//3393
f 2206//3394 2902//3394 2208//3394
f 2206//3395 2201//3395 2898//3395
f 2208//3396 2905//3396 2202//3396
f 2211//3397 2216//3397 2217//3397
f 2217//3398 2218//3398 2212//3398
f 2215//3399 622//3399 2216//3399
f 2218//3400 623//3400 1579//3400
f 2219//3401 2213//3401 2210//3401
f 2214//3402 2220//3402 315//3402
f 2210//3403 2211//3403 2221//3403
f 2219//3404 2221//3404 2222//3404
f 2220//3405 2222//3405 2223//3405
f 2211//3406 2212//3406 2224//3406
f 2222//3407 2224//3407 2225//3407
f 2223//3408 2225//3408 2226//3408
f 2225//3409 2224//3409 2120//3409
f 2213//3410 477//3410 2209//3410
f 2214//3411 481//3411 2213//3411
f 2215//3412 474//3412 619//3412
f 2237//3413 2228//3413 2233//3413
f 2238//3414 2233//3414 2234//3414
f 2240//3415 2238//3415 2236//3415
f 2230//3416 2243//3416 2242//3416
f 2268//3417 2246//3417 2293//3417
f 2232//3418 2246//3418 2245//3418
f 2227//3419 2247//3419 2246//3419
f 2228//3420 2231//3420 2247//3420
f 2245//3421 2246//3421 2268//3421
f 2236//3422 2235//3422 2355//3422
f 2227//3423 2248//3423 2233//3423
f 2234//3424 2249//3424 2235//3424
f 2234//3425 2248//3425 2250//3425
f 2232//3426 2252//3426 2248//3426
f 2267//3427 2254//3427 2255//3427
f 2255//3428 2261//3428 2256//3428
f 2255//3429 2262//3429 2264//3429
f 2834//3430 2263//3430 2865//3430
f 2262//3431 2260//3431 2265//3431
f 2263//3432 2264//3432 2266//3432
f 2264//3433 2265//3433 1086//3433
f 2253//3434 2254//3434 2257//3434
f 2257//3435 2267//3435 2293//3435
f 2267//3436 2256//3436 2268//3436
f 2259//3437 2258//3437 2269//3437
f 2256//3438 2245//3438 2268//3438
f 2256//3439 2252//3439 2245//3439
f 2269//3440 2866//3440 2259//3440
f 2257//3441 2270//3441 2253//3441
f 2270//3442 2271//3442 2258//3442
f 2269//3443 2271//3443 2272//3443
f 2260//3444 2273//3444 2274//3444
f 2275//3445 2253//3445 2258//3445
f 2274//3446 2273//3446 2276//3446
f 2276//3447 2275//3447 2259//3447
f 2276//3448 2277//3448 2375//3448
f 2259//3449 2372//3449 2277//3449
f 2737//3450 2282//3450 2280//3450
f 2280//3451 2281//3451 2737//3451
f 2737//3452 2278//3452 2283//3452
f 2283//3453 2279//3453 2284//3453
f 2279//3454 2382//3454 2385//3454
f 2297//3455 2287//3455 2302//3455
f 2292//3456 2284//3456 2837//3456
f 2284//3457 2385//3457 2837//3457
f 2282//3458 2283//3458 2291//3458
f 2290//3459 2291//3459 2271//3459
f 2272//3460 2837//3460 2866//3460
f 2294//3461 2300//3461 2836//3461
f 2290//3462 2293//3462 2294//3462
f 2294//3463 2836//3463 2280//3463
f 2299//3464 2298//3464 2836//3464
f 2836//3465 2288//3465 2280//3465
f 2295//3466 2247//3466 2231//3466
f 2299//3467 2246//3467 2247//3467
f 2300//3468 2293//3468 2246//3468
f 2302//3469 2243//3469 2297//3469
f 2296//3470 2231//3470 2242//3470
f 2296//3471 2242//3471 2243//3471
f 2311//3472 2314//3472 2313//3472
f 2305//3473 2315//3473 2316//3473
f 2315//3474 2304//3474 2317//3474
f 2306//3475 2303//3475 2305//3475
f 2310//3476 2309//3476 2319//3476
f 2310//3477 2838//3477 2311//3477
f 2319//3478 2320//3478 2310//3478
f 2319//3479 2322//3479 2320//3479
f 2838//3480 2320//3480 2346//3480
f 2320//3481 2322//3481 2241//3481
f 2322//3482 2308//3482 2835//3482
f 2326//3483 2325//3483 2332//3483
f 1705//3484 2326//3484 2333//3484
f 2332//3485 2324//3485 2331//3485
f 2334//3486 2333//3486 2335//3486
f 2335//3487 2332//3487 2336//3487
f 1078//3488 2336//3488 2798//3488
f 2334//3489 2337//3489 2853//3489
f 2337//3490 1081//3490 2853//3490
f 2345//3491 2329//3491 2338//3491
f 2328//3492 2339//3492 2329//3492
f 2338//3493 2339//3493 2340//3493
f 2339//3494 2325//3494 2341//3494
f 2325//3495 2326//3495 2342//3495
f 2340//3496 2339//3496 2314//3496
f 2355//3497 2343//3497 2236//3497
f 2330//3498 2344//3498 2343//3498
f 2344//3499 2345//3499 2346//3499
f 2343//3500 2346//3500 2241//3500
f 2838//3501 2345//3501 2311//3501
f 2323//3502 2331//3502 2324//3502
f 2336//3503 2331//3503 2347//3503
f 2330//3504 2348//3504 2323//3504
f 2348//3505 2349//3505 2331//3505
f 2798//3506 2347//3506 1088//3506
f 2347//3507 2349//3507 2350//3507
f 2330//3508 2351//3508 2348//3508
f 2350//3509 1089//3509 1088//3509
f 2351//3510 2353//3510 2352//3510
f 2355//3511 2249//3511 2353//3511
f 2353//3512 2251//3512 2354//3512
f 2354//3513 2251//3513 2865//3513
f 2358//3514 2357//3514 2364//3514
f 2366//3515 943//3515 2367//3515
f 2359//3516 2368//3516 2371//3516
f 2369//3517 2794//3517 2793//3517
f 2370//3518 2357//3518 2358//3518
f 2368//3519 725//3519 2369//3519
f 2372//3520 2373//3520 2277//3520
f 2374//3521 2375//3521 2373//3521
f 2374//3522 1091//3522 2375//3522
f 2376//3523 2361//3523 2377//3523
f 2361//3524 2362//3524 2377//3524
f 2377//3525 2362//3525 2372//3525
f 2383//3526 2379//3526 2384//3526
f 2384//3527 2797//3527 2795//3527
f 2381//3528 2385//3528 2382//3528
f 2390//3529 2389//3529 2460//3529
f 2389//3530 2397//3530 2398//3530
f 2398//3531 2399//3531 2435//3531
f 2391//3532 2392//3532 2405//3532
f 2393//3533 2400//3533 2394//3533
f 2401//3534 2402//3534 2393//3534
f 2401//3535 2846//3535 2402//3535
f 2402//3536 2404//3536 2403//3536
f 2390//3537 2455//3537 2401//3537
f 2405//3538 2388//3538 2391//3538
f 2406//3539 2405//3539 2392//3539
f 2594//3540 2844//3540 2407//3540
f 2406//3541 2407//3541 2844//3541
f 2406//3542 2393//3542 2407//3542
f 2407//3543 2394//3543 2594//3543
f 2423//3544 2397//3544 2408//3544
f 2429//3545 2408//3545 2409//3545
f 2426//3546 2409//3546 2842//3546
f 2412//3547 2418//3547 2411//3547
f 2418//3548 2435//3548 2411//3548
f 2418//3549 2444//3549 2435//3549
f 2412//3550 2419//3550 2413//3550
f 2411//3551 2419//3551 2412//3551
f 2419//3552 2411//3552 2420//3552
f 2419//3553 2420//3553 2512//3553
f 2421//3554 2410//3554 2412//3554
f 2414//3555 2422//3555 2415//3555
f 2412//3556 2413//3556 2421//3556
f 2444//3557 2410//3557 2447//3557
f 2447//3558 2414//3558 2448//3558
f 2424//3559 2423//3559 2430//3559
f 2417//3560 2446//3560 2416//3560
f 2417//3561 1028//3561 2446//3561
f 2430//3562 2429//3562 2425//3562
f 2479//3563 2431//3563 2486//3563
f 2486//3564 2431//3564 2424//3564
f 2487//3565 2424//3565 2425//3565
f 2425//3566 2426//3566 2432//3566
f 2841//3567 2432//3567 1169//3567
f 2431//3568 2479//3568 2427//3568
f 2433//3569 2434//3569 2428//3569
f 2434//3570 2420//3570 2428//3570
f 2423//3571 2427//3571 2399//3571
f 2427//3572 2435//3572 2399//3572
f 2427//3573 2428//3573 2435//3573
f 2445//3574 2438//3574 2448//3574
f 2446//3575 2439//3575 2445//3575
f 1008//3576 2439//3576 2446//3576
f 2448//3577 2437//3577 2447//3577
f 2440//3578 2437//3578 2449//3578
f 2441//3579 2450//3579 2451//3579
f 2438//3580 2449//3580 2437//3580
f 2449//3581 2450//3581 2441//3581
f 2450//3582 2439//3582 2452//3582
f 2439//3583 1008//3583 1022//3583
f 2443//3584 2436//3584 2440//3584
f 2443//3585 2454//3585 2455//3585
f 2457//3586 2454//3586 2456//3586
f 2455//3587 2454//3587 2457//3587
f 2455//3588 2457//3588 2846//3588
f 2846//3589 2457//3589 2459//3589
f 2442//3590 2845//3590 2601//3590
f 2458//3591 2601//3591 2611//3591
f 2459//3592 2611//3592 2613//3592
f 2436//3593 2443//3593 2460//3593
f 2460//3594 2398//3594 2444//3594
f 2443//3595 2390//3595 2460//3595
f 2398//3596 2435//3596 2444//3596
f 2461//3597 2464//3597 2467//3597
f 2467//3598 2464//3598 2483//3598
f 2468//3599 2467//3599 2470//3599
f 2473//3600 2467//3600 2472//3600
f 2472//3601 2483//3601 2465//3601
f 2470//3602 2473//3602 2572//3602
f 2840//3603 2465//3603 2535//3603
f 2462//3604 2474//3604 2463//3604
f 2463//3605 2474//3605 2475//3605
f 2468//3606 2462//3606 2461//3606
f 2468//3607 2469//3607 2462//3607
f 2469//3608 2476//3608 2462//3608
f 2474//3609 2516//3609 2475//3609
f 2476//3610 2477//3610 2474//3610
f 2474//3611 2477//3611 2516//3611
f 2464//3612 2461//3612 2480//3612
f 2479//3613 2480//3613 2433//3613
f 2461//3614 2462//3614 2481//3614
f 2465//3615 2482//3615 2466//3615
f 2481//3616 2511//3616 2434//3616
f 2483//3617 2482//3617 2465//3617
f 2484//3618 2841//3618 2524//3618
f 2483//3619 2486//3619 2487//3619
f 2484//3620 2485//3620 2432//3620
f 2488//3621 2492//3621 2498//3621
f 2498//3622 2500//3622 2489//3622
f 2495//3623 2496//3623 2501//3623
f 2500//3624 2501//3624 2502//3624
f 2500//3625 1148//3625 2499//3625
f 2501//3626 2497//3626 1120//3626
f 2503//3627 2488//3627 2504//3627
f 2489//3628 2505//3628 2488//3628
f 2505//3629 2504//3629 2488//3629
f 2490//3630 2506//3630 2504//3630
f 2492//3631 2491//3631 2509//3631
f 2493//3632 2510//3632 2494//3632
f 2494//3633 2510//3633 2511//3633
f 2493//3634 2509//3634 2510//3634
f 2510//3635 2509//3635 2512//3635
f 2512//3636 2434//3636 2511//3636
f 2496//3637 2495//3637 2513//3637
f 2513//3638 2492//3638 2493//3638
f 2497//3639 2496//3639 2514//3639
f 2497//3640 2514//3640 1103//3640
f 2515//3641 2475//3641 2516//3641
f 2494//3642 2463//3642 2475//3642
f 2525//3643 2526//3643 2518//3643
f 2526//3644 1313//3644 2518//3644
f 2517//3645 2527//3645 2519//3645
f 2520//3646 2528//3646 2551//3646
f 2527//3647 2528//3647 2520//3647
f 2529//3648 2530//3648 2527//3648
f 2531//3649 2532//3649 2528//3649
f 2531//3650 2530//3650 1312//3650
f 2536//3651 2533//3651 2519//3651
f 2534//3652 2536//3652 2537//3652
f 2535//3653 2537//3653 2840//3653
f 2840//3654 2537//3654 2539//3654
f 2520//3655 2551//3655 2569//3655
f 2538//3656 2569//3656 2570//3656
f 2537//3657 2570//3657 2539//3657
f 2540//3658 2521//3658 2522//3658
f 2541//3659 2522//3659 2523//3659
f 2542//3660 2523//3660 2524//3660
f 2545//3661 2553//3661 1797//3661
f 2554//3662 2552//3662 2550//3662
f 2553//3663 2552//3663 2554//3663
f 2554//3664 2550//3664 2551//3664
f 2554//3665 2551//3665 2528//3665
f 2555//3666 2528//3666 2532//3666
f 1809//3667 2532//3667 1817//3667
f 2546//3668 2543//3668 2556//3668
f 2556//3669 2544//3669 2558//3669
f 2557//3670 2559//3670 2560//3670
f 2545//3671 2559//3671 2558//3671
f 1797//3672 1804//3672 2545//3672
f 2559//3673 1806//3673 2560//3673
f 2562//3674 2548//3674 2561//3674
f 2548//3675 2562//3675 2549//3675
f 2563//3676 2562//3676 2566//3676
f 2564//3677 2563//3677 2781//3677
f 2477//3678 2564//3678 1126//3678
f 2566//3679 2565//3679 2782//3679
f 2550//3680 2543//3680 2567//3680
f 2543//3681 2548//3681 2568//3681
f 2550//3682 2567//3682 2569//3682
f 2569//3683 2567//3683 2570//3683
f 2567//3684 2568//3684 2571//3684
f 2571//3685 2570//3685 2567//3685
f 2549//3686 2571//3686 2568//3686
f 2570//3687 2572//3687 2539//3687
f 2839//3688 2471//3688 2549//3688
f 2471//3689 2572//3689 2571//3689
f 1521//3690 2585//3690 2580//3690
f 1521//3691 2580//3691 1518//3691
f 1518//3692 2580//3692 1526//3692
f 2579//3693 2580//3693 2585//3693
f 2579//3694 2581//3694 2580//3694
f 1526//3695 2582//3695 1527//3695
f 2594//3696 2583//3696 2581//3696
f 1162//3697 2575//3697 2584//3697
f 2574//3698 2585//3698 2584//3698
f 2584//3699 2586//3699 1168//3699
f 2573//3700 2574//3700 2587//3700
f 2576//3701 2587//3701 2588//3701
f 2577//3702 2588//3702 2589//3702
f 2578//3703 2589//3703 2592//3703
f 2575//3704 1162//3704 1170//3704
f 2590//3705 1170//3705 1165//3705
f 2591//3706 1165//3706 1171//3706
f 2576//3707 2577//3707 2593//3707
f 2577//3708 2578//3708 2844//3708
f 2593//3709 2844//3709 2594//3709
f 2600//3710 2603//3710 2607//3710
f 2602//3711 2605//3711 2603//3711
f 1014//3712 2847//3712 2605//3712
f 2608//3713 2597//3713 2607//3713
f 2847//3714 1474//3714 1491//3714
f 2598//3715 2608//3715 2599//3715
f 2609//3716 2595//3716 2596//3716
f 2597//3717 2598//3717 2611//3717
f 2598//3718 2599//3718 2612//3718
f 2602//3719 2614//3719 1026//3719
f 2615//3720 2614//3720 2845//3720
f 2845//3721 2600//3721 2601//3721
f 2621//3722 2650//3722 2620//3722
f 2620//3723 2653//3723 2655//3723
f 2619//3724 2621//3724 2616//3724
f 2618//3725 2621//3725 2622//3725
f 2620//3726 2623//3726 2621//3726
f 1427//3727 2881//3727 2623//3727
f 2616//3728 327//3728 2619//3728
f 2618//3729 2622//3729 2878//3729
f 2619//3730 2657//3730 2650//3730
f 326//3731 325//3731 2657//3731
f 2627//3732 2628//3732 1460//3732
f 2626//3733 2627//3733 2637//3733
f 2637//3734 2627//3734 1460//3734
f 2637//3735 1460//3735 2849//3735
f 1460//3736 1461//3736 2849//3736
f 2629//3737 414//3737 419//3737
f 2625//3738 2629//3738 2631//3738
f 2625//3739 2636//3739 2630//3739
f 2631//3740 420//3740 2626//3740
f 2631//3741 419//3741 420//3741
f 2635//3742 2637//3742 2849//3742
f 2635//3743 2849//3743 1452//3743
f 2636//3744 2637//3744 2635//3744
f 2638//3745 2633//3745 2639//3745
f 2639//3746 2641//3746 2640//3746
f 2641//3747 2642//3747 1450//3747
f 2634//3748 426//3748 423//3748
f 426//3749 2644//3749 434//3749
f 2643//3750 2660//3750 2644//3750
f 2633//3751 2638//3751 2645//3751
f 2636//3752 2645//3752 2630//3752
f 2634//3753 423//3753 422//3753
f 2648//3754 2647//3754 2652//3754
f 2652//3755 2647//3755 1437//3755
f 2640//3756 1450//3756 1437//3756
f 2649//3757 2650//3757 2657//3757
f 2654//3758 2653//3758 2650//3758
f 2656//3759 2649//3759 2657//3759
f 2659//3760 2656//3760 429//3760
f 2651//3761 2658//3761 2643//3761
f 2658//3762 2659//3762 2660//3762
f 2659//3763 432//3763 2660//3763
f 2660//3764 432//3764 434//3764
f 2661//3765 2668//3765 2662//3765
f 2668//3766 2663//3766 2662//3766
f 2664//3767 2670//3767 953//3767
f 2670//3768 954//3768 953//3768
f 2669//3769 2679//3769 2668//3769
f 2670//3770 1428//3770 954//3770
f 2665//3771 2671//3771 2666//3771
f 2662//3772 2671//3772 2665//3772
f 2666//3773 2671//3773 2741//3773
f 2671//3774 2743//3774 2741//3774
f 2664//3775 2743//3775 2662//3775
f 2672//3776 2665//3776 2666//3776
f 2672//3777 2666//3777 644//3777
f 2741//3778 2754//3778 2673//3778
f 2754//3779 645//3779 2673//3779
f 2668//3780 2674//3780 2669//3780
f 2683//3781 2669//3781 643//3781
f 2678//3782 2719//3782 1430//3782
f 2675//3783 2680//3783 2676//3783
f 2676//3784 2681//3784 2679//3784
f 2680//3785 1430//3785 2681//3785
f 2681//3786 1430//3786 1428//3786
f 2682//3787 2676//3787 2683//3787
f 2718//3788 2678//3788 2684//3788
f 2718//3789 2686//3789 2685//3789
f 2684//3790 816//3790 2686//3790
f 2688//3791 2691//3791 1466//3791
f 2689//3792 2687//3792 2688//3792
f 2690//3793 2692//3793 2688//3793
f 2693//3794 2692//3794 2690//3794
f 2693//3795 2712//3795 2692//3795
f 2689//3796 1466//3796 2694//3796
f 2689//3797 2696//3797 2687//3797
f 2696//3798 2697//3798 938//3798
f 2689//3799 2697//3799 2696//3799
f 2697//3800 2722//3800 922//3800
f 2702//3801 2709//3801 2713//3801
f 2706//3802 2710//3802 2708//3802
f 2708//3803 2733//3803 2709//3803
f 2701//3804 2702//3804 2711//3804
f 2702//3805 976//3805 2712//3805
f 2713//3806 976//3806 2702//3806
f 976//3807 977//3807 2712//3807
f 2380//3808 2705//3808 2378//3808
f 2379//3809 2714//3809 2715//3809
f 2715//3810 2704//3810 2711//3810
f 2706//3811 2716//3811 2717//3811
f 2717//3812 2381//3812 2382//3812
f 2716//3813 2381//3813 2717//3813
f 2878//3814 2876//3814 2779//3814
f 2779//3815 2876//3815 1419//3815
f 2720//3816 2627//3816 2778//3816
f 2868//3817 2723//3817 2722//3817
f 2722//3818 2723//3818 922//3818
f 1476//3819 1478//3819 2723//3819
f 2724//3820 2729//3820 2725//3820
f 2729//3821 2730//3821 2731//3821
f 2727//3822 2729//3822 2724//3822
f 2728//3823 2732//3823 2730//3823
f 2731//3824 2732//3824 979//3824
f 2728//3825 2740//3825 2745//3825
f 2732//3826 2745//3826 2748//3826
f 2724//3827 2726//3827 2735//3827
f 2725//3828 2733//3828 2726//3828
f 2724//3829 2735//3829 2734//3829
f 2279//3830 2735//3830 2850//3830
f 2850//3831 2726//3831 2710//3831
f 2730//3832 2727//3832 2728//3832
f 2734//3833 2727//3833 2724//3833
f 2740//3834 2728//3834 2736//3834
f 2737//3835 2281//3835 2736//3835
f 2739//3836 962//3836 951//3836
f 2751//3837 2742//3837 2738//3837
f 2742//3838 2743//3838 2739//3838
f 2741//3839 2743//3839 2742//3839
f 2750//3840 2744//3840 2745//3840
f 2746//3841 2738//3841 2739//3841
f 2744//3842 2738//3842 2746//3842
f 2747//3843 2744//3843 2746//3843
f 2748//3844 2745//3844 2747//3844
f 2746//3845 951//3845 2747//3845
f 2750//3846 2740//3846 2749//3846
f 2738//3847 2749//3847 2755//3847
f 2752//3848 2751//3848 2755//3848
f 2755//3849 2285//3849 2752//3849
f 2287//3850 2753//3850 2286//3850
f 645//3851 2754//3851 2287//3851
f 2128//3852 2903//3852 2132//3852
f 1429//3853 2719//3853 2880//3853
f 2879//3854 2880//3854 2719//3854
f 2900//3855 2899//3855 2133//3855
f 1421//3856 2894//3856 2893//3856
f 2898//3857 2207//3857 2888//3857
f 2872//3858 1467//3858 1472//3858
f 2904//3859 2128//3859 2202//3859
f 2903//3860 2901//3860 2132//3860
f 2886//3861 2887//3861 2130//3861
f 141//3862 77//3862 78//3862
f 2952//3863 43//3863 44//3863
f 137//3864 2928//3864 141//3864
f 2970//3865 16//3865 1//3865
f 10//3866 2974//3866 9//3866
f 149//3867 84//3867 2922//3867
f 1739//3868 2919//3868 2916//3868
f 2979//3869 9//3869 2974//3869
f 2923//3870 80//3870 81//3870
f 2950//3871 46//3871 47//3871
f 2944//3872 41//3872 42//3872
f 2976//3873 15//3873 16//3873
f 2938//3874 74//3874 2930//3874
f 2925//3875 79//3875 80//3875
f 2117//3876 2982//3876 2981//3876
f 9//3877 2979//3877 8//3877
f 148//3878 2936//3878 2937//3878
f 2963//3879 1595//3879 2959//3879
f 2979//3880 2974//3880 109//3880
f 2924//3881 78//3881 79//3881
f 2978//3882 12//3882 13//3882
f 2943//3883 2952//3883 159//3883
f 175//3884 7//3884 2968//3884
f 2943//3885 42//3885 43//3885
f 2953//3886 44//3886 45//3886
f 2925//3887 2923//3887 146//3887
f 172//3888 2964//3888 178//3888
f 2948//3889 2950//3889 156//3889
f 180//3890 2890//3890 2889//3890 177//3890
f 2879//3891 115//3891 163//3891 2880//3891
f 14//3892 15//3892 2975//3892 2980//3892
f 2923//3893 2925//3893 80//3893
f 5//3894 22//3894 23//3894 6//3894
f 36//3895 2906//3895 2942//3895
f 18//3896 19//3896 2//3896
f 19//3897 20//3897 3//3897
f 20//3898 4//3898 3//3898
f 21//3899 5//3899 4//3899
f 6//3900 23//3900 24//3900 7//3900
f 11//3901 10//3901 27//3901 28//3901
f 25//3902 8//3902 7//3902
f 26//3903 27//3903 9//3903
f 12//3904 11//3904 28//3904 29//3904
f 13//3905 12//3905 29//3905 30//3905
f 15//3906 33//3906 34//3906 16//3906
f 30//3907 31//3907 14//3907
f 16//3908 34//3908 17//3908 1//3908
f 1589//3909 23//3909 22//3909 1593//3909
f 21//3910 2960//3910 1593//3910
f 1593//3911 22//3911 21//3911
f 2961//3912 25//3912 24//3912 2962//3912
f 24//3913 1601//3913 2962//3913
f 2973//3914 2972//3914 27//3914 26//3914
f 25//3915 2961//3915 2966//3915
f 33//3916 32//3916 2981//3916 2982//3916
f 2972//3917 2983//3917 27//3917
f 28//3918 27//3918 2983//3918
f 2983//3919 2124//3919 28//3919
f 29//3920 28//3920 2124//3920
f 2124//3921 2123//3921 29//3921
f 30//3922 29//3922 2123//3922
f 31//3923 30//3923 2115//3923
f 32//3924 31//3924 2981//3924
f 2113//3925 2119//3925 17//3925 34//3925
f 34//3926 33//3926 2982//3926
f 2967//3927 18//3927 17//3927 2119//3927
f 39//3928 56//3928 57//3928 40//3928
f 18//3929 2967//3929 2963//3929
f 19//3930 2963//3930 2959//3930
f 51//3931 52//3931 35//3931
f 52//3932 53//3932 36//3932
f 53//3933 54//3933 37//3933
f 54//3934 38//3934 37//3934
f 55//3935 39//3935 38//3935
f 40//3936 57//3936 58//3936 41//3936
f 41//3937 58//3937 59//3937 42//3937
f 42//3938 59//3938 60//3938 43//3938
f 49//3939 67//3939 68//3939 50//3939
f 60//3940 61//3940 43//3940
f 61//3941 62//3941 44//3941
f 62//3942 63//3942 45//3942
f 63//3943 64//3943 46//3943
f 64//3944 65//3944 47//3944
f 65//3945 66//3945 48//3945
f 66//3946 49//3946 48//3946
f 50//3947 68//3947 51//3947 35//3947
f 2911//3948 55//3948 54//3948 2909//3948
f 1671//3949 54//3949 53//3949
f 54//3950 1671//3950 2909//3950
f 1688//3951 56//3951 55//3951 2911//3951
f 2941//3952 2947//3952 61//3952 60//3952
f 57//3953 1688//3953 2910//3953
f 58//3954 2910//3954 2907//3954
f 62//3955 61//3955 2947//3955 2955//3955
f 2955//3956 2957//3956 63//3956 62//3956
f 2946//3957 68//3957 67//3957 2956//3957
f 64//3958 63//3958 1653//3958
f 1653//3959 2958//3959 64//3959
f 65//3960 64//3960 2958//3960
f 66//3961 2954//3961 2956//3961
f 51//3962 2945//3962 2939//3962 52//3962
f 68//3963 2946//3963 2945//3963
f 2945//3964 51//3964 68//3964
f 70//3965 69//3965 85//3965 86//3965
f 71//3966 70//3966 86//3966 87//3966
f 73//3967 90//3967 91//3967 74//3967
f 87//3968 88//3968 71//3968
f 88//3969 72//3969 71//3969
f 89//3970 73//3970 72//3970
f 74//3971 91//3971 92//3971 75//3971
f 75//3972 92//3972 93//3972 76//3972
f 76//3973 93//3973 94//3973 77//3973
f 78//3974 77//3974 94//3974 95//3974
f 79//3975 78//3975 95//3975 96//3975
f 80//3976 79//3976 96//3976 97//3976
f 81//3977 80//3977 97//3977 98//3977
f 82//3978 81//3978 98//3978 99//3978
f 82//3979 99//3979 100//3979 83//3979
f 83//3980 101//3980 102//3980 84//3980
f 84//3981 102//3981 85//3981 69//3981
f 87//3982 1751//3982 1750//3982 88//3982
f 1756//3983 89//3983 88//3983 1750//3983
f 2933//3984 91//3984 90//3984 2932//3984
f 89//3985 1756//3985 2932//3985
f 2926//3986 93//3986 92//3986 2934//3986
f 91//3987 2933//3987 2935//3987
f 92//3988 2935//3988 2934//3988
f 2918//3989 2913//3989 97//3989 96//3989
f 2921//3990 93//3990 2926//3990
f 94//3991 93//3991 2921//3991
f 1744//3992 2917//3992 95//3992
f 96//3993 95//3993 2917//3993
f 2913//3994 2914//3994 98//3994 97//3994
f 2914//3995 2915//3995 99//3995 98//3995
f 2915//3996 2916//3996 100//3996 99//3996
f 102//3997 101//3997 2916//3997 2919//3997
f 101//3998 100//3998 2916//3998
f 85//3999 102//3999 2919//3999 2920//3999
f 2875//4000 2874//4000 117//4000 116//4000
f 2920//4001 2927//4001 85//4001
f 153//4002 2922//4002 2929//4002
f 2937//4003 2938//4003 144//4003
f 144//4004 148//4004 2937//4004
f 2931//4005 153//4005 2929//4005
f 156//4006 2953//4006 2948//4006
f 144//4007 2873//4007 1468//4007 135//4007
f 155//4008 136//4008 2883//4008
f 2904//4009 111//4009 167//4009
f 1425//4010 1426//4010 165//4010 118//4010
f 111//4011 2904//4011 2905//4011
f 177//4012 2889//4012 2887//4012 174//4012
f 2874//4013 2896//4013 119//4013 160//4013
f 2884//4014 1464//4014 139//4014 155//4014
f 2873//4015 144//4015 142//4015 1471//4015
f 2628//4016 143//4016 145//4016 1463//4016
f 174//4017 2887//4017 2886//4017
f 110//4018 2129//4018 2902//4018
f 2882//4019 138//4019 139//4019 1464//4019
f 2129//4020 110//4020 112//4020
f 118//4021 120//4021 2881//4021
f 2896//4022 2893//4022 157//4022 119//4022
f 2899//4023 105//4023 171//4023 2897//4023
f 137//4024 2721//4024 1471//4024
f 1373//4025 1372//4025 103//4025 104//4025
f 131//4026 129//4026 2869//4026 1475//4026
f 2893//4027 121//4027 157//4027
f 2622//4028 2623//4028 120//4028
f 140//4029 2882//4029 2885//4029
f 143//4030 2628//4030 2720//4030
f 2885//4031 145//4031 140//4031
f 122//4032 159//4032 2876//4032 2878//4032
f 2901//4033 168//4033 169//4033
f 2892//4034 124//4034 123//4034 2894//4034
f 145//4035 2885//4035 1463//4035
f 2891//4036 1375//4036 181//4036 106//4036
f 1429//4037 163//4037 113//4037 1422//4037
f 2872//4038 2871//4038 130//4038 132//4038
f 106//4039 176//4039 2888//4039 2891//4039
f 159//4040 125//4040 1419//4040
f 163//4041 1429//4041 2880//4041
f 2128//4042 108//4042 107//4042 2903//4042
f 127//4043 1414//4043 1416//4043 125//4043
f 133//4044 134//4044 2868//4044
f 2898//4045 2888//4045 176//4045 173//4045
f 1467//4046 2872//4046 132//4046 135//4046
f 2904//4047 167//4047 108//4047 2128//4047
f 116//4048 115//4048 2877//4048
f 127//4049 2895//4049 1414//4049
f 1426//4050 1423//4050 114//4050 165//4050
f 136//4051 133//4051 2867//4051
f 182//4052 188//4052 189//4052 183//4052
f 182//4053 192//4053 185//4053 187//4053
f 188//4054 182//4054 187//4054
f 191//4055 189//4055 188//4055
f 183//4056 193//4056 192//4056 182//4056
f 186//4057 185//4057 192//4057
f 200//4058 449//4058 447//4058 201//4058
f 219//4059 192//4059 193//4059
f 203//4060 200//4060 201//4060
f 209//4061 206//4061 208//4061
f 2774//4062 207//4062 209//4062
f 449//4063 200//4063 196//4063
f 234//4064 236//4064 228//4064 233//4064
f 219//4065 218//4065 217//4065
f 217//4066 215//4066 224//4066
f 236//4067 301//4067 2767//4067 228//4067
f 238//4068 302//4068 301//4068 236//4068
f 236//4069 234//4069 237//4069
f 250//4070 242//4070 241//4070 239//4070
f 1820//4071 1814//4071 240//4071
f 247//4072 245//4072 246//4072
f 249//4073 1820//4073 240//4073
f 538//4074 248//4074 246//4074
f 249//4075 248//4075 538//4075
f 241//4076 242//4076 484//4076 483//4076
f 243//4077 242//4077 250//4077
f 242//4078 244//4078 485//4078 484//4078
f 244//4079 242//4079 243//4079
f 244//4080 1305//4080 1299//4080 485//4080
f 255//4081 262//4081 263//4081 256//4081
f 245//4082 239//4082 241//4082
f 490//4083 246//4083 245//4083
f 482//4084 245//4084 241//4084
f 262//4085 265//4085 266//4085 264//4085
f 262//4086 259//4086 260//4086
f 1769//4087 2761//4087 264//4087
f 256//4088 269//4088 258//4088 255//4088
f 265//4089 260//4089 261//4089
f 267//4090 266//4090 265//4090
f 268//4091 1769//4091 266//4091
f 276//4092 261//4092 2768//4092
f 283//4093 267//4093 261//4093
f 292//4094 295//4094 288//4094 287//4094
f 283//4095 282//4095 286//4095
f 268//4096 286//4096 285//4096
f 294//4097 290//4097 289//4097
f 294//4098 296//4098 297//4098 1693//4098
f 292//4099 293//4099 298//4099 295//4099
f 295//4100 298//4100 299//4100 296//4100
f 296//4101 299//4101 300//4101 297//4101
f 298//4102 2767//4102 301//4102 299//4102
f 2767//4103 298//4103 293//4103
f 320//4104 2779//4104 338//4104 331//4104
f 302//4105 300//4105 299//4105
f 291//4106 287//4106 288//4106
f 291//4107 303//4107 191//4107
f 303//4108 289//4108 290//4108
f 313//4109 305//4109 310//4109
f 312//4110 316//4110 1605//4110
f 315//4111 313//4111 310//4111
f 2214//4112 310//4112 2196//4112
f 310//4113 309//4113 2195//4113
f 327//4114 319//4114 318//4114
f 335//4115 331//4115 334//4115
f 321//4116 320//4116 331//4116
f 329//4117 334//4117 336//4117
f 332//4118 329//4118 336//4118
f 337//4119 334//4119 331//4119
f 1418//4120 337//4120 338//4120
f 352//4121 1401//4121 1390//4121 579//4121
f 558//4122 343//4122 346//4122
f 343//4123 345//4123 346//4123
f 553//4124 346//4124 572//4124
f 347//4125 342//4125 345//4125
f 333//4126 343//4126 349//4126
f 557//4127 333//4127 349//4127
f 344//4128 342//4128 347//4128
f 2770//4129 344//4129 1395//4129
f 350//4130 348//4130 339//4130
f 380//4131 377//4131 355//4131 353//4131
f 358//4132 486//4132 487//4132 1515//4132
f 489//4133 516//4133 491//4133
f 356//4134 353//4134 357//4134
f 369//4135 2207//4135 2201//4135 365//4135
f 356//4136 357//4136 484//4136
f 367//4137 366//4137 2205//4137
f 2205//4138 365//4138 2201//4138
f 373//4139 374//4139 1496//4139 382//4139
f 374//4140 373//4140 378//4140
f 382//4141 531//4141 371//4141
f 393//4142 394//4142 456//4142 455//4142
f 401//4143 403//4143 400//4143 399//4143
f 394//4144 393//4144 392//4144
f 399//4145 391//4145 392//4145
f 411//4146 406//4146 407//4146 404//4146
f 402//4147 413//4147 400//4147
f 406//4148 2777//4148 1345//4148 408//4148
f 453//4149 404//4149 407//4149
f 408//4150 454//4150 407//4150
f 409//4151 567//4151 405//4151 411//4151
f 438//4152 444//4152 415//4152 425//4152
f 409//4153 410//4153 467//4153
f 2777//4154 406//4154 412//4154
f 2777//4155 412//4155 1347//4155
f 419//4156 414//4156 416//4156
f 421//4157 416//4157 413//4157
f 425//4158 422//4158 423//4158
f 431//4159 429//4159 324//4159 427//4159
f 434//4160 433//4160 426//4160
f 436//4161 439//4161 2775//4161 513//4161
f 433//4162 428//4162 424//4162
f 441//4163 443//4163 445//4163 440//4163
f 430//4164 2775//4164 439//4164
f 224//4165 436//4165 513//4165
f 2776//4166 1325//4166 210//4166 448//4166
f 410//4167 404//4167 451//4167
f 454//4168 447//4168 449//4168
f 367//4169 2204//4169 478//4169 2198//4169
f 395//4170 459//4170 457//4170
f 459//4171 395//4171 393//4171
f 465//4172 464//4172 466//4172
f 468//4173 461//4173 462//4173
f 475//4174 477//4174 479//4174
f 509//4175 512//4175 508//4175 507//4175
f 484//4176 357//4176 483//4176
f 487//4177 486//4177 485//4177
f 519//4178 515//4178 491//4178
f 525//4179 527//4179 526//4179 524//4179
f 430//4180 428//4180 511//4180
f 396//4181 523//4181 525//4181
f 382//4182 529//4182 528//4182 531//4182
f 1483//4183 528//4183 529//4183
f 588//4184 597//4184 589//4184 584//4184
f 249//4185 538//4185 536//4185
f 534//4186 540//4186 541//4186
f 2762//4187 535//4187 542//4187
f 543//4188 544//4188 545//4188
f 1795//4189 543//4189 547//4189
f 549//4190 543//4190 550//4190
f 550//4191 1795//4191 1776//4191
f 549//4192 550//4192 1791//4192
f 546//4193 471//4193 473//4193
f 384//4194 568//4194 465//4194
f 582//4195 1389//4195 1382//4195
f 1387//4196 582//4196 1382//4196
f 591//4197 592//4197 590//4197
f 597//4198 598//4198 590//4198 589//4198
f 628//4199 635//4199 597//4199 588//4199
f 596//4200 590//4200 599//4200
f 635//4201 637//4201 598//4201 597//4201
f 603//4202 605//4202 601//4202 600//4202
f 599//4203 598//4203 637//4203
f 612//4204 207//4204 611//4204 603//4204
f 615//4205 562//4205 610//4205 620//4205
f 624//4206 629//4206 631//4206 625//4206
f 617//4207 616//4207 621//4207
f 2763//4208 617//4208 621//4208
f 2763//4209 621//4209 609//4209
f 1579//4210 623//4210 617//4210
f 640//4211 2318//4211 2305//4211 2667//4211
f 632//4212 633//4212 2852//4212
f 630//4213 631//4213 629//4213
f 628//4214 624//4214 634//4214
f 638//4215 627//4215 2773//4215
f 630//4216 629//4216 494//4216
f 2317//4217 1067//4217 639//4217
f 642//4218 2244//4218 2318//4218 641//4218
f 1658//4219 661//4219 654//4219 2954//4219
f 2673//4220 645//4220 644//4220
f 657//4221 655//4221 653//4221
f 658//4222 657//4222 659//4222
f 670//4223 671//4223 651//4223 650//4223
f 661//4224 1658//4224 2856//4224
f 663//4225 648//4225 647//4225
f 665//4226 663//4226 647//4226
f 668//4227 665//4227 666//4227
f 669//4228 666//4228 667//4228
f 1219//4229 669//4229 667//4229
f 650//4230 649//4230 670//4230
f 671//4231 772//4231 752//4231 652//4231
f 652//4232 651//4232 671//4232
f 648//4233 672//4233 671//4233 670//4233
f 670//4234 647//4234 648//4234
f 672//4235 773//4235 772//4235 671//4235
f 673//4236 675//4236 676//4236 653//4236
f 2956//4237 2954//4237 654//4237
f 675//4238 677//4238 678//4238 676//4238
f 677//4239 681//4239 682//4239 678//4239
f 678//4240 674//4240 676//4240
f 680//4241 679//4241 678//4241
f 681//4242 677//4242 652//4242
f 692//4243 700//4243 698//4243 691//4243
f 2857//4244 679//4244 680//4244
f 697//4245 696//4245 699//4245
f 722//4246 2370//4246 2358//4246 713//4246
f 699//4247 698//4247 701//4247
f 747//4248 699//4248 702//4248
f 702//4249 699//4249 2786//4249
f 700//4250 692//4250 2787//4250
f 686//4251 703//4251 687//4251
f 704//4252 688//4252 683//4252
f 985//4253 708//4253 707//4253
f 723//4254 724//4254 733//4254 712//4254
f 726//4255 727//4255 724//4255 723//4255
f 722//4256 733//4256 724//4256
f 723//4257 719//4257 720//4257
f 721//4258 728//4258 727//4258 726//4258
f 725//4259 724//4259 727//4259
f 726//4260 720//4260 721//4260
f 728//4261 2794//4261 2369//4261 727//4261
f 2785//4262 1738//4262 728//4262 721//4262
f 1738//4263 1077//4263 2794//4263 728//4263
f 733//4264 713//4264 734//4264 731//4264
f 731//4265 734//4265 735//4265 732//4265
f 713//4266 2358//4266 2364//4266 734//4266
f 734//4267 2364//4267 2367//4267 735//4267
f 756//4268 759//4268 749//4268 748//4268
f 716//4269 719//4269 729//4269
f 740//4270 721//4270 720//4270
f 741//4271 2785//4271 721//4271
f 742//4272 719//4272 716//4272
f 743//4273 740//4273 739//4273
f 744//4274 741//4274 740//4274
f 717//4275 742//4275 716//4275
f 745//4276 743//4276 742//4276
f 747//4277 743//4277 745//4277
f 702//4278 746//4278 747//4278
f 751//4279 758//4279 752//4279
f 759//4280 760//4280 750//4280 749//4280
f 757//4281 762//4281 759//4281 756//4281
f 750//4282 760//4282 758//4282
f 763//4283 758//4283 761//4283
f 779//4284 766//4284 762//4284 757//4284
f 759//4285 762//4285 760//4285
f 761//4286 760//4286 764//4286
f 682//4287 763//4287 765//4287
f 750//4288 751//4288 772//4288 771//4288
f 764//4289 762//4289 766//4289
f 765//4290 761//4290 767//4290
f 767//4291 764//4291 768//4291
f 2857//4292 765//4292 769//4292
f 769//4293 767//4293 1674//4293
f 771//4294 772//4294 773//4294 770//4294
f 753//4295 778//4295 775//4295 774//4295
f 753//4296 774//4296 749//4296
f 2317//4297 2304//4297 755//4297
f 774//4298 775//4298 776//4298 754//4298
f 754//4299 776//4299 777//4299 755//4299
f 2312//4300 782//4300 755//4300 2304//4300
f 780//4301 756//4301 748//4301
f 781//4302 779//4302 757//4302
f 782//4303 780//4303 748//4303
f 783//4304 781//4304 757//4304
f 782//4305 754//4305 755//4305
f 2790//4306 780//4306 782//4306
f 784//4307 792//4307 796//4307 785//4307
f 2313//4308 783//4308 2790//4308
f 792//4309 793//4309 798//4309 796//4309
f 797//4310 786//4310 796//4310
f 797//4311 787//4311 786//4311
f 799//4312 801//4312 1594//4312 800//4312
f 801//4313 799//4313 795//4313
f 788//4314 789//4314 809//4314 806//4314
f 1595//4315 2192//4315 800//4315
f 1592//4316 1594//4316 801//4316
f 2135//4317 789//4317 803//4317
f 806//4318 790//4318 784//4318
f 788//4319 806//4319 784//4319
f 806//4320 809//4320 810//4320 807//4320
f 807//4321 810//4321 811//4321 808//4321
f 820//4322 2685//4322 2686//4322 819//4322
f 792//4323 784//4323 790//4323
f 793//4324 792//4324 812//4324
f 795//4325 813//4325 814//4325
f 812//4326 790//4326 815//4326
f 852//4327 853//4327 839//4327 838//4327
f 820//4328 819//4328 835//4328
f 830//4329 829//4329 1062//4329
f 834//4330 2874//4330 2875//4330
f 2803//4331 834//4331 2875//4331
f 2859//4332 829//4332 825//4332
f 841//4333 837//4333 836//4333
f 791//4334 837//4334 845//4334
f 847//4335 843//4335 848//4335
f 813//4336 849//4336 814//4336
f 847//4337 848//4337 1906//4337
f 837//4338 791//4338 808//4338
f 851//4339 837//4339 808//4339
f 2858//4340 851//4340 811//4340
f 839//4341 853//4341 1897//4341 840//4341
f 840//4342 859//4342 857//4342 839//4342
f 844//4343 843//4343 855//4343
f 854//4344 841//4344 857//4344
f 857//4345 838//4345 839//4345
f 882//4346 1012//4346 1010//4346 1128//4346
f 868//4347 865//4347 2159//4347
f 870//4348 862//4348 877//4348
f 871//4349 863//4349 862//4349
f 872//4350 871//4350 870//4350
f 874//4351 873//4351 872//4351
f 864//4352 867//4352 878//4352
f 2136//4353 864//4353 879//4353
f 879//4354 878//4354 862//4354
f 880//4355 862//4355 863//4355
f 881//4356 863//4356 2802//4356
f 890//4357 893//4357 886//4357 885//4357
f 1027//4358 884//4358 883//4358
f 897//4359 898//4359 896//4359 895//4359
f 2801//4360 886//4360 893//4360
f 894//4361 893//4361 896//4361
f 892//4362 2806//4362 897//4362 891//4362
f 2806//4363 899//4363 898//4363 897//4363
f 899//4364 2158//4364 2157//4364 898//4364
f 1185//4365 1364//4365 2158//4365 899//4365
f 885//4366 886//4366 900//4366 887//4366
f 886//4367 2149//4367 2800//4367 900//4367
f 901//4368 902//4368 889//4368 888//4368
f 1032//4369 2063//4369 2800//4369
f 902//4370 2824//4370 1979//4370 889//4370
f 2062//4371 2064//4371 901//4371 887//4371
f 901//4372 885//4372 887//4372
f 2064//4373 2065//4373 902//4373 901//4373
f 885//4374 888//4374 903//4374 890//4374
f 2824//4375 902//4375 2065//4375
f 938//4376 2697//4376 922//4376 921//4376
f 889//4377 903//4377 888//4377
f 1980//4378 904//4378 905//4378
f 918//4379 907//4379 916//4379
f 909//4380 908//4380 919//4380
f 927//4381 909//4381 920//4381
f 920//4382 919//4382 921//4382
f 1478//4383 920//4383 922//4383
f 921//4384 915//4384 907//4384
f 914//4385 924//4385 1018//4385 2799//4385
f 923//4386 913//4386 912//4386
f 924//4387 914//4387 913//4387
f 923//4388 925//4388 926//4388 924//4388
f 1019//4389 1018//4389 924//4389
f 925//4390 923//4390 909//4390
f 912//4391 930//4391 917//4391 906//4391
f 1020//4392 1019//4392 926//4392
f 929//4393 1020//4393 926//4393
f 913//4394 931//4394 930//4394 912//4394
f 2799//4395 1013//4395 932//4395 914//4395
f 932//4396 913//4396 914//4396
f 2363//4397 2376//4397 940//4397 941//4397
f 938//4398 907//4398 2695//4398
f 935//4399 2695//4399 907//4399
f 943//4400 942//4400 2384//4400
f 2365//4401 2363//4401 942//4401
f 944//4402 940//4402 2377//4402
f 2837//4403 944//4403 2866//4403
f 953//4404 954//4404 947//4404 946//4404
f 2385//4405 2387//4405 944//4405
f 955//4406 958//4406 959//4406 2792//4406
f 955//4407 949//4407 948//4407
f 957//4408 948//4408 945//4408
f 958//4409 955//4409 957//4409
f 948//4410 960//4410 950//4410 945//4410
f 1438//4411 956//4411 947//4411
f 1438//4412 957//4412 956//4412
f 1441//4413 959//4413 958//4413
f 960//4414 2747//4414 951//4414 950//4414
f 961//4415 2747//4415 960//4415 949//4415
f 960//4416 948//4416 949//4416
f 952//4417 962//4417 2743//4417 2664//4417
f 972//4418 2791//4418 1456//4418 970//4418
f 1456//4419 964//4419 970//4419
f 970//4420 963//4420 971//4420
f 969//4421 973//4421 971//4421 968//4421
f 949//4422 2792//4422 973//4422 969//4422
f 972//4423 971//4423 973//4423
f 2792//4424 959//4424 972//4424 973//4424
f 966//4425 978//4425 2731//4425 968//4425
f 1441//4426 972//4426 959//4426
f 974//4427 965//4427 963//4427
f 975//4428 974//4428 964//4428
f 977//4429 976//4429 975//4429
f 966//4430 963//4430 965//4430
f 968//4431 2731//4431 979//4431 969//4431
f 969//4432 979//4432 2748//4432 949//4432
f 735//4433 2367//4433 2795//4433 982//4433
f 983//4434 917//4434 930//4434 984//4434
f 984//4435 930//4435 931//4435 985//4435
f 1002//4436 1009//4436 1011//4436 1003//4436
f 707//4437 983//4437 984//4437
f 991//4438 992//4438 997//4438
f 998//4439 990//4439 1355//4439
f 993//4440 994//4440 992//4440
f 1998//4441 1001//4441 2825//4441
f 1009//4442 1010//4442 1012//4442 1011//4442
f 1011//4443 1012//4443 1013//4443 2799//4443
f 1018//4444 1015//4444 1003//4444 2799//4444
f 1004//4445 1002//4445 1015//4445
f 1005//4446 1004//4446 1016//4446
f 1018//4447 1019//4447 1016//4447 1015//4447
f 1019//4448 1020//4448 1017//4448 1016//4448
f 1020//4449 929//4449 1014//4449 1017//4449
f 1009//4450 1002//4450 1021//4450 1006//4450
f 2847//4451 1014//4451 929//4451
f 1004//4452 1005//4452 1024//4452 1021//4452
f 1022//4453 1008//4453 1007//4453
f 1021//4454 1002//4454 1004//4454
f 1023//4455 1007//4455 1021//4455
f 1023//4456 1022//4456 1007//4456
f 1024//4457 1025//4457 1023//4457 1021//4457
f 1023//4458 1025//4458 2453//4458 2452//4458
f 2848//4459 1026//4459 1024//4459 1005//4459
f 1035//4460 1045//4460 1644//4460 1643//4460
f 1025//4461 1024//4461 1026//4461
f 1010//4462 1009//4462 1006//4462
f 1010//4463 1006//4463 1027//4463
f 1027//4464 1007//4464 1008//4464
f 1029//4465 2167//4465 2146//4465
f 1044//4466 1034//4466 1050//4466
f 1045//4467 1035//4467 1044//4467
f 1034//4468 1051//4468 1048//4468 1050//4468
f 1046//4469 1044//4469 1043//4469
f 1046//4470 1045//4470 1044//4470
f 1047//4471 1644//4471 1046//4471
f 1038//4472 1036//4472 1054//4472 1039//4472
f 1914//4473 1048//4473 1051//4473
f 1052//4474 1051//4474 2861//4474
f 1036//4475 1038//4475 1033//4475
f 1053//4476 1056//4476 2812//4476 1875//4476
f 1055//4477 1054//4477 1036//4477
f 1038//4478 1039//4478 1058//4478 1041//4478
f 1927//4479 1055//4479 1037//4479
f 1057//4480 1042//4480 1041//4480
f 1076//4481 1079//4481 1070//4481 1073//4481
f 1058//4482 1057//4482 1041//4482
f 1060//4483 1236//4483 1058//4483
f 672//4484 648//4484 1065//4484
f 778//4485 1066//4485 817//4485
f 777//4486 818//4486 1067//4486
f 1076//4487 1073//4487 2793//4487
f 1077//4488 1076//4488 2794//4488
f 2798//4489 1087//4489 1078//4489
f 1105//4490 1111//4490 1110//4490 1107//4490
f 1078//4491 1071//4491 1080//4491
f 1082//4492 1716//4492 1080//4492
f 1083//4493 1072//4493 1090//4493
f 1085//4494 1084//4494 1083//4494
f 1088//4495 1085//4495 1087//4495
f 1089//4496 1086//4496 1085//4496
f 2354//4497 2266//4497 1089//4497
f 2360//4498 1074//4498 1091//4498
f 1093//4499 1072//4499 2274//4499
f 1107//4500 1106//4500 1105//4500
f 1108//4501 2782//4501 2783//4501 1109//4501
f 1112//4502 1787//4502 1110//4502
f 1112//4503 1110//4503 1111//4503
f 1109//4504 2783//4504 2784//4504 1111//4504
f 1122//4505 2566//4505 2782//4505 1108//4505
f 2784//4506 1112//4506 1111//4506
f 1117//4507 1115//4507 1116//4507
f 1783//4508 1117//4508 1779//4508
f 1118//4509 1103//4509 1102//4509
f 1118//4510 1102//4510 1101//4510
f 1120//4511 2497//4511 1118//4511
f 1119//4512 1101//4512 1100//4512
f 1119//4513 1118//4513 1101//4513
f 2502//4514 1120//4514 1121//4514
f 1094//4515 1100//4515 1104//4515
f 1124//4516 2781//4516 2566//4516 1122//4516
f 1104//4517 1100//4517 1101//4517
f 1122//4518 1104//4518 1123//4518
f 1123//4519 1104//4519 1102//4519
f 1139//4520 2854//4520 711//4520 1138//4520
f 1124//4521 1125//4521 1126//4521
f 2781//4522 1124//4522 1126//4522
f 1133//4523 1127//4523 1131//4523
f 1135//4524 1132//4524 1137//4524
f 711//4525 1136//4525 1138//4525
f 1130//4526 2507//4526 2499//4526 1147//4526
f 1141//4527 1140//4527 706//4527
f 2508//4528 2507//4528 1130//4528
f 1142//4529 1129//4529 883//4529
f 1131//4530 1127//4530 1143//4530
f 1148//4531 1132//4531 1145//4531
f 2502//4532 1146//4532 1148//4532
f 1151//4533 1153//4533 1152//4533 1149//4533
f 1501//4534 1156//4534 1152//4534
f 1153//4535 1502//4535 1501//4535 1152//4535
f 2805//4536 1154//4536 1153//4536 1151//4536
f 1150//4537 1158//4537 1161//4537 1149//4537
f 1153//4538 1155//4538 1502//4538
f 1527//4539 2582//4539 1157//4539
f 2540//4540 2541//4540 1165//4540 1164//4540
f 1159//4541 1151//4541 1149//4541
f 1160//4542 2805//4542 1151//4542
f 2613//4543 2612//4543 1160//4543
f 2394//4544 1161//4544 1158//4544
f 2404//4545 2613//4545 2403//4545
f 1172//4546 1214//4546 1215//4546 1173//4546
f 1173//4547 1215//4547 1216//4547 1174//4547
f 1182//4548 1183//4548 1368//4548 1358//4548
f 1182//4549 1177//4549 1176//4549
f 1190//4550 1262//4550 1263//4550 1191//4550
f 892//4551 1187//4551 1184//4551
f 892//4552 1184//4552 2806//4552
f 1178//4553 1176//4553 1184//4553
f 1184//4554 1177//4554 1185//4554
f 1187//4555 1982//4555 1186//4555
f 1000//4556 1179//4556 2820//4556
f 1265//4557 1192//4557 1196//4557
f 2822//4558 2023//4558 1269//4558 1195//4558
f 1282//4559 1192//4559 1346//4559
f 1197//4560 1195//4560 1194//4560
f 1268//4561 1194//4561 1195//4561
f 874//4562 1212//4562 2807//4562 1210//4562
f 2802//4563 863//4563 1200//4563
f 1201//4564 1208//4564 1209//4564
f 1208//4565 1205//4565 1199//4565
f 871//4566 873//4566 1211//4566 1200//4566
f 1204//4567 1216//4567 1215//4567 1203//4567
f 874//4568 1211//4568 873//4568
f 1203//4569 1198//4569 1201//4569
f 1213//4570 1204//4570 1201//4570
f 1209//4571 1202//4571 1213//4571
f 1214//4572 1198//4572 1215//4572
f 1225//4573 1226//4573 1218//4573 1223//4573
f 1218//4574 1228//4574 1223//4574
f 1226//4575 1227//4575 1219//4575 1218//4575
f 1235//4576 1229//4576 1230//4576 1057//4576
f 1252//4577 1253//4577 1244//4577 1243//4577
f 1231//4578 661//4578 1047//4578
f 1233//4579 1217//4579 1220//4579
f 1235//4580 1057//4580 1236//4580
f 1252//4581 1243//4581 1242//4581
f 1240//4582 1249//4582 1254//4582 1241//4582
f 1241//4583 1262//4583 1245//4583 1240//4583
f 1254//4584 1242//4584 1241//4584
f 1253//4585 1252//4585 1255//4585
f 1250//4586 1254//4586 1249//4586
f 1253//4587 1255//4587 1257//4587
f 1258//4588 1256//4588 1250//4588
f 1261//4589 1260//4589 2103//4589
f 1244//4590 1266//4590 1265//4590 1243//4590
f 1262//4591 1241//4591 1263//4591
f 1264//4592 1242//4592 1243//4592
f 1265//4593 1264//4593 1243//4593
f 1240//4594 1245//4594 1267//4594 1246//4594
f 1246//4595 1267//4595 1268//4595 1247//4595
f 1247//4596 1268//4596 1269//4596 1248//4596
f 1246//4597 1270//4597 1249//4597 1240//4597
f 1270//4598 1271//4598 1251//4598 1250//4598
f 1250//4599 1249//4599 1270//4599
f 1247//4600 1272//4600 1270//4600 1246//4600
f 1288//4601 1197//4601 1194//4601 1287//4601
f 1271//4602 1270//4602 1272//4602
f 1282//4603 1512//4603 1281//4603
f 1346//4604 1511//4604 1282//4604
f 1284//4605 1286//4605 1275//4605
f 1278//4606 1277//4606 1279//4606
f 1193//4607 1280//4607 1287//4607
f 1287//4608 1276//4608 1277//4608
f 1295//4609 2808//4609 1291//4609 1289//4609
f 1288//4610 1277//4610 1278//4610
f 1288//4611 1278//4611 2823//4611
f 1392//4612 2808//4612 1295//4612 1391//4612
f 1297//4613 1298//4613 1304//4613 1303//4613
f 1934//4614 2808//4614 1392//4614
f 1292//4615 1289//4615 1291//4615
f 2816//4616 1296//4616 1942//4616
f 1298//4617 1297//4617 1302//4617
f 1299//4618 1298//4618 1301//4618
f 1298//4619 1299//4619 1305//4619 1304//4619
f 1168//4620 1300//4620 1313//4620
f 1312//4621 1817//4621 2532//4621 2531//4621
f 1310//4622 1306//4622 1304//4622
f 251//4623 1310//4623 1305//4623
f 1307//4624 1311//4624 1306//4624
f 1312//4625 2530//4625 1307//4625
f 1317//4626 1318//4626 1331//4626 1329//4626
f 1315//4627 1314//4627 1321//4627
f 1327//4628 1317//4628 1326//4628
f 1327//4629 1318//4629 1317//4629
f 1266//4630 1244//4630 1318//4630
f 1316//4631 1319//4631 1314//4631
f 1328//4632 1320//4632 1319//4632
f 1329//4633 1328//4633 1316//4633
f 1330//4634 1532//4634 1328//4634
f 1329//4635 1331//4635 1332//4635 1330//4635
f 1318//4636 1244//4636 1253//4636 1331//4636
f 1331//4637 1253//4637 1257//4637 1332//4637
f 1332//4638 1257//4638 1261//4638 2809//4638
f 1337//4639 1321//4639 1324//4639 1343//4639
f 1321//4640 1314//4640 1333//4640
f 1333//4641 1319//4641 1320//4641
f 1344//4642 1337//4642 1343//4642
f 1338//4643 1339//4643 1337//4643
f 1346//4644 1342//4644 1341//4644
f 1352//4645 1348//4645 2780//4645 1354//4645
f 1324//4646 2776//4646 1343//4646
f 1366//4647 1365//4647 1360//4647 1359//4647
f 1355//4648 995//4648 1351//4648
f 1368//4649 998//4649 1357//4649
f 1362//4650 1358//4650 1366//4650
f 1381//4651 1386//4651 1387//4651 1382//4651
f 1357//4652 1365//4652 1367//4652
f 1367//4653 1366//4653 1358//4653
f 1374//4654 370//4654 1369//4654
f 369//4655 1374//4655 2891//4655
f 2207//4656 369//4656 2888//4656
f 1377//4657 1378//4657 876//4657
f 1373//4658 1374//4658 1372//4658
f 1372//4659 1369//4659 1371//4659
f 1399//4660 2770//4660 1395//4660 1394//4660
f 1388//4661 1387//4661 1386//4661
f 1383//4662 1382//4662 1389//4662
f 1384//4663 1383//4663 1389//4663
f 1384//4664 1389//4664 1390//4664
f 1290//4665 1385//4665 1381//4665
f 1391//4666 1290//4666 1381//4666
f 1370//4667 1388//4667 1393//4667
f 1386//4668 1381//4668 1385//4668
f 1435//4669 1438//4669 947//4669 1443//4669
f 1398//4670 1397//4670 1404//4670
f 1397//4671 1399//4671 1394//4671
f 1417//4672 1416//4672 1415//4672
f 336//4673 1417//4673 1415//4673
f 1420//4674 1411//4674 1409//4674
f 1454//4675 2791//4675 1457//4675 1455//4675
f 1435//4676 1433//4676 1439//4676
f 1438//4677 1439//4677 958//4677
f 1434//4678 1448//4678 1455//4678
f 1440//4679 1434//4679 1455//4679
f 2642//4680 1449//4680 1450//4680
f 1455//4681 1448//4681 1447//4681
f 1455//4682 1447//4682 1454//4682
f 403//4683 401//4683 2873//4683 1471//4683
f 1458//4684 2882//4684 1465//4684
f 401//4685 1468//4685 2873//4685
f 1481//4686 2596//4686 2604//4686 2804//4686
f 2723//4687 1478//4687 922//4687
f 530//4688 1484//4688 1479//4688
f 17//4689 18//4689 1//4689
f 1487//4690 1484//4690 1495//4690
f 1488//4691 1487//4691 1498//4691
f 1490//4692 1482//4692 1480//4692
f 2804//4693 1490//4693 1481//4693
f 1499//4694 1501//4694 1502//4694 1500//4694
f 1474//4695 1473//4695 1491//4695
f 2772//4696 1494//4696 379//4696
f 1499//4697 1494//4697 1492//4697
f 1501//4698 1499//4698 1493//4698
f 1300//4699 1168//4699 2586//4699 1523//4699
f 1338//4700 1506//4700 1510//4700
f 1510//4701 1509//4701 1505//4701
f 1341//4702 1510//4702 1511//4702
f 1511//4703 1505//4703 1512//4703
f 1506//4704 1513//4704 1509//4704
f 1520//4705 1516//4705 1514//4705
f 1302//4706 1516//4706 1520//4706
f 1301//4707 1302//4707 1520//4707
f 1336//4708 1532//4708 1530//4708 1538//4708
f 1527//4709 1503//4709 1525//4709
f 1531//4710 1530//4710 1532//4710
f 1552//4711 1553//4711 1545//4711 1542//4711
f 1534//4712 1528//4712 1537//4712
f 1540//4713 1336//4713 1538//4713
f 2104//4714 1544//4714 1549//4714
f 1541//4715 1546//4715 1535//4715
f 1531//4716 1550//4716 1548//4716
f 1533//4717 1549//4717 1550//4717
f 1554//4718 1570//4718 1551//4718
f 1542//4719 1555//4719 1546//4719 1541//4719
f 2097//4720 1553//4720 1552//4720
f 2098//4721 1554//4721 1553//4721
f 1551//4722 1559//4722 1555//4722 1545//4722
f 1555//4723 1542//4723 1545//4723
f 1564//4724 1575//4724 1573//4724 1563//4724
f 1557//4725 1555//4725 1559//4725
f 1535//4726 1546//4726 1547//4726
f 1562//4727 1582//4727 1580//4727
f 1569//4728 1562//4728 1570//4728
f 2082//4729 1569//4729 1571//4729
f 1575//4730 2118//4730 1574//4730 1573//4730
f 1564//4731 2068//4731 2076//4731 1575//4731
f 1580//4732 1583//4732 1560//4732 1581//4732
f 1566//4733 1572//4733 1565//4733
f 1577//4734 1578//4734 1579//4734
f 1581//4735 1570//4735 1580//4735
f 1583//4736 1580//4736 1566//4736
f 1590//4737 1591//4737 1586//4737 1585//4737
f 2763//4738 1583//4738 1567//4738
f 1603//4739 1588//4739 312//4739 1602//4739
f 1590//4740 1593//4740 2960//4740
f 1591//4741 1590//4741 2960//4741
f 1592//4742 1591//4742 2959//4742
f 1614//4743 1596//4743 1597//4743
f 1615//4744 1614//4744 1597//4744
f 1597//4745 1598//4745 1615//4745
f 1603//4746 1584//4746 1599//4746
f 1602//4747 1601//4747 1589//4747
f 1588//4748 1603//4748 1587//4748
f 1606//4749 1621//4749 1626//4749 1610//4749
f 1612//4750 1616//4750 1613//4750
f 1627//4751 1611//4751 1614//4751
f 1613//4752 1610//4752 1614//4752
f 1919//4753 1612//4753 1615//4753
f 1616//4754 1608//4754 1606//4754
f 1618//4755 1609//4755 1617//4755
f 1621//4756 1606//4756 1608//4756
f 1628//4757 1626//4757 1622//4757
f 1624//4758 1622//4758 1623//4758
f 1627//4759 1628//4759 1629//4759 1611//4759
f 1628//4760 1627//4760 1626//4760
f 1637//4761 1609//4761 1618//4761 1640//4761
f 1631//4762 1630//4762 1635//4762
f 1051//4763 1035//4763 1638//4763
f 1639//4764 1638//4764 1636//4764
f 1632//4765 1641//4765 1633//4765 1646//4765
f 2861//4766 1640//4766 1618//4766
f 1632//4767 1645//4767 1634//4767 1630//4767
f 1632//4768 1630//4768 1631//4768
f 1641//4769 1632//4769 1642//4769
f 1643//4770 1638//4770 1035//4770
f 2856//4771 1642//4771 1644//4771
f 1633//4772 1649//4772 1647//4772 1646//4772
f 1647//4773 2765//4773 1645//4773
f 1646//4774 1645//4774 1632//4774
f 1634//4775 1650//4775 1636//4775 1635//4775
f 1635//4776 1630//4776 1634//4776
f 1624//4777 1609//4777 1637//4777 1650//4777
f 1637//4778 1636//4778 1650//4778
f 1650//4779 1634//4779 1651//4779
f 1652//4780 2764//4780 1625//4780 1624//4780
f 1652//4781 1650//4781 1651//4781
f 1668//4782 1678//4782 1676//4782 1665//4782
f 1657//4783 1653//4783 1656//4783
f 1658//4784 2954//4784 2958//4784
f 2955//4785 2947//4785 1660//4785
f 302//4786 238//4786 1663//4786
f 1648//4787 1654//4787 1664//4787
f 2766//4788 1664//4788 230//4788
f 1670//4789 2789//4789 1668//4789
f 1672//4790 2939//4790 1675//4790
f 1679//4791 1680//4791 1677//4791 1678//4791
f 1677//4792 1676//4792 1678//4792
f 2789//4793 1681//4793 1679//4793 1668//4793
f 1681//4794 1682//4794 1680//4794 1679//4794
f 1690//4795 1683//4795 1684//4795 1693//4795
f 1666//4796 1687//4796 1665//4796
f 1683//4797 1690//4797 1687//4797
f 297//4798 300//4798 1692//4798 1689//4798
f 1685//4799 1683//4799 1666//4799
f 1667//4800 1685//4800 1676//4800
f 1677//4801 1680//4801 1701//4801 1695//4801
f 1677//4802 1695//4802 1700//4802
f 1698//4803 1685//4803 1667//4803 1700//4803
f 1682//4804 2342//4804 1701//4804
f 1696//4805 1694//4805 1702//4805
f 1704//4806 1702//4806 1705//4806
f 1703//4807 1704//4807 2334//4807
f 1703//4808 2334//4808 2853//4808
f 1706//4809 1699//4809 1698//4809
f 2757//4810 184//4810 1699//4810
f 1707//4811 1706//4811 1694//4811
f 1708//4812 2757//4812 1706//4812
f 2851//4813 195//4813 1708//4813
f 1700//4814 1694//4814 1698//4814
f 1699//4815 1686//4815 1685//4815 1698//4815
f 216//4816 2758//4816 1727//4816 1726//4816
f 1686//4817 1699//4817 184//4817
f 1718//4818 1715//4818 1712//4818
f 1719//4819 1080//4819 1718//4819
f 1723//4820 213//4820 1711//4820
f 1712//4821 1715//4821 1725//4821
f 1727//4822 1725//4822 1726//4822
f 1729//4823 2918//4823 1742//4823 1731//4823
f 2851//4824 1727//4824 2758//4824
f 1736//4825 2785//4825 1730//4825
f 1737//4826 1736//4826 1735//4826
f 2913//4827 1729//4827 1730//4827
f 2914//4828 1730//4828 2785//4828
f 1741//4829 2760//4829 1732//4829
f 2760//4830 2759//4830 1749//4830 1732//4830
f 1743//4831 1741//4831 1742//4831
f 1745//4832 1742//4832 1744//4832
f 285//4833 284//4833 1743//4833
f 268//4834 285//4834 1747//4834
f 692//4835 710//4835 1763//4835 2787//4835
f 1723//4836 1749//4836 2759//4836
f 1739//4837 1759//4837 2919//4837
f 1750//4838 1751//4838 1754//4838
f 1754//4839 1764//4839 1756//4839 1750//4839
f 1769//4840 268//4840 1746//4840 2934//4840
f 1765//4841 1768//4841 1757//4841
f 1755//4842 1764//4842 1754//4842
f 1765//4843 1764//4843 1766//4843
f 270//4844 257//4844 1765//4844
f 2934//4845 2935//4845 1767//4845
f 1786//4846 1773//4846 1770//4846 1771//4846
f 1771//4847 1770//4847 1778//4847
f 1771//4848 1778//4848 1780//4848
f 1771//4849 1780//4849 1781//4849
f 1781//4850 1780//4850 1782//4850
f 1783//4851 1781//4851 1782//4851
f 1763//4852 1783//4852 1782//4852
f 1775//4853 1774//4853 1784//4853
f 1802//4854 1775//4854 1785//4854
f 1774//4855 1792//4855 1790//4855 1789//4855
f 1784//4856 1773//4856 1786//4856
f 1785//4857 1784//4857 1787//4857
f 1785//4858 1787//4858 1112//4858
f 1774//4859 1788//4859 1773//4859
f 1789//4860 1776//4860 1788//4860
f 1789//4861 1790//4861 1791//4861 550//4861
f 1775//4862 1802//4862 1811//4862 1792//4862
f 1829//4863 1830//4863 1824//4863 1832//4863
f 1811//4864 1790//4864 1792//4864
f 1761//4865 1777//4865 1793//4865
f 270//4866 1794//4866 1795//4866
f 1801//4867 1798//4867 1810//4867
f 1804//4868 1797//4868 1796//4868
f 1805//4869 1806//4869 1803//4869
f 1803//4870 1812//4870 1802//4870
f 1807//4871 1796//4871 1797//4871
f 2762//4872 1800//4872 537//4872
f 1812//4873 1813//4873 1811//4873
f 1812//4874 1799//4874 2762//4874
f 1810//4875 1798//4875 1815//4875
f 1822//4876 1821//4876 1825//4876
f 1827//4877 1823//4877 1829//4877
f 1824//4878 2814//4878 2863//4878 1833//4878
f 1831//4879 1821//4879 1832//4879
f 1835//4880 1898//4880 1885//4880 1834//4880
f 1836//4881 1847//4881 1856//4881 1834//4881
f 1895//4882 1837//4882 1836//4882
f 1896//4883 1838//4883 1837//4883
f 1897//4884 1174//4884 1838//4884
f 1837//4885 1849//4885 1847//4885 1836//4885
f 1876//4886 1898//4886 1835//4886 1842//4886
f 1850//4887 1837//4887 1838//4887
f 1216//4888 1838//4888 1174//4888
f 1841//4889 1840//4889 1831//4889
f 1845//4890 1852//4890 2816//4890 1854//4890
f 1850//4891 1844//4891 1848//4891
f 1216//4892 1204//4892 1844//4892
f 1828//4893 1846//4893 1854//4893
f 1858//4894 1868//4894 1869//4894 1859//4894
f 1867//4895 1860//4895 1859//4895
f 1868//4896 1858//4896 1864//4896
f 2813//4897 1060//4897 1867//4897 1869//4897
f 1869//4898 1867//4898 1859//4898
f 1866//4899 1870//4899 1868//4899 1865//4899
f 1874//4900 1902//4900 1901//4900 1873//4900
f 1222//4901 1870//4901 1866//4901
f 1861//4902 1857//4902 1858//4902
f 1862//4903 1861//4903 1871//4903
f 1872//4904 1859//4904 1860//4904
f 1874//4905 1872//4905 1860//4905
f 1881//4906 1895//4906 1885//4906 1880//4906
f 1863//4907 1857//4907 1861//4907
f 1876//4908 1863//4908 1861//4908
f 1876//4909 1861//4909 1862//4909
f 1864//4910 1857//4910 1877//4910
f 1865//4911 1864//4911 1877//4911
f 1866//4912 1865//4912 1878//4912
f 1239//4913 1866//4913 1879//4913
f 1887//4914 1881//4914 1880//4914
f 1890//4915 1882//4915 1881//4915
f 1890//4916 1883//4916 1882//4916
f 859//4917 840//4917 1884//4917
f 858//4918 859//4918 1891//4918
f 1889//4919 1921//4919 1894//4919
f 1883//4920 1896//4920 1895//4920 1882//4920
f 1895//4921 1881//4921 1882//4921
f 1886//4922 1899//4922 1887//4922 1880//4922
f 1896//4923 1883//4923 1897//4923
f 1897//4924 1884//4924 840//4924
f 1898//4925 1886//4925 1880//4925
f 1889//4926 1888//4926 1900//4926
f 1049//4927 1914//4927 1912//4927 1910//4927
f 1900//4928 1899//4928 1901//4928
f 1904//4929 1910//4929 1912//4929
f 1905//4930 1904//4930 1912//4930
f 1620//4931 1913//4931 1912//4931 1914//4931
f 1928//4932 1929//4932 2812//4932 1056//4932
f 1049//4933 1911//4933 1037//4933
f 1917//4934 1916//4934 1915//4934
f 1906//4935 1916//4935 1917//4935
f 1918//4936 1915//4936 1904//4936
f 1919//4937 1917//4937 1918//4937
f 849//4938 847//4938 1917//4938
f 1920//4939 1918//4939 1905//4939
f 2855//4940 849//4940 1919//4940
f 1922//4941 1909//4941 1907//4941
f 1923//4942 1921//4942 1909//4942
f 1925//4943 1923//4943 1922//4943
f 856//4944 1925//4944 1924//4944
f 844//4945 1924//4945 1906//4945
f 1927//4946 1037//4946 1911//4946
f 1908//4947 1926//4947 1907//4947
f 1927//4948 1908//4948 1928//4948
f 1056//4949 1055//4949 1927//4949
f 1931//4950 1951//4950 2815//4950 1940//4950
f 1929//4951 1909//4951 1921//4951
f 1398//4952 1938//4952 1407//4952
f 1934//4953 1933//4953 2808//4953
f 1953//4954 1931//4954 1936//4954
f 1938//4955 1936//4955 1935//4955
f 1398//4956 1937//4956 1938//4956
f 1941//4957 1942//4957 1296//4957 1291//4957
f 1939//4958 1405//4958 833//4958 1952//4958
f 1945//4959 1944//4959 1950//4959
f 833//4960 1949//4960 1952//4960
f 1944//4961 1945//4961 1954//4961 1943//4961
f 1943//4962 1954//4962 1962//4962 1961//4962
f 1958//4963 1959//4963 1957//4963 1956//4963
f 1959//4964 2863//4964 2814//4964 1957//4964
f 1960//4965 2815//4965 1951//4965 1948//4965
f 1948//4966 1943//4966 1947//4966
f 1962//4967 1963//4967 1226//4967 1225//4967
f 1960//4968 1947//4968 1957//4968
f 2796//4969 1963//4969 1955//4969
f 1966//4970 1977//4970 1970//4970 1969//4970
f 1964//4971 1972//4971 1965//4971
f 1965//4972 1972//4972 1974//4972
f 2006//4973 1965//4973 1974//4973
f 1976//4974 1966//4974 1964//4974
f 2820//4975 1975//4975 2003//4975
f 1975//4976 1976//4976 2002//4976
f 1977//4977 1978//4977 1971//4977 1970//4977
f 1987//4978 2022//4978 2023//4978 2822//4978
f 1979//4979 1971//4979 1978//4979
f 1977//4980 1966//4980 1967//4980
f 1979//4981 1978//4981 1980//4981
f 1980//4982 1977//4982 1981//4982
f 1969//4983 1972//4983 1964//4983
f 1993//4984 1973//4984 1969//4984
f 1984//4985 1993//4985 1970//4985
f 1985//4986 1984//4986 1971//4986
f 2824//4987 1985//4987 1979//4987
f 1987//4988 1991//4988 1999//4988 1986//4988
f 2044//4989 2046//4989 1989//4989 1994//4989
f 1991//4990 1987//4990 2822//4990
f 1992//4991 2035//4991 2026//4991 2033//4991
f 1996//4992 1995//4992 2000//4992
f 2823//4993 1996//4993 1991//4993
f 1279//4994 1997//4994 1996//4994
f 2004//4995 1999//4995 2005//4995
f 2008//4996 2007//4996 2012//4996
f 2016//4997 2821//4997 2009//4997
f 2017//4998 2016//4998 2015//4998
f 2015//4999 2014//4999 2018//4999
f 2017//5000 2015//5000 2018//5000
f 2112//5001 2017//5001 2018//5001
f 2011//5002 2010//5002 2019//5002
f 2008//5003 2009//5003 2019//5003
f 2020//5004 2009//5004 2821//5004
f 2027//5005 2026//5005 2034//5005
f 2031//5006 2030//5006 2029//5006 2037//5006
f 2034//5007 2026//5007 2035//5007
f 2059//5008 2818//5008 2038//5008 2039//5008
f 2037//5009 2026//5009 2027//5009
f 2039//5010 2037//5010 2027//5010
f 2038//5011 2037//5011 2039//5011
f 2032//5012 2045//5012 2044//5012 2033//5012
f 2040//5013 2032//5013 2041//5013
f 2042//5014 2040//5014 2041//5014
f 2047//5015 2059//5015 2050//5015 2049//5015
f 2043//5016 2033//5016 2044//5016
f 2053//5017 2179//5017 2052//5017
f 2047//5018 2057//5018 2055//5018
f 2055//5019 2057//5019 2056//5019
f 2070//5020 2078//5020 2828//5020 2829//5020
f 2059//5021 2028//5021 2050//5021
f 2051//5022 2049//5022 2061//5022
f 2061//5023 2049//5023 2050//5023
f 2028//5024 2061//5024 2050//5024
f 2053//5025 2054//5025 2063//5025
f 1032//5026 2053//5026 2063//5026
f 2064//5027 2062//5027 2051//5027
f 2067//5028 2069//5028 2075//5028
f 2075//5029 2066//5029 2077//5029
f 2079//5030 2070//5030 2069//5030
f 2078//5031 2080//5031 2827//5031 2828//5031
f 2078//5032 2079//5032 2080//5032
f 2069//5033 2067//5033 2081//5033 2079//5033
f 2080//5034 2083//5034 2860//5034 2827//5034
f 2069//5035 2071//5035 2087//5035 2066//5035
f 1568//5036 2081//5036 2068//5036
f 2829//5037 2830//5037 2086//5037 2070//5037
f 2071//5038 2069//5038 2070//5038
f 2084//5039 2832//5039 2042//5039
f 2830//5040 2831//5040 2085//5040 2086//5040
f 2095//5041 2096//5041 2090//5041 2094//5041
f 2100//5042 2089//5042 2094//5042
f 2090//5043 2096//5043 2091//5043
f 2100//5044 2099//5044 2092//5044 2089//5044
f 2096//5045 2095//5045 2828//5045
f 2098//5046 2096//5046 2827//5046
f 2098//5047 2827//5047 2860//5047
f 2093//5048 2106//5048 2105//5048 2821//5048
f 2095//5049 2108//5049 2830//5049 2829//5049
f 1274//5050 2105//5050 2106//5050
f 1274//5051 2020//5051 2105//5051
f 2107//5052 2094//5052 2089//5052
f 2108//5053 2095//5053 2107//5053
f 2108//5054 2110//5054 2831//5054 2830//5054
f 2109//5055 2108//5055 2107//5055
f 2110//5056 2112//5056 2832//5056 2831//5056
f 2115//5057 2125//5057 1578//5057 1565//5057
f 2171//5058 2113//5058 2117//5058
f 2833//5059 2117//5059 2118//5059
f 2981//5060 2115//5060 2116//5060
f 2212//5061 2114//5061 2120//5061
f 2973//5062 2121//5062 2972//5062
f 1565//5063 2116//5063 2115//5063
f 2126//5064 2212//5064 2218//5064 2127//5064
f 2123//5065 2124//5065 2126//5065
f 1579//5066 1578//5066 2127//5066
f 2126//5067 2114//5067 2212//5067
f 2146//5068 1031//5068 2147//5068 2141//5068
f 2130//5069 2897//5069 2886//5069
f 1364//5070 2133//5070 2155//5070
f 880//5071 2138//5071 2137//5071
f 789//5072 2135//5072 2136//5072
f 2801//5073 2148//5073 2149//5073
f 2147//5074 2148//5074 2156//5074 2154//5074
f 2148//5075 2147//5075 2150//5075
f 2149//5076 2148//5076 2151//5076
f 2148//5077 2801//5077 894//5077 2156//5077
f 2157//5078 2153//5078 2156//5078
f 2166//5079 2173//5079 2174//5079 2167//5079
f 896//5080 2157//5080 2156//5080
f 1364//5081 2155//5081 2158//5081
f 2161//5082 2144//5082 2134//5082
f 2173//5083 2175//5083 2176//5083 2174//5083
f 2175//5084 2177//5084 2178//5084 2176//5084
f 2177//5085 2179//5085 1032//5085 2178//5085
f 2166//5086 2182//5086 2185//5086 2163//5086
f 2163//5087 2173//5087 2166//5087
f 2182//5088 2180//5088 2168//5088 2185//5088
f 2197//5089 496//5089 2194//5089 2193//5089
f 2181//5090 805//5090 2180//5090
f 361//5091 367//5091 2194//5091
f 2215//5092 2216//5092 2210//5092 2209//5092
f 2196//5093 2195//5093 2198//5093
f 2204//5094 2201//5094 2200//5094
f 2940//5095 2941//5095 60//5095 59//5095
f 614//5096 2215//5096 619//5096 618//5096
f 622//5097 623//5097 2217//5097 2216//5097
f 2219//5098 2220//5098 2214//5098 2213//5098
f 2210//5099 2213//5099 2209//5099
f 2220//5100 2223//5100 317//5100 315//5100
f 2234//5101 2235//5101 2236//5101 2238//5101
f 317//5102 2223//5102 2226//5102
f 2120//5103 2224//5103 2212//5103
f 2233//5104 2228//5104 2227//5104
f 2237//5105 2229//5105 2228//5105
f 2835//5106 2308//5106 2230//5106
f 2835//5107 2230//5107 2237//5107
f 2238//5108 2237//5108 2233//5108
f 2239//5109 2835//5109 2237//5109
f 2250//5110 2834//5110 2865//5110 2251//5110
f 2240//5111 2239//5111 2238//5111
f 2231//5112 2228//5112 2229//5112
f 2231//5113 2229//5113 2242//5113
f 2242//5114 2229//5114 2230//5114
f 2244//5115 2230//5115 2308//5115
f 2234//5116 2233//5116 2248//5116
f 2248//5117 2227//5117 2232//5117
f 2249//5118 2234//5118 2250//5118
f 2250//5119 2248//5119 2252//5119
f 2251//5120 2249//5120 2250//5120
f 2834//5121 2250//5121 2252//5121
f 2273//5122 2262//5122 2254//5122 2253//5122
f 2252//5123 2256//5123 2261//5123
f 2834//5124 2252//5124 2261//5124 2263//5124
f 2254//5125 2262//5125 2255//5125
f 2264//5126 2263//5126 2261//5126 2255//5126
f 2285//5127 2298//5127 2301//5127 2286//5127
f 2262//5128 2273//5128 2260//5128
f 2264//5129 2262//5129 2265//5129
f 2865//5130 2263//5130 2266//5130
f 2266//5131 2264//5131 1086//5131
f 2267//5132 2257//5132 2254//5132
f 2372//5133 2259//5133 2866//5133
f 2269//5134 2258//5134 2271//5134
f 2276//5135 2273//5135 2275//5135
f 2259//5136 2275//5136 2258//5136
f 2277//5137 2276//5137 2259//5137
f 2287//5138 2297//5138 642//5138 645//5138
f 2302//5139 2287//5139 2286//5139
f 2285//5140 2289//5140 2288//5140 2298//5140
f 2281//5141 2280//5141 2288//5141 2289//5141
f 2291//5142 2292//5142 2272//5142 2271//5142
f 2292//5143 2291//5143 2283//5143
f 2292//5144 2283//5144 2284//5144
f 2297//5145 2243//5145 2244//5145 642//5145
f 2294//5146 2282//5146 2290//5146
f 2836//5147 2300//5147 2299//5147
f 2247//5148 2295//5148 2299//5148
f 2231//5149 2296//5149 2295//5149
f 2309//5150 2312//5150 2304//5150 2303//5150
f 2298//5151 2295//5151 2296//5151
f 2309//5152 2310//5152 2313//5152 2312//5152
f 2311//5153 2338//5153 2340//5153 2314//5153
f 2307//5154 2318//5154 2244//5154 2308//5154
f 2305//5155 2303//5155 2315//5155
f 2316//5156 2315//5156 2317//5156
f 2318//5157 2306//5157 2305//5157
f 2318//5158 2307//5158 2306//5158
f 2306//5159 2321//5159 2309//5159 2303//5159
f 2307//5160 2322//5160 2321//5160 2306//5160
f 2319//5161 2309//5161 2321//5161
f 2336//5162 1078//5162 1081//5162 2337//5162
f 2322//5163 2307//5163 2308//5163
f 2346//5164 2320//5164 2241//5164
f 2241//5165 2322//5165 2835//5165
f 2333//5166 2326//5166 2332//5166
f 2334//5167 1705//5167 2333//5167
f 2335//5168 2333//5168 2332//5168
f 2336//5169 2332//5169 2331//5169
f 2337//5170 2335//5170 2336//5170
f 2337//5171 2334//5171 2335//5171
f 2342//5172 1682//5172 2339//5172 2341//5172
f 2328//5173 2323//5173 2324//5173
f 2311//5174 2345//5174 2338//5174
f 2339//5175 2328//5175 2325//5175
f 2341//5176 2325//5176 2342//5176
f 2342//5177 2326//5177 2327//5177
f 2351//5178 2352//5178 2349//5178 2348//5178
f 2344//5179 2330//5179 2323//5179
f 2346//5180 2343//5180 2344//5180
f 2838//5181 2346//5181 2345//5181
f 2798//5182 2336//5182 2347//5182
f 2347//5183 2331//5183 2349//5183
f 1088//5184 2347//5184 2350//5184
f 2365//5185 2366//5185 2357//5185 2356//5185
f 2350//5186 2349//5186 2352//5186
f 2351//5187 2330//5187 2355//5187
f 2352//5188 2353//5188 2354//5188
f 2350//5189 2352//5189 2354//5189
f 1089//5190 2350//5190 2354//5190
f 2353//5191 2249//5191 2251//5191
f 2356//5192 2363//5192 2365//5192
f 2366//5193 2367//5193 2364//5193 2357//5193
f 2357//5194 2370//5194 2359//5194 2356//5194
f 2374//5195 2371//5195 2368//5195
f 2360//5196 2369//5196 2793//5196
f 941//5197 2386//5197 2380//5197 2378//5197
f 2359//5198 2370//5198 2368//5198
f 2362//5199 2361//5199 2371//5199
f 2374//5200 2368//5200 2360//5200
f 2374//5201 2360//5201 1091//5201
f 2866//5202 2377//5202 2372//5202
f 2386//5203 2387//5203 2381//5203 2380//5203
f 2395//5204 2405//5204 2406//5204 2396//5204
f 2398//5205 2397//5205 2399//5205
f 2399//5206 2397//5206 2423//5206
f 2391//5207 2389//5207 2390//5207
f 2846//5208 2401//5208 2455//5208
f 2404//5209 2402//5209 2846//5209
f 2405//5210 2395//5210 2388//5210
f 2395//5211 2396//5211 2409//5211 2408//5211
f 2406//5212 2843//5212 2396//5212
f 2408//5213 2397//5213 2388//5213
f 2430//5214 2423//5214 2408//5214
f 2408//5215 2388//5215 2395//5215
f 2429//5216 2430//5216 2408//5216
f 2396//5217 2843//5217 2842//5217 2409//5217
f 2426//5218 2429//5218 2409//5218
f 2413//5219 2419//5219 2512//5219 2509//5219
f 1167//5220 2426//5220 2842//5220
f 2444//5221 2418//5221 2410//5221
f 2412//5222 2410//5222 2418//5222
f 2416//5223 2506//5223 2508//5223 2417//5223
f 2421//5224 2414//5224 2410//5224
f 2426//5225 1167//5225 1169//5225 2432//5225
f 2447//5226 2410//5226 2414//5226
f 2424//5227 2431//5227 2423//5227
f 2487//5228 2486//5228 2424//5228
f 2436//5229 2444//5229 2447//5229 2437//5229
f 2428//5230 2427//5230 2433//5230
f 2445//5231 2439//5231 2438//5231
f 2451//5232 2615//5232 2845//5232 2442//5232
f 1028//5233 1008//5233 2446//5233
f 2442//5234 2441//5234 2451//5234
f 2452//5235 2453//5235 2451//5235 2450//5235
f 2449//5236 2438//5236 2439//5236
f 2450//5237 2449//5237 2439//5237
f 2440//5238 2441//5238 2456//5238 2454//5238
f 2615//5239 2451//5239 2453//5239
f 2452//5240 2439//5240 1022//5240
f 2441//5241 2442//5241 2458//5241 2456//5241
f 2456//5242 2458//5242 2459//5242 2457//5242
f 2469//5243 2470//5243 2471//5243 2839//5243
f 2404//5244 2846//5244 2459//5244
f 2404//5245 2459//5245 2613//5245
f 2470//5246 2469//5246 2468//5246
f 2472//5247 2465//5247 2840//5247 2473//5247
f 2472//5248 2467//5248 2483//5248
f 2572//5249 2471//5249 2470//5249
f 2466//5250 2524//5250 2535//5250 2465//5250
f 2539//5251 2473//5251 2840//5251
f 2539//5252 2572//5252 2473//5252
f 2485//5253 2484//5253 2466//5253 2482//5253
f 2476//5254 2469//5254 2478//5254
f 2478//5255 2469//5255 2839//5255
f 2434//5256 2480//5256 2481//5256
f 2511//5257 2481//5257 2463//5257
f 2489//5258 2499//5258 2490//5258 2505//5258
f 2483//5259 2464//5259 2486//5259
f 2482//5260 2483//5260 2487//5260
f 2503//5261 2421//5261 2413//5261 2491//5261
f 2507//5262 2490//5262 2499//5262
f 2498//5263 2492//5263 2495//5263
f 2499//5264 2489//5264 2500//5264
f 2498//5265 2495//5265 2501//5265
f 2501//5266 2496//5266 2497//5266
f 2504//5267 2422//5267 2421//5267 2503//5267
f 2491//5268 2492//5268 2488//5268
f 2503//5269 2491//5269 2488//5269
f 2507//5270 2508//5270 2506//5270 2490//5270
f 1162//5271 1163//5271 2526//5271 2525//5271
f 2494//5272 2513//5272 2493//5272
f 2493//5273 2492//5273 2509//5273
f 2463//5274 2494//5274 2511//5274
f 2511//5275 2510//5275 2512//5275
f 2413//5276 2509//5276 2491//5276
f 2434//5277 2512//5277 2420//5277
f 2514//5278 2496//5278 2513//5278
f 1125//5279 1103//5279 2514//5279
f 2515//5280 2513//5280 2494//5280
f 2516//5281 2514//5281 2515//5281
f 2518//5282 2517//5282 2525//5282
f 1308//5283 2530//5283 2529//5283 2518//5283
f 2520//5284 2519//5284 2527//5284
f 2517//5285 2518//5285 2529//5285
f 2527//5286 2530//5286 2531//5286
f 2533//5287 2534//5287 2523//5287 2522//5287
f 2533//5288 2521//5288 2517//5288
f 2522//5289 2521//5289 2533//5289
f 2534//5290 2535//5290 2524//5290 2523//5290
f 2519//5291 2520//5291 2538//5291 2536//5291
f 2534//5292 2533//5292 2536//5292
f 2535//5293 2534//5293 2537//5293
f 2525//5294 2540//5294 1164//5294 1162//5294
f 2537//5295 2536//5295 2538//5295
f 2521//5296 2525//5296 2517//5296
f 2540//5297 2525//5297 2521//5297
f 2556//5298 2557//5298 2547//5298 2546//5298
f 2541//5299 2540//5299 2522//5299
f 2542//5300 2541//5300 2523//5300
f 2552//5301 2544//5301 2543//5301
f 2553//5302 2545//5302 2544//5302
f 1808//5303 1797//5303 2553//5303
f 1808//5304 2553//5304 1809//5304
f 2557//5305 2783//5305 2782//5305 2547//5305
f 2558//5306 2559//5306 2557//5306 2556//5306
f 2556//5307 2543//5307 2544//5307
f 2560//5308 2784//5308 2783//5308 2557//5308
f 2543//5309 2546//5309 2561//5309 2548//5309
f 2545//5310 1804//5310 2559//5310
f 2549//5311 2563//5311 2478//5311 2839//5311
f 2546//5312 2547//5312 2565//5312 2561//5312
f 2564//5313 2478//5313 2563//5313
f 2561//5314 2565//5314 2566//5314 2562//5314
f 2575//5315 2590//5315 2587//5315 2574//5315
f 2781//5316 2563//5316 2566//5316
f 2782//5317 2565//5317 2547//5317
f 2516//5318 2477//5318 1126//5318
f 2551//5319 2550//5319 2569//5319
f 2568//5320 2548//5320 2549//5320
f 1526//5321 2580//5321 2582//5321
f 2584//5322 2575//5322 2574//5322
f 2574//5323 2573//5323 2585//5323
f 2586//5324 2585//5324 1521//5324
f 2576//5325 2573//5325 2587//5325
f 2577//5326 2576//5326 2588//5326
f 2578//5327 2577//5327 2589//5327
f 2590//5328 2591//5328 2588//5328 2587//5328
f 2592//5329 2842//5329 2843//5329 2578//5329
f 2589//5330 2588//5330 2591//5330
f 1171//5331 1167//5331 2592//5331 2589//5331
f 2590//5332 2575//5332 1170//5332
f 2591//5333 2590//5333 1165//5333
f 2589//5334 2591//5334 1171//5334
f 2603//5335 2604//5335 2596//5335 2595//5335
f 2842//5336 2592//5336 1167//5336
f 2576//5337 2579//5337 2573//5337
f 2593//5338 2579//5338 2576//5338
f 2595//5339 2607//5339 2603//5339
f 2605//5340 2606//5340 2604//5340 2603//5340
f 2614//5341 2602//5341 2603//5341
f 2848//5342 1014//5342 2605//5342 2602//5342
f 2604//5343 2606//5343 2804//5343
f 2595//5344 2609//5344 2608//5344 2607//5344
f 2847//5345 1491//5345 2606//5345
f 2608//5346 2598//5346 2597//5346
f 2608//5347 2609//5347 2610//5347 2599//5347
f 2599//5348 2610//5348 1155//5348 2805//5348
f 2612//5349 2613//5349 2611//5349 2598//5349
f 1489//5350 2610//5350 2609//5350
f 1489//5351 1155//5351 2610//5351
f 2601//5352 2600//5352 2597//5352
f 2779//5353 328//5353 2618//5353 2878//5353
f 2612//5354 2599//5354 2805//5354
f 2848//5355 2602//5355 1026//5355
f 2845//5356 2614//5356 2600//5356
f 2617//5357 2616//5357 2621//5357
f 327//5358 2616//5358 2617//5358
f 2625//5359 2626//5359 2637//5359 2636//5359
f 2624//5360 2619//5360 326//5360
f 2630//5361 422//5361 414//5361 2629//5361
f 2647//5362 2654//5362 2649//5362 2646//5362
f 2627//5363 2626//5363 2632//5363
f 2627//5364 2632//5364 2778//5364
f 2632//5365 2626//5365 420//5365
f 2632//5366 420//5366 421//5366
f 2642//5367 2633//5367 2635//5367
f 2640//5368 2651//5368 2639//5368
f 2642//5369 2641//5369 2633//5369
f 426//5370 2634//5370 2644//5370
f 2657//5371 325//5371 429//5371 2656//5371
f 2656//5372 2658//5372 2649//5372
f 2670//5373 2664//5373 2663//5373 2679//5373
f 2643//5374 2658//5374 2660//5374
f 2700//5375 2699//5375 2693//5375 2690//5375
f 2661//5376 2665//5376 2672//5376
f 2667//5377 2661//5377 2672//5377
f 644//5378 2666//5378 2673//5378
f 2674//5379 2668//5379 2661//5379
f 2674//5380 2661//5380 2667//5380
f 2669//5381 2674//5381 643//5381
f 2679//5382 2669//5382 2676//5382
f 2670//5383 2679//5383 2681//5383
f 2684//5384 2675//5384 2677//5384
f 2682//5385 2675//5385 2676//5385
f 2676//5386 2669//5386 2683//5386
f 1466//5387 2689//5387 2688//5387
f 2697//5388 2689//5388 2694//5388
f 2722//5389 2697//5389 2694//5389
f 2703//5390 2707//5390 2708//5390 2701//5390
f 2699//5391 2700//5391 937//5391
f 2701//5392 2711//5392 2704//5392 2703//5392
f 2708//5393 2707//5393 2706//5393
f 2733//5394 2708//5394 2710//5394
f 2703//5395 2704//5395 2714//5395 2705//5395
f 2705//5396 2714//5396 2379//5396 2378//5396
f 2711//5397 2693//5397 2699//5397 2715//5397
f 2797//5398 2379//5398 2715//5398
f 2705//5399 2716//5399 2707//5399 2703//5399
f 2879//5400 2718//5400 2685//5400 2877//5400
f 2706//5401 2707//5401 2716//5401
f 2710//5402 2706//5402 2717//5402
f 2850//5403 2710//5403 2717//5403
f 2877//5404 2685//5404 2803//5404 2875//5404
f 2729//5405 978//5405 967//5405 2725//5405
f 2694//5406 2867//5406 2722//5406
f 967//5407 2709//5407 2733//5407 2725//5407
f 978//5408 2729//5408 2731//5408
f 2731//5409 2730//5409 2732//5409
f 2732//5410 2728//5410 2745//5410
f 979//5411 2732//5411 2748//5411
f 2734//5412 2735//5412 2278//5412 2737//5412
f 2850//5413 2717//5413 2382//5413 2279//5413
f 2279//5414 2278//5414 2735//5414
f 2850//5415 2735//5415 2726//5415
f 2737//5416 2736//5416 2727//5416 2734//5416
f 2752//5417 2753//5417 2742//5417 2751//5417
f 2740//5418 2736//5418 2281//5418
f 2744//5419 2750//5419 2738//5419
f 2740//5420 2750//5420 2745//5420
f 2747//5421 2745//5421 2744//5421
f 961//5422 2748//5422 2747//5422
f 2742//5423 2753//5423 2754//5423 2741//5423
f 2131//5424 2130//5424 2887//5424 2889//5424
f 2286//5425 2753//5425 2752//5425
f 2287//5426 2754//5426 2753//5426
f 69//5427 2929//5427 2922//5427 84//5427
f 41//5428 2944//5428 2908//5428 40//5428
f 2983//5429 2114//5429 2126//5429 2124//5429
f 2977//5430 2974//5430 10//5430 11//5430
f 2929//5431 69//5431 70//5431 2931//5431
f 2953//5432 2952//5432 44//5432
f 2//5433 3//5433 172//5433 2969//5433
f 48//5434 158//5434 2949//5434
f 2930//5435 74//5435 75//5435
f 83//5436 149//5436 150//5436
f 2948//5437 2953//5437 45//5437
f 2970//5438 2971//5438 170//5438
f 47//5439 48//5439 2949//5439 2950//5439
f 2968//5440 7//5440 8//5440 2979//5440
f 2950//5441 2948//5441 46//5441
f 73//5442 2938//5442 2937//5442
f 162//5443 38//5443 39//5443 2912//5443
f 6//5444 175//5444 2965//5444
f 1//5445 2//5445 2969//5445 2971//5445
f 75//5446 76//5446 2928//5446 2930//5446
f 2964//5447 172//5447 3//5447 4//5447
f 2934//5448 1746//5448 2926//5448
f 13//5449 14//5449 2980//5449 2978//5449
f 2931//5450 70//5450 71//5450 2936//5450
f 83//5451 150//5451 154//5451 82//5451
f 11//5452 12//5452 2978//5452 2977//5452
f 83//5453 84//5453 149//5453
f 2971//5454 2970//5454 1//5454
f 2964//5455 4//5455 5//5455
f 2936//5456 71//5456 72//5456 2937//5456
f 2938//5457 73//5457 74//5457
f 50//5458 2951//5458 158//5458 49//5458
f 2937//5459 72//5459 73//5459
f 2943//5460 2944//5460 42//5460
f 2970//5461 2976//5461 16//5461
f 2912//5462 39//5462 40//5462 2908//5462
f 2952//5463 2943//5463 43//5463
f 2942//5464 35//5464 36//5464
f 37//5465 162//5465 2906//5465
f 82//5466 154//5466 2923//5466 81//5466
f 2924//5467 141//5467 78//5467
f 35//5468 2942//5468 2951//5468 50//5468
f 76//5469 77//5469 141//5469 2928//5469
f 2976//5470 2975//5470 15//5470
f 5//5471 2965//5471 2964//5471
f 2906//5472 36//5472 37//5472
f 2925//5473 2924//5473 79//5473
f 2907//5474 2910//5474 1689//5474
f 2965//5475 5//5475 6//5475
