# Blender 5.0.1
# www.blender.org
mtllib NewHead_origin_visual_7.mtl
o MainGearV2_visual.001
v 0.028244 0.201176 -0.068112
v 0.028244 0.201176 -0.154684
v 0.022162 0.194528 -0.154684
v 0.022162 0.194528 -0.068112
v 0.016881 0.187643 -0.154684
v 0.016881 0.187643 -0.068112
v 0.012354 0.180476 -0.154684
v 0.012354 0.180476 -0.068112
v 0.008723 0.173309 -0.154684
v 0.008723 0.173309 -0.068112
v 0.006318 0.166095 -0.154684
v 0.006318 0.166095 -0.068112
v 0.003159 0.166095 -0.154684
v 0.003159 0.166095 -0.068112
v 0.000047 0.166236 -0.154684
v 0.000047 0.166236 -0.068112
v -0.000000 0.166236 -0.154684
v -0.000000 0.166236 -0.068112
v -0.000141 0.166236 -0.154684
v -0.000141 0.166236 -0.068112
v -0.006413 0.166095 -0.154684
v -0.006413 0.166095 -0.068112
v -0.008770 0.173309 -0.154684
v -0.008770 0.173309 -0.068112
v -0.012354 0.180476 -0.154684
v -0.012354 0.180476 -0.068112
v -0.016928 0.187643 -0.154684
v -0.016928 0.187643 -0.068112
v -0.022162 0.194528 -0.154684
v -0.022162 0.194528 -0.068112
v -0.028292 0.201176 -0.154684
v -0.028292 0.201176 -0.068112
v -0.035270 0.200045 -0.154684
v -0.035270 0.200044 -0.068112
v -0.039042 0.191746 -0.154684
v -0.039042 0.191746 -0.068112
v -0.042013 0.183635 -0.154684
v -0.042013 0.183635 -0.068112
v -0.044040 0.175525 -0.154684
v -0.044040 0.175525 -0.068112
v -0.045266 0.167556 -0.154684
v -0.045266 0.167556 -0.068112
v -0.045314 0.159918 -0.154684
v -0.045314 0.159918 -0.068112
v -0.051255 0.158126 -0.154684
v -0.051255 0.158126 -0.068112
v -0.051349 0.158079 -0.154684
v -0.051349 0.158079 -0.068112
v -0.051443 0.158079 -0.154684
v -0.051443 0.158079 -0.068112
v -0.051491 0.157985 -0.154684
v -0.051491 0.157985 -0.068112
v -0.057149 0.156098 -0.154684
v -0.057149 0.156098 -0.068112
v -0.057337 0.155957 -0.154684
v -0.057337 0.155957 -0.068112
v -0.061958 0.162228 -0.154684
v -0.061958 0.162228 -0.068112
v -0.067570 0.167934 -0.154684
v -0.067570 0.167934 -0.068112
v -0.074029 0.173215 -0.154684
v -0.074029 0.173215 -0.068112
v -0.081197 0.178071 -0.154684
v -0.081197 0.178071 -0.068112
v -0.089071 0.182504 -0.154684
v -0.089071 0.182504 -0.068112
v -0.095390 0.179345 -0.154684
v -0.095390 0.179345 -0.068112
v -0.096380 0.170338 -0.154684
v -0.096380 0.170338 -0.068112
v -0.096663 0.161662 -0.154684
v -0.096663 0.161662 -0.068112
v -0.096144 0.153316 -0.154684
v -0.096144 0.153316 -0.068112
v -0.094871 0.145442 -0.154684
v -0.094871 0.145442 -0.068112
v -0.092513 0.138039 -0.154684
v -0.092513 0.138039 -0.068112
v -0.097511 0.134550 -0.154684
v -0.097511 0.134550 -0.068112
v -0.097606 0.134550 -0.154684
v -0.097606 0.134550 -0.068112
v -0.097747 0.134455 -0.154684
v -0.097747 0.134455 -0.068112
v -0.097794 0.134361 -0.154684
v -0.097794 0.134361 -0.068112
v -0.102274 0.131013 -0.154684
v -0.102274 0.131013 -0.068112
v -0.102745 0.130636 -0.154684
v -0.102745 0.130636 -0.068112
v -0.109017 0.135116 -0.154684
v -0.109017 0.135116 -0.068112
v -0.116137 0.138746 -0.154684
v -0.116137 0.138746 -0.068112
v -0.123917 0.141905 -0.154684
v -0.123917 0.141905 -0.068112
v -0.132310 0.144310 -0.154684
v -0.132310 0.144310 -0.068112
v -0.141127 0.146149 -0.154684
v -0.141127 0.146149 -0.068112
v -0.145843 0.141340 -0.154684
v -0.145843 0.141340 -0.068112
v -0.146173 0.141010 -0.154684
v -0.146173 0.141010 -0.068112
v -0.144381 0.132239 -0.154684
v -0.144381 0.132239 -0.068112
v -0.141929 0.123846 -0.154684
v -0.141929 0.123846 -0.068112
v -0.138817 0.116113 -0.154684
v -0.138817 0.116113 -0.068112
v -0.135139 0.109040 -0.154684
v -0.135139 0.109040 -0.068112
v -0.130754 0.102722 -0.154684
v -0.130754 0.102722 -0.068112
v -0.134149 0.098195 -0.154684
v -0.134149 0.098195 -0.068112
v -0.135469 0.096262 -0.068112
v -0.138157 0.092442 -0.154684
v -0.138157 0.092442 -0.068112
v -0.145465 0.094753 -0.154684
v -0.145465 0.094753 -0.068112
v -0.153387 0.096168 -0.154684
v -0.153387 0.096168 -0.068112
v -0.161780 0.096592 -0.154684
v -0.161780 0.096592 -0.068112
v -0.170409 0.096403 -0.154684
v -0.170409 0.096403 -0.068112
v -0.179368 0.095413 -0.154684
v -0.179368 0.095413 -0.068112
v -0.180217 0.093668 -0.154684
v -0.180217 0.093668 -0.068112
v -0.182622 0.089047 -0.154684
v -0.182622 0.089047 -0.068112
v -0.178142 0.081220 -0.154684
v -0.178142 0.081220 -0.068112
v -0.173191 0.074006 -0.154684
v -0.173191 0.074006 -0.068112
v -0.167910 0.067546 -0.154684
v -0.167910 0.067546 -0.068112
v -0.162205 0.061935 -0.154684
v -0.162205 0.061935 -0.068112
v -0.156075 0.057314 -0.154684
v -0.156075 0.057314 -0.068112
v -0.156593 0.055616 -0.154684
v -0.156593 0.055616 -0.068112
v -0.158149 0.051373 -0.154684
v -0.158149 0.051373 -0.068112
v -0.158998 0.048355 -0.154684
v -0.158998 0.048355 -0.068112
v -0.159941 0.045290 -0.154684
v -0.159941 0.045290 -0.068112
v -0.167627 0.045243 -0.154684
v -0.167627 0.045243 -0.068112
v -0.175549 0.043970 -0.154684
v -0.175549 0.043970 -0.068112
v -0.183659 0.041895 -0.154684
v -0.183659 0.041895 -0.068112
v -0.191864 0.038972 -0.154684
v -0.191864 0.038972 -0.068112
v -0.200068 0.035247 -0.154684
v -0.200068 0.035246 -0.068112
v -0.200634 0.031757 -0.154684
v -0.200634 0.031757 -0.068112
v -0.201153 0.028221 -0.154684
v -0.201153 0.028221 -0.068112
v -0.194551 0.022138 -0.154684
v -0.194551 0.022138 -0.068112
v -0.187620 0.016810 -0.154684
v -0.187620 0.016810 -0.068112
v -0.180594 0.012283 -0.154684
v -0.180594 0.012283 -0.068112
v -0.173427 0.008794 -0.154684
v -0.173427 0.008794 -0.068112
v -0.166118 0.006342 -0.154684
v -0.166118 0.006342 -0.068112
v -0.166165 0.003136 -0.154684
v -0.166165 0.003136 -0.068112
v -0.166260 0.000118 -0.154684
v -0.166260 0.000118 -0.068112
v -0.166260 -0.000071 -0.154684
v -0.166260 -0.000071 -0.068112
v -0.166260 -0.000118 -0.154684
v -0.166260 -0.000118 -0.068112
v -0.166165 -0.004173 -0.154684
v -0.166165 -0.004173 -0.068112
v -0.166118 -0.006389 -0.154684
v -0.166118 -0.006389 -0.068112
v -0.173427 -0.008794 -0.154684
v -0.173427 -0.008794 -0.068112
v -0.180594 -0.012378 -0.154684
v -0.180594 -0.012378 -0.068112
v -0.187620 -0.016904 -0.154684
v -0.187620 -0.016904 -0.068112
v -0.194551 -0.022185 -0.154684
v -0.194551 -0.022185 -0.068112
v -0.201153 -0.028268 -0.154684
v -0.201153 -0.028268 -0.068112
v -0.200445 -0.033077 -0.154684
v -0.200445 -0.033077 -0.068112
v -0.200068 -0.035341 -0.154684
v -0.200068 -0.035341 -0.068112
v -0.191864 -0.039066 -0.154684
v -0.191864 -0.039066 -0.068112
v -0.183659 -0.041942 -0.154684
v -0.183659 -0.041942 -0.068112
v -0.175549 -0.044111 -0.154684
v -0.175549 -0.044111 -0.068112
v -0.167627 -0.045243 -0.154684
v -0.167627 -0.045243 -0.068112
v -0.159941 -0.045337 -0.154684
v -0.159941 -0.045337 -0.068112
v -0.158715 -0.049345 -0.154684
v -0.158715 -0.049345 -0.068112
v -0.158149 -0.051231 -0.154684
v -0.158149 -0.051231 -0.068112
v -0.158149 -0.051373 -0.154684
v -0.158149 -0.051373 -0.068112
v -0.158055 -0.051373 -0.154684
v -0.158055 -0.051373 -0.068112
v -0.158008 -0.051561 -0.154684
v -0.158008 -0.051561 -0.068112
v -0.156075 -0.057361 -0.154684
v -0.156075 -0.057361 -0.068112
v -0.162205 -0.061982 -0.154684
v -0.162205 -0.061982 -0.068112
v -0.167910 -0.067546 -0.154684
v -0.167910 -0.067546 -0.068112
v -0.173191 -0.074006 -0.154684
v -0.173191 -0.074006 -0.068112
v -0.178142 -0.081173 -0.154684
v -0.178142 -0.081173 -0.068112
v -0.182622 -0.089047 -0.154684
v -0.182622 -0.089048 -0.068112
v -0.179368 -0.095413 -0.154684
v -0.179368 -0.095413 -0.068112
v -0.170409 -0.096403 -0.154684
v -0.170409 -0.096403 -0.068112
v -0.161780 -0.096686 -0.154684
v -0.161780 -0.096686 -0.068112
v -0.153387 -0.096120 -0.154684
v -0.153387 -0.096120 -0.068112
v -0.145465 -0.094847 -0.154684
v -0.145465 -0.094847 -0.068112
v -0.138157 -0.092537 -0.154684
v -0.138157 -0.092537 -0.068112
v -0.134385 -0.097818 -0.154684
v -0.134385 -0.097818 -0.068112
v -0.133960 -0.098431 -0.154684
v -0.133960 -0.098431 -0.068112
v -0.132498 -0.100270 -0.154684
v -0.132498 -0.100270 -0.068112
v -0.130754 -0.102769 -0.154684
v -0.130754 -0.102769 -0.068112
v -0.135139 -0.109040 -0.154684
v -0.135139 -0.109040 -0.068112
v -0.138817 -0.116160 -0.154684
v -0.138817 -0.116160 -0.068112
v -0.141929 -0.123987 -0.154684
v -0.141929 -0.123987 -0.068112
v -0.144381 -0.132286 -0.154684
v -0.144381 -0.132286 -0.068112
v -0.146173 -0.141151 -0.154684
v -0.146173 -0.141151 -0.068112
v -0.145607 -0.141717 -0.154684
v -0.145607 -0.141717 -0.068112
v -0.143579 -0.143744 -0.154684
v -0.143579 -0.143744 -0.068112
v -0.141127 -0.146149 -0.154684
v -0.141127 -0.146149 -0.068112
v -0.132310 -0.144357 -0.154684
v -0.132310 -0.144357 -0.068112
v -0.123917 -0.141905 -0.154684
v -0.123917 -0.141905 -0.068112
v -0.116137 -0.138841 -0.154684
v -0.116137 -0.138841 -0.068112
v -0.109017 -0.135116 -0.154684
v -0.109017 -0.135116 -0.068112
v -0.102745 -0.130636 -0.154684
v -0.102745 -0.130636 -0.068112
v -0.102038 -0.131202 -0.154684
v -0.102038 -0.131202 -0.068112
v -0.100199 -0.132664 -0.154684
v -0.100199 -0.132664 -0.068112
v -0.097700 -0.134502 -0.154684
v -0.097700 -0.134502 -0.068112
v -0.092513 -0.138086 -0.154684
v -0.092513 -0.138086 -0.068112
v -0.094871 -0.145442 -0.154684
v -0.094871 -0.145442 -0.068112
v -0.096144 -0.153363 -0.154684
v -0.096144 -0.153363 -0.068112
v -0.096663 -0.161709 -0.154684
v -0.096663 -0.161709 -0.068112
v -0.096380 -0.170527 -0.154684
v -0.096380 -0.170527 -0.068112
v -0.095390 -0.179392 -0.154684
v -0.095390 -0.179392 -0.068112
v -0.089071 -0.182692 -0.154684
v -0.089071 -0.182692 -0.068112
v -0.081197 -0.178119 -0.154684
v -0.081197 -0.178119 -0.068112
v -0.074029 -0.173262 -0.154684
v -0.074029 -0.173262 -0.068112
v -0.067570 -0.167934 -0.154684
v -0.067570 -0.167934 -0.068112
v -0.061958 -0.162181 -0.154684
v -0.061958 -0.162181 -0.068112
v -0.057337 -0.156098 -0.154684
v -0.057337 -0.156098 -0.068112
v -0.051491 -0.158126 -0.154684
v -0.051491 -0.158126 -0.068112
v -0.051443 -0.158126 -0.154684
v -0.051443 -0.158126 -0.068112
v -0.051349 -0.158126 -0.154684
v -0.051349 -0.158126 -0.068112
v -0.051255 -0.158126 -0.154684
v -0.051255 -0.158126 -0.068112
v -0.048378 -0.159069 -0.154684
v -0.048378 -0.159069 -0.068112
v -0.045314 -0.159965 -0.154684
v -0.045314 -0.159965 -0.068112
v -0.045266 -0.167604 -0.154684
v -0.045266 -0.167604 -0.068112
v -0.044040 -0.175667 -0.154684
v -0.044040 -0.175667 -0.068112
v -0.042013 -0.183635 -0.154684
v -0.042013 -0.183635 -0.068112
v -0.039042 -0.191887 -0.154684
v -0.039042 -0.191887 -0.068112
v -0.035270 -0.200045 -0.154684
v -0.035270 -0.200045 -0.068112
v -0.031781 -0.200610 -0.154684
v -0.031781 -0.200610 -0.068112
v -0.028292 -0.201176 -0.154684
v -0.028292 -0.201176 -0.068112
v -0.022162 -0.194480 -0.154684
v -0.022162 -0.194481 -0.068112
v -0.016928 -0.187643 -0.154684
v -0.016928 -0.187643 -0.068112
v -0.012354 -0.180618 -0.154684
v -0.012354 -0.180618 -0.068112
v -0.008770 -0.173450 -0.154684
v -0.008770 -0.173450 -0.068112
v -0.006413 -0.166095 -0.154684
v -0.006413 -0.166095 -0.068112
v -0.003159 -0.166236 -0.154684
v -0.003159 -0.166236 -0.068112
v -0.000141 -0.166236 -0.154684
v -0.000141 -0.166236 -0.068112
v -0.000000 -0.166236 -0.154684
v -0.000000 -0.166236 -0.068112
v 0.000047 -0.166236 -0.154684
v 0.000047 -0.166236 -0.068112
v 0.006318 -0.166095 -0.154684
v 0.006318 -0.166095 -0.068112
v 0.008723 -0.173450 -0.154684
v 0.008723 -0.173450 -0.068112
v 0.012354 -0.180618 -0.154684
v 0.012354 -0.180618 -0.068112
v 0.016881 -0.187643 -0.154684
v 0.016881 -0.187643 -0.068112
v 0.022162 -0.194480 -0.154684
v 0.022162 -0.194481 -0.068112
v 0.028244 -0.201176 -0.154684
v 0.028244 -0.201176 -0.068112
v 0.035317 -0.200045 -0.154684
v 0.035317 -0.200045 -0.068112
v 0.038995 -0.191887 -0.154684
v 0.038995 -0.191887 -0.068112
v 0.041966 -0.183635 -0.154684
v 0.041966 -0.183635 -0.068112
v 0.043993 -0.175667 -0.154684
v 0.043993 -0.175667 -0.068112
v 0.045219 -0.167604 -0.154684
v 0.045219 -0.167604 -0.068112
v 0.045266 -0.159965 -0.154684
v 0.045266 -0.159965 -0.068112
v 0.051208 -0.158126 -0.154684
v 0.051208 -0.158126 -0.068112
v 0.051349 -0.158126 -0.154684
v 0.051349 -0.158126 -0.068112
v 0.051538 -0.158126 -0.154684
v 0.051538 -0.158126 -0.068112
v 0.057290 -0.156098 -0.154684
v 0.057290 -0.156098 -0.068112
v 0.061864 -0.162181 -0.154684
v 0.061864 -0.162181 -0.068112
v 0.067570 -0.167934 -0.154684
v 0.067570 -0.167934 -0.068112
v 0.073982 -0.173262 -0.154684
v 0.073982 -0.173262 -0.068112
v 0.081197 -0.178119 -0.154684
v 0.081197 -0.178119 -0.068112
v 0.088977 -0.182692 -0.154684
v 0.088977 -0.182692 -0.068112
v 0.095342 -0.179392 -0.154684
v 0.095342 -0.179392 -0.068112
v 0.096333 -0.170527 -0.154684
v 0.096333 -0.170527 -0.068112
v 0.096615 -0.161709 -0.154684
v 0.096615 -0.161709 -0.068112
v 0.096144 -0.153363 -0.154684
v 0.096144 -0.153363 -0.068112
v 0.094777 -0.145442 -0.154684
v 0.094777 -0.145442 -0.068112
v 0.092513 -0.138086 -0.154684
v 0.092513 -0.138086 -0.068112
v 0.097559 -0.134550 -0.154684
v 0.097559 -0.134550 -0.068112
v 0.097700 -0.134502 -0.154684
v 0.097700 -0.134502 -0.068112
v 0.097794 -0.134361 -0.154684
v 0.097794 -0.134361 -0.068112
v 0.102698 -0.130636 -0.154684
v 0.102698 -0.130636 -0.068112
v 0.109017 -0.135116 -0.154684
v 0.109017 -0.135116 -0.068112
v 0.116137 -0.138841 -0.154684
v 0.116137 -0.138841 -0.068112
v 0.123917 -0.141905 -0.154684
v 0.123917 -0.141905 -0.068112
v 0.132263 -0.144357 -0.154684
v 0.132263 -0.144357 -0.068112
v 0.141127 -0.146149 -0.154684
v 0.141127 -0.146149 -0.068112
v 0.146126 -0.141151 -0.154684
v 0.146126 -0.141151 -0.068112
v 0.144334 -0.132286 -0.154684
v 0.144334 -0.132286 -0.068112
v 0.141882 -0.123987 -0.154684
v 0.141882 -0.123987 -0.068112
v 0.138864 -0.116160 -0.154684
v 0.138864 -0.116160 -0.068112
v 0.135092 -0.109040 -0.154684
v 0.135092 -0.109040 -0.068112
v 0.130660 -0.102769 -0.154684
v 0.130660 -0.102769 -0.068112
v 0.134385 -0.097818 -0.154684
v 0.134385 -0.097818 -0.068112
v 0.134432 -0.097724 -0.154684
v 0.134432 -0.097724 -0.068112
v 0.134432 -0.097676 -0.154684
v 0.134432 -0.097676 -0.068112
v 0.134479 -0.097676 -0.154684
v 0.134479 -0.097676 -0.068112
v 0.134526 -0.097629 -0.154684
v 0.134526 -0.097629 -0.068112
v 0.138062 -0.092537 -0.154684
v 0.138062 -0.092537 -0.068112
v 0.145418 -0.094847 -0.154684
v 0.145418 -0.094847 -0.068112
v 0.153340 -0.096120 -0.154684
v 0.153340 -0.096120 -0.068112
v 0.161686 -0.096686 -0.154684
v 0.161686 -0.096686 -0.068112
v 0.170362 -0.096403 -0.154684
v 0.170362 -0.096403 -0.068112
v 0.179368 -0.095413 -0.154684
v 0.179368 -0.095413 -0.068112
v 0.182622 -0.089047 -0.154684
v 0.182622 -0.089048 -0.068112
v 0.178095 -0.081173 -0.154684
v 0.178095 -0.081173 -0.068112
v 0.173238 -0.074006 -0.154684
v 0.173238 -0.074006 -0.068112
v 0.167910 -0.067546 -0.154684
v 0.167910 -0.067546 -0.068112
v 0.162157 -0.061982 -0.154684
v 0.162157 -0.061982 -0.068112
v 0.156028 -0.057361 -0.154684
v 0.156028 -0.057361 -0.068112
v 0.157961 -0.051561 -0.154684
v 0.157961 -0.051561 -0.068112
v 0.158055 -0.051373 -0.154684
v 0.158055 -0.051373 -0.068112
v 0.158102 -0.051231 -0.154684
v 0.158102 -0.051231 -0.068112
v 0.158998 -0.048402 -0.154684
v 0.158998 -0.048402 -0.068112
v 0.159941 -0.045337 -0.154684
v 0.159941 -0.045337 -0.068112
v 0.167580 -0.045243 -0.154684
v 0.167580 -0.045243 -0.068112
v 0.175549 -0.044111 -0.154684
v 0.175549 -0.044111 -0.068112
v 0.183659 -0.041942 -0.154684
v 0.183659 -0.041942 -0.068112
v 0.191816 -0.039066 -0.154684
v 0.191816 -0.039066 -0.068112
v 0.200068 -0.035341 -0.154684
v 0.200068 -0.035341 -0.068112
v 0.200634 -0.031757 -0.154684
v 0.200634 -0.031757 -0.068112
v 0.201153 -0.028268 -0.154684
v 0.201153 -0.028268 -0.068112
v 0.194504 -0.022185 -0.154684
v 0.194504 -0.022185 -0.068112
v 0.187667 -0.016904 -0.154684
v 0.187667 -0.016904 -0.068112
v 0.180594 -0.012378 -0.154684
v 0.180594 -0.012378 -0.068112
v 0.173380 -0.008794 -0.154684
v 0.173380 -0.008794 -0.068112
v 0.166118 -0.006389 -0.154684
v 0.166118 -0.006389 -0.068112
v 0.166118 -0.003183 -0.154684
v 0.166118 -0.003183 -0.068112
v 0.166213 -0.000118 -0.154684
v 0.166213 -0.000118 -0.068112
v 0.166213 -0.000071 -0.154684
v 0.166213 -0.000071 -0.068112
v 0.166213 0.000118 -0.154684
v 0.166213 0.000118 -0.068112
v 0.166118 0.006342 -0.154684
v 0.166118 0.006342 -0.068112
v 0.173380 0.008794 -0.154684
v 0.173380 0.008794 -0.068112
v 0.180594 0.012283 -0.154684
v 0.180594 0.012283 -0.068112
v 0.187667 0.016810 -0.154684
v 0.187667 0.016810 -0.068112
v 0.194504 0.022138 -0.154684
v 0.194504 0.022138 -0.068112
v 0.201153 0.028221 -0.154684
v 0.201153 0.028221 -0.068112
v 0.200068 0.035247 -0.154684
v 0.200068 0.035246 -0.068112
v 0.191816 0.038972 -0.154684
v 0.191816 0.038972 -0.068112
v 0.183659 0.041895 -0.154684
v 0.183659 0.041895 -0.068112
v 0.175549 0.043970 -0.154684
v 0.175549 0.043970 -0.068112
v 0.167580 0.045243 -0.154684
v 0.167580 0.045243 -0.068112
v 0.159941 0.045290 -0.154684
v 0.159941 0.045290 -0.068112
v 0.158102 0.051231 -0.154684
v 0.158102 0.051231 -0.068112
v 0.158055 0.051325 -0.154684
v 0.158055 0.051325 -0.068112
v 0.158055 0.051373 -0.154684
v 0.158055 0.051373 -0.068112
v 0.157961 0.051514 -0.154684
v 0.157961 0.051514 -0.068112
v 0.156028 0.057314 -0.154684
v 0.156028 0.057314 -0.068112
v 0.162157 0.061935 -0.154684
v 0.162157 0.061935 -0.068112
v 0.167910 0.067546 -0.154684
v 0.167910 0.067546 -0.068112
v 0.173238 0.074006 -0.154684
v 0.173238 0.074006 -0.068112
v 0.178095 0.081220 -0.154684
v 0.178095 0.081220 -0.068112
v 0.182622 0.089047 -0.154684
v 0.182622 0.089047 -0.068112
v 0.179368 0.095413 -0.154684
v 0.179368 0.095413 -0.068112
v 0.170362 0.096403 -0.154684
v 0.170362 0.096403 -0.068112
v 0.161686 0.096592 -0.154684
v 0.161686 0.096592 -0.068112
v 0.153340 0.096168 -0.154684
v 0.153340 0.096168 -0.068112
v 0.145418 0.094753 -0.154684
v 0.145418 0.094753 -0.068112
v 0.138062 0.092442 -0.154684
v 0.138062 0.092442 -0.068112
v 0.134526 0.097535 -0.154684
v 0.134526 0.097535 -0.068112
v 0.134479 0.097629 -0.154684
v 0.134479 0.097629 -0.068112
v 0.134479 0.097724 -0.154684
v 0.134479 0.097724 -0.068112
v 0.134432 0.097724 -0.154684
v 0.134432 0.097724 -0.068112
v 0.134385 0.097818 -0.154684
v 0.134385 0.097818 -0.068112
v 0.133347 0.099091 -0.154684
v 0.133347 0.099091 -0.068112
v 0.130660 0.102722 -0.154684
v 0.130660 0.102722 -0.068112
v 0.135092 0.109040 -0.154684
v 0.135092 0.109040 -0.068112
v 0.138864 0.116113 -0.154684
v 0.138864 0.116113 -0.068112
v 0.141882 0.123846 -0.154684
v 0.141882 0.123846 -0.068112
v 0.144334 0.132239 -0.154684
v 0.144334 0.132239 -0.068112
v 0.146126 0.141010 -0.154684
v 0.146126 0.141010 -0.068112
v 0.144758 0.142471 -0.154684
v 0.144758 0.142471 -0.068112
v 0.141127 0.146149 -0.154684
v 0.141127 0.146149 -0.068112
v 0.132263 0.144310 -0.154684
v 0.132263 0.144310 -0.068112
v 0.123917 0.141905 -0.154684
v 0.123917 0.141905 -0.068112
v 0.116137 0.138746 -0.154684
v 0.116137 0.138746 -0.068112
v 0.109017 0.135116 -0.154684
v 0.109017 0.135116 -0.068112
v 0.102698 0.130636 -0.154684
v 0.102698 0.130636 -0.068112
v 0.101236 0.131768 -0.154684
v 0.101236 0.131768 -0.068112
v 0.097794 0.134361 -0.154684
v 0.097794 0.134361 -0.068112
v 0.097700 0.134455 -0.154684
v 0.097700 0.134455 -0.068112
v 0.097559 0.134550 -0.154684
v 0.097559 0.134550 -0.068112
v 0.094116 0.136954 -0.154684
v 0.094116 0.136954 -0.068112
v 0.092513 0.138039 -0.154684
v 0.092513 0.138039 -0.068112
v 0.094777 0.145442 -0.154684
v 0.094777 0.145442 -0.068112
v 0.096144 0.153316 -0.154684
v 0.096144 0.153316 -0.068112
v 0.096615 0.161662 -0.154684
v 0.096615 0.161662 -0.068112
v 0.096333 0.170338 -0.154684
v 0.096333 0.170338 -0.068112
v 0.095342 0.179345 -0.154684
v 0.095342 0.179345 -0.068112
v 0.090863 0.181608 -0.154684
v 0.090863 0.181608 -0.068112
v 0.088977 0.182504 -0.154684
v 0.088977 0.182504 -0.068112
v 0.081197 0.178071 -0.154684
v 0.081197 0.178071 -0.068112
v 0.073982 0.173215 -0.154684
v 0.073982 0.173215 -0.068112
v 0.067570 0.167934 -0.154684
v 0.067570 0.167934 -0.068112
v 0.061864 0.162228 -0.154684
v 0.061864 0.162228 -0.068112
v 0.057290 0.155957 -0.154684
v 0.057290 0.155957 -0.068112
v 0.053141 0.157419 -0.154684
v 0.053141 0.157419 -0.068112
v 0.051538 0.157985 -0.154684
v 0.051538 0.157985 -0.068112
v 0.051349 0.158079 -0.154684
v 0.051349 0.158079 -0.068112
v 0.051208 0.158126 -0.154684
v 0.051208 0.158126 -0.068112
v 0.048331 0.159022 -0.154684
v 0.048331 0.159022 -0.068112
v 0.045266 0.159918 -0.154684
v 0.045266 0.159918 -0.068112
v 0.045219 0.167556 -0.154684
v 0.045219 0.167556 -0.068112
v 0.043993 0.175525 -0.154684
v 0.043993 0.175525 -0.068112
v 0.041966 0.183635 -0.154684
v 0.041966 0.183635 -0.068112
v 0.038995 0.191746 -0.154684
v 0.038995 0.191746 -0.068112
v 0.035317 0.200045 -0.154684
v 0.035317 0.200044 -0.068112
v 0.031781 0.200610 -0.154684
v 0.031781 0.200610 -0.068112
v 0.040315 0.079240 -0.086454
v 0.040315 0.079240 0.154825
v 0.013910 0.087822 0.154825
v 0.062807 0.062831 -0.086454
v 0.062807 0.062831 0.154825
v 0.079216 0.040339 -0.086454
v 0.079216 0.040339 0.154825
v 0.087845 0.013839 -0.086454
v 0.079216 -0.040339 -0.086454
v 0.079216 -0.040339 0.154825
v 0.087845 -0.013934 0.154825
v 0.062807 -0.062925 -0.086454
v 0.062807 -0.062925 0.154825
v 0.040315 -0.079240 0.154825
v 0.040315 -0.079240 -0.086454
v 0.013910 -0.087869 -0.086454
v -0.040363 -0.079240 0.154825
v -0.013957 -0.087869 -0.086454
v -0.040363 -0.079240 -0.086454
v -0.062901 -0.062925 0.154825
v -0.062901 -0.062925 -0.086454
v -0.079263 -0.040339 0.154825
v -0.079263 -0.040339 -0.086454
v -0.087845 -0.013934 0.154825
v -0.079263 0.040339 0.154825
v -0.087845 0.013839 -0.086454
v -0.079263 0.040339 -0.086454
v -0.062901 0.062831 0.154825
v -0.062901 0.062831 -0.086454
v -0.040363 0.079240 0.154825
v -0.040363 0.079240 -0.086454
v -0.013957 0.087822 0.154825
v -0.079688 0.040575 -0.154825
v -0.063279 0.063208 -0.154825
v -0.087845 -0.013934 -0.086454
v -0.079688 -0.040669 -0.154825
v -0.088364 -0.014028 -0.154825
v 0.079688 0.040575 -0.154825
v 0.088364 0.013981 -0.154825
v 0.040551 0.079617 -0.154825
v 0.063184 0.063208 -0.154825
v -0.013957 0.087822 -0.086454
v -0.040645 0.079617 -0.154825
v -0.014004 0.088246 -0.154825
v -0.088364 0.013981 -0.154825
v 0.087845 -0.013934 -0.086454
v 0.088364 -0.014028 -0.154825
v -0.014004 -0.088387 -0.154825
v -0.040645 -0.079711 -0.154825
v 0.013910 0.087822 -0.086454
v 0.013957 0.088246 -0.154825
v -0.063279 -0.063255 -0.154825
v 0.063184 -0.063255 -0.154825
v 0.040551 -0.079711 -0.154825
v 0.079688 -0.040669 -0.154825
v 0.013957 -0.088387 -0.154825
v -0.023567 0.148668 -0.068112
v -0.011828 0.150059 -0.068112
v -0.046537 0.143152 -0.068112
v 0.088476 0.121778 -0.068112
v 0.097759 0.114461 -0.068112
v 0.046506 0.143159 -0.068112
v 0.011796 0.150060 -0.068112
v 0.023535 0.148672 -0.068112
v 0.143178 -0.046534 -0.068112
v 0.046528 -0.143199 -0.068112
v 0.057618 -0.139107 -0.068112
v 0.150543 -0.000012 -0.068112
v 0.150079 -0.011824 -0.068112
v 0.035151 -0.146409 -0.068112
v 0.023557 -0.148716 -0.068112
v 0.128364 -0.078675 -0.068112
v 0.121797 -0.088504 -0.068112
v -0.046516 -0.143206 -0.068112
v -0.078656 -0.128392 -0.068112
v -0.088485 -0.121826 -0.068112
v 0.088494 -0.121812 -0.068112
v -0.035160 0.146361 -0.068112
v -0.121793 -0.088522 -0.068112
v 0.128352 0.078647 -0.068112
v 0.134129 0.068334 -0.068112
v 0.121784 0.088475 -0.068112
v -0.114474 -0.097805 -0.068112
v -0.146390 -0.035179 -0.068112
v -0.148697 -0.023586 -0.068112
v 0.000007 -0.150571 -0.068112
v 0.011818 -0.150106 -0.068112
v -0.097769 -0.114508 -0.068112
v -0.106450 -0.106485 -0.068112
v -0.088503 0.121765 -0.068112
v -0.078675 0.128333 -0.068112
v -0.057606 -0.139116 -0.068112
v -0.068342 -0.134167 -0.068112
v -0.011805 -0.150108 -0.068112
v -0.023544 -0.148719 -0.068112
v 0.148687 0.023539 -0.068112
v 0.150078 0.011800 -0.068112
v 0.146380 0.035132 -0.068112
v 0.143171 0.046509 -0.068112
v 0.148691 -0.023563 -0.068112
v 0.146386 -0.035157 -0.068112
v 0.035129 0.146367 -0.068112
v 0.078646 0.128345 -0.068112
v 0.106440 0.106437 -0.068112
v 0.114465 0.097758 -0.068112
v -0.000016 0.150524 -0.068112
v 0.139078 0.057599 -0.068112
v -0.057627 0.139060 -0.068112
v -0.150552 -0.000035 -0.068112
v 0.078666 -0.128380 -0.068112
v 0.097777 -0.114493 -0.068112
v -0.150087 -0.011847 -0.068112
v -0.143180 -0.046556 -0.068112
v 0.114480 -0.097788 -0.068112
v 0.106456 -0.106468 -0.068112
v -0.134138 -0.068381 -0.068112
v -0.139088 -0.057646 -0.068112
v -0.097786 0.114446 -0.068112
v -0.121807 0.088457 -0.068112
v -0.114489 0.097740 -0.068112
v -0.143187 0.046487 -0.068112
v -0.134148 0.068313 -0.068112
v -0.128373 0.078627 -0.068112
v -0.035138 -0.146414 -0.068112
v 0.057597 0.139068 -0.068112
v 0.068332 0.134120 -0.068112
v -0.106466 0.106421 -0.068112
v -0.146395 0.035110 -0.068112
v -0.139097 0.057578 -0.068112
v -0.068362 0.134110 -0.068112
v -0.148700 0.023516 -0.068112
v 0.139087 -0.057625 -0.068112
v 0.134139 -0.068360 -0.068112
v -0.150089 0.011777 -0.068112
v -0.128361 -0.078694 -0.068112
v 0.068352 -0.134157 -0.068112
v -0.000849 -0.144357 -0.154778
v -0.007592 -0.143037 -0.154778
v -0.007592 -0.143037 -0.073582
v -0.000849 -0.144357 -0.073582
v -0.013297 -0.139218 -0.154778
v -0.013297 -0.139218 -0.073582
v -0.017069 -0.133512 -0.154778
v -0.017069 -0.133512 -0.073582
v -0.018437 -0.126769 -0.154778
v -0.018437 -0.126769 -0.073582
v -0.017069 -0.120074 -0.154778
v -0.017069 -0.120074 -0.073582
v -0.013297 -0.114368 -0.154778
v -0.013297 -0.114368 -0.073582
v -0.007592 -0.110549 -0.154778
v -0.007592 -0.110549 -0.073582
v -0.000849 -0.109229 -0.154778
v -0.000849 -0.109229 -0.073582
v 0.005894 -0.110549 -0.154778
v 0.005894 -0.110549 -0.073582
v 0.011600 -0.114368 -0.154778
v 0.011600 -0.114368 -0.073582
v 0.015372 -0.120074 -0.154778
v 0.015372 -0.120074 -0.073582
v 0.016739 -0.126769 -0.154778
v 0.016739 -0.126769 -0.073582
v 0.015372 -0.133512 -0.154778
v 0.015372 -0.133512 -0.073582
v 0.011600 -0.139218 -0.154778
v 0.011600 -0.139218 -0.073582
v 0.005894 -0.143037 -0.154778
v 0.005894 -0.143037 -0.073582
v 0.016739 0.125591 -0.073582
v -0.018437 0.125591 -0.073582
v -0.000849 0.143131 -0.073582
v 0.015372 0.132286 -0.073582
v -0.017069 0.132286 -0.073582
v 0.011600 0.137992 -0.073582
v -0.013297 0.137992 -0.073582
v -0.000849 0.108003 -0.073582
v -0.007592 0.109323 -0.073582
v -0.013297 0.113142 -0.073582
v 0.005894 0.109323 -0.073582
v 0.015372 0.118848 -0.073582
v 0.011600 0.113142 -0.073582
v 0.005894 0.141811 -0.073582
v -0.007592 0.141811 -0.073582
v -0.017069 0.118848 -0.073582
v 0.005894 0.109323 -0.154778
v -0.000849 0.108003 -0.154778
v 0.011600 0.113142 -0.154778
v 0.015372 0.118848 -0.154778
v 0.016739 0.125591 -0.154778
v 0.015372 0.132286 -0.154778
v 0.011600 0.137992 -0.154778
v 0.005894 0.141811 -0.154778
v -0.000849 0.143131 -0.154778
v -0.007592 0.141811 -0.154778
v -0.013297 0.137992 -0.154778
v -0.017069 0.132286 -0.154778
v -0.018437 0.125591 -0.154778
v -0.017069 0.118848 -0.154778
v -0.013297 0.113142 -0.154778
v -0.007592 0.109323 -0.154778
v 0.125756 -0.016857 -0.154778
v 0.119060 -0.015537 -0.154778
v 0.119060 -0.015537 -0.073582
v 0.125756 -0.016857 -0.073582
v 0.113355 -0.011717 -0.154778
v 0.113355 -0.011717 -0.073582
v 0.109535 -0.006012 -0.154778
v 0.109535 -0.006012 -0.073582
v 0.108215 0.000684 -0.154778
v 0.108215 0.000684 -0.073582
v 0.109535 0.007427 -0.154778
v 0.109535 0.007427 -0.073582
v 0.113355 0.013132 -0.154778
v 0.113355 0.013132 -0.073582
v 0.119060 0.016951 -0.154778
v 0.119060 0.016951 -0.073582
v 0.125756 0.018272 -0.154778
v 0.125756 0.018272 -0.073582
v 0.132499 0.016951 -0.154778
v 0.132499 0.016951 -0.073582
v 0.138204 0.013132 -0.154778
v 0.138204 0.013132 -0.073582
v 0.142023 0.007427 -0.154778
v 0.142023 0.007427 -0.073582
v 0.143344 0.000684 -0.154778
v 0.143344 0.000684 -0.073582
v 0.142023 -0.006012 -0.154778
v 0.142023 -0.006012 -0.073582
v 0.138204 -0.011717 -0.154778
v 0.138204 -0.011717 -0.073582
v 0.132499 -0.015537 -0.154778
v 0.132499 -0.015537 -0.073582
v -0.106565 0.000684 -0.073582
v -0.141740 0.000684 -0.073582
v -0.124153 0.018272 -0.073582
v -0.107932 0.007427 -0.073582
v -0.140373 0.007427 -0.073582
v -0.111704 0.013132 -0.073582
v -0.136554 0.013132 -0.073582
v -0.124153 -0.016857 -0.073582
v -0.130895 -0.015537 -0.073582
v -0.136554 -0.011717 -0.073582
v -0.117410 -0.015537 -0.073582
v -0.107932 -0.006012 -0.073582
v -0.111704 -0.011717 -0.073582
v -0.117410 0.016951 -0.073582
v -0.130895 0.016951 -0.073582
v -0.140373 -0.006012 -0.073582
v -0.117410 -0.015537 -0.154778
v -0.124153 -0.016857 -0.154778
v -0.111704 -0.011717 -0.154778
v -0.107932 -0.006012 -0.154778
v -0.106565 0.000684 -0.154778
v -0.107932 0.007427 -0.154778
v -0.111704 0.013132 -0.154778
v -0.117410 0.016951 -0.154778
v -0.124153 0.018272 -0.154778
v -0.130895 0.016951 -0.154778
v -0.136554 0.013132 -0.154778
v -0.140373 0.007427 -0.154778
v -0.141740 0.000684 -0.154778
v -0.140373 -0.006012 -0.154778
v -0.136554 -0.011717 -0.154778
v -0.130895 -0.015537 -0.154778
v 0.005894 -0.088340 0.098855
v 0.000424 -0.088435 0.097771
v 0.000424 -0.149827 0.097771
v 0.005894 -0.149827 0.098855
v 0.010515 -0.088529 0.102015
v 0.010515 -0.149827 0.102015
v 0.013627 -0.087397 0.106635
v 0.013627 -0.149827 0.106635
v 0.014712 -0.087067 0.112153
v 0.014712 -0.149827 0.112153
v 0.013627 -0.087397 0.117669
v 0.013627 -0.149827 0.117669
v 0.010515 -0.088340 0.122337
v 0.010515 -0.149827 0.122337
v 0.005894 -0.088529 0.125449
v 0.005894 -0.149827 0.125449
v 0.000424 -0.088340 0.126534
v 0.000424 -0.149827 0.126534
v -0.005045 -0.088623 0.125449
v -0.005045 -0.149827 0.125449
v -0.009666 -0.088435 0.122337
v -0.009666 -0.149827 0.122337
v -0.012731 -0.088293 0.117669
v -0.012731 -0.149827 0.117669
v -0.013816 -0.087822 0.112153
v -0.013816 -0.149827 0.112153
v -0.012731 -0.088104 0.106635
v -0.012731 -0.149827 0.106635
v -0.009666 -0.088340 0.102015
v -0.009666 -0.149827 0.102015
v -0.005045 -0.088529 0.098855
v -0.005045 -0.149827 0.098855
v -0.013957 -0.087869 0.154825
v 0.013910 -0.087869 0.154825
v -0.023544 -0.148719 0.154825
v 0.023557 -0.148716 0.154825
v 0.000424 0.088340 0.097771
v 0.005894 0.088387 0.098855
v 0.005894 0.149733 0.098855
v 0.000424 0.149733 0.097771
v 0.010515 0.088246 0.102015
v 0.010515 0.149733 0.102015
v 0.013627 0.087963 0.106635
v 0.013627 0.149733 0.106635
v 0.014712 0.087680 0.112153
v 0.014712 0.149733 0.112153
v 0.013627 0.088152 0.117669
v 0.013627 0.149733 0.117669
v 0.010515 0.088340 0.122337
v 0.010515 0.149733 0.122337
v 0.005894 0.088482 0.125449
v 0.005894 0.149733 0.125449
v 0.000424 0.088246 0.126534
v 0.000424 0.149733 0.126534
v -0.005045 0.088387 0.125449
v -0.005045 0.149733 0.125449
v -0.009666 0.088246 0.122337
v -0.009666 0.149733 0.122337
v -0.012731 0.087256 0.117669
v -0.012731 0.149733 0.117669
v -0.013816 0.086926 0.112153
v -0.013816 0.149733 0.112153
v -0.012731 0.087256 0.106635
v -0.012731 0.149733 0.106635
v -0.009666 0.088387 0.102015
v -0.009666 0.149733 0.102015
v -0.005045 0.088246 0.098855
v -0.005045 0.149733 0.098855
v 0.088364 0.005776 0.098855
v 0.088458 0.000307 0.097771
v 0.149851 0.000307 0.097771
v 0.149851 0.005776 0.098855
v 0.088552 0.010397 0.102015
v 0.149851 0.010397 0.102015
v 0.087374 0.013462 0.106635
v 0.149851 0.013462 0.106635
v 0.087091 0.014547 0.112153
v 0.149851 0.014547 0.112153
v 0.087374 0.013462 0.117669
v 0.149851 0.013462 0.117669
v 0.088364 0.010397 0.122337
v 0.149851 0.010397 0.122337
v 0.088552 0.005776 0.125449
v 0.149851 0.005776 0.125449
v 0.088364 0.000307 0.126534
v 0.149851 0.000307 0.126534
v 0.088647 -0.005163 0.125449
v 0.149851 -0.005163 0.125449
v 0.088458 -0.009784 0.122337
v 0.149851 -0.009784 0.122337
v 0.088269 -0.012896 0.117669
v 0.149851 -0.012896 0.117669
v 0.087845 -0.013981 0.112153
v 0.149851 -0.013981 0.112153
v 0.088081 -0.012896 0.106635
v 0.149851 -0.012896 0.106635
v 0.088364 -0.009784 0.102015
v 0.149851 -0.009784 0.102015
v 0.088552 -0.005163 0.098855
v 0.149851 -0.005163 0.098855
v 0.087845 0.013839 0.154825
v 0.148691 -0.023563 0.154825
v 0.148687 0.023539 0.154825
v 0.150078 0.011800 0.154825
v 0.150079 -0.011824 0.154825
v -0.023567 0.148668 0.154825
v -0.011805 -0.150108 0.154825
v 0.011818 -0.150106 0.154825
v 0.023535 0.148672 0.154825
v -0.088411 -0.005116 0.098855
v -0.088505 0.000354 0.097771
v -0.149898 0.000354 0.097771
v -0.149898 -0.005116 0.098855
v -0.088600 -0.009737 0.102015
v -0.149898 -0.009737 0.102015
v -0.087421 -0.012849 0.106635
v -0.149898 -0.012849 0.106635
v -0.087138 -0.013934 0.112153
v -0.149898 -0.013934 0.112153
v -0.087421 -0.012849 0.117669
v -0.149898 -0.012849 0.117669
v -0.088411 -0.009737 0.122337
v -0.149898 -0.009737 0.122337
v -0.088600 -0.005116 0.125449
v -0.149898 -0.005116 0.125449
v -0.088411 0.000354 0.126534
v -0.149898 0.000354 0.126534
v -0.088694 0.005823 0.125449
v -0.149898 0.005823 0.125449
v -0.088505 0.010444 0.122337
v -0.149898 0.010444 0.122337
v -0.088317 0.013556 0.117669
v -0.149898 0.013556 0.117669
v -0.087892 0.014641 0.112153
v -0.149898 0.014641 0.112153
v -0.088128 0.013556 0.106635
v -0.149898 0.013556 0.106635
v -0.088411 0.010444 0.102015
v -0.149898 0.010444 0.102015
v -0.088600 0.005823 0.098855
v -0.149898 0.005823 0.098855
v -0.148697 -0.023586 0.154825
v -0.150087 -0.011847 0.154825
v -0.150089 0.011777 0.154825
v -0.148700 0.023516 0.154825
v -0.087845 0.013839 0.154825
v 0.106440 0.106437 0.154825
v 0.114465 0.097758 0.154825
v 0.121784 0.088475 0.154825
v 0.128352 0.078647 0.154825
v 0.134129 0.068334 0.154825
v 0.139078 0.057599 0.154825
v 0.143171 0.046509 0.154825
v 0.146380 0.035132 0.154825
v 0.150543 -0.000012 0.154825
v 0.146386 -0.035157 0.154825
v 0.143178 -0.046534 0.154825
v 0.139087 -0.057625 0.154825
v 0.134139 -0.068360 0.154825
v 0.128364 -0.078675 0.154825
v 0.121797 -0.088504 0.154825
v 0.114480 -0.097788 0.154825
v 0.106456 -0.106468 0.154825
v 0.097777 -0.114493 0.154825
v 0.088494 -0.121812 0.154825
v 0.078666 -0.128380 0.154825
v 0.068352 -0.134157 0.154825
v 0.057618 -0.139107 0.154825
v 0.046528 -0.143199 0.154825
v 0.035151 -0.146409 0.154825
v 0.000007 -0.150571 0.154825
v -0.035138 -0.146414 0.154825
v -0.046516 -0.143206 0.154825
v -0.057606 -0.139116 0.154825
v -0.068342 -0.134167 0.154825
v -0.078656 -0.128392 0.154825
v -0.088485 -0.121826 0.154825
v -0.097769 -0.114508 0.154825
v -0.106450 -0.106485 0.154825
v -0.114474 -0.097805 0.154825
v -0.121793 -0.088522 0.154825
v -0.128361 -0.078694 0.154825
v -0.134138 -0.068381 0.154825
v -0.139088 -0.057646 0.154825
v -0.143180 -0.046556 0.154825
v -0.146390 -0.035179 0.154825
v -0.150552 -0.000035 0.154825
v -0.146395 0.035110 0.154825
v -0.143187 0.046487 0.154825
v -0.139097 0.057578 0.154825
v -0.134149 0.068313 0.154825
v -0.128373 0.078627 0.154825
v -0.121807 0.088457 0.154825
v -0.114489 0.097740 0.154825
v -0.106466 0.106421 0.154825
v -0.097786 0.114446 0.154825
v -0.088503 0.121765 0.154825
v -0.078675 0.128333 0.154825
v -0.068362 0.134110 0.154825
v -0.057627 0.139060 0.154825
v -0.046537 0.143152 0.154825
v -0.035160 0.146361 0.154825
v -0.011828 0.150059 0.154825
v -0.000016 0.150524 0.154825
v 0.011796 0.150060 0.154825
v 0.035129 0.146367 0.154825
v 0.046506 0.143159 0.154825
v 0.057597 0.139068 0.154825
v 0.068332 0.134120 0.154825
v 0.078646 0.128345 0.154825
v 0.088476 0.121778 0.154825
v 0.097759 0.114461 0.154825
vn -0.7378 0.6750 -0.0000
vn -0.7934 0.6087 -0.0000
vn -0.8455 0.5340 -0.0000
vn -0.8921 0.4519 -0.0000
vn -0.9487 0.3162 -0.0000
vn -0.0000 1.0000 -0.0000
vn 0.0454 0.9990 -0.0000
vn -0.0225 0.9997 -0.0000
vn 0.9505 0.3106 -0.0000
vn 0.8944 0.4472 -0.0000
vn 0.8430 0.5380 -0.0000
vn 0.7961 0.6052 -0.0000
vn 0.7352 0.6778 -0.0000
vn -0.1601 0.9871 -0.0000
vn -0.9104 0.4138 -0.0000
vn -0.9390 0.3439 -0.0000
vn -0.9701 0.2425 -0.0000
vn -0.9884 0.1521 -0.0000
vn -1.0000 0.0062 -0.0000
vn -0.2887 0.9574 -0.0000
vn -0.4475 0.8943 -0.0000
vn -0.4476 0.8943 -0.0000
vn -0.8941 0.4479 -0.0000
vn -0.8942 0.4477 -0.0000
vn -0.3162 0.9487 -0.0000
vn -0.6000 0.8000 -0.0000
vn 0.8051 0.5932 -0.0000
vn 0.7130 0.7012 -0.0000
vn 0.6329 0.7742 -0.0000
vn 0.5610 0.8278 -0.0000
vn 0.4905 0.8714 -0.0000
vn -0.4472 0.8944 -0.0000
vn -0.9940 0.1093 -0.0000
vn -0.9995 0.0326 -0.0000
vn -0.9981 -0.0620 -0.0000
vn -0.9872 -0.1596 -0.0000
vn -0.9528 -0.3035 -0.0000
vn -0.5724 0.8200 -0.0000
vn -0.5547 0.8321 -0.0000
vn -0.8945 0.4472 -0.0000
vn -0.8945 0.4470 -0.0000
vn -0.5987 0.8010 -0.0000
vn -0.6247 0.7809 -0.0000
vn 0.5812 0.8137 -0.0000
vn 0.4543 0.8909 -0.0000
vn 0.3762 0.9265 -0.0000
vn 0.2754 0.9613 -0.0000
vn 0.2042 0.9789 -0.0000
vn -0.7141 0.7001 -0.0000
vn -0.7072 0.7070 -0.0000
vn -0.9798 -0.2002 -0.0000
vn -0.9599 -0.2804 -0.0000
vn -0.9277 -0.3733 -0.0000
vn -0.8872 -0.4614 -0.0000
vn -0.8215 -0.5702 -0.0000
vn -0.8000 0.6000 -0.0000
vn -0.8258 0.5640 -0.0000
vn -0.8205 0.5717 0.0003
vn -0.8178 0.5755 -0.0000
vn 0.3014 0.9535 -0.0000
vn 0.1758 0.9844 -0.0000
vn 0.0505 0.9987 -0.0000
vn -0.0219 0.9998 -0.0000
vn -0.1099 0.9939 -0.0000
vn -0.8992 0.4375 -0.0000
vn -0.8871 0.4616 -0.0000
vn -0.8679 -0.4967 -0.0000
vn -0.8245 -0.5658 -0.0000
vn -0.7742 -0.6329 -0.0000
vn -0.7012 -0.7130 -0.0000
vn -0.6020 -0.7985 -0.0000
vn -0.9563 0.2922 -0.0000
vn -0.9389 0.3443 -0.0000
vn -0.9626 0.2708 -0.0000
vn -0.9558 0.2941 -0.0000
vn -0.0061 1.0000 -0.0000
vn -0.1587 0.9873 -0.0000
vn -0.2478 0.9688 -0.0000
vn -0.3356 0.9420 -0.0000
vn -0.4134 0.9105 -0.0000
vn -0.9871 0.1601 -0.0000
vn -0.9894 0.1451 -0.0000
vn -0.6776 -0.7354 -0.0000
vn -0.6094 -0.7928 -0.0000
vn -0.6095 -0.7928 -0.0000
vn -0.5416 -0.8406 -0.0000
vn -0.4377 -0.8991 -0.0000
vn -0.3181 -0.9481 -0.0000
vn -0.9999 0.0147 -0.0000
vn -0.9995 0.0312 -0.0000
vn -1.0000 -0.0000 -0.0000
vn -0.9997 -0.0233 -0.0000
vn -0.9998 -0.0213 -0.0000
vn -0.3126 0.9499 -0.0000
vn -0.5416 0.8406 -0.0000
vn -0.6060 0.7954 -0.0000
vn -0.6776 0.7354 -0.0000
vn -0.9894 -0.1455 -0.0000
vn -0.9864 -0.1644 -0.0000
vn -0.4134 -0.9105 -0.0000
vn -0.3308 -0.9437 -0.0000
vn -0.2584 -0.9661 -0.0000
vn -0.1414 -0.9899 -0.0000
vn -0.0123 -0.9999 -0.0000
vn -0.9563 -0.2925 -0.0000
vn -0.9578 -0.2873 -0.0000
vn -0.0000 -1.0000 -0.0000
vn -0.9702 -0.2424 -0.0000
vn -0.9487 -0.3162 -0.0000
vn -0.6020 0.7985 -0.0000
vn -0.6982 0.7159 -0.0000
vn -0.7742 0.6329 -0.0000
vn -0.8228 0.5684 -0.0000
vn -0.8692 0.4945 -0.0000
vn -0.8904 -0.4551 -0.0000
vn -0.1099 -0.9939 -0.0000
vn -0.0328 -0.9995 -0.0000
vn 0.0673 -0.9977 -0.0000
vn 0.1587 -0.9873 -0.0000
vn 0.3014 -0.9535 -0.0000
vn -0.8137 -0.5812 -0.0000
vn -0.8222 -0.5693 -0.0000
vn -0.8222 -0.5692 -0.0000
vn -0.7828 -0.6222 -0.0000
vn -0.8200 -0.5724 -0.0000
vn -0.8195 0.5730 -0.0000
vn -0.8885 0.4589 -0.0000
vn -0.8885 0.4590 -0.0000
vn -0.9292 0.3695 -0.0000
vn -0.9590 0.2834 -0.0000
vn -0.9802 0.1981 -0.0000
vn -0.7071 -0.7072 -0.0000
vn -0.7071 -0.7071 -0.0000
vn -0.7002 -0.7139 -0.0000
vn 0.1991 -0.9800 -0.0000
vn 0.2804 -0.9599 -0.0000
vn 0.3665 -0.9304 -0.0000
vn 0.4636 -0.8861 -0.0000
vn 0.5812 -0.8137 -0.0000
vn -0.6247 -0.7809 -0.0000
vn -0.6223 -0.7828 -0.0000
vn -0.5927 -0.8054 -0.0000
vn -0.5684 -0.8227 -0.0000
vn -0.9523 0.3052 -0.0000
vn -0.9873 0.1587 -0.0000
vn -0.9981 0.0620 -0.0000
vn -0.9995 -0.0321 -0.0000
vn -0.9938 -0.1110 -0.0000
vn -0.4630 -0.8863 -0.0000
vn 0.5023 -0.8647 -0.0000
vn 0.5610 -0.8278 -0.0000
vn 0.6363 -0.7714 -0.0000
vn 0.7159 -0.6983 -0.0000
vn 0.7963 -0.6049 -0.0000
vn -0.3276 -0.9448 -0.0000
vn -0.3116 -0.9502 -0.0000
vn -0.2806 -0.9598 -0.0000
vn -1.0000 -0.0062 -0.0000
vn -0.9886 -0.1503 -0.0000
vn -0.9691 -0.2466 -0.0000
vn -0.9409 -0.3387 -0.0000
vn -0.9077 -0.4197 -0.0000
vn -0.1601 -0.9871 -0.0000
vn 0.7376 -0.6753 -0.0000
vn 0.7940 -0.6079 -0.0000
vn 0.8381 -0.5456 -0.0000
vn 0.8944 -0.4472 -0.0000
vn 0.9523 -0.3052 -0.0000
vn -0.0434 -0.9991 -0.0000
vn 0.0225 -0.9997 -0.0000
vn -0.9505 -0.3107 -0.0000
vn -0.8921 -0.4519 -0.0000
vn -0.8406 -0.5416 -0.0000
vn -0.7914 -0.6113 -0.0000
vn -0.7402 -0.6724 -0.0000
vn 0.1580 -0.9874 -0.0000
vn 0.9116 -0.4110 -0.0000
vn 0.9409 -0.3387 -0.0000
vn 0.9691 -0.2466 -0.0000
vn 0.9886 -0.1503 -0.0000
vn 1.0000 -0.0062 -0.0000
vn 0.2957 -0.9553 -0.0000
vn 0.3324 -0.9431 -0.0000
vn -0.7993 -0.6010 -0.0000
vn -0.7100 -0.7042 -0.0000
vn -0.6391 -0.7691 -0.0000
vn -0.5584 -0.8295 -0.0000
vn -0.5068 -0.8621 -0.0000
vn 0.4603 -0.8878 -0.0000
vn 0.9938 -0.1110 -0.0000
vn 0.9995 -0.0321 -0.0000
vn 0.9984 0.0564 -0.0000
vn 0.9854 0.1701 -0.0000
vn 0.9558 0.2941 -0.0000
vn 0.5740 -0.8189 -0.0000
vn 0.3166 -0.9486 -0.0000
vn 0.8319 -0.5549 -0.0000
vn 0.8320 -0.5548 -0.0000
vn 0.6049 -0.7963 -0.0000
vn -0.5783 -0.8158 -0.0000
vn -0.4636 -0.8861 -0.0000
vn -0.3665 -0.9304 -0.0000
vn -0.2819 -0.9595 -0.0000
vn -0.1981 -0.9802 -0.0000
vn 0.7071 -0.7071 -0.0000
vn 0.9802 0.1981 -0.0000
vn 0.9590 0.2833 -0.0000
vn 0.9590 0.2834 -0.0000
vn 0.9331 0.3597 -0.0000
vn 0.8836 0.4682 -0.0000
vn 0.8166 0.5772 -0.0000
vn 0.7991 -0.6012 -0.0000
vn 0.8942 -0.4477 -0.0000
vn 1.0000 -0.0000 -0.0000
vn 0.7069 -0.7073 -0.0000
vn 0.8214 -0.5704 -0.0000
vn -0.2997 -0.9540 -0.0000
vn -0.1587 -0.9873 -0.0000
vn -0.0676 -0.9977 -0.0000
vn 0.0326 -0.9995 -0.0000
vn 0.1093 -0.9940 -0.0000
vn 0.8904 -0.4551 -0.0000
vn 0.8670 0.4984 -0.0000
vn 0.8278 0.5610 -0.0000
vn 0.7714 0.6363 -0.0000
vn 0.6952 0.7188 -0.0000
vn 0.6020 0.7985 -0.0000
vn 0.9487 -0.3162 -0.0000
vn 0.8944 -0.4473 -0.0000
vn 0.9487 -0.3161 -0.0000
vn 0.9533 -0.3019 -0.0000
vn 0.9558 -0.2941 -0.0000
vn 0.0124 -0.9999 -0.0000
vn 0.1406 -0.9901 -0.0000
vn 0.2584 -0.9661 -0.0000
vn 0.3325 -0.9431 -0.0000
vn 0.4115 -0.9114 -0.0000
vn 0.9878 -0.1560 -0.0000
vn 0.9878 -0.1559 -0.0000
vn 0.9891 -0.1470 -0.0000
vn 0.9891 -0.1471 -0.0000
vn 0.6750 0.7378 -0.0000
vn 0.6113 0.7914 -0.0000
vn 0.5391 0.8423 -0.0000
vn 0.4449 0.8956 -0.0000
vn 0.3144 0.9493 -0.0000
vn 0.9995 -0.0308 -0.0000
vn 0.9999 0.0152 -0.0000
vn 0.3199 -0.9474 -0.0000
vn 0.4354 -0.9002 -0.0000
vn 0.5391 -0.8423 -0.0000
vn 0.6147 -0.7888 -0.0000
vn 0.6750 -0.7378 -0.0000
vn 0.9883 0.1526 -0.0000
vn 0.4114 0.9114 -0.0000
vn 0.4115 0.9114 -0.0000
vn 0.3374 0.9414 -0.0000
vn 0.2478 0.9688 -0.0000
vn 0.1578 0.9875 -0.0000
vn 0.0062 1.0000 -0.0000
vn 0.9553 0.2957 -0.0000
vn 0.8943 0.4475 -0.0000
vn 0.8319 0.5550 -0.0000
vn 0.9487 0.3162 -0.0000
vn 0.6020 -0.7985 -0.0000
vn 0.6982 -0.7159 -0.0000
vn 0.7714 -0.6363 -0.0000
vn 0.8295 -0.5584 -0.0000
vn 0.8657 -0.5006 -0.0000
vn 0.8904 0.4551 -0.0000
vn 0.1093 0.9940 -0.0000
vn 0.0217 0.9998 -0.0000
vn -0.0508 0.9987 -0.0000
vn -0.1758 0.9844 -0.0000
vn -0.2997 0.9540 -0.0000
vn 0.8214 0.5704 -0.0000
vn 0.8946 0.4468 -0.0000
vn 0.8940 0.4481 -0.0000
vn 0.7752 0.6317 -0.0000
vn 0.8037 0.5950 -0.0000
vn 0.8187 -0.5743 -0.0000
vn 0.8824 -0.4706 -0.0000
vn 0.9316 -0.3635 -0.0000
vn 0.9599 -0.2804 -0.0000
vn 0.9798 -0.2002 -0.0000
vn 0.7303 0.6832 -0.0000
vn 0.7302 0.6832 -0.0000
vn 0.7117 0.7025 -0.0000
vn -0.2031 0.9792 -0.0000
vn -0.2769 0.9609 -0.0000
vn -0.3762 0.9265 -0.0000
vn -0.4543 0.8909 -0.0000
vn -0.5783 0.8158 -0.0000
vn 0.6122 0.7907 -0.0000
vn 0.6121 0.7908 -0.0000
vn 0.6017 0.7987 -0.0000
vn 0.6018 0.7987 -0.0000
vn 0.7070 0.7072 -0.0000
vn 0.7069 0.7073 -0.0000
vn 0.5547 0.8321 -0.0000
vn 0.5727 0.8198 -0.0000
vn 0.5603 0.8283 -0.0000
vn 0.9563 -0.2924 -0.0000
vn 0.9853 -0.1711 -0.0000
vn 0.9984 -0.0564 -0.0000
vn 0.9995 0.0326 -0.0000
vn 0.9940 0.1093 -0.0000
vn 0.4510 0.8925 -0.0000
vn 0.4291 0.9033 -0.0000
vn -0.4950 0.8689 -0.0000
vn -0.5585 0.8295 -0.0000
vn -0.6357 0.7719 -0.0000
vn -0.7071 0.7071 -0.0000
vn -0.8079 0.5893 -0.0000
vn 0.3323 0.9432 -0.0000
vn 0.3329 0.9430 -0.0000
vn 0.4469 0.8946 -0.0000
vn 0.3166 0.9486 -0.0000
vn 0.2974 0.9548 -0.0000
vn 0.2805 0.9598 -0.0000
vn 1.0000 0.0062 -0.0000
vn 0.9884 0.1521 -0.0000
vn 0.9701 0.2425 -0.0000
vn 0.9390 0.3439 -0.0000
vn 0.9142 0.4052 -0.0000
vn 0.1580 0.9874 -0.0000
vn -0.3091 -0.9510 -0.0000
vn -0.5894 -0.8079 -0.0000
vn -0.8079 -0.5894 -0.0000
vn -0.9509 -0.3096 -0.0000
vn -0.9505 0.3106 -0.0000
vn -0.8090 0.5878 -0.0000
vn -0.5872 0.8095 -0.0000
vn -0.3106 0.9505 -0.0000
vn 0.3106 0.9505 -0.0000
vn 0.5864 0.8101 -0.0000
vn 0.8098 0.5867 -0.0000
vn 0.9510 0.3091 -0.0000
vn 0.9514 -0.3081 -0.0000
vn 0.8087 -0.5883 -0.0000
vn 0.5886 -0.8084 -0.0000
vn 0.3091 -0.9510 -0.0000
vn 0.8086 -0.5883 -0.0070
vn 0.8096 -0.5870 -0.0077
vn 0.9510 0.3091 -0.0074
vn 0.9508 0.3096 -0.0076
vn -0.9508 -0.3096 -0.0076
vn -0.9507 -0.3101 -0.0079
vn -0.5894 -0.8078 -0.0065
vn -0.5870 -0.8096 -0.0077
vn 0.3091 -0.9510 -0.0065
vn 0.3081 -0.9513 -0.0061
vn 0.9513 -0.3081 -0.0079
vn 0.9507 -0.3101 -0.0070
vn -1.0000 -0.0000 -0.0076
vn 0.5886 -0.8084 -0.0077
vn 0.5870 -0.8096 -0.0069
vn 0.3106 0.9505 -0.0074
vn 0.3096 0.9508 -0.0078
vn 1.0000 -0.0000 -0.0076
vn -0.0000 -1.0000 -0.0062
vn 0.5863 0.8100 -0.0080
vn 0.5881 0.8088 -0.0071
vn 0.8098 0.5866 -0.0073
vn 0.8090 0.5878 -0.0079
vn -0.3091 -0.9510 -0.0061
vn -0.3086 -0.9512 -0.0063
vn -0.8078 -0.5894 -0.0077
vn -0.8080 -0.5892 -0.0076
vn -0.5871 0.8094 -0.0071
vn -0.5881 0.8088 -0.0076
vn -0.8090 0.5878 -0.0084
vn -0.8074 0.5900 -0.0073
vn -0.3106 0.9505 -0.0076
vn -0.3101 0.9507 -0.0074
vn -0.9505 0.3106 -0.0076
vn -0.9508 0.3096 -0.0081
vn -0.0000 1.0000 -0.0076
vn -0.0000 -0.0000 -1.0000
vn 0.0131 -0.0000 -0.9999
vn 0.0011 0.0014 -1.0000
vn 0.0011 -0.0015 -1.0000
vn 0.0011 0.0015 -1.0000
vn 0.0010 0.0015 -1.0000
vn 0.0006 0.0017 -1.0000
vn 0.0006 -0.0017 -1.0000
vn 0.0005 0.0017 -1.0000
vn 0.0005 -0.0017 -1.0000
vn 0.0005 0.0018 -1.0000
vn -0.0006 -0.0017 -1.0000
vn -0.0006 0.0017 -1.0000
vn 0.0001 -0.0000 -1.0000
vn -0.0012 0.0016 -1.0000
vn 0.0011 -0.0014 -1.0000
vn -0.0009 0.0017 -1.0000
vn -0.0000 -0.0018 -1.0000
vn -0.0000 -0.0000 1.0000
vn -0.0015 -0.0010 -1.0000
vn 0.0007 0.0017 -1.0000
vn -0.0011 0.0015 -1.0000
vn -0.0011 -0.0015 -1.0000
vn -0.0009 -0.0017 -1.0000
vn -0.0011 0.0014 -1.0000
vn -0.0011 -0.0014 -1.0000
vn -0.0010 0.0015 -1.0000
vn -0.0019 0.0006 -1.0000
vn -0.0016 -0.0000 1.0000
vn 0.0019 0.0006 -1.0000
vn 0.0014 0.0011 -1.0000
vn 0.0018 0.0008 -1.0000
vn 0.0009 -0.0017 -1.0000
vn 0.0013 0.0013 -1.0000
vn 0.0013 -0.0013 -1.0000
vn 0.0010 -0.0015 -1.0000
vn -0.0010 -0.0015 -1.0000
vn -0.0013 0.0013 -1.0000
vn 0.0008 -0.0000 -1.0000
vn 0.0003 -0.0000 -1.0000
vn 0.0008 0.0017 -1.0000
vn 0.0016 0.0008 -1.0000
vn 0.0002 -0.0000 -1.0000
vn -0.0005 0.0017 -1.0000
vn -0.0005 -0.0018 -1.0000
vn -0.0013 -0.0013 -1.0000
vn -0.0015 -0.0011 -1.0000
vn 0.0015 0.0011 -1.0000
vn 0.0015 -0.0011 -1.0000
vn -0.0015 0.0011 -1.0000
vn -0.0019 -0.0006 -1.0000
vn -0.0014 -0.0011 -1.0000
vn 0.0015 -0.0009 -1.0000
vn 0.0016 -0.0009 -1.0000
vn 0.0019 -0.0006 -1.0000
vn 0.0031 -0.0000 -1.0000
vn 0.0009 -0.0011 -1.0000
vn -0.0013 -0.0009 -1.0000
vn -0.0031 -0.0000 -1.0000
vn -0.0003 -0.0000 1.0000
vn -0.0001 -0.0000 1.0000
vn 0.0001 -0.0000 1.0000
vn 0.0065 -0.0000 1.0000
vn 0.0004 -0.0000 1.0000
vn 0.1922 0.9814 -0.0000
vn 0.5563 0.8310 -0.0000
vn 0.8342 0.5515 -0.0000
vn 0.9800 0.1988 -0.0000
vn 0.9798 -0.2001 -0.0000
vn 0.8342 -0.5515 -0.0000
vn 0.5563 -0.8310 -0.0000
vn 0.1922 -0.9814 -0.0000
vn -0.1922 -0.9814 -0.0000
vn -0.5563 -0.8310 -0.0000
vn -0.8342 -0.5515 -0.0000
vn -0.9798 -0.2001 -0.0000
vn -0.9801 0.1987 -0.0000
vn -0.8342 0.5515 -0.0000
vn -0.5563 0.8310 -0.0000
vn -0.1922 0.9814 -0.0000
vn -0.1921 -0.9814 -0.0000
vn 0.1921 -0.9814 -0.0000
vn 0.1935 0.9811 -0.0000
vn 0.8310 0.5563 -0.0000
vn 0.9811 0.1935 -0.0000
vn 0.9814 -0.1922 -0.0000
vn 0.8310 -0.5563 -0.0000
vn 0.1935 -0.9811 -0.0000
vn -0.8310 -0.5563 -0.0000
vn -0.9814 -0.1922 -0.0000
vn -0.9811 0.1935 -0.0000
vn -0.8310 0.5563 -0.0000
vn -0.9798 0.2001 -0.0000
vn -0.9800 -0.1988 -0.0000
vn 0.5595 -0.8288 -0.0000
vn 0.9800 -0.1988 -0.0000
vn 0.9798 0.2001 -0.0000
vn 0.5595 0.8288 -0.0000
vn -0.0137 -0.0020 -0.9999
vn -0.0036 0.0007 -1.0000
vn -0.0019 0.0013 -1.0000
vn -0.0011 0.0017 -1.0000
vn -0.0004 0.0022 -1.0000
vn -0.0019 -0.0029 -1.0000
vn -0.0020 -0.0013 -1.0000
vn -0.0023 -0.0005 -1.0000
vn -0.0030 0.0006 -1.0000
vn -0.0074 -0.0015 -1.0000
vn -0.0017 -0.0011 -1.0000
vn -0.0008 -0.0011 -1.0000
vn 0.0009 -0.0013 -1.0000
vn 0.0002 -0.0012 -1.0000
vn -0.0002 -0.0011 -1.0000
vn -0.0018 0.0010 -1.0000
vn -0.0074 0.0049 -1.0000
vn -0.0011 -0.0008 -1.0000
vn -0.0015 0.0008 -1.0000
vn 0.0002 0.0012 -1.0000
vn -0.0028 0.0006 -1.0000
vn -0.0020 0.0013 -1.0000
vn 0.0020 0.0013 -1.0000
vn 0.0027 0.0005 -1.0000
vn 0.0028 0.0018 -1.0000
vn -0.0025 0.0017 -1.0000
vn 0.0012 0.0019 -1.0000
vn -0.0012 0.0018 -1.0000
vn -0.0004 0.0021 -1.0000
vn 0.0004 0.0021 -1.0000
vn -0.0000 0.0024 -1.0000
vn -0.0013 0.0014 -1.0000
vn -0.0047 -0.0010 -1.0000
vn 0.0044 -0.0009 -1.0000
vn -0.0001 0.0041 -1.0000
vn -0.0008 0.0039 -1.0000
vn -0.0027 0.0040 -1.0000
vn -0.0006 0.0035 -1.0000
vn 0.0005 0.0035 -1.0000
vn -0.0000 0.0041 -1.0000
vn 0.0026 0.0038 -1.0000
vn 0.0002 0.0041 -1.0000
vn 0.0008 0.0039 -1.0000
vn 0.0008 0.0012 -1.0000
vn 0.0018 0.0012 -1.0000
vn 0.0142 0.0022 -0.9999
vn 0.0018 -0.0027 -1.0000
vn 0.0021 -0.0004 -1.0000
vn 0.0018 -0.0012 -1.0000
vn 0.0215 0.0042 -0.9998
vn 0.0038 -0.0007 -1.0000
vn 0.0020 -0.0014 -1.0000
vn -0.0009 -0.0013 -1.0000
vn 0.0012 -0.0018 -1.0000
vn 0.0005 -0.0023 -1.0000
vn -0.0002 -0.0012 -1.0000
vn 0.0019 -0.0010 -1.0000
vn 0.0015 0.0009 -1.0000
vn -0.0002 0.0012 -1.0000
vn 0.0010 -0.0008 -1.0000
vn 0.0061 0.0041 -1.0000
vn -0.0004 -0.0020 -1.0000
vn -0.0011 -0.0017 -1.0000
vn -0.0047 0.0010 -1.0000
vn 0.0043 0.0009 -1.0000
vn -0.0028 -0.0006 -1.0000
vn 0.0027 -0.0005 -1.0000
vn -0.0021 -0.0014 -1.0000
vn 0.0020 -0.0013 -1.0000
vn -0.0014 -0.0014 -1.0000
vn 0.0026 -0.0017 -1.0000
vn 0.0004 -0.0020 -1.0000
vn -0.0000 -0.0023 -1.0000
vn -0.0024 -0.0016 -1.0000
vn 0.0012 -0.0014 -1.0000
vn -0.0008 -0.0041 -1.0000
vn -0.0006 -0.0037 -1.0000
vn -0.0028 -0.0042 -1.0000
vn 0.0027 -0.0040 -1.0000
vn 0.0006 -0.0036 -1.0000
vn -0.0000 -0.0043 -1.0000
vn -0.0001 -0.0043 -1.0000
vn 0.0008 -0.0041 -1.0000
vn 0.0001 -0.0043 -1.0000
vn -0.1945 -0.0000 0.9809
vn -0.5644 -0.0000 0.8255
vn -0.8294 -0.0000 0.5586
vn -0.9812 -0.0000 0.1929
vn -0.9812 -0.0000 -0.1929
vn -0.8321 -0.0000 -0.5547
vn -0.5586 -0.0000 -0.8294
vn -0.1945 -0.0000 -0.9809
vn 0.1945 -0.0000 -0.9809
vn 0.5586 -0.0000 -0.8294
vn 0.8359 -0.0000 -0.5488
vn 0.9812 -0.0000 -0.1929
vn 0.9812 -0.0000 0.1929
vn 0.8334 -0.0000 0.5527
vn 0.5644 -0.0000 0.8255
vn 0.1945 -0.0000 0.9809
vn 0.3304 0.9437 0.0157
vn -0.2912 0.9567 -0.0009
vn -0.2921 0.9564 -0.0002
vn 0.0778 0.9970 0.0007
vn -0.3381 0.9411 -0.0028
vn 0.0418 0.9991 0.0015
vn 0.0379 0.9993 0.0042
vn -0.0176 0.9998 0.0018
vn -0.0164 0.9999 0.0043
vn -0.0000 1.0000 0.0031
vn 0.3043 0.9526 -0.0008
vn 0.3320 0.9431 0.0169
vn 0.1911 0.9769 -0.0959
vn 0.3105 0.9502 0.0245
vn 0.0482 0.9988 -0.0110
vn -0.2929 0.9561 0.0004
vn -0.2877 0.9577 -0.0028
vn -0.0439 0.9983 -0.0390
vn -0.0000 0.9999 -0.0167
vn 0.0285 0.9991 -0.0302
vn -0.3106 0.9504 0.0187
vn -0.0472 0.9988 -0.0096
vn -0.0610 -0.9981 0.0120
vn 0.0644 -0.9978 0.0127
vn 0.1282 -0.9915 0.0212
vn 0.1907 -0.9814 0.0212
vn 0.2745 -0.9613 0.0237
vn 0.0362 -0.9993 -0.0083
vn -0.0208 -0.9995 -0.0255
vn -0.0000 -0.9999 -0.0150
vn 0.0366 -0.9988 -0.0324
vn -0.0386 -0.9992 -0.0119
vn -0.0729 -0.9973 -0.0083
vn -0.4194 -0.9078 -0.0049
vn -0.3352 -0.9421 -0.0032
vn 0.2859 -0.9583 -0.0011
vn -0.2769 -0.9609 0.0051
vn 0.3347 -0.9423 -0.0088
vn -0.1299 -0.9912 0.0268
vn 0.0023 -0.9988 0.0481
vn -0.0570 -0.9976 0.0387
vn 0.0259 -0.9987 0.0436
vn -0.0011 -0.9988 0.0491
vn -0.0000 -0.1945 0.9809
vn -0.0000 -0.5644 0.8255
vn -0.0000 -0.8333 0.5527
vn -0.0000 -0.9812 0.1929
vn -0.0000 -0.9812 -0.1929
vn -0.0000 -0.8359 -0.5488
vn -0.0000 -0.5586 -0.8294
vn -0.0000 -0.1945 -0.9809
vn -0.0000 0.1945 -0.9809
vn -0.0000 0.5586 -0.8294
vn -0.0000 0.8320 -0.5547
vn -0.0000 0.9812 -0.1929
vn -0.0000 0.9812 0.1929
vn -0.0000 0.8294 0.5586
vn -0.0000 0.5644 0.8255
vn -0.0000 0.1945 0.9809
vn -0.9496 0.3135 -0.0003
vn -0.9305 0.3662 -0.0004
vn -0.9972 0.0744 -0.0093
vn -0.9987 0.0492 -0.0126
vn -0.9982 -0.0436 -0.0403
vn -0.9998 -0.0000 -0.0183
vn -0.9544 -0.2985 0.0064
vn -0.9593 -0.2824 -0.0063
vn -0.9674 0.2532 0.0084
vn -0.9911 0.1302 0.0270
vn -0.9348 -0.3551 -0.0030
vn -0.9971 0.0664 0.0376
vn -0.9993 0.0377 0.0044
vn -0.9998 -0.0177 0.0020
vn -0.9986 -0.0070 0.0516
vn -0.9991 0.0281 -0.0318
vn -0.9505 -0.3105 0.0123
vn -0.9583 -0.2857 -0.0029
vn -0.9507 -0.3096 0.0176
vn -0.9988 -0.0481 -0.0109
vn 0.9978 -0.0644 0.0127
vn 0.9931 0.1176 -0.0008
vn 0.9999 -0.0100 -0.0066
vn 1.0000 -0.0046 -0.0068
vn 1.0000 0.0046 -0.0068
vn 0.9977 0.0668 0.0131
vn -0.0586 0.9982 0.0115
vn -0.1174 -0.9929 -0.0163
vn -0.0314 -0.9993 0.0206
vn -0.0056 -0.9999 -0.0084
vn -0.0121 -0.9999 -0.0081
vn 0.1176 -0.9931 -0.0017
vn 0.0615 0.9980 0.0121
vn -0.0000 -0.8320 -0.5547
vn -0.0000 -0.8294 0.5586
vn -0.9977 -0.0664 0.0131
vn -1.0000 0.0038 -0.0056
vn -0.9930 0.1175 -0.0107
vn -0.9991 0.0344 0.0230
vn -1.0000 0.0080 -0.0053
vn -0.9931 -0.1176 -0.0019
vn -0.9975 0.0692 0.0136
vn 0.9851 0.1710 0.0163
vn 0.9846 0.1739 0.0163
vn 0.9607 0.2771 0.0191
vn 0.9988 0.0483 -0.0112
vn 0.9990 -0.0277 -0.0340
vn 0.9998 -0.0000 -0.0200
vn 0.9754 -0.1997 -0.0937
vn 0.9440 -0.3299 0.0078
vn 0.9640 0.2660 0.0029
vn 0.9395 0.3424 -0.0091
vn 0.9957 -0.0925 0.0013
vn 0.9987 -0.0062 0.0505
vn 0.9991 -0.0423 0.0022
vn 0.9987 0.0260 0.0444
vn 0.9999 0.0163 0.0048
vn 0.9982 0.0436 -0.0407
vn 0.9302 -0.3657 0.0321
vn 0.9488 -0.3157 0.0009
vn 0.9513 -0.3081 0.0129
vn 0.9986 -0.0509 -0.0150
vn 0.9508 0.3090 -0.0206
vn 1.0000 -0.0000 0.0036
vn -0.3090 -0.9508 -0.0199
vn -0.0000 -1.0000 0.0028
vn 0.3090 -0.9508 -0.0214
vn -0.9503 0.3106 -0.0208
vn -1.0000 -0.0000 0.0033
vn 1.0000 -0.0003 0.0013
vn 1.0000 -0.0009 0.0013
vn 1.0000 -0.0020 0.0013
vn 1.0000 -0.0069 0.0014
vn 0.9931 0.1176 -0.0005
vn 0.9917 0.1283 -0.0000
vn 0.9808 0.1952 -0.0000
vn 0.9624 0.2715 -0.0000
vn 0.9382 0.3462 -0.0000
vn 0.9081 0.4187 -0.0000
vn 0.8725 0.4887 -0.0000
vn 0.8314 0.5556 -0.0000
vn 0.7853 0.6192 -0.0000
vn 0.7343 0.6789 -0.0000
vn 0.6787 0.7344 -0.0000
vn 0.6190 0.7854 -0.0000
vn 0.5555 0.8315 -0.0000
vn 0.4886 0.8725 -0.0000
vn 0.4186 0.9082 -0.0000
vn 0.3460 0.9382 -0.0000
vn 0.2714 0.9625 -0.0000
vn 0.1950 0.9808 -0.0000
vn 0.1175 0.9931 -0.0000
vn 0.1200 0.9928 -0.0001
vn -0.0101 0.9999 0.0020
vn -0.0028 1.0000 0.0019
vn -0.0013 1.0000 0.0019
vn 0.0392 0.9992 0.0033
vn -0.0009 1.0000 0.0048
vn 0.0009 1.0000 0.0048
vn -0.0393 0.9992 0.0035
vn 0.0013 1.0000 0.0019
vn 0.0028 1.0000 0.0019
vn 0.0097 1.0000 0.0019
vn -0.1176 0.9931 0.0005
vn -0.1085 0.9941 -0.0000
vn -0.1952 0.9808 -0.0000
vn -0.2715 0.9624 -0.0000
vn -0.3462 0.9382 -0.0000
vn -0.4187 0.9081 -0.0000
vn -0.4887 0.8725 -0.0000
vn -0.5556 0.8314 -0.0000
vn -0.6192 0.7853 -0.0000
vn -0.6789 0.7343 -0.0000
vn -0.7344 0.6787 -0.0000
vn -0.7854 0.6190 -0.0000
vn -0.8315 0.5555 -0.0000
vn -0.8725 0.4886 -0.0000
vn -0.9082 0.4186 -0.0000
vn -0.9382 0.3460 -0.0000
vn -0.9625 0.2714 -0.0000
vn -0.9808 0.1950 -0.0000
vn -0.9931 0.1175 -0.0000
vn -0.9903 0.1392 -0.0012
vn -1.0000 -0.0059 0.0012
vn -1.0000 -0.0016 0.0011
vn -0.9992 0.0392 0.0014
vn -1.0000 -0.0027 0.0040
vn -1.0000 -0.0008 0.0039
vn -1.0000 0.0008 0.0039
vn -0.9992 -0.0393 0.0027
vn -1.0000 0.0008 0.0011
vn -1.0000 0.0016 0.0011
vn -1.0000 0.0057 0.0011
vn -0.9931 -0.1176 -0.0003
vn -0.9923 -0.1235 -0.0000
vn -0.9808 -0.1952 -0.0000
vn -0.9624 -0.2715 -0.0000
vn -0.9382 -0.3462 -0.0000
vn -0.9081 -0.4187 -0.0000
vn -0.8725 -0.4887 -0.0000
vn -0.8314 -0.5556 -0.0000
vn -0.7853 -0.6192 -0.0000
vn -0.7343 -0.6789 -0.0000
vn -0.6787 -0.7344 -0.0000
vn -0.6190 -0.7854 -0.0000
vn -0.5555 -0.8315 -0.0000
vn -0.4886 -0.8725 -0.0000
vn -0.4186 -0.9082 -0.0000
vn -0.3460 -0.9382 -0.0000
vn -0.2714 -0.9625 -0.0000
vn -0.1950 -0.9808 -0.0000
vn -0.1175 -0.9931 -0.0000
vn -0.1118 -0.9937 0.0003
vn 0.0084 -1.0000 0.0017
vn 0.0024 -1.0000 0.0016
vn -0.0392 -0.9992 0.0021
vn 0.0031 -1.0000 0.0045
vn 0.0009 -1.0000 0.0045
vn 0.0393 -0.9992 0.0044
vn -0.0003 -1.0000 0.0017
vn -0.0011 -1.0000 0.0016
vn -0.0024 -1.0000 0.0016
vn -0.0086 -1.0000 0.0017
vn 0.1176 -0.9931 -0.0004
vn 0.1247 -0.9922 -0.0000
vn 0.1952 -0.9808 -0.0000
vn 0.2715 -0.9624 -0.0000
vn 0.3462 -0.9382 -0.0000
vn 0.4187 -0.9081 -0.0000
vn 0.4887 -0.8725 -0.0000
vn 0.5556 -0.8314 -0.0000
vn 0.6192 -0.7853 -0.0000
vn 0.6789 -0.7343 -0.0000
vn 0.7344 -0.6787 -0.0000
vn 0.7854 -0.6190 -0.0000
vn 0.8315 -0.5555 -0.0000
vn 0.8725 -0.4886 -0.0000
vn 0.9082 -0.4186 -0.0000
vn 0.9382 -0.3460 -0.0000
vn 0.9625 -0.2714 -0.0000
vn 0.9808 -0.1950 -0.0000
vn 0.9931 -0.1175 -0.0000
vn 0.9927 -0.1210 -0.0002
vn 1.0000 0.0069 0.0014
vn 1.0000 0.0020 0.0013
vn 0.9992 -0.0392 0.0018
vn 1.0000 0.0029 0.0042
vn 0.9992 0.0393 0.0054
vn 1.0000 0.0003 0.0014
vn -0.9991 -0.0393 -0.0154
vn -0.9997 0.0046 -0.0231
vn -0.9990 0.0392 -0.0226
vn -1.0000 -0.0012 -0.0063
vn -1.0000 -0.0039 -0.0057
vn 0.0056 -1.0000 -0.0083
vn 0.9991 0.0393 -0.0158
vn 0.9997 -0.0049 -0.0245
vn 0.9989 -0.0392 -0.0249
vn 1.0000 0.0015 -0.0075
vn 0.9930 -0.1174 -0.0144
vn 0.9992 -0.0327 0.0218
vn 0.0393 -0.9991 -0.0174
vn -0.0052 -0.9996 -0.0264
vn -0.0392 -0.9989 -0.0268
vn 0.0018 -1.0000 -0.0091
vn 0.0392 0.9989 -0.0273
vn -0.0021 0.9999 -0.0107
vn -0.0393 0.9990 -0.0202
vn 0.0055 0.9996 -0.0279
vn 0.0065 0.9999 -0.0096
vn -0.0066 0.9999 -0.0098
vn -0.1176 0.9930 -0.0059
vn 0.0139 0.9999 -0.0091
vn 0.0306 0.9993 0.0204
vn 0.1174 0.9930 -0.0146
s 0
f 1//1 2//1 3//1
f 4//1 1//1 3//1
f 4//2 3//2 5//2
f 6//2 4//2 5//2
f 6//3 5//3 7//3
f 8//3 6//3 7//3
f 8//4 7//4 9//4
f 10//4 8//4 9//4
f 10//5 9//5 11//5
f 12//5 10//5 11//5
f 13//6 14//6 11//6
f 11//6 14//6 12//6
f 15//7 16//7 13//7
f 13//7 16//7 14//7
f 17//6 18//6 15//6
f 15//6 18//6 16//6
f 17//6 19//6 18//6
f 18//6 19//6 20//6
f 19//8 21//8 20//8
f 20//8 21//8 22//8
f 23//9 24//9 21//9
f 21//9 24//9 22//9
f 25//10 26//10 23//10
f 23//10 26//10 24//10
f 27//11 28//11 25//11
f 25//11 28//11 26//11
f 29//12 30//12 27//12
f 27//12 30//12 28//12
f 31//13 32//13 29//13
f 29//13 32//13 30//13
f 31//14 33//14 32//14
f 32//14 33//14 34//14
f 34//15 33//15 35//15
f 36//15 34//15 35//15
f 36//16 35//16 37//16
f 38//16 36//16 37//16
f 38//17 37//17 39//17
f 40//17 38//17 39//17
f 40//18 39//18 41//18
f 42//18 40//18 41//18
f 42//19 41//19 43//19
f 44//19 42//19 43//19
f 43//20 45//20 44//20
f 44//20 45//20 46//20
f 45//21 47//21 46//21
f 46//22 47//22 48//22
f 47//6 49//6 48//6
f 48//6 49//6 50//6
f 49//23 51//23 50//23
f 50//24 51//24 52//24
f 51//25 53//25 52//25
f 52//25 53//25 54//25
f 53//26 55//26 54//26
f 54//26 55//26 56//26
f 57//27 58//27 55//27
f 55//27 58//27 56//27
f 59//28 60//28 57//28
f 57//28 60//28 58//28
f 61//29 62//29 59//29
f 59//29 62//29 60//29
f 63//30 64//30 61//30
f 61//30 64//30 62//30
f 65//31 66//31 63//31
f 63//31 66//31 64//31
f 65//32 67//32 66//32
f 66//32 67//32 68//32
f 68//33 67//33 69//33
f 70//33 68//33 69//33
f 70//34 69//34 71//34
f 72//34 70//34 71//34
f 72//35 71//35 73//35
f 74//35 72//35 73//35
f 74//36 73//36 75//36
f 76//36 74//36 75//36
f 76//37 75//37 77//37
f 78//37 76//37 77//37
f 77//38 79//38 78//38
f 78//38 79//38 80//38
f 79//6 81//6 80//6
f 80//6 81//6 82//6
f 81//39 83//39 82//39
f 82//39 83//39 84//39
f 83//40 85//40 84//40
f 84//41 85//41 86//41
f 85//42 87//42 86//42
f 86//42 87//42 88//42
f 87//43 89//43 88//43
f 88//43 89//43 90//43
f 91//44 92//44 89//44
f 89//44 92//44 90//44
f 93//45 94//45 91//45
f 91//45 94//45 92//45
f 95//46 96//46 93//46
f 93//46 96//46 94//46
f 97//47 98//47 95//47
f 95//47 98//47 96//47
f 99//48 100//48 97//48
f 97//48 100//48 98//48
f 100//49 99//49 101//49
f 102//49 100//49 101//49
f 101//50 103//50 102//50
f 102//50 103//50 104//50
f 104//51 103//51 105//51
f 106//51 104//51 105//51
f 106//52 105//52 107//52
f 108//52 106//52 107//52
f 108//53 107//53 109//53
f 110//53 108//53 109//53
f 110//54 109//54 111//54
f 112//54 110//54 111//54
f 112//55 111//55 113//55
f 114//55 112//55 113//55
f 114//56 113//56 115//56
f 116//56 114//56 115//56
f 117//57 116//57 115//57
f 117//58 115//58 118//58
f 119//59 117//59 118//59
f 120//60 121//60 118//60
f 118//60 121//60 119//60
f 122//61 123//61 120//61
f 120//61 123//61 121//61
f 124//62 125//62 122//62
f 122//62 125//62 123//62
f 124//63 126//63 125//63
f 125//63 126//63 127//63
f 126//64 128//64 127//64
f 127//64 128//64 129//64
f 129//65 128//65 130//65
f 131//65 129//65 130//65
f 131//66 130//66 132//66
f 133//66 131//66 132//66
f 133//67 132//67 134//67
f 135//67 133//67 134//67
f 135//68 134//68 136//68
f 137//68 135//68 136//68
f 137//69 136//69 138//69
f 139//69 137//69 138//69
f 139//70 138//70 140//70
f 141//70 139//70 140//70
f 141//71 140//71 142//71
f 143//71 141//71 142//71
f 143//72 142//72 144//72
f 145//72 143//72 144//72
f 145//73 144//73 146//73
f 147//73 145//73 146//73
f 147//74 146//74 148//74
f 149//74 147//74 148//74
f 149//75 148//75 150//75
f 151//75 149//75 150//75
f 150//76 152//76 151//76
f 151//76 152//76 153//76
f 152//77 154//77 153//77
f 153//77 154//77 155//77
f 154//78 156//78 155//78
f 155//78 156//78 157//78
f 156//79 158//79 157//79
f 157//79 158//79 159//79
f 158//80 160//80 159//80
f 159//80 160//80 161//80
f 161//81 160//81 162//81
f 163//81 161//81 162//81
f 163//82 162//82 164//82
f 165//82 163//82 164//82
f 165//83 164//83 166//83
f 167//83 165//83 166//83
f 167//84 166//84 168//84
f 169//85 167//85 168//85
f 169//86 168//86 170//86
f 171//86 169//86 170//86
f 171//87 170//87 172//87
f 173//87 171//87 172//87
f 173//88 172//88 174//88
f 175//88 173//88 174//88
f 175//89 174//89 176//89
f 177//89 175//89 176//89
f 177//90 176//90 178//90
f 179//90 177//90 178//90
f 179//91 178//91 180//91
f 181//91 179//91 180//91
f 181//91 180//91 182//91
f 183//91 181//91 182//91
f 183//92 182//92 184//92
f 185//92 183//92 184//92
f 185//93 184//93 186//93
f 187//93 185//93 186//93
f 186//94 188//94 187//94
f 187//94 188//94 189//94
f 188//32 190//32 189//32
f 189//32 190//32 191//32
f 190//95 192//95 191//95
f 191//95 192//95 193//95
f 192//96 194//96 193//96
f 193//96 194//96 195//96
f 194//97 196//97 195//97
f 195//97 196//97 197//97
f 197//98 196//98 198//98
f 199//98 197//98 198//98
f 199//99 198//99 200//99
f 201//99 199//99 200//99
f 201//100 200//100 202//100
f 203//100 201//100 202//100
f 203//101 202//101 204//101
f 205//101 203//101 204//101
f 205//102 204//102 206//102
f 207//102 205//102 206//102
f 207//103 206//103 208//103
f 209//103 207//103 208//103
f 209//104 208//104 210//104
f 211//104 209//104 210//104
f 211//105 210//105 212//105
f 213//105 211//105 212//105
f 213//106 212//106 214//106
f 215//106 213//106 214//106
f 215//91 214//91 216//91
f 217//91 215//91 216//91
f 217//107 216//107 218//107
f 219//107 217//107 218//107
f 219//108 218//108 220//108
f 221//108 219//108 220//108
f 221//109 220//109 222//109
f 223//109 221//109 222//109
f 222//110 224//110 223//110
f 223//110 224//110 225//110
f 224//111 226//111 225//111
f 225//111 226//111 227//111
f 227//112 226//112 228//112
f 229//112 227//112 228//112
f 229//113 228//113 230//113
f 231//113 229//113 230//113
f 231//114 230//114 232//114
f 233//114 231//114 232//114
f 233//115 232//115 234//115
f 235//115 233//115 234//115
f 235//116 234//116 236//116
f 237//116 235//116 236//116
f 237//117 236//117 238//117
f 239//117 237//117 238//117
f 238//118 240//118 241//118
f 239//118 238//118 241//118
f 240//119 242//119 243//119
f 241//119 240//119 243//119
f 242//120 244//120 245//120
f 243//120 242//120 245//120
f 245//121 244//121 246//121
f 247//121 245//121 246//121
f 247//122 246//122 248//122
f 249//123 247//123 248//123
f 249//124 248//124 250//124
f 251//124 249//124 250//124
f 251//125 250//125 252//125
f 253//125 251//125 252//125
f 253//126 252//126 254//126
f 255//126 253//126 254//126
f 255//127 254//127 256//127
f 257//128 255//128 256//128
f 257//129 256//129 258//129
f 259//129 257//129 258//129
f 259//130 258//130 260//130
f 261//130 259//130 260//130
f 261//131 260//131 262//131
f 263//131 261//131 262//131
f 263//132 262//132 264//132
f 265//133 263//133 264//133
f 265//133 264//133 266//133
f 267//133 265//133 266//133
f 267//134 266//134 268//134
f 269//134 267//134 268//134
f 268//135 270//135 271//135
f 269//135 268//135 271//135
f 270//136 272//136 273//136
f 271//136 270//136 273//136
f 272//137 274//137 275//137
f 273//137 272//137 275//137
f 274//138 276//138 277//138
f 275//138 274//138 277//138
f 276//139 278//139 279//139
f 277//139 276//139 279//139
f 279//140 278//140 280//140
f 281//140 279//140 280//140
f 281//141 280//141 282//141
f 283//141 281//141 282//141
f 283//142 282//142 284//142
f 285//142 283//142 284//142
f 285//143 284//143 286//143
f 287//143 285//143 286//143
f 287//144 286//144 288//144
f 289//144 287//144 288//144
f 289//145 288//145 290//145
f 291//145 289//145 290//145
f 291//146 290//146 292//146
f 293//146 291//146 292//146
f 293//147 292//147 294//147
f 295//147 293//147 294//147
f 295//148 294//148 296//148
f 297//148 295//148 296//148
f 297//149 296//149 298//149
f 299//149 297//149 298//149
f 298//150 300//150 301//150
f 299//150 298//150 301//150
f 300//151 302//151 303//151
f 301//151 300//151 303//151
f 302//152 304//152 305//152
f 303//152 302//152 305//152
f 306//153 307//153 304//153
f 304//153 307//153 305//153
f 308//154 309//154 306//154
f 306//154 309//154 307//154
f 309//155 308//155 310//155
f 311//155 309//155 310//155
f 311//107 310//107 312//107
f 313//107 311//107 312//107
f 313//107 312//107 314//107
f 315//107 313//107 314//107
f 315//107 314//107 316//107
f 317//107 315//107 316//107
f 317//156 316//156 318//156
f 319//156 317//156 318//156
f 319//157 318//157 320//157
f 321//157 319//157 320//157
f 321//158 320//158 322//158
f 323//158 321//158 322//158
f 323//159 322//159 324//159
f 325//159 323//159 324//159
f 325//160 324//160 326//160
f 327//160 325//160 326//160
f 327//161 326//161 328//161
f 329//161 327//161 328//161
f 329//162 328//162 330//162
f 331//162 329//162 330//162
f 331//163 330//163 332//163
f 333//163 331//163 332//163
f 333//163 332//163 334//163
f 335//163 333//163 334//163
f 336//164 337//164 334//164
f 334//164 337//164 335//164
f 338//165 339//165 336//165
f 336//165 339//165 337//165
f 340//166 341//166 338//166
f 338//166 341//166 339//166
f 342//167 343//167 340//167
f 340//167 343//167 341//167
f 344//168 345//168 342//168
f 342//168 345//168 343//168
f 345//169 344//169 346//169
f 347//169 345//169 346//169
f 347//107 346//107 348//107
f 349//107 347//107 348//107
f 349//107 348//107 350//107
f 351//107 349//107 350//107
f 350//107 352//107 353//107
f 351//107 350//107 353//107
f 352//170 354//170 355//170
f 353//170 352//170 355//170
f 355//171 354//171 356//171
f 357//171 355//171 356//171
f 357//172 356//172 358//172
f 359//172 357//172 358//172
f 359//173 358//173 360//173
f 361//173 359//173 360//173
f 361//174 360//174 362//174
f 363//174 361//174 362//174
f 363//175 362//175 364//175
f 365//175 363//175 364//175
f 364//176 366//176 367//176
f 365//176 364//176 367//176
f 368//177 369//177 366//177
f 366//177 369//177 367//177
f 370//178 371//178 368//178
f 368//178 371//178 369//178
f 372//179 373//179 370//179
f 370//179 373//179 371//179
f 374//180 375//180 372//180
f 372//180 375//180 373//180
f 376//181 377//181 374//181
f 374//181 377//181 375//181
f 376//182 378//182 379//182
f 377//182 376//182 379//182
f 378//107 380//107 381//107
f 379//107 378//107 381//107
f 380//107 382//107 383//107
f 381//107 380//107 383//107
f 382//183 384//183 385//183
f 383//183 382//183 385//183
f 385//184 384//184 386//184
f 387//184 385//184 386//184
f 387//185 386//185 388//185
f 389//185 387//185 388//185
f 389//186 388//186 390//186
f 391//186 389//186 390//186
f 391//187 390//187 392//187
f 393//187 391//187 392//187
f 393//188 392//188 394//188
f 395//188 393//188 394//188
f 394//189 396//189 397//189
f 395//189 394//189 397//189
f 398//190 399//190 396//190
f 396//190 399//190 397//190
f 400//191 401//191 398//191
f 398//191 401//191 399//191
f 402//192 403//192 400//192
f 400//192 403//192 401//192
f 404//193 405//193 402//193
f 402//193 405//193 403//193
f 406//194 407//194 404//194
f 404//194 407//194 405//194
f 406//195 408//195 409//195
f 407//195 406//195 409//195
f 408//196 410//196 411//196
f 409//196 408//196 411//196
f 410//197 412//197 413//197
f 411//198 410//198 413//198
f 412//199 414//199 415//199
f 413//199 412//199 415//199
f 415//200 414//200 416//200
f 417//200 415//200 416//200
f 417//201 416//201 418//201
f 419//201 417//201 418//201
f 419//202 418//202 420//202
f 421//202 419//202 420//202
f 421//203 420//203 422//203
f 423//203 421//203 422//203
f 423//204 422//204 424//204
f 425//204 423//204 424//204
f 426//205 427//205 424//205
f 424//205 427//205 425//205
f 428//206 429//206 426//206
f 426//206 429//206 427//206
f 430//207 431//207 428//207
f 428//208 431//208 429//208
f 432//209 433//209 430//209
f 430//209 433//209 431//209
f 434//210 435//210 432//210
f 432//210 435//210 433//210
f 436//211 437//211 434//211
f 434//211 437//211 435//211
f 438//212 439//212 436//212
f 436//212 439//212 437//212
f 440//213 441//213 438//213
f 438//213 441//213 439//213
f 442//214 443//214 440//214
f 440//214 443//214 441//214
f 444//107 445//107 442//107
f 442//107 445//107 443//107
f 446//215 447//215 444//215
f 444//215 447//215 445//215
f 448//216 449//216 446//216
f 446//216 449//216 447//216
f 449//217 448//217 450//217
f 451//217 449//217 450//217
f 451//218 450//218 452//218
f 453//218 451//218 452//218
f 453//219 452//219 454//219
f 455//219 453//219 454//219
f 454//220 456//220 457//220
f 455//220 454//220 457//220
f 456//221 458//221 459//221
f 457//221 456//221 459//221
f 460//222 461//222 458//222
f 458//222 461//222 459//222
f 462//223 463//223 460//223
f 460//223 463//223 461//223
f 464//224 465//224 462//224
f 462//224 465//224 463//224
f 466//225 467//225 464//225
f 464//225 467//225 465//225
f 468//226 469//226 466//226
f 466//226 469//226 467//226
f 470//227 471//227 468//227
f 468//227 471//227 469//227
f 472//228 473//228 470//228
f 470//228 473//228 471//228
f 474//229 475//229 472//229
f 472//229 475//229 473//229
f 476//230 477//230 474//230
f 474//230 477//230 475//230
f 478//231 479//231 476//231
f 476//231 479//231 477//231
f 480//232 481//232 478//232
f 478//232 481//232 479//232
f 480//233 482//233 483//233
f 481//233 480//233 483//233
f 482//234 484//234 485//234
f 483//234 482//234 485//234
f 484//235 486//235 487//235
f 485//235 484//235 487//235
f 486//236 488//236 489//236
f 487//236 486//236 489//236
f 488//237 490//237 491//237
f 489//237 488//237 491//237
f 492//238 493//238 490//238
f 490//239 493//239 491//239
f 494//240 495//240 492//240
f 492//241 495//241 493//241
f 496//242 497//242 494//242
f 494//242 497//242 495//242
f 498//243 499//243 496//243
f 496//243 499//243 497//243
f 500//244 501//244 498//244
f 498//244 501//244 499//244
f 502//245 503//245 500//245
f 500//245 503//245 501//245
f 504//246 505//246 502//246
f 502//246 505//246 503//246
f 506//214 507//214 504//214
f 504//214 507//214 505//214
f 508//247 509//247 506//247
f 506//247 509//247 507//247
f 510//214 511//214 508//214
f 508//214 511//214 509//214
f 512//214 513//214 510//214
f 510//214 513//214 511//214
f 514//248 515//248 512//248
f 512//248 515//248 513//248
f 514//249 516//249 517//249
f 515//249 514//249 517//249
f 516//250 518//250 519//250
f 517//250 516//250 519//250
f 518//251 520//251 521//251
f 519//251 518//251 521//251
f 520//252 522//252 523//252
f 521//252 520//252 523//252
f 522//253 524//253 525//253
f 523//253 522//253 525//253
f 526//254 527//254 524//254
f 524//254 527//254 525//254
f 528//255 529//255 526//255
f 526//256 529//256 527//256
f 530//257 531//257 528//257
f 528//257 531//257 529//257
f 532//258 533//258 530//258
f 530//258 533//258 531//258
f 534//259 535//259 532//259
f 532//259 535//259 533//259
f 536//260 537//260 534//260
f 534//260 537//260 535//260
f 538//261 539//261 536//261
f 536//261 539//261 537//261
f 540//262 541//262 538//262
f 538//10 541//10 539//10
f 542//214 543//214 540//214
f 540//214 543//214 541//214
f 544//263 545//263 542//263
f 542//263 545//263 543//263
f 546//264 547//264 544//264
f 544//264 547//264 545//264
f 546//265 548//265 549//265
f 547//265 546//265 549//265
f 548//266 550//266 551//266
f 549//266 548//266 551//266
f 552//267 553//267 550//267
f 550//267 553//267 551//267
f 554//268 555//268 552//268
f 552//268 555//268 553//268
f 556//269 557//269 554//269
f 554//269 557//269 555//269
f 558//270 559//270 556//270
f 556//270 559//270 557//270
f 560//271 561//271 558//271
f 558//271 561//271 559//271
f 562//272 563//272 560//272
f 560//272 563//272 561//272
f 562//273 564//273 563//273
f 563//273 564//273 565//273
f 564//274 566//274 565//274
f 565//274 566//274 567//274
f 566//275 568//275 567//275
f 567//275 568//275 569//275
f 570//276 571//276 568//276
f 568//276 571//276 569//276
f 572//277 573//277 570//277
f 570//277 573//277 571//277
f 574//214 575//214 572//214
f 572//214 575//214 573//214
f 576//6 577//6 574//6
f 574//6 577//6 575//6
f 578//278 579//278 576//278
f 576//278 579//278 577//278
f 580//279 581//279 578//279
f 578//279 581//279 579//279
f 582//280 583//280 580//280
f 580//280 583//280 581//280
f 584//281 585//281 582//281
f 582//281 585//281 583//281
f 586//282 587//282 584//282
f 584//282 587//282 585//282
f 588//283 589//283 586//283
f 586//283 589//283 587//283
f 590//284 591//284 588//284
f 588//284 591//284 589//284
f 592//285 593//285 590//285
f 590//285 593//285 591//285
f 594//286 595//286 592//286
f 592//287 595//287 593//287
f 596//288 597//288 594//288
f 594//288 597//288 595//288
f 596//289 598//289 597//289
f 597//289 598//289 599//289
f 598//290 600//290 599//290
f 599//290 600//290 601//290
f 600//291 602//291 601//291
f 601//291 602//291 603//291
f 602//292 604//292 603//292
f 603//292 604//292 605//292
f 604//293 606//293 605//293
f 605//293 606//293 607//293
f 608//294 609//294 606//294
f 606//295 609//295 607//295
f 610//296 611//296 608//296
f 608//297 611//297 609//297
f 612//298 613//298 610//298
f 610//299 613//299 611//299
f 614//300 615//300 612//300
f 612//300 615//300 613//300
f 616//301 617//301 614//301
f 614//301 617//301 615//301
f 618//302 619//302 616//302
f 616//302 619//302 617//302
f 620//303 621//303 618//303
f 618//303 621//303 619//303
f 622//304 623//304 620//304
f 620//304 623//304 621//304
f 624//305 625//305 622//305
f 622//305 625//305 623//305
f 626//306 627//306 624//306
f 624//306 627//306 625//306
f 628//307 629//307 626//307
f 626//307 629//307 627//307
f 630//308 631//308 628//308
f 628//308 631//308 629//308
f 632//309 633//309 630//309
f 630//309 633//309 631//309
f 632//310 634//310 633//310
f 633//310 634//310 635//310
f 634//311 636//311 635//311
f 635//311 636//311 637//311
f 636//312 638//312 637//312
f 637//312 638//312 639//312
f 639//313 638//313 640//313
f 641//313 639//313 640//313
f 641//314 640//314 642//314
f 643//314 641//314 642//314
f 644//315 645//315 642//315
f 642//315 645//315 643//315
f 646//316 647//316 644//316
f 644//316 647//316 645//316
f 648//317 649//317 646//317
f 646//317 649//317 647//317
f 650//318 651//318 648//318
f 648//318 651//318 649//318
f 652//319 653//319 650//319
f 650//319 653//319 651//319
f 654//320 655//320 652//320
f 652//320 655//320 653//320
f 656//321 657//321 654//321
f 654//321 657//321 655//321
f 658//322 659//322 656//322
f 656//322 659//322 657//322
f 660//323 661//323 658//323
f 658//323 661//323 659//323
f 662//324 663//324 660//324
f 660//324 663//324 661//324
f 664//325 665//325 662//325
f 662//325 665//325 663//325
f 666//326 667//326 664//326
f 664//326 667//326 665//326
f 2//326 1//326 666//326
f 666//326 1//326 667//326
f 668//327 669//327 670//327
f 671//328 672//328 669//328
f 668//328 671//328 669//328
f 673//329 674//329 672//329
f 671//329 673//329 672//329
f 673//330 675//330 674//330
f 676//331 677//331 678//331
f 679//332 680//332 677//332
f 676//332 679//332 677//332
f 681//333 680//333 682//333
f 682//333 680//333 679//333
f 683//334 681//334 682//334
f 684//335 685//335 686//335
f 684//336 686//336 687//336
f 687//336 686//336 688//336
f 687//337 688//337 689//337
f 689//337 688//337 690//337
f 689//338 690//338 691//338
f 692//339 693//339 694//339
f 692//340 694//340 695//340
f 695//340 694//340 696//340
f 697//341 695//341 696//341
f 698//341 697//341 696//341
f 699//342 697//342 698//342
f 696//343 694//343 700//343
f 700//344 701//344 696//344
f 702//345 690//345 703//345
f 703//346 704//346 702//346
f 675//347 673//347 705//347
f 705//348 706//348 675//348
f 671//349 668//349 707//349
f 707//350 708//350 671//350
f 709//351 698//351 710//351
f 710//352 711//352 709//352
f 694//353 693//353 712//353
f 712//354 700//354 694//354
f 713//355 675//355 706//355
f 706//355 714//355 713//355
f 698//356 696//356 701//356
f 701//357 710//357 698//357
f 686//358 685//358 715//358
f 715//359 716//359 686//359
f 693//360 702//360 704//360
f 704//360 712//360 693//360
f 717//361 709//361 711//361
f 711//361 718//361 717//361
f 688//362 686//362 716//362
f 716//363 719//363 688//363
f 690//364 688//364 719//364
f 719//365 703//365 690//365
f 668//366 717//366 718//366
f 718//367 707//367 668//367
f 673//368 671//368 708//368
f 708//369 705//369 673//369
f 682//370 679//370 720//370
f 720//371 721//371 682//371
f 679//372 676//372 722//372
f 722//373 720//373 679//373
f 683//374 682//374 721//374
f 721//375 723//375 683//375
f 676//376 713//376 714//376
f 714//377 722//377 676//377
f 685//378 683//378 723//378
f 723//378 715//378 685//378
f 492//379 496//379 494//379
f 518//379 530//379 520//379
f 486//379 500//379 498//379
f 518//379 532//379 530//379
f 484//379 500//379 486//379
f 508//380 506//380 510//380
f 590//379 594//379 592//379
f 708//381 608//381 606//381
f 412//382 720//382 414//382
f 708//383 610//383 608//383
f 708//384 616//384 614//384
f 707//385 644//385 642//385
f 382//386 721//386 384//386
f 718//387 652//387 650//387
f 376//388 723//388 378//388
f 718//389 654//389 652//389
f 316//390 716//390 318//390
f 710//391 53//391 51//391
f 308//390 716//390 310//390
f 264//379 260//379 266//379
f 103//392 101//392 105//392
f 264//379 262//379 260//379
f 208//379 186//379 210//379
f 172//379 152//379 174//379
f 208//379 188//379 186//379
f 182//379 176//379 184//379
f 182//379 180//379 176//379
f 172//379 154//379 152//379
f 206//379 188//379 208//379
f 170//379 154//379 172//379
f 206//379 190//379 188//379
f 234//379 232//379 230//379
f 168//379 158//379 156//379
f 202//379 192//379 204//379
f 166//379 158//379 168//379
f 202//379 194//379 192//379
f 524//379 528//379 526//379
f 524//379 522//379 528//379
f 492//379 488//379 496//379
f 492//379 490//379 488//379
f 522//379 530//379 528//379
f 522//379 520//379 530//379
f 496//379 486//379 498//379
f 496//379 488//379 486//379
f 556//379 560//379 558//379
f 556//379 554//379 560//379
f 460//379 456//379 462//379
f 460//379 458//379 456//379
f 518//379 534//379 532//379
f 518//379 516//379 534//379
f 500//379 482//379 502//379
f 500//379 484//379 482//379
f 516//379 536//379 534//379
f 516//379 514//379 536//379
f 502//379 480//379 504//379
f 502//379 482//379 480//379
f 512//379 506//379 514//379
f 512//379 510//379 506//379
f 506//379 536//379 514//379
f 707//385 646//385 644//385
f 662//379 666//379 664//379
f 368//379 366//379 364//379
f 666//379 3//379 2//379
f 29//379 33//379 31//379
f 336//379 334//379 332//379
f 710//393 55//393 53//393
f 146//379 212//379 148//379
f 150//379 174//379 152//379
f 236//379 234//379 230//379
f 154//379 168//379 156//379
f 154//379 170//379 168//379
f 206//379 192//379 190//379
f 206//379 204//379 192//379
f 134//379 132//379 130//379
f 166//379 164//379 162//379
f 194//379 198//379 196//379
f 554//379 562//379 560//379
f 554//379 552//379 562//379
f 462//379 454//379 464//379
f 462//379 456//379 454//379
f 506//379 538//379 536//379
f 478//379 504//379 480//379
f 590//379 588//379 598//379
f 428//379 422//379 430//379
f 572//379 576//379 574//379
f 630//379 628//379 626//379
f 394//379 398//379 396//379
f 328//379 332//379 330//379
f 65//379 69//379 67//379
f 298//379 296//379 294//379
f 122//379 140//379 138//379
f 240//379 226//379 224//379
f 148//379 174//379 150//379
f 184//379 210//379 186//379
f 126//379 130//379 128//379
f 126//379 134//379 130//379
f 158//379 162//379 160//379
f 158//379 166//379 162//379
f 202//379 198//379 194//379
f 202//379 200//379 198//379
f 552//379 564//379 562//379
f 552//379 550//379 564//379
f 464//379 452//379 466//379
f 464//379 454//379 452//379
f 548//379 546//379 566//379
f 426//379 422//379 428//379
f 426//379 424//379 422//379
f 594//379 598//379 596//379
f 594//379 590//379 598//379
f 588//379 600//379 598//379
f 430//379 422//379 420//379
f 626//379 632//379 630//379
f 398//379 394//379 392//379
f 105//379 97//379 107//379
f 260//379 258//379 270//379
f 224//379 242//379 240//379
f 224//379 222//379 242//379
f 134//379 124//379 136//379
f 134//379 126//379 124//379
f 230//379 238//379 236//379
f 230//379 228//379 238//379
f 506//379 478//379 538//379
f 506//379 504//379 478//379
f 546//379 568//379 566//379
f 63//379 69//379 65//379
f 300//379 298//379 294//379
f 95//379 107//379 97//379
f 272//379 270//379 258//379
f 244//379 242//379 222//379
f 122//379 136//379 124//379
f 122//379 138//379 136//379
f 240//379 228//379 226//379
f 240//379 238//379 228//379
f 178//379 176//379 180//379
f 614//381 610//381 708//381
f 408//394 720//394 412//394
f 51//395 45//395 710//395
f 51//392 49//392 45//392
f 314//396 312//396 716//396
f 316//396 314//396 716//396
f 550//379 566//379 564//379
f 550//379 548//379 566//379
f 440//397 444//397 442//397
f 400//379 398//379 392//379
f 71//379 69//379 63//379
f 292//379 300//379 294//379
f 101//379 97//379 105//379
f 101//379 99//379 97//379
f 266//379 270//379 268//379
f 266//379 260//379 270//379
f 47//397 45//397 49//397
f 310//396 716//396 312//396
f 703//398 252//398 250//398
f 446//379 470//379 448//379
f 721//386 378//386 723//386
f 382//396 380//396 721//396
f 707//399 650//399 646//399
f 707//385 718//385 650//385
f 656//379 7//379 658//379
f 55//379 77//379 57//379
f 308//379 306//379 286//379
f 87//400 85//400 701//400
f 282//401 719//401 284//401
f 184//379 212//379 210//379
f 184//379 176//379 212//379
f 23//379 43//379 25//379
f 342//379 340//379 320//379
f 29//379 35//379 33//379
f 61//379 71//379 63//379
f 302//379 300//379 292//379
f 120//379 140//379 122//379
f 612//379 610//379 614//379
f 410//379 408//379 412//379
f 648//379 646//379 650//379
f 378//396 721//396 380//396
f 660//379 658//379 7//379
f 57//379 77//379 75//379
f 306//379 288//379 286//379
f 148//379 176//379 174//379
f 148//379 212//379 176//379
f 404//379 388//379 386//379
f 606//379 604//379 582//379
f 414//379 436//379 416//379
f 39//379 37//379 27//379
f 716//402 308//402 286//402
f 710//395 77//395 55//395
f 89//403 87//403 701//403
f 280//404 719//404 282//404
f 89//379 113//379 91//379
f 278//379 276//379 252//379
f 466//379 450//379 468//379
f 466//379 452//379 450//379
f 85//379 83//379 79//379
f 79//405 701//405 85//405
f 700//406 712//406 115//406
f 216//379 214//379 218//379
f 540//407 538//407 542//407
f 705//408 578//408 706//408
f 705//409 580//409 578//409
f 21//379 43//379 23//379
f 344//379 342//379 320//379
f 470//379 450//379 448//379
f 470//379 468//379 450//379
f 544//379 472//379 570//379
f 446//379 472//379 470//379
f 570//410 706//410 572//410
f 721//411 406//411 384//411
f 372//379 362//379 374//379
f 37//379 29//379 27//379
f 37//379 35//379 29//379
f 326//379 324//379 336//379
f 142//379 120//379 118//379
f 142//379 140//379 120//379
f 584//379 582//379 604//379
f 434//379 416//379 436//379
f 640//379 638//379 620//379
f 384//379 404//379 386//379
f 384//379 406//379 404//379
f 111//379 91//379 113//379
f 254//379 252//379 276//379
f 708//412 606//412 582//412
f 720//413 436//413 414//413
f 408//382 721//382 720//382
f 408//414 406//414 721//414
f 41//379 39//379 27//379
f 79//400 710//400 701//400
f 79//405 77//405 710//405
f 284//415 716//415 286//415
f 284//401 719//401 716//401
f 278//404 719//404 280//404
f 701//416 113//416 89//416
f 472//417 476//417 474//417
f 472//418 544//418 476//418
f 588//379 602//379 600//379
f 588//379 586//379 602//379
f 430//379 418//379 432//379
f 430//379 420//379 418//379
f 107//379 93//379 109//379
f 107//379 95//379 93//379
f 258//379 274//379 272//379
f 258//379 256//379 274//379
f 370//379 362//379 372//379
f 328//379 336//379 332//379
f 328//379 326//379 336//379
f 388//379 404//379 402//379
f 538//379 478//379 542//379
f 707//419 642//419 618//419
f 220//379 144//379 246//379
f 572//420 706//420 576//420
f 546//379 570//379 568//379
f 546//379 544//379 570//379
f 586//379 604//379 602//379
f 586//379 584//379 604//379
f 432//379 416//379 434//379
f 432//379 418//379 416//379
f 109//379 91//379 111//379
f 109//379 93//379 91//379
f 256//379 276//379 274//379
f 256//379 254//379 276//379
f 400//379 392//379 390//379
f 642//379 620//379 618//379
f 642//379 640//379 620//379
f 544//421 542//421 478//421
f 478//379 476//379 544//379
f 616//384 707//384 618//384
f 616//383 708//383 707//383
f 358//379 376//379 360//379
f 45//391 711//391 710//391
f 45//422 43//422 711//422
f 318//423 715//423 320//423
f 318//390 716//390 715//390
f 252//424 719//424 278//424
f 252//425 703//425 719//425
f 368//379 362//379 370//379
f 368//379 364//379 362//379
f 3//379 662//379 5//379
f 3//379 666//379 662//379
f 11//379 9//379 654//379
f 580//426 708//426 582//426
f 580//426 705//426 708//426
f 438//427 720//427 722//427
f 438//427 436//427 720//427
f 25//379 41//379 27//379
f 25//379 43//379 41//379
f 340//379 322//379 320//379
f 340//379 338//379 322//379
f 115//428 701//428 700//428
f 115//428 113//428 701//428
f 703//429 248//429 704//429
f 703//430 250//430 248//430
f 118//379 144//379 142//379
f 118//379 115//379 144//379
f 626//379 634//379 632//379
f 626//379 624//379 634//379
f 638//379 622//379 620//379
f 638//379 636//379 622//379
f 57//379 73//379 59//379
f 57//379 75//379 73//379
f 306//379 290//379 288//379
f 306//379 304//379 290//379
f 446//431 444//431 706//431
f 222//379 246//379 244//379
f 222//379 220//379 246//379
f 722//432 440//432 438//432
f 722//433 714//433 440//433
f 144//379 212//379 146//379
f 144//379 220//379 212//379
f 444//434 714//434 706//434
f 444//435 440//435 714//435
f 656//379 9//379 7//379
f 656//379 654//379 9//379
f 374//379 360//379 376//379
f 374//379 362//379 360//379
f 324//379 338//379 336//379
f 324//379 322//379 338//379
f 246//436 704//436 248//436
f 246//437 712//437 704//437
f 214//438 220//438 218//438
f 214//379 212//379 220//379
f 81//379 79//379 83//379
f 636//379 624//379 622//379
f 636//379 634//379 624//379
f 388//379 400//379 390//379
f 388//379 402//379 400//379
f 660//379 5//379 662//379
f 660//379 7//379 5//379
f 71//379 59//379 73//379
f 71//379 61//379 59//379
f 292//379 304//379 302//379
f 292//379 290//379 304//379
f 26//397 40//397 724//397
f 724//397 725//397 26//397
f 44//397 46//397 726//397
f 605//379 607//379 727//379
f 727//397 728//397 605//397
f 609//397 611//397 727//397
f 651//397 653//397 729//397
f 8//397 10//397 730//397
f 730//397 731//397 8//397
f 471//397 473//397 732//397
f 473//397 475//397 732//397
f 381//397 383//397 733//397
f 385//397 387//397 734//397
f 734//397 733//397 385//397
f 505//397 507//397 735//397
f 735//397 736//397 505//397
f 507//397 515//397 735//397
f 373//397 375//397 737//397
f 737//397 738//397 373//397
f 449//397 451//397 739//397
f 739//397 740//397 449//397
f 311//397 313//397 741//397
f 287//397 289//397 742//397
f 742//397 743//397 287//397
f 413//397 415//397 744//397
f 40//397 42//397 745//397
f 745//397 724//397 40//397
f 249//397 251//397 746//397
f 383//397 385//397 733//397
f 565//397 567//397 747//397
f 747//397 748//397 565//397
f 569//397 571//397 749//397
f 255//397 257//397 750//397
f 207//397 209//397 751//397
f 751//397 752//397 207//397
f 251//397 253//397 746//397
f 345//397 347//397 753//397
f 357//397 359//397 754//397
f 493//397 495//397 497//397
f 519//397 521//397 531//397
f 487//397 499//397 501//397
f 519//397 531//397 533//397
f 485//397 487//397 501//397
f 277//379 279//379 743//379
f 743//397 755//397 277//397
f 591//397 593//397 595//397
f 275//397 277//397 755//397
f 755//397 756//397 275//397
f 76//379 78//379 757//379
f 757//397 758//397 76//397
f 319//397 321//397 741//397
f 78//397 80//397 757//397
f 307//379 309//379 741//379
f 741//397 759//397 307//397
f 291//397 305//397 760//397
f 760//397 742//397 291//397
f 349//397 351//397 753//397
f 341//397 343//397 761//397
f 761//397 762//397 341//397
f 343//379 345//379 753//379
f 753//397 761//397 343//397
f 517//397 535//397 763//397
f 763//397 764//397 517//397
f 535//397 537//397 765//397
f 765//397 763//397 535//397
f 537//397 539//397 766//397
f 766//397 765//397 537//397
f 483//397 503//397 767//397
f 767//397 768//397 483//397
f 503//397 505//397 736//397
f 736//397 767//397 503//397
f 617//397 619//397 727//397
f 657//397 659//397 769//397
f 659//397 8//397 731//397
f 731//397 769//397 659//397
f 619//397 621//397 770//397
f 770//397 727//397 619//397
f 655//397 657//397 769//397
f 769//397 729//397 655//397
f 587//397 603//397 771//397
f 771//397 772//397 587//397
f 653//397 655//397 729//397
f 585//397 587//397 772//397
f 581//397 583//397 749//397
f 643//397 645//397 729//397
f 645//397 647//397 729//397
f 577//439 579//439 749//439
f 18//397 20//397 773//397
f 579//397 581//397 749//397
f 547//397 549//397 774//397
f 774//397 766//397 547//397
f 54//397 56//397 726//397
f 549//397 551//397 774//397
f 56//397 58//397 775//397
f 775//397 726//397 56//397
f 185//397 187//397 776//397
f 405//379 407//379 744//379
f 744//397 777//397 405//397
f 409//397 413//397 744//397
f 417//397 419//397 778//397
f 187//397 189//397 779//397
f 779//397 776//397 187//397
f 209//379 211//379 780//379
f 780//397 751//397 209//397
f 433//397 435//397 781//397
f 781//397 782//397 433//397
f 211//397 213//397 780//397
f 435//379 437//379 740//379
f 740//397 781//397 435//397
f 227//397 241//397 783//397
f 783//397 784//397 227//397
f 477//397 479//397 732//397
f 225//397 227//397 784//397
f 245//397 247//397 746//397
f 447//397 449//397 740//397
f 265//397 267//397 261//397
f 104//397 106//397 102//397
f 265//397 261//397 263//397
f 90//397 92//397 785//397
f 785//397 757//397 90//397
f 112//379 114//379 786//379
f 786//397 787//397 112//397
f 92//397 94//397 785//397
f 183//397 185//397 177//397
f 179//397 181//397 177//397
f 173//397 153//397 155//397
f 86//397 88//397 757//397
f 171//397 173//397 155//397
f 207//397 189//397 191//397
f 235//397 231//397 233//397
f 169//397 157//397 159//397
f 203//397 205//397 193//397
f 167//397 169//397 159//397
f 203//397 193//397 195//397
f 525//397 527//397 529//397
f 525//397 529//397 523//397
f 493//397 497//397 489//397
f 493//397 489//397 491//397
f 523//397 529//397 531//397
f 523//397 531//397 521//397
f 497//397 499//397 487//397
f 497//397 487//397 489//397
f 557//397 559//397 561//397
f 557//397 561//397 555//397
f 461//397 463//397 457//397
f 461//397 457//397 459//397
f 519//397 533//397 535//397
f 519//397 535//397 517//397
f 501//397 503//397 483//397
f 501//397 483//397 485//397
f 143//397 145//397 788//397
f 145//397 147//397 788//397
f 123//397 139//397 789//397
f 789//397 790//397 123//397
f 121//397 123//397 790//397
f 513//397 507//397 511//397
f 513//397 515//397 507//397
f 509//397 511//397 507//397
f 149//397 151//397 788//397
f 279//397 281//397 743//397
f 289//397 291//397 742//397
f 257//397 275//397 756//397
f 756//397 750//397 257//397
f 573//397 575//397 577//397
f 305//397 307//397 759//397
f 759//397 760//397 305//397
f 353//397 355//397 753//397
f 631//397 633//397 635//397
f 323//397 325//397 791//397
f 663//397 665//397 667//397
f 369//397 365//397 367//397
f 667//397 1//397 4//397
f 10//379 12//379 773//379
f 773//397 730//397 10//397
f 481//397 483//397 768//397
f 768//397 732//397 481//397
f 583//397 585//397 772//397
f 772//397 749//397 583//397
f 611//397 615//397 727//397
f 639//397 641//397 792//397
f 792//397 793//397 639//397
f 333//397 329//397 331//397
f 567//379 569//379 749//379
f 749//397 747//397 567//397
f 571//439 573//439 749//439
f 42//379 44//379 726//379
f 726//397 745//397 42//397
f 12//397 14//397 773//397
f 247//397 249//397 746//397
f 451//397 453//397 739//397
f 110//397 112//397 787//397
f 787//397 794//397 110//397
f 114//397 116//397 786//397
f 237//397 231//397 235//397
f 155//397 157//397 169//397
f 155//397 169//397 171//397
f 207//397 191//397 193//397
f 207//397 193//397 205//397
f 135//397 131//397 133//397
f 167//397 163//397 165//397
f 195//397 197//397 199//397
f 555//397 561//397 563//397
f 555//397 563//397 553//397
f 463//397 465//397 455//397
f 463//397 455//397 457//397
f 151//397 153//397 795//397
f 795//397 788//397 151//397
f 283//397 285//397 743//397
f 139//397 141//397 796//397
f 796//397 789//397 139//397
f 591//397 599//397 589//397
f 429//397 431//397 423//397
f 321//397 323//397 791//397
f 791//397 741//397 321//397
f 60//397 74//397 797//397
f 797//397 775//397 60//397
f 631//397 627//397 629//397
f 395//397 397//397 399//397
f 663//397 667//397 4//397
f 641//379 643//379 729//379
f 729//397 792//397 641//397
f 333//397 335//397 337//397
f 623//397 639//397 793//397
f 793//397 770//397 623//397
f 46//397 52//397 726//397
f 253//397 255//397 750//397
f 750//397 746//397 253//397
f 177//397 185//397 776//397
f 415//397 417//397 778//397
f 778//397 744//397 415//397
f 117//397 119//397 786//397
f 88//397 90//397 757//397
f 127//397 129//397 131//397
f 127//397 131//397 135//397
f 159//397 161//397 163//397
f 159//397 163//397 167//397
f 203//397 195//397 199//397
f 203//397 199//397 201//397
f 553//397 563//397 565//397
f 553//397 565//397 551//397
f 465//397 467//397 453//397
f 465//397 453//397 455//397
f 427//397 429//397 423//397
f 427//397 423//397 425//397
f 595//397 597//397 599//397
f 595//397 599//397 591//397
f 589//397 599//397 601//397
f 431//397 421//397 423//397
f 611//397 613//397 615//397
f 413//397 409//397 411//397
f 627//397 631//397 635//397
f 399//397 393//397 395//397
f 661//397 663//397 4//397
f 607//397 609//397 727//397
f 603//397 605//397 728//397
f 728//397 771//397 603//397
f 647//397 651//397 729//397
f 38//397 30//397 36//397
f 153//397 173//397 798//397
f 798//397 795//397 153//397
f 407//397 409//397 744//397
f 419//397 433//397 782//397
f 782//397 778//397 419//397
f 475//397 477//397 732//397
f 106//397 108//397 98//397
f 261//397 271//397 259//397
f 221//397 223//397 780//397
f 223//397 225//397 784//397
f 784//397 780//397 223//397
f 439//397 447//397 740//397
f 467//397 469//397 799//397
f 799//397 800//397 467//397
f 469//379 471//379 732//379
f 732//397 799//397 469//397
f 135//397 137//397 125//397
f 135//397 125//397 127//397
f 231//397 237//397 239//397
f 231//397 239//397 229//397
f 147//397 149//397 788//397
f 141//379 143//379 788//379
f 788//397 796//397 141//397
f 285//397 287//397 743//397
f 281//397 283//397 743//397
f 34//397 36//397 30//397
f 34//397 30//397 32//397
f 96//397 98//397 108//397
f 273//397 259//397 271//397
f 123//397 125//397 137//397
f 123//397 137//397 139//397
f 241//397 227//397 229//397
f 241//397 229//397 239//397
f 441//379 445//379 439//379
f 313//397 315//397 741//397
f 359//397 373//397 738//397
f 738//397 754//397 359//397
f 315//397 317//397 741//397
f 74//397 76//397 758//397
f 758//397 797//397 74//397
f 6//397 661//397 4//397
f 361//397 363//397 371//397
f 615//397 617//397 727//397
f 621//397 623//397 770//397
f 573//440 577//440 749//440
f 52//397 46//397 50//397
f 22//397 24//397 725//397
f 725//397 773//397 22//397
f 20//397 22//397 773//397
f 72//397 64//397 70//397
f 293//397 295//397 301//397
f 82//397 84//397 80//397
f 175//397 177//397 776//397
f 776//397 801//397 175//397
f 379//397 381//397 733//397
f 241//397 243//397 802//397
f 802//397 783//397 241//397
f 625//397 627//397 635//397
f 401//397 393//397 399//397
f 28//397 30//397 38//397
f 339//397 327//397 337//397
f 66//397 68//397 70//397
f 66//397 70//397 64//397
f 299//397 301//397 295//397
f 299//397 295//397 297//397
f 173//397 175//397 801//397
f 801//397 798//397 173//397
f 389//397 403//397 803//397
f 803//397 734//397 389//397
f 102//397 106//397 98//397
f 102//397 98//397 100//397
f 267//397 269//397 271//397
f 267//397 271//397 261//397
f 213//397 221//397 780//397
f 243//379 245//379 746//379
f 746//397 802//397 243//397
f 453//397 467//397 800//397
f 800//397 739//397 453//397
f 437//397 439//397 740//397
f 58//397 60//397 775//397
f 447//379 439//379 445//379
f 445//379 441//379 443//379
f 369//397 371//397 363//397
f 369//397 363//397 365//397
f 329//397 333//397 337//397
f 329//397 337//397 327//397
f 48//379 50//379 46//379
f 24//397 26//397 725//397
f 515//397 517//397 764//397
f 764//397 735//397 515//397
f 347//397 349//397 753//397
f 551//397 565//397 748//397
f 748//397 774//397 551//397
f 52//397 54//397 726//397
f 479//397 481//397 732//397
f 545//397 547//397 766//397
f 543//397 545//397 766//397
f 16//397 18//397 773//397
f 14//397 16//397 773//397
f 80//397 86//397 757//397
f 94//397 110//397 794//397
f 794//397 785//397 94//397
f 589//397 601//397 603//397
f 589//397 603//397 587//397
f 431//397 433//397 419//397
f 431//397 419//397 421//397
f 26//397 28//397 38//397
f 26//397 38//397 40//397
f 341//397 325//397 327//397
f 341//397 327//397 339//397
f 62//397 64//397 72//397
f 303//397 293//397 301//397
f 189//397 207//397 752//397
f 752//397 779//397 189//397
f 403//397 405//397 777//397
f 777//397 803//397 403//397
f 309//397 311//397 741//397
f 317//397 319//397 741//397
f 649//397 651//397 647//397
f 325//397 341//397 762//397
f 762//397 791//397 325//397
f 119//397 121//397 790//397
f 790//397 786//397 119//397
f 116//397 117//397 786//397
f 183//441 177//441 181//441
f 539//397 543//397 766//397
f 108//397 110//397 94//397
f 108//397 94//397 96//397
f 259//397 273//397 275//397
f 259//397 275//397 257//397
f 217//397 219//397 215//397
f 541//379 543//379 539//379
f 60//397 62//397 72//397
f 60//397 72//397 74//397
f 305//397 291//397 293//397
f 305//397 293//397 303//397
f 86//397 80//397 84//397
f 661//397 6//397 8//397
f 661//397 8//397 659//397
f 371//397 373//397 359//397
f 371//397 359//397 361//397
f 625//397 635//397 637//397
f 401//397 391//397 393//397
f 387//397 389//397 734//397
f 351//397 353//397 753//397
f 355//397 357//397 754//397
f 754//397 753//397 355//397
f 375//379 377//379 733//379
f 733//397 737//397 375//397
f 377//397 379//397 733//397
f 215//379 219//379 221//379
f 215//442 221//442 213//442
f 639//397 623//397 625//397
f 639//397 625//397 637//397
f 389//397 391//397 401//397
f 389//397 401//397 403//397
f 804//443 805//443 806//443
f 806//443 807//443 804//443
f 805//444 808//444 809//444
f 809//444 806//444 805//444
f 808//445 810//445 811//445
f 811//445 809//445 808//445
f 810//446 812//446 813//446
f 813//446 811//446 810//446
f 812//447 814//447 815//447
f 815//447 813//447 812//447
f 814//448 816//448 817//448
f 817//448 815//448 814//448
f 816//449 818//449 819//449
f 819//449 817//449 816//449
f 818//450 820//450 821//450
f 821//450 819//450 818//450
f 820//451 822//451 823//451
f 823//451 821//451 820//451
f 822//452 824//452 825//452
f 825//452 823//452 822//452
f 824//453 826//453 827//453
f 827//453 825//453 824//453
f 826//454 828//454 829//454
f 829//454 827//454 826//454
f 828//455 830//455 831//455
f 831//455 829//455 828//455
f 830//456 832//456 833//456
f 833//456 831//456 830//456
f 832//457 834//457 835//457
f 835//457 833//457 832//457
f 834//458 804//458 807//458
f 807//458 835//458 834//458
f 829//379 811//379 813//379
f 831//379 811//379 829//379
f 831//379 809//379 811//379
f 821//379 817//379 819//379
f 825//379 821//379 823//379
f 831//379 835//379 809//379
f 831//379 833//379 835//379
f 807//379 809//379 835//379
f 807//379 806//379 809//379
f 815//379 817//379 821//379
f 827//379 821//379 825//379
f 813//379 815//379 821//379
f 829//379 821//379 827//379
f 829//379 813//379 821//379
f 836//379 837//379 838//379
f 836//379 838//379 839//379
f 837//379 840//379 838//379
f 839//379 838//379 841//379
f 840//379 842//379 838//379
f 843//379 844//379 845//379
f 843//379 845//379 846//379
f 847//379 848//379 846//379
f 847//379 846//379 845//379
f 841//379 838//379 849//379
f 838//379 842//379 850//379
f 847//379 845//379 851//379
f 847//379 851//379 836//379
f 836//379 851//379 837//379
f 852//458 853//458 843//458
f 843//458 846//458 852//458
f 854//457 852//457 846//457
f 846//457 848//457 854//457
f 855//456 854//456 848//456
f 848//456 847//456 855//456
f 856//455 855//455 847//455
f 847//455 836//455 856//455
f 857//454 856//454 836//454
f 836//454 839//454 857//454
f 858//453 857//453 839//453
f 839//453 841//453 858//453
f 859//452 858//452 841//452
f 841//452 849//452 859//452
f 860//459 859//459 849//459
f 849//459 838//459 860//459
f 861//460 860//460 838//460
f 838//460 850//460 861//460
f 862//449 861//449 850//449
f 850//449 842//449 862//449
f 863//448 862//448 842//448
f 842//448 840//448 863//448
f 864//447 863//447 840//447
f 840//447 837//447 864//447
f 865//446 864//446 837//446
f 837//446 851//446 865//446
f 866//445 865//445 851//445
f 851//445 845//445 866//445
f 867//444 866//444 845//444
f 845//444 844//444 867//444
f 853//443 867//443 844//443
f 844//443 843//443 853//443
f 868//461 869//461 870//461
f 870//461 871//461 868//461
f 869//444 872//444 873//444
f 873//444 870//444 869//444
f 872//462 874//462 875//462
f 875//462 873//462 872//462
f 874//463 876//463 877//463
f 877//463 875//463 874//463
f 876//464 878//464 879//464
f 879//464 877//464 876//464
f 878//465 880//465 881//465
f 881//465 879//465 878//465
f 880//449 882//449 883//449
f 883//449 881//449 880//449
f 882//466 884//466 885//466
f 885//466 883//466 882//466
f 884//451 886//451 887//451
f 887//451 885//451 884//451
f 886//452 888//452 889//452
f 889//452 887//452 886//452
f 888//467 890//467 891//467
f 891//467 889//467 888//467
f 890//468 892//468 893//468
f 893//468 891//468 890//468
f 892//469 894//469 895//469
f 895//469 893//469 892//469
f 894//470 896//470 897//470
f 897//470 895//470 894//470
f 896//457 898//457 899//457
f 899//457 897//457 896//457
f 898//458 868//458 871//458
f 871//458 899//458 898//458
f 893//379 875//379 877//379
f 895//379 875//379 893//379
f 895//379 873//379 875//379
f 885//379 881//379 883//379
f 889//379 885//379 887//379
f 895//379 899//379 873//379
f 895//379 897//379 899//379
f 871//379 873//379 899//379
f 871//379 870//379 873//379
f 879//379 881//379 885//379
f 891//379 885//379 889//379
f 877//379 879//379 885//379
f 893//379 885//379 891//379
f 893//379 877//379 885//379
f 900//379 901//379 902//379
f 900//379 902//379 903//379
f 901//379 904//379 902//379
f 903//379 902//379 905//379
f 904//379 906//379 902//379
f 907//379 908//379 909//379
f 907//379 909//379 910//379
f 911//379 912//379 910//379
f 911//379 910//379 909//379
f 905//379 902//379 913//379
f 902//379 906//379 914//379
f 911//379 909//379 915//379
f 911//379 915//379 900//379
f 900//379 915//379 901//379
f 916//458 917//458 907//458
f 907//458 910//458 916//458
f 918//457 916//457 910//457
f 910//457 912//457 918//457
f 919//456 918//456 912//456
f 912//456 911//456 919//456
f 920//471 919//471 911//471
f 911//471 900//471 920//471
f 921//472 920//472 900//472
f 900//472 903//472 921//472
f 922//453 921//453 903//453
f 903//453 905//453 922//453
f 923//452 922//452 905//452
f 905//452 913//452 923//452
f 924//451 923//451 913//451
f 913//451 902//451 924//451
f 925//450 924//450 902//450
f 902//450 914//450 925//450
f 926//473 925//473 914//473
f 914//473 906//473 926//473
f 927//465 926//465 906//465
f 906//465 904//465 927//465
f 928//474 927//474 904//474
f 904//474 901//474 928//474
f 929//475 928//475 901//475
f 901//475 915//475 929//475
f 930//462 929//462 915//462
f 915//462 909//462 930//462
f 931//476 930//476 909//476
f 909//476 908//476 931//476
f 917//443 931//443 908//443
f 908//443 907//443 917//443
f 928//477 246//477 144//477
f 927//478 928//478 144//478
f 926//479 927//479 144//479
f 925//480 926//480 144//480
f 924//481 925//481 144//481
f 712//482 922//482 923//482
f 921//483 922//483 712//483
f 920//484 921//484 712//484
f 919//485 920//485 712//485
f 929//486 246//486 928//486
f 930//487 246//487 929//487
f 931//488 246//488 930//488
f 246//489 916//489 918//489
f 246//490 917//490 916//490
f 917//491 246//491 931//491
f 115//492 924//492 144//492
f 712//493 918//493 919//493
f 712//494 246//494 918//494
f 923//495 115//495 712//495
f 923//496 924//496 115//496
f 863//497 864//497 43//497
f 862//498 863//498 43//498
f 857//499 858//499 654//499
f 856//500 857//500 654//500
f 866//501 711//501 865//501
f 718//502 854//502 855//502
f 867//503 711//503 866//503
f 718//504 852//504 854//504
f 718//505 853//505 852//505
f 853//506 711//506 867//506
f 718//507 711//507 853//507
f 43//508 865//508 711//508
f 43//509 864//509 865//509
f 654//510 855//510 856//510
f 654//383 718//383 855//383
f 19//511 860//511 21//511
f 861//512 21//512 860//512
f 862//513 21//513 861//513
f 862//514 43//514 21//514
f 11//515 654//515 858//515
f 17//516 860//516 19//516
f 859//517 11//517 858//517
f 15//516 860//516 17//516
f 15//518 13//518 860//518
f 860//519 11//519 859//519
f 860//516 13//516 11//516
f 578//420 576//420 706//420
f 886//496 884//496 570//496
f 888//520 886//520 570//520
f 890//521 888//521 570//521
f 472//522 890//522 570//522
f 880//523 706//523 882//523
f 876//500 874//500 706//500
f 878//524 876//524 706//524
f 880//525 878//525 706//525
f 472//526 892//526 890//526
f 472//527 894//527 892//527
f 472//528 896//528 894//528
f 869//529 446//529 872//529
f 472//530 898//530 896//530
f 472//531 868//531 898//531
f 868//532 446//532 869//532
f 472//533 446//533 868//533
f 570//534 882//534 706//534
f 570//535 884//535 882//535
f 706//536 872//536 446//536
f 706//537 874//537 872//537
f 818//530 816//530 715//530
f 822//538 820//538 723//538
f 824//539 822//539 723//539
f 812//540 320//540 814//540
f 376//541 828//541 826//541
f 810//542 320//542 812//542
f 376//543 830//543 828//543
f 808//544 320//544 810//544
f 376//545 832//545 830//545
f 715//546 814//546 320//546
f 715//547 816//547 814//547
f 715//548 820//548 818//548
f 715//549 723//549 820//549
f 723//550 826//550 824//550
f 723//551 376//551 826//551
f 376//379 356//379 354//379
f 376//379 358//379 356//379
f 805//552 804//552 344//552
f 348//379 346//379 344//379
f 808//553 344//553 320//553
f 808//554 805//554 344//554
f 832//555 354//555 834//555
f 832//556 376//556 354//556
f 352//557 350//557 804//557
f 348//557 804//557 350//557
f 348//558 344//558 804//558
f 354//559 804//559 834//559
f 354//560 352//560 804//560
f 932//561 933//561 934//561
f 934//561 935//561 932//561
f 936//562 932//562 935//562
f 935//562 937//562 936//562
f 938//563 936//563 937//563
f 937//563 939//563 938//563
f 940//564 938//564 939//564
f 939//564 941//564 940//564
f 942//565 940//565 941//565
f 941//565 943//565 942//565
f 944//566 942//566 943//566
f 943//566 945//566 944//566
f 946//567 944//567 945//567
f 945//567 947//567 946//567
f 948//568 946//568 947//568
f 947//568 949//568 948//568
f 950//569 948//569 949//569
f 949//569 951//569 950//569
f 952//570 950//570 951//570
f 951//570 953//570 952//570
f 954//571 952//571 953//571
f 953//571 955//571 954//571
f 956//572 954//572 955//572
f 955//572 957//572 956//572
f 958//573 956//573 957//573
f 957//573 959//573 958//573
f 960//574 958//574 959//574
f 959//574 961//574 960//574
f 962//575 960//575 961//575
f 961//575 963//575 962//575
f 933//576 962//576 963//576
f 963//576 934//576 933//576
f 954//577 956//577 684//577
f 942//578 944//578 681//578
f 940//579 942//579 681//579
f 960//580 685//580 958//580
f 683//581 936//581 938//581
f 962//582 685//582 960//582
f 683//583 932//583 936//583
f 683//584 933//584 932//584
f 933//585 685//585 962//585
f 683//586 685//586 933//586
f 684//587 958//587 685//587
f 684//588 956//588 958//588
f 684//589 952//589 954//589
f 684//590 964//590 952//590
f 964//591 950//591 952//591
f 681//592 938//592 940//592
f 681//593 683//593 938//593
f 964//594 948//594 950//594
f 964//595 965//595 948//595
f 946//596 948//596 965//596
f 944//597 965//597 681//597
f 944//598 946//598 965//598
f 955//599 966//599 957//599
f 941//600 967//600 943//600
f 968//561 969//561 970//561
f 970//561 971//561 968//561
f 969//562 972//562 973//562
f 973//562 970//562 969//562
f 972//563 974//563 975//563
f 975//563 973//563 972//563
f 974//564 976//564 977//564
f 977//564 975//564 974//564
f 976//565 978//565 979//565
f 979//565 977//565 976//565
f 978//566 980//566 981//566
f 981//566 979//566 978//566
f 980//567 982//567 983//567
f 983//567 981//567 980//567
f 982//568 984//568 985//568
f 985//568 983//568 982//568
f 984//569 986//569 987//569
f 987//569 985//569 984//569
f 986//570 988//570 989//570
f 989//570 987//570 986//570
f 988//571 990//571 991//571
f 991//571 989//571 988//571
f 990//572 992//572 993//572
f 993//572 991//572 990//572
f 992//573 994//573 995//573
f 995//573 993//573 992//573
f 994//574 996//574 997//574
f 997//574 995//574 994//574
f 996//575 998//575 999//575
f 999//575 997//575 996//575
f 998//576 968//576 971//576
f 971//576 999//576 998//576
f 992//601 699//601 698//601
f 990//602 699//602 992//602
f 988//603 699//603 990//603
f 986//604 699//604 988//604
f 984//605 699//605 986//605
f 670//606 699//606 984//606
f 982//607 670//607 984//607
f 980//608 670//608 982//608
f 978//609 670//609 980//609
f 976//610 670//610 978//610
f 668//611 670//611 976//611
f 994//612 992//612 698//612
f 668//613 976//613 974//613
f 996//614 994//614 698//614
f 668//615 974//615 972//615
f 998//616 996//616 698//616
f 668//617 972//617 969//617
f 968//618 998//618 698//618
f 668//619 969//619 968//619
f 1000//620 1001//620 1002//620
f 1002//620 1003//620 1000//620
f 1004//621 1000//621 1003//621
f 1003//621 1005//621 1004//621
f 1006//622 1004//622 1005//622
f 1005//622 1007//622 1006//622
f 1008//623 1006//623 1007//623
f 1007//623 1009//623 1008//623
f 1010//624 1008//624 1009//624
f 1009//624 1011//624 1010//624
f 1012//625 1010//625 1011//625
f 1011//625 1013//625 1012//625
f 1014//626 1012//626 1013//626
f 1013//626 1015//626 1014//626
f 1016//627 1014//627 1015//627
f 1015//627 1017//627 1016//627
f 1018//628 1016//628 1017//628
f 1017//628 1019//628 1018//628
f 1020//629 1018//629 1019//629
f 1019//629 1021//629 1020//629
f 1022//630 1020//630 1021//630
f 1021//630 1023//630 1022//630
f 1024//631 1022//631 1023//631
f 1023//631 1025//631 1024//631
f 1026//632 1024//632 1025//632
f 1025//632 1027//632 1026//632
f 1028//633 1026//633 1027//633
f 1027//633 1029//633 1028//633
f 1030//634 1028//634 1029//634
f 1029//634 1031//634 1030//634
f 1001//635 1030//635 1031//635
f 1031//635 1002//635 1001//635
f 1024//636 676//636 678//636
f 1022//637 1024//637 678//637
f 1020//638 1022//638 678//638
f 1018//639 1020//639 678//639
f 1016//640 1018//640 678//640
f 1032//641 1016//641 678//641
f 1010//642 1012//642 674//642
f 1008//643 1010//643 674//643
f 1026//644 676//644 1024//644
f 1028//645 676//645 1026//645
f 675//646 1004//646 1006//646
f 1030//647 676//647 1028//647
f 675//648 1000//648 1004//648
f 675//649 1001//649 1000//649
f 1001//650 676//650 1030//650
f 1032//651 1014//651 1016//651
f 674//652 1006//652 1008//652
f 674//653 675//653 1006//653
f 1012//654 1032//654 674//654
f 1012//655 1014//655 1032//655
f 1023//656 1033//656 1025//656
f 1011//657 1034//657 1035//657
f 1035//658 1013//658 1011//658
f 1015//659 1013//659 1035//659
f 1021//660 1019//660 1036//660
f 1009//661 1034//661 1011//661
f 991//662 993//662 1037//662
f 953//663 1038//663 966//663
f 966//664 955//664 953//664
f 947//665 945//665 1039//665
f 1039//666 945//666 943//666
f 943//667 967//667 1039//667
f 977//668 979//668 1040//668
f 1041//635 1042//635 1043//635
f 1043//635 1044//635 1041//635
f 1045//634 1041//634 1044//634
f 1044//634 1046//634 1045//634
f 1047//633 1045//633 1046//633
f 1046//633 1048//633 1047//633
f 1049//632 1047//632 1048//632
f 1048//632 1050//632 1049//632
f 1051//631 1049//631 1050//631
f 1050//631 1052//631 1051//631
f 1053//630 1051//630 1052//630
f 1052//630 1054//630 1053//630
f 1055//629 1053//629 1054//629
f 1054//629 1056//629 1055//629
f 1057//628 1055//628 1056//628
f 1056//628 1058//628 1057//628
f 1059//627 1057//627 1058//627
f 1058//627 1060//627 1059//627
f 1061//626 1059//626 1060//626
f 1060//626 1062//626 1061//626
f 1063//669 1061//669 1062//669
f 1062//669 1064//669 1063//669
f 1065//624 1063//624 1064//624
f 1064//624 1066//624 1065//624
f 1067//623 1065//623 1066//623
f 1066//623 1068//623 1067//623
f 1069//670 1067//670 1068//670
f 1068//670 1070//670 1069//670
f 1071//621 1069//621 1070//621
f 1070//621 1072//621 1071//621
f 1042//620 1071//620 1072//620
f 1072//620 1043//620 1042//620
f 1052//671 1050//671 1073//671
f 1056//672 1054//672 1074//672
f 1062//673 1075//673 1076//673
f 1076//674 1064//674 1062//674
f 1074//675 1054//675 1052//675
f 1052//676 1073//676 1074//676
f 1066//677 1064//677 1076//677
f 1049//678 691//678 690//678
f 1051//679 691//679 1049//679
f 1053//680 691//680 1051//680
f 1055//681 691//681 1053//681
f 1057//682 691//682 1055//682
f 1077//683 691//683 1057//683
f 1063//684 692//684 1061//684
f 1065//685 692//685 1063//685
f 1047//686 1049//686 690//686
f 1045//687 1047//687 690//687
f 693//688 1067//688 1069//688
f 1041//689 1045//689 690//689
f 693//690 1069//690 1071//690
f 1042//691 1041//691 690//691
f 693//692 1071//692 1042//692
f 1077//693 1057//693 1059//693
f 692//694 1065//694 1067//694
f 692//695 1067//695 693//695
f 1061//696 692//696 1077//696
f 1061//697 1077//697 1059//697
f 690//698 702//698 1042//698
f 702//699 693//699 1042//699
f 668//700 968//700 717//700
f 717//701 968//701 709//701
f 709//702 968//702 698//702
f 713//703 676//703 1001//703
f 675//704 713//704 1001//704
f 1078//397 672//397 1079//397
f 1079//397 672//397 674//397
f 674//397 1080//397 1079//397
f 1080//397 674//397 1081//397
f 1081//397 674//397 1082//397
f 1082//397 674//397 1083//397
f 1083//397 674//397 1032//397
f 1032//397 1084//397 1083//397
f 1084//397 1032//397 1085//397
f 1085//397 1032//397 1034//397
f 1034//397 1032//397 1035//397
f 1035//397 1032//397 1086//397
f 1086//397 1032//397 678//397
f 678//397 1036//397 1086//397
f 1036//397 678//397 1033//397
f 1033//397 678//397 1087//397
f 1087//397 678//397 1088//397
f 1088//397 678//397 677//397
f 677//397 1089//397 1088//397
f 1089//397 677//397 1090//397
f 1090//397 677//397 1091//397
f 1091//397 677//397 1092//397
f 1092//397 677//397 680//397
f 680//397 1093//397 1092//397
f 1093//397 680//397 1094//397
f 1094//397 680//397 1095//397
f 1095//397 680//397 1096//397
f 1096//397 680//397 681//397
f 681//397 1097//397 1096//397
f 1097//397 681//397 1098//397
f 1098//397 681//397 1099//397
f 1099//397 681//397 965//397
f 965//397 1100//397 1099//397
f 1100//397 965//397 1101//397
f 1101//397 965//397 967//397
f 967//397 965//397 1039//397
f 1039//397 965//397 1102//397
f 1102//397 965//397 964//397
f 964//397 1038//397 1102//397
f 1038//397 964//397 966//397
f 966//397 964//397 1103//397
f 1103//397 964//397 1104//397
f 1104//397 964//397 684//397
f 684//397 1105//397 1104//397
f 1105//397 684//397 1106//397
f 1106//397 684//397 1107//397
f 1107//397 684//397 687//397
f 687//397 1108//397 1107//397
f 1108//397 687//397 1109//397
f 1109//397 687//397 1110//397
f 1110//397 687//397 1111//397
f 1111//397 687//397 1112//397
f 1112//397 687//397 689//397
f 689//397 1113//397 1112//397
f 1113//397 689//397 1114//397
f 1114//397 689//397 1115//397
f 1115//397 689//397 1116//397
f 1116//397 689//397 691//397
f 691//397 1117//397 1116//397
f 1117//397 691//397 1073//397
f 1073//397 691//397 1074//397
f 1074//397 691//397 1077//397
f 1077//397 1118//397 1074//397
f 1118//397 1077//397 1075//397
f 1075//397 1077//397 1076//397
f 1076//397 1077//397 1119//397
f 1119//397 1077//397 692//397
f 692//397 1120//397 1119//397
f 1120//397 692//397 1121//397
f 1121//397 692//397 1122//397
f 1122//397 692//397 1123//397
f 1123//397 692//397 1124//397
f 1124//397 692//397 695//397
f 695//397 1125//397 1124//397
f 1125//397 695//397 1126//397
f 1126//397 695//397 1127//397
f 1127//397 695//397 697//397
f 697//397 1128//397 1127//397
f 1128//397 697//397 1129//397
f 1129//397 697//397 1130//397
f 1130//397 697//397 1131//397
f 1131//397 697//397 1132//397
f 1132//397 697//397 699//397
f 699//397 1133//397 1132//397
f 1133//397 699//397 1037//397
f 1037//397 699//397 1134//397
f 1134//397 699//397 670//397
f 670//397 1135//397 1134//397
f 1135//397 670//397 1136//397
f 1136//397 670//397 1040//397
f 1040//397 670//397 1137//397
f 1137//397 670//397 669//397
f 669//397 1138//397 1137//397
f 1138//397 669//397 1139//397
f 1139//397 669//397 1140//397
f 1140//397 669//397 1141//397
f 1141//397 669//397 1142//397
f 1142//397 669//397 672//397
f 672//397 1143//397 1142//397
f 1143//397 672//397 1078//397
f 1002//705 764//705 1003//705
f 1003//706 764//706 1005//706
f 1005//707 764//707 1007//707
f 1007//708 764//708 1009//708
f 1009//709 764//709 763//709
f 763//710 1034//710 1009//710
f 1034//711 763//711 765//711
f 765//711 1085//711 1034//711
f 1085//712 765//712 766//712
f 766//712 1084//712 1085//712
f 1084//713 766//713 774//713
f 774//713 1083//713 1084//713
f 1083//714 774//714 748//714
f 748//714 1082//714 1083//714
f 1082//715 748//715 747//715
f 747//715 1081//715 1082//715
f 1081//716 747//716 749//716
f 749//716 1080//716 1081//716
f 1080//717 749//717 772//717
f 772//717 1079//717 1080//717
f 1079//718 772//718 771//718
f 771//718 1078//718 1079//718
f 1078//719 771//719 728//719
f 728//719 1143//719 1078//719
f 1143//720 728//720 727//720
f 727//720 1142//720 1143//720
f 1142//721 727//721 770//721
f 770//721 1141//721 1142//721
f 1141//722 770//722 793//722
f 793//722 1140//722 1141//722
f 1140//723 793//723 792//723
f 792//723 1139//723 1140//723
f 1139//724 792//724 729//724
f 729//724 1138//724 1139//724
f 1138//725 729//725 769//725
f 769//725 1137//725 1138//725
f 1137//726 769//726 731//726
f 731//726 1040//726 1137//726
f 1040//727 731//727 730//727
f 730//728 977//728 1040//728
f 977//729 730//729 975//729
f 975//730 730//730 973//730
f 973//731 730//731 970//731
f 970//732 730//732 773//732
f 773//733 971//733 970//733
f 971//734 773//734 999//734
f 999//735 773//735 725//735
f 725//736 997//736 999//736
f 997//737 725//737 995//737
f 995//738 725//738 993//738
f 993//739 725//739 724//739
f 724//740 1037//740 993//740
f 1037//741 724//741 745//741
f 745//741 1133//741 1037//741
f 1133//742 745//742 726//742
f 726//742 1132//742 1133//742
f 1132//743 726//743 775//743
f 775//743 1131//743 1132//743
f 1131//744 775//744 797//744
f 797//744 1130//744 1131//744
f 1130//745 797//745 758//745
f 758//745 1129//745 1130//745
f 1129//746 758//746 757//746
f 757//746 1128//746 1129//746
f 1128//747 757//747 785//747
f 785//747 1127//747 1128//747
f 1127//748 785//748 794//748
f 794//748 1126//748 1127//748
f 1126//749 794//749 787//749
f 787//749 1125//749 1126//749
f 1125//750 787//750 786//750
f 786//750 1124//750 1125//750
f 1124//751 786//751 790//751
f 790//751 1123//751 1124//751
f 1123//752 790//752 789//752
f 789//752 1122//752 1123//752
f 1122//753 789//753 796//753
f 796//753 1121//753 1122//753
f 1121//754 796//754 788//754
f 788//754 1120//754 1121//754
f 1120//755 788//755 795//755
f 795//755 1119//755 1120//755
f 1119//756 795//756 798//756
f 798//756 1076//756 1119//756
f 1076//757 798//757 801//757
f 801//758 1066//758 1076//758
f 1066//759 801//759 1068//759
f 1068//760 801//760 1070//760
f 1070//761 801//761 776//761
f 776//762 1072//762 1070//762
f 1072//763 776//763 1043//763
f 1043//764 776//764 1044//764
f 1044//765 776//765 779//765
f 779//766 1046//766 1044//766
f 1046//767 779//767 1048//767
f 1048//768 779//768 1050//768
f 1050//769 779//769 752//769
f 752//770 1073//770 1050//770
f 1073//771 752//771 751//771
f 751//771 1117//771 1073//771
f 1117//772 751//772 780//772
f 780//772 1116//772 1117//772
f 1116//773 780//773 784//773
f 784//773 1115//773 1116//773
f 1115//774 784//774 783//774
f 783//774 1114//774 1115//774
f 1114//775 783//775 802//775
f 802//775 1113//775 1114//775
f 1113//776 802//776 746//776
f 746//776 1112//776 1113//776
f 1112//777 746//777 750//777
f 750//777 1111//777 1112//777
f 1111//778 750//778 756//778
f 756//778 1110//778 1111//778
f 1110//779 756//779 755//779
f 755//779 1109//779 1110//779
f 1109//780 755//780 743//780
f 743//780 1108//780 1109//780
f 1108//781 743//781 742//781
f 742//781 1107//781 1108//781
f 1107//782 742//782 760//782
f 760//782 1106//782 1107//782
f 1106//783 760//783 759//783
f 759//783 1105//783 1106//783
f 1105//784 759//784 741//784
f 741//784 1104//784 1105//784
f 1104//785 741//785 791//785
f 791//785 1103//785 1104//785
f 1103//786 791//786 762//786
f 762//786 966//786 1103//786
f 966//787 762//787 761//787
f 761//788 957//788 966//788
f 957//789 761//789 959//789
f 959//790 761//790 961//790
f 961//791 761//791 753//791
f 753//792 963//792 961//792
f 963//793 753//793 934//793
f 934//794 753//794 754//794
f 754//795 935//795 934//795
f 935//796 754//796 937//796
f 937//797 754//797 939//797
f 939//798 754//798 941//798
f 941//799 754//799 738//799
f 738//800 967//800 941//800
f 967//801 738//801 737//801
f 737//801 1101//801 967//801
f 1101//802 737//802 733//802
f 733//802 1100//802 1101//802
f 1100//803 733//803 734//803
f 734//803 1099//803 1100//803
f 1099//804 734//804 803//804
f 803//804 1098//804 1099//804
f 1098//805 803//805 777//805
f 777//805 1097//805 1098//805
f 1097//806 777//806 744//806
f 744//806 1096//806 1097//806
f 1096//807 744//807 778//807
f 778//807 1095//807 1096//807
f 1095//808 778//808 782//808
f 782//808 1094//808 1095//808
f 1094//809 782//809 781//809
f 781//809 1093//809 1094//809
f 1093//810 781//810 740//810
f 740//810 1092//810 1093//810
f 1092//811 740//811 739//811
f 739//811 1091//811 1092//811
f 1091//812 739//812 800//812
f 800//812 1090//812 1091//812
f 1090//813 800//813 799//813
f 799//813 1089//813 1090//813
f 1089//814 799//814 732//814
f 732//814 1088//814 1089//814
f 1088//815 732//815 768//815
f 768//815 1087//815 1088//815
f 1087//816 768//816 767//816
f 767//816 1033//816 1087//816
f 1033//817 767//817 736//817
f 736//818 1025//818 1033//818
f 1025//819 736//819 1027//819
f 1027//820 736//820 1029//820
f 1029//821 736//821 735//821
f 735//822 1031//822 1029//822
f 1031//823 735//823 764//823
f 764//824 1002//824 1031//824
f 1056//825 1074//825 1118//825
f 1118//826 1058//826 1056//826
f 1058//827 1118//827 1075//827
f 1075//828 1060//828 1058//828
f 1062//829 1060//829 1075//829
f 953//830 951//830 1038//830
f 1015//831 1035//831 1086//831
f 1086//832 1017//832 1015//832
f 1017//833 1086//833 1036//833
f 1036//834 1019//834 1017//834
f 1021//835 1036//835 1033//835
f 1033//836 1023//836 1021//836
f 947//837 1039//837 1102//837
f 1102//838 949//838 947//838
f 949//839 1102//839 1038//839
f 1038//840 951//840 949//840
f 985//841 1135//841 1136//841
f 1136//842 983//842 985//842
f 987//843 1134//843 1135//843
f 1135//844 985//844 987//844
f 989//845 1134//845 987//845
f 983//846 1136//846 981//846
f 991//847 1037//847 1134//847
f 1134//848 989//848 991//848
f 1040//849 979//849 981//849
f 981//850 1136//850 1040//850
