# Blender 5.0.1
# www.blender.org
mtllib right_shoulder_z_link_visual_13.mtl
o i01.rightArm.rotate.full.014_visual.001
v -0.070923 0.270221 -0.267588
v -0.070020 0.272779 -0.301902
v -0.067894 0.272780 -0.267588
v -0.073086 0.270259 -0.301902
v -0.074271 0.265123 -0.267588
v -0.072315 0.265010 -0.230903
v -0.069060 0.270183 -0.230903
v -0.067461 0.270127 -0.190795
v -0.064508 0.272761 -0.190795
v -0.066050 0.272761 -0.230903
v -0.063285 0.273626 -0.230903
v -0.061742 0.273626 -0.190795
v -0.055346 0.273626 -0.147772
v -0.060557 0.273626 -0.147772
v -0.063341 0.272742 -0.147602
v -0.056719 0.273626 -0.190795
v -0.058413 0.273626 -0.230903
v -0.053239 0.272855 -0.147602
v -0.054782 0.272874 -0.190795
v -0.053672 0.270579 -0.190795
v -0.055647 0.270635 -0.230903
v -0.056587 0.272874 -0.230903
v -0.058582 0.272892 -0.267588
v -0.060764 0.272892 -0.301902
v -0.060313 0.273626 -0.267588
v -0.057716 0.270672 -0.267588
v -0.059955 0.270710 -0.301902
v -0.058074 0.266233 -0.267588
v -0.055892 0.266139 -0.230903
v -0.059993 0.258840 -0.267588
v -0.053710 0.266007 -0.190795
v -0.055233 0.258369 -0.190795
v -0.057660 0.258651 -0.230903
v -0.057792 0.247514 -0.190532
v -0.062965 0.248305 -0.267155
v -0.063906 0.233951 -0.229398
v -0.066558 0.234459 -0.265839
v -0.065411 0.248549 -0.301431
v -0.067950 0.248681 -0.334391
v -0.064865 0.259046 -0.334860
v -0.062344 0.258990 -0.301902
v -0.069060 0.234816 -0.300057
v -0.071600 0.235023 -0.333035
v -0.067217 0.228063 -0.260853
v -0.074328 0.235136 -0.365750
v -0.088211 0.228063 -0.486959
v -0.070716 0.248719 -0.367067
v -0.073876 0.248700 -0.400458
v -0.077413 0.235136 -0.399180
v -0.077244 0.248624 -0.434059
v -0.080667 0.235098 -0.432855
v -0.087083 0.234985 -0.486959
v -0.083941 0.235023 -0.466208
v -0.080630 0.248530 -0.467375
v -0.083847 0.248474 -0.486959
v -0.080969 0.258877 -0.486959
v -0.077733 0.258934 -0.467770
v -0.078862 0.266252 -0.486959
v -0.070885 0.259046 -0.400872
v -0.074309 0.258990 -0.434472
v -0.075682 0.266270 -0.467770
v -0.074911 0.270691 -0.467770
v -0.068872 0.266346 -0.400872
v -0.071619 0.270710 -0.434472
v -0.072108 0.272892 -0.434472
v -0.068308 0.270710 -0.400872
v -0.065166 0.270729 -0.367500
v -0.065655 0.266346 -0.367500
v -0.062401 0.270710 -0.334860
v -0.062852 0.266346 -0.334860
v -0.067668 0.259065 -0.367500
v -0.060369 0.266308 -0.301902
v -0.063191 0.272911 -0.334860
v -0.067518 0.273626 -0.367500
v -0.065900 0.272911 -0.367500
v -0.064865 0.273626 -0.334860
v -0.069625 0.273626 -0.334860
v -0.062476 0.273626 -0.301902
v -0.072258 0.273626 -0.367500
v -0.075042 0.272798 -0.367500
v -0.075080 0.273626 -0.400872
v -0.077902 0.272798 -0.400872
v -0.083997 0.270278 -0.434472
v -0.078147 0.270278 -0.367500
v -0.080837 0.272798 -0.434472
v -0.083696 0.272798 -0.467770
v -0.086876 0.270278 -0.467770
v -0.080837 0.273626 -0.467770
v -0.083489 0.273626 -0.486959
v -0.070452 0.273626 -0.400872
v -0.076491 0.273626 -0.467770
v -0.079294 0.273626 -0.486959
v -0.075249 0.272892 -0.467770
v -0.078203 0.272892 -0.486959
v -0.077996 0.270672 -0.486959
v -0.068929 0.272911 -0.400872
v -0.086311 0.272798 -0.486959
v -0.089509 0.270259 -0.486959
v -0.092990 0.265217 -0.486959
v -0.092294 0.134302 -0.486959
v -0.086612 0.120832 -0.373464
v -0.088964 0.121773 -0.408154
v -0.077733 0.134302 -0.260853
v -0.091221 0.122732 -0.442523
v -0.093291 0.123691 -0.486959
v -0.016517 0.134302 -0.486959
v -0.016517 0.228063 -0.486959
v 0.114755 0.228063 -0.196909
v 0.085841 0.134302 -0.260853
v -0.073143 0.134302 -0.196909
v 0.064959 0.134302 -0.208649
v 0.114755 0.134302 -0.208649
v 0.064959 0.228063 -0.100665
v 0.064959 0.134302 -0.100665
v -0.063360 0.134302 -0.100665
v -0.060463 0.163931 -0.063416
v -0.061855 0.136220 -0.066709
v -0.068233 0.111896 -0.136277
v -0.065034 0.109789 -0.101324
v -0.055835 0.228063 -0.100665
v -0.062062 0.228063 -0.196909
v -0.055195 0.232465 -0.101793
v -0.057980 0.232690 -0.147113
v -0.058224 0.190193 -0.056361
v -0.052957 0.233386 -0.056606
v -0.055120 0.215853 -0.043231
v -0.049984 0.246066 -0.020825
v -0.051565 0.236265 -0.014429
v -0.052731 0.246611 -0.104145
v -0.050906 0.246292 -0.060971
v -0.049176 0.256902 -0.056080
v -0.047972 0.266120 -0.041049
v -0.050699 0.257843 -0.101644
v -0.048668 0.254494 -0.014034
v -0.049834 0.245859 0.008466
v -0.047802 0.260928 0.004138
v -0.048987 0.250675 0.023214
v -0.049984 0.245445 0.054405
v -0.049420 0.250863 0.078428
v -0.048348 0.256037 0.042253
v -0.048047 0.260363 0.061611
v -0.048931 0.256507 0.094213
v -0.047633 0.264766 0.031868
v -0.048160 0.263016 0.076115
v -0.048668 0.266515 0.097994
v -0.047972 0.266477 0.064657
v -0.048630 0.261887 0.101004
v -0.049872 0.254268 0.125120
v -0.049439 0.260909 0.129392
v -0.049495 0.266120 0.128263
v -0.050060 0.261417 0.152004
v -0.050605 0.261455 0.170910
v -0.050192 0.266496 0.151873
v -0.050210 0.269882 0.125065
v -0.052656 0.272215 0.150105
v -0.051791 0.272121 0.123146
v -0.050850 0.272215 0.087478
v -0.051019 0.270071 0.150763
v -0.049307 0.270071 0.091410
v -0.048517 0.269958 0.052110
v -0.049984 0.272121 0.045262
v -0.047991 0.268810 0.009443
v -0.052167 0.273250 0.042253
v -0.049401 0.271557 -0.001317
v -0.051565 0.273118 -0.005005
v -0.049420 0.270898 -0.050267
v -0.050342 0.270616 -0.099536
v -0.052092 0.272874 -0.101624
v -0.051471 0.272949 -0.053803
v -0.053973 0.273626 -0.054989
v -0.059805 0.273626 -0.102340
v -0.054405 0.273626 -0.102340
v -0.054161 0.273626 -0.006246
v -0.059523 0.273626 -0.054989
v -0.059786 0.273626 -0.006246
v -0.062551 0.273043 -0.005005
v -0.062307 0.272855 -0.053803
v -0.062589 0.272761 -0.101624
v -0.065072 0.270522 -0.050267
v -0.065430 0.270183 -0.099536
v -0.066238 0.270089 -0.147076
v -0.067913 0.265029 -0.041049
v -0.068270 0.264784 -0.098671
v -0.069230 0.264747 -0.146850
v -0.072315 0.255754 -0.147602
v -0.071073 0.255491 -0.101644
v -0.075457 0.243225 -0.148091
v -0.070434 0.254456 -0.056080
v -0.073820 0.242755 -0.104145
v -0.076529 0.227009 -0.101793
v -0.074873 0.227968 -0.056606
v -0.072672 0.242398 -0.060971
v -0.073820 0.231110 -0.014429
v -0.072183 0.242153 -0.020825
v -0.072221 0.241927 0.008466
v -0.073124 0.235832 0.023120
v -0.070622 0.251766 -0.014034
v -0.069493 0.259159 0.004138
v -0.071412 0.247420 0.023214
v -0.072559 0.241476 0.054405
v -0.072052 0.247703 0.078428
v -0.073519 0.241194 0.115828
v -0.070754 0.253610 0.042253
v -0.071638 0.254136 0.094213
v -0.070434 0.258557 0.061611
v -0.069098 0.263561 0.031868
v -0.070264 0.261567 0.076115
v -0.070020 0.265537 0.097994
v -0.069342 0.265518 0.064657
v -0.071036 0.260251 0.101004
v -0.071920 0.259047 0.129392
v -0.072654 0.251503 0.125120
v -0.070904 0.265010 0.128263
v -0.071694 0.265330 0.151873
v -0.072691 0.259460 0.152004
v -0.069455 0.269318 0.125065
v -0.070321 0.269487 0.150763
v -0.067461 0.271914 0.123146
v -0.066502 0.272008 0.087478
v -0.068534 0.269581 0.091410
v -0.068346 0.271971 0.150105
v -0.065938 0.273212 0.149766
v -0.066859 0.271651 0.171738
v -0.069248 0.270541 0.171681
v -0.072108 0.264126 0.190607
v -0.071167 0.268321 0.171606
v -0.070246 0.265951 0.191228
v -0.067875 0.266891 0.191528
v -0.071412 0.256526 0.212034
v -0.073199 0.255152 0.210868
v -0.073331 0.261135 0.189591
v -0.075381 0.238259 0.232051
v -0.074516 0.239670 0.235417
v -0.074271 0.252951 0.208911
v -0.072879 0.240629 0.237450
v -0.074610 0.220049 0.266101
v -0.070641 0.241250 0.238465
v -0.072428 0.220801 0.267305
v -0.069813 0.221365 0.267719
v -0.071750 0.198809 0.297707
v -0.074365 0.197925 0.297442
v -0.068026 0.241664 0.238804
v -0.076623 0.196571 0.296616
v -0.078071 0.195987 0.292984
v -0.078730 0.173093 0.326451
v -0.080649 0.169462 0.325887
v -0.080686 0.152456 0.353108
v -0.079765 0.176893 0.307902
v -0.078203 0.197361 0.284349
v -0.081100 0.161373 0.324043
v -0.082586 0.149163 0.354012
v -0.083922 0.143143 0.357435
v -0.082474 0.154130 0.339714
v -0.082229 0.148580 0.335275
v -0.084938 0.134715 0.363625
v -0.083659 0.142259 0.349478
v -0.084693 0.129918 0.359372
v -0.085897 0.124199 0.372918
v -0.085709 0.115094 0.371319
v -0.083169 0.136220 0.344097
v -0.083753 0.124049 0.348819
v -0.081589 0.141582 0.328032
v -0.082078 0.129956 0.330420
v -0.080799 0.153208 0.320694
v -0.080630 0.133587 0.313263
v -0.080216 0.144442 0.312154
v -0.079520 0.155654 0.305419
v -0.079181 0.143915 0.296144
v -0.079689 0.135468 0.300303
v -0.080573 0.122356 0.307431
v -0.078561 0.139061 0.279758
v -0.079351 0.128771 0.291122
v -0.078824 0.117709 0.275695
v -0.080103 0.109206 0.296164
v -0.078147 0.130765 0.261041
v -0.078053 0.102584 0.254720
v -0.077695 0.119872 0.238015
v -0.077846 0.146454 0.250242
v -0.078053 0.151854 0.270578
v -0.077789 0.140510 0.227723
v -0.077677 0.162896 0.241400
v -0.077620 0.165794 0.260721
v -0.077921 0.160639 0.220819
v -0.077921 0.179602 0.215890
v -0.078241 0.181069 0.197793
v -0.078184 0.159642 0.199656
v -0.078297 0.160507 0.178604
v -0.077883 0.135317 0.177834
v -0.077827 0.136126 0.203437
v -0.077319 0.110861 0.210868
v -0.076830 0.081890 0.226370
v -0.077187 0.108209 0.179809
v -0.076228 0.080254 0.183290
v -0.077300 0.109375 0.146774
v -0.076773 0.083320 0.109300
v -0.076303 0.081194 0.145608
v -0.077657 0.111915 0.113684
v -0.077996 0.136917 0.150668
v -0.078354 0.162671 0.156275
v -0.078184 0.139738 0.121716
v -0.078354 0.165549 0.131273
v -0.078109 0.188105 0.140303
v -0.077902 0.190438 0.114058
v -0.078354 0.168597 0.102208
v -0.078485 0.142993 0.090036
v -0.078880 0.145965 0.054744
v -0.078429 0.171230 0.067668
v -0.079539 0.148825 0.016780
v -0.077733 0.192300 0.081306
v -0.078617 0.174184 0.028934
v -0.078993 0.178191 -0.012698
v -0.077338 0.199787 0.003969
v -0.077545 0.194990 0.043965
v -0.076623 0.209438 0.061365
v -0.076002 0.217095 0.074573
v -0.076115 0.213746 0.029780
v -0.076943 0.207745 0.093742
v -0.076040 0.218995 0.099762
v -0.077187 0.207143 0.123371
v -0.076228 0.220086 0.127735
v -0.077469 0.206127 0.146699
v -0.076529 0.220632 0.149822
v -0.076886 0.220331 0.167506
v -0.075400 0.232578 0.149032
v -0.075042 0.230621 0.124782
v -0.074986 0.227536 0.094081
v -0.073820 0.234609 0.078391
v -0.074328 0.228439 0.041989
v -0.075325 0.222287 0.061046
v -0.075212 0.220895 0.003122
v -0.077055 0.208799 -0.043231
v -0.082116 0.183609 -0.101135
v -0.080009 0.181822 -0.056361
v -0.079275 0.207519 -0.099236
v -0.078617 0.227310 -0.147113
v -0.084882 0.184625 -0.144893
v -0.081758 0.207839 -0.145701
v -0.084430 0.208686 -0.188161
v -0.087816 0.185923 -0.185528
v -0.080931 0.227968 -0.189742
v -0.087120 0.209702 -0.227140
v -0.089641 0.210492 -0.263224
v -0.093403 0.188237 -0.258858
v -0.090732 0.187221 -0.223397
v -0.085728 0.229304 -0.265839
v -0.083358 0.228721 -0.229398
v -0.077413 0.243771 -0.190532
v -0.079576 0.244279 -0.230527
v -0.081777 0.244655 -0.267155
v -0.075852 0.256375 -0.230903
v -0.084091 0.244937 -0.301431
v -0.077921 0.256601 -0.267588
v -0.080160 0.256751 -0.301902
v -0.076454 0.265198 -0.301902
v -0.078880 0.265236 -0.334860
v -0.082605 0.256845 -0.334860
v -0.086556 0.245106 -0.334391
v -0.085258 0.256883 -0.367500
v -0.084449 0.265255 -0.400872
v -0.092011 0.245182 -0.400458
v -0.088155 0.256883 -0.400872
v -0.081552 0.265255 -0.367500
v -0.089171 0.245182 -0.367067
v -0.093159 0.230132 -0.365750
v -0.095924 0.230207 -0.399180
v -0.097091 0.211771 -0.363117
v -0.090582 0.229981 -0.333035
v -0.088117 0.229718 -0.300057
v -0.094551 0.211508 -0.330308
v -0.095906 0.189046 -0.292721
v -0.098370 0.189648 -0.325755
v -0.092105 0.211075 -0.297311
v -0.100853 0.190099 -0.358734
v -0.106384 0.166151 -0.386933
v -0.101436 0.164909 -0.319792
v -0.103468 0.190457 -0.392445
v -0.106083 0.190739 -0.426382
v -0.099781 0.211940 -0.396659
v -0.108905 0.166678 -0.421078
v -0.108642 0.191021 -0.460019
v -0.107964 0.139475 -0.380462
v -0.112667 0.141036 -0.448996
v -0.110372 0.140265 -0.414889
v -0.111332 0.167186 -0.454940
v -0.110993 0.191303 -0.486959
v -0.113552 0.167712 -0.486959
v -0.114756 0.141827 -0.486959
v -0.114059 0.114022 -0.486959
v -0.110880 0.084656 -0.486959
v -0.108999 0.083301 -0.435864
v -0.112084 0.112950 -0.442523
v -0.109902 0.111877 -0.408154
v -0.106930 0.081947 -0.401211
v -0.107607 0.110824 -0.373464
v -0.104747 0.080630 -0.366277
v -0.101060 0.051038 -0.394496
v -0.103017 0.052637 -0.429393
v -0.099028 0.049514 -0.359298
v -0.090074 0.018060 -0.352920
v -0.091917 0.019734 -0.388363
v -0.093724 0.021521 -0.423486
v -0.080743 -0.009463 -0.418537
v -0.095398 0.023346 -0.457762
v -0.082210 -0.007525 -0.452983
v -0.063642 -0.039788 -0.414907
v -0.065825 -0.035950 -0.486959
v -0.083452 -0.005681 -0.486959
v -0.064827 -0.037813 -0.449466
v -0.096790 0.025077 -0.486959
v -0.089792 0.095078 -0.486959
v -0.096639 0.256789 -0.486959
v -0.106309 0.055797 -0.486959
v -0.100364 0.245106 -0.486959
v -0.085164 0.066859 -0.486959
v -0.075814 0.036835 -0.486959
v -0.074422 0.035217 -0.457762
v -0.083659 0.065411 -0.463444
v -0.081872 0.063924 -0.429393
v -0.072747 0.033524 -0.423486
v -0.087873 0.093836 -0.435864
v -0.079896 0.062457 -0.394496
v -0.070942 0.031868 -0.388363
v -0.083546 0.091428 -0.366277
v -0.069098 0.030307 -0.352920
v -0.085747 0.092613 -0.401211
v -0.077846 0.061065 -0.359298
v -0.081364 0.090299 -0.331549
v -0.067311 0.028971 -0.317703
v -0.075852 0.059804 -0.324306
v -0.074008 0.058751 -0.290106
v -0.065731 0.027936 -0.283277
v -0.079313 0.089284 -0.297575
v -0.072202 0.057792 -0.256413
v -0.077244 0.088268 -0.264088
v -0.064207 0.027071 -0.249414
v -0.075062 0.087158 -0.230808
v -0.070321 0.056795 -0.223022
v -0.062664 0.026243 -0.215891
v -0.061008 0.025359 -0.182481
v -0.051678 -0.004007 -0.209889
v -0.050455 -0.004609 -0.176423
v -0.049082 -0.005362 -0.142861
v -0.059090 0.024287 -0.148956
v -0.035330 -0.034163 -0.138703
v -0.036910 -0.033448 -0.205544
v -0.023214 -0.056211 -0.161823
v -0.037719 -0.033016 -0.239181
v -0.021973 -0.056211 -0.202101
v -0.021973 -0.056211 -0.486959
v -0.039619 -0.031473 -0.307959
v -0.038603 -0.032395 -0.273250
v 0.110372 -0.056211 -0.161823
v 0.065298 -0.056211 -0.202101
v 0.065298 -0.143708 -0.202101
v 0.110372 -0.142146 -0.161823
v 0.065298 -0.056211 -0.486959
v 0.065298 -0.143708 -0.486959
v 0.030006 -0.143708 -0.202101
v 0.030006 -0.143708 -0.486959
v 0.041425 -0.162483 -0.486959
v 0.041444 -0.163498 -0.434415
v 0.032922 -0.200615 -0.486959
v 0.023045 -0.176498 -0.486959
v 0.039732 -0.221328 -0.486959
v 0.041481 -0.164458 -0.399651
v 0.041500 -0.165342 -0.363775
v 0.041538 -0.166095 -0.327486
v 0.051226 -0.189271 -0.323460
v 0.051226 -0.188801 -0.359749
v 0.051226 -0.188218 -0.395643
v 0.058318 -0.209137 -0.426457
v 0.051226 -0.187522 -0.430389
v 0.051226 -0.186751 -0.463292
v 0.058318 -0.208573 -0.459361
v 0.051226 -0.185829 -0.486959
v 0.053126 -0.272159 -0.486959
v 0.050492 -0.271482 -0.486959
v 0.058318 -0.207820 -0.486959
v 0.055967 -0.272215 -0.486959
v 0.058826 -0.272290 -0.486959
v 0.053126 -0.272742 -0.446117
v 0.055967 -0.272798 -0.446117
v 0.058826 -0.272855 -0.446117
v 0.053126 -0.273118 -0.413214
v 0.050492 -0.272046 -0.446323
v 0.050492 -0.272441 -0.413421
v 0.055967 -0.273175 -0.413214
v 0.053126 -0.273344 -0.378468
v 0.050492 -0.272667 -0.378656
v 0.050492 -0.272780 -0.342762
v 0.048310 -0.270861 -0.343345
v 0.048310 -0.270748 -0.379239
v 0.048310 -0.270522 -0.414004
v 0.046767 -0.266967 -0.380405
v 0.046767 -0.266741 -0.415152
v 0.046767 -0.267136 -0.308223
v 0.046109 -0.260834 -0.346449
v 0.046109 -0.260721 -0.382343
v 0.046109 -0.260796 -0.205318
v 0.046767 -0.267136 -0.272271
v 0.046767 -0.267136 -0.237393
v 0.046767 -0.267042 -0.203381
v 0.048310 -0.270823 -0.202214
v 0.048310 -0.270579 -0.168898
v 0.050492 -0.272742 -0.201632
v 0.050492 -0.272817 -0.235643
v 0.048310 -0.270898 -0.236227
v 0.050492 -0.272817 -0.306472
v 0.053126 -0.273476 -0.342574
v 0.053126 -0.273513 -0.306285
v 0.058826 -0.273626 -0.306285
v 0.058826 -0.273588 -0.342574
v 0.053126 -0.273513 -0.235456
v 0.053126 -0.273419 -0.201443
v 0.055967 -0.273570 -0.235456
v 0.058826 -0.273626 -0.235456
v 0.058826 -0.273626 -0.270333
v 0.061460 -0.272798 -0.235643
v 0.061460 -0.272798 -0.306472
v 0.063642 -0.270183 -0.236227
v 0.061460 -0.272761 -0.342762
v 0.063642 -0.270146 -0.343345
v 0.061460 -0.272648 -0.378656
v 0.058826 -0.273476 -0.378468
v 0.058826 -0.273250 -0.413214
v 0.055967 -0.273419 -0.378468
v 0.061460 -0.272403 -0.413421
v 0.061460 -0.272027 -0.446323
v 0.061460 -0.271444 -0.486959
v 0.063642 -0.269788 -0.414004
v 0.063642 -0.269412 -0.446907
v 0.063642 -0.268829 -0.486959
v 0.065185 -0.264502 -0.415152
v 0.065843 -0.256018 -0.310160
v 0.065185 -0.263543 -0.486959
v 0.065185 -0.264728 -0.380405
v 0.063642 -0.270033 -0.379239
v 0.065185 -0.264878 -0.308223
v 0.065185 -0.264878 -0.272271
v 0.065185 -0.264803 -0.203381
v 0.063642 -0.270108 -0.202214
v 0.063642 -0.269845 -0.168898
v 0.065185 -0.264559 -0.170064
v 0.065185 -0.264069 -0.137255
v 0.063642 -0.269356 -0.136088
v 0.063642 -0.268547 -0.103580
v 0.061460 -0.272479 -0.168314
v 0.061460 -0.271971 -0.135506
v 0.061460 -0.271162 -0.102998
v 0.058826 -0.272817 -0.135317
v 0.061460 -0.270108 -0.070584
v 0.058826 -0.271989 -0.102790
v 0.055967 -0.272742 -0.135317
v 0.055967 -0.270880 -0.070395
v 0.058826 -0.270936 -0.070395
v 0.053126 -0.271877 -0.102790
v 0.055967 -0.271933 -0.102790
v 0.053126 -0.270804 -0.070395
v 0.050492 -0.270127 -0.070584
v 0.053126 -0.269581 -0.037869
v 0.050492 -0.268904 -0.038076
v 0.055967 -0.269638 -0.037869
v 0.058826 -0.269713 -0.037869
v 0.055967 -0.268340 -0.005061
v 0.053126 -0.268283 -0.005061
v 0.053126 -0.266967 0.028275
v 0.050492 -0.266289 0.028088
v 0.050492 -0.267587 -0.005249
v 0.048310 -0.265668 -0.005833
v 0.046767 -0.261906 -0.006998
v 0.048310 -0.266985 -0.038659
v 0.048310 -0.264370 0.027504
v 0.048310 -0.263054 0.062213
v 0.048310 -0.261680 0.099160
v 0.050492 -0.264972 0.062814
v 0.046767 -0.257918 0.097937
v 0.046767 -0.256507 0.137895
v 0.046109 -0.256958 -0.041744
v 0.046109 -0.259235 -0.106667
v 0.046109 -0.260062 -0.139193
v 0.045338 -0.251014 -0.141789
v 0.045338 -0.250186 -0.109282
v 0.045300 -0.249132 -0.076867
v 0.046767 -0.264427 -0.072333
v 0.046767 -0.265499 -0.104729
v 0.048310 -0.269280 -0.103580
v 0.046767 -0.266308 -0.137255
v 0.048310 -0.268208 -0.071167
v 0.050492 -0.271199 -0.102998
v 0.050492 -0.272008 -0.135506
v 0.053126 -0.272686 -0.135317
v 0.053126 -0.273175 -0.168126
v 0.055967 -0.273494 -0.201443
v 0.055967 -0.273250 -0.168126
v 0.050492 -0.272497 -0.168314
v 0.048310 -0.270089 -0.136088
v 0.046767 -0.266797 -0.170064
v 0.058826 -0.273306 -0.168126
v 0.058826 -0.273551 -0.201443
v 0.061460 -0.272723 -0.201632
v 0.043438 -0.238033 -0.112441
v 0.045281 -0.247910 -0.044359
v 0.043231 -0.235757 -0.047520
v 0.043363 -0.236980 -0.080028
v 0.046109 -0.255641 -0.008936
v 0.046767 -0.255039 0.181727
v 0.046109 -0.254343 0.024400
v 0.045187 -0.245313 0.021804
v 0.043080 -0.234496 -0.014692
v 0.045131 -0.243997 0.056457
v 0.042873 -0.233236 0.018643
v 0.042666 -0.231975 0.053276
v 0.038038 -0.217810 0.015050
v 0.038547 -0.218995 -0.018286
v 0.042459 -0.230677 0.089998
v 0.036985 -0.215458 0.086424
v 0.036571 -0.214198 0.126024
v 0.045093 -0.242661 0.093197
v 0.042290 -0.229342 0.129560
v 0.045018 -0.239801 0.176197
v 0.042196 -0.227893 0.172772
v 0.042290 -0.226407 0.215665
v 0.045169 -0.238278 0.218920
v 0.036327 -0.212806 0.169312
v 0.026112 -0.194313 0.166132
v 0.025999 -0.192846 0.209588
v 0.036345 -0.211320 0.212297
v 0.042723 -0.224902 0.254306
v 0.036741 -0.209758 0.251014
v 0.043626 -0.223397 0.284707
v 0.037606 -0.208140 0.281490
v 0.026356 -0.191265 0.248755
v 0.012642 -0.169819 0.247646
v 0.027222 -0.189591 0.279628
v 0.012567 -0.171663 0.207200
v -0.001994 -0.150160 0.159623
v 0.012886 -0.173168 0.162991
v -0.002652 -0.148467 0.204810
v -0.003349 -0.145796 0.247759
v -0.019471 -0.120945 0.245577
v -0.022838 -0.113909 0.288939
v -0.003198 -0.143369 0.282187
v 0.013319 -0.167938 0.279683
v -0.001336 -0.142410 0.301732
v 0.014843 -0.166377 0.298609
v 0.028651 -0.187860 0.298157
v 0.016912 -0.164834 0.307921
v 0.030514 -0.186054 0.307413
v 0.019114 -0.163047 0.311007
v 0.003744 -0.140303 0.313828
v 0.001317 -0.141770 0.310800
v 0.032658 -0.184230 0.310498
v 0.043137 -0.203155 0.311985
v 0.037230 -0.180542 0.310498
v 0.045451 -0.201462 0.311985
v 0.023704 -0.159247 0.311007
v 0.025810 -0.157460 0.307921
v 0.008390 -0.136540 0.313828
v 0.006076 -0.138421 0.313828
v -0.009895 -0.114831 0.319264
v 0.010384 -0.134433 0.310800
v -0.007506 -0.112987 0.319264
v -0.005587 -0.110636 0.316574
v -0.022838 -0.089208 0.327655
v -0.020844 -0.086857 0.325737
v -0.034859 -0.064395 0.338453
v -0.019715 -0.083489 0.319980
v -0.004590 -0.107268 0.308504
v -0.005719 -0.100853 0.296765
v 0.011720 -0.131912 0.301732
v 0.029329 -0.142146 0.295448
v 0.027541 -0.155898 0.298609
v 0.042666 -0.177137 0.279628
v 0.028896 -0.155070 0.279683
v 0.041237 -0.177702 0.298157
v 0.051847 -0.197210 0.299794
v 0.053295 -0.196740 0.281490
v 0.039374 -0.178906 0.307413
v 0.047783 -0.199769 0.311985
v 0.049966 -0.198282 0.308937
v 0.056437 -0.215176 0.312098
v 0.054180 -0.216361 0.315125
v 0.058394 -0.214348 0.302955
v 0.059804 -0.229361 0.313038
v 0.061780 -0.228589 0.304046
v 0.058619 -0.241494 0.310818
v 0.057453 -0.230282 0.316048
v 0.061008 -0.240686 0.307959
v 0.062909 -0.239425 0.299380
v 0.064037 -0.244937 0.276109
v 0.063003 -0.247289 0.285892
v 0.064319 -0.238898 0.282901
v 0.065204 -0.240196 0.256356
v 0.064225 -0.229097 0.256714
v 0.063303 -0.228363 0.286212
v 0.059899 -0.214066 0.284707
v 0.054180 -0.197097 0.251014
v 0.060802 -0.214536 0.254306
v 0.061272 -0.215515 0.215665
v 0.064696 -0.230395 0.218920
v 0.054650 -0.198019 0.212297
v 0.044040 -0.178304 0.209588
v 0.054913 -0.199298 0.169312
v 0.044435 -0.179527 0.166132
v 0.055176 -0.200691 0.126024
v 0.045752 -0.181972 0.082644
v 0.055590 -0.201951 0.086424
v 0.061742 -0.219635 0.089998
v 0.061479 -0.216850 0.172772
v 0.044924 -0.180825 0.122469
v 0.061573 -0.218280 0.129560
v 0.064921 -0.234684 0.093197
v 0.064865 -0.231825 0.176197
v 0.065843 -0.243921 0.179301
v 0.065843 -0.245408 0.135713
v 0.065843 -0.246800 0.095906
v 0.064978 -0.236020 0.056457
v 0.065843 -0.249490 0.024400
v 0.065843 -0.250788 -0.008936
v 0.065034 -0.237337 0.021804
v 0.065129 -0.239933 -0.044359
v 0.062156 -0.222174 0.018643
v 0.062363 -0.223435 -0.014692
v 0.062513 -0.224714 -0.047520
v 0.057133 -0.205469 -0.018286
v 0.056644 -0.204302 0.015050
v 0.048856 -0.185020 -0.022236
v 0.049646 -0.186167 -0.055045
v 0.057528 -0.206692 -0.051113
v 0.047859 -0.183985 0.011100
v 0.046786 -0.182988 0.045790
v 0.036515 -0.161730 0.007167
v 0.034859 -0.160940 0.041876
v 0.033279 -0.160112 0.078843
v 0.029329 -0.142146 0.066822
v 0.065298 -0.142146 -0.161823
v 0.032019 -0.159172 0.118913
v 0.029329 -0.142146 0.181126
v 0.038057 -0.162577 -0.026168
v 0.029329 -0.142146 -0.161823
v 0.065298 -0.142146 0.295448
v 0.065298 -0.056211 0.295448
v -0.027523 -0.056211 0.295448
v -0.023214 -0.056211 0.066822
v -0.033844 -0.035969 -0.005530
v -0.033731 -0.035461 -0.038697
v -0.034145 -0.036458 0.028181
v -0.034991 -0.036402 0.179132
v -0.034822 -0.037004 0.099951
v -0.034540 -0.036816 0.063116
v -0.034841 -0.036948 0.139306
v -0.043438 -0.011005 0.094025
v -0.043080 -0.011382 0.131988
v -0.042911 -0.011438 0.170571
v -0.048630 0.014542 0.123654
v -0.048273 0.013808 0.161711
v -0.048367 0.013357 0.199562
v -0.043231 -0.011081 0.208309
v -0.051603 0.039468 0.153848
v -0.051565 0.038453 0.192131
v -0.053427 0.064564 0.187052
v -0.053540 0.065693 0.148223
v -0.052110 0.040823 0.115959
v -0.054067 0.067536 0.110617
v -0.049289 0.015483 0.086424
v -0.052919 0.042422 0.079163
v -0.054932 0.069756 0.074271
v -0.053916 0.044077 0.044096
v -0.056023 0.071976 0.039224
v -0.055158 0.045808 0.010272
v -0.050022 0.016574 0.051132
v -0.043758 -0.010422 0.058187
v -0.050906 0.017797 0.017213
v -0.044604 -0.008861 -0.009538
v -0.044096 -0.009688 0.023854
v -0.052016 0.019076 -0.015915
v -0.045338 -0.007958 -0.042591
v -0.053408 0.020411 -0.048800
v -0.056682 0.047558 -0.022876
v -0.058544 0.049326 -0.055817
v -0.059127 0.076359 -0.028614
v -0.061291 0.078485 -0.062157
v -0.063925 0.080555 -0.095962
v -0.062194 0.107550 -0.066296
v -0.060821 0.051076 -0.089114
v -0.059955 0.105199 -0.031342
v -0.058224 0.102734 0.003593
v -0.058224 0.131292 0.007901
v -0.059748 0.133831 -0.029272
v -0.057397 0.074177 0.005042
v -0.056908 0.100176 0.038622
v -0.057171 0.128545 0.044415
v -0.055911 0.097505 0.073820
v -0.055854 0.122412 0.113684
v -0.055120 0.094720 0.109300
v -0.056418 0.125610 0.079821
v -0.056211 0.149351 0.121716
v -0.056512 0.152700 0.090036
v -0.056926 0.155672 0.054744
v -0.057585 0.158476 0.016780
v -0.056306 0.180072 0.067668
v -0.056230 0.177401 0.102208
v -0.055647 0.198358 0.114058
v -0.056211 0.174278 0.131273
v -0.055798 0.195931 0.140303
v -0.056174 0.171287 0.156275
v -0.056005 0.146436 0.150668
v -0.055478 0.119760 0.146774
v -0.055873 0.144667 0.177834
v -0.056118 0.169011 0.178604
v -0.055911 0.190776 0.180373
v -0.055779 0.188613 0.197793
v -0.055967 0.167995 0.199656
v -0.055703 0.149370 0.227723
v -0.055779 0.145250 0.203437
v -0.055685 0.168822 0.220819
v -0.055440 0.187108 0.215890
v -0.055722 0.155033 0.250242
v -0.055421 0.170929 0.241400
v -0.055327 0.173657 0.260721
v -0.054744 0.187898 0.250261
v -0.055045 0.186713 0.233687
v -0.054481 0.201575 0.226313
v -0.054067 0.202609 0.239237
v -0.053992 0.211771 0.220970
v -0.054838 0.203550 0.211564
v -0.054029 0.217020 0.209777
v -0.055083 0.206748 0.196176
v -0.054104 0.221854 0.195762
v -0.054086 0.224770 0.182255
v -0.055158 0.209363 0.181389
v -0.055102 0.211451 0.165474
v -0.053973 0.226200 0.167506
v -0.053823 0.226576 0.149822
v -0.052524 0.237544 0.149032
v -0.052750 0.238071 0.168183
v -0.054951 0.213031 0.146699
v -0.052919 0.236980 0.183571
v -0.051922 0.246480 0.185133
v -0.052223 0.241946 0.200502
v -0.053070 0.233386 0.197568
v -0.053201 0.226332 0.212505
v -0.053503 0.216023 0.226896
v -0.052618 0.232596 0.217546
v -0.052505 0.236942 0.222738
v -0.053333 0.222043 0.242811
v -0.053164 0.219729 0.234854
v -0.053898 0.204566 0.250976
v -0.054744 0.189177 0.265613
v -0.054311 0.205356 0.262207
v -0.055365 0.189102 0.279778
v -0.054010 0.223153 0.250524
v -0.055271 0.204811 0.273231
v -0.056512 0.187334 0.293568
v -0.058206 0.183515 0.307902
v -0.056757 0.202798 0.284349
v -0.060708 0.175727 0.325887
v -0.058695 0.200822 0.292984
v -0.055214 0.223247 0.257635
v -0.056889 0.222927 0.263166
v -0.055252 0.242059 0.235417
v -0.053803 0.241288 0.232051
v -0.052882 0.239707 0.227686
v -0.053841 0.256657 0.210868
v -0.052581 0.255058 0.208911
v -0.051207 0.259028 0.188255
v -0.051922 0.252368 0.206390
v -0.051640 0.262715 0.189591
v -0.050887 0.265951 0.171437
v -0.052731 0.265085 0.190607
v -0.051828 0.269017 0.171606
v -0.053521 0.270861 0.171681
v -0.054518 0.266496 0.191228
v -0.056832 0.267173 0.191528
v -0.055722 0.257542 0.212034
v -0.055798 0.271764 0.171738
v -0.057547 0.273626 0.149672
v -0.059523 0.267362 0.191642
v -0.054895 0.273269 0.149766
v -0.058469 0.272065 0.171757
v -0.060388 0.273626 0.149672
v -0.064169 0.272027 0.171757
v -0.062363 0.267305 0.191642
v -0.063623 0.257786 0.212825
v -0.065204 0.267230 0.191642
v -0.066464 0.257654 0.212825
v -0.069117 0.257297 0.212617
v -0.062363 0.242247 0.238804
v -0.060783 0.257937 0.212825
v -0.065204 0.241965 0.238804
v -0.064169 0.222306 0.267719
v -0.061479 0.222663 0.267305
v -0.066144 0.200107 0.297707
v -0.068947 0.199449 0.297707
v -0.070961 0.176874 0.326902
v -0.073745 0.176065 0.326902
v -0.070151 0.157008 0.353448
v -0.072954 0.156124 0.353448
v -0.075739 0.155240 0.353448
v -0.068157 0.177664 0.326902
v -0.067499 0.157591 0.353354
v -0.065467 0.178097 0.326790
v -0.063435 0.200502 0.297442
v -0.062984 0.177777 0.326451
v -0.060933 0.200390 0.296616
v -0.059015 0.222795 0.266101
v -0.057246 0.242417 0.237450
v -0.059673 0.242435 0.238465
v -0.058093 0.257918 0.212617
v -0.065110 0.157535 0.353108
v -0.063416 0.155616 0.354012
v -0.067029 0.139419 0.376605
v -0.069324 0.138929 0.377170
v -0.073349 0.121114 0.398634
v -0.068421 0.123202 0.396997
v -0.071957 0.138158 0.377339
v -0.070716 0.122130 0.398220
v -0.071506 0.107137 0.416695
v -0.069173 0.108773 0.414775
v -0.074158 0.105914 0.417334
v -0.071525 0.093987 0.432704
v -0.074215 0.092595 0.433475
v -0.077018 0.104917 0.417334
v -0.080141 0.090431 0.433475
v -0.079915 0.103901 0.417334
v -0.077131 0.091522 0.433475
v -0.078974 0.119176 0.398634
v -0.076153 0.120155 0.398634
v -0.077545 0.136277 0.377339
v -0.074742 0.137218 0.377339
v -0.080160 0.135299 0.377170
v -0.078372 0.154111 0.353354
v -0.081627 0.118349 0.398220
v -0.083903 0.117803 0.396997
v -0.082436 0.134170 0.376605
v -0.085577 0.117671 0.394552
v -0.084204 0.132646 0.375834
v -0.085295 0.130464 0.375044
v -0.086462 0.118085 0.390470
v -0.085672 0.128357 0.374272
v -0.086575 0.119967 0.383641
v -0.086800 0.112460 0.385409
v -0.087402 0.109187 0.395926
v -0.087365 0.106215 0.404542
v -0.086593 0.104051 0.410938
v -0.087967 0.095097 0.418049
v -0.088061 0.098558 0.409245
v -0.087666 0.100345 0.401287
v -0.088268 0.090751 0.419046
v -0.088249 0.088512 0.418294
v -0.088400 0.077639 0.434172
v -0.088305 0.085371 0.428715
v -0.087177 0.091692 0.425761
v -0.087703 0.069380 0.446926
v -0.087496 0.080254 0.438084
v -0.085615 0.077789 0.443690
v -0.083019 0.077225 0.446493
v -0.085427 0.090093 0.430389
v -0.085728 0.065486 0.454563
v -0.088080 0.056211 0.452833
v -0.082925 0.064489 0.458364
v -0.085916 0.051565 0.464046
v -0.083000 0.050511 0.468843
v -0.083489 0.034126 0.478512
v -0.086330 0.034464 0.473188
v -0.083997 0.017439 0.484776
v -0.088136 0.035405 0.462860
v -0.086631 0.017251 0.479226
v -0.087628 0.003744 0.468559
v -0.086443 0.003066 0.479282
v -0.088174 0.017646 0.468390
v -0.088193 0.018286 0.450688
v -0.088343 0.036383 0.446041
v -0.086951 0.019170 0.427097
v -0.087496 0.003236 0.451742
v -0.086688 -0.004308 0.464929
v -0.085935 0.001975 0.428546
v -0.086293 -0.007807 0.452268
v -0.082191 -0.018587 0.431273
v -0.084618 -0.013940 0.455278
v -0.084355 -0.011382 0.429505
v -0.080423 -0.015595 0.399105
v -0.077657 -0.023948 0.401420
v -0.082887 0.000414 0.398672
v -0.074008 -0.024268 0.362572
v -0.070471 -0.033279 0.372504
v -0.076604 -0.000207 0.334352
v -0.071506 -0.022556 0.332170
v -0.062344 -0.046899 0.342630
v -0.079407 -0.000602 0.365975
v -0.063323 -0.043532 0.326470
v -0.060030 -0.049853 0.351247
v -0.044567 -0.071393 0.338453
v -0.047332 -0.070885 0.334710
v -0.057171 -0.051471 0.354877
v -0.064658 -0.035725 0.377526
v -0.054481 -0.050793 0.356080
v -0.067461 -0.036007 0.376266
v -0.074779 -0.026883 0.403883
v -0.071882 -0.026676 0.404712
v -0.079576 -0.021258 0.432892
v -0.076642 -0.020938 0.433437
v -0.082380 -0.016235 0.458458
v -0.079445 -0.015821 0.459530
v -0.076284 -0.014053 0.459530
v -0.080762 -0.008597 0.478757
v -0.077451 -0.006866 0.478757
v -0.081063 0.003424 0.486959
v -0.077657 0.005098 0.486959
v -0.074554 0.006754 0.486959
v -0.073331 -0.012284 0.459530
v -0.074422 -0.005136 0.478757
v -0.071713 -0.002671 0.477025
v -0.070697 -0.009500 0.458458
v -0.071807 0.008842 0.485040
v -0.071337 0.023516 0.484776
v -0.069399 0.011777 0.479282
v -0.069418 0.001317 0.471815
v -0.068439 -0.004722 0.455278
v -0.067819 0.005832 0.464929
v -0.067348 0.014222 0.468559
v -0.066709 0.003048 0.452268
v -0.065618 0.014843 0.451742
v -0.064903 0.029912 0.450688
v -0.063210 0.031379 0.427097
v -0.063642 0.014222 0.428546
v -0.060915 0.012999 0.398672
v -0.060896 -0.003706 0.399105
v -0.064508 0.000113 0.429505
v -0.066088 -0.008992 0.431273
v -0.061968 -0.014072 0.401420
v -0.068233 -0.014373 0.432892
v -0.070791 -0.017364 0.433437
v -0.066295 -0.023083 0.404712
v -0.063868 -0.019922 0.403883
v -0.059315 -0.032131 0.377526
v -0.057020 -0.029009 0.376266
v -0.055384 -0.023271 0.372504
v -0.045620 -0.039863 0.351247
v -0.047144 -0.044472 0.354877
v -0.054782 -0.011795 0.362572
v -0.043758 -0.030043 0.326470
v -0.057942 0.012209 0.365975
v -0.055252 0.012849 0.334352
v -0.044567 -0.034634 0.342630
v -0.051132 -0.009199 0.332170
v -0.042403 -0.027823 0.305043
v -0.052844 0.013714 0.302767
v -0.048780 -0.007845 0.304402
v -0.046297 -0.008635 0.275338
v -0.050699 0.013620 0.270278
v -0.039769 -0.029667 0.280643
v -0.044266 -0.010177 0.243733
v -0.049100 0.013263 0.236115
v -0.037079 -0.032978 0.251879
v -0.035612 -0.035142 0.217339
v -0.053446 0.036853 0.266346
v -0.052129 0.037644 0.229943
v -0.053898 0.063247 0.226144
v -0.054951 0.092670 0.226370
v -0.055064 0.060802 0.264483
v -0.055252 0.036007 0.301318
v -0.056682 0.058224 0.301224
v -0.057603 0.079087 0.303989
v -0.056080 0.083452 0.268189
v -0.057020 0.102847 0.280907
v -0.058469 0.097373 0.311156
v -0.059222 0.076266 0.337005
v -0.059184 0.113251 0.319773
v -0.059955 0.093460 0.340034
v -0.060726 0.073707 0.367236
v -0.061272 0.089810 0.366898
v -0.060614 0.108378 0.343871
v -0.061836 0.103242 0.367274
v -0.062419 0.114135 0.369174
v -0.061178 0.121265 0.347785
v -0.058318 0.131611 0.307431
v -0.063059 0.124256 0.371319
v -0.059692 0.126852 0.326921
v -0.061347 0.133098 0.348819
v -0.059391 0.150123 0.328032
v -0.060915 0.144855 0.344097
v -0.059805 0.138911 0.330420
v -0.058450 0.142466 0.313263
v -0.057547 0.144310 0.300303
v -0.058055 0.152964 0.312154
v -0.057322 0.163762 0.305419
v -0.057039 0.152474 0.296144
v -0.058619 0.161316 0.320694
v -0.059278 0.168879 0.324043
v -0.057641 0.173281 0.309294
v -0.060124 0.156707 0.335275
v -0.061084 0.161561 0.339714
v -0.061667 0.150386 0.349478
v -0.062382 0.138572 0.359372
v -0.063567 0.132721 0.372918
v -0.063003 0.142786 0.363625
v -0.062834 0.150555 0.357435
v -0.063981 0.136277 0.374272
v -0.064564 0.128150 0.383641
v -0.064357 0.137932 0.375044
v -0.065448 0.125704 0.390470
v -0.066596 0.124369 0.394552
v -0.066031 0.114078 0.404542
v -0.067292 0.111012 0.410938
v -0.069192 0.096018 0.430389
v -0.067348 0.099028 0.425761
v -0.066107 0.103336 0.418049
v -0.065204 0.107362 0.409245
v -0.065768 0.094062 0.428715
v -0.065204 0.099743 0.419046
v -0.064620 0.097937 0.418294
v -0.064395 0.109563 0.401287
v -0.065110 0.086932 0.434172
v -0.065204 0.065843 0.452833
v -0.066182 0.077977 0.446926
v -0.064338 0.082248 0.433437
v -0.063416 0.093422 0.409583
v -0.063981 0.095830 0.414983
v -0.063605 0.080404 0.425461
v -0.062890 0.081382 0.411069
v -0.062965 0.090694 0.403413
v -0.063849 0.065279 0.437689
v -0.062946 0.049608 0.423824
v -0.062852 0.066916 0.418538
v -0.064282 0.047595 0.446041
v -0.065918 0.045507 0.462860
v -0.068835 0.025829 0.479226
v -0.068101 0.042648 0.473188
v -0.066671 0.028143 0.468390
v -0.070697 0.039863 0.478512
v -0.067706 0.059221 0.464046
v -0.070584 0.069399 0.458364
v -0.068082 0.072503 0.454563
v -0.070321 0.055835 0.468843
v -0.073180 0.053785 0.470441
v -0.073556 0.037945 0.480281
v -0.073387 0.067518 0.459624
v -0.076284 0.052430 0.470441
v -0.076698 0.036458 0.480281
v -0.080141 0.034991 0.480281
v -0.076435 0.066257 0.459624
v -0.079689 0.051057 0.470441
v -0.079727 0.064997 0.459624
v -0.079990 0.077808 0.447434
v -0.076830 0.078956 0.447434
v -0.073838 0.080122 0.447434
v -0.071111 0.081721 0.446493
v -0.068759 0.084204 0.443690
v -0.066916 0.088117 0.438084
v -0.080724 0.018530 0.486621
v -0.077281 0.020110 0.486621
v -0.074140 0.021691 0.486621
v -0.061874 0.070151 0.394741
v -0.062175 0.085145 0.391052
v -0.061648 0.052261 0.397262
v -0.060218 0.054800 0.367444
v -0.061385 0.032771 0.398578
v -0.057303 0.035085 0.334823
v -0.058488 0.056512 0.335481
v -0.062589 0.096827 0.388740
v -0.063097 0.104766 0.390282
v -0.063699 0.108999 0.394777
v -0.064150 0.121321 0.385409
v -0.065072 0.117634 0.395926
v -0.065298 0.139212 0.375834
v -0.056381 0.175538 0.294395
v -0.055591 0.175651 0.278499
v -0.055873 0.160206 0.270578
v -0.056362 0.163555 0.288901
v -0.056437 0.147809 0.279758
v -0.056061 0.139832 0.261041
v -0.057190 0.137838 0.291122
v -0.055986 0.112592 0.254720
v -0.057811 0.118913 0.296164
v -0.055666 0.129354 0.238015
v -0.055384 0.120776 0.210868
v -0.055327 0.118386 0.179809
v -0.054500 0.091315 0.183290
v -0.054631 0.092463 0.145608
v -0.033467 -0.060914 0.334710
v -0.034709 -0.048875 0.315916
v -0.033260 -0.055873 0.327524
v -0.020844 -0.076886 0.310950
v -0.036985 -0.066746 0.339695
v -0.049345 -0.047200 0.356080
v -0.061949 -0.033919 0.377526
v -0.051903 -0.049006 0.356080
v -0.041970 -0.070358 0.339695
v -0.039469 -0.068552 0.339695
v -0.025265 -0.091014 0.327655
v -0.027711 -0.092839 0.327655
v -0.030326 -0.093930 0.325737
v -0.012266 -0.116674 0.319264
v -0.014899 -0.117822 0.316574
v -0.018022 -0.117615 0.308504
v -0.033336 -0.093629 0.319980
v -0.037700 -0.089340 0.310950
v -0.044397 -0.078542 0.299192
v -0.053710 -0.062419 0.315916
v -0.050361 -0.068138 0.327524
v -0.056306 -0.055835 0.303275
v -0.060218 -0.043870 0.280643
v -0.052261 -0.062852 0.287999
v -0.057453 -0.047257 0.251879
v -0.037098 -0.090544 0.273870
v -0.047972 -0.069418 0.261568
v -0.055929 -0.049514 0.217339
v -0.045714 -0.073425 0.226971
v -0.033561 -0.097034 0.237507
v -0.044698 -0.075645 0.187277
v -0.055290 -0.050887 0.179132
v -0.063586 -0.025660 0.170571
v -0.063736 -0.025717 0.131988
v -0.055139 -0.051546 0.139306
v -0.064094 -0.025434 0.094025
v -0.055102 -0.051678 0.099951
v -0.054819 -0.051489 0.063116
v -0.044228 -0.076811 0.145664
v -0.043777 -0.077281 0.104597
v -0.042873 -0.077394 0.066633
v -0.041726 -0.077262 0.030984
v -0.030645 -0.102339 0.108435
v -0.029216 -0.102678 0.069362
v -0.016235 -0.126946 0.111876
v -0.014523 -0.127492 0.071996
v -0.027447 -0.102791 0.033072
v -0.010178 -0.128112 0.000640
v -0.025585 -0.102829 -0.001298
v -0.012398 -0.127830 0.035216
v 0.002558 -0.152550 0.038264
v 0.000564 -0.151966 0.075231
v 0.016498 -0.176140 0.041876
v 0.004647 -0.153095 0.003574
v 0.018154 -0.176912 0.007167
v -0.008165 -0.128470 -0.032678
v 0.006584 -0.153716 -0.029761
v 0.008070 -0.154544 -0.062626
v 0.020882 -0.178774 -0.058995
v 0.019678 -0.177758 -0.026168
v 0.030533 -0.199806 -0.022236
v 0.031322 -0.200935 -0.055045
v 0.029536 -0.198772 0.011100
v 0.028463 -0.197775 0.045790
v 0.037493 -0.216662 0.049684
v 0.027428 -0.196740 0.082644
v 0.014918 -0.175313 0.078843
v 0.026601 -0.195611 0.122469
v 0.013658 -0.174353 0.118913
v -0.001054 -0.151214 0.115376
v 0.031925 -0.202083 -0.087572
v 0.021766 -0.179846 -0.091541
v 0.038942 -0.220218 -0.051113
v 0.039449 -0.222438 -0.116035
v 0.039581 -0.223265 -0.148543
v 0.032338 -0.203117 -0.119967
v 0.032621 -0.203945 -0.152493
v 0.022406 -0.180825 -0.123974
v 0.010403 -0.157027 -0.160319
v 0.022838 -0.181615 -0.156500
v 0.023083 -0.182085 -0.189328
v 0.023214 -0.182160 -0.256657
v 0.023196 -0.182254 -0.222664
v 0.010761 -0.157554 -0.226558
v 0.010742 -0.157366 -0.260571
v 0.032809 -0.204434 -0.185302
v 0.032884 -0.204641 -0.218619
v 0.039675 -0.223754 -0.181371
v 0.043532 -0.239331 -0.177758
v 0.043551 -0.239576 -0.211075
v 0.039713 -0.223980 -0.214686
v 0.039732 -0.224018 -0.248681
v 0.043551 -0.239519 -0.315917
v 0.043551 -0.239632 -0.245088
v 0.039732 -0.223905 -0.283560
v 0.032922 -0.204415 -0.287510
v 0.032922 -0.204058 -0.323460
v 0.032922 -0.204622 -0.252631
v 0.039732 -0.223736 -0.319529
v 0.043551 -0.239388 -0.352205
v 0.043551 -0.239181 -0.388100
v 0.039732 -0.223115 -0.391692
v 0.045357 -0.251333 -0.419703
v 0.045357 -0.251578 -0.384939
v 0.046109 -0.259536 -0.486959
v 0.043551 -0.238861 -0.422865
v 0.045357 -0.250336 -0.486959
v 0.043551 -0.238391 -0.455768
v 0.043551 -0.237751 -0.486959
v 0.039732 -0.222663 -0.426457
v 0.039732 -0.222080 -0.459361
v 0.032922 -0.201518 -0.463292
v 0.023064 -0.177645 -0.467319
v 0.032922 -0.202308 -0.430389
v 0.032922 -0.202986 -0.395643
v 0.023083 -0.178642 -0.434415
v 0.023120 -0.179621 -0.399651
v 0.010215 -0.152568 -0.438234
v 0.010328 -0.153829 -0.403487
v 0.023139 -0.180505 -0.363775
v 0.010441 -0.155033 -0.367613
v 0.010554 -0.156068 -0.331362
v 0.023177 -0.181257 -0.327485
v 0.032922 -0.203588 -0.359749
v 0.010648 -0.156876 -0.295448
v -0.004628 -0.130276 -0.298966
v 0.023196 -0.181822 -0.291535
v -0.022142 -0.103543 -0.267060
v -0.004402 -0.130915 -0.264107
v -0.023083 -0.101530 -0.337720
v -0.004891 -0.129241 -0.334860
v -0.022575 -0.102753 -0.301902
v -0.040823 -0.075212 -0.269938
v -0.041538 -0.074309 -0.304723
v -0.042384 -0.072936 -0.340447
v -0.061084 -0.043475 -0.343552
v -0.043288 -0.071261 -0.376436
v -0.059899 -0.044924 -0.307959
v -0.076040 -0.014636 -0.312117
v -0.058902 -0.045959 -0.273250
v -0.058017 -0.046674 -0.239181
v -0.074723 -0.015746 -0.277520
v -0.040259 -0.075795 -0.235851
v -0.021822 -0.103957 -0.233009
v -0.057209 -0.047181 -0.205544
v -0.039769 -0.076115 -0.202271
v -0.021616 -0.104108 -0.199524
v -0.004478 -0.130915 -0.163705
v -0.004289 -0.131198 -0.196684
v -0.021578 -0.104014 -0.166395
v -0.039393 -0.076265 -0.168991
v -0.021710 -0.103769 -0.133437
v -0.039111 -0.076378 -0.135788
v -0.056418 -0.047652 -0.172133
v -0.055609 -0.048141 -0.138703
v -0.038979 -0.076472 -0.102640
v -0.054876 -0.048705 -0.105312
v -0.039130 -0.076585 -0.069493
v -0.022820 -0.103111 -0.067631
v -0.022105 -0.103431 -0.100553
v -0.054311 -0.049288 -0.071976
v -0.065994 -0.022105 -0.042591
v -0.067066 -0.021032 -0.075871
v -0.054029 -0.049890 -0.038697
v -0.039619 -0.076755 -0.036308
v -0.040560 -0.077018 -0.003085
v -0.054123 -0.050530 -0.005530
v -0.054443 -0.051076 0.028181
v -0.065260 -0.023139 -0.009538
v -0.071882 0.003913 0.017213
v -0.072992 0.005305 -0.015915
v -0.064771 -0.024080 0.023854
v -0.064414 -0.024870 0.058187
v -0.070998 0.002634 0.051132
v -0.075155 0.030852 0.044096
v -0.070264 0.001561 0.086424
v -0.076378 0.032640 0.010272
v -0.080573 0.064113 -0.028614
v -0.078843 0.061836 0.005042
v -0.077902 0.034502 -0.022876
v -0.077469 0.059579 0.039224
v -0.078561 0.088682 0.038622
v -0.076378 0.057378 0.074271
v -0.077545 0.086010 0.073820
v -0.075532 0.055252 0.110617
v -0.078974 0.117954 0.044415
v -0.078222 0.115019 0.079821
v -0.080009 0.120738 0.007901
v -0.081570 0.093855 -0.031342
v -0.079859 0.091296 0.003593
v -0.081477 0.123372 -0.029272
v -0.083489 0.125874 -0.066709
v -0.083753 0.096338 -0.066296
v -0.080536 0.151778 -0.022895
v -0.082154 0.154525 -0.063416
v -0.084580 0.156707 -0.103901
v -0.087515 0.158551 -0.143614
v -0.086142 0.128263 -0.103975
v -0.089227 0.130464 -0.140791
v -0.086499 0.098746 -0.101324
v -0.089585 0.101004 -0.136277
v -0.088174 0.070753 -0.129881
v -0.085314 0.068628 -0.095962
v -0.084505 0.040202 -0.122601
v -0.082022 0.038340 -0.089114
v -0.082699 0.066389 -0.062157
v -0.079765 0.036402 -0.055817
v -0.074384 0.006791 -0.048800
v -0.076134 0.008315 -0.082004
v -0.078071 0.009801 -0.115414
v -0.069757 -0.018982 -0.142861
v -0.068364 -0.019979 -0.109319
v -0.080065 0.011212 -0.148956
v -0.087026 0.041952 -0.156180
v -0.071111 -0.018079 -0.176423
v -0.081965 0.012473 -0.182481
v -0.089416 0.043494 -0.189685
v -0.091504 0.044755 -0.223022
v -0.083640 0.013507 -0.215891
v -0.072353 -0.017326 -0.209889
v -0.085182 0.014448 -0.249414
v -0.093385 0.045883 -0.256413
v -0.098483 0.077131 -0.264088
v -0.096301 0.075889 -0.230808
v -0.100533 0.078259 -0.297575
v -0.095191 0.046956 -0.290106
v -0.086706 0.015426 -0.283277
v -0.088287 0.016593 -0.317703
v -0.097034 0.048122 -0.324306
v -0.102584 0.079388 -0.331549
v -0.105312 0.109770 -0.338999
v -0.105538 0.138647 -0.346279
v -0.103092 0.108717 -0.305286
v -0.103205 0.137763 -0.312831
v -0.099010 0.164100 -0.286701
v -0.100835 0.136785 -0.279646
v -0.100835 0.107626 -0.271971
v -0.098445 0.106365 -0.238729
v -0.096470 0.163103 -0.253083
v -0.098332 0.135618 -0.246273
v -0.095567 0.134207 -0.212185
v -0.095793 0.104879 -0.205168
v -0.092745 0.103073 -0.170948
v -0.091108 0.072729 -0.163761
v -0.093874 0.074459 -0.197454
v -0.090638 0.160300 -0.181803
v -0.093704 0.161843 -0.218336
v -0.092444 0.132477 -0.176949
v -0.075005 0.053521 0.148223
v -0.073331 0.027692 0.115959
v -0.074158 0.029197 0.079163
v -0.069606 0.000696 0.123654
v -0.072860 0.026469 0.153848
v -0.069248 0.000094 0.161711
v -0.074967 0.052581 0.187052
v -0.072879 0.025622 0.192131
v -0.069399 -0.000207 0.199562
v -0.063943 -0.025152 0.208309
v -0.065034 -0.024136 0.243733
v -0.070226 -0.000151 0.236115
v -0.073575 0.024945 0.229943
v -0.071957 0.000282 0.270278
v -0.075099 0.024212 0.266346
v -0.077187 0.023403 0.301318
v -0.077037 0.048969 0.264483
v -0.079031 0.046373 0.301224
v -0.078278 0.072447 0.268189
v -0.075588 0.051395 0.226144
v -0.080197 0.067988 0.303989
v -0.081100 0.086932 0.311156
v -0.079313 0.092538 0.280907
v -0.081758 0.103374 0.319773
v -0.083038 0.082925 0.340034
v -0.082097 0.117465 0.326921
v -0.083527 0.098389 0.343871
v -0.083828 0.111764 0.347785
v -0.085465 0.104484 0.369174
v -0.086725 0.094890 0.390282
v -0.085182 0.093140 0.367274
v -0.086480 0.086575 0.388740
v -0.084863 0.079200 0.366898
v -0.087214 0.080329 0.403413
v -0.086349 0.074459 0.391052
v -0.086142 0.058920 0.394741
v -0.084373 0.062514 0.367236
v -0.087421 0.070735 0.411069
v -0.088193 0.054594 0.437689
v -0.087459 0.055798 0.418538
v -0.088023 0.070057 0.425461
v -0.088305 0.072371 0.433437
v -0.087590 0.083301 0.409583
v -0.087101 0.099461 0.394777
v -0.087929 0.086029 0.414983
v -0.087384 0.037851 0.423824
v -0.085728 0.040353 0.397262
v -0.083602 0.042911 0.367444
v -0.084769 0.020317 0.398578
v -0.082116 0.021521 0.367142
v -0.079557 0.022518 0.334823
v -0.081307 0.044642 0.335481
v -0.082304 0.065091 0.337005
v -0.074215 0.000470 0.302767
v -0.069568 -0.021578 0.304402
v -0.067160 -0.022518 0.275338
v -0.062702 -0.041820 0.305043
v -0.023948 -0.102885 -0.034595
v -0.004891 -0.130389 -0.130972
v -0.005587 -0.129711 -0.098332
v -0.006660 -0.129053 -0.065618
v 0.009162 -0.155447 -0.095228
v 0.009914 -0.156331 -0.127736
v -0.004289 -0.131216 -0.230075
v -0.077545 -0.013131 -0.347540
v -0.062363 -0.041707 -0.379390
v -0.079144 -0.011382 -0.383189
v -0.023647 -0.100007 -0.373821
v -0.024230 -0.098295 -0.409583
v -0.044209 -0.069399 -0.412086
v -0.045789 -0.065693 -0.486959
v -0.024757 -0.096545 -0.444274
v -0.025209 -0.094852 -0.486959
v -0.005719 -0.124914 -0.441602
v -0.005945 -0.123409 -0.486959
v -0.005456 -0.126457 -0.406874
v 0.010121 -0.151308 -0.486959
v -0.005173 -0.127924 -0.371056
v -0.045545 -0.022970 -0.486959
v -0.062796 0.006735 -0.486959
v -0.061535 0.004985 -0.452983
v -0.044548 -0.024757 -0.449466
v -0.043344 -0.026620 -0.414907
v -0.042084 -0.028444 -0.379390
v -0.060068 0.003160 -0.418537
v -0.058488 0.001373 -0.383189
v -0.056889 -0.000263 -0.347540
v -0.055365 -0.001637 -0.312117
v -0.040804 -0.030100 -0.343552
v -0.054048 -0.002634 -0.277520
v -0.052844 -0.003386 -0.243526
v 0.046767 -0.265781 -0.486959
v 0.046109 -0.260100 -0.449992
v 0.046109 -0.260476 -0.417089
v 0.046767 -0.266346 -0.448055
v 0.048310 -0.269563 -0.486959
v 0.048310 -0.270127 -0.446907
v 0.045357 -0.251729 -0.349045
v 0.045357 -0.251747 -0.207913
v 0.045357 -0.251503 -0.174598
v 0.043494 -0.238842 -0.144949
v -0.017232 -0.126062 0.155748
v -0.031454 -0.101624 0.151120
v -0.032207 -0.100044 0.194953
v -0.018098 -0.124256 0.201141
v -0.069041 -0.024870 0.404712
v -0.073650 -0.019151 0.433437
v -0.084185 0.002502 0.485040
v -0.083734 -0.009199 0.477025
v -0.085785 -0.007525 0.471815
v -0.084938 0.103167 0.414775
v -0.083000 0.089810 0.432704
v -0.082624 0.103224 0.416695
v -0.076397 0.174936 0.326790
v -0.063247 0.273626 0.149672
v -0.062344 0.273626 0.121866
v -0.061366 0.273626 0.084844
v -0.064075 0.273231 0.085503
v -0.056644 0.273626 0.121866
v -0.065034 0.273193 0.122186
v -0.055666 0.273626 0.084844
v -0.053032 0.273269 0.085503
v -0.053992 0.273250 0.122186
v -0.054782 0.273626 0.041256
v -0.063191 0.273212 0.042253
v -0.065185 0.271256 -0.001317
v -0.065674 0.271914 0.045262
v -0.067442 0.268152 0.009443
v -0.067781 0.269450 0.052110
v -0.051828 0.248135 0.203531
v -0.051320 0.253723 0.186731
v -0.050887 0.255378 0.169706
v -0.051640 0.247609 0.168540
v -0.050474 0.254720 0.149728
v -0.051320 0.246668 0.147809
v -0.050831 0.245163 0.115828
v -0.051283 0.239388 0.078391
v -0.052505 0.233123 0.094081
v -0.052392 0.235776 0.124782
v -0.053615 0.225372 0.099762
v -0.053691 0.226219 0.127735
v -0.054782 0.214179 0.123371
v -0.054612 0.214913 0.093742
v -0.053634 0.223679 0.074573
v -0.054330 0.216606 0.061365
v -0.055496 0.200295 0.081306
v -0.056531 0.182969 0.028934
v -0.055365 0.202948 0.043965
v -0.055214 0.207463 0.003969
v -0.057002 0.186788 -0.012698
v -0.053860 0.220613 0.029780
v -0.052976 0.227103 0.003122
v -0.052938 0.228439 0.061046
v -0.051922 0.233932 0.041989
v -0.050680 0.240479 0.023120
v -0.058676 0.161335 -0.022895
v -0.055892 0.193316 0.161805
v -0.055158 0.021766 -0.082004
v -0.063304 0.052769 -0.122601
v -0.065843 0.054311 -0.156180
v -0.069813 0.084298 -0.163761
v -0.066840 0.082511 -0.129881
v -0.057096 0.023064 -0.115414
v -0.046410 -0.007055 -0.075871
v -0.047689 -0.006171 -0.109319
v -0.034577 -0.034558 -0.105312
v -0.034013 -0.034991 -0.071976
v -0.071506 0.113777 -0.170948
v -0.074629 0.115433 -0.205168
v -0.072616 0.085860 -0.197454
v -0.077338 0.116806 -0.238729
v -0.079746 0.117935 -0.271971
v -0.082022 0.118951 -0.305286
v -0.084261 0.119891 -0.338999
v -0.068233 0.055685 -0.189685
v 0.040766 -0.165643 -0.123974
v 0.041199 -0.166433 -0.156500
v 0.040127 -0.164665 -0.091541
v 0.041444 -0.166903 -0.189328
v 0.039243 -0.163593 -0.058995
v 0.041557 -0.167092 -0.222664
v 0.050944 -0.189159 -0.152493
v 0.051113 -0.189648 -0.185302
v 0.058262 -0.210247 -0.181371
v 0.058187 -0.209758 -0.148543
v 0.051207 -0.189855 -0.218619
v 0.051226 -0.189836 -0.252631
v 0.058318 -0.210398 -0.283560
v 0.051226 -0.189629 -0.287510
v 0.041575 -0.166998 -0.256657
v 0.041557 -0.166659 -0.291535
v 0.058300 -0.210473 -0.214686
v 0.058318 -0.210210 -0.319529
v 0.062833 -0.228345 -0.352205
v 0.062833 -0.228476 -0.315917
v 0.065204 -0.242943 -0.452607
v 0.062833 -0.228514 -0.211075
v 0.062814 -0.228288 -0.177758
v 0.065204 -0.243526 -0.174598
v 0.065204 -0.243752 -0.207913
v 0.062777 -0.227799 -0.144949
v 0.065185 -0.243018 -0.141789
v 0.065166 -0.242209 -0.109282
v 0.062721 -0.226971 -0.112441
v 0.062645 -0.225918 -0.080028
v 0.058036 -0.208930 -0.116035
v 0.065147 -0.241156 -0.076867
v 0.065843 -0.252105 -0.041744
v 0.065843 -0.254381 -0.106667
v 0.065843 -0.255209 -0.139193
v 0.065185 -0.254268 0.137895
v 0.065185 -0.252801 0.181727
v 0.063642 -0.258087 0.183195
v 0.065185 -0.255660 0.097937
v 0.065185 -0.259649 -0.006998
v 0.063642 -0.260965 0.099160
v 0.063642 -0.262320 0.062213
v 0.063642 -0.259554 0.139193
v 0.061460 -0.260702 0.183909
v 0.061460 -0.262169 0.139852
v 0.058826 -0.262997 0.140077
v 0.058826 -0.264408 0.099988
v 0.061460 -0.263580 0.099781
v 0.058826 -0.265763 0.063003
v 0.061460 -0.264935 0.062814
v 0.063642 -0.263637 0.027504
v 0.061460 -0.266252 0.028088
v 0.058826 -0.267098 0.028275
v 0.055967 -0.267023 0.028275
v 0.058826 -0.268396 -0.005061
v 0.061460 -0.268867 -0.038076
v 0.063642 -0.266252 -0.038659
v 0.063642 -0.267474 -0.071167
v 0.065185 -0.262188 -0.072333
v 0.063642 -0.264954 -0.005833
v 0.065185 -0.263261 -0.104729
v 0.053126 -0.265650 0.063003
v 0.053126 -0.264295 0.099988
v 0.053126 -0.262884 0.140077
v 0.050492 -0.263599 0.099781
v 0.048310 -0.260288 0.139193
v 0.050492 -0.262207 0.139852
v 0.048310 -0.258821 0.183195
v 0.050492 -0.260740 0.183909
v 0.053126 -0.261417 0.184154
v 0.048404 -0.256827 0.225504
v 0.050530 -0.258651 0.227198
v 0.053145 -0.259272 0.227761
v 0.053164 -0.255848 0.266384
v 0.050643 -0.255378 0.264915
v 0.048668 -0.253873 0.260494
v 0.047351 -0.250675 0.256507
v 0.048950 -0.249471 0.285892
v 0.047915 -0.248060 0.276109
v 0.047633 -0.243526 0.282901
v 0.049044 -0.243112 0.299380
v 0.046749 -0.245107 0.256356
v 0.046260 -0.247101 0.221309
v 0.045620 -0.236679 0.256714
v 0.046542 -0.235230 0.286212
v 0.048066 -0.234158 0.304046
v 0.050060 -0.233255 0.313038
v 0.045131 -0.221948 0.302955
v 0.039073 -0.206503 0.299794
v 0.047106 -0.220519 0.312098
v 0.040955 -0.204829 0.308937
v 0.049364 -0.219127 0.315125
v 0.051772 -0.217753 0.315125
v 0.052392 -0.232276 0.316048
v 0.053333 -0.242698 0.310818
v 0.054932 -0.231279 0.316048
v 0.055967 -0.242096 0.310818
v 0.055967 -0.250261 0.295561
v 0.058789 -0.255698 0.266384
v 0.058713 -0.249979 0.295561
v 0.055967 -0.255773 0.266384
v 0.053220 -0.250524 0.295561
v 0.050793 -0.250393 0.293154
v 0.050944 -0.243112 0.307959
v 0.058807 -0.259329 0.227761
v 0.055967 -0.259291 0.227761
v 0.058826 -0.261530 0.184154
v 0.061422 -0.258501 0.227198
v 0.061310 -0.254889 0.264915
v 0.063285 -0.252575 0.260494
v 0.063548 -0.255961 0.225504
v 0.065034 -0.250825 0.223322
v 0.064602 -0.247966 0.256507
v 0.065674 -0.242247 0.221309
v 0.061159 -0.249170 0.293154
v 0.046918 -0.253196 0.223322
v 0.046109 -0.248775 0.179301
v 0.046109 -0.250242 0.135694
v 0.046109 -0.251653 0.095906
v 0.065843 -0.254682 -0.486959
v 0.065843 -0.255698 -0.172002
v 0.065204 -0.243809 -0.312756
v 0.065204 -0.242360 -0.486959
v 0.062833 -0.227799 -0.422865
v 0.062833 -0.226708 -0.486959
v 0.062833 -0.227348 -0.455768
v 0.062833 -0.228138 -0.388100
v 0.058318 -0.209608 -0.391692
v 0.058318 -0.209965 -0.355799
v 0.050662 -0.188350 -0.119967
v 0.050229 -0.187315 -0.087572
v 0.057829 -0.207877 -0.083620
v 0.031247 -0.157968 0.162991
v 0.030664 -0.156707 0.207200
v 0.029912 -0.155541 0.247646
v 0.043532 -0.177420 0.248755
v 0.056098 -0.203136 0.049684
v 0.061949 -0.220914 0.053276
v -0.097749 0.245125 -0.467375
v -0.104070 0.230226 -0.486959
v -0.101511 0.230207 -0.466208
v -0.107645 0.212260 -0.486959
v -0.105180 0.212147 -0.463895
v -0.102509 0.212053 -0.430427
v -0.098765 0.230207 -0.432855
v -0.094927 0.245163 -0.434059
v -0.091127 0.256845 -0.434472
v -0.094006 0.256808 -0.467770
v -0.090337 0.265217 -0.467770
v -0.087440 0.265236 -0.434472
v -0.104804 0.054236 -0.463443
v -0.075494 0.270278 -0.334860
v -0.072409 0.272798 -0.334860
v -0.073951 0.256055 -0.190795
v -0.070603 0.264841 -0.190795
v -0.075852 0.233161 0.168183
v -0.074290 0.242736 0.147809
v -0.074140 0.252387 0.169706
v -0.073462 0.251804 0.149728
v -0.074873 0.243658 0.168540
v -0.075362 0.242417 0.185133
v -0.075739 0.237582 0.200502
v -0.076228 0.232032 0.183571
v -0.074742 0.250543 0.186731
v -0.073406 0.259385 0.170910
v -0.074140 0.256695 0.188255
v -0.075306 0.244561 0.203531
v -0.075852 0.232653 0.222738
v -0.075720 0.236039 0.227686
v -0.074892 0.249546 0.206390
v -0.076661 0.218449 0.250524
v -0.077695 0.198997 0.273231
v -0.076679 0.219070 0.257635
v -0.076435 0.216869 0.242811
v -0.077112 0.199223 0.262207
v -0.076736 0.198170 0.250976
v -0.077865 0.182123 0.279778
v -0.077281 0.182047 0.265613
v -0.077244 0.180599 0.250261
v -0.077902 0.167938 0.278499
v -0.076868 0.195969 0.239237
v -0.078692 0.167901 0.294395
v -0.079821 0.165699 0.309294
v -0.078768 0.180505 0.293568
v -0.076999 0.205469 0.220970
v -0.077262 0.194783 0.226313
v -0.076604 0.210021 0.226896
v -0.076322 0.214123 0.234854
v -0.076021 0.227705 0.217546
v -0.076529 0.220839 0.212505
v -0.076454 0.228251 0.197568
v -0.077149 0.210924 0.209777
v -0.077244 0.215929 0.195762
v -0.077639 0.196759 0.211564
v -0.077883 0.200013 0.196176
v -0.077131 0.218920 0.182255
v -0.077902 0.202628 0.181389
v -0.078354 0.183157 0.180373
v -0.077733 0.204641 0.165474
v -0.078278 0.185584 0.161805
v -0.077526 0.179263 0.233687
v -0.078542 0.155371 0.288901
v -0.076134 0.219371 0.263166
v -0.072503 0.264653 0.171437
v -0.049721 0.265932 -0.098671
v -0.051884 0.270560 -0.147076
v -0.051621 0.265913 -0.146850
v -0.052863 0.258087 -0.147602
v -0.055120 0.247025 -0.148091
v -0.060952 0.233274 -0.189742
v -0.067254 0.273626 -0.301902
v -0.065129 0.273626 -0.267588
v 0.065298 -0.056211 -0.161823
v 0.055967 -0.261473 0.184154
v 0.064959 0.228063 -0.196909
vn -0.6345 0.7719 0.0409
vn -0.6448 0.7633 0.0399
vn -0.6449 0.7635 0.0335
vn -0.8346 0.5482 0.0532
vn -0.8349 0.5484 0.0462
vn -0.8456 0.5320 0.0435
vn -0.8459 0.5322 0.0345
vn -0.6653 0.7461 0.0276
vn -0.6502 0.7594 0.0250
vn -0.6500 0.7592 0.0331
vn -0.2986 0.9543 0.0155
vn -0.2986 0.9543 0.0115
vn -0.0000 1.0000 -0.0000
vn -0.3022 0.9532 0.0083
vn -0.2986 0.9543 0.0085
vn 0.3620 0.9321 -0.0153
vn 0.3620 0.9321 -0.0125
vn 0.3445 0.9387 -0.0110
vn 0.3811 0.9244 -0.0172
vn 0.8998 0.4351 -0.0319
vn 0.8994 0.4349 -0.0437
vn 0.9212 0.3869 -0.0415
vn 0.3811 0.9243 -0.0202
vn 0.9208 0.3868 -0.0499
vn 0.3902 0.9204 -0.0248
vn 0.9301 0.3626 -0.0591
vn 0.3902 0.9205 -0.0202
vn 0.9304 0.3627 -0.0521
vn 0.9947 -0.0801 -0.0650
vn 0.9359 0.3470 -0.0607
vn 0.9950 -0.0801 -0.0594
vn 0.9969 -0.0542 -0.0563
vn 0.9663 -0.2508 -0.0581
vn 0.9713 -0.2294 -0.0629
vn 0.9973 -0.0543 -0.0492
vn 0.9985 -0.0082 -0.0544
vn 0.9792 -0.1954 -0.0539
vn 0.9714 -0.2294 -0.0604
vn 0.9712 -0.2304 -0.0604
vn 0.9641 -0.2569 -0.0677
vn 0.9599 -0.2734 -0.0624
vn 0.9679 -0.2419 -0.0678
vn 0.9636 -0.2571 -0.0737
vn 0.9639 -0.2568 -0.0706
vn 0.9593 -0.2735 -0.0704
vn 0.9548 -0.2876 -0.0747
vn 0.9615 -0.2644 -0.0751
vn 0.9560 -0.2841 -0.0736
vn 0.9565 -0.2839 -0.0668
vn 0.9620 -0.2630 -0.0731
vn 0.9618 -0.2632 -0.0757
vn 0.9812 -0.1773 -0.0767
vn 0.9684 -0.2358 -0.0815
vn 0.9609 -0.2648 -0.0810
vn 0.9338 -0.3471 -0.0867
vn 0.9309 -0.3549 -0.0859
vn 0.9602 -0.2641 -0.0907
vn 0.9612 -0.2635 -0.0816
vn 0.9618 -0.2591 -0.0888
vn 0.9610 -0.2596 -0.0957
vn 0.9632 -0.2521 -0.0928
vn 0.9452 -0.3136 -0.0910
vn 0.9631 -0.2522 -0.0940
vn 0.9803 -0.1598 -0.1159
vn -0.0084 -1.0000 0.0031
vn 0.9647 -0.2449 -0.0974
vn 0.9581 -0.2473 -0.1446
vn 0.9603 -0.2304 -0.1571
vn 0.9521 -0.2634 -0.1556
vn 0.9495 -0.2705 -0.1593
vn 0.9579 -0.2704 -0.0966
vn 0.9493 -0.2712 -0.1593
vn 0.9511 -0.2658 -0.1573
vn 0.0203 -0.9998 -0.0004
vn 0.9569 -0.2734 -0.0975
vn 0.9584 -0.2679 -0.0981
vn 0.9723 -0.1696 -0.1609
vn 0.9805 -0.1711 -0.0968
vn 0.9594 -0.2646 -0.0974
vn 0.9835 -0.1506 -0.1000
vn 0.9595 -0.2642 -0.0973
vn 0.9713 0.2178 -0.0962
vn 0.9713 0.2178 -0.0957
vn 0.9870 -0.1277 -0.0973
vn 0.9567 0.2769 -0.0902
vn 0.9895 -0.1104 -0.0931
vn 0.9872 -0.1277 -0.0952
vn 0.9903 -0.1105 -0.0840
vn 0.9911 -0.1026 -0.0851
vn 0.9597 -0.2654 -0.0925
vn 0.9606 -0.2656 -0.0825
vn 0.9552 -0.2847 -0.0812
vn 0.9542 -0.2877 -0.0821
vn 0.9607 -0.2649 -0.0827
vn 0.9599 -0.2647 -0.0924
vn 0.9556 -0.2800 -0.0920
vn 0.9543 -0.2849 -0.0902
vn 0.9928 -0.0934 -0.0749
vn 0.9920 -0.1027 -0.0736
vn 0.9629 -0.2599 -0.0728
vn 0.9614 -0.2651 -0.0740
vn 0.9934 -0.0935 -0.0667
vn 0.9634 -0.2600 -0.0650
vn 0.9382 0.3369 -0.0793
vn 0.9389 0.3372 -0.0689
vn 0.9354 0.3468 -0.0694
vn 0.3925 0.9192 -0.0319
vn 0.4039 0.9142 -0.0335
vn 0.9449 0.3179 -0.0784
vn 0.3925 0.9193 -0.0284
vn 0.3937 0.9188 -0.0285
vn -0.2849 0.9583 0.0244
vn -0.2849 0.9583 0.0230
vn -0.2814 0.9593 0.0238
vn -0.6227 0.7806 0.0544
vn -0.6226 0.7806 0.0544
vn -0.6295 0.7752 0.0539
vn -0.2814 0.9593 0.0246
vn -0.2780 0.9603 0.0239
vn -0.6204 0.7825 0.0533
vn -0.6226 0.7806 0.0538
vn -0.2774 0.9604 0.0239
vn -0.2778 0.9599 0.0384
vn 0.4696 0.8819 -0.0424
vn 0.5072 0.8586 -0.0741
vn 0.5080 0.8600 -0.0479
vn 0.9842 0.0919 -0.1515
vn 0.5560 0.8268 -0.0856
vn 0.9761 0.1501 -0.1571
vn 0.9841 0.1514 -0.0929
vn -0.0000 -0.0000 -1.0000
vn 0.9694 -0.1898 -0.1557
vn 0.4244 0.9047 -0.0373
vn 0.4243 0.9046 -0.0407
vn 0.4039 0.9141 -0.0367
vn 0.9443 0.3177 -0.0857
vn 0.9602 0.2640 -0.0910
vn -0.2813 0.9589 0.0383
vn -0.6197 0.7803 0.0844
vn -0.6191 0.7808 0.0842
vn -0.8178 0.5646 0.1117
vn 0.9793 -0.1896 -0.0715
vn 0.9908 -0.1197 -0.0638
vn 0.9820 -0.1756 -0.0694
vn -0.0000 -1.0000 -0.0000
vn 0.9945 -0.0935 -0.0483
vn 0.9110 -0.0000 -0.4123
vn 0.9110 0.0003 -0.4124
vn 0.8732 0.0606 -0.4836
vn -0.0000 -0.1242 0.9923
vn 1.0000 -0.0000 -0.0000
vn -0.0000 -0.0000 1.0000
vn 0.9967 -0.0800 -0.0139
vn 0.9981 -0.0452 -0.0417
vn 0.9969 -0.0670 -0.0404
vn 0.9933 -0.0555 -0.1010
vn 0.9934 -0.0653 -0.0948
vn 0.9812 -0.1824 -0.0635
vn 0.9868 -0.1552 -0.0457
vn 0.9854 -0.1590 -0.0613
vn 0.9966 -0.0808 -0.0153
vn 0.9914 -0.1212 -0.0501
vn 0.9829 -0.1787 -0.0450
vn 0.9899 -0.1398 -0.0231
vn 0.9926 -0.1210 0.0019
vn 0.9848 -0.1723 -0.0207
vn 0.9861 -0.1646 -0.0236
vn 0.9844 -0.1709 -0.0429
vn 0.9884 -0.1504 -0.0235
vn 0.9890 -0.1416 -0.0428
vn 0.9947 -0.1009 -0.0178
vn 0.9967 -0.0734 -0.0348
vn 0.9848 -0.1700 -0.0364
vn 0.9901 -0.1387 -0.0199
vn 0.9884 -0.1520 -0.0071
vn 0.9887 -0.1495 -0.0061
vn 0.9955 -0.0931 -0.0144
vn 0.9925 -0.1222 -0.0040
vn 0.9902 -0.1397 0.0082
vn 0.9840 -0.1779 0.0016
vn 0.9932 -0.1161 -0.0007
vn 0.9891 -0.1473 0.0083
vn 0.9964 -0.0846 0.0034
vn 0.9924 -0.1224 0.0119
vn 0.9976 -0.0697 0.0036
vn 0.9978 -0.0640 0.0195
vn 0.9925 -0.1212 0.0126
vn 0.9998 -0.0185 0.0112
vn 0.9997 0.0147 0.0209
vn 0.9996 0.0210 0.0198
vn 0.9970 -0.0752 0.0154
vn 0.9998 -0.0172 0.0112
vn 0.9960 -0.0861 0.0241
vn 0.9964 -0.0814 0.0256
vn 0.9994 0.0171 0.0291
vn 0.9993 0.0261 0.0277
vn 0.9995 0.0167 0.0271
vn 0.9993 0.0253 0.0288
vn 0.9771 0.2108 0.0295
vn 0.9992 0.0276 0.0290
vn 0.9779 0.2076 0.0255
vn 0.7917 0.6105 0.0204
vn 0.8070 0.5901 0.0238
vn 0.8074 0.5895 0.0229
vn 0.7896 0.6131 0.0246
vn 0.9718 0.2340 0.0289
vn 0.9738 0.2259 0.0274
vn 0.9768 0.2131 0.0202
vn 0.7985 0.6019 0.0150
vn 0.9750 0.2212 0.0190
vn 0.8056 0.5923 0.0145
vn 0.4515 0.8922 0.0073
vn 0.8809 0.4732 0.0053
vn 0.8342 0.5514 -0.0045
vn 0.4648 0.8854 -0.0049
vn 0.9198 0.3919 -0.0205
vn 0.9592 0.2827 -0.0042
vn 0.5795 0.8150 0.0051
vn 0.5975 0.8018 -0.0110
vn 0.9667 0.2553 -0.0195
vn 0.7080 0.7062 -0.0011
vn 0.7984 0.6018 -0.0184
vn 0.7160 0.6981 -0.0104
vn 0.2625 0.9649 -0.0028
vn 0.2635 0.9647 -0.0049
vn 0.3100 0.9507 -0.0028
vn 0.1916 0.9815 0.0007
vn -0.2068 0.9784 -0.0011
vn -0.2690 0.9631 -0.0051
vn -0.2964 0.9551 0.0018
vn -0.2671 0.9637 -0.0003
vn -0.6720 0.7406 -0.0002
vn -0.6431 0.7658 0.0023
vn -0.6676 0.7445 0.0106
vn -0.2958 0.9552 0.0045
vn -0.6743 0.7384 0.0100
vn -0.8840 0.4673 0.0141
vn -0.8860 0.4636 0.0032
vn -0.8848 0.4660 0.0035
vn -0.8721 0.4890 0.0170
vn -0.9462 0.3231 0.0186
vn -0.9578 0.2874 0.0047
vn -0.9594 0.2806 0.0275
vn -0.9699 0.2421 0.0276
vn -0.9783 0.2034 0.0386
vn -0.9782 0.2070 0.0184
vn -0.9781 0.2073 0.0184
vn -0.9842 0.1742 0.0324
vn -0.9838 0.1750 0.0385
vn -0.9869 0.1589 0.0275
vn -0.9848 0.1716 0.0276
vn -0.9879 0.1547 0.0132
vn -0.9880 0.1540 0.0130
vn -0.9841 0.1774 0.0131
vn -0.9871 0.1603 -0.0000
vn -0.9893 0.1462 -0.0001
vn -0.9892 0.1466 -0.0001
vn -0.9877 0.1565 0.0056
vn -0.9840 0.1780 -0.0113
vn -0.9876 0.1572 -0.0026
vn -0.9881 0.1537 -0.0030
vn -0.9757 0.2189 0.0096
vn -0.9898 0.1420 -0.0122
vn -0.9870 0.1606 -0.0057
vn -0.9917 0.1277 -0.0121
vn -0.9935 0.1118 -0.0195
vn -0.9903 0.1380 -0.0148
vn -0.9876 0.1564 -0.0099
vn -0.9921 0.1241 -0.0153
vn -0.9931 0.1155 -0.0210
vn -0.9839 0.1780 -0.0142
vn -0.9887 0.1489 -0.0194
vn -0.9900 0.1402 -0.0175
vn -0.9923 0.1227 -0.0150
vn -0.9840 0.1771 -0.0211
vn -0.9850 0.1715 -0.0201
vn -0.9839 0.1776 -0.0179
vn -0.9919 0.1245 -0.0242
vn -0.9843 0.1745 -0.0257
vn -0.9922 0.1223 -0.0222
vn -0.9863 0.1635 -0.0238
vn -0.9934 0.1115 -0.0262
vn -0.9550 0.2944 -0.0360
vn -0.9854 0.1666 -0.0352
vn -0.9863 0.1611 -0.0366
vn -0.9526 0.3035 -0.0225
vn -0.9517 0.3053 -0.0341
vn -0.7862 0.6173 -0.0305
vn -0.8025 0.5960 -0.0276
vn -0.8000 0.5997 -0.0199
vn -0.7796 0.6260 -0.0165
vn -0.9502 0.3107 -0.0236
vn -0.4601 0.8877 -0.0169
vn -0.4529 0.8905 0.0443
vn -0.4218 0.9057 0.0424
vn -0.7815 0.6239 0.0086
vn -0.4175 0.8891 0.1875
vn -0.7153 0.6875 0.1250
vn -0.7541 0.6482 0.1058
vn -0.7566 0.6538 0.0059
vn -0.3831 0.9024 0.1973
vn -0.3831 0.8493 0.3632
vn -0.6905 0.6727 0.2660
vn -0.7189 0.6491 0.2488
vn -0.9325 0.3462 0.1031
vn -0.9278 0.3576 0.1063
vn -0.9355 0.3168 0.1563
vn -0.9512 0.2815 0.1265
vn -0.7457 0.5808 0.3263
vn -0.7033 0.6203 0.3473
vn -0.7576 0.5509 0.3500
vn -0.5111 0.7124 0.4809
vn -0.4254 0.7781 0.4621
vn -0.4352 0.7470 0.5027
vn -0.5160 0.6950 0.5007
vn -0.2585 0.7799 0.5700
vn -0.2584 0.7981 0.5443
vn -0.1997 0.8051 0.5585
vn -0.3155 0.7655 0.5608
vn -0.5742 0.6695 0.4712
vn -0.8603 0.4299 0.2740
vn -0.8620 0.4255 0.2755
vn -0.8685 0.4175 0.2672
vn -0.5738 0.6628 0.4810
vn -0.7733 0.5382 0.3352
vn -0.8697 0.4191 0.2607
vn -0.9978 0.0611 -0.0238
vn -0.9987 0.0375 -0.0336
vn -0.9890 0.1431 0.0379
vn -0.9961 0.0683 -0.0557
vn -0.9449 0.2929 0.1463
vn -0.9946 0.1022 -0.0180
vn -0.9967 0.0189 -0.0786
vn -0.9957 0.0268 -0.0883
vn -0.9938 0.1104 -0.0128
vn -0.9968 0.0452 -0.0660
vn -0.9966 0.0197 -0.0796
vn -0.9952 0.0049 -0.0980
vn -0.9959 -0.0047 -0.0905
vn -0.9966 0.0202 -0.0801
vn -0.9953 0.0069 -0.0965
vn -0.9942 -0.0177 -0.1065
vn -0.9955 0.0112 -0.0942
vn -0.9967 0.0167 -0.0800
vn -0.9954 0.0077 -0.0953
vn -0.9963 0.0249 -0.0827
vn -0.9966 0.0258 -0.0787
vn -0.9954 0.0075 -0.0952
vn -0.9964 0.0150 -0.0835
vn -0.9963 0.0298 -0.0808
vn -0.9966 0.0130 -0.0814
vn -0.9976 0.0227 -0.0652
vn -0.9975 0.0278 -0.0654
vn -0.9972 0.0311 -0.0679
vn -0.9982 0.0362 -0.0485
vn -0.9975 0.0338 -0.0615
vn -0.9972 0.0303 -0.0680
vn -0.9985 0.0199 -0.0514
vn -0.9992 0.0075 -0.0395
vn -0.9983 0.0250 -0.0520
vn -0.9976 0.0213 -0.0664
vn -0.9987 0.0351 -0.0376
vn -0.9998 0.0012 -0.0202
vn -0.9991 0.0059 -0.0410
vn -0.9998 0.0043 -0.0216
vn -0.9997 0.0030 -0.0235
vn -1.0000 -0.0051 -0.0012
vn -0.9995 0.0272 -0.0174
vn -0.9997 0.0201 -0.0155
vn -1.0000 -0.0068 -0.0007
vn -0.9999 0.0110 0.0013
vn -0.9998 0.0157 0.0101
vn -0.9998 0.0047 0.0181
vn -0.9999 0.0030 0.0115
vn -0.9999 -0.0022 0.0126
vn -0.9999 -0.0015 0.0125
vn -1.0000 -0.0022 0.0053
vn -0.9999 -0.0166 0.0047
vn -0.9999 -0.0148 0.0027
vn -0.9999 -0.0145 0.0042
vn -0.9998 -0.0187 0.0049
vn -0.9998 -0.0193 0.0028
vn -0.9999 -0.0098 -0.0106
vn -0.9998 -0.0206 -0.0070
vn -0.9998 -0.0183 -0.0027
vn -0.9997 -0.0258 -0.0020
vn -0.9994 -0.0340 0.0022
vn -0.9993 -0.0359 -0.0126
vn -0.9997 -0.0255 0.0025
vn -0.9994 -0.0354 0.0011
vn -0.9997 -0.0256 0.0026
vn -0.9994 -0.0322 0.0083
vn -0.9993 -0.0358 0.0108
vn -0.9996 -0.0265 0.0088
vn -0.9999 -0.0141 0.0012
vn -0.9999 -0.0135 -0.0016
vn -0.9998 -0.0202 0.0045
vn -0.9999 -0.0087 0.0057
vn -0.9999 -0.0165 0.0032
vn -0.9999 0.0135 -0.0067
vn -0.9999 0.0104 0.0012
vn -1.0000 -0.0063 -0.0007
vn -0.9998 0.0196 0.0021
vn -1.0000 0.0006 0.0096
vn -0.9999 -0.0002 0.0112
vn -0.9998 0.0187 0.0036
vn -0.9999 0.0161 0.0034
vn -0.9994 0.0351 -0.0032
vn -0.9998 0.0087 0.0180
vn -0.9994 0.0328 0.0074
vn -0.9996 0.0285 0.0070
vn -0.9978 0.0647 0.0152
vn -0.9995 0.0306 0.0120
vn -0.9987 0.0508 0.0009
vn -0.9986 0.0524 -0.0013
vn -0.9979 0.0642 -0.0004
vn -0.9981 0.0611 0.0022
vn -0.9960 0.0896 -0.0051
vn -0.9961 0.0878 -0.0040
vn -0.9956 0.0933 -0.0033
vn -0.9984 0.0566 -0.0069
vn -0.9964 0.0842 -0.0078
vn -0.9965 0.0835 -0.0065
vn -0.9989 0.0468 -0.0073
vn -0.9986 0.0528 -0.0022
vn -0.9970 0.0772 -0.0097
vn -0.9988 0.0483 -0.0100
vn -0.9967 0.0791 -0.0155
vn -0.9977 0.0667 -0.0092
vn -0.9955 0.0928 -0.0185
vn -0.9975 0.0688 -0.0190
vn -0.9955 0.0926 -0.0222
vn -0.9941 0.1073 -0.0162
vn -0.9934 0.1137 -0.0132
vn -0.9914 0.1304 -0.0149
vn -0.9940 0.1088 -0.0109
vn -0.9914 0.1302 -0.0149
vn -0.9922 0.1222 -0.0245
vn -0.9905 0.1372 -0.0094
vn -0.9887 0.1496 -0.0091
vn -0.9914 0.1300 -0.0149
vn -0.9910 0.1334 -0.0088
vn -0.9904 0.1374 -0.0117
vn -0.9939 0.1105 -0.0074
vn -0.9896 0.1437 -0.0054
vn -0.9941 0.1086 -0.0046
vn -0.9935 0.1139 -0.0060
vn -0.9892 0.1461 -0.0059
vn -0.9902 0.1399 0.0029
vn -0.9906 0.1369 0.0011
vn -0.9904 0.1379 0.0034
vn -0.9952 0.0845 0.0502
vn -0.9927 0.1150 0.0367
vn -0.9922 0.1238 0.0156
vn -0.9901 0.1360 0.0334
vn -0.9975 0.0706 0.0075
vn -0.9951 0.0939 0.0310
vn -0.9973 0.0727 0.0079
vn -0.9889 0.1441 0.0359
vn -0.9852 0.1628 0.0538
vn -0.9883 0.1454 0.0465
vn -0.9915 0.1126 0.0653
vn -0.9894 0.1350 0.0538
vn -0.9887 0.1353 0.0649
vn -0.9844 0.1635 0.0652
vn -0.9853 0.1549 0.0720
vn -0.9849 0.1553 0.0761
vn -0.9816 0.1827 0.0561
vn -0.9803 0.1838 0.0724
vn -0.9810 0.1801 0.0725
vn -0.9744 0.2128 0.0727
vn -0.9775 0.2009 0.0636
vn -0.9818 0.1713 0.0815
vn -0.9821 0.1709 0.0789
vn -0.9773 0.2013 0.0668
vn -0.9734 0.2199 0.0637
vn -0.9693 0.2396 0.0555
vn -0.9689 0.2399 0.0607
vn -0.9649 0.2540 0.0668
vn -0.9534 0.2955 0.0603
vn -0.9496 0.3086 0.0555
vn -0.9648 0.2541 0.0672
vn -0.9488 0.3087 0.0666
vn -0.9240 0.3785 0.0544
vn -0.9462 0.3174 0.0631
vn -0.9175 0.3929 0.0616
vn -0.9181 0.3932 0.0502
vn -0.9141 0.4011 0.0590
vn -0.9136 0.4009 0.0677
vn -0.9456 0.3175 0.0711
vn -0.9118 0.4048 0.0688
vn -0.9440 0.3208 0.0771
vn -0.9444 0.3207 0.0723
vn -0.9114 0.4046 0.0745
vn -0.9119 0.4036 0.0749
vn -0.9116 0.4035 0.0791
vn -0.9115 0.4035 0.0791
vn -0.9444 0.3188 0.0803
vn -0.9457 0.3146 0.0821
vn -0.9448 0.3188 0.0763
vn -0.9616 0.2620 0.0818
vn -0.9620 0.2617 0.0776
vn -0.9627 0.2584 0.0802
vn -0.9722 0.2198 0.0809
vn -0.9725 0.2194 0.0776
vn -0.9618 0.2629 0.0770
vn -0.9624 0.2613 0.0740
vn -0.9621 0.2627 0.0733
vn -0.9727 0.2200 0.0744
vn -0.9724 0.2203 0.0770
vn -0.9799 0.1847 0.0751
vn -0.9794 0.1870 0.0765
vn -0.9793 0.1872 0.0773
vn -0.9728 0.2191 0.0750
vn -0.9800 0.1845 0.0740
vn -0.9729 0.2190 0.0741
vn -0.9853 0.1530 0.0763
vn -0.9797 0.1855 0.0763
vn -0.9883 0.1318 0.0762
vn -0.9795 0.1858 0.0780
vn -0.9871 0.1407 0.0763
vn -0.9874 0.1393 0.0753
vn -0.9876 0.1362 0.0781
vn -0.9798 0.1838 0.0795
vn -0.9881 0.1329 0.0772
vn -0.9800 0.1833 0.0770
vn -0.9879 0.1355 0.0750
vn -0.9882 0.1327 0.0763
vn -0.9892 0.1272 0.0728
vn -0.9949 0.0720 0.0712
vn -0.9942 0.0770 0.0746
vn -0.9951 0.0673 0.0723
vn -0.9951 0.0714 0.0686
vn -0.9876 0.1301 0.0876
vn -0.9917 0.1076 0.0705
vn -0.9965 0.0463 0.0699
vn -0.9964 0.0637 0.0561
vn -0.9982 -0.0250 0.0544
vn -0.9936 -0.1076 0.0337
vn -0.9947 -0.0941 0.0419
vn -0.9990 -0.0106 0.0441
vn -0.9980 -0.0015 0.0633
vn -0.9946 -0.0847 0.0605
vn -0.9943 -0.0909 0.0558
vn -0.9977 -0.0053 0.0670
vn -0.9945 -0.0841 0.0632
vn -0.9950 -0.0802 0.0591
vn -0.9831 -0.1748 0.0548
vn -0.9831 -0.1754 0.0518
vn -0.9822 -0.1818 0.0467
vn -0.9595 -0.2788 0.0410
vn -0.9842 -0.1698 0.0495
vn -0.9632 -0.2653 0.0441
vn -0.9612 -0.2735 0.0371
vn -0.9611 -0.2738 0.0355
vn -0.9236 -0.3824 0.0280
vn -0.9232 -0.3839 0.0177
vn -0.9593 -0.2805 0.0319
vn -0.9207 -0.3895 0.0242
vn -0.8715 -0.4903 0.0096
vn -0.8674 -0.4977 0.0013
vn -0.8672 -0.4979 -0.0017
vn -0.8641 -0.5032 0.0043
vn -0.9174 -0.3978 0.0119
vn -0.9206 -0.3900 0.0208
vn -0.9548 -0.2959 0.0280
vn 0.9544 0.2972 -0.0290
vn 0.9576 0.2847 -0.0438
vn 0.9854 0.1616 -0.0531
vn 0.9575 0.2858 -0.0378
vn 0.9847 0.1684 -0.0443
vn 0.9592 0.2796 -0.0425
vn 0.9590 0.2814 -0.0329
vn 0.9813 0.1899 -0.0322
vn 0.9813 0.1866 -0.0477
vn 0.9610 0.2740 -0.0365
vn 0.9611 0.2737 -0.0379
vn 0.9824 0.1782 -0.0558
vn 0.9836 0.1731 -0.0505
vn 0.9633 0.2645 -0.0457
vn 0.9824 0.1786 -0.0540
vn 0.9835 0.1717 -0.0562
vn 0.9848 0.1661 -0.0501
vn 0.9632 0.2659 -0.0388
vn 0.9652 0.2576 -0.0457
vn 0.9652 0.2579 -0.0441
vn 0.9849 0.1666 -0.0480
vn 0.9671 0.2516 -0.0368
vn 0.9672 0.2499 -0.0447
vn 0.9860 0.1595 -0.0483
vn 0.9859 0.1579 -0.0548
vn 0.9872 0.1491 -0.0565
vn 0.9871 0.1482 -0.0598
vn 0.9691 0.2437 -0.0374
vn 0.9691 0.2434 -0.0386
vn 0.9886 0.1412 -0.0515
vn 0.9715 0.2323 -0.0478
vn 0.9416 0.3350 -0.0351
vn 0.9714 0.2337 -0.0420
vn 0.9449 0.3250 -0.0382
vn 0.9413 0.3363 -0.0283
vn 0.9490 0.3138 -0.0318
vn 0.9036 0.4275 -0.0274
vn 0.9451 0.3240 -0.0437
vn 0.8985 0.4387 -0.0165
vn 0.8950 0.4453 -0.0247
vn 0.8947 0.4464 -0.0158
vn 0.8695 0.4938 -0.0153
vn 0.8340 0.5512 0.0257
vn 0.8369 0.5472 -0.0131
vn 0.8141 0.5807 -0.0000
vn 0.8332 0.5528 -0.0097
vn 0.8359 0.5487 -0.0117
vn 0.6663 -0.0000 -0.7457
vn 0.8543 0.5196 0.0097
vn 0.8496 0.5272 0.0136
vn 0.8831 0.4692 -0.0000
vn 0.8519 0.5235 0.0125
vn 0.9061 0.4229 0.0078
vn 0.9222 0.3867 0.0071
vn 0.9234 0.3837 0.0050
vn 0.9234 0.3839 0.0062
vn 0.9246 0.3807 0.0089
vn 0.9493 0.3143 0.0051
vn 0.9498 0.3128 0.0063
vn 0.9247 0.3806 0.0076
vn 0.9241 0.3820 0.0090
vn 0.9497 0.3130 0.0073
vn 0.9256 0.3785 0.0094
vn 0.9257 0.3781 0.0070
vn 0.9507 0.3099 0.0053
vn 0.9503 0.3110 0.0121
vn 0.9219 0.3871 0.0151
vn 0.9517 0.3069 0.0084
vn -0.0263 -0.9996 -0.0143
vn -0.0198 -0.9997 -0.0143
vn -0.0199 -0.9997 -0.0143
vn -0.0197 -0.9997 -0.0138
vn -0.0197 -0.9997 -0.0114
vn -0.0199 -0.9997 -0.0114
vn -0.2547 -0.9670 -0.0111
vn -0.2482 -0.9687 -0.0116
vn -0.2486 -0.9686 -0.0063
vn -0.0199 -0.9998 -0.0065
vn -0.2488 -0.9685 -0.0030
vn -0.6600 -0.7513 -0.0024
vn -0.6596 -0.7516 -0.0049
vn -0.9258 -0.3780 -0.0012
vn -0.9256 -0.3784 -0.0025
vn -0.9257 -0.3784 -0.0025
vn -0.9947 -0.1031 -0.0007
vn -0.9944 -0.1054 -0.0002
vn -0.9268 -0.3755 -0.0009
vn -0.9943 -0.1069 -0.0003
vn -1.0000 -0.0001 -0.0000
vn -0.9946 -0.1034 -0.0000
vn -0.9946 -0.1039 -0.0000
vn -0.9260 -0.3774 0.0010
vn -0.9945 -0.1047 0.0003
vn -0.9225 -0.3859 -0.0000
vn -0.9262 -0.3770 0.0028
vn -0.6612 -0.7502 0.0055
vn -0.6606 -0.7508 0.0017
vn -0.9280 -0.3726 0.0008
vn -0.6603 -0.7510 -0.0000
vn -0.6741 -0.7386 -0.0008
vn -0.6603 -0.7510 -0.0003
vn -0.9248 -0.3804 -0.0001
vn -0.2554 -0.9668 -0.0010
vn -0.2555 -0.9668 -0.0000
vn -0.0198 -0.9998 -0.0010
vn -0.0198 -0.9998 -0.0000
vn -0.0198 -0.9998 0.0028
vn -0.2492 -0.9684 0.0027
vn -0.2557 -0.9668 0.0021
vn 0.2998 -0.9540 -0.0000
vn 0.7763 -0.6303 -0.0007
vn 0.7678 -0.6407 -0.0000
vn 0.2997 -0.9540 -0.0010
vn 0.7677 -0.6408 -0.0002
vn 0.7675 -0.6410 -0.0020
vn 0.2996 -0.9540 -0.0030
vn 0.2996 -0.9541 -0.0030
vn 0.2994 -0.9541 -0.0062
vn -0.0263 -0.9996 -0.0065
vn -0.0197 -0.9998 -0.0070
vn -0.0197 -0.9998 -0.0031
vn -0.0198 -0.9998 -0.0031
vn -0.0265 -0.9996 -0.0070
vn -0.0265 -0.9996 -0.0037
vn 0.2990 -0.9542 -0.0115
vn -0.0263 -0.9996 -0.0120
vn 0.3052 -0.9522 -0.0109
vn 0.3055 -0.9522 -0.0067
vn 0.2988 -0.9542 -0.0137
vn 0.7667 -0.6419 -0.0092
vn 0.7669 -0.6417 -0.0073
vn 0.7677 -0.6407 -0.0093
vn 0.9612 -0.2760 -0.0040
vn 0.9598 -0.2808 -0.0032
vn 0.9978 -0.0665 -0.0009
vn 0.9974 -0.0717 -0.0005
vn 0.9600 -0.2801 -0.0037
vn 0.9601 -0.2796 -0.0018
vn 0.9598 -0.2805 -0.0020
vn 0.9602 -0.2794 -0.0009
vn 0.7673 -0.6413 -0.0045
vn 0.9972 -0.0741 -0.0002
vn 0.9607 -0.2775 -0.0006
vn 0.9597 -0.2810 -0.0000
vn 0.9973 -0.0741 0.0001
vn 1.0000 0.0003 -0.0000
vn 0.9976 -0.0687 0.0005
vn 0.9604 -0.2788 0.0022
vn 0.9602 -0.2791 0.0003
vn 0.9601 -0.2797 0.0021
vn 0.9981 -0.0618 0.0009
vn 0.9602 -0.2793 0.0042
vn 0.7694 -0.6386 0.0159
vn 0.9604 -0.2787 0.0069
vn 0.7710 -0.6367 0.0095
vn 0.7688 -0.6394 0.0099
vn 0.3075 -0.9513 0.0237
vn 0.3015 -0.9532 0.0243
vn 0.7699 -0.6379 0.0207
vn 0.3019 -0.9528 0.0310
vn -0.0263 -0.9993 0.0254
vn -0.0198 -0.9995 0.0249
vn -0.0197 -0.9993 0.0325
vn 0.3017 -0.9529 0.0310
vn -0.0265 -0.9991 0.0325
vn -0.0198 -0.9993 0.0331
vn -0.2510 -0.9674 0.0320
vn -0.0265 -0.9989 0.0381
vn -0.2513 -0.9672 0.0364
vn -0.0199 -0.9991 0.0376
vn -0.2515 -0.9672 0.0364
vn -0.0263 -0.9989 0.0376
vn -0.0263 -0.9989 0.0395
vn -0.0198 -0.9990 0.0395
vn -0.0197 -0.9991 0.0381
vn -0.0199 -0.9990 0.0395
vn -0.2514 -0.9671 0.0382
vn -0.2578 -0.9655 0.0376
vn -0.2579 -0.9654 0.0387
vn -0.2517 -0.9671 0.0383
vn -0.6644 -0.7468 0.0291
vn -0.6646 -0.7466 0.0299
vn -0.6645 -0.7467 0.0300
vn -0.9267 -0.3754 0.0146
vn -0.9268 -0.3753 0.0151
vn -0.6643 -0.7469 0.0283
vn -0.9255 -0.3784 0.0144
vn -0.6644 -0.7469 0.0278
vn -0.9268 -0.3754 0.0140
vn -0.9257 -0.3780 0.0144
vn -0.6645 -0.7468 0.0283
vn -0.9938 -0.1110 0.0039
vn -0.9267 -0.3756 0.0133
vn -0.9948 -0.1014 0.0039
vn -0.9937 -0.1117 0.0039
vn -0.9964 -0.0843 0.0021
vn -0.9946 -0.1037 0.0026
vn -0.9949 -0.1005 0.0039
vn -0.9964 -0.0845 0.0016
vn -0.9960 -0.0890 0.0031
vn -0.9946 -0.1035 0.0034
vn -0.9946 -0.1040 0.0026
vn -0.9269 -0.3753 0.0093
vn -0.9272 -0.3745 0.0124
vn -0.9272 -0.3744 0.0124
vn -0.9273 -0.3740 0.0141
vn -0.6639 -0.7475 0.0247
vn -0.6643 -0.7469 0.0281
vn -0.6638 -0.7475 0.0247
vn -0.2506 -0.9678 0.0241
vn -0.6630 -0.7484 0.0186
vn -0.2508 -0.9678 0.0241
vn -0.2513 -0.9674 0.0320
vn -0.0198 -0.9997 0.0149
vn -0.2500 -0.9681 0.0144
vn -0.2495 -0.9684 0.0071
vn -0.0265 -0.9996 0.0073
vn -0.2499 -0.9682 0.0144
vn -0.0265 -0.9995 0.0155
vn -0.2495 -0.9683 0.0071
vn -0.6620 -0.7494 0.0112
vn -0.9265 -0.3762 0.0056
vn -0.9269 -0.3752 0.0093
vn -0.9945 -0.1046 0.0008
vn -0.9950 -0.1003 0.0015
vn -0.0197 -0.9998 0.0073
vn -0.0197 -0.9997 0.0155
vn -0.0197 -0.9998 0.0022
vn 0.3003 -0.9538 0.0070
vn 0.3000 -0.9540 0.0021
vn 0.7705 -0.6374 0.0047
vn 0.7683 -0.6400 0.0051
vn 0.7679 -0.6405 0.0014
vn 0.2999 -0.9540 0.0021
vn 0.3007 -0.9536 0.0142
vn -0.0263 -0.9995 0.0149
vn -0.0265 -0.9996 0.0022
vn -0.0198 -0.9998 0.0022
vn -0.9945 -0.1045 0.0012
vn -0.9284 -0.3712 0.0143
vn -0.9881 -0.1535 0.0038
vn -0.9876 -0.1567 0.0028
vn -0.9956 -0.0932 0.0029
vn -0.9863 -0.1650 0.0056
vn -0.9876 -0.1570 0.0019
vn -0.9962 -0.0873 0.0035
vn -0.9936 -0.1131 0.0038
vn -0.9953 -0.0969 0.0039
vn -0.9954 -0.0960 0.0037
vn -0.9954 -0.0958 0.0023
vn -0.9949 -0.1009 0.0022
vn -0.9848 -0.1736 0.0054
vn -0.9822 -0.1879 0.0010
vn -0.9824 -0.1868 0.0055
vn -0.9546 -0.2980 0.0051
vn -0.9513 -0.3082 0.0055
vn -0.9540 -0.2999 -0.0039
vn -0.9797 -0.2003 0.0015
vn -0.9601 -0.2797 0.0046
vn -0.9415 -0.3371 0.0066
vn -0.9410 -0.3383 0.0009
vn -0.9361 -0.3517 0.0079
vn -0.9770 -0.2129 0.0067
vn -0.9769 -0.2139 0.0030
vn -0.9746 -0.2237 0.0068
vn -0.9734 -0.2291 0.0056
vn -0.9362 -0.3513 0.0097
vn -0.9330 -0.3596 0.0145
vn -0.9724 -0.2330 0.0102
vn -0.9737 -0.2274 0.0115
vn -0.9324 -0.3613 0.0063
vn -0.9313 -0.3640 0.0130
vn -0.8761 -0.4821 0.0106
vn -0.8763 -0.4816 0.0140
vn -0.8734 -0.4867 0.0172
vn -0.9316 -0.3628 0.0241
vn -0.9320 -0.3617 0.0245
vn -0.8739 -0.4853 0.0285
vn -0.9324 -0.3585 0.0454
vn -0.9325 -0.3583 0.0455
vn -0.8730 -0.4869 0.0276
vn -0.8734 -0.4843 0.0505
vn -0.8425 -0.5361 0.0527
vn -0.8428 -0.5376 0.0261
vn -0.8736 -0.4840 0.0507
vn -0.8457 -0.5329 0.0292
vn -0.8452 -0.5342 0.0158
vn -0.8365 -0.5480 0.0083
vn -0.8404 -0.5418 0.0124
vn -0.8486 -0.5290 0.0119
vn -0.8321 -0.5540 0.0268
vn -0.8369 -0.5470 0.0205
vn -0.8396 -0.5427 0.0229
vn -0.8396 -0.5429 0.0202
vn -0.8316 -0.5537 0.0427
vn -0.8267 -0.5610 0.0432
vn -0.8193 -0.5623 0.1124
vn -0.8265 -0.5607 0.0504
vn -0.8161 -0.5682 0.1057
vn -0.8177 -0.5658 0.1057
vn -0.7822 -0.5628 0.2671
vn -0.8361 -0.5371 0.1116
vn -0.8346 -0.5388 0.1147
vn -0.8082 -0.5251 0.2666
vn -0.6164 -0.4111 0.6716
vn -0.8089 -0.5248 0.2652
vn -0.5684 -0.4681 0.6767
vn -0.6141 -0.4089 0.6750
vn -0.5656 -0.4673 0.6795
vn -0.7821 -0.5624 0.2685
vn -0.6769 -0.3228 0.6615
vn -0.0408 0.0558 0.9976
vn 0.0127 -0.0158 0.9998
vn -0.0434 0.0538 0.9976
vn 0.0130 -0.0157 0.9998
vn 0.6586 0.3622 0.6596
vn 0.6393 0.3902 0.6626
vn 0.0657 -0.0793 0.9947
vn 0.6506 0.3518 0.6730
vn 0.0648 -0.0797 0.9947
vn 0.1187 -0.1460 0.9821
vn 0.1150 -0.1490 0.9821
vn 0.6824 0.3075 0.6631
vn 0.1743 -0.2258 0.9585
vn 0.7100 0.1948 0.6767
vn 0.6566 0.2698 0.7043
vn 0.6120 0.1187 0.7819
vn 0.6844 0.0143 0.7290
vn 0.8684 0.3346 0.3660
vn 0.8527 0.4363 0.2874
vn 0.8529 0.3602 0.3779
vn 0.8239 0.4797 0.3019
vn 0.8368 0.4831 0.2576
vn 0.8667 0.4681 0.1725
vn 0.8417 0.5037 0.1943
vn 0.4100 0.1533 0.8991
vn 0.5074 0.4064 0.7599
vn 0.8246 0.5127 0.2392
vn 0.8164 0.5140 0.2632
vn 0.8448 0.5289 0.0813
vn 0.8455 0.5274 0.0836
vn 0.8244 0.5129 0.2392
vn 0.9913 -0.1137 0.0660
vn 0.8727 0.4815 0.0814
vn 0.8461 0.4797 0.2326
vn 0.8728 0.4811 0.0820
vn 0.8244 0.5159 0.2330
vn 0.6385 0.4013 0.6567
vn 0.6447 0.3922 0.6562
vn 0.6406 0.4016 0.6545
vn 0.8461 0.4806 0.2305
vn 0.8939 0.3853 0.2291
vn 0.6579 0.3743 0.6535
vn 0.6651 0.3782 0.6439
vn 0.7397 0.2178 0.6367
vn 0.8953 0.3837 0.2263
vn 0.9448 0.2391 0.2239
vn 0.7363 0.2156 0.6413
vn 0.9432 0.2417 0.2279
vn 0.9765 0.0090 0.2153
vn 0.7792 -0.1856 0.5986
vn 0.8011 -0.1825 0.5700
vn 0.9761 0.0064 0.2172
vn 0.9874 -0.1363 0.0802
vn 0.9900 -0.1188 0.0762
vn 0.9457 -0.2780 0.1686
vn 0.9940 0.0660 0.0872
vn 0.9954 -0.0887 0.0375
vn 0.9958 0.0868 0.0289
vn 0.9958 0.0869 0.0290
vn 0.9939 0.0689 0.0858
vn 0.9671 0.2393 0.0857
vn 0.9719 0.2340 0.0246
vn 0.9680 0.2366 0.0835
vn 0.9260 0.3683 0.0827
vn 0.9259 0.3688 0.0821
vn 0.9722 0.2328 0.0253
vn 0.9328 0.3597 0.0228
vn 0.9332 0.3586 0.0222
vn 0.9351 0.3544 0.0024
vn 0.9742 0.2255 0.0061
vn 0.9347 0.3555 0.0029
vn 0.9733 0.2295 0.0042
vn 0.8806 0.4738 -0.0006
vn 0.8810 0.4730 -0.0087
vn 0.9355 0.3532 -0.0048
vn 0.8839 0.4676 -0.0051
vn 0.9363 0.3511 -0.0056
vn 0.8842 0.4670 -0.0096
vn 0.8889 0.4581 -0.0037
vn 0.8882 0.4593 0.0052
vn 0.8975 0.4411 -0.0047
vn 0.9445 0.3285 -0.0006
vn 0.9403 0.3404 -0.0076
vn 0.9377 0.3475 -0.0063
vn 0.9403 0.3401 -0.0092
vn 0.9767 0.2143 -0.0067
vn 0.9785 0.2061 -0.0029
vn 0.9756 0.2194 -0.0051
vn 0.9967 0.0809 0.0012
vn 0.9968 0.0799 -0.0027
vn 0.9970 0.0778 -0.0020
vn 0.9755 0.2198 -0.0035
vn 1.0000 -0.0003 -0.0000
vn 0.9972 0.0753 -0.0026
vn 0.9971 0.0756 -0.0012
vn 0.9975 0.0704 -0.0026
vn 0.9978 0.0662 -0.0009
vn 1.0000 -0.0001 -0.0000
vn 0.9978 0.0659 -0.0026
vn 0.9981 0.0624 -0.0010
vn 0.9846 0.1748 -0.0055
vn 0.9826 0.1854 -0.0054
vn 0.9825 0.1863 -0.0009
vn 0.9856 0.1689 -0.0021
vn 0.9605 0.2783 -0.0065
vn 0.9604 0.2787 -0.0046
vn 0.9554 0.2954 0.0037
vn 0.9179 0.3968 -0.0004
vn 0.9263 0.3767 0.0091
vn 0.9257 0.3778 0.0160
vn 0.9637 0.2669 0.0017
vn 0.9337 0.3582 -0.0021
vn 0.9165 0.3996 0.0168
vn 0.8785 0.4776 0.0134
vn 0.8900 0.4558 0.0125
vn 0.8882 0.4584 0.0319
vn 0.8786 0.4773 0.0115
vn 0.8663 0.4988 0.0259
vn 0.9707 0.2376 0.0362
vn 0.9720 0.2315 0.0411
vn 0.9727 0.2307 0.0252
vn 0.9706 0.2377 0.0389
vn 0.9877 0.1561 -0.0000
vn 0.9196 0.3929 -0.0000
vn 0.8621 0.5065 0.0150
vn 0.8693 0.4941 0.0105
vn 0.8920 0.4521 -0.0000
vn 0.8622 0.5063 0.0149
vn 0.8987 0.4383 0.0169
vn 0.8494 0.5277 -0.0040
vn 0.8556 0.5176 -0.0003
vn 0.8628 0.5055 0.0092
vn 0.9492 0.3146 -0.0000
vn 0.9523 0.3052 -0.0059
vn 0.9518 0.3066 -0.0006
vn 0.9535 0.3012 -0.0037
vn 0.9785 0.2064 -0.0040
vn 0.9783 0.2071 -0.0072
vn 0.9782 0.2077 -0.0052
vn 0.9915 0.1299 0.0040
vn 0.9783 0.2074 0.0049
vn 0.9777 0.2098 0.0063
vn 0.9919 0.1266 -0.0069
vn 0.9919 0.1271 0.0024
vn 0.9975 0.0713 0.0009
vn 0.9973 0.0735 -0.0008
vn 0.9974 0.0714 -0.0108
vn 0.9916 0.1288 -0.0087
vn 0.9974 0.0710 -0.0105
vn 0.9974 0.0693 -0.0189
vn 0.9918 0.1271 -0.0143
vn 0.9915 0.1293 -0.0162
vn 0.9974 0.0700 -0.0195
vn 0.9973 0.0690 -0.0251
vn 0.9916 0.1277 -0.0222
vn 0.9971 0.0707 -0.0266
vn 0.9970 0.0695 -0.0330
vn 0.9906 0.1360 -0.0164
vn 0.9907 0.1327 -0.0296
vn 0.9772 0.2119 -0.0138
vn 0.9744 0.2248 -0.0050
vn 0.9750 0.2217 -0.0174
vn 0.9892 0.1450 -0.0206
vn 0.9711 0.2385 -0.0089
vn 0.9676 0.2515 -0.0227
vn 0.9709 0.2395 -0.0045
vn 0.9893 0.1433 -0.0276
vn 0.9673 0.2533 -0.0146
vn 0.9631 0.2674 -0.0299
vn 0.9876 0.1531 -0.0356
vn 0.9876 0.1526 -0.0373
vn 0.9962 0.0763 -0.0418
vn 0.9854 0.1636 -0.0469
vn 0.9952 0.0825 -0.0518
vn 0.9956 0.0727 -0.0596
vn 0.9935 0.0879 -0.0720
vn 0.9969 0.0201 -0.0764
vn 0.9978 0.0221 -0.0624
vn 0.9948 0.0798 -0.0638
vn 0.9978 0.0227 -0.0629
vn 0.9985 0.0265 -0.0476
vn 0.9988 0.0074 -0.0490
vn 0.9991 -0.0042 -0.0412
vn 0.9979 -0.0026 -0.0641
vn 0.9985 0.0240 -0.0498
vn 0.9990 0.0272 -0.0356
vn 0.9988 0.0305 -0.0382
vn 0.9965 0.0700 -0.0467
vn 0.9968 0.0721 -0.0354
vn 0.9992 0.0308 -0.0260
vn 0.9995 0.0149 -0.0277
vn 0.9995 0.0148 -0.0272
vn 0.9993 0.0056 -0.0372
vn 0.9997 0.0212 -0.0147
vn 0.9994 0.0296 -0.0199
vn 0.9991 0.0378 -0.0193
vn 0.9992 0.0349 -0.0217
vn 0.9996 0.0222 -0.0194
vn 0.9990 0.0348 -0.0289
vn 0.9999 0.0068 -0.0088
vn 0.9997 0.0177 -0.0150
vn 0.9999 0.0077 -0.0111
vn 0.9998 -0.0009 -0.0213
vn 0.9999 -0.0054 -0.0122
vn 0.9998 -0.0023 -0.0175
vn 0.9997 -0.0156 -0.0185
vn 0.9997 -0.0233 -0.0040
vn 1.0000 0.0002 -0.0006
vn 0.9999 -0.0064 -0.0102
vn 0.9997 -0.0255 -0.0042
vn 0.9997 -0.0259 -0.0034
vn 1.0000 0.0026 -0.0069
vn 0.9998 -0.0176 -0.0036
vn 0.9998 -0.0207 0.0038
vn 1.0000 0.0070 -0.0007
vn 0.9997 0.0212 -0.0097
vn 0.9998 0.0203 -0.0035
vn 0.9999 0.0149 -0.0056
vn 1.0000 0.0072 -0.0018
vn 0.9999 0.0102 -0.0042
vn 0.9999 -0.0088 -0.0087
vn 1.0000 -0.0092 -0.0035
vn 0.9999 -0.0098 -0.0076
vn 0.9999 0.0103 -0.0067
vn 0.9999 -0.0103 -0.0129
vn 0.9999 -0.0056 -0.0131
vn 1.0000 0.0075 -0.0044
vn 1.0000 0.0076 -0.0038
vn 0.9998 -0.0164 -0.0111
vn 0.9996 -0.0188 -0.0203
vn 1.0000 -0.0006 0.0010
vn 0.9996 -0.0246 -0.0103
vn 0.9991 -0.0350 -0.0230
vn 0.9992 -0.0403 0.0008
vn 0.9998 -0.0201 -0.0020
vn 0.9994 -0.0316 -0.0159
vn 0.9985 -0.0495 -0.0233
vn 0.9989 -0.0453 -0.0149
vn 0.9975 -0.0659 -0.0267
vn 0.9977 -0.0620 -0.0270
vn 0.9973 -0.0650 -0.0329
vn 0.9986 -0.0445 -0.0302
vn 0.9989 -0.0424 -0.0222
vn 0.9974 -0.0643 -0.0335
vn 0.9975 -0.0638 -0.0291
vn 0.9989 -0.0405 -0.0243
vn 0.9975 -0.0654 -0.0279
vn 0.9978 -0.0650 -0.0127
vn 0.9975 -0.0684 -0.0172
vn 0.9991 -0.0398 -0.0121
vn 0.9991 -0.0395 -0.0125
vn 0.9971 -0.0754 -0.0064
vn 0.9992 -0.0404 -0.0018
vn 0.9976 -0.0695 0.0009
vn 0.9964 -0.0845 0.0067
vn 0.9931 -0.1171 0.0059
vn 0.9971 -0.0765 0.0016
vn 0.9945 -0.1033 0.0146
vn 0.9947 -0.1027 0.0037
vn 0.9955 -0.0949 -0.0016
vn 0.9955 -0.0937 -0.0133
vn 0.9947 -0.1026 -0.0108
vn 0.9945 -0.1049 0.0035
vn 0.9955 -0.0939 -0.0134
vn 0.9961 -0.0866 -0.0173
vn 0.9956 -0.0873 -0.0325
vn 0.9964 -0.0801 -0.0290
vn 0.9959 -0.0840 -0.0343
vn 0.9963 -0.0770 -0.0394
vn 0.9969 -0.0720 -0.0307
vn 0.9972 -0.0696 -0.0290
vn 0.9968 -0.0773 -0.0193
vn 0.9991 -0.0398 0.0117
vn 0.9995 -0.0323 0.0054
vn 0.9997 -0.0099 0.0242
vn 0.9980 -0.0612 -0.0140
vn 0.9994 -0.0197 0.0270
vn 0.9980 -0.0625 -0.0134
vn 0.9992 -0.0146 0.0378
vn 0.9982 -0.0592 -0.0045
vn 0.9988 -0.0479 -0.0064
vn 0.9991 -0.0187 0.0381
vn 0.9989 -0.0175 0.0437
vn 0.9956 0.0308 0.0882
vn 0.9959 0.0371 0.0821
vn 0.9952 0.0414 0.0887
vn 0.9806 0.1223 0.1532
vn 0.9958 0.0302 0.0867
vn 0.9854 0.0949 0.1417
vn 0.9822 0.1111 0.1514
vn 0.9766 0.1399 0.1635
vn 0.9205 0.2815 0.2710
vn 0.9571 0.1926 0.2166
vn 0.9191 0.2855 0.2716
vn 0.8928 0.3445 0.2902
vn 0.9017 0.3194 0.2914
vn 0.8854 0.3555 0.2995
vn 0.9744 0.1548 0.1629
vn 0.9758 0.1614 0.1476
vn 0.9774 0.1454 0.1537
vn 0.8732 0.3952 0.2852
vn 0.8886 0.3720 0.2684
vn 0.8771 0.4304 0.2133
vn 0.9928 0.0866 0.0826
vn 0.9838 0.1521 0.0946
vn 0.9844 0.1280 0.1205
vn 0.9939 0.0991 0.0484
vn 0.9971 0.0565 0.0514
vn 0.9197 0.3781 0.1055
vn 0.9201 0.3411 0.1923
vn 0.6530 0.6859 0.3211
vn 0.9524 0.2864 0.1045
vn 0.7291 0.6626 0.1717
vn 0.6487 0.7351 0.1972
vn 0.3008 0.9255 0.2304
vn 0.3049 0.8683 0.3913
vn 0.5681 0.7434 0.3528
vn 0.3643 0.9048 0.2206
vn 0.1122 0.9909 0.0747
vn 0.1307 0.9887 0.0731
vn 0.0776 0.9703 0.2291
vn 0.3693 0.9264 0.0730
vn 0.4146 0.9066 0.0791
vn 0.1105 0.9659 0.2343
vn -0.0000 0.9975 0.0705
vn -0.0066 0.9974 0.0711
vn -0.0064 0.9728 0.2316
vn -0.0193 0.9732 0.2291
vn -0.0258 0.9721 0.2332
vn -0.0181 0.9124 0.4089
vn -0.0242 0.9124 0.4086
vn -0.1319 0.9062 0.4018
vn -0.1319 0.9653 0.2254
vn -0.0423 0.9114 0.4094
vn -0.1365 0.9646 0.2256
vn -0.1983 0.8400 0.5051
vn -0.1540 0.8435 0.5146
vn -0.1531 0.9029 0.4017
vn -0.0395 0.8520 0.5220
vn -0.3861 0.7937 0.4700
vn -0.3785 0.8507 0.3647
vn -0.0454 0.8563 0.5144
vn -0.0848 0.8533 0.5145
vn -0.0910 0.8530 0.5139
vn -0.0484 0.9136 0.4036
vn -0.0872 0.8179 0.5688
vn -0.1362 0.8170 0.5603
vn -0.0817 0.8228 0.5624
vn -0.0154 0.8041 0.5943
vn -0.0222 0.8237 0.5666
vn -0.1331 0.7983 0.5873
vn -0.1868 0.7954 0.5765
vn -0.1806 0.7916 0.5837
vn -0.1790 0.7843 0.5941
vn -0.1841 0.7837 0.5933
vn -0.2255 0.7760 0.5891
vn -0.2251 0.7747 0.5909
vn -0.2438 0.7729 0.5858
vn -0.2193 0.7779 0.5889
vn -0.2454 0.7726 0.5855
vn -0.2200 0.7807 0.5849
vn -0.1514 0.7856 0.5999
vn -0.1020 0.7912 0.6030
vn -0.1026 0.7941 0.5991
vn -0.0566 0.7934 0.6060
vn 0.2321 0.7675 0.5976
vn 0.1823 0.7754 0.6046
vn 0.2288 0.7771 0.5863
vn -0.0601 0.8060 0.5888
vn 0.6479 0.5850 0.4879
vn 0.2440 0.7743 0.5839
vn 0.6546 0.5891 0.4737
vn 0.6650 0.5737 0.4782
vn 0.6008 0.6418 0.4766
vn 0.2309 0.7961 0.5594
vn 0.6131 0.6330 0.4726
vn 0.6328 0.6032 0.4855
vn 0.5745 0.6886 0.4425
vn 0.2401 0.7936 0.5591
vn 0.5904 0.6776 0.4386
vn 0.2193 0.8326 0.5086
vn 0.2555 0.8224 0.5082
vn 0.0136 0.8243 0.5660
vn 0.0458 0.8557 0.5154
vn 0.0052 0.8559 0.5172
vn 0.0376 0.9142 0.4035
vn 0.2392 0.8838 0.4022
vn 0.0809 0.7907 0.6069
vn 0.6465 0.5819 0.4934
vn 0.1824 0.7715 0.6095
vn 0.4904 0.6859 0.5377
vn 0.4704 0.6799 0.5626
vn 0.0819 0.7814 0.6186
vn -0.0190 0.7925 0.6095
vn -0.1872 0.7728 0.6063
vn -0.2030 0.7718 0.6025
vn -0.1509 0.7837 0.6025
vn -0.0341 0.7823 0.6220
vn -0.0139 0.7831 0.6218
vn -0.1891 0.7778 0.5994
vn -0.2050 0.7642 0.6115
vn -0.0271 0.7767 0.6292
vn -0.0277 0.7767 0.6292
vn -0.1986 0.7647 0.6130
vn -0.1994 0.7573 0.6218
vn -0.2120 0.7542 0.6215
vn -0.2599 0.7453 0.6140
vn -0.2630 0.7542 0.6017
vn -0.2726 0.7413 0.6133
vn -0.2605 0.7431 0.6164
vn -0.2690 0.7421 0.6139
vn -0.2641 0.7534 0.6022
vn -0.2614 0.7541 0.6024
vn -0.2583 0.7547 0.6031
vn -0.2608 0.7619 0.5928
vn -0.2575 0.7623 0.5938
vn -0.2637 0.7607 0.5932
vn -0.2559 0.7626 0.5941
vn -0.2574 0.7670 0.5877
vn -0.2590 0.7667 0.5874
vn -0.2440 0.7685 0.5915
vn -0.3193 0.7539 0.5742
vn -0.3181 0.7495 0.5805
vn -0.5392 0.6801 0.4967
vn -0.3417 0.7498 0.5666
vn -0.4798 0.7094 0.5163
vn -0.3238 0.7478 0.5796
vn -0.4584 0.7076 0.5378
vn -0.4788 0.7012 0.5283
vn -0.6763 0.5975 0.4309
vn -0.6906 0.5886 0.4202
vn -0.6920 0.5994 0.4023
vn -0.7608 0.5384 0.3624
vn -0.9013 0.3681 0.2283
vn -0.9023 0.3732 0.2156
vn -0.8977 0.3743 0.2324
vn -0.9862 0.1572 0.0516
vn -0.9861 0.1616 0.0395
vn -0.9493 0.2855 0.1315
vn -0.9817 0.1787 0.0654
vn -0.9975 0.0641 -0.0305
vn -0.9971 0.0662 -0.0369
vn -0.9923 0.1236 0.0055
vn -0.9985 0.0179 -0.0516
vn -0.9983 0.0167 -0.0564
vn -0.9898 0.1333 0.0503
vn -0.9886 0.1403 0.0550
vn -0.9154 0.3347 0.2236
vn -0.9239 0.3147 0.2179
vn -0.9900 0.1272 0.0606
vn -0.9920 0.1178 0.0449
vn -0.9969 -0.0498 -0.0607
vn -0.9988 0.0089 -0.0476
vn -0.9960 0.0786 0.0415
vn -0.9979 -0.0160 -0.0621
vn -0.9995 0.0025 -0.0325
vn -0.9999 -0.0042 -0.0124
vn -0.9962 0.0781 0.0396
vn -0.9999 0.0156 0.0048
vn -0.9336 0.2743 0.2305
vn -0.9393 0.2679 0.2145
vn -0.9892 0.0924 0.1138
vn -0.9731 0.1563 0.1694
vn -0.8185 0.3718 0.4380
vn -0.7101 0.5252 0.4690
vn -0.8400 0.3635 0.4027
vn -0.7387 0.5000 0.4520
vn -0.5514 0.5553 0.6226
vn -0.4938 0.6418 0.5867
vn -0.9282 0.1740 0.3288
vn -0.9460 0.1911 0.2617
vn -0.6021 0.5420 0.5863
vn -0.6729 0.4226 0.6071
vn -0.9557 0.1564 0.2492
vn -0.7675 0.3426 0.5418
vn -0.7380 0.4073 0.5380
vn -0.8423 0.2699 0.4666
vn -0.8935 0.1625 0.4186
vn -0.8585 0.2029 0.4710
vn -0.9807 0.0798 0.1787
vn -0.9797 0.0891 0.1794
vn -0.9895 -0.0371 0.1395
vn -0.9940 -0.0128 0.1091
vn -0.9032 -0.0103 0.4291
vn -0.9887 0.0465 0.1424
vn -0.9992 -0.0392 -0.0003
vn -1.0000 0.0025 0.0012
vn -0.9989 -0.0467 -0.0064
vn -0.9999 -0.0052 0.0120
vn -0.9983 -0.0220 -0.0534
vn -0.9973 -0.0500 -0.0544
vn -0.9941 -0.1084 -0.0011
vn -0.9935 -0.1141 -0.0043
vn -0.9959 -0.0642 -0.0635
vn -0.9920 -0.1110 -0.0607
vn -0.9548 -0.2952 -0.0349
vn -0.9584 -0.2824 -0.0422
vn -0.9686 -0.2459 0.0377
vn -0.9904 -0.1219 -0.0652
vn -0.9490 -0.3047 -0.0805
vn -0.9861 -0.1246 -0.1103
vn -0.9390 -0.3338 -0.0827
vn -0.9385 -0.3344 -0.0854
vn -0.9838 -0.1539 -0.0923
vn -0.9787 -0.1543 -0.1352
vn -0.8901 -0.4470 -0.0886
vn -0.8945 -0.4397 -0.0804
vn -0.9738 -0.2094 -0.0889
vn -0.9727 -0.2129 -0.0920
vn -0.9359 -0.3390 -0.0961
vn -0.9008 -0.4328 -0.0357
vn -0.8643 -0.4992 0.0610
vn -0.9733 -0.2081 -0.0971
vn -0.7043 -0.6604 0.2605
vn -0.6327 -0.6773 0.3755
vn -0.8408 -0.5397 0.0408
vn -0.6752 -0.7047 0.2178
vn -0.0425 -0.8269 0.5608
vn -0.1539 -0.8344 0.5292
vn -0.1477 -0.6831 0.7152
vn -0.7437 -0.6580 0.1179
vn -0.0407 -0.9519 0.3037
vn -0.7031 -0.7095 0.0481
vn -0.0210 -0.9503 0.3107
vn 0.0149 -0.9811 0.1927
vn -0.7296 -0.6828 0.0390
vn -0.7203 -0.6935 0.0154
vn 0.0680 -0.9761 0.2062
vn 0.0695 -0.9775 0.1992
vn -0.7476 -0.6624 0.0482
vn 0.0651 -0.9778 0.1992
vn -0.7192 -0.6946 0.0155
vn -0.7307 -0.6802 0.0578
vn 0.4765 -0.8517 0.2182
vn 0.4600 -0.8222 0.3352
vn 0.0035 -0.9360 0.3519
vn 0.4352 -0.8326 0.3426
vn 0.2803 -0.5362 0.7962
vn 0.2665 -0.5419 0.7971
vn 0.2871 -0.5383 0.7924
vn 0.3075 -0.5380 0.7848
vn 0.4682 -0.8192 0.3312
vn 0.4846 -0.8093 0.3319
vn 0.7088 -0.3952 0.5843
vn 0.7214 -0.3917 0.5711
vn 0.7365 -0.6208 0.2686
vn 0.7492 -0.6058 0.2677
vn 0.5747 -0.0037 0.8183
vn 0.9264 -0.0229 0.3758
vn 0.9357 -0.2061 0.2863
vn 0.9437 -0.1838 0.2750
vn 0.9790 -0.1660 0.1185
vn 0.9300 -0.3240 0.1733
vn 0.9816 -0.1120 0.1545
vn 0.9332 -0.3177 0.1679
vn 0.9795 -0.1237 0.1591
vn 0.9903 -0.0980 0.0983
vn 0.9777 -0.1701 0.1231
vn 0.9906 -0.0869 0.1059
vn 0.9941 -0.0401 0.1008
vn 0.9967 -0.0425 0.0689
vn 0.9923 -0.0879 0.0869
vn 0.9962 -0.0179 0.0853
vn 0.9959 0.0035 0.0908
vn 0.9956 -0.0174 0.0916
vn 0.9909 -0.0523 0.1243
vn 0.9932 -0.0539 0.1030
vn 0.9823 -0.1483 0.1141
vn 0.9804 -0.1440 0.1346
vn 0.9866 -0.0690 0.1479
vn 0.9310 -0.3163 0.1823
vn 0.9331 -0.3270 0.1496
vn 0.9776 -0.1690 0.1258
vn 0.7627 -0.6169 0.1943
vn 0.7590 -0.6055 0.2393
vn 0.8003 -0.5551 0.2266
vn 0.9547 -0.2310 0.1878
vn 0.7488 -0.6341 0.1930
vn 0.9290 -0.3366 0.1537
vn 0.7816 -0.5035 0.3683
vn 0.8162 -0.4575 0.3529
vn 0.9582 -0.0966 0.2694
vn 0.9424 -0.1902 0.2751
vn 0.9137 0.0176 0.4059
vn 0.9401 0.1936 0.2807
vn 0.9108 0.0108 0.4127
vn 0.9761 0.1107 0.1871
vn 0.9449 0.2964 0.1387
vn 0.9429 0.3049 0.1338
vn 0.9892 0.1180 0.0865
vn 0.9892 0.1179 0.0871
vn 0.9865 0.0054 0.1639
vn 0.9821 -0.0618 0.1780
vn 0.9767 0.1695 0.1317
vn 0.9467 0.2107 0.2436
vn 0.9813 0.1755 0.0796
vn 0.9474 0.3055 0.0951
vn 0.9464 0.3097 0.0919
vn 0.9772 0.1912 0.0921
vn 0.9494 0.3054 0.0728
vn 0.9786 0.1904 0.0784
vn 0.9463 0.3135 0.0785
vn 0.9773 0.2053 0.0528
vn 0.9761 0.2076 0.0638
vn 0.9507 0.3067 0.0461
vn 0.9779 0.2083 0.0202
vn 0.9767 0.2135 0.0231
vn 0.9510 0.3086 0.0199
vn 0.9756 0.2153 0.0434
vn 0.9470 0.3171 0.0521
vn 0.9513 0.3074 0.0212
vn 0.9528 0.3036 0.0052
vn 0.9526 0.3041 0.0054
vn 0.9298 0.3680 0.0030
vn 0.9154 0.4022 0.0137
vn 0.9001 0.4343 0.0342
vn 0.9912 0.1248 0.0451
vn 0.9910 0.1323 0.0202
vn 0.9904 0.1328 0.0387
vn 0.9917 0.1276 0.0175
vn 0.9973 0.0713 0.0164
vn 0.9965 0.0744 0.0377
vn 0.9988 0.0355 0.0327
vn 0.9993 0.0357 0.0132
vn 0.9972 0.0739 0.0145
vn 0.9969 0.0701 0.0348
vn 0.9986 0.0390 0.0355
vn 0.9968 0.0643 0.0484
vn 0.9960 0.0714 0.0532
vn 0.9982 0.0379 0.0466
vn 0.9982 0.0371 0.0470
vn 0.9986 0.0153 0.0506
vn 0.9991 0.0269 0.0329
vn 0.9985 0.0292 0.0461
vn 0.9986 0.0173 0.0510
vn 0.9983 0.0272 0.0513
vn 0.9979 0.0327 0.0558
vn 0.9984 0.0159 0.0535
vn 0.9981 0.0333 0.0525
vn 0.9979 0.0350 0.0537
vn 0.9981 0.0304 0.0531
vn 0.9975 0.0274 0.0647
vn 0.9972 0.0426 0.0615
vn 0.9973 0.0402 0.0609
vn 0.9976 0.0242 0.0641
vn 0.9976 0.0237 0.0658
vn 0.9975 0.0006 0.0708
vn 0.9975 -0.0319 0.0625
vn 0.9969 0.0074 0.0787
vn 0.9962 0.0474 0.0736
vn 0.9973 0.0079 0.0731
vn 0.9968 -0.0204 0.0771
vn 0.9955 0.0015 0.0949
vn 0.9973 -0.0074 0.0730
vn 0.9968 -0.0137 0.0793
vn 0.9970 -0.0210 0.0744
vn 0.9970 -0.0128 0.0761
vn 0.9976 -0.0227 0.0648
vn 0.9975 -0.0234 0.0662
vn 0.9974 -0.0306 0.0651
vn 0.9965 -0.0292 0.0786
vn 0.9976 -0.0278 0.0641
vn 0.9965 -0.0166 0.0820
vn 0.9966 -0.0156 0.0810
vn 0.9975 -0.0294 0.0642
vn 0.9964 -0.0009 0.0845
vn 0.9922 0.0332 0.1200
vn 0.9928 0.0360 0.1139
vn 0.9958 -0.0086 0.0917
vn 0.9942 0.0132 0.1068
vn 0.9876 0.0639 0.1437
vn 0.9880 0.0691 0.1381
vn 0.9905 0.0481 0.1290
vn 0.9951 0.0069 0.0984
vn 0.9937 0.0409 0.1046
vn 0.9938 0.0400 0.1042
vn 0.9932 0.0335 0.1118
vn 0.9920 0.0496 0.1157
vn 0.9893 0.0653 0.1308
vn 0.9801 0.1103 0.1652
vn 0.9907 0.0566 0.1240
vn 0.9837 0.0985 0.1506
vn 0.9902 0.0689 0.1215
vn 0.9738 0.1364 0.1821
vn 0.9765 0.1288 0.1726
vn 0.9742 0.1382 0.1785
vn 0.8352 0.4084 0.3683
vn 0.8488 0.3835 0.3640
vn 0.9649 0.1815 0.1899
vn 0.8539 0.3832 0.3520
vn 0.3459 0.7200 0.6016
vn 0.3644 0.7155 0.5961
vn 0.3465 0.7263 0.5937
vn 0.2972 0.7420 0.6010
vn 0.7765 0.4885 0.3979
vn 0.7893 0.4785 0.3849
vn 0.9266 0.2970 0.2308
vn 0.9378 0.2691 0.2193
vn 0.7805 0.4838 0.3959
vn 0.9273 0.2965 0.2284
vn 0.9560 0.2362 0.1741
vn 0.9548 0.2297 0.1886
vn 0.9685 0.1966 0.1528
vn 0.9518 0.2371 0.1949
vn 0.9060 0.3069 0.2916
vn 0.9779 0.1362 0.1588
vn 0.9624 0.1777 0.2057
vn 0.9816 0.1415 0.1284
vn 0.9944 0.0758 0.0739
vn 0.9948 0.0717 0.0720
vn 0.9859 0.1249 0.1110
vn 0.9957 0.0438 0.0815
vn 0.9973 0.0516 0.0530
vn 0.9984 0.0253 0.0513
vn 0.9975 0.0485 0.0516
vn 0.9947 0.0542 0.0869
vn 0.9980 0.0308 0.0546
vn 0.9982 0.0041 0.0604
vn 0.9985 0.0107 0.0529
vn 0.9959 0.0174 0.0884
vn 0.9982 -0.0037 0.0597
vn 0.9950 0.0136 0.0985
vn 0.9954 -0.0098 0.0956
vn 0.9974 -0.0165 0.0706
vn 0.9951 -0.0119 0.0982
vn 0.9795 0.0213 0.2001
vn 0.9758 0.0349 0.2159
vn 0.9709 0.0776 0.2266
vn 0.9815 -0.0455 0.1862
vn 0.9944 -0.0472 0.0946
vn 0.8845 0.1230 0.4501
vn 0.8527 0.1575 0.4982
vn 0.7994 0.2755 0.5339
vn 0.9458 0.1393 0.2933
vn 0.5384 0.5217 0.6618
vn 0.4427 0.5293 0.7238
vn 0.8848 0.2871 0.3670
vn 0.6839 0.3660 0.6312
vn 0.0039 0.6114 0.7913
vn 0.1082 0.5130 0.8516
vn 0.1720 0.5169 0.8386
vn -0.2260 0.5179 0.8251
vn -0.0612 0.6170 0.7846
vn -0.2596 0.5951 0.7605
vn -0.2429 0.5134 0.8231
vn -0.2198 0.5158 0.8280
vn -0.2463 0.5955 0.7647
vn -0.2078 0.5151 0.8315
vn -0.2291 0.5982 0.7679
vn -0.2399 0.5947 0.7673
vn -0.2542 0.6639 0.7033
vn -0.3785 0.5668 0.7318
vn -0.3690 0.6322 0.6813
vn -0.3373 0.6453 0.6855
vn -0.3316 0.6979 0.6347
vn -0.2596 0.7149 0.6493
vn -0.2425 0.6679 0.7036
vn -0.2592 0.7150 0.6493
vn -0.2772 0.7111 0.6461
vn -0.2591 0.6647 0.7008
vn -0.2633 0.7158 0.6467
vn -0.2744 0.6634 0.6961
vn -0.1549 0.6839 0.7129
vn -0.2004 0.7279 0.6558
vn -0.1370 0.6842 0.7163
vn 0.0019 0.7477 0.6640
vn 0.1431 0.6781 0.7209
vn 0.0085 0.7473 0.6645
vn 0.2148 0.6823 0.6988
vn -0.1901 0.7307 0.6557
vn 0.6318 0.5469 0.5493
vn 0.5996 0.5502 0.5812
vn 0.3844 0.6964 0.6060
vn 0.3627 0.7040 0.6106
vn 0.7748 0.4866 0.4036
vn 0.8761 0.3513 0.3302
vn -0.4362 0.5413 0.7189
vn -0.5047 0.4612 0.7298
vn -0.4459 0.4647 0.7650
vn -0.5058 0.3166 0.8025
vn -0.5439 0.3183 0.7765
vn -0.1534 0.3599 0.9203
vn -0.4986 0.0306 0.8663
vn -0.0111 0.0227 0.9997
vn -0.0105 0.0228 0.9997
vn -0.1660 0.3617 0.9174
vn -0.1817 0.3612 0.9146
vn -0.0116 0.0230 0.9997
vn -0.0122 0.0228 0.9997
vn 0.3615 0.3275 0.8729
vn 0.5482 0.0038 0.8363
vn -0.1719 0.3633 0.9157
vn 0.3290 0.3266 0.8861
vn 0.8711 0.2699 0.4102
vn 0.9165 -0.0352 0.3985
vn 0.9831 -0.0388 0.1792
vn 0.9987 0.0256 0.0445
vn 0.9991 0.0074 0.0421
vn 0.9985 0.0313 0.0457
vn 0.9987 0.0302 0.0413
vn 0.9988 0.0188 0.0441
vn 0.9985 0.0197 0.0508
vn 0.9984 0.0274 0.0502
vn 0.9986 0.0168 0.0493
vn 0.9977 0.0179 0.0647
vn 0.9988 -0.0058 0.0482
vn 0.9957 0.0241 0.0899
vn 0.9959 0.0621 0.0660
vn 0.9971 0.0395 0.0653
vn 0.9976 0.0240 0.0650
vn 0.9970 0.0534 0.0568
vn 0.9966 0.0532 0.0625
vn 0.9922 0.0897 0.0862
vn 0.9939 0.0903 0.0633
vn 0.9964 0.0643 0.0557
vn 0.9981 0.0274 0.0555
vn 0.9980 0.0329 0.0543
vn 0.9981 0.0330 0.0525
vn 0.9984 0.0348 0.0440
vn 0.9981 0.0442 0.0439
vn 0.9981 0.0440 0.0440
vn 0.9980 0.0444 0.0459
vn 0.9973 0.0551 0.0486
vn 0.9981 0.0406 0.0471
vn 0.9973 0.0544 0.0485
vn 0.9970 0.0530 0.0555
vn 0.9978 0.0450 0.0484
vn 0.9953 0.0667 0.0705
vn 0.9952 0.0764 0.0614
vn 0.9972 0.0514 0.0548
vn 0.9896 0.1070 0.0966
vn 0.9852 0.1371 0.1031
vn 0.9944 0.0820 0.0673
vn 0.9882 0.1202 0.0953
vn 0.9723 0.1804 0.1487
vn 0.9883 0.1151 0.1005
vn 0.9724 0.1802 0.1484
vn 0.9398 0.2660 0.2144
vn 0.9731 0.1536 0.1717
vn 0.9888 0.0906 0.1185
vn 0.9953 0.0435 0.0861
vn 0.9868 0.0940 0.1318
vn -0.0468 0.7736 0.6319
vn 0.3401 0.7246 0.5994
vn 0.3521 0.7213 0.5964
vn 0.8427 0.3919 0.3692
vn 0.3475 0.7349 0.5824
vn 0.8428 0.3928 0.3679
vn 0.9048 0.3052 0.2971
vn 0.9645 0.1709 0.2014
vn 0.8974 0.3135 0.3106
vn 0.9710 0.1533 0.1835
vn 0.9880 0.0730 0.1361
vn 0.9887 0.0724 0.1313
vn 0.9964 -0.0008 0.0842
vn 0.9963 0.0149 0.0848
vn 0.9960 0.0194 0.0872
vn 0.9982 -0.0335 0.0494
vn 0.9987 -0.0278 0.0436
vn 0.9987 -0.0153 0.0495
vn 0.9988 -0.0352 0.0331
vn 0.9995 -0.0274 0.0179
vn 0.9982 -0.0136 0.0582
vn 0.9988 -0.0437 0.0197
vn 0.9980 -0.0229 0.0583
vn 0.9987 -0.0390 0.0338
vn 0.9995 -0.0296 0.0149
vn 0.9993 -0.0337 0.0160
vn 0.9990 -0.0151 0.0410
vn 0.9988 -0.0353 0.0351
vn 0.9997 -0.0061 0.0227
vn 0.9985 -0.0172 0.0510
vn 0.9982 -0.0379 0.0475
vn 0.9993 -0.0058 0.0371
vn 0.9987 -0.0202 0.0471
vn 0.9979 -0.0160 0.0630
vn 0.9979 -0.0278 0.0584
vn 0.9984 -0.0096 0.0558
vn 0.9984 -0.0049 0.0569
vn 0.9991 0.0086 0.0427
vn 0.9998 -0.0014 0.0178
vn 0.9995 0.0102 0.0293
vn 0.9993 -0.0028 0.0384
vn 1.0000 0.0021 0.0003
vn 0.9998 -0.0076 0.0206
vn 0.9999 0.0062 0.0084
vn 0.9998 0.0180 0.0047
vn 0.9998 0.0208 0.0002
vn 0.9999 0.0157 0.0006
vn 0.9999 0.0144 -0.0056
vn 0.9999 0.0149 -0.0040
vn 0.9995 0.0318 0.0095
vn 0.9995 0.0302 -0.0026
vn 0.9995 0.0311 -0.0033
vn 0.9998 0.0205 -0.0037
vn 0.9992 0.0405 -0.0023
vn 0.9992 0.0396 -0.0110
vn 0.9994 0.0315 -0.0115
vn 0.9992 0.0398 -0.0018
vn 0.9991 0.0413 0.0092
vn 0.9686 0.1486 0.1991
vn 0.9979 0.0372 0.0521
vn 0.9906 0.1121 0.0786
vn 0.9905 0.1263 0.0542
vn 0.9916 0.1113 0.0651
vn 0.8925 0.4467 0.0626
vn 0.8948 0.4347 0.1016
vn 0.9096 0.2964 0.2911
vn 0.9172 0.3132 0.2462
vn 0.9213 0.3596 0.1483
vn 0.9099 0.3955 0.1249
vn 0.9071 0.3318 0.2589
vn 0.8970 0.4190 0.1407
vn 0.8889 0.4156 0.1928
vn 0.8952 0.4136 0.1660
vn 0.8778 0.4347 0.2015
vn 0.8780 0.4320 0.2062
vn 0.9221 0.3274 0.2064
vn 0.8472 0.1933 0.4948
vn 0.8761 0.1444 0.4600
vn 0.6506 -0.2022 0.7320
vn 0.6509 -0.2020 0.7318
vn 0.7513 -0.3191 0.5776
vn 0.7388 -0.3396 0.5821
vn 0.8566 0.1133 0.5033
vn 0.4295 -0.6328 0.6443
vn 0.4406 -0.6240 0.6454
vn 0.3337 -0.4727 0.8156
vn 0.4352 -0.6277 0.6454
vn 0.3287 -0.4740 0.8169
vn 0.3384 -0.4688 0.8160
vn 0.3401 -0.4676 0.8159
vn 0.2419 -0.3351 0.9106
vn 0.2431 -0.3343 0.9106
vn 0.2470 -0.3311 0.9107
vn 0.2472 -0.3322 0.9102
vn -0.2924 -0.6034 0.7419
vn -0.1730 -0.5480 0.8184
vn -0.3608 -0.5089 0.7815
vn 0.1700 -0.2281 0.9587
vn 0.1745 -0.2244 0.9587
vn 0.1151 -0.1480 0.9823
vn -0.4593 -0.5608 0.6889
vn -0.5302 -0.5143 0.6740
vn -0.4980 -0.5069 0.7037
vn -0.7622 -0.5836 0.2800
vn -0.7553 -0.5939 0.2771
vn -0.8182 -0.5673 0.0939
vn -0.8143 -0.5731 0.0919
vn -0.7108 -0.6161 0.3394
vn -0.7648 -0.5871 0.2652
vn -0.7007 -0.6308 0.3333
vn -0.6490 -0.6526 0.3909
vn -0.8097 -0.5749 0.1183
vn -0.8035 -0.5850 0.1105
vn -0.8530 -0.5219 0.0066
vn -0.8580 -0.5134 0.0172
vn -0.8598 -0.5107 -0.0036
vn -0.8081 -0.5766 0.1202
vn -0.8689 -0.4950 0.0068
vn -0.8199 -0.5570 0.1327
vn -0.8987 -0.4369 -0.0366
vn -0.8996 -0.4346 -0.0416
vn -0.8883 -0.4560 -0.0551
vn -0.9107 -0.4088 -0.0587
vn -0.9129 -0.4044 -0.0560
vn -0.8871 -0.4611 -0.0231
vn -0.9157 -0.3998 -0.0410
vn -0.9110 -0.4099 -0.0460
vn -0.8837 -0.4668 -0.0335
vn -0.8825 -0.4696 -0.0265
vn -0.9170 -0.3986 -0.0144
vn -0.9175 -0.3975 -0.0138
vn -0.8880 -0.4598 -0.0047
vn -0.8896 -0.4567 0.0028
vn -0.8883 -0.4592 -0.0044
vn -0.9194 -0.3933 -0.0013
vn -0.9192 -0.3938 -0.0015
vn -0.9504 -0.3111 0.0042
vn -0.9495 -0.3138 -0.0046
vn -0.9490 -0.3154 0.0016
vn -0.9197 -0.3925 0.0030
vn -0.9460 -0.3241 0.0002
vn -0.9494 -0.3141 0.0066
vn -0.9179 -0.3968 0.0005
vn -0.9454 -0.3259 -0.0089
vn -0.9076 -0.4198 -0.0091
vn -0.9183 -0.3960 0.0007
vn -0.9142 -0.4053 -0.0054
vn -0.9130 -0.4075 -0.0205
vn -0.8843 -0.4664 -0.0197
vn -0.9061 -0.4220 -0.0307
vn -0.8781 -0.4776 -0.0300
vn -0.8782 -0.4774 -0.0280
vn -0.8587 -0.5116 -0.0299
vn -0.8609 -0.5080 -0.0271
vn -0.8579 -0.5122 -0.0402
vn -0.8706 -0.4903 -0.0409
vn -0.8541 -0.5177 -0.0506
vn -0.8515 -0.5224 -0.0456
vn -0.8702 -0.4905 -0.0466
vn -0.8546 -0.5174 -0.0446
vn -0.8523 -0.5212 -0.0445
vn -0.8517 -0.5215 -0.0504
vn -0.8484 -0.5280 -0.0374
vn -0.8577 -0.5127 -0.0382
vn -0.8569 -0.5136 -0.0435
vn -0.8572 -0.5132 -0.0435
vn -0.8567 -0.5138 -0.0462
vn -0.8675 -0.4966 -0.0303
vn -0.8664 -0.4976 -0.0411
vn -0.8607 -0.5075 -0.0406
vn -0.8761 -0.4813 -0.0278
vn -0.8618 -0.5065 -0.0262
vn -0.8819 -0.4705 -0.0280
vn -0.8770 -0.4802 -0.0173
vn -0.8957 -0.4443 -0.0191
vn -0.8947 -0.4457 -0.0296
vn -0.9215 -0.3881 -0.0155
vn -0.9221 -0.3869 -0.0089
vn -0.9041 -0.4272 -0.0071
vn -0.8860 -0.4635 -0.0121
vn -0.8842 -0.4661 -0.0318
vn -0.8740 -0.4857 -0.0131
vn -0.9131 -0.4077 0.0006
vn -0.9117 -0.4106 -0.0164
vn -0.9023 -0.4310 0.0017
vn -0.9022 -0.4313 0.0001
vn -0.8742 -0.4854 -0.0109
vn -0.8896 -0.4566 -0.0122
vn -0.8613 -0.5074 -0.0255
vn -0.8633 -0.5047 -0.0036
vn -0.8910 -0.4539 0.0051
vn -0.8808 -0.4734 -0.0049
vn -0.8815 -0.4721 0.0042
vn -0.8541 -0.5202 -0.0010
vn -0.8482 -0.5296 0.0062
vn -0.8530 -0.5217 -0.0143
vn -0.8429 -0.5380 -0.0136
vn -0.8439 -0.5366 -0.0003
vn -0.8474 -0.5309 -0.0054
vn -0.8460 -0.5327 -0.0241
vn -0.8499 -0.5263 -0.0244
vn -0.8393 -0.5436 -0.0049
vn -0.8499 -0.5263 -0.0245
vn -0.9471 -0.3210 -0.0043
vn -0.9472 -0.3206 -0.0026
vn -0.9039 -0.4277 -0.0105
vn -0.9297 -0.3682 -0.0042
vn -0.9094 -0.4159 -0.0022
vn -0.9302 -0.3670 0.0025
vn -0.9639 -0.2664 -0.0017
vn -0.9358 -0.3526 0.0047
vn -0.9643 -0.2648 0.0060
vn -0.9664 -0.2570 0.0012
vn -0.9388 -0.3445 0.0050
vn -0.9689 -0.2472 0.0024
vn -0.9691 -0.2465 0.0058
vn -0.9384 -0.3456 -0.0009
vn -0.9408 -0.3389 0.0005
vn -0.9136 -0.4066 0.0024
vn -0.9130 -0.4078 -0.0057
vn -0.9097 -0.4153 0.0016
vn -0.9158 -0.4016 -0.0024
vn -0.8905 -0.4550 -0.0038
vn -0.8923 -0.4514 -0.0009
vn -0.9159 -0.4014 -0.0011
vn -0.8924 -0.4513 -0.0002
vn -0.8933 -0.4495 -0.0012
vn -0.9410 -0.3385 -0.0015
vn -0.9169 -0.3992 -0.0011
vn -0.8924 -0.4513 -0.0020
vn -0.8928 -0.4504 -0.0012
vn -0.9170 -0.3989 0.0007
vn -0.9178 -0.3971 0.0004
vn -0.9423 -0.3349 -0.0000
vn -0.9408 -0.3390 -0.0003
vn -0.9424 -0.3345 0.0023
vn -0.9707 -0.2402 0.0008
vn -0.9708 -0.2401 0.0012
vn -0.9430 -0.3328 0.0012
vn -0.9711 -0.2388 0.0005
vn -0.9429 -0.3330 -0.0002
vn -0.9710 -0.2390 -0.0003
vn -0.9717 -0.2361 -0.0008
vn -0.9713 -0.2377 -0.0004
vn -0.9434 -0.3317 -0.0011
vn -0.9714 -0.2375 0.0004
vn -0.9439 -0.3302 -0.0020
vn -0.9438 -0.3305 -0.0033
vn -0.9449 -0.3273 -0.0015
vn -0.9435 -0.3313 -0.0012
vn -0.9720 -0.2349 -0.0011
vn -0.9718 -0.2359 -0.0009
vn -0.9725 -0.2331 -0.0020
vn -0.9892 -0.1465 -0.0005
vn -0.9895 -0.1449 -0.0008
vn -0.9728 -0.2315 -0.0013
vn -0.9963 -0.0864 -0.0006
vn -0.9898 -0.1425 -0.0010
vn -0.9967 -0.0815 -0.0012
vn -0.9896 -0.1436 -0.0013
vn -0.9896 -0.1438 -0.0021
vn -0.9895 -0.1442 -0.0021
vn -0.9899 -0.1420 -0.0029
vn -0.9737 -0.2277 -0.0047
vn -0.9732 -0.2300 -0.0041
vn -0.9740 -0.2265 -0.0062
vn -0.9499 -0.3123 -0.0085
vn -0.9485 -0.3165 -0.0121
vn -0.9490 -0.3154 -0.0056
vn -0.9237 -0.3830 -0.0092
vn -0.9228 -0.3847 -0.0216
vn -0.9479 -0.3186 -0.0077
vn -0.9253 -0.3789 -0.0145
vn -0.9217 -0.3879 -0.0076
vn -0.9480 -0.3184 -0.0062
vn -0.9227 -0.3853 -0.0098
vn -0.9227 -0.3855 -0.0111
vn -0.8960 -0.4439 -0.0115
vn -0.8950 -0.4459 -0.0133
vn -0.8952 -0.4456 -0.0105
vn -0.9216 -0.3881 -0.0091
vn -0.9191 -0.3941 -0.0072
vn -0.9204 -0.3909 -0.0051
vn -0.8943 -0.4473 -0.0100
vn -0.8942 -0.4476 -0.0122
vn -0.8932 -0.4497 -0.0078
vn -0.8938 -0.4483 -0.0084
vn -0.9203 -0.3912 -0.0066
vn -0.8669 -0.4984 -0.0047
vn -0.8931 -0.4498 -0.0039
vn -0.8929 -0.4502 -0.0066
vn -0.8666 -0.4989 -0.0090
vn -0.9183 -0.3959 -0.0033
vn -0.8931 -0.4499 -0.0039
vn -0.9181 -0.3963 -0.0057
vn -0.8389 -0.5442 -0.0045
vn -0.8375 -0.5464 -0.0020
vn -0.8676 -0.4972 -0.0035
vn -0.8355 -0.5495 -0.0097
vn -0.8373 -0.5467 -0.0068
vn -0.8662 -0.4997 -0.0081
vn -0.8285 -0.5599 -0.0074
vn -0.8348 -0.5506 -0.0021
vn -0.8322 -0.5545 0.0027
vn -0.8320 -0.5548 -0.0016
vn -0.8441 -0.5362 -0.0038
vn -0.8446 -0.5354 0.0063
vn -0.8286 -0.5598 -0.0052
vn -0.8480 -0.5299 -0.0003
vn -0.8830 -0.4692 0.0103
vn -0.8482 -0.5296 0.0037
vn -0.8511 -0.5250 0.0088
vn -0.8831 -0.4690 0.0114
vn -0.8543 -0.5197 0.0113
vn -0.8866 -0.4624 0.0133
vn -0.8868 -0.4617 0.0189
vn -0.8509 -0.5253 0.0051
vn -0.8368 -0.5475 0.0027
vn -0.8367 -0.5476 0.0012
vn -0.8351 -0.5502 0.0044
vn -0.8568 -0.5156 0.0076
vn -0.8543 -0.5195 0.0127
vn -0.8393 -0.5436 0.0071
vn -0.8391 -0.5439 0.0025
vn -0.8440 -0.5363 0.0025
vn -0.8424 -0.5388 -0.0002
vn -0.8426 -0.5386 0.0028
vn -0.8440 -0.5364 0.0006
vn -0.8418 -0.5398 0.0071
vn -0.8417 -0.5399 0.0053
vn -0.8441 -0.5362 0.0006
vn -0.8596 -0.5109 0.0056
vn -0.8640 -0.5034 0.0135
vn -0.8635 -0.5043 0.0020
vn -0.8441 -0.5361 0.0018
vn -0.8682 -0.4960 0.0107
vn -0.8681 -0.4964 0.0060
vn -0.8737 -0.4864 -0.0056
vn -0.8517 -0.5241 -0.0057
vn -0.8471 -0.5313 -0.0132
vn -0.8475 -0.5308 -0.0047
vn -0.9185 -0.3954 0.0006
vn -0.9122 -0.4095 0.0162
vn -0.9118 -0.4105 0.0083
vn -0.8739 -0.4861 -0.0014
vn -0.8798 -0.4745 -0.0287
vn -0.8805 -0.4737 -0.0154
vn -0.8896 -0.4566 -0.0113
vn -0.9179 -0.3967 -0.0102
vn -0.8883 -0.4580 -0.0337
vn -0.9268 -0.3755 0.0088
vn -0.8988 -0.4381 -0.0156
vn -0.9255 -0.3785 -0.0149
vn -0.9660 -0.2578 0.0215
vn -0.9696 -0.2446 0.0073
vn -0.9656 -0.2595 0.0133
vn -0.9342 -0.3568 0.0036
vn -0.9695 -0.2452 0.0044
vn -0.9341 -0.3571 0.0015
vn -0.9728 -0.2316 0.0050
vn -0.9409 -0.3386 0.0031
vn -0.9733 -0.2287 0.0167
vn -0.9398 -0.3414 -0.0142
vn -0.9899 -0.1388 0.0285
vn -0.9898 -0.1418 0.0163
vn -0.9756 -0.2192 0.0136
vn -0.9885 -0.1499 0.0201
vn -0.9961 -0.0758 0.0461
vn -0.9958 -0.0819 0.0412
vn -0.9964 -0.0778 0.0349
vn -0.9869 -0.1572 0.0365
vn -0.9967 -0.0748 0.0321
vn -0.9886 -0.1482 0.0269
vn -0.9986 -0.0367 0.0377
vn -0.9990 -0.0369 0.0260
vn -0.9968 -0.0758 0.0263
vn -0.9988 -0.0402 0.0286
vn -0.9994 -0.0195 0.0274
vn -0.9990 -0.0404 0.0209
vn -0.9989 -0.0433 0.0184
vn -0.9992 -0.0338 0.0192
vn -0.9994 -0.0273 0.0190
vn -0.9996 -0.0263 0.0143
vn -0.9998 -0.0043 0.0209
vn -0.9999 -0.0131 0.0101
vn -0.9999 -0.0124 0.0082
vn -0.9996 -0.0231 0.0145
vn -0.9995 -0.0194 0.0268
vn -0.9998 -0.0029 0.0171
vn -0.9996 0.0076 0.0289
vn -0.9988 -0.0121 0.0481
vn -0.9992 0.0004 0.0395
vn -0.9993 -0.0104 0.0363
vn -0.9992 0.0042 0.0397
vn -0.9983 0.0207 0.0551
vn -0.9985 0.0097 0.0543
vn -0.9981 -0.0012 0.0622
vn -0.9993 0.0270 0.0271
vn -0.9985 0.0478 0.0272
vn -0.9968 0.0669 0.0443
vn -0.9982 0.0416 0.0427
vn -0.9985 0.0473 0.0286
vn -0.9961 0.0620 0.0630
vn -0.9973 0.0394 0.0619
vn -0.9950 0.0860 0.0503
vn -0.9935 0.0831 0.0773
vn -0.9956 0.0545 0.0761
vn -0.9957 0.0545 0.0744
vn -0.9938 0.0693 0.0874
vn -0.9974 0.0099 0.0716
vn -0.9962 0.0197 0.0847
vn -0.9967 0.0192 0.0795
vn -0.9956 0.0258 0.0896
vn -0.9959 -0.0283 0.0861
vn -0.9963 -0.0245 0.0824
vn -0.9967 -0.0256 0.0764
vn -0.9919 -0.1007 0.0773
vn -0.9934 -0.0925 0.0685
vn -0.9932 -0.0920 0.0707
vn -0.9968 -0.0246 0.0755
vn -0.9952 -0.0786 0.0577
vn -0.9978 -0.0266 0.0614
vn -0.9949 -0.0865 0.0513
vn -0.9945 -0.0841 0.0625
vn -0.9847 -0.1680 0.0460
vn -0.9846 -0.1654 0.0571
vn -0.9869 -0.1577 0.0347
vn -0.9616 -0.2731 0.0284
vn -0.9618 -0.2711 0.0382
vn -0.9823 -0.1824 0.0434
vn -0.9570 -0.2868 0.0427
vn -0.9794 -0.1959 0.0481
vn -0.9565 -0.2910 0.0214
vn -0.9821 -0.1777 0.0629
vn -0.9481 -0.3150 0.0431
vn -0.9521 -0.3041 0.0305
vn -0.9520 -0.3047 0.0274
vn -0.9794 -0.1955 0.0500
vn -0.9765 -0.2064 0.0625
vn -0.9766 -0.2100 0.0475
vn -0.9440 -0.3272 0.0412
vn -0.9478 -0.3176 0.0297
vn -0.9439 -0.3280 0.0371
vn -0.9737 -0.2201 0.0593
vn -0.9737 -0.2216 0.0526
vn -0.9711 -0.2349 0.0414
vn -0.9404 -0.3389 0.0273
vn -0.9406 -0.3378 0.0338
vn -0.9689 -0.2444 0.0377
vn -0.9712 -0.2337 0.0468
vn -0.9875 -0.1475 0.0555
vn -0.9874 -0.1465 0.0593
vn -0.9889 -0.1396 0.0510
vn -0.9864 -0.1569 0.0479
vn -0.9671 -0.2507 0.0439
vn -0.9689 -0.2447 0.0365
vn -0.9349 -0.3535 0.0319
vn -0.9669 -0.2524 0.0358
vn -0.9346 -0.3548 0.0242
vn -0.9324 -0.3602 0.0306
vn -0.9324 -0.3599 0.0323
vn -0.9631 -0.2665 0.0378
vn -0.9650 -0.2584 0.0447
vn -0.9650 -0.2587 0.0432
vn -0.9853 -0.1639 0.0475
vn -0.9853 -0.1634 0.0497
vn -0.9864 -0.1554 0.0544
vn -0.9955 -0.0752 0.0576
vn -0.9842 -0.1685 0.0553
vn -0.9954 -0.0748 0.0593
vn -0.9975 0.0098 0.0698
vn -0.9974 0.0101 0.0711
vn -0.9978 0.0038 0.0666
vn -0.9948 -0.0790 0.0638
vn -0.9977 0.0133 0.0661
vn -0.9957 -0.0676 0.0634
vn -0.9936 0.0839 0.0749
vn -0.9936 0.0854 0.0735
vn -0.9940 0.0831 0.0715
vn -0.9973 0.0147 0.0717
vn -0.9932 0.0864 0.0776
vn -0.9975 0.0179 0.0682
vn -0.9972 0.0191 0.0724
vn -0.9969 0.0233 0.0756
vn -0.9932 0.0865 0.0775
vn -0.9925 0.0881 0.0842
vn -0.9963 0.0273 0.0820
vn -0.9965 0.0244 0.0799
vn -0.9955 0.0292 0.0899
vn -0.9955 0.0286 0.0902
vn -0.9957 -0.0331 0.0869
vn -0.9959 -0.0426 0.0796
vn -0.9965 -0.0450 0.0706
vn -0.9958 -0.0502 0.0765
vn -0.9899 -0.1263 0.0648
vn -0.9907 -0.1128 0.0755
vn -0.9901 -0.1282 0.0572
vn -0.9885 -0.1358 0.0661
vn -0.9911 -0.1146 0.0684
vn -0.9918 -0.1000 0.0801
vn -0.9959 -0.0338 0.0843
vn -0.9954 0.0262 0.0923
vn -0.9956 -0.0276 0.0891
vn -0.9930 0.0852 0.0821
vn -0.9925 0.0805 0.0919
vn -0.9925 0.0862 0.0869
vn -0.9949 -0.0536 0.0855
vn -0.9933 0.0698 0.0923
vn -0.9932 0.0793 0.0849
vn -0.9877 0.1323 0.0834
vn -0.9871 0.1333 0.0885
vn -0.9888 0.1215 0.0864
vn -0.9894 0.1206 0.0803
vn -0.9873 0.1380 0.0787
vn -0.9959 -0.0589 0.0693
vn -0.9965 -0.0537 0.0633
vn -0.9961 -0.0599 0.0655
vn -0.9870 0.1417 0.0759
vn -0.9872 0.1389 0.0783
vn -0.9959 -0.0688 0.0587
vn -0.9944 0.0765 0.0724
vn -0.9940 0.0799 0.0747
vn -0.9373 -0.3477 0.0247
vn -0.8901 -0.4553 0.0206
vn -0.8929 -0.4496 0.0230
vn -0.8926 -0.4506 0.0147
vn -0.9008 -0.4335 0.0247
vn -0.8963 -0.4431 0.0152
vn -0.8963 -0.4431 0.0150
vn -0.9062 -0.4220 0.0251
vn -0.9061 -0.4224 0.0219
vn -0.9003 -0.4350 0.0124
vn -0.9918 0.1039 0.0749
vn -0.9925 0.1034 0.0651
vn -0.9978 -0.0279 0.0603
vn -0.9984 -0.0321 0.0466
vn -0.9989 -0.0327 0.0346
vn -0.9984 -0.0289 0.0494
vn -0.9990 -0.0436 0.0120
vn -0.9969 -0.0776 0.0104
vn -0.9969 -0.0759 0.0193
vn -0.9970 -0.0753 0.0188
vn -0.9908 -0.1339 0.0219
vn -0.9907 -0.1352 0.0168
vn -0.9969 -0.0742 0.0248
vn -0.9909 -0.1345 0.0080
vn -0.9911 -0.1326 0.0144
vn -0.9970 -0.0770 0.0099
vn -0.9969 -0.0792 -0.0010
vn -0.9910 -0.1336 0.0072
vn -0.9905 -0.1372 -0.0050
vn -0.9970 -0.0776 -0.0022
vn -0.9909 -0.1345 -0.0035
vn -0.9749 -0.2215 -0.0237
vn -0.9765 -0.2155 -0.0056
vn -0.9757 -0.2181 -0.0217
vn -0.9899 -0.1398 -0.0222
vn -0.9888 -0.1428 -0.0443
vn -0.9903 -0.1372 -0.0207
vn -0.9732 -0.2254 -0.0465
vn -0.9893 -0.1378 -0.0484
vn -0.9947 -0.0825 -0.0613
vn -0.9882 -0.1400 -0.0622
vn -0.9958 -0.0812 -0.0433
vn -0.9950 -0.0801 -0.0597
vn -0.9957 -0.0819 -0.0428
vn -0.9974 -0.0437 -0.0572
vn -0.9979 -0.0457 -0.0449
vn -0.9984 -0.0404 -0.0403
vn -0.9967 -0.0787 -0.0198
vn -0.9966 -0.0806 -0.0183
vn -0.9990 -0.0406 -0.0171
vn -0.9972 -0.0462 -0.0592
vn -0.9980 -0.0261 -0.0567
vn -0.9980 -0.0126 -0.0613
vn -0.9988 -0.0258 -0.0404
vn -0.9981 -0.0082 -0.0605
vn -0.9989 0.0045 -0.0464
vn -0.9988 -0.0025 -0.0490
vn -0.9977 0.0136 -0.0666
vn -0.9977 -0.0045 -0.0676
vn -0.9970 -0.0127 -0.0758
vn -0.9971 0.0138 -0.0745
vn -0.9968 0.0158 -0.0784
vn -0.9973 -0.0010 -0.0734
vn -0.9977 0.0200 -0.0650
vn -0.9966 0.0130 -0.0815
vn -0.9968 0.0128 -0.0792
vn -0.9971 -0.0001 -0.0763
vn -0.9969 -0.0071 -0.0787
vn -0.9976 -0.0169 -0.0673
vn -0.9979 -0.0100 -0.0642
vn -0.9978 -0.0140 -0.0646
vn -0.9972 -0.0125 -0.0734
vn -0.9975 -0.0211 -0.0668
vn -0.9975 -0.0234 -0.0660
vn -0.9982 -0.0187 -0.0579
vn -0.9980 -0.0221 -0.0593
vn -0.9979 -0.0272 -0.0585
vn -0.9973 -0.0294 -0.0680
vn -0.9973 -0.0306 -0.0674
vn -0.9980 -0.0248 -0.0581
vn -0.9988 -0.0230 -0.0429
vn -0.9991 -0.0172 -0.0394
vn -0.9979 -0.0269 -0.0588
vn -0.9990 -0.0123 -0.0424
vn -0.9999 0.0155 0.0058
vn -0.9985 -0.0256 -0.0486
vn -0.9989 -0.0418 -0.0232
vn -0.9994 -0.0072 -0.0332
vn -0.9984 -0.0340 -0.0455
vn -0.9984 -0.0149 -0.0537
vn -0.9980 -0.0240 -0.0591
vn -0.9984 -0.0186 -0.0533
vn -0.9970 -0.0510 -0.0580
vn -0.9970 -0.0392 -0.0669
vn -0.9975 -0.0144 -0.0688
vn -0.9961 -0.0339 -0.0817
vn -0.9950 -0.0626 -0.0777
vn -0.9997 -0.0151 -0.0199
vn -0.9998 -0.0175 -0.0030
vn -0.9991 -0.0157 -0.0393
vn -0.9981 -0.0213 -0.0580
vn -0.9974 -0.0311 -0.0651
vn -0.9985 -0.0311 -0.0452
vn -0.9990 -0.0119 -0.0439
vn -0.9973 -0.0346 -0.0654
vn -0.9972 -0.0315 -0.0682
vn -0.9964 -0.0400 -0.0745
vn -0.9958 -0.0526 -0.0755
vn -0.9955 -0.0528 -0.0783
vn -0.9924 -0.0942 -0.0797
vn -0.9893 -0.1165 -0.0879
vn -0.9939 -0.0678 -0.0865
vn -0.9903 -0.0941 -0.1025
vn -0.9898 -0.1169 -0.0820
vn -0.9944 -0.0679 -0.0808
vn -0.9879 -0.1266 -0.0892
vn -0.9892 -0.1270 -0.0733
vn -0.9944 -0.0765 -0.0724
vn -0.9942 -0.0764 -0.0755
vn -0.9943 -0.0801 -0.0701
vn -0.9965 -0.0432 -0.0719
vn -0.9967 -0.0435 -0.0684
vn -0.9965 -0.0400 -0.0737
vn -0.9967 -0.0451 -0.0676
vn -0.9976 -0.0227 -0.0657
vn -0.9971 -0.0290 -0.0709
vn -0.9971 -0.0290 -0.0707
vn -0.9999 0.0111 0.0063
vn -0.9969 -0.0307 -0.0720
vn -0.9970 -0.0208 -0.0752
vn -0.9975 -0.0142 -0.0697
vn -0.9963 0.0247 -0.0827
vn -0.9966 0.0237 -0.0791
vn -0.9970 0.0314 -0.0701
vn -0.9889 -0.1325 -0.0679
vn -0.9881 -0.1330 -0.0776
vn -0.9746 -0.2110 -0.0754
vn -0.9747 -0.2109 -0.0739
vn -0.9734 -0.2195 -0.0664
vn -0.9736 -0.2144 -0.0782
vn -0.9442 -0.3224 -0.0678
vn -0.9436 -0.3239 -0.0688
vn -0.9464 -0.3195 -0.0473
vn -0.9746 -0.2171 -0.0544
vn -0.9123 -0.4052 -0.0588
vn -0.9434 -0.3225 -0.0772
vn -0.9352 -0.3499 -0.0551
vn -0.9479 -0.3179 -0.0201
vn -0.9433 -0.3277 -0.0521
vn -0.9474 -0.3194 -0.0209
vn -0.9494 -0.3141 -0.0048
vn -0.9762 -0.2168 -0.0063
vn -0.9990 -0.0455 -0.0001
vn -0.9988 -0.0471 -0.0122
vn -0.9766 -0.2152 0.0058
vn -0.9770 -0.2134 0.0041
vn -0.9755 -0.2196 0.0122
vn -0.9767 -0.2146 0.0076
vn -0.9989 -0.0468 0.0008
vn -0.9989 -0.0459 0.0102
vn -0.8988 -0.4381 -0.0149
vn -0.8564 -0.5155 -0.0283
vn -0.8630 -0.5035 -0.0416
vn -0.8635 -0.5033 -0.0332
vn -0.8499 -0.5263 -0.0254
vn -0.8490 -0.5268 -0.0408
vn -0.8571 -0.5150 -0.0153
vn -0.8508 -0.5249 -0.0255
vn -0.8452 -0.5344 -0.0046
vn -0.8464 -0.5325 -0.0070
vn -0.8483 -0.5294 -0.0133
vn -0.8459 -0.5331 -0.0170
vn -0.8665 -0.4988 -0.0184
vn -0.8474 -0.5301 -0.0293
vn -0.8639 -0.5028 -0.0306
vn -0.8650 -0.5016 -0.0151
vn -0.8681 -0.4963 -0.0066
vn -0.8879 -0.4599 -0.0080
vn -0.8873 -0.4609 -0.0169
vn -0.8672 -0.4980 -0.0082
vn -0.8684 -0.4959 -0.0030
vn -0.8687 -0.4954 -0.0025
vn -0.8907 -0.4546 -0.0037
vn -0.8453 -0.5343 -0.0021
vn -0.8570 -0.5151 0.0130
vn -0.8597 -0.5107 0.0074
vn -0.8411 -0.5409 0.0003
vn -0.8683 -0.4961 0.0003
vn -0.8688 -0.4952 -0.0007
vn -0.8410 -0.5411 -0.0020
vn -0.8677 -0.4970 -0.0015
vn -0.8681 -0.4964 -0.0023
vn -0.8392 -0.5438 0.0013
vn -0.8798 -0.4750 0.0172
vn -0.9291 -0.3691 0.0238
vn -0.8757 -0.4826 0.0156
vn -0.8794 -0.4760 0.0079
vn -0.9293 -0.3680 0.0310
vn -0.9262 -0.3764 0.0231
vn -0.8756 -0.4828 0.0134
vn -0.9261 -0.3766 0.0214
vn -0.8713 -0.4907 0.0049
vn -0.8403 -0.5421 0.0032
vn -0.8402 -0.5422 0.0010
vn -0.8252 -0.5648 -0.0109
vn -0.8250 -0.5649 -0.0136
vn -0.8222 -0.5692 -0.0085
vn -0.8357 -0.5491 -0.0071
vn -0.8190 -0.5737 -0.0111
vn -0.8319 -0.5548 -0.0099
vn -0.8218 -0.5696 -0.0162
vn -0.8359 -0.5489 -0.0027
vn -0.8296 -0.5582 -0.0155
vn -0.8169 -0.5766 -0.0142
vn -0.8297 -0.5581 -0.0134
vn -0.8289 -0.5592 -0.0144
vn -0.8665 -0.4990 -0.0122
vn -0.8311 -0.5558 -0.0184
vn -0.8655 -0.5006 -0.0157
vn -0.8658 -0.5002 -0.0113
vn -0.8894 -0.4563 -0.0258
vn -0.8945 -0.4469 -0.0098
vn -0.8331 -0.5529 -0.0161
vn -0.8314 -0.5555 -0.0130
vn -0.8655 -0.5008 -0.0137
vn -0.8654 -0.5009 -0.0154
vn -0.8332 -0.5527 -0.0136
vn -0.8657 -0.5004 -0.0141
vn -0.8658 -0.5002 -0.0114
vn 0.8647 0.5022 -0.0062
vn 0.8157 0.5784 0.0059
vn 0.8683 0.4960 0.0006
vn 0.8685 0.4956 -0.0035
vn 0.8141 0.5808 0.0029
vn 0.8120 0.5836 0.0012
vn 0.8722 0.4891 -0.0058
vn 0.8724 0.4886 -0.0113
vn 0.8769 0.4805 -0.0149
vn 0.9237 0.3826 -0.0191
vn 0.9241 0.3811 -0.0295
vn 0.9269 0.3747 -0.0225
vn 0.8770 0.4803 -0.0173
vn 0.9269 0.3744 -0.0244
vn 0.9299 0.3669 -0.0258
vn 0.8812 0.4724 -0.0196
vn 0.8807 0.4735 -0.0096
vn 0.9301 0.3658 -0.0323
vn 0.8850 0.4655 -0.0115
vn 0.8071 0.5905 -0.0015
vn 0.8015 0.5979 -0.0036
vn 0.9331 0.3580 -0.0338
vn 0.9331 0.3583 -0.0321
vn 0.9354 0.3527 -0.0254
vn 0.8851 0.4652 -0.0136
vn 0.8886 0.4582 -0.0206
vn 0.8884 0.4589 -0.0147
vn 0.8917 0.4520 -0.0216
vn 0.9382 0.3451 -0.0256
vn 0.9357 0.3513 -0.0331
vn 0.9382 0.3450 -0.0262
vn 0.8918 0.4519 -0.0226
vn 0.9211 0.3885 -0.0258
vn 0.9210 0.3890 -0.0224
vn 0.9177 0.3969 -0.0136
vn -0.8294 -0.5587 -0.0057
vn -0.8354 -0.5495 -0.0101
vn -0.8659 -0.5000 -0.0116
vn -0.9456 -0.3252 -0.0028
vn -0.9469 -0.3214 -0.0054
vn -0.9447 -0.3278 -0.0042
vn -0.9193 -0.3936 -0.0039
vn -0.8959 -0.4440 -0.0129
vn -0.9470 -0.3212 -0.0042
vn -0.9731 -0.2302 -0.0033
vn -0.9732 -0.2299 -0.0021
vn -0.9727 -0.2319 -0.0030
vn -0.9969 -0.0788 -0.0012
vn -0.0002 -0.0000 -1.0000
vn -0.9945 -0.1048 -0.0016
vn -0.9967 -0.0809 -0.0009
vn -0.9945 -0.1049 -0.0012
vn -0.9944 -0.1053 -0.0015
vn -0.9945 -0.1052 -0.0013
vn -0.9259 -0.3777 -0.0055
vn -0.9224 -0.3862 -0.0046
vn -0.9277 -0.3733 -0.0053
vn -0.6603 -0.7509 -0.0106
vn -0.9254 -0.3789 -0.0045
vn -0.6589 -0.7521 -0.0090
vn -0.6587 -0.7523 -0.0104
vn -0.9945 -0.1047 -0.0007
vn -1.0000 -0.0000 -0.0000
vn -0.9964 -0.0847 0.0001
vn -0.9949 -0.1004 -0.0004
vn -0.9895 -0.1447 -0.0006
vn -0.9959 -0.0902 -0.0000
vn -0.9894 -0.1454 -0.0000
vn -0.9882 -0.1533 0.0006
vn -0.9887 -0.1498 0.0002
vn -0.9893 -0.1457 -0.0002
vn -0.9964 -0.0850 0.0006
vn -0.9890 -0.1480 0.0011
vn -0.9888 -0.1493 0.0017
vn -0.9964 -0.0847 0.0007
vn -0.9701 -0.2427 0.0044
vn -0.9881 -0.1539 0.0021
vn -0.9889 -0.1488 0.0038
vn -0.9700 -0.2431 0.0025
vn -0.9182 -0.3961 -0.0024
vn -0.9177 -0.3974 -0.0012
vn -0.9174 -0.3979 -0.0016
vn -0.8835 -0.4684 -0.0086
vn -0.8515 -0.5224 -0.0458
vn -0.8492 -0.5273 -0.0292
vn -0.8635 -0.5043 -0.0095
vn -0.8446 -0.5354 -0.0084
vn -0.8624 -0.5061 -0.0079
vn -0.8903 -0.4554 0.0011
vn -0.8644 -0.5029 0.0033
vn -0.8883 -0.4593 -0.0091
vn -0.8894 -0.4572 0.0028
vn -0.8646 -0.5025 0.0035
vn -0.8651 -0.5014 0.0106
vn -0.8439 -0.5363 0.0139
vn -0.8434 -0.5372 0.0053
vn -0.8906 -0.4547 0.0038
vn -0.8627 -0.5056 0.0083
vn -0.8457 -0.5335 0.0077
vn -0.8855 -0.4647 -0.0044
vn -0.8561 -0.5167 0.0090
vn -0.8636 -0.5040 0.0147
vn -0.8538 -0.5206 0.0007
vn -0.0848 -0.6711 0.7365
vn 0.4945 -0.7778 0.3879
vn 0.5026 -0.7724 0.3882
vn 0.5178 -0.7630 0.3869
vn 0.4231 -0.6347 0.6467
vn 0.5106 -0.7660 0.3906
vn 0.5196 -0.8173 0.2493
vn 0.4972 -0.8322 0.2455
vn 0.5137 -0.8219 0.2461
vn 0.5288 -0.8127 0.2446
vn 0.5010 -0.8385 0.2144
vn 0.5177 -0.8283 0.2141
vn 0.5681 -0.0812 0.8189
vn 0.5020 -0.8384 0.2121
vn -0.3196 -0.5395 0.7790
vn -0.5282 0.0217 0.8488
vn -0.9302 0.0182 0.3665
vn -0.9279 -0.2344 0.2899
vn -0.3392 -0.5405 0.7700
vn -0.9014 -0.2855 0.3255
vn -0.8231 -0.5483 0.1477
vn -0.8092 -0.5648 0.1620
vn -0.9731 -0.2295 0.0204
vn -0.9904 -0.1152 0.0761
vn -0.0164 -0.9354 0.3533
vn -0.9930 -0.0669 -0.0978
vn -0.9823 -0.1592 0.0985
vn -0.9999 0.0089 0.0128
vn -0.9920 0.0742 0.1022
vn -0.6767 0.5784 0.4556
vn -0.4864 0.6457 0.5887
vn -0.7161 0.5461 0.4348
vn -0.4566 0.6891 0.5627
vn -0.3213 0.7293 0.6041
vn -0.3238 0.6990 0.6376
vn -0.4788 0.6785 0.5572
vn -0.3245 0.7288 0.6030
vn -0.4686 0.6958 0.5444
vn -0.3241 0.7405 0.5888
vn -0.4615 0.6979 0.5477
vn -0.6952 0.5742 0.4323
vn -0.9132 0.3300 0.2392
vn -0.9956 -0.0396 -0.0845
vn -0.6867 0.5794 0.4390
vn -0.9087 0.3470 0.2320
vn -0.9969 -0.0068 -0.0785
vn -0.3231 0.7408 0.5889
vn -0.3423 0.7516 0.5639
vn -0.3436 0.7513 0.5635
vn -0.5411 0.6837 0.4896
vn -0.5879 0.6573 0.4716
vn -0.5875 0.6563 0.4734
vn -0.3434 0.7508 0.5643
vn -0.0198 0.7726 0.6346
vn -0.2430 0.7704 0.5895
vn -0.3143 0.7592 0.5700
vn 0.0809 0.9089 0.4092
vn -0.0000 0.9974 0.0722
vn -0.1387 0.9882 0.0658
vn -0.1496 0.9867 0.0638
vn -0.1523 0.9883 -0.0049
vn -0.1452 0.9894 -0.0038
vn -0.1595 0.9872 -0.0059
vn -0.1592 0.9872 -0.0032
vn -0.4698 0.8827 -0.0114
vn -0.4712 0.8819 -0.0160
vn 0.1334 0.9910 0.0043
vn 0.1336 0.9910 0.0035
vn 0.1400 0.9901 0.0042
vn 0.1400 0.9901 0.0039
vn 0.4520 0.8919 0.0123
vn 0.4514 0.8922 0.0142
vn 0.4247 0.9052 0.0136
vn 0.1339 0.9910 0.0022
vn 0.4287 0.9034 0.0082
vn 0.1413 0.9900 0.0029
vn 0.1417 0.9899 0.0019
vn -0.4564 0.8897 -0.0099
vn -0.4562 0.8898 -0.0097
vn -0.1451 0.9894 -0.0034
vn -0.4739 0.8805 -0.0113
vn -0.4797 0.8773 -0.0174
vn -0.5717 0.8204 -0.0107
vn -0.1594 0.9872 -0.0028
vn -0.2091 0.9779 -0.0063
vn -0.8350 0.5500 -0.0165
vn -0.7929 0.6089 -0.0248
vn -0.7798 0.6258 -0.0167
vn -0.7829 0.6219 -0.0171
vn -0.9469 0.3209 -0.0173
vn -0.9488 0.3154 -0.0192
vn -0.8475 0.5301 -0.0249
vn -0.9697 0.2435 -0.0218
vn -0.9546 0.2978 -0.0095
vn -0.5744 0.8184 -0.0136
vn -0.8942 0.4477 -0.0088
vn 0.4245 0.9054 0.0105
vn 0.7363 0.6737 0.0626
vn 0.7825 0.6187 0.0702
vn 0.9555 0.2903 0.0518
vn 0.9705 0.2375 0.0411
vn 0.9976 0.0582 0.0371
vn 0.9993 -0.0035 0.0381
vn 0.9991 -0.0058 0.0415
vn 0.9980 -0.0630 -0.0015
vn 0.9977 -0.0675 0.0077
vn 0.9994 -0.0274 0.0211
vn 0.9978 0.0356 0.0560
vn 0.9966 -0.0818 -0.0046
vn 0.9961 -0.0865 0.0169
vn 0.9991 -0.0300 0.0305
vn 0.9985 -0.0504 0.0205
vn 0.9951 -0.0979 0.0103
vn 0.9949 -0.0994 0.0199
vn 0.9985 -0.0508 0.0223
vn 0.9936 -0.1102 0.0242
vn 0.9915 -0.1280 0.0212
vn 0.9916 -0.1288 0.0152
vn 0.9930 -0.1163 0.0206
vn 0.9938 -0.1093 0.0203
vn 0.9918 -0.1260 0.0211
vn 0.9909 -0.1316 0.0267
vn 0.9871 -0.1599 0.0129
vn 0.9869 -0.1606 0.0129
vn 0.9870 -0.1605 0.0129
vn 0.9879 -0.1550 0.0098
vn 0.9909 -0.1335 0.0170
vn 0.9887 -0.1490 0.0162
vn 0.9912 -0.1326 0.0067
vn 0.9907 -0.1359 0.0081
vn 0.9931 -0.1165 0.0139
vn 0.9912 -0.1322 0.0081
vn 0.9957 -0.0922 0.0055
vn 0.9956 -0.0929 0.0074
vn 0.9965 -0.0837 0.0031
vn 0.9953 -0.0968 0.0033
vn 0.9980 -0.0630 0.0041
vn 0.9951 -0.0982 0.0059
vn 0.9946 -0.1039 0.0032
vn 0.9984 -0.0571 0.0044
vn 0.9979 -0.0649 0.0053
vn 0.9981 -0.0612 0.0010
vn 0.9991 -0.0414 0.0021
vn 0.9994 -0.0343 -0.0084
vn 0.9973 -0.0734 -0.0017
vn 0.9983 -0.0578 -0.0006
vn 0.9984 -0.0563 -0.0026
vn 0.9975 -0.0702 -0.0042
vn 0.9970 -0.0768 -0.0117
vn 0.9973 -0.0718 -0.0179
vn 0.9944 -0.1053 0.0015
vn 0.9968 -0.0790 -0.0121
vn 0.9869 -0.1612 -0.0065
vn 0.9920 -0.1259 0.0023
vn 0.9911 -0.1332 0.0041
vn 0.9948 -0.1016 0.0019
vn 0.9853 -0.1708 0.0033
vn 0.9915 -0.1296 0.0054
vn 0.9871 -0.1597 0.0066
vn 0.9861 -0.1659 0.0106
vn 0.9846 -0.1750 0.0041
vn 0.9862 -0.1655 0.0075
vn 0.9832 -0.1826 0.0071
vn 0.9886 -0.1504 0.0019
vn 0.9859 -0.1672 -0.0045
vn 0.9868 -0.1618 -0.0051
vn 0.9865 -0.1634 -0.0060
vn 0.9993 -0.0358 -0.0146
vn 0.9941 -0.1020 -0.0358
vn 0.9981 -0.0528 -0.0321
vn 0.9981 -0.0531 -0.0313
vn 0.9980 -0.0255 -0.0578
vn 0.9979 -0.0446 -0.0469
vn 0.9962 -0.0719 -0.0485
vn 0.9990 -0.0320 -0.0298
vn 0.9992 -0.0387 -0.0087
vn 0.9907 -0.1357 0.0084
vn 0.9970 -0.0714 0.0289
vn 0.9972 -0.0704 0.0257
vn 0.9932 -0.1159 0.0090
vn 0.9977 0.0207 0.0643
vn 0.9954 0.0523 0.0799
vn 0.9993 -0.0386 0.0032
vn 0.9991 -0.0433 0.0036
vn 0.9970 -0.0709 -0.0315
vn 0.9988 -0.0499 0.0011
vn 0.9987 -0.0508 0.0037
vn 0.9991 -0.0426 -0.0048
vn 0.9991 -0.0433 -0.0009
vn 0.9999 -0.0126 -0.0007
vn 0.9999 -0.0135 0.0027
vn 0.9996 0.0279 -0.0091
vn 0.9991 -0.0099 -0.0416
vn 0.9995 -0.0138 -0.0299
vn 0.9992 0.0381 -0.0121
vn 0.9983 -0.0126 -0.0570
vn 0.9937 0.0886 -0.0692
vn 0.9828 0.1791 -0.0445
vn 0.9826 0.1743 -0.0641
vn 0.9852 0.1607 -0.0589
vn 0.9768 0.2042 -0.0645
vn 0.9800 0.1924 -0.0512
vn 0.9911 0.1136 -0.0697
vn 0.9918 0.0979 -0.0818
vn 0.9920 0.0985 -0.0796
vn 0.9800 0.1929 -0.0493
vn 0.9493 0.3112 -0.0451
vn 0.9585 0.2814 -0.0447
vn 0.9533 0.3008 -0.0285
vn 0.9534 0.3000 -0.0323
vn 0.9089 0.4164 -0.0237
vn 0.9090 0.4159 -0.0277
vn 0.8761 0.4821 -0.0086
vn 0.8701 0.4926 -0.0138
vn 0.9032 0.4290 -0.0153
vn 0.9145 0.4044 -0.0102
vn 0.9148 0.4034 -0.0185
vn 0.9214 0.3885 -0.0023
vn 0.8894 0.4572 -0.0011
vn 0.9580 0.2859 -0.0231
vn 0.9957 0.0364 -0.0854
vn 0.9962 0.0223 -0.0843
vn 0.9956 0.0277 -0.0894
vn 0.9953 0.0270 -0.0925
vn 0.9950 -0.0378 -0.0926
vn 0.9945 -0.0424 -0.0962
vn 0.9954 0.0354 -0.0891
vn 0.9954 0.0556 -0.0781
vn 0.9962 0.0493 -0.0711
vn 0.9956 0.0467 -0.0807
vn 0.9957 -0.0425 -0.0821
vn 0.9954 0.0654 -0.0699
vn 0.9962 0.0596 -0.0633
vn 0.9951 -0.0679 -0.0714
vn 0.9946 -0.0717 -0.0745
vn 0.9947 -0.0746 -0.0702
vn 0.9956 0.0664 -0.0660
vn 0.9944 -0.0803 -0.0683
vn 0.9952 0.0742 -0.0640
vn 0.9954 0.0755 -0.0592
vn 0.9950 -0.0719 -0.0698
vn 0.9940 0.0877 -0.0654
vn 0.9948 0.0823 -0.0598
vn 0.9949 0.0829 -0.0576
vn 0.9898 0.1269 -0.0654
vn 0.9900 0.1289 -0.0577
vn 0.9883 0.1371 -0.0671
vn 0.9907 0.1116 -0.0773
vn 0.9741 0.2177 -0.0605
vn 0.9742 0.2193 -0.0537
vn 0.9769 0.2079 -0.0493
vn 0.9633 0.2653 -0.0399
vn 0.9966 -0.0130 -0.0816
vn 0.9966 0.0233 -0.0793
vn 0.9208 0.3899 0.0091
vn 0.9299 0.3676 -0.0106
vn 0.9376 0.3476 -0.0056
vn 0.9374 0.3482 -0.0018
vn 0.9287 0.3706 0.0137
vn 0.9443 0.3292 -0.0031
vn 0.9432 0.3320 0.0141
vn 0.9771 0.2124 -0.0119
vn 0.9486 0.3164 0.0089
vn 0.1669 0.1104 0.9798
vn 0.8983 0.4393 0.0013
vn 0.8964 0.4433 0.0043
vn 0.8984 0.4392 0.0004
vn -0.0000 -0.9992 0.0387
vn 0.8902 0.4555 0.0092
vn 0.8973 0.4414 -0.0020
vn 0.8749 0.4841 0.0166
vn 0.9074 0.4201 0.0108
vn 0.9077 0.4196 0.0072
vn 0.8997 0.4362 0.0190
vn 0.9190 0.3943 0.0012
vn 0.8968 0.4425 0.0005
vn 0.9202 0.3914 0.0009
vn 0.9203 0.3911 -0.0011
vn 0.9449 0.3274 -0.0027
vn 0.9447 0.3279 0.0006
vn 0.9434 0.3317 -0.0001
vn 0.9205 0.3907 0.0005
vn 0.9482 0.3176 0.0007
vn 0.9457 0.3251 0.0007
vn 0.9462 0.3235 0.0019
vn 0.9214 0.3887 0.0023
vn 0.9206 0.3904 0.0016
vn 0.9462 0.3237 0.0032
vn 0.9213 0.3888 0.0056
vn 0.9224 0.3862 0.0038
vn 0.9215 0.3885 0.0033
vn 0.9028 0.4299 0.0063
vn 0.8991 0.4378 0.0038
vn 0.8972 0.4417 0.0017
vn 0.9456 0.3254 0.0006
vn 0.9704 0.2414 0.0005
vn 0.9709 0.2395 0.0013
vn 0.9470 0.3211 0.0017
vn 0.9706 0.2408 0.0009
vn 0.9877 0.1565 0.0006
vn 0.9869 0.1612 0.0001
vn 0.9701 0.2426 0.0001
vn 0.9689 0.2473 -0.0006
vn 0.9851 0.1720 -0.0006
vn 0.9697 0.2445 -0.0011
vn 0.9697 0.2444 -0.0014
vn 0.9884 0.1517 0.0005
vn 0.9880 0.1547 -0.0012
vn 0.9880 0.1547 -0.0010
vn 0.9692 0.2461 -0.0026
vn 0.9878 0.1556 -0.0033
vn 0.9878 0.1559 -0.0018
vn 0.9874 0.1580 -0.0023
vn 0.9693 0.2457 -0.0046
vn 0.9680 0.2509 -0.0019
vn 0.9869 0.1614 -0.0030
vn 0.9682 0.2502 -0.0059
vn 0.9875 0.1575 -0.0045
vn 0.9982 0.0602 -0.0017
vn 0.9984 0.0562 -0.0023
vn 0.9869 0.1616 -0.0020
vn 0.9985 0.0553 -0.0012
vn 0.9857 0.1682 -0.0058
vn 0.9984 0.0571 -0.0020
vn 0.9985 0.0553 -0.0014
vn 0.9970 -0.0776 0.0027
vn 0.9942 -0.1071 0.0027
vn 0.9968 -0.0803 0.0027
vn 0.9606 -0.2777 0.0093
vn 0.9972 -0.0754 0.0026
vn 0.9615 -0.2748 0.0096
vn 0.9976 -0.0694 0.0026
vn 0.9601 -0.2793 0.0106
vn 0.9597 -0.2809 0.0094
vn 0.9608 -0.2771 0.0098
vn 0.9608 -0.2770 0.0102
vn 0.7704 -0.6372 0.0225
vn 0.7704 -0.6372 0.0212
vn 0.7702 -0.6374 0.0212
vn 0.7702 -0.6374 0.0224
vn 0.3021 -0.9527 0.0317
vn 0.3023 -0.9526 0.0335
vn 0.3020 -0.9527 0.0335
vn 0.7703 -0.6373 0.0233
vn 0.3021 -0.9526 0.0349
vn 0.3019 -0.9527 0.0349
vn 0.7675 -0.6406 0.0239
vn 0.7702 -0.6374 0.0242
vn 0.3081 -0.9507 0.0361
vn 0.3020 -0.9526 0.0366
vn -0.0263 -0.9989 0.0384
vn -0.0197 -0.9990 0.0389
vn 0.3082 -0.9506 0.0370
vn 0.3018 -0.9526 0.0376
vn 0.3085 -0.9505 0.0382
vn -0.0197 -0.9990 0.0401
vn 0.7703 -0.6372 0.0252
vn 0.3084 -0.9506 0.0363
vn 0.7702 -0.6373 0.0243
vn 0.7704 -0.6370 0.0252
vn 0.7724 -0.6347 0.0239
vn 0.9605 -0.2780 0.0105
vn 0.9614 -0.2749 0.0109
vn 0.9614 -0.2750 0.0109
vn 0.9605 -0.2780 0.0108
vn 0.9605 -0.2782 0.0092
vn 0.9976 -0.0686 0.0027
vn 0.9974 -0.0715 0.0024
vn 0.9973 -0.0737 0.0018
vn 0.9603 -0.2787 0.0069
vn 0.9605 -0.2783 0.0092
vn 0.7721 -0.6351 0.0210
vn -0.0198 -0.9991 0.0379
vn -0.0199 -0.9991 0.0379
vn -0.0198 -0.9991 0.0366
vn -0.2513 -0.9672 0.0367
vn -0.2513 -0.9673 0.0354
vn -0.0198 -0.9992 0.0352
vn -0.2578 -0.9656 0.0340
vn -0.2580 -0.9655 0.0359
vn -0.6645 -0.7468 0.0259
vn -0.6643 -0.7470 0.0260
vn -0.6645 -0.7468 0.0277
vn -0.2516 -0.9672 0.0336
vn -0.6647 -0.7467 0.0249
vn -0.6644 -0.7470 0.0249
vn -0.2515 -0.9673 0.0322
vn -0.2517 -0.9673 0.0322
vn -0.2528 -0.9664 0.0468
vn -0.6666 -0.7445 0.0366
vn -0.6675 -0.7437 0.0365
vn -0.2404 -0.9695 0.0478
vn -0.2476 -0.9651 0.0857
vn -0.2303 -0.9694 0.0848
vn -0.6921 -0.7190 0.0645
vn -0.6800 -0.7302 0.0668
vn -0.9496 -0.3061 0.0682
vn -0.9390 -0.3419 0.0359
vn -0.7572 -0.6421 0.1197
vn -0.9566 -0.2852 0.0600
vn -0.9771 -0.1934 0.0885
vn -0.9917 -0.1221 0.0403
vn -0.9934 -0.1062 0.0428
vn -0.9841 -0.1579 0.0813
vn -0.9929 -0.1172 0.0205
vn -0.9941 -0.1069 0.0200
vn -0.9901 -0.1343 0.0410
vn -0.9909 -0.1334 0.0175
vn -0.9718 -0.2347 0.0215
vn -0.9887 -0.1452 0.0380
vn -0.9721 -0.2309 0.0403
vn -0.9713 -0.2340 0.0418
vn -0.9692 -0.2266 0.0964
vn -0.9815 -0.1666 0.0939
vn -0.9464 -0.2245 0.2324
vn -0.9842 -0.1534 0.0881
vn -0.9504 -0.2078 0.2316
vn -0.9696 -0.2243 0.0978
vn -0.9329 -0.3443 0.1056
vn -0.9183 -0.3096 0.2468
vn -0.9501 -0.2028 0.2370
vn -0.9324 -0.3459 0.1044
vn -0.9182 -0.3105 0.2458
vn -0.7553 -0.1686 0.6334
vn -0.7519 -0.1677 0.6376
vn -0.7651 -0.1309 0.6305
vn -0.0353 0.0618 0.9975
vn -0.0886 0.1553 0.9839
vn -0.7624 -0.1312 0.6336
vn -0.1100 0.1503 0.9825
vn -0.6664 -0.3816 0.6406
vn 0.1003 -0.4390 0.8929
vn -0.0244 0.0623 0.9978
vn 0.1636 -0.4167 0.8942
vn 0.1976 -0.8643 0.4625
vn 0.1962 -0.8646 0.4627
vn 0.1647 -0.4165 0.8941
vn 0.0937 -0.4128 0.9060
vn 0.0262 -0.9823 0.1856
vn 0.1003 -0.9763 0.1916
vn 0.0894 -0.8702 0.4845
vn 0.0264 -0.9823 0.1856
vn 0.0850 -0.8868 0.4543
vn 0.0939 -0.9794 0.1785
vn -0.2214 -0.9601 0.1707
vn -0.2771 -0.9451 0.1730
vn -0.4402 -0.8040 0.3998
vn -0.3674 -0.8264 0.4266
vn -0.6809 -0.3828 0.6244
vn -0.9576 -0.1952 0.2121
vn -0.8923 -0.4060 0.1976
vn -0.9141 -0.3601 0.1864
vn -0.7685 -0.6294 0.1152
vn 0.0267 -0.9957 0.0883
vn -0.0132 -0.9958 0.0907
vn 0.0266 -0.9953 0.0936
vn -0.0066 -0.9959 0.0907
vn -0.0066 -0.9987 0.0500
vn -0.0132 -0.9987 0.0500
vn -0.0197 -0.9985 0.0504
vn -0.0198 -0.9986 0.0491
vn 0.3108 -0.9493 0.0480
vn -0.0198 -0.9993 0.0333
vn 0.3023 -0.9527 0.0317
vn 0.3036 -0.9516 0.0486
vn 0.3179 -0.9439 0.0889
vn 0.3516 -0.9318 0.0903
vn 0.7718 -0.6351 0.0330
vn 0.8114 -0.5816 0.0581
vn 0.7862 -0.6145 0.0654
vn 0.7772 -0.6283 0.0333
vn 0.9639 -0.2639 0.0353
vn 0.9623 -0.2715 0.0164
vn 0.9610 -0.2760 0.0160
vn 0.9679 -0.2494 0.0314
vn 0.9963 -0.0764 0.0405
vn 0.9726 -0.2237 0.0626
vn 0.9974 -0.0699 0.0190
vn 0.9969 -0.0769 0.0179
vn 0.9973 -0.0727 0.0069
vn 0.9966 0.0824 0.0007
vn 0.9964 0.0840 0.0085
vn 0.9974 -0.0720 0.0070
vn 0.9770 -0.2062 0.0538
vn 0.8534 -0.5083 0.1153
vn 0.3930 -0.9022 0.1778
vn 0.8761 -0.4717 0.1002
vn 0.4627 -0.8684 0.1783
vn 0.6156 -0.6810 0.3966
vn 0.9460 -0.2770 0.1684
vn 0.6613 -0.6538 0.3677
vn -0.0246 0.0623 0.9978
vn -0.0896 0.1549 0.9839
vn -0.0336 0.0582 0.9977
vn -0.6767 -0.3226 0.6618
vn -0.8530 -0.4534 0.2585
vn -0.8715 -0.4774 0.1118
vn -0.8524 -0.4537 0.2600
vn -0.8718 -0.4768 0.1125
vn -0.9947 -0.1007 0.0206
vn -0.9927 -0.1205 0.0084
vn -0.9945 -0.1047 0.0082
vn -0.9948 -0.1016 0.0076
vn -0.9930 -0.1181 0.0077
vn -0.9928 -0.1193 0.0040
vn -0.9947 -0.1031 0.0037
vn -0.9942 -0.1074 0.0038
vn -0.9943 -0.1064 0.0040
vn -0.9933 -0.1158 0.0031
vn -0.9933 -0.1153 0.0032
vn -0.9328 -0.3581 0.0394
vn -0.9294 -0.3686 0.0197
vn -0.9284 -0.3711 0.0196
vn -0.9275 -0.3735 0.0125
vn -0.9273 -0.3740 0.0125
vn -0.9274 -0.3739 0.0130
vn 0.9601 -0.2796 0.0106
vn 0.9973 -0.0732 0.0027
vn 0.9985 0.0539 -0.0003
vn 0.9985 0.0549 0.0001
vn 0.9973 -0.0739 0.0011
vn 0.9986 0.0538 -0.0008
vn 0.9970 -0.0777 0.0002
vn -0.0001 -0.0000 -1.0000
vn 0.9972 -0.0741 -0.0006
vn 0.9975 0.0706 -0.0005
vn 0.9982 0.0592 -0.0000
vn 0.9986 0.0534 0.0003
vn 0.9987 0.0518 0.0009
vn 0.9884 0.1517 0.0021
vn 0.9887 0.1498 0.0025
vn 0.9887 0.1497 0.0031
vn 0.9718 0.2357 0.0032
vn 0.9724 0.2334 0.0048
vn 0.9718 0.2358 0.0040
vn 0.9726 0.2325 0.0063
vn 0.9884 0.1518 0.0015
vn 0.9719 0.2356 0.0023
vn 0.9880 0.1543 0.0009
vn 0.9714 0.2373 0.0032
vn 0.9715 0.2370 0.0014
vn 0.9710 0.2390 0.0024
vn 0.9480 0.3183 0.0032
vn 0.9485 0.3167 0.0043
vn 0.9481 0.3181 0.0021
vn 0.9711 0.2389 0.0016
vn 1.0000 0.0001 -0.0000
vn 0.9416 0.3366 -0.0042
vn 0.9413 0.3376 0.0018
vn 0.9383 0.3458 -0.0052
vn 0.9663 0.2575 -0.0022
vn 0.9382 0.3460 -0.0039
vn 0.9662 0.2578 -0.0005
vn 0.9332 0.3592 0.0041
vn 0.9131 0.4076 0.0020
vn 0.9133 0.4072 -0.0008
vn 0.9163 0.4004 0.0060
vn 0.9169 0.3992 -0.0020
vn 0.9641 0.2655 -0.0059
vn 0.9469 0.3215 0.0042
vn 0.9457 0.3251 -0.0011
vn 0.9189 0.3945 0.0026
vn 0.8986 0.4377 0.0305
vn 0.9940 0.1091 0.0100
vn 0.9945 0.1039 0.0146
vn 0.9929 0.1180 0.0151
vn 0.9991 0.0435 -0.0000
vn 0.8489 0.5285 0.0006
vn 0.9968 -0.0733 0.0327
vn 0.8482 0.5293 0.0191
vn 0.8484 0.5291 0.0189
vn 0.8795 0.4760 0.0007
vn 0.8784 0.4776 0.0199
vn 0.8781 0.4780 0.0202
vn 0.8502 0.5265 -0.0009
vn 0.8505 0.5260 -0.0071
vn 0.8533 0.5214 -0.0036
vn 0.8589 0.5121 0.0010
vn 0.8534 0.5212 -0.0059
vn 0.8578 0.5137 0.0149
vn 0.8683 0.4961 0.0037
vn 0.9077 0.4196 0.0002
vn 0.9078 0.4194 -0.0010
vn 0.8961 0.4437 0.0129
vn 0.9497 0.3132 0.0030
vn 0.9496 0.3134 0.0044
vn 0.9559 0.2938 -0.0050
vn 0.9788 0.2050 -0.0016
vn 0.9448 0.3275 -0.0061
vn 0.9805 0.1963 -0.0013
vn 0.9786 0.2055 -0.0060
vn 0.9746 0.2238 -0.0023
vn 0.9961 0.0875 0.0094
vn -0.1056 0.1455 0.9837
vn -0.0400 0.0552 0.9977
vn 0.1180 -0.1464 0.9822
vn 0.0644 -0.0799 0.9947
vn -0.8404 -0.5397 0.0495
vn -0.9729 -0.2305 0.0199
vn -0.9602 -0.2794 0.0063
vn -0.9861 -0.1659 0.0019
vn 0.3020 -0.9526 0.0358
vn 0.3069 -0.9516 0.0147
vn 0.9613 -0.2754 0.0006
vn 0.9601 -0.2798 -0.0001
vn 0.3060 -0.9520 -0.0132
vn -0.2552 -0.9669 -0.0035
vn -0.9239 -0.3826 -0.0000
vn -0.6590 -0.7521 -0.0090
vn -0.2545 -0.9670 -0.0134
vn -0.2490 -0.9684 -0.0138
vn 0.9942 0.0891 -0.0596
vn 0.9934 0.0942 -0.0648
vn 0.9935 0.0947 -0.0626
vn 0.9931 0.1019 -0.0573
vn 0.9920 0.1213 -0.0343
vn 0.9935 0.1050 -0.0440
vn -0.9452 0.3014 0.1259
vn -0.9623 0.2397 0.1283
vn -0.9606 0.2515 0.1187
vn -0.9737 0.1937 0.1202
vn -0.9837 0.1572 0.0875
vn -0.9781 0.1796 0.1054
vn -0.9719 0.2109 0.1049
vn -0.9806 0.1794 0.0788
vn -0.9817 0.1748 0.0761
vn -0.9748 0.2083 0.0803
vn -0.9743 0.2114 0.0784
vn -0.9640 0.2538 0.0794
vn -0.9638 0.2539 0.0813
vn -0.9741 0.2115 0.0794
vn -0.9728 0.2167 0.0821
vn -0.9468 0.3109 0.0834
vn -0.9469 0.3109 0.0815
vn -0.9485 0.3066 0.0800
vn -0.9624 0.2586 0.0834
vn -0.9649 0.2497 0.0814
vn -0.9457 0.3146 0.0819
vn -0.9431 0.3066 0.1291
vn -0.9137 0.3986 0.0785
vn -0.9093 0.3967 0.1257
vn -0.9105 0.3943 0.1246
vn -0.9126 0.4011 0.0792
vn -0.8201 0.5609 0.1134
vn -0.8233 0.5631 0.0713
vn -0.8236 0.5624 0.0730
vn -0.8237 0.5625 0.0712
vn -0.9125 0.4010 0.0810
vn -0.9115 0.4035 0.0802
vn -0.9805 0.1796 0.0798
vn -0.9579 -0.2839 0.0425
vn -0.9863 -0.1562 0.0528
vn -0.9857 -0.1628 0.0441
vn -0.9579 -0.2849 0.0369
vn -0.9822 -0.1850 0.0313
vn -0.9978 -0.0009 0.0660
vn -0.9975 0.0046 0.0699
vn -0.9731 0.2164 0.0791
vn -0.9805 0.1808 0.0768
vn -0.9628 0.2610 0.0704
vn -0.9746 0.2125 0.0706
vn -0.8282 0.5563 0.0681
vn -0.8284 0.5555 0.0719
vn -0.8259 0.5599 0.0671
vn -0.8256 0.5597 0.0721
vn -0.6343 0.7717 0.0468
vn -0.6320 0.7735 0.0463
vn -0.6319 0.7734 0.0514
vn -0.8286 0.5565 0.0609
vn -0.6296 0.7753 0.0508
vn -0.2849 0.9583 0.0212
vn -0.8309 0.5529 0.0618
vn -0.8313 0.5532 0.0541
vn -0.9244 0.3786 0.0468
vn -0.9612 0.2719 0.0477
vn -0.9538 0.2954 0.0553
vn -0.9336 0.3558 0.0414
vn -0.9611 0.2719 0.0478
vn -0.9338 0.3559 0.0379
vn -0.9696 0.2416 0.0384
vn -0.8594 0.5107 0.0245
vn -0.8717 0.4892 0.0283
vn -0.9462 0.3221 0.0303
vn -0.8590 0.5105 0.0388
vn -0.9745 0.2193 0.0477
vn -0.9786 0.1978 0.0562
vn -0.9792 0.1973 0.0464
vn -0.9932 0.1157 -0.0102
vn -0.9963 0.0817 -0.0260
vn -0.9940 0.1052 -0.0290
vn -0.9941 0.1054 -0.0266
vn -0.9949 0.0969 -0.0287
vn -0.9956 0.0879 -0.0319
vn -0.9945 0.0985 -0.0366
vn -0.9951 0.0938 -0.0322
vn -0.9954 0.0935 -0.0223
vn -0.9960 0.0868 -0.0229
vn -0.9962 0.0857 -0.0181
vn -0.9971 0.0762 -0.0004
vn -0.9966 0.0828 0.0016
vn -0.9963 0.0813 -0.0264
vn -0.9978 0.0662 -0.0099
vn -0.9939 0.1082 -0.0234
vn -0.9943 0.1038 -0.0260
vn -0.9953 0.0971 0.0012
vn -0.9983 0.0585 0.0079
vn -0.9991 0.0422 -0.0022
vn -0.9970 0.0770 0.0101
vn -0.9962 0.0868 -0.0071
vn -0.9885 0.1420 0.0517
vn -0.9864 0.1627 0.0232
vn -0.9989 0.0466 -0.0053
vn -0.9953 0.0924 0.0302
vn -0.9938 0.1091 0.0216
vn -0.9986 -0.0088 -0.0530
vn -0.9990 -0.0001 -0.0456
vn -0.9981 0.0603 -0.0079
vn -0.9983 0.0573 -0.0077
vn -0.9996 -0.0003 -0.0292
vn -0.9995 0.0050 -0.0303
vn -0.9994 0.0014 -0.0336
vn -0.9985 -0.0106 -0.0531
vn -0.9994 0.0032 -0.0338
vn -0.9992 0.0017 -0.0412
vn -0.9998 0.0213 -0.0045
vn -0.9997 0.0222 -0.0045
vn -0.9995 0.0266 -0.0191
vn -0.9988 -0.0014 -0.0497
vn -0.9993 0.0376 0.0042
vn -0.9990 0.0158 -0.0412
vn -0.9963 -0.0091 -0.0849
vn -0.9985 0.0228 -0.0496
vn -0.9972 0.0106 -0.0740
vn -0.9966 -0.0231 -0.0789
vn -0.9979 0.0018 -0.0651
vn -0.9975 -0.0037 -0.0703
vn -0.9962 -0.0011 -0.0868
vn -0.9961 -0.0060 -0.0882
vn -0.9976 -0.0161 -0.0672
vn -0.9968 -0.0255 -0.0758
vn -0.9989 0.0381 0.0270
vn -0.9984 0.0461 0.0312
vn -0.9987 0.0435 0.0265
vn -0.9997 0.0246 0.0066
vn -0.9991 0.0406 0.0145
vn -0.9982 0.0500 0.0324
vn -0.9984 0.0472 0.0303
vn -0.9973 0.0675 0.0285
vn -0.9982 0.0562 0.0229
vn -0.9979 0.0518 0.0387
vn -0.9980 0.0603 0.0184
vn -0.9978 0.0598 0.0281
vn -0.9989 0.0407 0.0213
vn -0.9987 0.0386 0.0322
vn -0.9990 0.0375 0.0238
vn -0.9992 0.0402 0.0006
vn -0.9989 0.0468 0.0095
vn -0.9998 0.0193 0.0047
vn -0.9996 0.0206 0.0203
vn -0.9985 0.0544 -0.0037
vn -0.9988 0.0479 -0.0120
vn -0.9997 0.0227 0.0092
vn -0.9997 0.0236 -0.0077
vn -0.9996 0.0287 -0.0003
vn -0.9996 0.0295 -0.0044
vn -0.9984 0.0551 -0.0096
vn -0.9992 0.0393 -0.0109
vn -1.0000 0.0041 -0.0035
vn -1.0000 0.0050 -0.0073
vn -1.0000 -0.0030 0.0061
vn -1.0000 -0.0027 0.0023
vn -0.9980 0.0631 0.0057
vn -0.9976 0.0685 0.0024
vn -0.9975 0.0697 -0.0099
vn -0.9987 0.0400 0.0308
vn -0.9993 0.0237 0.0287
vn -0.9996 0.0213 0.0194
vn -0.9972 0.0751 0.0042
vn -0.9999 0.0028 -0.0152
vn -0.9994 0.0354 -0.0012
vn -0.9995 0.0321 0.0020
vn -0.9998 0.0086 -0.0171
vn -0.9994 0.0278 0.0227
vn -0.9996 0.0241 0.0151
vn -0.9995 0.0198 0.0226
vn -0.9997 0.0166 0.0157
vn -0.9982 0.0018 -0.0592
vn -0.9997 0.0183 -0.0181
vn -0.9992 0.0248 -0.0314
vn -0.9981 0.0182 -0.0594
vn -0.9988 0.0347 -0.0333
vn -0.9997 0.0248 -0.0008
vn -0.9770 0.1951 0.0857
vn -0.9779 0.1908 0.0861
vn -0.9575 0.2521 0.1405
vn -0.9934 0.1099 0.0326
vn -0.8151 0.4892 0.3104
vn -0.8218 0.4731 0.3176
vn -0.9987 0.0285 -0.0414
vn -0.9848 0.1719 0.0249
vn -0.9830 0.1830 -0.0132
vn -0.9844 0.1722 -0.0347
vn -0.9854 0.1701 -0.0120
vn -0.9854 0.1666 -0.0366
vn -0.9932 0.1105 -0.0371
vn -0.9514 0.3066 -0.0287
vn -0.9287 0.3698 0.0293
vn -0.9392 0.3429 -0.0190
vn -0.9397 0.3409 0.0287
vn -0.9965 0.0813 -0.0184
vn -0.9929 0.1140 -0.0340
vn -0.9933 0.1101 -0.0340
vn -0.9931 0.1110 -0.0369
vn -0.9993 0.0371 -0.0046
vn -0.9993 -0.0123 -0.0341
vn -0.9991 0.0103 -0.0409
vn -0.9983 0.0226 -0.0530
vn -0.9953 0.0029 -0.0967
vn -0.9483 0.3168 -0.0194
vn -0.9925 0.1169 -0.0360
vn -0.9942 0.1048 -0.0237
vn -0.9857 0.1680 -0.0126
vn -0.9912 0.1324 -0.0060
vn -0.6732 0.7392 0.0195
vn -0.6494 0.7605 -0.0062
vn 0.1921 0.9814 -0.0003
vn 0.3443 0.9388 -0.0071
vn 0.3115 0.9502 -0.0082
vn -0.3024 0.9532 0.0050
vn 0.7992 0.6008 -0.0202
vn 0.8637 0.5032 -0.0286
vn 0.9916 0.1257 -0.0305
vn 0.9916 0.1254 -0.0323
vn 0.8641 0.5020 -0.0351
vn 0.9974 0.0542 -0.0473
vn 0.9977 0.0546 -0.0394
vn 0.9991 -0.0082 -0.0409
vn 0.9872 -0.1521 -0.0472
vn 0.9875 -0.1529 -0.0389
vn 0.9792 -0.1953 -0.0550
vn 0.9791 -0.1977 -0.0471
vn 0.9936 -0.1028 -0.0473
vn 0.9788 -0.1973 -0.0550
vn 0.9710 -0.2304 -0.0638
vn 0.9735 -0.2196 -0.0638
vn 0.9846 -0.1658 -0.0551
vn 0.9773 -0.1998 -0.0709
vn 0.9780 -0.1993 -0.0611
vn 0.9821 -0.1802 -0.0551
vn 0.9725 -0.2201 -0.0762
vn 0.9914 -0.1071 -0.0757
vn 0.9910 -0.1139 -0.0707
vn 0.9936 -0.1092 -0.0298
vn 0.9836 0.1804 0.0073
vn 0.9937 0.1122 0.0044
vn 0.9976 0.0696 -0.0033
vn 0.9961 -0.0837 0.0292
vn 0.9999 -0.0093 -0.0048
vn 0.9866 -0.1631 -0.0062
vn 0.9834 -0.1630 -0.0793
vn 0.9927 -0.0952 -0.0736
vn 0.3937 0.9189 -0.0248
vn -0.2926 0.9560 0.0210
vn -0.2927 0.9560 0.0181
vn -0.2927 0.9561 0.0147
vn -0.2926 0.9560 0.0181
vn 0.9553 -0.2800 -0.0951
vn 0.9846 -0.1588 -0.0737
vn 0.9657 -0.2506 -0.0673
vn -0.6654 0.7462 0.0183
s 0
usemtl Lisanne_Metal
f 1//1 2//1 4//1
f 1//2 3//2 2//2
f 7//3 3//3 1//3
f 4//4 5//4 1//4
f 1//5 5//5 6//5
f 1//6 6//6 7//6
f 7//7 6//7 8//7
f 8//8 9//8 7//8
f 9//9 10//9 7//9
f 7//10 10//10 3//10
f 10//11 11//11 3//11
f 12//12 11//12 10//12
f 10//12 9//12 12//12
f 12//13 14//13 13//13
f 12//13 13//13 16//13
f 15//14 14//14 12//14
f 15//15 12//15 9//15
f 11//13 12//13 16//13
f 11//13 16//13 17//13
f 16//16 19//16 17//16
f 18//17 19//17 16//17
f 18//18 16//18 13//18
f 19//19 22//19 17//19
f 19//20 18//20 20//20
f 19//21 20//21 21//21
f 22//22 19//22 21//22
f 17//23 22//23 23//23
f 23//24 22//24 21//24
f 25//25 23//25 24//25
f 24//26 23//26 26//26
f 17//27 23//27 25//27
f 23//28 21//28 26//28
f 27//29 26//29 28//29
f 24//30 26//30 27//30
f 26//31 29//31 28//31
f 26//32 21//32 29//32
f 28//33 29//33 30//33
f 29//34 33//34 30//34
f 21//35 20//35 29//35
f 20//36 31//36 29//36
f 29//37 31//37 32//37
f 33//38 29//38 32//38
f 32//39 34//39 33//39
f 33//40 34//40 35//40
f 30//41 33//41 35//41
f 35//42 34//42 36//42
f 35//43 36//43 37//43
f 38//44 35//44 37//44
f 30//45 35//45 38//45
f 40//46 38//46 39//46
f 39//47 38//47 43//47
f 40//48 41//48 38//48
f 41//49 30//49 38//49
f 38//50 37//50 42//50
f 38//51 42//51 43//51
f 43//52 42//52 44//52
f 45//53 43//53 44//53
f 39//54 43//54 45//54
f 45//55 44//55 46//55
f 49//56 45//56 46//56
f 47//57 45//57 48//57
f 47//58 39//58 45//58
f 48//59 45//59 49//59
f 48//60 49//60 50//60
f 50//61 49//61 51//61
f 49//62 46//62 51//62
f 50//63 51//63 53//63
f 51//64 46//64 52//64
f 51//65 52//65 53//65
f 50//66 53//66 54//66
f 54//67 53//67 52//67
f 54//68 52//68 55//68
f 56//69 54//69 55//69
f 57//70 54//70 56//70
f 57//71 50//71 54//71
f 56//72 58//72 57//72
f 61//73 57//73 58//73
f 57//74 60//74 59//74
f 59//75 50//75 57//75
f 61//76 60//76 57//76
f 62//77 61//77 58//77
f 64//78 61//78 62//78
f 61//79 63//79 59//79
f 64//80 63//80 61//80
f 59//81 60//81 61//81
f 65//82 64//82 62//82
f 65//83 66//83 64//83
f 64//84 66//84 63//84
f 67//85 66//85 65//85
f 67//86 68//86 66//86
f 66//87 68//87 63//87
f 67//88 69//88 68//88
f 69//89 70//89 68//89
f 63//90 68//90 71//90
f 71//91 68//91 70//91
f 71//92 39//92 47//92
f 71//93 40//93 39//93
f 70//94 40//94 71//94
f 71//95 59//95 63//95
f 71//96 48//96 59//96
f 71//97 47//97 48//97
f 27//98 72//98 70//98
f 69//99 27//99 70//99
f 70//100 72//100 41//100
f 70//101 41//101 40//101
f 27//102 28//102 72//102
f 72//103 28//103 41//103
f 73//104 69//104 67//104
f 73//105 24//105 69//105
f 24//106 27//106 69//106
f 76//107 73//107 74//107
f 73//108 75//108 74//108
f 75//109 73//109 67//109
f 24//110 73//110 76//110
f 77//13 78//13 76//13
f 79//13 77//13 76//13
f 79//13 76//13 74//13
f 78//111 24//111 76//111
f 80//112 79//112 82//112
f 77//113 79//113 80//113
f 82//114 79//114 81//114
f 81//13 79//13 74//13
f 83//115 84//115 82//115
f 83//116 82//116 85//116
f 84//117 80//117 82//117
f 81//118 85//118 82//118
f 85//119 88//119 86//119
f 85//120 86//120 87//120
f 85//121 87//121 83//121
f 81//122 88//122 85//122
f 86//123 88//123 89//123
f 89//13 88//13 91//13
f 88//13 81//13 90//13
f 88//13 90//13 91//13
f 90//124 65//124 91//124
f 91//13 92//13 89//13
f 91//125 93//125 92//125
f 65//126 93//126 91//126
f 94//127 93//127 95//127
f 93//128 94//128 92//128
f 93//129 62//129 95//129
f 93//130 65//130 62//130
f 94//131 95//131 58//131
f 62//132 58//132 95//132
f 58//131 92//131 94//131
f 56//131 89//131 92//131
f 58//131 56//131 92//131
f 81//13 74//13 90//13
f 74//133 96//133 90//133
f 90//134 96//134 65//134
f 74//135 75//135 96//135
f 96//136 75//136 67//136
f 65//137 96//137 67//137
f 56//131 55//131 89//131
f 55//131 97//131 89//131
f 86//138 89//138 97//138
f 55//131 52//131 97//131
f 52//131 98//131 97//131
f 86//139 97//139 98//139
f 52//131 46//131 98//131
f 98//140 87//140 86//140
f 100//131 99//131 98//131
f 87//141 98//141 99//141
f 100//131 98//131 46//131
f 106//131 100//131 46//131
f 100//142 101//142 102//142
f 100//143 103//143 101//143
f 100//144 102//144 104//144
f 103//145 100//145 106//145
f 100//146 104//146 105//146
f 100//131 105//131 99//131
f 106//147 107//147 108//147
f 46//131 107//131 106//131
f 106//145 109//145 103//145
f 108//148 109//148 106//148
f 109//145 111//145 110//145
f 109//145 110//145 103//145
f 108//149 112//149 109//149
f 112//145 111//145 109//145
f 111//150 112//150 108//150
f 108//150 1818//150 111//150
f 111//151 1818//151 113//151
f 111//145 114//145 110//145
f 113//151 114//151 111//151
f 115//152 114//152 113//152
f 114//145 115//145 110//145
f 120//153 116//153 115//153
f 116//154 117//154 115//154
f 117//155 119//155 115//155
f 110//156 115//156 118//156
f 113//152 120//152 115//152
f 115//157 119//157 118//157
f 121//13 120//13 113//13
f 123//158 120//158 121//158
f 125//159 120//159 122//159
f 123//160 122//160 120//160
f 120//161 124//161 116//161
f 125//162 124//162 120//162
f 129//163 125//163 122//163
f 128//164 126//164 125//164
f 125//165 126//165 124//165
f 127//166 128//166 125//166
f 130//167 127//167 125//167
f 129//168 130//168 125//168
f 131//169 127//169 130//169
f 131//170 130//170 129//170
f 132//171 134//171 131//171
f 132//172 131//172 133//172
f 133//173 131//173 129//173
f 131//174 134//174 127//174
f 134//175 137//175 135//175
f 134//176 135//176 127//176
f 132//177 136//177 134//177
f 136//178 137//178 134//178
f 139//179 138//179 137//179
f 137//180 138//180 135//180
f 136//181 140//181 137//181
f 140//182 139//182 137//182
f 136//183 141//183 140//183
f 141//184 139//184 140//184
f 143//185 141//185 136//185
f 144//186 142//186 141//186
f 141//187 142//187 139//187
f 143//188 144//188 141//188
f 145//189 144//189 146//189
f 145//190 147//190 144//190
f 144//191 147//191 142//191
f 146//192 144//192 143//192
f 147//193 148//193 142//193
f 147//194 149//194 148//194
f 150//195 149//195 147//195
f 145//196 150//196 147//196
f 150//197 151//197 149//197
f 152//198 151//198 150//198
f 154//199 150//199 145//199
f 150//200 153//200 152//200
f 154//201 153//201 150//201
f 155//202 158//202 154//202
f 155//203 154//203 156//203
f 157//204 156//204 154//204
f 157//205 154//205 159//205
f 158//206 153//206 154//206
f 159//207 154//207 145//207
f 159//208 145//208 146//208
f 157//209 159//209 161//209
f 159//210 146//210 160//210
f 161//211 159//211 160//211
f 157//212 161//212 163//212
f 161//213 162//213 164//213
f 161//214 160//214 162//214
f 161//215 164//215 163//215
f 164//216 162//216 132//216
f 164//217 132//217 166//217
f 163//218 164//218 165//218
f 164//219 166//219 165//219
f 166//220 132//220 167//220
f 165//221 166//221 169//221
f 168//222 166//222 167//222
f 169//223 166//223 168//223
f 165//224 169//224 170//224
f 169//225 168//225 170//225
f 171//13 174//13 170//13
f 171//13 170//13 172//13
f 170//226 168//226 172//226
f 174//13 173//13 170//13
f 165//227 170//227 173//227
f 174//13 175//13 173//13
f 176//228 175//228 174//228
f 176//229 174//229 177//229
f 174//230 171//230 178//230
f 177//231 174//231 178//231
f 179//232 178//232 180//232
f 179//233 177//233 178//233
f 180//234 178//234 15//234
f 178//235 171//235 15//235
f 180//236 15//236 181//236
f 180//237 181//237 183//237
f 179//238 180//238 182//238
f 180//239 183//239 182//239
f 181//240 184//240 183//240
f 183//241 184//241 185//241
f 182//242 183//242 186//242
f 183//243 185//243 186//243
f 185//244 187//244 186//244
f 186//245 187//245 189//245
f 188//246 182//246 186//246
f 186//247 189//247 188//247
f 189//248 190//248 191//248
f 187//249 190//249 189//249
f 189//250 191//250 192//250
f 188//251 189//251 192//251
f 192//252 191//252 193//252
f 193//253 194//253 192//253
f 188//254 192//254 194//254
f 197//255 194//255 195//255
f 196//256 195//256 194//256
f 194//257 193//257 196//257
f 188//258 194//258 197//258
f 182//259 197//259 198//259
f 198//260 197//260 199//260
f 197//261 195//261 199//261
f 182//262 188//262 197//262
f 198//263 199//263 201//263
f 199//264 195//264 200//264
f 201//265 199//265 200//265
f 204//266 201//266 202//266
f 201//267 200//267 202//267
f 201//268 203//268 198//268
f 205//269 203//269 201//269
f 205//270 201//270 204//270
f 206//271 198//271 205//271
f 206//272 205//272 207//272
f 207//273 205//273 204//273
f 198//274 203//274 205//274
f 208//275 207//275 210//275
f 208//276 209//276 207//276
f 209//277 206//277 207//277
f 207//278 204//278 210//278
f 208//279 210//279 213//279
f 210//280 204//280 212//280
f 213//281 210//281 211//281
f 210//282 212//282 211//282
f 216//283 213//283 214//283
f 214//284 213//284 215//284
f 213//285 211//285 215//285
f 216//286 208//286 213//286
f 217//287 216//287 214//287
f 221//288 216//288 217//288
f 221//289 218//289 216//289
f 219//290 216//290 218//290
f 220//291 216//291 219//291
f 220//292 208//292 216//292
f 221//293 222//293 218//293
f 223//294 222//294 221//294
f 223//295 221//295 224//295
f 221//296 217//296 224//296
f 227//297 223//297 224//297
f 224//298 225//298 227//298
f 224//299 226//299 225//299
f 224//300 217//300 226//300
f 228//301 223//301 227//301
f 229//302 228//302 227//302
f 227//303 230//303 229//303
f 227//304 225//304 230//304
f 225//305 231//305 230//305
f 231//306 234//306 230//306
f 230//307 234//307 232//307
f 230//308 232//308 233//308
f 230//309 233//309 235//309
f 229//310 230//310 235//310
f 235//311 233//311 236//311
f 238//312 235//312 236//312
f 237//313 229//313 235//313
f 238//314 237//314 235//314
f 243//315 238//315 236//315
f 240//316 239//316 238//316
f 239//317 242//317 238//317
f 238//318 242//318 237//318
f 240//319 238//319 241//319
f 241//320 238//320 243//320
f 236//321 244//321 243//321
f 243//322 244//322 246//322
f 243//323 246//323 245//323
f 245//324 241//324 243//324
f 246//325 251//325 247//325
f 245//326 246//326 247//326
f 248//327 250//327 246//327
f 249//328 248//328 246//328
f 249//329 246//329 244//329
f 246//330 250//330 253//330
f 246//331 252//331 251//331
f 246//332 253//332 252//332
f 250//333 254//333 253//333
f 253//334 254//334 256//334
f 253//335 255//335 252//335
f 253//336 256//336 255//336
f 255//337 256//337 257//337
f 254//338 257//338 256//338
f 257//339 259//339 258//339
f 257//340 258//340 255//340
f 254//341 260//341 257//341
f 260//342 259//342 257//342
f 262//343 261//343 260//343
f 260//344 261//344 259//344
f 262//345 260//345 254//345
f 261//346 262//346 263//346
f 262//347 265//347 263//347
f 254//348 264//348 262//348
f 264//349 266//349 262//349
f 266//350 265//350 262//350
f 267//351 266//351 264//351
f 267//352 268//352 266//352
f 266//353 268//353 269//353
f 265//354 266//354 269//354
f 268//355 271//355 269//355
f 269//356 272//356 270//356
f 269//357 270//357 265//357
f 271//358 272//358 269//358
f 275//359 273//359 272//359
f 272//360 273//360 274//360
f 272//361 274//361 270//361
f 271//362 275//362 272//362
f 275//363 277//363 276//363
f 275//364 276//364 273//364
f 278//365 277//365 275//365
f 278//366 275//366 271//366
f 278//367 280//367 277//367
f 279//368 278//368 271//368
f 282//369 278//369 279//369
f 283//370 280//370 278//370
f 282//371 281//371 278//371
f 281//372 283//372 278//372
f 285//373 283//373 284//373
f 284//374 283//374 281//374
f 286//375 280//375 283//375
f 283//376 285//376 286//376
f 287//377 286//377 285//377
f 287//378 288//378 286//378
f 286//379 288//379 289//379
f 286//380 289//380 280//380
f 280//381 289//381 290//381
f 289//382 288//382 290//382
f 280//383 290//383 277//383
f 277//384 290//384 291//384
f 290//385 292//385 291//385
f 288//386 292//386 290//386
f 294//387 293//387 292//387
f 292//388 293//388 291//388
f 294//389 292//389 288//389
f 294//390 296//390 293//390
f 288//391 298//391 294//391
f 297//392 295//392 294//392
f 294//393 295//393 296//393
f 298//394 297//394 294//394
f 299//395 298//395 287//395
f 301//396 298//396 299//396
f 300//397 297//397 298//397
f 301//398 300//398 298//398
f 287//399 298//399 288//399
f 303//400 301//400 302//400
f 302//401 301//401 299//401
f 304//402 300//402 301//402
f 303//403 304//403 301//403
f 304//404 305//404 300//404
f 304//405 306//405 305//405
f 303//406 307//406 304//406
f 307//407 306//407 304//407
f 309//408 307//408 303//408
f 307//409 308//409 306//409
f 310//410 308//410 307//410
f 309//411 310//411 307//411
f 312//412 311//412 310//412
f 311//413 308//413 310//413
f 312//414 310//414 313//414
f 313//415 310//415 309//415
f 314//416 313//416 309//416
f 314//417 312//417 313//417
f 315//418 314//418 317//418
f 315//419 316//419 314//419
f 316//420 312//420 314//420
f 314//421 309//421 317//421
f 318//422 315//422 317//422
f 318//423 317//423 319//423
f 317//424 303//424 319//424
f 317//425 309//425 303//425
f 320//426 318//426 319//426
f 319//427 303//427 321//427
f 322//428 320//428 319//428
f 322//429 319//429 321//429
f 324//430 322//430 323//430
f 322//431 321//431 323//431
f 324//432 325//432 322//432
f 325//433 320//433 322//433
f 325//434 326//434 318//434
f 327//435 326//435 325//435
f 325//436 318//436 320//436
f 325//437 202//437 327//437
f 202//438 325//438 324//438
f 196//439 328//439 327//439
f 200//440 196//440 327//440
f 202//441 200//441 327//441
f 327//442 328//442 329//442
f 327//443 329//443 326//443
f 326//444 329//444 315//444
f 328//445 330//445 329//445
f 329//446 330//446 316//446
f 329//447 316//447 315//447
f 196//448 330//448 328//448
f 193//449 331//449 330//449
f 196//450 193//450 330//450
f 330//451 331//451 316//451
f 331//452 332//452 333//452
f 331//453 334//453 332//453
f 193//454 191//454 331//454
f 191//455 190//455 331//455
f 331//456 311//456 312//456
f 331//457 333//457 311//457
f 316//458 331//458 312//458
f 190//459 334//459 331//459
f 335//460 337//460 334//460
f 335//461 334//461 190//461
f 334//462 336//462 332//462
f 337//463 336//463 334//463
f 338//464 336//464 337//464
f 335//465 338//465 337//465
f 341//466 339//466 338//466
f 338//467 339//467 336//467
f 340//468 338//468 335//468
f 340//469 341//469 338//469
f 342//470 343//470 341//470
f 345//471 342//471 341//471
f 346//472 341//472 340//472
f 341//473 344//473 339//473
f 341//474 343//474 344//474
f 345//475 341//475 346//475
f 347//476 346//476 340//476
f 348//477 346//477 347//477
f 349//478 346//478 348//478
f 345//479 346//479 349//479
f 350//480 349//480 348//480
f 352//481 349//481 350//481
f 349//482 351//482 345//482
f 352//483 351//483 349//483
f 6//484 352//484 350//484
f 353//485 351//485 352//485
f 5//486 353//486 352//486
f 5//487 352//487 6//487
f 354//488 353//488 5//488
f 355//489 353//489 354//489
f 356//490 351//490 353//490
f 355//491 356//491 353//491
f 358//492 357//492 356//492
f 356//493 357//493 351//493
f 358//494 356//494 355//494
f 355//495 362//495 358//495
f 358//496 362//496 359//496
f 359//497 361//497 358//497
f 358//498 360//498 363//498
f 360//499 358//499 361//499
f 358//500 363//500 357//500
f 363//501 360//501 364//501
f 363//502 364//502 357//502
f 360//503 365//503 364//503
f 365//504 366//504 364//504
f 367//505 364//505 366//505
f 357//506 364//506 367//506
f 351//507 367//507 368//507
f 357//508 367//508 351//508
f 368//509 367//509 369//509
f 366//510 369//510 367//510
f 369//511 370//511 372//511
f 371//512 370//512 369//512
f 369//513 366//513 371//513
f 368//514 369//514 372//514
f 372//515 370//515 342//515
f 372//516 342//516 368//516
f 370//517 371//517 373//517
f 366//518 373//518 371//518
f 343//519 370//519 373//519
f 366//520 376//520 373//520
f 343//521 373//521 375//521
f 373//522 374//522 375//522
f 376//523 374//523 373//523
f 378//524 376//524 366//524
f 379//525 376//525 377//525
f 378//526 377//526 376//526
f 376//527 379//527 374//527
f 377//528 380//528 379//528
f 380//529 384//529 379//529
f 379//530 383//530 381//530
f 379//531 381//531 374//531
f 384//532 382//532 379//532
f 379//533 382//533 383//533
f 385//534 384//534 380//534
f 385//535 386//535 384//535
f 386//536 387//536 384//536
f 384//537 387//537 382//537
f 388//131 387//131 386//131
f 387//538 388//538 382//538
f 389//131 388//131 385//131
f 388//539 389//539 390//539
f 388//540 390//540 391//540
f 388//131 386//131 385//131
f 382//541 388//541 391//541
f 383//542 391//542 392//542
f 391//543 393//543 392//543
f 391//544 390//544 393//544
f 382//545 391//545 383//545
f 392//546 393//546 394//546
f 394//547 393//547 395//547
f 393//548 396//548 395//548
f 390//549 396//549 393//549
f 390//550 397//550 396//550
f 397//551 401//551 396//551
f 395//552 396//552 398//552
f 396//553 399//553 398//553
f 396//554 400//554 399//554
f 396//555 401//555 400//555
f 401//556 402//556 400//556
f 401//557 404//557 402//557
f 397//558 403//558 401//558
f 403//559 404//559 401//559
f 404//560 405//560 402//560
f 404//561 408//561 405//561
f 404//562 406//562 408//562
f 407//563 406//563 404//563
f 409//564 407//564 404//564
f 409//565 404//565 403//565
f 409//131 105//131 410//131
f 409//131 410//131 414//131
f 409//131 413//131 411//131
f 409//131 411//131 105//131
f 409//131 412//131 413//131
f 412//566 409//566 403//566
f 407//131 409//131 414//131
f 407//131 414//131 415//131
f 414//567 416//567 415//567
f 414//568 417//568 416//568
f 410//569 417//569 414//569
f 417//570 418//570 416//570
f 410//571 418//571 417//571
f 418//572 421//572 419//572
f 418//573 419//573 416//573
f 410//574 420//574 418//574
f 420//575 421//575 418//575
f 421//576 422//576 419//576
f 421//577 424//577 422//577
f 425//578 423//578 421//578
f 423//579 426//579 421//579
f 421//580 426//580 424//580
f 420//581 425//581 421//581
f 423//582 427//582 426//582
f 427//583 429//583 426//583
f 426//584 428//584 424//584
f 426//585 429//585 428//585
f 429//586 430//586 428//586
f 427//587 430//587 429//587
f 430//588 431//588 428//588
f 430//589 433//589 431//589
f 432//590 433//590 430//590
f 427//591 432//591 430//591
f 432//592 434//592 433//592
f 434//593 436//593 433//593
f 433//594 435//594 431//594
f 433//595 438//595 435//595
f 436//596 437//596 433//596
f 433//597 437//597 438//597
f 435//598 438//598 440//598
f 437//599 439//599 438//599
f 438//600 439//600 441//600
f 438//601 441//601 440//601
f 443//602 442//602 441//602
f 441//603 442//603 444//603
f 439//604 443//604 441//604
f 441//605 444//605 445//605
f 440//606 441//606 445//606
f 440//607 445//607 447//607
f 445//608 444//608 446//608
f 445//609 446//609 448//609
f 447//610 445//610 448//610
f 450//611 448//611 449//611
f 449//13 448//13 453//13
f 450//612 451//612 448//612
f 451//613 447//613 448//613
f 448//13 446//13 1816//13 452//13
f 448//13 452//13 453//13
f 453//151 454//151 457//151
f 455//614 454//614 453//614
f 453//614 452//614 455//614
f 453//13 456//13 449//13
f 457//151 456//151 453//151
f 457//145 454//145 458//145
f 458//145 459//145 457//145
f 449//131 456//131 457//131
f 457//131 459//131 449//131
f 459//615 461//615 460//615
f 464//131 459//131 460//131
f 459//616 465//616 461//616
f 462//131 463//131 459//131
f 464//131 462//131 459//131
f 459//131 463//131 449//131
f 459//617 458//617 466//617
f 459//618 466//618 465//618
f 458//619 467//619 466//619
f 466//620 467//620 468//620
f 466//621 468//621 469//621
f 466//622 469//622 470//622
f 465//623 466//623 470//623
f 471//624 470//624 469//624
f 472//625 470//625 471//625
f 465//626 470//626 472//626
f 460//627 472//627 473//627
f 473//628 472//628 471//628
f 461//629 465//629 472//629
f 460//630 461//630 472//630
f 473//631 471//631 474//631
f 475//632 473//632 474//632
f 460//633 473//633 475//633
f 476//131 477//131 475//131
f 479//131 476//131 475//131
f 477//131 460//131 475//131
f 479//131 475//131 478//131
f 475//634 474//634 478//634
f 480//131 479//131 478//131
f 482//635 479//635 480//635
f 481//636 476//636 479//636
f 479//637 482//637 481//637
f 483//638 482//638 480//638
f 482//639 483//639 484//639
f 484//640 481//640 482//640
f 484//641 485//641 481//641
f 484//642 486//642 485//642
f 489//643 486//643 484//643
f 488//644 484//644 487//644
f 483//640 487//640 484//640
f 484//643 488//643 489//643
f 490//645 489//645 488//645
f 489//646 490//646 491//646
f 491//646 492//646 489//646
f 486//647 489//647 492//647
f 494//648 492//648 491//648
f 493//649 492//649 494//649
f 492//647 493//647 486//647
f 494//650 495//650 493//650
f 497//651 495//651 494//651
f 494//652 496//652 497//652
f 494//653 491//653 496//653
f 497//654 498//654 495//654
f 498//655 497//655 499//655
f 501//656 499//656 497//656
f 500//657 501//657 497//657
f 497//657 496//657 500//657
f 502//658 501//658 503//658
f 499//659 501//659 502//659
f 503//660 501//660 500//660
f 502//661 503//661 504//661
f 504//662 503//662 505//662
f 506//663 505//663 503//663
f 503//663 507//663 506//663
f 500//664 507//664 503//664
f 508//665 506//665 507//665
f 490//666 508//666 507//666
f 507//667 491//667 490//667
f 491//668 507//668 500//668
f 509//669 510//669 508//669
f 508//669 490//669 509//669
f 506//670 508//670 510//670
f 510//671 509//671 512//671
f 513//672 510//672 511//672
f 512//671 511//671 510//671
f 510//670 513//670 506//670
f 511//672 517//672 513//672
f 514//673 513//673 515//673
f 514//674 505//674 513//674
f 505//675 506//675 513//675
f 517//672 516//672 515//672 513//672
f 518//676 516//676 517//676
f 517//676 519//676 518//676
f 519//676 517//676 511//676
f 519//677 521//677 520//677
f 520//678 518//678 519//678
f 512//679 521//679 519//679
f 519//679 511//679 512//679
f 521//680 522//680 520//680
f 522//681 521//681 523//681
f 524//682 523//682 521//682
f 521//683 512//683 524//683
f 524//684 525//684 523//684
f 524//685 487//685 525//685
f 524//686 526//686 487//686
f 509//687 526//687 524//687
f 524//688 512//688 509//688
f 526//689 488//689 487//689
f 509//690 488//690 526//690
f 525//691 483//691 528//691
f 525//692 487//692 483//692
f 525//693 528//693 527//693
f 523//694 525//694 527//694
f 483//695 529//695 528//695
f 531//696 528//696 529//696
f 530//697 527//697 528//697
f 528//697 531//697 530//697
f 532//698 531//698 529//698
f 533//699 531//699 532//699
f 533//700 530//700 531//700
f 533//701 535//701 534//701
f 536//702 533//702 534//702
f 532//703 535//703 533//703
f 537//704 533//704 536//704
f 533//705 537//705 530//705
f 536//706 522//706 537//706
f 523//681 537//681 522//681
f 537//707 523//707 527//707
f 527//707 530//707 537//707
f 534//708 538//708 536//708
f 536//709 538//709 522//709
f 522//710 538//710 539//710
f 538//711 534//711 540//711
f 540//712 539//712 538//712
f 534//713 543//713 540//713
f 542//714 541//714 540//714
f 539//715 540//715 541//715
f 540//716 543//716 542//716
f 534//717 544//717 543//717
f 543//718 544//718 545//718
f 545//718 542//718 543//718
f 545//719 546//719 549//719
f 546//720 545//720 544//720
f 545//721 547//721 542//721
f 545//722 548//722 547//722
f 549//719 548//719 545//719
f 549//723 550//723 548//723
f 552//724 550//724 549//724
f 546//725 551//725 549//725
f 552//726 549//726 551//726
f 552//727 553//727 550//727
f 553//728 552//728 557//728 556//728
f 552//729 555//729 554//729
f 554//729 557//729 552//729
f 551//730 555//730 552//730
f 554//731 558//731 557//731
f 558//732 556//732 557//732
f 556//733 558//733 559//733
f 562//734 558//734 554//734
f 561//735 559//735 558//735
f 562//736 560//736 558//736
f 558//737 560//737 561//737
f 563//738 562//738 555//738
f 564//739 562//739 563//739
f 562//740 564//740 565//740
f 562//741 554//741 555//741
f 565//742 560//742 562//742
f 566//743 567//743 565//743
f 564//740 566//740 565//740
f 567//744 568//744 565//744
f 565//745 568//745 561//745
f 565//746 561//746 560//746
f 568//747 567//747 569//747
f 561//748 568//748 569//748
f 569//749 571//749 561//749
f 572//747 569//747 567//747
f 569//750 572//750 570//750
f 570//751 571//751 569//751
f 567//752 573//752 572//752
f 570//753 572//753 573//753
f 575//754 574//754 573//754
f 576//755 573//755 574//755
f 573//756 576//756 570//756
f 567//757 575//757 573//757
f 576//758 577//758 578//758
f 574//759 577//759 576//759
f 570//760 576//760 579//760
f 576//761 578//761 579//761
f 581//762 580//762 579//762
f 585//763 579//763 580//763
f 584//764 570//764 579//764
f 579//762 582//762 581//762
f 579//765 583//765 582//765
f 583//766 579//766 578//766
f 579//767 585//767 584//767
f 580//768 587//768 585//768
f 586//769 585//769 587//769
f 585//770 586//770 588//770
f 588//771 584//771 585//771
f 584//772 588//772 571//772
f 589//773 559//773 588//773
f 571//774 588//774 559//774
f 588//775 586//775 589//775
f 589//776 590//776 591//776
f 590//777 589//777 586//777
f 591//778 556//778 589//778
f 559//779 589//779 556//779
f 556//728 591//728 553//728
f 553//780 591//780 592//780
f 592//781 591//781 590//781
f 514//782 592//782 595//782
f 592//783 514//783 593//783
f 593//783 594//783 592//783
f 590//784 595//784 592//784
f 553//785 592//785 594//785
f 595//786 505//786 514//786
f 505//662 595//662 504//662
f 595//787 590//787 596//787
f 596//787 504//787 595//787
f 586//777 596//777 590//777
f 596//788 587//788 597//788
f 597//788 504//788 596//788
f 587//789 596//789 586//789
f 504//661 597//661 502//661
f 502//790 597//790 499//790
f 499//791 597//791 587//791
f 599//792 598//792 594//792
f 553//793 594//793 598//793
f 594//792 593//792 599//792
f 516//794 599//794 593//794
f 599//795 600//795 547//795
f 600//796 599//796 516//796
f 547//795 598//795 599//795
f 542//797 547//797 600//797
f 542//798 600//798 541//798
f 600//799 518//799 520//799
f 516//800 518//800 600//800
f 520//799 541//799 600//799
f 550//801 598//801 547//801
f 550//802 553//802 598//802
f 593//803 514//803 515//803
f 593//804 515//804 516//804
f 587//805 580//805 499//805
f 571//806 570//806 584//806
f 601//807 582//807 583//807
f 604//808 601//808 583//808
f 605//809 602//809 583//809
f 603//810 583//810 602//810
f 583//811 603//811 604//811
f 583//812 578//812 605//812
f 577//813 606//813 605//813
f 577//814 605//814 578//814
f 606//815 607//815 605//815
f 608//764 605//764 607//764
f 608//816 602//816 605//816
f 610//817 608//817 607//817
f 609//818 602//818 608//818
f 611//819 609//819 608//819
f 611//820 608//820 610//820
f 613//821 611//821 612//821
f 615//822 612//822 611//822
f 613//823 614//823 611//823
f 611//824 610//824 615//824
f 614//825 609//825 611//825
f 616//826 612//826 615//826
f 617//827 616//827 615//827
f 617//828 615//828 619//828
f 615//829 610//829 618//829
f 619//830 615//830 618//830
f 619//831 618//831 620//831
f 621//832 619//832 620//832
f 617//833 619//833 621//833
f 624//834 621//834 622//834
f 622//835 621//835 623//835
f 621//836 620//836 623//836
f 624//837 617//837 621//837
f 627//838 624//838 622//838
f 625//839 617//839 624//839
f 626//840 625//840 624//840
f 626//841 624//841 627//841
f 628//842 629//842 627//842
f 627//843 622//843 628//843
f 626//844 627//844 629//844
f 629//845 628//845 630//845
f 630//846 631//846 629//846
f 632//847 626//847 629//847
f 632//848 629//848 631//848
f 633//849 632//849 634//849
f 633//850 635//850 632//850
f 631//851 634//851 632//851
f 635//852 626//852 632//852
f 635//853 625//853 626//853
f 638//854 636//854 635//854
f 636//855 637//855 635//855
f 635//856 637//856 625//856
f 639//857 635//857 633//857
f 639//858 638//858 635//858
f 641//859 640//859 639//859
f 640//860 638//860 639//860
f 642//861 639//861 633//861
f 641//862 639//862 642//862
f 642//863 643//863 645//863
f 642//864 633//864 643//864
f 641//865 642//865 644//865
f 644//866 642//866 645//866
f 644//867 645//867 647//867
f 645//868 643//868 634//868
f 645//869 634//869 646//869
f 647//870 645//870 646//870
f 647//871 648//871 652//871
f 647//872 646//872 648//872
f 650//873 647//873 649//873
f 647//874 652//874 649//874
f 651//875 647//875 650//875
f 651//876 644//876 647//876
f 653//877 652//877 648//877
f 652//878 653//878 655//878
f 652//879 654//879 656//879
f 652//880 655//880 654//880
f 656//881 649//881 652//881
f 658//882 656//882 657//882
f 656//883 654//883 657//883
f 649//884 656//884 658//884
f 658//885 657//885 661//885
f 658//886 659//886 649//886
f 659//887 658//887 660//887
f 660//888 658//888 662//888
f 662//889 658//889 661//889
f 664//890 660//890 662//890
f 665//891 662//891 663//891
f 662//892 661//892 663//892
f 664//893 662//893 665//893
f 666//894 664//894 665//894
f 666//895 665//895 667//895
f 665//896 663//896 668//896
f 667//897 665//897 668//897
f 668//898 663//898 661//898
f 668//899 661//899 670//899
f 667//900 668//900 669//900
f 669//901 668//901 670//901
f 670//902 672//902 671//902
f 669//903 670//903 671//903
f 672//904 670//904 657//904
f 670//905 661//905 657//905
f 672//906 675//906 673//906
f 674//907 672//907 673//907
f 657//908 675//908 672//908
f 671//909 672//909 674//909
f 675//910 676//910 677//910
f 675//911 678//911 676//911
f 677//912 673//912 675//912
f 657//913 678//913 675//913
f 654//914 679//914 678//914
f 657//915 654//915 678//915
f 678//916 679//916 680//916
f 678//917 680//917 676//917
f 676//918 680//918 681//918
f 680//919 679//919 681//919
f 679//920 682//920 681//920
f 681//921 682//921 684//921
f 676//922 681//922 683//922
f 683//923 681//923 684//923
f 682//924 687//924 684//924
f 683//925 684//925 685//925
f 685//926 684//926 689//926
f 684//927 686//927 688//927
f 684//928 687//928 686//928
f 684//929 688//929 689//929
f 692//930 689//930 690//930
f 689//931 691//931 690//931
f 691//932 689//932 688//932
f 685//933 689//933 692//933
f 692//934 690//934 693//934
f 692//935 693//935 694//935
f 694//936 695//936 692//936
f 695//937 685//937 692//937
f 696//938 685//938 695//938
f 696//939 695//939 694//939
f 696//940 683//940 685//940
f 696//941 677//941 676//941
f 676//942 683//942 696//942
f 696//943 694//943 698//943
f 697//944 677//944 696//944
f 696//945 698//945 697//945
f 698//946 699//946 701//946
f 698//947 700//947 699//947
f 701//948 697//948 698//948
f 698//949 694//949 700//949
f 702//950 697//950 701//950
f 702//951 701//951 703//951
f 701//952 699//952 703//952
f 702//953 703//953 704//953
f 705//954 703//954 699//954
f 704//955 703//955 705//955
f 704//956 705//956 710//956
f 710//957 705//957 706//957
f 706//958 705//958 707//958
f 705//959 708//959 707//959
f 705//960 711//960 708//960
f 699//961 709//961 705//961
f 705//962 709//962 711//962
f 711//963 713//963 712//963
f 711//964 712//964 708//964
f 709//965 713//965 711//965
f 700//966 714//966 713//966
f 713//967 714//967 715//967
f 713//968 715//968 712//968
f 709//969 700//969 713//969
f 716//970 715//970 714//970
f 712//971 715//971 716//971
f 712//972 716//972 717//972
f 717//973 716//973 718//973
f 718//151 716//151 714//151
f 717//974 718//974 720//974
f 719//975 718//975 714//975
f 720//976 718//976 719//976
f 720//977 719//977 721//977
f 723//978 720//978 721//978
f 722//979 717//979 720//979
f 722//980 720//980 723//980
f 723//981 721//981 724//981
f 725//982 723//982 724//982
f 725//983 722//983 723//983
f 726//984 722//984 725//984
f 730//985 726//985 725//985
f 727//986 725//986 728//986
f 730//987 725//987 727//987
f 725//988 724//988 729//988
f 728//989 725//989 729//989
f 731//990 726//990 730//990
f 733//991 731//991 730//991
f 732//992 730//992 727//992
f 733//993 730//993 732//993
f 733//994 706//994 731//994
f 734//995 706//995 733//995
f 735//996 734//996 733//996
f 735//997 733//997 732//997
f 735//998 737//998 734//998
f 736//145 741//145 735//145
f 735//145 740//145 736//145
f 735//999 732//999 739//999
f 735//1000 738//1000 737//1000
f 741//145 738//145 735//145
f 740//1001 735//1001 739//1001
f 741//145 671//145 738//145
f 742//151 741//151 736//151
f 671//152 741//152 742//152
f 736//151 1816//151 742//151
f 742//152 743//152 671//152
f 446//13 742//13 1816//13
f 744//13 743//13 742//13
f 446//13 744//13 742//13
f 744//1002 745//1002 747//1002
f 746//1003 745//1003 744//1003
f 746//1004 744//1004 446//1004
f 747//1005 750//1005 744//1005
f 748//1006 743//1006 744//1006
f 748//1007 744//1007 751//1007
f 751//1008 744//1008 749//1008
f 750//1009 749//1009 744//1009
f 752//1010 751//1010 749//1010
f 752//1011 753//1011 751//1011
f 753//1012 748//1012 751//1012
f 753//1013 754//1013 748//1013
f 756//1014 754//1014 753//1014
f 755//1015 753//1015 752//1015
f 755//1016 756//1016 753//1016
f 759//1017 757//1017 756//1017
f 756//1018 757//1018 758//1018
f 756//1019 758//1019 754//1019
f 759//1020 756//1020 755//1020
f 759//1021 760//1021 757//1021
f 761//1022 760//1022 759//1022
f 762//1023 761//1023 759//1023
f 762//1024 759//1024 763//1024
f 763//1025 759//1025 755//1025
f 763//1026 764//1026 762//1026
f 764//1027 763//1027 766//1027
f 763//1028 755//1028 765//1028
f 766//1029 763//1029 765//1029
f 766//1030 767//1030 764//1030
f 767//1031 766//1031 768//1031
f 768//1032 766//1032 765//1032
f 769//1033 767//1033 768//1033
f 769//1034 768//1034 770//1034
f 768//1035 765//1035 771//1035
f 770//1036 768//1036 771//1036
f 771//1037 765//1037 752//1037
f 771//1038 752//1038 772//1038
f 773//1039 771//1039 772//1039
f 770//1040 771//1040 773//1040
f 773//1041 775//1041 774//1041
f 776//1042 773//1042 774//1042
f 773//1043 772//1043 775//1043
f 770//1044 773//1044 776//1044
f 776//1045 774//1045 777//1045
f 778//1046 776//1046 777//1046
f 779//1047 776//1047 778//1047
f 779//1048 770//1048 776//1048
f 781//1049 770//1049 779//1049
f 780//1050 779//1050 778//1050
f 782//1051 779//1051 780//1051
f 782//1052 781//1052 779//1052
f 783//1053 782//1053 785//1053
f 784//1054 782//1054 783//1054
f 782//1055 784//1055 786//1055
f 782//1056 780//1056 785//1056
f 786//1057 781//1057 782//1057
f 786//1058 787//1058 790//1058
f 788//1059 787//1059 786//1059
f 789//1060 788//1060 786//1060
f 789//1061 786//1061 784//1061
f 786//1062 790//1062 781//1062
f 787//1063 791//1063 790//1063
f 791//1064 769//1064 790//1064
f 781//1065 790//1065 770//1065
f 790//1066 769//1066 770//1066
f 791//1067 793//1067 769//1067
f 791//1068 788//1068 792//1068
f 792//1069 793//1069 791//1069
f 788//1070 791//1070 787//1070
f 796//1071 794//1071 793//1071
f 794//1072 795//1072 793//1072
f 793//1073 795//1073 764//1073
f 793//1074 764//1074 767//1074
f 792//1075 796//1075 793//1075
f 793//1076 767//1076 769//1076
f 798//1077 797//1077 796//1077
f 797//1078 794//1078 796//1078
f 799//1079 798//1079 796//1079
f 799//1080 796//1080 792//1080
f 802//1081 798//1081 799//1081
f 800//1082 799//1082 792//1082
f 801//1083 799//1083 800//1083
f 801//1084 802//1084 799//1084
f 802//1085 804//1085 797//1085
f 802//1086 797//1086 798//1086
f 802//1087 801//1087 803//1087
f 803//1088 804//1088 802//1088
f 804//1089 807//1089 797//1089
f 805//1090 806//1090 804//1090
f 803//1091 805//1091 804//1091
f 804//1092 806//1092 807//1092
f 807//1093 808//1093 794//1093
f 808//1094 807//1094 809//1094
f 797//1095 807//1095 794//1095
f 806//1096 810//1096 807//1096
f 810//1097 809//1097 807//1097
f 811//1098 812//1098 810//1098
f 811//1099 810//1099 806//1099
f 812//1100 813//1100 810//1100
f 810//1101 813//1101 809//1101
f 812//1102 816//1102 813//1102
f 816//1103 814//1103 813//1103
f 813//1104 814//1104 815//1104
f 815//1105 809//1105 813//1105
f 817//1106 819//1106 816//1106
f 812//1107 817//1107 816//1107
f 816//1108 818//1108 814//1108
f 819//1109 818//1109 816//1109
f 817//1110 822//1110 819//1110
f 821//1111 820//1111 819//1111
f 820//1112 818//1112 819//1112
f 821//1113 819//1113 822//1113
f 823//1114 822//1114 817//1114
f 823//1115 821//1115 822//1115
f 824//1116 821//1116 823//1116
f 825//1117 824//1117 823//1117
f 825//1118 823//1118 826//1118
f 826//1119 823//1119 817//1119
f 826//1120 817//1120 812//1120
f 826//1121 827//1121 825//1121
f 827//1122 826//1122 828//1122
f 828//1123 826//1123 812//1123
f 829//1124 827//1124 828//1124
f 830//1125 829//1125 828//1125
f 830//1126 828//1126 831//1126
f 811//1127 831//1127 828//1127
f 828//1128 812//1128 811//1128
f 833//1129 831//1129 832//1129
f 832//1130 831//1130 811//1130
f 833//1131 830//1131 831//1131
f 834//1132 833//1132 837//1132
f 835//1133 833//1133 834//1133
f 833//1134 832//1134 837//1134
f 836//1135 833//1135 835//1135
f 836//1136 838//1136 833//1136
f 838//1137 830//1137 833//1137
f 841//1138 830//1138 838//1138
f 839//1139 840//1139 838//1139
f 839//1140 838//1140 836//1140
f 838//1141 840//1141 841//1141
f 841//1142 829//1142 830//1142
f 840//1143 842//1143 841//1143
f 841//1144 842//1144 827//1144
f 841//1145 827//1145 829//1145
f 842//1146 825//1146 827//1146
f 842//1147 843//1147 825//1147
f 844//1148 843//1148 842//1148
f 840//1149 844//1149 842//1149
f 845//1150 846//1150 844//1150
f 840//1151 845//1151 844//1151
f 844//1152 846//1152 847//1152
f 844//1153 847//1153 843//1153
f 846//1154 848//1154 847//1154
f 847//1155 848//1155 843//1155
f 846//1156 850//1156 848//1156
f 848//1157 849//1157 824//1157
f 843//1158 848//1158 824//1158
f 850//1159 849//1159 848//1159
f 850//1160 851//1160 849//1160
f 850//1161 853//1161 851//1161
f 852//1162 850//1162 846//1162
f 852//1163 853//1163 850//1163
f 852//1164 856//1164 853//1164
f 853//1165 854//1165 851//1165
f 853//1166 855//1166 854//1166
f 853//1167 856//1167 855//1167
f 859//1168 856//1168 852//1168
f 856//1169 858//1169 857//1169
f 856//1170 857//1170 855//1170
f 859//1171 858//1171 856//1171
f 861//1172 860//1172 859//1172
f 859//1173 860//1173 858//1173
f 861//1174 859//1174 862//1174
f 862//1175 859//1175 852//1175
f 865//1176 862//1176 863//1176
f 862//1177 852//1177 863//1177
f 864//1178 861//1178 862//1178
f 864//1179 862//1179 865//1179
f 868//1180 864//1180 865//1180
f 868//1181 865//1181 866//1181
f 866//1182 865//1182 867//1182
f 865//1183 863//1183 867//1183
f 868//1184 866//1184 152//1184
f 869//1185 868//1185 152//1185
f 869//1186 870//1186 868//1186
f 870//1187 864//1187 868//1187
f 864//1188 870//1188 873//1188
f 871//1189 870//1189 869//1189
f 872//1190 870//1190 871//1190
f 873//1191 870//1191 872//1191
f 874//1192 873//1192 876//1192
f 875//1193 873//1193 874//1193
f 875//1194 864//1194 873//1194
f 873//1195 872//1195 876//1195
f 880//1196 876//1196 877//1196
f 876//1197 879//1197 877//1197
f 878//1198 874//1198 876//1198
f 876//1199 872//1199 155//1199
f 876//1200 155//1200 879//1200
f 878//1201 876//1201 880//1201
f 880//1202 877//1202 881//1202
f 882//1203 880//1203 881//1203
f 883//1204 880//1204 882//1204
f 883//1205 878//1205 880//1205
f 885//1206 883//1206 882//1206
f 884//1207 878//1207 883//1207
f 884//1208 883//1208 885//1208
f 886//1209 885//1209 228//1209
f 885//1210 223//1210 228//1210
f 886//1211 884//1211 885//1211
f 885//1212 882//1212 223//1212
f 242//1213 886//1213 237//1213
f 237//1214 886//1214 887//1214
f 886//1215 228//1215 887//1215
f 242//1216 884//1216 886//1216
f 237//1217 887//1217 229//1217
f 887//1218 228//1218 229//1218
f 888//1219 889//1219 884//1219
f 890//1220 888//1220 884//1220
f 242//1221 890//1221 884//1221
f 884//1222 889//1222 878//1222
f 239//1223 890//1223 242//1223
f 239//1224 891//1224 890//1224
f 891//1225 888//1225 890//1225
f 893//1226 892//1226 891//1226
f 891//1227 892//1227 888//1227
f 894//1228 891//1228 239//1228
f 894//1229 893//1229 891//1229
f 240//1230 894//1230 239//1230
f 895//1231 894//1231 240//1231
f 895//1232 893//1232 894//1232
f 896//1233 895//1233 240//1233
f 899//1234 895//1234 896//1234
f 898//1235 897//1235 895//1235
f 897//1236 900//1236 895//1236
f 899//1237 898//1237 895//1237
f 895//1238 900//1238 893//1238
f 897//1239 901//1239 900//1239
f 901//1240 902//1240 900//1240
f 900//1241 902//1241 903//1241
f 900//1242 903//1242 893//1242
f 904//1243 905//1243 903//1243
f 902//1244 904//1244 903//1244
f 903//1245 905//1245 892//1245
f 893//1246 903//1246 892//1246
f 905//1247 904//1247 857//1247
f 905//1248 906//1248 892//1248
f 906//1249 905//1249 858//1249
f 858//1250 905//1250 857//1250
f 906//1251 861//1251 907//1251
f 892//1252 906//1252 907//1252
f 906//1253 860//1253 861//1253
f 860//1254 906//1254 858//1254
f 907//1255 861//1255 864//1255
f 892//1256 907//1256 908//1256
f 907//1257 864//1257 875//1257
f 908//1258 907//1258 875//1258
f 908//1259 875//1259 909//1259
f 892//1260 908//1260 888//1260
f 908//1261 909//1261 889//1261
f 888//1262 908//1262 889//1262
f 889//1263 909//1263 874//1263
f 909//1264 875//1264 874//1264
f 901//1265 910//1265 904//1265
f 904//1266 910//1266 857//1266
f 901//1267 904//1267 902//1267
f 911//1268 857//1268 910//1268
f 912//1269 911//1269 910//1269
f 913//1270 910//1270 901//1270
f 913//1271 912//1271 910//1271
f 914//1272 913//1272 916//1272
f 914//1273 917//1273 913//1273
f 913//1274 901//1274 897//1274
f 917//1275 915//1275 913//1275
f 915//1276 912//1276 913//1276
f 916//1277 913//1277 897//1277
f 920//1278 918//1278 917//1278
f 917//1279 918//1279 919//1279
f 919//1280 915//1280 917//1280
f 920//1281 917//1281 914//1281
f 921//1282 918//1282 920//1282
f 922//1283 921//1283 920//1283
f 922//1284 920//1284 923//1284
f 923//1285 920//1285 914//1285
f 926//1286 922//1286 923//1286
f 924//1287 923//1287 925//1287
f 924//1288 926//1288 923//1288
f 925//1289 923//1289 927//1289
f 923//1290 928//1290 927//1290
f 923//1291 914//1291 928//1291
f 928//1292 914//1292 916//1292
f 928//1293 916//1293 930//1293
f 927//1294 928//1294 929//1294
f 928//1295 930//1295 929//1295
f 929//1296 930//1296 898//1296
f 930//1297 916//1297 898//1297
f 929//1298 898//1298 899//1298
f 929//1299 899//1299 931//1299
f 927//1300 929//1300 931//1300
f 931//1301 932//1301 247//1301
f 931//1302 899//1302 932//1302
f 931//1303 247//1303 935//1303
f 927//1304 931//1304 933//1304
f 933//1305 931//1305 934//1305
f 934//1306 931//1306 935//1306
f 935//1307 936//1307 934//1307
f 935//1308 937//1308 936//1308
f 251//1309 937//1309 935//1309
f 247//1310 251//1310 935//1310
f 937//1311 938//1311 936//1311
f 251//1312 938//1312 937//1312
f 938//1313 939//1313 936//1313
f 938//1314 940//1314 939//1314
f 252//1315 940//1315 938//1315
f 251//1316 252//1316 938//1316
f 940//1317 941//1317 939//1317
f 255//1318 258//1318 940//1318
f 940//1319 258//1319 941//1319
f 252//1320 255//1320 940//1320
f 941//1321 942//1321 943//1321
f 258//1322 942//1322 941//1322
f 941//1323 943//1323 944//1323
f 941//1324 944//1324 939//1324
f 939//1325 944//1325 945//1325
f 944//1326 946//1326 945//1326
f 944//1327 947//1327 946//1327
f 943//1328 947//1328 944//1328
f 948//1329 949//1329 947//1329
f 942//1330 948//1330 947//1330
f 947//1331 949//1331 946//1331
f 942//1332 947//1332 943//1332
f 948//1333 950//1333 949//1333
f 949//1334 950//1334 951//1334
f 946//1335 949//1335 952//1335
f 949//1336 951//1336 952//1336
f 953//1337 952//1337 955//1337
f 946//1338 952//1338 953//1338
f 952//1339 951//1339 954//1339
f 952//1340 954//1340 955//1340
f 955//1341 954//1341 956//1341
f 953//1342 955//1342 956//1342
f 956//1343 954//1343 959//1343
f 953//1344 956//1344 958//1344
f 959//1345 957//1345 956//1345
f 957//1346 958//1346 956//1346
f 954//1347 960//1347 959//1347
f 959//1348 960//1348 962//1348
f 957//1349 959//1349 961//1349
f 959//1350 962//1350 961//1350
f 960//1351 965//1351 962//1351
f 962//1352 964//1352 963//1352
f 961//1353 962//1353 963//1353
f 962//1354 965//1354 964//1354
f 965//1355 968//1355 966//1355
f 965//1356 966//1356 964//1356
f 967//1357 968//1357 965//1357
f 960//1358 967//1358 965//1358
f 971//1359 969//1359 968//1359
f 968//1360 969//1360 970//1360
f 966//1361 968//1361 970//1361
f 967//1362 971//1362 968//1362
f 972//1363 969//1363 971//1363
f 967//1364 972//1364 971//1364
f 972//1365 975//1365 969//1365
f 973//1366 972//1366 967//1366
f 973//1367 974//1367 972//1367
f 974//1368 975//1368 972//1368
f 975//1369 978//1369 976//1369
f 969//1370 975//1370 976//1370
f 974//1371 977//1371 975//1371
f 975//1372 977//1372 978//1372
f 978//1373 981//1373 979//1373
f 978//1374 979//1374 980//1374
f 976//1375 978//1375 980//1375
f 977//1376 981//1376 978//1376
f 981//1377 982//1377 979//1377
f 977//1378 982//1378 981//1378
f 982//1379 983//1379 979//1379
f 982//1380 985//1380 983//1380
f 977//1381 984//1381 982//1381
f 984//1382 985//1382 982//1382
f 985//1383 992//1383 986//1383
f 983//1384 985//1384 986//1384
f 987//1385 985//1385 990//1385
f 987//1386 988//1386 985//1386
f 988//1387 991//1387 985//1387
f 985//1388 991//1388 989//1388
f 985//1389 989//1389 992//1389
f 984//1390 990//1390 985//1390
f 992//1391 993//1391 995//1391
f 992//1392 994//1392 993//1392
f 989//1393 994//1393 992//1393
f 986//1394 992//1394 995//1394
f 996//1395 995//1395 997//1395
f 996//1396 998//1396 995//1396
f 995//1397 993//1397 997//1397
f 986//1398 995//1398 998//1398
f 999//1399 998//1399 996//1399
f 999//1400 986//1400 998//1400
f 1000//1401 999//1401 996//1401
f 1001//1402 999//1402 1000//1402
f 983//1403 986//1403 999//1403
f 1001//1404 983//1404 999//1404
f 1002//1405 1001//1405 1000//1405
f 1004//1406 1001//1406 1002//1406
f 980//1407 1001//1407 1003//1407
f 1004//1408 1003//1408 1001//1408
f 979//1409 983//1409 1001//1409
f 980//1410 979//1410 1001//1410
f 1005//1411 1004//1411 1002//1411
f 1007//1412 1004//1412 1005//1412
f 1006//1413 1003//1413 1004//1413
f 1007//1414 1006//1414 1004//1414
f 1008//1415 1006//1415 1007//1415
f 1008//1416 1007//1416 1009//1416
f 1009//1417 1007//1417 1010//1417
f 1007//1418 1012//1418 1010//1418
f 1012//1419 1007//1419 1011//1419
f 1007//1420 1005//1420 1011//1420
f 1015//1421 1010//1421 1012//1421
f 1015//1422 1012//1422 1013//1422
f 1013//1423 1012//1423 1014//1423
f 1012//1424 1011//1424 1014//1424
f 1010//1425 1015//1425 1016//1425
f 1016//1426 1015//1426 1017//1426
f 1017//1427 1015//1427 1018//1427
f 1015//1428 1013//1428 1018//1428
f 1020//1429 1018//1429 1019//1429
f 1018//1430 1014//1430 1019//1430
f 1017//1431 1018//1431 1020//1431
f 1018//1432 1013//1432 1014//1432
f 1021//1433 1017//1433 1020//1433
f 1023//1434 1021//1434 1020//1434
f 1020//1435 1019//1435 1022//1435
f 1023//1436 1020//1436 1022//1436
f 1024//1437 1021//1437 1023//1437
f 1025//1438 1024//1438 1023//1438
f 1023//1439 1022//1439 1026//1439
f 1025//1440 1023//1440 1026//1440
f 1026//1441 1028//1441 1027//1441
f 1025//1442 1026//1442 1027//1442
f 1026//1443 1029//1443 1028//1443
f 1026//1444 1022//1444 1029//1444
f 1022//1445 1030//1445 1029//1445
f 1029//1446 1030//1446 1028//1446
f 1028//1447 1030//1447 1031//1447
f 1030//1448 1032//1448 1031//1448
f 1019//1449 1032//1449 1030//1449
f 1022//1450 1019//1450 1030//1450
f 1011//1451 1033//1451 1032//1451
f 1032//1452 1033//1452 1034//1452
f 1032//1453 1034//1453 1035//1453
f 1031//1454 1032//1454 1035//1454
f 1014//1455 1011//1455 1032//1455
f 1019//1456 1014//1456 1032//1456
f 1035//1457 1034//1457 1036//1457
f 1035//1458 1036//1458 1037//1458
f 1035//1459 1037//1459 1038//1459
f 1031//1460 1035//1460 1038//1460
f 1038//1461 1040//1461 1039//1461
f 1041//1462 1038//1462 1039//1462
f 1038//1463 1037//1463 1040//1463
f 1041//1464 1031//1464 1038//1464
f 1046//1465 1041//1465 1042//1465
f 1041//1466 1045//1466 1042//1466
f 1044//1467 1043//1467 1041//1467
f 1027//1468 1041//1468 1043//1468
f 1027//1469 1028//1469 1041//1469
f 1028//1470 1031//1470 1041//1470
f 1044//1471 1041//1471 1046//1471
f 1041//1472 1039//1472 1045//1472
f 1048//1473 1044//1473 1046//1473
f 1049//1474 1046//1474 1047//1474
f 1046//1475 1042//1475 1047//1475
f 1048//1476 1046//1476 1049//1476
f 1049//1477 1047//1477 1050//1477
f 1048//1478 1049//1478 1050//1478
f 1050//1479 1047//1479 1052//1479
f 1051//1480 1050//1480 1053//1480
f 1048//1481 1050//1481 1051//1481
f 1050//1482 1052//1482 1053//1482
f 757//1483 1054//1483 1053//1483
f 757//1484 1053//1484 758//1484
f 1053//1485 1056//1485 758//1485
f 1051//1486 1053//1486 1054//1486
f 1053//1487 1052//1487 1055//1487
f 1053//1488 1055//1488 1056//1488
f 754//1489 758//1489 1056//1489
f 1056//1490 748//1490 754//1490
f 1056//1491 743//1491 748//1491
f 1055//1492 743//1492 1056//1492
f 1052//1493 743//1493 1055//1493
f 1057//1494 1051//1494 1054//1494
f 760//1495 1054//1495 757//1495
f 1058//1496 1057//1496 1054//1496
f 760//1497 1058//1497 1054//1497
f 1059//1498 1058//1498 760//1498
f 1059//1499 1057//1499 1058//1499
f 1060//1500 1061//1500 1059//1500
f 1060//1501 1059//1501 761//1501
f 761//1502 1059//1502 760//1502
f 1059//1503 1061//1503 1057//1503
f 1060//1504 1065//1504 1061//1504
f 1061//1505 1063//1505 1062//1505
f 1061//1506 1062//1506 1057//1506
f 1064//1507 1063//1507 1061//1507
f 1061//1508 1065//1508 1064//1508
f 1066//1509 1067//1509 1065//1509
f 1066//1510 1065//1510 1060//1510
f 1067//1511 1064//1511 1065//1511
f 1069//1512 1067//1512 1066//1512
f 1067//1513 1068//1513 1064//1513
f 1067//1514 1070//1514 1068//1514
f 1069//1515 1070//1515 1067//1515
f 1068//1516 1070//1516 1071//1516
f 1070//1517 1072//1517 1071//1517
f 1073//1518 1072//1518 1070//1518
f 1069//1519 1073//1519 1070//1519
f 1075//1520 1074//1520 1073//1520
f 1073//1521 1074//1521 1072//1521
f 1076//1522 1073//1522 1069//1522
f 1076//1523 1075//1523 1073//1523
f 1076//1524 1069//1524 1077//1524
f 1077//1525 1079//1525 1076//1525
f 1080//1526 1078//1526 1076//1526
f 1078//1527 1075//1527 1076//1527
f 1080//1528 1076//1528 1079//1528
f 1081//1529 1080//1529 1083//1529
f 1081//1530 1082//1530 1080//1530
f 1082//1531 1078//1531 1080//1531
f 1083//1532 1080//1532 1079//1532
f 1081//1533 1083//1533 1084//1533
f 1084//1534 1083//1534 1079//1534
f 1084//1535 1079//1535 1077//1535
f 1085//1536 1084//1536 1077//1536
f 1086//1537 1084//1537 1085//1537
f 1086//1538 1081//1538 1084//1538
f 1087//1539 1086//1539 1088//1539
f 1087//1540 1089//1540 1086//1540
f 1089//1541 1081//1541 1086//1541
f 1086//1542 1085//1542 1088//1542
f 1091//1543 1089//1543 1087//1543
f 1091//1544 1090//1544 1089//1544
f 1090//1545 1092//1545 1089//1545
f 1089//1546 1082//1546 1081//1546
f 1089//1547 1092//1547 1082//1547
f 1090//1548 1093//1548 1092//1548
f 1093//1549 1094//1549 1092//1549
f 1092//1550 1094//1550 1095//1550
f 1092//1551 1095//1551 1082//1551
f 1095//1552 1097//1552 1096//1552
f 1096//1553 1078//1553 1095//1553
f 1094//1554 1097//1554 1095//1554
f 1082//1555 1095//1555 1078//1555
f 1097//1556 1099//1556 1096//1556
f 1093//1557 1098//1557 1097//1557
f 1093//1558 1097//1558 1094//1558
f 1098//1559 1099//1559 1097//1559
f 1099//1560 1100//1560 1096//1560
f 1098//1561 1101//1561 1099//1561
f 1099//1562 1102//1562 1100//1562
f 1101//1563 1102//1563 1099//1563
f 1102//1564 1103//1564 1105//1564
f 1101//1565 1103//1565 1102//1565
f 1100//1566 1102//1566 1104//1566
f 1102//1567 1105//1567 1104//1567
f 1105//1568 1103//1568 915//1568
f 919//1569 1105//1569 915//1569
f 1106//1570 1105//1570 919//1570
f 1106//1571 1107//1571 1105//1571
f 1105//1572 1107//1572 1108//1572
f 1104//1573 1105//1573 1108//1573
f 1109//1574 1108//1574 1111//1574
f 1104//1575 1108//1575 1109//1575
f 1108//1576 1107//1576 1110//1576
f 1108//1577 1110//1577 1111//1577
f 1113//1578 1111//1578 1112//1578
f 1111//1579 1114//1579 1112//1579
f 1113//1580 1109//1580 1111//1580
f 1111//1581 1110//1581 1114//1581
f 1110//1582 1116//1582 1114//1582
f 1114//1583 1115//1583 1117//1583
f 1114//1584 1116//1584 1115//1584
f 1112//1585 1114//1585 1117//1585
f 1118//1586 1117//1586 1120//1586
f 1119//1587 1117//1587 1118//1587
f 1112//1588 1117//1588 1119//1588
f 1117//1589 1115//1589 1120//1589
f 1122//1590 1120//1590 1121//1590
f 1121//1591 1120//1591 1123//1591
f 1118//1592 1120//1592 1122//1592
f 1120//1593 1115//1593 1123//1593
f 1121//1594 1123//1594 1125//1594
f 1123//1595 1126//1595 1124//1595
f 1125//1596 1123//1596 1124//1596
f 1115//1597 1126//1597 1123//1597
f 1124//1598 1126//1598 1025//1598
f 1115//1599 1127//1599 1126//1599
f 1126//1600 1127//1600 1024//1600
f 1126//1601 1024//1601 1025//1601
f 1127//1602 1130//1602 1024//1602
f 1127//1603 1128//1603 1130//1603
f 1127//1604 1129//1604 1128//1604
f 1115//1605 1129//1605 1127//1605
f 1130//1606 1128//1606 1021//1606
f 1024//1607 1130//1607 1021//1607
f 1129//1608 1016//1608 1128//1608
f 1129//1609 1131//1609 1016//1609
f 1132//1610 1131//1610 1129//1610
f 1115//1611 1132//1611 1129//1611
f 1133//1612 1135//1612 1132//1612
f 1133//1613 1132//1613 1134//1613
f 1134//1614 1132//1614 1115//1614
f 1132//1615 1135//1615 1131//1615
f 1136//1616 1135//1616 1133//1616
f 1136//1617 1131//1617 1135//1617
f 1137//1618 1131//1618 1136//1618
f 1139//1619 1137//1619 1136//1619
f 1138//1620 1136//1620 1133//1620
f 1139//1621 1136//1621 1138//1621
f 1140//1622 1137//1622 1139//1622
f 1141//1623 1140//1623 1139//1623
f 1142//1624 1139//1624 1138//1624
f 1141//1625 1139//1625 1143//1625
f 1144//1626 1139//1626 1142//1626
f 1144//1627 1143//1627 1139//1627
f 1145//1628 1144//1628 1142//1628
f 961//1629 1143//1629 1144//1629
f 957//1630 961//1630 1144//1630
f 957//1631 1144//1631 1145//1631
f 1145//1632 924//1632 957//1632
f 924//1633 1145//1633 1146//1633
f 1145//1634 1142//1634 1146//1634
f 1146//1635 926//1635 924//1635
f 1146//1636 1147//1636 926//1636
f 1146//1637 1142//1637 1147//1637
f 1147//1638 922//1638 926//1638
f 1142//1639 1138//1639 1147//1639
f 1147//1640 1138//1640 1148//1640
f 1147//1641 1148//1641 922//1641
f 1138//1642 1133//1642 1148//1642
f 1148//1643 1149//1643 1106//1643
f 1148//1644 1134//1644 1149//1644
f 1148//1645 1106//1645 921//1645
f 1148//1646 1133//1646 1134//1646
f 1148//1647 921//1647 922//1647
f 1149//1648 1134//1648 1116//1648
f 1150//1649 1149//1649 1116//1649
f 1149//1650 1107//1650 1106//1650
f 1149//1651 1150//1651 1107//1651
f 1107//1652 1150//1652 1110//1652
f 1110//1653 1150//1653 1116//1653
f 963//1654 1143//1654 961//1654
f 964//1655 1141//1655 1143//1655
f 964//1656 1143//1656 963//1656
f 966//1657 1141//1657 964//1657
f 966//1658 1151//1658 1141//1658
f 1151//1659 1140//1659 1141//1659
f 966//1660 1008//1660 1151//1660
f 1151//1661 1008//1661 1009//1661
f 1009//1662 1152//1662 1151//1662
f 1151//1663 1152//1663 1140//1663
f 1152//1664 1153//1664 1140//1664
f 1010//1665 1153//1665 1152//1665
f 1152//1666 1009//1666 1010//1666
f 1153//1667 1016//1667 1137//1667
f 1010//1668 1016//1668 1153//1668
f 1140//1669 1153//1669 1137//1669
f 1137//1670 1016//1670 1131//1670
f 1116//1671 1134//1671 1115//1671
f 1128//1672 1016//1672 1017//1672
f 1128//1673 1017//1673 1021//1673
f 1121//1674 1125//1674 1154//1674
f 1154//1675 1125//1675 1124//1675
f 1155//1676 1154//1676 1071//1676
f 1155//1677 1121//1677 1154//1677
f 1071//1678 1154//1678 1156//1678
f 1154//1679 1124//1679 1156//1679
f 1071//1680 1156//1680 1157//1680
f 1157//1681 1156//1681 1158//1681
f 1156//1682 1025//1682 1158//1682
f 1156//1683 1124//1683 1025//1683
f 1158//1684 1027//1684 1043//1684
f 1159//1685 1158//1685 1043//1685
f 1157//1686 1158//1686 1159//1686
f 1158//1687 1025//1687 1027//1687
f 1160//1688 1157//1688 1159//1688
f 1160//1689 1159//1689 1062//1689
f 1159//1690 1043//1690 1044//1690
f 1062//1691 1159//1691 1044//1691
f 1063//1692 1160//1692 1062//1692
f 1071//1693 1157//1693 1160//1693
f 1068//1694 1160//1694 1063//1694
f 1071//1695 1160//1695 1068//1695
f 1072//1696 1155//1696 1071//1696
f 1122//1697 1121//1697 1155//1697
f 1155//1698 1161//1698 1122//1698
f 1161//1699 1155//1699 1072//1699
f 1118//1700 1122//1700 1161//1700
f 1074//1701 1161//1701 1072//1701
f 1161//1702 1162//1702 1118//1702
f 1075//1703 1162//1703 1161//1703
f 1075//1704 1161//1704 1074//1704
f 1078//1705 1163//1705 1162//1705
f 1163//1706 1118//1706 1162//1706
f 1078//1707 1162//1707 1075//1707
f 1078//1708 1113//1708 1163//1708
f 1163//1709 1112//1709 1119//1709
f 1163//1710 1119//1710 1118//1710
f 1113//1711 1112//1711 1163//1711
f 1165//1712 1109//1712 1113//1712
f 1078//1713 1164//1713 1113//1713
f 1113//1714 1164//1714 1165//1714
f 1165//1715 1104//1715 1109//1715
f 1100//1716 1104//1716 1165//1716
f 1100//1717 1165//1717 1164//1717
f 1096//1718 1164//1718 1078//1718
f 1096//1719 1100//1719 1164//1719
f 921//1720 1106//1720 919//1720
f 915//1721 1103//1721 912//1721
f 1103//1722 1166//1722 912//1722
f 1166//1723 1103//1723 1101//1723
f 912//1724 1166//1724 911//1724
f 911//1725 1166//1725 1101//1725
f 911//1726 1101//1726 1098//1726
f 857//1727 1098//1727 1093//1727
f 857//1728 911//1728 1098//1728
f 857//1729 1093//1729 1090//1729
f 854//1730 855//1730 1091//1730
f 855//1731 1090//1731 1091//1731
f 1087//1732 1167//1732 1091//1732
f 851//1733 854//1733 1091//1733
f 851//1734 1091//1734 1167//1734
f 1168//1735 1167//1735 1087//1735
f 849//1736 851//1736 1167//1736
f 849//1737 1167//1737 1168//1737
f 1168//1738 1170//1738 1169//1738
f 1168//1739 1169//1739 820//1739
f 1168//1740 1087//1740 1170//1740
f 849//1741 1168//1741 820//1741
f 1087//1742 1088//1742 1170//1742
f 1170//1743 1088//1743 1169//1743
f 820//1744 1169//1744 818//1744
f 1169//1745 1171//1745 818//1745
f 1169//1746 1088//1746 1171//1746
f 1171//1747 1173//1747 1172//1747
f 818//1748 1171//1748 1172//1748
f 1171//1749 1085//1749 1173//1749
f 1088//1750 1085//1750 1171//1750
f 1172//1751 1173//1751 1174//1751
f 1173//1752 1175//1752 1174//1752
f 1173//1753 1077//1753 1175//1753
f 1085//1754 1077//1754 1173//1754
f 1077//1755 1069//1755 1175//1755
f 1175//1756 1069//1756 1066//1756
f 1175//1757 1066//1757 1174//1757
f 1172//1758 1174//1758 1176//1758
f 1176//1759 1174//1759 1060//1759
f 1174//1760 1066//1760 1060//1760
f 818//1761 1176//1761 814//1761
f 818//1762 1172//1762 1176//1762
f 814//1763 1176//1763 1177//1763
f 1176//1764 1060//1764 1177//1764
f 809//1765 1177//1765 1178//1765
f 1177//1766 1060//1766 1178//1766
f 814//1767 1177//1767 815//1767
f 815//1768 1177//1768 809//1768
f 1178//1769 1060//1769 1179//1769
f 1178//1770 1179//1770 1180//1770
f 1180//1771 808//1771 1178//1771
f 809//1772 1178//1772 808//1772
f 762//1773 1180//1773 1179//1773
f 795//1774 1180//1774 762//1774
f 808//1775 1180//1775 795//1775
f 1179//1776 761//1776 762//1776
f 1060//1777 761//1777 1179//1777
f 855//1778 857//1778 1090//1778
f 1064//1779 1068//1779 1063//1779
f 1062//1780 1044//1780 1048//1780
f 1057//1781 1062//1781 1051//1781
f 1062//1782 1048//1782 1051//1782
f 1047//1783 743//1783 1052//1783
f 1047//1784 1042//1784 743//1784
f 1045//1785 1039//1785 1181//1785
f 1045//1786 1181//1786 1183//1786
f 1042//1787 1045//1787 1182//1787
f 1045//1788 1183//1788 1182//1788
f 1183//1789 1181//1789 1184//1789
f 1182//1790 1183//1790 1184//1790
f 1181//1791 667//1791 1184//1791
f 1182//1792 1184//1792 743//1792
f 743//1793 1184//1793 669//1793
f 1184//1794 667//1794 669//1794
f 1042//1795 1182//1795 743//1795
f 1181//1796 666//1796 667//1796
f 1039//1797 666//1797 1181//1797
f 1040//1798 1186//1798 1185//1798
f 1185//1799 666//1799 1040//1799
f 1037//1800 1036//1800 1040//1800
f 1036//1801 1186//1801 1040//1801
f 1039//1802 1040//1802 666//1802
f 1187//1803 1186//1803 1036//1803
f 1187//1804 1188//1804 1186//1804
f 1188//1805 1185//1805 1186//1805
f 1187//1806 997//1806 1188//1806
f 997//1807 1189//1807 1188//1807
f 1188//1808 1189//1808 1190//1808
f 1188//1809 1190//1809 1185//1809
f 1189//1810 1191//1810 1190//1810
f 1190//1811 1191//1811 1185//1811
f 1189//1812 1192//1812 1191//1812
f 664//152 1191//152 1192//152
f 1185//1813 1191//1813 664//1813
f 993//1814 1193//1814 1192//1814
f 993//1815 1192//1815 1189//1815
f 1193//1816 1194//1816 1192//1816
f 1192//1817 660//1817 664//1817
f 1192//1818 1194//1818 660//1818
f 1194//1819 650//1819 660//1819
f 1193//1820 1195//1820 1194//1820
f 1194//1821 651//1821 650//1821
f 1195//1822 651//1822 1194//1822
f 1196//1823 651//1823 1195//1823
f 1193//1824 1196//1824 1195//1824
f 1197//1825 641//1825 1196//1825
f 641//1826 644//1826 1196//1826
f 1197//1827 1196//1827 1193//1827
f 1196//1828 644//1828 651//1828
f 993//1829 1197//1829 1193//1829
f 993//1830 994//1830 1197//1830
f 994//1831 1198//1831 1197//1831
f 1198//1832 641//1832 1197//1832
f 1199//1833 641//1833 1198//1833
f 1200//1834 1199//1834 1198//1834
f 1200//1835 1198//1835 1201//1835
f 1201//1836 1198//1836 994//1836
f 989//1837 1200//1837 1201//1837
f 989//1838 1201//1838 994//1838
f 991//1839 1200//1839 989//1839
f 991//1840 1202//1840 1200//1840
f 1202//1841 1199//1841 1200//1841
f 1203//1842 1202//1842 991//1842
f 1203//1843 1204//1843 1202//1843
f 1202//1844 1204//1844 1199//1844
f 1203//1845 1205//1845 1204//1845
f 1205//1846 1207//1846 1204//1846
f 1204//1847 1206//1847 1199//1847
f 1204//1848 1207//1848 1206//1848
f 1207//1849 1205//1849 1208//1849
f 1208//1850 1209//1850 1207//1850
f 1206//1851 1207//1851 1209//1851
f 1209//1852 1211//1852 1210//1852
f 1209//1853 1210//1853 1206//1853
f 1209//1854 1208//1854 1212//1854
f 1212//1855 1211//1855 1209//1855
f 1213//1856 1214//1856 1212//1856
f 1213//1857 1212//1857 1208//1857
f 1214//1858 1215//1858 1212//1858
f 1212//1859 1215//1859 1211//1859
f 1216//1860 1217//1860 1215//1860
f 1216//1861 1215//1861 1214//1861
f 1211//1862 1215//1862 1217//1862
f 1216//1863 1218//1863 1217//1863
f 1218//1864 1221//1864 1217//1864
f 1217//1865 1219//1865 1211//1865
f 1217//1866 1220//1866 1219//1866
f 1217//1867 1221//1867 1220//1867
f 1220//1868 1221//1868 1223//1868
f 1218//1869 1222//1869 1221//1869
f 1222//1870 1224//1870 1221//1870
f 1221//1871 1224//1871 1223//1871
f 1224//1872 1226//1872 1225//1872
f 1223//1873 1224//1873 1225//1873
f 1224//1874 1227//1874 1226//1874
f 1222//1875 1227//1875 1224//1875
f 1227//1876 1228//1876 1230//1876
f 1228//1877 1227//1877 1229//1877
f 1222//1878 1229//1878 1227//1878
f 1227//1879 1230//1879 1226//1879
f 1226//1880 1230//1880 1231//1880
f 1230//1881 1228//1881 1231//1881
f 1226//1882 1231//1882 1232//1882
f 1232//1883 1231//1883 1233//1883
f 1231//1884 1228//1884 1234//1884
f 1234//1885 1233//1885 1231//1885
f 1228//1886 1236//1886 1234//1886
f 1234//1887 1235//1887 1233//1887
f 1234//1888 1237//1888 1235//1888
f 1236//1889 1237//1889 1234//1889
f 1237//1890 1240//1890 1235//1890
f 1236//1891 1238//1891 1237//1891
f 1237//1892 1238//1892 1239//1892
f 1237//1893 1239//1893 1240//1893
f 1240//1894 1239//1894 1241//1894
f 1235//1895 1240//1895 1241//1895
f 1243//1896 1241//1896 614//1896
f 1241//1897 1242//1897 614//1897
f 1239//1898 1242//1898 1241//1898
f 1235//1899 1241//1899 1243//1899
f 1233//1900 1235//1900 1243//1900
f 1233//1901 1243//1901 1244//1901
f 1243//1902 614//1902 613//1902
f 1244//1903 1243//1903 613//1903
f 1244//1904 1245//1904 616//1904
f 1244//1905 613//1905 1245//1905
f 1233//1906 1244//1906 1246//1906
f 1246//1907 1244//1907 616//1907
f 1247//1908 1233//1908 1246//1908
f 1247//1909 1246//1909 1248//1909
f 1246//1910 616//1910 617//1910
f 1248//1911 1246//1911 617//1911
f 625//1912 1248//1912 617//1912
f 637//1913 1249//1913 1248//1913
f 637//1914 1248//1914 625//1914
f 1249//1915 1247//1915 1248//1915
f 1250//1916 1247//1916 1249//1916
f 1250//1917 1249//1917 637//1917
f 1225//1918 1250//1918 636//1918
f 1225//1919 1232//1919 1250//1919
f 1247//1920 1250//1920 1232//1920
f 636//1921 1250//1921 637//1921
f 1232//1922 1233//1922 1247//1922
f 1245//1923 613//1923 612//1923
f 616//1924 1245//1924 612//1924
f 1239//1925 1252//1925 1242//1925
f 1242//1926 1251//1926 1253//1926
f 1252//1927 1251//1927 1242//1927
f 1242//1928 1253//1928 614//1928
f 614//1929 1253//1929 603//1929
f 1251//1930 1254//1930 1253//1930
f 1253//1931 604//1931 603//1931
f 1253//1932 1254//1932 604//1932
f 1256//1933 1255//1933 1254//1933
f 1254//1934 1255//1934 601//1934
f 1254//1935 601//1935 604//1935
f 1251//1936 1256//1936 1254//1936
f 1255//1937 1256//1937 1257//1937
f 1258//1938 1257//1938 1256//1938
f 1252//1939 1258//1939 1256//1939
f 1252//1940 1256//1940 1251//1940
f 1258//1941 1260//1941 1257//1941
f 1259//1942 1258//1942 1252//1942
f 1260//1943 1258//1943 1259//1943
f 1260//1944 1261//1944 1257//1944
f 1259//1945 1261//1945 1260//1945
f 1261//1946 1265//1946 1262//1946
f 1262//1947 1263//1947 1261//1947
f 1261//1948 1263//1948 1266//1948
f 1261//1949 1264//1949 1265//1949
f 1259//1950 1264//1950 1261//1950
f 1261//1951 1266//1951 1257//1951
f 1263//1952 1267//1952 1266//1952
f 1266//1953 1267//1953 1268//1953
f 1257//1954 1266//1954 1255//1954
f 1266//1955 1268//1955 1255//1955
f 1269//1956 1255//1956 1268//1956
f 1268//1957 1270//1957 1269//1957
f 1267//1958 1271//1958 1268//1958
f 1270//1959 1268//1959 1271//1959
f 1267//1960 1272//1960 1271//1960
f 1271//1961 1272//1961 1270//1961
f 1272//1962 1275//1962 1273//1962
f 1273//1963 1274//1963 1272//1963
f 1275//1964 1272//1964 1267//1964
f 1272//1965 1274//1965 1270//1965
f 1276//1966 1275//1966 1278//1966
f 1277//1967 1275//1967 1276//1967
f 1277//1968 1279//1968 1275//1968
f 1267//1969 1278//1969 1275//1969
f 1275//1970 1279//1970 1280//1970
f 1280//1971 1273//1971 1275//1971
f 1282//1972 1280//1972 1279//1972
f 1273//1973 1280//1973 1283//1973
f 1280//1974 1281//1974 1283//1974
f 1282//1975 1281//1975 1280//1975
f 1284//1976 1283//1976 1285//1976
f 1273//1977 1283//1977 1284//1977
f 1283//1978 1287//1978 1285//1978
f 1281//1979 1286//1979 1283//1979
f 1287//1980 1283//1980 1286//1980
f 1287//131 1289//131 460//131
f 1285//131 1287//131 460//131
f 1286//1981 1288//1981 1287//1981
f 1289//1982 1287//1982 1288//1982
f 1289//131 464//131 460//131
f 1289//1983 1288//1983 1290//1983
f 1290//1984 1291//1984 1289//1984
f 464//1985 1289//1985 1291//1985
f 462//1986 464//1986 1291//1986
f 462//1987 1291//1987 1292//1987
f 1292//1988 1291//1988 1290//1988
f 1293//1989 1292//1989 1294//1989
f 463//1990 1292//1990 1293//1990
f 1292//1991 1290//1991 1294//1991
f 463//1992 462//1992 1292//1992
f 1297//1993 1294//1993 1295//1993
f 1294//1994 1290//1994 1295//1994
f 1296//1995 1294//1995 1297//1995
f 1293//1996 1294//1996 1296//1996
f 1298//1997 1296//1997 1297//1997
f 1298//1998 1297//1998 1299//1998
f 1299//1999 1297//1999 1300//1999
f 1297//2000 1295//2000 1300//2000
f 1300//2001 1277//2001 1303//2001
f 1300//2002 1304//2002 1277//2002
f 1301//2003 1300//2003 1302//2003
f 1299//2004 1300//2004 1301//2004
f 1305//2005 1302//2005 1300//2005
f 1300//2006 1303//2006 1305//2006
f 1300//2007 1295//2007 1304//2007
f 1306//2008 1305//2008 1265//2008
f 1265//2009 1305//2009 1307//2009
f 1305//2010 1303//2010 1307//2010
f 1302//2011 1305//2011 1306//2011
f 1307//2012 1276//2012 1262//2012
f 1307//2013 1262//2013 1265//2013
f 1303//2014 1276//2014 1307//2014
f 1308//2015 1306//2015 1309//2015
f 1312//2016 1306//2016 1308//2016
f 1306//2017 1265//2017 1309//2017
f 1311//2018 1306//2018 1310//2018
f 1310//2019 1306//2019 1312//2019
f 1306//2020 1311//2020 1302//2020
f 1315//2021 1310//2021 1312//2021
f 1313//2022 1312//2022 1308//2022
f 1314//2023 1312//2023 1313//2023
f 1315//2024 1312//2024 1314//2024
f 1316//2025 1317//2025 1315//2025
f 1316//2026 1315//2026 1318//2026
f 1317//2027 1310//2027 1315//2027
f 1318//2028 1315//2028 1314//2028
f 1319//2029 1316//2029 1318//2029
f 1318//2030 1314//2030 1313//2030
f 1318//2031 1313//2031 1320//2031
f 1319//2032 1318//2032 1320//2032
f 1320//2033 1323//2033 1321//2033
f 1322//2034 1320//2034 1321//2034
f 1319//2035 1320//2035 1322//2035
f 1320//2036 1313//2036 1323//2036
f 1323//2037 1324//2037 1327//2037
f 1323//2038 1308//2038 1324//2038
f 1313//2039 1308//2039 1323//2039
f 1325//2040 1323//2040 1326//2040
f 1321//2041 1323//2041 1325//2041
f 1323//2042 1327//2042 1326//2042
f 1326//2043 1327//2043 1330//2043
f 1330//2044 1327//2044 1328//2044
f 1327//2045 1329//2045 1328//2045
f 1324//2046 1329//2046 1327//2046
f 1330//2047 1328//2047 1332//2047
f 1326//2048 1330//2048 1331//2048
f 1331//2049 1330//2049 1333//2049
f 1332//2050 1333//2050 1330//2050
f 1334//2051 1331//2051 1333//2051
f 1334//2052 1333//2052 1335//2052
f 1335//2053 1333//2053 1336//2053
f 1333//2054 1332//2054 1336//2054
f 1335//2055 1336//2055 1337//2055
f 1337//2056 1336//2056 1341//2056
f 1341//2057 1336//2057 1338//2057
f 1336//2058 1339//2058 1338//2058
f 1336//2059 1340//2059 1339//2059
f 1336//2060 1332//2060 1340//2060
f 1342//2061 1341//2061 1344//2061
f 1343//2062 1341//2062 1342//2062
f 1343//2063 1337//2063 1341//2063
f 1341//2064 1338//2064 1344//2064
f 1344//2065 1345//2065 1346//2065
f 1344//2066 1338//2066 1345//2066
f 1344//2067 1346//2067 1347//2067
f 1342//2068 1344//2068 1347//2068
f 1347//2069 1346//2069 1222//2069
f 1342//2070 1347//2070 1349//2070
f 1348//2071 1347//2071 1222//2071
f 1349//2072 1347//2072 1348//2072
f 1351//2073 1349//2073 1350//2073
f 1350//2074 1349//2074 1352//2074
f 1351//2075 1342//2075 1349//2075
f 1349//2076 1348//2076 1352//2076
f 1350//2077 1352//2077 1353//2077
f 1352//2078 1348//2078 1353//2078
f 1354//2079 1353//2079 1216//2079
f 1353//2080 1218//2080 1216//2080
f 1350//2081 1353//2081 1354//2081
f 1353//2082 1348//2082 1218//2082
f 1357//2083 1354//2083 1355//2083
f 1355//2084 1354//2084 1356//2084
f 1354//2085 1216//2085 1356//2085
f 1357//2086 1350//2086 1354//2086
f 1358//2087 1357//2087 1359//2087
f 1358//2088 1360//2088 1357//2088
f 1359//2089 1357//2089 1361//2089
f 1360//2090 1351//2090 1357//2090
f 1361//2091 1357//2091 1355//2091
f 1357//2092 1351//2092 1350//2092
f 1362//2093 1359//2093 1361//2093
f 1362//2094 1361//2094 1364//2094
f 1361//2095 1355//2095 1363//2095
f 1364//2096 1361//2096 1363//2096
f 1362//2097 1364//2097 1366//2097
f 1364//2098 1363//2098 1365//2098
f 1364//2099 1365//2099 295//2099
f 297//2100 1364//2100 295//2100
f 1366//2101 1364//2101 1367//2101
f 1367//2102 1364//2102 297//2102
f 306//2103 1366//2103 1367//2103
f 306//2104 1367//2104 305//2104
f 305//2105 1367//2105 300//2105
f 300//2106 1367//2106 297//2106
f 1366//2107 1368//2107 1362//2107
f 308//2108 1366//2108 306//2108
f 308//2109 1368//2109 1366//2109
f 1368//2110 1369//2110 1370//2110
f 1371//2111 1369//2111 1368//2111
f 1368//2112 1370//2112 1362//2112
f 308//2113 1371//2113 1368//2113
f 1374//2114 1372//2114 1371//2114
f 1372//2115 1373//2115 1371//2115
f 1371//2116 1373//2116 1369//2116
f 1374//2117 1371//2117 308//2117
f 333//2118 1374//2118 311//2118
f 333//2119 1375//2119 1374//2119
f 1375//2120 1372//2120 1374//2120
f 311//2121 1374//2121 308//2121
f 333//2122 1376//2122 1375//2122
f 1376//2123 1372//2123 1375//2123
f 332//2124 1376//2124 333//2124
f 332//2125 1377//2125 1376//2125
f 1377//2126 1378//2126 1376//2126
f 1376//2127 1378//2127 1372//2127
f 1377//2128 1379//2128 1378//2128
f 1378//2129 1373//2129 1372//2129
f 1379//2130 1380//2130 1378//2130
f 1378//2131 1380//2131 1373//2131
f 1379//2132 1381//2132 1380//2132
f 1381//2133 1382//2133 1380//2133
f 1380//2134 1382//2134 1383//2134
f 1373//2135 1380//2135 1383//2135
f 1382//2136 1384//2136 1383//2136
f 1383//2137 1384//2137 1385//2137
f 1383//2138 1385//2138 1386//2138
f 1383//2139 1386//2139 1373//2139
f 1386//2140 1360//2140 1358//2140
f 1373//2141 1386//2141 1358//2141
f 1386//2142 1387//2142 1360//2142
f 1386//2143 1385//2143 1387//2143
f 1387//2144 1388//2144 1360//2144
f 1385//2145 1388//2145 1387//2145
f 1360//2146 1388//2146 1351//2146
f 1388//2147 1342//2147 1351//2147
f 1389//2148 1342//2148 1388//2148
f 1385//2149 1389//2149 1388//2149
f 1390//2150 1343//2150 1389//2150
f 1384//2151 1390//2151 1389//2151
f 1389//2152 1343//2152 1342//2152
f 1384//2153 1389//2153 1385//2153
f 1393//2154 1391//2154 1390//2154
f 1390//2155 1391//2155 1392//2155
f 1390//2156 1392//2156 1343//2156
f 1384//2157 1393//2157 1390//2157
f 1394//2158 1393//2158 1384//2158
f 1394//2159 1396//2159 1393//2159
f 1396//2160 1395//2160 1393//2160
f 1393//2161 1395//2161 1391//2161
f 1399//2162 1395//2162 1396//2162
f 1397//2163 1396//2163 1394//2163
f 1398//2164 1396//2164 1397//2164
f 1398//2165 1399//2165 1396//2165
f 1399//2166 1400//2166 1395//2166
f 1401//2167 1400//2167 1399//2167
f 1402//2168 1401//2168 1399//2168
f 1402//2169 1399//2169 1398//2169
f 1405//2170 1402//2170 1403//2170
f 1403//2171 1402//2171 1404//2171
f 1404//2172 1402//2172 1398//2172
f 1405//2173 1406//2173 1402//2173
f 1406//2174 1407//2174 1402//2174
f 1402//2175 1407//2175 1401//2175
f 1407//2176 1322//2176 1401//2176
f 1406//2177 1408//2177 1407//2177
f 1407//2178 1319//2178 1322//2178
f 1408//2179 1319//2179 1407//2179
f 399//2180 1319//2180 1408//2180
f 398//2181 399//2181 1408//2181
f 398//2182 1408//2182 1409//2182
f 1409//2183 1408//2183 1406//2183
f 1410//2184 1409//2184 1406//2184
f 1410//2185 398//2185 1409//2185
f 1410//2186 1406//2186 1405//2186
f 1411//2187 1410//2187 1405//2187
f 395//2188 398//2188 1410//2188
f 1411//2189 395//2189 1410//2189
f 1412//2190 1411//2190 1414//2190
f 381//2191 1411//2191 1412//2191
f 381//2192 394//2192 1411//2192
f 394//2193 395//2193 1411//2193
f 1414//2194 1411//2194 1413//2194
f 1411//2195 1405//2195 1413//2195
f 375//2196 1414//2196 1415//2196
f 1415//2197 1414//2197 1416//2197
f 375//2198 1412//2198 1414//2198
f 1414//2199 1413//2199 1416//2199
f 1419//2200 1415//2200 1416//2200
f 1416//2201 1413//2201 1417//2201
f 1416//2202 1417//2202 1418//2202
f 1416//2203 1418//2203 1420//2203
f 1416//2204 1420//2204 1419//2204
f 1419//2205 1420//2205 1421//2205
f 1420//2206 1422//2206 1421//2206
f 1420//2207 1418//2207 1422//2207
f 1379//2208 1421//2208 1422//2208
f 1422//2209 1423//2209 1379//2209
f 1422//2210 1424//2210 1423//2210
f 1422//2211 1425//2211 1424//2211
f 1422//2212 1404//2212 1425//2212
f 1418//2213 1404//2213 1422//2213
f 1425//2214 1397//2214 1394//2214
f 1425//2215 1394//2215 1424//2215
f 1425//2216 1398//2216 1397//2216
f 1404//2217 1398//2217 1425//2217
f 1424//2218 1394//2218 1384//2218
f 1424//2219 1384//2219 1382//2219
f 1423//2220 1424//2220 1382//2220
f 1379//2221 1423//2221 1381//2221
f 1423//2222 1382//2222 1381//2222
f 1419//2223 1421//2223 1427//2223
f 1426//2224 1421//2224 1428//2224
f 1427//2225 1421//2225 1426//2225
f 1379//2226 1428//2226 1421//2226
f 1377//2227 1428//2227 1379//2227
f 1426//2228 1428//2228 1377//2228
f 344//2229 1419//2229 1427//2229
f 344//2230 1427//2230 1426//2230
f 339//2231 1426//2231 1377//2231
f 344//2232 1426//2232 339//2232
f 1415//2233 1419//2233 344//2233
f 1417//2234 1403//2234 1418//2234
f 1418//2235 1403//2235 1404//2235
f 1413//2236 1403//2236 1417//2236
f 375//2237 1415//2237 343//2237
f 344//2238 343//2238 1415//2238
f 1413//2239 1405//2239 1403//2239
f 374//2240 381//2240 1412//2240
f 374//2241 1412//2241 375//2241
f 1401//2242 1322//2242 1400//2242
f 1322//2243 1321//2243 1400//2243
f 1400//2244 1325//2244 1395//2244
f 1400//2245 1321//2245 1325//2245
f 1395//2246 1335//2246 1391//2246
f 1334//2247 1335//2247 1395//2247
f 1395//2248 1325//2248 1334//2248
f 1391//2249 1337//2249 1392//2249
f 1392//2250 1337//2250 1343//2250
f 1391//2251 1335//2251 1337//2251
f 339//2252 1377//2252 336//2252
f 336//2253 1377//2253 332//2253
f 1373//2254 1358//2254 1369//2254
f 1369//2255 1359//2255 1370//2255
f 1370//2256 1359//2256 1362//2256
f 1369//2257 1358//2257 1359//2257
f 295//2258 1365//2258 1429//2258
f 1429//2259 1365//2259 1430//2259
f 1431//2260 1430//2260 1365//2260
f 1365//2261 1363//2261 1431//2261
f 1355//2262 1356//2262 1431//2262
f 1431//2263 1356//2263 1430//2263
f 1363//2264 1355//2264 1431//2264
f 1433//2265 1430//2265 1432//2265
f 1430//2266 1356//2266 1432//2266
f 1430//2267 1433//2267 1429//2267
f 1429//2268 1433//2268 1435//2268
f 1432//2269 1434//2269 1433//2269
f 1433//2270 1434//2270 1437//2270
f 1435//2271 1433//2271 1436//2271
f 1433//2272 1437//2272 1436//2272
f 1437//2273 1438//2273 1439//2273
f 1434//2274 1438//2274 1437//2274
f 1440//2275 1437//2275 1439//2275
f 1436//2276 1437//2276 1440//2276
f 1441//2277 1440//2277 1443//2277
f 1436//2278 1440//2278 1441//2278
f 1442//2279 1440//2279 1439//2279
f 1443//2280 1440//2280 1442//2280
f 1445//2281 1443//2281 1444//2281
f 1443//2282 1442//2282 1444//2282
f 1441//2283 1443//2283 1445//2283
f 1445//2284 1444//2284 1446//2284
f 1445//2285 1448//2285 1441//2285
f 1447//2286 1445//2286 1446//2286
f 291//2287 1445//2287 1447//2287
f 291//2288 1448//2288 1445//2288
f 1448//2289 1436//2289 1441//2289
f 1435//2290 1436//2290 1448//2290
f 291//2291 1435//2291 1448//2291
f 1447//2292 1446//2292 1449//2292
f 1450//2293 1447//2293 1449//2293
f 1451//2294 1447//2294 1450//2294
f 1451//2295 291//2295 1447//2295
f 1452//2296 1451//2296 1450//2296
f 276//2297 291//2297 1451//2297
f 274//2298 276//2298 1451//2298
f 274//2299 1451//2299 1452//2299
f 1452//2300 1450//2300 1453//2300
f 1452//2301 1453//2301 1455//2301
f 270//2302 1452//2302 1454//2302
f 1454//2303 1452//2303 1456//2303
f 1456//2304 1452//2304 1455//2304
f 270//2305 274//2305 1452//2305
f 261//2306 1456//2306 259//2306
f 261//2307 1454//2307 1456//2307
f 1456//2308 1455//2308 1457//2308
f 259//2309 1456//2309 1457//2309
f 1457//2310 1460//2310 1458//2310
f 259//2311 1457//2311 1458//2311
f 1457//2312 1459//2312 1460//2312
f 1457//2313 1455//2313 1459//2313
f 1459//2314 1461//2314 1460//2314
f 1460//2315 1461//2315 1463//2315
f 1458//2316 1460//2316 1462//2316
f 1460//2317 1463//2317 1462//2317
f 1466//2318 1463//2318 1464//2318
f 1463//2319 1465//2319 1464//2319
f 1461//2320 1465//2320 1463//2320
f 1462//2321 1463//2321 1466//2321
f 1466//2322 1467//2322 1469//2322
f 1466//2323 1468//2323 1467//2323
f 1464//2324 1468//2324 1466//2324
f 1462//2325 1466//2325 1469//2325
f 1469//2326 1467//2326 960//2326
f 1471//2327 1462//2327 1469//2327
f 1470//2328 1469//2328 960//2328
f 1471//2329 1469//2329 1470//2329
f 1473//2330 1471//2330 1470//2330
f 1458//2331 1462//2331 1471//2331
f 1472//2332 1458//2332 1471//2332
f 1472//2333 1471//2333 1473//2333
f 950//2334 1473//2334 1470//2334
f 1472//2335 1473//2335 950//2335
f 259//2336 1458//2336 1472//2336
f 259//2337 1472//2337 948//2337
f 948//2338 1472//2338 950//2338
f 950//2339 1470//2339 951//2339
f 951//2340 1470//2340 960//2340
f 1468//2341 1474//2341 1467//2341
f 1464//2342 1474//2342 1468//2342
f 1464//2343 1475//2343 1474//2343
f 1474//2344 974//2344 973//2344
f 1467//2345 1474//2345 973//2345
f 1475//2346 974//2346 1474//2346
f 1465//2347 1475//2347 1464//2347
f 1476//2348 1475//2348 1465//2348
f 1476//2349 1477//2349 1475//2349
f 1475//2350 1477//2350 974//2350
f 1477//2351 984//2351 974//2351
f 1478//2352 990//2352 1477//2352
f 1476//2353 1478//2353 1477//2353
f 1477//2354 990//2354 984//2354
f 1479//2355 990//2355 1478//2355
f 1476//2356 1479//2356 1478//2356
f 1479//2357 987//2357 990//2357
f 1444//2358 987//2358 1479//2358
f 1480//2359 1444//2359 1479//2359
f 1480//2360 1479//2360 1476//2360
f 1446//2361 1444//2361 1480//2361
f 1481//2362 1480//2362 1465//2362
f 1481//2363 1446//2363 1480//2363
f 1465//2364 1480//2364 1476//2364
f 1449//2365 1446//2365 1481//2365
f 1450//2366 1449//2366 1481//2366
f 1453//2367 1450//2367 1481//2367
f 1481//2368 1465//2368 1453//2368
f 960//2369 1467//2369 973//2369
f 1453//2370 1465//2370 1461//2370
f 1455//2371 1461//2371 1459//2371
f 1455//2372 1453//2372 1461//2372
f 263//2373 1454//2373 261//2373
f 265//2374 1454//2374 263//2374
f 265//2375 270//2375 1454//2375
f 1444//2376 1442//2376 1482//2376
f 1444//2377 1482//2377 987//2377
f 1482//2378 1483//2378 988//2378
f 1482//2379 1484//2379 1483//2379
f 1482//2380 1442//2380 1484//2380
f 1482//2381 988//2381 987//2381
f 1483//2382 1484//2382 1485//2382
f 1484//2383 1203//2383 1485//2383
f 1484//2384 1439//2384 1203//2384
f 1442//2385 1439//2385 1484//2385
f 991//2386 1485//2386 1203//2386
f 1483//2387 1485//2387 988//2387
f 988//2388 1485//2388 991//2388
f 1205//2389 1439//2389 1438//2389
f 1439//2390 1205//2390 1203//2390
f 1438//2391 1208//2391 1205//2391
f 1208//2392 1438//2392 1213//2392
f 1434//2393 1213//2393 1438//2393
f 293//2394 1429//2394 1435//2394
f 291//2395 293//2395 1435//2395
f 1432//2396 1214//2396 1434//2396
f 1434//2397 1214//2397 1213//2397
f 1356//2398 1216//2398 1432//2398
f 1432//2399 1216//2399 1214//2399
f 296//2400 1429//2400 293//2400
f 295//2401 1429//2401 296//2401
f 1222//2402 1218//2402 1348//2402
f 1345//2403 1486//2403 1346//2403
f 1346//2404 1486//2404 1229//2404
f 1346//2405 1229//2405 1222//2405
f 1486//2406 1339//2406 1236//2406
f 1229//2407 1486//2407 1236//2407
f 1338//2408 1486//2408 1345//2408
f 1338//2409 1339//2409 1486//2409
f 1340//2410 1332//2410 1487//2410
f 1340//2411 1487//2411 1488//2411
f 1339//2412 1340//2412 1489//2412
f 1340//2413 1488//2413 1489//2413
f 1489//2414 1488//2414 1490//2414
f 1339//2415 1489//2415 1236//2415
f 1236//2416 1489//2416 1238//2416
f 1489//2417 1490//2417 1238//2417
f 1487//2418 1491//2418 1490//2418
f 1490//2419 1491//2419 1252//2419
f 1238//2420 1490//2420 1252//2420
f 1488//2421 1487//2421 1490//2421
f 1491//2422 1487//2422 1328//2422
f 1328//2423 1259//2423 1491//2423
f 1252//2424 1491//2424 1259//2424
f 1332//2425 1328//2425 1487//2425
f 1325//2426 1326//2426 1334//2426
f 1334//2427 1326//2427 1331//2427
f 1324//2428 1492//2428 1329//2428
f 1329//2429 1492//2429 1264//2429
f 1259//2430 1328//2430 1329//2430
f 1329//2430 1264//2430 1259//2430
f 1324//2431 1309//2431 1492//2431
f 1492//2432 1309//2432 1265//2432
f 1265//2433 1264//2433 1492//2433
f 1308//2434 1309//2434 1324//2434
f 1493//2435 1316//2435 1319//2435
f 399//2436 1493//2436 1319//2436
f 1495//2437 1494//2437 1493//2437
f 1493//2438 1494//2438 1316//2438
f 400//2439 1493//2439 399//2439
f 400//2440 1495//2440 1493//2440
f 402//2441 1494//2441 1495//2441
f 400//2442 402//2442 1495//2442
f 402//2443 405//2443 1494//2443
f 1494//2444 1317//2444 1316//2444
f 405//2445 1317//2445 1494//2445
f 1317//2446 1496//2446 1310//2446
f 1317//2447 1497//2447 1496//2447
f 1498//2448 1497//2448 1317//2448
f 405//2449 1498//2449 1317//2449
f 1499//2450 1500//2450 1498//2450
f 408//2451 1499//2451 1498//2451
f 1498//2452 1500//2452 1497//2452
f 408//2453 1498//2453 405//2453
f 1500//2454 1502//2454 1497//2454
f 1499//2455 1501//2455 1500//2455
f 1501//2456 1502//2456 1500//2456
f 1501//2457 1503//2457 1502//2457
f 1503//2458 1505//2458 1502//2458
f 1497//2459 1502//2459 1504//2459
f 1504//2460 1502//2460 1298//2460
f 1502//2461 1505//2461 1298//2461
f 463//131 1505//131 449//131
f 1505//2462 463//2462 1293//2462
f 1505//131 1503//131 449//131
f 1505//2463 1293//2463 1298//2463
f 1496//2464 1504//2464 1506//2464
f 1497//2465 1504//2465 1496//2465
f 1506//2466 1504//2466 1299//2466
f 1298//2467 1299//2467 1504//2467
f 1496//2468 1506//2468 1311//2468
f 1299//2469 1301//2469 1506//2469
f 1311//2470 1506//2470 1301//2470
f 1503//131 1501//131 449//131
f 1501//131 1499//131 1507//131
f 1501//131 1507//131 449//131
f 1499//131 1508//131 1507//131
f 1508//2471 1509//2471 1507//2471
f 1507//2472 1510//2472 449//2472
f 1509//2473 1510//2473 1507//2473
f 1509//2474 1511//2474 1510//2474
f 1510//2475 1511//2475 449//2475
f 1511//2476 1512//2476 449//2476
f 1513//2477 1512//2477 1511//2477
f 1509//2478 1513//2478 1511//2478
f 1513//2479 1514//2479 1512//2479
f 419//2480 1513//2480 1509//2480
f 419//2481 422//2481 1513//2481
f 422//2482 1514//2482 1513//2482
f 1514//2483 1515//2483 1512//2483
f 422//2484 1515//2484 1514//2484
f 424//2485 1516//2485 1515//2485
f 1515//2486 1516//2486 1517//2486
f 1515//2487 1517//2487 1512//2487
f 422//2488 424//2488 1515//2488
f 1516//2489 450//2489 1517//2489
f 1512//2490 1517//2490 449//2490
f 1517//2491 450//2491 449//2491
f 424//2492 428//2492 1516//2492
f 428//2493 431//2493 1516//2493
f 431//2494 1518//2494 1516//2494
f 1516//2495 451//2495 450//2495
f 1516//2496 1518//2496 451//2496
f 1518//2497 447//2497 451//2497
f 1518//2498 1519//2498 447//2498
f 1519//2499 1518//2499 435//2499
f 431//2500 435//2500 1518//2500
f 435//2501 440//2501 1519//2501
f 1519//2502 440//2502 447//2502
f 416//2503 419//2503 1509//2503
f 415//2504 416//2504 1509//2504
f 415//2505 1509//2505 1508//2505
f 406//131 415//131 1508//131
f 1499//131 406//131 1508//131
f 406//2506 1499//2506 408//2506
f 1310//2507 1496//2507 1311//2507
f 1301//2508 1302//2508 1311//2508
f 1304//2509 1282//2509 1279//2509
f 1295//2510 1282//2510 1304//2510
f 1304//2511 1279//2511 1277//2511
f 1303//2512 1277//2512 1276//2512
f 1298//2513 1293//2513 1296//2513
f 1295//2514 1290//2514 1282//2514
f 1290//2515 1288//2515 1286//2515
f 1290//2516 1286//2516 1281//2516
f 1290//2517 1281//2517 1282//2517
f 1284//2518 1285//2518 1521//2518
f 1520//2519 1285//2519 460//2519
f 1521//2520 1285//2520 1520//2520
f 1521//2521 1522//2521 1284//2521
f 1522//2522 1521//2522 495//2522
f 1521//2523 1520//2523 1523//2523
f 1523//2524 495//2524 1521//2524
f 1520//2525 1524//2525 1523//2525
f 495//2526 1523//2526 1524//2526
f 1524//131 1520//131 460//131
f 495//2527 1524//2527 1525//2527
f 1525//2528 1524//2528 477//2528
f 477//131 1524//131 460//131
f 1525//2529 493//2529 495//2529
f 493//2530 1525//2530 485//2530
f 485//2531 1525//2531 477//2531
f 495//2532 498//2532 1522//2532
f 580//2533 1522//2533 498//2533
f 580//2534 1284//2534 1522//2534
f 580//2535 1526//2535 1284//2535
f 1284//2536 1526//2536 1273//2536
f 580//2537 1527//2537 1526//2537
f 1526//2538 1527//2538 1269//2538
f 1269//2539 1270//2539 1526//2539
f 1270//2540 1274//2540 1526//2540
f 1273//2541 1526//2541 1274//2541
f 1528//2542 1527//2542 580//2542
f 1269//2543 1527//2543 1528//2543
f 1529//2544 1528//2544 581//2544
f 1528//2543 1529//2543 1269//2543
f 580//2545 581//2545 1528//2545
f 1255//2546 1529//2546 601//2546
f 601//2547 1529//2547 582//2547
f 1529//2548 581//2548 582//2548
f 1255//2549 1269//2549 1529//2549
f 1263//2550 1276//2550 1278//2550
f 1278//2551 1267//2551 1263//2551
f 1263//2552 1262//2552 1276//2552
f 1238//2553 1252//2553 1239//2553
f 1229//2554 1236//2554 1228//2554
f 1225//2555 1226//2555 1232//2555
f 1531//2556 1225//2556 1530//2556
f 1530//2557 1225//2557 636//2557
f 1531//2558 1223//2558 1225//2558
f 1211//2559 1531//2559 1532//2559
f 1533//2560 1532//2560 1531//2560
f 1219//2561 1223//2561 1531//2561
f 1211//2562 1219//2562 1531//2562
f 1531//2563 1530//2563 1533//2563
f 1532//2564 1533//2564 640//2564
f 640//2565 1533//2565 638//2565
f 1533//2566 1530//2566 638//2566
f 1211//2567 1532//2567 1210//2567
f 1210//2568 1532//2568 640//2568
f 1530//2569 636//2569 638//2569
f 1219//2570 1220//2570 1223//2570
f 1206//2571 1210//2571 641//2571
f 1210//2572 640//2572 641//2572
f 1199//2573 1206//2573 641//2573
f 997//2574 993//2574 1189//2574
f 1534//2575 1000//2575 1187//2575
f 1034//2576 1534//2576 1187//2576
f 1034//2577 1187//2577 1036//2577
f 996//2578 997//2578 1187//2578
f 1000//2579 996//2579 1187//2579
f 1002//2580 1000//2580 1534//2580
f 1535//2581 1002//2581 1534//2581
f 1033//2582 1535//2582 1534//2582
f 1033//2583 1534//2583 1034//2583
f 1005//2584 1002//2584 1535//2584
f 1005//2585 1535//2585 1033//2585
f 1185//2586 664//2586 666//2586
f 1011//2587 1005//2587 1033//2587
f 1536//2588 1006//2588 1008//2588
f 1536//2589 1008//2589 966//2589
f 966//2590 970//2590 1536//2590
f 1536//2591 1538//2591 1537//2591
f 1536//2592 1537//2592 1006//2592
f 970//2593 1538//2593 1536//2593
f 1538//2594 1003//2594 1537//2594
f 1538//2595 980//2595 1003//2595
f 976//2596 980//2596 1538//2596
f 970//2597 976//2597 1538//2597
f 1006//2598 1537//2598 1003//2598
f 974//2599 984//2599 977//2599
f 969//2600 976//2600 970//2600
f 960//2601 973//2601 967//2601
f 951//2602 960//2602 954//2602
f 945//2603 953//2603 958//2603
f 957//2604 1540//2604 958//2604
f 945//2605 958//2605 1539//2605
f 1540//2606 1539//2606 958//2606
f 924//2607 925//2607 1540//2607
f 957//2608 924//2608 1540//2608
f 1540//2609 1541//2609 1539//2609
f 1540//2610 925//2610 1541//2610
f 1541//2611 933//2611 1539//2611
f 925//2612 933//2612 1541//2612
f 1539//2613 933//2613 934//2613
f 934//2614 945//2614 1539//2614
f 945//2615 946//2615 953//2615
f 259//2616 948//2616 942//2616
f 934//2617 936//2617 945//2617
f 939//2618 945//2618 936//2618
f 258//2619 259//2619 942//2619
f 925//2620 927//2620 933//2620
f 899//2621 896//2621 932//2621
f 1542//2622 932//2622 896//2622
f 932//2623 245//2623 247//2623
f 932//2624 1542//2624 245//2624
f 1542//2625 241//2625 245//2625
f 896//2626 241//2626 1542//2626
f 921//2627 919//2627 918//2627
f 916//2628 897//2628 898//2628
f 896//2629 240//2629 241//2629
f 889//2630 874//2630 878//2630
f 882//2631 881//2631 1543//2631
f 882//2632 1543//2632 223//2632
f 1544//13 1543//13 881//13 877//13
f 223//2633 1543//2633 222//2633
f 222//2634 1543//2634 1544//2634
f 1545//13 1544//13 1547//13
f 1546//2635 1544//2635 1545//2635
f 222//2636 1544//2636 1548//2636
f 1548//2637 1544//2637 1546//2637
f 1544//13 877//13 1547//13
f 218//2638 1548//2638 1546//2638
f 222//2639 1548//2639 218//2639
f 879//2640 1547//2640 877//2640
f 1547//2641 1550//2641 1549//2641
f 1545//13 1547//13 1549//13
f 1551//2642 1550//2642 1547//2642
f 1547//2643 879//2643 1551//2643
f 156//2644 1550//2644 1551//2644
f 879//2645 156//2645 1551//2645
f 156//2646 157//2646 1550//2646
f 1550//2647 163//2647 1549//2647
f 157//2648 163//2648 1550//2648
f 1549//2649 163//2649 1552//2649
f 1545//13 1549//13 1552//13
f 163//2650 173//2650 1552//2650
f 175//13 1545//13 1552//13
f 175//13 1552//13 173//13
f 219//2651 218//2651 1546//2651
f 1546//2652 1553//2652 219//2652
f 1545//2653 1553//2653 1546//2653
f 219//2654 1553//2654 1555//2654
f 1555//2655 1553//2655 1554//2655
f 1553//2656 176//2656 1554//2656
f 1545//2657 175//2657 1553//2657
f 1553//2658 175//2658 176//2658
f 1555//2659 1554//2659 1556//2659
f 1555//2660 1556//2660 1557//2660
f 219//2661 1555//2661 220//2661
f 1555//2662 1557//2662 220//2662
f 1557//2663 1556//2663 209//2663
f 220//2664 1557//2664 209//2664
f 1554//2665 182//2665 1556//2665
f 1556//2666 206//2666 209//2666
f 1556//2667 182//2667 206//2667
f 1554//2668 176//2668 179//2668
f 1554//2669 179//2669 182//2669
f 155//2670 156//2670 879//2670
f 872//2671 871//2671 158//2671
f 155//2672 872//2672 158//2672
f 158//2673 871//2673 869//2673
f 158//2674 869//2674 153//2674
f 153//2675 869//2675 152//2675
f 866//2676 867//2676 1558//2676
f 867//2677 863//2677 1558//2677
f 1558//2678 845//2678 840//2678
f 1559//2679 1558//2679 840//2679
f 866//2680 1558//2680 1559//2680
f 1558//2681 863//2681 845//2681
f 1559//2682 840//2682 839//2682
f 1560//2683 1559//2683 839//2683
f 152//2684 866//2684 1559//2684
f 152//2685 1559//2685 1560//2685
f 1560//2686 839//2686 1561//2686
f 1560//2687 1561//2687 1563//2687
f 152//2688 1560//2688 1562//2688
f 1560//2689 1563//2689 1562//2689
f 1563//2690 835//2690 1564//2690
f 1563//2691 836//2691 835//2691
f 1561//2692 836//2692 1563//2692
f 1562//2693 1563//2693 1564//2693
f 142//2694 148//2694 1564//2694
f 1562//2695 1564//2695 148//2695
f 138//2696 139//2696 1564//2696
f 1565//2697 138//2697 1564//2697
f 1564//2698 1566//2698 1565//2698
f 1564//2699 1567//2699 1566//2699
f 142//2700 1564//2700 139//2700
f 1564//2701 835//2701 1567//2701
f 1567//2702 1569//2702 1568//2702
f 1566//2703 1567//2703 1568//2703
f 835//2704 834//2704 1567//2704
f 1567//2705 834//2705 1569//2705
f 1569//2706 1570//2706 1568//2706
f 834//2707 1570//2707 1569//2707
f 834//2708 837//2708 1570//2708
f 1568//2709 1570//2709 1571//2709
f 1571//2710 1570//2710 837//2710
f 1568//2711 1571//2711 1572//2711
f 1572//2712 1571//2712 1573//2712
f 837//2713 803//2713 1571//2713
f 1573//2714 1571//2714 1574//2714
f 1571//2715 803//2715 1574//2715
f 1574//2716 803//2716 801//2716
f 1574//2717 801//2717 1575//2717
f 1573//2718 1574//2718 1576//2718
f 1576//2719 1574//2719 1575//2719
f 1577//2720 1576//2720 1575//2720
f 1573//2721 1576//2721 1577//2721
f 126//2722 1577//2722 1578//2722
f 1577//2723 1575//2723 1578//2723
f 1579//2724 1573//2724 1577//2724
f 1579//2725 1577//2725 126//2725
f 1580//2726 1579//2726 126//2726
f 1581//2727 1579//2727 1580//2727
f 1581//2728 1572//2728 1579//2728
f 1572//2729 1573//2729 1579//2729
f 1582//2730 1581//2730 1580//2730
f 1566//2731 1572//2731 1581//2731
f 1565//2732 1581//2732 1582//2732
f 1565//2733 1566//2733 1581//2733
f 1583//2734 1582//2734 1580//2734
f 1583//2735 1565//2735 1582//2735
f 138//2736 1565//2736 1583//2736
f 135//2737 138//2737 1583//2737
f 135//2738 1583//2738 128//2738
f 1583//2739 1580//2739 128//2739
f 128//2740 1580//2740 126//2740
f 1578//2741 1575//2741 800//2741
f 126//2742 1578//2742 124//2742
f 1584//2743 124//2743 1578//2743
f 1578//2744 800//2744 1584//2744
f 1584//2745 789//2745 117//2745
f 116//2746 1584//2746 117//2746
f 124//2747 1584//2747 116//2747
f 1584//2748 800//2748 789//2748
f 1575//2749 801//2749 800//2749
f 1568//2750 1572//2750 1566//2750
f 152//2751 1562//2751 151//2751
f 151//2752 1562//2752 148//2752
f 1561//2753 839//2753 836//2753
f 863//2754 852//2754 845//2754
f 845//2755 852//2755 846//2755
f 849//2756 820//2756 821//2756
f 824//2757 849//2757 821//2757
f 843//2758 824//2758 825//2758
f 837//2759 805//2759 803//2759
f 837//2760 832//2760 805//2760
f 832//2761 811//2761 1585//2761
f 832//2762 1585//2762 805//2762
f 1585//2763 811//2763 806//2763
f 805//2764 1585//2764 806//2764
f 794//2765 808//2765 795//2765
f 800//2766 788//2766 789//2766
f 800//2767 792//2767 788//2767
f 795//2768 762//2768 764//2768
f 117//2769 789//2769 784//2769
f 783//2770 785//2770 1587//2770
f 785//2771 778//2771 1586//2771
f 1587//2772 785//2772 1586//2772
f 785//2773 780//2773 778//2773
f 1588//2774 1587//2774 443//2774
f 1587//2775 1591//2775 443//2775
f 1589//2776 1587//2776 1588//2776
f 1589//2777 1590//2777 1587//2777
f 1590//2778 783//2778 1587//2778
f 1587//2779 1586//2779 1591//2779
f 443//2780 1591//2780 442//2780
f 1591//2781 1586//2781 1592//2781
f 1591//2782 1592//2782 1593//2782
f 1591//2783 1593//2783 442//2783
f 1593//2784 1592//2784 1594//2784
f 442//2785 1593//2785 1594//2785
f 1594//2786 1595//2786 446//2786
f 444//2787 1594//2787 446//2787
f 442//2788 1594//2788 444//2788
f 1592//2789 1595//2789 1594//2789
f 1592//2790 777//2790 1595//2790
f 777//2791 746//2791 1595//2791
f 1595//2792 746//2792 446//2792
f 1586//2793 777//2793 1592//2793
f 1596//2794 1590//2794 1589//2794
f 119//2795 783//2795 1590//2795
f 118//2796 119//2796 1590//2796
f 1596//2797 118//2797 1590//2797
f 110//2798 1596//2798 1597//2798
f 110//2799 118//2799 1596//2799
f 1597//2800 1596//2800 1589//2800
f 1599//2801 1597//2801 436//2801
f 1597//2802 1598//2802 436//2802
f 1597//2803 1589//2803 1598//2803
f 110//2804 1597//2804 1599//2804
f 1600//2805 1599//2805 434//2805
f 1599//2806 436//2806 434//2806
f 103//2807 110//2807 1599//2807
f 103//2808 1599//2808 1600//2808
f 103//2809 1600//2809 1601//2809
f 1601//2810 1600//2810 434//2810
f 103//2811 1601//2811 1602//2811
f 1602//2812 1601//2812 432//2812
f 1601//2813 434//2813 432//2813
f 103//2814 1602//2814 101//2814
f 101//2815 1602//2815 423//2815
f 1602//2816 427//2816 423//2816
f 1602//2817 432//2817 427//2817
f 1598//2818 1588//2818 1603//2818
f 1598//2819 1603//2819 437//2819
f 436//2820 1598//2820 437//2820
f 1598//2821 1589//2821 1588//2821
f 1603//2822 1588//2822 439//2822
f 437//2823 1603//2823 439//2823
f 1588//2824 443//2824 439//2824
f 1586//2825 778//2825 777//2825
f 117//2826 784//2826 119//2826
f 119//2827 784//2827 783//2827
f 777//2828 745//2828 746//2828
f 777//2829 774//2829 745//2829
f 774//2830 775//2830 747//2830
f 775//2831 772//2831 747//2831
f 774//2832 747//2832 745//2832
f 772//2833 752//2833 750//2833
f 772//2834 750//2834 747//2834
f 765//2835 755//2835 752//2835
f 752//2836 749//2836 750//2836
f 743//2837 669//2837 671//2837
f 452//152 1816//152 736//152
f 740//2838 1604//2838 1605//2838
f 740//2839 1606//2839 1604//2839
f 1605//2840 1607//2840 740//2840
f 454//2841 455//2841 736//2841 740//2841
f 740//2841 458//2841 454//2841
f 740//2842 1608//2842 1606//2842
f 740//2843 1607//2843 458//2843
f 740//2844 739//2844 1608//2844
f 1608//2845 728//2845 1606//2845
f 1608//2846 727//2846 728//2846
f 739//2847 727//2847 1608//2847
f 1605//2848 1610//2848 1607//2848
f 458//2849 1607//2849 1609//2849
f 1609//2850 1607//2850 1611//2850
f 1607//2851 1610//2851 1611//2851
f 1611//2852 1613//2852 1612//2852
f 1611//2853 1612//2853 1614//2853
f 1613//2854 1611//2854 1610//2854
f 1615//2855 1609//2855 1611//2855
f 1611//2856 1614//2856 1615//2856
f 1616//2857 1615//2857 1614//2857
f 1617//2858 1615//2858 1616//2858
f 1609//2859 1615//2859 1617//2859
f 1617//2860 1618//2860 1609//2860
f 468//2861 1617//2861 1616//2861
f 467//2862 1619//2862 1617//2862
f 467//2863 1617//2863 468//2863
f 1619//2864 1618//2864 1617//2864
f 458//2865 1619//2865 467//2865
f 458//2866 1618//2866 1619//2866
f 458//2867 1609//2867 1618//2867
f 1614//2868 1620//2868 1616//2868
f 1616//2869 1620//2869 1623//2869
f 1622//2870 1621//2870 1616//2870
f 468//2871 1616//2871 1621//2871
f 1616//2872 1623//2872 1622//2872
f 1622//2873 1623//2873 1624//2873
f 1623//2874 1625//2874 1624//2874
f 1612//2875 1625//2875 1623//2875
f 1623//2876 1620//2876 1612//2876
f 1624//2877 1625//2877 1626//2877
f 1626//2878 1625//2878 1612//2878
f 1612//2879 1613//2879 1626//2879
f 1624//2880 1626//2880 1628//2880
f 1626//2881 1629//2881 1627//2881
f 1627//2882 1628//2882 1626//2882
f 1613//2883 1629//2883 1626//2883
f 1629//2884 1631//2884 1630//2884
f 1629//2885 1630//2885 1627//2885
f 1632//2886 1631//2886 1629//2886
f 1613//2887 1632//2887 1629//2887
f 1634//2888 1632//2888 1613//2888
f 1635//2889 1632//2889 1633//2889
f 1634//2890 1633//2890 1632//2890
f 1632//2891 1635//2891 1631//2891
f 1635//2892 721//2892 719//2892
f 719//2893 1636//2893 1635//2893
f 1633//2894 724//2894 1635//2894
f 1631//2895 1635//2895 1637//2895
f 724//2896 721//2896 1635//2896
f 1635//2897 1636//2897 1637//2897
f 1637//2898 1638//2898 1631//2898
f 1637//2899 1636//2899 1639//2899
f 1638//2900 1637//2900 1639//2900
f 1636//2901 1640//2901 1639//2901
f 1640//2902 1641//2902 1639//2902
f 1638//2903 1639//2903 1642//2903
f 1642//2904 1639//2904 1641//2904
f 1638//2905 1642//2905 1643//2905
f 1643//2906 1642//2906 1645//2906
f 1642//2907 1641//2907 1646//2907
f 1642//2908 1646//2908 1644//2908
f 1644//2909 1645//2909 1642//2909
f 1644//2910 1646//2910 1648//2910
f 1646//2911 1641//2911 1647//2911
f 1647//2912 1648//2912 1646//2912
f 1644//2913 1648//2913 1651//2913
f 1649//2914 1648//2914 1647//2914
f 1648//2915 1649//2915 1650//2915
f 1650//2916 1651//2916 1648//2916
f 1651//2917 1653//2917 1644//2917
f 1651//2918 1650//2918 1652//2918
f 1652//2919 1653//2919 1651//2919
f 1644//2920 1653//2920 1654//2920
f 1654//2921 1653//2921 1655//2921
f 1655//2922 1653//2922 1656//2922
f 1652//2923 1656//2923 1653//2923
f 1656//739 1657//739 564//739
f 1652//2924 1657//2924 1656//2924
f 1656//2925 564//2925 1658//2925
f 1656//2926 1658//2926 1655//2926
f 1655//2927 1658//2927 1659//2927
f 1658//2928 563//2928 1659//2928
f 1658//2929 564//2929 563//2929
f 1660//2930 1655//2930 1659//2930
f 563//2931 551//2931 1659//2931
f 1659//2932 551//2932 1660//2932
f 1660//2933 1663//2933 1655//2933
f 1660//2934 551//2934 1661//2934
f 1660//2935 1661//2935 1662//2935
f 1662//2936 1663//2936 1660//2936
f 1654//2930 1655//2930 1663//2930
f 1662//2937 1654//2937 1663//2937
f 1662//2938 1643//2938 1654//2938
f 1664//2939 1662//2939 1661//2939
f 1638//2940 1643//2940 1662//2940
f 1638//2941 1662//2941 1664//2941
f 1664//2942 544//2942 1638//2942
f 544//2943 1664//2943 546//2943
f 1661//2944 546//2944 1664//2944
f 1661//2945 551//2945 546//2945
f 1657//2946 1652//2946 1665//2946
f 1665//2947 566//2947 1657//2947
f 564//742 1657//742 566//742
f 1666//2948 1665//2948 1652//2948
f 566//2949 1665//2949 575//2949
f 1666//2950 575//2950 1665//2950
f 1667//2951 1666//2951 1650//2951
f 1667//2952 1668//2952 1666//2952
f 1652//2948 1650//2948 1666//2948
f 1666//2953 1668//2953 575//2953
f 1668//2954 1670//2954 1669//2954
f 1669//2955 574//2955 1668//2955
f 1668//2956 574//2956 575//2956
f 1667//2957 1670//2957 1668//2957
f 1670//2958 1672//2958 1671//2958
f 1671//2959 1669//2959 1670//2959
f 1672//2960 1670//2960 1667//2960
f 1667//2961 1673//2961 1672//2961
f 1675//2962 1672//2962 1673//2962
f 1674//2963 1671//2963 1672//2963
f 1672//2964 1675//2964 1674//2964
f 1676//2965 1675//2965 1673//2965
f 1677//2966 1675//2966 1676//2966
f 1677//2967 1678//2967 1675//2967
f 1678//2968 1679//2968 1675//2968
f 1679//2969 1674//2969 1675//2969
f 1682//2970 1680//2970 1679//2970
f 1680//2971 1674//2971 1679//2971
f 1681//2972 1679//2972 1678//2972
f 1682//2973 1679//2973 1681//2973
f 1684//2974 1683//2974 1682//2974
f 1683//2975 1685//2975 1682//2975
f 1685//2976 1680//2976 1682//2976
f 1684//2977 1682//2977 1681//2977
f 623//2978 1686//2978 1685//2978
f 1685//2979 1686//2979 1680//2979
f 1687//2980 1685//2980 1683//2980
f 1687//2981 623//2981 1685//2981
f 628//2982 623//2982 1687//2982
f 1688//2983 1687//2983 1683//2983
f 630//2984 628//2984 1687//2984
f 630//2985 1687//2985 1688//2985
f 630//2986 1688//2986 1689//2986
f 1689//2987 1688//2987 1683//2987
f 1690//2988 1689//2988 1684//2988
f 1689//2989 1683//2989 1684//2989
f 1691//2990 1689//2990 1690//2990
f 1691//2991 630//2991 1689//2991
f 1692//2992 631//2992 1691//2992
f 1692//2993 1691//2993 1693//2993
f 1693//2994 1691//2994 1690//2994
f 631//2995 630//2995 1691//2995
f 1694//2996 1692//2996 1693//2996
f 653//2997 1694//2997 1693//2997
f 653//2998 1693//2998 1695//2998
f 1695//2999 1693//2999 1690//2999
f 1695//3000 1697//3000 1696//3000
f 655//3001 1695//3001 1696//3001
f 1695//3002 1690//3002 1697//3002
f 653//3003 1695//3003 655//3003
f 1697//3004 1690//3004 1698//3004
f 1697//3005 1698//3005 1700//3005
f 1696//3006 1697//3006 1699//3006
f 1697//3007 1700//3007 1699//3007
f 1700//3008 1698//3008 1701//3008
f 686//3009 1700//3009 1701//3009
f 1699//3010 1700//3010 687//3010
f 1700//3011 686//3011 687//3011
f 1704//3012 1702//3012 1701//3012
f 1703//3013 1701//3013 1702//3013
f 686//3014 1701//3014 1703//3014
f 1701//3015 1677//3015 1704//3015
f 1698//3016 1705//3016 1701//3016
f 1701//3017 1705//3017 1677//3017
f 1705//3018 1706//3018 1678//3018
f 1705//3019 1678//3019 1677//3019
f 1707//3020 1706//3020 1705//3020
f 1698//3021 1707//3021 1705//3021
f 1690//3022 1707//3022 1698//3022
f 1690//3023 1684//3023 1707//3023
f 1707//3024 1684//3024 1681//3024
f 1707//3025 1681//3025 1706//3025
f 1681//3026 1678//3026 1706//3026
f 1704//3027 1677//3027 1676//3027
f 1704//3028 1709//3028 1708//3028
f 1702//3029 1704//3029 1708//3029
f 1704//3030 1676//3030 1709//3030
f 1709//3031 1676//3031 1817//3031
f 1708//3032 1709//3032 1817//3032
f 1708//3033 1817//3033 1710//3033
f 1676//3034 1673//3034 1817//3034
f 1708//3035 1710//3035 1711//3035
f 1649//3036 1710//3036 1817//3036 1673//3036
f 1647//3037 1710//3037 1649//3037
f 1711//3038 1710//3038 1647//3038
f 1702//3039 1708//3039 1711//3039
f 1702//3040 1711//3040 1712//3040
f 1641//3041 1711//3041 1647//3041
f 1713//3042 1712//3042 1711//3042
f 1713//3043 1711//3043 1714//3043
f 1714//3044 1711//3044 1641//3044
f 1716//3045 1714//3045 1715//3045
f 1715//3046 1714//3046 1640//3046
f 1640//3047 1714//3047 1641//3047
f 1716//3048 1713//3048 1714//3048
f 693//3049 690//3049 1716//3049
f 690//3050 1713//3050 1716//3050
f 1717//3051 1716//3051 1715//3051
f 693//3052 1716//3052 1717//3052
f 714//3053 1717//3053 1715//3053
f 700//3054 1717//3054 714//3054
f 700//3055 693//3055 1717//3055
f 1715//3056 1640//3056 714//3056
f 690//3057 691//3057 1713//3057
f 691//3058 1712//3058 1713//3058
f 1703//3059 1702//3059 1712//3059
f 691//3060 1718//3060 1712//3060
f 1703//3061 1712//3061 1718//3061
f 688//3062 1703//3062 1718//3062
f 688//3063 1718//3063 691//3063
f 688//3064 686//3064 1703//3064
f 1699//3065 687//3065 1696//3065
f 1696//3066 682//3066 655//3066
f 1696//3067 687//3067 682//3067
f 648//3068 1694//3068 653//3068
f 648//3069 1692//3069 1694//3069
f 1692//3070 646//3070 634//3070
f 648//3071 646//3071 1692//3071
f 634//3072 631//3072 1692//3072
f 1686//3073 1719//3073 1680//3073
f 623//3074 1720//3074 1686//3074
f 1686//3075 606//3075 1719//3075
f 1686//3076 1720//3076 606//3076
f 623//3077 620//3077 1720//3077
f 620//3078 1721//3078 1720//3078
f 1720//2533 1721//2533 1722//2533
f 606//3079 1720//3079 607//3079
f 1720//2533 1722//2533 607//2533
f 610//3080 1722//3080 1721//3080
f 610//3081 607//3081 1722//3081
f 620//3082 618//3082 1721//3082
f 1721//3083 618//3083 610//3083
f 1680//3084 1719//3084 1674//3084
f 1719//3085 606//3085 1674//3085
f 606//3086 1671//3086 1674//3086
f 1673//3036 1667//3036 1649//3036
f 606//3087 577//3087 1671//3087
f 1669//3088 1671//3088 577//3088
f 577//3089 574//3089 1669//3089
f 1650//2951 1649//2951 1667//2951
f 1645//3090 1654//3090 1643//3090
f 1654//970 1645//970 1644//970
f 1636//3091 714//3091 1640//3091
f 1638//3092 1627//3092 1630//3092
f 1723//3093 1627//3093 1638//3093
f 1723//151 1638//151 1724//151
f 1724//3094 1638//3094 544//3094
f 1630//3095 1631//3095 1638//3095
f 1724//151 534//151 1723//151
f 534//3096 1724//3096 544//3096
f 1726//3097 1723//3097 535//3097
f 535//3098 1723//3098 534//3098
f 1723//3099 1628//3099 1627//3099
f 1723//3100 1725//3100 1628//3100
f 1624//3101 1725//3101 1723//3101
f 1723//3102 1726//3102 1624//3102
f 1726//3103 1729//3103 1727//3103
f 1727//3104 1624//3104 1726//3104
f 535//131 1728//131 1726//131
f 1726//3105 1728//3105 1729//3105
f 1727//3106 1729//3106 471//3106
f 471//3107 1729//3107 1728//3107
f 1728//3108 474//3108 471//3108
f 532//131 529//131 1728//131
f 535//131 532//131 1728//131
f 529//131 478//131 1728//131
f 478//3109 474//3109 1728//3109
f 1624//3110 1727//3110 1730//3110
f 471//3111 1730//3111 1727//3111
f 1730//3112 1622//3112 1624//3112
f 471//3113 1731//3113 1730//3113
f 1731//3114 1622//3114 1730//3114
f 1622//3115 1731//3115 1732//3115
f 469//3116 1732//3116 1731//3116
f 469//3117 1731//3117 471//3117
f 469//3118 1621//3118 1732//3118
f 1732//3119 1621//3119 1622//3119
f 1628//151 1725//151 1624//151
f 1636//3120 719//3120 714//3120
f 1733//3121 1634//3121 1613//3121
f 1734//3122 1634//3122 1733//3122
f 1734//3123 1735//3123 1634//3123
f 1735//3124 1633//3124 1634//3124
f 1734//3125 729//3125 1735//3125
f 729//3126 1633//3126 1735//3126
f 728//3127 729//3127 1734//3127
f 1606//3128 728//3128 1734//3128
f 1606//3129 1734//3129 1733//3129
f 1606//3130 1733//3130 1604//3130
f 1604//3131 1733//3131 1610//3131
f 1610//2854 1733//2854 1613//2854
f 729//3132 724//3132 1633//3132
f 469//3133 468//3133 1621//3133
f 1614//3134 1612//3134 1620//3134
f 1604//3135 1610//3135 1605//3135
f 732//3136 727//3136 739//3136
f 738//3137 1737//3137 1736//3137
f 738//3138 1736//3138 737//3138
f 738//3139 1738//3139 1737//3139
f 738//3140 671//3140 1738//3140
f 1738//3141 1739//3141 1737//3141
f 671//3142 674//3142 1738//3142
f 1738//3143 674//3143 673//3143
f 673//3144 1739//3144 1738//3144
f 1739//3145 697//3145 702//3145
f 677//3146 697//3146 1739//3146
f 1739//3147 673//3147 677//3147
f 1737//3148 1739//3148 702//3148
f 1737//3149 702//3149 704//3149
f 1737//3150 704//3150 1736//3150
f 1736//3151 710//3151 737//3151
f 1736//3152 704//3152 710//3152
f 737//3153 710//3153 734//3153
f 736//152 455//152 452//152
f 734//3154 710//3154 706//3154
f 731//3155 1740//3155 726//3155
f 731//3156 707//3156 1740//3156
f 706//3157 707//3157 731//3157
f 707//3158 1741//3158 1740//3158
f 1740//3159 1741//3159 726//3159
f 726//3160 1741//3160 722//3160
f 722//3161 1741//3161 708//3161
f 707//3162 708//3162 1741//3162
f 708//3163 717//3163 722//3163
f 708//3164 712//3164 717//3164
f 699//3165 700//3165 709//3165
f 694//3166 693//3166 700//3166
f 655//3167 682//3167 679//3167
f 654//3168 655//3168 679//3168
f 660//3169 650//3169 659//3169
f 650//3170 649//3170 659//3170
f 643//3171 633//3171 634//3171
f 628//3172 622//3172 623//3172
f 614//3173 603//3173 609//3173
f 609//3174 603//3174 602//3174
f 499//2533 580//2533 498//2533
f 575//2949 567//2949 566//2949
f 559//774 561//774 571//774
f 563//3175 555//3175 551//3175
f 550//3176 547//3176 548//3176
f 541//3177 520//3177 539//3177
f 539//3178 520//3178 522//3178
f 529//131 480//131 478//131
f 483//3179 480//3179 529//3179
f 509//3180 490//3180 488//3180
f 500//3181 496//3181 491//3181
f 485//3182 486//3182 493//3182
f 481//3183 485//3183 477//3183
f 481//3184 477//3184 476//3184
f 101//3185 423//3185 425//3185
f 102//3186 101//3186 425//3186
f 104//3187 102//3187 425//3187
f 104//3188 425//3188 420//3188
f 105//3189 420//3189 410//3189
f 105//3190 104//3190 420//3190
f 406//131 407//131 415//131
f 411//3191 413//3191 1742//3191
f 412//131 1743//131 413//131
f 1742//3192 413//3192 1743//3192
f 412//131 1745//131 1743//131
f 1742//3193 1743//3193 1744//3193
f 1743//3194 1745//3194 1744//3194
f 1745//3195 385//3195 380//3195
f 1745//3196 380//3196 1746//3196
f 412//131 389//131 1745//131
f 389//131 385//131 1745//131
f 1744//3197 1745//3197 1746//3197
f 1746//3198 377//3198 1747//3198
f 1746//3199 380//3199 377//3199
f 1748//3200 1744//3200 1746//3200
f 1748//3201 1746//3201 1747//3201
f 1749//3202 1744//3202 1748//3202
f 1749//3203 1748//3203 365//3203
f 1748//3204 1747//3204 378//3204
f 365//3205 1748//3205 378//3205
f 361//3206 1750//3206 1749//3206
f 1750//3207 1751//3207 1749//3207
f 1751//3208 1742//3208 1749//3208
f 360//3209 1749//3209 365//3209
f 1749//3210 1742//3210 1744//3210
f 361//3211 1749//3211 360//3211
f 1751//3212 411//3212 1742//3212
f 1752//3213 1751//3213 1750//3213
f 1752//3214 99//3214 1751//3214
f 99//3215 411//3215 1751//3215
f 1753//3216 1752//3216 1750//3216
f 87//3217 99//3217 1752//3217
f 87//3218 1752//3218 1753//3218
f 83//3219 1753//3219 359//3219
f 1753//3220 83//3220 87//3220
f 359//3221 1753//3221 1750//3221
f 359//3222 1750//3222 361//3222
f 1747//3223 377//3223 378//3223
f 412//3224 403//3224 1754//3224
f 389//3225 412//3225 1754//3225
f 389//3226 1754//3226 397//3226
f 1754//3227 403//3227 397//3227
f 105//131 411//131 99//131
f 389//3228 397//3228 390//3228
f 383//3229 392//3229 394//3229
f 383//3230 394//3230 381//3230
f 365//3231 378//3231 366//3231
f 342//3232 370//3232 343//3232
f 351//3233 368//3233 345//3233
f 368//3234 342//3234 345//3234
f 1755//3235 362//3235 355//3235
f 83//3236 359//3236 362//3236
f 1755//3237 84//3237 362//3237
f 362//3238 84//3238 83//3238
f 4//3239 2//3239 1755//3239
f 2//3240 1756//3240 1755//3240
f 1755//3241 1756//3241 84//3241
f 1755//3242 355//3242 4//3242
f 1756//3243 80//3243 84//3243
f 80//113 1756//113 77//113
f 2//3244 77//3244 1756//3244
f 4//3245 355//3245 354//3245
f 4//3246 354//3246 5//3246
f 6//3247 350//3247 1757//3247
f 1757//3248 350//3248 347//3248
f 350//3249 348//3249 347//3249
f 6//3250 1757//3250 1758//3250
f 347//3251 187//3251 1757//3251
f 1758//3252 1757//3252 185//3252
f 1757//3253 187//3253 185//3253
f 8//3254 1758//3254 181//3254
f 181//3255 1758//3255 184//3255
f 1758//3256 185//3256 184//3256
f 8//3257 6//3257 1758//3257
f 347//3258 340//3258 187//3258
f 187//3259 340//3259 335//3259
f 187//3260 335//3260 190//3260
f 326//3261 315//3261 318//3261
f 1759//3262 324//3262 323//3262
f 1760//3263 202//3263 324//3263
f 1760//3264 324//3264 1759//3264
f 1762//3265 202//3265 1760//3265
f 1761//3266 1760//3266 1763//3266
f 1761//3267 1762//3267 1760//3267
f 1763//3268 1760//3268 1759//3268
f 1763//3269 1759//3269 1764//3269
f 1761//3270 1763//3270 1764//3270
f 1764//3271 1759//3271 1766//3271
f 1767//3272 1764//3272 1765//3272
f 1764//3273 1766//3273 1765//3273
f 1761//3274 1764//3274 1767//3274
f 1767//3275 1765//3275 1770//3275
f 1768//3276 1761//3276 1767//3276
f 1768//3277 1767//3277 1769//3277
f 1769//3278 1767//3278 1770//3278
f 1770//3279 1765//3279 1771//3279
f 1770//3280 1771//3280 1772//3280
f 1773//3281 1770//3281 1772//3281
f 1769//3282 1770//3282 1773//3282
f 234//3283 1773//3283 1772//3283
f 1769//3284 1773//3284 234//3284
f 1772//3285 1771//3285 1774//3285
f 232//3286 1772//3286 1774//3286
f 234//3287 1772//3287 232//3287
f 1774//3288 1778//3288 1775//3288
f 1774//3289 1775//3289 249//3289
f 1776//3290 1774//3290 249//3290
f 232//3291 1774//3291 1776//3291
f 1771//3292 1777//3292 1774//3292
f 1774//3293 1777//3293 1778//3293
f 1777//3294 1779//3294 1778//3294
f 1778//3295 1780//3295 1775//3295
f 1778//3296 1779//3296 1781//3296
f 1778//3297 1781//3297 1780//3297
f 1781//3298 1784//3298 1782//3298
f 1782//3299 282//3299 1781//3299
f 1781//3300 282//3300 1783//3300
f 1781//3301 1783//3301 1785//3301
f 1779//3302 1784//3302 1781//3302
f 1780//3303 1781//3303 1785//3303
f 1785//3304 267//3304 264//3304
f 1783//3305 267//3305 1785//3305
f 1785//3306 264//3306 1786//3306
f 1780//3307 1785//3307 1786//3307
f 1780//3308 1786//3308 1787//3308
f 1787//3309 1786//3309 248//3309
f 1786//3310 264//3310 250//3310
f 248//3311 1786//3311 250//3311
f 1775//3312 1780//3312 1787//3312
f 1775//3313 1787//3313 248//3313
f 1788//3314 1789//3314 1784//3314
f 1790//3315 1788//3315 1784//3315
f 1784//3316 1789//3316 1782//3316
f 1790//3317 1784//3317 1779//3317
f 1791//3318 1792//3318 1790//3318
f 1790//3318 1779//3318 1791//3318
f 1792//3319 1793//3319 1790//3319
f 1793//3320 1788//3320 1790//3320
f 1765//3321 1794//3321 1793//3321
f 1794//3322 1795//3322 1793//3322
f 1793//3323 1795//3323 1788//3323
f 1765//3324 1793//3324 1792//3324
f 1794//3325 1796//3325 1795//3325
f 1796//3326 1798//3326 1795//3326
f 1795//3327 1797//3327 1788//3327
f 1795//3328 1798//3328 1797//3328
f 1799//3329 1798//3329 1796//3329
f 1799//3330 1800//3330 1798//3330
f 1800//3331 285//3331 1798//3331
f 1797//3332 1798//3332 285//3332
f 323//3333 1802//3333 1800//3333
f 323//3334 1800//3334 1799//3334
f 1800//3335 1801//3335 285//3335
f 1802//3336 1801//3336 1800//3336
f 1802//3337 1803//3337 1801//3337
f 1802//3338 302//3338 1803//3338
f 323//3339 321//3339 1802//3339
f 321//3340 302//3340 1802//3340
f 1803//3341 299//3341 1801//3341
f 302//3342 299//3342 1803//3342
f 285//3343 1801//3343 287//3343
f 1801//3344 299//3344 287//3344
f 1794//3345 1799//3345 1796//3345
f 1766//3346 1799//3346 1794//3346
f 1766//3347 323//3347 1799//3347
f 1788//3348 1797//3348 1789//3348
f 1797//3349 284//3349 1789//3349
f 285//3350 284//3350 1797//3350
f 1765//3351 1766//3351 1794//3351
f 1792//3352 1791//3352 1777//3352
f 1771//3353 1792//3353 1777//3353
f 1765//3354 1792//3354 1771//3354
f 1777//3355 1791//3355 1779//3355
f 1789//3356 284//3356 1804//3356
f 1789//3357 1804//3357 1782//3357
f 284//3358 281//3358 1804//3358
f 1782//3359 1804//3359 281//3359
f 1783//3360 1805//3360 267//3360
f 1783//3361 282//3361 279//3361
f 1783//3362 279//3362 1805//3362
f 267//3363 1805//3363 268//3363
f 1805//3364 279//3364 268//3364
f 1782//3365 281//3365 282//3365
f 233//3366 1776//3366 1806//3366
f 1806//3367 1776//3367 244//3367
f 233//3368 232//3368 1776//3368
f 1776//3369 249//3369 244//3369
f 233//3370 1806//3370 236//3370
f 236//3371 1806//3371 244//3371
f 1775//3372 248//3372 249//3372
f 231//3373 1769//3373 234//3373
f 231//3374 1768//3374 1769//3374
f 214//3375 1768//3375 1807//3375
f 1807//3376 1768//3376 231//3376
f 214//3377 215//3377 1768//3377
f 1761//3378 1768//3378 215//3378
f 217//3379 214//3379 1807//3379
f 1807//3380 231//3380 225//3380
f 217//3381 1807//3381 226//3381
f 226//3382 1807//3382 225//3382
f 1759//3383 323//3383 1766//3383
f 1762//3384 212//3384 202//3384
f 215//3385 212//3385 1762//3385
f 215//3386 1762//3386 1761//3386
f 321//3387 303//3387 302//3387
f 277//3388 291//3388 276//3388
f 279//3389 271//3389 268//3389
f 273//3390 276//3390 274//3390
f 250//3391 264//3391 254//3391
f 220//3392 209//3392 208//3392
f 215//3393 211//3393 212//3393
f 204//3394 202//3394 212//3394
f 182//3395 198//3395 206//3395
f 195//3396 196//3396 200//3396
f 181//3397 15//3397 8//3397
f 176//3398 177//3398 179//3398
f 163//3399 165//3399 173//3399
f 14//13 171//13 172//13
f 14//13 172//13 13//13
f 172//3400 18//3400 13//3400
f 168//3401 18//3401 172//3401
f 171//3402 14//3402 15//3402
f 168//3403 167//3403 18//3403
f 18//3404 167//3404 1809//3404
f 167//3405 132//3405 1808//3405
f 167//3406 1808//3406 1809//3406
f 18//3407 1809//3407 20//3407
f 1809//3408 1810//3408 31//3408
f 1809//3409 1808//3409 1810//3409
f 20//3410 1809//3410 31//3410
f 31//3411 1810//3411 1811//3411
f 1808//3412 1811//3412 1810//3412
f 31//3413 1811//3413 32//3413
f 1811//3414 133//3414 1812//3414
f 1808//3415 133//3415 1811//3415
f 32//3416 1811//3416 1812//3416
f 32//3417 1812//3417 34//3417
f 34//3418 1812//3418 1813//3418
f 133//3419 129//3419 1812//3419
f 1812//3420 123//3420 1813//3420
f 1812//3421 122//3421 123//3421
f 1812//3422 129//3422 122//3422
f 34//3423 1813//3423 36//3423
f 36//3424 1813//3424 121//3424
f 1813//3425 123//3425 121//3425
f 132//3426 133//3426 1808//3426
f 160//3427 146//3427 162//3427
f 162//3428 146//3428 143//3428
f 162//3429 143//3429 132//3429
f 151//3430 148//3430 149//3430
f 132//3431 143//3431 136//3431
f 127//3432 135//3432 128//3432
f 44//13 121//13 1818//13 108//13
f 37//3433 121//3433 44//3433
f 121//13 113//13 1818//13
f 37//3434 36//3434 121//3434
f 46//13 44//13 108//13
f 108//13 107//13 46//13
f 1814//13 25//13 78//13
f 77//13 1814//13 78//13
f 25//3435 24//3435 78//3435
f 1814//13 1815//13 25//13
f 2//3436 1814//3436 77//3436
f 1815//3437 1814//3437 2//3437
f 1815//13 17//13 25//13
f 1815//13 11//13 17//13
f 11//3438 1815//3438 3//3438
f 2//3439 3//3439 1815//3439
f 59//3440 48//3440 50//3440
f 42//3441 37//3441 44//3441
f 28//3442 30//3442 41//3442
f 15//3443 9//3443 8//3443
