# Blender 5.0.1
# www.blender.org
mtllib right_shoulder_z_link_visual_0.mtl
o i01.rightArm.rotate.full.001_visual.001
v 0.422919 -0.087849 -0.063630
v 0.431078 -0.010960 -0.078327
v 0.422906 -0.087850 -0.141894
v 0.431215 -0.003616 -0.063632
v 0.398349 -0.168846 -0.063622
v 0.398336 -0.168847 -0.141887
v 0.298457 -0.055582 -0.063593
v 0.283858 -0.105552 -0.063588
v 0.283884 -0.105552 0.055902
v 0.249260 -0.161491 0.009847
v 0.249238 -0.161491 -0.063578
v 0.249251 -0.161491 -0.018261
v 0.249260 -0.244421 0.009846
v 0.249251 -0.244522 -0.018261
v 0.249237 -0.362531 -0.063578
v 0.177140 -0.405214 -0.063556
v 0.249277 -0.391979 0.066302
v 0.249276 -0.405214 0.064491
v 0.249214 -0.362531 -0.141842
v 0.304740 -0.308922 -0.141859
v 0.304754 -0.308922 -0.063594
v 0.358450 -0.243493 -0.063611
v 0.358436 -0.243494 -0.141874
v 0.255023 -0.213148 -0.141845
v 0.274348 -0.187091 -0.141850
v 0.291027 -0.159264 -0.141854
v 0.304898 -0.129937 -0.141859
v 0.290551 -0.159008 -0.136350
v 0.273899 -0.186789 -0.136344
v 0.254605 -0.212805 -0.136338
v 0.253365 -0.211786 -0.131045
v 0.272566 -0.185897 -0.131051
v 0.251351 -0.210131 -0.126165
v 0.270399 -0.184449 -0.126172
v 0.289136 -0.158251 -0.131056
v 0.304399 -0.129729 -0.136354
v 0.302917 -0.129115 -0.131060
v 0.286838 -0.157022 -0.126176
v 0.283744 -0.155368 -0.121900
v 0.300509 -0.128117 -0.126181
v 0.267482 -0.182499 -0.121894
v 0.245335 -0.205192 -0.118379
v 0.263928 -0.180123 -0.118384
v 0.248640 -0.207905 -0.121888
v 0.224375 -0.228319 -0.118372
v 0.227397 -0.231342 -0.121882
v 0.201248 -0.249279 -0.118365
v 0.203960 -0.252584 -0.121875
v 0.229878 -0.233824 -0.126160
v 0.206185 -0.255297 -0.126152
v 0.231720 -0.235668 -0.131039
v 0.207838 -0.257313 -0.131032
v 0.232854 -0.236803 -0.136332
v 0.233236 -0.237186 -0.141837
v 0.208855 -0.258554 -0.136325
v 0.182840 -0.277848 -0.136317
v 0.209197 -0.258973 -0.141829
v 0.181949 -0.276513 -0.131023
v 0.153076 -0.290784 -0.126136
v 0.180502 -0.274345 -0.126143
v 0.154303 -0.293083 -0.131015
v 0.124170 -0.304455 -0.126127
v 0.125167 -0.306864 -0.131006
v 0.155059 -0.294500 -0.136309
v 0.125780 -0.308348 -0.136301
v 0.183139 -0.278299 -0.141822
v 0.155313 -0.294978 -0.141814
v 0.177116 -0.405214 -0.141821
v 0.125985 -0.308849 -0.141805
v 0.095440 -0.319778 -0.141796
v 0.095284 -0.319259 -0.136291
v 0.063554 -0.325554 -0.130988
v 0.063865 -0.327129 -0.136282
v 0.094819 -0.317722 -0.130997
v 0.094064 -0.315227 -0.126118
v 0.063046 -0.322996 -0.126109
v 0.031417 -0.327688 -0.126099
v 0.062363 -0.319555 -0.121833
v 0.031074 -0.324196 -0.121823
v 0.030656 -0.319940 -0.118314
v -0.000510 -0.321472 -0.118305
v -0.000510 -0.325748 -0.121814
v -0.032448 -0.327688 -0.126090
v -0.032104 -0.324196 -0.121814
v -0.000510 -0.329257 -0.126090
v -0.000510 -0.331865 -0.130969
v 0.031671 -0.330283 -0.130978
v -0.032703 -0.330283 -0.130969
v -0.064586 -0.325554 -0.130969
v -0.064899 -0.327129 -0.136263
v -0.032861 -0.331881 -0.136263
v -0.000510 -0.333471 -0.136263
v -0.065005 -0.327661 -0.141767
v -0.032914 -0.332421 -0.141767
v -0.000510 -0.334013 -0.141767
v -0.084693 -0.427088 -0.141767
v -0.000518 -0.435384 -0.141767
v 0.083657 -0.427088 -0.141792
v -0.000506 -0.435384 -0.063502
v 0.031878 -0.332421 -0.141777
v 0.063969 -0.327661 -0.141786
v 0.031827 -0.331881 -0.136271
v -0.052436 -0.295288 -0.063518
v 0.083681 -0.427088 -0.063528
v -0.084693 -0.427088 -0.063502
v -0.000506 -0.300407 -0.063502
v 0.051425 -0.295288 -0.063534
v 0.101394 -0.280130 -0.063563
v 0.101461 -0.280130 0.063072
v 0.051487 -0.295288 0.063103
v -0.000479 -0.300407 0.063133
v 0.051535 -0.295288 0.141865
v 0.009822 -0.212419 0.141891
v 0.024322 -0.197919 0.141882
v 0.021846 -0.202551 0.141883
v 0.018514 -0.206611 0.141885
v 0.014454 -0.209943 0.141888
v 0.025846 -0.192892 0.141881
v 0.041811 -0.152626 0.141871
v -0.000475 -0.300407 0.141897
v 0.101509 -0.280130 0.141836
v 0.067569 -0.145773 0.141856
v 0.082388 -0.203285 0.063084
v 0.067521 -0.145773 0.063092
v 0.041764 -0.215607 0.063107
v 0.119823 -0.183275 0.063061
v 0.082278 -0.203299 -0.098421
v 0.041694 -0.215610 -0.098409
v -0.000511 -0.219766 -0.098396
v 0.041681 -0.215609 -0.141779
v 0.062276 -0.210450 -0.141786
v 0.020680 -0.218724 -0.141773
v -0.000511 -0.219766 -0.141767
v 0.052959 -0.272308 -0.141783
v 0.026346 -0.276255 -0.141775
v -0.000510 -0.277576 -0.141767
v -0.000510 -0.278118 -0.136263
v 0.026401 -0.276795 -0.136271
v 0.053066 -0.272840 -0.136278
v 0.026560 -0.278393 -0.130977
v -0.000510 -0.279724 -0.130969
v -0.027592 -0.278393 -0.130969
v -0.000510 -0.282331 -0.126090
v -0.027435 -0.276795 -0.136263
v -0.053995 -0.272308 -0.141767
v -0.027382 -0.276256 -0.141767
v -0.054101 -0.272840 -0.136263
v -0.054414 -0.274415 -0.130969
v -0.080250 -0.266290 -0.136263
v -0.080092 -0.265771 -0.141767
v -0.042717 -0.215609 -0.141767
v -0.063311 -0.210450 -0.141767
v -0.105423 -0.256707 -0.141767
v -0.083300 -0.203298 -0.141767
v -0.105631 -0.257208 -0.136263
v -0.129744 -0.245205 -0.141767
v -0.102493 -0.194221 -0.141767
v -0.152820 -0.231373 -0.141767
v -0.130000 -0.245683 -0.136263
v -0.106245 -0.258692 -0.130969
v -0.130757 -0.247099 -0.130969
v -0.153121 -0.231824 -0.136263
v -0.154013 -0.233159 -0.130969
v -0.174774 -0.215766 -0.136263
v -0.174429 -0.215347 -0.141767
v -0.120703 -0.183306 -0.141767
v -0.137755 -0.170659 -0.141767
v -0.194364 -0.197279 -0.141767
v -0.153486 -0.156401 -0.141767
v -0.212431 -0.177345 -0.141767
v -0.194747 -0.197663 -0.136263
v -0.175792 -0.217007 -0.130969
v -0.195883 -0.198798 -0.130969
v -0.212851 -0.177689 -0.136263
v -0.214092 -0.178708 -0.130969
v -0.228458 -0.155736 -0.141767
v -0.228909 -0.156037 -0.136263
v -0.230244 -0.156929 -0.130969
v -0.242768 -0.132915 -0.136263
v -0.242290 -0.132660 -0.141767
v -0.180391 -0.123618 -0.141767
v -0.191306 -0.105408 -0.141767
v -0.253793 -0.108339 -0.141767
v -0.200383 -0.086216 -0.141767
v -0.262856 -0.083008 -0.141767
v -0.254293 -0.108546 -0.136263
v -0.244184 -0.133672 -0.130969
v -0.263375 -0.083165 -0.136263
v -0.255777 -0.109161 -0.130969
v -0.264912 -0.083631 -0.130969
v -0.258186 -0.110159 -0.126090
v -0.246484 -0.134901 -0.126090
v -0.235330 -0.160328 -0.121814
v -0.249579 -0.136556 -0.121814
v -0.232412 -0.158378 -0.126090
v -0.218820 -0.182588 -0.121814
v -0.216108 -0.180362 -0.126090
v -0.200208 -0.203124 -0.121814
v -0.197727 -0.200642 -0.126090
v -0.179673 -0.221736 -0.121814
v -0.177447 -0.219023 -0.126090
v -0.157412 -0.238245 -0.121814
v -0.155462 -0.235327 -0.126090
v -0.133640 -0.252494 -0.121814
v -0.131986 -0.249399 -0.126090
v -0.108586 -0.264343 -0.121814
v -0.107243 -0.261101 -0.126090
v -0.082491 -0.273680 -0.121814
v -0.081473 -0.270322 -0.126090
v -0.080716 -0.267826 -0.130969
v -0.054922 -0.276972 -0.126090
v -0.055607 -0.280414 -0.121814
v -0.028192 -0.284481 -0.121814
v -0.028611 -0.288736 -0.118305
v -0.056441 -0.284608 -0.118305
v -0.083733 -0.277772 -0.118305
v -0.057393 -0.289393 -0.115697
v -0.029089 -0.293591 -0.115697
v -0.029608 -0.298860 -0.114091
v -0.000510 -0.294995 -0.115697
v -0.000510 -0.300289 -0.114091
v 0.028581 -0.298860 -0.114100
v 0.028062 -0.293591 -0.115705
v -0.000510 -0.305794 -0.113548
v -0.000510 -0.311299 -0.114091
v 0.029660 -0.309817 -0.114100
v -0.030148 -0.304338 -0.113548
v 0.029121 -0.304338 -0.113557
v -0.030687 -0.309817 -0.114091
v -0.061606 -0.310576 -0.115697
v -0.031206 -0.315085 -0.115697
v -0.060574 -0.305384 -0.114091
v -0.059500 -0.299984 -0.113548
v -0.091418 -0.303108 -0.115697
v -0.089881 -0.298043 -0.114091
v -0.088284 -0.292774 -0.113548
v -0.120355 -0.292755 -0.115697
v -0.118329 -0.287864 -0.114091
v -0.116222 -0.282778 -0.113548
v -0.148137 -0.279615 -0.115697
v -0.145641 -0.274946 -0.114091
v -0.143046 -0.270091 -0.113548
v -0.174497 -0.263815 -0.115697
v -0.171556 -0.259414 -0.114091
v -0.168498 -0.254836 -0.113548
v -0.199182 -0.245508 -0.115697
v -0.195824 -0.241416 -0.114091
v -0.192331 -0.237160 -0.113548
v -0.221953 -0.224869 -0.115697
v -0.218210 -0.221126 -0.114091
v -0.242592 -0.202097 -0.115697
v -0.238500 -0.198739 -0.114091
v -0.214318 -0.217233 -0.113548
v -0.234245 -0.195247 -0.113548
v -0.210425 -0.213340 -0.114091
v -0.229989 -0.191754 -0.114091
v -0.242942 -0.165414 -0.115697
v -0.225897 -0.188396 -0.115697
v -0.247344 -0.168355 -0.114091
v -0.257652 -0.140871 -0.115697
v -0.262321 -0.143367 -0.114091
v -0.251921 -0.171413 -0.113549
v -0.267176 -0.145962 -0.113548
v -0.256499 -0.174472 -0.114091
v -0.272031 -0.148557 -0.114091
v -0.276700 -0.151052 -0.115697
v -0.289840 -0.123270 -0.115697
v -0.284949 -0.121244 -0.114091
v -0.295128 -0.092797 -0.114091
v -0.300194 -0.094334 -0.115697
v -0.279863 -0.119138 -0.113548
v -0.289860 -0.091199 -0.113548
v -0.284591 -0.089601 -0.114091
v -0.274777 -0.117031 -0.114091
v -0.269886 -0.115005 -0.115697
v -0.279526 -0.088065 -0.115697
v -0.286478 -0.060309 -0.115697
v -0.274857 -0.086648 -0.118305
v -0.281693 -0.059357 -0.118305
v -0.285822 -0.031527 -0.118305
v -0.277499 -0.058523 -0.121814
v -0.281566 -0.031108 -0.121814
v -0.279417 -0.003426 -0.126090
v -0.278074 -0.030764 -0.126090
v -0.282926 -0.003426 -0.121814
v -0.278074 0.023911 -0.126090
v -0.281566 0.024255 -0.121814
v -0.287202 -0.003426 -0.118305
v -0.290677 -0.032005 -0.115697
v -0.285822 0.024674 -0.118305
v -0.292081 -0.003426 -0.115697
v -0.297374 -0.003426 -0.114091
v -0.290677 0.025152 -0.115697
v -0.295945 -0.032524 -0.114091
v -0.297070 -0.062415 -0.113548
v -0.301424 -0.033064 -0.113548
v -0.291670 -0.061342 -0.114091
v -0.306902 -0.033603 -0.114091
v -0.302880 -0.003426 -0.113548
v -0.308385 -0.003426 -0.114091
v -0.306903 0.026750 -0.114091
v -0.312171 0.027269 -0.115697
v -0.313679 -0.003426 -0.115697
v -0.317026 0.027748 -0.118305
v -0.312171 -0.034122 -0.115697
v -0.318557 -0.003426 -0.118305
v -0.322833 -0.003426 -0.121814
v -0.317025 -0.034600 -0.118305
v -0.321281 0.028167 -0.121814
v -0.320082 0.060140 -0.126090
v -0.324774 0.028511 -0.126090
v -0.316640 0.059456 -0.121814
v -0.312313 0.091158 -0.126090
v -0.312446 0.058621 -0.118305
v -0.308954 0.090139 -0.121814
v -0.301541 0.121264 -0.126090
v -0.304862 0.088897 -0.118305
v -0.298298 0.119921 -0.121814
v -0.287869 0.150169 -0.126090
v -0.294348 0.118285 -0.118305
v -0.284774 0.148515 -0.121814
v -0.271430 0.177596 -0.126090
v -0.281003 0.146499 -0.118305
v -0.268512 0.175646 -0.121814
v -0.252383 0.203279 -0.126090
v -0.264957 0.173271 -0.118305
v -0.249670 0.201053 -0.121814
v -0.230910 0.226971 -0.126090
v -0.246364 0.198340 -0.118305
v -0.228428 0.224490 -0.121814
v -0.207217 0.248445 -0.126090
v -0.225404 0.221466 -0.118305
v -0.204991 0.245732 -0.121814
v -0.181534 0.267493 -0.126090
v -0.202278 0.242427 -0.118305
v -0.179585 0.264575 -0.121814
v -0.154108 0.283932 -0.126090
v -0.177209 0.261019 -0.118305
v -0.152453 0.280837 -0.121814
v -0.125202 0.297603 -0.126090
v -0.150438 0.277065 -0.118305
v -0.123859 0.294361 -0.121814
v -0.095096 0.308375 -0.126090
v -0.094077 0.305017 -0.121814
v -0.122223 0.290410 -0.118305
v -0.092836 0.300925 -0.118305
v -0.148138 0.272763 -0.115697
v -0.120356 0.285903 -0.115697
v -0.091420 0.296256 -0.115697
v -0.118330 0.281012 -0.114091
v -0.145643 0.268094 -0.114091
v -0.168499 0.247984 -0.113548
v -0.143047 0.263239 -0.113548
v -0.171557 0.252561 -0.114091
v -0.174498 0.256963 -0.115697
v -0.192333 0.230308 -0.113548
v -0.195825 0.234563 -0.114091
v -0.199183 0.238655 -0.115697
v -0.214319 0.210381 -0.113548
v -0.218211 0.214273 -0.114091
v -0.221955 0.218016 -0.115697
v -0.234246 0.188394 -0.113548
v -0.238501 0.191887 -0.114091
v -0.242593 0.195245 -0.115697
v -0.251922 0.164561 -0.113548
v -0.256499 0.167619 -0.114091
v -0.260901 0.170560 -0.115697
v -0.267177 0.139109 -0.113548
v -0.272032 0.141704 -0.114091
v -0.276700 0.144200 -0.115697
v -0.279863 0.112285 -0.113548
v -0.284950 0.114392 -0.114091
v -0.289840 0.116418 -0.115697
v -0.289860 0.084347 -0.113548
v -0.295128 0.085945 -0.114091
v -0.300194 0.087481 -0.115697
v -0.297070 0.055563 -0.113548
v -0.302469 0.056637 -0.114091
v -0.307661 0.057670 -0.115697
v -0.301424 0.026211 -0.113548
v -0.295945 0.025671 -0.114091
v -0.291671 0.054489 -0.114091
v -0.284592 0.082749 -0.114091
v -0.286479 0.053456 -0.115697
v -0.279526 0.081212 -0.115697
v -0.269887 0.108153 -0.115697
v -0.274858 0.079796 -0.118305
v -0.265380 0.106286 -0.118305
v -0.261429 0.104649 -0.121814
v -0.249579 0.129703 -0.121814
v -0.253350 0.131719 -0.118305
v -0.235331 0.153475 -0.121814
v -0.257653 0.134019 -0.115697
v -0.238886 0.155851 -0.118305
v -0.218821 0.175736 -0.121814
v -0.242943 0.158561 -0.115697
v -0.222127 0.178449 -0.118305
v -0.200209 0.196271 -0.121814
v -0.225898 0.181544 -0.115697
v -0.203233 0.199295 -0.118305
v -0.179674 0.214884 -0.121814
v -0.206683 0.202745 -0.115697
v -0.182387 0.218189 -0.118305
v -0.157413 0.231393 -0.121814
v -0.185482 0.221960 -0.115697
v -0.159789 0.234949 -0.118305
v -0.133641 0.245642 -0.121814
v -0.162499 0.239005 -0.115697
v -0.135657 0.249413 -0.118305
v -0.108588 0.257491 -0.121814
v -0.110224 0.261442 -0.118305
v -0.137957 0.253716 -0.115697
v -0.140452 0.258384 -0.114091
v -0.165440 0.243407 -0.114091
v -0.112091 0.265949 -0.115697
v -0.114117 0.270840 -0.114091
v -0.085150 0.275589 -0.115697
v -0.083734 0.270920 -0.118305
v -0.056443 0.277757 -0.118305
v -0.082493 0.266828 -0.121814
v -0.055609 0.273563 -0.121814
v -0.027849 0.274137 -0.126090
v -0.054924 0.270121 -0.126090
v -0.028193 0.277629 -0.121814
v -0.000512 0.275480 -0.126090
v -0.028613 0.281885 -0.118305
v -0.000512 0.278989 -0.121814
v -0.000512 0.283265 -0.118305
v 0.027164 0.277629 -0.121822
v 0.027585 0.281885 -0.118313
v 0.056367 0.282542 -0.115713
v 0.028064 0.286740 -0.115705
v 0.055414 0.277757 -0.118321
v 0.084123 0.275589 -0.115723
v 0.082706 0.270920 -0.118329
v 0.054579 0.273563 -0.121830
v 0.081463 0.266828 -0.121838
v 0.053893 0.270121 -0.126105
v 0.026819 0.274137 -0.126098
v 0.026562 0.271542 -0.130977
v -0.000512 0.272872 -0.130969
v -0.027594 0.271542 -0.130969
v -0.000512 0.271266 -0.136263
v -0.000512 0.270724 -0.141767
v -0.027436 0.269944 -0.136263
v 0.026403 0.269944 -0.136271
v 0.053383 0.267563 -0.130984
v 0.026348 0.269404 -0.141775
v 0.053068 0.265988 -0.136278
v 0.079685 0.260975 -0.130992
v 0.052961 0.265456 -0.141783
v 0.079217 0.259438 -0.136286
v 0.105215 0.251840 -0.131001
v 0.104599 0.250356 -0.136293
v 0.079058 0.258919 -0.141790
v 0.082266 0.196446 -0.141791
v 0.062277 0.203598 -0.141786
v 0.104389 0.249856 -0.141798
v 0.101458 0.187369 -0.141797
v 0.128967 0.238831 -0.136301
v 0.128710 0.238353 -0.141807
v 0.119668 0.176454 -0.141803
v 0.152089 0.224972 -0.136309
v 0.151786 0.224521 -0.141813
v 0.136721 0.163807 -0.141809
v 0.173395 0.208495 -0.141820
v 0.173741 0.208914 -0.136314
v 0.174761 0.210155 -0.131021
v 0.194852 0.191946 -0.131027
v 0.193715 0.190810 -0.136321
v 0.213061 0.171855 -0.131033
v 0.193330 0.190427 -0.141826
v 0.211818 0.170836 -0.136327
v 0.229213 0.150077 -0.131037
v 0.211397 0.170493 -0.141830
v 0.227876 0.149184 -0.136331
v 0.243153 0.126819 -0.131042
v 0.227423 0.148883 -0.141835
v 0.241735 0.126063 -0.136335
v 0.254745 0.102308 -0.131045
v 0.241255 0.125807 -0.141840
v 0.253260 0.101694 -0.136338
v 0.263880 0.076779 -0.131048
v 0.252758 0.101486 -0.141843
v 0.262342 0.076312 -0.136341
v 0.270468 0.050477 -0.131049
v 0.261821 0.076155 -0.141847
v 0.268892 0.050163 -0.136343
v 0.274447 0.023655 -0.131052
v 0.268358 0.050058 -0.141848
v 0.272847 0.023498 -0.136344
v 0.274170 -0.003426 -0.136344
v 0.275777 -0.003426 -0.131052
v 0.272306 0.023445 -0.141849
v 0.214774 0.017779 -0.141832
v 0.215816 -0.003426 -0.141832
v 0.273626 -0.003426 -0.141850
v 0.272306 -0.030298 -0.141849
v 0.272847 -0.030351 -0.136344
v 0.214774 -0.024631 -0.141832
v 0.211659 -0.045632 -0.141830
v 0.211672 -0.045632 -0.098460
v 0.215829 -0.003426 -0.098461
v 0.211673 0.038779 -0.098460
v 0.177073 -0.003616 -0.098449
v 0.177073 -0.045859 -0.098449
v 0.177092 -0.003486 -0.035822
v 0.177073 0.038627 -0.098449
v 0.199362 0.079363 -0.098455
v 0.177096 0.010727 -0.021613
v 0.177092 0.001953 -0.034740
v 0.177093 0.006563 -0.031661
v 0.177094 0.009645 -0.027052
v 0.177073 0.079247 -0.098449
v 0.177115 0.048351 0.042814
v 0.177115 0.079247 0.039847
v 0.177114 0.098320 0.037990
v 0.287759 0.079247 0.039814
v 0.281141 0.098320 0.037958
v 0.298457 0.048351 -0.063593
v 0.281121 0.098320 -0.063587
v 0.272192 0.116682 0.036640
v 0.177170 0.116682 0.036669
v 0.258698 0.144372 0.034375
v 0.249267 0.158125 0.033354
v 0.177113 0.144372 0.034400
v 0.258678 0.144372 -0.063581
v 0.358449 0.236261 -0.063611
v 0.249238 0.158008 -0.063578
v 0.304753 0.301690 -0.063594
v 0.249261 0.363754 0.015075
v 0.249238 0.390316 -0.063578
v 0.249266 0.219738 0.029607
v 0.249265 0.271547 0.028724
v 0.249273 0.370383 0.051702
v 0.249277 0.278238 0.066092
v 0.177168 0.245711 0.029199
v 0.177168 0.271549 0.028755
v 0.177140 0.245711 -0.063556
v 0.177163 0.363753 0.015105
v 0.177174 0.370384 0.051735
v 0.177179 0.278240 0.066123
v 0.177181 0.391500 0.072418
v 0.177186 0.267010 0.091169
v 0.249284 0.267008 0.091137
v 0.249279 0.391500 0.072386
v 0.177162 0.418659 0.010429
v 0.249260 0.418659 0.010406
v 0.177140 0.399837 -0.063556
v 0.083683 0.419854 -0.063528
v 0.164665 0.395285 -0.141817
v 0.101384 0.273278 -0.063534
v 0.091270 0.321822 -0.063502
v 0.091270 0.385972 -0.063502
v 0.091270 0.385972 -0.071939
v 0.091270 0.321822 -0.071939
v 0.057031 0.385972 -0.063502
v 0.039442 0.364055 -0.063502
v 0.029009 0.364637 -0.063502
v 0.026183 0.364868 -0.063502
v 0.027025 0.364902 -0.063502
v 0.057031 0.385972 -0.071939
v 0.057031 0.377694 -0.063502
v 0.028015 0.364836 -0.063502
v -0.000506 0.428151 -0.063502
v 0.023685 0.364365 -0.063502
v 0.024514 0.364600 -0.063502
v -0.008624 0.364902 -0.063502
v -0.005538 0.364710 -0.063502
v -0.014922 0.364175 -0.063502
v -0.017791 0.363295 -0.063502
v -0.084695 0.419855 -0.063502
v -0.008054 0.428163 -0.078325
v -0.011860 0.364717 -0.063502
v 0.007023 0.428163 -0.078327
v 0.000177 0.363243 -0.063502
v 0.022857 0.364062 -0.063502
v 0.025346 0.364768 -0.063502
v -0.040605 0.364055 -0.063502
v -0.002596 0.364149 -0.063502
v -0.002596 0.364149 -0.071939
v 0.000177 0.363243 -0.071939
v -0.020444 0.362097 -0.071939
v 0.002758 0.362014 -0.071939
v -0.017791 0.363295 -0.071939
v -0.020444 0.362097 -0.063502
v -0.014922 0.364175 -0.071939
v -0.005538 0.364710 -0.071939
v -0.011860 0.364717 -0.071939
v -0.008624 0.364902 -0.071939
v -0.022863 0.360600 -0.063502
v -0.025026 0.358823 -0.063502
v -0.022863 0.360600 -0.071939
v -0.025026 0.358823 -0.071939
v 0.005123 0.360486 -0.071939
v 0.002758 0.362014 -0.063502
v 0.005123 0.360486 -0.063502
v 0.007249 0.358682 -0.071939
v -0.026913 0.356785 -0.071939
v 0.009113 0.356625 -0.071939
v -0.008530 0.357377 -0.071939
v 0.007249 0.358682 -0.063502
v 0.016961 0.360011 -0.063502
v 0.009113 0.356625 -0.063502
v 0.010690 0.354339 -0.071939
v 0.010690 0.354339 -0.063502
v 0.011958 0.351846 -0.071939
v 0.021382 0.352768 -0.063502
v 0.011958 0.351846 -0.063502
v 0.012893 0.349170 -0.063502
v 0.012893 0.349170 -0.071939
v 0.013471 0.346334 -0.071939
v 0.003329 0.350590 -0.071939
v 0.004089 0.348964 -0.071939
v 0.004089 0.348964 -0.063502
v 0.004647 0.347209 -0.063502
v 0.004647 0.347209 -0.071939
v 0.004992 0.345337 -0.071939
v 0.004992 0.345337 -0.063502
v 0.005109 0.343361 -0.063502
v -0.008794 0.343016 -0.063502
v -0.012503 0.356900 -0.063502
v -0.022921 0.343268 -0.063502
v -0.014310 0.356323 -0.063502
v 0.003371 0.335537 -0.063502
v -0.002986 0.329565 -0.063502
v 0.001323 0.332580 -0.063502
v 0.004995 0.341192 -0.063502
v -0.017704 0.331283 -0.063502
v -0.016191 0.330301 -0.063502
v -0.015982 0.355537 -0.063502
v -0.017504 0.354556 -0.063502
v -0.001399 0.330367 -0.063502
v -0.020194 0.333832 -0.063502
v 0.000041 0.331375 -0.063502
v 0.001253 0.353403 -0.063502
v 0.002379 0.352074 -0.063502
v -0.019041 0.332462 -0.063502
v 0.003329 0.350590 -0.063502
v -0.000039 0.354563 -0.063502
v -0.006602 0.357256 -0.063502
v 0.004660 0.339158 -0.063502
v -0.008530 0.357377 -0.063502
v -0.006562 0.328622 -0.063502
v 0.004116 0.337270 -0.063502
v -0.021916 0.337111 -0.063502
v -0.022798 0.345264 -0.063502
v -0.022437 0.347154 -0.063502
v -0.020051 0.352056 -0.063502
v -0.010572 0.357255 -0.063502
v -0.021850 0.348924 -0.063502
v -0.021050 0.350563 -0.063502
v 0.002436 0.333970 -0.063502
v -0.014509 0.329524 -0.063502
v -0.018865 0.353391 -0.063502
v -0.022469 0.339005 -0.063502
v -0.008530 0.328500 -0.063502
v -0.012666 0.328960 -0.063502
v -0.010670 0.328616 -0.063502
v -0.004776 0.356900 -0.063502
v -0.001482 0.355541 -0.063502
v -0.021155 0.335384 -0.063502
v -0.003066 0.356325 -0.063502
v -0.004711 0.328980 -0.063502
v -0.022807 0.341060 -0.063502
v -0.022469 0.339005 -0.071939
v -0.022807 0.341060 -0.071939
v -0.031290 0.340115 -0.071939
v -0.022921 0.343268 -0.071939
v -0.022798 0.345264 -0.071939
v -0.031481 0.343361 -0.071939
v -0.031481 0.343361 -0.063502
v -0.031285 0.346413 -0.071939
v -0.031290 0.340115 -0.063502
v -0.030729 0.337065 -0.063502
v -0.040605 0.321821 -0.063502
v -0.040605 0.321821 -0.071939
v -0.052426 0.288436 -0.063502
v -0.026999 0.329259 -0.063502
v -0.048976 0.321821 -0.063502
v -0.017910 0.322595 -0.063502
v -0.020570 0.323811 -0.063502
v -0.028565 0.331621 -0.063502
v -0.029814 0.334229 -0.063502
v -0.022983 0.325338 -0.063502
v -0.048976 0.321821 -0.071939
v -0.025132 0.327159 -0.063502
v -0.026999 0.329259 -0.071939
v -0.025132 0.327159 -0.071939
v 0.007390 0.327301 -0.071939
v -0.012666 0.328960 -0.071939
v -0.010670 0.328616 -0.071939
v -0.008530 0.328500 -0.071939
v 0.005283 0.325452 -0.071939
v -0.022983 0.325338 -0.071939
v 0.002925 0.323894 -0.071939
v -0.020570 0.323811 -0.071939
v 0.000335 0.322647 -0.071939
v -0.017910 0.322595 -0.071939
v -0.015020 0.321706 -0.063502
v -0.002465 0.321732 -0.071939
v -0.015020 0.321706 -0.071939
v -0.011919 0.321160 -0.063502
v -0.005458 0.321167 -0.071939
v -0.011919 0.321160 -0.071939
v -0.008624 0.320975 -0.063502
v -0.008624 0.320975 -0.071939
v -0.005458 0.321167 -0.063502
v -0.000506 0.293555 -0.063502
v -0.002465 0.321732 -0.063502
v 0.000335 0.322647 -0.063502
v 0.002925 0.323894 -0.063502
v 0.005283 0.325452 -0.063502
v 0.007390 0.327301 -0.063502
v 0.039442 0.321822 -0.063502
v 0.009227 0.329419 -0.063502
v 0.039442 0.343926 -0.063502
v 0.039442 0.321822 -0.071939
v 0.039442 0.343926 -0.071939
v 0.051414 0.288436 -0.063518
v 0.047813 0.321822 -0.063502
v 0.047813 0.364055 -0.063502
v 0.057031 0.351639 -0.063502
v 0.082052 0.321822 -0.063502
v 0.047813 0.321822 -0.071939
v 0.039350 0.345703 -0.071939
v 0.038646 0.349010 -0.071939
v 0.039081 0.347402 -0.071939
v 0.039442 0.364055 -0.071939
v 0.047813 0.364055 -0.071939
v 0.039442 0.354367 -0.071939
v 0.039254 0.354367 -0.063502
v 0.038199 0.356135 -0.071939
v 0.034397 0.355151 -0.071939
v 0.035486 0.354224 -0.071939
v 0.033211 0.355897 -0.071939
v 0.038199 0.356135 -0.063502
v 0.038059 0.350510 -0.071939
v 0.037328 0.351889 -0.071939
v 0.036467 0.353132 -0.071939
v 0.037328 0.351889 -0.063502
v 0.036467 0.353132 -0.063502
v 0.035486 0.354224 -0.063502
v 0.024799 0.355365 -0.063502
v 0.024096 0.354928 -0.063502
v 0.023395 0.354446 -0.063502
v 0.023395 0.354446 -0.071939
v 0.024096 0.354928 -0.071939
v 0.024799 0.355365 -0.071939
v 0.016961 0.360011 -0.071939
v 0.021382 0.352768 -0.071939
v 0.022705 0.353924 -0.071939
v 0.022031 0.353363 -0.071939
v 0.025497 0.355754 -0.071939
v 0.026851 0.356377 -0.071939
v 0.026184 0.356093 -0.071939
v 0.017825 0.360798 -0.071939
v 0.036113 0.359148 -0.071939
v 0.027493 0.356604 -0.071939
v 0.035080 0.360401 -0.071939
v 0.035080 0.360401 -0.063502
v 0.034054 0.361490 -0.063502
v 0.034054 0.361490 -0.071939
v 0.033034 0.362421 -0.063502
v 0.019526 0.362164 -0.071939
v 0.033034 0.362421 -0.071939
v 0.018680 0.361516 -0.071939
v 0.017825 0.360798 -0.063502
v 0.018680 0.361516 -0.063502
v 0.019526 0.362164 -0.063502
v 0.020365 0.362742 -0.063502
v 0.020365 0.362742 -0.071939
v 0.032019 0.363197 -0.071939
v 0.021198 0.363251 -0.071939
v 0.021198 0.363251 -0.063502
v 0.022028 0.363691 -0.071939
v 0.022028 0.363691 -0.063502
v 0.022857 0.364062 -0.071939
v 0.031011 0.363822 -0.071939
v 0.030008 0.364301 -0.071939
v 0.031011 0.363822 -0.063502
v 0.030008 0.364301 -0.063502
v 0.032019 0.363197 -0.063502
v 0.024514 0.364600 -0.071939
v 0.023685 0.364365 -0.071939
v 0.025346 0.364768 -0.071939
v 0.029009 0.364637 -0.071939
v 0.028015 0.364836 -0.071939
v 0.026183 0.364868 -0.071939
v 0.027025 0.364902 -0.071939
v 0.036113 0.359148 -0.063502
v 0.037153 0.357727 -0.071939
v 0.037153 0.357727 -0.063502
v 0.029189 0.356906 -0.071939
v 0.030596 0.356789 -0.071939
v 0.030596 0.356789 -0.063502
v 0.031941 0.356448 -0.071939
v 0.031941 0.356448 -0.063502
v 0.033211 0.355897 -0.063502
v 0.028101 0.356770 -0.063502
v 0.027493 0.356604 -0.063502
v 0.026184 0.356093 -0.063502
v 0.026851 0.356377 -0.063502
v 0.034397 0.355151 -0.063502
v 0.025497 0.355754 -0.063502
v 0.028669 0.356872 -0.063502
v 0.028101 0.356770 -0.071939
v 0.028669 0.356872 -0.071939
v 0.029189 0.356906 -0.063502
v 0.022705 0.353924 -0.063502
v 0.022031 0.353363 -0.063502
v 0.038646 0.349010 -0.063502
v 0.039081 0.347402 -0.063502
v 0.039350 0.345703 -0.063502
v 0.038059 0.350510 -0.063502
v 0.082052 0.351639 -0.063502
v 0.082052 0.351639 -0.071939
v 0.082052 0.321822 -0.071939
v 0.082052 0.359916 -0.071939
v 0.057031 0.359916 -0.071939
v 0.057031 0.351639 -0.071939
v 0.057031 0.359916 -0.063502
v 0.082052 0.359916 -0.063502
v 0.082052 0.377694 -0.071939
v 0.082052 0.377694 -0.063502
v 0.057031 0.377694 -0.071939
v 0.051439 0.288436 0.063117
v 0.101413 0.273278 0.063103
v 0.101436 0.273278 0.141866
v 0.051463 0.288436 0.141881
v 0.119775 0.176423 0.063097
v 0.082339 0.196433 0.063107
v 0.177178 0.245711 0.063080
v 0.177178 0.116683 0.063080
v 0.152584 0.149495 0.063087
v 0.177168 0.219112 0.029616
v 0.177169 0.158125 0.033376
v 0.177129 0.116683 -0.098449
v 0.152465 0.149549 -0.098442
v 0.119682 0.176454 -0.098432
v 0.082279 0.196446 -0.098421
v 0.041695 0.208757 -0.098409
v 0.020682 0.211872 -0.141773
v 0.041715 0.208755 0.063120
v -0.000511 0.212914 -0.098396
v 0.041682 0.208757 -0.141779
v -0.000512 0.212914 -0.141767
v -0.042717 0.208757 -0.098396
v -0.042689 0.208755 0.063132
v -0.021717 0.211872 -0.141767
v -0.000487 0.212915 0.063132
v 0.007311 0.192545 0.063143
v 0.004872 0.193848 0.063144
v 0.002225 0.194651 0.063145
v -0.000487 0.194922 0.063146
v -0.008284 0.192545 0.063146
v -0.005845 0.193848 0.063146
v -0.003198 0.194651 0.063146
v -0.005845 0.193848 0.125844
v -0.003198 0.194651 0.125844
v -0.005673 0.207092 0.141896
v -0.010699 0.205567 0.141896
v -0.000477 0.194922 0.125844
v 0.002244 0.194651 0.125843
v -0.000475 0.207606 0.141896
v 0.004723 0.207092 0.141895
v -0.000475 0.293554 0.141896
v 0.009749 0.205567 0.141893
v 0.014381 0.203091 0.141891
v 0.004890 0.193848 0.125841
v 0.007330 0.192545 0.125840
v 0.009468 0.190790 0.125840
v 0.018442 0.199759 0.141891
v 0.021774 0.195699 0.141890
v 0.024250 0.191066 0.141889
v 0.011223 0.188652 0.125839
v 0.011204 0.188652 0.063142
v 0.009449 0.190790 0.063143
v 0.012527 0.186213 0.125839
v 0.013329 0.183566 0.125839
v 0.012507 0.186213 0.063142
v 0.025774 0.186040 0.141889
v 0.026289 0.180813 0.141889
v 0.041739 0.145774 0.141884
v 0.024250 0.170560 0.141889
v 0.021774 0.165928 0.141890
v 0.018442 0.161867 0.141891
v 0.025774 0.175586 0.141889
v 0.014381 0.158535 0.141891
v 0.004723 0.154535 0.141895
v 0.041715 0.145773 0.063120
v 0.009749 0.156060 0.141893
v 0.067496 0.138921 0.141876
v -0.000487 0.145774 0.063132
v -0.000475 0.145774 0.141896
v -0.000475 0.154020 0.141896
v -0.042689 0.145774 0.141896
v -0.005673 0.154535 0.141896
v -0.005845 0.167778 0.125844
v -0.003198 0.166975 0.125844
v -0.010699 0.156060 0.141896
v -0.015331 0.158535 0.141896
v -0.008284 0.169082 0.125843
v -0.010422 0.170836 0.125844
v -0.010422 0.170836 0.063146
v -0.008284 0.169082 0.063146
v -0.005845 0.167778 0.063146
v -0.042689 0.145774 0.063132
v -0.013481 0.175414 0.063146
v -0.014284 0.178061 0.063146
v -0.014555 0.180813 0.063146
v -0.012177 0.172974 0.063146
v -0.068446 0.138921 0.063132
v -0.068446 0.138921 0.141896
v -0.083313 0.196433 0.063132
v -0.102386 0.273278 0.141896
v -0.102386 0.273278 0.063132
v -0.052413 0.288436 0.141896
v -0.000487 0.293554 0.063132
v -0.052413 0.288436 0.063132
v -0.015331 0.203091 0.141896
v -0.019391 0.199759 0.141896
v -0.022723 0.195699 0.141896
v -0.025199 0.191066 0.141896
v -0.026724 0.186040 0.141896
v -0.027239 0.180813 0.141896
v -0.013481 0.186213 0.125844
v -0.014284 0.183566 0.125844
v -0.013481 0.186213 0.063146
v -0.014555 0.180813 0.125844
v -0.014284 0.183566 0.063146
v -0.026724 0.175586 0.141896
v -0.014284 0.178061 0.125844
v -0.013481 0.175414 0.125844
v -0.025199 0.170560 0.141896
v -0.022723 0.165928 0.141896
v -0.012177 0.172974 0.125844
v -0.019391 0.161867 0.141896
v -0.012177 0.188652 0.063146
v -0.012177 0.188652 0.125844
v -0.010422 0.190790 0.063146
v -0.010422 0.190790 0.125844
v -0.008284 0.192545 0.125844
v -0.120749 0.176423 0.063132
v -0.178152 0.245711 0.029252
v -0.178152 0.245711 -0.063502
v -0.178152 0.245711 0.063132
v -0.102395 0.273278 -0.063502
v -0.109803 0.322354 -0.063502
v -0.076160 0.321821 -0.063502
v -0.111551 0.323032 -0.063502
v -0.112366 0.323405 -0.063502
v -0.104465 0.321073 -0.063502
v -0.105296 0.321191 -0.063502
v -0.103685 0.321000 -0.063502
v -0.113127 0.323797 -0.063502
v -0.107064 0.321550 -0.063502
v -0.110693 0.322681 -0.063502
v -0.106166 0.321351 -0.063502
v -0.107977 0.321786 -0.063502
v -0.108894 0.322055 -0.063502
v -0.178151 0.399838 -0.063502
v -0.098783 0.321428 -0.063502
v -0.100781 0.321090 -0.063502
v -0.102968 0.320975 -0.063502
v -0.096973 0.321976 -0.063502
v -0.098783 0.321428 -0.071939
v -0.096973 0.321976 -0.071939
v -0.095352 0.322720 -0.063502
v -0.093921 0.323649 -0.063502
v -0.095352 0.322720 -0.071939
v -0.112366 0.323405 -0.071939
v -0.110693 0.322681 -0.071939
v -0.111551 0.323032 -0.071939
v -0.093921 0.323649 -0.071939
v -0.092680 0.324749 -0.063502
v -0.092680 0.324749 -0.071939
v -0.113127 0.323797 -0.071939
v -0.113127 0.331604 -0.071939
v -0.111456 0.330655 -0.071939
v -0.112286 0.331108 -0.071939
v -0.110637 0.330246 -0.071939
v -0.091629 0.326008 -0.071939
v -0.109027 0.329556 -0.071939
v -0.109828 0.329879 -0.071939
v -0.108235 0.329276 -0.071939
v -0.107451 0.329039 -0.071939
v -0.106675 0.328845 -0.071939
v -0.105905 0.328694 -0.071939
v -0.090768 0.327413 -0.071939
v -0.105140 0.328586 -0.071939
v -0.103626 0.328500 -0.071939
v -0.104381 0.328521 -0.071939
v -0.105140 0.328586 -0.063502
v -0.104381 0.328521 -0.063502
v -0.103626 0.328500 -0.063502
v -0.097606 0.334896 -0.063502
v -0.097606 0.334896 -0.071939
v -0.107451 0.329039 -0.063502
v -0.109027 0.329556 -0.063502
v -0.108235 0.329276 -0.063502
v -0.111456 0.330655 -0.063502
v -0.105905 0.328694 -0.063502
v -0.112286 0.331108 -0.063502
v -0.110637 0.330246 -0.063502
v -0.109828 0.329879 -0.063502
v -0.106675 0.328845 -0.063502
v -0.097678 0.333723 -0.063502
v -0.097606 0.356530 -0.063502
v -0.097606 0.356530 -0.071939
v -0.110963 0.364055 -0.071939
v -0.089235 0.334238 -0.071939
v -0.110963 0.356530 -0.071939
v -0.089235 0.356530 -0.071939
v -0.081898 0.357471 -0.071939
v -0.081898 0.356530 -0.063502
v -0.081898 0.356530 -0.071939
v -0.089235 0.356530 -0.063502
v -0.076160 0.347877 -0.063502
v -0.089235 0.334238 -0.063502
v -0.089331 0.332376 -0.071939
v -0.089331 0.332376 -0.063502
v -0.089619 0.330610 -0.071939
v -0.089619 0.330610 -0.063502
v -0.090098 0.328951 -0.063502
v -0.090098 0.328951 -0.071939
v -0.101654 0.328798 -0.071939
v -0.100322 0.329391 -0.071939
v -0.099128 0.330369 -0.071939
v -0.100979 0.329050 -0.071939
v -0.099699 0.329828 -0.071939
v -0.100322 0.329391 -0.063502
v -0.099699 0.329828 -0.063502
v -0.099128 0.330369 -0.063502
v -0.098624 0.331022 -0.063502
v -0.098624 0.331022 -0.071939
v -0.098203 0.331793 -0.071939
v -0.098203 0.331793 -0.063502
v -0.097883 0.332691 -0.071939
v -0.097883 0.332691 -0.063502
v -0.097678 0.333723 -0.071939
v -0.101654 0.328798 -0.063502
v -0.102331 0.328627 -0.063502
v -0.100979 0.329050 -0.063502
v -0.102994 0.328530 -0.063502
v -0.102331 0.328627 -0.071939
v -0.102994 0.328530 -0.071939
v -0.090768 0.327413 -0.063502
v -0.091629 0.326008 -0.063502
v -0.076160 0.347877 -0.071939
v -0.076030 0.350642 -0.071939
v -0.076030 0.350642 -0.063502
v -0.075650 0.353155 -0.063502
v -0.075650 0.353155 -0.071939
v -0.081898 0.357471 -0.063502
v -0.073176 0.359202 -0.063502
v -0.097606 0.372803 -0.063502
v -0.071963 0.360728 -0.063502
v -0.070583 0.362013 -0.063502
v -0.074206 0.357432 -0.063502
v -0.075036 0.355418 -0.063502
v -0.075036 0.355418 -0.071939
v -0.074206 0.357432 -0.071939
v -0.060741 0.358140 -0.071939
v -0.061888 0.357895 -0.071939
v -0.063915 0.356945 -0.071939
v -0.062948 0.357494 -0.071939
v -0.073176 0.359202 -0.071939
v -0.049995 0.359481 -0.071939
v -0.059511 0.358223 -0.071939
v -0.071963 0.360728 -0.071939
v -0.050882 0.360384 -0.071939
v -0.048977 0.358506 -0.071939
v -0.048977 0.358506 -0.063502
v -0.053505 0.356290 -0.071939
v -0.052648 0.355659 -0.071939
v -0.051773 0.354930 -0.071939
v -0.050874 0.354097 -0.071939
v -0.049944 0.353158 -0.071939
v -0.048977 0.352109 -0.071939
v -0.056028 0.357621 -0.071939
v -0.054350 0.356824 -0.071939
v -0.055189 0.357267 -0.071939
v -0.048977 0.364055 -0.071939
v -0.056873 0.357890 -0.071939
v -0.057732 0.358078 -0.071939
v -0.058609 0.358188 -0.071939
v -0.049995 0.359481 -0.063502
v -0.050882 0.360384 -0.063502
v -0.048977 0.364055 -0.063502
v -0.040605 0.364055 -0.071939
v -0.053837 0.362632 -0.063502
v -0.054902 0.363220 -0.063502
v -0.055999 0.363725 -0.063502
v -0.052809 0.361961 -0.063502
v -0.057122 0.364142 -0.063502
v -0.058265 0.364471 -0.063502
v -0.051822 0.361211 -0.063502
v -0.059424 0.364709 -0.063502
v -0.059424 0.364709 -0.071939
v -0.058265 0.364471 -0.071939
v -0.060594 0.364853 -0.063502
v -0.060594 0.364853 -0.071939
v -0.061769 0.364902 -0.063502
v -0.061769 0.364902 -0.071939
v -0.063732 0.364788 -0.063502
v -0.065611 0.364444 -0.063502
v -0.063732 0.364788 -0.071939
v -0.065611 0.364444 -0.071939
v -0.067390 0.363868 -0.063502
v -0.067390 0.363868 -0.071939
v -0.057122 0.364142 -0.071939
v -0.055999 0.363725 -0.071939
v -0.054902 0.363220 -0.071939
v -0.069053 0.363059 -0.071939
v -0.069053 0.363059 -0.063502
v -0.053837 0.362632 -0.071939
v -0.070583 0.362013 -0.071939
v -0.052809 0.361961 -0.071939
v -0.051822 0.361211 -0.071939
v -0.058609 0.358188 -0.063502
v -0.057732 0.358078 -0.063502
v -0.056873 0.357890 -0.063502
v -0.067210 0.352192 -0.063502
v -0.067210 0.352192 -0.071939
v -0.067528 0.350886 -0.071939
v -0.067528 0.350886 -0.063502
v -0.056028 0.357621 -0.063502
v -0.066772 0.353388 -0.063502
v -0.066772 0.353388 -0.071939
v -0.059511 0.358223 -0.063502
v -0.066218 0.354468 -0.063502
v -0.065555 0.355425 -0.063502
v -0.066218 0.354468 -0.071939
v -0.060741 0.358140 -0.063502
v -0.061888 0.357895 -0.063502
v -0.062948 0.357494 -0.063502
v -0.063915 0.356945 -0.063502
v -0.064785 0.356253 -0.063502
v -0.064785 0.356253 -0.071939
v -0.065555 0.355425 -0.071939
v -0.055189 0.357267 -0.063502
v -0.054350 0.356824 -0.063502
v -0.053505 0.356290 -0.063502
v -0.052648 0.355659 -0.063502
v -0.067723 0.349477 -0.063502
v -0.067789 0.347971 -0.071939
v -0.067723 0.349477 -0.071939
v -0.067789 0.347971 -0.063502
v -0.049944 0.353158 -0.063502
v -0.048977 0.352109 -0.063502
v -0.067789 0.321821 -0.071939
v -0.067789 0.321821 -0.063502
v -0.051773 0.354930 -0.063502
v -0.050874 0.354097 -0.063502
v -0.076160 0.321821 -0.071939
v -0.097606 0.364055 -0.063502
v -0.097606 0.372803 -0.071939
v -0.110963 0.364055 -0.063502
v -0.110963 0.356530 -0.063502
v -0.097606 0.364055 -0.071939
v -0.113127 0.331604 -0.063502
v -0.109803 0.322354 -0.071939
v -0.108894 0.322055 -0.071939
v -0.107977 0.321786 -0.071939
v -0.107064 0.321550 -0.071939
v -0.106166 0.321351 -0.071939
v -0.105296 0.321191 -0.071939
v -0.100781 0.321090 -0.071939
v -0.104465 0.321073 -0.071939
v -0.102968 0.320975 -0.071939
v -0.103685 0.321000 -0.071939
v -0.178152 0.418659 0.010482
v -0.178152 0.363754 0.015159
v -0.250249 0.390316 -0.063502
v -0.165700 0.395285 -0.141767
v -0.156350 0.288126 -0.141767
v -0.127022 0.301997 -0.141767
v -0.096476 0.312926 -0.141767
v -0.084703 0.419855 -0.141767
v -0.240347 0.355385 -0.141767
v -0.300366 0.307078 -0.128612
v -0.305776 0.301689 -0.141767
v -0.210234 0.252121 -0.141767
v -0.184176 0.271447 -0.141767
v -0.209890 0.251702 -0.136263
v -0.183875 0.270996 -0.136263
v -0.156094 0.287648 -0.136263
v -0.208871 0.250461 -0.130969
v -0.182983 0.269661 -0.130969
v -0.155337 0.286231 -0.130969
v -0.126200 0.300012 -0.130969
v -0.126815 0.301496 -0.136263
v -0.096319 0.312407 -0.136263
v -0.065006 0.320809 -0.141767
v -0.064901 0.320277 -0.136263
v -0.095853 0.310871 -0.130969
v -0.064587 0.318702 -0.130969
v -0.032705 0.323432 -0.130969
v -0.064079 0.316145 -0.126090
v -0.032862 0.325030 -0.136263
v -0.000512 0.326619 -0.136263
v -0.000512 0.327161 -0.141767
v -0.032915 0.325569 -0.141767
v -0.000518 0.428151 -0.141767
v -0.008054 0.428163 -0.128612
v 0.007023 0.428163 -0.128612
v 0.083668 0.419855 -0.141792
v 0.031880 0.325569 -0.141777
v 0.031829 0.325030 -0.136271
v 0.063971 0.320809 -0.141786
v 0.063867 0.320277 -0.136282
v 0.063555 0.318702 -0.130988
v 0.094821 0.310871 -0.130997
v 0.095286 0.312407 -0.136291
v 0.125168 0.300012 -0.131006
v 0.095441 0.312926 -0.141796
v 0.125781 0.301496 -0.136301
v 0.154305 0.286231 -0.131015
v 0.125987 0.301997 -0.141805
v 0.155060 0.287648 -0.136309
v 0.181951 0.269661 -0.131023
v 0.155314 0.288126 -0.141814
v 0.182841 0.270996 -0.136317
v 0.207839 0.250461 -0.131032
v 0.183141 0.271447 -0.141822
v 0.208856 0.251702 -0.136325
v 0.231721 0.228815 -0.131039
v 0.209199 0.252121 -0.141829
v 0.232855 0.229951 -0.136332
v 0.253366 0.204933 -0.131045
v 0.233237 0.230334 -0.141837
v 0.254606 0.205952 -0.136338
v 0.272567 0.179045 -0.131051
v 0.255024 0.206296 -0.141845
v 0.273900 0.179937 -0.136344
v 0.274349 0.180238 -0.141850
v 0.290552 0.152156 -0.136350
v 0.289137 0.151399 -0.131055
v 0.302917 0.122262 -0.131060
v 0.300510 0.121264 -0.126181
v 0.286839 0.150169 -0.126176
v 0.283745 0.148515 -0.121900
v 0.297269 0.119921 -0.121903
v 0.270400 0.177596 -0.126172
v 0.267483 0.175646 -0.121894
v 0.251352 0.203279 -0.126166
v 0.248641 0.201053 -0.121888
v 0.229879 0.226971 -0.126160
v 0.227399 0.224490 -0.121881
v 0.206186 0.248445 -0.126152
v 0.203961 0.245732 -0.121875
v 0.180504 0.267493 -0.126143
v 0.178555 0.264575 -0.121867
v 0.153077 0.283932 -0.126136
v 0.151424 0.280837 -0.121860
v 0.124172 0.297603 -0.126127
v 0.122830 0.294361 -0.121850
v 0.094065 0.308375 -0.126118
v 0.093048 0.305017 -0.121841
v 0.063048 0.316145 -0.126109
v 0.062365 0.312703 -0.121833
v 0.031673 0.323432 -0.130978
v 0.031419 0.320837 -0.126099
v 0.031076 0.317344 -0.121823
v -0.000512 0.322406 -0.126090
v -0.000512 0.325013 -0.130969
v -0.032449 0.320837 -0.126090
v -0.063394 0.312703 -0.121814
v -0.032105 0.317344 -0.121814
v -0.000512 0.318896 -0.121814
v -0.062560 0.308509 -0.118305
v -0.031686 0.313089 -0.118305
v -0.031208 0.308233 -0.115697
v -0.061608 0.303724 -0.115697
v -0.000512 0.314620 -0.118305
v 0.030658 0.313089 -0.118314
v -0.000512 0.309742 -0.115697
v 0.030180 0.308233 -0.115705
v 0.060580 0.303724 -0.115714
v 0.059548 0.298532 -0.114109
v 0.029662 0.302966 -0.114100
v 0.058475 0.293133 -0.113566
v -0.000512 0.304448 -0.114091
v 0.029123 0.297487 -0.113557
v -0.000512 0.298943 -0.113548
v 0.028583 0.292008 -0.114100
v -0.000512 0.293438 -0.114091
v -0.030149 0.297487 -0.113548
v -0.029610 0.292008 -0.114091
v -0.000512 0.288144 -0.115697
v -0.029091 0.286740 -0.115697
v -0.058427 0.287733 -0.114091
v -0.057394 0.282542 -0.115697
v -0.086687 0.280655 -0.114091
v -0.116223 0.275926 -0.113548
v -0.088285 0.285923 -0.113548
v -0.060575 0.298532 -0.114091
v -0.089883 0.291191 -0.114091
v -0.059501 0.293133 -0.113548
v -0.030689 0.302965 -0.114091
v 0.057400 0.287733 -0.114108
v 0.085660 0.280655 -0.114117
v 0.087258 0.285923 -0.113575
v 0.088856 0.291191 -0.114118
v 0.115196 0.275926 -0.113583
v 0.117303 0.281012 -0.114127
v 0.142021 0.263239 -0.113592
v 0.113090 0.270840 -0.114124
v 0.139425 0.258384 -0.114132
v 0.111063 0.265949 -0.115730
v 0.109196 0.261442 -0.118338
v 0.136929 0.253716 -0.115738
v 0.134629 0.249413 -0.118345
v 0.164413 0.243407 -0.114141
v 0.161472 0.239005 -0.115746
v 0.158761 0.234949 -0.118352
v 0.187813 0.226052 -0.114148
v 0.184454 0.221960 -0.115752
v 0.181358 0.218189 -0.118359
v 0.209399 0.206488 -0.114154
v 0.205655 0.202745 -0.115758
v 0.202205 0.199295 -0.118365
v 0.228963 0.184902 -0.114160
v 0.224871 0.181544 -0.115765
v 0.241915 0.158561 -0.115769
v 0.221099 0.178449 -0.118371
v 0.246318 0.161502 -0.114165
v 0.266150 0.139109 -0.113629
v 0.250895 0.164561 -0.113625
v 0.261295 0.136514 -0.114169
v 0.278837 0.112285 -0.113632
v 0.256626 0.134019 -0.115774
v 0.273751 0.110178 -0.114174
v 0.288833 0.084346 -0.113636
v 0.268859 0.108152 -0.115777
v 0.283565 0.082748 -0.114176
v 0.296043 0.055563 -0.113638
v 0.278499 0.081212 -0.115781
v 0.290644 0.054489 -0.114179
v 0.300397 0.026211 -0.113639
v 0.285451 0.053456 -0.115783
v 0.294918 0.025671 -0.114180
v 0.296348 -0.003426 -0.114181
v 0.289649 0.025152 -0.115784
v 0.301853 -0.003426 -0.113640
v 0.307358 -0.003426 -0.114184
v 0.300397 -0.033064 -0.113639
v 0.305875 0.026750 -0.114182
v 0.306634 0.057669 -0.115789
v 0.311143 0.027269 -0.115790
v 0.301442 0.056637 -0.114182
v 0.299166 0.087481 -0.115788
v 0.294101 0.085944 -0.114180
v 0.288813 0.116418 -0.115784
v 0.283923 0.114392 -0.114176
v 0.275673 0.144200 -0.115780
v 0.271005 0.141704 -0.114173
v 0.259873 0.170560 -0.115775
v 0.255472 0.167619 -0.114168
v 0.241566 0.195245 -0.115769
v 0.237474 0.191887 -0.114162
v 0.233219 0.188394 -0.113619
v 0.220927 0.218016 -0.115764
v 0.217184 0.214273 -0.114156
v 0.213292 0.210380 -0.113613
v 0.198155 0.238655 -0.115756
v 0.194798 0.234563 -0.114149
v 0.191306 0.230308 -0.113606
v 0.173471 0.256963 -0.115749
v 0.170530 0.252561 -0.114142
v 0.167472 0.247984 -0.113600
v 0.147110 0.272763 -0.115742
v 0.144616 0.268094 -0.114135
v 0.119328 0.285903 -0.115732
v 0.090392 0.296256 -0.115724
v 0.121195 0.290410 -0.118340
v 0.091808 0.300925 -0.118332
v 0.061531 0.308509 -0.118322
v 0.149409 0.277065 -0.118350
v 0.176180 0.261019 -0.118358
v 0.201250 0.242427 -0.118365
v 0.224376 0.221466 -0.118372
v 0.245336 0.198340 -0.118379
v 0.263929 0.173271 -0.118384
v 0.279975 0.146499 -0.118389
v 0.293319 0.118285 -0.118393
v 0.303834 0.088897 -0.118396
v 0.311418 0.058621 -0.118398
v 0.307925 0.090139 -0.121906
v 0.315611 0.059455 -0.121908
v 0.311282 0.091157 -0.126184
v 0.313776 0.091914 -0.131063
v 0.319051 0.060140 -0.126186
v 0.321608 0.060649 -0.131065
v 0.323743 0.028510 -0.126187
v 0.320252 0.028167 -0.121910
v 0.321804 -0.003426 -0.121911
v 0.317529 -0.003426 -0.118400
v 0.315997 0.027747 -0.118400
v 0.312651 -0.003426 -0.115790
v 0.311143 -0.034122 -0.115790
v 0.305875 -0.033603 -0.114182
v 0.296043 -0.062416 -0.113638
v 0.301442 -0.063490 -0.114182
v 0.288833 -0.091199 -0.113636
v 0.294101 -0.092797 -0.114180
v 0.306633 -0.064522 -0.115789
v 0.299166 -0.094334 -0.115788
v 0.311417 -0.065474 -0.118398
v 0.315997 -0.034600 -0.118400
v 0.320252 -0.035020 -0.121910
v 0.323743 -0.035364 -0.126187
v 0.325312 -0.003426 -0.126187
v 0.315610 -0.066308 -0.121908
v 0.319051 -0.066993 -0.126186
v 0.303833 -0.095750 -0.118396
v 0.307925 -0.096992 -0.121906
v 0.311282 -0.098010 -0.126184
v 0.293319 -0.125137 -0.118393
v 0.297268 -0.126774 -0.121903
v 0.279974 -0.153352 -0.118389
v 0.259872 -0.177413 -0.115775
v 0.275672 -0.151052 -0.115780
v 0.288812 -0.123270 -0.115784
v 0.255471 -0.174472 -0.114168
v 0.271004 -0.148557 -0.114173
v 0.266149 -0.145962 -0.113629
v 0.283922 -0.121245 -0.114176
v 0.250894 -0.171413 -0.113625
v 0.233218 -0.195247 -0.113619
v 0.261294 -0.143367 -0.114169
v 0.246317 -0.168355 -0.114165
v 0.228962 -0.191754 -0.114161
v 0.256625 -0.140871 -0.115774
v 0.241915 -0.165414 -0.115769
v 0.252321 -0.138572 -0.118380
v 0.237857 -0.162703 -0.118377
v 0.224870 -0.188396 -0.115765
v 0.221098 -0.185301 -0.118371
v 0.205654 -0.209597 -0.115758
v 0.209398 -0.213340 -0.114154
v 0.187812 -0.232905 -0.114148
v 0.213291 -0.217233 -0.113613
v 0.191304 -0.237160 -0.113606
v 0.167471 -0.254836 -0.113599
v 0.194797 -0.241416 -0.114149
v 0.217183 -0.221126 -0.114156
v 0.237473 -0.198739 -0.114162
v 0.241565 -0.202097 -0.115769
v 0.220926 -0.224869 -0.115763
v 0.198154 -0.245508 -0.115756
v 0.170529 -0.259414 -0.114142
v 0.173470 -0.263815 -0.115749
v 0.176179 -0.267872 -0.118358
v 0.144614 -0.274946 -0.114135
v 0.147109 -0.279615 -0.115742
v 0.149408 -0.283917 -0.118350
v 0.117302 -0.287864 -0.114127
v 0.119327 -0.292755 -0.115732
v 0.121193 -0.297262 -0.118340
v 0.088854 -0.298043 -0.114118
v 0.090391 -0.303108 -0.115724
v 0.091806 -0.307777 -0.118332
v 0.059546 -0.305384 -0.114109
v 0.060579 -0.310576 -0.115714
v 0.030179 -0.315085 -0.115705
v 0.061530 -0.315361 -0.118322
v 0.093046 -0.311869 -0.121841
v 0.122828 -0.301213 -0.121850
v 0.151423 -0.287689 -0.121860
v 0.178554 -0.271427 -0.121867
v -0.000510 -0.316593 -0.115697
v -0.031684 -0.319940 -0.118305
v -0.062558 -0.315361 -0.118305
v -0.063392 -0.319555 -0.121814
v -0.095094 -0.315227 -0.126090
v -0.064077 -0.322996 -0.126090
v -0.094076 -0.311869 -0.121814
v -0.125201 -0.304455 -0.126090
v -0.123858 -0.301213 -0.121814
v -0.092834 -0.307777 -0.118305
v -0.122221 -0.297262 -0.118305
v -0.150436 -0.283917 -0.118305
v -0.152452 -0.287689 -0.121814
v -0.181533 -0.274345 -0.126090
v -0.154107 -0.290784 -0.126090
v -0.179583 -0.271427 -0.121814
v -0.207216 -0.255297 -0.126090
v -0.204989 -0.252584 -0.121814
v -0.177207 -0.267872 -0.118305
v -0.202277 -0.249279 -0.118305
v -0.225403 -0.228319 -0.118305
v -0.228427 -0.231342 -0.121814
v -0.230908 -0.233824 -0.126090
v -0.252382 -0.210131 -0.126090
v -0.249669 -0.207905 -0.121814
v -0.271430 -0.184448 -0.126090
v -0.268512 -0.182499 -0.121814
v -0.246364 -0.205192 -0.118305
v -0.264956 -0.180123 -0.118305
v -0.281003 -0.153352 -0.118305
v -0.260900 -0.177413 -0.115697
v -0.284774 -0.155368 -0.121814
v -0.287868 -0.157022 -0.126090
v -0.301540 -0.128117 -0.126090
v -0.298298 -0.126774 -0.121814
v -0.312312 -0.098010 -0.126090
v -0.308954 -0.096992 -0.121814
v -0.294347 -0.125137 -0.118305
v -0.304862 -0.095750 -0.118305
v -0.316640 -0.066308 -0.121814
v -0.312446 -0.065474 -0.118305
v -0.321281 -0.035020 -0.121814
v -0.307661 -0.064522 -0.115697
v -0.302469 -0.063489 -0.114091
v -0.324773 -0.035363 -0.126090
v -0.326343 -0.003426 -0.126090
v -0.327369 0.028766 -0.130969
v -0.328950 -0.003426 -0.130969
v -0.328967 0.028924 -0.136263
v -0.327369 -0.035619 -0.130969
v -0.330556 -0.003426 -0.136263
v -0.329506 0.028977 -0.141767
v -0.328967 -0.035776 -0.136263
v -0.331098 -0.003426 -0.141767
v -0.329506 -0.035830 -0.141767
v -0.432237 -0.003616 -0.141767
v -0.423941 0.080617 -0.141767
v -0.432100 -0.010965 -0.128612
v -0.423941 -0.087850 -0.141767
v -0.432100 0.004101 -0.128612
v -0.439491 -0.003432 -0.128612
v -0.432100 0.004101 -0.078327
v -0.439491 -0.003432 -0.078327
v -0.432100 -0.010965 -0.078327
v -0.423931 0.080618 -0.063502
v -0.432227 -0.003615 -0.063502
v -0.299469 -0.055582 -0.063502
v -0.305323 -0.003616 -0.063502
v -0.423931 -0.087849 -0.063502
v -0.284870 -0.105552 -0.063502
v -0.399361 -0.168846 -0.063502
v -0.399371 -0.168847 -0.141767
v -0.292063 -0.159264 -0.141767
v -0.305933 -0.129936 -0.141767
v -0.316863 -0.099391 -0.141767
v -0.359471 -0.243494 -0.141767
v -0.275384 -0.187091 -0.141767
v -0.256058 -0.213148 -0.141767
v -0.305776 -0.308922 -0.141767
v -0.359462 -0.243493 -0.063502
v -0.305766 -0.308922 -0.063502
v -0.250249 -0.161491 -0.063502
v -0.250249 -0.161491 -0.018186
v -0.250249 -0.244522 -0.018186
v -0.250249 -0.362531 -0.063502
v -0.250249 -0.244421 0.009922
v -0.250249 -0.362531 -0.141767
v -0.250249 -0.391979 0.066378
v -0.250249 -0.405213 0.064567
v -0.178151 -0.405214 -0.063502
v -0.178151 -0.298712 0.062973
v -0.178151 -0.391976 0.066388
v -0.178151 -0.405213 0.064577
v -0.178151 -0.405214 -0.141767
v -0.102406 -0.280130 -0.063533
v -0.178162 -0.252563 -0.063556
v -0.178200 -0.252563 0.065448
v -0.250249 -0.236549 0.066308
v -0.178123 -0.236549 0.066308
v -0.102435 -0.280130 0.063103
v -0.120797 -0.183275 0.063097
v -0.153606 -0.156347 0.063087
v -0.250249 -0.252563 0.065448
v -0.250249 -0.298712 0.062963
v -0.178095 -0.123914 0.057492
v -0.178095 -0.123914 -0.098396
v -0.250249 -0.161491 0.060575
v -0.284860 -0.105552 0.055986
v -0.178095 -0.105552 0.055986
v -0.178095 -0.086479 -0.098396
v -0.178095 -0.055582 0.051888
v -0.178095 -0.045859 -0.098396
v -0.299459 -0.055582 0.051888
v -0.305312 -0.003616 0.047581
v -0.304262 -0.011350 0.021392
v -0.305069 -0.003480 0.022956
v -0.303120 -0.024047 0.002396
v -0.303304 -0.022481 0.010265
v -0.303725 -0.018022 0.016936
v -0.296692 -0.008920 0.015522
v -0.296692 -0.013530 0.012443
v -0.178095 -0.013530 0.012443
v -0.178095 -0.008920 0.015522
v -0.296692 -0.016611 0.007833
v -0.178095 -0.016611 0.007833
v -0.296692 -0.017694 0.002395
v -0.178095 -0.017694 0.002395
v -0.303120 -0.024047 -0.021555
v -0.296692 -0.017694 -0.021555
v -0.178095 -0.017694 -0.021555
v -0.303052 -0.022483 -0.029425
v -0.296692 -0.016613 -0.026995
v -0.178095 -0.016613 -0.026995
v -0.296692 -0.013533 -0.031605
v -0.303606 -0.018026 -0.036097
v -0.304388 -0.011356 -0.040556
v -0.296692 -0.008924 -0.034686
v -0.305065 -0.003487 -0.042122
v -0.296692 -0.003486 -0.035769
v -0.304388 0.004383 -0.040558
v -0.299469 0.048351 -0.063502
v -0.303647 0.011055 -0.036100
v -0.303203 0.015514 -0.029430
v -0.399360 0.161614 -0.063502
v -0.282132 0.098320 -0.063502
v -0.288739 0.079247 0.039902
v -0.282122 0.098320 0.038042
v -0.303026 0.017080 -0.021561
v -0.299458 0.048351 0.042869
v -0.303026 0.017080 0.002389
v -0.296692 0.010727 0.002390
v -0.303133 0.015516 0.010260
v -0.303671 0.011060 0.016932
v -0.296692 0.009646 0.007829
v -0.178095 0.010727 0.002390
v -0.296692 0.006566 0.012440
v -0.178095 0.009646 0.007829
v -0.178095 0.006566 0.012440
v -0.178095 0.048351 0.042869
v -0.178095 -0.003481 0.016603
v -0.178095 -0.003616 0.047602
v -0.178095 0.001957 0.015521
v -0.178095 0.010727 -0.021560
v -0.178095 0.038627 -0.098396
v -0.178095 0.079247 0.039902
v -0.178095 0.098320 0.038042
v -0.178095 0.079247 -0.098396
v -0.178151 0.116683 -0.098394
v -0.200384 0.079363 -0.098396
v -0.191306 0.098556 -0.141767
v -0.207536 0.059374 -0.141767
v -0.212695 0.038779 -0.098396
v -0.200383 0.079364 -0.141767
v -0.242290 0.125807 -0.141767
v -0.253793 0.101486 -0.141767
v -0.262857 0.076155 -0.141767
v -0.254294 0.101694 -0.136263
v -0.263376 0.076313 -0.136263
v -0.264912 0.076779 -0.130969
v -0.271500 0.050477 -0.130969
v -0.269925 0.050163 -0.136263
v -0.275479 0.023656 -0.130969
v -0.269393 0.050058 -0.141767
v -0.273881 0.023498 -0.136263
v -0.273341 0.023445 -0.141767
v -0.276809 -0.003426 -0.130969
v -0.275203 -0.003426 -0.136263
v -0.275479 -0.030508 -0.130969
v -0.274661 -0.003426 -0.141767
v -0.273881 -0.030351 -0.136263
v -0.271500 -0.057329 -0.130969
v -0.273341 -0.030298 -0.141767
v -0.269925 -0.057016 -0.136263
v -0.269393 -0.056910 -0.141767
v -0.207536 -0.066226 -0.141767
v -0.212694 -0.045632 -0.141767
v -0.215809 -0.024631 -0.141767
v -0.212694 -0.045632 -0.098396
v -0.216851 -0.003426 -0.098396
v -0.200383 -0.086216 -0.098396
v -0.178095 -0.003616 -0.098396
v -0.178095 -0.003486 -0.035769
v -0.296692 0.001953 -0.034688
v -0.178095 0.001953 -0.034688
v -0.178095 -0.008924 -0.034686
v -0.178095 -0.013533 -0.031605
v -0.296692 0.006563 -0.031608
v -0.178095 0.006563 -0.031608
v -0.178095 0.009645 -0.026998
v -0.296692 0.009645 -0.026998
v -0.296692 0.010727 -0.021560
v -0.215809 0.017779 -0.141767
v -0.216851 -0.003426 -0.141767
v -0.212694 0.038780 -0.141767
v -0.274058 -0.057838 -0.126090
v -0.267407 -0.084388 -0.126090
v -0.261428 -0.111502 -0.121814
v -0.270765 -0.085407 -0.121814
v -0.265379 -0.113138 -0.118305
v -0.253350 -0.138572 -0.118305
v -0.238886 -0.162703 -0.118305
v -0.222126 -0.185301 -0.118305
v -0.203232 -0.206147 -0.118305
v -0.206682 -0.209597 -0.115697
v -0.185481 -0.228812 -0.115697
v -0.188839 -0.232905 -0.114091
v -0.165439 -0.250259 -0.114091
v -0.162498 -0.245857 -0.115697
v -0.140451 -0.265236 -0.114091
v -0.137955 -0.260567 -0.115697
v -0.114115 -0.277692 -0.114091
v -0.112090 -0.272801 -0.115697
v -0.086685 -0.287506 -0.114091
v -0.085149 -0.282441 -0.115697
v -0.058426 -0.294585 -0.114091
v -0.110223 -0.268294 -0.118305
v -0.135656 -0.256265 -0.118305
v -0.159788 -0.241801 -0.118305
v -0.182386 -0.225041 -0.118305
v -0.274058 0.050985 -0.126090
v -0.277500 0.051670 -0.121814
v -0.267407 0.077536 -0.126090
v -0.270766 0.078555 -0.121814
v -0.258187 0.103306 -0.126090
v -0.255778 0.102309 -0.130969
v -0.244185 0.126820 -0.130969
v -0.242769 0.126063 -0.136263
v -0.228910 0.149185 -0.136263
v -0.228459 0.148883 -0.141767
v -0.212432 0.170493 -0.141767
v -0.180392 0.116766 -0.141767
v -0.167745 0.133819 -0.141767
v -0.153487 0.149549 -0.098396
v -0.153487 0.149549 -0.141767
v -0.194365 0.190427 -0.141767
v -0.212852 0.170837 -0.136263
v -0.174431 0.208495 -0.141767
v -0.194749 0.190810 -0.136263
v -0.214093 0.171855 -0.130969
v -0.195884 0.191946 -0.130969
v -0.174775 0.208914 -0.136263
v -0.153123 0.224972 -0.136263
v -0.152822 0.224521 -0.141767
v -0.175793 0.210155 -0.130969
v -0.154015 0.226307 -0.130969
v -0.177448 0.212171 -0.126090
v -0.197728 0.193790 -0.126090
v -0.216109 0.173510 -0.126090
v -0.232413 0.151525 -0.126090
v -0.246485 0.128049 -0.126090
v -0.230245 0.150077 -0.130969
v -0.155464 0.228475 -0.126090
v -0.131987 0.242547 -0.126090
v -0.130758 0.240247 -0.130969
v -0.106246 0.251840 -0.130969
v -0.130001 0.238831 -0.136263
v -0.105632 0.250357 -0.136263
v -0.080094 0.258919 -0.141767
v -0.105424 0.249855 -0.141767
v -0.080251 0.259438 -0.136263
v -0.054102 0.265988 -0.136263
v -0.053996 0.265456 -0.141767
v -0.080717 0.260975 -0.130969
v -0.054415 0.267563 -0.130969
v -0.081474 0.263470 -0.126090
v -0.107244 0.254249 -0.126090
v -0.027383 0.269404 -0.141767
v -0.042718 0.208757 -0.141767
v -0.063312 0.203598 -0.141767
v -0.083302 0.196446 -0.098396
v -0.083302 0.196446 -0.141767
v -0.102494 0.187369 -0.141767
v -0.120704 0.176454 -0.098396
v -0.120704 0.176454 -0.141767
v -0.129745 0.238353 -0.141767
v -0.137756 0.163807 -0.141767
v -0.153558 0.149495 0.063132
v -0.178151 0.116683 0.063132
v -0.178151 0.116683 0.036722
v -0.259680 0.144372 0.034454
v -0.273174 0.116683 0.036722
v -0.178095 0.144372 0.034454
v -0.178151 0.158126 0.033429
v -0.250249 0.158126 0.033429
v -0.178151 0.219113 0.029671
v -0.250249 0.158008 -0.063502
v -0.250249 0.219738 0.029682
v -0.259690 0.144372 -0.063502
v -0.359461 0.236261 -0.063502
v -0.399371 0.161614 -0.141767
v -0.305765 0.301690 -0.063502
v -0.359471 0.236261 -0.141767
v -0.311024 0.296420 -0.078327
v -0.300366 0.307078 -0.078327
v -0.310797 0.306859 -0.078327
v -0.311024 0.296420 -0.128612
v -0.310797 0.306859 -0.128612
v -0.256059 0.206296 -0.141767
v -0.292063 0.152411 -0.141767
v -0.275385 0.180238 -0.141767
v -0.274934 0.179937 -0.136263
v -0.291585 0.152156 -0.136263
v -0.305433 0.122876 -0.136263
v -0.303950 0.122262 -0.130969
v -0.290169 0.151399 -0.130969
v -0.273599 0.179045 -0.130969
v -0.254399 0.204933 -0.130969
v -0.255640 0.205952 -0.136263
v -0.233889 0.229951 -0.136263
v -0.234272 0.230334 -0.141767
v -0.232753 0.228815 -0.130969
v -0.314808 0.091914 -0.130969
v -0.322639 0.060649 -0.130969
v -0.316344 0.092381 -0.136263
v -0.316864 0.092538 -0.141767
v -0.305934 0.123084 -0.141767
v -0.324214 0.060962 -0.136263
v -0.324746 0.061068 -0.141767
v -0.250249 0.271547 0.028799
v -0.250249 0.278238 0.066167
v -0.178151 0.271549 0.028809
v -0.250249 0.370384 0.051777
v -0.250249 0.363754 0.015150
v -0.250249 0.418659 0.010482
v -0.178152 0.370384 0.051787
v -0.178152 0.278240 0.066176
v -0.178152 0.391501 0.072472
v -0.250249 0.391500 0.072461
v -0.178152 0.267010 0.091224
v -0.250249 0.267008 0.091212
v -0.281694 0.052504 -0.118305
v -0.296692 -0.003481 0.016603
v -0.296692 0.001957 0.015521
v -0.304317 0.004389 0.021390
v -0.250249 -0.161491 0.009922
v -0.167744 -0.140671 -0.141767
v -0.153487 -0.156402 -0.098396
v -0.120703 -0.183307 -0.098396
v -0.083301 -0.203299 -0.098396
v -0.042717 -0.215610 -0.098396
v -0.083362 -0.203285 0.063107
v -0.068518 -0.145773 0.141876
v -0.068495 -0.145773 0.063112
v -0.042737 -0.215607 0.063122
v -0.102459 -0.280130 0.141866
v -0.042761 -0.152626 0.141884
v -0.052485 -0.295288 0.141882
v -0.052461 -0.295288 0.063118
v -0.026797 -0.192892 0.141889
v -0.025272 -0.197919 0.141890
v -0.022796 -0.202551 0.141890
v -0.019464 -0.206611 0.141891
v -0.015404 -0.209943 0.141893
v -0.010772 -0.212419 0.141894
v -0.005745 -0.213944 0.141895
v -0.005913 -0.200701 0.125843
v -0.003266 -0.201503 0.125843
v -0.000479 -0.201775 0.063146
v -0.000477 -0.201775 0.125844
v -0.003247 -0.201503 0.063145
v -0.000479 -0.219767 0.063133
v -0.005894 -0.200701 0.063144
v -0.008333 -0.199397 0.063144
v -0.008352 -0.199397 0.125841
v -0.010490 -0.197642 0.125840
v -0.010471 -0.197642 0.063143
v -0.012245 -0.195504 0.125840
v -0.012226 -0.195504 0.063143
v -0.013549 -0.193065 0.125839
v -0.013530 -0.193065 0.063142
v -0.014352 -0.190418 0.125839
v -0.014333 -0.190418 0.063142
v -0.014623 -0.187665 0.125839
v -0.027311 -0.187665 0.141889
v -0.026797 -0.182438 0.141889
v -0.025272 -0.177412 0.141890
v -0.014352 -0.184913 0.125839
v -0.014604 -0.187665 0.063142
v -0.013549 -0.182266 0.125839
v -0.014333 -0.184913 0.063142
v -0.042737 -0.152626 0.063122
v -0.013530 -0.182266 0.063142
v -0.012245 -0.179827 0.125840
v -0.012226 -0.179827 0.063143
v -0.010471 -0.177689 0.063143
v -0.010490 -0.177689 0.125840
v -0.019464 -0.168720 0.141891
v -0.015404 -0.165388 0.141893
v -0.008352 -0.175934 0.125841
v -0.005913 -0.174630 0.125843
v -0.008333 -0.175934 0.063144
v -0.010772 -0.162912 0.141894
v -0.005745 -0.161387 0.141895
v -0.000475 -0.160872 0.141896
v -0.000475 -0.152626 0.141896
v -0.003266 -0.173827 0.125843
v -0.003247 -0.173827 0.063145
v -0.000477 -0.173556 0.125844
v -0.005894 -0.174630 0.063144
v -0.000479 -0.152626 0.063133
v -0.000479 -0.173556 0.063146
v 0.041764 -0.152626 0.063107
v 0.002273 -0.173827 0.063144
v 0.004920 -0.174630 0.063143
v 0.007360 -0.175934 0.063142
v 0.009497 -0.177688 0.063139
v 0.004958 -0.174630 0.125840
v 0.007397 -0.175934 0.125839
v 0.014454 -0.165388 0.141888
v 0.009535 -0.177688 0.125838
v 0.009822 -0.162912 0.141891
v 0.004795 -0.161387 0.141894
v 0.002311 -0.173827 0.125843
v 0.011290 -0.179826 0.125837
v 0.011252 -0.179826 0.063139
v 0.018514 -0.168720 0.141885
v 0.021846 -0.172780 0.141883
v 0.012594 -0.182266 0.125836
v 0.024322 -0.177412 0.141882
v 0.013397 -0.184913 0.125836
v 0.025846 -0.182438 0.141881
v 0.013668 -0.187665 0.125834
v 0.026361 -0.187665 0.141881
v 0.013397 -0.190418 0.125836
v 0.013359 -0.190418 0.063137
v 0.012594 -0.193065 0.125836
v 0.012556 -0.193065 0.063138
v 0.011252 -0.195504 0.063139
v 0.011290 -0.195504 0.125837
v 0.009497 -0.197642 0.063139
v 0.007360 -0.199397 0.063142
v 0.009535 -0.197642 0.125838
v 0.007397 -0.199397 0.125839
v 0.004958 -0.200701 0.125840
v 0.004920 -0.200701 0.063143
v 0.002273 -0.201503 0.063144
v 0.002311 -0.201503 0.125843
v 0.004795 -0.213944 0.141894
v -0.000475 -0.214458 0.141896
v 0.013630 -0.187665 0.063137
v 0.013359 -0.184913 0.063137
v 0.012556 -0.182266 0.063138
v -0.022796 -0.172780 0.141890
v -0.021716 -0.218724 -0.141767
v -0.250249 -0.296312 0.100197
v -0.250249 -0.389593 0.104238
v -0.178151 -0.296311 0.100207
v -0.178151 -0.403842 0.127746
v -0.178151 -0.278001 0.123107
v -0.178151 -0.389590 0.104246
v -0.250249 -0.403844 0.127734
v -0.250249 -0.278002 0.123096
v -0.156348 -0.294978 -0.141767
v -0.127021 -0.308849 -0.141767
v -0.096475 -0.319778 -0.141767
v -0.096318 -0.319259 -0.136263
v -0.095851 -0.317722 -0.130969
v -0.126813 -0.308348 -0.136263
v -0.126199 -0.306864 -0.130969
v -0.156093 -0.294500 -0.136263
v -0.155336 -0.293083 -0.130969
v -0.183874 -0.277848 -0.136263
v -0.184175 -0.278299 -0.141767
v -0.210233 -0.258973 -0.141767
v -0.209889 -0.258554 -0.136263
v -0.234271 -0.237186 -0.141767
v -0.233888 -0.236803 -0.136263
v -0.208870 -0.257313 -0.130969
v -0.232752 -0.235668 -0.130969
v -0.255639 -0.212805 -0.136263
v -0.254397 -0.211786 -0.130969
v -0.274933 -0.186789 -0.136263
v -0.273598 -0.185897 -0.130969
v -0.291584 -0.159008 -0.136263
v -0.290168 -0.158251 -0.130969
v -0.305433 -0.129729 -0.136263
v -0.303949 -0.129115 -0.130969
v -0.316344 -0.099233 -0.136263
v -0.314807 -0.098767 -0.130969
v -0.324746 -0.067921 -0.141767
v -0.324214 -0.067815 -0.136263
v -0.322639 -0.067502 -0.130969
v -0.320082 -0.066993 -0.126090
v -0.182981 -0.276513 -0.130969
v 0.058473 -0.299984 -0.113566
v 0.087257 -0.292774 -0.113575
v 0.085658 -0.287506 -0.114117
v 0.057399 -0.294585 -0.114109
v 0.056365 -0.289393 -0.115713
v 0.084121 -0.282441 -0.115723
v 0.082704 -0.277772 -0.118329
v 0.109194 -0.268294 -0.118338
v 0.111062 -0.272801 -0.115730
v 0.134627 -0.256265 -0.118345
v 0.113088 -0.277692 -0.114125
v 0.136928 -0.260568 -0.115738
v 0.158759 -0.241801 -0.118352
v 0.139424 -0.265236 -0.114134
v 0.161470 -0.245857 -0.115745
v 0.181357 -0.225041 -0.118359
v 0.164412 -0.250259 -0.114141
v 0.184453 -0.228813 -0.115752
v 0.202204 -0.206147 -0.118365
v 0.199179 -0.203124 -0.121874
v 0.217791 -0.182588 -0.121880
v 0.234301 -0.160328 -0.121884
v 0.231382 -0.158378 -0.126160
v 0.215077 -0.180362 -0.126155
v 0.196696 -0.200642 -0.126149
v 0.213060 -0.178708 -0.131033
v 0.229212 -0.156929 -0.131037
v 0.243152 -0.133672 -0.131042
v 0.241734 -0.132915 -0.136335
v 0.227875 -0.156037 -0.136331
v 0.241254 -0.132660 -0.141840
v 0.227423 -0.155736 -0.141835
v 0.211817 -0.177689 -0.136327
v 0.193714 -0.197663 -0.136321
v 0.211396 -0.177345 -0.141830
v 0.194851 -0.198798 -0.131027
v 0.174760 -0.217007 -0.131021
v 0.176416 -0.219023 -0.126143
v 0.154432 -0.235328 -0.126136
v 0.156383 -0.238245 -0.121861
v 0.178643 -0.221736 -0.121867
v 0.132611 -0.252494 -0.121854
v 0.107557 -0.264343 -0.121846
v 0.130955 -0.249399 -0.126129
v 0.106212 -0.261101 -0.126122
v 0.129724 -0.247099 -0.131008
v 0.152981 -0.233159 -0.131015
v 0.152088 -0.231824 -0.136309
v 0.173740 -0.215766 -0.136314
v 0.193328 -0.197280 -0.141826
v 0.173394 -0.215347 -0.141820
v 0.151785 -0.231373 -0.141813
v 0.119667 -0.183306 -0.141803
v 0.136720 -0.170659 -0.141809
v 0.119681 -0.183307 -0.098432
v 0.152464 -0.156402 -0.098442
v 0.152451 -0.156402 -0.141813
v 0.166708 -0.140671 -0.141817
v 0.177073 -0.123914 -0.098449
v 0.179356 -0.123618 -0.141821
v 0.190270 -0.105408 -0.141824
v 0.199361 -0.086216 -0.098455
v 0.199348 -0.086216 -0.141828
v 0.252757 -0.108339 -0.141843
v 0.261821 -0.083008 -0.141847
v 0.253260 -0.108546 -0.136338
v 0.262341 -0.083165 -0.136341
v 0.254745 -0.109161 -0.131045
v 0.263880 -0.083631 -0.131048
v 0.257155 -0.110159 -0.126167
v 0.245453 -0.134902 -0.126164
v 0.248549 -0.136556 -0.121888
v 0.260399 -0.111502 -0.121892
v 0.264351 -0.113138 -0.118384
v 0.266376 -0.084388 -0.126171
v 0.269736 -0.085407 -0.121895
v 0.273829 -0.086648 -0.118386
v 0.273027 -0.057838 -0.126172
v 0.276470 -0.058523 -0.121898
v 0.280665 -0.059357 -0.118389
v 0.277043 -0.030764 -0.126173
v 0.280537 -0.031108 -0.121899
v 0.284793 -0.031527 -0.118390
v 0.278386 -0.003426 -0.126174
v 0.281897 -0.003426 -0.121899
v 0.280537 0.024255 -0.121899
v 0.286174 -0.003426 -0.118391
v 0.277043 0.023911 -0.126173
v 0.273027 0.050985 -0.126172
v 0.276471 0.051670 -0.121898
v 0.266377 0.077536 -0.126171
v 0.257156 0.103306 -0.126167
v 0.269736 0.078554 -0.121895
v 0.260399 0.104649 -0.121892
v 0.280666 0.052504 -0.118389
v 0.273829 0.079796 -0.118386
v 0.264351 0.106286 -0.118384
v 0.248550 0.129703 -0.121888
v 0.252322 0.131719 -0.118380
v 0.234302 0.153475 -0.121884
v 0.237858 0.155851 -0.118377
v 0.217792 0.175736 -0.121880
v 0.199180 0.196271 -0.121874
v 0.196697 0.193790 -0.126149
v 0.215078 0.173510 -0.126155
v 0.231382 0.151525 -0.126160
v 0.245454 0.128049 -0.126164
v 0.176417 0.212171 -0.126143
v 0.152983 0.226307 -0.131015
v 0.178645 0.214884 -0.121867
v 0.154433 0.228475 -0.126137
v 0.130956 0.242547 -0.126129
v 0.129726 0.240247 -0.131008
v 0.156384 0.231393 -0.121861
v 0.132612 0.245642 -0.121854
v 0.107558 0.257491 -0.121846
v 0.106214 0.254249 -0.126122
v 0.080444 0.263470 -0.126115
v 0.284794 0.024674 -0.118390
v 0.291053 -0.003426 -0.115784
v 0.289649 -0.032005 -0.115784
v 0.294918 -0.032524 -0.114180
v 0.290643 -0.061342 -0.114179
v 0.283564 -0.089601 -0.114176
v 0.285451 -0.060309 -0.115783
v 0.278498 -0.088065 -0.115781
v 0.268859 -0.115005 -0.115777
v 0.273750 -0.117031 -0.114174
v 0.278836 -0.119138 -0.113632
v 0.274447 -0.030508 -0.131052
v 0.270468 -0.057329 -0.131049
v 0.268891 -0.057016 -0.136343
v 0.268358 -0.056910 -0.141848
v 0.206500 -0.066226 -0.141829
v 0.177073 -0.086479 -0.098449
v 0.177119 -0.105552 0.055933
v 0.177120 -0.123914 0.057439
v 0.298481 -0.055582 0.051797
v 0.177118 -0.055582 0.051834
v 0.177096 -0.017694 -0.021609
v 0.177108 -0.003481 0.016550
v 0.177117 -0.003616 0.047547
v 0.177103 -0.017694 0.002342
v 0.177106 -0.013530 0.012389
v 0.177105 -0.016611 0.007779
v 0.177107 -0.008920 0.015470
v 0.304334 -0.003616 0.047489
v 0.298478 0.048351 0.042779
v 0.304083 -0.003481 0.022865
v 0.303276 -0.011350 0.021301
v 0.295704 -0.003481 0.016514
v 0.295704 0.001956 0.015431
v 0.303330 0.004389 0.021298
v 0.295703 0.006566 0.012351
v 0.302684 0.011059 0.016841
v 0.295702 0.009646 0.007740
v 0.302144 0.015516 0.010168
v 0.295700 0.010727 0.002302
v 0.302034 0.017080 0.002298
v 0.302027 0.017080 -0.021651
v 0.295693 0.010727 -0.021649
v 0.302202 0.015514 -0.029521
v 0.295691 0.009644 -0.027087
v 0.295690 0.006563 -0.031697
v 0.302643 0.011055 -0.036193
v 0.295689 0.001953 -0.034777
v 0.295688 -0.003486 -0.035857
v 0.303383 0.004383 -0.040648
v 0.304059 -0.003487 -0.042213
v 0.304311 -0.003616 -0.063594
v 0.295689 -0.008924 -0.034776
v 0.303383 -0.011356 -0.040647
v 0.302603 -0.018026 -0.036188
v 0.295690 -0.013533 -0.031694
v 0.177094 -0.016613 -0.027047
v 0.295691 -0.016613 -0.027083
v 0.177093 -0.013533 -0.031658
v 0.177092 -0.008924 -0.034739
v 0.295693 -0.017694 -0.021645
v 0.302051 -0.022483 -0.029515
v 0.302121 -0.024047 -0.021646
v 0.302129 -0.024047 0.002305
v 0.295700 -0.017694 0.002306
v 0.295702 -0.016611 0.007744
v 0.295703 -0.013530 0.012353
v 0.302315 -0.022481 0.010173
v 0.302737 -0.018022 0.016845
v 0.295704 -0.008920 0.015433
v 0.422919 0.080618 -0.063630
v 0.422906 0.080617 -0.141894
v 0.431078 0.004107 -0.078327
v 0.398349 0.161614 -0.063622
v 0.398336 0.161614 -0.141887
v 0.291028 0.152411 -0.141854
v 0.304899 0.123084 -0.141859
v 0.315828 0.092538 -0.141862
v 0.358436 0.236261 -0.141874
v 0.309996 0.296426 -0.078327
v 0.304740 0.301689 -0.141859
v 0.309996 0.296426 -0.128612
v 0.310618 0.307702 -0.128612
v 0.299342 0.307080 -0.128612
v 0.310618 0.307702 -0.078327
v 0.239312 0.355385 -0.141840
v 0.299342 0.307080 -0.078327
v 0.323711 0.061068 -0.141865
v 0.323181 0.060962 -0.136360
v 0.315311 0.092380 -0.136356
v 0.304400 0.122876 -0.136354
v 0.327933 0.028924 -0.136361
v 0.326337 0.028766 -0.131067
v 0.327918 -0.003426 -0.131067
v 0.326337 -0.035619 -0.131066
v 0.329522 -0.003426 -0.136361
v 0.328471 0.028977 -0.141866
v 0.330063 -0.003426 -0.141867
v 0.327933 -0.035776 -0.136361
v 0.321607 -0.067502 -0.131065
v 0.328471 -0.035830 -0.141866
v 0.323180 -0.067815 -0.136359
v 0.323711 -0.067921 -0.141865
v 0.315311 -0.099233 -0.136356
v 0.313775 -0.098767 -0.131063
v 0.315828 -0.099391 -0.141862
v 0.431202 -0.003617 -0.141897
v 0.431078 -0.010960 -0.128612
v 0.431078 0.004107 -0.128612
v 0.439491 -0.003426 -0.078327
v 0.439491 -0.003426 -0.128612
v 0.177103 0.010727 0.002337
v 0.177105 0.009646 0.007776
v 0.177106 0.006566 0.012386
v 0.177107 0.001957 0.015467
v 0.249275 -0.161491 0.060500
v 0.177150 -0.236549 0.066255
v 0.152633 -0.156347 0.063041
v 0.177227 -0.252563 0.065394
v 0.249276 -0.298712 0.062887
v 0.177178 -0.298712 0.062920
v 0.177150 -0.252563 -0.063608
v 0.249277 -0.236549 0.066233
v 0.249277 -0.252563 0.065372
v 0.177190 -0.389590 0.104194
v 0.177189 -0.296311 0.100155
v 0.177179 -0.391977 0.066334
v 0.177178 -0.405213 0.064523
v 0.249288 -0.389593 0.104162
v 0.249287 -0.296312 0.100122
v 0.249295 -0.403844 0.127659
v 0.177197 -0.403842 0.127691
v 0.249294 -0.278001 0.123019
v 0.177196 -0.278001 0.123053
v 0.101457 -0.194221 -0.141797
v 0.128708 -0.245205 -0.141807
v 0.082265 -0.203298 -0.141791
v 0.104388 -0.256707 -0.141798
v 0.104597 -0.257208 -0.136293
v 0.079216 -0.266290 -0.136286
v 0.079057 -0.265771 -0.141790
v 0.079684 -0.267826 -0.130992
v 0.053381 -0.274415 -0.130984
v 0.026817 -0.280988 -0.126098
v 0.053892 -0.276972 -0.126105
v 0.080442 -0.270322 -0.126115
v 0.054578 -0.280414 -0.121830
v 0.027163 -0.284481 -0.121822
v 0.027583 -0.288736 -0.118313
v -0.000510 -0.290117 -0.118305
v -0.000510 -0.285841 -0.121814
v -0.027848 -0.280988 -0.126090
v 0.055413 -0.284608 -0.118321
v 0.081462 -0.273680 -0.121838
v 0.105213 -0.258692 -0.131001
v 0.128966 -0.245683 -0.136301
v 0.142019 -0.270091 -0.113592
v 0.115195 -0.282778 -0.113583
v -0.000511 0.435384 -0.128612
v -0.000511 0.435384 -0.078325
v -0.003198 0.166975 0.063146
v -0.000487 0.166704 0.063146
v -0.000477 0.166704 0.125844
v 0.002225 0.166975 0.063145
v 0.002244 0.166975 0.125843
v 0.004890 0.167778 0.125841
v 0.004872 0.167778 0.063144
v 0.007311 0.169082 0.063143
v 0.007330 0.169082 0.125840
v 0.009449 0.170836 0.063143
v 0.011204 0.172974 0.063142
v 0.009468 0.170836 0.125840
v 0.011223 0.172974 0.125839
v 0.012527 0.175414 0.125839
v 0.012507 0.175414 0.063142
v 0.013310 0.178061 0.063142
v 0.013329 0.178061 0.125839
v 0.013582 0.180813 0.063142
v 0.013310 0.183566 0.063142
v 0.013600 0.180813 0.125839
v 0.067472 0.138921 0.063112
v 0.166709 0.133818 -0.141817
v 0.152452 0.149549 -0.141813
v 0.179356 0.116766 -0.141821
v 0.190271 0.098556 -0.141824
v 0.199348 0.079363 -0.141828
v 0.206501 0.059374 -0.141829
v 0.211659 0.038779 -0.141830
v 0.012011 0.334388 -0.063502
v 0.010774 0.331789 -0.063502
v 0.013478 0.340194 -0.063502
v 0.012919 0.337196 -0.063502
v 0.012919 0.337196 -0.071939
v 0.012011 0.334388 -0.071939
v 0.002436 0.333970 -0.071939
v 0.003371 0.335537 -0.071939
v 0.010774 0.331789 -0.071939
v 0.000041 0.331375 -0.071939
v 0.001323 0.332580 -0.071939
v 0.009227 0.329419 -0.071939
v -0.001399 0.330367 -0.071939
v -0.004711 0.328980 -0.071939
v -0.002986 0.329565 -0.071939
v -0.006562 0.328622 -0.071939
v 0.004116 0.337270 -0.071939
v 0.004660 0.339158 -0.071939
v 0.013478 0.340194 -0.071939
v 0.004995 0.341192 -0.071939
v 0.005109 0.343361 -0.071939
v 0.013669 0.343361 -0.071939
v 0.013471 0.346334 -0.063502
v 0.013669 0.343361 -0.063502
v -0.014509 0.329524 -0.071939
v -0.016191 0.330301 -0.071939
v -0.017704 0.331283 -0.071939
v -0.019041 0.332462 -0.071939
v -0.028565 0.331621 -0.071939
v -0.029814 0.334229 -0.071939
v -0.020194 0.333832 -0.071939
v -0.021155 0.335384 -0.071939
v -0.021916 0.337111 -0.071939
v -0.030729 0.337065 -0.071939
v -0.031285 0.346413 -0.063502
v -0.021850 0.348924 -0.071939
v -0.030709 0.349301 -0.071939
v -0.022437 0.347154 -0.071939
v -0.029774 0.352005 -0.071939
v -0.021050 0.350563 -0.071939
v -0.030709 0.349301 -0.063502
v -0.029774 0.352005 -0.063502
v -0.028502 0.354506 -0.071939
v -0.028502 0.354506 -0.063502
v -0.026913 0.356785 -0.063502
v -0.014310 0.356323 -0.071939
v -0.015982 0.355537 -0.071939
v -0.017504 0.354556 -0.071939
v -0.018865 0.353391 -0.071939
v -0.020051 0.352056 -0.071939
v -0.012503 0.356900 -0.071939
v -0.010572 0.357255 -0.071939
v -0.004776 0.356900 -0.071939
v -0.003066 0.356325 -0.071939
v -0.001482 0.355541 -0.071939
v -0.000039 0.354563 -0.071939
v 0.001253 0.353403 -0.071939
v 0.002379 0.352074 -0.071939
v -0.006602 0.357256 -0.071939
v -0.188840 0.226052 -0.114091
v -0.210426 0.206488 -0.114091
v -0.229990 0.184902 -0.114091
v -0.247344 0.161502 -0.114091
v -0.262322 0.136514 -0.114091
v -0.274777 0.110178 -0.114091
vn 0.9944 -0.0979 0.0397
vn 0.9944 -0.1056 -0.0002
vn 0.9569 -0.2903 -0.0002
vn 0.0003 -0.0000 1.0000
vn 0.8504 -0.5262 -0.0002
vn 0.9599 -0.2804 -0.0002
vn 0.8503 -0.5263 -0.0003
vn 1.0000 -0.0000 -0.0003
vn 0.4896 -0.8272 -0.2758
vn 0.5094 -0.8605 -0.0002
vn 0.6946 -0.7194 -0.0002
vn 0.6946 -0.7194 -0.0001
vn 0.7730 -0.6344 -0.0001
vn 0.8819 -0.4714 -0.0002
vn -0.0003 -0.0000 -1.0000
vn 0.8819 -0.4714 -0.0001
vn -0.8997 0.4255 -0.0976
vn -0.8536 0.5116 -0.0976
vn -0.8210 0.4920 -0.2898
vn -0.7688 0.5701 -0.2898
vn -0.7994 0.5928 -0.0976
vn -0.7087 0.5255 -0.4707
vn -0.7568 0.4535 -0.4707
vn -0.8210 0.4920 -0.2897
vn -0.8652 0.4092 -0.2897
vn -0.7976 0.3772 -0.4707
vn -0.7568 0.4536 -0.4707
vn -0.6636 0.3977 -0.6336
vn -0.6635 0.3976 -0.6338
vn -0.6993 0.3306 -0.6338
vn -0.5101 0.3781 -0.7725
vn -0.5101 0.3781 -0.7726
vn -0.5447 0.3263 -0.7725
vn -0.6214 0.4607 -0.6337
vn -0.4706 0.4263 -0.7726
vn -0.4706 0.4264 -0.7725
vn -0.5732 0.5194 -0.6337
vn -0.4265 0.4703 -0.7726
vn -0.4266 0.4704 -0.7725
vn -0.5196 0.5731 -0.6337
vn -0.6538 0.5925 -0.4707
vn -0.5196 0.5731 -0.6338
vn -0.5926 0.6536 -0.4708
vn -0.6538 0.5924 -0.4708
vn -0.5926 0.6537 -0.4707
vn -0.7092 0.6427 -0.2898
vn -0.6428 0.7091 -0.2898
vn -0.7374 0.6683 -0.0977
vn -0.6684 0.7374 -0.0977
vn -0.5702 0.7687 -0.2898
vn -0.5929 0.7993 -0.0977
vn -0.5702 0.7687 -0.2899
vn -0.4537 0.7567 -0.4708
vn -0.5257 0.7086 -0.4707
vn -0.4921 0.8209 -0.2898
vn -0.3773 0.7975 -0.4708
vn -0.4093 0.8652 -0.2898
vn -0.5117 0.8536 -0.0977
vn -0.4255 0.8997 -0.0978
vn -0.4255 0.8996 -0.0978
vn -0.3353 0.9370 -0.0978
vn -0.2326 0.9284 -0.2899
vn -0.2418 0.9654 -0.0978
vn -0.3225 0.9011 -0.2899
vn -0.3225 0.9011 -0.2898
vn -0.2145 0.8557 -0.4709
vn -0.2973 0.8306 -0.4708
vn -0.1137 0.7649 -0.6340
vn -0.1296 0.8726 -0.4709
vn -0.1881 0.7502 -0.6339
vn -0.1137 0.7650 -0.6339
vn -0.0314 0.6341 -0.7726
vn -0.0934 0.6280 -0.7726
vn -0.0314 0.6340 -0.7727
vn -0.0381 0.7724 -0.6340
vn 0.0379 0.7725 -0.6339
vn 0.0311 0.6340 -0.7727
vn -0.0381 0.7725 -0.6339
vn -0.0434 0.8811 -0.4709
vn 0.0433 0.8811 -0.4709
vn 0.1294 0.8726 -0.4709
vn 0.1404 0.9467 -0.2899
vn 0.1404 0.9467 -0.2900
vn 0.0470 0.9559 -0.2900
vn 0.0488 0.9940 -0.0979
vn 0.1460 0.9844 -0.0979
vn -0.0000 -0.0000 -1.0000
vn 0.0981 -0.9952 -0.0000
vn -0.0981 -0.9952 -0.0000
vn -0.0489 0.9940 -0.0979
vn -0.1460 0.9844 -0.0978
vn -0.0471 0.9559 -0.2900
vn -0.0471 0.9559 -0.2899
vn -0.1405 0.9467 -0.2899
vn -0.1461 0.9844 -0.0979
vn -0.0003 -0.0000 1.0000
vn -0.0000 0.0001 1.0000
vn 0.0003 0.0001 1.0000
vn 0.0006 -0.0000 1.0000
vn 0.0005 0.0004 1.0000
vn 0.2903 -0.9569 -0.0002
vn 0.2903 -0.9569 -0.0001
vn 0.0980 -0.9952 -0.0001
vn 0.0980 -0.9952 -0.0000
vn 0.0005 -0.0000 1.0000
vn 0.0007 -0.0000 1.0000
vn 0.0979 -0.9952 -0.0000
vn 0.9695 0.2449 0.0036
vn 0.9706 0.2409 -0.0006
vn 0.9682 0.2503 -0.0006
vn -0.0006 -0.0000 -1.0000
vn -0.2903 0.9569 0.0001
vn -0.4714 0.8819 0.0002
vn -0.0980 0.9952 -0.0000
vn -0.2902 0.9567 -0.0239
vn -0.0980 0.9949 -0.0240
vn -0.1467 0.9892 0.0001
vn -0.2430 0.9700 0.0001
vn -0.0491 0.9988 -0.0000
vn 0.1460 -0.9844 -0.0980
vn 0.0488 -0.9940 -0.0979
vn 0.0469 -0.9559 -0.2900
vn 0.1403 -0.9467 -0.2900
vn -0.0433 -0.8811 -0.4709
vn -0.0470 -0.9559 -0.2900
vn 0.0432 -0.8811 -0.4709
vn -0.1460 -0.9844 -0.0979
vn -0.0488 -0.9940 -0.0979
vn -0.1404 -0.9467 -0.2900
vn -0.1404 -0.9467 -0.2899
vn -0.2325 -0.9284 -0.2899
vn -0.2418 -0.9654 -0.0979
vn -0.3353 -0.9370 -0.0979
vn -0.4255 -0.8996 -0.0979
vn -0.5116 -0.8536 -0.0979
vn -0.4092 -0.8652 -0.2900
vn -0.4920 -0.8209 -0.2900
vn -0.4920 -0.8209 -0.2899
vn -0.5701 -0.7687 -0.2900
vn -0.5928 -0.7994 -0.0980
vn -0.5928 -0.7993 -0.0979
vn -0.6683 -0.7374 -0.0980
vn -0.6683 -0.7374 -0.0979
vn -0.7374 -0.6683 -0.0979
vn -0.6427 -0.7091 -0.2899
vn -0.7091 -0.6427 -0.2899
vn -0.7374 -0.6683 -0.0980
vn -0.7687 -0.5701 -0.2899
vn -0.7993 -0.5928 -0.0980
vn -0.7993 -0.5928 -0.0979
vn -0.7687 -0.5701 -0.2900
vn -0.8209 -0.4920 -0.2900
vn -0.8536 -0.5116 -0.0979
vn -0.8996 -0.4255 -0.0979
vn -0.9370 -0.3353 -0.0979
vn -0.8652 -0.4092 -0.2900
vn -0.8652 -0.4092 -0.2899
vn -0.9370 -0.3353 -0.0980
vn -0.9011 -0.3224 -0.2899
vn -0.7975 -0.3772 -0.4709
vn -0.8306 -0.2972 -0.4709
vn -0.6634 -0.3976 -0.6339
vn -0.6991 -0.3307 -0.6339
vn -0.7567 -0.4535 -0.4709
vn -0.6212 -0.4607 -0.6339
vn -0.7086 -0.5255 -0.4709
vn -0.5731 -0.5194 -0.6339
vn -0.6536 -0.5924 -0.4709
vn -0.5194 -0.5731 -0.6339
vn -0.5194 -0.5730 -0.6339
vn -0.6536 -0.5924 -0.4710
vn -0.5924 -0.6536 -0.4709
vn -0.4607 -0.6212 -0.6339
vn -0.5255 -0.7086 -0.4709
vn -0.3976 -0.6634 -0.6339
vn -0.4535 -0.7567 -0.4709
vn -0.3307 -0.6991 -0.6339
vn -0.3772 -0.7975 -0.4709
vn -0.2605 -0.7282 -0.6339
vn -0.2972 -0.8306 -0.4709
vn -0.2144 -0.8557 -0.4709
vn -0.1879 -0.7502 -0.6339
vn -0.1135 -0.7650 -0.6339
vn -0.0931 -0.6279 -0.7727
vn -0.1542 -0.6157 -0.7727
vn -0.1147 -0.4578 -0.8816
vn -0.0692 -0.4668 -0.8816
vn -0.0426 -0.2875 -0.9568
vn -0.0143 -0.2903 -0.9568
vn -0.0232 -0.4714 -0.8816
vn 0.0045 -0.0981 -0.9952
vn 0.0140 -0.2903 -0.9568
vn -0.0048 -0.0981 -0.9952
vn 0.0048 0.0981 -0.9952
vn -0.0051 0.0981 -0.9952
vn 0.0144 0.0971 -0.9952
vn 0.0143 0.2903 -0.9568
vn 0.0426 0.2875 -0.9568
vn 0.0144 0.0972 -0.9952
vn 0.0239 0.0953 -0.9952
vn 0.0706 0.2819 -0.9568
vn 0.0331 0.0925 -0.9952
vn 0.0979 0.2736 -0.9568
vn 0.0420 0.0888 -0.9952
vn 0.1243 0.2627 -0.9568
vn 0.0505 0.0842 -0.9952
vn 0.1494 0.2493 -0.9568
vn 0.0585 0.0789 -0.9952
vn 0.1731 0.2334 -0.9568
vn 0.0660 0.0728 -0.9952
vn 0.1952 0.2154 -0.9568
vn 0.1952 0.2153 -0.9568
vn 0.2153 0.1952 -0.9568
vn 0.0728 0.0660 -0.9952
vn -0.0728 -0.0660 -0.9952
vn -0.0660 -0.0728 -0.9952
vn -0.2334 -0.1731 -0.9568
vn -0.2335 -0.1731 -0.9568
vn -0.2153 -0.1952 -0.9568
vn -0.0789 -0.0585 -0.9952
vn -0.2493 -0.1494 -0.9568
vn -0.0841 -0.0504 -0.9952
vn -0.0787 -0.0584 -0.9952
vn 0.0788 0.0584 -0.9952
vn 0.0842 0.0505 -0.9952
vn -0.0843 -0.0505 -0.9952
vn 0.0841 0.0504 -0.9952
vn 0.2493 0.1494 -0.9568
vn 0.2627 0.1243 -0.9568
vn 0.0888 0.0420 -0.9952
vn 0.2736 0.0979 -0.9568
vn 0.0925 0.0331 -0.9952
vn -0.0888 -0.0420 -0.9952
vn -0.0925 -0.0331 -0.9952
vn -0.2627 -0.1243 -0.9568
vn -0.2736 -0.0979 -0.9568
vn -0.2737 -0.0979 -0.9568
vn -0.4443 -0.1590 -0.8816
vn -0.2819 -0.0706 -0.9568
vn -0.4578 -0.1147 -0.8816
vn -0.4668 -0.0692 -0.8816
vn -0.6279 -0.0931 -0.7727
vn -0.6157 -0.1542 -0.7727
vn -0.7725 -0.0379 -0.6339
vn -0.7724 -0.0380 -0.6339
vn -0.7650 -0.1135 -0.6339
vn -0.6340 -0.0312 -0.7727
vn -0.7724 0.0379 -0.6339
vn -0.6340 0.0311 -0.7727
vn -0.4714 -0.0232 -0.8816
vn -0.4714 0.0232 -0.8816
vn -0.2903 -0.0143 -0.9568
vn -0.2903 0.0143 -0.9568
vn -0.0971 -0.0144 -0.9952
vn -0.0981 -0.0048 -0.9952
vn -0.2875 -0.0426 -0.9568
vn -0.0953 -0.0239 -0.9952
vn 0.0971 0.0144 -0.9952
vn 0.0981 0.0048 -0.9952
vn 0.0981 -0.0048 -0.9952
vn 0.2903 -0.0143 -0.9568
vn 0.2903 0.0143 -0.9568
vn 0.4714 -0.0232 -0.8816
vn 0.4714 0.0232 -0.8816
vn 0.6340 -0.0311 -0.7727
vn 0.6340 0.0312 -0.7727
vn 0.7725 -0.0379 -0.6339
vn 0.7650 -0.1135 -0.6339
vn 0.6279 -0.0931 -0.7727
vn 0.7502 -0.1879 -0.6339
vn 0.6157 -0.1542 -0.7727
vn 0.7282 -0.2605 -0.6339
vn 0.6158 -0.1542 -0.7727
vn 0.5977 -0.2138 -0.7727
vn 0.6991 -0.3307 -0.6339
vn 0.6992 -0.3307 -0.6339
vn 0.5976 -0.2138 -0.7727
vn 0.5738 -0.2714 -0.7727
vn 0.6634 -0.3976 -0.6339
vn 0.5444 -0.3263 -0.7727
vn 0.6212 -0.4607 -0.6339
vn 0.5445 -0.3263 -0.7727
vn 0.5099 -0.3781 -0.7727
vn 0.5730 -0.5194 -0.6339
vn 0.5098 -0.3781 -0.7727
vn 0.4703 -0.4263 -0.7727
vn 0.5194 -0.5730 -0.6339
vn 0.4263 -0.4703 -0.7727
vn 0.4607 -0.6212 -0.6339
vn 0.3781 -0.5099 -0.7727
vn 0.3976 -0.6634 -0.6339
vn 0.3263 -0.5445 -0.7727
vn 0.3307 -0.6991 -0.6339
vn 0.3263 -0.5444 -0.7727
vn 0.2714 -0.5738 -0.7727
vn 0.2606 -0.7282 -0.6339
vn 0.2605 -0.7282 -0.6339
vn 0.2139 -0.5977 -0.7727
vn 0.1590 -0.4443 -0.8816
vn 0.2138 -0.5977 -0.7727
vn 0.2018 -0.4266 -0.8816
vn 0.1243 -0.2627 -0.9568
vn 0.0979 -0.2736 -0.9568
vn 0.1494 -0.2493 -0.9568
vn 0.0505 -0.0842 -0.9952
vn 0.0420 -0.0888 -0.9952
vn 0.1731 -0.2334 -0.9568
vn 0.0585 -0.0789 -0.9952
vn 0.1952 -0.2153 -0.9568
vn 0.0660 -0.0728 -0.9952
vn 0.2153 -0.1952 -0.9568
vn 0.0728 -0.0660 -0.9952
vn 0.2154 -0.1952 -0.9568
vn 0.2334 -0.1731 -0.9568
vn 0.0789 -0.0585 -0.9952
vn 0.2493 -0.1494 -0.9568
vn 0.0842 -0.0505 -0.9952
vn 0.2627 -0.1243 -0.9568
vn 0.0888 -0.0420 -0.9952
vn 0.2737 -0.0979 -0.9568
vn 0.0925 -0.0331 -0.9952
vn 0.2819 -0.0706 -0.9568
vn 0.0953 -0.0239 -0.9952
vn 0.2875 -0.0426 -0.9568
vn 0.0971 -0.0144 -0.9952
vn -0.0981 0.0048 -0.9952
vn -0.0971 0.0144 -0.9952
vn -0.0972 0.0144 -0.9952
vn -0.0953 0.0239 -0.9952
vn -0.2819 0.0706 -0.9568
vn -0.2875 0.0426 -0.9568
vn -0.2736 0.0979 -0.9568
vn -0.4444 0.1590 -0.8816
vn -0.4578 0.1147 -0.8816
vn -0.4443 0.1590 -0.8816
vn -0.5976 0.2138 -0.7727
vn -0.5738 0.2714 -0.7727
vn -0.4266 0.2018 -0.8816
vn -0.5445 0.3263 -0.7727
vn -0.4048 0.2426 -0.8816
vn -0.5099 0.3781 -0.7727
vn -0.5098 0.3781 -0.7727
vn -0.3791 0.2811 -0.8816
vn -0.4703 0.4263 -0.7727
vn -0.3497 0.3169 -0.8816
vn -0.4263 0.4703 -0.7727
vn -0.3169 0.3497 -0.8816
vn -0.3781 0.5098 -0.7727
vn -0.2811 0.3790 -0.8816
vn -0.3263 0.5445 -0.7727
vn -0.3263 0.5444 -0.7727
vn -0.2811 0.3791 -0.8816
vn -0.2426 0.4048 -0.8816
vn -0.2714 0.5738 -0.7727
vn -0.2018 0.4266 -0.8816
vn -0.1494 0.2493 -0.9568
vn -0.1243 0.2627 -0.9568
vn -0.0979 0.2736 -0.9568
vn -0.1590 0.4443 -0.8816
vn -0.1147 0.4578 -0.8816
vn -0.1542 0.6157 -0.7727
vn -0.2138 0.5977 -0.7727
vn -0.1135 0.7650 -0.6339
vn -0.1879 0.7502 -0.6339
vn -0.0931 0.6279 -0.7727
vn -0.0379 0.7725 -0.6339
vn -0.0311 0.6340 -0.7727
vn 0.0309 0.6340 -0.7727
vn 0.0309 0.6341 -0.7726
vn 0.0378 0.7725 -0.6339
vn 0.0929 0.6280 -0.7726
vn 0.0690 0.4667 -0.8817
vn 0.0690 0.4669 -0.8816
vn 0.0229 0.4712 -0.8817
vn 0.0929 0.6279 -0.7727
vn 0.1144 0.4578 -0.8817
vn 0.1144 0.4576 -0.8818
vn 0.1540 0.6158 -0.7727
vn 0.1877 0.7502 -0.6341
vn 0.1133 0.7650 -0.6340
vn 0.0378 0.7724 -0.6340
vn 0.0432 0.8811 -0.4709
vn 0.1293 0.8726 -0.4710
vn -0.0433 0.8811 -0.4709
vn -0.0470 0.9559 -0.2899
vn 0.0469 0.9559 -0.2899
vn 0.0469 0.9559 -0.2900
vn -0.0488 0.9940 -0.0979
vn 0.1403 0.9467 -0.2900
vn 0.0488 0.9940 -0.0980
vn 0.1460 0.9844 -0.0980
vn 0.2325 0.9284 -0.2900
vn 0.2418 0.9654 -0.0980
vn 0.3223 0.9011 -0.2900
vn 0.3223 0.9011 -0.2901
vn 0.3352 0.9370 -0.0980
vn -0.0004 -0.0000 -1.0000
vn 0.4255 0.8996 -0.0980
vn 0.5116 0.8536 -0.0981
vn 0.5928 0.7993 -0.0981
vn 0.5928 0.7994 -0.0981
vn 0.6426 0.7091 -0.2902
vn 0.5700 0.7687 -0.2901
vn 0.6426 0.7091 -0.2901
vn 0.6683 0.7374 -0.0981
vn 0.7090 0.6427 -0.2901
vn 0.7090 0.6427 -0.2902
vn 0.7374 0.6683 -0.0982
vn 0.7686 0.5701 -0.2902
vn 0.7993 0.5928 -0.0982
vn 0.7374 0.6683 -0.0981
vn 0.8208 0.4920 -0.2902
vn 0.8536 0.5116 -0.0982
vn 0.8651 0.4092 -0.2902
vn 0.8996 0.4255 -0.0982
vn 0.9010 0.3224 -0.2902
vn 0.9010 0.3224 -0.2903
vn 0.9370 0.3353 -0.0982
vn 0.9283 0.2325 -0.2903
vn 0.9283 0.2325 -0.2902
vn 0.9653 0.2418 -0.0981
vn 0.9370 0.3353 -0.0981
vn 0.9466 0.1404 -0.2902
vn 0.9466 0.1404 -0.2903
vn 0.9844 0.1460 -0.0982
vn 0.9653 0.2418 -0.0982
vn 0.9558 0.0470 -0.2903
vn 0.9558 0.0469 -0.2903
vn 0.9940 0.0488 -0.0982
vn 0.9940 -0.0488 -0.0982
vn -0.9988 0.0491 0.0003
vn -0.9892 0.1467 0.0003
vn -0.9949 0.0980 -0.0237
vn -0.9949 -0.0980 -0.0237
vn -0.9988 -0.0491 0.0003
vn -1.0000 -0.0000 0.0003
vn 0.0003 0.0956 0.9954
vn 0.0003 0.0969 0.9953
vn 0.9448 0.3278 -0.0002
vn 0.8989 0.4381 -0.0002
vn 0.0003 0.0717 0.9974
vn 0.0003 0.0817 0.9967
vn 0.0003 0.0743 0.9972
vn 0.8247 0.5655 -0.0002
vn 0.8222 0.5692 -0.0009
vn -0.0000 -0.9843 0.1763
vn 0.0004 0.0172 0.9999
vn 0.0005 0.0170 0.9999
vn -0.0002 -0.9125 -0.4091
vn 0.0004 0.1489 0.9888
vn -0.0003 0.6998 -0.7144
vn -0.0003 0.6997 -0.7144
vn -0.0001 0.9840 -0.1781
vn 0.0003 0.0849 0.9964
vn 0.0004 0.0847 0.9964
vn 0.0005 0.0009 1.0000
vn 0.2086 0.9739 -0.0899
vn 0.1305 0.9884 -0.0783
vn 0.1269 0.9613 -0.2446
vn 0.0010 -0.0004 1.0000
vn -1.0000 -0.0000 -0.0000
vn -0.0000 -1.0000 -0.0000
vn -0.0000 0.0008 1.0000
vn -0.0000 -0.0000 1.0000
vn 1.0000 -0.0000 -0.0000
vn 0.0004 0.0005 1.0000
vn -0.0979 0.9939 0.0507
vn -0.0000 1.0000 0.0008
vn 0.0980 0.9939 0.0506
vn -0.3107 -0.9505 -0.0000
vn -0.1873 -0.9823 -0.0000
vn -0.4299 -0.9029 -0.0000
vn 0.4115 -0.9114 -0.0000
vn 0.2932 -0.9560 -0.0000
vn 0.1742 -0.9847 -0.0000
vn 0.0571 -0.9984 -0.0000
vn -0.0621 -0.9981 -0.0000
vn 0.5263 -0.8503 -0.0000
vn 0.6348 -0.7726 -0.0000
vn -0.5426 -0.8400 -0.0000
vn -0.6469 -0.7626 -0.0000
vn -0.7410 -0.6715 -0.0000
vn -0.8231 -0.5679 -0.0000
vn -0.8914 -0.4533 -0.0000
vn -0.9440 -0.3298 -0.0000
vn -0.9798 -0.1998 -0.0000
vn 0.9059 0.4234 -0.0000
vn 0.9530 0.3031 -0.0000
vn 0.9835 0.1808 -0.0000
vn 0.9835 0.1809 -0.0000
vn 0.9982 0.0594 -0.0000
vn -0.9868 -0.1622 -0.0000
vn -0.9987 -0.0517 -0.0000
vn -0.9981 0.0616 -0.0000
vn 0.9983 0.0587 -0.0000
vn 0.9979 -0.0642 -0.0000
vn 0.9835 0.1811 -0.0000
vn -0.0000 1.0000 -0.0000
vn 0.6467 0.7628 -0.0000
vn 0.7474 0.6644 -0.0000
vn 0.5347 0.8450 -0.0000
vn 0.4158 0.9095 -0.0000
vn 0.2941 0.9558 -0.0000
vn 0.1732 0.9849 -0.0000
vn 0.0562 0.9984 -0.0000
vn -0.0607 0.9982 -0.0000
vn -0.1853 0.9827 -0.0000
vn -0.3107 0.9505 -0.0000
vn -0.4339 0.9010 -0.0000
vn -0.5512 0.8344 -0.0000
vn -0.6594 0.7518 -0.0000
vn 0.0003 -0.0004 1.0000
vn -0.0000 -0.0005 1.0000
vn -0.8587 -0.5121 -0.0191
vn 0.9998 -0.0000 0.0223
vn -0.8182 -0.5749 -0.0000
vn 0.8220 0.5695 -0.0000
vn 0.7440 0.6682 -0.0000
vn -0.5666 0.8240 -0.0000
vn -0.5281 0.8492 -0.0000
vn 0.8536 0.5210 -0.0000
vn 0.6736 -0.7391 -0.0000
vn -0.7717 -0.6360 -0.0000
vn -0.7279 -0.6856 -0.0000
vn -0.6739 -0.7388 -0.0000
vn 0.6431 -0.7658 -0.0000
vn 0.6080 -0.7939 -0.0000
vn 0.5673 -0.8235 -0.0000
vn 0.5210 -0.8535 -0.0000
vn 0.4684 -0.8835 -0.0000
vn 0.4092 -0.9124 -0.0000
vn -0.4306 -0.9026 -0.0000
vn -0.5269 -0.8499 -0.0000
vn -0.3197 -0.9475 -0.0000
vn -0.6076 -0.7943 -0.0000
vn -0.1962 -0.9806 -0.0000
vn -0.0660 -0.9978 -0.0000
vn 0.0396 -0.9992 -0.0000
vn 0.1191 -0.9929 -0.0000
vn 0.1975 -0.9803 -0.0000
vn 0.3439 -0.9390 -0.0000
vn 0.2727 -0.9621 -0.0000
vn -0.8069 -0.5907 -0.0000
vn -0.8356 -0.5493 -0.0000
vn 0.2462 0.9692 -0.0000
vn 0.0828 0.9966 -0.0000
vn 0.3979 0.9174 -0.0000
vn -0.3334 0.9428 -0.0000
vn -0.3917 0.9201 -0.0000
vn -0.4421 0.8970 -0.0000
vn -0.4870 0.8734 -0.0000
vn 0.6480 0.7617 -0.0000
vn 0.5325 0.8464 -0.0000
vn -0.2632 0.9647 -0.0000
vn -0.1769 0.9842 -0.0000
vn 0.0001 -0.0000 1.0000
vn -0.0663 0.9978 -0.0000
vn -0.6397 0.7686 -0.0000
vn -0.6757 0.7372 -0.0000
vn 0.9654 0.2608 -0.0000
vn 0.9877 0.1563 -0.0000
vn 0.9987 0.0517 -0.0000
vn 0.9311 0.3647 -0.0000
vn 0.8837 0.4681 -0.0000
vn -0.6035 0.7973 -0.0000
vn 0.9998 -0.0194 -0.0000
vn -0.0000 -0.0006 1.0000
vn 0.0001 -0.0006 1.0000
vn 0.0981 0.9952 -0.0000
vn 0.2903 0.9569 -0.0001
vn 0.3419 0.9397 -0.0001
vn 0.9706 -0.2409 -0.0003
vn 0.3420 0.9397 -0.0001
vn 0.0003 0.0615 0.9981
vn -0.0004 0.0607 0.9982
vn -0.0000 0.0157 0.9999
vn 1.0000 -0.0046 -0.0067
vn -0.8002 -0.5998 0.0002
vn -0.7998 -0.6002 0.0004
vn -0.6344 -0.7730 0.0002
vn -0.4713 -0.8817 -0.0239
vn -0.5141 -0.8577 0.0002
vn -0.5957 -0.8032 0.0002
vn -0.6342 -0.7728 -0.0238
vn -0.4714 -0.8819 0.0001
vn -0.2902 -0.9567 -0.0239
vn -0.3369 -0.9415 0.0001
vn -0.2903 -0.9569 -0.0000
vn -0.4276 -0.9040 0.0001
vn -0.0980 -0.9949 -0.0240
vn -0.1467 -0.9892 -0.0000
vn -0.2430 -0.9700 0.0001
vn -0.0980 -0.9952 -0.0000
vn -0.0491 -0.9988 -0.0000
vn 0.0491 -0.9988 -0.0000
vn 0.0980 -0.9949 -0.0240
vn -0.0008 -0.0008 -1.0000
vn -0.0004 -0.0007 -1.0000
vn -0.0006 -0.0008 -1.0000
vn 0.0001 -0.0007 -1.0000
vn 0.0004 -0.0008 -1.0000
vn 0.0002 -0.0008 -1.0000
vn 0.0995 -0.9950 -0.0000
vn 0.2903 -0.9569 -0.0000
vn 0.2282 -0.7522 0.6181
vn 0.0779 -0.7822 0.6182
vn 0.0991 -0.9951 -0.0000
vn -0.0991 -0.9951 -0.0000
vn -0.0777 -0.7822 0.6182
vn 0.0775 -0.7823 0.6181
vn -0.0774 -0.7823 0.6181
vn -0.2280 -0.7522 0.6182
vn 0.0002 -0.0000 1.0000
vn 0.0004 -0.0000 1.0000
vn -0.3703 -0.6933 0.6182
vn -0.2278 -0.7523 0.6182
vn -0.2903 -0.9569 0.0001
vn -0.4986 -0.6076 0.6183
vn -0.4985 -0.6077 0.6183
vn -0.6075 -0.4987 0.6183
vn -0.6931 -0.3706 0.6183
vn -0.6074 -0.4988 0.6183
vn -0.8819 -0.4714 0.0003
vn -0.7730 -0.6343 0.0002
vn -0.7730 -0.6344 0.0002
vn -0.6931 -0.3705 0.6183
vn -0.7521 -0.2281 0.6183
vn -0.9570 -0.2902 0.0003
vn -0.7821 -0.0770 0.6183
vn 0.0002 -0.0001 1.0000
vn 0.0003 -0.0001 1.0000
vn -0.2571 -0.9664 0.0001
vn 0.0775 0.7822 0.6182
vn 0.2282 0.7522 0.6181
vn 0.3706 0.6933 0.6181
vn 0.3704 0.6933 0.6181
vn 0.4988 0.6075 0.6181
vn 0.6344 0.7730 -0.0000
vn 0.4714 0.8819 -0.0000
vn 0.0004 0.0007 -1.0000
vn -0.0000 0.0006 -1.0000
vn 0.0002 0.0003 -1.0000
vn 0.0003 0.0002 -1.0000
vn 0.0003 0.0001 -1.0000
vn 0.0004 -0.0000 -1.0000
vn 0.0005 -0.0000 -1.0000
vn 0.2571 -0.9664 -0.0000
vn -0.9682 -0.2503 -0.0000
vn -0.9695 -0.2449 0.0042
vn -0.9706 -0.2409 -0.0000
vn -0.2903 0.9569 -0.0000
vn -0.0981 0.9952 -0.0000
vn 0.7823 -0.0771 0.6181
vn 0.7522 -0.2282 0.6181
vn 0.7823 -0.0770 0.6181
vn 0.9569 -0.2903 -0.0000
vn 0.9952 -0.0980 -0.0000
vn 0.0004 -0.0001 -1.0000
vn 0.7823 0.0771 0.6181
vn 0.7823 0.0770 0.6181
vn 0.9952 0.0980 -0.0000
vn 0.7522 0.2282 0.6181
vn 0.9569 0.2903 -0.0000
vn 0.6932 0.3706 0.6181
vn 0.6076 0.4987 0.6181
vn 0.6933 0.3705 0.6181
vn 0.4987 0.6076 0.6181
vn 0.8820 0.4713 -0.0000
vn 0.7730 0.6344 -0.0000
vn 0.0003 -0.0002 -1.0000
vn 0.8819 -0.4714 -0.0000
vn 0.7730 -0.6344 -0.0000
vn 0.6344 -0.7730 -0.0000
vn 0.0002 -0.0003 -1.0000
vn 0.6076 -0.4987 0.6181
vn 0.4987 -0.6077 0.6181
vn 0.4714 -0.8819 -0.0000
vn 0.3706 -0.6932 0.6181
vn 0.4987 -0.6076 0.6181
vn 0.6933 -0.3705 0.6181
vn 0.6933 -0.3706 0.6181
vn 0.3706 -0.6933 0.6181
vn -0.3419 0.9397 -0.0000
vn -0.3420 0.9397 -0.0000
vn -0.2896 0.9572 -0.0000
vn -0.4175 0.9087 -0.0000
vn -0.5444 0.8388 -0.0000
vn -0.6632 0.7484 -0.0000
vn 0.4578 0.8891 -0.0000
vn -0.0851 -0.9964 -0.0000
vn -0.0283 -0.9996 -0.0000
vn 0.9981 -0.0611 -0.0000
vn -0.9987 0.0514 -0.0000
vn -0.9870 0.1608 -0.0000
vn -0.9607 0.2775 -0.0000
vn -0.9168 0.3994 -0.0000
vn 0.5749 -0.8182 -0.0000
vn 0.6874 -0.7263 -0.0000
vn 0.7915 -0.6112 -0.0000
vn 0.8780 -0.4787 -0.0000
vn 0.9417 -0.3363 -0.0000
vn 0.9809 -0.1943 -0.0000
vn 0.4604 -0.8877 -0.0000
vn 0.3498 -0.9368 -0.0000
vn 0.1449 -0.9895 -0.0000
vn 0.2444 -0.9697 -0.0000
vn 0.0482 -0.9988 -0.0000
vn -0.8527 0.5225 -0.0000
vn -0.7675 0.6410 -0.0000
vn 0.9989 -0.0471 -0.0000
vn 0.9887 -0.1496 -0.0000
vn -0.6985 -0.7156 -0.0000
vn 0.9651 -0.2618 -0.0000
vn 0.9246 -0.3810 -0.0000
vn 0.8643 -0.5030 -0.0000
vn 0.7827 -0.6224 -0.0000
vn -0.6919 -0.7220 -0.0000
vn -0.7131 -0.7011 -0.0000
vn -0.2008 -0.9796 -0.0000
vn -0.1225 -0.9925 -0.0000
vn -0.0414 -0.9991 -0.0000
vn 0.0580 -0.9983 -0.0000
vn 0.1798 -0.9837 -0.0000
vn 0.3078 -0.9514 -0.0000
vn -0.2764 -0.9610 -0.0000
vn -0.3486 -0.9373 -0.0000
vn -0.4178 -0.9085 -0.0000
vn 0.4378 -0.8991 -0.0000
vn 0.5645 -0.8254 -0.0000
vn 0.5645 -0.8255 -0.0000
vn 0.6816 -0.7318 -0.0000
vn -0.6052 -0.7961 -0.0000
vn -0.5462 -0.8376 -0.0000
vn -0.6608 -0.7505 -0.0000
vn -0.4834 -0.8754 -0.0000
vn 0.4377 -0.8991 -0.0000
vn 0.0397 0.9992 -0.0000
vn 0.1244 0.9922 -0.0000
vn 0.2138 0.9769 -0.0000
vn -0.9389 0.3441 -0.0000
vn -0.9715 0.2369 -0.0000
vn -0.8900 0.4559 -0.0000
vn -0.8219 0.5697 -0.0000
vn -0.2092 0.9779 -0.0000
vn -0.0674 0.9977 -0.0000
vn -0.3536 0.9354 -0.0000
vn -0.4940 0.8695 -0.0000
vn -0.6223 0.7828 -0.0000
vn -0.7325 0.6808 -0.0000
vn 0.3031 0.9530 -0.0000
vn 0.3888 0.9213 -0.0000
vn 0.4666 0.8845 -0.0000
vn 0.5926 0.8055 -0.0000
vn -0.9990 0.0437 -0.0000
vn -0.9906 0.1368 -0.0000
vn 0.7105 0.7037 -0.0000
vn 0.6792 0.7340 -0.0000
vn 0.6404 0.7680 -0.0000
vn 0.7352 0.6778 -0.0000
vn -0.5079 -0.8614 -0.0000
vn -0.1922 -0.9814 -0.0000
vn -0.2423 -0.9702 -0.0000
vn -0.3747 -0.9272 -0.0000
vn -0.4124 -0.9110 -0.0000
vn -0.3746 -0.9272 -0.0000
vn -0.4471 -0.8945 -0.0000
vn -0.4789 -0.8779 -0.0000
vn -0.1396 -0.9902 -0.0000
vn -0.3336 -0.9427 -0.0000
vn -0.2896 -0.9571 -0.0000
vn -0.3335 -0.9427 -0.0000
vn 0.3787 0.9255 -0.0000
vn 0.4160 0.9094 -0.0000
vn 0.3786 0.9256 -0.0000
vn 0.3448 0.9387 -0.0000
vn 0.3126 0.9499 -0.0000
vn 0.2815 0.9595 -0.0000
vn 0.2816 0.9595 -0.0000
vn 0.2498 0.9683 -0.0000
vn 0.2168 0.9762 -0.0000
vn 0.1811 0.9835 -0.0000
vn 0.1408 0.9900 -0.0000
vn 0.0931 0.9957 -0.0000
vn 0.0349 0.9994 -0.0000
vn -0.0527 0.9986 -0.0000
vn -0.1667 0.9860 -0.0000
vn 0.4159 0.9094 -0.0000
vn -0.1270 0.9613 -0.2446
vn -0.2086 0.9739 -0.0898
vn -0.1305 0.9884 -0.0783
vn -0.4294 0.8033 -0.4128
vn -0.6334 0.7718 -0.0557
vn -0.6288 0.6773 -0.3819
vn 0.5928 -0.7993 -0.0979
vn 0.5116 -0.8536 -0.0979
vn 0.4920 -0.8209 -0.2900
vn 0.5701 -0.7687 -0.2900
vn 0.5701 -0.7687 -0.2899
vn 0.5255 -0.7086 -0.4709
vn 0.4535 -0.7567 -0.4709
vn 0.3772 -0.7975 -0.4709
vn 0.4092 -0.8651 -0.2900
vn 0.4092 -0.8652 -0.2900
vn 0.4255 -0.8996 -0.0979
vn 0.3224 -0.9011 -0.2900
vn 0.3353 -0.9370 -0.0979
vn 0.2418 -0.9654 -0.0979
vn 0.2325 -0.9284 -0.2899
vn 0.3224 -0.9011 -0.2899
vn 0.2144 -0.8557 -0.4709
vn 0.2325 -0.9284 -0.2900
vn 0.2972 -0.8306 -0.4709
vn 0.1294 -0.8726 -0.4709
vn 0.1404 -0.9467 -0.2899
vn 0.1404 -0.9467 -0.2900
vn 0.1460 -0.9844 -0.0979
vn 0.0470 -0.9559 -0.2899
vn -0.0979 0.9936 -0.0570
vn -0.0000 1.0000 -0.0009
vn 0.0979 0.9936 -0.0570
vn -0.0489 -0.9940 -0.0979
vn -0.1461 -0.9844 -0.0978
vn -0.1461 -0.9844 -0.0979
vn -0.2326 -0.9284 -0.2899
vn -0.1405 -0.9467 -0.2899
vn -0.2418 -0.9654 -0.0978
vn -0.3225 -0.9011 -0.2899
vn -0.3225 -0.9011 -0.2898
vn -0.3353 -0.9370 -0.0978
vn -0.4093 -0.8652 -0.2898
vn -0.4093 -0.8651 -0.2899
vn -0.4255 -0.8996 -0.0978
vn -0.4921 -0.8209 -0.2898
vn -0.5117 -0.8536 -0.0977
vn -0.5702 -0.7687 -0.2898
vn -0.5702 -0.7687 -0.2899
vn -0.5929 -0.7993 -0.0977
vn -0.6428 -0.7091 -0.2898
vn -0.5929 -0.7993 -0.0978
vn -0.6684 -0.7374 -0.0977
vn -0.7092 -0.6427 -0.2898
vn -0.7374 -0.6683 -0.0977
vn -0.7688 -0.5701 -0.2898
vn -0.7994 -0.5928 -0.0976
vn -0.8536 -0.5116 -0.0976
vn -0.7994 -0.5928 -0.0977
vn -0.8210 -0.4920 -0.2897
vn -0.8209 -0.4920 -0.2898
vn -0.7976 -0.3772 -0.4707
vn -0.8653 -0.4092 -0.2897
vn -0.7568 -0.4535 -0.4707
vn -0.6993 -0.3306 -0.6338
vn -0.6635 -0.3976 -0.6338
vn -0.6993 -0.3306 -0.6337
vn -0.6636 -0.3976 -0.6336
vn -0.6215 -0.4608 -0.6336
vn -0.7087 -0.5255 -0.4708
vn -0.6214 -0.4608 -0.6336
vn -0.5733 -0.5194 -0.6337
vn -0.6538 -0.5924 -0.4708
vn -0.6538 -0.5924 -0.4707
vn -0.5196 -0.5731 -0.6337
vn -0.5926 -0.6536 -0.4708
vn -0.5926 -0.6537 -0.4707
vn -0.4609 -0.6212 -0.6338
vn -0.5257 -0.7086 -0.4707
vn -0.3978 -0.6633 -0.6339
vn -0.4537 -0.7567 -0.4707
vn -0.4537 -0.7567 -0.4708
vn -0.3978 -0.6633 -0.6338
vn -0.3308 -0.6991 -0.6339
vn -0.3773 -0.7975 -0.4708
vn -0.3309 -0.6992 -0.6338
vn -0.2608 -0.7282 -0.6338
vn -0.2973 -0.8306 -0.4708
vn -0.2607 -0.7282 -0.6339
vn -0.1881 -0.7502 -0.6339
vn -0.2145 -0.8557 -0.4709
vn -0.1137 -0.7650 -0.6339
vn -0.1296 -0.8726 -0.4709
vn -0.1137 -0.7650 -0.6340
vn -0.0381 -0.7724 -0.6340
vn -0.0434 -0.8811 -0.4709
vn 0.0433 -0.8811 -0.4709
vn 0.0433 -0.8811 -0.4710
vn 0.0470 -0.9559 -0.2900
vn 0.1135 -0.7650 -0.6339
vn 0.0380 -0.7725 -0.6339
vn 0.0311 -0.6340 -0.7727
vn 0.0379 -0.7725 -0.6339
vn 0.0931 -0.6279 -0.7727
vn 0.0692 -0.4668 -0.8816
vn 0.0232 -0.4713 -0.8816
vn 0.0232 -0.4714 -0.8816
vn -0.0234 -0.4713 -0.8816
vn -0.0314 -0.6340 -0.7727
vn -0.0234 -0.4714 -0.8816
vn -0.0429 -0.2873 -0.9569
vn -0.0695 -0.4668 -0.8816
vn -0.0145 -0.2903 -0.9568
vn -0.0430 -0.2875 -0.9568
vn -0.0147 -0.0971 -0.9952
vn -0.0051 -0.0981 -0.9952
vn 0.0141 0.0972 -0.9952
vn 0.0045 0.0981 -0.9952
vn 0.0140 0.2903 -0.9568
vn -0.0048 0.0981 -0.9952
vn -0.0143 0.2903 -0.9568
vn -0.0232 0.4714 -0.8816
vn 0.0229 0.4714 -0.8816
vn -0.0426 0.2875 -0.9568
vn -0.0692 0.4668 -0.8816
vn -0.0706 0.2819 -0.9568
vn -0.0979 0.2737 -0.9568
vn -0.0331 0.0925 -0.9952
vn -0.0239 0.0953 -0.9952
vn 0.0239 -0.0953 -0.9952
vn 0.0331 -0.0925 -0.9952
vn 0.0144 -0.0971 -0.9952
vn -0.0144 0.0971 -0.9952
vn 0.0048 -0.0981 -0.9952
vn 0.0143 -0.2903 -0.9568
vn 0.0426 -0.2875 -0.9568
vn 0.0706 -0.2819 -0.9568
vn -0.0420 0.0888 -0.9952
vn 0.0141 0.0970 -0.9952
vn 0.0424 0.2875 -0.9568
vn 0.0235 0.0952 -0.9952
vn 0.0703 0.2818 -0.9569
vn 0.0424 0.2874 -0.9569
vn -0.0333 -0.0924 -0.9952
vn -0.0241 -0.0952 -0.9952
vn 0.0328 0.0924 -0.9952
vn -0.0424 -0.0890 -0.9951
vn -0.0335 -0.0927 -0.9951
vn 0.0416 0.0887 -0.9952
vn 0.0415 0.0884 -0.9952
vn 0.1240 0.2628 -0.9568
vn 0.0977 0.2737 -0.9568
vn 0.2015 0.4266 -0.8817
vn 0.1587 0.4443 -0.8817
vn 0.1587 0.4441 -0.8818
vn 0.2423 0.4048 -0.8817
vn 0.1492 0.2494 -0.9568
vn 0.1491 0.2493 -0.9569
vn 0.2423 0.4046 -0.8818
vn 0.2808 0.3789 -0.8818
vn 0.1728 0.2334 -0.9569
vn 0.1728 0.2333 -0.9569
vn 0.3166 0.3496 -0.8818
vn 0.1948 0.2152 -0.9569
vn 0.3167 0.3497 -0.8817
vn 0.3494 0.3170 -0.8817
vn 0.2150 0.1951 -0.9569
vn 0.2151 0.1952 -0.9569
vn 0.2331 0.1731 -0.9569
vn 0.3787 0.2811 -0.8818
vn 0.3493 0.3169 -0.8818
vn 0.2332 0.1732 -0.9569
vn 0.0839 0.0504 -0.9952
vn 0.0837 0.0503 -0.9952
vn 0.0785 0.0585 -0.9952
vn 0.2489 0.1493 -0.9569
vn 0.0883 0.0419 -0.9952
vn 0.0886 0.0421 -0.9952
vn 0.2625 0.1243 -0.9569
vn 0.2491 0.1495 -0.9569
vn 0.0923 0.0331 -0.9952
vn 0.0920 0.0330 -0.9952
vn 0.2731 0.0978 -0.9570
vn 0.2622 0.1241 -0.9570
vn 0.0948 0.0238 -0.9952
vn 0.0949 0.0239 -0.9952
vn 0.2817 0.0707 -0.9569
vn 0.2734 0.0980 -0.9569
vn 0.0968 0.0144 -0.9952
vn 0.2816 0.0706 -0.9569
vn 0.2871 0.0426 -0.9569
vn 0.0977 0.0048 -0.9952
vn 0.0978 0.0048 -0.9952
vn 0.2899 0.0143 -0.9569
vn -0.0984 -0.0048 -0.9951
vn -0.0984 0.0048 -0.9951
vn 0.0977 -0.0048 -0.9952
vn -0.0983 -0.0048 -0.9951
vn -0.2906 -0.0142 -0.9567
vn -0.2878 -0.0427 -0.9567
vn -0.0973 -0.0144 -0.9951
vn -0.2823 -0.0706 -0.9567
vn -0.0954 -0.0238 -0.9951
vn -0.2740 -0.0979 -0.9567
vn -0.0955 -0.0238 -0.9951
vn -0.0927 -0.0330 -0.9951
vn -0.2631 -0.1243 -0.9567
vn -0.2629 -0.1243 -0.9568
vn -0.0890 -0.0420 -0.9951
vn -0.2495 -0.1494 -0.9568
vn -0.0845 -0.0504 -0.9951
vn -0.0791 -0.0585 -0.9951
vn -0.2337 -0.1731 -0.9568
vn -0.0730 -0.0659 -0.9951
vn -0.2156 -0.1952 -0.9568
vn -0.2157 -0.1953 -0.9567
vn -0.0729 -0.0658 -0.9952
vn -0.0661 -0.0726 -0.9952
vn -0.1956 -0.2154 -0.9567
vn -0.1955 -0.2153 -0.9568
vn -0.0587 -0.0787 -0.9952
vn -0.1734 -0.2335 -0.9568
vn -0.0587 -0.0788 -0.9952
vn -0.0507 -0.0841 -0.9952
vn -0.1497 -0.2493 -0.9568
vn -0.0422 -0.0887 -0.9952
vn -0.1246 -0.2627 -0.9568
vn -0.1244 -0.2625 -0.9569
vn -0.0981 -0.2734 -0.9569
vn -0.1592 -0.4443 -0.8816
vn -0.2020 -0.4265 -0.8816
vn -0.2141 -0.5977 -0.7726
vn -0.1149 -0.4577 -0.8816
vn -0.1545 -0.6159 -0.7725
vn -0.1545 -0.6158 -0.7726
vn -0.0934 -0.6280 -0.7726
vn -0.0934 -0.6281 -0.7725
vn -0.2717 -0.5739 -0.7726
vn -0.2428 -0.4047 -0.8816
vn -0.3266 -0.5445 -0.7726
vn -0.2717 -0.5738 -0.7726
vn -0.2814 -0.3791 -0.8816
vn -0.3784 -0.5099 -0.7726
vn -0.2813 -0.3790 -0.8816
vn -0.3171 -0.3496 -0.8816
vn -0.4265 -0.4703 -0.7726
vn -0.3172 -0.3497 -0.8815
vn -0.3499 -0.3169 -0.8815
vn -0.4706 -0.4263 -0.7726
vn -0.3498 -0.3168 -0.8816
vn -0.3793 -0.2811 -0.8815
vn -0.5101 -0.3781 -0.7725
vn -0.4050 -0.2426 -0.8815
vn -0.5447 -0.3263 -0.7726
vn -0.5101 -0.3781 -0.7726
vn -0.4268 -0.2018 -0.8815
vn -0.5741 -0.2714 -0.7725
vn -0.5448 -0.3264 -0.7725
vn -0.4444 -0.1589 -0.8816
vn -0.5980 -0.2139 -0.7725
vn -0.4446 -0.1589 -0.8815
vn -0.4578 -0.1146 -0.8816
vn -0.6160 -0.1543 -0.7725
vn -0.4579 -0.1146 -0.8816
vn -0.5979 -0.2139 -0.7725
vn -0.7284 -0.2606 -0.6336
vn -0.7283 -0.2606 -0.6337
vn -0.7505 -0.1879 -0.6336
vn -0.8307 -0.2972 -0.4708
vn -0.8307 -0.2972 -0.4707
vn -0.8558 -0.2143 -0.4708
vn -0.7653 -0.1135 -0.6336
vn -0.8558 -0.2143 -0.4707
vn -0.8727 -0.1294 -0.4707
vn -0.7652 -0.1135 -0.6337
vn -0.7727 -0.0379 -0.6337
vn -0.6344 -0.0311 -0.7724
vn -0.6343 -0.0312 -0.7725
vn -0.6282 -0.0931 -0.7725
vn -0.4716 -0.0232 -0.8815
vn -0.4670 -0.0692 -0.8815
vn -0.2906 0.0143 -0.9567
vn -0.4716 0.0232 -0.8815
vn -0.2903 0.0142 -0.9568
vn -0.0973 0.0144 -0.9951
vn -0.0983 0.0048 -0.9951
vn -0.2878 0.0427 -0.9567
vn -0.0954 0.0238 -0.9951
vn -0.0955 0.0238 -0.9951
vn -0.2823 0.0706 -0.9567
vn -0.4579 0.1146 -0.8816
vn -0.4670 0.0692 -0.8815
vn -0.4669 0.0692 -0.8816
vn -0.6282 0.0931 -0.7724
vn -0.6343 0.0311 -0.7724
vn -0.6344 0.0312 -0.7724
vn -0.4715 0.0232 -0.8815
vn -0.7652 0.1135 -0.6337
vn -0.7727 0.0380 -0.6337
vn -0.7726 0.0379 -0.6338
vn -0.6282 0.0931 -0.7725
vn -0.7505 0.1879 -0.6336
vn -0.7653 0.1135 -0.6336
vn -0.6160 0.1543 -0.7725
vn -0.7284 0.2606 -0.6336
vn -0.5980 0.2139 -0.7725
vn -0.5979 0.2139 -0.7725
vn -0.6993 0.3307 -0.6337
vn -0.7284 0.2605 -0.6337
vn -0.5741 0.2714 -0.7725
vn -0.4050 0.2426 -0.8815
vn -0.5448 0.3264 -0.7725
vn -0.4268 0.2018 -0.8815
vn -0.2630 0.1242 -0.9568
vn -0.2495 0.1494 -0.9568
vn -0.0845 0.0504 -0.9951
vn -0.0890 0.0420 -0.9951
vn -0.2631 0.1243 -0.9567
vn 0.0837 -0.0504 -0.9952
vn -0.0791 0.0584 -0.9951
vn 0.0785 -0.0585 -0.9952
vn 0.0839 -0.0504 -0.9952
vn 0.2491 -0.1494 -0.9569
vn 0.0786 -0.0585 -0.9952
vn 0.2331 -0.1731 -0.9569
vn 0.2489 -0.1494 -0.9569
vn 0.4043 -0.2425 -0.8819
vn 0.4046 -0.2426 -0.8817
vn 0.3788 -0.2811 -0.8817
vn 0.3493 -0.3169 -0.8818
vn 0.3787 -0.2811 -0.8818
vn 0.2149 -0.1951 -0.9569
vn 0.2150 -0.1951 -0.9569
vn 0.0657 -0.0728 -0.9952
vn 0.1948 -0.2152 -0.9569
vn 0.0724 -0.0659 -0.9952
vn 0.0656 -0.0727 -0.9952
vn -0.0661 0.0726 -0.9952
vn -0.0587 0.0787 -0.9952
vn 0.0582 -0.0789 -0.9952
vn -0.0729 0.0658 -0.9952
vn -0.2156 0.1951 -0.9568
vn -0.1954 0.2153 -0.9568
vn -0.3172 0.3497 -0.8815
vn -0.3499 0.3169 -0.8815
vn -0.3499 0.3169 -0.8816
vn -0.1955 0.2153 -0.9568
vn -0.2814 0.3791 -0.8816
vn -0.1734 0.2335 -0.9568
vn -0.2813 0.3790 -0.8816
vn -0.2428 0.4047 -0.8816
vn -0.1497 0.2493 -0.9568
vn -0.2020 0.4265 -0.8816
vn -0.1245 0.2625 -0.9569
vn -0.1245 0.2628 -0.9568
vn -0.1592 0.4443 -0.8816
vn -0.0982 0.2736 -0.9568
vn -0.0981 0.2734 -0.9569
vn -0.1149 0.4577 -0.8816
vn -0.0709 0.2817 -0.9569
vn -0.0709 0.2819 -0.9568
vn -0.0429 0.2875 -0.9568
vn -0.0695 0.4668 -0.8816
vn -0.0429 0.2873 -0.9569
vn -0.1545 0.6159 -0.7725
vn -0.1545 0.6158 -0.7726
vn -0.0934 0.6281 -0.7725
vn -0.2141 0.5977 -0.7726
vn -0.2607 0.7282 -0.6338
vn -0.2607 0.7282 -0.6339
vn -0.2717 0.5739 -0.7726
vn -0.3309 0.6991 -0.6339
vn -0.3309 0.6992 -0.6338
vn -0.2717 0.5738 -0.7726
vn -0.3266 0.5445 -0.7726
vn -0.3978 0.6633 -0.6339
vn -0.3784 0.5099 -0.7726
vn -0.4609 0.6212 -0.6338
vn -0.0145 0.2903 -0.9568
vn -0.0234 0.4713 -0.8816
vn 0.0232 0.4714 -0.8816
vn -0.0234 0.4714 -0.8816
vn 0.0692 0.4668 -0.8816
vn 0.0931 0.6279 -0.7727
vn 0.1879 0.7502 -0.6339
vn 0.1135 0.7650 -0.6339
vn 0.1542 0.6157 -0.7727
vn 0.2605 0.7282 -0.6339
vn 0.2138 0.5977 -0.7727
vn 0.1542 0.6158 -0.7727
vn 0.1147 0.4578 -0.8816
vn 0.1590 0.4443 -0.8816
vn 0.2018 0.4266 -0.8816
vn 0.2714 0.5738 -0.7727
vn 0.3976 0.6634 -0.6339
vn 0.3307 0.6991 -0.6339
vn 0.3263 0.5444 -0.7727
vn 0.4607 0.6212 -0.6339
vn 0.3781 0.5099 -0.7727
vn 0.3263 0.5445 -0.7727
vn 0.2426 0.4048 -0.8816
vn 0.2811 0.3790 -0.8816
vn 0.3169 0.3497 -0.8816
vn 0.4263 0.4703 -0.7727
vn 0.2811 0.3791 -0.8816
vn 0.5194 0.5730 -0.6339
vn 0.5730 0.5194 -0.6339
vn 0.5731 0.5194 -0.6339
vn 0.4703 0.4263 -0.7727
vn 0.6212 0.4607 -0.6339
vn 0.5098 0.3781 -0.7727
vn 0.3791 0.2811 -0.8816
vn 0.3497 0.3169 -0.8816
vn 0.4048 0.2426 -0.8816
vn 0.5445 0.3263 -0.7727
vn 0.5444 0.3263 -0.7727
vn 0.6634 0.3976 -0.6339
vn 0.6991 0.3307 -0.6339
vn 0.5738 0.2714 -0.7727
vn 0.7282 0.2605 -0.6339
vn 0.7282 0.2606 -0.6339
vn 0.5977 0.2139 -0.7727
vn 0.4266 0.2018 -0.8816
vn 0.4443 0.1590 -0.8816
vn 0.5976 0.2138 -0.7727
vn 0.6158 0.1542 -0.7727
vn 0.6157 0.1542 -0.7727
vn 0.4444 0.1590 -0.8816
vn 0.4578 0.1147 -0.8816
vn 0.6279 0.0931 -0.7727
vn 0.4668 0.0692 -0.8816
vn 0.2819 0.0706 -0.9568
vn 0.2875 0.0426 -0.9568
vn 0.4668 0.0693 -0.8816
vn 0.0953 0.0239 -0.9952
vn 0.6340 0.0311 -0.7727
vn 0.7725 0.0379 -0.6339
vn 0.7651 0.1135 -0.6339
vn 0.7725 0.0380 -0.6339
vn 0.8811 -0.0433 -0.4709
vn 0.8811 0.0433 -0.4709
vn 0.8811 0.0433 -0.4710
vn 0.9559 -0.0469 -0.2900
vn 0.9559 -0.0469 -0.2899
vn 0.9559 0.0470 -0.2899
vn 0.9940 -0.0488 -0.0979
vn 0.9559 0.0470 -0.2900
vn 0.9940 0.0488 -0.0979
vn -0.9941 0.0979 -0.0471
vn -0.9942 -0.0979 -0.0443
vn -0.9999 -0.0000 0.0104
vn -0.7138 0.7003 -0.0000
vn -0.9944 0.1060 -0.0000
vn -1.0000 -0.0000 -0.0085
vn -0.9944 0.1061 0.0001
vn -0.9943 0.0979 0.0425
vn -0.9944 -0.0979 0.0401
vn -0.9569 -0.2903 0.0001
vn -0.9944 -0.1056 0.0001
vn -0.8819 -0.4714 0.0001
vn -0.7730 -0.6344 0.0001
vn -0.8503 -0.5263 -0.0000
vn -0.5094 -0.8605 -0.0000
vn -0.6946 -0.7194 -0.0000
vn -0.4897 -0.8272 -0.2757
vn -0.6946 -0.7194 0.0001
vn -0.0002 0.0004 1.0000
vn 1.0000 0.0001 -0.0001
vn -0.2279 -0.9737 -0.0000
vn -0.0002 0.0003 1.0000
vn 1.0000 0.0010 0.0003
vn -0.3420 -0.9397 -0.0001
vn -0.0000 -0.0536 0.9986
vn 0.9994 -0.0029 -0.0344
vn -0.0001 -0.0535 0.9986
vn 0.0332 0.0064 0.9994
vn -0.3419 -0.9397 -0.0001
vn 0.0164 0.0203 0.9997
vn -0.1446 0.0612 0.9876
vn -0.0000 -0.0538 0.9986
vn 0.7981 0.6026 -0.0000
vn 0.0020 0.0780 0.9969
vn -0.0000 0.0817 0.9967
vn -0.0000 0.0826 0.9966
vn -0.9599 -0.2804 0.0001
vn -0.9933 -0.1152 0.0001
vn -0.9936 -0.1128 -0.0104
vn -0.9946 -0.1033 0.0068
vn -0.9954 -0.0939 0.0206
vn -0.9933 -0.1157 -0.0002
vn -0.9944 -0.1056 0.0079
vn -0.6391 0.3909 -0.6624
vn -0.6632 0.4157 -0.6224
vn -0.6662 0.6000 -0.4430
vn -0.0000 0.8314 -0.5557
vn -0.0000 0.5554 -0.8316
vn -0.6858 0.6051 -0.4045
vn -0.0000 0.9808 -0.1952
vn -0.6873 0.7092 -0.1573
vn -0.6960 0.7042 -0.1402
vn -0.7029 0.7113 -0.0000
vn -0.6966 0.7048 0.1341
vn -0.0000 0.9808 0.1949
vn -0.6998 0.7007 0.1392
vn -0.0000 0.8315 0.5555
vn -0.6694 0.6177 0.4126
vn -0.6942 0.5706 0.4388
vn -0.6617 0.3616 0.6569
vn -0.9936 -0.1131 0.0050
vn -0.9935 -0.1140 0.0063
vn -0.6293 0.4319 0.6461
vn -0.6233 0.1007 0.7755
vn -0.9951 -0.0925 -0.0349
vn -0.5970 0.1566 0.7868
vn -0.6011 -0.1057 0.7922
vn -0.9951 0.0927 -0.0357
vn -0.9936 -0.1119 0.0127
vn -0.9937 0.1119 0.0113
vn -0.9938 0.1108 -0.0007
vn -0.9942 0.1073 -0.0056
vn -0.9936 0.1129 -0.0001
vn -0.9448 0.3278 0.0001
vn -0.9447 0.3278 0.0001
vn -0.9936 0.1130 -0.0000
vn -0.9936 0.1132 0.0001
vn -0.9945 0.1042 0.0072
vn -0.7082 -0.7060 -0.0000
vn -0.7003 -0.6982 -0.1483
vn -0.6953 -0.7050 -0.1401
vn -0.9934 0.1147 -0.0035
vn -0.6899 -0.5750 -0.4397
vn -0.0000 -0.9808 -0.1949
vn -0.6660 -0.6203 -0.4143
vn -0.0000 -0.8316 -0.5554
vn -0.0000 0.0907 0.9959
vn -0.0000 0.0956 0.9954
vn -0.0000 0.0970 0.9953
vn 1.0000 0.0015 -0.0002
vn -0.0000 0.0001 -1.0000
vn 0.8582 -0.5112 -0.0466
vn 0.9040 -0.4275 -0.0000
vn 0.9415 -0.3369 -0.0000
vn 0.9567 -0.2902 -0.0240
vn -0.9370 0.3353 -0.0979
vn -0.8996 0.4255 -0.0979
vn -0.9284 0.2325 -0.2899
vn -0.9011 0.3224 -0.2900
vn -0.9284 0.2325 -0.2900
vn -0.9654 0.2418 -0.0979
vn -0.9467 0.1404 -0.2900
vn -0.9844 0.1460 -0.0979
vn -0.9940 0.0488 -0.0979
vn -0.9559 0.0470 -0.2899
vn -0.9559 0.0469 -0.2900
vn -0.9559 -0.0470 -0.2899
vn -0.9940 -0.0488 -0.0979
vn -0.9467 -0.1404 -0.2900
vn -0.9467 -0.1404 -0.2899
vn -0.9844 -0.1460 -0.0979
vn -0.9284 -0.2325 -0.2899
vn -0.9284 -0.2325 -0.2900
vn -0.9654 -0.2418 -0.0979
vn -0.9654 -0.2418 -0.0980
vn 0.9700 0.2430 -0.0000
vn 0.9892 0.1467 -0.0000
vn 0.9949 0.0980 -0.0240
vn 0.9567 0.2902 -0.0240
vn -0.0000 -0.1949 0.9808
vn -0.0000 0.1952 0.9808
vn -0.0000 0.5557 0.8314
vn -0.0000 -0.5555 0.8315
vn -0.0000 -0.8314 0.5557
vn -0.0000 -0.9808 0.1952
vn -0.7013 -0.6992 0.1392
vn -0.6928 -0.7041 0.1558
vn -0.6914 -0.6007 0.4015
vn -0.6673 -0.4137 0.6193
vn -0.6705 -0.5955 0.4426
vn -0.6293 -0.1515 0.7623
vn -0.6339 -0.3798 0.6738
vn 0.8599 0.5084 -0.0450
vn 0.9040 0.4276 -0.0000
vn 0.9415 0.3369 -0.0000
vn 0.9949 -0.0980 -0.0240
vn 0.9988 -0.0491 -0.0000
vn 0.9988 0.0491 -0.0000
vn 0.9892 -0.1467 -0.0000
vn 0.9700 -0.2430 -0.0000
vn -0.8726 -0.1294 -0.4709
vn -0.8557 -0.2144 -0.4709
vn -0.7282 -0.2606 -0.6339
vn -0.7502 -0.1879 -0.6339
vn -0.5977 -0.2138 -0.7727
vn -0.5976 -0.2138 -0.7727
vn -0.4266 -0.2018 -0.8816
vn -0.5738 -0.2714 -0.7727
vn -0.4048 -0.2426 -0.8816
vn -0.5445 -0.3263 -0.7727
vn -0.3791 -0.2811 -0.8816
vn -0.5098 -0.3781 -0.7727
vn -0.3497 -0.3169 -0.8816
vn -0.4703 -0.4263 -0.7727
vn -0.1952 -0.2153 -0.9568
vn -0.3169 -0.3497 -0.8816
vn -0.2154 -0.1952 -0.9568
vn -0.1952 -0.2154 -0.9568
vn -0.0585 -0.0789 -0.9952
vn -0.1731 -0.2334 -0.9568
vn -0.0505 -0.0842 -0.9952
vn -0.1494 -0.2493 -0.9568
vn -0.0420 -0.0888 -0.9952
vn -0.1243 -0.2627 -0.9568
vn -0.0331 -0.0925 -0.9952
vn -0.0979 -0.2736 -0.9568
vn -0.0239 -0.0953 -0.9952
vn -0.0706 -0.2819 -0.9568
vn -0.0144 -0.0971 -0.9952
vn -0.1590 -0.4443 -0.8816
vn -0.2138 -0.5977 -0.7727
vn -0.2018 -0.4266 -0.8816
vn -0.2714 -0.5738 -0.7727
vn -0.2426 -0.4048 -0.8816
vn -0.3263 -0.5445 -0.7727
vn -0.2811 -0.3791 -0.8816
vn -0.3781 -0.5099 -0.7727
vn -0.3781 -0.5098 -0.7727
vn -0.4263 -0.4703 -0.7727
vn -0.8811 -0.0433 -0.4709
vn -0.8811 0.0433 -0.4709
vn -0.8726 0.1294 -0.4709
vn -0.8557 0.2143 -0.4709
vn -0.7650 0.1135 -0.6339
vn -0.7502 0.1879 -0.6339
vn -0.8557 0.2144 -0.4709
vn -0.7282 0.2605 -0.6339
vn -0.8306 0.2972 -0.4709
vn -0.7975 0.3772 -0.4709
vn -0.8652 0.4092 -0.2899
vn -0.8652 0.4092 -0.2900
vn -0.8209 0.4920 -0.2899
vn -0.8536 0.5116 -0.0979
vn -0.7993 0.5928 -0.0979
vn 0.8025 -0.5952 -0.0426
vn 0.8568 -0.5136 -0.0452
vn 0.7410 -0.6716 -0.0000
vn 0.7990 -0.5996 -0.0452
vn -0.7374 0.6683 -0.0979
vn -0.7374 0.6683 -0.0980
vn -0.6683 0.7374 -0.0979
vn -0.7091 0.6427 -0.2900
vn -0.7091 0.6427 -0.2899
vn -0.6427 0.7091 -0.2899
vn -0.5701 0.7687 -0.2899
vn -0.5928 0.7993 -0.0979
vn -0.5255 0.7086 -0.4709
vn -0.5701 0.7687 -0.2900
vn -0.5924 0.6536 -0.4710
vn -0.5924 0.6536 -0.4709
vn -0.5730 0.5194 -0.6339
vn -0.5731 0.5194 -0.6339
vn -0.5194 0.5731 -0.6339
vn -0.6536 0.5924 -0.4710
vn -0.6212 0.4607 -0.6339
vn -0.7086 0.5255 -0.4709
vn -0.6536 0.5924 -0.4709
vn -0.6634 0.3976 -0.6339
vn -0.7567 0.4535 -0.4710
vn -0.7567 0.4535 -0.4709
vn -0.8209 0.4920 -0.2900
vn -0.7687 0.5701 -0.2900
vn -0.6992 0.3307 -0.6339
vn -0.6991 0.3307 -0.6339
vn -0.5194 0.5730 -0.6339
vn -0.4607 0.6212 -0.6339
vn -0.3976 0.6634 -0.6339
vn -0.4535 0.7567 -0.4709
vn -0.4920 0.8209 -0.2900
vn -0.3772 0.7975 -0.4709
vn -0.4092 0.8652 -0.2899
vn -0.4092 0.8652 -0.2900
vn -0.4255 0.8996 -0.0980
vn -0.3353 0.9370 -0.0980
vn -0.3353 0.9370 -0.0979
vn -0.3224 0.9011 -0.2899
vn -0.2325 0.9284 -0.2899
vn -0.2418 0.9654 -0.0979
vn -0.2144 0.8557 -0.4709
vn -0.2972 0.8306 -0.4709
vn -0.3307 0.6991 -0.6339
vn -0.2606 0.7282 -0.6339
vn -0.1404 0.9467 -0.2899
vn -0.1294 0.8726 -0.4709
vn -0.1460 0.9844 -0.0979
vn 0.2430 -0.9700 -0.0000
vn 0.2902 -0.9567 -0.0240
vn 0.3369 -0.9415 -0.0000
vn 0.4276 -0.9040 -0.0000
vn 0.4713 -0.8817 -0.0240
vn 0.5141 -0.8577 -0.0000
vn -0.5116 0.8536 -0.0979
vn -0.4255 0.8996 -0.0979
vn 0.5957 -0.8032 -0.0000
vn 0.6342 -0.7728 -0.0240
vn 0.6716 -0.7409 -0.0000
vn 0.8002 -0.5998 -0.0000
vn 0.7998 -0.6002 0.0001
vn -0.0000 0.0816 0.9967
vn -0.0000 0.0717 0.9974
vn -1.0000 0.0020 -0.0000
vn 1.0000 0.0031 -0.0000
vn -0.0000 0.0743 0.9972
vn -1.0000 -0.0046 -0.0064
vn 0.0007 0.0607 0.9982
vn -0.0000 0.0615 0.9981
vn -0.8247 0.5655 0.0001
vn -0.8222 0.5692 -0.0007
vn -0.8989 0.4381 0.0001
vn -0.8819 0.4714 0.0001
vn -0.7721 0.6336 0.0486
vn -0.7789 0.6272 0.0001
vn -0.7071 0.7071 -0.0005
vn -0.9998 0.0217 -0.0000
vn -0.7788 0.6272 -0.0000
vn -0.7071 0.7071 0.0011
vn -0.7719 0.6335 -0.0542
vn -0.0209 0.9998 -0.0000
vn -0.8567 0.5158 -0.0000
vn -0.8418 0.5273 -0.1149
vn 0.7993 -0.5928 -0.0979
vn 0.8536 -0.5116 -0.0979
vn 0.8209 -0.4920 -0.2900
vn 0.8652 -0.4092 -0.2899
vn 0.8996 -0.4255 -0.0979
vn 0.8652 -0.4092 -0.2900
vn 0.7975 -0.3772 -0.4709
vn 0.7567 -0.4535 -0.4709
vn 0.8209 -0.4920 -0.2899
vn 0.7086 -0.5255 -0.4709
vn 0.7687 -0.5701 -0.2899
vn 0.7687 -0.5701 -0.2900
vn 0.7374 -0.6683 -0.0979
vn 0.7091 -0.6427 -0.2899
vn 0.6683 -0.7374 -0.0979
vn 0.6427 -0.7091 -0.2899
vn 0.7091 -0.6427 -0.2900
vn 0.6537 -0.5924 -0.4709
vn 0.5924 -0.6536 -0.4709
vn 0.6536 -0.5924 -0.4709
vn 0.6427 -0.7091 -0.2900
vn 0.8306 -0.2972 -0.4709
vn 0.9011 -0.3224 -0.2899
vn 0.8557 -0.2143 -0.4709
vn 0.9284 -0.2325 -0.2899
vn 0.9654 -0.2418 -0.0980
vn 0.9370 -0.3353 -0.0980
vn 0.9284 -0.2325 -0.2900
vn 0.9467 -0.1404 -0.2900
vn 0.9844 -0.1460 -0.0979
vn 0.9654 -0.2418 -0.0979
vn 0.8996 -0.4255 -0.0980
vn 0.8726 -0.1294 -0.4709
vn -0.9569 0.2903 0.0001
vn 0.0003 0.0157 0.9999
vn -0.0002 0.0170 0.9999
vn -0.0001 0.0172 0.9999
vn -0.0000 0.9840 -0.1781
vn -0.0001 0.0847 0.9964
vn 0.0001 0.6998 -0.7144
vn -0.0001 0.1490 0.9888
vn -0.0002 0.1489 0.9888
vn 0.0001 -0.9125 -0.4091
vn -0.0000 0.0849 0.9964
vn -0.0000 0.9338 -0.3577
vn 0.1467 -0.9892 -0.0000
vn -0.1460 0.9844 -0.0980
vn -0.0488 0.9940 -0.0980
vn -0.4920 0.8209 -0.2899
vn -0.7282 0.2606 -0.6339
vn -0.6157 0.1542 -0.7727
vn -0.5977 0.2139 -0.7727
vn -0.6279 0.0931 -0.7727
vn -0.4668 0.0693 -0.8816
vn -0.4668 0.0692 -0.8816
vn -0.0000 -0.1951 -0.9808
vn -0.0000 -0.1950 -0.9808
vn -0.0000 -0.5557 -0.8314
vn -0.5968 -0.1565 -0.7870
vn -0.6328 -0.4303 -0.6438
vn -0.6259 -0.0942 -0.7742
vn -0.6598 -0.3724 -0.6527
vn -0.9945 0.1041 0.0119
vn -0.9948 0.0994 0.0215
vn -0.0000 0.1949 -0.9808
vn -0.6015 0.0960 -0.7931
vn -0.6355 0.1505 -0.7573
vn -0.0002 0.0903 0.9959
vn -0.0002 0.0822 0.9966
vn -0.9938 0.1111 -0.0092
vn -0.9963 -0.0822 -0.0249
vn -0.9934 -0.1150 -0.0000
vn -0.8504 -0.5262 -0.0000
vn -0.8504 -0.5262 0.0001
vn -0.0000 0.0762 0.9971
vn 0.7964 0.6032 -0.0430
vn 0.8026 0.5953 -0.0384
vn 0.8570 0.5137 -0.0419
vn 0.7971 0.6038 0.0004
vn 0.6342 0.7728 -0.0240
vn 0.6344 0.7730 0.0002
vn 0.6716 0.7409 -0.0000
vn 0.7409 0.6716 -0.0000
vn 0.4713 0.8817 -0.0240
vn 0.4714 0.8819 0.0001
vn 0.5957 0.8032 -0.0000
vn 0.5141 0.8577 -0.0000
vn 0.2902 0.9567 -0.0240
vn 0.2903 0.9569 -0.0000
vn 0.3369 0.9415 -0.0000
vn 0.4275 0.9040 -0.0000
vn -0.9682 0.2503 -0.0003
vn -0.9695 0.2449 0.0039
vn 0.0003 -0.0000 -1.0000
vn -0.9706 0.2409 -0.0003
vn -0.2903 -0.9569 -0.0001
vn -0.0979 -0.9952 -0.0000
vn -0.0005 0.0001 1.0000
vn -0.0001 -0.0001 1.0000
vn -0.0006 0.0001 1.0000
vn -0.0002 -0.0000 1.0000
vn 0.2281 0.7522 0.6182
vn 0.3704 0.6932 0.6182
vn 0.2282 0.7522 0.6182
vn 0.0968 0.9953 -0.0000
vn 0.0975 0.9952 -0.0000
vn 0.0758 0.7824 0.6181
vn 0.2903 0.9569 0.0001
vn 0.0006 0.0007 -1.0000
vn 0.0003 0.0006 -1.0000
vn 0.4983 0.6078 0.6182
vn 0.3702 0.6934 0.6182
vn 0.4984 0.6077 0.6183
vn 0.7730 0.6344 0.0002
vn 0.6075 0.4986 0.6183
vn 0.6075 0.4987 0.6183
vn 0.8819 0.4714 0.0003
vn 0.6930 0.3707 0.6183
vn 0.6931 0.3705 0.6183
vn 0.9569 0.2903 0.0003
vn 0.8819 0.4713 0.0003
vn 0.7521 0.2282 0.6183
vn 0.7520 0.2283 0.6183
vn 0.9952 0.0980 0.0003
vn 0.7821 0.0770 0.6183
vn -0.0004 -0.0000 1.0000
vn 0.7821 -0.0770 0.6183
vn -0.0004 -0.0001 1.0000
vn 0.7520 -0.2282 0.6183
vn 0.7521 -0.2282 0.6183
vn 0.9952 -0.0980 0.0003
vn 0.9569 -0.2903 0.0003
vn 0.0006 -0.0001 -1.0000
vn 0.0005 -0.0002 -1.0000
vn 0.0007 -0.0000 -1.0000
vn 0.8819 -0.4714 0.0003
vn 0.0004 -0.0003 -1.0000
vn 0.7730 -0.6344 0.0002
vn 0.4983 -0.6078 0.6183
vn 0.6075 -0.4986 0.6183
vn 0.6344 -0.7730 0.0002
vn 0.4985 -0.6077 0.6182
vn 0.3704 -0.6933 0.6182
vn 0.3702 -0.6934 0.6182
vn 0.4714 -0.8819 0.0001
vn -0.0003 0.0001 1.0000
vn -0.0003 0.0002 1.0000
vn 0.2281 -0.7522 0.6182
vn 0.0763 -0.7824 0.6181
vn 0.0759 -0.7824 0.6182
vn 0.0968 -0.9953 -0.0000
vn 0.2902 -0.9570 0.0001
vn 0.0005 -0.0006 -1.0000
vn 0.0003 -0.0005 -1.0000
vn 0.0004 -0.0006 -1.0000
vn -0.0008 -0.0006 -1.0000
vn -0.0006 -0.0006 -1.0000
vn -0.0005 -0.0006 -1.0000
vn -0.0007 -0.0006 -1.0000
vn -0.0012 0.0002 -1.0000
vn -0.6344 -0.7730 0.0004
vn -0.4714 -0.8819 0.0003
vn -0.4984 -0.6076 0.6184
vn -0.3702 -0.6933 0.6183
vn -0.3703 -0.6932 0.6183
vn 0.0007 -0.0003 1.0000
vn -0.2277 -0.7523 0.6182
vn -0.0762 -0.7824 0.6181
vn 0.0006 0.0001 1.0000
vn -0.2275 -0.7523 0.6183
vn -0.0759 -0.7824 0.6182
vn -0.2902 -0.9570 0.0002
vn -0.0968 -0.9953 0.0001
vn -0.4983 -0.6077 0.6184
vn -0.6073 -0.4987 0.6185
vn -0.7730 -0.6344 0.0005
vn -0.6073 -0.4986 0.6185
vn 0.0006 -0.0001 1.0000
vn -0.6929 -0.3705 0.6186
vn -0.6929 -0.3705 0.6185
vn 0.0005 0.0001 1.0000
vn -0.7519 -0.2281 0.6186
vn -0.7519 -0.2282 0.6186
vn -0.7820 -0.0770 0.6186
vn -0.7819 -0.0774 0.6186
vn -0.7819 0.0770 0.6186
vn -0.7819 0.0774 0.6185
vn 0.0008 -0.0001 1.0000
vn -0.7519 0.2281 0.6186
vn -0.9952 0.0980 0.0006
vn -0.9569 0.2903 0.0006
vn -0.0010 0.0001 -1.0000
vn -0.0011 -0.0000 -1.0000
vn -0.8819 0.4714 0.0005
vn -0.0007 0.0005 -1.0000
vn -0.8819 0.4713 0.0005
vn -0.7730 0.6344 0.0005
vn -0.0011 -0.0003 -1.0000
vn -0.6344 0.7730 0.0004
vn -0.6073 0.4987 0.6185
vn -0.4984 0.6076 0.6184
vn -0.4983 0.6077 0.6184
vn -0.3703 0.6932 0.6183
vn -0.4714 0.8819 0.0003
vn -0.0006 0.0007 -1.0000
vn -0.0008 0.0007 -1.0000
vn -0.2903 0.9569 0.0002
vn -0.0980 0.9952 0.0001
vn -0.2277 0.7523 0.6183
vn -0.2275 0.7523 0.6182
vn -0.0759 0.7824 0.6181
vn -0.0968 0.9953 -0.0000
vn 0.0008 -0.0000 1.0000
vn -0.0762 0.7823 0.6182
vn 0.0763 0.7823 0.6182
vn -0.3702 0.6933 0.6183
vn -0.0007 0.0007 -1.0000
vn -0.6929 0.3705 0.6186
vn -0.6929 0.3705 0.6185
vn -0.7519 0.2282 0.6186
vn -0.9952 -0.0980 0.0006
vn -0.0009 -0.0001 -1.0000
vn -0.9569 -0.2903 0.0006
vn -0.8819 -0.4714 0.0005
vn -0.8820 -0.4713 0.0005
vn -0.0006 -0.0005 -1.0000
vn -0.2571 0.9664 0.0002
vn 0.0975 -0.9952 -0.0000
vn -0.0005 -0.0003 1.0000
vn 0.6075 -0.4987 0.6183
vn -0.0002 0.0001 1.0000
vn 0.6931 -0.3705 0.6183
vn 0.6930 -0.3707 0.6183
vn 0.2571 0.9664 0.0001
vn 0.0007 0.0001 -1.0000
vn 0.0006 0.0002 -1.0000
vn 0.0004 0.0004 -1.0000
vn 0.0006 0.0001 -1.0000
vn 0.0980 0.9952 -0.0000
vn 0.0980 0.9949 -0.0240
vn 0.2430 0.9700 -0.0000
vn 0.1467 0.9892 -0.0000
vn 0.0491 0.9988 -0.0000
vn -0.0000 0.9979 -0.0643
vn 0.0001 0.7810 -0.6245
vn 0.0001 -0.8550 -0.5186
vn -0.0000 -0.9980 0.0629
vn -0.0002 0.0368 0.9993
vn 0.3353 0.9370 -0.0979
vn 0.2418 0.9654 -0.0979
vn 0.3224 0.9011 -0.2900
vn 0.4092 0.8652 -0.2900
vn 0.4255 0.8996 -0.0979
vn 0.4920 0.8209 -0.2900
vn 0.5116 0.8536 -0.0979
vn 0.5928 0.7994 -0.0979
vn 0.5928 0.7993 -0.0979
vn 0.6683 0.7374 -0.0979
vn 0.7374 0.6683 -0.0979
vn 0.6427 0.7091 -0.2900
vn 0.7091 0.6427 -0.2900
vn 0.7687 0.5701 -0.2900
vn 0.7993 0.5928 -0.0979
vn 0.8209 0.4920 -0.2900
vn 0.8536 0.5116 -0.0979
vn 0.8652 0.4092 -0.2900
vn 0.8996 0.4255 -0.0979
vn 0.8652 0.4092 -0.2899
vn 0.9011 0.3224 -0.2899
vn 0.9370 0.3353 -0.0979
vn 0.9011 0.3224 -0.2900
vn 0.9284 0.2325 -0.2900
vn 0.9654 0.2418 -0.0979
vn 0.9467 0.1404 -0.2900
vn 0.9844 0.1460 -0.0979
vn 0.8558 0.2144 -0.4709
vn 0.8726 0.1294 -0.4709
vn 0.7650 0.1135 -0.6340
vn 0.8726 0.1294 -0.4710
vn 0.7502 0.1879 -0.6339
vn 0.7502 0.1879 -0.6340
vn 0.8306 0.2972 -0.4709
vn 0.7975 0.3772 -0.4709
vn 0.7567 0.4535 -0.4709
vn 0.7086 0.5255 -0.4709
vn 0.6537 0.5924 -0.4709
vn 0.5924 0.6537 -0.4709
vn 0.5924 0.6536 -0.4709
vn 0.5255 0.7086 -0.4709
vn 0.5701 0.7687 -0.2900
vn 0.4535 0.7567 -0.4709
vn 0.3772 0.7975 -0.4709
vn 0.2972 0.8306 -0.4709
vn 0.2143 0.8557 -0.4709
vn -0.0001 -0.1356 0.9908
vn -0.7138 -0.7003 -0.0000
vn -0.9944 -0.1055 -0.0000
vn 0.2334 0.1731 -0.9568
vn -0.0147 0.0971 -0.9952
vn -0.0241 0.0952 -0.9952
vn 0.0235 -0.0952 -0.9952
vn 0.0141 -0.0972 -0.9952
vn 0.0236 -0.0953 -0.9952
vn 0.0704 -0.2820 -0.9568
vn 0.0423 -0.2872 -0.9569
vn 0.0702 -0.2817 -0.9569
vn 0.1143 -0.4576 -0.8818
vn 0.1586 -0.4442 -0.8818
vn 0.1587 -0.4443 -0.8817
vn 0.0977 -0.2737 -0.9568
vn 0.2015 -0.4266 -0.8817
vn 0.0976 -0.2736 -0.9569
vn 0.1240 -0.2627 -0.9569
vn 0.2424 -0.4048 -0.8817
vn 0.2424 -0.4047 -0.8817
vn 0.1239 -0.2626 -0.9569
vn 0.1491 -0.2491 -0.9569
vn 0.2808 -0.3790 -0.8818
vn 0.2808 -0.3790 -0.8817
vn 0.1727 -0.2333 -0.9569
vn 0.3167 -0.3497 -0.8817
vn 0.3166 -0.3496 -0.8818
vn 0.3494 -0.3169 -0.8817
vn 0.4261 -0.4704 -0.7728
vn 0.4702 -0.4263 -0.7728
vn 0.4702 -0.4264 -0.7728
vn 0.5097 -0.3782 -0.7728
vn 0.6210 -0.4607 -0.6341
vn 0.5728 -0.5194 -0.6341
vn 0.7084 -0.5255 -0.4712
vn 0.6535 -0.5924 -0.4711
vn 0.7565 -0.4535 -0.4713
vn 0.8208 -0.4920 -0.2902
vn 0.7686 -0.5701 -0.2901
vn 0.8536 -0.5116 -0.0982
vn 0.7993 -0.5928 -0.0982
vn 0.7686 -0.5701 -0.2902
vn 0.7090 -0.6427 -0.2901
vn 0.7374 -0.6683 -0.0981
vn 0.5923 -0.6537 -0.4711
vn 0.6426 -0.7091 -0.2901
vn 0.5923 -0.6536 -0.4711
vn 0.4605 -0.6212 -0.6341
vn 0.5254 -0.7086 -0.4710
vn 0.5192 -0.5730 -0.6341
vn 0.3779 -0.5099 -0.7727
vn 0.3780 -0.5099 -0.7727
vn 0.3261 -0.5445 -0.7728
vn 0.3974 -0.6633 -0.6341
vn 0.3262 -0.5445 -0.7727
vn 0.2712 -0.5739 -0.7727
vn 0.3305 -0.6991 -0.6341
vn 0.4534 -0.7567 -0.4710
vn 0.3770 -0.7975 -0.4710
vn 0.4919 -0.8209 -0.2901
vn 0.5254 -0.7086 -0.4711
vn 0.5700 -0.7687 -0.2901
vn 0.6683 -0.7374 -0.0981
vn 0.5928 -0.7993 -0.0981
vn 0.6426 -0.7091 -0.2902
vn 0.5928 -0.7994 -0.0981
vn -0.5957 0.8032 0.0002
vn -0.6342 0.7728 -0.0238
vn -0.6716 0.7410 0.0002
vn -0.7410 0.6716 0.0002
vn -0.7964 0.6032 -0.0427
vn -0.8026 0.5953 -0.0382
vn -0.8570 0.5137 -0.0416
vn -0.8599 0.5084 -0.0447
vn -0.9040 0.4276 0.0003
vn -0.0003 -0.0001 -1.0000
vn 0.8996 -0.4255 -0.0982
vn 0.9370 -0.3353 -0.0982
vn 0.9010 -0.3224 -0.2902
vn 0.8651 -0.4092 -0.2902
vn 0.9010 -0.3224 -0.2903
vn 0.8305 -0.2972 -0.4712
vn 0.7973 -0.3772 -0.4713
vn 0.7973 -0.3772 -0.4712
vn 0.6990 -0.3307 -0.6340
vn 0.6632 -0.3976 -0.6341
vn 0.7565 -0.4535 -0.4712
vn 0.6632 -0.3976 -0.6340
vn 0.5737 -0.2715 -0.7728
vn 0.6989 -0.3307 -0.6341
vn 0.5442 -0.3263 -0.7729
vn 0.5443 -0.3264 -0.7728
vn 0.5736 -0.2714 -0.7729
vn 0.5975 -0.2139 -0.7729
vn 0.7280 -0.2606 -0.6341
vn 0.7281 -0.2606 -0.6341
vn 0.5976 -0.2139 -0.7728
vn 0.6156 -0.1543 -0.7728
vn 0.7501 -0.1879 -0.6341
vn 0.7500 -0.1879 -0.6342
vn 0.6278 -0.0932 -0.7728
vn 0.7648 -0.1135 -0.6342
vn 0.6278 -0.0931 -0.7728
vn 0.6339 -0.0311 -0.7728
vn 0.7722 -0.0380 -0.6342
vn 0.7723 -0.0379 -0.6342
vn 0.6338 0.0311 -0.7729
vn 0.7722 0.0379 -0.6342
vn 0.6338 -0.0312 -0.7729
vn 0.7723 0.0380 -0.6342
vn 0.7648 0.1135 -0.6342
vn 0.8810 0.0433 -0.4711
vn 0.8725 0.1295 -0.4711
vn 0.8724 0.1294 -0.4713
vn 0.7500 0.1879 -0.6342
vn 0.8555 0.2143 -0.4713
vn 0.7281 0.2606 -0.6341
vn 0.8304 0.2972 -0.4712
vn 0.7501 0.1880 -0.6341
vn 0.8304 0.2972 -0.4713
vn 0.5976 0.2139 -0.7728
vn 0.7280 0.2606 -0.6341
vn 0.6156 0.1543 -0.7728
vn 0.4439 0.1589 -0.8819
vn 0.5975 0.2138 -0.7729
vn 0.4575 0.1147 -0.8818
vn 0.4573 0.1146 -0.8819
vn 0.5737 0.2715 -0.7728
vn 0.5736 0.2714 -0.7729
vn 0.4264 0.2018 -0.8817
vn 0.4441 0.1590 -0.8817
vn 0.5443 0.3264 -0.7728
vn 0.5443 0.3263 -0.7729
vn 0.4044 0.2425 -0.8819
vn 0.4262 0.2017 -0.8819
vn 0.5096 0.3781 -0.7729
vn 0.5097 0.3782 -0.7728
vn 0.3788 0.2812 -0.8817
vn 0.4045 0.2426 -0.8817
vn 0.4702 0.4264 -0.7728
vn 0.5728 0.5194 -0.6341
vn 0.6210 0.4607 -0.6341
vn 0.6535 0.5924 -0.4712
vn 0.7084 0.5255 -0.4712
vn 0.6632 0.3977 -0.6340
vn 0.7565 0.4535 -0.4712
vn 0.6632 0.3976 -0.6341
vn 0.6990 0.3307 -0.6341
vn 0.7973 0.3771 -0.4712
vn 0.5192 0.5730 -0.6341
vn 0.5923 0.6537 -0.4711
vn 0.5923 0.6536 -0.4711
vn 0.5254 0.7086 -0.4710
vn 0.5254 0.7085 -0.4711
vn 0.4605 0.6212 -0.6341
vn 0.3974 0.6634 -0.6340
vn 0.4534 0.7567 -0.4710
vn 0.4534 0.7566 -0.4711
vn 0.4605 0.6212 -0.6340
vn 0.3779 0.5099 -0.7728
vn 0.3262 0.5445 -0.7727
vn 0.3779 0.5099 -0.7727
vn 0.3974 0.6633 -0.6341
vn 0.2712 0.5739 -0.7727
vn 0.3305 0.6991 -0.6341
vn 0.2604 0.7281 -0.6340
vn 0.2971 0.8305 -0.4711
vn 0.3770 0.7975 -0.4710
vn 0.2970 0.8306 -0.4710
vn 0.1877 0.7503 -0.6339
vn 0.2142 0.8557 -0.4710
vn 0.2142 0.8557 -0.4711
vn 0.2604 0.7283 -0.6339
vn 0.2136 0.5977 -0.7727
vn 0.4091 0.8651 -0.2901
vn 0.4919 0.8209 -0.2901
vn 0.4261 0.4704 -0.7728
vn 0.4702 0.4263 -0.7728
vn 0.4665 0.0692 -0.8818
vn 0.6278 0.0931 -0.7728
vn 0.4710 0.0231 -0.8818
vn 0.4712 0.0232 -0.8817
vn 0.6339 0.0312 -0.7728
vn 0.2899 -0.0142 -0.9569
vn 0.4712 -0.0231 -0.8817
vn 0.2898 0.0142 -0.9570
vn 0.2898 -0.0143 -0.9570
vn 0.0968 -0.0144 -0.9952
vn 0.2871 -0.0426 -0.9569
vn 0.0947 -0.0238 -0.9952
vn 0.2816 -0.0706 -0.9569
vn 0.0949 -0.0238 -0.9952
vn 0.2817 -0.0706 -0.9569
vn 0.4575 -0.1147 -0.8818
vn 0.4665 -0.0692 -0.8818
vn 0.2731 -0.0979 -0.9570
vn 0.4439 -0.1589 -0.8819
vn 0.2735 -0.0979 -0.9569
vn 0.4573 -0.1146 -0.8819
vn 0.0923 -0.0331 -0.9952
vn 0.0886 -0.0420 -0.9952
vn 0.0882 -0.0419 -0.9952
vn 0.2622 -0.1242 -0.9570
vn -0.0927 0.0330 -0.9951
vn 0.0919 -0.0330 -0.9952
vn 0.2625 -0.1243 -0.9569
vn 0.4264 -0.2018 -0.8817
vn 0.4441 -0.1590 -0.8817
vn 0.4710 -0.0232 -0.8818
vn 0.7973 0.3772 -0.4712
vn 0.8810 0.0433 -0.4712
vn 0.8810 -0.0433 -0.4712
vn 0.8725 -0.1294 -0.4711
vn 0.8810 -0.0433 -0.4711
vn 0.9558 -0.0470 -0.2903
vn 0.8724 -0.1295 -0.4713
vn 0.9466 -0.1404 -0.2903
vn 0.8556 -0.2143 -0.4713
vn 0.9283 -0.2325 -0.2902
vn 0.9466 -0.1404 -0.2902
vn 0.9844 -0.1460 -0.0982
vn 0.9653 -0.2418 -0.0982
vn 0.9283 -0.2325 -0.2903
vn -0.9415 0.3369 0.0003
vn -0.9700 0.2430 0.0003
vn -0.9567 0.2902 -0.0237
vn 0.8304 -0.2972 -0.4713
vn 0.4261 -0.2017 -0.8819
vn 0.0003 0.0818 0.9967
vn 0.0005 0.0822 0.9966
vn 0.0003 0.0826 0.9966
vn 0.0005 0.0903 0.9959
vn 0.9938 0.1111 -0.0095
vn 0.9936 -0.1128 -0.0107
vn 0.9946 -0.1033 0.0066
vn 0.6013 0.0960 -0.7933
vn 0.5966 -0.1566 -0.7871
vn 0.6257 -0.0943 -0.7743
vn 0.9948 0.0994 0.0212
vn 0.9945 0.1041 0.0115
vn 0.6326 -0.4302 -0.6440
vn 0.6596 -0.3724 -0.6529
vn 0.9934 0.1147 -0.0038
vn 0.6659 -0.6203 -0.4145
vn 0.6898 -0.5751 -0.4399
vn 0.6952 -0.7050 -0.1404
vn 0.7003 -0.6983 -0.1486
vn 0.9945 0.1042 0.0068
vn 0.9936 0.1130 -0.0003
vn 0.7082 -0.7060 -0.0002
vn 0.9936 0.1132 -0.0002
vn 0.9936 0.1129 -0.0004
vn 0.7013 -0.6992 0.1390
vn 0.6928 -0.7041 0.1556
vn 0.0001 -0.9808 0.1952
vn 0.0002 -0.8313 0.5558
vn 0.0002 -0.8314 0.5557
vn 0.6915 -0.6007 0.4013
vn 0.0003 -0.5554 0.8316
vn 0.6675 -0.4137 0.6191
vn 0.6706 -0.5955 0.4423
vn 0.0003 -0.1950 0.9808
vn 0.0003 -0.1949 0.9808
vn 0.6294 -0.1515 0.7621
vn 0.6340 -0.3796 0.6737
vn 0.9950 0.0927 -0.0360
vn 0.9938 0.1108 -0.0010
vn 0.6013 -0.1058 0.7920
vn 0.9936 -0.1119 0.0124
vn 0.9951 -0.0925 -0.0352
vn 0.9937 0.1119 0.0110
vn 0.5973 0.1565 0.7866
vn 0.6234 0.1008 0.7753
vn 0.9936 -0.1131 0.0047
vn 0.6619 0.3615 0.6567
vn 0.6294 0.4319 0.6460
vn 0.0002 0.8316 0.5554
vn 0.0003 0.5557 0.8314
vn 0.6696 0.6177 0.4124
vn 0.0003 0.1952 0.9808
vn 0.0003 0.1951 0.9808
vn 0.0001 0.9808 0.1950
vn 0.0001 0.9808 0.1949
vn 0.6998 0.7007 0.1390
vn 0.6943 0.5706 0.4385
vn 0.9963 -0.0822 -0.0252
vn 0.6966 0.7048 0.1339
vn 0.9935 -0.1140 0.0060
vn 0.9934 -0.1150 -0.0003
vn 0.7029 0.7113 -0.0002
vn 0.7029 0.7112 -0.0002
vn -0.0001 0.9808 -0.1953
vn -0.0001 0.9808 -0.1952
vn 0.6960 0.7042 -0.1404
vn -0.0002 0.8314 -0.5557
vn 0.6857 0.6051 -0.4047
vn 0.6872 0.7092 -0.1575
vn 0.6661 0.6000 -0.4431
vn 0.9944 -0.1056 0.0076
vn 0.9933 -0.1156 -0.0005
vn 0.6630 0.4158 -0.6225
vn 0.6389 0.3909 -0.6626
vn 0.9954 -0.0939 0.0202
vn -0.0003 0.1949 -0.9808
vn 0.6353 0.1505 -0.7575
vn -0.0003 0.5555 -0.8315
vn 0.9933 -0.1152 -0.0002
vn -1.0000 0.0001 0.0003
vn 0.9943 0.0979 0.0422
vn 0.9569 0.2903 -0.0002
vn 0.9944 0.1061 -0.0002
vn 0.8819 0.4714 -0.0002
vn 0.7789 0.6272 -0.0001
vn 0.7789 0.6271 -0.0000
vn 0.7719 0.6335 -0.0546
vn 0.9985 -0.0550 -0.0000
vn 0.7071 0.7071 0.0004
vn 0.6334 0.7718 -0.0560
vn -0.0551 0.9985 -0.0000
vn 0.6290 0.6771 -0.3820
vn 0.8568 0.5157 -0.0000
vn 0.7071 0.7071 -0.0010
vn 0.8417 0.5273 -0.1162
vn 0.4292 0.8033 -0.4130
vn 0.7721 0.6336 0.0484
vn -0.9654 -0.2418 -0.0976
vn -0.9371 -0.3353 -0.0976
vn -0.9285 -0.2325 -0.2896
vn -0.9012 -0.3224 -0.2897
vn -0.9284 -0.2325 -0.2897
vn -0.8997 -0.4255 -0.0976
vn -0.8652 -0.4092 -0.2897
vn -0.9845 -0.1460 -0.0976
vn -0.9468 -0.1404 -0.2897
vn -0.9468 -0.1404 -0.2896
vn -0.8813 -0.0433 -0.4706
vn -0.8728 -0.1294 -0.4706
vn -0.9560 -0.0470 -0.2897
vn -0.8812 0.0433 -0.4708
vn -0.9560 0.0470 -0.2897
vn -0.8813 0.0433 -0.4706
vn -0.9940 -0.0488 -0.0976
vn -0.9560 0.0470 -0.2896
vn -0.9940 0.0488 -0.0976
vn -0.9468 0.1404 -0.2896
vn -0.9468 0.1404 -0.2897
vn -0.9845 0.1460 -0.0976
vn -0.9654 0.2418 -0.0976
vn -0.9284 0.2325 -0.2897
vn -0.8307 0.2972 -0.4707
vn -0.9012 0.3224 -0.2897
vn -0.8558 0.2143 -0.4708
vn -0.8307 0.2972 -0.4708
vn -0.9371 0.3353 -0.0976
vn -0.9370 0.3353 -0.0976
vn 1.0000 -0.0000 0.0093
vn 0.9942 -0.0979 -0.0448
vn 0.9941 0.0979 -0.0476
vn 0.6671 0.7450 -0.0000
vn 0.9943 0.1062 -0.0000
vn 0.6671 -0.7450 -0.0000
vn 0.9944 -0.1057 -0.0000
vn -0.8727 0.1295 -0.4707
vn -0.8558 0.2143 -0.4707
vn -0.8727 0.1294 -0.4708
vn -0.8536 -0.5116 -0.0977
vn 1.0000 -0.0000 -0.0093
vn 0.9942 0.1073 -0.0059
vn -0.0001 -0.9808 -0.1949
vn -0.0001 -0.9808 -0.1950
vn -0.0002 -0.8316 -0.5554
vn -0.0002 -0.8315 -0.5555
vn -0.0002 -0.5556 -0.8314
vn -0.0002 -0.5556 -0.8315
vn -0.0003 -0.1954 -0.9807
vn -0.0003 -0.1952 -0.9808
vn 0.0003 0.0907 0.9959
vn -0.0017 0.0780 0.9969
vn -0.7981 0.6026 0.0002
vn -0.9994 -0.0029 -0.0342
vn 0.1449 0.0612 0.9876
vn 0.0003 -0.0538 0.9986
vn 0.0004 -0.0535 0.9986
vn -1.0000 0.0010 0.0006
vn -0.0161 0.0203 0.9997
vn -0.0329 0.0064 0.9994
vn 0.3420 -0.9397 -0.0002
vn 0.3419 -0.9397 -0.0002
vn 0.0003 -0.0536 0.9986
vn 0.0003 0.0762 0.9971
vn -1.0000 0.0001 0.0002
vn 0.0005 0.0003 1.0000
vn 0.0004 -0.1356 0.9908
vn -0.0003 -0.8550 -0.5186
vn -0.0002 -0.8550 -0.5186
vn 0.0005 0.0368 0.9993
vn -0.0003 0.7810 -0.6245
vn -0.7971 0.6038 0.0006
vn 0.8504 -0.5261 -0.0003
vn -0.4713 0.8817 -0.0239
vn -0.5141 0.8577 0.0002
vn -0.4276 0.9040 0.0001
vn -0.3369 0.9415 0.0001
vn 0.4255 -0.8996 -0.0980
vn 0.3352 -0.9370 -0.0980
vn 0.2418 -0.9654 -0.0980
vn 0.3223 -0.9011 -0.2900
vn 0.2142 -0.8557 -0.4710
vn 0.1293 -0.8726 -0.4710
vn 0.1133 -0.7650 -0.6340
vn 0.1877 -0.7502 -0.6340
vn 0.2142 -0.8557 -0.4711
vn 0.0309 -0.6341 -0.7726
vn 0.0929 -0.6280 -0.7726
vn 0.0309 -0.6340 -0.7727
vn 0.0378 -0.7724 -0.6340
vn -0.0311 -0.6340 -0.7727
vn -0.0379 -0.7725 -0.6339
vn 0.0378 -0.7725 -0.6339
vn -0.1294 -0.8726 -0.4709
vn 0.0229 -0.4714 -0.8816
vn 0.0929 -0.6279 -0.7727
vn 0.0229 -0.4712 -0.8817
vn 0.0690 -0.4667 -0.8817
vn 0.1540 -0.6158 -0.7727
vn 0.0690 -0.4669 -0.8816
vn 0.1144 -0.4578 -0.8816
vn 0.2136 -0.5977 -0.7727
vn 0.2603 -0.7282 -0.6341
vn 0.1878 -0.7503 -0.6339
vn 0.2604 -0.7283 -0.6339
vn 0.2971 -0.8306 -0.4710
vn 0.2970 -0.8305 -0.4711
vn 0.4091 -0.8651 -0.2901
vn 0.3223 -0.9011 -0.2901
vn 0.5116 -0.8536 -0.0981
vn 0.5096 -0.3782 -0.7728
vn 0.0502 -0.0842 -0.9952
vn -0.0508 0.0843 -0.9951
vn -0.0423 0.0886 -0.9952
vn 0.0416 -0.0888 -0.9952
vn -0.0507 0.0841 -0.9952
vn -0.0334 0.0927 -0.9951
vn -0.0424 0.0890 -0.9951
vn 0.0328 -0.0926 -0.9952
vn 0.0417 -0.0889 -0.9952
vn 0.0327 -0.0924 -0.9952
vn 0.0424 -0.2875 -0.9568
vn -0.0334 0.0924 -0.9952
vn -0.0588 0.0789 -0.9951
vn -0.3793 0.2811 -0.8815
vn -0.2337 0.1731 -0.9568
vn -0.0791 0.0585 -0.9951
vn -0.0730 0.0659 -0.9951
vn 0.0725 -0.0660 -0.9952
vn -0.2740 0.0979 -0.9567
vn -0.4444 0.1589 -0.8816
vn -0.4446 0.1590 -0.8815
vn -0.7726 -0.0380 -0.6338
vn -0.4669 -0.0692 -0.8816
vn -0.0709 -0.2819 -0.9568
vn -0.0982 -0.2736 -0.9568
vn 0.0500 0.0839 -0.9952
vn 0.0581 0.0787 -0.9952
vn 0.0501 0.0841 -0.9952
vn 0.0657 0.0728 -0.9952
vn 0.0582 0.0789 -0.9952
vn 0.0724 0.0659 -0.9952
vn 0.0656 0.0727 -0.9952
vn 0.0785 0.0584 -0.9952
vn -0.0708 -0.2817 -0.9569
vn 0.0703 0.2820 -0.9568
vn -0.0314 -0.6341 -0.7726
vn 0.1147 -0.4578 -0.8816
vn 0.1542 -0.6157 -0.7727
vn -0.0381 -0.7725 -0.6339
vn 0.1879 -0.7502 -0.6339
vn -0.0471 -0.9559 -0.2899
vn 0.1078 0.9942 -0.0000
vn 0.6920 0.7219 -0.0000
vn -0.6915 0.7224 -0.0000
vn -0.6915 0.7223 -0.0000
vn 0.0001 -0.0001 1.0000
vn -0.1078 0.9942 -0.0000
vn 0.0002 0.0007 -1.0000
vn 0.0991 0.9951 -0.0000
vn 0.0001 0.0006 -1.0000
vn 0.0995 0.9950 -0.0000
vn -0.0991 0.9951 -0.0000
vn -0.0995 0.9950 -0.0000
vn -0.0777 0.7822 0.6181
vn 0.0779 0.7822 0.6181
vn -0.2278 0.7523 0.6182
vn -0.0774 0.7822 0.6182
vn -0.4714 0.8819 0.0001
vn -0.6344 0.7730 0.0002
vn -0.0004 0.0004 -1.0000
vn -0.0003 0.0005 -1.0000
vn -0.0006 0.0001 -1.0000
vn -0.7730 0.6344 0.0002
vn -0.6343 0.7730 0.0002
vn -0.4986 0.6076 0.6183
vn -0.4985 0.6076 0.6183
vn -0.6074 0.4988 0.6183
vn -0.6931 0.3705 0.6183
vn -0.8819 0.4714 0.0003
vn -0.6075 0.4987 0.6183
vn -0.9569 0.2903 0.0003
vn -0.0006 0.0002 -1.0000
vn -0.0005 0.0003 -1.0000
vn -0.0007 0.0001 -1.0000
vn -0.9570 0.2902 0.0003
vn -0.9952 0.0980 0.0003
vn -0.0007 -0.0001 -1.0000
vn -0.9952 -0.0980 0.0003
vn -0.0008 -0.0000 -1.0000
vn -0.7821 0.0770 0.6184
vn -0.7821 0.0770 0.6183
vn -0.9569 -0.2903 0.0003
vn -0.0006 -0.0002 -1.0000
vn -0.7521 0.2281 0.6183
vn -0.6931 0.3706 0.6183
vn -0.3704 0.6933 0.6182
vn -0.3703 0.6933 0.6182
vn -0.2280 0.7523 0.6182
vn -0.0004 0.0006 -1.0000
vn 0.9682 -0.2503 -0.0003
vn 0.9695 -0.2449 0.0039
vn -0.0005 -0.0003 -1.0000
vn -0.0004 -0.0005 -1.0000
vn -0.0995 -0.9950 -0.0000
vn -0.7410 -0.6716 0.0002
vn -0.7990 -0.5996 -0.0449
vn -0.6716 -0.7409 0.0002
vn -0.8025 -0.5952 -0.0424
vn -0.8569 -0.5136 -0.0450
vn -0.9040 -0.4275 0.0003
vn -0.8582 -0.5112 -0.0464
vn -0.9415 -0.3369 0.0003
vn -0.9700 -0.2430 0.0003
vn -0.9567 -0.2902 -0.0237
vn -0.9892 -0.1467 0.0003
vn -1.0000 0.0015 0.0001
vn -1.0000 0.0031 0.0003
vn 1.0000 0.0020 -0.0003
vn -0.9831 0.1833 -0.0000
vn -0.9515 0.3077 -0.0000
vn -0.9029 0.4298 -0.0000
vn -0.8374 0.5467 -0.0000
vn -0.7556 0.6550 -0.0000
vn 0.3213 -0.9470 -0.0000
vn 0.4508 -0.8926 -0.0000
vn 0.1902 -0.9818 -0.0000
vn 0.0619 -0.9981 -0.0000
vn 0.5736 -0.8191 -0.0000
vn 0.6847 -0.7288 -0.0000
vn 0.7807 -0.6249 -0.0000
vn 0.8589 -0.5122 -0.0000
vn 0.9187 -0.3950 -0.0000
vn 0.9608 -0.2772 -0.0000
vn 0.9867 -0.1624 -0.0000
vn 0.9986 -0.0525 -0.0000
vn 0.9982 0.0593 -0.0000
vn -0.9978 -0.0664 -0.0000
vn -0.9982 0.0601 -0.0000
vn -0.0543 -0.9985 -0.0000
vn -0.1698 -0.9855 -0.0000
vn -0.2927 -0.9562 -0.0000
vn -0.2928 -0.9562 -0.0000
vn -0.4192 -0.9079 -0.0000
vn -0.4191 -0.9079 -0.0000
vn -0.5443 -0.8389 -0.0000
vn -0.6615 -0.7500 -0.0000
vn 0.8333 0.5528 -0.0000
vn 0.9019 0.4320 -0.0000
vn -0.8502 -0.5265 -0.0000
vn -0.7650 -0.6440 -0.0000
vn -0.9151 -0.4032 -0.0000
vn 0.9518 0.3068 -0.0000
vn -0.9599 -0.2802 -0.0000
vn 0.9807 -0.1955 -0.0000
vn -0.9492 0.3146 -0.0000
vn -0.9822 0.1878 -0.0000
vn 0.9452 -0.3266 -0.0000
vn 0.8914 -0.4533 -0.0000
vn 0.8202 -0.5721 -0.0000
vn 0.7338 -0.6793 -0.0000
vn -0.7476 0.6642 -0.0000
vn -0.6502 0.7597 -0.0000
vn -0.8310 0.5562 -0.0000
vn -0.5419 0.8404 -0.0000
vn -0.4254 0.9050 -0.0000
vn -0.3041 0.9527 -0.0000
vn -0.1811 0.9835 -0.0000
vn -0.0593 0.9982 -0.0000
vn -0.8987 0.4386 -0.0000
vn 0.3191 0.9477 -0.0000
vn 0.4436 0.8962 -0.0000
vn 0.5611 0.8278 -0.0000
vn 0.6682 0.7440 -0.0000
vn 0.7627 0.6468 -0.0000
vn 0.8422 0.5392 -0.0000
vn 0.1909 0.9816 -0.0000
vn 0.0628 0.9980 -0.0000
vn -0.0001 0.9338 -0.3577
vn 0.1293 0.8726 -0.4709
vn -0.2138 0.5976 -0.7727
vn -0.1731 0.2334 -0.9568
vn -0.0585 0.0789 -0.9952
vn -0.0505 0.0842 -0.9952
vn -0.1952 0.2153 -0.9568
vn -0.0660 0.0728 -0.9952
vn -0.0728 0.0660 -0.9952
vn -0.2153 0.1952 -0.9568
vn -0.0789 0.0585 -0.9952
vn -0.2334 0.1731 -0.9568
vn -0.0842 0.0505 -0.9952
vn -0.2493 0.1494 -0.9568
vn -0.0888 0.0420 -0.9952
vn -0.2627 0.1243 -0.9568
vn -0.0925 0.0331 -0.9952
vn 0.4578 -0.1147 -0.8816
vn 0.4668 -0.0692 -0.8816
vn 0.4443 -0.1590 -0.8816
vn 0.4266 -0.2018 -0.8816
vn 0.4048 -0.2426 -0.8816
vn 0.3791 -0.2811 -0.8816
vn 0.3497 -0.3169 -0.8816
vn 0.3169 -0.3497 -0.8816
vn 0.2811 -0.3790 -0.8816
vn 0.2426 -0.4048 -0.8816
vn 0.0789 0.0585 -0.9952
vn -0.2143 -0.8557 -0.4709
vn -0.3224 -0.9011 -0.2899
vn -0.3224 -0.9011 -0.2900
vn -0.5701 -0.7687 -0.2899
vn 0.2279 -0.9737 -0.0001
vn -0.2973 0.8306 -0.4709
vn -0.5929 0.7994 -0.0977
s 0
usemtl [Chris_Shoe_Sole]1
f 1//1 2//1 4//1
f 1//2 3//2 2//2
f 1//3 6//3 3//3
f 1//4 4//4 7//4
f 1//4 8//4 5//4
f 5//3 6//3 1//3
f 1//4 7//4 8//4
f 9//5 10//5 8//5
f 9//6 8//6 7//6
f 10//7 12//7 8//7
f 12//7 11//7 8//7
f 5//4 8//4 11//4
f 10//8 13//8 12//8
f 13//8 14//8 12//8
f 12//8 14//8 11//8
f 13//8 15//8 14//8
f 14//8 15//8 11//8
f 16//9 15//9 18//9
f 16//10 19//10 15//10
f 17//8 15//8 13//8
f 17//8 18//8 15//8
f 19//11 20//11 15//11
f 15//12 20//12 21//12
f 15//4 21//4 11//4
f 21//4 22//4 11//4
f 21//13 20//13 22//13
f 22//14 23//14 5//14
f 22//13 20//13 23//13
f 22//4 5//4 11//4
f 23//15 24//15 25//15
f 20//15 24//15 23//15
f 23//15 25//15 26//15
f 23//15 26//15 6//15
f 5//16 23//16 6//16
f 6//15 26//15 27//15
f 28//17 27//17 26//17
f 29//18 28//18 26//18
f 29//18 26//18 25//18
f 32//19 28//19 29//19
f 31//20 29//20 30//20
f 30//21 29//21 25//21
f 31//20 32//20 29//20
f 33//22 32//22 31//22
f 33//22 34//22 32//22
f 34//23 35//23 32//23
f 32//24 35//24 28//24
f 35//25 36//25 28//25
f 35//25 37//25 36//25
f 38//26 37//26 35//26
f 34//27 38//27 35//27
f 41//28 38//28 34//28
f 41//29 39//29 38//29
f 39//30 40//30 38//30
f 38//26 40//26 37//26
f 44//31 42//31 41//31
f 42//32 43//32 41//32
f 41//33 43//33 39//33
f 44//34 41//34 34//34
f 45//35 42//35 44//35
f 46//36 45//36 44//36
f 46//37 44//37 33//37
f 33//34 44//34 34//34
f 48//38 47//38 46//38
f 47//39 45//39 46//39
f 48//40 46//40 49//40
f 49//37 46//37 33//37
f 49//41 33//41 31//41
f 50//42 48//42 49//42
f 50//43 49//43 51//43
f 49//44 31//44 51//44
f 50//45 51//45 52//45
f 51//46 31//46 30//46
f 52//47 51//47 53//47
f 51//46 30//46 53//46
f 53//48 30//48 24//48
f 55//49 53//49 54//49
f 53//48 24//48 54//48
f 52//47 53//47 55//47
f 58//50 55//50 56//50
f 56//51 55//51 57//51
f 55//49 54//49 57//49
f 58//52 52//52 55//52
f 59//53 58//53 61//53
f 59//53 60//53 58//53
f 60//54 52//54 58//54
f 61//55 58//55 56//55
f 62//56 61//56 63//56
f 62//56 59//56 61//56
f 63//57 61//57 64//57
f 61//55 56//55 64//55
f 64//58 56//58 66//58
f 63//57 64//57 65//57
f 65//59 64//59 67//59
f 64//58 66//58 67//58
f 68//15 67//15 19//15
f 19//15 67//15 20//15
f 68//15 69//15 67//15
f 20//15 67//15 66//15
f 65//60 67//60 69//60
f 68//15 70//15 69//15
f 71//61 69//61 70//61
f 71//61 65//61 69//61
f 72//62 71//62 73//62
f 72//62 74//62 71//62
f 73//63 71//63 70//63
f 74//64 65//64 71//64
f 74//65 63//65 65//65
f 76//66 75//66 74//66
f 75//67 63//67 74//67
f 76//66 74//66 72//66
f 79//68 76//68 77//68
f 77//69 76//69 72//69
f 78//70 75//70 76//70
f 79//71 78//71 76//71
f 79//72 81//72 80//72
f 79//73 80//73 78//73
f 82//74 81//74 79//74
f 82//75 79//75 77//75
f 83//76 84//76 82//76
f 83//76 82//76 85//76
f 82//77 84//77 81//77
f 82//78 77//78 85//78
f 85//79 77//79 87//79
f 88//80 83//80 85//80
f 88//80 85//80 86//80
f 86//79 85//79 87//79
f 89//81 83//81 88//81
f 90//82 89//82 88//82
f 90//83 88//83 91//83
f 91//84 88//84 86//84
f 91//84 86//84 92//84
f 94//85 91//85 92//85
f 93//86 90//86 91//86
f 93//86 91//86 94//86
f 97//87 94//87 95//87
f 94//85 92//85 95//85
f 96//87 93//87 94//87
f 97//87 96//87 94//87
f 97//15 100//15 98//15
f 97//88 98//88 99//88
f 96//89 97//89 99//89
f 97//15 95//15 100//15
f 95//90 92//90 100//90
f 92//90 102//90 100//90
f 98//15 100//15 101//15
f 102//91 101//91 100//91
f 92//92 86//92 102//92
f 86//93 87//93 102//93
f 87//94 73//94 102//94
f 102//95 73//95 101//95
f 73//63 70//63 101//63
f 98//15 101//15 70//15
f 105//89 96//89 99//89
f 99//96 106//96 103//96
f 99//97 103//97 105//97
f 99//88 98//88 104//88
f 99//98 104//98 107//98
f 99//99 107//99 106//99
f 16//100 108//100 107//100
f 107//101 108//101 109//101
f 107//102 109//102 110//102
f 106//88 107//88 110//88
f 104//98 16//98 107//98
f 111//103 110//103 112//103
f 106//104 110//104 111//104
f 110//101 109//101 112//101
f 120//99 112//99 113//99
f 112//99 117//99 113//99
f 112//105 114//105 115//105
f 112//99 118//99 114//99
f 112//99 115//99 116//99
f 112//106 116//106 117//106
f 112//99 119//99 118//99
f 111//107 112//107 120//107
f 112//99 121//99 119//99
f 112//101 109//101 121//101
f 122//108 121//108 123//108
f 121//99 122//99 119//99
f 121//109 109//109 123//109
f 122//110 123//110 124//110
f 125//111 124//111 123//111
f 128//112 125//112 123//112
f 109//99 126//99 123//99
f 127//113 123//113 126//113
f 128//112 123//112 127//112
f 129//114 125//114 128//114
f 128//115 127//115 131//115
f 129//116 128//116 132//116
f 132//117 128//117 130//117
f 130//118 128//118 131//118
f 134//15 132//15 130//15
f 129//119 132//119 133//119
f 135//15 133//15 132//15
f 135//15 132//15 134//15
f 135//120 134//120 138//120
f 136//15 133//15 135//15
f 137//121 136//121 135//121
f 137//121 135//121 138//121
f 141//122 137//122 138//122
f 138//120 134//120 139//120
f 138//123 139//123 140//123
f 141//122 138//122 140//122
f 142//124 141//124 143//124
f 142//125 144//125 141//125
f 143//126 141//126 140//126
f 144//125 137//125 141//125
f 145//127 146//127 144//127
f 147//127 145//127 144//127
f 144//128 146//128 137//128
f 147//129 144//129 142//129
f 148//130 147//130 142//130
f 149//131 147//131 148//131
f 149//132 150//132 147//132
f 150//132 145//132 147//132
f 150//87 152//87 151//87
f 145//87 150//87 151//87
f 150//87 153//87 152//87
f 153//133 150//133 149//133
f 153//87 156//87 154//87
f 153//87 154//87 152//87
f 155//133 153//133 149//133
f 156//134 153//134 155//134
f 156//87 158//87 157//87
f 156//87 157//87 154//87
f 159//134 156//134 155//134
f 158//135 156//135 159//135
f 159//136 155//136 160//136
f 161//136 159//136 160//136
f 162//137 159//137 161//137
f 162//135 158//135 159//135
f 163//138 162//138 161//138
f 164//139 162//139 163//139
f 164//140 165//140 162//140
f 165//141 158//141 162//141
f 165//87 167//87 166//87
f 158//87 165//87 166//87
f 165//87 168//87 167//87
f 168//142 165//142 164//142
f 168//87 169//87 167//87
f 168//87 170//87 169//87
f 171//143 168//143 164//143
f 171//144 170//144 168//144
f 171//145 164//145 172//145
f 173//145 171//145 172//145
f 173//146 174//146 171//146
f 171//147 174//147 170//147
f 173//146 175//146 174//146
f 175//148 177//148 174//148
f 174//149 176//149 170//149
f 174//150 177//150 176//150
f 175//151 178//151 177//151
f 178//152 179//152 177//152
f 177//153 179//153 180//153
f 177//153 180//153 176//153
f 180//87 182//87 181//87
f 176//87 180//87 181//87
f 180//87 183//87 182//87
f 179//154 183//154 180//154
f 183//87 184//87 182//87
f 183//87 185//87 184//87
f 186//155 185//155 183//155
f 179//154 186//154 183//154
f 187//156 186//156 179//156
f 187//157 189//157 186//157
f 186//158 188//158 185//158
f 189//159 188//159 186//159
f 189//159 190//159 188//159
f 192//160 189//160 187//160
f 191//161 190//161 189//161
f 192//160 191//160 189//160
f 193//162 192//162 195//162
f 193//162 194//162 192//162
f 194//163 191//163 192//163
f 195//164 192//164 187//164
f 196//165 195//165 197//165
f 196//165 193//165 195//165
f 197//166 195//166 178//166
f 195//164 187//164 178//164
f 198//167 197//167 199//167
f 198//167 196//167 197//167
f 197//166 178//166 175//166
f 199//168 197//168 175//168
f 200//169 198//169 199//169
f 200//170 199//170 201//170
f 199//171 175//171 173//171
f 199//172 173//172 201//172
f 202//173 201//173 203//173
f 202//173 200//173 201//173
f 201//174 172//174 203//174
f 173//172 172//172 201//172
f 203//175 205//175 204//175
f 202//175 203//175 204//175
f 203//176 163//176 205//176
f 172//174 163//174 203//174
f 205//177 207//177 206//177
f 204//177 205//177 206//177
f 163//176 161//176 205//176
f 205//178 161//178 207//178
f 207//179 209//179 208//179
f 206//179 207//179 208//179
f 207//180 160//180 209//180
f 161//178 160//178 207//178
f 209//181 210//181 211//181
f 160//180 210//180 209//180
f 209//182 211//182 212//182
f 208//182 209//182 212//182
f 212//183 211//183 213//183
f 214//184 212//184 213//184
f 215//185 208//185 212//185
f 214//184 215//184 212//184
f 217//186 216//186 215//186
f 215//185 216//185 208//185
f 218//187 215//187 214//187
f 218//187 217//187 215//187
f 219//188 217//188 218//188
f 221//189 219//189 218//189
f 221//189 218//189 220//189
f 220//190 218//190 214//190
f 224//191 221//191 222//191
f 221//192 223//192 222//192
f 221//192 220//192 223//192
f 224//193 219//193 221//193
f 225//194 229//194 224//194
f 225//195 224//195 226//195
f 226//195 224//195 228//195
f 229//194 227//194 224//194
f 224//193 227//193 219//193
f 224//191 222//191 228//191
f 229//196 232//196 227//196
f 231//197 229//197 225//197
f 230//198 232//198 229//198
f 231//198 230//198 229//198
f 232//199 233//199 227//199
f 232//200 235//200 233//200
f 230//201 234//201 232//201
f 232//201 234//201 235//201
f 233//200 235//200 236//200
f 235//202 238//202 236//202
f 234//203 237//203 235//203
f 235//203 237//203 238//203
f 236//202 238//202 239//202
f 238//204 241//204 239//204
f 238//205 240//205 241//205
f 237//205 240//205 238//205
f 239//204 241//204 242//204
f 241//206 244//206 242//206
f 241//207 243//207 244//207
f 240//207 243//207 241//207
f 242//206 244//206 245//206
f 244//208 247//208 245//208
f 244//209 246//209 247//209
f 243//209 246//209 244//209
f 245//208 247//208 248//208
f 247//210 250//210 248//210
f 246//211 249//211 247//211
f 247//212 249//212 250//212
f 248//210 250//210 253//210
f 250//213 251//213 252//213
f 249//213 251//213 250//213
f 250//214 252//214 253//214
f 253//214 252//214 254//214
f 253//215 254//215 256//215
f 248//216 253//216 255//216
f 253//215 256//215 255//215
f 256//217 257//217 258//217
f 256//218 259//218 257//218
f 255//219 256//219 258//219
f 254//220 259//220 256//220
f 259//221 260//221 257//221
f 259//221 261//221 260//221
f 262//222 261//222 259//222
f 254//223 262//223 259//223
f 254//224 264//224 262//224
f 262//225 265//225 263//225
f 262//226 263//226 261//226
f 264//227 265//227 262//227
f 264//228 266//228 265//228
f 266//229 267//229 265//229
f 265//229 267//229 268//229
f 265//230 268//230 263//230
f 267//231 270//231 268//231
f 268//232 269//232 271//232
f 268//231 270//231 269//231
f 263//230 268//230 271//230
f 263//233 271//233 274//233
f 271//232 269//232 272//232
f 271//234 272//234 273//234
f 271//234 273//234 274//234
f 261//235 274//235 275//235
f 274//236 276//236 275//236
f 274//237 273//237 276//237
f 263//233 274//233 261//233
f 275//238 276//238 278//238
f 273//239 277//239 276//239
f 276//240 277//240 279//240
f 276//240 279//240 278//240
f 277//241 280//241 279//241
f 279//242 280//242 282//242
f 278//243 279//243 281//243
f 279//242 282//242 281//242
f 282//244 283//244 284//244
f 282//245 285//245 283//245
f 281//246 282//246 284//246
f 280//247 285//247 282//247
f 285//248 286//248 283//248
f 287//248 286//248 285//248
f 285//249 288//249 287//249
f 280//247 288//247 285//247
f 289//250 288//250 280//250
f 289//250 291//250 288//250
f 288//251 291//251 290//251
f 288//249 290//249 287//249
f 294//252 291//252 289//252
f 291//253 292//253 293//253
f 294//252 292//252 291//252
f 291//251 293//251 290//251
f 295//254 294//254 297//254
f 295//254 296//254 294//254
f 296//255 292//255 294//255
f 297//256 294//256 289//256
f 297//256 289//256 277//256
f 273//239 297//239 277//239
f 272//257 297//257 273//257
f 272//257 295//257 297//257
f 295//258 298//258 296//258
f 298//259 300//259 296//259
f 296//259 300//259 299//259
f 296//255 299//255 292//255
f 299//260 300//260 301//260
f 300//261 302//261 301//261
f 298//262 303//262 300//262
f 300//261 303//261 302//261
f 303//263 304//263 302//263
f 303//263 306//263 304//263
f 305//262 303//262 298//262
f 305//264 306//264 303//264
f 306//265 307//265 309//265
f 308//266 307//266 306//266
f 306//265 309//265 304//265
f 308//264 306//264 305//264
f 309//267 307//267 311//267
f 312//268 309//268 310//268
f 309//268 311//268 310//268
f 304//269 309//269 312//269
f 312//270 310//270 313//270
f 315//270 312//270 313//270
f 304//269 312//269 314//269
f 314//271 312//271 315//271
f 315//272 313//272 316//272
f 318//272 315//272 316//272
f 314//273 315//273 317//273
f 317//274 315//274 318//274
f 318//275 316//275 319//275
f 321//276 318//276 319//276
f 317//277 318//277 320//277
f 320//278 318//278 321//278
f 324//279 321//279 322//279
f 321//279 319//279 322//279
f 320//278 321//278 323//278
f 323//280 321//280 324//280
f 324//281 325//281 327//281
f 324//281 322//281 325//281
f 323//282 324//282 326//282
f 326//283 324//283 327//283
f 327//284 325//284 328//284
f 327//284 328//284 330//284
f 326//285 327//285 329//285
f 329//286 327//286 330//286
f 330//287 331//287 333//287
f 330//287 328//287 331//287
f 329//286 330//286 332//286
f 332//288 330//288 333//288
f 333//289 334//289 336//289
f 333//289 331//289 334//289
f 332//288 333//288 335//288
f 335//290 333//290 336//290
f 334//291 337//291 336//291
f 336//291 337//291 339//291
f 335//290 336//290 338//290
f 338//292 336//292 339//292
f 337//293 340//293 339//293
f 339//293 340//293 342//293
f 338//294 339//294 341//294
f 341//295 339//295 342//295
f 342//296 343//296 344//296
f 340//297 343//297 342//297
f 345//298 342//298 344//298
f 341//295 342//295 345//295
f 348//299 345//299 346//299
f 345//300 344//300 346//300
f 347//301 341//301 345//301
f 347//301 345//301 348//301
f 351//302 347//302 348//302
f 350//303 348//303 349//303
f 348//299 346//299 349//299
f 351//302 348//302 350//302
f 354//304 347//304 351//304
f 352//305 351//305 353//305
f 352//305 354//305 351//305
f 353//306 351//306 350//306
f 357//307 355//307 354//307
f 354//304 355//304 347//304
f 356//308 354//308 352//308
f 356//308 357//308 354//308
f 360//309 358//309 357//309
f 357//307 358//307 355//307
f 359//310 357//310 356//310
f 359//310 360//310 357//310
f 360//309 361//309 358//309
f 363//311 361//311 360//311
f 362//312 360//312 359//312
f 362//312 363//312 360//312
f 363//313 364//313 361//313
f 366//314 364//314 363//314
f 365//315 363//315 362//315
f 365//315 366//315 363//315
f 369//316 367//316 366//316
f 366//314 367//314 364//314
f 368//317 366//317 365//317
f 368//317 369//317 366//317
f 369//316 370//316 367//316
f 372//318 370//318 369//318
f 371//319 369//319 368//319
f 371//319 372//319 369//319
f 372//318 373//318 370//318
f 375//320 373//320 372//320
f 374//321 372//321 371//321
f 374//321 375//321 372//321
f 378//322 376//322 375//322
f 375//320 376//320 373//320
f 377//323 375//323 374//323
f 377//323 378//323 375//323
f 301//324 379//324 378//324
f 378//322 379//322 376//322
f 380//325 378//325 377//325
f 380//325 301//325 378//325
f 299//260 301//260 380//260
f 299//326 380//326 381//326
f 381//327 380//327 382//327
f 380//328 377//328 382//328
f 382//329 377//329 383//329
f 382//330 383//330 385//330
f 381//331 382//331 384//331
f 384//330 382//330 385//330
f 385//332 383//332 386//332
f 385//333 386//333 388//333
f 384//334 385//334 387//334
f 387//335 385//335 388//335
f 387//336 388//336 389//336
f 389//337 388//337 390//337
f 388//337 391//337 390//337
f 388//338 386//338 391//338
f 390//339 391//339 392//339
f 391//339 394//339 392//339
f 386//338 393//338 391//338
f 391//340 393//340 394//340
f 392//341 394//341 395//341
f 394//342 397//342 395//342
f 393//340 396//340 394//340
f 394//343 396//343 397//343
f 395//344 397//344 398//344
f 397//344 400//344 398//344
f 396//343 399//343 397//343
f 397//345 399//345 400//345
f 398//346 400//346 401//346
f 400//346 403//346 401//346
f 399//345 402//345 400//345
f 400//347 402//347 403//347
f 401//348 403//348 404//348
f 403//348 406//348 404//348
f 402//347 405//347 403//347
f 403//349 405//349 406//349
f 404//350 406//350 407//350
f 406//351 409//351 407//351
f 405//352 408//352 406//352
f 406//353 408//353 409//353
f 407//354 409//354 410//354
f 409//354 411//354 410//354
f 408//353 412//353 409//353
f 409//355 412//355 411//355
f 408//356 414//356 412//356
f 414//356 413//356 412//356
f 412//357 413//357 415//357
f 412//355 415//355 411//355
f 413//357 416//357 415//357
f 415//358 416//358 417//358
f 415//359 417//359 418//359
f 411//359 415//359 418//359
f 418//360 417//360 419//360
f 418//361 419//361 421//361
f 411//362 418//362 420//362
f 420//361 418//361 421//361
f 421//363 422//363 423//363
f 421//363 424//363 422//363
f 420//364 421//364 423//364
f 421//365 419//365 424//365
f 424//366 425//366 422//366
f 424//366 427//366 425//366
f 424//365 419//365 426//365
f 424//367 426//367 427//367
f 427//367 426//367 428//367
f 427//368 428//368 430//368
f 429//369 427//369 430//369
f 425//370 427//370 429//370
f 429//371 430//371 433//371
f 430//372 432//372 431//372
f 433//373 430//373 431//373
f 430//374 428//374 432//374
f 436//375 429//375 433//375
f 434//376 433//376 431//376
f 435//377 433//377 434//377
f 435//378 436//378 433//378
f 437//378 436//378 435//378
f 438//379 436//379 437//379
f 439//380 429//380 436//380
f 439//380 436//380 438//380
f 425//381 429//381 439//381
f 441//382 425//382 439//382
f 440//383 439//383 438//383
f 441//382 439//382 440//382
f 422//384 441//384 442//384
f 442//385 441//385 443//385
f 443//386 441//386 440//386
f 422//384 425//384 441//384
f 443//387 440//387 446//387
f 445//388 443//388 444//388
f 444//85 443//85 446//85
f 442//385 443//385 445//385
f 446//389 440//389 447//389
f 446//389 447//389 449//389
f 444//390 446//390 448//390
f 448//391 446//391 449//391
f 449//392 447//392 450//392
f 449//392 450//392 452//392
f 448//391 449//391 451//391
f 451//393 449//393 452//393
f 452//394 450//394 453//394
f 452//395 453//395 454//395
f 451//393 452//393 455//393
f 455//396 452//396 454//396
f 456//15 455//15 458//15
f 456//15 457//15 455//15
f 457//15 451//15 455//15
f 455//396 454//396 458//396
f 459//15 456//15 458//15
f 459//397 458//397 461//397
f 458//398 454//398 460//398
f 458//398 460//398 461//398
f 462//15 459//15 461//15
f 462//15 461//15 464//15
f 461//399 460//399 463//399
f 461//399 463//399 464//399
f 465//15 464//15 466//15
f 465//15 462//15 464//15
f 464//400 463//400 467//400
f 464//401 467//401 466//401
f 467//402 468//402 469//402
f 463//403 468//403 467//403
f 467//404 469//404 470//404
f 466//405 467//405 470//405
f 469//406 471//406 470//406
f 471//407 473//407 470//407
f 470//408 473//408 472//408
f 466//405 470//405 472//405
f 471//409 474//409 473//409
f 474//409 476//409 473//409
f 473//410 476//410 475//410
f 473//411 475//411 472//411
f 474//412 477//412 476//412
f 477//412 479//412 476//412
f 476//410 478//410 475//410
f 476//413 479//413 478//413
f 477//414 480//414 479//414
f 480//414 482//414 479//414
f 479//413 481//413 478//413
f 479//415 482//415 481//415
f 480//416 483//416 482//416
f 483//417 485//417 482//417
f 482//418 485//418 484//418
f 482//415 484//415 481//415
f 483//419 486//419 485//419
f 486//420 488//420 485//420
f 485//421 488//421 487//421
f 485//422 487//422 484//422
f 486//423 489//423 488//423
f 489//424 491//424 488//424
f 488//425 491//425 490//425
f 488//426 490//426 487//426
f 489//427 493//427 491//427
f 493//428 492//428 491//428
f 491//429 492//429 494//429
f 491//425 494//425 490//425
f 495//15 490//15 494//15
f 496//15 495//15 494//15
f 497//15 496//15 494//15
f 492//429 497//429 494//429
f 498//15 500//15 497//15
f 499//430 498//430 497//430
f 499//430 497//430 492//430
f 500//15 496//15 497//15
f 503//431 496//431 500//431
f 502//432 500//432 501//432
f 501//15 500//15 498//15
f 502//433 503//433 500//433
f 504//434 495//434 503//434
f 505//15 504//15 503//15
f 502//15 505//15 503//15
f 503//435 495//435 496//435
f 505//15 508//15 504//15
f 506//15 505//15 502//15
f 507//436 505//436 506//436
f 507//436 508//436 505//436
f 508//15 509//15 504//15
f 508//15 514//15 509//15
f 510//436 508//436 513//436
f 515//436 508//436 510//436
f 511//436 508//436 507//436
f 512//436 508//436 511//436
f 513//436 508//436 512//436
f 516//436 514//436 508//436
f 515//436 516//436 508//436
f 515//437 518//437 516//437
f 516//436 517//436 514//436
f 516//438 519//438 517//438
f 518//438 519//438 516//438
f 518//439 520//439 519//439
f 519//439 520//439 521//439
f 519//440 521//440 522//440
f 519//441 522//441 517//441
f 517//441 522//441 523//441
f 522//442 524//442 523//442
f 522//440 521//440 524//440
f 523//442 524//442 526//442
f 524//443 525//443 526//443
f 524//444 527//444 525//444
f 524//440 521//440 527//440
f 521//4 528//4 527//4
f 527//4 528//4 529//4
f 525//445 527//445 529//445
f 525//8 529//8 533//8
f 529//4 530//4 532//4
f 529//4 528//4 530//4
f 531//8 529//8 532//8
f 534//8 529//8 531//8
f 533//8 529//8 534//8
f 535//8 534//8 531//8
f 536//8 534//8 535//8
f 538//446 534//446 536//446
f 537//447 534//447 538//447
f 533//448 534//448 537//448
f 538//436 540//436 539//436
f 537//436 538//436 539//436
f 541//436 540//436 538//436
f 542//436 541//436 538//436
f 538//446 536//446 542//446
f 543//436 541//436 542//436
f 544//436 543//436 542//436
f 542//449 545//449 544//449
f 542//449 536//449 545//449
f 545//8 536//8 546//8
f 545//450 546//450 544//450
f 535//451 543//451 546//451
f 544//450 546//450 543//450
f 546//8 536//8 535//8
f 535//452 541//452 543//452
f 540//453 541//453 531//453
f 541//453 535//453 531//453
f 540//436 547//436 549//436
f 540//454 548//454 547//454
f 540//455 531//455 548//455
f 540//436 549//436 539//436
f 554//456 549//456 550//456
f 550//457 549//457 551//457
f 551//458 549//458 532//458
f 549//459 547//459 532//459
f 539//4 549//4 552//4
f 552//460 549//460 553//460
f 553//99 549//99 554//99
f 554//461 555//461 556//461
f 557//462 555//462 554//462
f 553//461 554//461 556//461
f 557//463 554//463 550//463
f 558//464 563//464 557//464
f 558//464 557//464 559//464
f 559//464 557//464 564//464
f 560//464 557//464 565//464
f 560//464 561//464 557//464
f 564//464 557//464 561//464
f 557//465 563//465 562//465
f 557//462 562//462 555//462
f 557//466 550//466 565//466
f 566//464 567//464 565//464
f 577//464 566//464 565//464
f 567//464 578//464 565//464
f 569//464 565//464 568//464
f 574//464 568//464 565//464
f 580//464 565//464 569//464
f 570//464 574//464 565//464
f 571//464 570//464 565//464
f 571//464 565//464 579//464
f 579//464 565//464 572//464
f 572//467 565//467 573//467
f 573//468 565//468 575//468
f 565//469 550//469 575//469
f 576//464 565//464 580//464
f 576//464 577//464 565//464
f 578//464 560//464 565//464
f 580//470 582//470 576//470
f 569//471 581//471 580//471
f 580//470 581//470 582//470
f 576//472 582//472 584//472
f 584//464 582//464 583//464
f 583//464 582//464 585//464
f 582//464 581//464 585//464
f 586//473 583//473 585//473
f 586//473 585//473 571//473
f 571//474 585//474 587//474
f 585//464 581//464 587//464
f 581//464 588//464 587//464
f 589//464 587//464 588//464
f 571//474 587//474 570//474
f 570//475 587//475 589//475
f 588//464 590//464 589//464
f 574//476 589//476 590//476
f 570//475 589//475 574//475
f 568//477 590//477 588//477
f 574//476 590//476 568//476
f 569//471 588//471 581//471
f 568//477 588//477 569//477
f 591//478 583//478 586//478
f 591//464 586//464 579//464
f 586//464 571//464 579//464
f 592//464 591//464 579//464
f 592//479 593//479 591//479
f 591//478 593//478 583//478
f 593//464 584//464 583//464
f 592//479 594//479 593//479
f 594//464 595//464 593//464
f 595//464 584//464 593//464
f 596//480 584//480 595//480
f 596//480 595//480 597//480
f 597//481 595//481 598//481
f 598//464 595//464 594//464
f 597//481 598//481 602//481
f 601//464 598//464 599//464
f 599//464 598//464 594//464
f 602//482 598//482 600//482
f 600//464 598//464 601//464
f 602//464 603//464 597//464
f 604//464 603//464 602//464
f 604//482 602//482 600//482
f 604//483 600//483 605//483
f 606//483 604//483 605//483
f 606//464 603//464 604//464
f 606//484 605//484 607//484
f 609//484 606//484 607//484
f 609//464 608//464 606//464
f 608//464 603//464 606//464
f 609//485 607//485 611//485
f 610//464 608//464 609//464
f 610//485 609//485 611//485
f 610//486 611//486 612//486
f 611//464 607//464 613//464
f 612//464 611//464 614//464
f 614//464 611//464 613//464
f 615//487 614//487 613//487
f 615//488 616//488 614//488
f 616//488 617//488 614//488
f 612//464 614//464 617//464
f 616//489 619//489 617//489
f 618//464 612//464 617//464
f 619//490 618//490 617//490
f 621//464 619//464 616//464
f 621//464 620//464 619//464
f 619//491 620//491 618//491
f 621//464 650//464 622//464
f 621//464 622//464 624//464
f 665//464 621//464 623//464
f 621//464 647//464 623//464
f 621//464 624//464 631//464
f 625//464 645//464 621//464
f 653//464 625//464 621//464
f 664//464 626//464 621//464
f 626//464 633//464 621//464
f 635//464 627//464 621//464
f 627//464 653//464 621//464
f 628//464 620//464 621//464
f 642//464 628//464 621//464
f 629//464 621//464 638//464
f 630//464 621//464 629//464
f 654//464 621//464 630//464
f 621//464 631//464 632//464
f 621//464 632//464 655//464
f 633//464 635//464 621//464
f 634//464 621//464 662//464
f 638//464 621//464 634//464
f 621//464 637//464 636//464
f 621//464 636//464 640//464
f 621//464 639//464 637//464
f 621//464 615//464 639//464
f 621//464 640//464 661//464
f 621//464 660//464 641//464
f 621//464 641//464 643//464
f 645//464 642//464 621//464
f 621//464 643//464 650//464
f 644//464 664//464 621//464
f 657//464 644//464 621//464
f 662//464 621//464 646//464
f 646//464 621//464 656//464
f 621//464 616//464 615//464
f 621//464 648//464 647//464
f 621//464 651//464 648//464
f 621//464 655//464 649//464
f 621//464 649//464 652//464
f 621//464 652//464 651//464
f 658//464 621//464 654//464
f 656//464 621//464 665//464
f 657//464 621//464 659//464
f 659//464 621//464 658//464
f 621//464 663//464 660//464
f 621//464 661//464 663//464
f 665//492 667//492 666//492
f 656//492 665//492 666//492
f 665//493 623//493 667//493
f 623//493 669//493 667//493
f 666//464 667//464 668//464
f 668//464 667//464 669//464
f 623//494 647//494 669//494
f 647//494 670//494 669//494
f 669//464 670//464 671//464
f 668//464 669//464 671//464
f 672//495 674//495 671//495
f 672//496 671//496 673//496
f 671//464 670//464 673//464
f 674//495 668//495 671//495
f 674//464 672//464 579//464
f 676//464 674//464 579//464
f 676//464 675//464 674//464
f 674//497 675//497 668//497
f 676//464 684//464 675//464
f 686//498 676//498 677//498
f 676//461 579//461 677//461
f 678//464 676//464 680//464
f 678//464 681//464 676//464
f 676//464 687//464 679//464
f 676//464 679//464 683//464
f 686//498 680//498 676//498
f 676//464 681//464 682//464
f 676//464 682//464 685//464
f 676//464 683//464 684//464
f 676//464 685//464 687//464
f 689//499 687//499 685//499
f 687//500 689//500 688//500
f 679//500 687//500 688//500
f 689//499 685//499 695//499
f 689//464 691//464 688//464
f 694//464 690//464 689//464
f 689//464 690//464 693//464
f 689//464 692//464 691//464
f 689//464 693//464 692//464
f 695//464 694//464 689//464
f 695//501 685//501 682//501
f 695//501 682//501 697//501
f 696//464 694//464 695//464
f 697//464 696//464 695//464
f 697//502 681//502 699//502
f 697//502 682//502 681//502
f 699//464 698//464 697//464
f 698//464 696//464 697//464
f 699//503 700//503 702//503
f 699//503 681//503 700//503
f 702//464 701//464 699//464
f 701//464 698//464 699//464
f 702//504 700//504 703//504
f 702//504 703//504 705//504
f 704//464 702//464 705//464
f 704//464 701//464 702//464
f 705//505 706//505 707//505
f 705//505 703//505 706//505
f 705//464 707//464 704//464
f 707//506 708//506 704//506
f 707//506 706//506 708//506
f 709//464 710//464 708//464
f 709//464 708//464 706//464
f 704//507 708//507 710//507
f 709//464 711//464 710//464
f 701//508 710//508 711//508
f 704//507 710//507 701//507
f 709//464 712//464 711//464
f 698//509 711//509 712//509
f 701//508 711//508 698//508
f 709//464 713//464 712//464
f 696//510 712//510 713//510
f 698//509 712//509 696//509
f 715//464 714//464 713//464
f 713//511 714//511 694//511
f 709//464 715//464 713//464
f 696//510 713//510 694//510
f 715//464 716//464 714//464
f 715//464 717//464 716//464
f 717//465 715//465 719//465
f 720//512 715//512 709//512
f 715//465 718//465 719//465
f 718//498 715//498 721//498
f 720//513 721//513 715//513
f 721//464 723//464 722//464
f 721//461 722//461 725//461
f 720//513 724//513 721//513
f 718//498 721//498 725//498
f 721//464 724//464 723//464
f 725//464 726//464 719//464
f 725//464 728//464 726//464
f 718//464 725//464 719//464
f 727//464 728//464 725//464
f 725//464 731//464 727//464
f 725//464 729//464 731//464
f 725//464 730//464 729//464
f 722//461 730//461 725//461
f 732//514 737//514 731//514
f 732//515 731//515 729//515
f 737//516 733//516 731//516
f 731//464 733//464 736//464
f 735//464 731//464 734//464
f 731//464 736//464 734//464
f 740//464 731//464 735//464
f 738//464 731//464 739//464
f 727//464 731//464 738//464
f 739//464 731//464 740//464
f 741//517 739//517 740//517
f 742//518 740//518 735//518
f 742//517 741//517 740//517
f 742//464 743//464 744//464
f 743//518 742//518 735//518
f 742//464 744//464 745//464
f 741//464 742//464 745//464
f 741//464 745//464 746//464
f 746//519 745//519 747//519
f 747//519 745//519 748//519
f 748//520 745//520 744//520
f 748//520 744//520 749//520
f 748//464 749//464 750//464
f 747//464 748//464 750//464
f 603//521 608//521 750//521
f 603//522 750//522 757//522
f 608//521 751//521 750//521
f 751//464 753//464 750//464
f 753//464 752//464 750//464
f 752//464 747//464 750//464
f 749//464 754//464 750//464
f 754//464 756//464 750//464
f 756//464 755//464 750//464
f 755//464 759//464 750//464
f 750//464 760//464 757//464
f 758//464 750//464 759//464
f 758//464 760//464 750//464
f 761//523 760//523 758//523
f 761//524 762//524 760//524
f 762//524 763//524 760//524
f 760//464 763//464 757//464
f 764//525 763//525 762//525
f 764//525 766//525 763//525
f 763//464 765//464 767//464
f 763//464 766//464 765//464
f 757//464 763//464 767//464
f 768//526 757//526 767//526
f 768//526 767//526 769//526
f 769//527 767//527 765//527
f 769//464 770//464 596//464
f 769//527 765//527 770//527
f 597//464 768//464 769//464
f 597//464 769//464 596//464
f 596//464 770//464 771//464
f 770//528 772//528 771//528
f 770//528 765//528 772//528
f 771//529 772//529 774//529
f 765//464 766//464 772//464
f 766//464 773//464 772//464
f 772//464 773//464 774//464
f 771//529 774//529 775//529
f 775//530 774//530 776//530
f 773//464 776//464 774//464
f 775//530 776//530 777//530
f 777//531 776//531 778//531
f 776//464 779//464 778//464
f 773//464 779//464 776//464
f 779//464 780//464 778//464
f 782//532 780//532 779//532
f 782//532 779//532 781//532
f 781//533 779//533 773//533
f 558//464 559//464 782//464
f 559//534 780//534 782//534
f 781//464 558//464 782//464
f 783//464 558//464 781//464
f 781//533 773//533 783//533
f 764//464 558//464 783//464
f 783//535 766//535 764//535
f 783//535 773//535 766//535
f 559//534 787//534 780//534
f 784//464 785//464 780//464
f 780//464 786//464 784//464
f 778//464 780//464 785//464
f 786//464 780//464 787//464
f 564//536 788//536 787//536
f 564//536 787//536 559//536
f 786//464 787//464 788//464
f 561//537 788//537 564//537
f 789//464 786//464 788//464
f 788//464 790//464 789//464
f 561//537 790//537 788//537
f 560//538 790//538 561//538
f 560//538 789//538 790//538
f 578//539 789//539 560//539
f 578//539 786//539 789//539
f 567//540 784//540 786//540
f 567//540 786//540 578//540
f 577//541 785//541 566//541
f 566//542 785//542 784//542
f 577//541 778//541 785//541
f 566//542 784//542 567//542
f 777//531 778//531 577//531
f 576//464 777//464 577//464
f 576//464 775//464 777//464
f 596//464 775//464 576//464
f 596//464 771//464 775//464
f 603//522 757//522 768//522
f 603//464 768//464 597//464
f 762//464 558//464 764//464
f 761//464 558//464 762//464
f 791//523 761//523 758//523
f 791//464 558//464 761//464
f 791//543 758//543 792//543
f 793//543 791//543 792//543
f 793//464 558//464 791//464
f 793//544 792//544 733//544
f 737//544 793//544 733//544
f 737//464 558//464 793//464
f 795//464 792//464 794//464
f 794//464 792//464 758//464
f 733//464 792//464 795//464
f 795//545 796//545 798//545
f 794//546 796//546 795//546
f 795//545 798//545 797//545
f 795//464 797//464 733//464
f 800//464 798//464 796//464
f 797//547 798//547 799//547
f 799//464 798//464 802//464
f 800//464 801//464 798//464
f 801//464 803//464 798//464
f 803//464 802//464 798//464
f 755//548 803//548 801//548
f 756//549 802//549 803//549
f 756//549 803//549 755//549
f 804//464 802//464 805//464
f 804//464 799//464 802//464
f 754//550 805//550 802//550
f 754//550 802//550 756//550
f 749//551 805//551 754//551
f 749//551 744//551 805//551
f 743//464 804//464 805//464
f 743//464 805//464 744//464
f 734//552 804//552 743//552
f 736//553 799//553 804//553
f 736//553 804//553 734//553
f 796//464 800//464 801//464
f 759//554 801//554 800//554
f 755//548 801//548 759//548
f 796//464 806//464 800//464
f 807//555 800//555 806//555
f 759//554 800//554 807//554
f 807//555 806//555 808//555
f 807//556 808//556 758//556
f 759//464 807//464 758//464
f 808//557 809//557 794//557
f 808//464 794//464 758//464
f 808//557 806//557 809//557
f 806//464 796//464 809//464
f 794//546 809//546 796//546
f 797//547 799//547 736//547
f 736//464 733//464 797//464
f 753//558 810//558 752//558
f 751//559 811//559 753//559
f 753//558 811//558 810//558
f 813//464 812//464 811//464
f 812//464 810//464 811//464
f 813//464 811//464 608//464
f 751//559 608//559 811//559
f 813//560 728//560 727//560
f 812//560 813//560 727//560
f 813//561 814//561 728//561
f 814//464 813//464 608//464
f 717//464 814//464 608//464
f 814//562 717//562 726//562
f 814//561 726//561 728//561
f 812//464 815//464 810//464
f 815//563 812//563 738//563
f 812//563 727//563 738//563
f 815//464 741//464 746//464
f 815//464 746//464 810//464
f 815//564 738//564 739//564
f 741//564 815//564 739//564
f 752//565 810//565 746//565
f 752//565 746//565 747//565
f 734//552 743//552 735//552
f 732//464 558//464 737//464
f 558//566 732//566 729//566
f 558//462 729//462 730//462
f 558//462 730//462 722//462
f 717//562 719//562 726//562
f 552//567 553//567 724//567
f 552//568 724//568 720//568
f 818//498 724//498 553//498
f 724//464 816//464 723//464
f 816//465 724//465 817//465
f 724//465 818//465 817//465
f 818//498 553//498 556//498
f 818//464 556//464 817//464
f 817//464 819//464 820//464
f 556//464 819//464 817//464
f 821//464 817//464 820//464
f 821//498 816//498 817//498
f 723//465 821//465 820//465
f 821//498 723//498 816//498
f 822//462 820//462 819//462
f 822//465 723//465 820//465
f 822//464 823//464 563//464
f 822//462 819//462 823//462
f 822//464 563//464 722//464
f 723//464 822//464 722//464
f 823//465 819//465 824//465
f 825//465 823//465 824//465
f 823//464 825//464 563//464
f 826//498 825//498 824//498
f 826//498 563//498 825//498
f 563//465 826//465 562//465
f 824//464 562//464 826//464
f 556//464 824//464 819//464
f 556//464 555//464 824//464
f 824//464 555//464 562//464
f 558//464 722//464 563//464
f 709//569 827//569 720//569
f 720//570 827//570 828//570
f 720//570 828//570 552//570
f 828//571 537//571 539//571
f 828//571 833//571 537//571
f 829//572 832//572 828//572
f 830//570 829//570 828//570
f 827//570 830//570 828//570
f 831//4 828//4 832//4
f 831//4 833//4 828//4
f 552//573 828//573 539//573
f 833//8 836//8 537//8
f 835//4 833//4 831//4
f 833//8 834//8 836//8
f 834//4 833//4 835//4
f 834//8 837//8 836//8
f 525//574 836//574 837//574
f 525//575 533//575 836//575
f 836//576 533//576 537//576
f 834//577 526//577 837//577
f 526//443 525//443 837//443
f 835//578 838//578 523//578
f 835//578 523//578 834//578
f 835//579 839//579 838//579
f 840//580 839//580 835//580
f 840//580 835//580 831//580
f 841//581 459//581 840//581
f 459//582 462//582 840//582
f 462//583 465//583 840//583
f 840//584 465//584 839//584
f 841//585 840//585 831//585
f 842//586 457//586 841//586
f 457//587 456//587 841//587
f 842//588 841//588 832//588
f 456//589 459//589 841//589
f 841//585 831//585 832//585
f 845//590 843//590 842//590
f 843//591 846//591 842//591
f 846//592 457//592 842//592
f 845//593 842//593 844//593
f 842//588 832//588 844//588
f 457//15 846//15 451//15
f 846//15 448//15 451//15
f 846//15 843//15 448//15
f 847//594 843//594 845//594
f 850//595 847//595 845//595
f 848//596 850//596 845//596
f 848//104 845//104 849//104
f 845//89 844//89 851//89
f 849//88 845//88 851//88
f 852//597 853//597 851//597
f 852//598 851//598 844//598
f 853//599 854//599 851//599
f 854//598 855//598 851//598
f 858//600 851//600 855//600
f 856//601 851//601 857//601
f 856//600 849//600 851//600
f 857//602 851//602 858//602
f 860//603 858//603 855//603
f 859//604 857//604 858//604
f 859//604 858//604 860//604
f 862//605 860//605 861//605
f 861//606 860//606 863//606
f 862//605 859//605 860//605
f 860//607 855//607 863//607
f 855//608 864//608 863//608
f 863//609 864//609 866//609
f 861//610 863//610 865//610
f 863//611 866//611 865//611
f 864//612 868//612 866//612
f 866//613 867//613 865//613
f 868//614 867//614 866//614
f 869//614 830//614 868//614
f 870//615 869//615 868//615
f 864//616 870//616 868//616
f 868//4 830//4 867//4
f 854//617 870//617 864//617
f 854//617 853//617 870//617
f 853//585 871//585 870//585
f 870//615 871//615 869//615
f 852//580 872//580 871//580
f 853//585 852//585 871//585
f 872//618 873//618 871//618
f 871//619 873//619 869//619
f 873//613 830//613 869//613
f 874//4 830//4 873//4
f 872//620 874//620 873//620
f 875//4 830//4 874//4
f 874//621 876//621 875//621
f 876//622 874//622 872//622
f 876//623 877//623 879//623
f 876//624 878//624 877//624
f 872//625 878//625 876//625
f 875//626 876//626 879//626
f 882//627 879//627 880//627
f 879//628 881//628 880//628
f 879//623 877//623 881//623
f 875//627 879//627 882//627
f 882//556 830//556 875//556
f 884//614 882//614 883//614
f 882//629 880//629 883//629
f 884//4 830//4 882//4
f 884//630 888//630 885//630
f 884//4 885//4 886//4
f 884//4 886//4 887//4
f 884//4 887//4 889//4
f 884//4 883//4 888//4
f 884//98 889//98 892//98
f 893//4 829//4 884//4
f 884//4 829//4 830//4
f 884//631 890//631 895//631
f 884//98 892//98 890//98
f 894//462 891//462 884//462
f 891//632 893//632 884//632
f 894//462 884//462 895//462
f 895//464 896//464 898//464
f 895//613 890//613 896//613
f 897//464 895//464 898//464
f 897//462 894//462 895//462
f 898//633 896//633 900//633
f 901//634 898//634 899//634
f 899//634 898//634 900//634
f 897//464 898//464 901//464
f 897//464 901//464 902//464
f 902//635 901//635 903//635
f 901//636 899//636 903//636
f 902//637 903//637 904//637
f 905//638 904//638 903//638
f 905//638 903//638 906//638
f 906//639 903//639 899//639
f 894//640 906//640 907//640
f 908//641 906//641 894//641
f 908//642 905//642 906//642
f 906//639 899//639 907//639
f 908//643 909//643 912//643
f 908//644 910//644 909//644
f 908//645 911//645 910//645
f 908//646 849//646 911//646
f 908//643 912//643 905//643
f 914//647 913//647 908//647
f 913//87 849//87 908//87
f 914//647 908//647 897//647
f 897//462 908//462 894//462
f 914//648 915//648 913//648
f 914//649 916//649 915//649
f 914//464 897//464 916//464
f 916//650 917//650 915//650
f 917//651 916//651 918//651
f 897//464 918//464 916//464
f 917//651 918//651 920//651
f 920//652 918//652 919//652
f 918//652 867//652 919//652
f 862//464 867//464 918//464
f 921//464 862//464 918//464
f 922//464 921//464 918//464
f 923//464 922//464 918//464
f 924//464 923//464 918//464
f 925//464 924//464 918//464
f 897//464 925//464 918//464
f 897//464 926//464 925//464
f 925//653 926//653 928//653
f 924//654 925//654 927//654
f 925//654 928//654 927//654
f 926//655 930//655 928//655
f 927//656 928//656 929//656
f 928//656 931//656 929//656
f 928//657 930//657 931//657
f 931//658 849//658 929//658
f 930//657 911//657 931//657
f 911//645 849//645 931//645
f 926//659 932//659 930//659
f 932//660 933//660 930//660
f 930//661 933//661 911//661
f 935//662 934//662 933//662
f 933//663 934//663 910//663
f 932//662 935//662 933//662
f 933//661 910//661 911//661
f 897//464 935//464 932//464
f 935//664 936//664 934//664
f 897//464 936//464 935//464
f 938//665 937//665 936//665
f 936//666 937//666 934//666
f 897//464 938//464 936//464
f 938//665 904//665 937//665
f 897//464 902//464 938//464
f 902//667 904//667 938//667
f 934//668 937//668 909//668
f 937//669 904//669 912//669
f 937//668 912//668 909//668
f 934//663 909//663 910//663
f 897//464 932//464 926//464
f 929//670 849//670 939//670
f 927//671 929//671 939//671
f 940//671 927//671 939//671
f 940//672 939//672 941//672
f 939//670 849//670 941//670
f 942//672 940//672 941//672
f 942//673 941//673 856//673
f 941//674 849//674 856//674
f 940//675 942//675 923//675
f 942//673 856//673 943//673
f 942//676 943//676 922//676
f 942//675 922//675 923//675
f 943//677 856//677 857//677
f 921//678 943//678 859//678
f 943//677 857//677 859//677
f 943//679 921//679 922//679
f 924//680 927//680 940//680
f 923//681 924//681 940//681
f 921//682 859//682 862//682
f 678//652 920//652 709//652
f 920//652 919//652 709//652
f 917//651 920//651 678//651
f 709//569 919//569 827//569
f 919//569 830//569 827//569
f 919//569 867//569 830//569
f 944//464 915//464 917//464
f 944//464 917//464 947//464
f 946//683 945//683 917//683
f 945//683 947//683 917//683
f 946//684 917//684 948//684
f 948//651 917//651 678//651
f 948//464 961//464 949//464
f 948//464 949//464 958//464
f 948//464 950//464 966//464
f 948//464 678//464 950//464
f 948//464 958//464 951//464
f 948//464 951//464 952//464
f 948//464 952//464 956//464
f 948//464 955//464 953//464
f 948//464 953//464 954//464
f 948//464 954//464 959//464
f 948//464 965//464 955//464
f 948//464 956//464 962//464
f 948//464 959//464 957//464
f 948//464 957//464 960//464
f 946//464 948//464 962//464
f 948//464 960//464 961//464
f 948//464 966//464 963//464
f 948//464 963//464 964//464
f 948//464 964//464 965//464
f 950//464 969//464 966//464
f 967//685 966//685 968//685
f 967//685 963//685 966//685
f 968//686 966//686 969//686
f 950//464 970//464 969//464
f 971//687 969//687 970//687
f 968//686 969//686 971//686
f 971//687 970//687 975//687
f 968//464 971//464 973//464
f 971//464 972//464 974//464
f 971//464 975//464 972//464
f 973//464 971//464 974//464
f 975//688 970//688 976//688
f 975//688 976//688 977//688
f 975//464 977//464 978//464
f 972//464 975//464 978//464
f 978//689 956//689 952//689
f 956//465 978//465 979//465
f 978//464 981//464 979//464
f 978//464 982//464 980//464
f 978//464 980//464 981//464
f 978//464 985//464 982//464
f 978//689 952//689 972//689
f 978//464 977//464 983//464
f 978//464 983//464 990//464
f 978//464 986//464 984//464
f 978//464 984//464 985//464
f 978//464 987//464 986//464
f 978//464 988//464 987//464
f 978//464 989//464 988//464
f 978//464 991//464 989//464
f 992//464 978//464 990//464
f 978//464 993//464 991//464
f 978//464 992//464 993//464
f 994//690 991//690 993//690
f 994//690 993//690 995//690
f 995//691 993//691 992//691
f 995//691 992//691 996//691
f 996//464 997//464 995//464
f 995//464 997//464 994//464
f 997//465 998//465 1010//465
f 997//692 1008//692 998//692
f 1007//464 997//464 999//464
f 999//464 997//464 1001//464
f 1001//464 997//464 1000//464
f 1000//464 997//464 1006//464
f 1005//464 997//464 1002//464
f 1002//464 997//464 1004//464
f 994//464 997//464 1003//464
f 1003//464 997//464 1007//464
f 1004//464 997//464 1009//464
f 996//464 1008//464 997//464
f 1006//464 997//464 1005//464
f 1009//465 997//465 1010//465
f 1010//464 1014//464 1011//464
f 1013//464 1010//464 1011//464
f 1012//464 1010//464 998//464
f 1012//464 1014//464 1010//464
f 1013//498 1009//498 1010//498
f 1014//464 1017//464 1015//464
f 1014//464 1015//464 1011//464
f 1014//498 1016//498 1017//498
f 1014//498 1018//498 1016//498
f 1018//461 1014//461 1012//461
f 1019//464 1016//464 1018//464
f 950//464 1019//464 1018//464
f 950//464 1018//464 1020//464
f 1020//461 1018//461 1012//461
f 1020//693 1012//693 1021//693
f 1022//693 1020//693 1021//693
f 950//464 1020//464 1022//464
f 1022//694 1021//694 1023//694
f 1024//694 1022//694 1023//694
f 950//464 1022//464 1024//464
f 950//464 1024//464 1025//464
f 1025//695 1024//695 1026//695
f 1024//695 1023//695 1026//695
f 1026//464 1023//464 1029//464
f 990//464 1026//464 1027//464
f 1027//464 1026//464 1030//464
f 1025//696 1026//696 990//696
f 1026//464 1028//464 1030//464
f 1026//464 1031//464 1028//464
f 1026//464 1029//464 1031//464
f 1032//697 1028//697 1031//697
f 1032//697 1031//697 1033//697
f 1033//698 1031//698 1029//698
f 1033//698 1029//698 1034//698
f 1035//699 1034//699 1036//699
f 1034//699 1029//699 1036//699
f 1035//700 1036//700 1037//700
f 1029//464 1023//464 1036//464
f 1023//464 1037//464 1036//464
f 1038//700 1035//700 1037//700
f 1038//701 1037//701 1039//701
f 1023//464 1021//464 1037//464
f 1037//464 1021//464 1039//464
f 1040//702 1039//702 1041//702
f 1040//701 1038//701 1039//701
f 1021//464 1041//464 1039//464
f 1008//702 1040//702 1041//702
f 1008//692 1041//692 998//692
f 1021//464 1012//464 1041//464
f 1041//464 1012//464 998//464
f 1043//464 1042//464 1040//464
f 1042//464 1044//464 1040//464
f 1043//464 1040//464 1008//464
f 1038//464 1040//464 1044//464
f 1044//703 1030//703 1028//703
f 1042//704 1030//704 1044//704
f 1044//703 1028//703 1032//703
f 1044//464 1032//464 1038//464
f 1045//464 1043//464 1008//464
f 1045//705 1046//705 1043//705
f 1043//706 1027//706 1042//706
f 1043//706 1046//706 1027//706
f 990//464 1027//464 1046//464
f 1045//705 1047//705 1046//705
f 990//464 1046//464 1047//464
f 996//707 992//707 1047//707
f 996//707 1047//707 1045//707
f 1047//464 992//464 990//464
f 996//464 1045//464 1008//464
f 1042//704 1027//704 1030//704
f 950//464 1025//464 1048//464
f 1048//696 1025//696 990//696
f 950//464 1048//464 1049//464
f 1049//708 1048//708 983//708
f 1048//708 990//708 983//708
f 950//464 1049//464 976//464
f 1049//709 983//709 977//709
f 976//709 1049//709 977//709
f 1019//710 1050//710 1051//710
f 1019//465 950//465 1050//465
f 1052//710 1019//710 1051//710
f 1019//464 1052//464 1016//464
f 1052//464 1053//464 1055//464
f 1053//711 1052//711 1054//711
f 1052//464 1055//464 1016//464
f 1052//711 1051//711 1054//711
f 1055//461 1015//461 1017//461
f 1057//712 1015//712 1055//712
f 1055//464 1056//464 1058//464
f 1060//464 1056//464 1055//464
f 1055//464 1059//464 1057//464
f 1055//464 1058//464 1059//464
f 1016//461 1055//461 1017//461
f 1053//464 1061//464 1055//464
f 1061//464 1060//464 1055//464
f 1061//713 1053//713 1062//713
f 1061//714 1062//714 1063//714
f 1060//714 1061//714 1063//714
f 1063//464 1065//464 1064//464
f 1064//464 1068//464 1063//464
f 1063//464 1067//464 1065//464
f 1062//464 1066//464 1063//464
f 1066//464 1067//464 1063//464
f 1060//715 1063//715 1068//715
f 1073//464 1069//464 1068//464
f 1068//464 1069//464 1072//464
f 1070//464 1073//464 1068//464
f 1068//464 1064//464 1070//464
f 1056//716 1068//716 1071//716
f 1068//464 1072//464 1071//464
f 1056//715 1060//715 1068//715
f 1088//717 1073//717 1074//717
f 1074//465 1073//465 1084//465
f 1075//464 1073//464 1082//464
f 1076//464 1073//464 1075//464
f 1077//464 1073//464 1076//464
f 1078//464 1073//464 1077//464
f 1079//464 1073//464 1078//464
f 1080//464 1073//464 1079//464
f 677//464 1073//464 1080//464
f 1081//464 1073//464 1085//464
f 1083//464 1073//464 1081//464
f 1082//464 1073//464 1083//464
f 677//464 1084//464 1073//464
f 1086//464 1085//464 1073//464
f 1087//464 1086//464 1073//464
f 1073//464 1070//464 1087//464
f 1088//717 1069//717 1073//717
f 1088//718 1089//718 1069//718
f 1088//464 1090//464 1089//464
f 1074//464 1090//464 1088//464
f 1090//462 1084//462 1091//462
f 1090//462 1091//462 579//462
f 1090//465 1074//465 1084//465
f 1095//464 1090//464 1092//464
f 1092//464 1090//464 1093//464
f 1093//464 1090//464 1094//464
f 1094//464 1090//464 1096//464
f 1089//464 1090//464 1098//464
f 1090//464 579//464 572//464
f 1098//464 1090//464 1095//464
f 1090//464 572//464 1099//464
f 1090//464 1097//464 1096//464
f 1099//464 1097//464 1090//464
f 1099//464 572//464 1102//464
f 1099//719 1101//719 1097//719
f 1099//719 1100//719 1101//719
f 1102//720 1100//720 1099//720
f 1102//464 572//464 1104//464
f 1102//720 1103//720 1100//720
f 1104//721 1103//721 1102//721
f 1106//464 1104//464 572//464
f 1104//721 1105//721 1103//721
f 1106//722 1105//722 1104//722
f 1107//464 1106//464 572//464
f 1107//723 1108//723 1106//723
f 1106//722 1108//722 1105//722
f 1107//723 1109//723 1108//723
f 1103//464 1105//464 1108//464
f 1108//464 1109//464 1100//464
f 1108//464 1100//464 1103//464
f 1110//724 1109//724 1107//724
f 1110//724 1111//724 1109//724
f 1111//464 1112//464 1109//464
f 1112//464 1101//464 1109//464
f 1109//464 1101//464 1100//464
f 1113//464 1112//464 1111//464
f 1097//725 1101//725 1112//725
f 1096//726 1112//726 1113//726
f 1097//725 1112//725 1096//725
f 1115//464 1113//464 1111//464
f 1094//727 1113//727 1114//727
f 1115//464 1114//464 1113//464
f 1096//726 1113//726 1094//726
f 1116//728 1115//728 1111//728
f 1059//729 1115//729 1116//729
f 1059//730 1118//730 1115//730
f 1118//464 1117//464 1115//464
f 1117//464 1114//464 1115//464
f 1058//731 1118//731 1059//731
f 1058//731 1071//731 1118//731
f 1071//464 1119//464 1118//464
f 1119//464 1117//464 1118//464
f 1095//732 1119//732 1120//732
f 1071//464 1120//464 1119//464
f 1092//733 1117//733 1119//733
f 1092//733 1119//733 1095//733
f 1072//464 1120//464 1071//464
f 1098//734 1120//734 1072//734
f 1095//732 1120//732 1098//732
f 1093//735 1117//735 1092//735
f 1093//735 1114//735 1117//735
f 1116//736 1111//736 1110//736
f 1116//464 1110//464 1057//464
f 1059//464 1116//464 1057//464
f 1094//727 1114//727 1093//727
f 1110//464 1107//464 1057//464
f 1107//464 572//464 1057//464
f 1098//734 1072//734 1089//734
f 677//464 1091//464 1084//464
f 579//461 1091//461 677//461
f 1089//718 1072//718 1069//718
f 1070//737 1121//737 1087//737
f 1087//738 1121//738 1122//738
f 1087//738 1122//738 1086//738
f 1124//464 1122//464 1121//464
f 1124//464 1123//464 1122//464
f 1086//739 1122//739 1123//739
f 1124//740 1129//740 1125//740
f 1124//741 1125//741 1126//741
f 1127//741 1124//741 1126//741
f 1127//464 1128//464 1124//464
f 1124//464 1128//464 1123//464
f 1124//464 1121//464 1129//464
f 1129//464 1121//464 1131//464
f 1129//740 1130//740 1125//740
f 1129//742 1132//742 1130//742
f 1129//464 1131//464 1132//464
f 1132//464 1131//464 1135//464
f 1132//464 1135//464 1133//464
f 1132//743 1133//743 1134//743
f 1132//742 1134//742 1130//742
f 1065//744 1135//744 1064//744
f 1136//744 1135//744 1065//744
f 1135//745 1131//745 1064//745
f 1133//464 1135//464 1136//464
f 1067//746 1136//746 1065//746
f 1133//464 1136//464 1137//464
f 1067//746 1137//746 1136//746
f 1137//464 1138//464 1133//464
f 1066//747 1138//747 1137//747
f 1066//747 1137//747 1067//747
f 1138//464 1139//464 1133//464
f 1140//748 1139//748 1138//748
f 1140//748 1138//748 1066//748
f 1139//749 1140//749 1141//749
f 1062//464 1141//464 1140//464
f 1062//464 1140//464 1066//464
f 1133//749 1139//749 1141//749
f 1133//743 1141//743 1134//743
f 1134//464 1141//464 1062//464
f 1054//464 1130//464 1134//464
f 1054//464 1134//464 1062//464
f 1064//745 1131//745 1070//745
f 1070//737 1131//737 1121//737
f 1125//464 1130//464 1054//464
f 1085//750 1128//750 1081//750
f 1085//750 1123//750 1128//750
f 1081//751 1128//751 1142//751
f 1127//464 1142//464 1128//464
f 1081//751 1142//751 1083//751
f 1083//752 1142//752 1143//752
f 1127//464 1143//464 1142//464
f 1083//752 1143//752 1082//752
f 1082//501 1143//501 1144//501
f 1127//464 1144//464 1143//464
f 1075//753 1144//753 1145//753
f 1082//501 1144//501 1075//501
f 1146//464 1144//464 1127//464
f 1146//464 1145//464 1144//464
f 1146//754 1148//754 1147//754
f 1149//754 1146//754 1147//754
f 1146//755 1127//755 1148//755
f 1149//464 1145//464 1146//464
f 1149//464 1151//464 1150//464
f 1149//464 1150//464 1155//464
f 680//464 1151//464 1149//464
f 1149//461 1147//461 1152//461
f 1153//461 1149//461 1152//461
f 680//464 1149//464 1153//464
f 1149//464 1154//464 1145//464
f 1149//464 1155//464 1154//464
f 1155//756 1150//756 1078//756
f 1077//757 1155//757 1078//757
f 1077//757 1154//757 1155//757
f 1076//758 1154//758 1077//758
f 1076//758 1145//758 1154//758
f 678//464 680//464 1153//464
f 678//464 1153//464 950//464
f 1156//498 1153//498 1152//498
f 1156//498 950//498 1153//498
f 950//465 1156//465 1050//465
f 1156//464 1152//464 1050//464
f 1152//464 1147//464 1050//464
f 1151//465 680//465 1080//465
f 1151//759 1080//759 1079//759
f 1150//759 1151//759 1079//759
f 1150//756 1079//756 1078//756
f 1050//464 1147//464 1148//464
f 1050//464 1148//464 1051//464
f 1127//755 1126//755 1148//755
f 1148//464 1126//464 1051//464
f 1075//753 1145//753 1076//753
f 1051//464 1126//464 1125//464
f 1051//464 1125//464 1054//464
f 1086//739 1123//739 1085//739
f 686//464 677//464 1080//464
f 680//465 686//465 1080//465
f 1058//716 1056//716 1071//716
f 1053//713 1054//713 1062//713
f 1159//464 1157//464 1057//464
f 1057//465 1157//465 1158//465
f 1159//464 1057//464 572//464
f 1057//712 1158//712 1015//712
f 1159//462 1161//462 1157//462
f 1160//464 1159//464 962//464
f 1159//465 1160//465 1011//465
f 1159//464 572//464 962//464
f 1159//462 1011//462 1161//462
f 1015//464 1161//464 1011//464
f 1015//464 1158//464 1161//464
f 1157//465 1161//465 1158//465
f 1162//464 1009//464 1160//464
f 1013//498 1160//498 1009//498
f 1162//464 1160//464 962//464
f 1160//465 1013//465 1011//465
f 1004//464 1009//464 1162//464
f 1162//760 981//760 1004//760
f 956//464 1162//464 962//464
f 1162//465 956//465 979//465
f 1162//760 979//760 981//760
f 1007//761 989//761 1003//761
f 1007//761 988//761 989//761
f 999//762 988//762 1007//762
f 1006//763 985//763 984//763
f 1005//764 985//764 1006//764
f 1006//765 984//765 1000//765
f 1005//764 982//764 985//764
f 1002//766 982//766 1005//766
f 1004//767 980//767 1002//767
f 1004//767 981//767 980//767
f 1003//768 991//768 994//768
f 1003//768 989//768 991//768
f 1002//766 980//766 982//766
f 1000//769 986//769 1001//769
f 1001//770 987//770 999//770
f 1001//770 986//770 987//770
f 1000//771 984//771 986//771
f 999//762 987//762 988//762
f 950//464 976//464 970//464
f 974//772 951//772 958//772
f 972//773 951//773 974//773
f 974//774 958//774 973//774
f 973//775 958//775 949//775
f 973//775 949//775 1163//775
f 968//464 973//464 1163//464
f 1163//776 961//776 1164//776
f 968//464 1163//464 1164//464
f 1163//776 949//776 961//776
f 1164//777 960//777 1165//777
f 1165//464 968//464 1164//464
f 1164//778 961//778 960//778
f 1165//779 957//779 1166//779
f 1165//464 1166//464 967//464
f 967//464 968//464 1165//464
f 1165//779 960//779 957//779
f 1166//780 959//780 1167//780
f 1166//464 1167//464 967//464
f 1166//780 957//780 959//780
f 1167//781 954//781 1168//781
f 1167//781 959//781 954//781
f 1167//464 1168//464 967//464
f 1168//782 953//782 1170//782
f 1168//782 954//782 953//782
f 1168//464 1170//464 1169//464
f 1169//464 967//464 1168//464
f 1170//783 955//783 1172//783
f 1170//783 953//783 955//783
f 1170//464 1171//464 1169//464
f 1170//464 1172//464 1171//464
f 1172//784 955//784 965//784
f 1172//784 965//784 1171//784
f 1171//785 965//785 964//785
f 1171//785 964//785 1169//785
f 1169//786 964//786 963//786
f 1169//786 963//786 967//786
f 972//787 952//787 951//787
f 1174//465 962//465 1173//465
f 1175//788 1173//788 962//788
f 1174//465 946//465 962//465
f 962//789 572//789 1176//789
f 1175//790 962//790 1176//790
f 1177//87 1181//87 1176//87
f 1177//87 1176//87 1178//87
f 1178//87 1176//87 1179//87
f 1179//87 1176//87 1180//87
f 1176//651 572//651 1180//651
f 1175//791 1176//791 1181//791
f 1183//792 1182//792 1181//792
f 1182//793 1175//793 1181//793
f 1185//87 1181//87 1177//87
f 1184//87 1183//87 1181//87
f 1184//87 1181//87 1185//87
f 1186//794 1185//794 1187//794
f 1184//794 1185//794 1186//794
f 1185//795 1177//795 1187//795
f 1187//796 1188//796 1190//796
f 1187//795 1177//795 1188//795
f 1186//797 1187//797 1189//797
f 1189//798 1187//798 1190//798
f 331//799 1190//799 334//799
f 1190//800 1191//800 334//800
f 1189//799 1190//799 331//799
f 1190//796 1188//796 1191//796
f 334//800 1191//800 337//800
f 1191//801 1192//801 337//801
f 1191//802 1193//802 1192//802
f 1188//803 1193//803 1191//803
f 1188//804 1178//804 1193//804
f 1193//805 1194//805 1192//805
f 1193//806 1179//806 1194//806
f 1178//806 1179//806 1193//806
f 1194//807 1195//807 1196//807
f 1179//807 1195//807 1194//807
f 1194//808 1196//808 1197//808
f 1192//809 1194//809 1197//809
f 1197//810 1198//810 343//810
f 1197//811 1196//811 1198//811
f 340//812 1197//812 343//812
f 1192//812 1197//812 340//812
f 1198//813 1199//813 1200//813
f 1198//814 1201//814 1199//814
f 343//810 1198//810 1200//810
f 1196//815 1201//815 1198//815
f 1196//816 1204//816 1201//816
f 1201//817 1202//817 1199//817
f 1201//121 1203//121 1202//121
f 1204//121 1203//121 1201//121
f 1204//87 1180//87 1205//87
f 1195//87 1180//87 1204//87
f 1204//87 1205//87 1203//87
f 1195//816 1204//816 1196//816
f 1180//818 1206//818 1205//818
f 1206//819 1207//819 1205//819
f 1205//820 1207//820 1208//820
f 1209//15 1205//15 1208//15
f 1209//15 1203//15 1205//15
f 1203//821 1209//821 1210//821
f 1210//822 1209//822 1212//822
f 1211//15 1209//15 1208//15
f 1209//823 1211//823 1212//823
f 1213//824 1212//824 1214//824
f 1210//825 1212//825 1213//825
f 1212//824 1215//824 1214//824
f 1212//826 1211//826 1215//826
f 1214//827 1215//827 1216//827
f 1215//828 1218//828 1216//828
f 1211//826 1217//826 1215//826
f 1215//829 1217//829 1218//829
f 1216//830 1218//830 1219//830
f 1218//831 1221//831 1219//831
f 1217//829 1220//829 1218//829
f 1218//832 1220//832 1221//832
f 1219//833 1221//833 1222//833
f 1221//833 1224//833 1222//833
f 1221//834 1223//834 1224//834
f 1220//832 1223//832 1221//832
f 1222//835 1224//835 1225//835
f 1224//836 1227//836 1225//836
f 1223//834 1226//834 1224//834
f 1224//837 1226//837 1227//837
f 1225//838 1227//838 1228//838
f 1227//838 1230//838 1228//838
f 1226//839 1229//839 1227//839
f 1227//840 1229//840 1230//840
f 1228//841 1230//841 1231//841
f 1231//841 1230//841 1233//841
f 1230//842 1232//842 1233//842
f 1229//840 1232//840 1230//840
f 1231//843 1233//843 1234//843
f 1234//843 1233//843 1236//843
f 1233//844 1235//844 1236//844
f 1233//842 1232//842 1235//842
f 1236//845 1237//845 1238//845
f 1236//846 1235//846 1237//846
f 1239//847 1236//847 1238//847
f 1234//848 1236//848 1239//848
f 1241//849 1239//849 1240//849
f 1239//850 1238//850 1240//850
f 1242//851 1234//851 1239//851
f 1242//849 1239//849 1241//849
f 1243//852 1242//852 1244//852
f 1243//853 1245//853 1242//853
f 1244//854 1242//854 1241//854
f 1245//851 1234//851 1242//851
f 1246//855 1245//855 1243//855
f 1246//856 1247//856 1245//856
f 1245//857 1231//857 1234//857
f 1247//857 1231//857 1245//857
f 1246//858 1248//858 1247//858
f 1248//859 1249//859 1247//859
f 1247//860 1228//860 1231//860
f 1249//861 1228//861 1247//861
f 1248//859 1250//859 1249//859
f 1250//862 1251//862 1249//862
f 1225//863 1228//863 1249//863
f 1251//864 1225//864 1249//864
f 1250//862 1252//862 1251//862
f 1252//865 1253//865 1251//865
f 1222//866 1225//866 1251//866
f 1253//866 1222//866 1251//866
f 1252//865 1254//865 1253//865
f 1255//867 1253//867 1254//867
f 1219//868 1222//868 1253//868
f 1255//869 1219//869 1253//869
f 1256//870 1255//870 1254//870
f 1257//871 1255//871 1256//871
f 1216//872 1219//872 1255//872
f 1257//872 1216//872 1255//872
f 1258//873 1257//873 1256//873
f 1259//874 1257//874 1258//874
f 1214//875 1216//875 1257//875
f 1259//875 1214//875 1257//875
f 1260//876 1259//876 1258//876
f 1261//877 1259//877 1260//877
f 1213//878 1214//878 1259//878
f 1261//878 1213//878 1259//878
f 1262//877 1261//877 1260//877
f 1264//879 1261//879 1262//879
f 1263//880 1213//880 1261//880
f 1264//880 1263//880 1261//880
f 1265//881 1264//881 1262//881
f 1266//882 1264//882 1265//882
f 1266//883 1267//883 1264//883
f 1267//883 1263//883 1264//883
f 1268//884 1267//884 1266//884
f 1199//885 1267//885 1268//885
f 1199//886 1202//886 1267//886
f 1267//125 1202//125 1263//125
f 1269//887 1268//887 1270//887
f 1200//887 1268//887 1269//887
f 1268//888 1266//888 1270//888
f 1200//813 1199//813 1268//813
f 1273//889 1270//889 1271//889
f 1270//890 1266//890 1271//890
f 1272//891 1269//891 1270//891
f 1272//891 1270//891 1273//891
f 1273//889 1271//889 1276//889
f 1275//892 1272//892 1273//892
f 1275//892 1273//892 1274//892
f 1274//893 1273//893 1276//893
f 1274//894 1276//894 1278//894
f 1279//895 1276//895 1277//895
f 1277//896 1276//896 1271//896
f 1279//897 1278//897 1276//897
f 1281//898 1279//898 1280//898
f 1280//899 1279//899 1277//899
f 1282//900 1278//900 1279//900
f 1281//901 1282//901 1279//901
f 1283//902 1282//902 1281//902
f 1283//902 1285//902 1282//902
f 1282//900 1284//900 1278//900
f 1285//903 1284//903 1282//903
f 1285//903 1286//903 1284//903
f 1287//904 1285//904 1283//904
f 1288//905 1286//905 1285//905
f 1287//905 1288//905 1285//905
f 1291//906 1288//906 1287//906
f 1290//907 1289//907 1288//907
f 1288//907 1289//907 1286//907
f 1291//908 1290//908 1288//908
f 1292//908 1290//908 1291//908
f 428//909 1292//909 1291//909
f 428//910 1291//910 432//910
f 432//906 1291//906 1287//906
f 1292//911 1293//911 1290//911
f 1294//911 1293//911 1292//911
f 426//912 1294//912 1292//912
f 426//909 1292//909 428//909
f 1295//913 1293//913 1294//913
f 417//913 1295//913 1294//913
f 417//360 1294//360 419//360
f 419//912 1294//912 426//912
f 416//914 1295//914 417//914
f 416//915 1296//915 1295//915
f 1296//915 1297//915 1295//915
f 1295//916 1297//916 1293//916
f 1297//917 1298//917 1300//917
f 1297//917 1299//917 1298//917
f 1296//918 1299//918 1297//918
f 1297//916 1300//916 1293//916
f 1300//919 1298//919 1301//919
f 1293//920 1300//920 1290//920
f 1290//920 1300//920 1289//920
f 1300//919 1301//919 1289//919
f 1289//921 1301//921 1284//921
f 1301//922 1278//922 1284//922
f 1298//923 1274//923 1301//923
f 1301//922 1274//922 1278//922
f 1296//918 350//918 1299//918
f 1299//924 1275//924 1298//924
f 1299//924 349//924 1275//924
f 350//303 349//303 1299//303
f 1298//923 1275//923 1274//923
f 353//306 350//306 1296//306
f 353//925 1296//925 416//925
f 1289//921 1284//921 1286//921
f 1302//926 1287//926 1283//926
f 432//927 1287//927 1302//927
f 1303//928 1302//928 1304//928
f 1303//929 431//929 1302//929
f 431//930 432//930 1302//930
f 1304//928 1302//928 1283//928
f 1306//931 1304//931 1305//931
f 1304//932 1281//932 1305//932
f 1306//933 1303//933 1304//933
f 1304//932 1283//932 1281//932
f 1308//934 1306//934 1307//934
f 1306//935 1305//935 1307//935
f 1308//936 1309//936 1306//936
f 1309//933 1303//933 1306//933
f 1310//937 1309//937 1308//937
f 1310//938 1311//938 1309//938
f 1309//939 434//939 1303//939
f 1311//939 434//939 1309//939
f 1313//940 1312//940 1311//940
f 1312//941 435//941 1311//941
f 1311//942 435//942 434//942
f 1313//938 1311//938 1310//938
f 1314//940 1312//940 1313//940
f 1316//943 1314//943 1313//943
f 1315//944 1313//944 1310//944
f 1316//945 1313//945 1315//945
f 1317//946 1314//946 1316//946
f 1319//947 1317//947 1316//947
f 1318//948 1316//948 1315//948
f 1319//949 1316//949 1318//949
f 1322//950 1320//950 1319//950
f 1320//947 1317//947 1319//947
f 1321//951 1319//951 1318//951
f 1322//951 1319//951 1321//951
f 1323//952 1320//952 1322//952
f 1325//953 1323//953 1322//953
f 1324//954 1322//954 1321//954
f 1325//955 1322//955 1324//955
f 1326//956 1325//956 1328//956
f 1326//957 1327//957 1325//957
f 1327//958 1323//958 1325//958
f 1328//959 1325//959 1324//959
f 1329//960 1328//960 1330//960
f 1331//961 1328//961 1329//961
f 1328//962 1324//962 1330//962
f 1331//963 1326//963 1328//963
f 1332//964 1331//964 1329//964
f 1334//965 1331//965 1332//965
f 1334//966 1333//966 1331//966
f 1333//967 1326//967 1331//967
f 1335//968 1334//968 1332//968
f 1337//969 1334//969 1335//969
f 1337//970 1336//970 1334//970
f 1336//971 1333//971 1334//971
f 1338//972 1337//972 1335//972
f 1340//973 1337//973 1338//973
f 1340//974 1339//974 1337//974
f 1339//975 1336//975 1337//975
f 1341//976 1340//976 1338//976
f 1343//976 1340//976 1341//976
f 1342//977 1339//977 1340//977
f 1343//978 1342//978 1340//978
f 1346//979 1343//979 1341//979
f 1346//980 1344//980 1343//980
f 1344//981 1345//981 1343//981
f 1345//978 1342//978 1343//978
f 1347//982 1346//982 1349//982
f 1348//983 1346//983 1347//983
f 1348//984 1344//984 1346//984
f 1346//985 1341//985 1349//985
f 1347//986 1349//986 1351//986
f 1349//987 1350//987 1351//987
f 1349//987 1352//987 1350//987
f 1341//988 1352//988 1349//988
f 1352//989 1353//989 1350//989
f 1352//989 1354//989 1353//989
f 1341//988 1338//988 1352//988
f 1338//990 1354//990 1352//990
f 1354//991 1355//991 1353//991
f 1354//991 1356//991 1355//991
f 1338//992 1335//992 1354//992
f 1335//993 1356//993 1354//993
f 1356//994 1357//994 1355//994
f 1356//995 1358//995 1357//995
f 1335//993 1332//993 1356//993
f 1332//996 1358//996 1356//996
f 1358//997 1359//997 1357//997
f 1358//997 1360//997 1359//997
f 1332//996 1329//996 1358//996
f 1329//998 1360//998 1358//998
f 1329//998 1330//998 1360//998
f 1330//999 1362//999 1360//999
f 1360//1000 1361//1000 1359//1000
f 1360//1000 1362//1000 1361//1000
f 1330//999 1363//999 1362//999
f 1363//1001 1365//1001 1362//1001
f 1362//1002 1364//1002 1361//1002
f 1362//1003 1365//1003 1364//1003
f 1363//1004 1366//1004 1365//1004
f 1366//1005 1368//1005 1365//1005
f 1365//1006 1367//1006 1364//1006
f 1365//1007 1368//1007 1367//1007
f 1366//1005 1369//1005 1368//1005
f 1369//1008 1371//1008 1368//1008
f 1368//1009 1370//1009 1367//1009
f 1368//1009 1371//1009 1370//1009
f 1369//1010 1372//1010 1371//1010
f 1372//1011 1374//1011 1371//1011
f 1371//1012 1373//1012 1370//1012
f 1371//1012 1374//1012 1373//1012
f 1372//1011 1308//1011 1374//1011
f 1308//1013 1307//1013 1374//1013
f 1374//1014 1375//1014 1373//1014
f 1374//1015 1307//1015 1375//1015
f 1307//1016 1376//1016 1375//1016
f 1375//1017 1376//1017 1378//1017
f 1373//1018 1375//1018 1377//1018
f 1375//1017 1378//1017 1377//1017
f 1377//1019 1378//1019 1260//1019
f 1376//1020 1379//1020 1378//1020
f 1378//1021 1379//1021 1262//1021
f 1378//1022 1262//1022 1260//1022
f 1280//899 1277//899 1379//899
f 1379//1023 1277//1023 1265//1023
f 1376//1020 1280//1020 1379//1020
f 1379//1024 1265//1024 1262//1024
f 1373//1018 1377//1018 1380//1018
f 1380//1025 1377//1025 1258//1025
f 1377//1019 1260//1019 1258//1019
f 1370//1026 1380//1026 1381//1026
f 1381//1027 1380//1027 1256//1027
f 1370//1026 1373//1026 1380//1026
f 1380//1028 1258//1028 1256//1028
f 1367//1029 1381//1029 1382//1029
f 1382//1030 1381//1030 1254//1030
f 1367//1031 1370//1031 1381//1031
f 1381//1027 1256//1027 1254//1027
f 1364//1032 1382//1032 1383//1032
f 1383//1033 1382//1033 1252//1033
f 1364//1034 1367//1034 1382//1034
f 1382//1030 1254//1030 1252//1030
f 1361//1035 1383//1035 1384//1035
f 1384//1036 1383//1036 1250//1036
f 1361//1037 1364//1037 1383//1037
f 1383//1033 1252//1033 1250//1033
f 1359//1038 1384//1038 1385//1038
f 1385//1039 1384//1039 1248//1039
f 1359//1038 1361//1038 1384//1038
f 1384//1036 1250//1036 1248//1036
f 1357//1040 1385//1040 1386//1040
f 1386//1041 1385//1041 1246//1041
f 1357//1040 1359//1040 1385//1040
f 1385//1042 1248//1042 1246//1042
f 1355//1043 1386//1043 1387//1043
f 1387//1044 1386//1044 1243//1044
f 1355//1043 1357//1043 1386//1043
f 1386//1045 1246//1045 1243//1045
f 1353//1046 1387//1046 1388//1046
f 1388//1047 1387//1047 1244//1047
f 1353//1048 1355//1048 1387//1048
f 1387//1044 1243//1044 1244//1044
f 1350//1049 1388//1049 1389//1049
f 1389//1050 1388//1050 1390//1050
f 1350//1051 1353//1051 1388//1051
f 1388//1052 1244//1052 1390//1052
f 1390//1053 1241//1053 1392//1053
f 1244//1054 1241//1054 1390//1054
f 1389//1050 1390//1050 1391//1050
f 1390//1055 1392//1055 1391//1055
f 1392//1056 1240//1056 1393//1056
f 1241//1057 1240//1057 1392//1057
f 1392//1058 1393//1058 1394//1058
f 1391//1055 1392//1055 1394//1055
f 1391//1059 1394//1059 1397//1059
f 1394//1060 1393//1060 1395//1060
f 1394//1061 1395//1061 1396//1061
f 1397//1062 1394//1062 1396//1062
f 1397//1063 1396//1063 1398//1063
f 1398//1064 1399//1064 1397//1064
f 1399//1065 1400//1065 1397//1065
f 1400//1066 1391//1066 1397//1066
f 1399//1067 1401//1067 1400//1067
f 1401//1067 1351//1067 1400//1067
f 1351//1068 1389//1068 1400//1068
f 1400//1066 1389//1066 1391//1066
f 1402//1069 1403//1069 1401//1069
f 1402//1070 1401//1070 1399//1070
f 1401//252 1347//252 1351//252
f 1403//1071 1347//1071 1401//1071
f 1404//1072 1348//1072 1403//1072
f 1403//1073 1348//1073 1347//1073
f 1405//1072 1404//1072 1403//1072
f 1405//1074 1403//1074 1402//1074
f 1406//1075 1404//1075 1405//1075
f 1407//1076 1406//1076 1405//1076
f 1407//1077 1405//1077 1408//1077
f 1408//1074 1405//1074 1402//1074
f 1409//1077 1407//1077 1408//1077
f 1409//1078 1408//1078 1410//1078
f 1408//1079 1402//1079 1411//1079
f 1410//1080 1408//1080 1411//1080
f 1410//1081 1411//1081 1412//1081
f 1412//1082 1411//1082 1398//1082
f 1411//1083 1399//1083 1398//1083
f 1411//1084 1402//1084 1399//1084
f 1415//1085 1412//1085 1413//1085
f 1412//1086 1414//1086 1413//1086
f 1412//1087 1398//1087 1414//1087
f 1415//1088 1410//1088 1412//1088
f 1418//1089 1415//1089 1416//1089
f 1415//1090 1413//1090 1416//1090
f 1418//1091 1417//1091 1415//1091
f 1417//1091 1410//1091 1415//1091
f 1421//1092 1418//1092 1419//1092
f 1418//1089 1416//1089 1419//1089
f 1420//1093 1417//1093 1418//1093
f 1421//1094 1420//1094 1418//1094
f 39//1095 1421//1095 40//1095
f 1421//1096 1419//1096 40//1096
f 39//1097 1422//1097 1421//1097
f 1422//1097 1420//1097 1421//1097
f 43//1098 1423//1098 1422//1098
f 1423//1098 1424//1098 1422//1098
f 43//1099 1422//1099 39//1099
f 1422//1100 1424//1100 1420//1100
f 1424//1101 1427//1101 1425//1101
f 1424//1100 1425//1100 1420//1100
f 1423//1102 1426//1102 1424//1102
f 1426//1102 1427//1102 1424//1102
f 1430//1103 1428//1103 1427//1103
f 1427//1104 1428//1104 1429//1104
f 1426//1103 1430//1103 1427//1103
f 1427//1105 1429//1105 1425//1105
f 1430//1106 1432//1106 1428//1106
f 1431//1107 1430//1107 1426//1107
f 1431//1108 1433//1108 1430//1108
f 1430//1109 1433//1109 1432//1109
f 1433//1110 1435//1110 1432//1110
f 1431//1111 1434//1111 1433//1111
f 1434//1112 1436//1112 1433//1112
f 1433//1113 1436//1113 1435//1113
f 1436//1114 1437//1114 1435//1114
f 1436//1115 1438//1115 1437//1115
f 1439//1116 1438//1116 1436//1116
f 1434//1112 1439//1112 1436//1112
f 1441//1117 1440//1117 1439//1117
f 1439//1118 1440//1118 1438//1118
f 1442//1119 1441//1119 1439//1119
f 1442//1120 1439//1120 1434//1120
f 1445//1121 1443//1121 1442//1121
f 1443//1122 1441//1122 1442//1122
f 1444//1123 1442//1123 1434//1123
f 1445//1124 1442//1124 1444//1124
f 1445//1125 1444//1125 1448//1125
f 1446//1126 1445//1126 1447//1126
f 1446//1127 1443//1127 1445//1127
f 1447//1125 1445//1125 1448//1125
f 1448//1128 1444//1128 1449//1128
f 1448//1129 1449//1129 1450//1129
f 1447//1130 1448//1130 1451//1130
f 1451//1129 1448//1129 1450//1129
f 1452//1131 1451//1131 45//1131
f 45//1132 1451//1132 42//1132
f 1451//1133 1450//1133 42//1133
f 1452//1134 1447//1134 1451//1134
f 47//1131 1452//1131 45//1131
f 1454//1135 1452//1135 47//1135
f 1454//1136 1453//1136 1452//1136
f 1453//1136 1447//1136 1452//1136
f 1455//1137 1454//1137 47//1137
f 1457//1138 1454//1138 1455//1138
f 1457//1139 1456//1139 1454//1139
f 1456//1139 1453//1139 1454//1139
f 1458//1138 1457//1138 1455//1138
f 1460//1140 1457//1140 1458//1140
f 1460//1141 1459//1141 1457//1141
f 1459//1142 1456//1142 1457//1142
f 1463//1143 1460//1143 1461//1143
f 1461//1140 1460//1140 1458//1140
f 1463//1144 1462//1144 1460//1144
f 1462//1145 1459//1145 1460//1145
f 1466//1146 1463//1146 1464//1146
f 1464//1143 1463//1143 1461//1143
f 1466//1147 1465//1147 1463//1147
f 1465//1148 1462//1148 1463//1148
f 1467//1149 226//1149 1466//1149
f 1468//1150 1467//1150 1466//1150
f 1466//1151 226//1151 1465//1151
f 1468//1146 1466//1146 1464//1146
f 78//1152 1468//1152 1469//1152
f 1468//1153 1464//1153 1469//1153
f 80//1154 1468//1154 78//1154
f 80//1150 1467//1150 1468//1150
f 1469//1155 1464//1155 1470//1155
f 1469//1156 1470//1156 62//1156
f 78//70 1469//70 75//70
f 1469//1157 62//1157 75//1157
f 1464//1155 1461//1155 1470//1155
f 1470//1158 1461//1158 1471//1158
f 1470//1159 1471//1159 59//1159
f 1470//1160 59//1160 62//1160
f 1461//1161 1458//1161 1471//1161
f 1471//1162 1458//1162 1472//1162
f 1471//1163 1472//1163 60//1163
f 1471//1163 60//1163 59//1163
f 1458//1162 1455//1162 1472//1162
f 1472//1164 1455//1164 48//1164
f 1472//1165 48//1165 50//1165
f 60//1165 1472//1165 50//1165
f 1473//1166 225//1166 1467//1166
f 80//1167 1473//1167 1467//1167
f 1467//1166 225//1166 226//1166
f 1474//1168 231//1168 1473//1168
f 81//1168 1474//1168 1473//1168
f 1473//197 231//197 225//197
f 81//1169 1473//1169 80//1169
f 1474//1170 1475//1170 231//1170
f 1474//1171 1476//1171 1475//1171
f 84//77 1474//77 81//77
f 84//1171 1476//1171 1474//1171
f 1477//1172 1479//1172 1476//1172
f 1477//1172 1476//1172 1478//1172
f 1478//1173 1476//1173 84//1173
f 1476//1174 1479//1174 1475//1174
f 1480//1175 1479//1175 1477//1175
f 1480//1175 1481//1175 1479//1175
f 1479//1176 1481//1176 1482//1176
f 1475//1177 1479//1177 1482//1177
f 1475//1178 1482//1178 230//1178
f 1482//1179 1483//1179 234//1179
f 1482//1176 1481//1176 1483//1176
f 230//1178 1482//1178 234//1178
f 1483//1180 1484//1180 237//1180
f 1483//1181 1485//1181 1484//1181
f 234//1179 1483//1179 237//1179
f 1481//1181 1485//1181 1483//1181
f 1486//1182 1488//1182 1485//1182
f 1486//1182 1485//1182 1487//1182
f 1487//1183 1485//1183 1481//1183
f 1485//1184 1488//1184 1484//1184
f 1488//1185 1489//1185 1490//1185
f 1486//1185 1489//1185 1488//1185
f 1488//1186 1490//1186 1491//1186
f 1484//1187 1488//1187 1491//1187
f 1484//1188 1491//1188 240//1188
f 1491//1189 1492//1189 243//1189
f 1491//1186 1490//1186 1492//1186
f 240//1188 1491//1188 243//1188
f 1492//1190 1493//1190 246//1190
f 1492//1191 1494//1191 1493//1191
f 243//1192 1492//1192 246//1192
f 1490//1191 1494//1191 1492//1191
f 1490//1193 1495//1193 1494//1193
f 1495//1194 1496//1194 1494//1194
f 1494//1195 1496//1195 1497//1195
f 1494//1196 1497//1196 1493//1196
f 1497//1197 1498//1197 1499//1197
f 1496//1197 1498//1197 1497//1197
f 1497//1198 1499//1198 1500//1198
f 1493//1196 1497//1196 1500//1196
f 1500//1199 1501//1199 251//1199
f 1500//1198 1499//1198 1501//1198
f 1493//1200 1500//1200 249//1200
f 249//1200 1500//1200 251//1200
f 1501//1201 1502//1201 1503//1201
f 1501//1202 1504//1202 1502//1202
f 251//1199 1501//1199 1503//1199
f 1499//1203 1504//1203 1501//1203
f 1504//1204 1499//1204 1505//1204
f 1504//1205 1505//1205 1506//1205
f 1507//1205 1504//1205 1506//1205
f 1504//1206 1507//1206 1502//1206
f 1509//1207 1507//1207 1508//1207
f 1507//1208 1506//1208 1508//1208
f 1507//1209 1509//1209 1510//1209
f 1502//1206 1507//1206 1510//1206
f 1502//1210 1510//1210 266//1210
f 266//1210 1510//1210 267//1210
f 1510//1211 1511//1211 267//1211
f 1510//1212 1509//1212 1511//1212
f 1511//1213 1512//1213 1513//1213
f 1509//1214 1512//1214 1511//1214
f 267//1215 1511//1215 270//1215
f 1511//1216 1513//1216 270//1216
f 1513//1217 1514//1217 308//1217
f 1512//1217 1514//1217 1513//1217
f 270//1216 1513//1216 1515//1216
f 1513//1218 308//1218 1515//1218
f 270//1219 1515//1219 269//1219
f 1515//1220 305//1220 1516//1220
f 1515//1221 308//1221 305//1221
f 269//1219 1515//1219 1516//1219
f 269//1222 1516//1222 272//1222
f 1516//258 298//258 295//258
f 1516//1220 305//1220 298//1220
f 272//1222 1516//1222 295//1222
f 1514//1223 307//1223 308//1223
f 307//1224 1514//1224 1518//1224
f 1512//1225 1517//1225 1514//1225
f 1514//1226 1517//1226 1518//1226
f 307//267 1518//267 311//267
f 311//1227 1518//1227 1519//1227
f 1518//1228 1517//1228 1520//1228
f 1518//1227 1520//1227 1519//1227
f 1517//1229 1522//1229 1520//1229
f 1519//1230 1520//1230 1521//1230
f 1520//1231 1523//1231 1521//1231
f 1520//1232 1522//1232 1523//1232
f 1521//1233 1523//1233 1524//1233
f 1523//1233 1526//1233 1524//1233
f 1522//1234 1525//1234 1523//1234
f 1523//1235 1525//1235 1526//1235
f 1528//87 1524//87 1526//87
f 1525//1235 1527//1235 1526//1235
f 1527//87 1528//87 1526//87
f 1528//87 1529//87 1524//87
f 1532//1236 1529//1236 1528//1236
f 1530//1237 1528//1237 1531//1237
f 1530//1238 1532//1238 1528//1238
f 1531//87 1528//87 1527//87
f 1534//1239 1532//1239 1533//1239
f 1530//87 1533//87 1532//87
f 1534//1240 1529//1240 1532//1240
f 1535//1239 1534//1239 1533//1239
f 1536//464 1534//464 1535//464
f 1538//1241 1534//1241 1536//1241
f 1537//1242 1529//1242 1534//1242
f 1538//1243 1537//1243 1534//1243
f 1541//464 1539//464 1538//464
f 1539//464 1540//464 1538//464
f 1540//464 1537//464 1538//464
f 1541//1244 1538//1244 1536//1244
f 1542//464 1539//464 1541//464
f 1543//464 1542//464 1541//464
f 1541//1245 1531//1245 1544//1245
f 1541//1246 1536//1246 1531//1246
f 1543//1245 1541//1245 1544//1245
f 1544//87 1546//87 1545//87
f 1548//87 1544//87 1545//87
f 1544//87 1547//87 1546//87
f 1544//87 1531//87 1547//87
f 1543//1247 1544//1247 1548//1247
f 1548//87 1549//87 1550//87
f 1548//87 1545//87 1549//87
f 1551//87 1548//87 1550//87
f 1552//1248 1548//1248 1551//1248
f 1552//1247 1543//1247 1548//1247
f 1553//1248 1552//1248 1551//1248
f 1552//464 1554//464 1543//464
f 1553//464 1554//464 1552//464
f 1555//1249 1542//1249 1554//1249
f 1556//461 1555//461 1554//461
f 1556//461 1554//461 1557//461
f 1543//464 1554//464 1542//464
f 1557//464 1554//464 1553//464
f 1558//461 1556//461 1557//461
f 1560//461 1558//461 1557//461
f 1557//1250 1559//1250 1562//1250
f 1551//1251 1559//1251 1557//1251
f 1560//461 1557//461 1561//461
f 1561//1252 1557//1252 1562//1252
f 1551//1253 1557//1253 1553//1253
f 1562//1254 103//1254 1567//1254
f 105//97 103//97 1562//97
f 1563//1255 1562//1255 1568//1255
f 1564//465 1562//465 1563//465
f 1564//465 1565//465 1562//465
f 1561//462 1562//462 1565//462
f 1562//1256 1566//1256 105//1256
f 1559//1250 1566//1250 1562//1250
f 1562//1257 1567//1257 1568//1257
f 1569//1258 1563//1258 1568//1258
f 1569//1259 1568//1259 1567//1259
f 1575//1260 1569//1260 1570//1260
f 1569//1260 1571//1260 1570//1260
f 1571//1261 1569//1261 1577//1261
f 1576//1262 1563//1262 1569//1262
f 1572//1263 1573//1263 1569//1263
f 1569//1264 1567//1264 1572//1264
f 1569//1265 1573//1265 1574//1265
f 1569//1266 1574//1266 1577//1266
f 1576//1267 1569//1267 1575//1267
f 1574//1268 1578//1268 1577//1268
f 1577//465 1578//465 1581//465
f 1571//1269 1577//1269 1579//1269
f 1579//1270 1577//1270 1580//1270
f 1577//1270 1581//1270 1580//1270
f 1581//465 1578//465 1582//465
f 1581//465 1582//465 1584//465
f 1581//1270 1583//1270 1585//1270
f 1581//465 1584//465 1583//465
f 1580//1270 1581//1270 1585//1270
f 1585//1271 1583//1271 1586//1271
f 1580//1272 1585//1272 1539//1272
f 1585//1273 1589//1273 1539//1273
f 1585//1274 1586//1274 1588//1274
f 1585//1275 1588//1275 1587//1275
f 1585//1276 1587//1276 1591//1276
f 1585//1277 1590//1277 1589//1277
f 1585//1278 1591//1278 1590//1278
f 1591//1279 1587//1279 1592//1279
f 1591//1280 1592//1280 1593//1280
f 1591//1281 1593//1281 1590//1281
f 1593//1282 1594//1282 1596//1282
f 1594//1283 1593//1283 1595//1283
f 1593//1283 1592//1283 1595//1283
f 1593//1284 1596//1284 1590//1284
f 1598//1285 1596//1285 1597//1285
f 1596//1282 1594//1282 1597//1282
f 1590//1286 1596//1286 1589//1286
f 1589//1287 1596//1287 1598//1287
f 1601//498 1598//498 1599//498
f 1598//1285 1597//1285 1599//1285
f 1600//1288 1598//1288 1601//1288
f 1600//1288 1589//1288 1598//1288
f 1600//1289 1601//1289 1603//1289
f 1604//1290 1601//1290 1602//1290
f 1601//498 1599//498 1602//498
f 1603//1291 1601//1291 1604//1291
f 1606//1292 1604//1292 1605//1292
f 1604//1290 1602//1290 1605//1290
f 1604//1293 1606//1293 1607//1293
f 1604//1294 1607//1294 1603//1294
f 1606//1295 1608//1295 1607//1295
f 1607//1296 1608//1296 1539//1296
f 1603//1297 1607//1297 1539//1297
f 1606//1298 1609//1298 1608//1298
f 1608//1299 1609//1299 1610//1299
f 1608//1300 1610//1300 1539//1300
f 1609//1301 1611//1301 1610//1301
f 1610//1302 1611//1302 1612//1302
f 1612//1303 1613//1303 1610//1303
f 1610//1304 1540//1304 1539//1304
f 1610//1305 1613//1305 1540//1305
f 1614//1306 1613//1306 1612//1306
f 1615//1307 1613//1307 1614//1307
f 1620//1308 1613//1308 1615//1308
f 1613//464 1616//464 1537//464
f 1613//464 1617//464 1616//464
f 1619//1309 1617//1309 1613//1309
f 1540//464 1613//464 1537//464
f 1618//1310 1619//1310 1613//1310
f 1621//1309 1618//1309 1613//1309
f 1622//1311 1613//1311 1620//1311
f 1621//1312 1613//1312 1622//1312
f 1621//1313 1622//1313 1624//1313
f 1623//1314 1622//1314 1620//1314
f 1624//1315 1622//1315 1623//1315
f 1624//1316 1623//1316 1626//1316
f 1621//1317 1624//1317 1625//1317
f 1625//1318 1624//1318 1626//1318
f 1626//1319 1623//1319 1627//1319
f 1626//1319 1627//1319 1629//1319
f 1625//1320 1626//1320 1628//1320
f 1628//1321 1626//1321 1629//1321
f 1631//465 1630//465 1629//465
f 1628//1321 1629//1321 1630//1321
f 1631//465 1629//465 1627//465
f 1631//465 1632//465 1634//465
f 1633//465 1632//465 1631//465
f 1633//1322 1631//1322 1621//1322
f 1621//1323 1631//1323 1618//1323
f 1631//1323 1637//1323 1618//1323
f 1631//465 1634//465 1630//465
f 1631//465 1635//465 1636//465
f 1631//465 1627//465 1635//465
f 1631//465 1636//465 1637//465
f 1618//1324 1637//1324 1619//1324
f 1637//1324 1638//1324 1619//1324
f 1637//465 1639//465 1638//465
f 1637//465 1636//465 1639//465
f 1638//1325 1639//1325 1640//1325
f 1639//1326 1641//1326 1640//1326
f 1636//87 1641//87 1639//87
f 1636//87 1644//87 1641//87
f 1640//1327 1641//1327 1642//1327
f 1641//1328 1645//1328 1642//1328
f 1641//1329 1643//1329 1645//1329
f 1641//1330 1644//1330 1643//1330
f 1645//87 1646//87 1642//87
f 1645//87 1647//87 1646//87
f 1643//87 1647//87 1645//87
f 1643//87 1648//87 1647//87
f 1650//1331 1647//1331 1648//1331
f 1650//1331 1649//1331 1647//1331
f 1649//1332 1646//1332 1647//1332
f 1652//1333 1651//1333 1650//1333
f 1651//1334 1649//1334 1650//1334
f 1652//1335 1650//1335 1653//1335
f 1653//1336 1650//1336 1648//1336
f 1654//1337 1653//1337 1656//1337
f 1654//1337 1652//1337 1653//1337
f 1656//1338 1653//1338 1655//1338
f 1653//1336 1648//1336 1655//1336
f 1659//1339 1656//1339 1657//1339
f 1656//1338 1655//1338 1657//1338
f 1658//1340 1656//1340 1659//1340
f 1658//1341 1654//1341 1656//1341
f 1659//1339 1657//1339 1661//1339
f 1660//1342 1659//1342 1662//1342
f 1660//1342 1658//1342 1659//1342
f 1662//1343 1659//1343 1661//1343
f 1663//1344 1662//1344 1665//1344
f 1663//1345 1660//1345 1662//1345
f 1665//1346 1662//1346 1664//1346
f 1662//1343 1661//1343 1664//1343
f 190//1347 1665//1347 188//1347
f 190//1348 1663//1348 1665//1348
f 188//1349 1665//1349 1666//1349
f 1665//1346 1664//1346 1666//1346
f 1667//87 1666//87 1668//87
f 185//87 1666//87 1667//87
f 1666//87 1664//87 1668//87
f 188//1350 1666//1350 185//1350
f 1670//1351 1667//1351 1668//1351
f 1668//87 1664//87 1669//87
f 1670//1352 1668//1352 1669//1352
f 1672//87 1670//87 1584//87
f 1584//87 1670//87 1673//87
f 1671//1353 1670//1353 1669//1353
f 1670//87 1671//87 1673//87
f 1672//1354 1667//1354 1670//1354
f 1674//465 1584//465 1673//465
f 1674//465 1673//465 1636//465
f 1673//87 1644//87 1636//87
f 1673//87 1671//87 1644//87
f 1674//1355 1675//1355 1611//1355
f 1674//1355 1676//1355 1675//1355
f 1676//465 1674//465 1636//465
f 1677//1356 1674//1356 1611//1356
f 1677//465 1584//465 1674//465
f 1678//1357 1677//1357 1609//1357
f 1678//465 1584//465 1677//465
f 1677//1356 1611//1356 1609//1356
f 1606//1292 1605//1292 1678//1292
f 1605//465 1584//465 1678//465
f 1606//1357 1678//1357 1609//1357
f 1675//1358 1676//1358 1679//1358
f 1676//1358 1680//1358 1679//1358
f 1680//465 1676//465 1636//465
f 1681//465 1680//465 1636//465
f 1682//1359 1680//1359 1681//1359
f 1682//1359 1679//1359 1680//1359
f 1683//1360 1682//1360 1681//1360
f 1683//1361 1620//1361 1682//1361
f 1615//1362 1682//1362 1620//1362
f 1682//1363 1615//1363 1679//1363
f 1623//462 1683//462 1627//462
f 1683//462 1635//462 1627//462
f 1683//1360 1681//1360 1635//1360
f 1623//1314 1620//1314 1683//1314
f 1635//465 1681//465 1636//465
f 1679//1364 1614//1364 1675//1364
f 1615//1365 1614//1365 1679//1365
f 1611//1366 1675//1366 1612//1366
f 1675//1367 1614//1367 1612//1367
f 1672//1368 1578//1368 182//1368
f 1578//87 1672//87 1582//87
f 1672//1369 182//1369 184//1369
f 1672//1370 184//1370 1667//1370
f 1582//87 1672//87 1584//87
f 1644//1371 1671//1371 1684//1371
f 1671//1372 1685//1372 1684//1372
f 1671//1373 1669//1373 1685//1373
f 1669//87 1661//87 1685//87
f 1661//87 1657//87 1685//87
f 1685//87 1657//87 1684//87
f 1684//87 1657//87 1655//87
f 1644//1374 1684//1374 1686//1374
f 1684//87 1655//87 1686//87
f 1686//87 1648//87 1643//87
f 1686//87 1655//87 1648//87
f 1644//1375 1686//1375 1643//1375
f 1664//87 1661//87 1669//87
f 184//87 185//87 1667//87
f 1687//1376 1660//1376 1663//1376
f 1688//1377 1663//1377 190//1377
f 1688//1377 1687//1377 1663//1377
f 1689//1378 1688//1378 191//1378
f 1689//1378 1690//1378 1688//1378
f 1690//1379 1687//1379 1688//1379
f 191//161 1688//161 190//161
f 281//1379 1687//1379 1690//1379
f 278//243 281//243 1690//243
f 1691//1380 1690//1380 1689//1380
f 1691//1381 278//1381 1690//1381
f 275//238 278//238 1691//238
f 260//1382 1691//1382 1692//1382
f 1692//1383 1691//1383 1689//1383
f 260//1382 275//1382 1691//1382
f 257//1384 1692//1384 1693//1384
f 1693//1385 1692//1385 194//1385
f 257//1384 260//1384 1692//1384
f 1692//1383 1689//1383 194//1383
f 258//1386 1693//1386 1694//1386
f 1694//1387 1693//1387 193//1387
f 258//1386 257//1386 1693//1386
f 1693//1385 194//1385 193//1385
f 1696//1388 1694//1388 1695//1388
f 1695//1389 1694//1389 196//1389
f 1696//1388 258//1388 1694//1388
f 1694//1387 193//1387 196//1387
f 1698//1390 1696//1390 1697//1390
f 1697//1391 1696//1391 1695//1391
f 255//1392 258//1392 1696//1392
f 1698//1393 255//1393 1696//1393
f 245//1394 1698//1394 1699//1394
f 245//1394 248//1394 1698//1394
f 248//216 255//216 1698//216
f 1699//1395 1698//1395 1697//1395
f 242//1396 1699//1396 1701//1396
f 242//1396 245//1396 1699//1396
f 1699//1395 1697//1395 1700//1395
f 1701//1397 1699//1397 1700//1397
f 239//1398 1701//1398 1703//1398
f 239//1398 242//1398 1701//1398
f 1701//1397 1700//1397 1702//1397
f 1703//1399 1701//1399 1702//1399
f 236//1400 1703//1400 1705//1400
f 236//1400 239//1400 1703//1400
f 1703//1399 1702//1399 1704//1399
f 1705//1401 1703//1401 1704//1401
f 233//1402 1705//1402 1707//1402
f 233//1402 236//1402 1705//1402
f 1707//1403 1705//1403 1706//1403
f 1705//1401 1704//1401 1706//1401
f 227//1404 1707//1404 219//1404
f 227//1404 233//1404 1707//1404
f 219//188 1707//188 217//188
f 1707//1403 1706//1403 217//1403
f 217//186 1706//186 216//186
f 1706//1405 1708//1405 216//1405
f 1706//1405 1704//1405 1708//1405
f 216//1406 1708//1406 206//1406
f 1704//1407 1709//1407 1708//1407
f 1708//1408 1709//1408 204//1408
f 1708//1408 204//1408 206//1408
f 1702//1409 1710//1409 1709//1409
f 1709//1410 1710//1410 202//1410
f 1704//1407 1702//1407 1709//1407
f 1709//1410 202//1410 204//1410
f 1700//1411 1711//1411 1710//1411
f 1710//1412 1711//1412 200//1412
f 1702//1409 1700//1409 1710//1409
f 1710//1413 200//1413 202//1413
f 1697//1391 1695//1391 1711//1391
f 1711//1414 1695//1414 198//1414
f 1700//1411 1697//1411 1711//1411
f 1711//1414 198//1414 200//1414
f 1695//1389 196//1389 198//1389
f 194//163 1689//163 191//163
f 281//246 284//246 1687//246
f 1687//1376 284//1376 1660//1376
f 284//1415 1658//1415 1660//1415
f 283//1416 1654//1416 1658//1416
f 284//1415 283//1415 1658//1415
f 283//1416 286//1416 1654//1416
f 286//1417 1652//1417 1654//1417
f 1712//1418 1651//1418 1652//1418
f 286//1417 1712//1417 1652//1417
f 287//1419 1712//1419 286//1419
f 287//1419 1713//1419 1712//1419
f 1713//1420 1714//1420 1712//1420
f 1712//1421 1714//1421 1651//1421
f 1715//1420 1714//1420 1713//1420
f 1715//1422 1716//1422 1714//1422
f 1714//1423 1716//1423 1717//1423
f 1714//1423 1717//1423 1651//1423
f 1716//1424 1718//1424 1717//1424
f 1717//1425 1718//1425 1719//1425
f 1651//1334 1717//1334 1649//1334
f 1717//1426 1719//1426 1649//1426
f 1718//1427 1720//1427 1719//1427
f 1719//1428 1720//1428 1721//1428
f 1649//1332 1719//1332 1646//1332
f 1719//1428 1721//1428 1646//1428
f 1642//87 1721//87 1723//87
f 1642//87 1646//87 1721//87
f 1723//87 1721//87 1722//87
f 1720//1429 1722//1429 1721//1429
f 1640//1430 1723//1430 1724//1430
f 1723//87 1722//87 1724//87
f 1640//1431 1642//1431 1723//1431
f 1725//1432 1724//1432 1726//1432
f 1640//1433 1724//1433 1725//1433
f 1724//87 1727//87 1726//87
f 1724//87 1722//87 1727//87
f 1728//1434 1727//1434 1722//1434
f 1728//1435 1730//1435 1727//1435
f 1726//87 1727//87 1729//87
f 1730//1436 1729//1436 1727//1436
f 1731//1437 1730//1437 1728//1437
f 1731//1438 1732//1438 1730//1438
f 1732//1439 1733//1439 1730//1439
f 1730//1436 1733//1436 1729//1436
f 1736//1440 1734//1440 1733//1440
f 1733//1441 1734//1441 1735//1441
f 1733//1441 1735//1441 1729//1441
f 1732//1439 1736//1439 1733//1439
f 1738//1442 1737//1442 1736//1442
f 1736//1443 1737//1443 1734//1443
f 1739//1444 1736//1444 1732//1444
f 1739//1445 1738//1445 1736//1445
f 1740//1446 395//1446 1739//1446
f 395//1447 398//1447 1739//1447
f 1739//1448 398//1448 1738//1448
f 1740//1449 1739//1449 1732//1449
f 392//1450 395//1450 1740//1450
f 1741//1450 392//1450 1740//1450
f 1741//1451 1740//1451 1731//1451
f 1740//1452 1732//1452 1731//1452
f 390//1453 392//1453 1741//1453
f 390//1453 1741//1453 1742//1453
f 1742//1454 1741//1454 1743//1454
f 1741//1451 1731//1451 1743//1451
f 1742//1455 1743//1455 1718//1455
f 1718//1456 1743//1456 1720//1456
f 1743//1457 1731//1457 1728//1457
f 1743//1457 1728//1457 1720//1457
f 389//1458 390//1458 1742//1458
f 389//1459 1742//1459 1716//1459
f 1716//1424 1742//1424 1718//1424
f 398//1460 401//1460 1738//1460
f 1738//1461 401//1461 1744//1461
f 1738//1442 1744//1442 1737//1442
f 401//1461 404//1461 1744//1461
f 404//1462 1745//1462 1744//1462
f 1744//1463 1745//1463 1746//1463
f 1744//1463 1746//1463 1737//1463
f 1737//1464 1746//1464 1748//1464
f 1745//1465 1747//1465 1746//1465
f 1746//1466 1747//1466 1749//1466
f 1746//1467 1749//1467 1748//1467
f 1748//1468 1749//1468 1751//1468
f 1749//1469 1750//1469 1751//1469
f 1749//1470 1752//1470 1750//1470
f 1747//1471 1752//1471 1749//1471
f 1755//1472 1753//1472 1752//1472
f 1752//1473 1753//1473 1754//1473
f 1752//1473 1754//1473 1750//1473
f 1747//1471 1755//1471 1752//1471
f 1757//1474 1756//1474 1755//1474
f 1755//1472 1756//1472 1753//1472
f 1758//1475 1755//1475 1747//1475
f 1758//1475 1757//1475 1755//1475
f 407//1476 1758//1476 1745//1476
f 407//1476 410//1476 1758//1476
f 410//1477 1757//1477 1758//1477
f 1745//1465 1758//1465 1747//1465
f 410//1477 420//1477 1757//1477
f 420//364 423//364 1757//364
f 1757//1474 423//1474 1756//1474
f 1756//1478 445//1478 1753//1478
f 1756//1478 442//1478 445//1478
f 423//1479 442//1479 1756//1479
f 1760//87 1754//87 1759//87
f 1753//1480 1759//1480 1754//1480
f 1761//87 1750//87 1754//87
f 1761//87 1754//87 1760//87
f 1761//1481 1760//1481 848//1481
f 1762//1482 1761//1482 848//1482
f 1763//1483 1761//1483 1762//1483
f 1763//87 1750//87 1761//87
f 1764//1484 1763//1484 1762//1484
f 1764//87 1751//87 1763//87
f 1763//87 1751//87 1750//87
f 1765//1485 1764//1485 1762//1485
f 1765//1486 1766//1486 1764//1486
f 1766//87 1767//87 1764//87
f 1764//87 1767//87 1751//87
f 1734//1487 1748//1487 1767//1487
f 1748//1488 1751//1488 1767//1488
f 1766//87 1735//87 1767//87
f 1734//1487 1767//1487 1735//1487
f 1768//1489 1766//1489 1765//1489
f 1768//87 1735//87 1766//87
f 1725//1490 1768//1490 1765//1490
f 1725//1491 1726//1491 1768//1491
f 1726//87 1729//87 1768//87
f 1768//87 1729//87 1735//87
f 944//677 1765//677 1762//677
f 1769//673 1765//673 944//673
f 1769//673 1725//673 1765//673
f 1769//1492 1770//1492 1771//1492
f 1770//464 1769//464 947//464
f 1769//1493 1640//1493 1725//1493
f 1769//1492 1771//1492 1640//1492
f 1769//464 944//464 947//464
f 1773//1494 1771//1494 1772//1494
f 1771//1494 1774//1494 1772//1494
f 1638//1495 1771//1495 1773//1495
f 1770//1496 1774//1496 1771//1496
f 1638//1497 1640//1497 1771//1497
f 1774//1498 1776//1498 1772//1498
f 1770//1499 1775//1499 1774//1499
f 1774//1498 1775//1498 1776//1498
f 1776//1500 1777//1500 1779//1500
f 1776//1501 1775//1501 1777//1501
f 1772//1502 1776//1502 1780//1502
f 1776//461 1779//461 1778//461
f 1776//1503 1778//1503 1780//1503
f 1772//1504 1780//1504 1617//1504
f 1617//464 1780//464 1781//464
f 1780//464 1778//464 1781//464
f 1778//464 1783//464 1781//464
f 1617//464 1781//464 1616//464
f 1616//1505 1781//1505 1782//1505
f 1781//1505 1784//1505 1782//1505
f 1781//1506 1783//1506 1785//1506
f 1781//1507 1785//1507 1784//1507
f 1783//1508 1786//1508 1785//1508
f 1785//464 1786//464 1787//464
f 1785//1509 1787//1509 1788//1509
f 1785//1510 1788//1510 1784//1510
f 1787//1509 1789//1509 1788//1509
f 1788//87 1789//87 1182//87
f 1788//1511 1182//1511 1183//1511
f 1788//1512 1183//1512 1784//1512
f 1789//1513 1786//1513 1182//1513
f 1789//1513 1787//1513 1786//1513
f 1175//1514 1182//1514 1786//1514
f 1175//1515 1786//1515 1783//1515
f 1791//87 1782//87 1784//87
f 1790//87 1784//87 1183//87
f 1792//87 1784//87 1790//87
f 1791//87 1784//87 1792//87
f 1793//1516 1792//1516 1790//1516
f 1793//1517 1794//1517 1792//1517
f 1794//1517 1791//1517 1792//1517
f 1797//1518 1794//1518 1793//1518
f 1796//1519 1795//1519 1794//1519
f 1794//1520 1795//1520 1791//1520
f 1797//1521 1796//1521 1794//1521
f 319//1522 316//1522 1797//1522
f 319//1523 1797//1523 1798//1523
f 316//1522 1796//1522 1797//1522
f 1798//1524 1797//1524 1793//1524
f 322//1523 319//1523 1798//1523
f 322//1525 1798//1525 1799//1525
f 1799//1526 1798//1526 1800//1526
f 1798//1527 1793//1527 1800//1527
f 1800//1516 1793//1516 1790//1516
f 1800//1528 1790//1528 1802//1528
f 1799//1529 1800//1529 1801//1529
f 1801//1528 1800//1528 1802//1528
f 1802//87 1183//87 1184//87
f 1802//1530 1184//1530 1801//1530
f 1790//87 1183//87 1802//87
f 1801//1530 1184//1530 1186//1530
f 1801//1531 1186//1531 1803//1531
f 1803//1532 1799//1532 1801//1532
f 328//1533 325//1533 1803//1533
f 1803//1534 1189//1534 328//1534
f 325//1535 1799//1535 1803//1535
f 1803//1536 1186//1536 1189//1536
f 325//1525 322//1525 1799//1525
f 316//1537 313//1537 1796//1537
f 313//1537 1804//1537 1796//1537
f 1796//1538 1804//1538 1795//1538
f 313//1539 310//1539 1804//1539
f 310//1539 1805//1539 1804//1539
f 1804//1540 1805//1540 1806//1540
f 1804//1538 1806//1538 1795//1538
f 1806//1541 1809//1541 1807//1541
f 1806//1542 1807//1542 1808//1542
f 1795//1542 1806//1542 1808//1542
f 1805//1543 1809//1543 1806//1543
f 1805//1544 1519//1544 1809//1544
f 1519//1544 1521//1544 1809//1544
f 1809//1545 1521//1545 1810//1545
f 1809//1546 1810//1546 1807//1546
f 1810//87 1529//87 1807//87
f 1524//87 1529//87 1810//87
f 1521//1545 1524//1545 1810//1545
f 1807//87 1782//87 1808//87
f 1808//87 1782//87 1791//87
f 1795//1547 1808//1547 1791//1547
f 1529//87 1782//87 1807//87
f 310//1548 311//1548 1805//1548
f 311//1548 1519//1548 1805//1548
f 1778//464 1175//464 1783//464
f 1616//1549 1782//1549 1529//1549
f 1777//1550 945//1550 1779//1550
f 1779//1551 945//1551 1811//1551
f 1779//461 1811//461 1778//461
f 1811//461 1815//461 1778//461
f 945//1552 1813//1552 1811//1552
f 1812//461 1814//461 1811//461
f 1812//446 1811//446 1813//446
f 1814//461 1815//461 1811//461
f 1815//1553 1814//1553 1817//1553
f 1815//461 1816//461 1175//461
f 1174//1554 1816//1554 1815//1554
f 1815//1553 1817//1553 1174//1553
f 1815//461 1175//461 1778//461
f 1818//465 1813//465 1817//465
f 1819//465 1818//465 1817//465
f 1817//465 1813//465 1174//465
f 1814//1555 1819//1555 1817//1555
f 1814//1555 1820//1555 1819//1555
f 1821//1556 1819//1556 1820//1556
f 1821//465 1818//465 1819//465
f 1822//1557 1821//1557 1820//1557
f 1822//1558 1818//1558 1821//1558
f 1822//461 1820//461 1812//461
f 1822//1558 1812//1558 1818//1558
f 1820//461 1814//461 1812//461
f 1812//446 1813//446 1818//446
f 1174//1559 1173//1559 1816//1559
f 1175//1560 1816//1560 1173//1560
f 1813//465 946//465 1174//465
f 945//465 946//465 1813//465
f 1770//461 947//461 1777//461
f 1770//461 1777//461 1775//461
f 947//461 945//461 1777//461
f 1619//1504 1773//1504 1617//1504
f 1619//1495 1638//1495 1773//1495
f 1773//1504 1772//1504 1617//1504
f 915//102 1762//102 848//102
f 944//677 1762//677 915//677
f 1760//1561 850//1561 848//1561
f 1760//87 1759//87 850//87
f 1753//1562 445//1562 1759//1562
f 445//1563 444//1563 1759//1563
f 850//87 1759//87 444//87
f 1737//1564 1748//1564 1734//1564
f 404//1462 407//1462 1745//1462
f 1720//1429 1728//1429 1722//1429
f 1715//1565 389//1565 1716//1565
f 1713//1566 1823//1566 1715//1566
f 1823//1566 387//1566 1715//1566
f 1715//1567 387//1567 389//1567
f 290//1568 1823//1568 1713//1568
f 290//1569 293//1569 1823//1569
f 293//1570 384//1570 1823//1570
f 1823//334 384//334 387//334
f 287//1568 290//1568 1713//1568
f 1824//1571 1825//1571 1634//1571
f 1632//1572 1824//1572 1634//1572
f 1825//1573 1630//1573 1634//1573
f 1825//1573 1628//1573 1630//1573
f 1824//1574 1588//1574 1825//1574
f 1825//1575 1826//1575 1628//1575
f 1588//1576 1826//1576 1825//1576
f 1826//1577 1625//1577 1628//1577
f 1621//1578 1625//1578 1826//1578
f 1621//1579 1826//1579 1588//1579
f 1592//1580 1824//1580 1632//1580
f 1587//1581 1588//1581 1824//1581
f 1587//1582 1824//1582 1592//1582
f 1583//465 1632//465 1633//465
f 1633//1583 1621//1583 1586//1583
f 1583//1584 1633//1584 1586//1584
f 1583//465 1595//465 1632//465
f 1595//1580 1592//1580 1632//1580
f 1586//1585 1621//1585 1588//1585
f 1537//1549 1616//1549 1529//1549
f 1602//465 1584//465 1605//465
f 1600//1586 1603//1586 1539//1586
f 1583//465 1584//465 1602//465
f 1583//465 1602//465 1599//465
f 1589//1587 1600//1587 1539//1587
f 1583//465 1599//465 1597//465
f 1583//465 1597//465 1594//465
f 1583//465 1594//465 1595//465
f 1579//1588 1580//1588 1827//1588
f 1580//1589 1542//1589 1827//1589
f 1580//1272 1539//1272 1542//1272
f 1558//461 1827//461 1555//461
f 1827//1249 1542//1249 1555//1249
f 1579//461 1827//461 1558//461
f 1570//461 1579//461 1558//461
f 1570//1590 1571//1590 1579//1590
f 1578//1591 1829//1591 1828//1591
f 1578//1592 1828//1592 181//1592
f 1578//1593 181//1593 182//1593
f 1574//1594 1829//1594 1578//1594
f 1829//1595 1830//1595 167//1595
f 1574//1596 1830//1596 1829//1596
f 1829//1597 167//1597 169//1597
f 1829//1598 169//1598 1828//1598
f 1830//1599 1831//1599 157//1599
f 1573//1600 1831//1600 1830//1600
f 1574//1596 1573//1596 1830//1596
f 167//1601 1830//1601 166//1601
f 1830//1602 157//1602 166//1602
f 1831//1603 1832//1603 152//1603
f 1833//1604 1832//1604 1831//1604
f 1573//1600 1833//1600 1831//1600
f 1831//1605 152//1605 154//1605
f 157//1606 1831//1606 154//1606
f 1833//1604 1836//1604 1832//1604
f 1572//96 1833//96 1573//96
f 1834//1607 1835//1607 1833//1607
f 1834//1608 1833//1608 1837//1608
f 1836//1609 1833//1609 1835//1609
f 1837//1610 1833//1610 1572//1610
f 1837//1611 1572//1611 1839//1611
f 1837//96 1838//96 1834//96
f 1839//96 1838//96 1837//96
f 1572//1611 1840//1611 1839//1611
f 1839//1612 111//1612 120//1612
f 1839//593 1840//593 111//593
f 120//96 1846//96 1839//96
f 1839//96 1841//96 1838//96
f 1839//1613 1842//1613 1841//1613
f 1839//1614 1843//1614 1842//1614
f 1839//96 1844//96 1843//96
f 1839//1615 1845//1615 1844//1615
f 1839//1616 1846//1616 1845//1616
f 120//1616 1847//1616 1846//1616
f 1846//1617 1847//1617 1849//1617
f 1845//1618 1846//1618 1848//1618
f 1846//1619 1849//1619 1848//1619
f 1849//1620 1851//1620 1850//1620
f 1849//1621 1850//1621 1852//1621
f 1847//1622 1851//1622 1849//1622
f 1848//1623 1849//1623 1852//1623
f 1853//640 1852//640 1850//640
f 1853//1624 1854//1624 1852//1624
f 1848//1623 1852//1623 1854//1623
f 1853//1625 1855//1625 1854//1625
f 1856//1600 1854//1600 1855//1600
f 1856//1600 1848//1600 1854//1600
f 1845//1626 1856//1626 1844//1626
f 1845//1627 1848//1627 1856//1627
f 1844//1628 1856//1628 1857//1628
f 1857//1596 1856//1596 1855//1596
f 1857//1629 1858//1629 1859//1629
f 1857//1596 1855//1596 1858//1596
f 1843//1630 1857//1630 1859//1630
f 1844//1631 1857//1631 1843//1631
f 1859//1629 1858//1629 1860//1629
f 1859//1632 1860//1632 1861//1632
f 1842//1633 1859//1633 1861//1633
f 1843//1634 1859//1634 1842//1634
f 1861//1635 1862//1635 1863//1635
f 1861//1636 1860//1636 1862//1636
f 1841//1637 1861//1637 1863//1637
f 1842//1638 1861//1638 1841//1638
f 1865//1639 1863//1639 1864//1639
f 1863//1635 1862//1635 1864//1635
f 1866//1640 1863//1640 1865//1640
f 1841//1640 1863//1640 1866//1640
f 1841//1641 1866//1641 1838//1641
f 1866//96 1867//96 1838//96
f 1867//1642 1866//1642 1865//1642
f 1867//1643 1868//1643 1838//1643
f 1868//1644 1867//1644 1869//1644
f 1867//1642 1865//1642 1869//1642
f 1868//1645 1869//1645 1871//1645
f 1869//1646 1865//1646 1870//1646
f 1869//1646 1870//1646 1872//1646
f 1871//1647 1869//1647 1872//1647
f 1870//1648 1873//1648 1872//1648
f 1872//1649 1873//1649 1874//1649
f 1871//1647 1872//1647 1874//1647
f 1874//1650 1873//1650 1876//1650
f 1875//1651 1871//1651 1874//1651
f 1875//1651 1874//1651 1876//1651
f 1876//1652 1873//1652 1877//1652
f 1878//1653 1876//1653 1877//1653
f 1878//1653 1875//1653 1876//1653
f 1878//1654 1880//1654 1879//1654
f 1875//1655 1878//1655 1879//1655
f 1878//1656 1877//1656 1881//1656
f 1878//1657 1881//1657 1880//1657
f 1880//1658 1881//1658 1884//1658
f 1877//1656 1883//1656 1881//1656
f 1884//1659 1881//1659 1882//1659
f 1881//1660 1883//1660 1882//1660
f 1880//1661 1884//1661 1838//1661
f 1884//1662 1885//1662 1838//1662
f 1884//1663 1882//1663 1885//1663
f 1885//1616 1886//1616 1887//1616
f 1885//1664 1888//1664 1886//1664
f 1885//1661 1887//1661 1838//1661
f 1882//1663 1888//1663 1885//1663
f 1888//1665 1890//1665 1886//1665
f 1888//1666 1889//1666 1890//1666
f 1891//1667 1889//1667 1888//1667
f 1882//1667 1891//1667 1888//1667
f 1891//1668 1892//1668 1889//1668
f 1883//1669 1892//1669 1891//1669
f 1883//1660 1891//1660 1882//1660
f 1889//1670 1892//1670 1893//1670
f 1895//1671 1893//1671 1892//1671
f 1897//1672 1892//1672 1894//1672
f 1892//498 119//498 1894//498
f 1896//1673 1895//1673 1892//1673
f 1897//1674 1896//1674 1892//1674
f 1892//498 1887//498 119//498
f 1838//498 1887//498 1892//498
f 1883//1669 1873//1669 1892//1669
f 1838//498 1892//498 1873//498
f 1898//1675 1897//1675 1894//1675
f 1897//1676 1898//1676 1900//1676
f 1896//1677 1897//1677 1899//1677
f 1899//1677 1897//1677 1900//1677
f 1902//1678 1901//1678 1900//1678
f 1900//1679 1901//1679 1903//1679
f 1900//1676 1898//1676 1902//1676
f 1899//1680 1900//1680 1903//1680
f 1901//99 119//99 1903//99
f 1903//1681 119//1681 1904//1681
f 1904//1682 1899//1682 1903//1682
f 1904//614 1887//614 1886//614
f 1886//1683 1905//1683 1904//1683
f 1904//1684 119//1684 1887//1684
f 1905//1685 1899//1685 1904//1685
f 1890//1686 1905//1686 1886//1686
f 1905//1687 1896//1687 1899//1687
f 1890//1688 1895//1688 1905//1688
f 1895//1687 1896//1687 1905//1687
f 1902//1689 1908//1689 1901//1689
f 1906//1690 1908//1690 1902//1690
f 1902//1691 1907//1691 1906//1691
f 1902//1691 1898//1691 1907//1691
f 1906//1692 1909//1692 1908//1692
f 1908//1693 119//1693 1901//1693
f 1909//99 119//99 1908//99
f 1909//1694 1906//1694 1910//1694
f 1909//1695 1910//1695 1911//1695
f 1911//1696 119//1696 1909//1696
f 1911//1697 1910//1697 1912//1697
f 1911//1698 1912//1698 1913//1698
f 1913//99 119//99 1911//99
f 1913//1699 1914//1699 1915//1699
f 1913//1700 1912//1700 1914//1700
f 1915//105 119//105 1913//105
f 118//1701 1915//1701 1916//1701
f 1915//1702 1914//1702 1916//1702
f 118//1703 119//1703 1915//1703
f 118//1704 1916//1704 1918//1704
f 1916//1705 1914//1705 1917//1705
f 1916//1706 1917//1706 1919//1706
f 1918//1706 1916//1706 1919//1706
f 125//1707 1920//1707 1919//1707
f 125//1708 1919//1708 1917//1708
f 1918//1709 1919//1709 1920//1709
f 125//1710 1922//1710 1920//1710
f 1921//1711 1918//1711 1920//1711
f 1921//1712 1920//1712 1922//1712
f 125//1713 1923//1713 1922//1713
f 1923//1714 1924//1714 1922//1714
f 1924//1712 1921//1712 1922//1712
f 116//1715 115//1715 1924//1715
f 116//1716 1924//1716 1925//1716
f 115//1715 1921//1715 1924//1715
f 1923//1714 1925//1714 1924//1714
f 117//1717 116//1717 1925//1717
f 1926//1718 117//1718 1925//1718
f 1927//1719 1926//1719 1925//1719
f 1927//1719 1925//1719 1923//1719
f 1853//1720 1928//1720 1927//1720
f 1853//1721 1927//1721 1923//1721
f 1928//1722 1926//1722 1927//1722
f 1853//1721 1850//1721 1928//1721
f 1928//1722 1929//1722 1926//1722
f 1850//1723 1929//1723 1928//1723
f 1929//1724 1930//1724 113//1724
f 1929//1725 113//1725 1926//1725
f 1851//1726 1930//1726 1929//1726
f 1850//1727 1851//1727 1929//1727
f 120//614 1930//614 1931//614
f 120//1728 113//1728 1930//1728
f 1851//1729 1931//1729 1930//1729
f 120//1616 1931//1616 1847//1616
f 1847//1730 1931//1730 1851//1730
f 1926//1731 113//1731 117//1731
f 1853//1732 1923//1732 125//1732
f 115//1733 114//1733 1921//1733
f 114//1734 1918//1734 1921//1734
f 114//1735 118//1735 1918//1735
f 125//1707 1917//1707 1932//1707
f 1914//1705 1932//1705 1917//1705
f 1912//1736 1932//1736 1914//1736
f 1912//1736 1933//1736 1932//1736
f 1932//1737 1933//1737 1894//1737
f 125//1708 1932//1708 1894//1708
f 1910//1738 1934//1738 1933//1738
f 1933//1708 1934//1708 1894//1708
f 1910//1738 1933//1738 1912//1738
f 1934//1737 1907//1737 1894//1737
f 1906//1739 1907//1739 1934//1739
f 1906//1740 1934//1740 1910//1740
f 1907//1741 1898//1741 1894//1741
f 1893//89 1895//89 1890//89
f 1894//1742 119//1742 122//1742
f 125//111 1894//111 124//111
f 1894//1742 122//1742 124//1742
f 1889//1743 1893//1743 1890//1743
f 1877//1648 1873//1648 1883//1648
f 1879//1744 1880//1744 1838//1744
f 1935//96 1879//96 1838//96
f 1875//1745 1879//1745 1935//1745
f 1868//1746 1935//1746 1838//1746
f 1935//1747 1868//1747 1871//1747
f 1935//1748 1871//1748 1875//1748
f 1834//1749 1873//1749 1835//1749
f 1836//645 1835//645 1873//645
f 1836//1650 1873//1650 1870//1650
f 1834//1749 1838//1749 1873//1749
f 1836//1750 1870//1750 1864//1750
f 1865//1639 1864//1639 1870//1639
f 1836//1751 1864//1751 1862//1751
f 1836//1650 1862//1650 1860//1650
f 1836//1752 1860//1752 1858//1752
f 1836//1753 1858//1753 1855//1753
f 1853//1625 1836//1625 1855//1625
f 1836//1754 1853//1754 129//1754
f 129//114 1853//114 125//114
f 1840//89 103//89 106//89
f 1572//1611 103//1611 1840//1611
f 1840//593 106//593 111//593
f 1836//1754 129//1754 1832//1754
f 1832//1755 129//1755 1936//1755
f 152//1756 1832//1756 151//1756
f 1832//1757 1936//1757 151//1757
f 1936//1758 129//1758 133//1758
f 146//87 1936//87 133//87
f 145//87 151//87 1936//87
f 146//87 145//87 1936//87
f 170//87 1828//87 169//87
f 176//87 181//87 1828//87
f 170//87 176//87 1828//87
f 1938//461 1937//461 1576//461
f 1576//1759 1937//1759 1939//1759
f 1560//461 1576//461 1558//461
f 1938//461 1576//461 1560//461
f 1576//1759 1939//1759 1563//1759
f 1575//461 1558//461 1576//461
f 1942//465 1563//465 1939//465
f 1940//465 1939//465 1941//465
f 1940//465 1942//465 1939//465
f 1937//1760 1941//1760 1939//1760
f 1942//465 1564//465 1563//465
f 1943//1761 1938//1761 1942//1761
f 1943//1761 1942//1761 1940//1761
f 1938//1762 1564//1762 1942//1762
f 1943//461 1937//461 1938//461
f 1943//461 1944//461 1937//461
f 1943//1763 1940//1763 1944//1763
f 1940//1763 1941//1763 1944//1763
f 1937//1760 1944//1760 1941//1760
f 1938//1762 1560//1762 1564//1762
f 1570//461 1558//461 1575//461
f 1572//1611 1567//1611 103//1611
f 1566//87 1945//87 1946//87
f 1566//87 1559//87 1945//87
f 1566//87 1946//87 1947//87
f 96//87 1566//87 1947//87
f 1566//1256 96//1256 105//1256
f 1946//1764 1948//1764 1947//1764
f 1947//1765 1948//1765 90//1765
f 96//87 1947//87 93//87
f 1947//1765 90//1765 93//1765
f 1948//392 1949//392 89//392
f 1950//1766 1949//1766 1948//1766
f 1948//392 89//392 90//392
f 1946//1764 1950//1764 1948//1764
f 1950//1766 1951//1766 1949//1766
f 1952//1767 1951//1767 1950//1767
f 1945//1768 1952//1768 1950//1768
f 1945//1768 1950//1768 1946//1768
f 1952//1767 1953//1767 1951//1767
f 1954//1769 1953//1769 1952//1769
f 1955//1770 1952//1770 1945//1770
f 1955//1770 1954//1770 1952//1770
f 1551//87 1956//87 1955//87
f 1956//1771 1954//1771 1955//1771
f 1551//87 1955//87 1945//87
f 1956//1772 1957//1772 1954//1772
f 1958//1773 1957//1773 1956//1773
f 1551//87 1958//87 1956//87
f 1551//87 1550//87 1958//87
f 1959//1774 1958//1774 1550//1774
f 1958//1773 1959//1773 1957//1773
f 1959//1775 1961//1775 1960//1775
f 1959//1775 1960//1775 1957//1775
f 1961//1776 1959//1776 1962//1776
f 1962//1774 1959//1774 1550//1774
f 1963//1776 1961//1776 1962//1776
f 1963//1777 1962//1777 1964//1777
f 1964//1778 1962//1778 1549//1778
f 1962//1778 1550//1778 1549//1778
f 1965//1777 1963//1777 1964//1777
f 1965//1779 1964//1779 1966//1779
f 1966//1780 1964//1780 1545//1780
f 1964//1780 1549//1780 1545//1780
f 1967//1779 1965//1779 1966//1779
f 1967//1781 1966//1781 1968//1781
f 1966//1782 1545//1782 1546//1782
f 1968//1782 1966//1782 1546//1782
f 1969//1783 1967//1783 1968//1783
f 1969//1784 1968//1784 1970//1784
f 1970//1785 1968//1785 1547//1785
f 1968//1785 1546//1785 1547//1785
f 1971//1786 1969//1786 1970//1786
f 1971//1787 1970//1787 1973//1787
f 1970//1788 1547//1788 1972//1788
f 1973//1788 1970//1788 1972//1788
f 1974//1787 1971//1787 1973//1787
f 1974//1789 1973//1789 1525//1789
f 1525//1790 1973//1790 1527//1790
f 1973//1790 1972//1790 1527//1790
f 1508//1791 1971//1791 1974//1791
f 1975//1791 1508//1791 1974//1791
f 1975//1792 1974//1792 1522//1792
f 1522//1789 1974//1789 1525//1789
f 1512//1793 1975//1793 1517//1793
f 1517//1794 1975//1794 1522//1794
f 1509//1795 1508//1795 1975//1795
f 1512//1796 1509//1796 1975//1796
f 1547//87 1531//87 1972//87
f 1531//87 1527//87 1972//87
f 1506//1797 1969//1797 1971//1797
f 1508//1797 1506//1797 1971//1797
f 1505//1798 1967//1798 1969//1798
f 1506//1798 1505//1798 1969//1798
f 1498//1799 1965//1799 1967//1799
f 1505//1799 1498//1799 1967//1799
f 1496//1800 1963//1800 1965//1800
f 1498//1800 1496//1800 1965//1800
f 1495//1801 1961//1801 1963//1801
f 1496//1801 1495//1801 1963//1801
f 1961//1802 1495//1802 1489//1802
f 1961//1803 1489//1803 1960//1803
f 1960//1804 1486//1804 1976//1804
f 1957//1805 1960//1805 1976//1805
f 1960//1804 1489//1804 1486//1804
f 1976//1806 1487//1806 1953//1806
f 1954//1769 1976//1769 1953//1769
f 1957//1805 1976//1805 1954//1805
f 1976//1806 1486//1806 1487//1806
f 1953//1807 1480//1807 1951//1807
f 1953//1807 1487//1807 1480//1807
f 1951//1808 1477//1808 1949//1808
f 1951//1808 1480//1808 1477//1808
f 1949//1809 1478//1809 89//1809
f 1949//1809 1477//1809 1478//1809
f 1559//87 1551//87 1945//87
f 1565//1810 1564//1810 1560//1810
f 1565//1810 1560//1810 1561//1810
f 1558//461 1555//461 1556//461
f 1536//1811 1535//1811 1530//1811
f 1536//1812 1530//1812 1531//1812
f 1535//1811 1533//1811 1530//1811
f 1499//1204 1498//1204 1505//1204
f 251//1813 1503//1813 252//1813
f 252//1813 1503//1813 264//1813
f 1503//228 266//228 264//228
f 1503//1201 1502//1201 266//1201
f 1489//1193 1495//1193 1490//1193
f 246//1190 1493//1190 249//1190
f 1487//1183 1481//1183 1480//1183
f 237//1180 1484//1180 240//1180
f 1478//1173 84//1173 83//1173
f 89//81 1478//81 83//81
f 1475//1170 230//1170 231//1170
f 1465//1814 228//1814 1977//1814
f 1465//1815 1977//1815 1462//1815
f 226//1814 228//1814 1465//1814
f 1977//1815 1978//1815 1462//1815
f 1977//1816 1979//1816 1978//1816
f 228//1817 1980//1817 1977//1817
f 1977//1818 1980//1818 1979//1818
f 1980//1819 1982//1819 1979//1819
f 228//1817 222//1817 1980//1817
f 222//1820 1981//1820 1980//1820
f 1980//1821 1981//1821 1982//1821
f 1981//1822 1983//1822 1982//1822
f 1982//1823 1983//1823 1984//1823
f 1982//1824 1984//1824 1985//1824
f 1979//1825 1982//1825 1985//1825
f 1985//1826 1984//1826 1986//1826
f 1985//1826 1986//1826 1988//1826
f 1979//1827 1985//1827 1987//1827
f 1987//1828 1985//1828 1988//1828
f 1988//1829 1989//1829 1991//1829
f 1988//1830 1986//1830 1989//1830
f 1987//1831 1988//1831 1990//1831
f 1990//1832 1988//1832 1991//1832
f 1991//1833 1992//1833 1994//1833
f 1991//1834 1989//1834 1992//1834
f 1990//1832 1991//1832 1993//1832
f 1993//1835 1991//1835 1994//1835
f 1994//1836 1995//1836 1441//1836
f 1994//1837 1992//1837 1995//1837
f 1443//1122 1994//1122 1441//1122
f 1993//1835 1994//1835 1443//1835
f 1441//1838 1995//1838 1440//1838
f 1992//1839 1996//1839 1995//1839
f 1995//1840 1996//1840 1997//1840
f 1995//1841 1997//1841 1440//1841
f 1440//1842 1997//1842 1998//1842
f 1997//1843 1999//1843 1998//1843
f 1996//1844 2000//1844 1997//1844
f 1997//1843 2000//1843 1999//1843
f 2000//1845 2003//1845 1999//1845
f 1996//1844 2001//1844 2000//1844
f 2001//1846 2002//1846 2000//1846
f 2000//1845 2002//1845 2003//1845
f 1999//1847 2003//1847 2004//1847
f 2003//1848 2005//1848 2004//1848
f 2002//1849 2006//1849 2003//1849
f 2003//1848 2006//1848 2005//1848
f 2006//1850 2007//1850 2005//1850
f 2006//1850 2008//1850 2007//1850
f 2009//1851 2008//1851 2006//1851
f 2002//1852 2009//1852 2006//1852
f 2012//1853 2010//1853 2009//1853
f 2010//1854 2011//1854 2009//1854
f 2009//1851 2011//1851 2008//1851
f 2012//1853 2009//1853 2002//1853
f 2001//1846 2012//1846 2002//1846
f 2013//1855 2012//1855 2014//1855
f 2013//1856 2010//1856 2012//1856
f 2014//1857 2012//1857 2001//1857
f 2016//1858 2015//1858 2014//1858
f 2015//1859 2013//1859 2014//1859
f 2017//1860 2014//1860 2001//1860
f 2016//1858 2014//1858 2017//1858
f 1992//1839 2017//1839 1996//1839
f 2017//1860 2001//1860 1996//1860
f 1989//1861 2016//1861 2017//1861
f 1989//1862 2017//1862 1992//1862
f 1986//1863 2018//1863 2016//1863
f 2018//1864 2015//1864 2016//1864
f 1986//1865 2016//1865 1989//1865
f 1984//1866 2019//1866 2018//1866
f 2019//1867 2020//1867 2018//1867
f 1984//1866 2018//1866 1986//1866
f 2020//1864 2015//1864 2018//1864
f 2020//1868 2023//1868 2015//1868
f 2021//1867 2020//1867 2019//1867
f 2021//1869 2022//1869 2020//1869
f 2022//1868 2023//1868 2020//1868
f 2022//1870 2024//1870 2023//1870
f 2023//1871 2013//1871 2015//1871
f 2023//1872 2025//1872 2013//1872
f 2024//1872 2025//1872 2023//1872
f 2025//1873 2026//1873 2010//1873
f 2027//1873 2026//1873 2025//1873
f 2024//1874 2027//1874 2025//1874
f 2025//1875 2010//1875 2013//1875
f 2028//1876 2027//1876 2024//1876
f 2028//15 2029//15 2027//15
f 2027//15 2030//15 2026//15
f 2027//15 2029//15 2030//15
f 2029//1877 2031//1877 2030//1877
f 2031//1878 2032//1878 2030//1878
f 2030//1879 2032//1879 2033//1879
f 2026//15 2030//15 2033//15
f 2032//1880 2034//1880 2033//1880
f 2026//15 2033//15 2011//15
f 2011//15 2033//15 2034//15
f 2032//1881 2035//1881 2034//1881
f 2035//1882 2036//1882 2034//1882
f 2008//15 2034//15 2036//15
f 2011//15 2034//15 2008//15
f 2035//1883 2037//1883 2036//1883
f 2007//15 2036//15 2037//15
f 2008//15 2036//15 2007//15
f 2035//1884 2038//1884 2037//1884
f 2038//1885 2039//1885 2037//1885
f 2040//1886 2037//1886 2039//1886
f 2007//15 2037//15 2040//15
f 2005//1887 2040//1887 2042//1887
f 2005//1887 2007//1887 2040//1887
f 2040//15 2039//15 2041//15
f 2042//1888 2040//1888 2041//1888
f 2044//1889 2042//1889 2043//1889
f 2042//1888 2041//1888 2043//1888
f 2004//1890 2005//1890 2042//1890
f 2004//1890 2042//1890 2044//1890
f 2044//1891 2043//1891 2045//1891
f 2046//1892 2044//1892 2045//1892
f 2047//1893 2004//1893 2044//1893
f 2047//1894 2044//1894 2046//1894
f 2048//1895 2047//1895 2046//1895
f 1998//1896 1999//1896 2047//1896
f 1999//1897 2004//1897 2047//1897
f 1998//1898 2047//1898 2048//1898
f 1437//1899 2048//1899 2049//1899
f 2048//1900 2046//1900 2049//1900
f 1438//1901 1998//1901 2048//1901
f 1438//1902 2048//1902 1437//1902
f 1437//1903 2049//1903 2050//1903
f 2050//1904 2049//1904 2052//1904
f 2049//1905 2046//1905 2051//1905
f 2049//1906 2051//1906 2052//1906
f 2050//1907 2052//1907 2053//1907
f 2053//1908 2052//1908 2055//1908
f 2052//1909 2051//1909 2054//1909
f 2052//1910 2054//1910 2055//1910
f 2053//1908 2055//1908 2056//1908
f 2056//1911 2055//1911 2058//1911
f 2055//1912 2054//1912 2057//1912
f 2055//1912 2057//1912 2058//1912
f 2056//1913 2058//1913 2059//1913
f 2059//1914 2058//1914 2061//1914
f 2058//1915 2057//1915 2060//1915
f 2058//1916 2060//1916 2061//1916
f 2063//1917 2061//1917 2062//1917
f 2062//1918 2061//1918 2064//1918
f 2059//1919 2061//1919 2063//1919
f 2061//1920 2060//1920 2064//1920
f 2062//1921 2064//1921 2065//1921
f 2064//1922 2060//1922 489//1922
f 2064//1923 489//1923 486//1923
f 2065//1924 2064//1924 486//1924
f 2066//1921 2062//1921 2065//1921
f 2066//1925 2065//1925 2067//1925
f 2067//1926 2065//1926 483//1926
f 2065//1926 486//1926 483//1926
f 2069//1927 2067//1927 2068//1927
f 2068//1928 2067//1928 480//1928
f 2069//1929 2066//1929 2067//1929
f 2067//1930 483//1930 480//1930
f 2069//1931 2070//1931 2072//1931
f 2070//1932 2069//1932 2068//1932
f 2066//1933 2069//1933 2071//1933
f 2071//1933 2069//1933 2072//1933
f 2072//1934 2073//1934 1339//1934
f 2072//1935 2070//1935 2073//1935
f 2071//1936 2072//1936 1342//1936
f 1342//1937 2072//1937 1339//1937
f 2073//1938 2074//1938 2075//1938
f 2070//1939 2074//1939 2073//1939
f 2073//1940 2075//1940 1336//1940
f 1339//1941 2073//1941 1336//1941
f 2074//1942 2076//1942 2075//1942
f 2075//1943 2076//1943 2077//1943
f 2075//1944 2077//1944 1333//1944
f 1336//1945 2075//1945 1333//1945
f 2076//1946 2078//1946 2077//1946
f 2077//1947 2078//1947 1327//1947
f 2077//1948 1327//1948 1326//1948
f 1333//1949 2077//1949 1326//1949
f 2078//1950 2079//1950 1327//1950
f 2078//1951 2080//1951 2079//1951
f 2076//1952 2081//1952 2078//1952
f 2081//1951 2080//1951 2078//1951
f 2080//1953 2081//1953 469//1953
f 2082//1952 2081//1952 2076//1952
f 2081//1954 2082//1954 471//1954
f 2081//1953 471//1953 469//1953
f 2074//1955 2083//1955 2082//1955
f 2082//1956 2083//1956 474//1956
f 2082//1954 474//1954 471//1954
f 2076//1957 2074//1957 2082//1957
f 2070//1958 2068//1958 2083//1958
f 2083//1959 2068//1959 477//1959
f 2083//1956 477//1956 474//1956
f 2074//1958 2070//1958 2083//1958
f 2080//1960 2084//1960 2079//1960
f 468//1961 2084//1961 2080//1961
f 468//1962 2080//1962 469//1962
f 2085//1963 2084//1963 468//1963
f 2085//1964 2087//1964 2084//1964
f 2079//1960 2084//1960 2086//1960
f 2084//1965 2087//1965 2086//1965
f 2088//1966 2090//1966 2087//1966
f 2089//1967 2088//1967 2087//1967
f 2089//1968 2087//1968 2085//1968
f 2086//1969 2087//1969 2090//1969
f 1320//1970 2090//1970 1317//1970
f 2090//1971 2091//1971 1317//1971
f 2086//1972 2090//1972 1320//1972
f 2088//1973 2091//1973 2090//1973
f 1317//1971 2091//1971 1314//1971
f 2091//1974 2092//1974 1314//1974
f 2093//1975 2092//1975 2091//1975
f 2093//1975 2091//1975 2088//1975
f 2094//1976 2092//1976 2093//1976
f 450//1977 2094//1977 2093//1977
f 453//1978 2093//1978 2088//1978
f 450//1979 2093//1979 453//1979
f 438//1980 437//1980 2094//1980
f 447//1981 438//1981 2094//1981
f 447//1982 2094//1982 450//1982
f 2094//1983 437//1983 2092//1983
f 1314//1974 2092//1974 1312//1974
f 2092//1984 437//1984 1312//1984
f 454//1985 453//1985 2089//1985
f 454//1985 2089//1985 460//1985
f 460//1986 2089//1986 2085//1986
f 453//1978 2088//1978 2089//1978
f 1323//1987 2086//1987 1320//1987
f 2079//1987 2086//1987 1323//1987
f 460//1986 2085//1986 463//1986
f 463//403 2085//403 468//403
f 1327//1988 2079//1988 1323//1988
f 2095//1989 2071//1989 1345//1989
f 2095//1990 2066//1990 2071//1990
f 1345//1989 2071//1989 1342//1989
f 2096//1991 2095//1991 1345//1991
f 2096//1992 2063//1992 2095//1992
f 2063//1993 2062//1993 2095//1993
f 2062//1990 2066//1990 2095//1990
f 2098//1994 2097//1994 2096//1994
f 2097//1995 2063//1995 2096//1995
f 1344//1996 2096//1996 1345//1996
f 2098//1997 2096//1997 1344//1997
f 1404//1998 2099//1998 2098//1998
f 2099//1999 2097//1999 2098//1999
f 1348//984 2098//984 1344//984
f 1404//1998 2098//1998 1348//1998
f 1406//2000 2100//2000 2099//2000
f 2100//2001 2101//2001 2099//2001
f 1406//2002 2099//2002 1404//2002
f 2099//1999 2101//1999 2097//1999
f 2100//2003 2102//2003 2101//2003
f 2102//2004 2056//2004 2101//2004
f 2101//2005 2059//2005 2097//2005
f 2101//2005 2056//2005 2059//2005
f 2104//2006 2103//2006 2102//2006
f 2103//2007 2053//2007 2102//2007
f 2104//2008 2102//2008 2100//2008
f 2102//2009 2053//2009 2056//2009
f 2105//2010 2104//2010 2100//2010
f 1428//2011 2104//2011 2105//2011
f 1428//2012 1432//2012 2104//2012
f 1432//2013 2103//2013 2104//2013
f 1428//1104 2105//1104 1429//1104
f 1429//2014 2105//2014 1407//2014
f 2105//2014 1406//2014 1407//2014
f 2105//2015 2100//2015 1406//2015
f 1432//2016 1435//2016 2103//2016
f 1435//2017 2050//2017 2103//2017
f 2103//2018 2050//2018 2053//2018
f 2097//2019 2059//2019 2063//2019
f 2068//2020 480//2020 477//2020
f 2060//2021 493//2021 489//2021
f 2057//2022 493//2022 2060//2022
f 2054//2023 2106//2023 2057//2023
f 2057//2024 2106//2024 493//2024
f 2106//2025 492//2025 493//2025
f 2106//2025 499//2025 492//2025
f 2054//2026 2107//2026 2106//2026
f 2107//2027 499//2027 2106//2027
f 2051//2028 2045//2028 2107//2028
f 2045//2029 2108//2029 2107//2029
f 2107//2030 2108//2030 499//2030
f 2051//2028 2107//2028 2054//2028
f 2108//2031 498//2031 499//2031
f 2108//2031 2109//2031 498//2031
f 2043//2032 2109//2032 2108//2032
f 2045//2033 2043//2033 2108//2033
f 2043//2032 2041//2032 2109//2032
f 2041//15 2110//15 2109//15
f 2110//15 501//15 2109//15
f 2109//15 501//15 498//15
f 2038//2034 2110//2034 2039//2034
f 2039//15 2110//15 2041//15
f 502//2035 501//2035 2110//2035
f 2038//2036 502//2036 2110//2036
f 2046//2037 2045//2037 2051//2037
f 1435//2038 1437//2038 2050//2038
f 2035//15 2111//15 2038//15
f 2111//15 506//15 2038//15
f 2038//15 506//15 502//15
f 2112//436 506//436 2111//436
f 2112//436 2111//436 2035//436
f 2113//442 9//442 2112//442
f 2113//436 2112//436 2035//436
f 9//2039 2114//2039 2112//2039
f 2112//2039 2114//2039 2115//2039
f 2112//436 2115//436 506//436
f 2115//436 2119//436 2116//436
f 2115//436 2116//436 506//436
f 2115//436 2117//436 2122//436
f 2115//436 2118//436 2117//436
f 2115//2040 2123//2040 2118//2040
f 2115//436 2121//436 2119//436
f 2115//436 2122//436 2120//436
f 2115//436 2120//436 2121//436
f 2114//2041 2123//2041 2115//2041
f 2123//2042 2124//2042 2118//2042
f 2123//2043 2125//2043 2124//2043
f 2114//2044 2125//2044 2123//2044
f 2114//2045 2126//2045 2125//2045
f 2126//2046 2127//2046 2125//2046
f 2127//2047 2128//2047 2125//2047
f 2125//2048 2128//2048 2129//2048
f 2124//2049 2125//2049 2129//2049
f 2124//2050 2129//2050 2131//2050
f 2128//2051 2130//2051 2129//2051
f 2129//2052 2130//2052 2131//2052
f 2124//2053 2131//2053 2133//2053
f 2131//2054 2130//2054 2132//2054
f 2131//2055 2132//2055 2133//2055
f 2134//2056 2133//2056 2132//2056
f 2133//2057 2134//2057 2135//2057
f 2124//2058 2133//2058 2135//2058
f 2135//2059 2136//2059 520//2059
f 2134//2060 2136//2060 2135//2060
f 2124//2061 2135//2061 520//2061
f 2136//2062 2138//2062 520//2062
f 2134//2060 2137//2060 2136//2060
f 2137//2063 2139//2063 2136//2063
f 2139//2064 2138//2064 2136//2064
f 513//2065 2139//2065 2137//2065
f 512//2066 2139//2066 513//2066
f 512//2067 2140//2067 2139//2067
f 2139//2068 2140//2068 2138//2068
f 511//2069 2140//2069 512//2069
f 2142//2069 2140//2069 511//2069
f 2140//2070 2142//2070 2141//2070
f 2138//2071 2140//2071 2141//2071
f 507//2072 2142//2072 511//2072
f 2143//2073 2142//2073 507//2073
f 2143//2074 2144//2074 2142//2074
f 2142//2075 2144//2075 2141//2075
f 2144//2076 2145//2076 520//2076
f 2141//2077 2144//2077 520//2077
f 2145//2078 2144//2078 2143//2078
f 2145//2079 7//2079 2146//2079
f 2148//2080 7//2080 2145//2080
f 2145//2081 2146//2081 520//2081
f 2147//2082 2145//2082 2143//2082
f 2148//2083 2145//2083 2147//2083
f 2149//2084 7//2084 2148//2084
f 2150//2085 2149//2085 2148//2085
f 2150//2086 2148//2086 2147//2086
f 2153//2087 2151//2087 2150//2087
f 2151//2087 2152//2087 2150//2087
f 2150//2088 2147//2088 2153//2088
f 2152//2089 2149//2089 2150//2089
f 2153//2088 2147//2088 2154//2088
f 2151//436 2153//436 506//436
f 2153//436 2154//436 506//436
f 2154//2090 2143//2090 507//2090
f 2147//2091 2143//2091 2154//2091
f 2154//436 507//436 506//436
f 2151//2092 2116//2092 2152//2092
f 2116//2093 2155//2093 2152//2093
f 2152//2094 2155//2094 2156//2094
f 2152//2095 2156//2095 2149//2095
f 2157//2096 7//2096 2156//2096
f 2155//2097 2157//2097 2156//2097
f 2156//2098 7//2098 2149//2098
f 2158//2099 7//2099 2157//2099
f 2159//2100 2158//2100 2157//2100
f 2155//2101 2159//2101 2157//2101
f 2119//498 2159//498 2155//498
f 2119//2102 2121//2102 2159//2102
f 2121//2103 2160//2103 2159//2103
f 2159//2104 2160//2104 2158//2104
f 2120//2105 2161//2105 2160//2105
f 2161//2106 2162//2106 2160//2106
f 2121//2105 2120//2105 2160//2105
f 2160//2107 2162//2107 2158//2107
f 2163//2108 2162//2108 2161//2108
f 2114//2109 2162//2109 2163//2109
f 2114//2110 2158//2110 2162//2110
f 2163//2111 2161//2111 2164//2111
f 2163//2112 2164//2112 2126//2112
f 2114//2113 2163//2113 2126//2113
f 2164//2114 2122//2114 2117//2114
f 2164//2114 2117//2114 2127//2114
f 2126//2115 2164//2115 2127//2115
f 2161//2116 2122//2116 2164//2116
f 2161//2116 2120//2116 2122//2116
f 2114//2117 7//2117 2158//2117
f 2116//498 2119//498 2155//498
f 2116//2118 2151//2118 506//2118
f 7//4 4//4 2146//4
f 2146//4 2165//4 520//4
f 2146//4 4//4 2165//4
f 2165//2119 4//2119 2167//2119
f 2168//2120 2165//2120 2166//2120
f 2165//2121 2167//2121 2166//2121
f 520//4 2165//4 2168//4
f 521//4 2168//4 528//4
f 528//2122 2168//2122 2169//2122
f 520//4 2168//4 521//4
f 2168//2120 2166//2120 2169//2120
f 2170//15 2173//15 2169//15
f 2171//15 2170//15 2169//15
f 2172//15 2171//15 2169//15
f 2166//15 2172//15 2169//15
f 528//2122 2169//2122 2173//2122
f 528//2123 2173//2123 2174//2123
f 2174//2124 2173//2124 2176//2124
f 1235//15 2175//15 2173//15
f 2176//2125 2173//2125 2175//2125
f 2170//15 1237//15 2173//15
f 1237//15 1235//15 2173//15
f 2174//2126 2176//2126 2177//2126
f 2176//87 2178//87 2177//87
f 2178//2127 2176//2127 2175//2127
f 2180//2128 2178//2128 2175//2128
f 2178//2129 2179//2129 2177//2129
f 2178//2129 2181//2129 2179//2129
f 2180//2130 532//2130 2178//2130
f 532//2131 2181//2131 2178//2131
f 2174//464 2179//464 2181//464
f 2181//2132 530//2132 2174//2132
f 532//2133 530//2133 2181//2133
f 1229//15 2180//15 2175//15
f 551//2134 532//2134 2180//2134
f 1223//15 551//15 2180//15
f 1226//15 1223//15 2180//15
f 1229//15 1226//15 2180//15
f 2179//2126 2174//2126 2177//2126
f 1232//15 1229//15 2175//15
f 1235//15 1232//15 2175//15
f 530//2135 528//2135 2174//2135
f 2182//15 2172//15 2166//15
f 2183//2136 2172//2136 2182//2136
f 2184//2136 2172//2136 2183//2136
f 2184//2137 2171//2137 2172//2137
f 1395//2138 2184//2138 2183//2138
f 1393//2139 2185//2139 2184//2139
f 2185//2137 2171//2137 2184//2137
f 1393//2140 2184//2140 1395//2140
f 2185//2141 2170//2141 2171//2141
f 1238//2141 2170//2141 2185//2141
f 1240//2142 1238//2142 2185//2142
f 1240//2139 2185//2139 1393//2139
f 2183//2143 2182//2143 2186//2143
f 2187//2144 2183//2144 2186//2144
f 1395//2145 2183//2145 2187//2145
f 1414//2146 2187//2146 2188//2146
f 1396//2146 2187//2146 1414//2146
f 1396//2147 1395//2147 2187//2147
f 2187//2148 2186//2148 2188//2148
f 1413//2149 2188//2149 2189//2149
f 2189//2150 2188//2150 2190//2150
f 2188//2148 2186//2148 2190//2148
f 1413//2151 1414//2151 2188//2151
f 2190//2152 2191//2152 2192//2152
f 2186//2152 2191//2152 2190//2152
f 2189//2153 2190//2153 2193//2153
f 2193//2154 2190//2154 2192//2154
f 2194//2155 2189//2155 2193//2155
f 2194//2156 2193//2156 2196//2156
f 2196//2157 2193//2157 2195//2157
f 2193//2154 2192//2154 2195//2154
f 2198//2158 2196//2158 2197//2158
f 2196//2157 2195//2157 2197//2157
f 2199//2159 2196//2159 2198//2159
f 2199//2159 2194//2159 2196//2159
f 40//2160 2199//2160 37//2160
f 37//2161 2199//2161 2198//2161
f 1419//2162 2194//2162 2199//2162
f 40//2163 1419//2163 2199//2163
f 37//2161 2198//2161 36//2161
f 36//2164 2198//2164 2200//2164
f 2198//2158 2197//2158 2200//2158
f 6//15 2200//15 3//15
f 6//15 27//15 2200//15
f 2200//15 2197//15 3//15
f 36//2165 2200//2165 27//2165
f 3//15 2197//15 2195//15
f 3//15 2195//15 2201//15
f 2195//15 2192//15 2201//15
f 2203//2166 2202//2166 2201//2166
f 2202//2167 3//2167 2201//2167
f 2201//15 2191//15 2166//15
f 2203//2168 2201//2168 2166//2168
f 2201//15 2192//15 2191//15
f 2203//2169 2204//2169 2205//2169
f 2203//2169 2167//2169 2204//2169
f 2167//2170 2203//2170 2166//2170
f 2202//87 2203//87 2205//87
f 2//2171 2205//2171 2204//2171
f 2202//2171 2205//2171 2//2171
f 2//464 2204//464 2167//464
f 2//2172 3//2172 2202//2172
f 1416//2173 2189//2173 2194//2173
f 1419//2174 1416//2174 2194//2174
f 2191//15 2182//15 2166//15
f 2186//2143 2182//2143 2191//2143
f 1416//2175 1413//2175 2189//2175
f 1238//2176 1237//2176 2170//2176
f 4//2177 2//2177 2167//2177
f 2138//2178 2141//2178 520//2178
f 2206//462 2137//462 2134//462
f 510//462 2137//462 2206//462
f 513//2065 2137//2065 510//2065
f 515//436 2206//436 2207//436
f 2206//2179 2132//2179 2207//2179
f 2206//2180 2134//2180 2132//2180
f 515//436 510//436 2206//436
f 515//436 2207//436 2208//436
f 2207//2181 2132//2181 2130//2181
f 2207//2182 2130//2182 2208//2182
f 2128//2183 2209//2183 2208//2183
f 2128//2184 2208//2184 2130//2184
f 515//436 2208//436 2209//436
f 2127//2185 2117//2185 2209//2185
f 2127//2186 2209//2186 2128//2186
f 515//436 2209//436 2117//436
f 2118//2187 2124//2187 515//2187
f 2124//437 518//437 515//437
f 2124//439 520//439 518//439
f 2118//436 515//436 2117//436
f 9//6 7//6 2114//6
f 2211//2188 2210//2188 2113//2188
f 2210//2039 9//2039 2113//2039
f 2212//2189 2113//2189 2035//2189
f 2211//2190 2113//2190 2213//2190
f 2213//2191 2113//2191 2212//2191
f 2214//2192 2218//2192 2213//2192
f 2215//2193 2214//2193 2213//2193
f 2213//2194 2216//2194 2215//2194
f 2213//2195 2212//2195 126//2195
f 109//2196 2213//2196 126//2196
f 108//2197 2216//2197 2213//2197
f 108//2198 2213//2198 109//2198
f 2213//2199 2217//2199 2211//2199
f 2218//2199 2217//2199 2213//2199
f 2218//8 2214//8 13//8
f 2217//8 2218//8 13//8
f 2217//8 13//8 2210//8
f 2217//2200 2210//2200 2211//2200
f 2215//2201 2216//2201 16//2201
f 16//2202 2216//2202 108//2202
f 2215//1759 2220//1759 2214//1759
f 2219//436 2215//436 2221//436
f 2219//436 2220//436 2215//436
f 2221//436 2215//436 16//436
f 2221//436 16//436 2222//436
f 2222//2203 17//2203 2221//2203
f 2221//1762 2223//1762 2219//1762
f 2221//1762 17//1762 2223//1762
f 2219//2204 2223//2204 2225//2204
f 2223//8 17//8 2214//8
f 2223//8 2214//8 2224//8
f 2225//8 2223//8 2224//8
f 2219//2205 2225//2205 2226//2205
f 2225//2206 2227//2206 2226//2206
f 2225//8 2224//8 2227//8
f 2226//2206 2227//2206 2228//2206
f 2228//2207 2227//2207 2224//2207
f 2220//2207 2228//2207 2224//2207
f 2226//436 2228//436 2220//436
f 2226//436 2220//436 2219//436
f 2220//1759 2224//1759 2214//1759
f 16//462 18//462 2222//462
f 18//2203 17//2203 2222//2203
f 17//8 13//8 2214//8
f 2031//1714 2212//1714 2032//1714
f 2031//1714 126//1714 2212//1714
f 2212//2208 2035//2208 2032//2208
f 2210//8 13//8 10//8
f 2210//2209 10//2209 9//2209
f 127//2210 2031//2210 2229//2210
f 127//113 126//113 2031//113
f 2229//2211 2031//2211 2029//2211
f 2231//2212 127//2212 2229//2212
f 2230//15 2229//15 2028//15
f 2230//15 2231//15 2229//15
f 2028//15 2229//15 2029//15
f 131//2213 127//2213 2231//2213
f 2232//15 131//15 2231//15
f 2232//15 2231//15 2230//15
f 2232//2214 2230//2214 2233//2214
f 2234//2215 2232//2215 2233//2215
f 2235//2215 2232//2215 2234//2215
f 2235//15 131//15 2232//15
f 139//2216 2235//2216 2234//2216
f 134//2216 2235//2216 139//2216
f 134//15 130//15 2235//15
f 2235//15 130//15 131//15
f 139//811 2234//811 2237//811
f 2234//2217 2233//2217 2236//2217
f 2237//811 2234//811 2236//811
f 2237//2218 2236//2218 2239//2218
f 140//2219 2237//2219 2238//2219
f 140//123 139//123 2237//123
f 2238//2219 2237//2219 2239//2219
f 2238//2220 2239//2220 2242//2220
f 2239//2221 2240//2221 2241//2221
f 2239//2222 2236//2222 2240//2222
f 2242//2220 2239//2220 2241//2220
f 2244//2223 2242//2223 2243//2223
f 2243//2224 2242//2224 2241//2224
f 2244//2225 2245//2225 2242//2225
f 2245//2226 2238//2226 2242//2226
f 2244//2227 213//2227 2245//2227
f 2246//2228 143//2228 2245//2228
f 213//2228 2246//2228 2245//2228
f 2245//2229 143//2229 2238//2229
f 211//183 2246//183 213//183
f 211//2230 148//2230 2246//2230
f 2246//124 142//124 143//124
f 148//2230 142//2230 2246//2230
f 220//190 214//190 2244//190
f 2244//2227 214//2227 213//2227
f 220//2231 2244//2231 2243//2231
f 2243//2232 2241//2232 2247//2232
f 220//2233 2243//2233 223//2233
f 223//2234 2243//2234 2247//2234
f 2247//2235 2248//2235 1983//2235
f 2247//2235 2241//2235 2248//2235
f 223//2236 2247//2236 1981//2236
f 1981//2237 2247//2237 1983//2237
f 1983//2238 2248//2238 2019//2238
f 2248//2239 2021//2239 2019//2239
f 2241//2240 2240//2240 2248//2240
f 2240//2241 2021//2241 2248//2241
f 2240//2242 2249//2242 2021//2242
f 2236//2243 2249//2243 2240//2243
f 2249//1869 2022//1869 2021//1869
f 2249//2244 2250//2244 2022//2244
f 2236//2245 2233//2245 2249//2245
f 2233//2244 2250//2244 2249//2244
f 2250//2246 2028//2246 2024//2246
f 2230//2246 2028//2246 2250//2246
f 2250//1870 2024//1870 2022//1870
f 2233//2214 2230//2214 2250//2214
f 143//126 140//126 2238//126
f 2010//1854 2026//1854 2011//1854
f 1983//2238 2019//2238 1984//2238
f 1440//2247 1998//2247 1438//2247
f 2251//2248 1990//2248 1993//2248
f 1446//1127 1993//1127 1443//1127
f 2251//2248 1993//2248 1446//2248
f 2251//2249 1446//2249 1453//2249
f 2252//2250 2251//2250 1456//2250
f 2252//2251 1990//2251 2251//2251
f 1456//2252 2251//2252 1453//2252
f 1978//2253 2252//2253 1459//2253
f 1459//2254 2252//2254 1456//2254
f 1978//2255 1987//2255 2252//2255
f 2252//2256 1987//2256 1990//2256
f 1978//2257 1979//2257 1987//2257
f 222//2258 223//2258 1981//2258
f 1462//2259 1978//2259 1459//2259
f 1455//1164 47//1164 48//1164
f 1453//2260 1446//2260 1447//2260
f 42//2261 1450//2261 43//2261
f 1450//2261 1423//2261 43//2261
f 1450//2262 1449//2262 1423//2262
f 1449//2263 1431//2263 1426//2263
f 1449//2262 1426//2262 1423//2262
f 1444//2264 1431//2264 1449//2264
f 1444//2265 1434//2265 1431//2265
f 1429//2266 1407//2266 1409//2266
f 1425//2266 1429//2266 1409//2266
f 1425//2267 1409//2267 1417//2267
f 1420//2268 1425//2268 1417//2268
f 1417//1078 1409//1078 1410//1078
f 1398//2269 1396//2269 1414//2269
f 1351//2270 1350//2270 1389//2270
f 1305//2271 1280//2271 1376//2271
f 1307//2272 1305//2272 1376//2272
f 1372//2273 1310//2273 1308//2273
f 1369//2274 1315//2274 1372//2274
f 1315//2275 1310//2275 1372//2275
f 1366//2276 1318//2276 1369//2276
f 1318//2277 1315//2277 1369//2277
f 1363//2278 1321//2278 1366//2278
f 1321//2279 1318//2279 1366//2279
f 1330//2280 1324//2280 1363//2280
f 1324//2278 1321//2278 1363//2278
f 1312//1984 437//1984 435//1984
f 1305//2281 1281//2281 1280//2281
f 434//2282 431//2282 1303//2282
f 1277//2283 1271//2283 1265//2283
f 349//2284 1272//2284 1275//2284
f 349//2284 346//2284 1272//2284
f 346//2285 1269//2285 1272//2285
f 1271//2286 1266//2286 1265//2286
f 344//2287 1200//2287 1269//2287
f 346//2285 344//2285 1269//2285
f 1263//825 1210//825 1213//825
f 1202//2288 1210//2288 1263//2288
f 1223//15 1220//15 551//15
f 1220//15 1217//15 551//15
f 1217//15 1211//15 1208//15
f 1217//15 1208//15 551//15
f 1202//821 1203//821 1210//821
f 1207//2289 575//2289 1208//2289
f 575//2289 550//2289 1208//2289
f 1208//570 550//570 551//570
f 2253//2290 575//2290 1207//2290
f 1206//87 2253//87 1207//87
f 2253//2290 2254//2290 575//2290
f 1206//2291 2254//2291 2253//2291
f 1206//2292 573//2292 2254//2292
f 573//2293 575//2293 2254//2293
f 1180//2294 573//2294 1206//2294
f 343//2287 1200//2287 344//2287
f 1179//87 1180//87 1195//87
f 337//801 1192//801 340//801
f 328//1534 1189//1534 331//1534
f 1177//804 1178//804 1188//804
f 1180//2294 572//2294 573//2294
f 915//102 848//102 849//102
f 913//87 915//87 849//87
f 904//669 905//669 912//669
f 894//2295 907//2295 2255//2295
f 907//1604 899//1604 900//1604
f 907//1604 900//1604 2255//1604
f 2255//2296 900//2296 2257//2296
f 894//2297 2255//2297 2256//2297
f 2255//2298 2257//2298 2256//2298
f 2257//2299 2259//2299 2258//2299
f 2256//2300 2257//2300 2258//2300
f 2257//2301 896//2301 2259//2301
f 900//2302 896//2302 2257//2302
f 2259//2303 890//2303 2260//2303
f 2259//112 2260//112 2261//112
f 2258//112 2259//112 2261//112
f 896//2304 890//2304 2259//2304
f 894//1720 2258//1720 2261//1720
f 2261//2305 2260//2305 2262//2305
f 894//1721 2261//1721 2262//1721
f 2260//2305 2263//2305 2262//2305
f 2262//2306 2263//2306 2264//2306
f 891//2307 2262//2307 2264//2307
f 891//2308 894//2308 2262//2308
f 891//2309 2264//2309 2265//2309
f 2266//2310 2265//2310 2264//2310
f 2263//2311 2266//2311 2264//2311
f 889//2312 2266//2312 2263//2312
f 889//2313 887//2313 2266//2313
f 887//2314 2267//2314 2266//2314
f 2266//2310 2267//2310 2265//2310
f 886//2315 2268//2315 2267//2315
f 2267//2316 2268//2316 2269//2316
f 2267//2316 2269//2316 2265//2316
f 887//2317 886//2317 2267//2317
f 2268//2318 2270//2318 2269//2318
f 891//2319 2269//2319 2270//2319
f 891//2320 2265//2320 2269//2320
f 891//2321 2270//2321 2272//2321
f 2268//2322 2271//2322 2270//2322
f 2271//2323 2272//2323 2270//2323
f 2271//2323 2274//2323 2272//2323
f 2272//2324 2273//2324 844//2324
f 2274//2325 2273//2325 2272//2325
f 891//2326 2272//2326 844//2326
f 883//629 880//629 2274//629
f 880//2325 2273//2325 2274//2325
f 888//2327 2274//2327 2271//2327
f 888//2328 883//2328 2274//2328
f 880//2329 881//2329 2273//2329
f 2273//2330 881//2330 844//2330
f 885//2331 2271//2331 2268//2331
f 885//2331 888//2331 2271//2331
f 886//2332 885//2332 2268//2332
f 2260//2333 892//2333 2263//2333
f 2263//2334 892//2334 889//2334
f 890//2335 892//2335 2260//2335
f 894//2336 2256//2336 2258//2336
f 893//2337 2275//2337 832//2337
f 893//2338 832//2338 829//2338
f 891//632 2275//632 893//632
f 2275//15 844//15 832//15
f 2275//15 891//15 844//15
f 881//2339 877//2339 844//2339
f 877//2324 878//2324 844//2324
f 878//2340 852//2340 844//2340
f 852//580 878//580 872//580
f 861//464 865//464 867//464
f 862//464 861//464 867//464
f 855//2341 854//2341 864//2341
f 850//87 444//87 847//87
f 843//15 847//15 444//15
f 843//15 444//15 448//15
f 839//2342 2277//2342 2276//2342
f 839//2343 2276//2343 838//2343
f 465//2344 2277//2344 839//2344
f 2277//15 466//15 472//15
f 2277//15 465//15 466//15
f 2276//15 2277//15 472//15
f 838//2345 2276//2345 2278//2345
f 2276//15 472//15 475//15
f 2278//15 2276//15 475//15
f 838//2346 2278//2346 2279//2346
f 2279//15 2278//15 478//15
f 2278//15 475//15 478//15
f 509//2347 2279//2347 2280//2347
f 2280//15 2279//15 481//15
f 838//2348 2279//2348 509//2348
f 2279//15 478//15 481//15
f 2280//15 481//15 484//15
f 509//2349 2280//2349 2281//2349
f 2281//15 2280//15 484//15
f 2281//15 484//15 487//15
f 2282//15 2281//15 487//15
f 504//2350 2281//2350 2282//2350
f 509//2351 2281//2351 504//2351
f 504//2352 2282//2352 495//2352
f 495//15 2282//15 490//15
f 2282//15 487//15 490//15
f 514//15 838//15 509//15
f 517//2353 838//2353 514//2353
f 517//2354 523//2354 838//2354
f 834//2355 523//2355 526//2355
f 2283//464 717//464 2286//464
f 2284//464 717//464 2283//464
f 716//464 717//464 2284//464
f 2285//464 717//464 608//464
f 2286//464 717//464 2285//464
f 2286//2356 2285//2356 2287//2356
f 2286//2357 2287//2357 2288//2357
f 2283//2357 2286//2357 2288//2357
f 2291//464 2288//464 2289//464
f 2289//464 2288//464 2290//464
f 2283//2358 2288//2358 2291//2358
f 2288//464 2287//464 2290//464
f 2284//2358 2283//2358 2291//2358
f 2294//464 2291//464 2292//464
f 2292//464 2291//464 2293//464
f 2291//464 2289//464 2293//464
f 2284//2359 2291//2359 2294//2359
f 2294//464 2295//464 2297//464
f 2294//464 2292//464 2295//464
f 716//2360 2294//2360 690//2360
f 690//464 2294//464 2296//464
f 2296//464 2294//464 2297//464
f 716//2359 2284//2359 2294//2359
f 664//2361 2296//2361 2297//2361
f 664//2361 2297//2361 626//2361
f 626//2362 2297//2362 2295//2362
f 644//2363 2298//2363 2296//2363
f 644//2363 2296//2363 664//2363
f 690//464 2296//464 2298//464
f 657//2364 693//2364 2298//2364
f 657//2364 2298//2364 644//2364
f 690//464 2298//464 693//464
f 633//2365 2295//2365 2292//2365
f 626//2362 2295//2362 633//2362
f 635//2366 2292//2366 2293//2366
f 627//2367 2293//2367 2289//2367
f 635//2366 2293//2366 627//2366
f 633//2365 2292//2365 635//2365
f 653//2368 2289//2368 2290//2368
f 625//2368 653//2368 2290//2368
f 625//2369 2290//2369 2299//2369
f 2290//464 2287//464 2299//464
f 645//2369 625//2369 2299//2369
f 645//2370 2299//2370 2300//2370
f 2287//464 2300//464 2299//464
f 642//2371 2300//2371 2302//2371
f 642//2370 645//2370 2300//2370
f 2287//464 2301//464 2300//464
f 2300//464 2301//464 2302//464
f 628//2371 642//2371 2302//2371
f 628//2372 2302//2372 2303//2372
f 2301//464 2303//464 2302//464
f 620//2372 628//2372 2303//2372
f 620//2373 2303//2373 618//2373
f 2303//464 2304//464 618//464
f 2301//464 2304//464 2303//464
f 2305//2374 612//2374 2304//2374
f 2306//2374 2305//2374 2304//2374
f 2306//2375 2304//2375 2301//2375
f 2304//464 612//464 618//464
f 2285//464 608//464 2306//464
f 2285//2375 2306//2375 2301//2375
f 2306//464 608//464 2305//464
f 2305//464 608//464 610//464
f 2305//486 610//486 612//486
f 2285//2356 2301//2356 2287//2356
f 653//2367 627//2367 2289//2367
f 714//2360 716//2360 690//2360
f 694//511 714//511 690//511
f 678//464 709//464 681//464
f 709//464 700//464 681//464
f 709//464 706//464 703//464
f 709//464 703//464 700//464
f 659//2376 693//2376 657//2376
f 659//2376 692//2376 693//2376
f 658//2377 691//2377 692//2377
f 658//2377 692//2377 659//2377
f 654//2378 2307//2378 691//2378
f 654//2379 691//2379 658//2379
f 691//464 2307//464 688//464
f 630//2380 2308//2380 2307//2380
f 630//2381 2307//2381 654//2381
f 688//464 2307//464 2308//464
f 629//2382 2308//2382 630//2382
f 629//2382 2309//2382 2308//2382
f 688//464 2308//464 2309//464
f 638//2383 2309//2383 629//2383
f 638//2383 2310//2383 2309//2383
f 688//464 2309//464 2311//464
f 2309//464 2310//464 2311//464
f 679//2384 688//2384 2311//2384
f 683//2384 679//2384 2311//2384
f 2311//464 2310//464 2313//464
f 683//2385 2311//2385 2312//2385
f 2311//464 2313//464 2312//464
f 662//2386 2314//2386 2313//2386
f 634//2386 662//2386 2313//2386
f 634//2387 2313//2387 2310//2387
f 2313//464 2314//464 2312//464
f 646//2388 2315//2388 2314//2388
f 662//2388 646//2388 2314//2388
f 2314//464 2315//464 2316//464
f 2312//464 2314//464 2316//464
f 684//2389 2312//2389 2316//2389
f 675//2389 684//2389 2316//2389
f 2316//464 2315//464 666//464
f 2316//464 666//464 668//464
f 675//497 2316//497 668//497
f 646//2390 656//2390 2315//2390
f 656//2390 666//2390 2315//2390
f 684//2385 683//2385 2312//2385
f 638//2387 634//2387 2310//2387
f 2317//496 672//496 673//496
f 2317//2391 673//2391 2319//2391
f 673//464 2320//464 2318//464
f 673//464 2318//464 2319//464
f 670//464 2320//464 673//464
f 651//2392 2318//2392 2320//2392
f 648//2392 651//2392 2320//2392
f 648//2393 2320//2393 670//2393
f 2323//2391 2317//2391 2319//2391
f 2323//2394 2319//2394 2321//2394
f 2319//464 2322//464 2321//464
f 2318//464 2322//464 2319//464
f 2317//464 2323//464 579//464
f 2323//464 2324//464 579//464
f 2324//2394 2323//2394 2321//2394
f 2324//2395 2321//2395 2325//2395
f 2326//2395 2324//2395 2325//2395
f 2324//464 2326//464 579//464
f 2326//464 2327//464 579//464
f 2327//2396 2326//2396 599//2396
f 2326//2396 2325//2396 599//2396
f 2327//464 592//464 579//464
f 592//2397 2327//2397 594//2397
f 2327//2397 599//2397 594//2397
f 2325//464 2328//464 599//464
f 2325//464 2329//464 2328//464
f 2325//464 2330//464 2329//464
f 2331//464 2330//464 2325//464
f 2321//464 2331//464 2325//464
f 655//2398 2331//2398 2332//2398
f 2331//2399 655//2399 632//2399
f 2321//464 2332//464 2331//464
f 2331//2399 632//2399 2330//2399
f 649//2398 655//2398 2332//2398
f 2322//464 2332//464 2321//464
f 649//2400 2332//2400 2322//2400
f 2330//2401 631//2401 2329//2401
f 2330//2401 632//2401 631//2401
f 2329//2402 624//2402 2328//2402
f 2329//2402 631//2402 624//2402
f 2328//464 2333//464 599//464
f 2328//2403 622//2403 2333//2403
f 2328//2403 624//2403 622//2403
f 2333//2404 650//2404 2334//2404
f 599//464 2333//464 2334//464
f 2333//2404 622//2404 650//2404
f 2334//2405 643//2405 601//2405
f 2334//2405 650//2405 643//2405
f 599//464 2334//464 601//464
f 652//2400 649//2400 2322//2400
f 652//2406 2322//2406 2318//2406
f 651//2406 652//2406 2318//2406
f 672//464 2317//464 579//464
f 647//2393 648//2393 670//2393
f 2335//2407 663//2407 2336//2407
f 2335//2407 660//2407 663//2407
f 2336//2408 663//2408 661//2408
f 605//464 600//464 2336//464
f 2336//464 600//464 2335//464
f 2336//2408 661//2408 2337//2408
f 605//464 2336//464 2337//464
f 2337//2409 661//2409 640//2409
f 605//464 2337//464 2338//464
f 2337//2409 640//2409 2338//2409
f 2338//2410 636//2410 2339//2410
f 2339//464 605//464 2338//464
f 2338//2410 640//2410 636//2410
f 607//464 2339//464 2340//464
f 607//464 605//464 2339//464
f 637//2411 2340//2411 2339//2411
f 636//2411 637//2411 2339//2411
f 639//2412 613//2412 2340//2412
f 613//464 607//464 2340//464
f 637//2412 639//2412 2340//2412
f 2341//2413 660//2413 2335//2413
f 600//464 2341//464 2335//464
f 2341//2413 641//2413 660//2413
f 601//2414 641//2414 2341//2414
f 601//464 2341//464 600//464
f 601//2414 643//2414 641//2414
f 639//487 615//487 613//487
f 576//472 584//472 596//472
f 531//8 532//8 548//8
f 547//2415 548//2415 532//2415
f 440//2416 438//2416 447//2416
f 423//1479 422//1479 442//1479
f 410//2417 411//2417 420//2417
f 413//925 353//925 416//925
f 2342//2418 414//2418 408//2418
f 2342//2419 356//2419 414//2419
f 356//2419 352//2419 414//2419
f 414//2420 352//2420 413//2420
f 2343//2421 2342//2421 405//2421
f 405//2418 2342//2418 408//2418
f 2343//2422 359//2422 2342//2422
f 359//2422 356//2422 2342//2422
f 2344//2423 362//2423 2343//2423
f 362//2423 359//2423 2343//2423
f 2344//2424 2343//2424 402//2424
f 402//2421 2343//2421 405//2421
f 365//2425 362//2425 2344//2425
f 2345//2425 365//2425 2344//2425
f 2345//2426 2344//2426 399//2426
f 399//2424 2344//2424 402//2424
f 2346//2427 368//2427 2345//2427
f 368//2427 365//2427 2345//2427
f 2346//2428 2345//2428 396//2428
f 396//2426 2345//2426 399//2426
f 2347//2429 371//2429 2346//2429
f 371//2429 368//2429 2346//2429
f 2347//2430 2346//2430 393//2430
f 393//2428 2346//2428 396//2428
f 383//2431 374//2431 2347//2431
f 374//2431 371//2431 2347//2431
f 383//332 2347//332 386//332
f 386//2430 2347//2430 393//2430
f 352//2420 353//2420 413//2420
f 293//331 381//331 384//331
f 377//329 374//329 383//329
f 292//326 299//326 381//326
f 292//253 381//253 293//253
f 301//324 302//324 379//324
f 379//2432 317//2432 376//2432
f 302//2433 314//2433 379//2433
f 379//2432 314//2432 317//2432
f 376//2434 320//2434 373//2434
f 376//2434 317//2434 320//2434
f 373//2435 323//2435 370//2435
f 373//2435 320//2435 323//2435
f 370//2436 326//2436 367//2436
f 370//2436 323//2436 326//2436
f 367//2437 329//2437 364//2437
f 367//2437 326//2437 329//2437
f 364//2438 332//2438 361//2438
f 364//2438 329//2438 332//2438
f 361//2439 335//2439 358//2439
f 361//2439 332//2439 335//2439
f 358//2440 338//2440 355//2440
f 358//2440 335//2440 338//2440
f 355//2441 341//2441 347//2441
f 355//2441 338//2441 341//2441
f 302//2433 304//2433 314//2433
f 277//241 289//241 280//241
f 261//235 275//235 260//235
f 252//2442 264//2442 254//2442
f 216//1406 206//1406 208//1406
f 210//2443 148//2443 211//2443
f 155//2444 149//2444 210//2444
f 160//2445 155//2445 210//2445
f 210//131 149//131 148//131
f 178//152 187//152 179//152
f 172//2446 164//2446 163//2446
f 158//87 166//87 157//87
f 136//87 146//87 133//87
f 146//128 136//128 137//128
f 98//2447 68//2447 104//2447
f 104//2447 68//2447 16//2447
f 98//15 70//15 68//15
f 77//69 72//69 87//69
f 87//94 72//94 73//94
f 75//2448 62//2448 63//2448
f 68//10 19//10 16//10
f 20//15 66//15 57//15
f 56//2449 57//2449 66//2449
f 60//54 50//54 52//54
f 20//15 57//15 54//15
f 20//15 54//15 24//15
f 28//17 36//17 27//17
f 30//21 25//21 24//21
