# Blender 5.0.1
# www.blender.org
mtllib right_shoulder_z_link_visual_17.mtl
o i01.rightArm.rotate.full.018_visual.001
v 0.070923 0.270221 -0.267588
v 0.070020 0.272780 -0.301902
v 0.067894 0.272780 -0.267588
v 0.073086 0.270259 -0.301902
v 0.074271 0.265123 -0.267588
v 0.072315 0.265010 -0.230903
v 0.069060 0.270184 -0.230903
v 0.067461 0.270127 -0.190795
v 0.064508 0.272761 -0.190795
v 0.066050 0.272761 -0.230903
v 0.063285 0.273626 -0.230903
v 0.061742 0.273626 -0.190795
v 0.055346 0.273626 -0.147772
v 0.060557 0.273626 -0.147772
v 0.063341 0.272742 -0.147602
v 0.056719 0.273626 -0.190795
v 0.058412 0.273626 -0.230903
v 0.053239 0.272855 -0.147602
v 0.054782 0.272874 -0.190795
v 0.053672 0.270579 -0.190795
v 0.055647 0.270635 -0.230903
v 0.056588 0.272874 -0.230903
v 0.058582 0.272892 -0.267588
v 0.060764 0.272892 -0.301902
v 0.060313 0.273626 -0.267588
v 0.057716 0.270673 -0.267588
v 0.059955 0.270710 -0.301902
v 0.058074 0.266233 -0.267588
v 0.055892 0.266139 -0.230903
v 0.059993 0.258840 -0.267588
v 0.053709 0.266007 -0.190795
v 0.055233 0.258369 -0.190795
v 0.057660 0.258651 -0.230903
v 0.057792 0.247515 -0.190532
v 0.062965 0.248305 -0.267155
v 0.063906 0.233951 -0.229398
v 0.066558 0.234459 -0.265839
v 0.065411 0.248549 -0.301431
v 0.067950 0.248681 -0.334391
v 0.064865 0.259047 -0.334860
v 0.062344 0.258990 -0.301902
v 0.069060 0.234816 -0.300057
v 0.071600 0.235023 -0.333035
v 0.067217 0.228063 -0.260853
v 0.074328 0.235136 -0.365750
v 0.088211 0.228063 -0.486959
v 0.070716 0.248719 -0.367067
v 0.073876 0.248700 -0.400458
v 0.077413 0.235136 -0.399179
v 0.077244 0.248625 -0.434057
v 0.080667 0.235098 -0.432855
v 0.087083 0.234986 -0.486959
v 0.083941 0.235023 -0.466208
v 0.080630 0.248531 -0.467375
v 0.083847 0.248474 -0.486959
v 0.080969 0.258877 -0.486959
v 0.077733 0.258934 -0.467770
v 0.078861 0.266252 -0.486959
v 0.070885 0.259047 -0.400872
v 0.074309 0.258990 -0.434472
v 0.075682 0.266271 -0.467770
v 0.074911 0.270691 -0.467770
v 0.068872 0.266346 -0.400872
v 0.071619 0.270710 -0.434472
v 0.072108 0.272892 -0.434472
v 0.068308 0.270710 -0.400872
v 0.065166 0.270729 -0.367500
v 0.065655 0.266346 -0.367500
v 0.062401 0.270710 -0.334860
v 0.062852 0.266346 -0.334860
v 0.067668 0.259065 -0.367500
v 0.060369 0.266308 -0.301902
v 0.063191 0.272911 -0.334860
v 0.067518 0.273626 -0.367500
v 0.065900 0.272911 -0.367500
v 0.064865 0.273626 -0.334860
v 0.069625 0.273626 -0.334860
v 0.062476 0.273626 -0.301902
v 0.072258 0.273626 -0.367500
v 0.075042 0.272798 -0.367500
v 0.075080 0.273626 -0.400872
v 0.077902 0.272798 -0.400872
v 0.083997 0.270278 -0.434472
v 0.078147 0.270278 -0.367500
v 0.080837 0.272798 -0.434472
v 0.083696 0.272798 -0.467770
v 0.086876 0.270278 -0.467770
v 0.080837 0.273626 -0.467770
v 0.083489 0.273626 -0.486959
v 0.070452 0.273626 -0.400872
v 0.076491 0.273626 -0.467770
v 0.079294 0.273626 -0.486959
v 0.075250 0.272892 -0.467770
v 0.078203 0.272892 -0.486959
v 0.077996 0.270673 -0.486959
v 0.068929 0.272911 -0.400872
v 0.086311 0.272798 -0.486959
v 0.089509 0.270259 -0.486959
v 0.092990 0.265217 -0.486959
v 0.092294 0.134302 -0.486959
v 0.086612 0.120832 -0.373464
v 0.088964 0.121773 -0.408154
v 0.077733 0.134302 -0.260853
v 0.091221 0.122732 -0.442523
v 0.093291 0.123691 -0.486959
v 0.016517 0.134302 -0.486959
v 0.016517 0.228063 -0.486959
v -0.114756 0.228063 -0.196909
v -0.085841 0.134302 -0.260853
v 0.073143 0.134302 -0.196909
v -0.064959 0.134302 -0.208649
v -0.114756 0.134302 -0.208649
v -0.064959 0.228063 -0.196909
v -0.064959 0.228063 -0.100665
v -0.064959 0.134302 -0.100665
v 0.063360 0.134302 -0.100665
v 0.060463 0.163931 -0.063416
v 0.061855 0.136221 -0.066709
v 0.068233 0.111896 -0.136277
v 0.065034 0.109789 -0.101324
v 0.055835 0.228063 -0.100665
v 0.062062 0.228063 -0.196909
v 0.055196 0.232465 -0.101793
v 0.057980 0.232690 -0.147113
v 0.058224 0.190193 -0.056361
v 0.052957 0.233387 -0.056606
v 0.055120 0.215853 -0.043231
v 0.049985 0.246066 -0.020825
v 0.051565 0.236265 -0.014429
v 0.052731 0.246612 -0.104145
v 0.050906 0.246292 -0.060971
v 0.049176 0.256902 -0.056080
v 0.047972 0.266120 -0.041049
v 0.050699 0.257843 -0.101644
v 0.048668 0.254494 -0.014033
v 0.049834 0.245859 0.008466
v 0.047802 0.260928 0.004138
v 0.048987 0.250675 0.023214
v 0.049985 0.245445 0.054405
v 0.049420 0.250863 0.078429
v 0.048348 0.256037 0.042253
v 0.048047 0.260363 0.061611
v 0.048931 0.256507 0.094213
v 0.047633 0.264766 0.031868
v 0.048160 0.263016 0.076115
v 0.048668 0.266515 0.097994
v 0.047972 0.266477 0.064659
v 0.048630 0.261887 0.101004
v 0.049872 0.254268 0.125122
v 0.049439 0.260909 0.129392
v 0.049495 0.266120 0.128263
v 0.050060 0.261417 0.152004
v 0.050605 0.261455 0.170910
v 0.050191 0.266496 0.151873
v 0.050210 0.269883 0.125065
v 0.052656 0.272215 0.150105
v 0.051791 0.272121 0.123146
v 0.050850 0.272215 0.087478
v 0.051019 0.270071 0.150763
v 0.049307 0.270071 0.091410
v 0.048517 0.269958 0.052110
v 0.049985 0.272121 0.045262
v 0.047990 0.268810 0.009443
v 0.052167 0.273250 0.042253
v 0.049401 0.271557 -0.001317
v 0.051565 0.273118 -0.005004
v 0.049420 0.270898 -0.050266
v 0.050342 0.270616 -0.099536
v 0.052091 0.272874 -0.101624
v 0.051471 0.272949 -0.053803
v 0.053973 0.273626 -0.054988
v 0.059805 0.273626 -0.102340
v 0.054405 0.273626 -0.102340
v 0.054161 0.273626 -0.006246
v 0.059522 0.273626 -0.054988
v 0.059786 0.273626 -0.006246
v 0.062551 0.273043 -0.005004
v 0.062307 0.272855 -0.053803
v 0.062589 0.272761 -0.101624
v 0.065072 0.270522 -0.050266
v 0.065430 0.270184 -0.099536
v 0.066238 0.270089 -0.147076
v 0.067913 0.265029 -0.041049
v 0.068270 0.264784 -0.098671
v 0.069230 0.264747 -0.146850
v 0.072315 0.255754 -0.147602
v 0.071073 0.255491 -0.101644
v 0.075457 0.243225 -0.148091
v 0.070434 0.254456 -0.056080
v 0.073820 0.242755 -0.104145
v 0.076529 0.227009 -0.101793
v 0.074873 0.227969 -0.056606
v 0.072672 0.242398 -0.060971
v 0.073820 0.231110 -0.014429
v 0.072183 0.242153 -0.020825
v 0.072221 0.241927 0.008466
v 0.073124 0.235832 0.023120
v 0.070622 0.251766 -0.014033
v 0.069493 0.259159 0.004138
v 0.071412 0.247421 0.023214
v 0.072559 0.241476 0.054405
v 0.072051 0.247703 0.078429
v 0.073519 0.241194 0.115829
v 0.070753 0.253610 0.042253
v 0.071638 0.254137 0.094213
v 0.070434 0.258557 0.061611
v 0.069098 0.263562 0.031868
v 0.070264 0.261567 0.076115
v 0.070020 0.265537 0.097994
v 0.069342 0.265518 0.064659
v 0.071036 0.260251 0.101004
v 0.071920 0.259047 0.129392
v 0.072653 0.251503 0.125122
v 0.070904 0.265010 0.128263
v 0.071694 0.265330 0.151873
v 0.072691 0.259460 0.152004
v 0.069455 0.269318 0.125065
v 0.070321 0.269488 0.150763
v 0.067461 0.271914 0.123146
v 0.066502 0.272008 0.087478
v 0.068534 0.269582 0.091410
v 0.068345 0.271971 0.150105
v 0.065937 0.273212 0.149766
v 0.066859 0.271651 0.171738
v 0.069248 0.270541 0.171681
v 0.072108 0.264126 0.190607
v 0.071167 0.268321 0.171606
v 0.070245 0.265951 0.191228
v 0.067875 0.266891 0.191528
v 0.071412 0.256526 0.212034
v 0.073199 0.255152 0.210868
v 0.073331 0.261135 0.189591
v 0.075381 0.238259 0.232051
v 0.074516 0.239670 0.235417
v 0.074271 0.252951 0.208911
v 0.072879 0.240629 0.237450
v 0.074610 0.220048 0.266101
v 0.070641 0.241250 0.238465
v 0.072428 0.220801 0.267305
v 0.069813 0.221365 0.267719
v 0.071750 0.198809 0.297707
v 0.074365 0.197925 0.297442
v 0.068026 0.241664 0.238804
v 0.076623 0.196571 0.296616
v 0.078071 0.195987 0.292984
v 0.078730 0.173093 0.326451
v 0.080649 0.169462 0.325887
v 0.080686 0.152456 0.353108
v 0.079765 0.176893 0.307902
v 0.078203 0.197361 0.284349
v 0.081100 0.161373 0.324043
v 0.082586 0.149163 0.354012
v 0.083922 0.143144 0.357435
v 0.082474 0.154130 0.339714
v 0.082229 0.148580 0.335275
v 0.084938 0.134716 0.363625
v 0.083659 0.142259 0.349478
v 0.084693 0.129918 0.359372
v 0.085897 0.124199 0.372918
v 0.085709 0.115094 0.371319
v 0.083170 0.136221 0.344097
v 0.083753 0.124049 0.348819
v 0.081589 0.141582 0.328032
v 0.082078 0.129956 0.330420
v 0.080799 0.153208 0.320694
v 0.080630 0.133587 0.313265
v 0.080216 0.144441 0.312154
v 0.079520 0.155654 0.305419
v 0.079181 0.143915 0.296144
v 0.079689 0.135468 0.300303
v 0.080573 0.122356 0.307431
v 0.078561 0.139061 0.279758
v 0.079351 0.128771 0.291122
v 0.078824 0.117709 0.275695
v 0.080103 0.109206 0.296164
v 0.078147 0.130765 0.261041
v 0.078053 0.102584 0.254720
v 0.077695 0.119873 0.238015
v 0.077846 0.146454 0.250242
v 0.078053 0.151854 0.270578
v 0.077789 0.140510 0.227723
v 0.077676 0.162897 0.241400
v 0.077620 0.165794 0.260721
v 0.077921 0.160639 0.220819
v 0.077921 0.179602 0.215891
v 0.078241 0.181069 0.197793
v 0.078184 0.159642 0.199656
v 0.078297 0.160507 0.178604
v 0.077883 0.135318 0.177834
v 0.077827 0.136127 0.203437
v 0.077319 0.110861 0.210868
v 0.076830 0.081890 0.226370
v 0.077187 0.108209 0.179809
v 0.076228 0.080254 0.183290
v 0.077300 0.109375 0.146774
v 0.076773 0.083320 0.109300
v 0.076303 0.081194 0.145608
v 0.077658 0.111915 0.113684
v 0.077996 0.136917 0.150668
v 0.078354 0.162671 0.156275
v 0.078184 0.139738 0.121716
v 0.078354 0.165549 0.131273
v 0.078109 0.188105 0.140303
v 0.077902 0.190438 0.114060
v 0.078354 0.168597 0.102208
v 0.078485 0.142993 0.090036
v 0.078880 0.145965 0.054744
v 0.078429 0.171230 0.067668
v 0.079539 0.148825 0.016781
v 0.077733 0.192300 0.081306
v 0.078617 0.174184 0.028934
v 0.078993 0.178191 -0.012698
v 0.077338 0.199788 0.003969
v 0.077545 0.194990 0.043965
v 0.076623 0.209438 0.061366
v 0.076002 0.217095 0.074573
v 0.076115 0.213746 0.029780
v 0.076943 0.207745 0.093742
v 0.076040 0.218995 0.099762
v 0.077187 0.207143 0.123371
v 0.076228 0.220086 0.127737
v 0.077469 0.206127 0.146699
v 0.076529 0.220632 0.149822
v 0.076886 0.220331 0.167506
v 0.075400 0.232578 0.149032
v 0.075042 0.230621 0.124784
v 0.074986 0.227536 0.094081
v 0.073820 0.234609 0.078391
v 0.074328 0.228439 0.041989
v 0.075325 0.222287 0.061046
v 0.075212 0.220895 0.003122
v 0.077056 0.208799 -0.043231
v 0.082116 0.183609 -0.101135
v 0.080009 0.181822 -0.056361
v 0.079275 0.207519 -0.099236
v 0.078617 0.227310 -0.147113
v 0.084881 0.184625 -0.144893
v 0.081758 0.207839 -0.145701
v 0.084430 0.208686 -0.188161
v 0.087816 0.185923 -0.185528
v 0.080931 0.227969 -0.189742
v 0.087120 0.209702 -0.227140
v 0.089641 0.210492 -0.263224
v 0.093403 0.188237 -0.258858
v 0.090732 0.187221 -0.223397
v 0.085728 0.229304 -0.265839
v 0.083358 0.228721 -0.229398
v 0.077413 0.243771 -0.190532
v 0.079576 0.244279 -0.230527
v 0.081777 0.244655 -0.267155
v 0.075852 0.256375 -0.230903
v 0.084091 0.244937 -0.301431
v 0.077921 0.256601 -0.267588
v 0.080160 0.256751 -0.301902
v 0.076454 0.265198 -0.301902
v 0.078880 0.265236 -0.334860
v 0.082605 0.256845 -0.334860
v 0.086556 0.245107 -0.334391
v 0.085258 0.256883 -0.367500
v 0.084449 0.265255 -0.400872
v 0.092011 0.245182 -0.400458
v 0.088155 0.256883 -0.400872
v 0.081552 0.265255 -0.367500
v 0.089171 0.245182 -0.367067
v 0.093159 0.230132 -0.365750
v 0.095924 0.230207 -0.399179
v 0.097091 0.211771 -0.363117
v 0.090582 0.229981 -0.333035
v 0.088117 0.229718 -0.300057
v 0.094551 0.211508 -0.330308
v 0.095906 0.189046 -0.292721
v 0.098370 0.189648 -0.325755
v 0.092105 0.211075 -0.297311
v 0.100853 0.190099 -0.358733
v 0.106384 0.166151 -0.386933
v 0.101436 0.164909 -0.319792
v 0.103468 0.190457 -0.392445
v 0.106083 0.190739 -0.426382
v 0.099781 0.211940 -0.396659
v 0.108905 0.166678 -0.421078
v 0.108642 0.191021 -0.460019
v 0.107964 0.139475 -0.380462
v 0.112667 0.141037 -0.448996
v 0.110372 0.140265 -0.414887
v 0.111332 0.167186 -0.454940
v 0.110993 0.191303 -0.486959
v 0.113551 0.167712 -0.486959
v 0.114756 0.141827 -0.486959
v 0.114059 0.114022 -0.486959
v 0.110880 0.084656 -0.486959
v 0.108999 0.083301 -0.435864
v 0.112084 0.112950 -0.442523
v 0.109902 0.111877 -0.408154
v 0.106930 0.081947 -0.401211
v 0.107607 0.110824 -0.373464
v 0.104747 0.080630 -0.366277
v 0.101060 0.051038 -0.394496
v 0.103016 0.052637 -0.429393
v 0.099028 0.049514 -0.359298
v 0.090074 0.018060 -0.352920
v 0.091917 0.019734 -0.388363
v 0.093723 0.021521 -0.423486
v 0.080743 -0.009463 -0.418537
v 0.095398 0.023346 -0.457762
v 0.082210 -0.007525 -0.452983
v 0.063642 -0.039788 -0.414907
v 0.065825 -0.035950 -0.486959
v 0.083452 -0.005681 -0.486959
v 0.064827 -0.037813 -0.449466
v 0.096790 0.025077 -0.486959
v 0.089792 0.095078 -0.486959
v 0.096639 0.256789 -0.486959
v 0.106309 0.055798 -0.486959
v 0.100364 0.245107 -0.486959
v 0.085164 0.066859 -0.486959
v 0.075814 0.036835 -0.486959
v 0.074422 0.035217 -0.457762
v 0.083659 0.065411 -0.463443
v 0.081872 0.063924 -0.429393
v 0.072747 0.033524 -0.423486
v 0.087873 0.093836 -0.435864
v 0.079896 0.062457 -0.394496
v 0.070941 0.031868 -0.388363
v 0.083546 0.091428 -0.366277
v 0.069098 0.030307 -0.352920
v 0.085747 0.092613 -0.401211
v 0.077846 0.061065 -0.359298
v 0.081364 0.090299 -0.331549
v 0.067311 0.028971 -0.317703
v 0.075852 0.059805 -0.324306
v 0.074008 0.058751 -0.290106
v 0.065730 0.027937 -0.283277
v 0.079313 0.089284 -0.297575
v 0.072202 0.057792 -0.256413
v 0.077244 0.088268 -0.264088
v 0.064207 0.027071 -0.249414
v 0.075061 0.087158 -0.230808
v 0.070321 0.056795 -0.223022
v 0.062664 0.026243 -0.215891
v 0.061009 0.025359 -0.182481
v 0.051678 -0.004007 -0.209889
v 0.050455 -0.004609 -0.176423
v 0.049081 -0.005361 -0.142861
v 0.059090 0.024287 -0.148956
v 0.035330 -0.034163 -0.138703
v 0.036910 -0.033448 -0.205544
v 0.023214 -0.056211 -0.161823
v 0.037719 -0.033016 -0.239181
v 0.021973 -0.056211 -0.202101
v 0.021973 -0.056211 -0.486959
v 0.039619 -0.031473 -0.307959
v 0.038603 -0.032395 -0.273250
v -0.110372 -0.056211 -0.161823
v -0.065298 -0.056211 -0.202101
v -0.065298 -0.143708 -0.202101
v -0.110372 -0.142146 -0.161823
v -0.065298 -0.056211 -0.486959
v -0.065298 -0.143708 -0.486959
v -0.030006 -0.143708 -0.202101
v -0.030006 -0.143708 -0.486959
v -0.041425 -0.162482 -0.486959
v -0.041444 -0.163498 -0.434415
v -0.032922 -0.200615 -0.486959
v -0.023045 -0.176498 -0.486959
v -0.039732 -0.221328 -0.486959
v -0.041481 -0.164458 -0.399651
v -0.041500 -0.165342 -0.363775
v -0.041538 -0.166094 -0.327485
v -0.051226 -0.189271 -0.323460
v -0.051226 -0.188801 -0.359749
v -0.051226 -0.188218 -0.395643
v -0.058318 -0.209137 -0.426457
v -0.051226 -0.187522 -0.430389
v -0.051226 -0.186750 -0.463292
v -0.058318 -0.208573 -0.459361
v -0.051226 -0.185829 -0.486959
v -0.053126 -0.272159 -0.486959
v -0.050492 -0.271481 -0.486959
v -0.058318 -0.207820 -0.486959
v -0.055967 -0.272215 -0.486959
v -0.058826 -0.272290 -0.486959
v -0.053126 -0.272742 -0.446117
v -0.055967 -0.272798 -0.446117
v -0.058826 -0.272855 -0.446117
v -0.053126 -0.273118 -0.413214
v -0.050492 -0.272046 -0.446323
v -0.050492 -0.272441 -0.413421
v -0.055967 -0.273175 -0.413214
v -0.053126 -0.273344 -0.378468
v -0.050492 -0.272667 -0.378656
v -0.050492 -0.272780 -0.342762
v -0.048310 -0.270861 -0.343345
v -0.048310 -0.270748 -0.379239
v -0.048310 -0.270522 -0.414004
v -0.046768 -0.266966 -0.380405
v -0.046768 -0.266741 -0.415152
v -0.046768 -0.267136 -0.308223
v -0.046109 -0.260834 -0.346449
v -0.046109 -0.260721 -0.382343
v -0.046109 -0.260796 -0.205318
v -0.046768 -0.267136 -0.272271
v -0.046768 -0.267136 -0.237393
v -0.046768 -0.267042 -0.203381
v -0.048310 -0.270823 -0.202214
v -0.048310 -0.270578 -0.168898
v -0.050492 -0.272742 -0.201632
v -0.050492 -0.272817 -0.235643
v -0.048310 -0.270898 -0.236227
v -0.050492 -0.272817 -0.306472
v -0.053126 -0.273476 -0.342574
v -0.053126 -0.273513 -0.306285
v -0.058826 -0.273626 -0.306285
v -0.058826 -0.273588 -0.342574
v -0.053126 -0.273513 -0.235456
v -0.053126 -0.273419 -0.201443
v -0.058826 -0.273626 -0.235456
v -0.058826 -0.273626 -0.270333
v -0.061460 -0.272798 -0.235643
v -0.061460 -0.272798 -0.306472
v -0.063642 -0.270183 -0.236227
v -0.061460 -0.272761 -0.342762
v -0.063642 -0.270146 -0.343345
v -0.061460 -0.272648 -0.378656
v -0.058826 -0.273476 -0.378468
v -0.058826 -0.273250 -0.413214
v -0.055967 -0.273419 -0.378468
v -0.061460 -0.272403 -0.413421
v -0.061460 -0.272027 -0.446323
v -0.061460 -0.271444 -0.486959
v -0.063642 -0.269788 -0.414004
v -0.063642 -0.269412 -0.446907
v -0.063642 -0.268829 -0.486959
v -0.065185 -0.264502 -0.415152
v -0.065843 -0.256018 -0.310160
v -0.065185 -0.263543 -0.486959
v -0.065185 -0.264728 -0.380405
v -0.063642 -0.270033 -0.379239
v -0.065185 -0.264878 -0.308223
v -0.065185 -0.264878 -0.272271
v -0.065185 -0.264803 -0.203381
v -0.063642 -0.270108 -0.202214
v -0.063642 -0.269845 -0.168898
v -0.065185 -0.264558 -0.170064
v -0.065185 -0.264069 -0.137255
v -0.063642 -0.269356 -0.136088
v -0.063642 -0.268547 -0.103580
v -0.061460 -0.272478 -0.168314
v -0.061460 -0.271971 -0.135506
v -0.061460 -0.271162 -0.102998
v -0.058826 -0.272817 -0.135317
v -0.061460 -0.270108 -0.070584
v -0.058826 -0.271989 -0.102790
v -0.055967 -0.272742 -0.135317
v -0.055967 -0.270879 -0.070395
v -0.058826 -0.270936 -0.070395
v -0.053126 -0.271877 -0.102790
v -0.055967 -0.271933 -0.102790
v -0.053126 -0.270804 -0.070395
v -0.050492 -0.270127 -0.070584
v -0.053126 -0.269581 -0.037869
v -0.050492 -0.268904 -0.038076
v -0.055967 -0.269638 -0.037869
v -0.058826 -0.269713 -0.037869
v -0.055967 -0.268340 -0.005061
v -0.053126 -0.268283 -0.005061
v -0.053126 -0.266966 0.028275
v -0.050492 -0.266289 0.028088
v -0.050492 -0.267587 -0.005249
v -0.048310 -0.265668 -0.005833
v -0.046768 -0.261906 -0.006998
v -0.048310 -0.266985 -0.038659
v -0.048310 -0.264370 0.027504
v -0.048310 -0.263053 0.062213
v -0.048310 -0.261680 0.099160
v -0.050492 -0.264972 0.062814
v -0.046768 -0.257918 0.097937
v -0.046768 -0.256507 0.137895
v -0.046109 -0.256958 -0.041744
v -0.046109 -0.259235 -0.106667
v -0.046109 -0.260062 -0.139193
v -0.045338 -0.251014 -0.141789
v -0.045338 -0.250186 -0.109282
v -0.045300 -0.249132 -0.076867
v -0.046768 -0.264427 -0.072333
v -0.046768 -0.265499 -0.104729
v -0.048310 -0.269280 -0.103580
v -0.046768 -0.266308 -0.137255
v -0.048310 -0.268208 -0.071167
v -0.050492 -0.271199 -0.102998
v -0.050492 -0.272008 -0.135506
v -0.053126 -0.272685 -0.135317
v -0.053126 -0.273175 -0.168126
v -0.055967 -0.273494 -0.201443
v -0.055967 -0.273250 -0.168126
v -0.050492 -0.272497 -0.168314
v -0.048310 -0.270089 -0.136088
v -0.046768 -0.266797 -0.170064
v -0.058826 -0.273306 -0.168126
v -0.058826 -0.273551 -0.201443
v -0.061460 -0.272723 -0.201632
v -0.043438 -0.238033 -0.112441
v -0.045281 -0.247909 -0.044359
v -0.043231 -0.235757 -0.047520
v -0.043363 -0.236980 -0.080028
v -0.046109 -0.255641 -0.008936
v -0.046768 -0.255039 0.181727
v -0.046109 -0.254343 0.024400
v -0.045187 -0.245313 0.021804
v -0.043080 -0.234496 -0.014692
v -0.045131 -0.243997 0.056457
v -0.042873 -0.233236 0.018643
v -0.042667 -0.231975 0.053276
v -0.038039 -0.217810 0.015050
v -0.038547 -0.218995 -0.018286
v -0.042459 -0.230677 0.089998
v -0.036985 -0.215458 0.086424
v -0.036571 -0.214198 0.126024
v -0.045093 -0.242661 0.093197
v -0.042290 -0.229342 0.129560
v -0.045018 -0.239801 0.176197
v -0.042196 -0.227893 0.172772
v -0.042290 -0.226407 0.215665
v -0.045169 -0.238278 0.218920
v -0.036327 -0.212806 0.169312
v -0.026112 -0.194313 0.166132
v -0.025999 -0.192846 0.209588
v -0.036345 -0.211319 0.212297
v -0.042723 -0.224902 0.254306
v -0.036741 -0.209758 0.251014
v -0.043626 -0.223397 0.284707
v -0.037606 -0.208140 0.281490
v -0.026356 -0.191265 0.248755
v -0.012642 -0.169819 0.247646
v -0.027222 -0.189591 0.279628
v -0.012567 -0.171663 0.207200
v 0.001994 -0.150160 0.159623
v -0.012887 -0.173168 0.162991
v 0.002653 -0.148467 0.204810
v 0.003349 -0.145796 0.247759
v 0.019471 -0.120945 0.245577
v 0.022838 -0.113909 0.288939
v 0.003198 -0.143369 0.282187
v -0.013319 -0.167938 0.279683
v 0.001336 -0.142410 0.301732
v -0.014843 -0.166377 0.298609
v -0.028651 -0.187860 0.298157
v -0.016912 -0.164834 0.307921
v -0.030514 -0.186054 0.307413
v -0.019113 -0.163047 0.311007
v -0.003744 -0.140303 0.313828
v -0.001317 -0.141770 0.310800
v -0.032658 -0.184230 0.310498
v -0.043137 -0.203155 0.311985
v -0.037230 -0.180542 0.310498
v -0.045451 -0.201462 0.311985
v -0.023704 -0.159247 0.311007
v -0.025810 -0.157460 0.307921
v -0.008390 -0.136540 0.313828
v -0.006076 -0.138421 0.313828
v 0.009895 -0.114831 0.319264
v -0.010384 -0.134433 0.310800
v 0.007506 -0.112987 0.319264
v 0.005587 -0.110636 0.316574
v 0.022838 -0.089208 0.327655
v 0.020844 -0.086857 0.325737
v 0.034859 -0.064395 0.338453
v 0.019715 -0.083489 0.319980
v 0.004590 -0.107268 0.308504
v 0.005719 -0.100853 0.296765
v -0.011720 -0.131912 0.301732
v -0.029328 -0.142146 0.295448
v -0.027541 -0.155898 0.298609
v -0.042667 -0.177137 0.279628
v -0.028896 -0.155070 0.279683
v -0.041237 -0.177702 0.298157
v -0.051847 -0.197210 0.299794
v -0.053295 -0.196740 0.281490
v -0.039374 -0.178906 0.307413
v -0.047783 -0.199769 0.311985
v -0.049966 -0.198282 0.308937
v -0.056437 -0.215176 0.312098
v -0.054180 -0.216361 0.315125
v -0.058394 -0.214348 0.302955
v -0.059805 -0.229360 0.313038
v -0.061780 -0.228589 0.304046
v -0.058619 -0.241494 0.310818
v -0.057453 -0.230282 0.316048
v -0.061009 -0.240686 0.307959
v -0.062909 -0.239425 0.299380
v -0.064037 -0.244937 0.276109
v -0.063003 -0.247289 0.285892
v -0.064319 -0.238898 0.282901
v -0.065204 -0.240196 0.256356
v -0.064225 -0.229097 0.256714
v -0.063304 -0.228363 0.286212
v -0.059899 -0.214066 0.284707
v -0.054180 -0.197097 0.251014
v -0.060802 -0.214536 0.254306
v -0.061272 -0.215515 0.215665
v -0.064696 -0.230395 0.218920
v -0.054650 -0.198019 0.212297
v -0.044040 -0.178304 0.209588
v -0.054913 -0.199298 0.169312
v -0.044435 -0.179527 0.166132
v -0.055177 -0.200690 0.126024
v -0.045752 -0.181972 0.082644
v -0.055591 -0.201951 0.086424
v -0.061742 -0.219634 0.089998
v -0.061479 -0.216850 0.172772
v -0.044924 -0.180825 0.122469
v -0.061573 -0.218280 0.129560
v -0.064921 -0.234684 0.093197
v -0.064865 -0.231825 0.176197
v -0.065843 -0.243921 0.179301
v -0.065843 -0.245407 0.135713
v -0.065843 -0.246800 0.095906
v -0.064978 -0.236020 0.056457
v -0.065843 -0.249490 0.024400
v -0.065843 -0.250788 -0.008936
v -0.065034 -0.237337 0.021804
v -0.065129 -0.239933 -0.044359
v -0.062156 -0.222174 0.018643
v -0.062363 -0.223435 -0.014692
v -0.062513 -0.224714 -0.047520
v -0.057133 -0.205469 -0.018286
v -0.056644 -0.204302 0.015050
v -0.048856 -0.185020 -0.022236
v -0.049646 -0.186167 -0.055045
v -0.057528 -0.206692 -0.051113
v -0.047859 -0.183985 0.011100
v -0.046786 -0.182988 0.045790
v -0.036515 -0.161730 0.007167
v -0.034859 -0.160940 0.041876
v -0.033279 -0.160112 0.078843
v -0.029328 -0.142146 0.066822
v -0.032019 -0.159172 0.118913
v -0.029328 -0.142146 0.181126
v -0.038057 -0.162576 -0.026168
v -0.029328 -0.142146 -0.161823
v -0.065298 -0.142146 0.295448
v -0.065298 -0.056211 0.295448
v 0.027523 -0.056211 0.295448
v 0.023214 -0.056211 0.066822
v 0.033844 -0.035969 -0.005530
v 0.033731 -0.035461 -0.038696
v 0.034145 -0.036458 0.028181
v 0.034991 -0.036402 0.179132
v 0.034822 -0.037004 0.099951
v 0.034540 -0.036816 0.063116
v 0.034841 -0.036947 0.139306
v 0.043438 -0.011005 0.094025
v 0.043080 -0.011381 0.131988
v 0.042911 -0.011438 0.170571
v 0.048630 0.014542 0.123654
v 0.048273 0.013808 0.161711
v 0.048367 0.013357 0.199562
v 0.043231 -0.011080 0.208309
v 0.051602 0.039468 0.153848
v 0.051565 0.038453 0.192131
v 0.053427 0.064564 0.187052
v 0.053540 0.065693 0.148223
v 0.052110 0.040823 0.115959
v 0.054067 0.067537 0.110617
v 0.049288 0.015483 0.086424
v 0.052919 0.042422 0.079163
v 0.054932 0.069756 0.074271
v 0.053916 0.044077 0.044096
v 0.056023 0.071976 0.039224
v 0.055158 0.045808 0.010272
v 0.050022 0.016574 0.051132
v 0.043758 -0.010422 0.058187
v 0.050906 0.017797 0.017213
v 0.044604 -0.008861 -0.009538
v 0.044096 -0.009688 0.023854
v 0.052016 0.019076 -0.015915
v 0.045338 -0.007958 -0.042591
v 0.053408 0.020411 -0.048800
v 0.056682 0.047558 -0.022876
v 0.058544 0.049326 -0.055817
v 0.059127 0.076360 -0.028614
v 0.061291 0.078485 -0.062157
v 0.063924 0.080555 -0.095962
v 0.062194 0.107550 -0.066296
v 0.060820 0.051076 -0.089114
v 0.059955 0.105199 -0.031342
v 0.058224 0.102735 0.003593
v 0.058224 0.131292 0.007901
v 0.059748 0.133831 -0.029272
v 0.057397 0.074177 0.005042
v 0.056908 0.100176 0.038622
v 0.057171 0.128545 0.044415
v 0.055910 0.097505 0.073820
v 0.055854 0.122412 0.113684
v 0.055120 0.094720 0.109300
v 0.056418 0.125610 0.079821
v 0.056211 0.149352 0.121716
v 0.056512 0.152700 0.090036
v 0.056926 0.155673 0.054744
v 0.057585 0.158476 0.016781
v 0.056306 0.180072 0.067668
v 0.056230 0.177401 0.102208
v 0.055647 0.198358 0.114060
v 0.056211 0.174278 0.131273
v 0.055798 0.195931 0.140303
v 0.056174 0.171287 0.156275
v 0.056004 0.146436 0.150668
v 0.055478 0.119760 0.146774
v 0.055873 0.144667 0.177834
v 0.056117 0.169011 0.178604
v 0.055910 0.190776 0.180373
v 0.055779 0.188613 0.197793
v 0.055967 0.167995 0.199656
v 0.055704 0.149370 0.227723
v 0.055779 0.145250 0.203437
v 0.055685 0.168822 0.220819
v 0.055440 0.187108 0.215891
v 0.055722 0.155033 0.250242
v 0.055421 0.170929 0.241400
v 0.055327 0.173657 0.260721
v 0.054744 0.187898 0.250261
v 0.055045 0.186713 0.233687
v 0.054481 0.201575 0.226313
v 0.054067 0.202609 0.239237
v 0.053992 0.211771 0.220970
v 0.054838 0.203550 0.211564
v 0.054029 0.217020 0.209777
v 0.055083 0.206748 0.196176
v 0.054104 0.221854 0.195762
v 0.054086 0.224770 0.182255
v 0.055158 0.209363 0.181389
v 0.055102 0.211451 0.165474
v 0.053973 0.226200 0.167506
v 0.053822 0.226576 0.149822
v 0.052524 0.237544 0.149032
v 0.052750 0.238071 0.168183
v 0.054951 0.213032 0.146699
v 0.052919 0.236980 0.183571
v 0.051922 0.246480 0.185133
v 0.052223 0.241946 0.200502
v 0.053070 0.233387 0.197568
v 0.053201 0.226332 0.212505
v 0.053503 0.216023 0.226896
v 0.052618 0.232596 0.217546
v 0.052505 0.236942 0.222739
v 0.053333 0.222043 0.242811
v 0.053164 0.219729 0.234854
v 0.053898 0.204566 0.250976
v 0.054744 0.189177 0.265613
v 0.054311 0.205356 0.262207
v 0.055365 0.189102 0.279778
v 0.054010 0.223153 0.250525
v 0.055271 0.204811 0.273232
v 0.056512 0.187334 0.293568
v 0.058205 0.183515 0.307902
v 0.056757 0.202798 0.284349
v 0.060708 0.175727 0.325887
v 0.058695 0.200822 0.292984
v 0.055214 0.223247 0.257635
v 0.056889 0.222927 0.263166
v 0.055252 0.242059 0.235417
v 0.053803 0.241288 0.232051
v 0.052882 0.239707 0.227686
v 0.053841 0.256657 0.210868
v 0.052580 0.255058 0.208911
v 0.051207 0.259028 0.188255
v 0.051922 0.252368 0.206390
v 0.051640 0.262715 0.189591
v 0.050887 0.265951 0.171437
v 0.052731 0.265085 0.190607
v 0.051828 0.269017 0.171606
v 0.053521 0.270861 0.171681
v 0.054518 0.266496 0.191228
v 0.056832 0.267174 0.191528
v 0.055722 0.257542 0.212034
v 0.055798 0.271764 0.171738
v 0.057547 0.273626 0.149672
v 0.059522 0.267362 0.191642
v 0.054895 0.273269 0.149766
v 0.058469 0.272065 0.171757
v 0.060388 0.273626 0.149672
v 0.064169 0.272027 0.171757
v 0.062363 0.267305 0.191642
v 0.063623 0.257786 0.212825
v 0.065204 0.267230 0.191642
v 0.066464 0.257654 0.212825
v 0.069117 0.257297 0.212617
v 0.062363 0.242247 0.238804
v 0.060783 0.257937 0.212825
v 0.065204 0.241965 0.238804
v 0.064169 0.222306 0.267719
v 0.061479 0.222663 0.267305
v 0.066144 0.200107 0.297707
v 0.068947 0.199449 0.297707
v 0.070960 0.176874 0.326902
v 0.073745 0.176065 0.326902
v 0.070151 0.157008 0.353448
v 0.072954 0.156124 0.353448
v 0.075739 0.155240 0.353448
v 0.068157 0.177664 0.326902
v 0.067499 0.157591 0.353354
v 0.065467 0.178097 0.326790
v 0.063435 0.200502 0.297442
v 0.062984 0.177777 0.326451
v 0.060933 0.200390 0.296616
v 0.059014 0.222795 0.266101
v 0.057246 0.242416 0.237450
v 0.059673 0.242435 0.238465
v 0.058093 0.257918 0.212617
v 0.065110 0.157535 0.353108
v 0.063416 0.155616 0.354012
v 0.067029 0.139419 0.376605
v 0.069324 0.138929 0.377170
v 0.073349 0.121114 0.398634
v 0.068421 0.123202 0.396997
v 0.071957 0.138158 0.377339
v 0.070716 0.122130 0.398220
v 0.071506 0.107137 0.416695
v 0.069173 0.108773 0.414775
v 0.074158 0.105914 0.417334
v 0.071525 0.093987 0.432704
v 0.074215 0.092595 0.433475
v 0.077018 0.104917 0.417334
v 0.080141 0.090431 0.433475
v 0.079915 0.103901 0.417334
v 0.077131 0.091522 0.433475
v 0.078974 0.119177 0.398634
v 0.076153 0.120155 0.398634
v 0.077545 0.136277 0.377339
v 0.074742 0.137218 0.377339
v 0.080160 0.135299 0.377170
v 0.078372 0.154111 0.353354
v 0.081627 0.118349 0.398220
v 0.083903 0.117803 0.396997
v 0.082436 0.134170 0.376605
v 0.085577 0.117671 0.394552
v 0.084204 0.132646 0.375834
v 0.085295 0.130464 0.375044
v 0.086462 0.118085 0.390470
v 0.085672 0.128357 0.374272
v 0.086575 0.119967 0.383641
v 0.086800 0.112460 0.385409
v 0.087402 0.109187 0.395926
v 0.087365 0.106215 0.404542
v 0.086593 0.104051 0.410938
v 0.087967 0.095097 0.418049
v 0.088061 0.098558 0.409245
v 0.087666 0.100345 0.401287
v 0.088268 0.090751 0.419046
v 0.088249 0.088512 0.418294
v 0.088399 0.077639 0.434172
v 0.088305 0.085371 0.428715
v 0.087177 0.091692 0.425761
v 0.087703 0.069380 0.446926
v 0.087496 0.080254 0.438084
v 0.085615 0.077789 0.443690
v 0.083019 0.077225 0.446493
v 0.085427 0.090093 0.430389
v 0.085728 0.065486 0.454563
v 0.088080 0.056211 0.452833
v 0.082925 0.064489 0.458364
v 0.085916 0.051565 0.464046
v 0.083000 0.050511 0.468843
v 0.083489 0.034126 0.478512
v 0.086330 0.034464 0.473188
v 0.083997 0.017439 0.484776
v 0.088136 0.035405 0.462860
v 0.086631 0.017251 0.479226
v 0.087628 0.003744 0.468559
v 0.086443 0.003067 0.479282
v 0.088174 0.017646 0.468390
v 0.088192 0.018286 0.450688
v 0.088343 0.036383 0.446041
v 0.086951 0.019170 0.427097
v 0.087496 0.003236 0.451742
v 0.086688 -0.004308 0.464929
v 0.085935 0.001975 0.428546
v 0.086292 -0.007807 0.452268
v 0.082191 -0.018587 0.431273
v 0.084618 -0.013940 0.455278
v 0.084355 -0.011381 0.429505
v 0.080423 -0.015595 0.399105
v 0.077658 -0.023948 0.401420
v 0.082887 0.000414 0.398672
v 0.074008 -0.024268 0.362572
v 0.070471 -0.033279 0.372504
v 0.076604 -0.000207 0.334352
v 0.071506 -0.022556 0.332170
v 0.062344 -0.046899 0.342630
v 0.079407 -0.000602 0.365975
v 0.063322 -0.043532 0.326470
v 0.060030 -0.049853 0.351247
v 0.044567 -0.071393 0.338453
v 0.047332 -0.070885 0.334710
v 0.057171 -0.051471 0.354877
v 0.064658 -0.035725 0.377526
v 0.054481 -0.050793 0.356080
v 0.067461 -0.036007 0.376266
v 0.074779 -0.026883 0.403883
v 0.071882 -0.026676 0.404712
v 0.079576 -0.021258 0.432892
v 0.076642 -0.020938 0.433437
v 0.082379 -0.016235 0.458458
v 0.079445 -0.015821 0.459530
v 0.076284 -0.014053 0.459530
v 0.080762 -0.008597 0.478757
v 0.077451 -0.006866 0.478757
v 0.081063 0.003424 0.486959
v 0.077658 0.005098 0.486959
v 0.074553 0.006754 0.486959
v 0.073331 -0.012284 0.459530
v 0.074422 -0.005136 0.478757
v 0.071713 -0.002671 0.477025
v 0.070697 -0.009500 0.458458
v 0.071807 0.008842 0.485040
v 0.071337 0.023516 0.484776
v 0.069399 0.011777 0.479282
v 0.069418 0.001317 0.471815
v 0.068439 -0.004722 0.455278
v 0.067819 0.005832 0.464929
v 0.067348 0.014222 0.468559
v 0.066709 0.003048 0.452268
v 0.065618 0.014843 0.451742
v 0.064903 0.029912 0.450688
v 0.063210 0.031379 0.427097
v 0.063642 0.014222 0.428546
v 0.060915 0.012999 0.398672
v 0.060896 -0.003706 0.399105
v 0.064508 0.000113 0.429505
v 0.066088 -0.008992 0.431273
v 0.061968 -0.014072 0.401420
v 0.068233 -0.014373 0.432892
v 0.070791 -0.017364 0.433437
v 0.066295 -0.023083 0.404712
v 0.063868 -0.019922 0.403883
v 0.059315 -0.032131 0.377526
v 0.057020 -0.029009 0.376266
v 0.055384 -0.023271 0.372504
v 0.045620 -0.039863 0.351247
v 0.047144 -0.044472 0.354877
v 0.054782 -0.011795 0.362572
v 0.043758 -0.030043 0.326470
v 0.057942 0.012209 0.365975
v 0.055252 0.012849 0.334352
v 0.044567 -0.034634 0.342630
v 0.051132 -0.009199 0.332170
v 0.042403 -0.027823 0.305043
v 0.052844 0.013714 0.302767
v 0.048781 -0.007845 0.304402
v 0.046297 -0.008635 0.275338
v 0.050699 0.013620 0.270278
v 0.039769 -0.029667 0.280643
v 0.044266 -0.010177 0.243733
v 0.049100 0.013263 0.236115
v 0.037079 -0.032978 0.251879
v 0.035612 -0.035141 0.217339
v 0.053446 0.036854 0.266346
v 0.052129 0.037644 0.229943
v 0.053898 0.063247 0.226144
v 0.054951 0.092670 0.226370
v 0.055064 0.060802 0.264483
v 0.055252 0.036007 0.301318
v 0.056682 0.058224 0.301224
v 0.057604 0.079087 0.303989
v 0.056080 0.083452 0.268189
v 0.057020 0.102847 0.280907
v 0.058469 0.097373 0.311156
v 0.059221 0.076265 0.337005
v 0.059184 0.113251 0.319773
v 0.059955 0.093460 0.340034
v 0.060726 0.073707 0.367236
v 0.061272 0.089810 0.366898
v 0.060614 0.108378 0.343871
v 0.061836 0.103242 0.367274
v 0.062419 0.114135 0.369174
v 0.061178 0.121265 0.347785
v 0.058318 0.131612 0.307431
v 0.063059 0.124256 0.371319
v 0.059692 0.126852 0.326921
v 0.061347 0.133098 0.348819
v 0.059391 0.150123 0.328032
v 0.060915 0.144855 0.344097
v 0.059805 0.138911 0.330420
v 0.058450 0.142466 0.313265
v 0.057547 0.144310 0.300303
v 0.058055 0.152964 0.312154
v 0.057321 0.163762 0.305419
v 0.057039 0.152474 0.296144
v 0.058619 0.161316 0.320694
v 0.059278 0.168879 0.324043
v 0.057641 0.173281 0.309294
v 0.060124 0.156707 0.335275
v 0.061084 0.161561 0.339714
v 0.061667 0.150386 0.349478
v 0.062382 0.138572 0.359372
v 0.063567 0.132721 0.372918
v 0.063003 0.142786 0.363625
v 0.062833 0.150556 0.357435
v 0.063981 0.136277 0.374272
v 0.064564 0.128150 0.383641
v 0.064357 0.137933 0.375044
v 0.065448 0.125704 0.390470
v 0.066596 0.124369 0.394552
v 0.066031 0.114078 0.404542
v 0.067292 0.111012 0.410938
v 0.069192 0.096018 0.430389
v 0.067348 0.099028 0.425761
v 0.066107 0.103336 0.418049
v 0.065204 0.107362 0.409245
v 0.065768 0.094062 0.428715
v 0.065204 0.099743 0.419046
v 0.064620 0.097937 0.418294
v 0.064395 0.109563 0.401287
v 0.065110 0.086932 0.434172
v 0.065204 0.065843 0.452833
v 0.066182 0.077977 0.446926
v 0.064338 0.082248 0.433437
v 0.063416 0.093422 0.409583
v 0.063981 0.095830 0.414983
v 0.063605 0.080404 0.425461
v 0.062890 0.081382 0.411069
v 0.062965 0.090695 0.403413
v 0.063849 0.065279 0.437689
v 0.062946 0.049608 0.423824
v 0.062852 0.066916 0.418538
v 0.064282 0.047595 0.446041
v 0.065919 0.045507 0.462860
v 0.068835 0.025829 0.479226
v 0.068101 0.042648 0.473188
v 0.066671 0.028143 0.468390
v 0.070697 0.039864 0.478512
v 0.067706 0.059222 0.464046
v 0.070584 0.069399 0.458364
v 0.068082 0.072503 0.454563
v 0.070321 0.055835 0.468843
v 0.073180 0.053785 0.470441
v 0.073557 0.037945 0.480281
v 0.073387 0.067518 0.459624
v 0.076284 0.052430 0.470441
v 0.076698 0.036458 0.480281
v 0.080141 0.034991 0.480281
v 0.076435 0.066257 0.459624
v 0.079689 0.051057 0.470441
v 0.079727 0.064997 0.459624
v 0.079990 0.077808 0.447434
v 0.076830 0.078956 0.447434
v 0.073839 0.080122 0.447434
v 0.071111 0.081721 0.446493
v 0.068759 0.084204 0.443690
v 0.066916 0.088117 0.438084
v 0.080724 0.018530 0.486621
v 0.077281 0.020110 0.486621
v 0.074140 0.021691 0.486621
v 0.061874 0.070151 0.394741
v 0.062175 0.085145 0.391052
v 0.061648 0.052261 0.397262
v 0.060218 0.054801 0.367444
v 0.061385 0.032771 0.398578
v 0.057303 0.035085 0.334823
v 0.058488 0.056512 0.335481
v 0.062589 0.096827 0.388740
v 0.063097 0.104766 0.390282
v 0.063699 0.108999 0.394777
v 0.064150 0.121321 0.385409
v 0.065072 0.117634 0.395926
v 0.065298 0.139212 0.375834
v 0.056381 0.175538 0.294395
v 0.055591 0.175651 0.278499
v 0.055873 0.160206 0.270578
v 0.056362 0.163555 0.288901
v 0.056437 0.147809 0.279758
v 0.056061 0.139832 0.261041
v 0.057190 0.137838 0.291122
v 0.055986 0.112592 0.254720
v 0.057810 0.118913 0.296164
v 0.055666 0.129354 0.238015
v 0.055384 0.120776 0.210868
v 0.055327 0.118386 0.179809
v 0.054500 0.091315 0.183290
v 0.054631 0.092463 0.145608
v 0.033467 -0.060914 0.334710
v 0.034709 -0.048874 0.315916
v 0.033260 -0.055873 0.327524
v 0.020844 -0.076886 0.310950
v 0.036985 -0.066746 0.339695
v 0.049345 -0.047200 0.356080
v 0.061949 -0.033919 0.377526
v 0.051903 -0.049006 0.356080
v 0.041970 -0.070358 0.339695
v 0.039468 -0.068552 0.339695
v 0.025265 -0.091014 0.327655
v 0.027711 -0.092839 0.327655
v 0.030326 -0.093930 0.325737
v 0.012266 -0.116674 0.319264
v 0.014899 -0.117822 0.316574
v 0.018022 -0.117615 0.308504
v 0.033336 -0.093629 0.319980
v 0.037700 -0.089340 0.310950
v 0.044397 -0.078542 0.299192
v 0.053709 -0.062419 0.315916
v 0.050361 -0.068138 0.327524
v 0.056306 -0.055835 0.303275
v 0.060218 -0.043870 0.280643
v 0.052261 -0.062852 0.287999
v 0.057453 -0.047257 0.251879
v 0.037098 -0.090544 0.273870
v 0.047972 -0.069418 0.261568
v 0.055929 -0.049514 0.217339
v 0.045714 -0.073425 0.226971
v 0.033561 -0.097034 0.237507
v 0.044698 -0.075644 0.187277
v 0.055290 -0.050887 0.179132
v 0.063586 -0.025660 0.170571
v 0.063736 -0.025716 0.131988
v 0.055139 -0.051546 0.139306
v 0.064094 -0.025434 0.094025
v 0.055102 -0.051678 0.099951
v 0.054819 -0.051489 0.063116
v 0.044228 -0.076811 0.145664
v 0.043776 -0.077281 0.104597
v 0.042873 -0.077394 0.066633
v 0.041726 -0.077262 0.030984
v 0.030645 -0.102339 0.108435
v 0.029216 -0.102678 0.069362
v 0.016235 -0.126946 0.111876
v 0.014523 -0.127491 0.071996
v 0.027447 -0.102791 0.033072
v 0.010177 -0.128112 0.000640
v 0.025585 -0.102828 -0.001298
v 0.012397 -0.127830 0.035216
v -0.002559 -0.152550 0.038264
v -0.000564 -0.151966 0.075231
v -0.016498 -0.176140 0.041876
v -0.004647 -0.153095 0.003574
v -0.018154 -0.176912 0.007167
v 0.008165 -0.128470 -0.032678
v -0.006584 -0.153716 -0.029761
v -0.008070 -0.154544 -0.062626
v -0.020882 -0.178774 -0.058995
v -0.019678 -0.177758 -0.026168
v -0.030532 -0.199806 -0.022236
v -0.031323 -0.200935 -0.055045
v -0.029536 -0.198772 0.011100
v -0.028463 -0.197774 0.045790
v -0.037493 -0.216662 0.049684
v -0.027428 -0.196740 0.082644
v -0.014918 -0.175313 0.078843
v -0.026601 -0.195611 0.122469
v -0.013658 -0.174353 0.118913
v 0.001053 -0.151214 0.115376
v -0.031925 -0.202083 -0.087572
v -0.021766 -0.179846 -0.091541
v -0.038942 -0.220218 -0.051113
v -0.039449 -0.222438 -0.116035
v -0.039581 -0.223265 -0.148543
v -0.032339 -0.203117 -0.119967
v -0.032621 -0.203945 -0.152493
v -0.022406 -0.180825 -0.123974
v -0.010403 -0.157027 -0.160319
v -0.022838 -0.181615 -0.156500
v -0.023083 -0.182085 -0.189328
v -0.023214 -0.182160 -0.256657
v -0.023196 -0.182254 -0.222664
v -0.010761 -0.157554 -0.226558
v -0.010742 -0.157366 -0.260571
v -0.032809 -0.204434 -0.185302
v -0.032884 -0.204641 -0.218619
v -0.039675 -0.223754 -0.181371
v -0.043532 -0.239331 -0.177758
v -0.043551 -0.239576 -0.211075
v -0.039713 -0.223980 -0.214686
v -0.039732 -0.224018 -0.248681
v -0.043551 -0.239519 -0.315917
v -0.043551 -0.239632 -0.245088
v -0.039732 -0.223905 -0.283560
v -0.032922 -0.204415 -0.287510
v -0.032922 -0.204058 -0.323460
v -0.032922 -0.204622 -0.252631
v -0.039732 -0.223736 -0.319529
v -0.043551 -0.239388 -0.352205
v -0.043551 -0.239181 -0.388100
v -0.039732 -0.223115 -0.391692
v -0.045357 -0.251333 -0.419703
v -0.045357 -0.251578 -0.384939
v -0.046109 -0.259536 -0.486959
v -0.043551 -0.238861 -0.422865
v -0.045357 -0.250336 -0.486959
v -0.043551 -0.238390 -0.455768
v -0.043551 -0.237751 -0.486959
v -0.039732 -0.222663 -0.426457
v -0.039732 -0.222080 -0.459361
v -0.032922 -0.201518 -0.463292
v -0.023064 -0.177645 -0.467319
v -0.032922 -0.202308 -0.430389
v -0.032922 -0.202986 -0.395643
v -0.023083 -0.178642 -0.434415
v -0.023121 -0.179621 -0.399651
v -0.010215 -0.152568 -0.438234
v -0.010328 -0.153829 -0.403487
v -0.023139 -0.180505 -0.363775
v -0.010441 -0.155033 -0.367613
v -0.010554 -0.156067 -0.331362
v -0.023177 -0.181257 -0.327485
v -0.032922 -0.203588 -0.359749
v -0.010648 -0.156876 -0.295448
v 0.004628 -0.130276 -0.298966
v -0.023196 -0.181822 -0.291535
v 0.022142 -0.103543 -0.267060
v 0.004402 -0.130915 -0.264107
v 0.023083 -0.101530 -0.337720
v 0.004891 -0.129241 -0.334860
v 0.022575 -0.102753 -0.301902
v 0.040823 -0.075212 -0.269938
v 0.041538 -0.074309 -0.304723
v 0.042384 -0.072936 -0.340447
v 0.061084 -0.043475 -0.343552
v 0.043287 -0.071261 -0.376436
v 0.059899 -0.044924 -0.307959
v 0.076040 -0.014636 -0.312117
v 0.058902 -0.045959 -0.273250
v 0.058017 -0.046673 -0.239181
v 0.074723 -0.015746 -0.277520
v 0.040259 -0.075795 -0.235851
v 0.021822 -0.103957 -0.233009
v 0.057208 -0.047181 -0.205544
v 0.039769 -0.076115 -0.202271
v 0.021615 -0.104108 -0.199524
v 0.004477 -0.130915 -0.163705
v 0.004289 -0.131197 -0.196684
v 0.021578 -0.104014 -0.166395
v 0.039393 -0.076265 -0.168991
v 0.021710 -0.103769 -0.133437
v 0.039111 -0.076378 -0.135788
v 0.056418 -0.047652 -0.172133
v 0.055609 -0.048141 -0.138703
v 0.038979 -0.076472 -0.102640
v 0.054876 -0.048705 -0.105312
v 0.039130 -0.076585 -0.069493
v 0.022819 -0.103111 -0.067631
v 0.022105 -0.103430 -0.100553
v 0.054311 -0.049288 -0.071976
v 0.065994 -0.022105 -0.042591
v 0.067066 -0.021032 -0.075871
v 0.054029 -0.049890 -0.038696
v 0.039619 -0.076754 -0.036308
v 0.040560 -0.077018 -0.003085
v 0.054123 -0.050530 -0.005530
v 0.054443 -0.051076 0.028181
v 0.065260 -0.023139 -0.009538
v 0.071882 0.003913 0.017213
v 0.072992 0.005305 -0.015915
v 0.064771 -0.024080 0.023854
v 0.064414 -0.024870 0.058187
v 0.070998 0.002634 0.051132
v 0.075155 0.030852 0.044096
v 0.070264 0.001562 0.086424
v 0.076378 0.032640 0.010272
v 0.080573 0.064113 -0.028614
v 0.078843 0.061836 0.005042
v 0.077902 0.034502 -0.022876
v 0.077469 0.059579 0.039224
v 0.078561 0.088682 0.038622
v 0.076378 0.057378 0.074271
v 0.077545 0.086010 0.073820
v 0.075532 0.055252 0.110617
v 0.078974 0.117954 0.044415
v 0.078222 0.115019 0.079821
v 0.080009 0.120738 0.007901
v 0.081571 0.093855 -0.031342
v 0.079859 0.091297 0.003593
v 0.081476 0.123372 -0.029272
v 0.083489 0.125874 -0.066709
v 0.083753 0.096338 -0.066296
v 0.080536 0.151778 -0.022895
v 0.082154 0.154525 -0.063416
v 0.084580 0.156707 -0.103901
v 0.087515 0.158551 -0.143614
v 0.086142 0.128263 -0.103975
v 0.089227 0.130464 -0.140791
v 0.086499 0.098746 -0.101324
v 0.089585 0.101004 -0.136277
v 0.088174 0.070753 -0.129881
v 0.085314 0.068628 -0.095962
v 0.084505 0.040202 -0.122601
v 0.082022 0.038340 -0.089114
v 0.082699 0.066389 -0.062157
v 0.079765 0.036402 -0.055817
v 0.074384 0.006791 -0.048800
v 0.076134 0.008315 -0.082004
v 0.078071 0.009801 -0.115414
v 0.069756 -0.018982 -0.142861
v 0.068364 -0.019979 -0.109319
v 0.080065 0.011212 -0.148956
v 0.087026 0.041952 -0.156180
v 0.071111 -0.018079 -0.176423
v 0.081966 0.012473 -0.182481
v 0.089415 0.043494 -0.189685
v 0.091503 0.044755 -0.223022
v 0.083640 0.013507 -0.215891
v 0.072353 -0.017326 -0.209889
v 0.085182 0.014448 -0.249414
v 0.093385 0.045883 -0.256413
v 0.098483 0.077131 -0.264088
v 0.096301 0.075889 -0.230808
v 0.100533 0.078260 -0.297575
v 0.095191 0.046956 -0.290106
v 0.086706 0.015426 -0.283277
v 0.088287 0.016593 -0.317703
v 0.097034 0.048122 -0.324306
v 0.102584 0.079388 -0.331549
v 0.105312 0.109770 -0.338999
v 0.105538 0.138647 -0.346279
v 0.103092 0.108717 -0.305286
v 0.103205 0.137763 -0.312831
v 0.099010 0.164101 -0.286701
v 0.100834 0.136785 -0.279646
v 0.100834 0.107626 -0.271971
v 0.098445 0.106365 -0.238729
v 0.096470 0.163103 -0.253083
v 0.098332 0.135619 -0.246273
v 0.095567 0.134208 -0.212185
v 0.095793 0.104879 -0.205168
v 0.092745 0.103073 -0.170948
v 0.091108 0.072729 -0.163761
v 0.093874 0.074459 -0.197454
v 0.090638 0.160300 -0.181803
v 0.093705 0.161843 -0.218336
v 0.092444 0.132477 -0.176949
v 0.075005 0.053521 0.148223
v 0.073331 0.027692 0.115959
v 0.074158 0.029197 0.079163
v 0.069606 0.000696 0.123654
v 0.072860 0.026469 0.153848
v 0.069248 0.000094 0.161711
v 0.074967 0.052581 0.187052
v 0.072879 0.025623 0.192131
v 0.069399 -0.000207 0.199562
v 0.063943 -0.025152 0.208309
v 0.065034 -0.024136 0.243733
v 0.070227 -0.000150 0.236115
v 0.073575 0.024945 0.229943
v 0.071957 0.000282 0.270278
v 0.075099 0.024212 0.266346
v 0.077187 0.023403 0.301318
v 0.077037 0.048969 0.264483
v 0.079031 0.046373 0.301224
v 0.078278 0.072447 0.268189
v 0.075588 0.051395 0.226144
v 0.080197 0.067988 0.303989
v 0.081100 0.086932 0.311156
v 0.079313 0.092538 0.280907
v 0.081758 0.103374 0.319773
v 0.083038 0.082925 0.340034
v 0.082097 0.117465 0.326921
v 0.083527 0.098389 0.343871
v 0.083828 0.111764 0.347785
v 0.085465 0.104484 0.369174
v 0.086725 0.094890 0.390282
v 0.085182 0.093140 0.367274
v 0.086480 0.086575 0.388740
v 0.084863 0.079200 0.366898
v 0.087214 0.080329 0.403413
v 0.086349 0.074459 0.391052
v 0.086142 0.058920 0.394741
v 0.084374 0.062514 0.367236
v 0.087421 0.070735 0.411069
v 0.088192 0.054594 0.437689
v 0.087459 0.055798 0.418538
v 0.088023 0.070057 0.425461
v 0.088305 0.072371 0.433437
v 0.087590 0.083301 0.409583
v 0.087101 0.099461 0.394777
v 0.087929 0.086029 0.414983
v 0.087384 0.037851 0.423824
v 0.085728 0.040353 0.397262
v 0.083602 0.042911 0.367444
v 0.084769 0.020317 0.398578
v 0.082116 0.021521 0.367142
v 0.079558 0.022519 0.334823
v 0.081307 0.044642 0.335481
v 0.082304 0.065091 0.337005
v 0.074215 0.000470 0.302767
v 0.069568 -0.021578 0.304402
v 0.067160 -0.022518 0.275338
v 0.062702 -0.041820 0.305043
v 0.023948 -0.102885 -0.034595
v 0.004891 -0.130389 -0.130972
v 0.005587 -0.129711 -0.098332
v 0.006660 -0.129053 -0.065618
v -0.009162 -0.155447 -0.095228
v -0.009914 -0.156331 -0.127736
v 0.004289 -0.131216 -0.230075
v 0.077545 -0.013131 -0.347540
v 0.062363 -0.041707 -0.379390
v 0.079144 -0.011381 -0.383189
v 0.023647 -0.100007 -0.373821
v 0.024230 -0.098295 -0.409583
v 0.044209 -0.069399 -0.412086
v 0.045789 -0.065693 -0.486959
v 0.024757 -0.096545 -0.444273
v 0.025209 -0.094852 -0.486959
v 0.005719 -0.124914 -0.441602
v 0.005945 -0.123409 -0.486959
v 0.005455 -0.126457 -0.406874
v -0.010121 -0.151308 -0.486959
v 0.005173 -0.127924 -0.371056
v 0.045545 -0.022970 -0.486959
v 0.062796 0.006735 -0.486959
v 0.061535 0.004985 -0.452983
v 0.044548 -0.024757 -0.449466
v 0.043344 -0.026619 -0.414907
v 0.042083 -0.028444 -0.379390
v 0.060068 0.003161 -0.418537
v 0.058488 0.001373 -0.383189
v 0.056889 -0.000263 -0.347540
v 0.055365 -0.001637 -0.312117
v 0.040804 -0.030100 -0.343552
v 0.054048 -0.002634 -0.277520
v 0.052844 -0.003386 -0.243526
v -0.046768 -0.265781 -0.486959
v -0.046109 -0.260100 -0.449992
v -0.046109 -0.260476 -0.417089
v -0.046768 -0.266346 -0.448055
v -0.048310 -0.269563 -0.486959
v -0.048310 -0.270127 -0.446907
v -0.045357 -0.251728 -0.349045
v -0.045357 -0.251747 -0.207913
v -0.045357 -0.251503 -0.174598
v -0.043494 -0.238842 -0.144949
v 0.017232 -0.126062 0.155748
v 0.031454 -0.101624 0.151120
v 0.032207 -0.100044 0.194953
v 0.018098 -0.124256 0.201141
v 0.069041 -0.024870 0.404712
v 0.073650 -0.019151 0.433437
v 0.084185 0.002502 0.485040
v 0.083734 -0.009199 0.477025
v 0.085784 -0.007525 0.471815
v 0.084938 0.103167 0.414775
v 0.083000 0.089810 0.432704
v 0.082624 0.103224 0.416695
v 0.076397 0.174936 0.326790
v 0.063247 0.273626 0.149672
v 0.062344 0.273626 0.121866
v 0.061366 0.273626 0.084845
v 0.064075 0.273231 0.085503
v 0.056644 0.273626 0.121866
v 0.065034 0.273193 0.122186
v 0.055666 0.273626 0.084845
v 0.053032 0.273269 0.085503
v 0.053992 0.273250 0.122186
v 0.054782 0.273626 0.041256
v 0.063191 0.273212 0.042253
v 0.065185 0.271256 -0.001317
v 0.065674 0.271914 0.045262
v 0.067442 0.268152 0.009443
v 0.067781 0.269450 0.052110
v 0.051828 0.248135 0.203531
v 0.051320 0.253723 0.186731
v 0.050887 0.255378 0.169707
v 0.051640 0.247609 0.168540
v 0.050474 0.254720 0.149728
v 0.051320 0.246668 0.147809
v 0.050831 0.245163 0.115829
v 0.051283 0.239388 0.078391
v 0.052505 0.233123 0.094081
v 0.052392 0.235776 0.124784
v 0.053615 0.225372 0.099762
v 0.053691 0.226219 0.127737
v 0.054782 0.214179 0.123371
v 0.054612 0.214913 0.093742
v 0.053634 0.223679 0.074573
v 0.054330 0.216606 0.061366
v 0.055496 0.200296 0.081306
v 0.056531 0.182969 0.028934
v 0.055365 0.202948 0.043965
v 0.055214 0.207463 0.003969
v 0.057002 0.186788 -0.012698
v 0.053860 0.220613 0.029780
v 0.052976 0.227103 0.003122
v 0.052938 0.228439 0.061046
v 0.051922 0.233932 0.041989
v 0.050681 0.240479 0.023120
v 0.058676 0.161335 -0.022895
v 0.055892 0.193316 0.161805
v 0.055158 0.021766 -0.082004
v 0.063304 0.052769 -0.122601
v 0.065843 0.054311 -0.156180
v 0.069813 0.084298 -0.163761
v 0.066840 0.082511 -0.129881
v 0.057096 0.023064 -0.115414
v 0.046410 -0.007055 -0.075871
v 0.047689 -0.006170 -0.109319
v 0.034577 -0.034558 -0.105312
v 0.034013 -0.034991 -0.071976
v 0.071506 0.113777 -0.170948
v 0.074629 0.115433 -0.205168
v 0.072616 0.085860 -0.197454
v 0.077338 0.116806 -0.238729
v 0.079746 0.117935 -0.271971
v 0.082022 0.118951 -0.305286
v 0.084261 0.119891 -0.338999
v 0.068233 0.055685 -0.189685
v -0.040766 -0.165643 -0.123974
v -0.041199 -0.166433 -0.156500
v -0.040127 -0.164665 -0.091541
v -0.041444 -0.166903 -0.189328
v -0.039243 -0.163592 -0.058995
v -0.041557 -0.167091 -0.222664
v -0.050944 -0.189158 -0.152493
v -0.051113 -0.189648 -0.185302
v -0.058262 -0.210247 -0.181371
v -0.058187 -0.209758 -0.148543
v -0.051207 -0.189855 -0.218619
v -0.051226 -0.189836 -0.252631
v -0.058318 -0.210398 -0.283560
v -0.051226 -0.189629 -0.287510
v -0.041575 -0.166997 -0.256657
v -0.041557 -0.166659 -0.291535
v -0.058300 -0.210473 -0.214686
v -0.058318 -0.210209 -0.319529
v -0.062833 -0.228345 -0.352205
v -0.062833 -0.228476 -0.315917
v -0.065204 -0.242943 -0.452607
v -0.062833 -0.228514 -0.211075
v -0.062815 -0.228288 -0.177758
v -0.065204 -0.243526 -0.174598
v -0.065204 -0.243752 -0.207913
v -0.062777 -0.227799 -0.144949
v -0.065185 -0.243018 -0.141789
v -0.065166 -0.242209 -0.109282
v -0.062721 -0.226971 -0.112441
v -0.062645 -0.225918 -0.080028
v -0.058036 -0.208930 -0.116035
v -0.065147 -0.241156 -0.076867
v -0.065843 -0.252105 -0.041744
v -0.065843 -0.254381 -0.106667
v -0.065843 -0.255209 -0.139193
v -0.065185 -0.254268 0.137895
v -0.065185 -0.252801 0.181727
v -0.063642 -0.258087 0.183195
v -0.065185 -0.255660 0.097937
v -0.065185 -0.259648 -0.006998
v -0.063642 -0.260965 0.099160
v -0.063642 -0.262320 0.062213
v -0.063642 -0.259554 0.139193
v -0.061460 -0.260702 0.183909
v -0.061460 -0.262169 0.139852
v -0.058826 -0.262997 0.140077
v -0.058826 -0.264408 0.099988
v -0.061460 -0.263580 0.099781
v -0.058826 -0.265762 0.063003
v -0.061460 -0.264935 0.062814
v -0.063642 -0.263637 0.027504
v -0.061460 -0.266252 0.028088
v -0.058826 -0.267098 0.028275
v -0.055967 -0.267023 0.028275
v -0.058826 -0.268396 -0.005061
v -0.061460 -0.268866 -0.038076
v -0.063642 -0.266252 -0.038659
v -0.063642 -0.267474 -0.071167
v -0.065185 -0.262188 -0.072333
v -0.063642 -0.264953 -0.005833
v -0.065185 -0.263260 -0.104729
v -0.053126 -0.265650 0.063003
v -0.053126 -0.264295 0.099988
v -0.053126 -0.262884 0.140077
v -0.050492 -0.263599 0.099781
v -0.048310 -0.260288 0.139193
v -0.050492 -0.262207 0.139852
v -0.048310 -0.258821 0.183195
v -0.050492 -0.260740 0.183909
v -0.053126 -0.261417 0.184154
v -0.048404 -0.256827 0.225504
v -0.050530 -0.258651 0.227198
v -0.053145 -0.259272 0.227761
v -0.053164 -0.255848 0.266384
v -0.050643 -0.255378 0.264915
v -0.048668 -0.253873 0.260494
v -0.047351 -0.250675 0.256507
v -0.048950 -0.249471 0.285892
v -0.047915 -0.248060 0.276109
v -0.047633 -0.243526 0.282901
v -0.049044 -0.243112 0.299380
v -0.046749 -0.245106 0.256356
v -0.046260 -0.247101 0.221309
v -0.045620 -0.236679 0.256714
v -0.046542 -0.235230 0.286212
v -0.048066 -0.234158 0.304046
v -0.050060 -0.233255 0.313038
v -0.045131 -0.221948 0.302955
v -0.039073 -0.206503 0.299794
v -0.047106 -0.220519 0.312098
v -0.040955 -0.204829 0.308937
v -0.049364 -0.219127 0.315125
v -0.051772 -0.217753 0.315125
v -0.052392 -0.232276 0.316048
v -0.053333 -0.242698 0.310818
v -0.054932 -0.231279 0.316048
v -0.055967 -0.242096 0.310818
v -0.055967 -0.250261 0.295561
v -0.058789 -0.255698 0.266384
v -0.058713 -0.249979 0.295561
v -0.055967 -0.255773 0.266384
v -0.053220 -0.250524 0.295561
v -0.050793 -0.250393 0.293154
v -0.050944 -0.243112 0.307959
v -0.058807 -0.259329 0.227761
v -0.055967 -0.259291 0.227761
v -0.058826 -0.261530 0.184154
v -0.061422 -0.258501 0.227198
v -0.061310 -0.254889 0.264915
v -0.063285 -0.252575 0.260494
v -0.063548 -0.255961 0.225504
v -0.065034 -0.250825 0.223322
v -0.064602 -0.247966 0.256507
v -0.065674 -0.242247 0.221309
v -0.061159 -0.249170 0.293154
v -0.046918 -0.253196 0.223322
v -0.046109 -0.248775 0.179301
v -0.046109 -0.250242 0.135694
v -0.046109 -0.251653 0.095906
v -0.065843 -0.254682 -0.486959
v -0.065843 -0.255698 -0.172002
v -0.065204 -0.243808 -0.312756
v -0.065204 -0.242360 -0.486959
v -0.062833 -0.227799 -0.422865
v -0.062833 -0.226708 -0.486959
v -0.062833 -0.227348 -0.455768
v -0.062833 -0.228138 -0.388100
v -0.058318 -0.209607 -0.391692
v -0.058318 -0.209965 -0.355799
v -0.050662 -0.188349 -0.119967
v -0.050229 -0.187315 -0.087572
v -0.057829 -0.207877 -0.083620
v -0.031247 -0.157968 0.162991
v -0.030664 -0.156707 0.207200
v -0.029912 -0.155541 0.247646
v -0.043532 -0.177419 0.248755
v -0.056098 -0.203136 0.049684
v -0.061949 -0.220914 0.053276
v 0.097749 0.245125 -0.467375
v 0.104070 0.230226 -0.486959
v 0.101512 0.230207 -0.466208
v 0.107644 0.212260 -0.486959
v 0.105180 0.212147 -0.463895
v 0.102509 0.212053 -0.430427
v 0.098765 0.230207 -0.432855
v 0.094927 0.245163 -0.434057
v 0.091127 0.256845 -0.434472
v 0.094005 0.256808 -0.467770
v 0.090337 0.265217 -0.467770
v 0.087440 0.265236 -0.434472
v 0.104804 0.054236 -0.463443
v 0.075494 0.270278 -0.334860
v 0.072409 0.272798 -0.334860
v 0.073951 0.256055 -0.190795
v 0.070603 0.264841 -0.190795
v 0.075852 0.233161 0.168183
v 0.074290 0.242736 0.147809
v 0.074140 0.252387 0.169707
v 0.073462 0.251804 0.149728
v 0.074873 0.243658 0.168540
v 0.075362 0.242416 0.185133
v 0.075739 0.237582 0.200502
v 0.076228 0.232032 0.183571
v 0.074742 0.250543 0.186731
v 0.073406 0.259385 0.170910
v 0.074140 0.256695 0.188255
v 0.075306 0.244561 0.203531
v 0.075852 0.232653 0.222739
v 0.075720 0.236039 0.227686
v 0.074892 0.249546 0.206390
v 0.076661 0.218449 0.250525
v 0.077695 0.198997 0.273232
v 0.076679 0.219070 0.257635
v 0.076435 0.216869 0.242811
v 0.077112 0.199223 0.262207
v 0.076736 0.198170 0.250976
v 0.077864 0.182123 0.279778
v 0.077281 0.182047 0.265613
v 0.077244 0.180599 0.250261
v 0.077902 0.167938 0.278499
v 0.076867 0.195969 0.239237
v 0.078692 0.167901 0.294395
v 0.079821 0.165699 0.309294
v 0.078767 0.180505 0.293568
v 0.076999 0.205469 0.220970
v 0.077262 0.194784 0.226313
v 0.076604 0.210021 0.226896
v 0.076322 0.214123 0.234854
v 0.076021 0.227705 0.217546
v 0.076529 0.220839 0.212505
v 0.076454 0.228251 0.197568
v 0.077150 0.210925 0.209777
v 0.077244 0.215929 0.195762
v 0.077639 0.196759 0.211564
v 0.077883 0.200013 0.196176
v 0.077131 0.218920 0.182255
v 0.077902 0.202628 0.181389
v 0.078354 0.183157 0.180373
v 0.077733 0.204641 0.165474
v 0.078278 0.185584 0.161805
v 0.077526 0.179263 0.233687
v 0.078542 0.155372 0.288901
v 0.076134 0.219371 0.263166
v 0.072503 0.264653 0.171437
v 0.049721 0.265932 -0.098671
v 0.051884 0.270560 -0.147076
v 0.051621 0.265913 -0.146850
v 0.052863 0.258087 -0.147602
v 0.055120 0.247025 -0.148091
v 0.060952 0.233274 -0.189742
v 0.067254 0.273626 -0.301902
v 0.065128 0.273626 -0.267588
v -0.055967 -0.273569 -0.235456
v -0.065298 -0.056211 -0.161823
v -0.065298 -0.142146 -0.161823
v -0.055967 -0.261473 0.184154
vn 0.6345 0.7719 0.0409
vn 0.6448 0.7633 0.0399
vn 0.6449 0.7635 0.0335
vn 0.8346 0.5482 0.0532
vn 0.8349 0.5484 0.0462
vn 0.8456 0.5320 0.0435
vn 0.8459 0.5322 0.0345
vn 0.6653 0.7461 0.0276
vn 0.6502 0.7594 0.0250
vn 0.6500 0.7592 0.0331
vn 0.2986 0.9543 0.0155
vn 0.2986 0.9543 0.0115
vn -0.0000 1.0000 -0.0000
vn 0.3022 0.9532 0.0083
vn 0.2986 0.9543 0.0085
vn -0.3619 0.9321 -0.0153
vn -0.3619 0.9321 -0.0125
vn -0.3445 0.9387 -0.0110
vn -0.3811 0.9244 -0.0172
vn -0.8998 0.4351 -0.0319
vn -0.8994 0.4349 -0.0437
vn -0.9211 0.3870 -0.0415
vn -0.3811 0.9243 -0.0202
vn -0.9208 0.3868 -0.0499
vn -0.3901 0.9204 -0.0248
vn -0.9301 0.3626 -0.0592
vn -0.3902 0.9205 -0.0202
vn -0.9304 0.3627 -0.0521
vn -0.9947 -0.0801 -0.0650
vn -0.9359 0.3470 -0.0607
vn -0.9950 -0.0801 -0.0594
vn -0.9969 -0.0542 -0.0563
vn -0.9663 -0.2508 -0.0581
vn -0.9713 -0.2294 -0.0629
vn -0.9973 -0.0543 -0.0492
vn -0.9985 -0.0082 -0.0544
vn -0.9792 -0.1954 -0.0539
vn -0.9714 -0.2294 -0.0604
vn -0.9712 -0.2304 -0.0604
vn -0.9640 -0.2569 -0.0677
vn -0.9599 -0.2734 -0.0624
vn -0.9679 -0.2419 -0.0678
vn -0.9636 -0.2571 -0.0737
vn -0.9639 -0.2568 -0.0706
vn -0.9593 -0.2735 -0.0704
vn -0.9548 -0.2876 -0.0747
vn -0.9615 -0.2644 -0.0751
vn -0.9560 -0.2841 -0.0736
vn -0.9565 -0.2839 -0.0668
vn -0.9620 -0.2630 -0.0731
vn -0.9618 -0.2632 -0.0757
vn -0.9812 -0.1772 -0.0767
vn -0.9683 -0.2359 -0.0816
vn -0.9609 -0.2648 -0.0810
vn -0.9338 -0.3471 -0.0867
vn -0.9309 -0.3549 -0.0859
vn -0.9602 -0.2641 -0.0907
vn -0.9612 -0.2635 -0.0816
vn -0.9617 -0.2592 -0.0888
vn -0.9610 -0.2596 -0.0957
vn -0.9632 -0.2521 -0.0928
vn -0.9452 -0.3137 -0.0910
vn -0.9631 -0.2522 -0.0940
vn -0.9803 -0.1598 -0.1159
vn 0.0084 -1.0000 0.0031
vn -0.9647 -0.2449 -0.0974
vn -0.9581 -0.2473 -0.1446
vn -0.9603 -0.2304 -0.1571
vn -0.9521 -0.2634 -0.1556
vn -0.9495 -0.2705 -0.1593
vn -0.9579 -0.2704 -0.0966
vn -0.9492 -0.2712 -0.1593
vn -0.9511 -0.2658 -0.1573
vn -0.0203 -0.9998 -0.0004
vn -0.9569 -0.2734 -0.0975
vn -0.9584 -0.2679 -0.0981
vn -0.9723 -0.1696 -0.1609
vn -0.9805 -0.1711 -0.0968
vn -0.9594 -0.2646 -0.0974
vn -0.9835 -0.1505 -0.1000
vn -0.9595 -0.2642 -0.0973
vn -0.9713 0.2178 -0.0962
vn -0.9713 0.2178 -0.0957
vn -0.9870 -0.1276 -0.0973
vn -0.9567 0.2769 -0.0902
vn -0.9895 -0.1104 -0.0931
vn -0.9872 -0.1276 -0.0952
vn -0.9903 -0.1105 -0.0840
vn -0.9911 -0.1026 -0.0851
vn -0.9597 -0.2653 -0.0925
vn -0.9606 -0.2656 -0.0825
vn -0.9552 -0.2847 -0.0812
vn -0.9542 -0.2877 -0.0821
vn -0.9607 -0.2649 -0.0827
vn -0.9599 -0.2647 -0.0924
vn -0.9556 -0.2799 -0.0920
vn -0.9543 -0.2849 -0.0902
vn -0.9928 -0.0934 -0.0749
vn -0.9920 -0.1027 -0.0736
vn -0.9629 -0.2599 -0.0728
vn -0.9614 -0.2651 -0.0740
vn -0.9934 -0.0934 -0.0667
vn -0.9634 -0.2600 -0.0650
vn -0.9382 0.3369 -0.0793
vn -0.9389 0.3371 -0.0689
vn -0.9354 0.3468 -0.0694
vn -0.3924 0.9192 -0.0319
vn -0.4039 0.9142 -0.0335
vn -0.9449 0.3178 -0.0784
vn -0.3925 0.9193 -0.0284
vn -0.3937 0.9188 -0.0285
vn 0.2849 0.9583 0.0244
vn 0.2849 0.9583 0.0230
vn 0.2814 0.9593 0.0238
vn 0.6227 0.7806 0.0544
vn 0.6226 0.7806 0.0544
vn 0.6295 0.7751 0.0539
vn 0.2814 0.9593 0.0246
vn 0.2780 0.9603 0.0239
vn 0.6204 0.7825 0.0533
vn 0.6227 0.7806 0.0538
vn 0.2774 0.9604 0.0239
vn 0.2778 0.9599 0.0384
vn -0.4696 0.8819 -0.0424
vn -0.5073 0.8586 -0.0741
vn -0.5081 0.8600 -0.0479
vn -0.9842 0.0917 -0.1515
vn -0.5559 0.8268 -0.0856
vn -0.9761 0.1502 -0.1571
vn -0.9841 0.1514 -0.0929
vn -0.0000 -0.0000 -1.0000
vn -0.9694 -0.1898 -0.1557
vn -0.4244 0.9047 -0.0373
vn -0.4243 0.9046 -0.0407
vn -0.4038 0.9141 -0.0367
vn -0.9444 0.3176 -0.0857
vn -0.9602 0.2639 -0.0910
vn 0.2812 0.9589 0.0383
vn 0.6197 0.7803 0.0844
vn 0.6191 0.7808 0.0842
vn 0.8178 0.5645 0.1117
vn -0.9792 -0.1896 -0.0715
vn -0.9908 -0.1197 -0.0638
vn -0.9820 -0.1755 -0.0694
vn -0.0000 -1.0000 -0.0000
vn -0.9945 -0.0935 -0.0483
vn -0.9110 -0.0000 -0.4123
vn -0.9110 0.0003 -0.4124
vn -0.8732 0.0606 -0.4836
vn -0.0000 -0.1242 0.9923
vn -1.0000 -0.0000 -0.0000
vn -0.0000 -0.0000 1.0000
vn -0.9967 -0.0800 -0.0139
vn -0.9981 -0.0452 -0.0417
vn -0.9969 -0.0670 -0.0404
vn -0.9933 -0.0555 -0.1010
vn -0.9934 -0.0653 -0.0948
vn -0.9812 -0.1824 -0.0635
vn -0.9868 -0.1551 -0.0457
vn -0.9854 -0.1589 -0.0613
vn -0.9966 -0.0808 -0.0153
vn -0.9914 -0.1212 -0.0501
vn -0.9829 -0.1787 -0.0450
vn -0.9899 -0.1398 -0.0231
vn -0.9926 -0.1210 0.0019
vn -0.9848 -0.1723 -0.0207
vn -0.9861 -0.1646 -0.0236
vn -0.9844 -0.1709 -0.0429
vn -0.9883 -0.1504 -0.0235
vn -0.9890 -0.1416 -0.0428
vn -0.9947 -0.1009 -0.0178
vn -0.9967 -0.0733 -0.0348
vn -0.9848 -0.1700 -0.0364
vn -0.9901 -0.1387 -0.0199
vn -0.9884 -0.1520 -0.0071
vn -0.9887 -0.1495 -0.0061
vn -0.9955 -0.0931 -0.0144
vn -0.9925 -0.1222 -0.0040
vn -0.9902 -0.1397 0.0082
vn -0.9840 -0.1780 0.0016
vn -0.9932 -0.1161 -0.0007
vn -0.9891 -0.1473 0.0083
vn -0.9964 -0.0846 0.0034
vn -0.9924 -0.1224 0.0119
vn -0.9976 -0.0697 0.0036
vn -0.9978 -0.0640 0.0195
vn -0.9925 -0.1212 0.0126
vn -0.9998 -0.0185 0.0112
vn -0.9997 0.0147 0.0209
vn -0.9996 0.0210 0.0198
vn -0.9970 -0.0752 0.0154
vn -0.9998 -0.0172 0.0112
vn -0.9960 -0.0861 0.0241
vn -0.9964 -0.0814 0.0256
vn -0.9994 0.0171 0.0291
vn -0.9993 0.0261 0.0277
vn -0.9995 0.0167 0.0271
vn -0.9993 0.0254 0.0288
vn -0.9771 0.2107 0.0295
vn -0.9992 0.0275 0.0290
vn -0.9779 0.2075 0.0255
vn -0.7917 0.6106 0.0204
vn -0.8070 0.5901 0.0238
vn -0.8074 0.5895 0.0229
vn -0.7896 0.6131 0.0246
vn -0.9718 0.2340 0.0289
vn -0.9738 0.2259 0.0274
vn -0.9768 0.2130 0.0202
vn -0.7985 0.6019 0.0150
vn -0.9750 0.2212 0.0190
vn -0.8056 0.5923 0.0145
vn -0.4515 0.8922 0.0073
vn -0.8809 0.4733 0.0053
vn -0.8342 0.5515 -0.0045
vn -0.4648 0.8854 -0.0049
vn -0.9197 0.3920 -0.0205
vn -0.9592 0.2827 -0.0042
vn -0.5795 0.8150 0.0051
vn -0.5975 0.8018 -0.0110
vn -0.9667 0.2553 -0.0195
vn -0.7080 0.7062 -0.0011
vn -0.7985 0.6018 -0.0184
vn -0.7160 0.6981 -0.0104
vn -0.2625 0.9649 -0.0028
vn -0.2634 0.9647 -0.0049
vn -0.3100 0.9507 -0.0028
vn -0.1916 0.9815 0.0007
vn 0.2068 0.9784 -0.0011
vn 0.2689 0.9631 -0.0051
vn 0.2964 0.9551 0.0018
vn 0.2671 0.9637 -0.0003
vn 0.6720 0.7406 -0.0002
vn 0.6430 0.7658 0.0023
vn 0.6676 0.7445 0.0106
vn 0.2958 0.9553 0.0045
vn 0.6743 0.7384 0.0100
vn 0.8840 0.4673 0.0141
vn 0.8860 0.4636 0.0032
vn 0.8848 0.4660 0.0035
vn 0.8721 0.4890 0.0170
vn 0.9462 0.3231 0.0186
vn 0.9578 0.2874 0.0047
vn 0.9594 0.2806 0.0275
vn 0.9699 0.2421 0.0276
vn 0.9783 0.2034 0.0386
vn 0.9782 0.2070 0.0184
vn 0.9781 0.2073 0.0184
vn 0.9842 0.1742 0.0324
vn 0.9838 0.1750 0.0385
vn 0.9869 0.1589 0.0275
vn 0.9848 0.1716 0.0276
vn 0.9879 0.1547 0.0132
vn 0.9880 0.1539 0.0130
vn 0.9841 0.1774 0.0131
vn 0.9871 0.1603 -0.0000
vn 0.9893 0.1462 -0.0001
vn 0.9892 0.1466 -0.0001
vn 0.9877 0.1565 0.0056
vn 0.9840 0.1780 -0.0113
vn 0.9876 0.1572 -0.0026
vn 0.9881 0.1537 -0.0030
vn 0.9757 0.2189 0.0096
vn 0.9898 0.1420 -0.0122
vn 0.9870 0.1606 -0.0057
vn 0.9917 0.1277 -0.0121
vn 0.9935 0.1118 -0.0195
vn 0.9903 0.1380 -0.0148
vn 0.9875 0.1571 -0.0098
vn 0.9921 0.1241 -0.0153
vn 0.9931 0.1154 -0.0210
vn 0.9839 0.1780 -0.0142
vn 0.9887 0.1489 -0.0194
vn 0.9900 0.1402 -0.0175
vn 0.9923 0.1227 -0.0150
vn 0.9840 0.1771 -0.0211
vn 0.9850 0.1715 -0.0201
vn 0.9839 0.1776 -0.0179
vn 0.9919 0.1245 -0.0241
vn 0.9843 0.1745 -0.0257
vn 0.9922 0.1223 -0.0222
vn 0.9863 0.1635 -0.0238
vn 0.9934 0.1115 -0.0262
vn 0.9550 0.2945 -0.0359
vn 0.9854 0.1666 -0.0352
vn 0.9863 0.1611 -0.0366
vn 0.9525 0.3036 -0.0225
vn 0.9517 0.3052 -0.0341
vn 0.7861 0.6173 -0.0305
vn 0.8025 0.5960 -0.0276
vn 0.8000 0.5997 -0.0199
vn 0.7796 0.6261 -0.0164
vn 0.9502 0.3107 -0.0236
vn 0.4601 0.8877 -0.0169
vn 0.4529 0.8904 0.0443
vn 0.4218 0.9057 0.0424
vn 0.7814 0.6239 0.0086
vn 0.4175 0.8891 0.1875
vn 0.7153 0.6876 0.1250
vn 0.7541 0.6482 0.1058
vn 0.7566 0.6538 0.0059
vn 0.3831 0.9024 0.1974
vn 0.3831 0.8493 0.3632
vn 0.6905 0.6727 0.2660
vn 0.7189 0.6491 0.2488
vn 0.9325 0.3462 0.1031
vn 0.9278 0.3575 0.1063
vn 0.9355 0.3168 0.1563
vn 0.9512 0.2815 0.1265
vn 0.7457 0.5809 0.3263
vn 0.7033 0.6203 0.3474
vn 0.7576 0.5510 0.3500
vn 0.5111 0.7124 0.4809
vn 0.4255 0.7781 0.4621
vn 0.4352 0.7469 0.5026
vn 0.5160 0.6950 0.5007
vn 0.2585 0.7799 0.5700
vn 0.2584 0.7981 0.5443
vn 0.1997 0.8051 0.5585
vn 0.3155 0.7655 0.5608
vn 0.5743 0.6695 0.4712
vn 0.8602 0.4300 0.2741
vn 0.8620 0.4255 0.2755
vn 0.8685 0.4175 0.2672
vn 0.5739 0.6628 0.4810
vn 0.7733 0.5382 0.3352
vn 0.8697 0.4191 0.2606
vn 0.9978 0.0611 -0.0238
vn 0.9987 0.0375 -0.0336
vn 0.9890 0.1430 0.0378
vn 0.9961 0.0683 -0.0557
vn 0.9449 0.2928 0.1463
vn 0.9946 0.1022 -0.0180
vn 0.9967 0.0189 -0.0786
vn 0.9957 0.0268 -0.0883
vn 0.9938 0.1104 -0.0128
vn 0.9968 0.0452 -0.0660
vn 0.9966 0.0197 -0.0796
vn 0.9952 0.0049 -0.0980
vn 0.9959 -0.0047 -0.0905
vn 0.9966 0.0202 -0.0801
vn 0.9953 0.0069 -0.0964
vn 0.9942 -0.0177 -0.1065
vn 0.9955 0.0112 -0.0942
vn 0.9967 0.0167 -0.0800
vn 0.9954 0.0077 -0.0953
vn 0.9963 0.0249 -0.0827
vn 0.9966 0.0258 -0.0787
vn 0.9954 0.0076 -0.0952
vn 0.9964 0.0150 -0.0835
vn 0.9963 0.0297 -0.0808
vn 0.9966 0.0130 -0.0814
vn 0.9976 0.0228 -0.0652
vn 0.9975 0.0278 -0.0654
vn 0.9972 0.0311 -0.0679
vn 0.9982 0.0361 -0.0485
vn 0.9975 0.0338 -0.0615
vn 0.9972 0.0303 -0.0680
vn 0.9985 0.0199 -0.0514
vn 0.9992 0.0075 -0.0395
vn 0.9983 0.0250 -0.0520
vn 0.9976 0.0212 -0.0664
vn 0.9987 0.0351 -0.0376
vn 0.9998 0.0012 -0.0202
vn 0.9991 0.0059 -0.0410
vn 0.9998 0.0043 -0.0216
vn 0.9997 0.0030 -0.0235
vn 1.0000 -0.0051 -0.0012
vn 0.9995 0.0272 -0.0174
vn 0.9997 0.0201 -0.0155
vn 1.0000 -0.0068 -0.0007
vn 0.9999 0.0110 0.0013
vn 0.9998 0.0158 0.0102
vn 0.9998 0.0047 0.0180
vn 0.9999 0.0030 0.0116
vn 0.9999 -0.0022 0.0125
vn 0.9999 -0.0015 0.0125
vn 1.0000 -0.0022 0.0053
vn 0.9999 -0.0166 0.0047
vn 0.9999 -0.0148 0.0027
vn 0.9999 -0.0145 0.0042
vn 0.9998 -0.0187 0.0049
vn 0.9998 -0.0193 0.0028
vn 0.9999 -0.0098 -0.0106
vn 0.9998 -0.0206 -0.0070
vn 0.9998 -0.0183 -0.0027
vn 0.9997 -0.0258 -0.0020
vn 0.9994 -0.0340 0.0022
vn 0.9993 -0.0359 -0.0126
vn 0.9997 -0.0255 0.0025
vn 0.9994 -0.0354 0.0011
vn 0.9997 -0.0256 0.0026
vn 0.9994 -0.0322 0.0083
vn 0.9993 -0.0358 0.0108
vn 0.9996 -0.0265 0.0088
vn 0.9999 -0.0141 0.0012
vn 0.9999 -0.0135 -0.0016
vn 0.9998 -0.0202 0.0045
vn 0.9999 -0.0087 0.0057
vn 0.9999 -0.0165 0.0032
vn 0.9999 0.0135 -0.0067
vn 0.9999 0.0104 0.0012
vn 1.0000 -0.0063 -0.0007
vn 0.9998 0.0196 0.0021
vn 1.0000 0.0006 0.0096
vn 0.9999 -0.0002 0.0112
vn 0.9998 0.0187 0.0036
vn 0.9999 0.0161 0.0034
vn 0.9994 0.0351 -0.0032
vn 0.9998 0.0087 0.0180
vn 0.9994 0.0328 0.0074
vn 0.9996 0.0285 0.0070
vn 0.9978 0.0647 0.0152
vn 0.9995 0.0306 0.0120
vn 0.9987 0.0508 0.0009
vn 0.9986 0.0524 -0.0013
vn 0.9979 0.0642 -0.0004
vn 0.9981 0.0611 0.0022
vn 0.9960 0.0896 -0.0051
vn 0.9961 0.0878 -0.0041
vn 0.9956 0.0933 -0.0033
vn 0.9984 0.0566 -0.0069
vn 0.9964 0.0842 -0.0078
vn 0.9965 0.0835 -0.0065
vn 0.9989 0.0468 -0.0073
vn 0.9986 0.0528 -0.0022
vn 0.9970 0.0772 -0.0097
vn 0.9988 0.0483 -0.0100
vn 0.9967 0.0791 -0.0155
vn 0.9977 0.0667 -0.0092
vn 0.9955 0.0928 -0.0185
vn 0.9975 0.0688 -0.0190
vn 0.9955 0.0926 -0.0222
vn 0.9941 0.1073 -0.0162
vn 0.9934 0.1137 -0.0133
vn 0.9914 0.1304 -0.0149
vn 0.9940 0.1088 -0.0109
vn 0.9914 0.1302 -0.0149
vn 0.9922 0.1222 -0.0245
vn 0.9905 0.1372 -0.0094
vn 0.9887 0.1496 -0.0091
vn 0.9914 0.1300 -0.0149
vn 0.9910 0.1334 -0.0088
vn 0.9904 0.1374 -0.0117
vn 0.9939 0.1105 -0.0074
vn 0.9896 0.1437 -0.0054
vn 0.9941 0.1086 -0.0046
vn 0.9935 0.1139 -0.0060
vn 0.9892 0.1461 -0.0059
vn 0.9902 0.1399 0.0029
vn 0.9906 0.1369 0.0011
vn 0.9904 0.1379 0.0034
vn 0.9952 0.0845 0.0502
vn 0.9927 0.1150 0.0367
vn 0.9922 0.1238 0.0156
vn 0.9901 0.1360 0.0334
vn 0.9975 0.0707 0.0075
vn 0.9951 0.0939 0.0310
vn 0.9973 0.0727 0.0079
vn 0.9889 0.1441 0.0359
vn 0.9852 0.1629 0.0538
vn 0.9883 0.1454 0.0465
vn 0.9915 0.1126 0.0653
vn 0.9894 0.1350 0.0538
vn 0.9887 0.1353 0.0649
vn 0.9844 0.1636 0.0652
vn 0.9853 0.1549 0.0720
vn 0.9849 0.1553 0.0761
vn 0.9816 0.1827 0.0561
vn 0.9803 0.1838 0.0724
vn 0.9810 0.1801 0.0725
vn 0.9744 0.2128 0.0727
vn 0.9775 0.2009 0.0636
vn 0.9818 0.1713 0.0815
vn 0.9821 0.1709 0.0789
vn 0.9773 0.2012 0.0668
vn 0.9734 0.2199 0.0637
vn 0.9693 0.2396 0.0555
vn 0.9689 0.2399 0.0607
vn 0.9649 0.2540 0.0668
vn 0.9534 0.2955 0.0603
vn 0.9496 0.3086 0.0555
vn 0.9648 0.2541 0.0672
vn 0.9488 0.3087 0.0666
vn 0.9240 0.3785 0.0545
vn 0.9462 0.3174 0.0631
vn 0.9175 0.3929 0.0616
vn 0.9181 0.3932 0.0502
vn 0.9141 0.4011 0.0590
vn 0.9136 0.4009 0.0677
vn 0.9456 0.3175 0.0711
vn 0.9118 0.4048 0.0688
vn 0.9440 0.3208 0.0771
vn 0.9444 0.3207 0.0723
vn 0.9114 0.4046 0.0745
vn 0.9118 0.4037 0.0749
vn 0.9115 0.4035 0.0791
vn 0.9444 0.3188 0.0803
vn 0.9457 0.3146 0.0821
vn 0.9448 0.3188 0.0763
vn 0.9616 0.2620 0.0818
vn 0.9620 0.2617 0.0776
vn 0.9627 0.2584 0.0802
vn 0.9722 0.2198 0.0809
vn 0.9725 0.2194 0.0776
vn 0.9618 0.2629 0.0770
vn 0.9624 0.2613 0.0740
vn 0.9621 0.2626 0.0733
vn 0.9727 0.2200 0.0744
vn 0.9724 0.2203 0.0770
vn 0.9799 0.1847 0.0750
vn 0.9794 0.1870 0.0765
vn 0.9793 0.1872 0.0773
vn 0.9728 0.2192 0.0750
vn 0.9800 0.1845 0.0740
vn 0.9729 0.2190 0.0741
vn 0.9851 0.1543 0.0763
vn 0.9797 0.1855 0.0763
vn 0.9882 0.1326 0.0762
vn 0.9795 0.1858 0.0779
vn 0.9871 0.1407 0.0763
vn 0.9874 0.1393 0.0753
vn 0.9876 0.1362 0.0780
vn 0.9798 0.1838 0.0795
vn 0.9881 0.1329 0.0772
vn 0.9800 0.1833 0.0770
vn 0.9879 0.1355 0.0750
vn 0.9882 0.1327 0.0763
vn 0.9892 0.1272 0.0728
vn 0.9949 0.0720 0.0712
vn 0.9942 0.0770 0.0746
vn 0.9951 0.0673 0.0723
vn 0.9951 0.0714 0.0686
vn 0.9876 0.1301 0.0876
vn 0.9917 0.1075 0.0705
vn 0.9965 0.0463 0.0699
vn 0.9964 0.0637 0.0561
vn 0.9982 -0.0250 0.0544
vn 0.9936 -0.1076 0.0337
vn 0.9947 -0.0941 0.0419
vn 0.9990 -0.0106 0.0441
vn 0.9980 -0.0015 0.0633
vn 0.9946 -0.0847 0.0605
vn 0.9943 -0.0909 0.0558
vn 0.9977 -0.0053 0.0670
vn 0.9944 -0.0841 0.0632
vn 0.9950 -0.0802 0.0591
vn 0.9831 -0.1748 0.0548
vn 0.9831 -0.1754 0.0519
vn 0.9822 -0.1818 0.0467
vn 0.9595 -0.2788 0.0410
vn 0.9842 -0.1698 0.0495
vn 0.9632 -0.2653 0.0441
vn 0.9612 -0.2735 0.0371
vn 0.9611 -0.2738 0.0355
vn 0.9236 -0.3824 0.0280
vn 0.9232 -0.3839 0.0177
vn 0.9593 -0.2805 0.0319
vn 0.9207 -0.3895 0.0242
vn 0.8715 -0.4903 0.0095
vn 0.8674 -0.4977 0.0013
vn 0.8672 -0.4979 -0.0017
vn 0.8641 -0.5032 0.0043
vn 0.9174 -0.3978 0.0119
vn 0.9206 -0.3900 0.0208
vn 0.9548 -0.2959 0.0280
vn -0.9544 0.2972 -0.0290
vn -0.9576 0.2847 -0.0438
vn -0.9854 0.1616 -0.0531
vn -0.9575 0.2858 -0.0378
vn -0.9847 0.1684 -0.0443
vn -0.9592 0.2796 -0.0425
vn -0.9590 0.2814 -0.0329
vn -0.9813 0.1899 -0.0322
vn -0.9813 0.1866 -0.0477
vn -0.9610 0.2740 -0.0365
vn -0.9611 0.2737 -0.0379
vn -0.9824 0.1782 -0.0559
vn -0.9836 0.1731 -0.0505
vn -0.9633 0.2645 -0.0457
vn -0.9824 0.1786 -0.0540
vn -0.9835 0.1717 -0.0562
vn -0.9848 0.1661 -0.0501
vn -0.9632 0.2659 -0.0388
vn -0.9652 0.2576 -0.0457
vn -0.9652 0.2579 -0.0441
vn -0.9849 0.1666 -0.0480
vn -0.9671 0.2516 -0.0368
vn -0.9672 0.2499 -0.0447
vn -0.9860 0.1595 -0.0483
vn -0.9859 0.1579 -0.0548
vn -0.9872 0.1491 -0.0565
vn -0.9871 0.1482 -0.0598
vn -0.9691 0.2437 -0.0374
vn -0.9691 0.2434 -0.0386
vn -0.9886 0.1412 -0.0515
vn -0.9715 0.2323 -0.0478
vn -0.9416 0.3350 -0.0350
vn -0.9714 0.2337 -0.0420
vn -0.9449 0.3250 -0.0382
vn -0.9413 0.3363 -0.0283
vn -0.9490 0.3138 -0.0318
vn -0.9036 0.4275 -0.0274
vn -0.9451 0.3240 -0.0437
vn -0.8985 0.4387 -0.0165
vn -0.8950 0.4453 -0.0247
vn -0.8947 0.4464 -0.0158
vn -0.8695 0.4938 -0.0153
vn -0.8340 0.5512 0.0257
vn -0.8369 0.5472 -0.0131
vn -0.8141 0.5807 -0.0000
vn -0.8332 0.5528 -0.0097
vn -0.8359 0.5487 -0.0117
vn -0.6663 -0.0000 -0.7457
vn -0.8543 0.5196 0.0097
vn -0.8496 0.5272 0.0136
vn -0.8831 0.4692 -0.0000
vn -0.8519 0.5236 0.0125
vn -0.9061 0.4229 0.0078
vn -0.9222 0.3867 0.0071
vn -0.9234 0.3837 0.0050
vn -0.9234 0.3839 0.0062
vn -0.9246 0.3807 0.0089
vn -0.9493 0.3143 0.0051
vn -0.9498 0.3128 0.0063
vn -0.9247 0.3806 0.0076
vn -0.9241 0.3820 0.0090
vn -0.9497 0.3130 0.0073
vn -0.9256 0.3785 0.0094
vn -0.9257 0.3781 0.0070
vn -0.9507 0.3099 0.0053
vn -0.9503 0.3110 0.0121
vn -0.9219 0.3870 0.0151
vn -0.9517 0.3069 0.0084
vn 0.0263 -0.9996 -0.0143
vn 0.0198 -0.9997 -0.0143
vn 0.0199 -0.9997 -0.0143
vn 0.0197 -0.9997 -0.0138
vn 0.0197 -0.9997 -0.0114
vn 0.0199 -0.9997 -0.0114
vn 0.2547 -0.9670 -0.0111
vn 0.2482 -0.9687 -0.0116
vn 0.2486 -0.9686 -0.0063
vn 0.0199 -0.9998 -0.0065
vn 0.2488 -0.9685 -0.0030
vn 0.6600 -0.7513 -0.0024
vn 0.6596 -0.7516 -0.0049
vn 0.9258 -0.3780 -0.0012
vn 0.9256 -0.3784 -0.0025
vn 0.9257 -0.3784 -0.0025
vn 0.9947 -0.1031 -0.0007
vn 0.9944 -0.1054 -0.0002
vn 0.9268 -0.3755 -0.0009
vn 0.9943 -0.1069 -0.0003
vn 1.0000 -0.0001 -0.0000
vn 0.9946 -0.1034 -0.0000
vn 0.9946 -0.1039 -0.0000
vn 0.9260 -0.3775 0.0010
vn 0.9945 -0.1047 0.0003
vn 0.9225 -0.3859 -0.0000
vn 0.9262 -0.3770 0.0028
vn 0.6612 -0.7502 0.0055
vn 0.6606 -0.7507 0.0017
vn 0.6606 -0.7508 0.0017
vn 0.9280 -0.3726 0.0008
vn 0.6603 -0.7510 -0.0000
vn 0.6741 -0.7386 -0.0008
vn 0.6603 -0.7510 -0.0003
vn 0.9248 -0.3804 -0.0001
vn 0.2555 -0.9668 -0.0010
vn 0.2554 -0.9668 -0.0010
vn 0.2555 -0.9668 -0.0000
vn 0.0198 -0.9998 -0.0010
vn 0.0198 -0.9998 -0.0000
vn 0.0198 -0.9998 0.0028
vn 0.2492 -0.9684 0.0027
vn 0.2557 -0.9668 0.0021
vn -0.2998 -0.9540 -0.0000
vn -0.7763 -0.6303 -0.0007
vn -0.7678 -0.6407 -0.0000
vn -0.2998 -0.9540 -0.0010
vn -0.7677 -0.6408 -0.0002
vn -0.7675 -0.6410 -0.0020
vn -0.2996 -0.9540 -0.0030
vn -0.2996 -0.9541 -0.0030
vn -0.2994 -0.9541 -0.0062
vn 0.0263 -0.9996 -0.0065
vn 0.0197 -0.9998 -0.0070
vn 0.0197 -0.9998 -0.0031
vn 0.0198 -0.9998 -0.0031
vn 0.0265 -0.9996 -0.0070
vn 0.0265 -0.9996 -0.0037
vn -0.2990 -0.9542 -0.0115
vn 0.0263 -0.9996 -0.0120
vn -0.3052 -0.9522 -0.0109
vn -0.3055 -0.9522 -0.0067
vn -0.2988 -0.9542 -0.0137
vn -0.7667 -0.6419 -0.0092
vn -0.7669 -0.6417 -0.0073
vn -0.7677 -0.6407 -0.0093
vn -0.9612 -0.2760 -0.0040
vn -0.9598 -0.2808 -0.0032
vn -0.9978 -0.0665 -0.0009
vn -0.9974 -0.0717 -0.0005
vn -0.9600 -0.2801 -0.0037
vn -0.9601 -0.2796 -0.0018
vn -0.9598 -0.2805 -0.0020
vn -0.9602 -0.2794 -0.0009
vn -0.7673 -0.6413 -0.0045
vn -0.9972 -0.0741 -0.0002
vn -0.9607 -0.2775 -0.0006
vn -0.9597 -0.2810 -0.0000
vn -0.9973 -0.0741 0.0001
vn -1.0000 0.0003 -0.0000
vn -0.9976 -0.0687 0.0005
vn -0.9604 -0.2788 0.0022
vn -0.9602 -0.2791 0.0003
vn -0.9601 -0.2797 0.0021
vn -0.9981 -0.0618 0.0009
vn -0.9602 -0.2793 0.0042
vn -0.7694 -0.6386 0.0159
vn -0.9604 -0.2787 0.0069
vn -0.7710 -0.6368 0.0095
vn -0.7688 -0.6394 0.0099
vn -0.3074 -0.9513 0.0237
vn -0.3015 -0.9532 0.0243
vn -0.7699 -0.6379 0.0207
vn -0.3019 -0.9528 0.0310
vn 0.0263 -0.9993 0.0254
vn 0.0198 -0.9995 0.0249
vn 0.0197 -0.9993 0.0325
vn -0.3017 -0.9529 0.0310
vn 0.0265 -0.9991 0.0325
vn 0.0198 -0.9993 0.0331
vn 0.2511 -0.9674 0.0320
vn 0.0265 -0.9989 0.0381
vn 0.2513 -0.9672 0.0364
vn 0.0199 -0.9991 0.0376
vn 0.2515 -0.9672 0.0364
vn 0.0263 -0.9989 0.0376
vn 0.0263 -0.9989 0.0395
vn 0.0199 -0.9990 0.0395
vn 0.0197 -0.9991 0.0381
vn 0.2514 -0.9671 0.0382
vn 0.2578 -0.9655 0.0376
vn 0.2579 -0.9654 0.0387
vn 0.2517 -0.9671 0.0383
vn 0.6644 -0.7468 0.0291
vn 0.6645 -0.7466 0.0300
vn 0.9267 -0.3754 0.0146
vn 0.9268 -0.3753 0.0151
vn 0.6643 -0.7469 0.0283
vn 0.9255 -0.3784 0.0144
vn 0.6644 -0.7469 0.0278
vn 0.9268 -0.3754 0.0140
vn 0.9257 -0.3780 0.0144
vn 0.6645 -0.7468 0.0283
vn 0.9938 -0.1111 0.0039
vn 0.9267 -0.3756 0.0133
vn 0.9948 -0.1014 0.0039
vn 0.9937 -0.1117 0.0039
vn 0.9964 -0.0843 0.0021
vn 0.9946 -0.1037 0.0026
vn 0.9949 -0.1005 0.0039
vn 0.9964 -0.0845 0.0016
vn 0.9960 -0.0890 0.0031
vn 0.9946 -0.1035 0.0034
vn 0.9946 -0.1040 0.0026
vn 0.9269 -0.3753 0.0093
vn 0.9272 -0.3745 0.0124
vn 0.9272 -0.3744 0.0124
vn 0.9273 -0.3740 0.0141
vn 0.6638 -0.7475 0.0247
vn 0.6643 -0.7469 0.0281
vn 0.6639 -0.7475 0.0247
vn 0.2506 -0.9678 0.0241
vn 0.6630 -0.7484 0.0186
vn 0.2508 -0.9678 0.0241
vn 0.2513 -0.9674 0.0320
vn 0.0199 -0.9995 0.0249
vn 0.0199 -0.9997 0.0149
vn 0.2500 -0.9681 0.0144
vn 0.2495 -0.9683 0.0071
vn 0.0265 -0.9996 0.0073
vn 0.0264 -0.9996 0.0073
vn 0.0264 -0.9995 0.0155
vn 0.6620 -0.7494 0.0112
vn 0.9265 -0.3762 0.0056
vn 0.9269 -0.3752 0.0093
vn 0.9945 -0.1046 0.0008
vn 0.9949 -0.1004 0.0015
vn 0.0198 -0.9998 0.0073
vn 0.0198 -0.9997 0.0155
vn 0.0197 -0.9998 0.0073
vn 0.0197 -0.9998 0.0022
vn -0.3003 -0.9538 0.0070
vn -0.3000 -0.9539 0.0021
vn -0.7705 -0.6374 0.0047
vn -0.7683 -0.6401 0.0051
vn -0.7679 -0.6405 0.0014
vn -0.7679 -0.6406 0.0014
vn -0.3007 -0.9536 0.0142
vn 0.0263 -0.9995 0.0149
vn 0.0265 -0.9996 0.0022
vn 0.0198 -0.9998 0.0022
vn 0.9945 -0.1045 0.0012
vn 0.9284 -0.3712 0.0143
vn 0.9881 -0.1535 0.0038
vn 0.9876 -0.1567 0.0028
vn 0.9956 -0.0932 0.0029
vn 0.9863 -0.1650 0.0056
vn 0.9876 -0.1570 0.0019
vn 0.9962 -0.0873 0.0035
vn 0.9936 -0.1132 0.0038
vn 0.9953 -0.0969 0.0039
vn 0.9954 -0.0961 0.0037
vn 0.9949 -0.1004 0.0039
vn 0.9954 -0.0958 0.0023
vn 0.9949 -0.1009 0.0022
vn 0.9848 -0.1736 0.0054
vn 0.9822 -0.1879 0.0010
vn 0.9824 -0.1868 0.0055
vn 0.9546 -0.2980 0.0051
vn 0.9526 -0.3041 0.0054
vn 0.9540 -0.2999 -0.0039
vn 0.9797 -0.2003 0.0015
vn 0.9601 -0.2797 0.0046
vn 0.9415 -0.3371 0.0066
vn 0.9410 -0.3383 0.0009
vn 0.9361 -0.3517 0.0079
vn 0.9770 -0.2129 0.0067
vn 0.9769 -0.2139 0.0030
vn 0.9746 -0.2237 0.0068
vn 0.9734 -0.2291 0.0056
vn 0.9362 -0.3513 0.0097
vn 0.9330 -0.3596 0.0145
vn 0.9724 -0.2330 0.0102
vn 0.9737 -0.2274 0.0115
vn 0.9324 -0.3613 0.0063
vn 0.9313 -0.3640 0.0130
vn 0.8761 -0.4821 0.0106
vn 0.8763 -0.4816 0.0140
vn 0.8734 -0.4867 0.0172
vn 0.9316 -0.3628 0.0241
vn 0.9320 -0.3617 0.0245
vn 0.8739 -0.4853 0.0285
vn 0.9324 -0.3585 0.0454
vn 0.9325 -0.3583 0.0455
vn 0.8730 -0.4869 0.0276
vn 0.8734 -0.4843 0.0505
vn 0.8425 -0.5361 0.0527
vn 0.8428 -0.5376 0.0261
vn 0.8736 -0.4840 0.0507
vn 0.8457 -0.5329 0.0292
vn 0.8452 -0.5342 0.0158
vn 0.8365 -0.5480 0.0083
vn 0.8404 -0.5418 0.0124
vn 0.8486 -0.5290 0.0119
vn 0.8321 -0.5540 0.0268
vn 0.8369 -0.5470 0.0205
vn 0.8396 -0.5427 0.0229
vn 0.8396 -0.5429 0.0202
vn 0.8316 -0.5537 0.0427
vn 0.8267 -0.5610 0.0432
vn 0.8193 -0.5622 0.1124
vn 0.8265 -0.5607 0.0504
vn 0.8160 -0.5682 0.1056
vn 0.8177 -0.5658 0.1057
vn 0.7822 -0.5628 0.2671
vn 0.8361 -0.5371 0.1116
vn 0.8346 -0.5388 0.1147
vn 0.8082 -0.5251 0.2666
vn 0.6163 -0.4111 0.6716
vn 0.8089 -0.5248 0.2651
vn 0.5684 -0.4681 0.6767
vn 0.6141 -0.4089 0.6750
vn 0.5656 -0.4673 0.6795
vn 0.7821 -0.5623 0.2685
vn 0.6769 -0.3228 0.6615
vn 0.0408 0.0558 0.9976
vn -0.0127 -0.0158 0.9998
vn 0.0434 0.0538 0.9976
vn -0.0130 -0.0157 0.9998
vn -0.6586 0.3622 0.6596
vn -0.6393 0.3902 0.6626
vn -0.0657 -0.0793 0.9947
vn -0.6506 0.3517 0.6730
vn -0.0648 -0.0797 0.9947
vn -0.1187 -0.1460 0.9821
vn -0.1150 -0.1490 0.9821
vn -0.6824 0.3075 0.6632
vn -0.1743 -0.2258 0.9585
vn -0.7100 0.1948 0.6767
vn -0.6567 0.2699 0.7042
vn -0.6120 0.1187 0.7819
vn -0.6844 0.0143 0.7290
vn -0.8684 0.3346 0.3660
vn -0.8527 0.4363 0.2874
vn -0.8529 0.3602 0.3779
vn -0.8239 0.4797 0.3020
vn -0.8368 0.4831 0.2576
vn -0.8667 0.4681 0.1724
vn -0.8417 0.5037 0.1943
vn -0.4100 0.1534 0.8991
vn -0.5074 0.4064 0.7599
vn -0.8246 0.5127 0.2392
vn -0.8164 0.5140 0.2632
vn -0.8448 0.5289 0.0813
vn -0.8455 0.5274 0.0836
vn -0.8244 0.5129 0.2392
vn -0.9913 -0.1137 0.0660
vn -0.8727 0.4815 0.0814
vn -0.8461 0.4797 0.2326
vn -0.8728 0.4811 0.0820
vn -0.8244 0.5159 0.2330
vn -0.6385 0.4013 0.6567
vn -0.6447 0.3922 0.6562
vn -0.6406 0.4016 0.6545
vn -0.8461 0.4806 0.2305
vn -0.8939 0.3853 0.2291
vn -0.6579 0.3743 0.6535
vn -0.6651 0.3782 0.6439
vn -0.7397 0.2178 0.6367
vn -0.8953 0.3837 0.2263
vn -0.9448 0.2391 0.2238
vn -0.7363 0.2156 0.6413
vn -0.9432 0.2417 0.2279
vn -0.9765 0.0090 0.2153
vn -0.7792 -0.1856 0.5986
vn -0.8011 -0.1825 0.5700
vn -0.9761 0.0064 0.2171
vn -0.9874 -0.1363 0.0802
vn -0.9900 -0.1188 0.0761
vn -0.9457 -0.2779 0.1686
vn -0.9940 0.0660 0.0872
vn -0.9954 -0.0887 0.0375
vn -0.9958 0.0868 0.0289
vn -0.9958 0.0869 0.0290
vn -0.9939 0.0689 0.0858
vn -0.9671 0.2393 0.0857
vn -0.9719 0.2340 0.0246
vn -0.9680 0.2366 0.0835
vn -0.9260 0.3683 0.0827
vn -0.9259 0.3688 0.0821
vn -0.9722 0.2328 0.0253
vn -0.9328 0.3597 0.0228
vn -0.9332 0.3586 0.0222
vn -0.9351 0.3544 0.0024
vn -0.9742 0.2255 0.0061
vn -0.9347 0.3555 0.0029
vn -0.9733 0.2296 0.0042
vn -0.8806 0.4738 -0.0006
vn -0.8810 0.4730 -0.0087
vn -0.9355 0.3532 -0.0048
vn -0.8839 0.4676 -0.0051
vn -0.9363 0.3511 -0.0056
vn -0.8842 0.4670 -0.0096
vn -0.8889 0.4581 -0.0037
vn -0.8882 0.4593 0.0052
vn -0.8975 0.4411 -0.0047
vn -0.9445 0.3285 -0.0006
vn -0.9403 0.3404 -0.0076
vn -0.9377 0.3475 -0.0063
vn -0.9403 0.3401 -0.0092
vn -0.9768 0.2143 -0.0067
vn -0.9785 0.2061 -0.0029
vn -0.9756 0.2194 -0.0051
vn -0.9967 0.0809 0.0012
vn -0.9968 0.0799 -0.0027
vn -0.9970 0.0778 -0.0020
vn -0.9755 0.2198 -0.0035
vn -1.0000 -0.0003 -0.0000
vn -0.9972 0.0753 -0.0026
vn -0.9971 0.0756 -0.0012
vn -0.9975 0.0704 -0.0026
vn -0.9978 0.0662 -0.0009
vn -1.0000 -0.0001 -0.0000
vn -0.9978 0.0659 -0.0026
vn -0.9981 0.0624 -0.0010
vn -0.9846 0.1748 -0.0055
vn -0.9826 0.1854 -0.0054
vn -0.9825 0.1863 -0.0009
vn -0.9856 0.1689 -0.0021
vn -0.9605 0.2783 -0.0064
vn -0.9604 0.2787 -0.0046
vn -0.9554 0.2954 0.0037
vn -0.9179 0.3968 -0.0004
vn -0.9263 0.3767 0.0091
vn -0.9257 0.3778 0.0160
vn -0.9637 0.2669 0.0017
vn -0.9337 0.3582 -0.0021
vn -0.9165 0.3996 0.0168
vn -0.8785 0.4776 0.0134
vn -0.8900 0.4558 0.0125
vn -0.8882 0.4584 0.0319
vn -0.8786 0.4773 0.0115
vn -0.8663 0.4988 0.0259
vn -0.9707 0.2376 0.0362
vn -0.9720 0.2315 0.0411
vn -0.9727 0.2307 0.0252
vn -0.9706 0.2377 0.0389
vn -0.9877 0.1561 -0.0000
vn -0.9196 0.3929 -0.0000
vn -0.8621 0.5065 0.0150
vn -0.8693 0.4941 0.0105
vn -0.8920 0.4521 -0.0000
vn -0.8622 0.5063 0.0149
vn -0.8987 0.4383 0.0169
vn -0.8494 0.5278 -0.0040
vn -0.8556 0.5176 -0.0003
vn -0.8628 0.5055 0.0092
vn -0.9492 0.3146 -0.0000
vn -0.9523 0.3052 -0.0059
vn -0.9518 0.3066 -0.0006
vn -0.9535 0.3012 -0.0037
vn -0.9785 0.2064 -0.0040
vn -0.9783 0.2071 -0.0072
vn -0.9782 0.2077 -0.0052
vn -0.9915 0.1299 0.0040
vn -0.9783 0.2074 0.0049
vn -0.9777 0.2098 0.0063
vn -0.9919 0.1266 -0.0069
vn -0.9919 0.1271 0.0024
vn -0.9975 0.0713 0.0009
vn -0.9973 0.0735 -0.0008
vn -0.9974 0.0714 -0.0108
vn -0.9916 0.1288 -0.0087
vn -0.9974 0.0710 -0.0105
vn -0.9974 0.0693 -0.0189
vn -0.9918 0.1271 -0.0143
vn -0.9915 0.1293 -0.0162
vn -0.9974 0.0700 -0.0195
vn -0.9973 0.0690 -0.0251
vn -0.9916 0.1277 -0.0222
vn -0.9971 0.0707 -0.0266
vn -0.9970 0.0695 -0.0330
vn -0.9906 0.1361 -0.0164
vn -0.9907 0.1327 -0.0296
vn -0.9772 0.2119 -0.0138
vn -0.9744 0.2248 -0.0050
vn -0.9750 0.2217 -0.0174
vn -0.9892 0.1450 -0.0206
vn -0.9711 0.2385 -0.0089
vn -0.9676 0.2515 -0.0227
vn -0.9709 0.2395 -0.0045
vn -0.9893 0.1433 -0.0276
vn -0.9673 0.2533 -0.0146
vn -0.9631 0.2674 -0.0299
vn -0.9876 0.1531 -0.0356
vn -0.9876 0.1526 -0.0373
vn -0.9962 0.0763 -0.0418
vn -0.9854 0.1636 -0.0469
vn -0.9952 0.0825 -0.0518
vn -0.9956 0.0727 -0.0596
vn -0.9935 0.0879 -0.0720
vn -0.9969 0.0201 -0.0764
vn -0.9978 0.0221 -0.0624
vn -0.9948 0.0798 -0.0638
vn -0.9978 0.0227 -0.0629
vn -0.9985 0.0265 -0.0476
vn -0.9988 0.0074 -0.0490
vn -0.9991 -0.0042 -0.0412
vn -0.9979 -0.0026 -0.0641
vn -0.9985 0.0240 -0.0498
vn -0.9990 0.0272 -0.0356
vn -0.9988 0.0305 -0.0382
vn -0.9965 0.0700 -0.0467
vn -0.9968 0.0721 -0.0354
vn -0.9992 0.0308 -0.0260
vn -0.9995 0.0149 -0.0277
vn -0.9995 0.0148 -0.0272
vn -0.9993 0.0056 -0.0372
vn -0.9997 0.0212 -0.0147
vn -0.9994 0.0296 -0.0199
vn -0.9991 0.0378 -0.0193
vn -0.9992 0.0349 -0.0217
vn -0.9996 0.0222 -0.0194
vn -0.9990 0.0347 -0.0289
vn -0.9999 0.0068 -0.0088
vn -0.9997 0.0177 -0.0150
vn -0.9999 0.0077 -0.0111
vn -0.9998 -0.0009 -0.0213
vn -0.9999 -0.0054 -0.0122
vn -0.9998 -0.0023 -0.0175
vn -0.9997 -0.0156 -0.0185
vn -0.9997 -0.0233 -0.0040
vn -1.0000 0.0002 -0.0006
vn -0.9999 -0.0064 -0.0102
vn -0.9997 -0.0255 -0.0042
vn -0.9997 -0.0259 -0.0034
vn -1.0000 0.0026 -0.0069
vn -0.9998 -0.0176 -0.0036
vn -0.9998 -0.0207 0.0038
vn -1.0000 0.0070 -0.0007
vn -0.9997 0.0211 -0.0097
vn -0.9998 0.0203 -0.0035
vn -0.9999 0.0150 -0.0056
vn -1.0000 0.0072 -0.0018
vn -0.9999 0.0102 -0.0042
vn -0.9999 -0.0088 -0.0086
vn -1.0000 -0.0092 -0.0035
vn -0.9999 -0.0098 -0.0076
vn -0.9999 0.0103 -0.0067
vn -0.9999 -0.0103 -0.0129
vn -0.9999 -0.0056 -0.0131
vn -1.0000 0.0075 -0.0044
vn -1.0000 0.0076 -0.0038
vn -0.9998 -0.0164 -0.0111
vn -0.9996 -0.0188 -0.0203
vn -1.0000 -0.0006 0.0010
vn -0.9996 -0.0246 -0.0103
vn -0.9991 -0.0350 -0.0230
vn -0.9992 -0.0403 0.0008
vn -0.9998 -0.0201 -0.0020
vn -0.9994 -0.0316 -0.0159
vn -0.9985 -0.0495 -0.0233
vn -0.9989 -0.0453 -0.0149
vn -0.9975 -0.0659 -0.0267
vn -0.9977 -0.0620 -0.0270
vn -0.9973 -0.0651 -0.0329
vn -0.9986 -0.0445 -0.0302
vn -0.9989 -0.0424 -0.0222
vn -0.9974 -0.0643 -0.0335
vn -0.9975 -0.0638 -0.0291
vn -0.9989 -0.0405 -0.0243
vn -0.9975 -0.0654 -0.0279
vn -0.9978 -0.0650 -0.0126
vn -0.9975 -0.0684 -0.0172
vn -0.9991 -0.0398 -0.0121
vn -0.9991 -0.0395 -0.0124
vn -0.9971 -0.0754 -0.0064
vn -0.9992 -0.0404 -0.0018
vn -0.9976 -0.0695 0.0009
vn -0.9964 -0.0846 0.0067
vn -0.9931 -0.1171 0.0060
vn -0.9971 -0.0765 0.0016
vn -0.9945 -0.1033 0.0146
vn -0.9947 -0.1027 0.0037
vn -0.9955 -0.0949 -0.0016
vn -0.9955 -0.0937 -0.0133
vn -0.9947 -0.1026 -0.0108
vn -0.9945 -0.1049 0.0035
vn -0.9955 -0.0939 -0.0134
vn -0.9961 -0.0867 -0.0173
vn -0.9956 -0.0873 -0.0325
vn -0.9964 -0.0801 -0.0290
vn -0.9959 -0.0840 -0.0343
vn -0.9963 -0.0770 -0.0395
vn -0.9969 -0.0719 -0.0307
vn -0.9972 -0.0695 -0.0289
vn -0.9968 -0.0773 -0.0193
vn -0.9991 -0.0398 0.0116
vn -0.9995 -0.0324 0.0054
vn -0.9997 -0.0099 0.0241
vn -0.9980 -0.0611 -0.0140
vn -0.9994 -0.0197 0.0270
vn -0.9980 -0.0625 -0.0134
vn -0.9992 -0.0146 0.0378
vn -0.9982 -0.0592 -0.0045
vn -0.9988 -0.0479 -0.0064
vn -0.9991 -0.0187 0.0381
vn -0.9989 -0.0175 0.0437
vn -0.9956 0.0308 0.0882
vn -0.9959 0.0370 0.0821
vn -0.9952 0.0414 0.0887
vn -0.9806 0.1223 0.1532
vn -0.9958 0.0302 0.0867
vn -0.9854 0.0948 0.1416
vn -0.9822 0.1112 0.1514
vn -0.9766 0.1400 0.1635
vn -0.9205 0.2814 0.2710
vn -0.9571 0.1926 0.2166
vn -0.9191 0.2854 0.2716
vn -0.8928 0.3445 0.2902
vn -0.9017 0.3194 0.2914
vn -0.8854 0.3555 0.2995
vn -0.9744 0.1549 0.1630
vn -0.9758 0.1614 0.1476
vn -0.9773 0.1455 0.1537
vn -0.8732 0.3952 0.2852
vn -0.8886 0.3721 0.2684
vn -0.8771 0.4304 0.2133
vn -0.9928 0.0866 0.0826
vn -0.9838 0.1521 0.0946
vn -0.9844 0.1280 0.1205
vn -0.9939 0.0991 0.0484
vn -0.9971 0.0565 0.0514
vn -0.9197 0.3781 0.1055
vn -0.9201 0.3411 0.1923
vn -0.6530 0.6859 0.3211
vn -0.9524 0.2864 0.1045
vn -0.7291 0.6626 0.1717
vn -0.6488 0.7350 0.1972
vn -0.3008 0.9255 0.2304
vn -0.3049 0.8683 0.3913
vn -0.5682 0.7434 0.3528
vn -0.3644 0.9047 0.2206
vn -0.1122 0.9909 0.0747
vn -0.1306 0.9887 0.0731
vn -0.0775 0.9703 0.2291
vn -0.3694 0.9264 0.0730
vn -0.4146 0.9065 0.0791
vn -0.1105 0.9659 0.2343
vn -0.0000 0.9975 0.0705
vn 0.0066 0.9974 0.0711
vn 0.0064 0.9728 0.2316
vn 0.0193 0.9732 0.2292
vn 0.0258 0.9721 0.2332
vn 0.0181 0.9124 0.4089
vn 0.0242 0.9124 0.4086
vn 0.1320 0.9062 0.4018
vn 0.1320 0.9653 0.2254
vn 0.0423 0.9114 0.4095
vn 0.1365 0.9646 0.2256
vn 0.1983 0.8400 0.5051
vn 0.1540 0.8435 0.5146
vn 0.1531 0.9029 0.4017
vn 0.0395 0.8520 0.5220
vn 0.3861 0.7937 0.4700
vn 0.3785 0.8507 0.3647
vn 0.0454 0.8563 0.5144
vn 0.0848 0.8533 0.5145
vn 0.0910 0.8530 0.5139
vn 0.0484 0.9136 0.4036
vn 0.0872 0.8179 0.5688
vn 0.1362 0.8170 0.5603
vn 0.0817 0.8228 0.5624
vn 0.0154 0.8041 0.5943
vn 0.0222 0.8237 0.5666
vn 0.1331 0.7983 0.5873
vn 0.1869 0.7954 0.5765
vn 0.1806 0.7916 0.5838
vn 0.1789 0.7843 0.5941
vn 0.1841 0.7837 0.5933
vn 0.2255 0.7760 0.5891
vn 0.2251 0.7747 0.5909
vn 0.2438 0.7729 0.5858
vn 0.2193 0.7779 0.5889
vn 0.2454 0.7726 0.5855
vn 0.2200 0.7807 0.5849
vn 0.1514 0.7856 0.5999
vn 0.1021 0.7912 0.6030
vn 0.1027 0.7941 0.5991
vn 0.0566 0.7934 0.6060
vn -0.2321 0.7675 0.5976
vn -0.1823 0.7754 0.6046
vn -0.2288 0.7771 0.5863
vn 0.0601 0.8060 0.5888
vn -0.6479 0.5850 0.4879
vn -0.2440 0.7743 0.5839
vn -0.6546 0.5891 0.4737
vn -0.6649 0.5737 0.4783
vn -0.6008 0.6418 0.4766
vn -0.2309 0.7961 0.5594
vn -0.6131 0.6330 0.4726
vn -0.6328 0.6032 0.4855
vn -0.5744 0.6886 0.4425
vn -0.2401 0.7936 0.5591
vn -0.5904 0.6775 0.4386
vn -0.2193 0.8326 0.5086
vn -0.2555 0.8224 0.5082
vn -0.0136 0.8243 0.5660
vn -0.0458 0.8557 0.5154
vn -0.0052 0.8559 0.5172
vn -0.0376 0.9142 0.4035
vn -0.2392 0.8838 0.4022
vn -0.0809 0.7907 0.6069
vn -0.6465 0.5819 0.4934
vn -0.1825 0.7715 0.6095
vn -0.4904 0.6859 0.5377
vn -0.4704 0.6799 0.5626
vn -0.0819 0.7814 0.6186
vn 0.0190 0.7925 0.6095
vn 0.1872 0.7728 0.6063
vn 0.2030 0.7718 0.6025
vn 0.1509 0.7837 0.6025
vn 0.0341 0.7823 0.6220
vn 0.0139 0.7831 0.6218
vn 0.1891 0.7778 0.5994
vn 0.2050 0.7642 0.6115
vn 0.0271 0.7767 0.6292
vn 0.0277 0.7767 0.6292
vn 0.1986 0.7647 0.6130
vn 0.1994 0.7573 0.6218
vn 0.2120 0.7542 0.6215
vn 0.2598 0.7453 0.6140
vn 0.2630 0.7542 0.6017
vn 0.2726 0.7413 0.6133
vn 0.2606 0.7431 0.6164
vn 0.2690 0.7421 0.6139
vn 0.2642 0.7534 0.6022
vn 0.2614 0.7541 0.6024
vn 0.2583 0.7547 0.6031
vn 0.2608 0.7619 0.5928
vn 0.2575 0.7623 0.5938
vn 0.2637 0.7607 0.5932
vn 0.2559 0.7626 0.5941
vn 0.2574 0.7670 0.5877
vn 0.2590 0.7667 0.5874
vn 0.2441 0.7685 0.5915
vn 0.3193 0.7539 0.5742
vn 0.3181 0.7495 0.5805
vn 0.5392 0.6801 0.4968
vn 0.3416 0.7498 0.5666
vn 0.4798 0.7094 0.5163
vn 0.3238 0.7478 0.5796
vn 0.4584 0.7076 0.5378
vn 0.4788 0.7012 0.5283
vn 0.6763 0.5975 0.4309
vn 0.6905 0.5887 0.4203
vn 0.6920 0.5994 0.4024
vn 0.7607 0.5385 0.3624
vn 0.9013 0.3680 0.2283
vn 0.9024 0.3732 0.2156
vn 0.8978 0.3742 0.2324
vn 0.9862 0.1572 0.0516
vn 0.9861 0.1616 0.0395
vn 0.9493 0.2854 0.1315
vn 0.9817 0.1787 0.0655
vn 0.9975 0.0641 -0.0305
vn 0.9971 0.0661 -0.0369
vn 0.9923 0.1236 0.0054
vn 0.9985 0.0179 -0.0516
vn 0.9983 0.0167 -0.0564
vn 0.9898 0.1334 0.0503
vn 0.9886 0.1404 0.0550
vn 0.9154 0.3347 0.2236
vn 0.9239 0.3147 0.2178
vn 0.9900 0.1272 0.0606
vn 0.9920 0.1178 0.0450
vn 0.9969 -0.0498 -0.0607
vn 0.9988 0.0090 -0.0476
vn 0.9960 0.0785 0.0415
vn 0.9979 -0.0160 -0.0621
vn 0.9995 0.0026 -0.0325
vn 0.9999 -0.0042 -0.0123
vn 0.9962 0.0781 0.0396
vn 0.9999 0.0155 0.0047
vn 0.9336 0.2744 0.2305
vn 0.9392 0.2680 0.2145
vn 0.9892 0.0923 0.1137
vn 0.9731 0.1562 0.1694
vn 0.8185 0.3718 0.4380
vn 0.7100 0.5252 0.4691
vn 0.8401 0.3636 0.4027
vn 0.7387 0.4999 0.4520
vn 0.5514 0.5552 0.6226
vn 0.4939 0.6418 0.5867
vn 0.9282 0.1740 0.3288
vn 0.9460 0.1911 0.2617
vn 0.6021 0.5420 0.5863
vn 0.6729 0.4226 0.6071
vn 0.9557 0.1564 0.2492
vn 0.7675 0.3426 0.5418
vn 0.7380 0.4073 0.5380
vn 0.8423 0.2699 0.4666
vn 0.8935 0.1624 0.4186
vn 0.8585 0.2029 0.4710
vn 0.9807 0.0798 0.1787
vn 0.9797 0.0891 0.1794
vn 0.9895 -0.0371 0.1395
vn 0.9940 -0.0128 0.1091
vn 0.9032 -0.0103 0.4290
vn 0.9887 0.0464 0.1424
vn 0.9992 -0.0392 -0.0003
vn 1.0000 0.0025 0.0012
vn 0.9989 -0.0466 -0.0064
vn 0.9999 -0.0052 0.0120
vn 0.9983 -0.0220 -0.0534
vn 0.9973 -0.0499 -0.0544
vn 0.9941 -0.1084 -0.0011
vn 0.9935 -0.1141 -0.0043
vn 0.9959 -0.0642 -0.0635
vn 0.9920 -0.1110 -0.0607
vn 0.9548 -0.2952 -0.0349
vn 0.9584 -0.2824 -0.0422
vn 0.9686 -0.2459 0.0377
vn 0.9904 -0.1219 -0.0652
vn 0.9490 -0.3047 -0.0805
vn 0.9861 -0.1246 -0.1103
vn 0.9390 -0.3338 -0.0827
vn 0.9386 -0.3344 -0.0854
vn 0.9838 -0.1539 -0.0923
vn 0.9787 -0.1543 -0.1352
vn 0.8901 -0.4471 -0.0886
vn 0.8945 -0.4397 -0.0804
vn 0.9738 -0.2094 -0.0889
vn 0.9727 -0.2129 -0.0920
vn 0.9359 -0.3390 -0.0961
vn 0.9008 -0.4328 -0.0357
vn 0.8643 -0.4992 0.0610
vn 0.9733 -0.2081 -0.0971
vn 0.7043 -0.6604 0.2605
vn 0.6327 -0.6773 0.3755
vn 0.8408 -0.5397 0.0408
vn 0.6752 -0.7047 0.2178
vn 0.0425 -0.8269 0.5608
vn 0.1539 -0.8344 0.5292
vn 0.1477 -0.6831 0.7152
vn 0.7437 -0.6580 0.1179
vn 0.0407 -0.9519 0.3037
vn 0.7031 -0.7095 0.0481
vn 0.0210 -0.9503 0.3107
vn -0.0150 -0.9811 0.1927
vn 0.7296 -0.6828 0.0390
vn 0.7203 -0.6935 0.0154
vn -0.0680 -0.9761 0.2062
vn -0.0695 -0.9775 0.1992
vn 0.7476 -0.6625 0.0482
vn -0.0651 -0.9778 0.1992
vn 0.7192 -0.6946 0.0155
vn 0.7307 -0.6803 0.0578
vn -0.4765 -0.8517 0.2182
vn -0.4600 -0.8222 0.3352
vn -0.0034 -0.9360 0.3519
vn -0.4352 -0.8326 0.3426
vn -0.2803 -0.5362 0.7962
vn -0.2665 -0.5419 0.7971
vn -0.2871 -0.5383 0.7924
vn -0.3075 -0.5381 0.7848
vn -0.4682 -0.8192 0.3312
vn -0.4846 -0.8093 0.3319
vn -0.7088 -0.3952 0.5843
vn -0.7214 -0.3917 0.5711
vn -0.7365 -0.6208 0.2686
vn -0.7493 -0.6057 0.2677
vn -0.5748 -0.0037 0.8183
vn -0.9264 -0.0229 0.3758
vn -0.9357 -0.2061 0.2863
vn -0.9437 -0.1838 0.2750
vn -0.9790 -0.1660 0.1185
vn -0.9300 -0.3240 0.1733
vn -0.9816 -0.1120 0.1545
vn -0.9332 -0.3177 0.1679
vn -0.9795 -0.1237 0.1591
vn -0.9903 -0.0980 0.0983
vn -0.9777 -0.1701 0.1231
vn -0.9906 -0.0869 0.1060
vn -0.9941 -0.0401 0.1008
vn -0.9967 -0.0425 0.0689
vn -0.9923 -0.0879 0.0869
vn -0.9962 -0.0179 0.0853
vn -0.9959 0.0035 0.0908
vn -0.9956 -0.0174 0.0916
vn -0.9909 -0.0523 0.1243
vn -0.9932 -0.0539 0.1030
vn -0.9823 -0.1483 0.1141
vn -0.9804 -0.1440 0.1346
vn -0.9866 -0.0690 0.1479
vn -0.9310 -0.3163 0.1823
vn -0.9331 -0.3270 0.1496
vn -0.9776 -0.1690 0.1258
vn -0.7627 -0.6169 0.1943
vn -0.7590 -0.6056 0.2394
vn -0.8003 -0.5551 0.2266
vn -0.9547 -0.2310 0.1878
vn -0.7488 -0.6340 0.1930
vn -0.9290 -0.3366 0.1537
vn -0.7816 -0.5035 0.3683
vn -0.8162 -0.4575 0.3529
vn -0.9582 -0.0967 0.2694
vn -0.9424 -0.1902 0.2751
vn -0.9137 0.0176 0.4059
vn -0.9401 0.1936 0.2807
vn -0.9108 0.0108 0.4127
vn -0.9761 0.1107 0.1871
vn -0.9449 0.2964 0.1387
vn -0.9429 0.3049 0.1338
vn -0.9892 0.1180 0.0865
vn -0.9892 0.1179 0.0871
vn -0.9865 0.0054 0.1639
vn -0.9821 -0.0618 0.1780
vn -0.9767 0.1695 0.1317
vn -0.9467 0.2107 0.2436
vn -0.9813 0.1755 0.0796
vn -0.9474 0.3055 0.0951
vn -0.9464 0.3097 0.0919
vn -0.9772 0.1912 0.0921
vn -0.9494 0.3054 0.0728
vn -0.9786 0.1904 0.0784
vn -0.9463 0.3135 0.0785
vn -0.9773 0.2053 0.0528
vn -0.9761 0.2076 0.0638
vn -0.9507 0.3067 0.0461
vn -0.9779 0.2082 0.0202
vn -0.9767 0.2135 0.0231
vn -0.9510 0.3086 0.0199
vn -0.9756 0.2153 0.0434
vn -0.9470 0.3171 0.0521
vn -0.9513 0.3074 0.0212
vn -0.9528 0.3036 0.0052
vn -0.9526 0.3041 0.0054
vn -0.9298 0.3680 0.0030
vn -0.9154 0.4022 0.0137
vn -0.9001 0.4343 0.0342
vn -0.9912 0.1248 0.0451
vn -0.9910 0.1323 0.0202
vn -0.9904 0.1328 0.0387
vn -0.9917 0.1276 0.0175
vn -0.9973 0.0713 0.0164
vn -0.9965 0.0744 0.0377
vn -0.9988 0.0355 0.0327
vn -0.9993 0.0357 0.0132
vn -0.9972 0.0739 0.0145
vn -0.9969 0.0701 0.0348
vn -0.9986 0.0390 0.0355
vn -0.9968 0.0643 0.0484
vn -0.9960 0.0714 0.0532
vn -0.9982 0.0379 0.0466
vn -0.9982 0.0371 0.0470
vn -0.9986 0.0153 0.0506
vn -0.9991 0.0269 0.0329
vn -0.9985 0.0292 0.0461
vn -0.9986 0.0173 0.0510
vn -0.9983 0.0272 0.0512
vn -0.9979 0.0327 0.0558
vn -0.9984 0.0159 0.0535
vn -0.9981 0.0333 0.0525
vn -0.9979 0.0349 0.0537
vn -0.9981 0.0304 0.0531
vn -0.9975 0.0274 0.0647
vn -0.9972 0.0427 0.0615
vn -0.9973 0.0402 0.0609
vn -0.9977 0.0242 0.0641
vn -0.9976 0.0237 0.0658
vn -0.9975 0.0006 0.0708
vn -0.9975 -0.0327 0.0623
vn -0.9969 0.0074 0.0787
vn -0.9962 0.0474 0.0736
vn -0.9973 0.0079 0.0731
vn -0.9968 -0.0203 0.0771
vn -0.9955 0.0015 0.0949
vn -0.9973 -0.0074 0.0730
vn -0.9968 -0.0137 0.0793
vn -0.9970 -0.0209 0.0744
vn -0.9970 -0.0127 0.0761
vn -0.9976 -0.0227 0.0648
vn -0.9975 -0.0235 0.0661
vn -0.9974 -0.0306 0.0651
vn -0.9965 -0.0292 0.0786
vn -0.9976 -0.0278 0.0642
vn -0.9965 -0.0165 0.0820
vn -0.9966 -0.0156 0.0811
vn -0.9975 -0.0294 0.0642
vn -0.9964 -0.0009 0.0845
vn -0.9922 0.0332 0.1200
vn -0.9928 0.0360 0.1139
vn -0.9958 -0.0086 0.0916
vn -0.9942 0.0132 0.1068
vn -0.9876 0.0638 0.1436
vn -0.9880 0.0690 0.1380
vn -0.9905 0.0481 0.1290
vn -0.9951 0.0069 0.0984
vn -0.9937 0.0408 0.1046
vn -0.9938 0.0399 0.1042
vn -0.9932 0.0335 0.1118
vn -0.9920 0.0496 0.1157
vn -0.9893 0.0653 0.1308
vn -0.9801 0.1103 0.1653
vn -0.9907 0.0566 0.1239
vn -0.9837 0.0986 0.1506
vn -0.9902 0.0690 0.1215
vn -0.9738 0.1365 0.1821
vn -0.9765 0.1288 0.1726
vn -0.9742 0.1383 0.1785
vn -0.8352 0.4083 0.3683
vn -0.8488 0.3835 0.3640
vn -0.9649 0.1815 0.1899
vn -0.8539 0.3832 0.3520
vn -0.3459 0.7200 0.6016
vn -0.3643 0.7155 0.5961
vn -0.3465 0.7263 0.5937
vn -0.2973 0.7419 0.6009
vn -0.7765 0.4885 0.3979
vn -0.7893 0.4784 0.3849
vn -0.9266 0.2969 0.2308
vn -0.9378 0.2691 0.2192
vn -0.7805 0.4838 0.3959
vn -0.9274 0.2964 0.2283
vn -0.9560 0.2362 0.1741
vn -0.9548 0.2298 0.1887
vn -0.9685 0.1966 0.1528
vn -0.9518 0.2370 0.1949
vn -0.9060 0.3068 0.2916
vn -0.9779 0.1361 0.1588
vn -0.9624 0.1777 0.2057
vn -0.9816 0.1415 0.1283
vn -0.9944 0.0758 0.0739
vn -0.9948 0.0717 0.0720
vn -0.9859 0.1249 0.1110
vn -0.9957 0.0438 0.0815
vn -0.9973 0.0517 0.0530
vn -0.9984 0.0253 0.0513
vn -0.9975 0.0485 0.0516
vn -0.9947 0.0542 0.0870
vn -0.9980 0.0308 0.0546
vn -0.9982 0.0041 0.0604
vn -0.9985 0.0107 0.0529
vn -0.9959 0.0174 0.0884
vn -0.9982 -0.0037 0.0597
vn -0.9950 0.0136 0.0985
vn -0.9954 -0.0098 0.0956
vn -0.9974 -0.0165 0.0706
vn -0.9951 -0.0118 0.0982
vn -0.9795 0.0213 0.2001
vn -0.9758 0.0349 0.2158
vn -0.9709 0.0776 0.2266
vn -0.9815 -0.0455 0.1862
vn -0.9944 -0.0472 0.0946
vn -0.8845 0.1230 0.4501
vn -0.8526 0.1575 0.4982
vn -0.7994 0.2755 0.5339
vn -0.9458 0.1392 0.2933
vn -0.5384 0.5217 0.6618
vn -0.4427 0.5293 0.7238
vn -0.8848 0.2871 0.3670
vn -0.6839 0.3660 0.6312
vn -0.0038 0.6114 0.7913
vn -0.1081 0.5130 0.8516
vn -0.1720 0.5169 0.8386
vn 0.2260 0.5179 0.8250
vn 0.0612 0.6170 0.7846
vn 0.2597 0.5951 0.7605
vn 0.2429 0.5134 0.8231
vn 0.2199 0.5158 0.8280
vn 0.2463 0.5955 0.7647
vn 0.2078 0.5151 0.8315
vn 0.2290 0.5982 0.7679
vn 0.2399 0.5947 0.7673
vn 0.2542 0.6639 0.7033
vn 0.3785 0.5668 0.7318
vn 0.3690 0.6322 0.6813
vn 0.3373 0.6453 0.6855
vn 0.3317 0.6979 0.6347
vn 0.2596 0.7149 0.6493
vn 0.2425 0.6679 0.7036
vn 0.2592 0.7150 0.6493
vn 0.2773 0.7111 0.6461
vn 0.2592 0.6646 0.7008
vn 0.2632 0.7159 0.6467
vn 0.2744 0.6634 0.6961
vn 0.1549 0.6839 0.7129
vn 0.2004 0.7279 0.6558
vn 0.1370 0.6842 0.7163
vn -0.0019 0.7477 0.6641
vn -0.1431 0.6781 0.7209
vn -0.0084 0.7473 0.6645
vn -0.2148 0.6823 0.6988
vn 0.1901 0.7307 0.6557
vn -0.6318 0.5469 0.5493
vn -0.5996 0.5502 0.5812
vn -0.3845 0.6964 0.6060
vn -0.3628 0.7040 0.6106
vn -0.7748 0.4865 0.4036
vn -0.8761 0.3514 0.3302
vn 0.4362 0.5413 0.7189
vn 0.5047 0.4612 0.7298
vn 0.4459 0.4647 0.7650
vn 0.5058 0.3166 0.8025
vn 0.5438 0.3183 0.7765
vn 0.1534 0.3599 0.9203
vn 0.4986 0.0306 0.8663
vn 0.0111 0.0227 0.9997
vn 0.0105 0.0228 0.9997
vn 0.1660 0.3617 0.9174
vn 0.1817 0.3612 0.9146
vn 0.0116 0.0230 0.9997
vn 0.0122 0.0228 0.9997
vn -0.3615 0.3275 0.8730
vn -0.5482 0.0038 0.8364
vn 0.1719 0.3633 0.9157
vn -0.3289 0.3266 0.8861
vn -0.8711 0.2699 0.4102
vn -0.9165 -0.0352 0.3985
vn -0.9831 -0.0388 0.1792
vn -0.9987 0.0256 0.0445
vn -0.9991 0.0074 0.0421
vn -0.9985 0.0313 0.0457
vn -0.9987 0.0302 0.0413
vn -0.9988 0.0188 0.0441
vn -0.9985 0.0197 0.0508
vn -0.9984 0.0274 0.0502
vn -0.9986 0.0168 0.0493
vn -0.9977 0.0179 0.0647
vn -0.9988 -0.0058 0.0482
vn -0.9957 0.0241 0.0899
vn -0.9959 0.0621 0.0660
vn -0.9971 0.0395 0.0653
vn -0.9976 0.0240 0.0650
vn -0.9970 0.0534 0.0568
vn -0.9966 0.0532 0.0625
vn -0.9922 0.0897 0.0862
vn -0.9939 0.0903 0.0633
vn -0.9964 0.0643 0.0557
vn -0.9981 0.0274 0.0555
vn -0.9980 0.0329 0.0543
vn -0.9981 0.0330 0.0525
vn -0.9984 0.0347 0.0440
vn -0.9981 0.0442 0.0440
vn -0.9981 0.0441 0.0440
vn -0.9980 0.0444 0.0459
vn -0.9973 0.0551 0.0486
vn -0.9981 0.0406 0.0471
vn -0.9973 0.0544 0.0485
vn -0.9970 0.0530 0.0555
vn -0.9978 0.0450 0.0484
vn -0.9953 0.0667 0.0705
vn -0.9952 0.0764 0.0614
vn -0.9972 0.0514 0.0548
vn -0.9896 0.1069 0.0965
vn -0.9852 0.1371 0.1031
vn -0.9944 0.0820 0.0673
vn -0.9882 0.1201 0.0952
vn -0.9723 0.1804 0.1487
vn -0.9883 0.1151 0.1005
vn -0.9724 0.1802 0.1485
vn -0.9399 0.2659 0.2144
vn -0.9731 0.1536 0.1717
vn -0.9888 0.0906 0.1185
vn -0.9953 0.0435 0.0861
vn -0.9868 0.0940 0.1318
vn 0.0469 0.7736 0.6319
vn -0.3400 0.7246 0.5994
vn -0.3521 0.7213 0.5964
vn -0.8427 0.3918 0.3691
vn -0.3475 0.7349 0.5824
vn -0.8429 0.3927 0.3679
vn -0.9047 0.3052 0.2971
vn -0.9645 0.1710 0.2014
vn -0.8973 0.3135 0.3106
vn -0.9710 0.1533 0.1835
vn -0.9880 0.0730 0.1361
vn -0.9887 0.0724 0.1313
vn -0.9965 -0.0008 0.0842
vn -0.9963 0.0149 0.0848
vn -0.9960 0.0194 0.0872
vn -0.9982 -0.0335 0.0494
vn -0.9987 -0.0278 0.0436
vn -0.9987 -0.0153 0.0495
vn -0.9988 -0.0352 0.0331
vn -0.9995 -0.0274 0.0179
vn -0.9982 -0.0136 0.0582
vn -0.9988 -0.0437 0.0197
vn -0.9980 -0.0229 0.0583
vn -0.9987 -0.0390 0.0338
vn -0.9995 -0.0296 0.0149
vn -0.9993 -0.0337 0.0160
vn -0.9990 -0.0151 0.0410
vn -0.9988 -0.0353 0.0351
vn -0.9997 -0.0061 0.0227
vn -0.9985 -0.0172 0.0510
vn -0.9982 -0.0379 0.0475
vn -0.9993 -0.0059 0.0371
vn -0.9987 -0.0202 0.0471
vn -0.9979 -0.0160 0.0630
vn -0.9979 -0.0278 0.0585
vn -0.9984 -0.0096 0.0558
vn -0.9984 -0.0049 0.0569
vn -0.9991 0.0086 0.0427
vn -0.9998 -0.0014 0.0178
vn -0.9995 0.0102 0.0293
vn -0.9993 -0.0028 0.0384
vn -1.0000 0.0021 0.0003
vn -0.9998 -0.0076 0.0206
vn -0.9999 0.0062 0.0084
vn -0.9998 0.0180 0.0047
vn -0.9998 0.0208 0.0002
vn -0.9999 0.0157 0.0006
vn -0.9999 0.0145 -0.0055
vn -0.9999 0.0149 -0.0040
vn -0.9995 0.0318 0.0095
vn -0.9995 0.0302 -0.0026
vn -0.9995 0.0311 -0.0033
vn -0.9998 0.0205 -0.0037
vn -0.9992 0.0405 -0.0023
vn -0.9992 0.0396 -0.0110
vn -0.9994 0.0315 -0.0115
vn -0.9992 0.0398 -0.0018
vn -0.9991 0.0413 0.0092
vn -0.9686 0.1486 0.1991
vn -0.9979 0.0372 0.0521
vn -0.9906 0.1121 0.0786
vn -0.9905 0.1263 0.0542
vn -0.9916 0.1113 0.0651
vn -0.8925 0.4467 0.0626
vn -0.8948 0.4347 0.1016
vn -0.9096 0.2964 0.2911
vn -0.9172 0.3132 0.2462
vn -0.9213 0.3596 0.1483
vn -0.9099 0.3955 0.1249
vn -0.9071 0.3318 0.2589
vn -0.8970 0.4190 0.1407
vn -0.8889 0.4156 0.1928
vn -0.8952 0.4136 0.1660
vn -0.8778 0.4347 0.2015
vn -0.8780 0.4320 0.2062
vn -0.9221 0.3274 0.2064
vn -0.8472 0.1933 0.4948
vn -0.8761 0.1444 0.4600
vn -0.6506 -0.2022 0.7320
vn -0.6509 -0.2020 0.7318
vn -0.7513 -0.3191 0.5777
vn -0.7388 -0.3396 0.5821
vn -0.8566 0.1133 0.5033
vn -0.4294 -0.6328 0.6443
vn -0.4405 -0.6240 0.6454
vn -0.3337 -0.4727 0.8156
vn -0.4352 -0.6277 0.6454
vn -0.3287 -0.4740 0.8169
vn -0.3383 -0.4688 0.8160
vn -0.3401 -0.4676 0.8159
vn -0.2419 -0.3351 0.9106
vn -0.2431 -0.3343 0.9106
vn -0.2470 -0.3311 0.9107
vn -0.2472 -0.3322 0.9102
vn 0.2924 -0.6034 0.7419
vn 0.1730 -0.5480 0.8184
vn 0.3608 -0.5089 0.7815
vn -0.1700 -0.2281 0.9587
vn -0.1745 -0.2244 0.9587
vn -0.1151 -0.1480 0.9823
vn 0.4593 -0.5608 0.6889
vn 0.5302 -0.5143 0.6740
vn 0.4980 -0.5069 0.7037
vn 0.7622 -0.5836 0.2800
vn 0.7553 -0.5939 0.2771
vn 0.8182 -0.5673 0.0939
vn 0.8143 -0.5731 0.0919
vn 0.7108 -0.6161 0.3394
vn 0.7648 -0.5871 0.2652
vn 0.7007 -0.6308 0.3333
vn 0.6490 -0.6526 0.3909
vn 0.8097 -0.5749 0.1183
vn 0.8035 -0.5850 0.1105
vn 0.8530 -0.5219 0.0066
vn 0.8580 -0.5134 0.0172
vn 0.8598 -0.5106 -0.0036
vn 0.8081 -0.5766 0.1202
vn 0.8689 -0.4950 0.0068
vn 0.8199 -0.5570 0.1327
vn 0.8987 -0.4369 -0.0367
vn 0.8996 -0.4346 -0.0416
vn 0.8883 -0.4560 -0.0551
vn 0.9107 -0.4088 -0.0587
vn 0.9129 -0.4044 -0.0560
vn 0.8871 -0.4611 -0.0231
vn 0.9157 -0.3998 -0.0410
vn 0.9110 -0.4099 -0.0460
vn 0.8837 -0.4668 -0.0335
vn 0.8825 -0.4696 -0.0265
vn 0.9170 -0.3986 -0.0144
vn 0.9175 -0.3975 -0.0138
vn 0.8880 -0.4598 -0.0047
vn 0.8896 -0.4567 0.0028
vn 0.8883 -0.4592 -0.0044
vn 0.9194 -0.3933 -0.0013
vn 0.9192 -0.3937 -0.0015
vn 0.9504 -0.3111 0.0042
vn 0.9495 -0.3138 -0.0046
vn 0.9490 -0.3154 0.0016
vn 0.9198 -0.3925 0.0030
vn 0.9460 -0.3241 0.0002
vn 0.9494 -0.3141 0.0066
vn 0.9179 -0.3968 0.0005
vn 0.9453 -0.3259 -0.0089
vn 0.9076 -0.4198 -0.0091
vn 0.9183 -0.3960 0.0007
vn 0.9142 -0.4053 -0.0054
vn 0.9130 -0.4075 -0.0205
vn 0.8843 -0.4664 -0.0196
vn 0.9061 -0.4220 -0.0307
vn 0.8781 -0.4776 -0.0300
vn 0.8782 -0.4774 -0.0280
vn 0.8587 -0.5116 -0.0299
vn 0.8609 -0.5080 -0.0271
vn 0.8579 -0.5122 -0.0402
vn 0.8706 -0.4903 -0.0409
vn 0.8541 -0.5177 -0.0506
vn 0.8515 -0.5224 -0.0456
vn 0.8702 -0.4905 -0.0466
vn 0.8545 -0.5174 -0.0446
vn 0.8523 -0.5212 -0.0445
vn 0.8517 -0.5215 -0.0504
vn 0.8484 -0.5280 -0.0374
vn 0.8577 -0.5127 -0.0382
vn 0.8569 -0.5136 -0.0435
vn 0.8572 -0.5132 -0.0435
vn 0.8567 -0.5138 -0.0462
vn 0.8675 -0.4966 -0.0303
vn 0.8664 -0.4976 -0.0411
vn 0.8607 -0.5075 -0.0406
vn 0.8761 -0.4813 -0.0278
vn 0.8618 -0.5065 -0.0262
vn 0.8819 -0.4705 -0.0280
vn 0.8770 -0.4802 -0.0173
vn 0.8956 -0.4444 -0.0191
vn 0.8947 -0.4457 -0.0296
vn 0.9215 -0.3881 -0.0155
vn 0.9221 -0.3869 -0.0089
vn 0.9041 -0.4272 -0.0071
vn 0.8860 -0.4635 -0.0121
vn 0.8842 -0.4661 -0.0318
vn 0.8740 -0.4857 -0.0131
vn 0.9131 -0.4077 0.0006
vn 0.9117 -0.4106 -0.0164
vn 0.9023 -0.4311 0.0017
vn 0.9022 -0.4313 0.0001
vn 0.8742 -0.4854 -0.0109
vn 0.8896 -0.4566 -0.0122
vn 0.8613 -0.5074 -0.0255
vn 0.8633 -0.5047 -0.0036
vn 0.8910 -0.4539 0.0051
vn 0.8808 -0.4734 -0.0049
vn 0.8815 -0.4721 0.0042
vn 0.8541 -0.5202 -0.0010
vn 0.8482 -0.5296 0.0062
vn 0.8530 -0.5217 -0.0143
vn 0.8429 -0.5380 -0.0136
vn 0.8439 -0.5366 -0.0003
vn 0.8474 -0.5309 -0.0054
vn 0.8460 -0.5327 -0.0241
vn 0.8499 -0.5263 -0.0244
vn 0.8393 -0.5436 -0.0049
vn 0.8499 -0.5263 -0.0245
vn 0.9471 -0.3210 -0.0043
vn 0.9472 -0.3206 -0.0026
vn 0.9039 -0.4277 -0.0105
vn 0.9297 -0.3682 -0.0042
vn 0.9094 -0.4159 -0.0022
vn 0.9302 -0.3670 0.0025
vn 0.9639 -0.2664 -0.0017
vn 0.9358 -0.3526 0.0047
vn 0.9643 -0.2648 0.0060
vn 0.9664 -0.2570 0.0012
vn 0.9388 -0.3445 0.0050
vn 0.9689 -0.2472 0.0024
vn 0.9691 -0.2465 0.0058
vn 0.9384 -0.3456 -0.0009
vn 0.9408 -0.3389 0.0005
vn 0.9136 -0.4066 0.0024
vn 0.9130 -0.4078 -0.0057
vn 0.9097 -0.4153 0.0016
vn 0.9158 -0.4016 -0.0024
vn 0.8905 -0.4550 -0.0038
vn 0.8923 -0.4514 -0.0009
vn 0.9159 -0.4014 -0.0011
vn 0.8924 -0.4513 -0.0002
vn 0.8933 -0.4495 -0.0012
vn 0.9405 -0.3397 -0.0015
vn 0.9169 -0.3992 -0.0011
vn 0.8924 -0.4513 -0.0020
vn 0.8928 -0.4504 -0.0012
vn 0.9170 -0.3989 0.0007
vn 0.9178 -0.3971 0.0004
vn 0.9423 -0.3349 -0.0000
vn 0.9408 -0.3390 -0.0003
vn 0.9424 -0.3345 0.0023
vn 0.9707 -0.2402 0.0008
vn 0.9708 -0.2401 0.0012
vn 0.9430 -0.3328 0.0012
vn 0.9711 -0.2388 0.0005
vn 0.9429 -0.3330 -0.0001
vn 0.9710 -0.2390 -0.0003
vn 0.9717 -0.2361 -0.0008
vn 0.9713 -0.2377 -0.0004
vn 0.9434 -0.3317 -0.0011
vn 0.9714 -0.2375 0.0004
vn 0.9439 -0.3302 -0.0020
vn 0.9438 -0.3305 -0.0033
vn 0.9449 -0.3273 -0.0015
vn 0.9435 -0.3313 -0.0012
vn 0.9720 -0.2349 -0.0011
vn 0.9718 -0.2359 -0.0009
vn 0.9725 -0.2331 -0.0020
vn 0.9892 -0.1465 -0.0005
vn 0.9895 -0.1449 -0.0008
vn 0.9728 -0.2315 -0.0013
vn 0.9963 -0.0864 -0.0006
vn 0.9898 -0.1425 -0.0010
vn 0.9967 -0.0815 -0.0012
vn 0.9896 -0.1436 -0.0013
vn 0.9896 -0.1438 -0.0021
vn 0.9895 -0.1442 -0.0021
vn 0.9899 -0.1420 -0.0029
vn 0.9737 -0.2277 -0.0047
vn 0.9732 -0.2300 -0.0041
vn 0.9740 -0.2265 -0.0062
vn 0.9499 -0.3123 -0.0085
vn 0.9485 -0.3165 -0.0121
vn 0.9490 -0.3154 -0.0056
vn 0.9237 -0.3830 -0.0092
vn 0.9228 -0.3847 -0.0216
vn 0.9479 -0.3186 -0.0077
vn 0.9253 -0.3789 -0.0145
vn 0.9217 -0.3879 -0.0076
vn 0.9480 -0.3184 -0.0062
vn 0.9227 -0.3853 -0.0098
vn 0.9226 -0.3855 -0.0112
vn 0.8960 -0.4439 -0.0115
vn 0.8950 -0.4459 -0.0133
vn 0.8952 -0.4456 -0.0105
vn 0.9216 -0.3881 -0.0091
vn 0.9191 -0.3941 -0.0072
vn 0.9204 -0.3909 -0.0051
vn 0.8943 -0.4473 -0.0100
vn 0.8942 -0.4476 -0.0122
vn 0.8932 -0.4497 -0.0078
vn 0.8938 -0.4483 -0.0084
vn 0.9203 -0.3912 -0.0066
vn 0.8669 -0.4984 -0.0047
vn 0.8931 -0.4499 -0.0039
vn 0.8929 -0.4502 -0.0066
vn 0.8666 -0.4989 -0.0090
vn 0.9183 -0.3959 -0.0033
vn 0.9181 -0.3963 -0.0057
vn 0.8389 -0.5442 -0.0045
vn 0.8375 -0.5464 -0.0020
vn 0.8676 -0.4972 -0.0035
vn 0.8355 -0.5495 -0.0097
vn 0.8373 -0.5467 -0.0068
vn 0.8661 -0.4997 -0.0081
vn 0.8285 -0.5599 -0.0074
vn 0.8348 -0.5506 -0.0021
vn 0.8322 -0.5545 0.0027
vn 0.8320 -0.5548 -0.0016
vn 0.8441 -0.5362 -0.0038
vn 0.8446 -0.5354 0.0063
vn 0.8286 -0.5598 -0.0053
vn 0.8480 -0.5299 -0.0003
vn 0.8830 -0.4692 0.0103
vn 0.8482 -0.5296 0.0037
vn 0.8511 -0.5250 0.0088
vn 0.8831 -0.4691 0.0114
vn 0.8543 -0.5197 0.0113
vn 0.8866 -0.4624 0.0133
vn 0.8868 -0.4617 0.0189
vn 0.8509 -0.5253 0.0051
vn 0.8368 -0.5475 0.0027
vn 0.8367 -0.5476 0.0012
vn 0.8351 -0.5502 0.0044
vn 0.8568 -0.5156 0.0076
vn 0.8543 -0.5195 0.0127
vn 0.8393 -0.5436 0.0071
vn 0.8391 -0.5439 0.0025
vn 0.8440 -0.5363 0.0025
vn 0.8424 -0.5388 -0.0002
vn 0.8426 -0.5386 0.0028
vn 0.8440 -0.5364 0.0006
vn 0.8418 -0.5398 0.0071
vn 0.8417 -0.5399 0.0053
vn 0.8441 -0.5362 0.0006
vn 0.8596 -0.5109 0.0056
vn 0.8640 -0.5034 0.0135
vn 0.8635 -0.5043 0.0020
vn 0.8441 -0.5361 0.0018
vn 0.8682 -0.4960 0.0107
vn 0.8681 -0.4964 0.0060
vn 0.8737 -0.4864 -0.0056
vn 0.8517 -0.5241 -0.0056
vn 0.8471 -0.5313 -0.0132
vn 0.8475 -0.5308 -0.0047
vn 0.9185 -0.3954 0.0006
vn 0.9122 -0.4095 0.0162
vn 0.9118 -0.4105 0.0083
vn 0.8739 -0.4861 -0.0014
vn 0.8798 -0.4745 -0.0287
vn 0.8805 -0.4737 -0.0154
vn 0.8896 -0.4566 -0.0113
vn 0.9179 -0.3967 -0.0103
vn 0.8883 -0.4580 -0.0337
vn 0.9268 -0.3755 0.0088
vn 0.8988 -0.4381 -0.0156
vn 0.9255 -0.3785 -0.0149
vn 0.9660 -0.2577 0.0215
vn 0.9696 -0.2446 0.0073
vn 0.9657 -0.2595 0.0133
vn 0.9342 -0.3568 0.0036
vn 0.9695 -0.2452 0.0044
vn 0.9341 -0.3571 0.0015
vn 0.9728 -0.2316 0.0050
vn 0.9409 -0.3386 0.0031
vn 0.9733 -0.2287 0.0167
vn 0.9398 -0.3414 -0.0142
vn 0.9899 -0.1388 0.0285
vn 0.9898 -0.1418 0.0163
vn 0.9756 -0.2192 0.0136
vn 0.9885 -0.1499 0.0201
vn 0.9961 -0.0758 0.0461
vn 0.9958 -0.0819 0.0412
vn 0.9964 -0.0779 0.0349
vn 0.9869 -0.1573 0.0365
vn 0.9967 -0.0748 0.0321
vn 0.9886 -0.1482 0.0269
vn 0.9986 -0.0367 0.0377
vn 0.9990 -0.0369 0.0260
vn 0.9968 -0.0758 0.0263
vn 0.9988 -0.0402 0.0286
vn 0.9994 -0.0195 0.0274
vn 0.9990 -0.0404 0.0209
vn 0.9989 -0.0433 0.0184
vn 0.9992 -0.0338 0.0192
vn 0.9994 -0.0273 0.0190
vn 0.9996 -0.0263 0.0142
vn 0.9998 -0.0043 0.0209
vn 0.9999 -0.0131 0.0101
vn 0.9999 -0.0124 0.0082
vn 0.9996 -0.0231 0.0145
vn 0.9995 -0.0194 0.0268
vn 0.9998 -0.0030 0.0171
vn 0.9996 0.0076 0.0289
vn 0.9988 -0.0121 0.0481
vn 0.9992 0.0004 0.0395
vn 0.9993 -0.0104 0.0363
vn 0.9992 0.0042 0.0397
vn 0.9983 0.0207 0.0551
vn 0.9985 0.0097 0.0543
vn 0.9981 -0.0012 0.0622
vn 0.9993 0.0270 0.0271
vn 0.9985 0.0478 0.0272
vn 0.9968 0.0669 0.0443
vn 0.9982 0.0416 0.0427
vn 0.9985 0.0473 0.0286
vn 0.9961 0.0620 0.0630
vn 0.9973 0.0394 0.0619
vn 0.9950 0.0860 0.0503
vn 0.9935 0.0831 0.0773
vn 0.9956 0.0545 0.0761
vn 0.9957 0.0545 0.0744
vn 0.9938 0.0694 0.0874
vn 0.9974 0.0099 0.0716
vn 0.9962 0.0197 0.0847
vn 0.9967 0.0192 0.0795
vn 0.9956 0.0258 0.0896
vn 0.9959 -0.0283 0.0861
vn 0.9963 -0.0245 0.0824
vn 0.9967 -0.0256 0.0764
vn 0.9919 -0.1007 0.0773
vn 0.9934 -0.0925 0.0685
vn 0.9932 -0.0920 0.0707
vn 0.9968 -0.0246 0.0755
vn 0.9952 -0.0786 0.0577
vn 0.9978 -0.0266 0.0614
vn 0.9949 -0.0865 0.0513
vn 0.9945 -0.0841 0.0625
vn 0.9847 -0.1680 0.0460
vn 0.9846 -0.1654 0.0571
vn 0.9869 -0.1577 0.0347
vn 0.9616 -0.2731 0.0284
vn 0.9618 -0.2711 0.0382
vn 0.9823 -0.1824 0.0434
vn 0.9570 -0.2868 0.0427
vn 0.9794 -0.1959 0.0481
vn 0.9565 -0.2911 0.0214
vn 0.9821 -0.1777 0.0629
vn 0.9481 -0.3150 0.0431
vn 0.9521 -0.3041 0.0305
vn 0.9520 -0.3047 0.0274
vn 0.9794 -0.1955 0.0500
vn 0.9765 -0.2064 0.0626
vn 0.9766 -0.2100 0.0475
vn 0.9440 -0.3272 0.0412
vn 0.9478 -0.3176 0.0297
vn 0.9439 -0.3280 0.0371
vn 0.9737 -0.2201 0.0593
vn 0.9737 -0.2216 0.0526
vn 0.9711 -0.2349 0.0414
vn 0.9404 -0.3389 0.0273
vn 0.9406 -0.3378 0.0338
vn 0.9689 -0.2444 0.0377
vn 0.9712 -0.2337 0.0468
vn 0.9875 -0.1475 0.0555
vn 0.9874 -0.1465 0.0593
vn 0.9889 -0.1396 0.0510
vn 0.9864 -0.1569 0.0479
vn 0.9671 -0.2507 0.0439
vn 0.9689 -0.2447 0.0365
vn 0.9349 -0.3535 0.0319
vn 0.9669 -0.2524 0.0358
vn 0.9346 -0.3548 0.0242
vn 0.9324 -0.3602 0.0306
vn 0.9324 -0.3599 0.0323
vn 0.9631 -0.2665 0.0378
vn 0.9650 -0.2584 0.0447
vn 0.9650 -0.2587 0.0432
vn 0.9853 -0.1639 0.0475
vn 0.9853 -0.1634 0.0497
vn 0.9864 -0.1554 0.0544
vn 0.9955 -0.0753 0.0576
vn 0.9842 -0.1685 0.0553
vn 0.9954 -0.0748 0.0593
vn 0.9975 0.0098 0.0698
vn 0.9974 0.0101 0.0711
vn 0.9978 0.0038 0.0666
vn 0.9948 -0.0790 0.0638
vn 0.9977 0.0133 0.0661
vn 0.9957 -0.0676 0.0634
vn 0.9937 0.0839 0.0749
vn 0.9936 0.0854 0.0735
vn 0.9940 0.0831 0.0715
vn 0.9973 0.0147 0.0717
vn 0.9932 0.0864 0.0776
vn 0.9975 0.0179 0.0682
vn 0.9972 0.0191 0.0724
vn 0.9969 0.0233 0.0756
vn 0.9932 0.0865 0.0775
vn 0.9925 0.0881 0.0842
vn 0.9963 0.0273 0.0820
vn 0.9965 0.0244 0.0798
vn 0.9955 0.0292 0.0899
vn 0.9955 0.0286 0.0902
vn 0.9957 -0.0331 0.0869
vn 0.9959 -0.0427 0.0796
vn 0.9965 -0.0450 0.0706
vn 0.9958 -0.0502 0.0765
vn 0.9899 -0.1263 0.0648
vn 0.9907 -0.1128 0.0755
vn 0.9901 -0.1282 0.0572
vn 0.9885 -0.1358 0.0661
vn 0.9911 -0.1146 0.0684
vn 0.9918 -0.1000 0.0801
vn 0.9959 -0.0338 0.0843
vn 0.9954 0.0262 0.0923
vn 0.9956 -0.0276 0.0891
vn 0.9930 0.0852 0.0821
vn 0.9925 0.0805 0.0919
vn 0.9925 0.0862 0.0869
vn 0.9950 -0.0521 0.0856
vn 0.9933 0.0698 0.0923
vn 0.9932 0.0793 0.0849
vn 0.9877 0.1323 0.0834
vn 0.9871 0.1333 0.0885
vn 0.9888 0.1215 0.0864
vn 0.9894 0.1206 0.0803
vn 0.9873 0.1380 0.0787
vn 0.9959 -0.0589 0.0693
vn 0.9965 -0.0537 0.0633
vn 0.9961 -0.0599 0.0655
vn 0.9870 0.1417 0.0759
vn 0.9872 0.1389 0.0783
vn 0.9959 -0.0688 0.0587
vn 0.9944 0.0765 0.0725
vn 0.9940 0.0799 0.0747
vn 0.9373 -0.3477 0.0247
vn 0.8901 -0.4553 0.0206
vn 0.8929 -0.4496 0.0230
vn 0.8926 -0.4506 0.0147
vn 0.9008 -0.4335 0.0247
vn 0.8963 -0.4431 0.0152
vn 0.8963 -0.4431 0.0150
vn 0.9062 -0.4220 0.0251
vn 0.9061 -0.4224 0.0219
vn 0.9003 -0.4350 0.0124
vn 0.9918 0.1039 0.0749
vn 0.9925 0.1034 0.0651
vn 0.9978 -0.0279 0.0603
vn 0.9984 -0.0321 0.0466
vn 0.9989 -0.0327 0.0346
vn 0.9984 -0.0289 0.0494
vn 0.9990 -0.0436 0.0120
vn 0.9969 -0.0776 0.0104
vn 0.9969 -0.0759 0.0193
vn 0.9970 -0.0753 0.0188
vn 0.9908 -0.1339 0.0219
vn 0.9907 -0.1352 0.0168
vn 0.9969 -0.0742 0.0248
vn 0.9909 -0.1345 0.0080
vn 0.9911 -0.1326 0.0144
vn 0.9970 -0.0770 0.0099
vn 0.9969 -0.0792 -0.0010
vn 0.9910 -0.1336 0.0072
vn 0.9905 -0.1372 -0.0050
vn 0.9970 -0.0776 -0.0022
vn 0.9909 -0.1345 -0.0035
vn 0.9749 -0.2215 -0.0237
vn 0.9765 -0.2155 -0.0056
vn 0.9757 -0.2181 -0.0218
vn 0.9899 -0.1398 -0.0222
vn 0.9888 -0.1428 -0.0443
vn 0.9903 -0.1372 -0.0207
vn 0.9732 -0.2254 -0.0464
vn 0.9893 -0.1378 -0.0484
vn 0.9947 -0.0825 -0.0613
vn 0.9882 -0.1400 -0.0622
vn 0.9958 -0.0812 -0.0433
vn 0.9950 -0.0801 -0.0597
vn 0.9957 -0.0819 -0.0428
vn 0.9974 -0.0437 -0.0572
vn 0.9979 -0.0457 -0.0449
vn 0.9984 -0.0404 -0.0403
vn 0.9967 -0.0787 -0.0198
vn 0.9966 -0.0806 -0.0183
vn 0.9990 -0.0406 -0.0171
vn 0.9972 -0.0462 -0.0592
vn 0.9980 -0.0261 -0.0567
vn 0.9980 -0.0126 -0.0613
vn 0.9988 -0.0258 -0.0404
vn 0.9981 -0.0083 -0.0605
vn 0.9989 0.0045 -0.0464
vn 0.9988 -0.0025 -0.0490
vn 0.9977 0.0137 -0.0666
vn 0.9977 -0.0045 -0.0676
vn 0.9970 -0.0127 -0.0758
vn 0.9971 0.0138 -0.0745
vn 0.9968 0.0158 -0.0784
vn 0.9973 -0.0010 -0.0734
vn 0.9977 0.0200 -0.0650
vn 0.9966 0.0130 -0.0815
vn 0.9968 0.0128 -0.0792
vn 0.9971 -0.0001 -0.0763
vn 0.9969 -0.0071 -0.0787
vn 0.9976 -0.0169 -0.0672
vn 0.9979 -0.0100 -0.0642
vn 0.9978 -0.0140 -0.0646
vn 0.9972 -0.0125 -0.0733
vn 0.9975 -0.0211 -0.0668
vn 0.9975 -0.0234 -0.0660
vn 0.9982 -0.0186 -0.0578
vn 0.9980 -0.0222 -0.0593
vn 0.9979 -0.0272 -0.0585
vn 0.9973 -0.0294 -0.0680
vn 0.9973 -0.0306 -0.0674
vn 0.9980 -0.0248 -0.0581
vn 0.9988 -0.0230 -0.0429
vn 0.9991 -0.0172 -0.0394
vn 0.9979 -0.0269 -0.0587
vn 0.9990 -0.0123 -0.0424
vn 0.9999 0.0155 0.0058
vn 0.9985 -0.0256 -0.0486
vn 0.9989 -0.0418 -0.0232
vn 0.9994 -0.0072 -0.0333
vn 0.9984 -0.0339 -0.0455
vn 0.9984 -0.0149 -0.0537
vn 0.9980 -0.0240 -0.0591
vn 0.9984 -0.0186 -0.0532
vn 0.9970 -0.0510 -0.0581
vn 0.9970 -0.0392 -0.0669
vn 0.9975 -0.0144 -0.0688
vn 0.9961 -0.0340 -0.0817
vn 0.9950 -0.0627 -0.0777
vn 0.9997 -0.0151 -0.0198
vn 0.9998 -0.0174 -0.0029
vn 0.9991 -0.0157 -0.0393
vn 0.9981 -0.0213 -0.0580
vn 0.9974 -0.0311 -0.0651
vn 0.9985 -0.0310 -0.0452
vn 0.9990 -0.0119 -0.0439
vn 0.9973 -0.0346 -0.0654
vn 0.9972 -0.0315 -0.0682
vn 0.9964 -0.0400 -0.0745
vn 0.9958 -0.0526 -0.0755
vn 0.9955 -0.0528 -0.0783
vn 0.9924 -0.0942 -0.0797
vn 0.9893 -0.1165 -0.0879
vn 0.9939 -0.0678 -0.0865
vn 0.9903 -0.0941 -0.1025
vn 0.9898 -0.1169 -0.0820
vn 0.9944 -0.0680 -0.0808
vn 0.9879 -0.1266 -0.0892
vn 0.9892 -0.1270 -0.0733
vn 0.9944 -0.0765 -0.0724
vn 0.9942 -0.0764 -0.0755
vn 0.9943 -0.0801 -0.0701
vn 0.9965 -0.0432 -0.0719
vn 0.9967 -0.0435 -0.0684
vn 0.9965 -0.0400 -0.0737
vn 0.9967 -0.0451 -0.0676
vn 0.9976 -0.0227 -0.0657
vn 0.9971 -0.0290 -0.0709
vn 0.9971 -0.0290 -0.0707
vn 0.9999 0.0111 0.0063
vn 0.9969 -0.0307 -0.0720
vn 0.9970 -0.0208 -0.0752
vn 0.9975 -0.0142 -0.0697
vn 0.9963 0.0247 -0.0827
vn 0.9966 0.0237 -0.0791
vn 0.9970 0.0314 -0.0701
vn 0.9889 -0.1325 -0.0679
vn 0.9881 -0.1330 -0.0776
vn 0.9746 -0.2110 -0.0754
vn 0.9747 -0.2109 -0.0739
vn 0.9733 -0.2195 -0.0664
vn 0.9736 -0.2145 -0.0782
vn 0.9442 -0.3224 -0.0678
vn 0.9436 -0.3239 -0.0688
vn 0.9464 -0.3194 -0.0473
vn 0.9746 -0.2171 -0.0544
vn 0.9123 -0.4052 -0.0588
vn 0.9434 -0.3225 -0.0772
vn 0.9352 -0.3499 -0.0550
vn 0.9479 -0.3179 -0.0201
vn 0.9433 -0.3277 -0.0521
vn 0.9474 -0.3194 -0.0209
vn 0.9494 -0.3141 -0.0048
vn 0.9762 -0.2168 -0.0063
vn 0.9990 -0.0455 -0.0001
vn 0.9988 -0.0471 -0.0122
vn 0.9766 -0.2152 0.0058
vn 0.9770 -0.2134 0.0041
vn 0.9755 -0.2196 0.0122
vn 0.9767 -0.2146 0.0076
vn 0.9989 -0.0468 0.0008
vn 0.9989 -0.0459 0.0103
vn 0.8988 -0.4381 -0.0149
vn 0.8564 -0.5155 -0.0283
vn 0.8630 -0.5036 -0.0416
vn 0.8635 -0.5033 -0.0332
vn 0.8499 -0.5262 -0.0254
vn 0.8490 -0.5268 -0.0408
vn 0.8571 -0.5150 -0.0153
vn 0.8508 -0.5249 -0.0255
vn 0.8452 -0.5344 -0.0046
vn 0.8464 -0.5325 -0.0070
vn 0.8483 -0.5294 -0.0133
vn 0.8459 -0.5331 -0.0170
vn 0.8665 -0.4988 -0.0184
vn 0.8474 -0.5301 -0.0293
vn 0.8639 -0.5028 -0.0306
vn 0.8650 -0.5016 -0.0151
vn 0.8681 -0.4963 -0.0066
vn 0.8879 -0.4599 -0.0080
vn 0.8873 -0.4609 -0.0169
vn 0.8672 -0.4980 -0.0082
vn 0.8683 -0.4959 -0.0030
vn 0.8687 -0.4954 -0.0025
vn 0.8907 -0.4546 -0.0037
vn 0.8453 -0.5343 -0.0021
vn 0.8570 -0.5151 0.0130
vn 0.8597 -0.5107 0.0074
vn 0.8411 -0.5409 0.0003
vn 0.8683 -0.4961 0.0003
vn 0.8688 -0.4952 -0.0007
vn 0.8688 -0.4952 -0.0008
vn 0.8409 -0.5411 -0.0020
vn 0.8677 -0.4970 -0.0015
vn 0.8681 -0.4964 -0.0023
vn 0.8392 -0.5438 0.0013
vn 0.8798 -0.4750 0.0172
vn 0.9291 -0.3691 0.0238
vn 0.8757 -0.4826 0.0156
vn 0.8794 -0.4760 0.0079
vn 0.9293 -0.3680 0.0310
vn 0.9262 -0.3764 0.0231
vn 0.8756 -0.4828 0.0134
vn 0.9261 -0.3766 0.0215
vn 0.8713 -0.4907 0.0049
vn 0.8403 -0.5421 0.0032
vn 0.8402 -0.5422 0.0010
vn 0.8252 -0.5648 -0.0109
vn 0.8250 -0.5649 -0.0136
vn 0.8222 -0.5692 -0.0085
vn 0.8357 -0.5491 -0.0071
vn 0.8190 -0.5737 -0.0111
vn 0.8319 -0.5548 -0.0099
vn 0.8218 -0.5696 -0.0162
vn 0.8359 -0.5489 -0.0027
vn 0.8296 -0.5582 -0.0156
vn 0.8169 -0.5766 -0.0142
vn 0.8297 -0.5581 -0.0134
vn 0.8289 -0.5592 -0.0144
vn 0.8665 -0.4990 -0.0122
vn 0.8311 -0.5558 -0.0184
vn 0.8655 -0.5006 -0.0157
vn 0.8658 -0.5002 -0.0113
vn 0.8894 -0.4563 -0.0258
vn 0.8945 -0.4469 -0.0098
vn 0.8331 -0.5529 -0.0161
vn 0.8314 -0.5555 -0.0130
vn 0.8655 -0.5008 -0.0137
vn 0.8654 -0.5009 -0.0154
vn 0.8332 -0.5527 -0.0136
vn 0.8657 -0.5004 -0.0141
vn 0.8658 -0.5002 -0.0114
vn -0.8647 0.5022 -0.0062
vn -0.8157 0.5784 0.0059
vn -0.8683 0.4960 0.0006
vn -0.8685 0.4956 -0.0035
vn -0.8141 0.5808 0.0029
vn -0.8120 0.5836 0.0012
vn -0.8722 0.4891 -0.0058
vn -0.8724 0.4886 -0.0113
vn -0.8769 0.4805 -0.0149
vn -0.9237 0.3826 -0.0191
vn -0.9241 0.3811 -0.0296
vn -0.9269 0.3747 -0.0225
vn -0.8770 0.4803 -0.0173
vn -0.9269 0.3744 -0.0244
vn -0.9299 0.3669 -0.0258
vn -0.8812 0.4724 -0.0196
vn -0.8807 0.4735 -0.0096
vn -0.9301 0.3658 -0.0323
vn -0.8850 0.4654 -0.0115
vn -0.8071 0.5905 -0.0015
vn -0.8015 0.5979 -0.0036
vn -0.9331 0.3580 -0.0338
vn -0.9331 0.3583 -0.0321
vn -0.9354 0.3527 -0.0254
vn -0.8851 0.4652 -0.0136
vn -0.8886 0.4582 -0.0206
vn -0.8884 0.4589 -0.0147
vn -0.8917 0.4520 -0.0216
vn -0.9382 0.3451 -0.0256
vn -0.9357 0.3513 -0.0331
vn -0.9382 0.3450 -0.0262
vn -0.8918 0.4519 -0.0226
vn -0.9211 0.3885 -0.0258
vn -0.9210 0.3890 -0.0224
vn -0.9177 0.3969 -0.0136
vn 0.8294 -0.5587 -0.0057
vn 0.8354 -0.5495 -0.0101
vn 0.8659 -0.5001 -0.0116
vn 0.9456 -0.3252 -0.0028
vn 0.9469 -0.3214 -0.0054
vn 0.9447 -0.3278 -0.0042
vn 0.9193 -0.3936 -0.0039
vn 0.8959 -0.4440 -0.0129
vn 0.9470 -0.3212 -0.0042
vn 0.9731 -0.2302 -0.0033
vn 0.9732 -0.2299 -0.0021
vn 0.9727 -0.2319 -0.0030
vn 0.9969 -0.0788 -0.0012
vn 0.0002 -0.0000 -1.0000
vn 0.9945 -0.1048 -0.0016
vn 0.9967 -0.0810 -0.0009
vn 0.9945 -0.1049 -0.0012
vn 0.9944 -0.1053 -0.0015
vn 0.9944 -0.1052 -0.0013
vn 0.9259 -0.3777 -0.0055
vn 0.9224 -0.3862 -0.0046
vn 0.9277 -0.3733 -0.0053
vn 0.6603 -0.7509 -0.0106
vn 0.9254 -0.3789 -0.0045
vn 0.6590 -0.7521 -0.0090
vn 0.6587 -0.7523 -0.0104
vn 0.9945 -0.1047 -0.0007
vn 1.0000 -0.0000 -0.0000
vn 0.9964 -0.0847 0.0001
vn 0.9949 -0.1005 -0.0004
vn 0.9895 -0.1447 -0.0006
vn 0.9959 -0.0902 -0.0000
vn 0.9894 -0.1454 -0.0000
vn 0.9882 -0.1533 0.0006
vn 0.9887 -0.1497 0.0002
vn 0.9893 -0.1457 -0.0002
vn 0.9964 -0.0850 0.0006
vn 0.9890 -0.1480 0.0011
vn 0.9888 -0.1493 0.0017
vn 0.9964 -0.0847 0.0007
vn 0.9701 -0.2427 0.0044
vn 0.9881 -0.1539 0.0021
vn 0.9889 -0.1488 0.0038
vn 0.9700 -0.2431 0.0025
vn 0.9182 -0.3961 -0.0024
vn 0.9177 -0.3974 -0.0012
vn 0.9174 -0.3979 -0.0016
vn 0.8835 -0.4684 -0.0086
vn 0.8515 -0.5224 -0.0458
vn 0.8492 -0.5273 -0.0292
vn 0.8635 -0.5043 -0.0095
vn 0.8446 -0.5354 -0.0084
vn 0.8624 -0.5061 -0.0079
vn 0.8903 -0.4554 0.0011
vn 0.8644 -0.5029 0.0033
vn 0.8883 -0.4593 -0.0091
vn 0.8894 -0.4572 0.0028
vn 0.8646 -0.5025 0.0035
vn 0.8651 -0.5014 0.0106
vn 0.8439 -0.5363 0.0139
vn 0.8434 -0.5372 0.0053
vn 0.8906 -0.4547 0.0038
vn 0.8627 -0.5056 0.0083
vn 0.8457 -0.5335 0.0077
vn 0.8855 -0.4647 -0.0044
vn 0.8561 -0.5167 0.0090
vn 0.8636 -0.5040 0.0147
vn 0.8538 -0.5206 0.0007
vn 0.0848 -0.6711 0.7365
vn -0.4945 -0.7778 0.3879
vn -0.5026 -0.7724 0.3882
vn -0.5178 -0.7630 0.3869
vn -0.4231 -0.6346 0.6467
vn -0.5106 -0.7659 0.3906
vn -0.5196 -0.8173 0.2493
vn -0.4972 -0.8322 0.2455
vn -0.5137 -0.8219 0.2461
vn -0.5289 -0.8127 0.2446
vn -0.5010 -0.8385 0.2144
vn -0.5177 -0.8283 0.2141
vn -0.5681 -0.0812 0.8189
vn -0.5020 -0.8385 0.2121
vn 0.3196 -0.5395 0.7790
vn 0.5282 0.0217 0.8488
vn 0.9302 0.0182 0.3665
vn 0.9279 -0.2344 0.2899
vn 0.3392 -0.5405 0.7700
vn 0.9014 -0.2855 0.3255
vn 0.8231 -0.5483 0.1477
vn 0.8092 -0.5648 0.1620
vn 0.9731 -0.2295 0.0204
vn 0.9904 -0.1152 0.0761
vn 0.0164 -0.9354 0.3533
vn 0.9930 -0.0669 -0.0978
vn 0.9823 -0.1592 0.0985
vn 0.9999 0.0089 0.0128
vn 0.9920 0.0742 0.1022
vn 0.6767 0.5784 0.4556
vn 0.4864 0.6457 0.5887
vn 0.7160 0.5461 0.4348
vn 0.4566 0.6891 0.5627
vn 0.3213 0.7293 0.6041
vn 0.3238 0.6990 0.6376
vn 0.4788 0.6785 0.5572
vn 0.3244 0.7288 0.6030
vn 0.4686 0.6958 0.5443
vn 0.3240 0.7405 0.5888
vn 0.4614 0.6979 0.5477
vn 0.6952 0.5743 0.4323
vn 0.9131 0.3300 0.2393
vn 0.9956 -0.0396 -0.0845
vn 0.6867 0.5794 0.4390
vn 0.9088 0.3469 0.2320
vn 0.9969 -0.0068 -0.0785
vn 0.3231 0.7408 0.5889
vn 0.3423 0.7516 0.5639
vn 0.3436 0.7513 0.5635
vn 0.5410 0.6838 0.4896
vn 0.5879 0.6573 0.4716
vn 0.5874 0.6563 0.4735
vn 0.3434 0.7508 0.5643
vn 0.0198 0.7726 0.6346
vn 0.2430 0.7704 0.5895
vn 0.3143 0.7592 0.5700
vn -0.0808 0.9089 0.4092
vn -0.0000 0.9974 0.0722
vn 0.1387 0.9882 0.0658
vn 0.1495 0.9867 0.0638
vn 0.1522 0.9883 -0.0049
vn 0.1452 0.9894 -0.0038
vn 0.1595 0.9872 -0.0059
vn 0.1591 0.9873 -0.0031
vn 0.4698 0.8827 -0.0114
vn 0.4712 0.8819 -0.0160
vn -0.1334 0.9911 0.0043
vn -0.1336 0.9910 0.0035
vn -0.1399 0.9902 0.0042
vn -0.1399 0.9902 0.0039
vn -0.4521 0.8919 0.0123
vn -0.4514 0.8922 0.0142
vn -0.4247 0.9052 0.0136
vn -0.1339 0.9910 0.0023
vn -0.4287 0.9034 0.0082
vn -0.1413 0.9900 0.0029
vn -0.1417 0.9899 0.0019
vn 0.4564 0.8897 -0.0099
vn 0.4562 0.8898 -0.0097
vn 0.1451 0.9894 -0.0034
vn 0.4739 0.8805 -0.0113
vn 0.4797 0.8772 -0.0174
vn 0.5717 0.8204 -0.0107
vn 0.1593 0.9872 -0.0028
vn 0.2090 0.9779 -0.0063
vn 0.8350 0.5499 -0.0165
vn 0.7928 0.6089 -0.0248
vn 0.7798 0.6258 -0.0167
vn 0.7829 0.6219 -0.0171
vn 0.9469 0.3209 -0.0173
vn 0.9488 0.3154 -0.0192
vn 0.8476 0.5301 -0.0249
vn 0.9697 0.2434 -0.0218
vn 0.9546 0.2978 -0.0095
vn 0.5744 0.8185 -0.0136
vn 0.8942 0.4477 -0.0088
vn -0.4245 0.9054 0.0105
vn -0.7363 0.6737 0.0626
vn -0.7824 0.6188 0.0702
vn -0.9555 0.2903 0.0518
vn -0.9705 0.2375 0.0412
vn -0.9976 0.0583 0.0371
vn -0.9993 -0.0035 0.0381
vn -0.9991 -0.0059 0.0415
vn -0.9980 -0.0630 -0.0015
vn -0.9977 -0.0674 0.0077
vn -0.9994 -0.0273 0.0211
vn -0.9978 0.0357 0.0560
vn -0.9966 -0.0818 -0.0046
vn -0.9961 -0.0865 0.0169
vn -0.9991 -0.0300 0.0305
vn -0.9985 -0.0504 0.0205
vn -0.9951 -0.0979 0.0103
vn -0.9949 -0.0993 0.0199
vn -0.9985 -0.0508 0.0224
vn -0.9936 -0.1102 0.0242
vn -0.9915 -0.1280 0.0212
vn -0.9916 -0.1288 0.0152
vn -0.9930 -0.1163 0.0206
vn -0.9938 -0.1093 0.0203
vn -0.9918 -0.1260 0.0211
vn -0.9909 -0.1316 0.0267
vn -0.9871 -0.1599 0.0129
vn -0.9869 -0.1606 0.0129
vn -0.9870 -0.1605 0.0128
vn -0.9879 -0.1550 0.0098
vn -0.9909 -0.1335 0.0170
vn -0.9887 -0.1490 0.0162
vn -0.9912 -0.1326 0.0067
vn -0.9907 -0.1359 0.0081
vn -0.9931 -0.1165 0.0139
vn -0.9912 -0.1322 0.0080
vn -0.9957 -0.0922 0.0055
vn -0.9956 -0.0929 0.0074
vn -0.9965 -0.0838 0.0031
vn -0.9953 -0.0968 0.0033
vn -0.9980 -0.0629 0.0041
vn -0.9951 -0.0982 0.0059
vn -0.9946 -0.1039 0.0032
vn -0.9984 -0.0571 0.0044
vn -0.9979 -0.0649 0.0053
vn -0.9981 -0.0612 0.0010
vn -0.9991 -0.0414 0.0021
vn -0.9994 -0.0343 -0.0084
vn -0.9973 -0.0734 -0.0017
vn -0.9983 -0.0578 -0.0006
vn -0.9984 -0.0563 -0.0026
vn -0.9975 -0.0703 -0.0042
vn -0.9970 -0.0768 -0.0117
vn -0.9973 -0.0718 -0.0179
vn -0.9944 -0.1053 0.0014
vn -0.9968 -0.0790 -0.0121
vn -0.9869 -0.1613 -0.0065
vn -0.9920 -0.1259 0.0023
vn -0.9911 -0.1332 0.0041
vn -0.9948 -0.1015 0.0019
vn -0.9853 -0.1708 0.0033
vn -0.9915 -0.1297 0.0054
vn -0.9871 -0.1597 0.0066
vn -0.9861 -0.1659 0.0106
vn -0.9846 -0.1750 0.0041
vn -0.9862 -0.1655 0.0075
vn -0.9832 -0.1825 0.0071
vn -0.9886 -0.1504 0.0019
vn -0.9859 -0.1672 -0.0044
vn -0.9868 -0.1617 -0.0051
vn -0.9865 -0.1634 -0.0060
vn -0.9993 -0.0358 -0.0146
vn -0.9941 -0.1019 -0.0358
vn -0.9981 -0.0528 -0.0321
vn -0.9981 -0.0531 -0.0313
vn -0.9980 -0.0255 -0.0578
vn -0.9979 -0.0446 -0.0469
vn -0.9962 -0.0719 -0.0485
vn -0.9990 -0.0320 -0.0298
vn -0.9992 -0.0387 -0.0087
vn -0.9907 -0.1357 0.0084
vn -0.9970 -0.0714 0.0289
vn -0.9972 -0.0703 0.0257
vn -0.9932 -0.1159 0.0090
vn -0.9977 0.0207 0.0643
vn -0.9954 0.0523 0.0799
vn -0.9993 -0.0386 0.0032
vn -0.9991 -0.0433 0.0036
vn -0.9970 -0.0709 -0.0314
vn -0.9988 -0.0499 0.0011
vn -0.9987 -0.0508 0.0037
vn -0.9991 -0.0426 -0.0048
vn -0.9991 -0.0433 -0.0009
vn -0.9999 -0.0126 -0.0007
vn -0.9999 -0.0135 0.0027
vn -0.9996 0.0279 -0.0091
vn -0.9991 -0.0099 -0.0416
vn -0.9995 -0.0138 -0.0299
vn -0.9992 0.0381 -0.0121
vn -0.9983 -0.0126 -0.0570
vn -0.9937 0.0886 -0.0692
vn -0.9828 0.1791 -0.0445
vn -0.9826 0.1743 -0.0641
vn -0.9852 0.1607 -0.0589
vn -0.9768 0.2042 -0.0645
vn -0.9800 0.1924 -0.0512
vn -0.9911 0.1136 -0.0697
vn -0.9918 0.0979 -0.0818
vn -0.9920 0.0985 -0.0796
vn -0.9800 0.1929 -0.0493
vn -0.9493 0.3112 -0.0451
vn -0.9585 0.2814 -0.0447
vn -0.9533 0.3008 -0.0285
vn -0.9534 0.3000 -0.0323
vn -0.9089 0.4164 -0.0238
vn -0.9090 0.4159 -0.0277
vn -0.8761 0.4821 -0.0086
vn -0.8701 0.4926 -0.0138
vn -0.9032 0.4290 -0.0153
vn -0.9145 0.4044 -0.0102
vn -0.9148 0.4034 -0.0185
vn -0.9214 0.3885 -0.0023
vn -0.8894 0.4572 -0.0011
vn -0.9580 0.2859 -0.0231
vn -0.9957 0.0364 -0.0854
vn -0.9962 0.0223 -0.0844
vn -0.9956 0.0277 -0.0894
vn -0.9953 0.0270 -0.0925
vn -0.9950 -0.0378 -0.0926
vn -0.9945 -0.0424 -0.0962
vn -0.9954 0.0354 -0.0891
vn -0.9954 0.0556 -0.0781
vn -0.9962 0.0493 -0.0711
vn -0.9956 0.0467 -0.0807
vn -0.9957 -0.0425 -0.0821
vn -0.9954 0.0654 -0.0699
vn -0.9962 0.0596 -0.0633
vn -0.9951 -0.0679 -0.0714
vn -0.9946 -0.0717 -0.0745
vn -0.9947 -0.0746 -0.0702
vn -0.9956 0.0664 -0.0660
vn -0.9944 -0.0802 -0.0683
vn -0.9952 0.0742 -0.0640
vn -0.9954 0.0755 -0.0592
vn -0.9950 -0.0719 -0.0698
vn -0.9940 0.0877 -0.0654
vn -0.9948 0.0823 -0.0598
vn -0.9949 0.0829 -0.0576
vn -0.9898 0.1269 -0.0654
vn -0.9900 0.1289 -0.0577
vn -0.9883 0.1371 -0.0671
vn -0.9907 0.1116 -0.0772
vn -0.9741 0.2177 -0.0605
vn -0.9742 0.2193 -0.0537
vn -0.9769 0.2079 -0.0493
vn -0.9633 0.2653 -0.0399
vn -0.9966 -0.0129 -0.0816
vn -0.9966 0.0233 -0.0793
vn -0.9208 0.3899 0.0091
vn -0.9299 0.3676 -0.0106
vn -0.9376 0.3476 -0.0056
vn -0.9374 0.3482 -0.0018
vn -0.9287 0.3706 0.0137
vn -0.9443 0.3292 -0.0031
vn -0.9432 0.3320 0.0141
vn -0.9771 0.2124 -0.0119
vn -0.9486 0.3164 0.0089
vn -0.1669 0.1104 0.9798
vn -0.8983 0.4394 0.0013
vn -0.8964 0.4433 0.0043
vn -0.8984 0.4392 0.0004
vn -0.0000 -0.9992 0.0387
vn -0.8902 0.4555 0.0092
vn -0.8973 0.4414 -0.0020
vn -0.8749 0.4841 0.0166
vn -0.9074 0.4201 0.0108
vn -0.9077 0.4196 0.0072
vn -0.8997 0.4362 0.0190
vn -0.9190 0.3943 0.0012
vn -0.8968 0.4425 0.0005
vn -0.9202 0.3914 0.0009
vn -0.9203 0.3911 -0.0011
vn -0.9449 0.3274 -0.0027
vn -0.9447 0.3279 0.0006
vn -0.9434 0.3317 -0.0001
vn -0.9205 0.3907 0.0004
vn -0.9485 0.3168 0.0007
vn -0.9457 0.3251 0.0007
vn -0.9462 0.3235 0.0019
vn -0.9214 0.3887 0.0023
vn -0.9206 0.3904 0.0016
vn -0.9462 0.3237 0.0032
vn -0.9213 0.3888 0.0056
vn -0.9224 0.3862 0.0038
vn -0.9215 0.3885 0.0033
vn -0.9028 0.4299 0.0063
vn -0.8991 0.4378 0.0038
vn -0.8972 0.4417 0.0017
vn -0.9456 0.3254 0.0006
vn -0.9704 0.2414 0.0005
vn -0.9709 0.2395 0.0013
vn -0.9470 0.3211 0.0017
vn -0.9706 0.2408 0.0009
vn -0.9877 0.1565 0.0006
vn -0.9869 0.1612 0.0001
vn -0.9701 0.2426 0.0001
vn -0.9690 0.2472 -0.0006
vn -0.9851 0.1721 -0.0006
vn -0.9697 0.2445 -0.0011
vn -0.9697 0.2444 -0.0014
vn -0.9884 0.1517 0.0005
vn -0.9880 0.1547 -0.0012
vn -0.9880 0.1547 -0.0010
vn -0.9692 0.2461 -0.0026
vn -0.9878 0.1556 -0.0033
vn -0.9878 0.1559 -0.0018
vn -0.9874 0.1580 -0.0023
vn -0.9693 0.2457 -0.0046
vn -0.9680 0.2510 -0.0019
vn -0.9869 0.1614 -0.0030
vn -0.9682 0.2502 -0.0059
vn -0.9875 0.1575 -0.0045
vn -0.9982 0.0602 -0.0017
vn -0.9984 0.0562 -0.0023
vn -0.9868 0.1616 -0.0020
vn -0.9985 0.0553 -0.0012
vn -0.9857 0.1682 -0.0058
vn -0.9984 0.0571 -0.0020
vn -0.9985 0.0553 -0.0014
vn -0.9970 -0.0776 0.0027
vn -0.9942 -0.1071 0.0027
vn -0.9968 -0.0803 0.0027
vn -0.9606 -0.2777 0.0093
vn -0.9972 -0.0754 0.0026
vn -0.9615 -0.2748 0.0096
vn -0.9976 -0.0694 0.0026
vn -0.9601 -0.2793 0.0106
vn -0.9597 -0.2809 0.0094
vn -0.9608 -0.2771 0.0098
vn -0.9608 -0.2770 0.0102
vn -0.7704 -0.6372 0.0225
vn -0.7704 -0.6372 0.0212
vn -0.7702 -0.6374 0.0212
vn -0.7702 -0.6374 0.0224
vn -0.3021 -0.9527 0.0317
vn -0.3023 -0.9526 0.0335
vn -0.3021 -0.9527 0.0335
vn -0.7703 -0.6373 0.0233
vn -0.3021 -0.9526 0.0349
vn -0.3019 -0.9527 0.0349
vn -0.7675 -0.6406 0.0239
vn -0.7702 -0.6374 0.0242
vn -0.3081 -0.9507 0.0361
vn -0.3020 -0.9526 0.0366
vn 0.0263 -0.9989 0.0384
vn 0.0197 -0.9990 0.0389
vn -0.3082 -0.9506 0.0370
vn -0.3018 -0.9526 0.0376
vn -0.3085 -0.9504 0.0382
vn 0.0197 -0.9990 0.0401
vn -0.7703 -0.6372 0.0252
vn -0.3084 -0.9506 0.0363
vn -0.7702 -0.6373 0.0243
vn -0.7705 -0.6370 0.0252
vn -0.7724 -0.6347 0.0239
vn -0.9605 -0.2780 0.0105
vn -0.9614 -0.2749 0.0109
vn -0.9614 -0.2750 0.0109
vn -0.9605 -0.2780 0.0108
vn -0.9605 -0.2782 0.0092
vn -0.9976 -0.0686 0.0027
vn -0.9974 -0.0715 0.0024
vn -0.9973 -0.0737 0.0018
vn -0.9603 -0.2787 0.0069
vn -0.9605 -0.2783 0.0092
vn -0.7721 -0.6351 0.0210
vn 0.0198 -0.9991 0.0379
vn 0.0198 -0.9990 0.0395
vn 0.0198 -0.9991 0.0366
vn 0.2513 -0.9672 0.0367
vn 0.2513 -0.9673 0.0354
vn 0.0198 -0.9992 0.0352
vn 0.2579 -0.9656 0.0340
vn 0.2580 -0.9655 0.0359
vn 0.6645 -0.7468 0.0259
vn 0.6643 -0.7470 0.0260
vn 0.6645 -0.7468 0.0277
vn 0.2516 -0.9672 0.0336
vn 0.6647 -0.7467 0.0249
vn 0.6644 -0.7470 0.0249
vn 0.2515 -0.9673 0.0322
vn 0.2517 -0.9673 0.0322
vn 0.2528 -0.9664 0.0468
vn 0.6666 -0.7445 0.0366
vn 0.6675 -0.7438 0.0365
vn 0.2405 -0.9695 0.0478
vn 0.2476 -0.9651 0.0857
vn 0.2303 -0.9694 0.0848
vn 0.6921 -0.7189 0.0645
vn 0.6800 -0.7302 0.0668
vn 0.9496 -0.3060 0.0682
vn 0.9391 -0.3419 0.0359
vn 0.7572 -0.6421 0.1197
vn 0.9566 -0.2851 0.0600
vn 0.9771 -0.1934 0.0885
vn 0.9917 -0.1221 0.0403
vn 0.9934 -0.1062 0.0428
vn 0.9841 -0.1579 0.0813
vn 0.9929 -0.1172 0.0205
vn 0.9941 -0.1069 0.0200
vn 0.9901 -0.1343 0.0410
vn 0.9909 -0.1334 0.0175
vn 0.9718 -0.2347 0.0215
vn 0.9887 -0.1452 0.0380
vn 0.9721 -0.2309 0.0403
vn 0.9713 -0.2340 0.0418
vn 0.9692 -0.2266 0.0964
vn 0.9816 -0.1666 0.0939
vn 0.9464 -0.2245 0.2324
vn 0.9842 -0.1534 0.0881
vn 0.9504 -0.2078 0.2316
vn 0.9696 -0.2243 0.0978
vn 0.9329 -0.3443 0.1056
vn 0.9183 -0.3096 0.2468
vn 0.9501 -0.2028 0.2370
vn 0.9324 -0.3459 0.1044
vn 0.9182 -0.3105 0.2458
vn 0.7553 -0.1686 0.6333
vn 0.7518 -0.1677 0.6377
vn 0.7650 -0.1309 0.6305
vn 0.0353 0.0618 0.9975
vn 0.0885 0.1553 0.9839
vn 0.7625 -0.1312 0.6336
vn 0.1100 0.1503 0.9825
vn 0.6664 -0.3816 0.6405
vn -0.1003 -0.4390 0.8929
vn 0.0245 0.0623 0.9978
vn -0.1636 -0.4167 0.8942
vn -0.1975 -0.8643 0.4625
vn -0.1962 -0.8646 0.4627
vn -0.1647 -0.4165 0.8941
vn -0.0937 -0.4128 0.9060
vn -0.0262 -0.9823 0.1856
vn -0.1003 -0.9763 0.1916
vn -0.0894 -0.8702 0.4845
vn -0.0264 -0.9823 0.1856
vn -0.0850 -0.8868 0.4543
vn -0.0939 -0.9794 0.1785
vn 0.2214 -0.9601 0.1707
vn 0.2771 -0.9451 0.1730
vn 0.4402 -0.8040 0.3998
vn 0.3674 -0.8264 0.4266
vn 0.6809 -0.3828 0.6244
vn 0.9576 -0.1952 0.2121
vn 0.8922 -0.4060 0.1976
vn 0.9141 -0.3601 0.1864
vn 0.7685 -0.6294 0.1152
vn -0.0267 -0.9957 0.0883
vn 0.0132 -0.9958 0.0907
vn -0.0265 -0.9953 0.0936
vn 0.0066 -0.9959 0.0907
vn 0.0066 -0.9987 0.0500
vn 0.0132 -0.9987 0.0500
vn 0.0197 -0.9985 0.0504
vn 0.0198 -0.9986 0.0491
vn -0.3108 -0.9493 0.0480
vn 0.0198 -0.9993 0.0333
vn -0.3023 -0.9527 0.0317
vn -0.3036 -0.9516 0.0486
vn -0.3179 -0.9439 0.0889
vn -0.3516 -0.9318 0.0903
vn -0.7718 -0.6351 0.0330
vn -0.8114 -0.5816 0.0581
vn -0.7862 -0.6145 0.0654
vn -0.7772 -0.6283 0.0333
vn -0.9639 -0.2639 0.0353
vn -0.9623 -0.2715 0.0164
vn -0.9610 -0.2760 0.0160
vn -0.9679 -0.2494 0.0314
vn -0.9963 -0.0764 0.0405
vn -0.9726 -0.2238 0.0626
vn -0.9974 -0.0699 0.0190
vn -0.9969 -0.0769 0.0179
vn -0.9973 -0.0728 0.0069
vn -0.9966 0.0824 0.0007
vn -0.9964 0.0839 0.0085
vn -0.9974 -0.0720 0.0070
vn -0.9770 -0.2062 0.0538
vn -0.8534 -0.5083 0.1153
vn -0.3931 -0.9021 0.1778
vn -0.8760 -0.4717 0.1002
vn -0.4627 -0.8684 0.1783
vn -0.6156 -0.6811 0.3966
vn -0.9460 -0.2771 0.1684
vn -0.6613 -0.6538 0.3677
vn 0.0246 0.0623 0.9978
vn 0.0896 0.1549 0.9839
vn 0.0336 0.0582 0.9977
vn 0.6768 -0.3226 0.6617
vn 0.8530 -0.4534 0.2585
vn 0.8715 -0.4774 0.1118
vn 0.8524 -0.4537 0.2600
vn 0.8718 -0.4768 0.1125
vn 0.9947 -0.1007 0.0206
vn 0.9927 -0.1205 0.0084
vn 0.9945 -0.1047 0.0082
vn 0.9948 -0.1016 0.0076
vn 0.9930 -0.1181 0.0077
vn 0.9928 -0.1193 0.0040
vn 0.9947 -0.1031 0.0037
vn 0.9942 -0.1074 0.0038
vn 0.9943 -0.1064 0.0040
vn 0.9933 -0.1158 0.0031
vn 0.9933 -0.1153 0.0032
vn 0.9328 -0.3581 0.0394
vn 0.9294 -0.3686 0.0197
vn 0.9284 -0.3711 0.0196
vn 0.9275 -0.3735 0.0125
vn 0.9273 -0.3740 0.0125
vn 0.9274 -0.3739 0.0130
vn -0.9601 -0.2796 0.0106
vn -0.9973 -0.0732 0.0027
vn -0.9985 0.0539 -0.0003
vn -0.9985 0.0549 0.0001
vn -0.9973 -0.0739 0.0011
vn -0.9986 0.0538 -0.0008
vn -0.9970 -0.0777 0.0002
vn 0.0001 -0.0000 -1.0000
vn -0.9972 -0.0741 -0.0006
vn -0.9975 0.0706 -0.0005
vn -0.9982 0.0592 -0.0000
vn -0.9986 0.0534 0.0003
vn -0.9987 0.0518 0.0009
vn -0.9884 0.1517 0.0021
vn -0.9887 0.1498 0.0025
vn -0.9887 0.1497 0.0031
vn -0.9718 0.2357 0.0032
vn -0.9724 0.2334 0.0048
vn -0.9718 0.2358 0.0040
vn -0.9726 0.2325 0.0063
vn -0.9884 0.1518 0.0015
vn -0.9719 0.2356 0.0023
vn -0.9880 0.1543 0.0009
vn -0.9714 0.2373 0.0032
vn -0.9715 0.2370 0.0014
vn -0.9710 0.2390 0.0024
vn -0.9480 0.3183 0.0032
vn -0.9485 0.3167 0.0043
vn -0.9481 0.3181 0.0021
vn -0.9711 0.2389 0.0016
vn -1.0000 0.0001 -0.0000
vn -0.9416 0.3366 -0.0042
vn -0.9413 0.3376 0.0018
vn -0.9383 0.3458 -0.0052
vn -0.9663 0.2575 -0.0022
vn -0.9382 0.3460 -0.0039
vn -0.9662 0.2578 -0.0005
vn -0.9333 0.3592 0.0041
vn -0.9131 0.4076 0.0020
vn -0.9133 0.4072 -0.0008
vn -0.9163 0.4004 0.0060
vn -0.9169 0.3992 -0.0020
vn -0.9641 0.2655 -0.0059
vn -0.9469 0.3215 0.0042
vn -0.9457 0.3251 -0.0011
vn -0.9189 0.3945 0.0026
vn -0.8986 0.4377 0.0305
vn -0.9940 0.1091 0.0100
vn -0.9945 0.1039 0.0146
vn -0.9929 0.1181 0.0151
vn -0.9991 0.0435 -0.0000
vn -0.8489 0.5285 0.0006
vn -0.9968 -0.0732 0.0327
vn -0.8482 0.5293 0.0191
vn -0.8484 0.5291 0.0189
vn -0.8795 0.4760 0.0007
vn -0.8784 0.4776 0.0199
vn -0.8781 0.4781 0.0202
vn -0.8502 0.5265 -0.0009
vn -0.8505 0.5260 -0.0071
vn -0.8533 0.5214 -0.0036
vn -0.8589 0.5121 0.0010
vn -0.8534 0.5212 -0.0059
vn -0.8578 0.5137 0.0149
vn -0.8683 0.4961 0.0038
vn -0.9077 0.4196 0.0002
vn -0.9078 0.4194 -0.0010
vn -0.8961 0.4437 0.0129
vn -0.9497 0.3132 0.0030
vn -0.9496 0.3134 0.0044
vn -0.9559 0.2938 -0.0050
vn -0.9778 0.2094 -0.0018
vn -0.9448 0.3275 -0.0061
vn -0.9805 0.1963 -0.0013
vn -0.9786 0.2055 -0.0060
vn -0.9746 0.2238 -0.0023
vn -0.9961 0.0875 0.0094
vn 0.1056 0.1455 0.9837
vn 0.0400 0.0552 0.9977
vn -0.1180 -0.1464 0.9822
vn -0.0644 -0.0799 0.9947
vn 0.8404 -0.5397 0.0495
vn 0.9729 -0.2305 0.0199
vn 0.9602 -0.2794 0.0063
vn 0.9861 -0.1659 0.0019
vn -0.3020 -0.9526 0.0358
vn -0.3069 -0.9516 0.0147
vn -0.9613 -0.2754 0.0006
vn -0.9601 -0.2798 -0.0001
vn -0.3060 -0.9520 -0.0132
vn 0.2552 -0.9669 -0.0035
vn 0.9239 -0.3826 -0.0000
vn 0.2545 -0.9670 -0.0134
vn 0.2490 -0.9684 -0.0138
vn -0.9942 0.0891 -0.0596
vn -0.9934 0.0942 -0.0648
vn -0.9935 0.0947 -0.0626
vn -0.9931 0.1019 -0.0573
vn -0.9920 0.1213 -0.0343
vn -0.9935 0.1050 -0.0440
vn 0.9452 0.3014 0.1259
vn 0.9623 0.2397 0.1283
vn 0.9605 0.2515 0.1187
vn 0.9737 0.1937 0.1202
vn 0.9837 0.1572 0.0875
vn 0.9781 0.1796 0.1054
vn 0.9719 0.2109 0.1049
vn 0.9806 0.1794 0.0788
vn 0.9817 0.1748 0.0761
vn 0.9748 0.2083 0.0803
vn 0.9743 0.2114 0.0784
vn 0.9640 0.2537 0.0794
vn 0.9638 0.2539 0.0813
vn 0.9741 0.2115 0.0794
vn 0.9728 0.2167 0.0821
vn 0.9468 0.3109 0.0834
vn 0.9469 0.3109 0.0815
vn 0.9485 0.3066 0.0800
vn 0.9624 0.2586 0.0834
vn 0.9649 0.2497 0.0814
vn 0.9457 0.3146 0.0819
vn 0.9430 0.3066 0.1291
vn 0.9138 0.3986 0.0785
vn 0.9093 0.3967 0.1257
vn 0.9105 0.3943 0.1246
vn 0.9126 0.4011 0.0792
vn 0.8201 0.5609 0.1134
vn 0.8233 0.5631 0.0713
vn 0.8236 0.5624 0.0730
vn 0.8237 0.5625 0.0712
vn 0.9125 0.4010 0.0810
vn 0.9115 0.4035 0.0802
vn 0.9805 0.1796 0.0798
vn 0.9579 -0.2839 0.0425
vn 0.9863 -0.1562 0.0527
vn 0.9857 -0.1628 0.0441
vn 0.9579 -0.2849 0.0369
vn 0.9822 -0.1850 0.0313
vn 0.9978 -0.0009 0.0660
vn 0.9975 0.0046 0.0699
vn 0.9731 0.2164 0.0791
vn 0.9805 0.1808 0.0768
vn 0.9628 0.2610 0.0704
vn 0.9746 0.2125 0.0706
vn 0.8282 0.5563 0.0681
vn 0.8284 0.5555 0.0719
vn 0.8259 0.5599 0.0671
vn 0.8256 0.5597 0.0721
vn 0.6343 0.7717 0.0468
vn 0.6320 0.7736 0.0463
vn 0.6319 0.7734 0.0513
vn 0.8286 0.5565 0.0609
vn 0.6296 0.7753 0.0508
vn 0.2849 0.9583 0.0212
vn 0.8309 0.5529 0.0618
vn 0.8313 0.5532 0.0541
vn 0.9244 0.3786 0.0468
vn 0.9612 0.2719 0.0477
vn 0.9538 0.2954 0.0553
vn 0.9336 0.3559 0.0414
vn 0.9612 0.2719 0.0478
vn 0.9338 0.3559 0.0379
vn 0.9696 0.2416 0.0384
vn 0.8594 0.5107 0.0245
vn 0.8717 0.4892 0.0283
vn 0.9462 0.3221 0.0303
vn 0.8590 0.5105 0.0388
vn 0.9745 0.2193 0.0477
vn 0.9786 0.1978 0.0562
vn 0.9792 0.1973 0.0464
vn 0.9932 0.1157 -0.0102
vn 0.9963 0.0817 -0.0260
vn 0.9940 0.1051 -0.0290
vn 0.9941 0.1054 -0.0266
vn 0.9949 0.0969 -0.0287
vn 0.9956 0.0880 -0.0319
vn 0.9945 0.0985 -0.0366
vn 0.9951 0.0938 -0.0322
vn 0.9954 0.0935 -0.0223
vn 0.9960 0.0868 -0.0229
vn 0.9962 0.0857 -0.0181
vn 0.9971 0.0762 -0.0004
vn 0.9966 0.0828 0.0016
vn 0.9963 0.0813 -0.0264
vn 0.9978 0.0662 -0.0100
vn 0.9939 0.1082 -0.0234
vn 0.9943 0.1037 -0.0260
vn 0.9953 0.0971 0.0011
vn 0.9983 0.0585 0.0079
vn 0.9991 0.0422 -0.0022
vn 0.9970 0.0770 0.0101
vn 0.9962 0.0868 -0.0071
vn 0.9885 0.1420 0.0517
vn 0.9864 0.1627 0.0232
vn 0.9989 0.0466 -0.0053
vn 0.9953 0.0924 0.0302
vn 0.9938 0.1091 0.0216
vn 0.9986 -0.0088 -0.0530
vn 0.9990 -0.0001 -0.0457
vn 0.9981 0.0603 -0.0079
vn 0.9983 0.0573 -0.0077
vn 0.9996 -0.0002 -0.0292
vn 0.9995 0.0051 -0.0303
vn 0.9994 0.0014 -0.0336
vn 0.9985 -0.0106 -0.0531
vn 0.9994 0.0032 -0.0338
vn 0.9992 0.0017 -0.0411
vn 0.9998 0.0213 -0.0045
vn 0.9997 0.0222 -0.0045
vn 0.9995 0.0266 -0.0191
vn 0.9988 -0.0014 -0.0496
vn 0.9993 0.0376 0.0042
vn 0.9990 0.0158 -0.0412
vn 0.9963 -0.0091 -0.0849
vn 0.9985 0.0229 -0.0496
vn 0.9972 0.0106 -0.0740
vn 0.9966 -0.0231 -0.0789
vn 0.9979 0.0018 -0.0651
vn 0.9975 -0.0037 -0.0703
vn 0.9962 -0.0012 -0.0867
vn 0.9961 -0.0059 -0.0881
vn 0.9976 -0.0161 -0.0672
vn 0.9968 -0.0255 -0.0758
vn 0.9989 0.0381 0.0270
vn 0.9985 0.0461 0.0312
vn 0.9987 0.0435 0.0265
vn 0.9997 0.0246 0.0066
vn 0.9991 0.0406 0.0145
vn 0.9982 0.0501 0.0324
vn 0.9984 0.0472 0.0303
vn 0.9973 0.0675 0.0285
vn 0.9982 0.0562 0.0229
vn 0.9979 0.0518 0.0387
vn 0.9980 0.0603 0.0184
vn 0.9978 0.0599 0.0281
vn 0.9989 0.0407 0.0212
vn 0.9987 0.0385 0.0322
vn 0.9990 0.0375 0.0238
vn 0.9992 0.0402 0.0006
vn 0.9989 0.0468 0.0095
vn 0.9998 0.0193 0.0047
vn 0.9996 0.0206 0.0202
vn 0.9985 0.0544 -0.0037
vn 0.9988 0.0479 -0.0120
vn 0.9997 0.0227 0.0092
vn 0.9997 0.0236 -0.0077
vn 0.9996 0.0287 -0.0003
vn 0.9996 0.0295 -0.0044
vn 0.9984 0.0551 -0.0096
vn 0.9992 0.0393 -0.0109
vn 1.0000 0.0041 -0.0035
vn 1.0000 0.0050 -0.0073
vn 1.0000 -0.0030 0.0061
vn 1.0000 -0.0027 0.0023
vn 0.9980 0.0632 0.0057
vn 0.9977 0.0685 0.0024
vn 0.9975 0.0697 -0.0099
vn 0.9987 0.0400 0.0308
vn 0.9993 0.0237 0.0287
vn 0.9996 0.0213 0.0194
vn 0.9972 0.0751 0.0042
vn 0.9999 0.0029 -0.0152
vn 0.9994 0.0354 -0.0012
vn 0.9995 0.0321 0.0020
vn 0.9998 0.0086 -0.0171
vn 0.9994 0.0278 0.0227
vn 0.9996 0.0241 0.0151
vn 0.9995 0.0198 0.0226
vn 0.9997 0.0166 0.0157
vn 0.9982 0.0018 -0.0592
vn 0.9997 0.0183 -0.0181
vn 0.9992 0.0248 -0.0314
vn 0.9981 0.0182 -0.0594
vn 0.9988 0.0347 -0.0333
vn 0.9997 0.0248 -0.0008
vn 0.9770 0.1951 0.0857
vn 0.9779 0.1908 0.0861
vn 0.9575 0.2521 0.1405
vn 0.9934 0.1099 0.0326
vn 0.8151 0.4892 0.3104
vn 0.8218 0.4731 0.3176
vn 0.9987 0.0285 -0.0414
vn 0.9848 0.1720 0.0249
vn 0.9830 0.1831 -0.0132
vn 0.9844 0.1723 -0.0347
vn 0.9853 0.1701 -0.0120
vn 0.9854 0.1666 -0.0366
vn 0.9932 0.1105 -0.0371
vn 0.9514 0.3066 -0.0287
vn 0.9287 0.3697 0.0293
vn 0.9392 0.3428 -0.0190
vn 0.9397 0.3408 0.0287
vn 0.9965 0.0813 -0.0184
vn 0.9929 0.1140 -0.0340
vn 0.9933 0.1102 -0.0340
vn 0.9931 0.1110 -0.0369
vn 0.9993 0.0371 -0.0046
vn 0.9993 -0.0123 -0.0341
vn 0.9991 0.0103 -0.0409
vn 0.9983 0.0226 -0.0530
vn 0.9953 0.0029 -0.0967
vn 0.9483 0.3167 -0.0194
vn 0.9925 0.1169 -0.0360
vn 0.9942 0.1049 -0.0237
vn 0.9857 0.1681 -0.0126
vn 0.9912 0.1324 -0.0060
vn 0.6732 0.7392 0.0195
vn 0.6494 0.7605 -0.0062
vn -0.1921 0.9814 -0.0003
vn -0.3442 0.9389 -0.0071
vn -0.3115 0.9502 -0.0082
vn 0.3024 0.9532 0.0050
vn -0.7992 0.6007 -0.0202
vn -0.8637 0.5032 -0.0286
vn -0.9916 0.1258 -0.0305
vn -0.9916 0.1254 -0.0323
vn -0.8642 0.5020 -0.0351
vn -0.9974 0.0542 -0.0473
vn -0.9977 0.0546 -0.0394
vn -0.9991 -0.0082 -0.0409
vn -0.9872 -0.1521 -0.0472
vn -0.9875 -0.1529 -0.0389
vn -0.9792 -0.1954 -0.0550
vn -0.9791 -0.1977 -0.0471
vn -0.9936 -0.1027 -0.0473
vn -0.9788 -0.1973 -0.0550
vn -0.9710 -0.2304 -0.0638
vn -0.9735 -0.2196 -0.0638
vn -0.9846 -0.1658 -0.0551
vn -0.9773 -0.1998 -0.0709
vn -0.9780 -0.1993 -0.0611
vn -0.9821 -0.1802 -0.0551
vn -0.9725 -0.2201 -0.0762
vn -0.9914 -0.1071 -0.0757
vn -0.9910 -0.1139 -0.0707
vn -0.9936 -0.1092 -0.0298
vn -0.9836 0.1805 0.0073
vn -0.9937 0.1122 0.0044
vn -0.9976 0.0696 -0.0033
vn -0.9961 -0.0837 0.0292
vn -0.9999 -0.0093 -0.0048
vn -0.9866 -0.1631 -0.0062
vn -0.9834 -0.1630 -0.0793
vn -0.9927 -0.0952 -0.0736
vn -0.3938 0.9189 -0.0248
vn 0.2926 0.9560 0.0210
vn 0.2926 0.9560 0.0181
vn 0.2927 0.9561 0.0147
vn 0.2927 0.9560 0.0181
vn -0.9553 -0.2800 -0.0951
vn -0.9846 -0.1588 -0.0737
vn -0.9657 -0.2507 -0.0673
vn 0.6654 0.7462 0.0183
s 0
usemtl [0131_Silver]
f 1//1 4//1 2//1
f 1//2 2//2 3//2
f 7//3 1//3 3//3
f 4//4 1//4 5//4
f 1//5 6//5 5//5
f 1//6 7//6 6//6
f 7//7 8//7 6//7
f 8//8 7//8 9//8
f 9//9 7//9 10//9
f 7//10 3//10 10//10
f 10//11 3//11 11//11
f 12//12 10//12 11//12
f 10//12 12//12 9//12
f 12//13 13//13 14//13
f 12//13 16//13 13//13
f 15//14 12//14 14//14
f 15//15 9//15 12//15
f 11//13 16//13 12//13
f 11//13 17//13 16//13
f 16//16 17//16 19//16
f 18//17 16//17 19//17
f 18//18 13//18 16//18
f 19//19 17//19 22//19
f 19//20 20//20 18//20
f 19//21 21//21 20//21
f 22//22 21//22 19//22
f 17//23 23//23 22//23
f 23//24 21//24 22//24
f 25//25 24//25 23//25
f 24//26 26//26 23//26
f 17//27 25//27 23//27
f 23//28 26//28 21//28
f 27//29 28//29 26//29
f 24//30 27//30 26//30
f 26//31 28//31 29//31
f 26//32 29//32 21//32
f 28//33 30//33 29//33
f 29//34 30//34 33//34
f 21//35 29//35 20//35
f 20//36 29//36 31//36
f 29//37 32//37 31//37
f 33//38 32//38 29//38
f 32//39 33//39 34//39
f 33//40 35//40 34//40
f 30//41 35//41 33//41
f 35//42 36//42 34//42
f 35//43 37//43 36//43
f 38//44 37//44 35//44
f 30//45 38//45 35//45
f 40//46 39//46 38//46
f 39//47 43//47 38//47
f 40//48 38//48 41//48
f 41//49 38//49 30//49
f 38//50 42//50 37//50
f 38//51 43//51 42//51
f 43//52 44//52 42//52
f 45//53 44//53 43//53
f 39//54 45//54 43//54
f 45//55 46//55 44//55
f 49//56 46//56 45//56
f 47//57 48//57 45//57
f 47//58 45//58 39//58
f 48//59 49//59 45//59
f 48//60 50//60 49//60
f 50//61 51//61 49//61
f 49//62 51//62 46//62
f 50//63 53//63 51//63
f 51//64 52//64 46//64
f 51//65 53//65 52//65
f 50//66 54//66 53//66
f 54//67 52//67 53//67
f 54//68 55//68 52//68
f 56//69 55//69 54//69
f 57//70 56//70 54//70
f 57//71 54//71 50//71
f 56//72 57//72 58//72
f 61//73 58//73 57//73
f 57//74 59//74 60//74
f 59//75 57//75 50//75
f 61//76 57//76 60//76
f 62//77 58//77 61//77
f 64//78 62//78 61//78
f 61//79 59//79 63//79
f 64//80 61//80 63//80
f 59//81 61//81 60//81
f 65//82 62//82 64//82
f 65//83 64//83 66//83
f 64//84 63//84 66//84
f 67//85 65//85 66//85
f 67//86 66//86 68//86
f 66//87 63//87 68//87
f 67//88 68//88 69//88
f 69//89 68//89 70//89
f 63//90 71//90 68//90
f 71//91 70//91 68//91
f 71//92 47//92 39//92
f 71//93 39//93 40//93
f 70//94 71//94 40//94
f 71//95 63//95 59//95
f 71//96 59//96 48//96
f 71//97 48//97 47//97
f 27//98 70//98 72//98
f 69//99 70//99 27//99
f 70//100 41//100 72//100
f 70//101 40//101 41//101
f 27//102 72//102 28//102
f 72//103 41//103 28//103
f 73//104 67//104 69//104
f 73//105 69//105 24//105
f 24//106 69//106 27//106
f 76//107 74//107 73//107
f 73//108 74//108 75//108
f 75//109 67//109 73//109
f 24//110 76//110 73//110
f 77//13 76//13 78//13
f 79//13 76//13 77//13
f 79//13 74//13 76//13
f 78//111 76//111 24//111
f 80//112 82//112 79//112
f 77//113 80//113 79//113
f 82//114 81//114 79//114
f 81//13 74//13 79//13
f 83//115 82//115 84//115
f 83//116 85//116 82//116
f 84//117 82//117 80//117
f 81//118 82//118 85//118
f 85//119 86//119 88//119
f 85//120 87//120 86//120
f 85//121 83//121 87//121
f 81//122 85//122 88//122
f 86//123 89//123 88//123
f 89//13 91//13 88//13
f 88//13 90//13 81//13
f 88//13 91//13 90//13
f 90//124 91//124 65//124
f 91//13 89//13 92//13
f 91//125 92//125 93//125
f 65//126 91//126 93//126
f 94//127 95//127 93//127
f 93//128 92//128 94//128
f 93//129 95//129 62//129
f 93//130 62//130 65//130
f 94//131 58//131 95//131
f 62//132 95//132 58//132
f 58//131 94//131 92//131
f 56//131 92//131 89//131
f 58//131 92//131 56//131
f 81//13 90//13 74//13
f 74//133 90//133 96//133
f 90//134 65//134 96//134
f 74//135 96//135 75//135
f 96//136 67//136 75//136
f 65//137 67//137 96//137
f 56//131 89//131 55//131
f 55//131 89//131 97//131
f 86//138 97//138 89//138
f 55//131 97//131 52//131
f 52//131 97//131 98//131
f 86//139 98//139 97//139
f 52//131 98//131 46//131
f 98//140 86//140 87//140
f 100//131 98//131 99//131
f 87//141 99//141 98//141
f 100//131 46//131 98//131
f 106//131 46//131 100//131
f 100//142 102//142 101//142
f 100//143 101//143 103//143
f 100//144 104//144 102//144
f 103//145 106//145 100//145
f 100//146 105//146 104//146
f 100//131 99//131 105//131
f 106//147 108//147 107//147
f 46//131 106//131 107//131
f 106//145 103//145 109//145
f 108//148 106//148 109//148
f 109//145 110//145 111//145
f 109//145 103//145 110//145
f 108//149 109//149 112//149
f 112//145 109//145 111//145
f 111//150 108//150 112//150
f 108//150 111//150 113//150
f 111//151 114//151 113//151
f 111//145 110//145 115//145
f 114//151 111//151 115//151
f 116//152 114//152 115//152
f 115//145 110//145 116//145
f 121//153 116//153 117//153
f 117//154 116//154 118//154
f 118//155 116//155 120//155
f 110//156 119//156 116//156
f 114//152 116//152 121//152
f 116//157 119//157 120//157
f 122//13 114//13 121//13
f 124//158 122//158 121//158
f 126//159 123//159 121//159
f 124//160 121//160 123//160
f 121//161 117//161 125//161
f 126//162 121//162 125//162
f 130//163 123//163 126//163
f 129//164 126//164 127//164
f 126//165 125//165 127//165
f 128//166 126//166 129//166
f 131//167 126//167 128//167
f 130//168 126//168 131//168
f 132//169 131//169 128//169
f 132//170 130//170 131//170
f 133//171 132//171 135//171
f 133//172 134//172 132//172
f 134//173 130//173 132//173
f 132//174 128//174 135//174
f 135//175 136//175 138//175
f 135//176 128//176 136//176
f 133//177 135//177 137//177
f 137//178 135//178 138//178
f 140//179 138//179 139//179
f 138//180 136//180 139//180
f 137//181 138//181 141//181
f 141//182 138//182 140//182
f 137//183 141//183 142//183
f 142//184 141//184 140//184
f 144//185 137//185 142//185
f 145//186 142//186 143//186
f 142//187 140//187 143//187
f 144//188 142//188 145//188
f 146//189 147//189 145//189
f 146//190 145//190 148//190
f 145//191 143//191 148//191
f 147//192 144//192 145//192
f 148//193 143//193 149//193
f 148//194 149//194 150//194
f 151//195 148//195 150//195
f 146//196 148//196 151//196
f 151//197 150//197 152//197
f 153//198 151//198 152//198
f 155//199 146//199 151//199
f 151//200 153//200 154//200
f 155//201 151//201 154//201
f 156//202 155//202 159//202
f 156//203 157//203 155//203
f 158//204 155//204 157//204
f 158//205 160//205 155//205
f 159//206 155//206 154//206
f 160//207 146//207 155//207
f 160//208 147//208 146//208
f 158//209 162//209 160//209
f 160//210 161//210 147//210
f 162//211 161//211 160//211
f 158//212 164//212 162//212
f 162//213 165//213 163//213
f 162//214 163//214 161//214
f 162//215 164//215 165//215
f 165//216 133//216 163//216
f 165//217 167//217 133//217
f 164//218 166//218 165//218
f 165//219 166//219 167//219
f 167//220 168//220 133//220
f 166//221 170//221 167//221
f 169//222 168//222 167//222
f 170//223 169//223 167//223
f 166//224 171//224 170//224
f 170//225 171//225 169//225
f 172//13 171//13 175//13
f 172//13 173//13 171//13
f 171//226 173//226 169//226
f 175//13 171//13 174//13
f 166//227 174//227 171//227
f 175//13 174//13 176//13
f 177//228 175//228 176//228
f 177//229 178//229 175//229
f 175//230 179//230 172//230
f 178//231 179//231 175//231
f 180//232 181//232 179//232
f 180//233 179//233 178//233
f 181//234 15//234 179//234
f 179//235 15//235 172//235
f 181//236 182//236 15//236
f 181//237 184//237 182//237
f 180//238 183//238 181//238
f 181//239 183//239 184//239
f 182//240 184//240 185//240
f 184//241 186//241 185//241
f 183//242 187//242 184//242
f 184//243 187//243 186//243
f 186//244 187//244 188//244
f 187//245 190//245 188//245
f 189//246 187//246 183//246
f 187//247 189//247 190//247
f 190//248 192//248 191//248
f 188//249 190//249 191//249
f 190//250 193//250 192//250
f 189//251 193//251 190//251
f 193//252 194//252 192//252
f 194//253 193//253 195//253
f 189//254 195//254 193//254
f 198//255 196//255 195//255
f 197//256 195//256 196//256
f 195//257 197//257 194//257
f 189//258 198//258 195//258
f 183//259 199//259 198//259
f 199//260 200//260 198//260
f 198//261 200//261 196//261
f 183//262 198//262 189//262
f 199//263 202//263 200//263
f 200//264 201//264 196//264
f 202//265 201//265 200//265
f 205//266 203//266 202//266
f 202//267 203//267 201//267
f 202//268 199//268 204//268
f 206//269 202//269 204//269
f 206//270 205//270 202//270
f 207//271 206//271 199//271
f 207//272 208//272 206//272
f 208//273 205//273 206//273
f 199//274 206//274 204//274
f 209//275 211//275 208//275
f 209//276 208//276 210//276
f 210//277 208//277 207//277
f 208//278 211//278 205//278
f 209//279 214//279 211//279
f 211//280 213//280 205//280
f 214//281 212//281 211//281
f 211//282 212//282 213//282
f 217//283 215//283 214//283
f 215//284 216//284 214//284
f 214//285 216//285 212//285
f 217//286 214//286 209//286
f 218//287 215//287 217//287
f 222//288 218//288 217//288
f 222//289 217//289 219//289
f 220//290 219//290 217//290
f 221//291 220//291 217//291
f 221//292 217//292 209//292
f 222//293 219//293 223//293
f 224//294 222//294 223//294
f 224//295 225//295 222//295
f 222//296 225//296 218//296
f 228//297 225//297 224//297
f 225//298 228//298 226//298
f 225//299 226//299 227//299
f 225//300 227//300 218//300
f 229//301 228//301 224//301
f 230//302 228//302 229//302
f 228//303 230//303 231//303
f 228//304 231//304 226//304
f 226//305 231//305 232//305
f 232//306 231//306 235//306
f 231//307 233//307 235//307
f 231//308 234//308 233//308
f 231//309 236//309 234//309
f 230//310 236//310 231//310
f 236//311 237//311 234//311
f 239//312 237//312 236//312
f 238//313 236//313 230//313
f 239//314 236//314 238//314
f 244//315 237//315 239//315
f 241//316 239//316 240//316
f 240//317 239//317 243//317
f 239//318 238//318 243//318
f 241//319 242//319 239//319
f 242//320 244//320 239//320
f 237//321 244//321 245//321
f 244//322 247//322 245//322
f 244//323 246//323 247//323
f 246//324 244//324 242//324
f 247//325 248//325 252//325
f 246//326 248//326 247//326
f 249//327 247//327 251//327
f 250//328 247//328 249//328
f 250//329 245//329 247//329
f 247//330 254//330 251//330
f 247//331 252//331 253//331
f 247//332 253//332 254//332
f 251//333 254//333 255//333
f 254//334 257//334 255//334
f 254//335 253//335 256//335
f 254//336 256//336 257//336
f 256//337 258//337 257//337
f 255//338 257//338 258//338
f 258//339 259//339 260//339
f 258//340 256//340 259//340
f 255//341 258//341 261//341
f 261//342 258//342 260//342
f 263//343 261//343 262//343
f 261//344 260//344 262//344
f 263//345 255//345 261//345
f 262//346 264//346 263//346
f 263//347 264//347 266//347
f 255//348 263//348 265//348
f 265//349 263//349 267//349
f 267//350 263//350 266//350
f 268//351 265//351 267//351
f 268//352 267//352 269//352
f 267//353 270//353 269//353
f 266//354 270//354 267//354
f 269//355 270//355 272//355
f 270//356 271//356 273//356
f 270//357 266//357 271//357
f 272//358 270//358 273//358
f 276//359 273//359 274//359
f 273//360 275//360 274//360
f 273//361 271//361 275//361
f 272//362 273//362 276//362
f 276//363 277//363 278//363
f 276//364 274//364 277//364
f 279//365 276//365 278//365
f 279//366 272//366 276//366
f 279//367 278//367 281//367
f 280//368 272//368 279//368
f 283//369 280//369 279//369
f 284//370 279//370 281//370
f 283//371 279//371 282//371
f 282//372 279//372 284//372
f 286//373 285//373 284//373
f 285//374 282//374 284//374
f 287//375 284//375 281//375
f 284//376 287//376 286//376
f 288//377 286//377 287//377
f 288//378 287//378 289//378
f 287//379 290//379 289//379
f 287//380 281//380 290//380
f 281//381 291//381 290//381
f 290//382 291//382 289//382
f 281//383 278//383 291//383
f 278//384 292//384 291//384
f 291//385 292//385 293//385
f 289//386 291//386 293//386
f 295//387 293//387 294//387
f 293//388 292//388 294//388
f 295//389 289//389 293//389
f 295//390 294//390 297//390
f 289//391 295//391 299//391
f 298//392 295//392 296//392
f 295//393 297//393 296//393
f 299//394 295//394 298//394
f 300//395 288//395 299//395
f 302//396 300//396 299//396
f 301//397 299//397 298//397
f 302//398 299//398 301//398
f 288//399 289//399 299//399
f 304//400 303//400 302//400
f 303//401 300//401 302//401
f 305//402 302//402 301//402
f 304//403 302//403 305//403
f 305//404 301//404 306//404
f 305//405 306//405 307//405
f 304//406 305//406 308//406
f 308//407 305//407 307//407
f 310//408 304//408 308//408
f 308//409 307//409 309//409
f 311//410 308//410 309//410
f 310//411 308//411 311//411
f 313//412 311//412 312//412
f 312//413 311//413 309//413
f 313//414 314//414 311//414
f 314//415 310//415 311//415
f 315//416 310//416 314//416
f 315//417 314//417 313//417
f 316//418 318//418 315//418
f 316//419 315//419 317//419
f 317//420 315//420 313//420
f 315//421 318//421 310//421
f 319//422 318//422 316//422
f 319//423 320//423 318//423
f 318//424 320//424 304//424
f 318//425 304//425 310//425
f 321//426 320//426 319//426
f 320//427 322//427 304//427
f 323//428 320//428 321//428
f 323//429 322//429 320//429
f 325//430 324//430 323//430
f 323//431 324//431 322//431
f 325//432 323//432 326//432
f 326//433 323//433 321//433
f 326//434 319//434 327//434
f 328//435 326//435 327//435
f 326//436 321//436 319//436
f 326//437 328//437 203//437
f 203//438 325//438 326//438
f 197//439 328//439 329//439
f 201//440 328//440 197//440
f 203//441 328//441 201//441
f 328//442 330//442 329//442
f 328//443 327//443 330//443
f 327//444 316//444 330//444
f 329//445 330//445 331//445
f 330//446 317//446 331//446
f 330//447 316//447 317//447
f 197//448 329//448 331//448
f 194//449 331//449 332//449
f 197//450 331//450 194//450
f 331//451 317//451 332//451
f 332//452 334//452 333//452
f 332//453 333//453 335//453
f 194//454 332//454 192//454
f 192//455 332//455 191//455
f 332//456 313//456 312//456
f 332//457 312//457 334//457
f 317//458 313//458 332//458
f 191//459 332//459 335//459
f 336//460 335//460 338//460
f 336//461 191//461 335//461
f 335//462 333//462 337//462
f 338//463 335//463 337//463
f 339//464 338//464 337//464
f 336//465 338//465 339//465
f 342//466 339//466 340//466
f 339//467 337//467 340//467
f 341//468 336//468 339//468
f 341//469 339//469 342//469
f 343//470 342//470 344//470
f 346//471 342//471 343//471
f 347//472 341//472 342//472
f 342//473 340//473 345//473
f 342//474 345//474 344//474
f 346//475 347//475 342//475
f 348//476 341//476 347//476
f 349//477 348//477 347//477
f 350//478 349//478 347//478
f 346//479 350//479 347//479
f 351//480 349//480 350//480
f 353//481 351//481 350//481
f 350//482 346//482 352//482
f 353//483 350//483 352//483
f 6//484 351//484 353//484
f 354//485 353//485 352//485
f 5//486 353//486 354//486
f 5//487 6//487 353//487
f 355//488 5//488 354//488
f 356//489 355//489 354//489
f 357//490 354//490 352//490
f 356//491 354//491 357//491
f 359//492 357//492 358//492
f 357//493 352//493 358//493
f 359//494 356//494 357//494
f 356//495 359//495 363//495
f 359//496 360//496 363//496
f 360//496 359//496 362//496
f 359//497 364//497 361//497
f 361//498 362//498 359//498
f 359//499 358//499 364//499
f 364//500 365//500 361//500
f 364//501 358//501 365//501
f 361//502 365//502 366//502
f 366//503 365//503 367//503
f 368//504 367//504 365//504
f 358//505 368//505 365//505
f 352//506 369//506 368//506
f 358//507 352//507 368//507
f 369//508 370//508 368//508
f 367//509 368//509 370//509
f 370//510 373//510 371//510
f 372//511 370//511 371//511
f 370//512 372//512 367//512
f 369//513 373//513 370//513
f 373//514 343//514 371//514
f 373//515 369//515 343//515
f 371//516 374//516 372//516
f 367//517 372//517 374//517
f 344//518 374//518 371//518
f 367//519 374//519 377//519
f 344//520 376//520 374//520
f 374//521 376//521 375//521
f 377//522 374//522 375//522
f 379//523 367//523 377//523
f 380//524 378//524 377//524
f 379//525 377//525 378//525
f 377//526 375//526 380//526
f 378//527 380//527 381//527
f 381//528 380//528 385//528
f 380//529 382//529 384//529
f 380//530 375//530 382//530
f 385//531 380//531 383//531
f 380//532 384//532 383//532
f 386//533 381//533 385//533
f 386//534 385//534 387//534
f 387//535 385//535 388//535
f 385//536 383//536 388//536
f 389//131 387//131 388//131
f 388//537 383//537 389//537
f 390//131 386//131 389//131
f 389//538 391//538 390//538
f 389//539 392//539 391//539
f 389//131 386//131 387//131
f 383//540 392//540 389//540
f 384//541 393//541 392//541
f 392//542 393//542 394//542
f 392//543 394//543 391//543
f 383//544 384//544 392//544
f 393//545 395//545 394//545
f 395//546 396//546 394//546
f 394//547 396//547 397//547
f 391//548 394//548 397//548
f 391//549 397//549 398//549
f 398//550 397//550 402//550
f 396//551 399//551 397//551
f 397//552 399//552 400//552
f 397//553 400//553 401//553
f 397//554 401//554 402//554
f 402//555 401//555 403//555
f 402//556 403//556 405//556
f 398//557 402//557 404//557
f 404//558 402//558 405//558
f 405//559 403//559 406//559
f 405//560 406//560 409//560
f 405//561 409//561 407//561
f 408//562 405//562 407//562
f 410//563 405//563 408//563
f 410//564 404//564 405//564
f 410//131 411//131 105//131
f 410//131 415//131 411//131
f 410//131 412//131 414//131
f 410//131 105//131 412//131
f 410//131 414//131 413//131
f 413//565 404//565 410//565
f 408//131 415//131 410//131
f 408//131 416//131 415//131
f 415//566 416//566 417//566
f 415//567 417//567 418//567
f 411//568 415//568 418//568
f 418//569 417//569 419//569
f 411//570 418//570 419//570
f 419//571 420//571 422//571
f 419//572 417//572 420//572
f 411//573 419//573 421//573
f 421//574 419//574 422//574
f 422//575 420//575 423//575
f 422//576 423//576 425//576
f 426//577 422//577 424//577
f 424//578 422//578 427//578
f 422//579 425//579 427//579
f 421//580 422//580 426//580
f 424//581 427//581 428//581
f 428//582 427//582 430//582
f 427//583 425//583 429//583
f 427//584 429//584 430//584
f 430//585 429//585 431//585
f 428//586 430//586 431//586
f 431//587 429//587 432//587
f 431//588 432//588 434//588
f 433//589 431//589 434//589
f 428//590 431//590 433//590
f 433//591 434//591 435//591
f 435//592 434//592 437//592
f 434//593 432//593 436//593
f 434//594 436//594 439//594
f 437//595 434//595 438//595
f 434//596 439//596 438//596
f 436//597 441//597 439//597
f 438//598 439//598 440//598
f 439//599 442//599 440//599
f 439//600 441//600 442//600
f 444//601 442//601 443//601
f 442//602 445//602 443//602
f 440//603 442//603 444//603
f 442//604 446//604 445//604
f 441//605 446//605 442//605
f 441//606 448//606 446//606
f 446//607 447//607 445//607
f 446//608 449//608 447//608
f 448//609 449//609 446//609
f 451//610 450//610 449//610
f 450//13 454//13 449//13
f 451//611 449//611 452//611
f 452//612 449//612 448//612
f 449//13 453//13 1816//13 447//13
f 449//13 454//13 453//13
f 454//151 458//151 455//151
f 456//613 454//613 455//613
f 454//613 456//613 453//613
f 454//13 450//13 457//13
f 458//151 454//151 457//151
f 458//145 459//145 455//145
f 459//145 458//145 460//145
f 450//131 458//131 457//131
f 458//131 450//131 460//131
f 460//614 461//614 462//614
f 465//131 461//131 460//131
f 460//615 462//615 466//615
f 463//131 460//131 464//131
f 465//131 460//131 463//131
f 460//131 450//131 464//131
f 460//616 467//616 459//616
f 460//617 466//617 467//617
f 459//618 467//618 468//618
f 467//619 469//619 468//619
f 467//620 470//620 469//620
f 467//621 471//621 470//621
f 466//622 471//622 467//622
f 472//623 470//623 471//623
f 473//624 472//624 471//624
f 466//625 473//625 471//625
f 461//626 474//626 473//626
f 474//627 472//627 473//627
f 462//628 473//628 466//628
f 461//629 473//629 462//629
f 474//630 475//630 472//630
f 476//631 475//631 474//631
f 461//632 476//632 474//632
f 477//131 476//131 478//131
f 480//131 476//131 477//131
f 478//131 476//131 461//131
f 480//131 479//131 476//131
f 476//633 479//633 475//633
f 481//131 479//131 480//131
f 483//634 481//634 480//634
f 482//635 480//635 477//635
f 480//636 482//636 483//636
f 484//637 481//637 483//637
f 483//638 485//638 484//638
f 485//639 483//639 482//639
f 485//640 482//640 486//640
f 485//641 486//641 487//641
f 490//642 485//642 487//642
f 489//643 488//643 485//643
f 484//639 485//639 488//639
f 485//642 490//642 489//642
f 491//644 489//644 490//644
f 490//645 492//645 491//645
f 492//645 490//645 493//645
f 487//646 493//646 490//646
f 495//647 492//647 493//647
f 494//648 495//648 493//648
f 493//646 487//646 494//646
f 495//649 494//649 496//649
f 498//650 495//650 496//650
f 495//651 498//651 497//651
f 495//652 497//652 492//652
f 498//653 496//653 499//653
f 499//654 500//654 498//654
f 502//655 498//655 500//655
f 501//656 498//656 502//656
f 498//656 501//656 497//656
f 503//657 504//657 502//657
f 500//658 503//658 502//658
f 504//659 501//659 502//659
f 503//660 505//660 504//660
f 505//661 506//661 504//661
f 507//662 504//662 506//662
f 504//663 507//663 508//663
f 501//664 504//664 508//664
f 509//665 508//665 507//665
f 491//666 508//666 509//666
f 508//667 491//667 492//667
f 492//668 501//668 508//668
f 510//669 509//669 511//669
f 509//670 510//670 491//670
f 507//671 511//671 509//671
f 511//672 513//672 510//672
f 514//673 512//673 511//673
f 513//672 511//672 512//672
f 511//671 507//671 514//671
f 512//673 514//673 517//673
f 515//674 1815//674 514//674
f 515//675 514//675 506//675
f 506//676 514//676 507//676
f 517//673 514//673 1815//673 516//673
f 518//677 517//677 516//677
f 517//677 518//677 519//677
f 519//677 512//677 517//677
f 519//678 520//678 521//678
f 520//679 519//679 518//679
f 513//680 519//680 521//680
f 519//680 513//680 512//680
f 521//681 520//681 522//681
f 522//682 523//682 521//682
f 524//683 521//683 523//683
f 521//684 524//684 513//684
f 524//685 523//685 525//685
f 524//686 525//686 488//686
f 524//687 488//687 526//687
f 510//688 524//688 526//688
f 524//689 510//689 513//689
f 526//690 488//690 489//690
f 510//691 526//691 489//691
f 525//692 528//692 484//692
f 525//693 484//693 488//693
f 525//694 527//694 528//694
f 523//695 527//695 525//695
f 484//696 528//696 529//696
f 531//697 529//697 528//697
f 530//698 528//698 527//698
f 528//698 530//698 531//698
f 532//699 529//699 531//699
f 533//700 532//700 531//700
f 533//701 531//701 530//701
f 533//702 534//702 535//702
f 536//703 534//703 533//703
f 532//704 533//704 535//704
f 537//705 536//705 533//705
f 533//706 530//706 537//706
f 536//707 537//707 522//707
f 523//682 522//682 537//682
f 537//708 527//708 523//708
f 527//708 537//708 530//708
f 534//709 536//709 538//709
f 536//710 522//710 538//710
f 522//711 539//711 538//711
f 538//712 540//712 534//712
f 540//713 538//713 539//713
f 534//714 540//714 543//714
f 542//715 540//715 541//715
f 539//716 541//716 540//716
f 540//717 542//717 543//717
f 534//718 543//718 544//718
f 543//719 545//719 544//719
f 545//719 543//719 542//719
f 545//720 549//720 546//720
f 546//721 544//721 545//721
f 545//722 542//722 547//722
f 545//723 547//723 548//723
f 549//720 545//720 548//720
f 549//724 548//724 550//724
f 552//725 549//725 550//725
f 546//726 549//726 551//726
f 552//727 551//727 549//727
f 552//728 550//728 553//728
f 553//729 556//729 557//729 552//729
f 552//730 554//730 555//730
f 554//730 552//730 557//730
f 551//731 552//731 555//731
f 554//732 557//732 558//732
f 558//733 557//733 556//733
f 556//734 559//734 558//734
f 562//735 554//735 558//735
f 561//736 558//736 559//736
f 562//737 558//737 560//737
f 558//738 561//738 560//738
f 563//739 555//739 562//739
f 564//740 563//740 562//740
f 562//741 565//741 564//741
f 562//742 555//742 554//742
f 565//741 562//741 560//741
f 566//743 565//743 567//743
f 564//741 565//741 566//741
f 567//744 565//744 568//744
f 565//745 561//745 568//745
f 565//746 560//746 561//746
f 568//747 569//747 567//747
f 561//748 569//748 568//748
f 569//748 561//748 571//748
f 572//747 567//747 569//747
f 569//749 570//749 572//749
f 570//750 569//750 571//750
f 567//751 572//751 573//751
f 570//752 573//752 572//752
f 575//753 573//753 574//753
f 576//754 574//754 573//754
f 573//755 570//755 576//755
f 567//756 573//756 575//756
f 576//757 578//757 577//757
f 574//758 576//758 577//758
f 570//759 579//759 576//759
f 576//760 579//760 578//760
f 581//761 579//761 580//761
f 585//762 580//762 579//762
f 584//763 579//763 570//763
f 579//761 581//761 582//761
f 579//764 582//764 583//764
f 583//765 578//765 579//765
f 579//766 584//766 585//766
f 580//767 585//767 587//767
f 586//768 587//768 585//768
f 585//769 588//769 586//769
f 588//770 585//770 584//770
f 584//771 571//771 588//771
f 589//772 588//772 559//772
f 571//773 559//773 588//773
f 588//774 589//774 586//774
f 589//775 591//775 590//775
f 590//776 586//776 589//776
f 591//777 589//777 556//777
f 559//778 556//778 589//778
f 556//779 553//779 591//779
f 553//780 592//780 591//780
f 592//781 590//781 591//781
f 515//782 595//782 592//782
f 592//783 593//783 515//783
f 593//784 592//784 594//784
f 590//781 592//781 595//781
f 553//785 594//785 592//785
f 595//782 515//782 506//782
f 506//661 505//661 595//661
f 595//786 596//786 590//786
f 596//786 595//786 505//786
f 586//776 590//776 596//776
f 596//787 597//787 587//787
f 597//787 596//787 505//787
f 587//788 586//788 596//788
f 505//660 503//660 597//660
f 503//789 500//789 597//789
f 500//790 587//790 597//790
f 599//791 594//791 598//791
f 553//792 598//792 594//792
f 594//793 599//793 593//793
f 516//794 593//794 599//794
f 599//795 547//795 600//795
f 600//796 516//796 599//796
f 547//795 599//795 598//795
f 542//797 600//797 547//797
f 542//798 541//798 600//798
f 600//799 520//799 518//799
f 516//796 600//796 518//796
f 520//800 600//800 541//800
f 550//801 547//801 598//801
f 550//802 598//802 553//802
f 593//803 1815//803 515//803
f 593//804 516//804 1815//804
f 587//805 500//805 580//805
f 571//806 584//806 570//806
f 601//807 583//807 582//807
f 604//808 583//808 601//808
f 605//809 583//809 602//809
f 603//810 602//810 583//810
f 583//811 604//811 603//811
f 583//812 605//812 578//812
f 577//813 605//813 606//813
f 577//814 578//814 605//814
f 606//815 605//815 607//815
f 608//816 607//816 605//816
f 608//817 605//817 602//817
f 610//818 607//818 608//818
f 609//819 608//819 602//819
f 611//820 608//820 609//820
f 611//821 610//821 608//821
f 613//822 612//822 611//822
f 615//823 611//823 612//823
f 613//824 611//824 614//824
f 611//825 615//825 610//825
f 614//826 611//826 609//826
f 616//827 615//827 612//827
f 617//828 615//828 616//828
f 617//829 619//829 615//829
f 615//830 618//830 610//830
f 619//831 618//831 615//831
f 619//832 620//832 618//832
f 621//833 620//833 619//833
f 617//834 621//834 619//834
f 624//835 622//835 621//835
f 622//836 623//836 621//836
f 621//837 623//837 620//837
f 624//838 621//838 617//838
f 627//839 622//839 624//839
f 625//840 624//840 617//840
f 626//841 624//841 625//841
f 626//842 627//842 624//842
f 628//843 627//843 629//843
f 627//844 628//844 622//844
f 626//845 629//845 627//845
f 629//846 630//846 628//846
f 630//847 629//847 631//847
f 632//848 629//848 626//848
f 632//849 631//849 629//849
f 633//850 634//850 632//850
f 633//851 632//851 635//851
f 631//852 632//852 634//852
f 635//853 632//853 626//853
f 635//854 626//854 625//854
f 638//855 635//855 636//855
f 636//856 635//856 637//856
f 635//857 625//857 637//857
f 639//858 633//858 635//858
f 639//859 635//859 638//859
f 641//860 639//860 640//860
f 640//861 639//861 638//861
f 642//862 633//862 639//862
f 641//863 642//863 639//863
f 642//864 645//864 643//864
f 642//865 643//865 633//865
f 641//866 644//866 642//866
f 644//867 645//867 642//867
f 644//868 647//868 645//868
f 645//869 634//869 643//869
f 645//870 646//870 634//870
f 647//871 646//871 645//871
f 647//872 652//872 648//872
f 647//873 648//873 646//873
f 650//874 649//874 647//874
f 647//875 649//875 652//875
f 651//876 650//876 647//876
f 651//877 647//877 644//877
f 653//878 648//878 652//878
f 652//879 655//879 653//879
f 652//880 656//880 654//880
f 652//881 654//881 655//881
f 656//882 652//882 649//882
f 658//883 657//883 656//883
f 656//884 657//884 654//884
f 649//885 658//885 656//885
f 658//886 661//886 657//886
f 658//887 649//887 659//887
f 659//888 660//888 658//888
f 660//889 662//889 658//889
f 662//890 661//890 658//890
f 664//891 662//891 660//891
f 665//892 663//892 662//892
f 662//893 663//893 661//893
f 664//894 665//894 662//894
f 666//895 665//895 664//895
f 666//896 667//896 665//896
f 665//897 668//897 663//897
f 667//898 668//898 665//898
f 668//899 661//899 663//899
f 668//900 670//900 661//900
f 667//901 669//901 668//901
f 669//902 670//902 668//902
f 670//903 671//903 672//903
f 669//904 671//904 670//904
f 672//905 657//905 670//905
f 670//906 657//906 661//906
f 672//907 673//907 675//907
f 674//908 673//908 672//908
f 657//909 672//909 675//909
f 671//910 674//910 672//910
f 675//911 677//911 676//911
f 675//912 676//912 678//912
f 677//913 675//913 673//913
f 657//914 675//914 678//914
f 654//915 678//915 679//915
f 657//916 678//916 654//916
f 678//917 680//917 679//917
f 678//918 676//918 680//918
f 676//919 681//919 680//919
f 680//920 681//920 679//920
f 679//921 681//921 682//921
f 681//922 684//922 682//922
f 676//923 683//923 681//923
f 683//924 684//924 681//924
f 682//925 684//925 687//925
f 683//926 685//926 684//926
f 685//927 689//927 684//927
f 684//928 688//928 686//928
f 684//929 686//929 687//929
f 684//930 689//930 688//930
f 692//931 690//931 689//931
f 689//932 690//932 691//932
f 691//933 688//933 689//933
f 685//934 692//934 689//934
f 692//935 693//935 690//935
f 692//936 694//936 693//936
f 694//937 692//937 695//937
f 695//938 692//938 685//938
f 696//939 695//939 685//939
f 696//940 694//940 695//940
f 696//941 685//941 683//941
f 696//942 676//942 677//942
f 676//943 696//943 683//943
f 696//944 698//944 694//944
f 697//945 696//945 677//945
f 696//946 697//946 698//946
f 698//947 701//947 699//947
f 698//948 699//948 700//948
f 701//949 698//949 697//949
f 698//950 700//950 694//950
f 702//951 701//951 697//951
f 702//952 703//952 701//952
f 701//953 703//953 699//953
f 702//954 704//954 703//954
f 705//955 699//955 703//955
f 704//956 705//956 703//956
f 704//957 710//957 705//957
f 710//958 706//958 705//958
f 706//959 707//959 705//959
f 705//960 707//960 708//960
f 705//961 708//961 711//961
f 699//962 705//962 709//962
f 705//963 711//963 709//963
f 711//964 712//964 713//964
f 711//965 708//965 712//965
f 709//966 711//966 713//966
f 700//967 713//967 714//967
f 713//968 715//968 714//968
f 713//969 712//969 715//969
f 709//970 713//970 700//970
f 716//971 714//971 715//971
f 712//972 716//972 715//972
f 712//973 717//973 716//973
f 717//974 718//974 716//974
f 718//151 714//151 716//151
f 717//975 720//975 718//975
f 719//976 714//976 718//976
f 720//977 719//977 718//977
f 720//978 721//978 719//978
f 723//979 721//979 720//979
f 722//980 720//980 717//980
f 722//981 723//981 720//981
f 723//982 724//982 721//982
f 725//983 724//983 723//983
f 725//984 723//984 722//984
f 726//985 725//985 722//985
f 730//986 725//986 726//986
f 727//987 728//987 725//987
f 730//988 727//988 725//988
f 725//989 729//989 724//989
f 728//990 729//990 725//990
f 731//991 730//991 726//991
f 733//992 730//992 731//992
f 732//993 727//993 730//993
f 733//994 732//994 730//994
f 733//995 731//995 706//995
f 734//996 733//996 706//996
f 735//997 733//997 734//997
f 735//998 732//998 733//998
f 735//999 734//999 736//999
f 1817//145 735//145 740//145
f 735//145 1817//145 739//145
f 735//1000 738//1000 732//1000
f 735//1001 736//1001 737//1001
f 740//145 735//145 737//145
f 739//1002 738//1002 735//1002
f 740//145 737//145 671//145
f 741//151 1817//151 740//151
f 671//152 741//152 740//152
f 1817//151 741//151 1816//151
f 741//152 671//152 742//152
f 447//13 1816//13 741//13
f 743//13 741//13 742//13
f 447//13 741//13 743//13
f 743//1003 746//1003 744//1003
f 745//1004 743//1004 744//1004
f 745//1005 447//1005 743//1005
f 746//1006 743//1006 749//1006
f 747//1007 743//1007 742//1007
f 747//1008 750//1008 743//1008
f 750//1009 748//1009 743//1009
f 749//1010 743//1010 748//1010
f 751//1011 748//1011 750//1011
f 751//1012 750//1012 752//1012
f 752//1013 750//1013 747//1013
f 752//1014 747//1014 753//1014
f 755//1015 752//1015 753//1015
f 754//1016 751//1016 752//1016
f 754//1017 752//1017 755//1017
f 758//1018 755//1018 756//1018
f 755//1019 757//1019 756//1019
f 755//1020 753//1020 757//1020
f 758//1021 754//1021 755//1021
f 758//1022 756//1022 759//1022
f 760//1023 758//1023 759//1023
f 761//1024 758//1024 760//1024
f 761//1025 762//1025 758//1025
f 762//1026 754//1026 758//1026
f 762//1027 761//1027 763//1027
f 763//1028 765//1028 762//1028
f 762//1029 764//1029 754//1029
f 765//1030 764//1030 762//1030
f 765//1031 763//1031 766//1031
f 766//1032 767//1032 765//1032
f 767//1033 764//1033 765//1033
f 768//1034 767//1034 766//1034
f 768//1035 769//1035 767//1035
f 767//1036 770//1036 764//1036
f 769//1037 770//1037 767//1037
f 770//1038 751//1038 764//1038
f 770//1039 771//1039 751//1039
f 772//1040 771//1040 770//1040
f 769//1041 772//1041 770//1041
f 772//1042 773//1042 774//1042
f 775//1043 773//1043 772//1043
f 772//1044 774//1044 771//1044
f 769//1045 775//1045 772//1045
f 775//1046 776//1046 773//1046
f 777//1047 776//1047 775//1047
f 778//1048 777//1048 775//1048
f 778//1049 775//1049 769//1049
f 780//1050 778//1050 769//1050
f 779//1051 777//1051 778//1051
f 781//1052 779//1052 778//1052
f 781//1053 778//1053 780//1053
f 782//1054 784//1054 781//1054
f 783//1055 782//1055 781//1055
f 781//1056 785//1056 783//1056
f 781//1057 784//1057 779//1057
f 785//1058 781//1058 780//1058
f 785//1059 789//1059 786//1059
f 787//1060 785//1060 786//1060
f 788//1061 785//1061 787//1061
f 788//1062 783//1062 785//1062
f 785//1063 780//1063 789//1063
f 786//1064 789//1064 790//1064
f 790//1065 789//1065 768//1065
f 780//1066 769//1066 789//1066
f 789//1067 769//1067 768//1067
f 790//1068 768//1068 792//1068
f 790//1069 791//1069 787//1069
f 791//1070 790//1070 792//1070
f 787//1071 786//1071 790//1071
f 795//1072 792//1072 793//1072
f 793//1073 792//1073 794//1073
f 792//1074 763//1074 794//1074
f 792//1075 766//1075 763//1075
f 791//1076 792//1076 795//1076
f 792//1077 768//1077 766//1077
f 797//1078 795//1078 796//1078
f 796//1079 795//1079 793//1079
f 798//1080 795//1080 797//1080
f 798//1081 791//1081 795//1081
f 801//1082 798//1082 797//1082
f 799//1083 791//1083 798//1083
f 800//1084 799//1084 798//1084
f 800//1085 798//1085 801//1085
f 801//1086 796//1086 803//1086
f 801//1087 797//1087 796//1087
f 801//1088 802//1088 800//1088
f 802//1089 801//1089 803//1089
f 803//1090 796//1090 806//1090
f 804//1091 803//1091 805//1091
f 802//1092 803//1092 804//1092
f 803//1093 806//1093 805//1093
f 806//1094 793//1094 807//1094
f 807//1095 808//1095 806//1095
f 796//1096 793//1096 806//1096
f 805//1097 806//1097 809//1097
f 809//1098 806//1098 808//1098
f 810//1099 809//1099 811//1099
f 810//1100 805//1100 809//1100
f 811//1101 809//1101 812//1101
f 809//1102 808//1102 812//1102
f 811//1103 812//1103 815//1103
f 815//1104 812//1104 813//1104
f 812//1105 814//1105 813//1105
f 814//1106 812//1106 808//1106
f 816//1107 815//1107 818//1107
f 811//1108 815//1108 816//1108
f 815//1109 813//1109 817//1109
f 818//1110 815//1110 817//1110
f 816//1111 818//1111 821//1111
f 820//1112 818//1112 819//1112
f 819//1113 818//1113 817//1113
f 820//1114 821//1114 818//1114
f 822//1115 816//1115 821//1115
f 822//1116 821//1116 820//1116
f 823//1117 822//1117 820//1117
f 824//1118 822//1118 823//1118
f 824//1119 825//1119 822//1119
f 825//1120 816//1120 822//1120
f 825//1121 811//1121 816//1121
f 825//1122 824//1122 826//1122
f 826//1123 827//1123 825//1123
f 827//1124 811//1124 825//1124
f 828//1125 827//1125 826//1125
f 829//1126 827//1126 828//1126
f 829//1127 830//1127 827//1127
f 810//1128 827//1128 830//1128
f 827//1129 810//1129 811//1129
f 832//1130 831//1130 830//1130
f 831//1131 810//1131 830//1131
f 832//1132 830//1132 829//1132
f 833//1133 836//1133 832//1133
f 834//1134 833//1134 832//1134
f 832//1135 836//1135 831//1135
f 835//1136 834//1136 832//1136
f 835//1137 832//1137 837//1137
f 837//1138 832//1138 829//1138
f 840//1139 837//1139 829//1139
f 838//1140 837//1140 839//1140
f 838//1141 835//1141 837//1141
f 837//1142 840//1142 839//1142
f 840//1143 829//1143 828//1143
f 839//1144 840//1144 841//1144
f 840//1145 826//1145 841//1145
f 840//1146 828//1146 826//1146
f 841//1147 826//1147 824//1147
f 841//1148 824//1148 842//1148
f 843//1149 841//1149 842//1149
f 839//1150 841//1150 843//1150
f 844//1151 843//1151 845//1151
f 839//1152 843//1152 844//1152
f 843//1153 846//1153 845//1153
f 843//1154 842//1154 846//1154
f 845//1155 846//1155 847//1155
f 846//1156 842//1156 847//1156
f 845//1157 847//1157 849//1157
f 847//1158 823//1158 848//1158
f 842//1159 823//1159 847//1159
f 849//1160 847//1160 848//1160
f 849//1161 848//1161 850//1161
f 849//1162 850//1162 852//1162
f 851//1163 845//1163 849//1163
f 851//1164 849//1164 852//1164
f 851//1165 852//1165 855//1165
f 852//1166 850//1166 853//1166
f 852//1167 853//1167 854//1167
f 852//1168 854//1168 855//1168
f 858//1169 851//1169 855//1169
f 855//1170 856//1170 857//1170
f 855//1171 854//1171 856//1171
f 858//1172 855//1172 857//1172
f 860//1173 858//1173 859//1173
f 858//1174 857//1174 859//1174
f 860//1175 861//1175 858//1175
f 861//1176 851//1176 858//1176
f 864//1177 862//1177 861//1177
f 861//1178 862//1178 851//1178
f 863//1179 861//1179 860//1179
f 863//1180 864//1180 861//1180
f 867//1181 864//1181 863//1181
f 867//1182 865//1182 864//1182
f 865//1183 866//1183 864//1183
f 864//1184 866//1184 862//1184
f 867//1185 153//1185 865//1185
f 868//1186 153//1186 867//1186
f 868//1187 867//1187 869//1187
f 869//1188 867//1188 863//1188
f 863//1189 872//1189 869//1189
f 870//1190 868//1190 869//1190
f 871//1191 870//1191 869//1191
f 872//1192 871//1192 869//1192
f 873//1193 875//1193 872//1193
f 874//1194 873//1194 872//1194
f 874//1195 872//1195 863//1195
f 872//1196 875//1196 871//1196
f 879//1197 876//1197 875//1197
f 875//1198 876//1198 878//1198
f 877//1199 875//1199 873//1199
f 875//1200 156//1200 871//1200
f 875//1201 878//1201 156//1201
f 877//1202 879//1202 875//1202
f 879//1203 880//1203 876//1203
f 881//1204 880//1204 879//1204
f 882//1205 881//1205 879//1205
f 882//1206 879//1206 877//1206
f 884//1207 881//1207 882//1207
f 883//1208 882//1208 877//1208
f 883//1209 884//1209 882//1209
f 885//1210 229//1210 884//1210
f 884//1211 229//1211 224//1211
f 885//1212 884//1212 883//1212
f 884//1213 224//1213 881//1213
f 243//1214 238//1214 885//1214
f 238//1215 886//1215 885//1215
f 885//1216 886//1216 229//1216
f 243//1217 885//1217 883//1217
f 238//1218 230//1218 886//1218
f 886//1219 230//1219 229//1219
f 887//1220 883//1220 888//1220
f 889//1221 883//1221 887//1221
f 243//1222 883//1222 889//1222
f 883//1223 877//1223 888//1223
f 240//1224 243//1224 889//1224
f 240//1225 889//1225 890//1225
f 890//1226 889//1226 887//1226
f 892//1227 890//1227 891//1227
f 890//1228 887//1228 891//1228
f 893//1229 240//1229 890//1229
f 893//1230 890//1230 892//1230
f 241//1231 240//1231 893//1231
f 894//1232 241//1232 893//1232
f 894//1233 893//1233 892//1233
f 895//1234 241//1234 894//1234
f 898//1235 895//1235 894//1235
f 897//1236 894//1236 896//1236
f 896//1237 894//1237 899//1237
f 898//1238 894//1238 897//1238
f 894//1239 892//1239 899//1239
f 896//1240 899//1240 900//1240
f 900//1241 899//1241 901//1241
f 899//1242 902//1242 901//1242
f 899//1243 892//1243 902//1243
f 903//1244 902//1244 904//1244
f 901//1245 902//1245 903//1245
f 902//1246 891//1246 904//1246
f 892//1247 891//1247 902//1247
f 904//1248 856//1248 903//1248
f 904//1249 891//1249 905//1249
f 905//1250 857//1250 904//1250
f 857//1251 856//1251 904//1251
f 905//1252 906//1252 860//1252
f 891//1253 906//1253 905//1253
f 905//1254 860//1254 859//1254
f 859//1255 857//1255 905//1255
f 906//1256 863//1256 860//1256
f 891//1257 907//1257 906//1257
f 906//1258 874//1258 863//1258
f 907//1259 874//1259 906//1259
f 907//1260 908//1260 874//1260
f 891//1261 887//1261 907//1261
f 907//1262 888//1262 908//1262
f 887//1263 888//1263 907//1263
f 888//1264 873//1264 908//1264
f 908//1265 873//1265 874//1265
f 900//1266 903//1266 909//1266
f 903//1267 856//1267 909//1267
f 900//1268 901//1268 903//1268
f 910//1269 909//1269 856//1269
f 911//1270 909//1270 910//1270
f 912//1271 900//1271 909//1271
f 912//1272 909//1272 911//1272
f 913//1273 915//1273 912//1273
f 913//1274 912//1274 916//1274
f 912//1275 896//1275 900//1275
f 916//1276 912//1276 914//1276
f 914//1277 912//1277 911//1277
f 915//1278 896//1278 912//1278
f 919//1279 916//1279 917//1279
f 916//1280 918//1280 917//1280
f 918//1281 916//1281 914//1281
f 919//1282 913//1282 916//1282
f 920//1283 919//1283 917//1283
f 921//1284 919//1284 920//1284
f 921//1285 922//1285 919//1285
f 922//1286 913//1286 919//1286
f 925//1287 922//1287 921//1287
f 923//1288 924//1288 922//1288
f 923//1289 922//1289 925//1289
f 924//1290 926//1290 922//1290
f 922//1291 926//1291 927//1291
f 922//1292 927//1292 913//1292
f 927//1293 915//1293 913//1293
f 927//1294 929//1294 915//1294
f 926//1295 928//1295 927//1295
f 927//1296 928//1296 929//1296
f 928//1297 897//1297 929//1297
f 929//1298 897//1298 915//1298
f 928//1299 898//1299 897//1299
f 928//1300 930//1300 898//1300
f 926//1301 930//1301 928//1301
f 930//1302 248//1302 931//1302
f 930//1303 931//1303 898//1303
f 930//1304 934//1304 248//1304
f 926//1305 932//1305 930//1305
f 932//1306 933//1306 930//1306
f 933//1307 934//1307 930//1307
f 934//1308 933//1308 935//1308
f 934//1309 935//1309 936//1309
f 252//1310 934//1310 936//1310
f 248//1311 934//1311 252//1311
f 936//1312 935//1312 937//1312
f 252//1313 936//1313 937//1313
f 937//1314 935//1314 938//1314
f 937//1315 938//1315 939//1315
f 253//1316 937//1316 939//1316
f 252//1317 937//1317 253//1317
f 939//1318 938//1318 940//1318
f 256//1319 939//1319 259//1319
f 939//1320 940//1320 259//1320
f 253//1321 939//1321 256//1321
f 940//1322 942//1322 941//1322
f 259//1323 940//1323 941//1323
f 940//1324 943//1324 942//1324
f 940//1325 938//1325 943//1325
f 938//1326 944//1326 943//1326
f 943//1327 944//1327 945//1327
f 943//1328 945//1328 946//1328
f 942//1329 943//1329 946//1329
f 947//1330 946//1330 948//1330
f 941//1331 946//1331 947//1331
f 946//1332 945//1332 948//1332
f 941//1333 942//1333 946//1333
f 947//1334 948//1334 949//1334
f 948//1335 950//1335 949//1335
f 945//1336 951//1336 948//1336
f 948//1337 951//1337 950//1337
f 952//1338 954//1338 951//1338
f 945//1339 952//1339 951//1339
f 951//1340 953//1340 950//1340
f 951//1341 954//1341 953//1341
f 954//1342 955//1342 953//1342
f 952//1343 955//1343 954//1343
f 955//1344 958//1344 953//1344
f 952//1345 957//1345 955//1345
f 958//1346 955//1346 956//1346
f 956//1347 955//1347 957//1347
f 953//1348 958//1348 959//1348
f 958//1349 961//1349 959//1349
f 956//1350 960//1350 958//1350
f 958//1351 960//1351 961//1351
f 959//1352 961//1352 964//1352
f 961//1353 962//1353 963//1353
f 960//1354 962//1354 961//1354
f 961//1355 963//1355 964//1355
f 964//1356 965//1356 967//1356
f 964//1357 963//1357 965//1357
f 966//1358 964//1358 967//1358
f 959//1359 964//1359 966//1359
f 970//1360 967//1360 968//1360
f 967//1361 969//1361 968//1361
f 965//1362 969//1362 967//1362
f 966//1363 967//1363 970//1363
f 971//1364 970//1364 968//1364
f 966//1365 970//1365 971//1365
f 971//1366 968//1366 974//1366
f 972//1367 966//1367 971//1367
f 972//1368 971//1368 973//1368
f 973//1369 971//1369 974//1369
f 974//1370 975//1370 977//1370
f 968//1371 975//1371 974//1371
f 973//1372 974//1372 976//1372
f 974//1373 977//1373 976//1373
f 977//1374 978//1374 980//1374
f 977//1375 979//1375 978//1375
f 975//1376 979//1376 977//1376
f 976//1377 977//1377 980//1377
f 980//1378 978//1378 981//1378
f 976//1379 980//1379 981//1379
f 981//1380 978//1380 982//1380
f 981//1381 982//1381 984//1381
f 976//1382 981//1382 983//1382
f 983//1383 981//1383 984//1383
f 984//1384 985//1384 991//1384
f 982//1385 985//1385 984//1385
f 986//1386 989//1386 984//1386
f 986//1387 984//1387 987//1387
f 987//1388 984//1388 990//1388
f 984//1389 988//1389 990//1389
f 984//1390 991//1390 988//1390
f 983//1391 984//1391 989//1391
f 991//1392 994//1392 992//1392
f 991//1393 992//1393 993//1393
f 988//1394 991//1394 993//1394
f 985//1395 994//1395 991//1395
f 995//1396 996//1396 994//1396
f 995//1397 994//1397 997//1397
f 994//1398 996//1398 992//1398
f 985//1399 997//1399 994//1399
f 998//1400 995//1400 997//1400
f 998//1401 997//1401 985//1401
f 999//1402 995//1402 998//1402
f 1000//1403 999//1403 998//1403
f 982//1404 998//1404 985//1404
f 1000//1405 998//1405 982//1405
f 1001//1406 999//1406 1000//1406
f 1003//1407 1001//1407 1000//1407
f 979//1408 1002//1408 1000//1408
f 1003//1409 1000//1409 1002//1409
f 978//1410 1000//1410 982//1410
f 979//1411 1000//1411 978//1411
f 1004//1412 1001//1412 1003//1412
f 1006//1413 1004//1413 1003//1413
f 1005//1414 1003//1414 1002//1414
f 1006//1415 1003//1415 1005//1415
f 1007//1416 1006//1416 1005//1416
f 1007//1417 1008//1417 1006//1417
f 1008//1418 1009//1418 1006//1418
f 1006//1419 1009//1419 1011//1419
f 1011//1420 1010//1420 1006//1420
f 1006//1421 1010//1421 1004//1421
f 1014//1422 1011//1422 1009//1422
f 1014//1423 1012//1423 1011//1423
f 1012//1424 1013//1424 1011//1424
f 1011//1425 1013//1425 1010//1425
f 1009//1426 1015//1426 1014//1426
f 1015//1427 1016//1427 1014//1427
f 1016//1428 1017//1428 1014//1428
f 1014//1429 1017//1429 1012//1429
f 1019//1430 1018//1430 1017//1430
f 1017//1431 1018//1431 1013//1431
f 1016//1432 1019//1432 1017//1432
f 1017//1433 1013//1433 1012//1433
f 1020//1434 1019//1434 1016//1434
f 1022//1435 1019//1435 1020//1435
f 1019//1436 1021//1436 1018//1436
f 1022//1437 1021//1437 1019//1437
f 1023//1438 1022//1438 1020//1438
f 1024//1439 1022//1439 1023//1439
f 1022//1440 1025//1440 1021//1440
f 1024//1441 1025//1441 1022//1441
f 1025//1442 1026//1442 1027//1442
f 1024//1443 1026//1443 1025//1443
f 1025//1444 1027//1444 1028//1444
f 1025//1445 1028//1445 1021//1445
f 1021//1446 1028//1446 1029//1446
f 1028//1447 1027//1447 1029//1447
f 1027//1448 1030//1448 1029//1448
f 1029//1449 1030//1449 1031//1449
f 1018//1450 1029//1450 1031//1450
f 1021//1451 1029//1451 1018//1451
f 1010//1452 1031//1452 1032//1452
f 1031//1453 1033//1453 1032//1453
f 1031//1454 1034//1454 1033//1454
f 1030//1455 1034//1455 1031//1455
f 1013//1456 1031//1456 1010//1456
f 1018//1457 1031//1457 1013//1457
f 1034//1458 1035//1458 1033//1458
f 1034//1459 1036//1459 1035//1459
f 1034//1460 1037//1460 1036//1460
f 1030//1461 1037//1461 1034//1461
f 1037//1462 1038//1462 1039//1462
f 1040//1463 1038//1463 1037//1463
f 1037//1464 1039//1464 1036//1464
f 1040//1465 1037//1465 1030//1465
f 1045//1466 1041//1466 1040//1466
f 1040//1467 1041//1467 1044//1467
f 1043//1468 1040//1468 1042//1468
f 1026//1469 1042//1469 1040//1469
f 1026//1470 1040//1470 1027//1470
f 1027//1471 1040//1471 1030//1471
f 1043//1472 1045//1472 1040//1472
f 1040//1473 1044//1473 1038//1473
f 1047//1474 1045//1474 1043//1474
f 1048//1475 1046//1475 1045//1475
f 1045//1476 1046//1476 1041//1476
f 1047//1477 1048//1477 1045//1477
f 1048//1478 1049//1478 1046//1478
f 1047//1479 1049//1479 1048//1479
f 1049//1480 1051//1480 1046//1480
f 1050//1481 1052//1481 1049//1481
f 1047//1482 1050//1482 1049//1482
f 1049//1483 1052//1483 1051//1483
f 756//1484 1052//1484 1053//1484
f 756//1485 757//1485 1052//1485
f 1052//1486 757//1486 1055//1486
f 1050//1487 1053//1487 1052//1487
f 1052//1488 1054//1488 1051//1488
f 1052//1489 1055//1489 1054//1489
f 753//1490 1055//1490 757//1490
f 1055//1491 753//1491 747//1491
f 1055//1492 747//1492 742//1492
f 1054//1493 1055//1493 742//1493
f 1051//1494 1054//1494 742//1494
f 1056//1495 1053//1495 1050//1495
f 759//1496 756//1496 1053//1496
f 1057//1497 1053//1497 1056//1497
f 759//1498 1053//1498 1057//1498
f 1058//1499 759//1499 1057//1499
f 1058//1500 1057//1500 1056//1500
f 1059//1501 1058//1501 1060//1501
f 1059//1502 760//1502 1058//1502
f 760//1503 759//1503 1058//1503
f 1058//1504 1056//1504 1060//1504
f 1059//1505 1060//1505 1064//1505
f 1060//1506 1061//1506 1062//1506
f 1060//1507 1056//1507 1061//1507
f 1063//1508 1060//1508 1062//1508
f 1060//1509 1063//1509 1064//1509
f 1065//1510 1064//1510 1066//1510
f 1065//1511 1059//1511 1064//1511
f 1066//1512 1064//1512 1063//1512
f 1068//1513 1065//1513 1066//1513
f 1066//1514 1063//1514 1067//1514
f 1066//1515 1067//1515 1069//1515
f 1068//1516 1066//1516 1069//1516
f 1067//1517 1070//1517 1069//1517
f 1069//1518 1070//1518 1071//1518
f 1072//1519 1069//1519 1071//1519
f 1068//1520 1069//1520 1072//1520
f 1074//1521 1072//1521 1073//1521
f 1072//1522 1071//1522 1073//1522
f 1075//1523 1068//1523 1072//1523
f 1075//1524 1072//1524 1074//1524
f 1075//1525 1076//1525 1068//1525
f 1076//1526 1075//1526 1078//1526
f 1079//1527 1075//1527 1077//1527
f 1077//1528 1075//1528 1074//1528
f 1079//1529 1078//1529 1075//1529
f 1080//1530 1082//1530 1079//1530
f 1080//1531 1079//1531 1081//1531
f 1081//1532 1079//1532 1077//1532
f 1082//1533 1078//1533 1079//1533
f 1080//1534 1083//1534 1082//1534
f 1083//1535 1078//1535 1082//1535
f 1083//1536 1076//1536 1078//1536
f 1084//1537 1076//1537 1083//1537
f 1085//1538 1084//1538 1083//1538
f 1085//1539 1083//1539 1080//1539
f 1086//1540 1087//1540 1085//1540
f 1086//1541 1085//1541 1088//1541
f 1088//1542 1085//1542 1080//1542
f 1085//1543 1087//1543 1084//1543
f 1090//1544 1086//1544 1088//1544
f 1090//1545 1088//1545 1089//1545
f 1089//1546 1088//1546 1091//1546
f 1088//1547 1080//1547 1081//1547
f 1088//1548 1081//1548 1091//1548
f 1089//1549 1091//1549 1092//1549
f 1092//1550 1091//1550 1093//1550
f 1091//1551 1094//1551 1093//1551
f 1091//1552 1081//1552 1094//1552
f 1094//1553 1095//1553 1096//1553
f 1095//1554 1094//1554 1077//1554
f 1093//1555 1094//1555 1096//1555
f 1081//1556 1077//1556 1094//1556
f 1096//1557 1095//1557 1098//1557
f 1092//1558 1096//1558 1097//1558
f 1092//1559 1093//1559 1096//1559
f 1097//1560 1096//1560 1098//1560
f 1098//1561 1095//1561 1099//1561
f 1097//1562 1098//1562 1100//1562
f 1098//1563 1099//1563 1101//1563
f 1100//1564 1098//1564 1101//1564
f 1101//1565 1104//1565 1102//1565
f 1100//1566 1101//1566 1102//1566
f 1099//1567 1103//1567 1101//1567
f 1101//1568 1103//1568 1104//1568
f 1104//1569 914//1569 1102//1569
f 918//1570 914//1570 1104//1570
f 1105//1571 918//1571 1104//1571
f 1105//1572 1104//1572 1106//1572
f 1104//1573 1107//1573 1106//1573
f 1103//1574 1107//1574 1104//1574
f 1108//1575 1110//1575 1107//1575
f 1103//1576 1108//1576 1107//1576
f 1107//1577 1109//1577 1106//1577
f 1107//1578 1110//1578 1109//1578
f 1112//1579 1111//1579 1110//1579
f 1110//1580 1111//1580 1113//1580
f 1112//1581 1110//1581 1108//1581
f 1110//1582 1113//1582 1109//1582
f 1109//1583 1113//1583 1115//1583
f 1113//1584 1116//1584 1114//1584
f 1113//1585 1114//1585 1115//1585
f 1111//1586 1116//1586 1113//1586
f 1117//1587 1119//1587 1116//1587
f 1118//1588 1117//1588 1116//1588
f 1111//1589 1118//1589 1116//1589
f 1116//1590 1119//1590 1114//1590
f 1121//1591 1120//1591 1119//1591
f 1120//1592 1122//1592 1119//1592
f 1117//1593 1121//1593 1119//1593
f 1119//1594 1122//1594 1114//1594
f 1120//1595 1124//1595 1122//1595
f 1122//1596 1123//1596 1125//1596
f 1124//1597 1123//1597 1122//1597
f 1114//1598 1122//1598 1125//1598
f 1123//1599 1024//1599 1125//1599
f 1114//1600 1125//1600 1126//1600
f 1125//1601 1023//1601 1126//1601
f 1125//1602 1024//1602 1023//1602
f 1126//1603 1023//1603 1129//1603
f 1126//1604 1129//1604 1127//1604
f 1126//1605 1127//1605 1128//1605
f 1114//1606 1126//1606 1128//1606
f 1129//1607 1020//1607 1127//1607
f 1023//1608 1020//1608 1129//1608
f 1128//1609 1127//1609 1015//1609
f 1128//1610 1015//1610 1130//1610
f 1131//1611 1128//1611 1130//1611
f 1114//1612 1128//1612 1131//1612
f 1132//1613 1131//1613 1134//1613
f 1132//1614 1133//1614 1131//1614
f 1133//1615 1114//1615 1131//1615
f 1131//1616 1130//1616 1134//1616
f 1135//1617 1132//1617 1134//1617
f 1135//1618 1134//1618 1130//1618
f 1136//1619 1135//1619 1130//1619
f 1138//1620 1135//1620 1136//1620
f 1137//1621 1132//1621 1135//1621
f 1138//1622 1137//1622 1135//1622
f 1139//1623 1138//1623 1136//1623
f 1140//1624 1138//1624 1139//1624
f 1141//1625 1137//1625 1138//1625
f 1140//1626 1142//1626 1138//1626
f 1143//1627 1141//1627 1138//1627
f 1143//1628 1138//1628 1142//1628
f 1144//1629 1141//1629 1143//1629
f 960//1630 1143//1630 1142//1630
f 956//1631 1143//1631 960//1631
f 956//1632 1144//1632 1143//1632
f 1144//1633 956//1633 923//1633
f 923//1634 1145//1634 1144//1634
f 1144//1635 1145//1635 1141//1635
f 1145//1636 923//1636 925//1636
f 1145//1637 925//1637 1146//1637
f 1145//1638 1146//1638 1141//1638
f 1146//1639 925//1639 921//1639
f 1141//1640 1146//1640 1137//1640
f 1146//1641 1147//1641 1137//1641
f 1146//1642 921//1642 1147//1642
f 1137//1643 1147//1643 1132//1643
f 1147//1644 1105//1644 1148//1644
f 1147//1645 1148//1645 1133//1645
f 1147//1646 920//1646 1105//1646
f 1147//1647 1133//1647 1132//1647
f 1147//1648 921//1648 920//1648
f 1148//1649 1115//1649 1133//1649
f 1149//1650 1115//1650 1148//1650
f 1148//1651 1105//1651 1106//1651
f 1148//1652 1106//1652 1149//1652
f 1106//1653 1109//1653 1149//1653
f 1109//1654 1115//1654 1149//1654
f 962//1655 960//1655 1142//1655
f 963//1656 1142//1656 1140//1656
f 963//1657 962//1657 1142//1657
f 965//1658 963//1658 1140//1658
f 965//1659 1140//1659 1150//1659
f 1150//1660 1140//1660 1139//1660
f 965//1661 1150//1661 1007//1661
f 1150//1662 1008//1662 1007//1662
f 1008//1663 1150//1663 1151//1663
f 1150//1664 1139//1664 1151//1664
f 1151//1665 1139//1665 1152//1665
f 1009//1666 1151//1666 1152//1666
f 1151//1667 1009//1667 1008//1667
f 1152//1668 1136//1668 1015//1668
f 1009//1669 1152//1669 1015//1669
f 1139//1670 1136//1670 1152//1670
f 1136//1671 1130//1671 1015//1671
f 1115//1672 1114//1672 1133//1672
f 1127//1673 1016//1673 1015//1673
f 1127//1674 1020//1674 1016//1674
f 1120//1675 1153//1675 1124//1675
f 1153//1676 1123//1676 1124//1676
f 1154//1677 1070//1677 1153//1677
f 1154//1678 1153//1678 1120//1678
f 1070//1679 1155//1679 1153//1679
f 1153//1680 1155//1680 1123//1680
f 1070//1681 1156//1681 1155//1681
f 1156//1682 1157//1682 1155//1682
f 1155//1683 1157//1683 1024//1683
f 1155//1684 1024//1684 1123//1684
f 1157//1685 1042//1685 1026//1685
f 1158//1686 1042//1686 1157//1686
f 1156//1687 1158//1687 1157//1687
f 1157//1688 1026//1688 1024//1688
f 1159//1689 1158//1689 1156//1689
f 1159//1690 1061//1690 1158//1690
f 1158//1691 1043//1691 1042//1691
f 1061//1692 1043//1692 1158//1692
f 1062//1693 1061//1693 1159//1693
f 1070//1694 1159//1694 1156//1694
f 1067//1695 1062//1695 1159//1695
f 1070//1696 1067//1696 1159//1696
f 1071//1697 1070//1697 1154//1697
f 1121//1698 1154//1698 1120//1698
f 1154//1699 1121//1699 1160//1699
f 1160//1700 1071//1700 1154//1700
f 1117//1701 1160//1701 1121//1701
f 1073//1702 1071//1702 1160//1702
f 1160//1703 1117//1703 1161//1703
f 1074//1704 1160//1704 1161//1704
f 1074//1705 1073//1705 1160//1705
f 1077//1706 1161//1706 1162//1706
f 1162//1707 1161//1707 1117//1707
f 1077//1708 1074//1708 1161//1708
f 1077//1709 1162//1709 1112//1709
f 1162//1710 1118//1710 1111//1710
f 1162//1711 1117//1711 1118//1711
f 1112//1712 1162//1712 1111//1712
f 1164//1713 1112//1713 1108//1713
f 1077//1714 1112//1714 1163//1714
f 1112//1715 1164//1715 1163//1715
f 1164//1716 1108//1716 1103//1716
f 1099//1717 1164//1717 1103//1717
f 1099//1718 1163//1718 1164//1718
f 1095//1719 1077//1719 1163//1719
f 1095//1720 1163//1720 1099//1720
f 920//1721 918//1721 1105//1721
f 914//1722 911//1722 1102//1722
f 1102//1723 911//1723 1165//1723
f 1165//1724 1100//1724 1102//1724
f 911//1725 910//1725 1165//1725
f 910//1726 1100//1726 1165//1726
f 910//1727 1097//1727 1100//1727
f 856//1728 1092//1728 1097//1728
f 856//1729 1097//1729 910//1729
f 856//1730 1089//1730 1092//1730
f 853//1731 1090//1731 854//1731
f 854//1732 1090//1732 1089//1732
f 1086//1733 1090//1733 1166//1733
f 850//1734 1090//1734 853//1734
f 850//1735 1166//1735 1090//1735
f 1167//1736 1086//1736 1166//1736
f 848//1737 1166//1737 850//1737
f 848//1738 1167//1738 1166//1738
f 1167//1739 1168//1739 1169//1739
f 1167//1740 819//1740 1168//1740
f 1167//1741 1169//1741 1086//1741
f 848//1742 819//1742 1167//1742
f 1086//1743 1169//1743 1087//1743
f 1169//1744 1168//1744 1087//1744
f 819//1745 817//1745 1168//1745
f 1168//1746 817//1746 1170//1746
f 1168//1747 1170//1747 1087//1747
f 1170//1748 1171//1748 1172//1748
f 817//1749 1171//1749 1170//1749
f 1170//1750 1172//1750 1084//1750
f 1087//1751 1170//1751 1084//1751
f 1171//1752 1173//1752 1172//1752
f 1172//1753 1173//1753 1174//1753
f 1172//1754 1174//1754 1076//1754
f 1084//1755 1172//1755 1076//1755
f 1076//1756 1174//1756 1068//1756
f 1174//1757 1065//1757 1068//1757
f 1174//1758 1173//1758 1065//1758
f 1171//1759 1175//1759 1173//1759
f 1175//1760 1059//1760 1173//1760
f 1173//1761 1059//1761 1065//1761
f 817//1762 813//1762 1175//1762
f 817//1763 1175//1763 1171//1763
f 813//1764 1176//1764 1175//1764
f 1175//1765 1176//1765 1059//1765
f 808//1766 1177//1766 1176//1766
f 1176//1767 1177//1767 1059//1767
f 813//1768 814//1768 1176//1768
f 814//1769 808//1769 1176//1769
f 1177//1770 1178//1770 1059//1770
f 1177//1771 1179//1771 1178//1771
f 1179//1772 1177//1772 807//1772
f 808//1773 807//1773 1177//1773
f 761//1774 1178//1774 1179//1774
f 794//1775 761//1775 1179//1775
f 807//1776 794//1776 1179//1776
f 1178//1777 761//1777 760//1777
f 1059//1778 1178//1778 760//1778
f 854//1779 1089//1779 856//1779
f 1063//1780 1062//1780 1067//1780
f 1061//1781 1047//1781 1043//1781
f 1056//1782 1050//1782 1061//1782
f 1061//1783 1050//1783 1047//1783
f 1046//1784 1051//1784 742//1784
f 1046//1785 742//1785 1041//1785
f 1044//1786 1180//1786 1038//1786
f 1044//1787 1182//1787 1180//1787
f 1041//1788 1181//1788 1044//1788
f 1044//1789 1181//1789 1182//1789
f 1182//1790 1183//1790 1180//1790
f 1181//1791 1183//1791 1182//1791
f 1180//1792 1183//1792 667//1792
f 1181//1793 742//1793 1183//1793
f 742//1794 669//1794 1183//1794
f 1183//1795 669//1795 667//1795
f 1041//1796 742//1796 1181//1796
f 1180//1797 667//1797 666//1797
f 1038//1798 1180//1798 666//1798
f 1039//1799 1184//1799 1185//1799
f 1184//1800 1039//1800 666//1800
f 1036//1801 1039//1801 1035//1801
f 1035//1802 1039//1802 1185//1802
f 1038//1803 666//1803 1039//1803
f 1186//1804 1035//1804 1185//1804
f 1186//1805 1185//1805 1187//1805
f 1187//1806 1185//1806 1184//1806
f 1186//1807 1187//1807 996//1807
f 996//1808 1187//1808 1188//1808
f 1187//1809 1189//1809 1188//1809
f 1187//1810 1184//1810 1189//1810
f 1188//1811 1189//1811 1190//1811
f 1189//1812 1184//1812 1190//1812
f 1188//1813 1190//1813 1191//1813
f 664//152 1191//152 1190//152
f 1184//1814 664//1814 1190//1814
f 992//1815 1191//1815 1192//1815
f 992//1816 1188//1816 1191//1816
f 1192//1817 1191//1817 1193//1817
f 1191//1818 664//1818 660//1818
f 1191//1819 660//1819 1193//1819
f 1193//1820 660//1820 650//1820
f 1192//1821 1193//1821 1194//1821
f 1193//1822 650//1822 651//1822
f 1194//1823 1193//1823 651//1823
f 1195//1824 1194//1824 651//1824
f 1192//1825 1194//1825 1195//1825
f 1196//1826 1195//1826 641//1826
f 641//1827 1195//1827 644//1827
f 1196//1828 1192//1828 1195//1828
f 1195//1829 651//1829 644//1829
f 992//1830 1192//1830 1196//1830
f 992//1831 1196//1831 993//1831
f 993//1832 1196//1832 1197//1832
f 1197//1833 1196//1833 641//1833
f 1198//1834 1197//1834 641//1834
f 1199//1835 1197//1835 1198//1835
f 1199//1836 1200//1836 1197//1836
f 1200//1837 993//1837 1197//1837
f 988//1838 1200//1838 1199//1838
f 988//1839 993//1839 1200//1839
f 990//1840 988//1840 1199//1840
f 990//1841 1199//1841 1201//1841
f 1201//1842 1199//1842 1198//1842
f 1202//1843 990//1843 1201//1843
f 1202//1844 1201//1844 1203//1844
f 1201//1845 1198//1845 1203//1845
f 1202//1846 1203//1846 1204//1846
f 1204//1847 1203//1847 1206//1847
f 1203//1848 1198//1848 1205//1848
f 1203//1849 1205//1849 1206//1849
f 1206//1850 1207//1850 1204//1850
f 1207//1851 1206//1851 1208//1851
f 1205//1852 1208//1852 1206//1852
f 1208//1853 1209//1853 1210//1853
f 1208//1854 1205//1854 1209//1854
f 1208//1855 1211//1855 1207//1855
f 1211//1856 1208//1856 1210//1856
f 1212//1857 1211//1857 1213//1857
f 1212//1858 1207//1858 1211//1858
f 1213//1859 1211//1859 1214//1859
f 1211//1860 1210//1860 1214//1860
f 1215//1861 1214//1861 1216//1861
f 1215//1862 1213//1862 1214//1862
f 1210//1863 1216//1863 1214//1863
f 1215//1864 1216//1864 1217//1864
f 1217//1865 1216//1865 1220//1865
f 1216//1866 1210//1866 1218//1866
f 1216//1867 1218//1867 1219//1867
f 1216//1868 1219//1868 1220//1868
f 1219//1869 1222//1869 1220//1869
f 1217//1870 1220//1870 1221//1870
f 1221//1871 1220//1871 1223//1871
f 1220//1872 1222//1872 1223//1872
f 1223//1873 1224//1873 1225//1873
f 1222//1874 1224//1874 1223//1874
f 1223//1875 1225//1875 1226//1875
f 1221//1876 1223//1876 1226//1876
f 1226//1877 1229//1877 1227//1877
f 1227//1878 1228//1878 1226//1878
f 1221//1879 1226//1879 1228//1879
f 1226//1880 1225//1880 1229//1880
f 1225//1881 1230//1881 1229//1881
f 1229//1882 1230//1882 1227//1882
f 1225//1883 1231//1883 1230//1883
f 1231//1884 1232//1884 1230//1884
f 1230//1885 1233//1885 1227//1885
f 1233//1886 1230//1886 1232//1886
f 1227//1887 1233//1887 1235//1887
f 1233//1888 1232//1888 1234//1888
f 1233//1889 1234//1889 1236//1889
f 1235//1890 1233//1890 1236//1890
f 1236//1891 1234//1891 1239//1891
f 1235//1892 1236//1892 1237//1892
f 1236//1893 1238//1893 1237//1893
f 1236//1894 1239//1894 1238//1894
f 1239//1895 1240//1895 1238//1895
f 1234//1896 1240//1896 1239//1896
f 1242//1897 614//1897 1240//1897
f 1240//1898 614//1898 1241//1898
f 1238//1899 1240//1899 1241//1899
f 1234//1900 1242//1900 1240//1900
f 1232//1901 1242//1901 1234//1901
f 1232//1902 1243//1902 1242//1902
f 1242//1903 613//1903 614//1903
f 1243//1904 613//1904 1242//1904
f 1243//1905 616//1905 1244//1905
f 1243//1906 1244//1906 613//1906
f 1232//1907 1245//1907 1243//1907
f 1245//1908 616//1908 1243//1908
f 1246//1909 1245//1909 1232//1909
f 1246//1910 1247//1910 1245//1910
f 1245//1911 617//1911 616//1911
f 1247//1912 617//1912 1245//1912
f 625//1913 617//1913 1247//1913
f 637//1914 1247//1914 1248//1914
f 637//1915 625//1915 1247//1915
f 1248//1916 1247//1916 1246//1916
f 1249//1917 1248//1917 1246//1917
f 1249//1918 637//1918 1248//1918
f 1224//1919 636//1919 1249//1919
f 1224//1920 1249//1920 1231//1920
f 1246//1921 1231//1921 1249//1921
f 636//1922 637//1922 1249//1922
f 1231//1923 1246//1923 1232//1923
f 1244//1924 612//1924 613//1924
f 616//1925 612//1925 1244//1925
f 1238//1926 1241//1926 1251//1926
f 1241//1927 1252//1927 1250//1927
f 1251//1928 1241//1928 1250//1928
f 1241//1929 614//1929 1252//1929
f 614//1930 603//1930 1252//1930
f 1250//1931 1252//1931 1253//1931
f 1252//1932 603//1932 604//1932
f 1252//1933 604//1933 1253//1933
f 1255//1934 1253//1934 1254//1934
f 1253//1935 601//1935 1254//1935
f 1253//1936 604//1936 601//1936
f 1250//1937 1253//1937 1255//1937
f 1254//1938 1256//1938 1255//1938
f 1257//1939 1255//1939 1256//1939
f 1251//1940 1255//1940 1257//1940
f 1251//1941 1250//1941 1255//1941
f 1257//1942 1256//1942 1259//1942
f 1258//1943 1251//1943 1257//1943
f 1259//1944 1258//1944 1257//1944
f 1259//1945 1256//1945 1260//1945
f 1258//1946 1259//1946 1260//1946
f 1260//1947 1261//1947 1264//1947
f 1261//1948 1260//1948 1262//1948
f 1260//1949 1265//1949 1262//1949
f 1260//1950 1264//1950 1263//1950
f 1258//1951 1260//1951 1263//1951
f 1260//1952 1256//1952 1265//1952
f 1262//1953 1265//1953 1266//1953
f 1265//1954 1267//1954 1266//1954
f 1256//1955 1254//1955 1265//1955
f 1265//1956 1254//1956 1267//1956
f 1268//1957 1267//1957 1254//1957
f 1267//1958 1268//1958 1269//1958
f 1266//1959 1267//1959 1270//1959
f 1269//1960 1270//1960 1267//1960
f 1266//1961 1270//1961 1271//1961
f 1270//1962 1269//1962 1271//1962
f 1271//1963 1272//1963 1274//1963
f 1272//1964 1271//1964 1273//1964
f 1274//1965 1266//1965 1271//1965
f 1271//1966 1269//1966 1273//1966
f 1275//1967 1277//1967 1274//1967
f 1276//1968 1275//1968 1274//1968
f 1276//1969 1274//1969 1278//1969
f 1266//1970 1274//1970 1277//1970
f 1274//1971 1279//1971 1278//1971
f 1279//1972 1274//1972 1272//1972
f 1281//1973 1278//1973 1279//1973
f 1272//1974 1282//1974 1279//1974
f 1279//1975 1282//1975 1280//1975
f 1281//1976 1279//1976 1280//1976
f 1283//1977 1284//1977 1282//1977
f 1272//1978 1283//1978 1282//1978
f 1282//1979 1284//1979 1286//1979
f 1280//1980 1282//1980 1285//1980
f 1286//1981 1285//1981 1282//1981
f 1286//131 461//131 1288//131
f 1284//131 461//131 1286//131
f 1285//1982 1286//1982 1287//1982
f 1288//1983 1287//1983 1286//1983
f 1288//131 461//131 465//131
f 1288//1984 1289//1984 1287//1984
f 1289//1985 1288//1985 1290//1985
f 465//1986 1290//1986 1288//1986
f 463//1987 1290//1987 465//1987
f 463//1988 1291//1988 1290//1988
f 1291//1989 1289//1989 1290//1989
f 1292//1990 1293//1990 1291//1990
f 464//1991 1292//1991 1291//1991
f 1291//1992 1293//1992 1289//1992
f 464//1993 1291//1993 463//1993
f 1296//1994 1294//1994 1293//1994
f 1293//1995 1294//1995 1289//1995
f 1295//1996 1296//1996 1293//1996
f 1292//1997 1295//1997 1293//1997
f 1297//1998 1296//1998 1295//1998
f 1297//1999 1298//1999 1296//1999
f 1298//2000 1299//2000 1296//2000
f 1296//2001 1299//2001 1294//2001
f 1299//2002 1302//2002 1276//2002
f 1299//2003 1276//2003 1303//2003
f 1300//2004 1301//2004 1299//2004
f 1298//2005 1300//2005 1299//2005
f 1304//2006 1299//2006 1301//2006
f 1299//2007 1304//2007 1302//2007
f 1299//2008 1303//2008 1294//2008
f 1305//2009 1264//2009 1304//2009
f 1264//2010 1306//2010 1304//2010
f 1304//2011 1306//2011 1302//2011
f 1301//2012 1305//2012 1304//2012
f 1306//2013 1261//2013 1275//2013
f 1306//2010 1264//2010 1261//2010
f 1302//2014 1306//2014 1275//2014
f 1307//2015 1308//2015 1305//2015
f 1311//2016 1307//2016 1305//2016
f 1305//2017 1308//2017 1264//2017
f 1310//2018 1309//2018 1305//2018
f 1309//2019 1311//2019 1305//2019
f 1305//2020 1301//2020 1310//2020
f 1314//2021 1311//2021 1309//2021
f 1312//2022 1307//2022 1311//2022
f 1313//2023 1312//2023 1311//2023
f 1314//2024 1313//2024 1311//2024
f 1315//2025 1314//2025 1316//2025
f 1315//2026 1317//2026 1314//2026
f 1316//2027 1314//2027 1309//2027
f 1317//2028 1313//2028 1314//2028
f 1318//2029 1317//2029 1315//2029
f 1317//2030 1312//2030 1313//2030
f 1317//2031 1319//2031 1312//2031
f 1318//2032 1319//2032 1317//2032
f 1319//2033 1320//2033 1322//2033
f 1321//2034 1320//2034 1319//2034
f 1318//2035 1321//2035 1319//2035
f 1319//2036 1322//2036 1312//2036
f 1322//2037 1326//2037 1323//2037
f 1322//2038 1323//2038 1307//2038
f 1312//2039 1322//2039 1307//2039
f 1324//2040 1325//2040 1322//2040
f 1320//2041 1324//2041 1322//2041
f 1322//2042 1325//2042 1326//2042
f 1325//2043 1329//2043 1326//2043
f 1329//2044 1327//2044 1326//2044
f 1326//2045 1327//2045 1328//2045
f 1323//2046 1326//2046 1328//2046
f 1329//2047 1331//2047 1327//2047
f 1325//2048 1330//2048 1329//2048
f 1330//2049 1332//2049 1329//2049
f 1331//2050 1329//2050 1332//2050
f 1333//2051 1332//2051 1330//2051
f 1333//2052 1334//2052 1332//2052
f 1334//2053 1335//2053 1332//2053
f 1332//2054 1335//2054 1331//2054
f 1334//2055 1336//2055 1335//2055
f 1336//2056 1340//2056 1335//2056
f 1340//2057 1337//2057 1335//2057
f 1335//2058 1337//2058 1338//2058
f 1335//2059 1338//2059 1339//2059
f 1335//2060 1339//2060 1331//2060
f 1341//2061 1343//2061 1340//2061
f 1342//2062 1341//2062 1340//2062
f 1342//2063 1340//2063 1336//2063
f 1340//2064 1343//2064 1337//2064
f 1343//2065 1345//2065 1344//2065
f 1343//2066 1344//2066 1337//2066
f 1343//2067 1346//2067 1345//2067
f 1341//2068 1346//2068 1343//2068
f 1346//2069 1221//2069 1345//2069
f 1341//2070 1348//2070 1346//2070
f 1347//2071 1221//2071 1346//2071
f 1348//2072 1347//2072 1346//2072
f 1350//2073 1349//2073 1348//2073
f 1349//2074 1351//2074 1348//2074
f 1350//2075 1348//2075 1341//2075
f 1348//2076 1351//2076 1347//2076
f 1349//2077 1352//2077 1351//2077
f 1351//2078 1352//2078 1347//2078
f 1353//2079 1215//2079 1352//2079
f 1352//2080 1215//2080 1217//2080
f 1349//2081 1353//2081 1352//2081
f 1352//2082 1217//2082 1347//2082
f 1356//2083 1354//2083 1353//2083
f 1354//2084 1355//2084 1353//2084
f 1353//2085 1355//2085 1215//2085
f 1356//2086 1353//2086 1349//2086
f 1357//2087 1358//2087 1356//2087
f 1357//2088 1356//2088 1359//2088
f 1358//2089 1360//2089 1356//2089
f 1359//2090 1356//2090 1350//2090
f 1360//2091 1354//2091 1356//2091
f 1356//2092 1349//2092 1350//2092
f 1361//2093 1360//2093 1358//2093
f 1361//2094 1363//2094 1360//2094
f 1360//2095 1362//2095 1354//2095
f 1363//2096 1362//2096 1360//2096
f 1361//2097 1365//2097 1363//2097
f 1363//2098 1364//2098 1362//2098
f 1363//2099 296//2099 1364//2099
f 298//2100 296//2100 1363//2100
f 1365//2101 1366//2101 1363//2101
f 1366//2102 298//2102 1363//2102
f 307//2103 1366//2103 1365//2103
f 307//2104 306//2104 1366//2104
f 306//2105 301//2105 1366//2105
f 301//2106 298//2106 1366//2106
f 1365//2107 1361//2107 1367//2107
f 309//2108 307//2108 1365//2108
f 309//2109 1365//2109 1367//2109
f 1367//2110 1369//2110 1368//2110
f 1370//2111 1367//2111 1368//2111
f 1367//2112 1361//2112 1369//2112
f 309//2113 1367//2113 1370//2113
f 1373//2114 1370//2114 1371//2114
f 1371//2115 1370//2115 1372//2115
f 1370//2116 1368//2116 1372//2116
f 1373//2117 309//2117 1370//2117
f 334//2118 312//2118 1373//2118
f 334//2119 1373//2119 1374//2119
f 1374//2120 1373//2120 1371//2120
f 312//2121 309//2121 1373//2121
f 334//2122 1374//2122 1375//2122
f 1375//2123 1374//2123 1371//2123
f 333//2124 334//2124 1375//2124
f 333//2125 1375//2125 1376//2125
f 1376//2126 1375//2126 1377//2126
f 1375//2127 1371//2127 1377//2127
f 1376//2128 1377//2128 1378//2128
f 1377//2129 1371//2129 1372//2129
f 1378//2130 1377//2130 1379//2130
f 1377//2131 1372//2131 1379//2131
f 1378//2132 1379//2132 1380//2132
f 1380//2133 1379//2133 1381//2133
f 1379//2134 1382//2134 1381//2134
f 1372//2135 1382//2135 1379//2135
f 1381//2136 1382//2136 1383//2136
f 1382//2137 1384//2137 1383//2137
f 1382//2138 1385//2138 1384//2138
f 1382//2139 1372//2139 1385//2139
f 1385//2140 1357//2140 1359//2140
f 1372//2141 1357//2141 1385//2141
f 1385//2142 1359//2142 1386//2142
f 1385//2143 1386//2143 1384//2143
f 1386//2144 1359//2144 1387//2144
f 1384//2145 1386//2145 1387//2145
f 1359//2146 1350//2146 1387//2146
f 1387//2147 1350//2147 1341//2147
f 1388//2148 1387//2148 1341//2148
f 1384//2149 1387//2149 1388//2149
f 1389//2150 1388//2150 1342//2150
f 1383//2151 1388//2151 1389//2151
f 1388//2152 1341//2152 1342//2152
f 1383//2153 1384//2153 1388//2153
f 1392//2154 1389//2154 1390//2154
f 1389//2155 1391//2155 1390//2155
f 1389//2156 1342//2156 1391//2156
f 1383//2157 1389//2157 1392//2157
f 1393//2158 1383//2158 1392//2158
f 1393//2159 1392//2159 1395//2159
f 1395//2160 1392//2160 1394//2160
f 1392//2161 1390//2161 1394//2161
f 1398//2162 1395//2162 1394//2162
f 1396//2163 1393//2163 1395//2163
f 1397//2164 1396//2164 1395//2164
f 1397//2165 1395//2165 1398//2165
f 1398//2166 1394//2166 1399//2166
f 1400//2167 1398//2167 1399//2167
f 1401//2168 1398//2168 1400//2168
f 1401//2169 1397//2169 1398//2169
f 1404//2170 1402//2170 1401//2170
f 1402//2171 1403//2171 1401//2171
f 1403//2172 1397//2172 1401//2172
f 1404//2173 1401//2173 1405//2173
f 1405//2174 1401//2174 1406//2174
f 1401//2175 1400//2175 1406//2175
f 1406//2176 1400//2176 1321//2176
f 1405//2177 1406//2177 1407//2177
f 1406//2178 1321//2178 1318//2178
f 1407//2179 1406//2179 1318//2179
f 400//2180 1407//2180 1318//2180
f 399//2181 1407//2181 400//2181
f 399//2182 1408//2182 1407//2182
f 1408//2183 1405//2183 1407//2183
f 1409//2184 1405//2184 1408//2184
f 1409//2185 1408//2185 399//2185
f 1409//2186 1404//2186 1405//2186
f 1410//2187 1404//2187 1409//2187
f 396//2188 1409//2188 399//2188
f 1410//2189 1409//2189 396//2189
f 1411//2190 1413//2190 1410//2190
f 382//2191 1411//2191 1410//2191
f 382//2192 1410//2192 395//2192
f 395//2193 1410//2193 396//2193
f 1413//2194 1412//2194 1410//2194
f 1410//2195 1412//2195 1404//2195
f 376//2196 1414//2196 1413//2196
f 1414//2197 1415//2197 1413//2197
f 376//2198 1413//2198 1411//2198
f 1413//2199 1415//2199 1412//2199
f 1418//2200 1415//2200 1414//2200
f 1415//2201 1416//2201 1412//2201
f 1415//2202 1417//2202 1416//2202
f 1415//2203 1419//2203 1417//2203
f 1415//2204 1418//2204 1419//2204
f 1418//2205 1420//2205 1419//2205
f 1419//2206 1420//2206 1421//2206
f 1419//2207 1421//2207 1417//2207
f 1378//2208 1421//2208 1420//2208
f 1421//2209 1378//2209 1422//2209
f 1421//2210 1422//2210 1423//2210
f 1421//2211 1423//2211 1424//2211
f 1421//2212 1424//2212 1403//2212
f 1417//2213 1421//2213 1403//2213
f 1424//2214 1393//2214 1396//2214
f 1424//2215 1423//2215 1393//2215
f 1424//2216 1396//2216 1397//2216
f 1403//2217 1424//2217 1397//2217
f 1423//2218 1383//2218 1393//2218
f 1423//2219 1381//2219 1383//2219
f 1422//2220 1381//2220 1423//2220
f 1378//2221 1380//2221 1422//2221
f 1422//2222 1380//2222 1381//2222
f 1418//2223 1426//2223 1420//2223
f 1425//2224 1427//2224 1420//2224
f 1426//2225 1425//2225 1420//2225
f 1378//2226 1420//2226 1427//2226
f 1376//2227 1378//2227 1427//2227
f 1425//2228 1376//2228 1427//2228
f 345//2229 1426//2229 1418//2229
f 345//2230 1425//2230 1426//2230
f 340//2231 1376//2231 1425//2231
f 345//2232 340//2232 1425//2232
f 1414//2233 345//2233 1418//2233
f 1416//2234 1417//2234 1402//2234
f 1417//2235 1403//2235 1402//2235
f 1412//2236 1416//2236 1402//2236
f 376//2237 344//2237 1414//2237
f 345//2238 1414//2238 344//2238
f 1412//2239 1402//2239 1404//2239
f 375//2240 1411//2240 382//2240
f 375//2241 376//2241 1411//2241
f 1400//2242 1399//2242 1321//2242
f 1321//2243 1399//2243 1320//2243
f 1399//2244 1394//2244 1324//2244
f 1399//2245 1324//2245 1320//2245
f 1394//2246 1390//2246 1334//2246
f 1333//2247 1394//2247 1334//2247
f 1394//2248 1333//2248 1324//2248
f 1390//2249 1391//2249 1336//2249
f 1391//2250 1342//2250 1336//2250
f 1390//2251 1336//2251 1334//2251
f 340//2252 337//2252 1376//2252
f 337//2253 333//2253 1376//2253
f 1372//2254 1368//2254 1357//2254
f 1368//2255 1369//2255 1358//2255
f 1369//2256 1361//2256 1358//2256
f 1368//2257 1358//2257 1357//2257
f 296//2258 1428//2258 1364//2258
f 1428//2259 1429//2259 1364//2259
f 1430//2260 1364//2260 1429//2260
f 1364//2261 1430//2261 1362//2261
f 1354//2262 1430//2262 1355//2262
f 1430//2263 1429//2263 1355//2263
f 1362//2264 1430//2264 1354//2264
f 1432//2265 1431//2265 1429//2265
f 1429//2266 1431//2266 1355//2266
f 1429//2267 1428//2267 1432//2267
f 1428//2268 1434//2268 1432//2268
f 1431//2269 1432//2269 1433//2269
f 1432//2270 1436//2270 1433//2270
f 1434//2271 1435//2271 1432//2271
f 1432//2272 1435//2272 1436//2272
f 1436//2273 1438//2273 1437//2273
f 1433//2274 1436//2274 1437//2274
f 1439//2275 1438//2275 1436//2275
f 1435//2276 1439//2276 1436//2276
f 1440//2277 1442//2277 1439//2277
f 1435//2278 1440//2278 1439//2278
f 1441//2279 1438//2279 1439//2279
f 1442//2280 1441//2280 1439//2280
f 1444//2281 1443//2281 1442//2281
f 1442//2282 1443//2282 1441//2282
f 1440//2283 1444//2283 1442//2283
f 1444//2284 1445//2284 1443//2284
f 1444//2285 1440//2285 1447//2285
f 1446//2286 1445//2286 1444//2286
f 292//2287 1446//2287 1444//2287
f 292//2288 1444//2288 1447//2288
f 1447//2289 1440//2289 1435//2289
f 1434//2290 1447//2290 1435//2290
f 292//2291 1447//2291 1434//2291
f 1446//2292 1448//2292 1445//2292
f 1449//2293 1448//2293 1446//2293
f 1450//2294 1449//2294 1446//2294
f 1450//2295 1446//2295 292//2295
f 1451//2296 1449//2296 1450//2296
f 277//2297 1450//2297 292//2297
f 275//2298 1450//2298 277//2298
f 275//2299 1451//2299 1450//2299
f 1451//2300 1452//2300 1449//2300
f 1451//2301 1454//2301 1452//2301
f 271//2302 1453//2302 1451//2302
f 1453//2303 1455//2303 1451//2303
f 1455//2304 1454//2304 1451//2304
f 271//2305 1451//2305 275//2305
f 262//2306 260//2306 1455//2306
f 262//2307 1455//2307 1453//2307
f 1455//2308 1456//2308 1454//2308
f 260//2309 1456//2309 1455//2309
f 1456//2310 1457//2310 1459//2310
f 260//2311 1457//2311 1456//2311
f 1456//2312 1459//2312 1458//2312
f 1456//2313 1458//2313 1454//2313
f 1458//2314 1459//2314 1460//2314
f 1459//2315 1462//2315 1460//2315
f 1457//2316 1461//2316 1459//2316
f 1459//2317 1461//2317 1462//2317
f 1465//2318 1463//2318 1462//2318
f 1462//2319 1463//2319 1464//2319
f 1460//2320 1462//2320 1464//2320
f 1461//2321 1465//2321 1462//2321
f 1465//2322 1468//2322 1466//2322
f 1465//2323 1466//2323 1467//2323
f 1463//2324 1465//2324 1467//2324
f 1461//2325 1468//2325 1465//2325
f 1468//2326 959//2326 1466//2326
f 1470//2327 1468//2327 1461//2327
f 1469//2328 959//2328 1468//2328
f 1470//2329 1469//2329 1468//2329
f 1472//2330 1469//2330 1470//2330
f 1457//2331 1470//2331 1461//2331
f 1471//2332 1470//2332 1457//2332
f 1471//2333 1472//2333 1470//2333
f 949//2334 1469//2334 1472//2334
f 1471//2335 949//2335 1472//2335
f 260//2336 1471//2336 1457//2336
f 260//2337 947//2337 1471//2337
f 947//2338 949//2338 1471//2338
f 949//2339 950//2339 1469//2339
f 950//2340 959//2340 1469//2340
f 1467//2341 1466//2341 1473//2341
f 1463//2342 1467//2342 1473//2342
f 1463//2343 1473//2343 1474//2343
f 1473//2344 972//2344 973//2344
f 1466//2345 972//2345 1473//2345
f 1474//2346 1473//2346 973//2346
f 1464//2347 1463//2347 1474//2347
f 1475//2348 1464//2348 1474//2348
f 1475//2349 1474//2349 1476//2349
f 1474//2350 973//2350 1476//2350
f 1476//2351 973//2351 983//2351
f 1477//2352 1476//2352 989//2352
f 1475//2353 1476//2353 1477//2353
f 1476//2354 983//2354 989//2354
f 1478//2355 1477//2355 989//2355
f 1475//2356 1477//2356 1478//2356
f 1478//2357 989//2357 986//2357
f 1443//2358 1478//2358 986//2358
f 1479//2359 1478//2359 1443//2359
f 1479//2360 1475//2360 1478//2360
f 1445//2361 1479//2361 1443//2361
f 1480//2362 1464//2362 1479//2362
f 1480//2363 1479//2363 1445//2363
f 1464//2364 1475//2364 1479//2364
f 1448//2365 1480//2365 1445//2365
f 1449//2366 1480//2366 1448//2366
f 1452//2367 1480//2367 1449//2367
f 1480//2368 1452//2368 1464//2368
f 959//2369 972//2369 1466//2369
f 1452//2370 1460//2370 1464//2370
f 1454//2371 1458//2371 1460//2371
f 1454//2372 1460//2372 1452//2372
f 264//2373 262//2373 1453//2373
f 266//2374 264//2374 1453//2374
f 266//2375 1453//2375 271//2375
f 1443//2376 1481//2376 1441//2376
f 1443//2377 986//2377 1481//2377
f 1481//2378 987//2378 1482//2378
f 1481//2379 1482//2379 1483//2379
f 1481//2380 1483//2380 1441//2380
f 1481//2381 986//2381 987//2381
f 1482//2382 1484//2382 1483//2382
f 1483//2383 1484//2383 1202//2383
f 1483//2384 1202//2384 1438//2384
f 1441//2385 1483//2385 1438//2385
f 990//2386 1202//2386 1484//2386
f 1482//2387 987//2387 1484//2387
f 987//2388 990//2388 1484//2388
f 1204//2389 1437//2389 1438//2389
f 1438//2390 1202//2390 1204//2390
f 1437//2391 1204//2391 1207//2391
f 1207//2392 1212//2392 1437//2392
f 1433//2393 1437//2393 1212//2393
f 294//2394 1434//2394 1428//2394
f 292//2395 1434//2395 294//2395
f 1431//2396 1433//2396 1213//2396
f 1433//2397 1212//2397 1213//2397
f 1355//2398 1431//2398 1215//2398
f 1431//2399 1213//2399 1215//2399
f 297//2400 294//2400 1428//2400
f 296//2401 297//2401 1428//2401
f 1221//2402 1347//2402 1217//2402
f 1344//2403 1345//2403 1485//2403
f 1345//2404 1228//2404 1485//2404
f 1345//2405 1221//2405 1228//2405
f 1485//2406 1235//2406 1338//2406
f 1228//2407 1235//2407 1485//2407
f 1337//2408 1344//2408 1485//2408
f 1337//2409 1485//2409 1338//2409
f 1339//2410 1486//2410 1331//2410
f 1339//2411 1487//2411 1486//2411
f 1338//2412 1488//2412 1339//2412
f 1339//2413 1488//2413 1487//2413
f 1488//2414 1489//2414 1487//2414
f 1338//2415 1235//2415 1488//2415
f 1235//2416 1237//2416 1488//2416
f 1488//2417 1237//2417 1489//2417
f 1486//2418 1489//2418 1490//2418
f 1489//2419 1251//2419 1490//2419
f 1237//2420 1251//2420 1489//2420
f 1487//2421 1489//2421 1486//2421
f 1490//2422 1327//2422 1486//2422
f 1327//2423 1490//2423 1258//2423
f 1251//2424 1258//2424 1490//2424
f 1331//2425 1486//2425 1327//2425
f 1324//2426 1333//2426 1325//2426
f 1333//2427 1330//2427 1325//2427
f 1323//2428 1328//2428 1491//2428
f 1328//2429 1263//2429 1491//2429
f 1258//2430 1328//2430 1327//2430
f 1328//2431 1258//2431 1263//2431
f 1323//2432 1491//2432 1308//2432
f 1491//2433 1264//2433 1308//2433
f 1264//2434 1491//2434 1263//2434
f 1307//2435 1323//2435 1308//2435
f 1492//2436 1318//2436 1315//2436
f 400//2437 1318//2437 1492//2437
f 1494//2438 1492//2438 1493//2438
f 1492//2439 1315//2439 1493//2439
f 401//2440 400//2440 1492//2440
f 401//2441 1492//2441 1494//2441
f 403//2442 1494//2442 1493//2442
f 401//2443 1494//2443 403//2443
f 403//2444 1493//2444 406//2444
f 1493//2445 1315//2445 1316//2445
f 406//2446 1493//2446 1316//2446
f 1316//2447 1309//2447 1495//2447
f 1316//2448 1495//2448 1496//2448
f 1497//2449 1316//2449 1496//2449
f 406//2450 1316//2450 1497//2450
f 1498//2451 1497//2451 1499//2451
f 409//2452 1497//2452 1498//2452
f 1497//2453 1496//2453 1499//2453
f 409//2454 406//2454 1497//2454
f 1499//2455 1496//2455 1501//2455
f 1498//2456 1499//2456 1500//2456
f 1500//2457 1499//2457 1501//2457
f 1500//2458 1501//2458 1502//2458
f 1502//2459 1501//2459 1504//2459
f 1496//2460 1503//2460 1501//2460
f 1503//2461 1297//2461 1501//2461
f 1501//2462 1297//2462 1504//2462
f 464//131 450//131 1504//131
f 1504//2463 1292//2463 464//2463
f 1504//131 450//131 1502//131
f 1504//2464 1297//2464 1292//2464
f 1495//2465 1505//2465 1503//2465
f 1496//2466 1495//2466 1503//2466
f 1505//2467 1298//2467 1503//2467
f 1297//2468 1503//2468 1298//2468
f 1495//2469 1310//2469 1505//2469
f 1298//2470 1505//2470 1300//2470
f 1310//2471 1300//2471 1505//2471
f 1502//131 450//131 1500//131
f 1500//131 1506//131 1498//131
f 1500//131 450//131 1506//131
f 1498//131 1506//131 1507//131
f 1507//2472 1506//2472 1508//2472
f 1506//2473 450//2473 1509//2473
f 1508//2474 1506//2474 1509//2474
f 1508//2475 1509//2475 1510//2475
f 1509//2476 450//2476 1510//2476
f 1510//2477 450//2477 1511//2477
f 1512//2478 1510//2478 1511//2478
f 1508//2479 1510//2479 1512//2479
f 1512//2480 1511//2480 1513//2480
f 420//2481 1508//2481 1512//2481
f 420//2482 1512//2482 423//2482
f 423//2483 1512//2483 1513//2483
f 1513//2484 1511//2484 1514//2484
f 423//2485 1513//2485 1514//2485
f 425//2486 1514//2486 1515//2486
f 1514//2487 1516//2487 1515//2487
f 1514//2488 1511//2488 1516//2488
f 423//2489 1514//2489 425//2489
f 1515//2490 1516//2490 451//2490
f 1511//2491 450//2491 1516//2491
f 1516//2492 450//2492 451//2492
f 425//2493 1515//2493 429//2493
f 429//2494 1515//2494 432//2494
f 432//2495 1515//2495 1517//2495
f 1515//2496 451//2496 452//2496
f 1515//2497 452//2497 1517//2497
f 1517//2498 452//2498 448//2498
f 1517//2499 448//2499 1518//2499
f 1518//2500 436//2500 1517//2500
f 432//2501 1517//2501 436//2501
f 436//2502 1518//2502 441//2502
f 1518//2503 448//2503 441//2503
f 417//2504 1508//2504 420//2504
f 416//2505 1508//2505 417//2505
f 416//2506 1507//2506 1508//2506
f 407//131 1507//131 416//131
f 1498//131 1507//131 407//131
f 407//2507 409//2507 1498//2507
f 1309//2508 1310//2508 1495//2508
f 1300//2509 1310//2509 1301//2509
f 1303//2510 1278//2510 1281//2510
f 1294//2511 1303//2511 1281//2511
f 1303//2512 1276//2512 1278//2512
f 1302//2513 1275//2513 1276//2513
f 1297//2514 1295//2514 1292//2514
f 1294//2515 1281//2515 1289//2515
f 1289//2516 1285//2516 1287//2516
f 1289//2517 1280//2517 1285//2517
f 1289//2518 1281//2518 1280//2518
f 1283//2519 1520//2519 1284//2519
f 1519//2520 461//2520 1284//2520
f 1520//2521 1519//2521 1284//2521
f 1520//2522 1283//2522 1521//2522
f 1521//2523 496//2523 1520//2523
f 1520//2524 1522//2524 1519//2524
f 1522//2525 1520//2525 496//2525
f 1519//2526 1522//2526 1523//2526
f 496//2527 1523//2527 1522//2527
f 1523//131 461//131 1519//131
f 496//2528 1524//2528 1523//2528
f 1524//2529 478//2529 1523//2529
f 478//131 461//131 1523//131
f 1524//2530 496//2530 494//2530
f 494//2531 486//2531 1524//2531
f 486//2532 478//2532 1524//2532
f 496//2533 1521//2533 499//2533
f 580//2534 499//2534 1521//2534
f 580//2535 1521//2535 1283//2535
f 580//2536 1283//2536 1525//2536
f 1283//2537 1272//2537 1525//2537
f 580//2538 1525//2538 1526//2538
f 1525//2539 1268//2539 1526//2539
f 1268//2540 1525//2540 1269//2540
f 1269//2541 1525//2541 1273//2541
f 1272//2542 1273//2542 1525//2542
f 1527//2543 580//2543 1526//2543
f 1268//2544 1527//2544 1526//2544
f 1528//2545 581//2545 1527//2545
f 1527//2544 1268//2544 1528//2544
f 580//2546 1527//2546 581//2546
f 1254//2547 601//2547 1528//2547
f 601//2548 582//2548 1528//2548
f 1528//2549 582//2549 581//2549
f 1254//2550 1528//2550 1268//2550
f 1262//2551 1277//2551 1275//2551
f 1277//2552 1262//2552 1266//2552
f 1262//2553 1275//2553 1261//2553
f 1237//2554 1238//2554 1251//2554
f 1228//2555 1227//2555 1235//2555
f 1224//2556 1231//2556 1225//2556
f 1530//2557 1529//2557 1224//2557
f 1529//2558 636//2558 1224//2558
f 1530//2559 1224//2559 1222//2559
f 1210//2560 1531//2560 1530//2560
f 1532//2561 1530//2561 1531//2561
f 1218//2562 1530//2562 1222//2562
f 1210//2563 1530//2563 1218//2563
f 1530//2564 1532//2564 1529//2564
f 1531//2565 640//2565 1532//2565
f 640//2566 638//2566 1532//2566
f 1532//2567 638//2567 1529//2567
f 1210//2568 1209//2568 1531//2568
f 1209//2569 640//2569 1531//2569
f 1529//2570 638//2570 636//2570
f 1218//2571 1222//2571 1219//2571
f 1205//2572 641//2572 1209//2572
f 1209//2573 641//2573 640//2573
f 1198//2574 641//2574 1205//2574
f 996//2575 1188//2575 992//2575
f 1533//2576 1186//2576 999//2576
f 1033//2577 1186//2577 1533//2577
f 1033//2578 1035//2578 1186//2578
f 995//2579 1186//2579 996//2579
f 999//2580 1186//2580 995//2580
f 1001//2581 1533//2581 999//2581
f 1534//2582 1533//2582 1001//2582
f 1032//2583 1533//2583 1534//2583
f 1032//2584 1033//2584 1533//2584
f 1004//2585 1534//2585 1001//2585
f 1004//2586 1032//2586 1534//2586
f 1184//2587 666//2587 664//2587
f 1010//2588 1032//2588 1004//2588
f 1535//2589 1007//2589 1005//2589
f 1535//2590 965//2590 1007//2590
f 965//2591 1535//2591 969//2591
f 1535//2592 1536//2592 1537//2592
f 1535//2593 1005//2593 1536//2593
f 969//2594 1535//2594 1537//2594
f 1537//2595 1536//2595 1002//2595
f 1537//2596 1002//2596 979//2596
f 975//2597 1537//2597 979//2597
f 969//2598 1537//2598 975//2598
f 1005//2599 1002//2599 1536//2599
f 973//2600 976//2600 983//2600
f 968//2601 969//2601 975//2601
f 959//2602 966//2602 972//2602
f 950//2603 953//2603 959//2603
f 944//2604 957//2604 952//2604
f 956//2605 957//2605 1539//2605
f 944//2606 1538//2606 957//2606
f 1539//2607 957//2607 1538//2607
f 923//2608 1539//2608 924//2608
f 956//2609 1539//2609 923//2609
f 1539//2610 1538//2610 1540//2610
f 1539//2611 1540//2611 924//2611
f 1540//2612 1538//2612 932//2612
f 924//2613 1540//2613 932//2613
f 1538//2614 933//2614 932//2614
f 933//2615 1538//2615 944//2615
f 944//2616 952//2616 945//2616
f 260//2617 941//2617 947//2617
f 933//2618 944//2618 935//2618
f 938//2619 935//2619 944//2619
f 259//2620 941//2620 260//2620
f 924//2621 932//2621 926//2621
f 898//2622 931//2622 895//2622
f 1541//2623 895//2623 931//2623
f 931//2624 248//2624 246//2624
f 931//2625 246//2625 1541//2625
f 1541//2626 246//2626 242//2626
f 895//2627 1541//2627 242//2627
f 920//2628 917//2628 918//2628
f 915//2629 897//2629 896//2629
f 895//2630 242//2630 241//2630
f 888//2631 877//2631 873//2631
f 881//2632 1542//2632 880//2632
f 881//2633 224//2633 1542//2633
f 1543//13 876//13 880//13 1542//13
f 224//2634 223//2634 1542//2634
f 223//2635 1543//2635 1542//2635
f 1544//13 1546//13 1543//13
f 1545//2636 1544//2636 1543//2636
f 223//2637 1547//2637 1543//2637
f 1547//2638 1545//2638 1543//2638
f 1543//13 1546//13 876//13
f 219//2639 1545//2639 1547//2639
f 223//2640 219//2640 1547//2640
f 878//2641 876//2641 1546//2641
f 1546//2642 1548//2642 1549//2642
f 1544//13 1548//13 1546//13
f 1550//2643 1546//2643 1549//2643
f 1546//2644 1550//2644 878//2644
f 157//2645 1550//2645 1549//2645
f 878//2646 1550//2646 157//2646
f 157//2647 1549//2647 158//2647
f 1549//2648 1548//2648 164//2648
f 158//2649 1549//2649 164//2649
f 1548//2650 1551//2650 164//2650
f 1544//13 1551//13 1548//13
f 164//2651 1551//2651 174//2651
f 176//13 1551//13 1544//13
f 176//13 174//13 1551//13
f 220//2652 1545//2652 219//2652
f 1545//2653 220//2653 1552//2653
f 1544//2654 1545//2654 1552//2654
f 220//2655 1554//2655 1552//2655
f 1554//2656 1553//2656 1552//2656
f 1552//2657 1553//2657 177//2657
f 1544//2658 1552//2658 176//2658
f 1552//2659 177//2659 176//2659
f 1554//2660 1555//2660 1553//2660
f 1554//2661 1556//2661 1555//2661
f 220//2662 221//2662 1554//2662
f 1554//2663 221//2663 1556//2663
f 1556//2664 210//2664 1555//2664
f 221//2665 210//2665 1556//2665
f 1553//2666 1555//2666 183//2666
f 1555//2667 210//2667 207//2667
f 1555//2668 207//2668 183//2668
f 1553//2669 180//2669 177//2669
f 1553//2670 183//2670 180//2670
f 156//2671 878//2671 157//2671
f 871//2672 159//2672 870//2672
f 156//2673 159//2673 871//2673
f 159//2674 868//2674 870//2674
f 159//2675 154//2675 868//2675
f 154//2676 153//2676 868//2676
f 865//2677 1557//2677 866//2677
f 866//2678 1557//2678 862//2678
f 1557//2679 839//2679 844//2679
f 1558//2680 839//2680 1557//2680
f 865//2681 1558//2681 1557//2681
f 1557//2682 844//2682 862//2682
f 1558//2683 838//2683 839//2683
f 1559//2684 838//2684 1558//2684
f 153//2685 1558//2685 865//2685
f 153//2686 1559//2686 1558//2686
f 1559//2687 1560//2687 838//2687
f 1559//2688 1562//2688 1560//2688
f 153//2689 1561//2689 1559//2689
f 1559//2690 1561//2690 1562//2690
f 1562//2691 1563//2691 834//2691
f 1562//2692 834//2692 835//2692
f 1560//2693 1562//2693 835//2693
f 1561//2694 1563//2694 1562//2694
f 143//2695 1563//2695 149//2695
f 1561//2696 149//2696 1563//2696
f 139//2697 1563//2697 140//2697
f 1564//2698 1563//2698 139//2698
f 1563//2699 1564//2699 1565//2699
f 1563//2700 1565//2700 1566//2700
f 143//2701 140//2701 1563//2701
f 1563//2702 1566//2702 834//2702
f 1566//2703 1567//2703 1568//2703
f 1565//2704 1567//2704 1566//2704
f 834//2705 1566//2705 833//2705
f 1566//2706 1568//2706 833//2706
f 1568//2707 1567//2707 1569//2707
f 833//2708 1568//2708 1569//2708
f 833//2709 1569//2709 836//2709
f 1567//2710 1570//2710 1569//2710
f 1570//2711 836//2711 1569//2711
f 1567//2712 1571//2712 1570//2712
f 1571//2713 1572//2713 1570//2713
f 836//2714 1570//2714 802//2714
f 1572//2715 1573//2715 1570//2715
f 1570//2716 1573//2716 802//2716
f 1573//2717 800//2717 802//2717
f 1573//2718 1574//2718 800//2718
f 1572//2719 1575//2719 1573//2719
f 1575//2720 1574//2720 1573//2720
f 1576//2721 1574//2721 1575//2721
f 1572//2722 1576//2722 1575//2722
f 127//2723 1577//2723 1576//2723
f 1576//2724 1577//2724 1574//2724
f 1578//2725 1576//2725 1572//2725
f 1578//2726 127//2726 1576//2726
f 1579//2727 127//2727 1578//2727
f 1580//2728 1579//2728 1578//2728
f 1580//2729 1578//2729 1571//2729
f 1571//2730 1578//2730 1572//2730
f 1581//2731 1579//2731 1580//2731
f 1565//2732 1580//2732 1571//2732
f 1564//2733 1581//2733 1580//2733
f 1564//2734 1580//2734 1565//2734
f 1582//2735 1579//2735 1581//2735
f 1582//2736 1581//2736 1564//2736
f 139//2737 1582//2737 1564//2737
f 136//2738 1582//2738 139//2738
f 136//2739 129//2739 1582//2739
f 1582//2740 129//2740 1579//2740
f 129//2741 127//2741 1579//2741
f 1577//2742 799//2742 1574//2742
f 127//2743 125//2743 1577//2743
f 1583//2744 1577//2744 125//2744
f 1577//2745 1583//2745 799//2745
f 1583//2746 118//2746 788//2746
f 117//2747 118//2747 1583//2747
f 125//2748 117//2748 1583//2748
f 1583//2749 788//2749 799//2749
f 1574//2750 799//2750 800//2750
f 1567//2751 1565//2751 1571//2751
f 153//2752 152//2752 1561//2752
f 152//2753 149//2753 1561//2753
f 1560//2754 835//2754 838//2754
f 862//2755 844//2755 851//2755
f 844//2756 845//2756 851//2756
f 848//2757 820//2757 819//2757
f 823//2758 820//2758 848//2758
f 842//2759 824//2759 823//2759
f 836//2760 802//2760 804//2760
f 836//2761 804//2761 831//2761
f 831//2762 1584//2762 810//2762
f 831//2763 804//2763 1584//2763
f 1584//2764 805//2764 810//2764
f 804//2765 805//2765 1584//2765
f 793//2766 794//2766 807//2766
f 799//2767 788//2767 787//2767
f 799//2768 787//2768 791//2768
f 794//2769 763//2769 761//2769
f 118//2770 783//2770 788//2770
f 782//2771 1586//2771 784//2771
f 784//2772 1585//2772 777//2772
f 1586//2773 1585//2773 784//2773
f 784//2774 777//2774 779//2774
f 1587//2775 444//2775 1586//2775
f 1586//2776 444//2776 1590//2776
f 1588//2777 1587//2777 1586//2777
f 1588//2778 1586//2778 1589//2778
f 1589//2779 1586//2779 782//2779
f 1586//2780 1590//2780 1585//2780
f 444//2781 443//2781 1590//2781
f 1590//2782 1591//2782 1585//2782
f 1590//2783 1592//2783 1591//2783
f 1590//2784 443//2784 1592//2784
f 1592//2785 1593//2785 1591//2785
f 443//2786 1593//2786 1592//2786
f 1593//2787 447//2787 1594//2787
f 445//2788 447//2788 1593//2788
f 443//2789 445//2789 1593//2789
f 1591//2790 1593//2790 1594//2790
f 1591//2791 1594//2791 776//2791
f 776//2792 1594//2792 745//2792
f 1594//2793 447//2793 745//2793
f 1585//2794 1591//2794 776//2794
f 1595//2795 1588//2795 1589//2795
f 120//2796 1589//2796 782//2796
f 119//2797 1589//2797 120//2797
f 1595//2798 1589//2798 119//2798
f 110//2799 1596//2799 1595//2799
f 110//2800 1595//2800 119//2800
f 1596//2801 1588//2801 1595//2801
f 1598//2802 437//2802 1596//2802
f 1596//2803 437//2803 1597//2803
f 1596//2804 1597//2804 1588//2804
f 110//2805 1598//2805 1596//2805
f 1599//2806 435//2806 1598//2806
f 1598//2807 435//2807 437//2807
f 103//2808 1598//2808 110//2808
f 103//2809 1599//2809 1598//2809
f 103//2810 1600//2810 1599//2810
f 1600//2811 435//2811 1599//2811
f 103//2812 1601//2812 1600//2812
f 1601//2813 433//2813 1600//2813
f 1600//2814 433//2814 435//2814
f 103//2815 101//2815 1601//2815
f 101//2816 424//2816 1601//2816
f 1601//2817 424//2817 428//2817
f 1601//2818 428//2818 433//2818
f 1597//2819 1602//2819 1587//2819
f 1597//2820 438//2820 1602//2820
f 437//2821 438//2821 1597//2821
f 1597//2822 1587//2822 1588//2822
f 1602//2823 440//2823 1587//2823
f 438//2824 440//2824 1602//2824
f 1587//2825 440//2825 444//2825
f 1585//2826 776//2826 777//2826
f 118//2827 120//2827 783//2827
f 120//2828 782//2828 783//2828
f 776//2829 745//2829 744//2829
f 776//2830 744//2830 773//2830
f 773//2831 746//2831 774//2831
f 774//2832 746//2832 771//2832
f 773//2833 744//2833 746//2833
f 771//2834 749//2834 751//2834
f 771//2835 746//2835 749//2835
f 764//2836 751//2836 754//2836
f 751//2837 749//2837 748//2837
f 742//2838 671//2838 669//2838
f 453//152 1817//152 1816//152
f 739//2839 1604//2839 1603//2839
f 739//2840 1603//2840 1605//2840
f 1604//2841 739//2841 1606//2841
f 455//2842 739//2842 1817//2842 456//2842
f 739//2842 455//2842 459//2842
f 739//2843 1605//2843 1607//2843
f 739//2844 459//2844 1606//2844
f 739//2845 1607//2845 738//2845
f 1607//2846 1605//2846 728//2846
f 1607//2847 728//2847 727//2847
f 738//2848 1607//2848 727//2848
f 1604//2849 1606//2849 1609//2849
f 459//2850 1608//2850 1606//2850
f 1608//2851 1610//2851 1606//2851
f 1606//2852 1610//2852 1609//2852
f 1610//2853 1611//2853 1612//2853
f 1610//2854 1613//2854 1611//2854
f 1612//2855 1609//2855 1610//2855
f 1614//2856 1610//2856 1608//2856
f 1610//2857 1614//2857 1613//2857
f 1615//2858 1613//2858 1614//2858
f 1616//2859 1615//2859 1614//2859
f 1608//2860 1616//2860 1614//2860
f 1616//2861 1608//2861 1617//2861
f 469//2862 1615//2862 1616//2862
f 468//2863 1616//2863 1618//2863
f 468//2864 469//2864 1616//2864
f 1618//2865 1616//2865 1617//2865
f 459//2866 468//2866 1618//2866
f 459//2867 1618//2867 1617//2867
f 459//2868 1617//2868 1608//2868
f 1613//2869 1615//2869 1619//2869
f 1615//2870 1622//2870 1619//2870
f 1621//2871 1615//2871 1620//2871
f 469//2872 1620//2872 1615//2872
f 1615//2873 1621//2873 1622//2873
f 1621//2874 1623//2874 1622//2874
f 1622//2875 1623//2875 1624//2875
f 1611//2876 1622//2876 1624//2876
f 1622//2877 1611//2877 1619//2877
f 1623//2878 1625//2878 1624//2878
f 1625//2879 1611//2879 1624//2879
f 1611//2880 1625//2880 1612//2880
f 1623//2881 1627//2881 1625//2881
f 1625//2882 1626//2882 1628//2882
f 1626//2883 1625//2883 1627//2883
f 1612//2884 1625//2884 1628//2884
f 1628//2885 1629//2885 1630//2885
f 1628//2886 1626//2886 1629//2886
f 1631//2887 1628//2887 1630//2887
f 1612//2888 1628//2888 1631//2888
f 1633//2889 1612//2889 1631//2889
f 1634//2890 1632//2890 1631//2890
f 1633//2891 1631//2891 1632//2891
f 1631//2892 1630//2892 1634//2892
f 1634//2893 719//2893 721//2893
f 719//2894 1634//2894 1635//2894
f 1632//2895 1634//2895 724//2895
f 1630//2896 1636//2896 1634//2896
f 724//2897 1634//2897 721//2897
f 1634//2898 1636//2898 1635//2898
f 1636//2899 1630//2899 1637//2899
f 1636//2900 1638//2900 1635//2900
f 1637//2901 1638//2901 1636//2901
f 1635//2902 1638//2902 1639//2902
f 1639//2903 1638//2903 1640//2903
f 1637//2904 1641//2904 1638//2904
f 1641//2905 1640//2905 1638//2905
f 1637//2906 1642//2906 1641//2906
f 1642//2907 1644//2907 1641//2907
f 1641//2908 1645//2908 1640//2908
f 1641//2909 1643//2909 1645//2909
f 1643//2910 1641//2910 1644//2910
f 1643//2911 1647//2911 1645//2911
f 1645//2912 1646//2912 1640//2912
f 1646//2913 1645//2913 1647//2913
f 1643//2914 1650//2914 1647//2914
f 1648//2915 1646//2915 1647//2915
f 1647//2916 1649//2916 1648//2916
f 1649//2917 1647//2917 1650//2917
f 1650//2918 1643//2918 1652//2918
f 1650//2919 1651//2919 1649//2919
f 1651//2920 1650//2920 1652//2920
f 1643//2921 1653//2921 1652//2921
f 1653//2922 1654//2922 1652//2922
f 1654//2923 1655//2923 1652//2923
f 1651//2924 1652//2924 1655//2924
f 1655//740 564//740 1656//740
f 1651//2925 1655//2925 1656//2925
f 1655//2926 1657//2926 564//2926
f 1655//2927 1654//2927 1657//2927
f 1654//2928 1658//2928 1657//2928
f 1657//2929 1658//2929 563//2929
f 1657//2930 563//2930 564//2930
f 1659//2931 1658//2931 1654//2931
f 563//2932 1658//2932 551//2932
f 1658//2933 1659//2933 551//2933
f 1659//2934 1654//2934 1662//2934
f 1659//2935 1660//2935 551//2935
f 1659//2936 1661//2936 1660//2936
f 1661//2937 1659//2937 1662//2937
f 1653//2931 1662//2931 1654//2931
f 1661//2938 1662//2938 1653//2938
f 1661//2939 1653//2939 1642//2939
f 1663//2940 1660//2940 1661//2940
f 1637//2941 1661//2941 1642//2941
f 1637//2942 1663//2942 1661//2942
f 1663//2943 1637//2943 544//2943
f 544//2944 546//2944 1663//2944
f 1660//2945 1663//2945 546//2945
f 1660//2946 546//2946 551//2946
f 1656//2947 1664//2947 1651//2947
f 1664//2947 1656//2947 566//2947
f 564//2948 566//2948 1656//2948
f 1665//2949 1651//2949 1664//2949
f 566//2950 575//2950 1664//2950
f 1665//2951 1664//2951 575//2951
f 1666//2952 1649//2952 1665//2952
f 1666//2953 1665//2953 1667//2953
f 1651//2949 1665//2949 1649//2949
f 1665//2954 575//2954 1667//2954
f 1667//2955 1668//2955 1669//2955
f 1668//2956 1667//2956 574//2956
f 1667//2957 575//2957 574//2957
f 1666//2958 1667//2958 1669//2958
f 1669//2959 1670//2959 1671//2959
f 1670//2960 1669//2960 1668//2960
f 1671//2961 1666//2961 1669//2961
f 1666//2962 1671//2962 1672//2962
f 1674//2963 1672//2963 1671//2963
f 1673//2964 1671//2964 1670//2964
f 1671//2965 1673//2965 1674//2965
f 1675//2966 1672//2966 1674//2966
f 1676//2967 1675//2967 1674//2967
f 1676//2968 1674//2968 1677//2968
f 1677//2969 1674//2969 1678//2969
f 1678//2970 1674//2970 1673//2970
f 1681//2971 1678//2971 1679//2971
f 1679//2972 1678//2972 1673//2972
f 1680//2973 1677//2973 1678//2973
f 1681//2974 1680//2974 1678//2974
f 1683//2975 1681//2975 1682//2975
f 1682//2976 1681//2976 1684//2976
f 1684//2977 1681//2977 1679//2977
f 1683//2978 1680//2978 1681//2978
f 623//2979 1684//2979 1685//2979
f 1684//2980 1679//2980 1685//2980
f 1686//2981 1682//2981 1684//2981
f 1686//2982 1684//2982 623//2982
f 628//2983 1686//2983 623//2983
f 1687//2984 1682//2984 1686//2984
f 630//2985 1686//2985 628//2985
f 630//2986 1687//2986 1686//2986
f 630//2987 1688//2987 1687//2987
f 1688//2988 1682//2988 1687//2988
f 1689//2989 1683//2989 1688//2989
f 1688//2990 1683//2990 1682//2990
f 1690//2991 1689//2991 1688//2991
f 1690//2992 1688//2992 630//2992
f 1691//2993 1690//2993 631//2993
f 1691//2994 1692//2994 1690//2994
f 1692//2995 1689//2995 1690//2995
f 631//2996 1690//2996 630//2996
f 1693//2997 1692//2997 1691//2997
f 653//2998 1692//2998 1693//2998
f 653//2999 1694//2999 1692//2999
f 1694//3000 1689//3000 1692//3000
f 1694//3001 1695//3001 1696//3001
f 655//3002 1695//3002 1694//3002
f 1694//3003 1696//3003 1689//3003
f 653//3004 655//3004 1694//3004
f 1696//3005 1697//3005 1689//3005
f 1696//3006 1699//3006 1697//3006
f 1695//3007 1698//3007 1696//3007
f 1696//3008 1698//3008 1699//3008
f 1699//3009 1700//3009 1697//3009
f 686//3010 1700//3010 1699//3010
f 1698//3011 687//3011 1699//3011
f 1699//3012 687//3012 686//3012
f 1703//3013 1700//3013 1701//3013
f 1702//3014 1701//3014 1700//3014
f 686//3015 1702//3015 1700//3015
f 1700//3016 1703//3016 1676//3016
f 1697//3017 1700//3017 1704//3017
f 1700//3018 1676//3018 1704//3018
f 1704//3019 1677//3019 1705//3019
f 1704//3020 1676//3020 1677//3020
f 1706//3021 1704//3021 1705//3021
f 1697//3022 1704//3022 1706//3022
f 1689//3023 1697//3023 1706//3023
f 1689//3024 1706//3024 1683//3024
f 1706//3025 1680//3025 1683//3025
f 1706//3026 1705//3026 1680//3026
f 1680//3027 1705//3027 1677//3027
f 1703//3028 1675//3028 1676//3028
f 1703//3029 1707//3029 1708//3029
f 1701//3030 1707//3030 1703//3030
f 1703//3031 1708//3031 1675//3031
f 1708//3032 1818//3032 1675//3032
f 1707//3033 1818//3033 1708//3033
f 1707//3034 1709//3034 1818//3034
f 1675//3035 1818//3035 1672//3035
f 1707//3036 1710//3036 1709//3036
f 1648//3037 1672//3037 1818//3037 1709//3037
f 1646//3038 1648//3038 1709//3038
f 1710//3039 1646//3039 1709//3039
f 1701//3040 1710//3040 1707//3040
f 1701//3041 1711//3041 1710//3041
f 1640//3042 1646//3042 1710//3042
f 1712//3043 1710//3043 1711//3043
f 1712//3044 1713//3044 1710//3044
f 1713//3045 1640//3045 1710//3045
f 1715//3046 1714//3046 1713//3046
f 1714//3047 1639//3047 1713//3047
f 1639//3048 1640//3048 1713//3048
f 1715//3049 1713//3049 1712//3049
f 693//3050 1715//3050 690//3050
f 690//3051 1715//3051 1712//3051
f 1716//3052 1714//3052 1715//3052
f 693//3053 1716//3053 1715//3053
f 714//3054 1714//3054 1716//3054
f 700//3055 714//3055 1716//3055
f 700//3056 1716//3056 693//3056
f 1714//3057 714//3057 1639//3057
f 690//3058 1712//3058 691//3058
f 691//3059 1712//3059 1711//3059
f 1702//3060 1711//3060 1701//3060
f 691//3061 1711//3061 1717//3061
f 1702//3062 1717//3062 1711//3062
f 688//3063 1717//3063 1702//3063
f 688//3064 691//3064 1717//3064
f 688//3065 1702//3065 686//3065
f 1698//3066 1695//3066 687//3066
f 1695//3067 655//3067 682//3067
f 1695//3068 682//3068 687//3068
f 648//3069 653//3069 1693//3069
f 648//3070 1693//3070 1691//3070
f 1691//3071 634//3071 646//3071
f 648//3072 1691//3072 646//3072
f 634//3073 1691//3073 631//3073
f 1685//3074 1679//3074 1718//3074
f 623//3075 1685//3075 1719//3075
f 1685//3076 1718//3076 606//3076
f 1685//3077 606//3077 1719//3077
f 623//3078 1719//3078 620//3078
f 620//3079 1719//3079 1720//3079
f 1719//2534 1721//2534 1720//2534
f 606//3080 607//3080 1719//3080
f 1719//2534 607//2534 1721//2534
f 610//3081 1720//3081 1721//3081
f 610//3082 1721//3082 607//3082
f 620//3083 1720//3083 618//3083
f 1720//3084 610//3084 618//3084
f 1679//3085 1673//3085 1718//3085
f 1718//3086 1673//3086 606//3086
f 606//3087 1673//3087 1670//3087
f 1672//3037 1648//3037 1666//3037
f 606//3088 1670//3088 577//3088
f 1668//3089 577//3089 1670//3089
f 577//3090 1668//3090 574//3090
f 1649//2952 1666//2952 1648//2952
f 1644//3091 1642//3091 1653//3091
f 1653//971 1643//971 1644//971
f 1635//3092 1639//3092 714//3092
f 1637//3093 1629//3093 1626//3093
f 1722//3094 1637//3094 1626//3094
f 1722//151 1723//151 1637//151
f 1723//3095 544//3095 1637//3095
f 1629//3096 1637//3096 1630//3096
f 1723//151 1722//151 534//151
f 534//3097 544//3097 1723//3097
f 1725//3098 535//3098 1722//3098
f 535//3099 534//3099 1722//3099
f 1722//3100 1626//3100 1627//3100
f 1722//3101 1627//3101 1724//3101
f 1623//3102 1722//3102 1724//3102
f 1722//3103 1623//3103 1725//3103
f 1725//3104 1726//3104 1728//3104
f 1726//3105 1725//3105 1623//3105
f 535//131 1725//131 1727//131
f 1725//3106 1728//3106 1727//3106
f 1726//3107 472//3107 1728//3107
f 472//3108 1727//3108 1728//3108
f 1727//3109 472//3109 475//3109
f 532//131 1727//131 529//131
f 535//131 1727//131 532//131
f 529//131 1727//131 479//131
f 479//3110 1727//3110 475//3110
f 1623//3111 1729//3111 1726//3111
f 472//3112 1726//3112 1729//3112
f 1729//3113 1623//3113 1621//3113
f 472//3114 1729//3114 1730//3114
f 1730//3115 1729//3115 1621//3115
f 1621//3116 1731//3116 1730//3116
f 470//3117 1730//3117 1731//3117
f 470//3118 472//3118 1730//3118
f 470//3119 1731//3119 1620//3119
f 1731//3120 1621//3120 1620//3120
f 1627//151 1623//151 1724//151
f 1635//3121 714//3121 719//3121
f 1732//3122 1612//3122 1633//3122
f 1733//3123 1732//3123 1633//3123
f 1733//3124 1633//3124 1734//3124
f 1734//3125 1633//3125 1632//3125
f 1733//3126 1734//3126 729//3126
f 729//3127 1734//3127 1632//3127
f 728//3128 1733//3128 729//3128
f 1605//3129 1733//3129 728//3129
f 1605//3130 1732//3130 1733//3130
f 1605//3131 1603//3131 1732//3131
f 1603//3132 1609//3132 1732//3132
f 1609//2855 1612//2855 1732//2855
f 729//3133 1632//3133 724//3133
f 470//3134 1620//3134 469//3134
f 1613//3135 1619//3135 1611//3135
f 1603//3136 1604//3136 1609//3136
f 732//3137 738//3137 727//3137
f 737//3138 1735//3138 1736//3138
f 737//3139 736//3139 1735//3139
f 737//3140 1736//3140 1737//3140
f 737//3141 1737//3141 671//3141
f 1737//3142 1736//3142 1738//3142
f 671//3143 1737//3143 674//3143
f 1737//3144 673//3144 674//3144
f 673//3145 1737//3145 1738//3145
f 1738//3146 702//3146 697//3146
f 677//3147 1738//3147 697//3147
f 1738//3148 677//3148 673//3148
f 1736//3149 702//3149 1738//3149
f 1736//3150 704//3150 702//3150
f 1736//3151 1735//3151 704//3151
f 1735//3152 736//3152 710//3152
f 1735//3153 710//3153 704//3153
f 736//3154 734//3154 710//3154
f 1817//152 453//152 456//152
f 734//3155 706//3155 710//3155
f 731//3156 726//3156 1739//3156
f 731//3157 1739//3157 707//3157
f 706//3158 731//3158 707//3158
f 707//3159 1739//3159 1740//3159
f 1739//3160 726//3160 1740//3160
f 726//3161 722//3161 1740//3161
f 722//3162 708//3162 1740//3162
f 707//3163 1740//3163 708//3163
f 708//3164 722//3164 717//3164
f 708//3165 717//3165 712//3165
f 699//3166 709//3166 700//3166
f 694//3167 700//3167 693//3167
f 655//3168 679//3168 682//3168
f 654//3169 679//3169 655//3169
f 660//3170 659//3170 650//3170
f 650//3171 659//3171 649//3171
f 643//3172 634//3172 633//3172
f 628//3173 623//3173 622//3173
f 614//3174 609//3174 603//3174
f 609//3175 602//3175 603//3175
f 500//2534 499//2534 580//2534
f 575//2950 566//2950 567//2950
f 559//773 571//773 561//773
f 563//3176 551//3176 555//3176
f 550//3177 548//3177 547//3177
f 541//3178 539//3178 520//3178
f 539//3179 522//3179 520//3179
f 529//131 479//131 481//131
f 484//3180 529//3180 481//3180
f 510//3181 489//3181 491//3181
f 501//3182 492//3182 497//3182
f 486//2531 494//2531 487//2531
f 482//3183 478//3183 486//3183
f 482//3184 477//3184 478//3184
f 101//3185 426//3185 424//3185
f 102//3186 426//3186 101//3186
f 104//3187 426//3187 102//3187
f 104//3188 421//3188 426//3188
f 105//3189 411//3189 421//3189
f 105//3190 421//3190 104//3190
f 407//131 416//131 408//131
f 412//3191 1741//3191 414//3191
f 413//131 414//131 1742//131
f 1741//3192 1742//3192 414//3192
f 413//131 1742//131 1744//131
f 1741//3193 1743//3193 1742//3193
f 1742//3194 1743//3194 1744//3194
f 1744//3195 381//3195 386//3195
f 1744//3196 1745//3196 381//3196
f 413//131 1744//131 390//131
f 390//131 1744//131 386//131
f 1743//3197 1745//3197 1744//3197
f 1745//3198 1746//3198 378//3198
f 1745//3199 378//3199 381//3199
f 1747//3200 1745//3200 1743//3200
f 1747//3201 1746//3201 1745//3201
f 1748//3202 1747//3202 1743//3202
f 1748//3203 366//3203 1747//3203
f 1747//3204 379//3204 1746//3204
f 366//3205 379//3205 1747//3205
f 362//3206 1748//3206 1749//3206
f 1749//3207 1748//3207 1750//3207
f 1750//3208 1748//3208 1741//3208
f 361//3209 366//3209 1748//3209
f 1748//3210 1743//3210 1741//3210
f 362//3211 361//3211 1748//3211
f 1750//3212 1741//3212 412//3212
f 1751//3213 1749//3213 1750//3213
f 1751//3214 1750//3214 99//3214
f 99//3215 1750//3215 412//3215
f 1752//3216 1749//3216 1751//3216
f 87//3217 1751//3217 99//3217
f 87//3218 1752//3218 1751//3218
f 83//3219 360//3219 1752//3219
f 1752//3220 87//3220 83//3220
f 360//3221 1749//3221 1752//3221
f 360//3222 362//3222 1749//3222
f 1746//3223 379//3223 378//3223
f 413//3224 1753//3224 404//3224
f 390//3225 1753//3225 413//3225
f 390//3226 398//3226 1753//3226
f 1753//3227 398//3227 404//3227
f 105//131 99//131 412//131
f 390//3228 391//3228 398//3228
f 384//3229 395//3229 393//3229
f 384//3230 382//3230 395//3230
f 366//3231 367//3231 379//3231
f 343//3232 344//3232 371//3232
f 352//3233 346//3233 369//3233
f 369//3234 346//3234 343//3234
f 1754//3235 356//3235 363//3235
f 83//3236 363//3236 360//3236
f 1754//3237 363//3237 84//3237
f 363//3238 83//3238 84//3238
f 4//3239 1754//3239 2//3239
f 2//3240 1754//3240 1755//3240
f 1754//3241 84//3241 1755//3241
f 1754//3242 4//3242 356//3242
f 1755//3243 84//3243 80//3243
f 80//113 77//113 1755//113
f 2//3244 1755//3244 77//3244
f 4//3245 355//3245 356//3245
f 4//3246 5//3246 355//3246
f 6//3247 1756//3247 351//3247
f 1756//3248 348//3248 351//3248
f 351//3249 348//3249 349//3249
f 6//3250 1757//3250 1756//3250
f 348//3251 1756//3251 188//3251
f 1757//3252 186//3252 1756//3252
f 1756//3253 186//3253 188//3253
f 8//3254 182//3254 1757//3254
f 182//3255 185//3255 1757//3255
f 1757//3256 185//3256 186//3256
f 8//3257 1757//3257 6//3257
f 348//3258 188//3258 341//3258
f 188//3259 336//3259 341//3259
f 188//3260 191//3260 336//3260
f 327//3261 319//3261 316//3261
f 1758//3262 324//3262 325//3262
f 1759//3263 325//3263 203//3263
f 1759//3264 1758//3264 325//3264
f 1761//3265 1759//3265 203//3265
f 1760//3266 1762//3266 1759//3266
f 1760//3267 1759//3267 1761//3267
f 1762//3268 1758//3268 1759//3268
f 1762//3269 1763//3269 1758//3269
f 1760//3270 1763//3270 1762//3270
f 1763//3271 1765//3271 1758//3271
f 1766//3272 1764//3272 1763//3272
f 1763//3273 1764//3273 1765//3273
f 1760//3274 1766//3274 1763//3274
f 1766//3275 1769//3275 1764//3275
f 1767//3276 1766//3276 1760//3276
f 1767//3277 1768//3277 1766//3277
f 1768//3278 1769//3278 1766//3278
f 1769//3279 1770//3279 1764//3279
f 1769//3280 1771//3280 1770//3280
f 1772//3281 1771//3281 1769//3281
f 1768//3282 1772//3282 1769//3282
f 235//3283 1771//3283 1772//3283
f 1768//3284 235//3284 1772//3284
f 1771//3285 1773//3285 1770//3285
f 233//3286 1773//3286 1771//3286
f 235//3287 233//3287 1771//3287
f 1773//3288 1774//3288 1777//3288
f 1773//3289 250//3289 1774//3289
f 1775//3290 250//3290 1773//3290
f 233//3291 1775//3291 1773//3291
f 1770//3292 1773//3292 1776//3292
f 1773//3293 1777//3293 1776//3293
f 1776//3294 1777//3294 1778//3294
f 1777//3295 1774//3295 1779//3295
f 1777//3296 1780//3296 1778//3296
f 1777//3297 1779//3297 1780//3297
f 1780//3298 1781//3298 1783//3298
f 1781//3299 1780//3299 283//3299
f 1780//3300 1782//3300 283//3300
f 1780//3301 1784//3301 1782//3301
f 1778//3302 1780//3302 1783//3302
f 1779//3303 1784//3303 1780//3303
f 1784//3304 265//3304 268//3304
f 1782//3305 1784//3305 268//3305
f 1784//3306 1785//3306 265//3306
f 1779//3307 1785//3307 1784//3307
f 1779//3308 1786//3308 1785//3308
f 1786//3309 249//3309 1785//3309
f 1785//3310 251//3310 265//3310
f 249//3311 251//3311 1785//3311
f 1774//3312 1786//3312 1779//3312
f 1774//3313 249//3313 1786//3313
f 1787//3314 1783//3314 1788//3314
f 1789//3315 1783//3315 1787//3315
f 1783//3316 1781//3316 1788//3316
f 1789//3317 1778//3317 1783//3317
f 1790//3318 1789//3318 1791//3318
f 1789//3318 1790//3318 1778//3318
f 1791//3319 1789//3319 1792//3319
f 1792//3320 1789//3320 1787//3320
f 1764//3321 1792//3321 1793//3321
f 1793//3322 1792//3322 1794//3322
f 1792//3323 1787//3323 1794//3323
f 1764//3324 1791//3324 1792//3324
f 1793//3325 1794//3325 1795//3325
f 1795//3326 1794//3326 1797//3326
f 1794//3327 1787//3327 1796//3327
f 1794//3328 1796//3328 1797//3328
f 1798//3329 1795//3329 1797//3329
f 1798//3330 1797//3330 1799//3330
f 1799//3331 1797//3331 286//3331
f 1796//3332 286//3332 1797//3332
f 324//3333 1799//3333 1801//3333
f 324//3334 1798//3334 1799//3334
f 1799//3335 286//3335 1800//3335
f 1801//3336 1799//3336 1800//3336
f 1801//3337 1800//3337 1802//3337
f 1801//3338 1802//3338 303//3338
f 324//3339 1801//3339 322//3339
f 322//3340 1801//3340 303//3340
f 1802//3341 1800//3341 300//3341
f 303//3342 1802//3342 300//3342
f 286//3343 288//3343 1800//3343
f 1800//3344 288//3344 300//3344
f 1793//3345 1795//3345 1798//3345
f 1765//3346 1793//3346 1798//3346
f 1765//3347 1798//3347 324//3347
f 1787//3348 1788//3348 1796//3348
f 1796//3349 1788//3349 285//3349
f 286//3350 1796//3350 285//3350
f 1764//3351 1793//3351 1765//3351
f 1791//3352 1776//3352 1790//3352
f 1770//3353 1776//3353 1791//3353
f 1764//3354 1770//3354 1791//3354
f 1776//3355 1778//3355 1790//3355
f 1788//3356 1803//3356 285//3356
f 1788//3357 1781//3357 1803//3357
f 285//3358 1803//3358 282//3358
f 1781//3359 282//3359 1803//3359
f 1782//3360 268//3360 1804//3360
f 1782//3361 280//3361 283//3361
f 1782//3362 1804//3362 280//3362
f 268//3363 269//3363 1804//3363
f 1804//3364 269//3364 280//3364
f 1781//3365 283//3365 282//3365
f 234//3366 1805//3366 1775//3366
f 1805//3367 245//3367 1775//3367
f 234//3368 1775//3368 233//3368
f 1775//3369 245//3369 250//3369
f 234//3370 237//3370 1805//3370
f 237//3371 245//3371 1805//3371
f 1774//3372 250//3372 249//3372
f 232//3373 235//3373 1768//3373
f 232//3374 1768//3374 1767//3374
f 215//3375 1806//3375 1767//3375
f 1806//3376 232//3376 1767//3376
f 215//3377 1767//3377 216//3377
f 1760//3378 216//3378 1767//3378
f 218//3379 1806//3379 215//3379
f 1806//3380 226//3380 232//3380
f 218//3381 227//3381 1806//3381
f 227//3382 226//3382 1806//3382
f 1758//3383 1765//3383 324//3383
f 1761//3384 203//3384 213//3384
f 216//3385 1761//3385 213//3385
f 216//3386 1760//3386 1761//3386
f 322//3387 303//3387 304//3387
f 278//3388 277//3388 292//3388
f 280//3389 269//3389 272//3389
f 274//3390 275//3390 277//3390
f 251//3391 255//3391 265//3391
f 221//3392 209//3392 210//3392
f 216//3393 213//3393 212//3393
f 205//3394 213//3394 203//3394
f 183//3395 207//3395 199//3395
f 196//3396 201//3396 197//3396
f 182//3397 8//3397 15//3397
f 177//3398 180//3398 178//3398
f 164//3399 174//3399 166//3399
f 14//13 173//13 172//13
f 14//13 13//13 173//13
f 173//3400 13//3400 18//3400
f 169//3401 173//3401 18//3401
f 172//3402 15//3402 14//3402
f 169//3403 18//3403 168//3403
f 18//3404 1808//3404 168//3404
f 168//3405 1807//3405 133//3405
f 168//3406 1808//3406 1807//3406
f 18//3407 20//3407 1808//3407
f 1808//3408 31//3408 1809//3408
f 1808//3409 1809//3409 1807//3409
f 20//3410 31//3410 1808//3410
f 31//3411 1810//3411 1809//3411
f 1807//3412 1809//3412 1810//3412
f 31//3413 32//3413 1810//3413
f 1810//3414 1811//3414 134//3414
f 1807//3415 1810//3415 134//3415
f 32//3416 1811//3416 1810//3416
f 32//3417 34//3417 1811//3417
f 34//3418 1812//3418 1811//3418
f 134//3419 1811//3419 130//3419
f 1811//3420 1812//3420 124//3420
f 1811//3421 124//3421 123//3421
f 1811//3422 123//3422 130//3422
f 34//3423 36//3423 1812//3423
f 36//3424 122//3424 1812//3424
f 1812//3425 122//3425 124//3425
f 133//3426 1807//3426 134//3426
f 161//3427 163//3427 147//3427
f 163//3428 144//3428 147//3428
f 163//3429 133//3429 144//3429
f 152//3430 150//3430 149//3430
f 133//3431 137//3431 144//3431
f 128//3432 129//3432 136//3432
f 44//13 108//13 113//13 122//13
f 37//3433 44//3433 122//3433
f 122//13 113//13 114//13
f 37//3434 122//3434 36//3434
f 46//13 108//13 44//13
f 108//13 46//13 107//13
f 1813//13 78//13 25//13
f 77//13 78//13 1813//13
f 25//3435 78//3435 24//3435
f 1813//13 25//13 1814//13
f 2//3436 77//3436 1813//3436
f 1814//3437 2//3437 1813//3437
f 1814//13 25//13 17//13
f 1814//13 17//13 11//13
f 11//3438 3//3438 1814//3438
f 2//3439 1814//3439 3//3439
f 59//3440 50//3440 48//3440
f 42//3441 44//3441 37//3441
f 28//3442 41//3442 30//3442
f 15//3443 8//3443 9//3443
