# Blender 5.0.1
# www.blender.org
mtllib torso_y_link_visual_80.mtl
o OakSupportV1.right_visual.001
v 0.595962 -0.085675 -0.143766
v 0.579134 -0.103818 -0.139887
v 0.579286 -0.086121 -0.143417
v 0.591902 -0.103398 -0.140021
v 0.433584 -0.115450 -0.138615
v 0.511842 -0.148823 -0.185812
v 0.539335 -0.146374 -0.185814
v 0.579134 -0.065995 -0.147594
v 0.585198 -0.065772 -0.147922
v 0.579134 -0.044290 -0.151727
v 0.591550 -0.043456 -0.152822
v 0.464262 0.087037 0.146692
v 0.464262 0.048623 0.146692
v 0.539706 0.048623 0.146692
v 0.539706 0.087037 0.146692
v 0.520845 0.087037 0.114024
v 0.520845 0.048623 0.114024
v 0.483123 0.048623 0.179360
v 0.483123 0.087037 0.179360
v 0.520845 0.087037 0.179360
v 0.520845 0.048623 0.179360
v 0.483123 0.087037 0.114024
v 0.483123 0.048623 0.114024
v 0.518169 0.087037 0.156168
v 0.516947 0.087037 0.157981
v 0.510381 0.087037 0.163462
v 0.516074 0.087037 0.159048
v 0.512277 0.087037 0.162357
v 0.513769 0.087037 0.161272
v 0.507185 0.087037 0.164701
v 0.508585 0.087037 0.164231
v 0.505394 0.087037 0.165125
v 0.503582 0.087037 0.165369
v 0.518590 0.087037 0.137990
v 0.502714 0.087037 0.127952
v 0.500758 0.087037 0.127992
v 0.483463 0.087037 0.143786
v 0.483271 0.087037 0.145615
v 0.504955 0.087037 0.128184
v 0.483252 0.087037 0.147460
v 0.489289 0.087037 0.160482
v 0.490693 0.087037 0.161658
v 0.492228 0.087037 0.162697
v 0.487349 0.087037 0.158405
v 0.488306 0.087037 0.159503
v 0.484972 0.087037 0.154570
v 0.486062 0.087037 0.156597
v 0.484131 0.087037 0.152427
v 0.483499 0.087037 0.149860
v 0.515124 0.087037 0.160059
v 0.501369 0.087037 0.165434
v 0.499072 0.087037 0.165212
v 0.506683 0.087037 0.128548
v 0.508448 0.087037 0.129094
v 0.484357 0.087037 0.140313
v 0.483840 0.087037 0.141988
v 0.485985 0.087037 0.136926
v 0.485104 0.087037 0.138536
v 0.486970 0.087037 0.135468
v 0.487894 0.087037 0.134336
v 0.519211 0.087037 0.154084
v 0.519730 0.087037 0.152716
v 0.490151 0.087037 0.132154
v 0.488836 0.087037 0.133333
v 0.520129 0.087037 0.151391
v 0.520505 0.087037 0.149594
v 0.492497 0.087037 0.130527
v 0.494035 0.087037 0.129716
v 0.491319 0.087037 0.131283
v 0.520697 0.087037 0.147769
v 0.520722 0.087037 0.146385
v 0.520652 0.087037 0.145009
v 0.497129 0.087037 0.128580
v 0.495383 0.087037 0.129153
v 0.520400 0.087037 0.143183
v 0.519965 0.087037 0.141401
v 0.499310 0.087037 0.128139
v 0.519392 0.087037 0.139740
v 0.516627 0.087037 0.134989
v 0.517655 0.087037 0.136409
v 0.037952 -0.121066 0.188697
v 0.018992 -0.117384 0.188697
v 0.027016 -0.176324 0.186512
v 0.048396 -0.170113 0.188293
v 0.065788 -0.185140 0.186512
v 0.085196 -0.188963 0.186512
v 0.094992 -0.130593 0.188697
v 0.075959 -0.127633 0.188697
v 0.056944 -0.124469 0.188697
v 0.514632 0.087037 0.132856
v 0.515662 0.087037 0.133882
v 0.510653 0.087037 0.130061
v 0.512899 0.087037 0.131445
v 0.493842 0.087037 0.163579
v 0.495597 0.087037 0.164315
v 0.497278 0.087037 0.164835
v -0.595286 0.205557 -0.170835
v -0.562755 0.205696 -0.188468
v -0.576488 0.205633 -0.188120
v -0.587208 0.205584 -0.186338
v -0.592423 0.205562 -0.182225
v -0.594213 0.205557 -0.176681
v -0.578294 0.178163 0.188697
v -0.593850 0.153522 0.188293
v -0.581870 0.142050 0.188293
v -0.597652 0.149380 0.186512
v -0.585165 0.136729 0.186513
v -0.559063 0.109379 0.186513
v -0.531863 0.080514 0.186513
v -0.531683 0.132354 0.188697
v -0.544857 0.144901 0.188697
v -0.043109 -0.085277 -0.188523
v -0.072013 -0.132169 -0.186338
v -0.101963 -0.111368 -0.188120
v -0.107586 -0.120439 -0.186338
v -0.078668 -0.073542 -0.188523
v 0.259949 0.048623 0.059626
v 0.260765 0.048623 0.061466
v 0.262145 0.048623 0.064142
v 0.263739 0.048623 0.066716
v 0.388657 -0.176459 0.188588
v 0.256554 0.048623 0.151806
v 0.432446 -0.135685 0.188697
v 0.418853 -0.138480 0.188697
v 0.405260 -0.141079 0.188697
v 0.391668 -0.143398 0.188697
v 0.378075 -0.145351 0.188697
v 0.374469 -0.187956 0.186442
v 0.388211 -0.185501 0.186442
v -0.261906 -0.042624 -0.188120
v 0.401952 -0.182920 0.186442
v 0.415694 -0.180217 0.186442
v 0.429436 -0.177397 0.186442
v -0.248357 0.000410 -0.188523
v -0.238599 -0.004787 -0.188523
v -0.267583 -0.051745 -0.186338
v 0.279659 -0.176550 0.188697
v 0.278138 -0.189783 0.188567
v 0.323705 -0.149395 0.188697
v 0.310112 -0.149743 0.188697
v 0.296517 -0.149873 0.188697
v 0.282918 -0.149761 0.188697
v 0.269314 -0.149386 0.188697
v 0.264414 -0.190403 0.188464
v 0.264990 -0.200913 0.185949
v 0.278350 -0.200433 0.186360
v 0.292018 -0.199317 0.186442
v 0.305760 -0.197894 0.186442
v 0.319501 -0.196271 0.186442
v -0.213799 -0.017195 -0.188523
v -0.198722 -0.024360 -0.188523
v -0.165585 -0.039363 -0.188523
v -0.242773 -0.064139 -0.186338
v 0.499505 0.107187 0.057139
v 0.502796 0.107187 0.064563
v 0.506447 0.107187 0.071815
v 0.510449 0.107187 0.078880
v 0.514793 0.107187 0.085740
v 0.514793 0.048623 0.085740
v 0.510449 0.048623 0.078880
v 0.506447 0.048623 0.071815
v 0.502796 0.048623 0.064563
v 0.499505 0.048623 0.057139
v 0.047199 -0.109739 -0.188523
v 0.065455 -0.113574 -0.188523
v 0.083864 -0.116940 -0.188523
v 0.102529 -0.119768 -0.188523
v 0.121558 -0.121993 -0.188523
v 0.091617 -0.170131 -0.186338
v 0.054870 -0.164006 -0.186338
v 0.023912 -0.147566 -0.188120
v 0.018329 -0.156641 -0.186338
v 0.560435 0.048623 0.131211
v 0.553797 0.048623 0.126635
v 0.547396 0.048623 0.121690
v 0.541247 0.048623 0.116405
v 0.535366 0.048623 0.110809
v 0.535366 0.107187 0.110809
v 0.541247 0.107187 0.116405
v -0.375202 -0.031671 0.188293
v 0.547396 0.107187 0.121690
v 0.553797 0.107187 0.126635
v 0.560435 0.107187 0.131211
v -0.359737 0.004869 0.188697
v -0.374250 0.012851 0.188697
v -0.389604 0.021673 0.188697
v -0.405260 0.031180 0.188697
v -0.425172 -0.011552 0.186512
v -0.409199 -0.021946 0.186513
v -0.393536 -0.031594 0.186512
v -0.378729 -0.040217 0.186513
v -0.365324 -0.047535 0.186512
v -0.511730 0.184941 -0.188523
v -0.472794 0.154067 -0.188523
v -0.492428 0.120390 -0.188120
v -0.497314 0.112297 -0.186338
v -0.509757 0.123359 -0.186338
v -0.521825 0.134361 -0.186338
v -0.533559 0.145175 -0.186338
v -0.538631 0.160310 -0.188120
v -0.545002 0.155672 -0.186338
v 0.539508 0.048623 0.188523
v 0.488250 0.107187 -0.164859
v 0.490277 0.107187 -0.166742
v 0.489174 0.107187 -0.165779
v 0.269547 0.048623 0.073632
v 0.267451 0.048623 0.071472
v 0.466701 0.107187 -0.173925
v 0.265392 0.048623 0.069031
v 0.102127 -0.119954 -0.168538
v 0.122311 -0.121961 -0.165382
v 0.122322 -0.122016 -0.158463
v 0.122145 -0.121949 -0.172812
v 0.175972 -0.190248 0.188275
v 0.179944 -0.190410 0.188289
v 0.177980 -0.201779 0.184853
v 0.180694 -0.201874 0.184943
v 0.185784 -0.190646 0.188307
v 0.183413 -0.201965 0.185026
v 0.186135 -0.202051 0.185102
v 0.190343 -0.202176 0.185211
v 0.193024 -0.143498 0.188697
v -0.284917 -0.081674 0.186512
v -0.237027 -0.098817 0.186512
v -0.237883 -0.046075 0.188697
v 0.479625 -0.135115 0.186509
v 0.483191 -0.122136 0.183091
v 0.477858 -0.124460 0.185780
v 0.487143 -0.132507 0.184503
v 0.481393 -0.145769 0.187239
v 0.491071 -0.142881 0.185909
v 0.483113 -0.156322 0.187851
v 0.494887 -0.153162 0.187183
v 0.483941 -0.164974 0.186292
v 0.497266 -0.161584 0.186155
v 0.499852 -0.140019 0.184261
v 0.498542 -0.127221 0.179241
v 0.493020 -0.130017 0.181944
v 0.508680 -0.137058 0.182567
v 0.506276 -0.149974 0.186371
v 0.517766 -0.146751 0.185554
v 0.510516 -0.158140 0.185990
v 0.523793 -0.154708 0.185826
v 0.529920 -0.143452 0.184891
v 0.537195 -0.151353 0.185689
v 0.519140 -0.133590 0.181283
v 0.507144 -0.122655 0.177419
v 0.491136 -0.104921 0.173701
v 0.487529 -0.116918 0.175790
v 0.486006 -0.120045 0.179582
v -0.291262 0.025353 -0.188523
v -0.302070 0.032274 -0.188523
v -0.273250 0.014479 -0.188523
v -0.281806 0.019540 -0.188523
v -0.335199 -0.008024 0.188697
v -0.353695 -0.053383 0.186512
v -0.335365 -0.037808 0.188642
v -0.340126 -0.049505 0.188293
v -0.343528 -0.058056 0.186512
v -0.307691 -0.021081 0.188697
v -0.316223 -0.017281 0.188697
v -0.325234 -0.013004 0.188697
v -0.416230 0.111399 -0.188523
v -0.386851 0.090418 -0.188523
v 0.203883 -0.144651 0.188697
v -0.529498 0.183136 -0.087861
v -0.535172 0.177644 -0.020172
v -0.532682 0.177211 -0.032851
v -0.534082 0.178240 -0.031795
v -0.533355 0.176606 -0.022886
v -0.535579 0.179231 -0.030354
v -0.532545 0.179183 -0.046370
v -0.537277 0.178530 -0.015487
v -0.529137 0.175257 -0.039618
v -0.531439 0.175546 -0.025946
v -0.529268 0.174267 -0.028787
v 0.464262 0.048623 -0.152102
v 0.483123 0.048623 -0.184770
v 0.483123 0.086941 -0.184770
v 0.464262 0.086941 -0.152102
v 0.520845 0.048623 -0.184770
v 0.539706 0.048623 -0.152102
v 0.539706 0.086941 -0.152102
v 0.520845 0.086941 -0.184770
v 0.520845 0.048623 -0.119433
v 0.483123 0.048623 -0.119433
v 0.483123 0.086941 -0.119433
v 0.520845 0.086941 -0.119433
v 0.516321 0.086941 -0.140025
v 0.517489 0.086941 -0.141562
v 0.518441 0.086941 -0.143130
v 0.510992 0.086941 -0.135651
v 0.509013 0.086941 -0.134726
v 0.513031 0.086941 -0.136954
v 0.507290 0.086941 -0.134120
v 0.503662 0.086941 -0.133433
v 0.505421 0.086941 -0.133674
v 0.518588 0.086941 -0.160797
v 0.502963 0.086941 -0.170821
v 0.504430 0.086941 -0.170681
v 0.500770 0.086941 -0.170813
v 0.483274 0.086941 -0.153256
v 0.483477 0.086941 -0.155079
v 0.492275 0.086941 -0.136066
v 0.483246 0.086941 -0.151794
v 0.483317 0.086941 -0.150415
v 0.490415 0.086941 -0.137340
v 0.487175 0.086941 -0.140593
v 0.488684 0.086941 -0.138891
v 0.485869 0.086941 -0.142526
v 0.485177 0.086941 -0.143812
v 0.484025 0.086941 -0.146731
v 0.484608 0.086941 -0.145073
v 0.483568 0.086941 -0.148590
v 0.514803 0.086941 -0.138416
v 0.499905 0.086941 -0.133471
v 0.501831 0.086941 -0.133355
v 0.505867 0.086941 -0.170440
v 0.508008 0.086941 -0.169858
v 0.483840 0.086941 -0.156805
v 0.484386 0.086941 -0.158565
v 0.485105 0.086941 -0.160251
v 0.485755 0.086941 -0.161471
v 0.487591 0.086941 -0.164108
v 0.486531 0.086941 -0.162713
v 0.519246 0.086941 -0.144788
v 0.519875 0.086941 -0.146513
v 0.490150 0.086941 -0.166640
v 0.488785 0.086941 -0.165411
v 0.520416 0.086941 -0.148636
v 0.494101 0.086941 -0.169111
v 0.491980 0.086941 -0.167965
v 0.520725 0.086941 -0.151372
v 0.520656 0.086941 -0.153785
v 0.497482 0.086941 -0.170298
v 0.495801 0.086941 -0.169796
v 0.520384 0.086941 -0.155685
v 0.519965 0.086941 -0.157394
v 0.498931 0.086941 -0.170591
v 0.519361 0.086941 -0.159138
v 0.517084 0.086941 -0.163208
v 0.517898 0.086941 -0.161998
v 0.485685 0.107187 -0.161379
v 0.484693 0.107187 -0.159341
v 0.484092 0.107187 -0.157686
v 0.514677 0.086941 -0.165893
v 0.515921 0.086941 -0.164638
v 0.513272 0.086941 -0.167070
v 0.511673 0.086941 -0.168149
v 0.494246 0.086941 -0.135021
v 0.496391 0.086941 -0.134208
v 0.498174 0.086941 -0.133750
v 0.510053 0.086941 -0.169021
v 0.520652 0.107187 -0.153785
v 0.520414 0.107187 -0.155526
v 0.519969 0.107187 -0.157395
v 0.483647 0.107187 -0.155991
v 0.483404 0.107187 -0.154548
v 0.519188 0.107187 -0.159561
v 0.483265 0.107187 -0.153094
v 0.483258 0.107187 -0.151255
v 0.518178 0.107187 -0.161544
v 0.517393 0.107187 -0.162766
v 0.516567 0.107187 -0.163876
v 0.493024 0.107187 -0.135638
v 0.494681 0.107187 -0.134835
v 0.496392 0.107187 -0.134212
v 0.483483 0.107187 -0.149046
v 0.483979 0.107187 -0.146887
v 0.515355 0.107187 -0.165242
v 0.513996 0.107187 -0.166490
v 0.498173 0.107187 -0.133746
v 0.500066 0.107187 -0.133454
v 0.484445 0.107187 -0.145500
v 0.484978 0.107187 -0.144221
v 0.512600 0.107187 -0.167551
v 0.511039 0.107187 -0.168515
v 0.502299 0.107187 -0.133353
v 0.485995 0.107187 -0.142299
v 0.487116 0.107187 -0.140693
v 0.509718 0.107187 -0.169171
v 0.508450 0.107187 -0.169698
v 0.504498 0.107187 -0.133525
v 0.505940 0.107187 -0.133783
v 0.507723 0.107187 -0.134250
v 0.487994 0.107187 -0.139628
v 0.489275 0.107187 -0.138320
v 0.506691 0.107187 -0.170244
v 0.504557 0.107187 -0.170678
v 0.509787 0.107187 -0.135058
v 0.490694 0.107187 -0.137140
v 0.491829 0.107187 -0.136351
v 0.502219 0.107187 -0.170846
v 0.500758 0.107187 -0.170801
v 0.511476 0.107187 -0.135935
v 0.513028 0.107187 -0.136957
v 0.499368 0.107187 -0.170661
v 0.497236 0.107187 -0.170245
v 0.514108 0.107187 -0.137812
v 0.515190 0.107187 -0.138798
v 0.516668 0.107187 -0.140440
v 0.495383 0.107187 -0.169641
v 0.493586 0.107187 -0.168871
v 0.517734 0.107187 -0.141946
v 0.518445 0.107187 -0.143128
v 0.491697 0.107187 -0.167770
v 0.519243 0.107187 -0.144790
v 0.519879 0.107187 -0.146512
v 0.520356 0.107187 -0.148378
v 0.520622 0.107187 -0.150110
v 0.487019 0.107187 -0.163394
v 0.520731 0.107187 -0.151946
v 0.159619 -0.202299 0.139186
v 0.159433 -0.200922 0.116987
v 0.142460 -0.197941 0.082629
v 0.159419 -0.198868 0.082744
v 0.651752 0.048623 -0.172667
v 0.651752 0.107187 -0.172667
v 0.159605 -0.191079 -0.045153
v 0.159589 -0.193896 0.000464
v 0.487112 0.107187 0.001949
v 0.487710 0.107187 0.010047
v 0.486912 0.107187 -0.006168
v 0.456247 0.107187 0.085201
v 0.651752 -0.101992 -0.140330
v 0.488703 0.107187 0.018106
v 0.490091 0.107187 0.026106
v 0.651752 -0.115408 -0.188414
v 0.651752 -0.140579 -0.185811
v 0.651752 -0.024690 -0.159673
v 0.651752 -0.084580 -0.144350
v 0.160294 -0.184385 -0.160319
v 0.160190 -0.184669 -0.154793
v 0.159925 -0.185524 -0.138184
v 0.524067 0.055609 0.188505
v 0.532468 0.054696 0.188342
v 0.518894 0.062245 0.188508
v 0.522404 0.070584 0.188501
v 0.651752 -0.116699 -0.137798
v 0.651752 -0.148772 -0.149974
v 0.651752 -0.148533 -0.162346
v 0.651752 -0.139423 -0.136892
v 0.651752 -0.129088 -0.136597
v 0.651752 -0.146337 -0.140797
v 0.651752 -0.147431 -0.175258
v 0.488703 0.107187 -0.030442
v 0.487710 0.107187 -0.022384
v 0.490091 0.107187 -0.038443
v 0.487112 0.107187 -0.014286
v 0.491870 0.107187 -0.046365
v 0.494036 0.107187 -0.054191
v 0.496583 0.107187 -0.061900
v 0.499505 0.107187 -0.069476
v 0.651752 0.107187 0.188523
v 0.651752 0.107187 0.159975
v 0.560435 0.107187 -0.143720
v 0.651752 0.030995 -0.170048
v 0.651752 -0.005381 -0.163803
v 0.651752 0.013087 -0.167177
v 0.627880 0.107187 -0.169826
v 0.619971 0.107187 -0.168421
v 0.635820 0.107187 -0.170936
v 0.651752 0.107187 -0.188697
v 0.627881 0.107187 0.157360
v 0.635821 0.107187 0.158437
v 0.619971 0.107187 0.155916
v 0.457165 0.107187 -0.154385
v 0.456793 0.107187 -0.151949
v 0.535366 0.107187 -0.123146
v 0.457818 0.107187 -0.157267
v 0.466719 0.086941 -0.188697
v 0.466701 0.086941 -0.173925
v 0.466719 0.107187 -0.188697
v 0.464458 0.086941 -0.170880
v 0.462743 0.086941 -0.168307
v 0.462746 0.107187 -0.168303
v 0.464306 0.107187 -0.170664
v 0.461184 0.086941 -0.165565
v 0.459864 0.086941 -0.162846
v 0.460551 0.107187 -0.164311
v 0.461606 0.107187 -0.166338
v 0.456793 0.086941 -0.151949
v 0.456621 0.086941 -0.149864
v 0.456488 0.086941 -0.144252
v 0.456320 0.086941 -0.108397
v 0.456488 0.107187 -0.144252
v 0.456621 0.107187 -0.149864
v 0.125260 -0.180913 -0.176558
v 0.125152 -0.181341 -0.170711
v 0.143420 -0.183156 -0.175721
v 0.125789 -0.179802 -0.182123
v 0.143921 -0.182120 -0.181328
v 0.107451 -0.177155 -0.182213
v 0.160417 -0.184095 -0.165835
v 0.160612 -0.183759 -0.171321
v 0.088390 -0.175846 -0.170835
v 0.088526 -0.175426 -0.176681
v 0.089078 -0.174348 -0.182226
v 0.128294 -0.175363 -0.186267
v 0.146088 -0.177740 -0.185781
v 0.161160 -0.183067 -0.176779
v 0.163557 -0.180184 -0.182710
v 0.315609 0.086941 0.049892
v 0.316128 0.086941 0.048044
v -0.540105 0.146304 0.159226
v -0.525591 0.134803 0.148693
v 0.643781 0.048623 -0.171850
v 0.619971 0.048623 -0.168421
v 0.627880 0.048623 -0.169826
v 0.635821 0.048623 -0.170936
v 0.612099 0.048623 -0.166657
v 0.612106 0.107187 -0.166641
v 0.604301 0.077905 -0.164496
v 0.596529 0.063264 -0.162124
v 0.604309 0.107187 -0.164475
v 0.596610 0.107187 -0.161929
v 0.589036 0.107187 -0.159007
v 0.588913 0.063264 -0.159305
v 0.588628 0.048623 -0.159992
v 0.596438 0.048623 -0.162345
v 0.604258 0.048623 -0.164599
v 0.581441 0.048623 -0.156132
v 0.581532 0.063264 -0.155911
v 0.581613 0.107187 -0.155716
v 0.574360 0.107187 -0.152065
v 0.567295 0.107187 -0.148064
v 0.560435 0.048623 -0.143720
v 0.567289 0.048623 -0.148079
v 0.574309 0.048623 -0.152188
v 0.553797 0.048623 -0.139044
v 0.553797 0.107187 -0.139044
v 0.547395 0.107187 -0.134048
v 0.541247 0.107187 -0.128745
v 0.535366 0.048623 -0.123146
v 0.541247 0.048623 -0.128745
v 0.547395 0.048623 -0.134048
v 0.529767 0.048623 -0.117265
v 0.529767 0.107187 -0.117265
v 0.524464 0.107187 -0.111116
v 0.519468 0.107187 -0.104715
v 0.514793 0.107187 -0.098077
v 0.514793 0.048623 -0.098077
v 0.519468 0.048623 -0.104715
v 0.524464 0.048623 -0.111116
v 0.510449 0.048623 -0.091217
v 0.510449 0.107187 -0.091217
v 0.506447 0.107187 -0.084152
v 0.502796 0.107187 -0.076900
v 0.499505 0.048623 -0.069476
v 0.502796 0.048623 -0.076900
v 0.506447 0.048623 -0.084152
v 0.496583 0.048623 -0.061900
v 0.490091 0.048623 -0.038443
v 0.491870 0.048623 -0.046365
v 0.494036 0.048623 -0.054191
v 0.488703 0.048623 -0.030442
v 0.486912 0.048623 -0.006168
v 0.487112 0.048623 -0.014286
v 0.487710 0.048623 -0.022384
v 0.487112 0.048623 0.001949
v 0.490091 0.048623 0.026106
v 0.488703 0.048623 0.018106
v 0.487710 0.048623 0.010047
v 0.491871 0.048623 0.034028
v 0.491871 0.107187 0.034028
v 0.494036 0.107187 0.041854
v 0.496583 0.107187 0.049563
v 0.496583 0.048623 0.049563
v 0.494037 0.048623 0.041854
v 0.588291 0.062239 0.146119
v 0.589492 0.037077 0.148590
v 0.588628 0.048623 0.146624
v 0.594256 0.059496 0.148859
v 0.588795 0.077564 0.146027
v 0.595969 0.076883 0.148953
v 0.589036 0.107187 0.145998
v 0.596610 0.107187 0.148990
v 0.603296 0.076211 0.151561
v 0.608313 0.056590 0.153388
v 0.600784 0.057370 0.151265
v 0.610986 0.075934 0.153828
v 0.604310 0.107187 0.151683
v 0.612106 0.107187 0.154013
v 0.618952 0.075920 0.155690
v 0.616532 0.056564 0.155151
v 0.611818 0.032741 0.154103
v 0.603043 0.032679 0.152527
v 0.595373 0.033661 0.150650
v 0.621263 0.032965 0.155307
v 0.625089 0.056658 0.156494
v 0.627053 0.075948 0.157104
v 0.635239 0.075974 0.158157
v 0.642770 0.056835 0.158267
v 0.633859 0.056748 0.157495
v 0.651752 0.076025 0.159663
v 0.651752 0.056921 0.158925
v 0.651752 0.033587 0.157486
v 0.641384 0.033384 0.156896
v 0.631170 0.033179 0.156203
v 0.307006 0.003924 0.083915
v 0.301948 0.003924 0.062219
v 0.303277 0.003924 0.061866
v 0.305125 0.003924 0.061213
v 0.313531 0.003924 0.081820
v 0.310707 0.003924 0.082877
v 0.310707 0.003924 0.004987
v 0.313531 0.003924 0.006044
v 0.305525 0.003924 0.026836
v 0.304150 0.003924 0.026287
v 0.302919 0.003924 0.025889
v 0.301493 0.003924 0.025552
v 0.305838 0.003924 0.003711
v 0.307801 0.003924 0.004151
v 0.264898 0.003924 0.068361
v 0.263284 0.003924 0.066040
v 0.283004 0.003924 0.055394
v 0.283951 0.003924 0.056518
v 0.284971 0.003924 0.057565
v 0.268839 0.003924 0.072930
v 0.266776 0.003924 0.070719
v 0.299849 0.003924 0.084892
v 0.297101 0.003924 0.084951
v 0.297383 0.003924 0.062674
v 0.299794 0.003924 0.062584
v 0.303053 0.003924 0.084620
v 0.319637 0.003924 0.009184
v 0.307584 0.003924 0.027909
v 0.316281 0.003924 0.007296
v 0.260339 0.003924 0.060553
v 0.280702 0.003924 0.051529
v 0.281693 0.003924 0.053477
v 0.261670 0.003924 0.063264
v 0.324639 0.003924 0.012883
v 0.327430 0.003924 0.015525
v 0.310704 0.003924 0.030300
v 0.309375 0.003924 0.029161
v 0.322266 0.003924 0.010993
v 0.257853 0.003924 0.053097
v 0.279647 0.003924 0.048486
v 0.280192 0.003924 0.050245
v 0.258944 0.003924 0.056970
v 0.330776 0.003924 0.019503
v 0.332491 0.003924 0.021989
v 0.313718 0.003924 0.033973
v 0.312889 0.003924 0.032768
v 0.311979 0.003924 0.031629
v 0.329537 0.003924 0.017916
v 0.256877 0.003924 0.045944
v 0.256819 0.003924 0.043202
v 0.279119 0.003924 0.044851
v 0.279243 0.003924 0.046310
v 0.257148 0.003924 0.049138
v 0.335412 0.003924 0.027476
v 0.315327 0.003924 0.037182
v 0.314576 0.003924 0.035498
v 0.334004 0.003924 0.024600
v 0.257423 0.003924 0.036926
v 0.279370 0.003924 0.040726
v 0.279111 0.003924 0.042898
v 0.257025 0.003924 0.039912
v 0.337823 0.003924 0.034776
v 0.316293 0.003924 0.040650
v 0.315902 0.003924 0.038936
v 0.336781 0.003924 0.031059
v 0.258893 0.003924 0.031059
v 0.259949 0.003924 0.028238
v 0.280730 0.003924 0.036269
v 0.280192 0.003924 0.037619
v 0.279750 0.003924 0.039009
v 0.258057 0.003924 0.033968
v 0.338797 0.003924 0.041920
v 0.338849 0.003924 0.044759
v 0.316575 0.003924 0.044391
v 0.316534 0.003924 0.042554
v 0.338527 0.003924 0.038736
v 0.263277 0.003924 0.021834
v 0.282512 0.003924 0.033133
v 0.281528 0.003924 0.034695
v 0.260765 0.003924 0.026399
v 0.261670 0.003924 0.024600
v 0.338570 0.003924 0.048778
v 0.338058 0.003924 0.051932
v 0.316405 0.003924 0.046570
v 0.266779 0.003924 0.017140
v 0.268839 0.003924 0.014935
v 0.284910 0.003924 0.030359
v 0.283695 0.003924 0.031628
v 0.264898 0.003924 0.019503
v 0.336449 0.003924 0.057748
v 0.335266 0.003924 0.060718
v 0.315356 0.003924 0.050601
v 0.315927 0.003924 0.048847
v 0.337419 0.003924 0.054698
v 0.272747 0.003924 0.011479
v 0.276036 0.003924 0.009185
v 0.287425 0.003924 0.028350
v 0.286233 0.003924 0.029211
v 0.270297 0.003924 0.013546
v 0.333528 0.003924 0.064144
v 0.331935 0.003924 0.066716
v 0.313110 0.003924 0.054800
v 0.313911 0.003924 0.053567
v 0.314621 0.003924 0.052280
v 0.281045 0.003924 0.006506
v 0.290223 0.003924 0.026805
v 0.288662 0.003924 0.027586
v 0.278505 0.003924 0.007765
v 0.290841 0.003924 0.084347
v 0.293726 0.003924 0.062223
v 0.295541 0.003924 0.062534
v 0.293817 0.003924 0.084743
v 0.328223 0.003924 0.071472
v 0.326835 0.003924 0.072930
v 0.311655 0.003924 0.056613
v 0.330170 0.003924 0.069170
v 0.288669 0.003924 0.003949
v 0.293741 0.003924 0.025642
v 0.291945 0.003924 0.026134
v 0.284797 0.003924 0.005039
v 0.284797 0.003924 0.082825
v 0.281045 0.003924 0.081358
v 0.290316 0.003924 0.061103
v 0.291966 0.003924 0.061733
v 0.287873 0.003924 0.083713
v 0.322266 0.003924 0.076871
v 0.320621 0.003924 0.078031
v 0.308703 0.003924 0.059207
v 0.310084 0.003924 0.058121
v 0.324623 0.003924 0.074995
v 0.294817 0.003924 0.003027
v 0.297837 0.003924 0.002923
v 0.298393 0.003924 0.025195
v 0.296917 0.003924 0.025214
v 0.295460 0.003924 0.025338
v 0.291820 0.003924 0.003366
v 0.277461 0.003924 0.079535
v 0.274083 0.003924 0.077375
v 0.286758 0.003924 0.059065
v 0.288662 0.003924 0.060278
v 0.315371 0.003924 0.081004
v 0.307152 0.003924 0.060199
v 0.318058 0.003924 0.079618
v 0.302863 0.003924 0.003224
v 0.300214 0.003924 0.025338
v 0.299849 0.003924 0.002973
v 0.270917 0.003924 0.074884
v 0.280351 0.086941 0.037183
v 0.279793 0.086941 0.038853
v 0.279457 0.086941 0.040277
v 0.307794 0.086941 0.059815
v 0.306258 0.086941 0.060677
v 0.304589 0.086941 0.061422
v 0.256554 0.086941 0.151806
v 0.458452 0.107187 -0.159294
v 0.459295 0.107187 -0.161533
v 0.323206 0.048623 0.011697
v 0.319937 0.048623 0.009374
v 0.325377 0.048623 0.013546
v 0.327675 0.048623 0.015783
v 0.330173 0.048623 0.018697
v 0.331935 0.048623 0.021149
v 0.333527 0.048623 0.023718
v 0.335268 0.048623 0.027151
v 0.336449 0.048623 0.030116
v 0.337419 0.048623 0.033165
v 0.338058 0.048623 0.035932
v 0.338571 0.048623 0.039089
v 0.338849 0.048623 0.043104
v 0.338797 0.048623 0.045944
v 0.338527 0.048623 0.049131
v 0.337822 0.048623 0.053093
v 0.336783 0.048623 0.056801
v 0.335410 0.048623 0.060393
v 0.334004 0.048623 0.063264
v 0.332482 0.048623 0.065889
v 0.295702 0.048623 0.084978
v 0.297837 0.037448 0.085021
v 0.297837 0.048623 0.085206
v 0.292977 0.048623 0.084676
v 0.289002 0.048623 0.083990
v 0.330776 0.048623 0.068361
v 0.329537 0.048623 0.069948
v 0.327537 0.048623 0.072221
v 0.285135 0.048623 0.082937
v 0.281370 0.048623 0.081502
v 0.325377 0.048623 0.074318
v 0.323853 0.048623 0.075633
v 0.321443 0.048623 0.077475
v 0.277771 0.048623 0.079710
v 0.275054 0.048623 0.078031
v 0.318920 0.048623 0.079107
v 0.317168 0.048623 0.080099
v 0.314465 0.048623 0.081427
v 0.272450 0.048623 0.076153
v 0.311653 0.048623 0.082544
v 0.308772 0.048623 0.083465
v 0.304908 0.048623 0.084342
v 0.301857 0.026274 0.084749
v 0.299849 0.037448 0.084945
v 0.300451 0.048623 0.084950
v 0.258832 0.048623 0.056633
v 0.258057 0.048623 0.053897
v 0.257400 0.048623 0.050827
v 0.257020 0.026274 0.047952
v 0.256825 0.037448 0.045944
v 0.256819 0.048623 0.046542
v 0.256563 0.048623 0.043932
v 0.256748 0.037448 0.043932
v 0.256792 0.048623 0.041792
v 0.257093 0.048623 0.039075
v 0.257778 0.048623 0.035102
v 0.258594 0.048623 0.032028
v 0.259225 0.048623 0.030116
v 0.260335 0.048623 0.027320
v 0.261670 0.048623 0.024600
v 0.263086 0.048623 0.022137
v 0.264898 0.048623 0.019503
v 0.266136 0.048623 0.017916
v 0.267451 0.048623 0.016392
v 0.269564 0.048623 0.014217
v 0.272467 0.048623 0.011698
v 0.275736 0.048623 0.009375
v 0.278505 0.048623 0.007765
v 0.281370 0.048623 0.006362
v 0.285135 0.048623 0.004927
v 0.289016 0.048623 0.003871
v 0.292988 0.048623 0.003199
v 0.295825 0.048623 0.002973
v 0.298837 0.048623 0.002928
v 0.301857 0.048623 0.003120
v 0.303854 0.048623 0.003366
v 0.306832 0.048623 0.003914
v 0.309741 0.048623 0.004688
v 0.311653 0.048623 0.005320
v 0.314464 0.048623 0.006437
v 0.317169 0.048623 0.007765
v 0.286361 0.086941 0.029111
v 0.287807 0.086941 0.028098
v 0.284908 0.086941 0.030356
v 0.313637 0.086941 0.054019
v 0.314744 0.086941 0.052048
v 0.289348 0.086941 0.027219
v 0.291422 0.086941 0.026309
v 0.295541 0.086941 0.062538
v 0.293726 0.086941 0.062219
v 0.297951 0.086941 0.062687
v 0.311102 0.086941 0.057185
v 0.312570 0.086941 0.055521
v 0.293739 0.086941 0.025638
v 0.291009 0.086941 0.061390
v 0.292397 0.086941 0.061866
v 0.309363 0.086941 0.058718
v 0.297443 0.086941 0.025191
v 0.295621 0.086941 0.025318
v 0.287880 0.086941 0.059814
v 0.289416 0.086941 0.060677
v 0.300964 0.086941 0.025449
v 0.299209 0.086941 0.025239
v 0.285530 0.086941 0.058071
v 0.284255 0.086941 0.056849
v 0.286674 0.086941 0.058985
v 0.302840 0.086941 0.061996
v 0.300700 0.086941 0.062467
v 0.304488 0.086941 0.026406
v 0.302762 0.086941 0.025846
v 0.282841 0.086941 0.055195
v 0.308154 0.086941 0.028270
v 0.306181 0.086941 0.027146
v 0.281054 0.086941 0.052281
v 0.280182 0.086941 0.050251
v 0.281763 0.086941 0.053567
v 0.310824 0.086941 0.030414
v 0.309725 0.086941 0.029446
v 0.279658 0.086941 0.048486
v 0.279369 0.086941 0.047138
v 0.313157 0.086941 0.033133
v 0.312084 0.086941 0.031750
v 0.279095 0.086941 0.043472
v 0.279149 0.086941 0.045389
v 0.314977 0.086941 0.036346
v 0.314150 0.086941 0.034694
v 0.279235 0.086941 0.041637
v 0.316016 0.086941 0.039379
v 0.316320 0.086941 0.040810
v 0.315610 0.086941 0.037972
v 0.316530 0.086941 0.042552
v 0.316579 0.086941 0.044391
v 0.281763 0.086941 0.034298
v 0.282517 0.086941 0.033133
v 0.281059 0.086941 0.035572
v 0.316439 0.086941 0.046228
v 0.283589 0.086941 0.031751
v 0.457595 0.086941 -0.156372
v 0.458148 0.086941 -0.158394
v 0.457118 0.086941 -0.154129
v 0.458986 0.086941 -0.160746
v 0.597305 -0.002428 -0.159349
v 0.579134 -0.023204 -0.154893
v 0.598352 -0.018135 -0.157851
v 0.595163 0.013973 -0.159950
v 0.567088 0.013242 -0.155833
v 0.552904 -0.005851 -0.153326
v 0.567305 -0.005088 -0.155046
v 0.553322 0.013263 -0.153927
v 0.552774 0.031017 -0.154077
v 0.564167 0.048623 -0.156047
v 0.539683 0.013461 -0.152090
v 0.539672 -0.004120 -0.152084
v 0.459933 0.048623 0.162750
v 0.460904 0.048623 0.164818
v 0.461978 0.048623 0.166845
v 0.463580 0.048623 0.169429
v 0.496797 0.067170 0.188279
v 0.494660 0.076054 0.188135
v 0.502056 0.074983 0.188389
v 0.492330 0.048623 0.187857
v 0.495325 0.048623 0.188202
v 0.499939 0.048623 0.188381
v 0.498127 0.083650 0.188282
v 0.475985 0.048623 0.181607
v 0.477819 0.048623 0.182729
v 0.479953 0.048623 0.183866
v 0.482014 0.048623 0.184835
v 0.465264 0.048623 0.171776
v 0.466810 0.048623 0.173657
v 0.457010 0.076686 0.153244
v 0.456683 0.048623 0.151806
v 0.457740 0.048623 0.156417
v 0.458158 0.107187 0.157856
v 0.457700 0.086756 0.156156
v 0.457352 0.084180 0.154579
v 0.457018 0.084835 0.152669
v 0.456683 0.077362 0.151806
v 0.456683 0.086941 0.151806
v 0.484139 0.048623 0.185689
v 0.486303 0.048623 0.186435
v 0.468255 0.048623 0.175250
v 0.469981 0.048623 0.176943
v 0.471795 0.048623 0.178547
v 0.458812 0.048623 0.159912
v 0.489099 0.048623 0.187208
v 0.142736 -0.195971 0.045828
v 0.159510 -0.196684 0.046328
v 0.159458 -0.197871 0.066112
v 0.474101 0.048623 0.180329
v 0.256084 -0.001481 -0.188632
v 0.255543 -0.015445 -0.188610
v 0.256563 0.048623 -0.188697
v 0.464262 0.048623 -0.188697
v 0.539706 0.048623 -0.188697
v 0.389686 -0.161745 -0.185816
v 0.464264 0.013461 -0.152086
v 0.600281 0.020638 -0.161821
v 0.608763 0.001244 -0.161817
v 0.604249 0.035588 -0.163840
v 0.617612 0.032989 -0.166592
v 0.608055 0.021601 -0.163778
v 0.614238 0.017318 -0.164488
v 0.604179 0.025798 -0.163198
v 0.617882 -0.003056 -0.162204
v 0.628810 -0.004776 -0.162726
v 0.640204 -0.005333 -0.163264
v 0.612275 -0.022487 -0.158354
v 0.638544 -0.024690 -0.159230
v 0.256286 -0.001481 -0.160804
v 0.255863 -0.015445 -0.169764
v 0.256023 -0.015445 -0.160340
v 0.256354 -0.001481 -0.151528
v 0.256183 -0.015445 -0.150917
v 0.256563 0.048623 -0.151941
v 0.256563 0.086941 -0.188695
v 0.651752 0.005385 0.155230
v 0.639212 0.004998 0.154747
v 0.651752 -0.025237 0.152507
v 0.636589 -0.025858 0.152153
v 0.651752 -0.080877 0.147529
v 0.621864 -0.026492 0.151738
v 0.615265 0.004195 0.153446
v 0.626955 0.004604 0.154181
v 0.608014 -0.027150 0.151200
v 0.616767 -0.056835 0.149296
v 0.600741 -0.057770 0.148954
v 0.594675 -0.084368 0.147093
v 0.586474 -0.058763 0.148496
v 0.578921 -0.085667 0.146852
v 0.595476 -0.027845 0.150478
v 0.604424 0.003764 0.152461
v 0.500713 -0.076483 0.153196
v 0.500421 -0.077422 0.145466
v 0.490507 -0.108011 0.154016
v 0.487644 -0.109658 0.145159
v 0.491100 -0.105891 0.167010
v 0.500842 -0.073841 0.175792
v 0.513472 -0.033814 0.179860
v 0.651752 -0.074812 0.177001
v 0.651752 -0.049441 0.177932
v 0.651752 -0.021170 0.180224
v 0.545923 -0.063234 0.145639
v 0.544623 -0.090286 0.145808
v 0.535080 -0.092112 0.145499
v 0.554677 -0.062076 0.146424
v 0.558995 -0.028934 0.145892
v 0.566762 -0.029100 0.147179
v 0.573466 0.008950 0.146235
v 0.579293 0.005667 0.147965
v 0.575108 -0.029023 0.148411
v 0.574352 -0.059826 0.147896
v 0.563958 -0.060939 0.147189
v 0.584565 -0.028543 0.149532
v 0.586280 0.003838 0.149640
v 0.594699 0.003433 0.151171
v 0.565725 -0.087077 0.146540
v 0.554554 -0.088613 0.146178
v 0.567289 0.048623 0.135411
v 0.574309 0.048623 0.139315
v 0.519468 0.048623 0.092379
v 0.529768 0.048623 0.104928
v 0.524464 0.048623 0.098780
v -0.093442 -0.131801 -0.170835
v -0.110897 -0.125483 -0.176680
v -0.111229 -0.125821 -0.170834
v -0.075262 -0.137191 -0.176681
v -0.074574 -0.136220 -0.182225
v -0.075557 -0.137515 -0.170835
v -0.110173 -0.124500 -0.182225
v -0.057585 -0.142979 -0.170834
v -0.524654 0.131281 -0.182225
v -0.525834 0.130542 -0.176680
v -0.536600 0.142558 -0.182225
v -0.513536 0.119092 -0.176680
v -0.514349 0.118791 -0.170834
v -0.128912 -0.119563 -0.170834
v -0.128561 -0.119216 -0.176681
v -0.512405 0.119935 -0.182225
v -0.499851 0.108640 -0.182225
v -0.500946 0.107708 -0.176680
v -0.501738 0.107348 -0.170834
v -0.539501 0.141607 -0.164947
v -0.550588 0.153184 -0.170807
v -0.420317 0.040045 -0.170834
v -0.433831 0.051928 -0.176680
v -0.419624 0.040689 -0.176680
v -0.434541 0.051303 -0.170834
v -0.418562 0.041927 -0.182225
v -0.405845 0.028852 -0.170834
v -0.548247 0.153646 -0.182225
v -0.429951 0.057124 -0.186338
v -0.446707 0.064310 -0.182225
v -0.415735 0.045992 -0.186338
v -0.389450 0.019731 -0.182225
v -0.386635 0.023942 -0.186338
v -0.390479 0.018459 -0.176681
v -0.391134 0.017804 -0.170834
v -0.298146 -0.080870 0.176854
v -0.298283 -0.080506 0.182399
v -0.447786 0.063139 -0.176680
v -0.297297 -0.080196 0.165120
v -0.335353 -0.065672 0.176854
v -0.344717 -0.061486 0.182399
v -0.344547 -0.061770 0.176854
v -0.344092 -0.061394 0.171008
v -0.354716 -0.057097 0.176854
v -0.354250 -0.056704 0.171008
v -0.334908 -0.065314 0.171008
v -0.285925 -0.085608 0.176854
v -0.286053 -0.085219 0.182399
v -0.307606 -0.072870 0.186512
v -0.354893 -0.056825 0.182399
v -0.366532 -0.050971 0.182399
v -0.366346 -0.051228 0.176854
v -0.365868 -0.050818 0.171008
v -0.163930 -0.106201 -0.170834
v -0.180842 -0.098748 -0.176680
v -0.163541 -0.105830 -0.176681
v -0.181249 -0.099132 -0.170834
v -0.146111 -0.112660 -0.176681
v -0.145352 -0.111657 -0.182225
v -0.146482 -0.113018 -0.170834
v -0.180046 -0.097720 -0.182225
v -0.177406 -0.093627 -0.186338
v -0.142738 -0.107582 -0.186338
v 0.051648 -0.169529 -0.170835
v 0.033504 -0.165595 -0.176680
v 0.051817 -0.169144 -0.176681
v 0.033318 -0.165962 -0.170834
v 0.052386 -0.168113 -0.182225
v -0.198432 -0.091834 -0.170834
v 0.034089 -0.164584 -0.182225
v 0.015832 -0.160711 -0.182225
v 0.015027 -0.162056 -0.170834
v 0.015231 -0.161706 -0.176681
v -0.645237 0.195847 0.176863
v -0.648522 0.200065 0.176857
v -0.644424 0.195838 0.171009
v -0.650440 0.203105 0.176854
v -0.648794 0.200133 0.182408
v -0.650642 0.203134 0.182401
v -0.645476 0.195965 0.182442
v -0.636003 0.190628 0.187124
v -0.643043 0.196706 0.186610
v -0.640046 0.189960 0.182496
v -0.646410 0.200505 0.186525
v -0.647811 0.203286 0.186514
v -0.651752 0.205562 0.182399
v -0.648217 0.205584 0.186513
v -0.651673 0.205557 0.176854
v -0.650763 0.205557 0.170538
v -0.648668 0.203143 0.164908
v -0.238022 -0.103002 0.176854
v -0.255517 -0.096380 0.182399
v -0.271560 -0.090966 0.176854
v -0.271379 -0.090585 0.170225
v -0.237678 -0.102793 0.171008
v -0.646551 0.200193 0.163017
v -0.639126 0.189852 0.171009
v -0.639919 0.189856 0.176867
v -0.237157 -0.101988 0.157938
v -0.012547 -0.171446 0.176854
v -0.012504 -0.170799 0.182399
v -0.012416 -0.171333 0.171008
v -0.220028 -0.108828 0.182399
v -0.051006 -0.160404 0.182399
v -0.069236 -0.151024 0.186512
v -0.622500 0.171621 0.182408
v -0.611163 0.160168 0.182401
v -0.632117 0.181673 0.176863
v 0.006822 -0.175850 0.182399
v -0.011636 -0.166532 0.186512
v -0.632281 0.181679 0.182442
v -0.629276 0.181521 0.186610
v -0.375638 0.007672 -0.176681
v -0.347294 -0.011987 -0.176681
v -0.346316 -0.010725 -0.182225
v -0.347895 -0.012619 -0.170834
v -0.598452 0.147436 0.176854
v -0.598870 0.147690 0.182399
v -0.609642 0.161196 0.186514
v -0.620426 0.171956 0.186525
v -0.374626 0.008948 -0.182225
v -0.343540 -0.006459 -0.186338
v -0.334813 -0.020234 -0.176681
v -0.335398 -0.020852 -0.170834
v -0.488069 0.096475 -0.176680
v -0.474912 0.085352 -0.176680
v -0.473838 0.086424 -0.182225
v -0.460405 0.075390 -0.182225
v -0.486992 0.097483 -0.182225
v -0.484469 0.101275 -0.186338
v -0.457736 0.079283 -0.186338
v 0.383039 -0.168734 -0.140797
v 0.230796 -0.185456 0.140105
v 0.229857 -0.170233 0.138255
v 0.231578 -0.170408 0.139375
v 0.229060 -0.185202 0.139002
v 0.233344 -0.170551 0.140397
v 0.232578 -0.185663 0.141112
v 0.228314 -0.138707 0.136918
v 0.229983 -0.138707 0.138137
v 0.231701 -0.138707 0.139259
v 0.233465 -0.138707 0.140285
v 0.235270 -0.138707 0.141208
v 0.235152 -0.170662 0.141318
v 0.234400 -0.185825 0.142020
v 0.230562 -0.197347 0.145607
v 0.228664 -0.197159 0.144770
v 0.226804 -0.196919 0.143840
v 0.224985 -0.196627 0.142821
v 0.227372 -0.184903 0.137804
v 0.223211 -0.196283 0.141715
v 0.228186 -0.170027 0.137039
v 0.294550 -0.187222 0.145787
v 0.292087 -0.197693 0.149084
v 0.280815 -0.197873 0.149082
v 0.270125 -0.197924 0.149068
v 0.256658 -0.171672 0.144992
v 0.256757 -0.140292 0.144891
v 0.284093 -0.142881 0.145038
v 0.295108 -0.143664 0.145040
v 0.226569 -0.169790 0.135730
v 0.225737 -0.184560 0.136514
v 0.221489 -0.195888 0.140519
v 0.225010 -0.169528 0.134330
v 0.223512 -0.169250 0.132843
v 0.224163 -0.184181 0.135128
v 0.222655 -0.183777 0.133646
v 0.219836 -0.195452 0.139208
v 0.218270 -0.194985 0.137749
v 0.221219 -0.183360 0.132063
v 0.216813 -0.194498 0.136113
v 0.222082 -0.168962 0.131270
v 0.222217 -0.138707 0.131145
v 0.223648 -0.138707 0.132716
v 0.225143 -0.138707 0.134205
v 0.226700 -0.138707 0.135606
v 0.220721 -0.168671 0.129616
v 0.219863 -0.182936 0.130380
v 0.215477 -0.193999 0.134280
v 0.219433 -0.168378 0.127884
v 0.218220 -0.168080 0.126080
v 0.218585 -0.182508 0.128603
v 0.217388 -0.182073 0.126744
v 0.214255 -0.193492 0.132277
v 0.213134 -0.192975 0.130141
v 0.216269 -0.181633 0.124813
v 0.212100 -0.192449 0.127911
v 0.217085 -0.167778 0.124207
v 0.217214 -0.138707 0.124112
v 0.218351 -0.138707 0.125975
v 0.219566 -0.138707 0.127770
v 0.220856 -0.138707 0.129496
v 0.651752 -0.094974 0.178020
v 0.651752 -0.110658 0.180672
v 0.651752 -0.123244 0.184259
v 0.651752 -0.134112 0.177643
v 0.651752 -0.132232 0.185538
v 0.651752 -0.133830 0.166970
v 0.651752 -0.133031 0.156701
v 0.651752 -0.130302 0.149084
v 0.651752 -0.124129 0.145825
v 0.651752 -0.114218 0.145452
v 0.651752 -0.100287 0.146103
v 0.447352 -0.005503 -0.151470
v 0.448932 0.013088 -0.151918
v 0.431165 -0.006394 -0.151095
v 0.215231 -0.181185 0.122821
v 0.215060 -0.167166 0.120282
v 0.216031 -0.167472 0.122273
v 0.214274 -0.180739 0.120771
v 0.427647 -0.027425 -0.149600
v 0.215184 -0.138707 0.120205
v 0.216157 -0.138707 0.122187
v 0.211141 -0.191916 0.125619
v 0.214175 -0.166867 0.118237
v 0.213402 -0.180303 0.118670
v 0.210258 -0.191384 0.123274
v 0.209452 -0.190863 0.120881
v 0.212615 -0.179886 0.116523
v 0.208726 -0.190364 0.118445
v 0.213376 -0.166582 0.116146
v 0.213496 -0.138707 0.116087
v 0.214296 -0.138707 0.118170
v 0.205762 -0.184355 0.068476
v 0.205714 -0.180076 0.027053
v 0.211917 -0.179496 0.114332
v 0.212049 -0.166067 0.111840
v 0.212667 -0.166315 0.114012
v 0.211308 -0.179134 0.112105
v 0.212166 -0.138707 0.111798
v 0.212785 -0.138707 0.113961
v 0.208081 -0.189896 0.115971
v 0.211524 -0.165839 0.109635
v 0.210790 -0.178799 0.109846
v 0.207519 -0.189459 0.113461
v 0.207042 -0.189054 0.110924
v 0.210365 -0.178491 0.107561
v 0.206649 -0.188679 0.108360
v 0.211092 -0.165629 0.107404
v 0.211206 -0.138707 0.107380
v 0.211639 -0.138707 0.109603
v 0.210031 -0.178187 0.105032
v 0.206341 -0.188312 0.105559
v 0.210498 -0.165104 0.101107
v 0.210315 -0.164567 0.094609
v 0.209780 -0.177774 0.101160
v 0.209599 -0.177114 0.094620
v 0.210753 -0.165418 0.104929
v 0.210427 -0.138326 0.094608
v 0.210611 -0.138594 0.101098
v 0.210867 -0.138693 0.104913
v 0.206109 -0.187833 0.101432
v 0.205942 -0.187100 0.094673
v 0.244420 -0.153001 -0.136850
v 0.248296 -0.128659 -0.137935
v 0.245405 -0.133161 -0.136784
v 0.247237 -0.150993 -0.137571
v 0.245803 -0.112324 -0.137447
v 0.248919 -0.080195 -0.140462
v 0.246113 -0.091316 -0.138216
v 0.248682 -0.104679 -0.139121
v 0.243331 -0.118914 -0.135954
v 0.243520 -0.100356 -0.136340
v 0.243060 -0.137362 -0.135665
v 0.242198 -0.155010 -0.136082
v 0.238514 -0.168843 -0.139865
v 0.240695 -0.168402 -0.140353
v 0.252256 -0.097521 -0.140746
v 0.252173 -0.125191 -0.138924
v 0.251162 -0.149758 -0.138139
v 0.243476 -0.167990 -0.140767
v 0.247419 -0.167889 -0.141078
v 0.256731 -0.150187 -0.138432
v 0.253083 -0.168384 -0.141256
v 0.257668 -0.125063 -0.139429
v 0.257413 -0.095527 -0.141686
v 0.254883 -0.054486 -0.145569
v 0.251865 -0.067688 -0.142954
v 0.230562 -0.168859 -0.137320
v 0.236262 -0.157706 -0.133869
v 0.234400 -0.157892 -0.133057
v 0.232494 -0.169034 -0.138065
v 0.238918 -0.142358 -0.133854
v 0.241099 -0.123669 -0.134758
v 0.239039 -0.126801 -0.133792
v 0.240928 -0.140403 -0.134700
v 0.238174 -0.157273 -0.134619
v 0.240148 -0.156429 -0.135344
v 0.235580 -0.144070 -0.132429
v 0.241187 -0.106839 -0.134912
v 0.239075 -0.111157 -0.133826
v 0.237123 -0.113919 -0.132936
v 0.235385 -0.115626 -0.132145
v 0.234463 -0.169129 -0.138730
v 0.236469 -0.169085 -0.139325
v 0.223211 -0.168023 -0.133427
v 0.229059 -0.157973 -0.130038
v 0.227372 -0.157935 -0.128840
v 0.224985 -0.168225 -0.134533
v 0.231578 -0.145103 -0.130280
v 0.233344 -0.144737 -0.131301
v 0.230796 -0.157993 -0.131142
v 0.232578 -0.157973 -0.132149
v 0.229857 -0.145373 -0.129159
v 0.233464 -0.117120 -0.131167
v 0.231834 -0.118148 -0.130224
v 0.230130 -0.119045 -0.129120
v 0.228463 -0.119787 -0.127915
v 0.228186 -0.145579 -0.127943
v 0.226803 -0.168440 -0.135551
v 0.228664 -0.168655 -0.136481
v 0.159687 -0.202653 0.144727
v 0.159763 -0.203009 0.150263
v 0.216813 -0.167408 -0.127826
v 0.222655 -0.157811 -0.124682
v 0.221219 -0.157763 -0.123099
v 0.218270 -0.167538 -0.129461
v 0.225009 -0.145893 -0.125235
v 0.226569 -0.145750 -0.126634
v 0.224163 -0.157854 -0.126165
v 0.225737 -0.157895 -0.127550
v 0.223512 -0.146009 -0.123747
v 0.226888 -0.120402 -0.126648
v 0.225143 -0.121014 -0.125088
v 0.223647 -0.121472 -0.123600
v 0.222290 -0.121845 -0.122111
v 0.222082 -0.146098 -0.122175
v 0.266588 -0.002965 -0.151372
v 0.276983 -0.004353 -0.151226
v 0.267468 0.013803 -0.151796
v 0.219835 -0.167682 -0.130919
v 0.221489 -0.167842 -0.132231
v 0.275793 -0.022254 -0.150168
v 0.158272 -0.129314 0.002211
v 0.183981 -0.131325 0.003156
v 0.133533 -0.127203 0.001392
v 0.110248 -0.124943 0.000767
v 0.212100 -0.167001 -0.119623
v 0.217388 -0.157612 -0.117781
v 0.216269 -0.157586 -0.115849
v 0.213134 -0.167085 -0.121854
v 0.219432 -0.146225 -0.118788
v 0.220721 -0.146165 -0.120520
v 0.218585 -0.157656 -0.119639
v 0.219862 -0.157709 -0.121416
v 0.218220 -0.146295 -0.116983
v 0.220856 -0.122196 -0.120379
v 0.219566 -0.122508 -0.118654
v 0.218351 -0.122832 -0.116858
v 0.217214 -0.123205 -0.114995
v 0.217085 -0.146391 -0.115111
v 0.144050 -0.123300 -0.145736
v 0.143990 -0.123200 -0.152383
v 0.122146 -0.122121 -0.152165
v 0.166899 -0.124059 -0.131736
v 0.190155 -0.124615 -0.118546
v 0.190832 -0.124212 -0.121817
v 0.166382 -0.124359 -0.127424
v 0.143786 -0.123477 -0.140097
v 0.143344 -0.123699 -0.135077
v 0.167156 -0.123821 -0.136882
v 0.191267 -0.123868 -0.125797
v 0.214255 -0.167182 -0.123989
v 0.215477 -0.167289 -0.125993
v 0.165794 -0.124676 -0.123454
v 0.189467 -0.125026 -0.115481
v 0.213496 -0.125181 -0.106971
v 0.214296 -0.124669 -0.109054
v 0.215184 -0.124149 -0.111088
v 0.216157 -0.123650 -0.113070
v 0.190194 -0.123710 -0.132658
v 0.166669 -0.123715 -0.143863
v 0.208726 -0.166769 -0.110158
v 0.213402 -0.157629 -0.109707
v 0.212615 -0.157664 -0.107559
v 0.209452 -0.166813 -0.112594
v 0.215060 -0.146694 -0.111186
v 0.216031 -0.146528 -0.113177
v 0.214274 -0.157600 -0.111808
v 0.215231 -0.157583 -0.113857
v 0.214174 -0.146877 -0.109142
v 0.213376 -0.147060 -0.107051
v 0.250508 -0.186390 0.145499
v 0.247180 -0.197791 0.148820
v 0.247379 -0.171159 0.144639
v 0.244750 -0.171023 0.144344
v 0.246710 -0.186276 0.145291
v 0.244067 -0.186199 0.145001
v 0.251159 -0.171368 0.144850
v 0.210258 -0.166865 -0.114985
v 0.211141 -0.166927 -0.117331
v 0.242708 -0.170932 0.143953
v 0.242011 -0.186142 0.144616
v 0.242817 -0.138871 0.143849
v 0.244858 -0.139032 0.144240
v 0.247421 -0.139294 0.144530
v 0.251262 -0.139701 0.144748
v 0.243289 -0.197755 0.148627
v 0.240572 -0.197723 0.148359
v 0.238449 -0.197688 0.148004
v 0.362206 -0.164388 -0.185816
v 0.206649 -0.166943 -0.100073
v 0.210790 -0.157868 -0.100883
v 0.210365 -0.158038 -0.098598
v 0.207041 -0.166798 -0.102635
v 0.212049 -0.147412 -0.102744
v 0.212667 -0.147235 -0.104917
v 0.211308 -0.157763 -0.103142
v 0.211917 -0.157703 -0.105369
v 0.211524 -0.147605 -0.100540
v 0.212785 -0.125657 -0.104845
v 0.212166 -0.126091 -0.102681
v 0.211639 -0.126483 -0.100486
v 0.211206 -0.126828 -0.098263
v 0.211092 -0.147830 -0.098309
v 0.240069 -0.186089 0.144126
v 0.236441 -0.197644 0.147551
v 0.238874 -0.170807 0.142849
v 0.236996 -0.170744 0.142136
v 0.238150 -0.186026 0.143528
v 0.236259 -0.185942 0.142826
v 0.240779 -0.170866 0.143455
v 0.207519 -0.166738 -0.105174
v 0.208081 -0.166736 -0.107683
v 0.237112 -0.138709 0.142028
v 0.238988 -0.138727 0.142742
v 0.240891 -0.138776 0.143350
v 0.234455 -0.197579 0.146999
v 0.232493 -0.197484 0.146351
v 0.209599 -0.159483 -0.085738
v 0.205942 -0.168443 -0.086461
v 0.210498 -0.148532 -0.092035
v 0.210753 -0.148113 -0.095837
v 0.209779 -0.158760 -0.092220
v 0.210031 -0.158309 -0.096072
v 0.210314 -0.149175 -0.085597
v 0.210867 -0.127141 -0.095799
v 0.210611 -0.127489 -0.092006
v 0.210427 -0.127954 -0.085575
v 0.210304 -0.128618 -0.075197
v 0.206109 -0.167680 -0.093166
v 0.206341 -0.167210 -0.097274
v 0.589552 -0.148033 -0.140797
v 0.475217 -0.164362 0.149084
v 0.442715 -0.165869 0.145786
v 0.438536 -0.132126 0.145040
v 0.451196 -0.129499 0.145040
v 0.463449 -0.126747 0.145040
v 0.475468 -0.122714 0.145052
v 0.571990 -0.138340 0.149084
v 0.555340 -0.134018 0.145810
v 0.570386 -0.131648 0.145815
v 0.556783 -0.140912 0.149084
v 0.537678 -0.111829 0.145394
v 0.548122 -0.109741 0.145538
v 0.542487 -0.136637 0.145804
v 0.531063 -0.139481 0.145800
v 0.556628 -0.123000 0.145329
v 0.559935 -0.107827 0.145686
v 0.452425 -0.171136 0.149084
v 0.440962 -0.174340 0.149084
v 0.429452 -0.177422 0.149084
v 0.573954 -0.106081 0.145817
v 0.383218 -0.188144 0.149084
v 0.372875 -0.181151 0.145786
v 0.371746 -0.190256 0.149084
v 0.350349 -0.184229 0.145786
v 0.543548 -0.143762 0.149084
v 0.531617 -0.146854 0.149084
v 0.520321 -0.150156 0.149084
v 0.339550 -0.144409 0.145040
v 0.350690 -0.143907 0.145040
v 0.362011 -0.143106 0.145040
v 0.373694 -0.142001 0.145040
v 0.385917 -0.140583 0.145040
v 0.419449 -0.171747 0.145786
v 0.417895 -0.180376 0.149084
v 0.395957 -0.176940 0.145786
v 0.360324 -0.192100 0.149084
v 0.348935 -0.193673 0.149084
v 0.337563 -0.194975 0.149084
v 0.398780 -0.138853 0.145040
v 0.412049 -0.136841 0.145040
v 0.425406 -0.134587 0.145040
v 0.630160 -0.132118 0.149084
v 0.590746 -0.104491 0.145919
v 0.588139 -0.129532 0.145819
v 0.406318 -0.183171 0.149084
v 0.394749 -0.185772 0.149084
v 0.609229 -0.134011 0.149084
v 0.589619 -0.136059 0.149084
v 0.326194 -0.196005 0.149084
v 0.316867 -0.186751 0.145787
v 0.497844 -0.157203 0.149084
v 0.306219 -0.144233 0.145040
v 0.317329 -0.144558 0.145040
v 0.328439 -0.144621 0.145040
v 0.305784 -0.166826 -0.137043
v 0.317311 -0.156328 -0.136475
v 0.306271 -0.154768 -0.136694
v 0.316890 -0.167564 -0.136918
v 0.508099 -0.153455 -0.140797
v 0.314825 -0.196786 0.149084
v 0.303456 -0.197340 0.149084
v 0.306340 -0.140086 -0.137486
v 0.295337 -0.151123 -0.137122
v 0.294732 -0.164761 -0.137286
v 0.292152 -0.174447 -0.140945
v 0.303483 -0.175079 -0.140860
v 0.328032 -0.167354 -0.136872
v 0.264304 -0.152852 -0.138372
v 0.274424 -0.137482 -0.138556
v 0.265235 -0.129884 -0.139220
v 0.273519 -0.156912 -0.138065
v 0.314833 -0.175055 -0.140815
v 0.326195 -0.174537 -0.140799
v 0.337563 -0.173687 -0.140797
v 0.265256 -0.104300 -0.141182
v 0.274734 -0.095891 -0.141964
v 0.264934 -0.079883 -0.143490
v 0.260839 -0.169640 -0.141286
v 0.284608 -0.145065 -0.137788
v 0.283834 -0.161212 -0.137660
v 0.439885 -0.161225 -0.140797
v 0.270312 -0.171352 -0.141208
v 0.280938 -0.173096 -0.141076
v 0.530945 -0.151326 -0.140797
v 0.615864 -0.149654 -0.162346
v 0.593493 -0.150485 -0.149974
v 0.360301 -0.171453 -0.140797
v 0.582810 -0.150951 -0.162346
v 0.589392 -0.149865 -0.175258
v 0.594860 -0.142910 -0.185812
v 0.554478 -0.152579 -0.162346
v 0.535462 -0.153767 -0.149973
v 0.541552 -0.153537 -0.162346
v 0.568113 -0.151718 -0.162346
v 0.561435 -0.151943 -0.149974
v 0.561318 -0.151473 -0.175258
v 0.543067 -0.150370 -0.140797
v 0.528981 -0.154597 -0.162346
v 0.534680 -0.153505 -0.175258
v 0.516468 -0.155760 -0.162346
v 0.511663 -0.155937 -0.149974
v 0.495092 -0.157380 -0.175258
v 0.556481 -0.149497 -0.140797
v 0.453904 -0.162521 -0.162346
v 0.440526 -0.163901 -0.149973
v 0.441392 -0.163987 -0.162346
v 0.452382 -0.162460 -0.149973
v 0.442354 -0.163182 -0.175258
v 0.429168 -0.164708 -0.175258
v 0.444249 -0.155814 -0.185813
v 0.403854 -0.168597 -0.162346
v 0.393102 -0.169978 -0.149973
v 0.391341 -0.170125 -0.162346
v 0.402782 -0.167838 -0.175258
v 0.378828 -0.171591 -0.162346
v 0.376387 -0.170824 -0.175258
v 0.353803 -0.174244 -0.162346
v 0.369390 -0.172843 -0.149973
v 0.349995 -0.173432 -0.175258
v 0.363190 -0.172172 -0.175258
v 0.333822 -0.176413 -0.149973
v 0.303752 -0.178571 -0.162346
v 0.298259 -0.178626 -0.149985
v 0.291240 -0.179387 -0.162348
v 0.310111 -0.178115 -0.149977
v 0.316265 -0.177619 -0.162346
v 0.321966 -0.177357 -0.149974
v 0.297217 -0.178097 -0.175258
v 0.284022 -0.179181 -0.175257
v 0.286409 -0.178829 -0.150001
v 0.278728 -0.180033 -0.162350
v 0.270832 -0.180180 -0.175249
v 0.280018 -0.171784 -0.185809
v 0.266253 -0.173343 -0.185779
v 0.293753 -0.170359 -0.185816
v 0.254549 -0.180757 -0.162347
v 0.253590 -0.177846 -0.150028
v 0.244041 -0.180885 -0.162328
v 0.263525 -0.178325 -0.150039
v 0.266322 -0.180483 -0.162352
v 0.274665 -0.178696 -0.150023
v 0.245318 -0.181886 -0.175237
v 0.234241 -0.182483 -0.175202
v 0.257749 -0.181087 -0.175241
v 0.245461 -0.177389 -0.149974
v 0.235430 -0.180896 -0.162286
v 0.225278 -0.182715 -0.175063
v 0.227786 -0.178607 -0.185641
v 0.218745 -0.179179 -0.185168
v 0.239417 -0.177016 -0.185739
v 0.252531 -0.175119 -0.185747
v 0.615864 -0.137485 0.166970
v 0.593505 -0.138842 0.156701
v 0.612047 -0.136770 0.156701
v 0.598807 -0.139513 0.166970
v 0.619805 -0.137659 0.177643
v 0.604282 -0.139630 0.177643
v 0.633631 -0.135617 0.166970
v 0.631637 -0.134860 0.156701
v 0.635688 -0.135846 0.177643
v 0.576536 -0.141157 0.156701
v 0.582814 -0.141781 0.166970
v 0.636919 -0.133923 0.185538
v 0.554490 -0.147207 0.166970
v 0.547799 -0.150168 0.177646
v 0.541569 -0.150314 0.166970
v 0.561208 -0.147131 0.177644
v 0.568120 -0.144351 0.166970
v 0.574982 -0.144343 0.177643
v 0.548015 -0.146681 0.156701
v 0.535586 -0.149838 0.156701
v 0.561490 -0.143776 0.156701
v 0.607477 -0.137638 0.185538
v 0.589301 -0.141838 0.177643
v 0.592979 -0.139828 0.185538
v 0.564638 -0.145114 0.185557
v 0.534580 -0.153423 0.177649
v 0.529002 -0.153637 0.166970
v 0.523676 -0.153207 0.156701
v 0.503983 -0.160730 0.166970
v 0.511848 -0.156746 0.156701
v 0.516493 -0.157134 0.166970
v 0.500013 -0.160383 0.156701
v 0.491472 -0.164345 0.166970
v 0.488170 -0.164039 0.156701
v 0.508225 -0.160385 0.177665
v 0.521399 -0.156853 0.177656
v 0.495052 -0.163938 0.177672
v 0.578697 -0.142328 0.185541
v 0.481875 -0.167430 0.177679
v 0.453934 -0.174608 0.166970
v 0.442305 -0.177122 0.177687
v 0.441419 -0.177766 0.166970
v 0.455500 -0.174022 0.177686
v 0.466448 -0.171321 0.166970
v 0.468691 -0.170793 0.177683
v 0.452599 -0.174436 0.156701
v 0.440726 -0.177641 0.156701
v 0.464464 -0.171102 0.156701
v 0.478961 -0.167897 0.166970
v 0.476321 -0.167633 0.156701
v 0.443171 -0.174464 0.186440
v 0.456862 -0.171418 0.186423
v 0.429108 -0.180102 0.177687
v 0.428903 -0.180801 0.166970
v 0.428843 -0.180723 0.156701
v 0.403867 -0.186499 0.166970
v 0.416953 -0.183681 0.156701
v 0.416385 -0.183717 0.166970
v 0.405058 -0.186494 0.156701
v 0.391350 -0.189128 0.166970
v 0.393165 -0.189131 0.156701
v 0.402712 -0.185708 0.177687
v 0.415910 -0.182966 0.177687
v 0.389514 -0.188318 0.177687
v 0.470467 -0.168255 0.186378
v 0.376317 -0.190787 0.177687
v 0.353803 -0.195914 0.166970
v 0.336724 -0.197225 0.177687
v 0.341290 -0.197763 0.166970
v 0.349922 -0.195257 0.177687
v 0.366317 -0.193851 0.166970
v 0.363119 -0.193106 0.177687
v 0.357538 -0.195736 0.156701
v 0.345678 -0.197456 0.156701
v 0.369404 -0.193770 0.156701
v 0.378833 -0.191584 0.166970
v 0.381279 -0.191565 0.156701
v 0.333243 -0.194450 0.186442
v 0.328778 -0.199384 0.166970
v 0.333822 -0.198924 0.156701
v 0.303752 -0.201933 0.166970
v 0.321966 -0.200138 0.156701
v 0.316265 -0.200771 0.166970
v 0.310110 -0.201112 0.156701
v 0.291240 -0.202883 0.166970
v 0.298254 -0.201868 0.156701
v 0.297133 -0.201888 0.177687
v 0.310330 -0.200546 0.177687
v 0.283955 -0.203000 0.177666
v 0.360727 -0.190275 0.186442
v 0.270853 -0.203806 0.177563
v 0.254545 -0.204624 0.166961
v 0.234400 -0.205360 0.177423
v 0.244035 -0.204908 0.166939
v 0.245484 -0.204952 0.177435
v 0.266320 -0.204209 0.166968
v 0.263490 -0.203052 0.156688
v 0.253546 -0.203191 0.156654
v 0.274642 -0.202810 0.156699
v 0.278727 -0.203637 0.166970
v 0.286398 -0.202426 0.156701
v 0.235423 -0.205087 0.166896
v 0.251791 -0.201160 0.185537
v 0.210176 -0.131944 -0.019025
v 0.205762 -0.171182 -0.060526
v 0.185926 -0.192117 0.047580
v 0.173585 -0.193529 0.024529
v 0.185920 -0.190247 0.025448
v 0.173579 -0.195108 0.046734
v 0.185944 -0.193786 0.067293
v 0.173580 -0.196521 0.066617
v 0.197313 -0.188370 0.048426
v 0.197303 -0.186227 0.026366
v 0.197341 -0.190278 0.067970
v 0.210229 -0.129539 -0.060000
v 0.173591 -0.191870 0.001175
v 0.185920 -0.188286 0.002126
v 0.197308 -0.181791 -0.019735
v 0.197396 -0.191820 0.083714
v 0.185928 -0.184504 -0.043219
v 0.197342 -0.177809 -0.061513
v 0.197314 -0.179665 -0.042111
v 0.185947 -0.182871 -0.062835
v 0.173598 -0.188650 -0.044326
v 0.173606 -0.187248 -0.064157
v 0.185921 -0.186340 -0.021165
v 0.173594 -0.190217 -0.022163
v 0.185980 -0.195146 0.083361
v 0.197397 -0.176296 -0.077127
v 0.185984 -0.181531 -0.078814
v 0.186909 -0.198399 0.120777
v 0.173934 -0.200286 0.120057
v 0.186646 -0.198005 0.116733
v 0.174073 -0.200651 0.124965
v 0.187218 -0.198813 0.124805
v 0.174237 -0.201026 0.129863
v 0.198761 -0.195317 0.116590
v 0.198375 -0.194899 0.113407
v 0.199215 -0.195762 0.119748
v 0.173820 -0.199931 0.115143
v 0.186430 -0.197629 0.112674
v 0.198058 -0.194509 0.110205
v 0.199736 -0.196235 0.122879
v 0.188417 -0.200161 0.136768
v 0.174638 -0.201807 0.139628
v 0.187974 -0.199697 0.132804
v 0.174874 -0.202210 0.144493
v 0.188904 -0.200633 0.140707
v 0.175132 -0.202617 0.149343
v 0.200974 -0.197253 0.129044
v 0.200323 -0.196735 0.125979
v 0.201688 -0.197782 0.132070
v 0.187574 -0.199245 0.128816
v 0.174426 -0.201412 0.134751
v 0.202462 -0.198312 0.135054
v 0.190693 -0.202015 0.152178
v 0.205332 -0.199841 0.143307
v 0.191558 -0.202429 0.155563
v 0.204245 -0.199346 0.140760
v 0.190011 -0.201571 0.148475
v 0.203303 -0.198835 0.137977
v 0.176116 -0.203781 0.163687
v 0.176693 -0.204019 0.168139
v 0.175725 -0.203422 0.158983
v 0.189432 -0.201105 0.144616
v 0.175413 -0.203024 0.154179
v 0.206615 -0.200320 0.145497
v 0.192751 -0.202826 0.158312
v 0.177877 -0.204059 0.171742
v 0.160503 -0.204169 0.177743
v 0.161455 -0.201234 0.183460
v 0.160196 -0.204351 0.172317
v 0.160044 -0.204069 0.166837
v 0.186132 -0.196789 0.102902
v 0.173619 -0.198534 0.095124
v 0.186041 -0.196122 0.094960
v 0.173664 -0.199135 0.103744
v 0.186260 -0.197255 0.108401
v 0.173730 -0.199571 0.110028
v 0.197621 -0.193634 0.102060
v 0.197487 -0.192910 0.094796
v 0.197809 -0.194123 0.106774
v 0.214410 -0.205084 0.165826
v 0.201852 -0.205665 0.176788
v 0.226553 -0.203188 0.155164
v 0.222574 -0.203004 0.154157
v 0.196093 -0.205486 0.176309
v 0.208520 -0.204843 0.164857
v 0.231305 -0.203287 0.155994
v 0.180136 -0.204319 0.173602
v 0.194379 -0.203219 0.160181
v 0.182561 -0.204640 0.174472
v 0.185014 -0.204876 0.174985
v 0.210204 -0.201304 0.148901
v 0.208130 -0.200780 0.147248
v 0.168871 -0.201117 0.184118
v 0.172377 -0.201455 0.184532
v 0.213601 -0.201970 0.150748
v 0.223400 -0.205235 0.166698
v 0.235390 -0.203309 0.156332
v 0.212008 -0.205847 0.177281
v 0.218630 -0.205780 0.177364
v 0.200644 -0.204161 0.162928
v 0.187507 -0.205048 0.175345
v 0.175246 -0.201664 0.184740
v 0.211068 -0.202466 0.185433
v 0.203650 -0.202501 0.185407
v 0.204438 -0.204536 0.163920
v 0.190018 -0.205195 0.175660
v 0.192542 -0.205325 0.175949
v 0.217581 -0.202548 0.152465
v 0.215573 -0.202282 0.151642
v 0.219623 -0.202768 0.153215
v 0.173775 -0.184196 -0.107470
v 0.186266 -0.179428 -0.103758
v 0.186046 -0.180550 -0.090357
v 0.173657 -0.185231 -0.092587
v 0.197622 -0.174459 -0.095348
v 0.197810 -0.173994 -0.100046
v 0.159621 -0.187460 -0.103373
v 0.186503 -0.179018 -0.109963
v 0.198059 -0.173716 -0.103475
v 0.196335 -0.178226 -0.156767
v 0.208133 -0.173874 -0.140520
v 0.194402 -0.178077 -0.155550
v 0.209837 -0.174030 -0.141909
v 0.198443 -0.178384 -0.157627
v 0.211676 -0.174213 -0.143044
v 0.182806 -0.181332 -0.171986
v 0.180431 -0.181150 -0.171105
v 0.185229 -0.181477 -0.172505
v 0.206619 -0.173748 -0.138768
v 0.192785 -0.177982 -0.153676
v 0.178172 -0.181129 -0.169232
v 0.171058 -0.179797 -0.183261
v 0.174431 -0.180014 -0.183685
v 0.177187 -0.180137 -0.183902
v 0.179832 -0.180179 -0.184015
v 0.187710 -0.181589 -0.172866
v 0.188426 -0.178349 -0.132124
v 0.175196 -0.182342 -0.146784
v 0.188912 -0.178267 -0.136062
v 0.174935 -0.182539 -0.141933
v 0.187982 -0.178435 -0.128160
v 0.174697 -0.182739 -0.137070
v 0.200975 -0.173452 -0.122313
v 0.201689 -0.173477 -0.125339
v 0.200324 -0.173433 -0.119248
v 0.200644 -0.178551 -0.158303
v 0.213601 -0.174421 -0.144021
v 0.175479 -0.182147 -0.151619
v 0.189441 -0.178189 -0.139971
v 0.202463 -0.173509 -0.128324
v 0.199737 -0.173423 -0.116149
v 0.190709 -0.178043 -0.147533
v 0.176850 -0.181458 -0.165597
v 0.191586 -0.177983 -0.150923
v 0.176206 -0.181735 -0.161131
v 0.190021 -0.178114 -0.143829
v 0.175795 -0.181950 -0.156425
v 0.204247 -0.173594 -0.134030
v 0.205335 -0.173658 -0.136577
v 0.203304 -0.173547 -0.131247
v 0.187581 -0.178527 -0.124170
v 0.174482 -0.182941 -0.132193
v 0.205490 -0.178968 -0.159580
v 0.195256 -0.181954 -0.173734
v 0.192728 -0.181826 -0.173470
v 0.190212 -0.181704 -0.173181
v 0.217581 -0.174908 -0.145737
v 0.219623 -0.175177 -0.146488
v 0.215573 -0.174654 -0.144914
v 0.187764 -0.180248 -0.184265
v 0.185111 -0.180230 -0.184189
v 0.190425 -0.180259 -0.184333
v 0.197796 -0.182086 -0.173972
v 0.210482 -0.179461 -0.160665
v 0.221696 -0.175455 -0.147164
v 0.186916 -0.178752 -0.116132
v 0.174291 -0.183149 -0.127304
v 0.187226 -0.178628 -0.120161
v 0.173983 -0.183609 -0.117497
v 0.198762 -0.173460 -0.109859
v 0.199216 -0.173425 -0.113018
v 0.198376 -0.173549 -0.106677
v 0.182467 -0.180206 -0.184105
v 0.215880 -0.179941 -0.161326
v 0.205470 -0.182487 -0.174524
v 0.202904 -0.182354 -0.174368
v 0.200345 -0.182219 -0.174183
v 0.225920 -0.176004 -0.148293
v 0.228068 -0.176251 -0.148746
v 0.223795 -0.175734 -0.147766
v 0.198450 -0.180220 -0.184492
v 0.195769 -0.180249 -0.184447
v 0.201137 -0.180170 -0.184529
v 0.208043 -0.182619 -0.174653
v 0.219135 -0.180271 -0.161757
v 0.230236 -0.176464 -0.149128
v 0.224743 -0.180676 -0.162106
v 0.218748 -0.182755 -0.174910
v 0.229137 -0.180819 -0.162214
v 0.214089 -0.182789 -0.174831
v 0.221620 -0.180486 -0.161955
v 0.210732 -0.182737 -0.174755
v 0.235424 -0.176821 -0.149683
v 0.239538 -0.177054 -0.149860
v 0.232522 -0.176641 -0.149440
v 0.193094 -0.180260 -0.184394
v 0.212291 -0.179358 -0.184690
v 0.207470 -0.179792 -0.184581
v 0.163061 -0.126190 -0.098008
v 0.162571 -0.126453 -0.090158
v 0.163460 -0.125967 -0.103426
v 0.186663 -0.126923 -0.095105
v 0.186321 -0.127283 -0.087941
v 0.186992 -0.126640 -0.099737
v 0.203946 -0.180070 -0.184559
v 0.413414 -0.097701 -0.141058
v 0.187351 -0.126378 -0.103095
v 0.163839 -0.125752 -0.107622
v 0.141009 -0.124773 -0.111538
v 0.185925 -0.127774 -0.076986
v 0.422967 -0.050678 -0.147098
v 0.433583 -0.068827 -0.144823
v 0.255619 -0.037312 -0.148648
v 0.255933 -0.027258 -0.149935
v 0.265139 -0.048338 -0.147480
v 0.255261 -0.046192 -0.147160
v 0.264943 -0.062577 -0.145574
v 0.274821 -0.058475 -0.146392
v 0.246987 -0.080201 -0.152477
v 0.248947 -0.067689 -0.165738
v 0.245055 -0.080207 -0.164493
v 0.250406 -0.067688 -0.154345
v 0.241410 -0.091354 -0.163369
v 0.243122 -0.080212 -0.176508
v 0.239058 -0.091373 -0.175946
v 0.243762 -0.091335 -0.150793
v 0.247488 -0.067690 -0.177131
v 0.251044 -0.054486 -0.188523
v 0.246028 -0.067691 -0.188523
v 0.252004 -0.054486 -0.177785
v 0.241190 -0.080218 -0.188523
v 0.236707 -0.091392 -0.188523
v 0.235446 -0.100492 -0.175477
v 0.232755 -0.100537 -0.188523
v 0.238138 -0.100447 -0.162432
v 0.240829 -0.100401 -0.149385
v 0.244111 -0.153779 -0.188395
v 0.231596 -0.158587 -0.188364
v 0.258011 -0.148786 -0.188405
v 0.253923 -0.054486 -0.156307
v 0.252963 -0.054486 -0.167046
v 0.272375 -0.144462 -0.188419
v 0.235321 -0.107013 -0.161717
v 0.232888 -0.111440 -0.161175
v 0.238254 -0.106926 -0.148314
v 0.224297 -0.114771 -0.188523
v 0.221462 -0.162423 -0.188240
v 0.227178 -0.141104 -0.188535
v 0.232389 -0.107100 -0.175120
v 0.229456 -0.107187 -0.188523
v 0.226700 -0.111723 -0.188523
v 0.222096 -0.116869 -0.188523
v 0.189966 -0.169503 -0.188056
v 0.187429 -0.169642 -0.188047
v 0.184911 -0.169755 -0.188039
v 0.182412 -0.169848 -0.188028
v 0.206916 -0.124507 -0.188523
v 0.208713 -0.123966 -0.188523
v 0.210215 -0.123460 -0.188523
v 0.212241 -0.122698 -0.188523
v 0.214108 -0.121898 -0.188523
v 0.219694 -0.145782 -0.188527
v 0.214203 -0.165018 -0.188119
v 0.209168 -0.166692 -0.188091
v 0.205644 -0.167646 -0.188088
v 0.202891 -0.168176 -0.188085
v 0.200278 -0.168564 -0.188081
v 0.197677 -0.168878 -0.188076
v 0.195091 -0.169130 -0.188070
v 0.216036 -0.120958 -0.188523
v 0.218023 -0.119832 -0.188523
v 0.219921 -0.118570 -0.188523
v 0.179848 -0.169908 -0.188009
v 0.176787 -0.169859 -0.187939
v 0.172392 -0.169605 -0.187788
v 0.164409 -0.168925 -0.187700
v 0.186164 -0.155362 -0.188518
v 0.171003 -0.154707 -0.188427
v 0.197220 -0.125411 -0.188523
v 0.188545 -0.125409 -0.188523
v 0.202404 -0.125227 -0.188523
v 0.205287 -0.124900 -0.188523
v 0.216180 -0.122719 -0.156061
v 0.218840 -0.122034 -0.152227
v 0.217259 -0.121915 -0.167190
v 0.219466 -0.121123 -0.165659
v 0.613869 -0.085298 -0.144012
v 0.187775 -0.126090 -0.106226
v 0.188270 -0.125767 -0.109337
v 0.188834 -0.125412 -0.112423
v 0.164720 -0.125259 -0.115572
v 0.141420 -0.124585 -0.116257
v 0.164255 -0.125517 -0.111604
v 0.141861 -0.124383 -0.120966
v 0.165233 -0.124978 -0.119523
v 0.142332 -0.124167 -0.125665
v 0.210328 -0.123860 -0.153991
v 0.211187 -0.123458 -0.135950
v 0.214824 -0.123183 -0.136397
v 0.202860 -0.123707 -0.138072
v 0.216007 -0.123030 -0.140783
v 0.221295 -0.120263 -0.166104
v 0.223177 -0.119228 -0.166525
v 0.227684 -0.117706 -0.155910
v 0.253817 -0.046192 -0.167852
v 0.254120 -0.037312 -0.178587
v 0.253095 -0.046192 -0.178199
v 0.254619 -0.037312 -0.168608
v 0.254539 -0.046192 -0.157506
v 0.255119 -0.037312 -0.158627
v 0.254704 -0.027258 -0.188588
v 0.253620 -0.037312 -0.188566
v 0.255011 -0.027258 -0.178925
v 0.252373 -0.046192 -0.188545
v 0.255319 -0.027258 -0.169262
v 0.255626 -0.027258 -0.159598
v -0.279761 -0.031875 0.188697
v -0.290023 -0.028147 0.188697
v -0.299143 -0.024626 0.188697
v -0.445943 0.133487 -0.188523
v -0.468300 0.030838 0.188293
v -0.487183 0.036291 0.186512
v -0.471993 0.023166 0.186513
v -0.437259 0.007304 0.188293
v -0.441000 -0.000622 0.186513
v -0.420806 0.041270 0.188697
v -0.436321 0.052056 0.188697
v -0.452004 0.063702 0.188697
v -0.468057 0.076375 0.188697
v -0.456603 0.010906 0.186512
v 0.333389 -0.184707 0.188588
v 0.364482 -0.146878 0.188697
v 0.350890 -0.148019 0.188697
v 0.337297 -0.148837 0.188697
v -0.499247 0.159250 -0.099478
v -0.512792 0.169530 -0.092302
v -0.491504 0.150324 -0.086344
v -0.486058 0.149573 -0.105894
v -0.525015 0.183588 -0.113242
v 0.147550 -0.138015 0.188697
v 0.131726 -0.135872 0.188697
v 0.113865 -0.133366 0.188697
v 0.142528 -0.186358 0.188154
v 0.123776 -0.195258 0.186453
v 0.142560 -0.197989 0.186047
v 0.156669 -0.188330 0.187953
v 0.156541 -0.172425 0.188610
v 0.160314 -0.139694 0.188697
v 0.029010 -0.105498 -0.188523
v 0.010876 -0.100893 -0.188523
v -0.007194 -0.095964 -0.188523
v -0.424322 0.065635 -0.188120
v 0.444561 -0.154687 0.188674
v 0.457818 -0.151712 0.188515
v 0.469840 -0.137894 0.187774
v 0.458165 -0.140793 0.188423
v 0.470235 -0.148723 0.188082
v 0.457459 -0.162529 0.188496
v 0.470604 -0.159450 0.188277
v 0.469444 -0.127064 0.187467
v 0.458511 -0.129873 0.188333
v 0.445898 -0.132782 0.188651
v -0.528743 0.087348 0.188293
v -0.498942 0.057875 0.188293
v -0.502171 0.050331 0.186513
v -0.484551 0.090109 0.188697
v -0.516941 0.118709 0.188697
v 0.532450 -0.129372 0.180750
v 0.543173 -0.140067 0.184504
v 0.547707 -0.125088 0.180673
v 0.557559 -0.105757 0.177988
v 0.540061 -0.110197 0.177760
v 0.522420 -0.116336 0.177304
v -0.516912 0.065012 0.186512
v 0.587550 -0.131011 0.184259
v 0.580355 -0.118541 0.180672
v 0.555235 -0.084840 0.176945
v 0.536856 -0.089569 0.176548
v 0.516839 -0.096854 0.175529
v 0.567295 0.107187 0.135402
v 0.581478 0.063174 0.142872
v 0.581613 0.107187 0.142755
v 0.519468 0.107187 0.092379
v 0.574361 0.107187 0.139236
v 0.529768 0.107187 0.104928
v 0.476405 0.107187 -0.139743
v 0.482702 0.107187 -0.140263
v 0.478518 0.107187 -0.140142
v 0.524464 0.107187 0.098780
v 0.255817 -0.148748 0.188697
v 0.242995 -0.147946 0.188697
v 0.222109 -0.146334 0.188697
v -0.144963 -0.129330 0.186512
v -0.093676 -0.090212 0.188697
v -0.130609 -0.079812 0.188697
v 0.165036 -0.189353 0.188051
v 0.170996 -0.174138 0.188677
v 0.169744 -0.189857 0.188192
v 0.173112 -0.190112 0.188256
v 0.179215 -0.142036 0.188697
v -0.160885 -0.114097 0.188293
v -0.163645 -0.123481 0.186512
v -0.113806 -0.060677 -0.188523
v -0.148460 -0.046712 -0.188523
v -0.150755 -0.047738 -0.164947
v -0.018807 -0.109146 0.188697
v -0.037629 -0.104663 0.188697
v 0.000133 -0.152395 -0.186338
v -0.036085 -0.142856 -0.186338
v -0.314521 0.040535 -0.188523
v -0.434526 0.120401 -0.164947
v 0.134039 -0.165496 -0.188081
v 0.158122 -0.153731 -0.188434
v 0.150871 -0.167434 -0.187951
v 0.140821 -0.123575 -0.188523
v 0.159265 -0.124598 -0.188523
v -0.302250 -0.032503 -0.186338
v -0.307073 -0.000327 -0.188468
v -0.320270 -0.021643 -0.186338
v 0.204662 -0.191353 0.188337
v 0.456606 0.091986 0.132890
v 0.456783 0.091814 0.144742
v 0.456815 0.097001 0.142547
v 0.456827 0.107187 0.141708
v 0.474719 0.107187 0.180761
v 0.476627 0.107187 0.182016
v 0.472762 0.107187 0.179326
v 0.470538 0.107187 0.177458
v 0.465429 0.107187 0.171988
v 0.467299 0.107187 0.174217
v 0.463576 0.107187 0.169431
v 0.459927 0.107187 0.162749
v 0.458771 0.107187 0.159787
v 0.492556 0.107187 0.187890
v 0.489360 0.107187 0.187270
v 0.487028 0.107187 0.186650
v 0.480637 0.107187 0.184206
v 0.478604 0.107187 0.183161
v 0.468885 0.107187 0.175885
v 0.461983 0.107187 0.166844
v 0.460904 0.107187 0.164818
v 0.484848 0.107187 0.185950
v 0.482722 0.107187 0.185131
v 0.457043 0.091310 0.150979
v 0.457381 0.092363 0.154143
v 0.457062 0.096876 0.149645
v 0.457717 0.107187 0.156116
v 0.457367 0.107187 0.153531
v 0.457070 0.107187 0.149043
v 0.499056 0.107187 0.188278
v 0.494867 0.107187 0.188134
v 0.510873 0.107187 0.130188
v 0.508867 0.107187 0.129249
v 0.503744 0.107187 0.165354
v 0.505037 0.107187 0.165182
v 0.506486 0.107187 0.164889
v 0.488214 0.107187 0.159424
v 0.486834 0.107187 0.157729
v 0.490227 0.107187 0.161304
v 0.506354 0.107187 0.128454
v 0.504430 0.107187 0.128112
v 0.508166 0.107187 0.164387
v 0.509866 0.107187 0.163702
v 0.492222 0.107187 0.162698
v 0.502977 0.107187 0.127973
v 0.500642 0.107187 0.127985
v 0.511560 0.107187 0.162807
v 0.513398 0.107187 0.161569
v 0.498467 0.107187 0.128282
v 0.496678 0.107187 0.128711
v 0.514795 0.107187 0.160370
v 0.516087 0.107187 0.159050
v 0.494877 0.107187 0.129347
v 0.493271 0.107187 0.130096
v 0.517437 0.107187 0.157304
v 0.518214 0.107187 0.156062
v 0.491759 0.107187 0.130981
v 0.490576 0.107187 0.131824
v 0.518901 0.107187 0.154768
v 0.519741 0.107187 0.152718
v 0.489512 0.107187 0.132700
v 0.488251 0.107187 0.133933
v 0.520235 0.107187 0.150948
v 0.520502 0.107187 0.149594
v 0.487068 0.107187 0.135339
v 0.486234 0.107187 0.136537
v 0.485487 0.107187 0.137791
v 0.520662 0.107187 0.148224
v 0.520727 0.107187 0.146844
v 0.520656 0.107187 0.145008
v 0.484727 0.107187 0.139378
v 0.484117 0.107187 0.141022
v 0.520396 0.107187 0.143184
v 0.519969 0.107187 0.141399
v 0.483553 0.107187 0.143223
v 0.519190 0.107187 0.139237
v 0.483306 0.107187 0.145161
v 0.483239 0.107187 0.146622
v 0.483316 0.107187 0.148373
v 0.518144 0.107187 0.137189
v 0.517079 0.107187 0.135577
v 0.493846 0.107187 0.163577
v 0.495444 0.107187 0.164259
v 0.483554 0.107187 0.150115
v 0.483882 0.107187 0.151543
v 0.515975 0.107187 0.134219
v 0.515017 0.107187 0.133225
v 0.513991 0.107187 0.132299
v 0.497277 0.107187 0.164839
v 0.499072 0.107187 0.165208
v 0.484311 0.107187 0.152941
v 0.484976 0.107187 0.154569
v 0.512518 0.107187 0.131183
v 0.500453 0.107187 0.165370
v 0.501919 0.107187 0.165438
v 0.485823 0.107187 0.156193
v 0.651752 0.075828 0.188478
v 0.651752 0.051051 0.187304
v 0.651752 0.065301 0.188162
v 0.543737 0.033531 0.186515
v 0.538583 0.003951 0.183595
v 0.539619 -0.061548 0.177598
v 0.529586 -0.031591 0.180037
v 0.520760 -0.067136 0.176861
v 0.208065 -0.142513 0.173256
v 0.210544 -0.142858 0.174334
v 0.216047 -0.140539 0.155073
v 0.213302 -0.141401 0.162973
v 0.220969 -0.140309 0.152151
v 0.215686 -0.141566 0.163327
v 0.415892 -0.136710 0.153301
v 0.406455 -0.138276 0.154337
v 0.203448 -0.142224 0.173497
v 0.398576 -0.139730 0.157508
v 0.418813 -0.137559 0.176229
v 0.217871 -0.141659 0.163848
v 0.213170 -0.143047 0.174853
v 0.224590 -0.140874 0.157390
v 0.224414 -0.139946 0.149094
v 0.222882 -0.140590 0.154974
v 0.205385 -0.138863 0.139520
v 0.201504 -0.139298 0.148077
v 0.209529 -0.139071 0.139302
v 0.194708 -0.139120 0.151839
v 0.210044 -0.139233 0.141905
v 0.194863 -0.138246 0.142577
v 0.182146 -0.140035 0.171739
v 0.195955 -0.139917 0.159433
v 0.172234 -0.138891 0.170775
v 0.207668 -0.139528 0.147455
v 0.201758 -0.140125 0.157060
v 0.190354 -0.140625 0.169700
v 0.214988 -0.143497 0.176713
v 0.222962 -0.141774 0.163633
v 0.220269 -0.142975 0.171545
v 0.222749 -0.143788 0.175114
v 0.226725 -0.141988 0.163827
v 0.229203 -0.140641 0.155077
v 0.200913 -0.142036 0.172817
v 0.205901 -0.140619 0.158029
v 0.213082 -0.139998 0.148601
v 0.197292 -0.142091 0.175422
v 0.217040 -0.139702 0.144917
v 0.209038 -0.141136 0.161799
v 0.219642 -0.139680 0.145818
v 0.243874 -0.140987 0.154021
v 0.253871 -0.146878 0.179397
v 0.227838 -0.143399 0.171801
v 0.232711 -0.140216 0.152290
v 0.227564 -0.142420 0.166422
v 0.356849 -0.144497 0.154337
v 0.380561 -0.144114 0.176229
v 0.373578 -0.143846 0.162738
v 0.371146 -0.144745 0.170102
v 0.382162 -0.143021 0.165582
v 0.367266 -0.144202 0.159592
v 0.310276 -0.145556 0.154337
v 0.340691 -0.147123 0.170999
v 0.358249 -0.146697 0.179399
v 0.347110 -0.147075 0.174145
v 0.475991 -0.123914 0.153870
v 0.470287 -0.125827 0.159258
v 0.475882 -0.124472 0.161941
v 0.467492 -0.126213 0.153161
v 0.473849 -0.125264 0.169099
v 0.482976 -0.121146 0.155933
v 0.481529 -0.122827 0.164843
v 0.410808 -0.139313 0.179399
v 0.161069 -0.127224 -0.062716
v 0.160100 -0.127780 -0.043119
v 0.184931 -0.129272 -0.042019
v 0.159130 -0.128471 -0.021076
v 0.184423 -0.130242 -0.020083
v 0.185449 -0.128442 -0.061402
v 0.134754 -0.126563 -0.021935
v 0.455252 -0.130344 0.180243
v 0.463457 -0.128299 0.178811
v 0.456633 -0.129619 0.170816
v 0.305992 -0.148669 0.179399
v 0.487255 -0.118385 0.164013
v 0.487514 -0.117597 0.169579
v 0.486226 -0.120233 0.173022
v 0.486261 -0.119458 0.159572
v 0.486247 -0.120389 0.167976
v 0.484919 -0.121379 0.166890
v 0.484074 -0.121803 0.174709
v 0.632133 0.058056 0.188014
v 0.637711 0.069665 0.188443
v 0.625935 0.062031 0.188202
v 0.541428 0.050836 0.187862
v 0.536992 0.060939 0.188317
v 0.562092 0.050213 0.187528
v 0.550146 0.061498 0.188215
v -0.524459 0.114351 -0.085328
v -0.535495 0.125422 -0.086544
v -0.511775 0.100662 -0.078676
v -0.358490 -0.043072 0.082603
v -0.537178 0.118140 -0.031559
v -0.527343 0.104297 -0.008070
v -0.613458 0.203109 -0.055852
v -0.613834 0.200109 -0.045592
v -0.613240 0.190123 0.000087
v -0.618644 0.203106 -0.023305
v -0.619582 0.200094 -0.008780
v -0.623675 0.203122 0.008251
v -0.621319 0.205560 -0.010738
v -0.614049 0.205555 -0.055469
v -0.608307 0.205557 -0.090813
v -0.608232 0.203113 -0.088631
v -0.614579 0.195978 -0.023305
v -0.608134 0.196043 -0.065669
v -0.608092 0.200126 -0.082430
v -0.301301 -0.055550 -0.056535
v -0.312192 -0.054206 -0.023305
v -0.160226 -0.123996 0.082603
v -0.425581 0.012652 0.000094
v -0.463017 0.027992 0.081712
v -0.479467 0.041922 0.077880
v -0.467227 0.043797 0.000745
v -0.552229 0.132385 -0.023724
v -0.447828 0.083774 0.065135
v -0.435702 0.074429 0.067228
v -0.455394 0.086399 0.084380
v -0.539731 0.117959 -0.013349
v -0.442407 0.091422 0.001192
v -0.628766 0.205555 0.035100
v -0.635168 0.205556 0.074493
v -0.640078 0.205557 0.104707
v 0.130486 -0.131419 0.103551
v 0.105992 -0.128935 0.110727
v 0.156211 -0.134112 0.112453
v -0.456606 0.083888 0.105801
v -0.440817 0.071758 0.105351
v -0.457516 0.083471 0.112026
v -0.441721 0.071222 0.111970
v -0.239928 -0.038145 0.112842
v -0.480061 0.039117 0.104747
v -0.465180 0.026409 0.104632
v -0.479514 0.039953 0.095186
v -0.464458 0.027249 0.095003
v -0.450012 0.014324 0.104673
v -0.604133 0.200139 -0.107809
v -0.602936 0.196098 -0.099870
v -0.604270 0.203111 -0.113507
v -0.599153 0.190452 -0.095139
v -0.603922 0.205557 -0.117794
v -0.373850 -0.038115 0.111890
v -0.494588 0.052457 0.105109
v -0.508792 0.066285 0.105372
v -0.521328 0.080353 0.097113
v -0.507767 0.066522 0.097671
v -0.493908 0.054416 0.086784
v -0.471954 0.097499 0.099457
v -0.518269 0.140083 0.086761
v -0.473267 0.096847 0.109255
v -0.620400 0.192258 0.188616
v -0.614038 0.195530 0.188679
v -0.609187 0.189498 0.188679
v -0.623290 0.187349 0.188454
v -0.630038 0.195357 0.188454
v -0.537243 0.179941 -0.026831
v -0.539895 0.179021 -0.006847
v -0.545012 0.181552 0.000087
v -0.476558 0.051252 -0.002854
v -0.478023 0.051199 0.003203
v -0.478137 0.051740 0.000621
v -0.474651 0.052303 -0.014995
v -0.479100 0.053527 -0.004462
v -0.478498 0.052519 -0.001943
v -0.479938 0.054753 -0.006914
v -0.468460 0.048355 -0.018574
v -0.636264 0.203114 0.087215
v -0.630807 0.203122 0.052980
v -0.631255 0.200080 0.065843
v -0.625179 0.195921 0.045766
v -0.624622 0.200086 0.023479
v -0.462535 0.056094 -0.076730
v -0.529331 0.104924 0.001950
v -0.436825 0.091988 -0.021811
v -0.424605 0.083359 -0.023046
v -0.433274 0.102906 -0.082677
v 0.053537 -0.115951 -0.045580
v -0.570621 0.205846 0.188697
v 0.206312 0.142913 -0.188523
v 0.182558 0.140398 -0.188536
v 0.195524 0.123976 -0.188552
v -0.524087 0.173344 -0.055311
v -0.526931 0.173529 -0.040460
v -0.524667 0.171702 -0.040925
v -0.522352 0.170234 -0.044018
v 0.148144 0.184941 -0.188523
v 0.148144 0.205847 -0.188523
v -0.526764 0.172584 -0.030626
v -0.524055 0.170713 -0.032232
v -0.521126 0.168740 -0.034577
v -0.516778 0.165474 -0.038381
v -0.531284 0.151354 0.091147
v -0.560497 0.179975 0.087839
v 0.148144 0.178164 0.188697
v 0.148144 0.205847 0.188697
v -0.605221 0.163762 0.188293
v -0.600160 0.168018 0.188638
v -0.608498 0.173287 0.188620
v -0.609622 0.178501 0.188648
v -0.620911 0.180592 0.188337
v -0.614692 0.172682 0.188299
v -0.509821 0.121893 0.141544
v -0.354085 0.009327 0.141544
v -0.275902 -0.029336 0.153333
v -0.263346 -0.033260 0.147438
v -0.202273 -0.054169 0.145461
v -0.200143 -0.055962 0.158664
v -0.200784 -0.056268 0.165120
v -0.262448 -0.065235 -0.141371
v -0.598899 0.200151 -0.141312
v -0.599843 0.203114 -0.141294
v -0.596584 0.196141 -0.141371
v -0.599374 0.205558 -0.145796
v -0.595186 0.203090 -0.170433
v -0.594333 0.200130 -0.170404
v -0.219189 -0.108404 0.158550
v -0.283341 -0.054070 -0.147264
v -0.273053 -0.058759 -0.153159
v -0.217590 -0.049910 0.155824
v -0.216049 -0.049183 0.141544
v 0.102598 -0.129868 0.159879
v -0.498440 0.205830 -0.010077
v -0.334013 0.045232 -0.141371
v -0.505702 0.175690 -0.161990
v -0.479235 0.151692 -0.147264
v -0.509136 0.177003 -0.153159
v -0.516930 0.184411 -0.159053
v -0.479921 0.082488 -0.135476
v -0.465676 0.071441 -0.141371
v -0.638117 0.195876 0.129756
v -0.640336 0.200071 0.123862
v -0.644503 0.203105 0.138927
v -0.644149 0.205557 0.129756
v -0.640737 0.203106 0.115295
v -0.531355 0.129274 -0.135476
v -0.544285 0.140833 -0.129582
v -0.411986 0.092782 -0.108783
v -0.397878 0.081871 -0.104744
v -0.426761 0.104267 -0.111852
v -0.428767 0.102824 -0.098159
v -0.509944 0.104102 -0.104796
v -0.510738 0.103128 -0.095718
v -0.427564 0.033868 -0.104483
v -0.442102 0.045367 -0.104409
v -0.458115 0.056449 -0.094728
v -0.456320 0.056995 -0.104493
v -0.455277 0.057522 -0.111711
v -0.635871 0.200077 0.095313
v -0.367304 -0.008684 -0.111716
v -0.471611 0.068198 -0.096267
v -0.474358 0.068317 -0.085858
v -0.483431 0.080672 -0.107252
v -0.496896 0.092206 -0.104985
v -0.484621 0.079753 -0.097220
v -0.469158 0.069171 -0.111755
v -0.497672 0.089207 -0.086526
v -0.338566 0.041620 -0.104533
v -0.247826 -0.010817 -0.104533
v -0.474195 0.138704 -0.099402
v -0.459264 0.126818 -0.099511
v -0.442875 0.115273 -0.105847
v -0.443998 0.114740 -0.099198
v -0.461044 0.126642 -0.091218
v -0.446900 0.115199 -0.090170
v -0.638856 0.205633 0.188293
v -0.626221 0.205696 0.188642
v 0.057591 -0.124344 0.182593
v 0.078262 -0.127337 0.175555
v 0.077138 -0.127483 0.182095
v 0.097216 -0.130396 0.181126
v 0.099571 -0.130136 0.172162
v -0.236408 -0.045554 0.177677
v -0.220245 -0.051351 0.182802
v -0.108234 -0.145060 0.176854
v -0.108016 -0.144948 0.171008
v -0.108247 -0.144454 0.182399
v -0.573104 0.120797 0.182399
v -0.586147 0.134525 0.182399
v -0.145965 -0.133289 0.182399
v -0.145929 -0.133868 0.176854
v -0.145675 -0.133737 0.171008
v -0.559740 0.106575 0.182399
v -0.546057 0.091929 0.182399
v -0.442026 -0.003900 0.176854
v -0.457608 0.007691 0.176854
v -0.442271 -0.003738 0.182399
v -0.457869 0.007847 0.182399
v -0.425655 -0.014459 0.171008
v -0.426200 -0.014914 0.176854
v -0.426432 -0.014738 0.182399
v -0.472939 0.019984 0.176854
v -0.473223 0.020147 0.182399
v -0.280066 -0.050738 -0.182225
v -0.280969 -0.051889 -0.176680
v -0.270296 -0.055919 -0.182225
v -0.271188 -0.057055 -0.176681
v -0.488328 0.033288 0.182399
v -0.488012 0.033103 0.176854
v -0.290188 -0.047658 -0.170834
v -0.281490 -0.052404 -0.170834
v -0.271697 -0.057554 -0.170834
v -0.314498 -0.032897 -0.176680
v -0.323978 -0.027122 -0.176681
v -0.304991 -0.036722 -0.182225
v -0.305922 -0.037920 -0.176681
v -0.259765 -0.062842 -0.176681
v -0.260261 -0.063323 -0.170834
v -0.324550 -0.027722 -0.170834
v -0.323027 -0.025889 -0.182225
v -0.315059 -0.033479 -0.170834
v -0.306473 -0.038484 -0.170834
v -0.183188 -0.121867 0.176854
v -0.182898 -0.121711 0.171008
v -0.164665 -0.127399 0.182399
v -0.164345 -0.127818 0.171007
v -0.201634 -0.115638 0.176854
v -0.201705 -0.115116 0.182399
v 0.064914 -0.190384 0.176854
v 0.045508 -0.186062 0.176854
v 0.064999 -0.189727 0.182399
v 0.045583 -0.185407 0.182399
v 0.026220 -0.181264 0.171007
v 0.064977 -0.190215 0.171007
v 0.084378 -0.194088 0.171008
v 0.084332 -0.194269 0.176854
v 0.084427 -0.193612 0.182399
v 0.026124 -0.181402 0.176854
v 0.026187 -0.180748 0.182399
v -0.594084 0.203118 -0.176681
v -0.593262 0.200168 -0.176683
v -0.592448 0.203148 -0.182227
v -0.591718 0.200240 -0.182235
v -0.592056 0.196172 -0.170835
v -0.587953 0.203300 -0.186340
v -0.591060 0.196194 -0.176689
v -0.589480 0.196329 -0.182268
v -0.246330 -0.069388 -0.176681
v -0.214108 -0.082885 -0.182225
v -0.214939 -0.083946 -0.176681
v -0.587632 0.200613 -0.186352
v -0.585188 0.197086 -0.186437
v -0.585106 0.190834 -0.182322
v -0.578738 0.191707 -0.186951
v -0.586814 0.190677 -0.176693
v -0.587798 0.190643 -0.170835
v -0.245465 -0.068287 -0.182225
v -0.215385 -0.084366 -0.170834
v -0.039273 -0.147876 -0.176681
v -0.002377 -0.156455 -0.182225
v -0.002996 -0.157438 -0.176681
v -0.039532 -0.148199 -0.170835
v -0.038620 -0.146906 -0.182225
v -0.021406 -0.153143 -0.170834
v -0.003218 -0.157775 -0.170834
v -0.569768 0.174413 -0.182235
v -0.571213 0.174242 -0.176683
v -0.580071 0.183263 -0.176689
v -0.559487 0.164381 -0.182227
v -0.560833 0.164066 -0.176681
v -0.581030 0.183216 -0.170835
v -0.578460 0.183365 -0.182268
v -0.573554 0.183524 -0.186437
v -0.565826 0.175043 -0.186352
v -0.556026 0.165704 -0.186340
v -0.561736 0.163964 -0.170835
v -0.379753 -0.043854 0.176854
v -0.394562 -0.035149 0.176854
v -0.394052 -0.034711 0.171008
v -0.379949 -0.043616 0.182399
v -0.394769 -0.034932 0.182399
v -0.409699 -0.024956 0.171008
v -0.379260 -0.043429 0.171008
v -0.410227 -0.025405 0.176854
v -0.410446 -0.025210 0.182399
v -0.502822 0.047097 0.176854
v -0.517359 0.061720 0.176854
v -0.503179 0.047322 0.182399
v -0.517762 0.061994 0.182399
v -0.532060 0.076973 0.182399
v -0.640173 0.203594 0.188293
v -0.639960 0.201320 0.188299
v -0.632795 0.202140 0.188628
v -0.636588 0.198583 0.188337
v -0.628391 0.200830 0.188648
v -0.450247 0.131216 -0.159053
v -0.465319 0.141789 -0.153159
v -0.319467 0.036634 -0.147264
v -0.231641 -0.013391 -0.147264
v -0.168518 -0.040772 -0.159053
v -0.492591 0.160331 -0.135476
v -0.503792 0.168506 -0.129582
v -0.478506 0.083276 -0.147264
v -0.254248 -0.095931 0.159226
v -0.217541 -0.019409 -0.153159
v 0.101577 -0.120153 -0.156147
v 0.103778 -0.197464 0.170995
v 0.103749 -0.197654 0.176841
v 0.123136 -0.200616 0.176751
v 0.142387 -0.202555 0.181638
v 0.123233 -0.199978 0.182313
v 0.142273 -0.203095 0.176043
v 0.123144 -0.200412 0.170904
v 0.142240 -0.202863 0.170241
v 0.103852 -0.196999 0.182388
v 0.143509 -0.123202 -0.160304
v 0.142728 -0.123283 -0.169218
v 0.165108 -0.123790 -0.153406
v 0.184636 -0.136549 0.114555
v 0.156461 -0.134275 0.124354
v 0.186055 -0.136657 0.120512
v 0.129761 -0.131974 0.133390
v 0.185232 -0.136581 0.125445
v 0.128711 -0.132258 0.148582
v 0.156066 -0.134554 0.141464
v 0.129440 -0.132144 0.143079
v 0.185588 -0.136619 0.128677
v 0.185378 -0.136676 0.132500
v 0.153831 -0.134693 0.147956
v 0.182480 -0.136748 0.138646
v 0.117753 -0.133090 0.179581
v 0.174159 -0.136836 0.149367
v 0.149417 -0.134888 0.156588
v 0.164703 -0.137075 0.161967
v 0.137725 -0.135491 0.177571
v 0.155992 -0.137488 0.175065
v 0.121439 -0.132830 0.170725
v 0.124699 -0.132599 0.162405
v -0.535402 0.179799 -0.014379
v -0.533584 0.179522 -0.017406
v -0.533604 0.178202 -0.017526
v -0.535482 0.177912 -0.015354
v -0.533607 0.177058 -0.018400
v -0.537109 0.178545 -0.011883
v -0.536972 0.179181 -0.011279
v -0.535441 0.178767 -0.014486
v -0.536915 0.180001 -0.011188
v -0.536906 0.180882 -0.011174
v -0.535397 0.180882 -0.014363
v -0.531552 0.176099 -0.021327
v -0.531513 0.177528 -0.020388
v -0.531484 0.179180 -0.020245
v -0.483692 0.157449 -0.027457
v -0.533581 0.180882 -0.017389
v -0.531480 0.180882 -0.020225
v -0.529117 0.178773 -0.022861
v -0.529111 0.180882 -0.022840
v -0.529159 0.176729 -0.023018
v -0.529244 0.174961 -0.024006
v -0.486739 0.148724 -0.030149
v -0.483725 0.146522 -0.028276
v -0.484160 0.139320 -0.032241
v -0.489879 0.150940 -0.031733
v -0.487008 0.141924 -0.034248
v -0.489985 0.144561 -0.036021
v -0.489902 0.160463 -0.030813
v -0.486723 0.158944 -0.029286
v -0.489925 0.180882 -0.030634
v -0.486736 0.180882 -0.029124
v -0.480754 0.144268 -0.026361
v -0.480821 0.155982 -0.025386
v -0.496706 0.156482 0.037979
v -0.483710 0.180882 -0.027309
v -0.480875 0.180882 -0.025208
v -0.478255 0.180886 -0.022836
v -0.478169 0.154593 -0.023046
v -0.477787 0.141908 -0.024237
v -0.475865 0.131289 -0.031394
v -0.481115 0.136525 -0.031022
v -0.493583 0.142999 0.037918
v -0.496972 0.145026 0.038677
v -0.498410 0.136987 0.042020
v -0.490301 0.141088 0.036834
v -0.495345 0.134693 0.041564
v -0.492350 0.132504 0.040792
v -0.489956 0.153778 0.035976
v -0.493278 0.155090 0.037143
v -0.489925 0.180882 0.035807
v -0.493248 0.180882 0.036994
v -0.500444 0.147124 0.039283
v -0.500197 0.157929 0.038519
v -0.483744 0.151436 0.032620
v -0.496671 0.180882 0.037850
v -0.500161 0.180882 0.038369
v -0.503685 0.180882 0.038544
v -0.503718 0.159431 0.038714
v -0.503942 0.149303 0.039547
v -0.505123 0.141977 0.043334
v -0.501738 0.139420 0.042836
v -0.481182 0.135966 0.031458
v -0.484110 0.137659 0.033383
v -0.486266 0.128400 0.037055
v -0.478265 0.134204 0.029323
v -0.483459 0.126176 0.035791
v -0.479045 0.121082 0.035989
v -0.478229 0.149449 0.028207
v -0.480877 0.150377 0.030549
v -0.478259 0.180882 0.028012
v -0.480875 0.180882 0.030381
v -0.487140 0.139325 0.035254
v -0.486774 0.152566 0.034450
v -0.538103 0.179291 0.013031
v -0.538996 0.178548 0.009540
v -0.483710 0.180882 0.032482
v -0.486736 0.180882 0.034297
v -0.489238 0.130393 0.039042
v -0.538398 0.176446 0.013153
v -0.539141 0.177315 0.009553
v -0.539561 0.176818 0.009046
v -0.537398 0.175317 0.016969
v -0.539065 0.175900 0.012811
v -0.539201 0.174721 0.020082
v -0.537008 0.176962 0.016441
v -0.538168 0.177761 0.013076
v -0.536919 0.178882 0.016358
v -0.536906 0.180882 0.016347
v -0.538094 0.180882 0.013024
v -0.539697 0.178056 0.006044
v -0.539531 0.178887 0.006104
v -0.539477 0.179862 0.006109
v -0.514123 0.175919 -0.031843
v -0.510697 0.175216 -0.032696
v -0.510681 0.169592 -0.032822
v -0.538954 0.180884 0.009588
v -0.539469 0.180882 0.006110
v -0.539653 0.180035 0.002585
v -0.539643 0.180882 0.002586
v -0.539722 0.179241 0.002582
v -0.539923 0.178593 0.002550
v -0.540380 0.178348 0.002385
v -0.540120 0.177692 0.005711
v -0.513948 0.166302 -0.032905
v -0.510496 0.164214 -0.033589
v -0.509433 0.159915 -0.037246
v -0.517407 0.168367 -0.031944
v -0.512674 0.162366 -0.037127
v -0.517458 0.172345 -0.030838
v -0.514120 0.171005 -0.031997
v -0.517447 0.176585 -0.030660
v -0.517446 0.180882 -0.030634
v -0.514123 0.180882 -0.031821
v -0.507015 0.162095 -0.034181
v -0.507185 0.168136 -0.033356
v -0.507206 0.174485 -0.033216
v -0.531489 0.177153 0.025418
v -0.533590 0.177799 0.022579
v -0.533651 0.174766 0.022696
v -0.510700 0.180882 -0.032678
v -0.507209 0.180882 -0.033196
v -0.503683 0.173732 -0.033394
v -0.503685 0.180882 -0.033371
v -0.503664 0.166642 -0.033550
v -0.503520 0.159925 -0.034446
v -0.502757 0.154926 -0.038562
v -0.506116 0.157463 -0.038047
v -0.531937 0.170084 0.026524
v -0.534010 0.172020 0.023527
v -0.535685 0.170556 0.027741
v -0.529486 0.167867 0.029323
v -0.533811 0.168236 0.031074
v -0.530860 0.164222 0.035989
v -0.529189 0.172070 0.028207
v -0.531555 0.173469 0.025570
v -0.529121 0.176453 0.028037
v -0.529112 0.180882 0.028012
v -0.531480 0.180882 0.025397
v -0.535880 0.173794 0.020455
v -0.535487 0.175949 0.019650
v -0.535408 0.178381 0.019550
v -0.468339 0.147148 0.009590
v -0.533581 0.180882 0.022562
v -0.535396 0.180882 0.019536
v -0.537567 0.172679 0.024946
v -0.467339 0.130974 0.005768
v -0.467986 0.130901 0.009493
v -0.466485 0.117766 0.008945
v -0.466955 0.131179 0.001724
v -0.465579 0.117589 0.004909
v -0.463641 0.116153 -0.003154
v -0.467587 0.147520 0.002479
v -0.467791 0.147260 0.006043
v -0.467728 0.180882 0.002586
v -0.467902 0.180882 0.006110
v -0.468773 0.130746 0.013144
v -0.469182 0.147129 0.013073
v -0.473735 0.148103 0.022696
v -0.468421 0.180882 0.009601
v -0.469278 0.180882 0.013024
v -0.470465 0.180882 0.016347
v -0.470352 0.147261 0.016441
v -0.469883 0.130670 0.016969
v -0.467572 0.114686 0.020082
v -0.467046 0.117232 0.012797
v -0.471537 0.131363 0.020455
v -0.473469 0.132211 0.023527
v -0.472268 0.118786 0.027741
v -0.470228 0.117472 0.024946
v -0.471885 0.147603 0.019650
v -0.471975 0.180882 0.019536
v -0.475633 0.133060 0.026524
v -0.475849 0.148704 0.025570
v -0.473790 0.180882 0.022562
v -0.475891 0.180882 0.025397
v -0.474447 0.119657 0.031074
v -0.507209 0.180882 0.038369
v -0.510725 0.162585 0.037979
v -0.514274 0.156237 0.037918
v -0.510860 0.153899 0.038677
v -0.514155 0.164196 0.037143
v -0.514127 0.172514 0.037013
v -0.507236 0.160989 0.038519
v -0.507414 0.151574 0.039283
v -0.517450 0.173326 0.035829
v -0.517480 0.165813 0.035976
v -0.517583 0.158582 0.036834
v -0.517895 0.152680 0.040792
v -0.514734 0.149972 0.041564
v -0.511504 0.147304 0.042020
v -0.508342 0.144625 0.042836
v -0.510700 0.180882 0.037850
v -0.514123 0.180882 0.036994
v -0.517446 0.180882 0.035807
v -0.467719 0.180103 0.079514
v -0.540345 0.180706 0.033596
v -0.470110 0.180709 0.033426
v -0.540188 0.180981 0.012140
v -0.541149 0.180933 0.018497
v -0.542525 0.181173 0.007129
v -0.541337 0.181094 0.004907
v -0.439874 0.182820 -0.079411
v -0.542870 0.181300 0.001026
v -0.544254 0.181156 0.013171
v -0.547400 0.181014 0.025290
v -0.541864 0.181290 -0.004151
v -0.539469 0.180882 -0.000937
v -0.538950 0.180882 -0.004428
v -0.467902 0.180882 -0.000937
v -0.538103 0.180878 -0.007821
v -0.467393 0.181010 -0.011862
v -0.469277 0.180882 -0.007852
v -0.468421 0.180882 -0.004429
v -0.470465 0.180882 -0.011174
v -0.471975 0.180882 -0.014363
v -0.473790 0.180882 -0.017389
v -0.475891 0.180882 -0.020225
v -0.520635 0.180882 0.034297
v -0.523661 0.180882 0.032482
v -0.493248 0.180882 -0.031821
v -0.526496 0.180882 0.030381
v -0.500161 0.180882 -0.033196
v -0.496671 0.180882 -0.032678
v -0.526496 0.180882 -0.025208
v -0.468319 0.148594 -0.004575
v -0.520635 0.180882 -0.029124
v -0.523661 0.180882 -0.027309
v -0.468575 0.134129 -0.009072
v -0.467802 0.133116 -0.005573
v -0.465402 0.120871 -0.010797
v -0.469672 0.135295 -0.012442
v -0.465942 0.121974 -0.014426
v -0.466790 0.123259 -0.017959
v -0.470324 0.150118 -0.011351
v -0.469157 0.149298 -0.008019
v -0.467197 0.132099 -0.002069
v -0.467779 0.147981 -0.001068
v -0.523664 0.174933 0.032499
v -0.523685 0.169016 0.032620
v -0.464583 0.119402 -0.007741
v -0.520717 0.160930 0.035254
v -0.523714 0.163260 0.033383
v -0.523639 0.158197 0.037055
v -0.520840 0.155463 0.039042
v -0.520659 0.167423 0.034450
v -0.526642 0.165562 0.031458
v -0.526548 0.170576 0.030549
v -0.526503 0.175710 0.030402
v -0.500159 0.172964 -0.033216
v -0.496656 0.163559 -0.032815
v -0.526561 0.160857 0.035791
v -0.500043 0.157694 -0.034178
v -0.496593 0.155433 -0.033568
v -0.496317 0.149700 -0.037202
v -0.499509 0.152315 -0.038041
v -0.500146 0.165111 -0.033355
v -0.493182 0.153178 -0.032813
v -0.493227 0.162005 -0.031979
v -0.539502 0.179558 -0.000954
v -0.538974 0.179566 -0.004450
v -0.493117 0.147135 -0.036770
v -0.539695 0.178844 -0.000939
v -0.539120 0.178893 -0.004446
v -0.539525 0.178647 -0.004231
v -0.540115 0.178613 -0.000916
v -0.538302 0.178828 -0.008055
v -0.538147 0.179406 -0.007913
v -0.538100 0.180120 -0.007859
v -0.473693 0.152164 -0.017545
v -0.538776 0.178636 -0.008041
v -0.475242 0.139995 -0.021430
v -0.473143 0.138328 -0.018456
v -0.470456 0.126948 -0.022977
v -0.472354 0.128797 -0.026311
v -0.475796 0.153326 -0.020409
v -0.471246 0.136728 -0.015518
v -0.471852 0.151084 -0.014524
v -0.526501 0.178305 -0.025228
v -0.523664 0.177781 -0.027328
v -0.523682 0.174730 -0.027456
v -0.468475 0.125016 -0.020538
v -0.526620 0.173567 -0.026262
v -0.523759 0.171996 -0.028274
v -0.526534 0.175788 -0.025367
v -0.520720 0.170305 -0.030237
v -0.520650 0.173584 -0.029304
v -0.520637 0.177207 -0.029147
v -0.492509 0.197924 0.010550
v -0.491884 0.196658 0.009655
v -0.491945 0.188514 0.009777
v -0.490874 0.179309 0.007898
v -0.491330 0.184023 0.008816
v -0.490691 0.168707 0.007969
v -0.493089 0.205830 0.011282
v -0.492289 0.205830 0.010201
v -0.493113 0.193989 0.011355
v -0.493992 0.205830 0.012279
v -0.493024 0.176380 0.011386
v -0.491597 0.205830 0.009048
v -0.491021 0.205830 0.007832
v -0.500604 0.197924 -0.010787
v -0.501651 0.196732 -0.011018
v -0.493882 0.179309 0.012396
v -0.492978 0.168707 0.011391
v -0.493740 0.168707 0.012531
v -0.501536 0.188490 -0.011012
v -0.503680 0.179309 -0.011282
v -0.502614 0.184350 -0.011203
v -0.503685 0.168707 -0.011478
v -0.499706 0.205830 -0.010530
v -0.501011 0.205830 -0.010857
v -0.499634 0.193984 -0.010538
v -0.499637 0.176404 -0.010632
v -0.502342 0.205830 -0.011055
v -0.503685 0.205830 -0.011121
v -0.517220 0.197924 0.004857
v -0.517032 0.196704 0.005915
v -0.498374 0.179309 -0.010225
v -0.499649 0.168707 -0.010675
v -0.498303 0.168707 -0.010407
v -0.517089 0.190136 0.005700
v -0.516500 0.179309 0.007890
v -0.516835 0.184347 0.006875
v -0.516679 0.168707 0.007969
v -0.517327 0.205830 0.003930
v -0.517129 0.205830 0.005260
v -0.517361 0.194043 0.003862
v -0.517393 0.205830 0.002586
v -0.517454 0.176881 0.003839
v -0.516802 0.205830 0.006565
v -0.516349 0.205830 0.007832
v -0.496408 0.197924 0.014221
v -0.495489 0.196678 0.013634
v -0.517554 0.179309 0.002582
v -0.517482 0.168707 0.003932
v -0.517750 0.168707 0.002586
v -0.495589 0.188490 0.013722
v -0.494651 0.183995 0.013067
v -0.497224 0.205830 0.014675
v -0.496070 0.205830 0.013983
v -0.497271 0.194004 0.014732
v -0.498440 0.205830 0.015250
v -0.497198 0.176360 0.014794
v -0.494990 0.205830 0.013182
v -0.495721 0.197924 -0.008590
v -0.496602 0.196698 -0.009205
v -0.498382 0.179309 0.015401
v -0.497162 0.168707 0.014818
v -0.498303 0.168707 0.015580
v -0.496492 0.188532 -0.009152
v -0.497418 0.184376 -0.009743
v -0.494990 0.205830 -0.008009
v -0.496070 0.205830 -0.008810
v -0.494918 0.194028 -0.007987
v -0.493992 0.205830 -0.007107
v -0.494888 0.176354 -0.008078
v -0.497224 0.205830 -0.009502
v -0.517059 0.197924 -0.000495
v -0.517289 0.196787 0.000548
v -0.493875 0.179309 -0.007217
v -0.494881 0.168707 -0.008121
v -0.493740 0.168707 -0.007359
v -0.517260 0.190120 0.000333
v -0.517476 0.184303 0.001517
v -0.516802 0.205830 -0.001392
v -0.517129 0.205830 -0.000088
v -0.516809 0.194029 -0.001466
v -0.516349 0.205830 -0.002660
v -0.516887 0.176871 -0.001519
v -0.517327 0.205830 0.001243
v -0.501414 0.197924 0.016121
v -0.500356 0.196698 0.015933
v -0.516497 0.179309 -0.002726
v -0.516947 0.168707 -0.001451
v -0.516679 0.168707 -0.002796
v -0.500464 0.188415 0.015972
v -0.499399 0.184382 0.015737
v -0.502342 0.205830 0.016228
v -0.501011 0.205830 0.016029
v -0.502407 0.194071 0.016262
v -0.503685 0.205830 0.016294
v -0.502379 0.176389 0.016349
v -0.499706 0.205830 0.015703
v -0.492050 0.197924 -0.004691
v -0.492639 0.196617 -0.005614
v -0.503690 0.179309 0.016455
v -0.502340 0.168707 0.016383
v -0.503685 0.168707 0.016651
v -0.492549 0.188400 -0.005510
v -0.493201 0.184033 -0.006444
v -0.491597 0.205830 -0.003875
v -0.492289 0.205830 -0.005029
v -0.491541 0.194024 -0.003830
v -0.491021 0.205830 -0.002660
v -0.491473 0.176417 -0.003892
v -0.493089 0.205830 -0.006109
v -0.514862 0.197924 -0.005378
v -0.515487 0.196646 -0.004482
v -0.490871 0.179309 -0.002717
v -0.491454 0.168707 -0.003937
v -0.490691 0.168707 -0.002796
v -0.515427 0.188465 -0.004603
v -0.516042 0.184017 -0.003641
v -0.514281 0.205830 -0.006109
v -0.515082 0.205830 -0.005029
v -0.514259 0.193997 -0.006181
v -0.513378 0.205830 -0.007107
v -0.514345 0.176393 -0.006216
v -0.515774 0.205830 -0.003875
v -0.506766 0.197924 0.015960
v -0.505720 0.196733 0.016191
v -0.513488 0.179309 -0.007224
v -0.514393 0.168707 -0.006218
v -0.513630 0.168707 -0.007359
v -0.505837 0.188500 0.016184
v -0.504757 0.184353 0.016376
v -0.507664 0.205830 0.015703
v -0.506359 0.205830 0.016029
v -0.507740 0.194063 0.015709
v -0.508931 0.205830 0.015250
v -0.507732 0.176345 0.015805
v -0.505029 0.205830 0.016228
v -0.490151 0.197924 0.000315
v -0.490342 0.196642 -0.000760
v -0.508997 0.179309 0.015397
v -0.507722 0.168707 0.015848
v -0.509067 0.168707 0.015580
v -0.490299 0.188497 -0.000630
v -0.490545 0.184006 -0.001748
v -0.490044 0.205830 0.001243
v -0.490242 0.205830 -0.000088
v -0.490009 0.194012 0.001312
v -0.489978 0.205830 0.002586
v -0.489923 0.176357 0.001274
v -0.490568 0.205830 -0.001393
v -0.510963 0.197924 -0.009048
v -0.511886 0.196623 -0.008459
v -0.489817 0.179309 0.002591
v -0.489889 0.168707 0.001241
v -0.489621 0.168707 0.002586
v -0.511781 0.188499 -0.008550
v -0.512713 0.184050 -0.007899
v -0.510147 0.205830 -0.009502
v -0.511300 0.205830 -0.008810
v -0.510100 0.194023 -0.009559
v -0.508931 0.205830 -0.010077
v -0.510164 0.176404 -0.009626
v -0.512381 0.205830 -0.008009
v -0.511650 0.197924 0.013762
v -0.510775 0.196824 0.014373
v -0.508988 0.179309 -0.010228
v -0.510208 0.168707 -0.009645
v -0.509067 0.168707 -0.010407
v -0.510875 0.188449 0.014328
v -0.509951 0.184286 0.014918
v -0.512381 0.205830 0.013182
v -0.511300 0.205830 0.013983
v -0.512453 0.194029 0.013160
v -0.513378 0.205830 0.012279
v -0.512491 0.176389 0.013243
v -0.510147 0.205830 0.014675
v -0.490312 0.197924 0.005667
v -0.490077 0.196621 0.004599
v -0.513495 0.179309 0.012389
v -0.512490 0.168707 0.013293
v -0.513630 0.168707 0.012531
v -0.490111 0.190119 0.004840
v -0.489887 0.184029 0.003613
v -0.490568 0.205830 0.006565
v -0.490242 0.205830 0.005260
v -0.490562 0.193988 0.006640
v -0.490483 0.176880 0.006690
v -0.490044 0.205830 0.003929
v -0.505957 0.197924 -0.010948
v -0.507012 0.196726 -0.010761
v -0.490424 0.168707 0.006623
v -0.506901 0.188573 -0.010801
v -0.507975 0.184322 -0.010563
v -0.505029 0.205830 -0.011055
v -0.506360 0.205830 -0.010857
v -0.504955 0.193993 -0.011091
v -0.504999 0.176338 -0.011176
v -0.507664 0.205830 -0.010530
v -0.515320 0.197924 0.009864
v -0.514733 0.196666 0.010783
v -0.505031 0.168707 -0.011210
v -0.514877 0.190135 0.010591
v -0.514166 0.183998 0.011621
v -0.515774 0.205830 0.009048
v -0.515082 0.205830 0.010201
v -0.515832 0.194039 0.008999
v -0.515925 0.176893 0.009015
v -0.514281 0.205830 0.011282
v -0.515917 0.168707 0.009109
v -0.484666 0.152052 0.021605
v -0.486848 0.152052 0.023064
v -0.493392 0.152052 0.027436
v -0.493392 0.152052 -0.022264
v -0.491211 0.152052 -0.020806
v -0.484666 0.152052 -0.016434
v -0.530583 0.152052 0.002586
v -0.530071 0.152052 0.000013
v -0.528536 0.152052 -0.007707
v -0.495966 0.152052 0.027948
v -0.503685 0.152052 0.029484
v -0.483208 0.152052 -0.014252
v -0.478835 0.152052 -0.007707
v -0.527078 0.152052 -0.009889
v -0.522705 0.152052 -0.016433
v -0.506259 0.152052 0.028972
v -0.513979 0.152052 0.027436
v -0.478323 0.152052 -0.005134
v -0.476788 0.152052 0.002586
v -0.520523 0.152052 -0.017891
v -0.513979 0.152052 -0.022264
v -0.516160 0.152052 0.025979
v -0.522705 0.152052 0.021605
v -0.477300 0.152052 0.005159
v -0.478835 0.152052 0.012879
v -0.511405 0.152052 -0.022776
v -0.503685 0.152052 -0.024311
v -0.524162 0.152052 0.019424
v -0.528536 0.152052 0.012879
v -0.480293 0.152052 0.015061
v -0.501112 0.152052 -0.023799
v -0.529047 0.152052 0.010306
v -0.528472 0.123028 0.010280
v -0.527418 0.101241 0.012071
v -0.529406 0.126253 0.006458
v -0.528760 0.141178 0.010566
v -0.528850 0.113309 0.008018
v -0.528255 0.102543 0.009618
v -0.529297 0.115620 0.006013
v -0.529677 0.123599 0.004166
v -0.529798 0.131477 0.004518
v -0.528057 0.137087 0.012599
v -0.488027 0.117034 0.023836
v -0.529216 0.104396 0.004533
v -0.528856 0.103599 0.007096
v -0.530048 0.138483 0.002417
v -0.487220 0.086625 0.023147
v -0.485616 0.055715 0.021640
v -0.490160 0.102089 0.025291
v -0.486676 0.131327 0.022864
v -0.488793 0.077689 0.024334
v -0.487491 0.057311 0.023331
v -0.490443 0.082017 0.025471
v -0.492040 0.097355 0.026406
v -0.491752 0.112419 0.026275
v -0.485068 0.124031 0.021494
v -0.491687 0.061084 0.026098
v -0.489521 0.059105 0.024820
v -0.493967 0.063239 0.027149
v -0.493632 0.125937 0.027203
v -0.491697 0.105485 -0.020719
v -0.493780 0.070985 -0.021484
v -0.491628 0.135007 -0.020914
v -0.489916 0.085927 -0.019493
v -0.488365 0.101686 -0.018594
v -0.491507 0.068501 -0.020326
v -0.488199 0.087476 -0.018356
v -0.486604 0.100148 -0.017226
v -0.486704 0.115415 -0.017477
v -0.493562 0.129727 -0.021898
v -0.487334 0.063796 -0.017360
v -0.489352 0.066095 -0.018946
v -0.485473 0.061634 -0.015582
v -0.485015 0.126907 -0.016086
v -0.529581 0.125170 0.000025
v -0.529000 0.126339 -0.003763
v -0.529922 0.142073 0.000293
v -0.529114 0.115234 -0.002265
v -0.529197 0.105175 -0.000626
v -0.528362 0.120586 -0.006027
v -0.528768 0.116756 -0.004296
v -0.528615 0.132141 -0.005747
v -0.528198 0.104857 -0.005660
v -0.528818 0.105151 -0.003170
v -0.528028 0.138660 -0.007739
v -0.495856 0.100967 0.027855
v -0.499632 0.106700 0.028728
v -0.495663 0.132875 0.027843
v -0.497996 0.084288 0.028382
v -0.496342 0.065554 0.027961
v -0.499972 0.088849 0.028783
v -0.501850 0.102869 0.029026
v -0.501588 0.116228 0.029030
v -0.501278 0.070557 0.028847
v -0.498787 0.068003 0.028528
v -0.503792 0.073186 0.028913
v -0.503725 0.128648 0.029161
v -0.483779 0.100042 -0.014194
v -0.481487 0.102299 -0.011017
v -0.483588 0.132935 -0.014452
v -0.482607 0.079005 -0.012310
v -0.483789 0.059637 -0.013628
v -0.481438 0.081088 -0.010611
v -0.480368 0.095419 -0.008998
v -0.480359 0.111870 -0.009322
v -0.481008 0.056186 -0.009274
v -0.482296 0.057818 -0.011518
v -0.479310 0.124690 -0.007430
v -0.526751 0.124797 -0.009837
v -0.524780 0.124859 -0.013082
v -0.527090 0.142034 -0.009629
v -0.525509 0.113741 -0.011807
v -0.526258 0.103478 -0.010377
v -0.523370 0.118243 -0.014940
v -0.524417 0.114674 -0.013529
v -0.523637 0.130966 -0.014742
v -0.523451 0.101085 -0.014595
v -0.524956 0.102405 -0.012558
v -0.521756 0.099523 -0.016466
v -0.522301 0.137622 -0.016322
v -0.506143 0.099677 0.028823
v -0.507896 0.120349 0.028620
v -0.505870 0.134993 0.028975
v -0.508061 0.092470 0.028500
v -0.509808 0.107476 0.028205
v -0.506306 0.075863 0.028724
v -0.510074 0.097068 0.028098
v -0.511938 0.109231 0.027619
v -0.511741 0.120751 0.027757
v -0.511233 0.081260 0.027595
v -0.508794 0.078562 0.028282
v -0.513599 0.083934 0.026666
v -0.513812 0.131725 0.027075
v -0.478890 0.096067 -0.005117
v -0.477981 0.098143 -0.001353
v -0.478607 0.131386 -0.005397
v -0.478507 0.074302 -0.002859
v -0.478062 0.076930 -0.000859
v -0.477683 0.092527 0.000996
v -0.477565 0.109604 0.000647
v -0.477317 0.123371 0.002750
v -0.520410 0.122041 -0.017808
v -0.517336 0.121913 -0.020036
v -0.520695 0.141101 -0.017692
v -0.518583 0.109072 -0.019156
v -0.519886 0.097731 -0.018151
v -0.516943 0.109578 -0.020285
v -0.515338 0.117921 -0.021225
v -0.515623 0.128107 -0.021097
v -0.515698 0.093573 -0.020910
v -0.517860 0.095736 -0.019637
v -0.513420 0.091272 -0.021957
v -0.513742 0.135480 -0.022025
v -0.515769 0.107339 0.025781
v -0.519452 0.122250 0.023541
v -0.515744 0.137314 0.026089
v -0.517459 0.100895 0.024670
v -0.515869 0.086559 0.025504
v -0.519214 0.104943 0.023503
v -0.520767 0.115461 0.022399
v -0.520667 0.125268 0.022651
v -0.477481 0.131139 0.005223
v -0.520036 0.091548 0.022532
v -0.518021 0.089107 0.024120
v -0.521894 0.093852 0.020750
v -0.522355 0.134707 0.021258
v -0.477911 0.083086 0.005451
v -0.478449 0.123095 0.010118
v -0.478244 0.072368 0.007423
v -0.478415 0.091802 0.009068
v -0.478157 0.050905 0.005780
v -0.478998 0.084254 0.011184
v -0.478591 0.075793 0.009459
v -0.478749 0.108892 0.010913
v -0.479159 0.051064 0.010818
v -0.478538 0.050860 0.008327
v -0.480017 0.051517 0.013231
v -0.479339 0.123133 0.012908
v -0.511525 0.117224 -0.022671
v -0.511712 0.139364 -0.022666
v -0.509390 0.101989 -0.023193
v -0.507708 0.113833 -0.023552
v -0.511048 0.088867 -0.022767
v -0.507427 0.102524 -0.023590
v -0.505532 0.112197 -0.023841
v -0.505792 0.124095 -0.023848
v -0.506112 0.083837 -0.023653
v -0.508604 0.086380 -0.023334
v -0.503596 0.081259 -0.023720
v -0.503651 0.132690 -0.023983
v -0.523610 0.114097 0.019213
v -0.523782 0.139505 0.019624
v -0.524758 0.108265 0.017476
v -0.525875 0.119321 0.016108
v -0.523575 0.095992 0.018793
v -0.525935 0.111538 0.015765
v -0.526996 0.120529 0.014163
v -0.527008 0.129057 0.014490
v -0.480445 0.131074 0.015104
v -0.526350 0.099704 0.014432
v -0.525065 0.097949 0.016681
v -0.480836 0.083357 0.015275
v -0.483188 0.123515 0.019268
v -0.481856 0.073546 0.016973
v -0.482682 0.092855 0.018379
v -0.481104 0.052218 0.015540
v -0.482933 0.077469 0.018673
v -0.484000 0.093542 0.020157
v -0.483731 0.109875 0.019912
v -0.483918 0.054327 0.019766
v -0.482409 0.053158 0.017725
v -0.501442 0.111418 -0.023693
v -0.501505 0.137221 -0.023798
v -0.499322 0.093925 -0.023313
v -0.497572 0.107712 -0.023022
v -0.501081 0.078670 -0.023532
v -0.497328 0.094899 -0.022916
v -0.495440 0.106043 -0.022438
v -0.495635 0.119692 -0.022578
v -0.496149 0.073519 -0.022409
v -0.498591 0.076086 -0.023094
v -0.531580 0.103534 0.023722
v -0.518301 0.103289 -0.056651
v -0.521857 0.102386 -0.030791
v -0.524400 0.104649 -0.028374
v -0.479145 0.046214 0.043098
v -0.475574 0.042125 0.051611
v -0.478740 0.043649 0.058695
v -0.505259 0.085602 -0.037340
v -0.540883 0.178023 0.004979
v -0.540362 0.177191 0.007832
v -0.541170 0.178690 0.002005
v -0.541455 0.178244 0.005565
v -0.540200 0.176562 0.010989
v -0.512497 0.098022 -0.062088
v -0.504517 0.087159 -0.048869
v -0.542105 0.179349 0.001504
v -0.541273 0.176308 0.017564
v -0.487820 0.050728 0.069942
v -0.495328 0.057239 0.076522
v -0.474004 0.061376 -0.057166
v -0.479040 0.063559 -0.047295
v -0.470008 0.058372 -0.059540
v -0.485179 0.049460 0.060085
v -0.470501 0.056529 -0.050037
v -0.482181 0.046250 0.062169
v -0.480808 0.045942 0.055003
v -0.480504 0.047343 0.043514
v -0.476496 0.049531 0.006983
v -0.477574 0.049859 0.010542
v -0.552121 0.129365 -0.003991
v -0.531829 0.154271 0.079839
v -0.534831 0.162275 0.056964
v -0.540862 0.178900 -0.000930
v -0.529382 0.158951 0.048903
v -0.449353 0.098361 -0.004174
v -0.450011 0.102311 -0.017570
v -0.446990 0.104185 -0.036220
v -0.453602 0.106271 -0.018820
v -0.440974 0.104371 -0.059795
v -0.448781 0.106932 -0.040240
v -0.459021 0.108195 -0.004040
v -0.456560 0.110002 -0.020638
v -0.511762 0.162113 -0.050482
v -0.514519 0.165639 -0.058479
v -0.499293 0.152718 -0.059820
v -0.509334 0.159486 -0.046350
v -0.504549 0.156240 -0.053367
v -0.504948 0.157204 -0.057488
v -0.507019 0.157394 -0.045251
v -0.504093 0.155149 -0.046662
v -0.523374 0.154332 0.045112
v -0.523270 0.151991 0.053536
v -0.500998 0.152706 -0.047785
v -0.519256 0.146576 0.061190
v -0.522601 0.148221 0.067320
v -0.518511 0.148942 0.049675
v -0.525783 0.156453 0.045334
v -0.493276 0.147030 -0.056685
v -0.498256 0.150205 -0.046648
v -0.495131 0.148122 -0.053247
v -0.496438 0.149864 -0.057313
v -0.495728 0.147833 -0.045173
v -0.493073 0.145645 -0.045617
v -0.487670 0.140640 -0.043401
v -0.485239 0.138125 -0.040947
v -0.486353 0.139886 -0.049785
v -0.490329 0.143302 -0.045664
v -0.490810 0.145110 -0.058172
v -0.488298 0.142353 -0.054706
v -0.485160 0.139461 -0.053785
v -0.481269 0.137197 -0.059416
v -0.482744 0.135977 -0.041299
v -0.507843 0.139231 0.051794
v -0.510489 0.141739 0.050735
v -0.513408 0.141550 0.060513
v -0.515672 0.146446 0.049705
v -0.514334 0.143233 0.056760
v -0.512913 0.144140 0.049343
v -0.516570 0.144474 0.059887
v -0.478177 0.132660 -0.045234
v -0.514146 0.139493 0.072352
v -0.511388 0.139283 0.062734
v -0.543193 0.175122 0.034025
v -0.544421 0.176735 0.029847
v -0.552794 0.178851 0.056986
v -0.490332 0.119840 0.067810
v -0.476903 0.108276 0.067578
v -0.481993 0.115130 0.056962
v -0.552977 0.177510 0.065893
v -0.538260 0.169245 0.041019
v -0.539334 0.171099 0.037083
v -0.486754 0.121416 0.048903
v -0.474835 0.111385 0.047624
v -0.543855 0.171827 0.052906
v -0.547445 0.174227 0.057513
v -0.541257 0.173123 0.035842
v -0.443818 0.107701 -0.063579
v -0.448683 0.111074 -0.060214
v -0.454873 0.113558 -0.046407
v -0.446677 0.111628 -0.071838
v -0.465415 0.121118 -0.036986
v -0.458555 0.115995 -0.043083
v -0.456711 0.115722 -0.049751
v -0.464545 0.119713 -0.032954
v -0.462350 0.117720 -0.031939
v -0.494073 0.128448 0.047487
v -0.499941 0.130431 0.057904
v -0.496187 0.128218 0.053288
v -0.466875 0.123326 -0.043953
v -0.456787 0.117294 -0.058002
v -0.460393 0.115836 -0.030573
v -0.452130 0.111383 -0.047011
v -0.491174 0.126453 0.045112
v -0.497071 0.128113 0.056931
v -0.489401 0.124781 0.045334
v -0.497175 0.130635 0.049675
v -0.503522 0.132817 0.061190
v -0.446034 0.107588 -0.054033
v -0.451903 0.109383 -0.038404
v -0.460109 0.114796 -0.026532
v -0.454896 0.111149 -0.034289
v -0.452802 0.110810 -0.041425
v -0.460180 0.114020 -0.022446
v -0.458834 0.112552 -0.021361
v -0.467639 0.108008 0.035841
v -0.469670 0.109598 0.037082
v -0.467050 0.104414 0.046566
v -0.458342 0.092507 0.065563
v -0.461542 0.098673 0.049822
v -0.464699 0.101648 0.049546
v -0.467097 0.103030 0.052895
v -0.462807 0.097126 0.062576
v -0.464695 0.105381 0.034022
v -0.471268 0.110044 0.041018
v -0.463285 0.109071 0.010968
v -0.463282 0.109872 0.007706
v -0.462458 0.106589 0.017562
v -0.454132 0.100824 0.004208
v -0.460033 0.106113 0.006438
v -0.458677 0.104368 0.008154
v -0.457855 0.104664 0.003368
v -0.462030 0.109452 0.003960
v -0.470133 0.127377 -0.053945
v -0.460944 0.121928 -0.065372
v -0.451425 0.097101 0.010095
v -0.473601 0.132090 -0.065605
v -0.460701 0.102009 0.029840
v -0.456189 0.098432 0.025506
v -0.458250 0.096692 0.044123
v -0.454597 0.090917 0.056412
v -0.499471 0.132579 0.049705
v -0.501636 0.134488 0.049343
v -0.504923 0.135043 0.056760
v -0.504898 0.134301 0.059887
v -0.508060 0.136888 0.060513
v -0.504654 0.136741 0.050735
v -0.504797 0.205846 -0.188523
v -0.518442 0.183298 -0.099009
v 0.223605 0.088112 -0.124620
v 0.240197 0.068188 -0.131626
v 0.180526 0.136506 0.126821
v 0.181308 0.135020 0.103970
v 0.406651 0.048623 0.151806
v -0.564189 0.189483 -0.188280
v -0.547016 0.192275 -0.188505
v -0.559695 0.194005 -0.188442
v -0.570288 0.196236 -0.188280
v -0.551769 0.197071 -0.188505
v -0.550083 0.182345 -0.188475
v -0.549312 0.168742 -0.188120
v -0.550278 0.177514 -0.188446
v -0.558079 0.176329 -0.188126
v -0.563208 0.183345 -0.188164
v -0.579705 0.201427 -0.188126
v -0.578958 0.203612 -0.188120
v -0.571457 0.202256 -0.188454
v -0.567016 0.201123 -0.188475
v -0.576888 0.198935 -0.188164
v 0.148144 0.178269 0.182802
v 0.171019 0.148164 0.115305
v 0.171780 0.147093 0.124073
v 0.167535 0.152668 0.125105
v 0.166285 0.154565 0.148214
v 0.158394 0.164932 0.164712
v 0.192301 0.124657 -0.061861
v 0.240126 0.068090 -0.097263
v 0.223527 0.087378 -0.058632
v 0.206757 0.107902 -0.093655
v 0.207190 0.106018 -0.028040
v 0.037011 -0.169515 -0.113878
v 0.056359 -0.114287 -0.113878
v 0.138957 -0.125530 -0.080095
v 0.138865 -0.125792 -0.066725
v 0.117649 -0.186354 -0.066726
v 0.118606 -0.183622 -0.113878
v 0.139297 -0.124560 -0.113878
v 0.106333 -0.181440 -0.120982
v 0.120007 -0.122967 -0.124693
v 0.100118 -0.120633 -0.135975
v 0.097547 -0.120225 -0.137454
v 0.078022 -0.175958 -0.137454
v 0.055851 -0.115736 -0.066726
v 0.036169 -0.171919 -0.066726
v 0.076186 -0.181201 -0.043149
v 0.114113 -0.124058 -0.052907
v 0.087343 -0.182798 -0.049534
v 0.096803 -0.122349 -0.043149
v 0.106169 -0.185120 -0.060235
v 0.089005 -0.178162 -0.131049
v 0.050771 -0.171893 -0.121829
v 0.092361 -0.121807 -0.045673
v 0.049466 -0.175178 -0.058858
v 0.073560 -0.118993 -0.056455
v 0.033122 -0.109308 -0.113878
v 0.013791 -0.164487 -0.113878
v 0.032523 -0.111016 -0.066726
v 0.012995 -0.166756 -0.066725
v 0.079870 -0.118102 -0.127418
v 0.060219 -0.115005 -0.116118
v -0.004466 -0.159618 -0.124756
v -0.046036 -0.088243 -0.113878
v -0.066162 -0.145697 -0.066725
v -0.046868 -0.090619 -0.066726
v -0.065359 -0.143400 -0.113878
v -0.027164 -0.157886 -0.043149
v -0.007774 -0.102534 -0.043149
v -0.025646 -0.153550 -0.137454
v 0.023711 -0.106945 -0.119457
v 0.006261 -0.102176 -0.129875
v -0.006351 -0.098473 -0.137454
v -0.022473 -0.154504 -0.135543
v -0.036826 -0.093861 -0.060635
v -0.001686 -0.103938 -0.046735
v -0.068575 -0.081271 -0.113878
v -0.059534 -0.144977 -0.117352
v -0.011563 -0.097213 -0.134374
v -0.145543 -0.053956 -0.113878
v -0.165032 -0.109588 -0.113878
v -0.166089 -0.112606 -0.066726
v -0.146775 -0.057474 -0.066726
v -0.088762 -0.138895 -0.066726
v -0.069482 -0.083862 -0.066726
v -0.087923 -0.136502 -0.113878
v -0.113140 -0.127489 -0.129338
v -0.095676 -0.133824 -0.118613
v -0.106783 -0.066827 -0.137454
v -0.126272 -0.122459 -0.137454
v -0.153444 -0.117859 -0.058833
v -0.136293 -0.124635 -0.048194
v -0.108869 -0.072778 -0.043150
v -0.128108 -0.127700 -0.043149
v -0.084436 -0.075529 -0.123616
v -0.119264 -0.062805 -0.129886
v -0.158609 -0.111771 -0.117794
v -0.149064 -0.115036 -0.123619
v -0.129865 -0.121332 -0.135281
v -0.143919 -0.058709 -0.064934
v -0.167456 -0.045200 -0.113878
v -0.188111 -0.104160 -0.066726
v -0.186970 -0.100902 -0.113878
v -0.168796 -0.049024 -0.066726
v -0.172685 -0.042773 -0.117190
v -0.201689 -0.094136 -0.123190
v -0.224070 -0.083293 -0.137454
v -0.204395 -0.027133 -0.137454
v -0.242434 -0.012204 -0.113878
v -0.262034 -0.068151 -0.113878
v -0.263533 -0.072429 -0.066726
v -0.226642 -0.090635 -0.043149
v -0.207464 -0.035892 -0.043149
v -0.206787 -0.097671 -0.055311
v -0.244262 -0.017425 -0.066725
v -0.228884 -0.025416 -0.056820
v -0.214706 -0.032434 -0.047755
v -0.255637 -0.076507 -0.061646
v -0.241051 -0.083749 -0.052315
v -0.283361 -0.057721 -0.113878
v -0.263694 -0.001580 -0.113878
v -0.234717 -0.015318 -0.118677
v -0.250282 -0.072925 -0.121192
v -0.234410 -0.079252 -0.131048
v -0.356842 -0.020452 -0.081981
v -0.355380 -0.016279 -0.113878
v -0.335259 0.041157 -0.113878
v -0.335739 0.039786 -0.104533
v -0.357561 -0.022504 -0.066726
v -0.337780 0.033960 -0.066726
v -0.283992 -0.059523 -0.095139
v -0.265020 -0.005367 -0.082430
v -0.284998 -0.062395 -0.066726
v -0.265700 -0.007310 -0.066726
v -0.298772 0.021798 -0.137454
v -0.318894 -0.035641 -0.137454
v -0.285826 -0.056296 -0.115494
v -0.309766 -0.041599 -0.131344
v -0.272073 -0.004720 -0.062759
v -0.303293 0.008893 -0.043149
v -0.299706 0.007224 -0.045422
v -0.322651 -0.046364 -0.043149
v -0.288490 0.014531 -0.130465
v -0.280479 0.009137 -0.125070
v -0.327074 -0.043652 -0.046078
v -0.330732 0.028581 -0.061858
v -0.309123 0.012867 -0.047085
v -0.346458 -0.030636 -0.059124
v -0.336135 -0.037774 -0.052136
v -0.281111 -0.000926 -0.057111
v 0.069429 -0.181381 -0.019573
v -0.339568 -0.024959 -0.124150
v -0.327967 -0.031057 -0.131636
v 0.053110 -0.116017 -0.040942
v 0.049338 -0.115219 -0.043149
v 0.029513 -0.171809 -0.043149
v 0.090188 -0.122124 -0.019573
v 0.071152 -0.119266 -0.030491
v 0.048886 -0.176618 -0.031675
v -0.011484 -0.165327 0.027579
v 0.008742 -0.107590 -0.019573
v -0.010786 -0.163334 -0.019573
v 0.008145 -0.109298 0.027580
v 0.089703 -0.123509 0.027579
v 0.090012 -0.122626 0.000397
v 0.068603 -0.183737 0.027580
v 0.028533 -0.114086 0.039603
v 0.046689 -0.117893 0.050222
v 0.087165 -0.123266 0.029009
v 0.028013 -0.176091 0.051156
v 0.047145 -0.179914 0.040002
v 0.066379 -0.120799 0.040806
v 0.048297 -0.118191 0.051156
v -0.014268 -0.101965 -0.019573
v -0.033651 -0.157292 -0.019573
v -0.034341 -0.159263 0.027579
v -0.014907 -0.103790 0.027579
v 0.033961 -0.112572 -0.034266
v 0.010518 -0.168002 -0.032072
v -0.039522 -0.094484 -0.034761
v -0.053370 -0.090072 -0.043149
v -0.072636 -0.145066 -0.043149
v -0.063976 -0.147890 -0.037891
v -0.112919 -0.136543 0.027579
v -0.093299 -0.080537 0.000087
v -0.093774 -0.081893 0.027579
v -0.092929 -0.079483 -0.019573
v -0.112138 -0.134313 -0.019573
v -0.064361 -0.091387 0.045419
v -0.054837 -0.094259 0.051156
v -0.074068 -0.149152 0.051156
v -0.085499 -0.145566 0.044242
v -0.115365 -0.072217 -0.019573
v -0.135394 -0.129391 0.027579
v -0.134560 -0.127011 -0.019573
v -0.116290 -0.074857 0.027579
v -0.057121 -0.089119 -0.040924
v -0.138060 -0.125722 -0.021726
v -0.146955 -0.059719 -0.039171
v -0.172554 -0.111954 -0.043149
v -0.155376 -0.118990 -0.032447
v -0.153313 -0.057030 -0.043149
v -0.193406 -0.047964 0.027579
v -0.212308 -0.101921 0.027579
v -0.192136 -0.044338 -0.019573
v -0.211231 -0.098846 -0.019573
v -0.189061 -0.049788 0.030294
v -0.174445 -0.117349 0.051156
v -0.195095 -0.109109 0.038331
v -0.155492 -0.063248 0.051156
v -0.140489 -0.127897 0.030641
v -0.234297 -0.093381 0.027579
v -0.233126 -0.090037 -0.019573
v -0.214077 -0.035661 -0.019573
v -0.215464 -0.039622 0.027579
v -0.270080 -0.072014 -0.043149
v -0.232138 -0.027017 -0.031064
v -0.219959 -0.032900 -0.023305
v -0.243354 -0.085247 -0.026060
v -0.258074 -0.078094 -0.035446
v -0.250961 -0.017433 -0.043149
v -0.290930 -0.008019 0.027579
v -0.309570 -0.061228 0.027579
v -0.288988 -0.002474 -0.019573
v -0.307994 -0.056727 -0.019573
v -0.272790 -0.079748 0.051156
v -0.299153 -0.066756 0.034311
v -0.254228 -0.026762 0.051156
v -0.277813 -0.077398 0.047971
v -0.283361 -0.012240 0.032510
v -0.274934 -0.016702 0.037953
v -0.263667 -0.083043 0.045556
v -0.247402 -0.088793 0.035596
v -0.267162 -0.011317 -0.033154
v -0.283012 -0.004969 -0.023305
v -0.283691 -0.066702 -0.034719
v -0.265430 -0.021457 0.044040
v -0.329243 -0.046075 -0.019573
v -0.309994 0.008872 -0.019573
v -0.312571 0.010595 -0.021306
v -0.338911 -0.039979 -0.026005
v -0.381110 0.052890 -0.019572
v -0.402467 -0.008072 0.027579
v -0.400327 -0.001963 -0.019573
v -0.383576 0.045853 0.027579
v -0.330967 -0.050995 0.027579
v -0.312078 0.002922 0.027579
v -0.344113 -0.045226 0.035844
v -0.349146 0.020623 0.051156
v -0.344243 0.018198 0.048021
v -0.368099 -0.033477 0.051156
v -0.355964 -0.039613 0.043372
v -0.333781 -0.049804 0.029341
v -0.364131 -0.022153 -0.043149
v -0.349334 -0.032912 -0.033033
v -0.334374 0.026162 -0.036158
v -0.344532 0.033793 -0.043149
v -0.361299 -0.024286 -0.041199
v -0.364083 0.043893 -0.030568
v -0.392352 -0.006616 -0.024807
v -0.376126 -0.015682 -0.035378
v -0.397693 -0.011829 0.030898
v -0.358172 0.026976 0.045025
v -0.372190 0.037214 0.035432
v -0.383248 -0.022704 0.040845
v -0.369499 -0.032529 0.050212
v 0.041180 -0.119400 0.121884
v 0.020828 -0.177496 0.121884
v 0.041730 -0.117831 0.074732
v 0.021517 -0.175527 0.074732
v -0.017928 -0.164614 0.051156
v 0.009074 -0.110506 0.055540
v 0.001683 -0.108635 0.051156
v 0.027179 -0.114735 0.066213
v -0.039045 -0.101382 0.121884
v -0.038422 -0.099604 0.074732
v -0.058382 -0.156580 0.121884
v -0.057736 -0.154735 0.074732
v -0.011612 -0.170158 0.140961
v 0.023210 -0.116241 0.132278
v -0.019231 -0.168334 0.145461
v 0.000557 -0.111849 0.145461
v -0.014693 -0.108002 0.136416
v -0.081128 -0.150200 0.121884
v -0.061936 -0.095415 0.121884
v -0.061263 -0.093496 0.074732
v -0.080462 -0.148298 0.074732
v -0.029367 -0.161869 0.057912
v -0.009645 -0.106236 0.057786
v -0.140492 -0.072633 0.121884
v -0.158879 -0.125119 0.095313
v -0.158538 -0.124145 0.074732
v -0.139580 -0.070032 0.074732
v -0.159361 -0.126495 0.121884
v -0.089281 -0.088780 0.138051
v -0.120786 -0.139894 0.145461
v -0.106571 -0.143656 0.136996
v -0.101778 -0.085635 0.145461
v -0.119314 -0.135692 0.051156
v -0.100215 -0.081172 0.051156
v -0.085910 -0.146600 0.071439
v -0.065952 -0.092096 0.071910
v -0.143741 -0.132113 0.131468
v -0.162947 -0.065422 0.121884
v -0.141425 -0.129313 0.064421
v -0.125372 -0.077896 0.131127
v -0.240203 -0.038931 0.121884
v -0.258517 -0.091206 0.121885
v -0.238824 -0.034993 0.074732
v -0.257348 -0.087871 0.074732
v -0.161945 -0.062563 0.074732
v -0.181705 -0.118966 0.121884
v -0.180818 -0.116434 0.074732
v -0.201735 -0.112799 0.133976
v -0.199916 -0.047440 0.051156
v -0.218709 -0.101085 0.051156
v -0.196072 -0.110410 0.065270
v -0.236505 -0.100489 0.135651
v -0.251976 -0.094021 0.125985
v -0.220744 -0.106895 0.145461
v -0.335868 0.006322 0.096144
v -0.262026 -0.029915 0.111890
v -0.279251 -0.079083 0.074732
v -0.260841 -0.026534 0.074732
v -0.262365 -0.030884 0.121884
v -0.280527 -0.082725 0.121884
v -0.300669 -0.068642 0.061069
v -0.267669 -0.023363 0.070407
v -0.337013 0.003055 0.121884
v -0.354473 -0.046786 0.095313
v -0.353740 -0.044692 0.074732
v -0.334959 0.008917 0.074732
v -0.355486 -0.049678 0.121884
v -0.284094 -0.024083 0.135022
v -0.293853 -0.078146 0.130020
v -0.293810 -0.020849 0.140933
v -0.304924 -0.074222 0.136801
v -0.277256 -0.018709 0.064295
v -0.316051 -0.060620 0.051156
v -0.285749 -0.014333 0.058831
v -0.293693 -0.009997 0.053675
v -0.297545 -0.007795 0.051156
v -0.350287 -0.052845 0.125322
v -0.340747 -0.058186 0.131540
v -0.332095 -0.062668 0.137110
v -0.301207 -0.018246 0.145461
v -0.319038 -0.069144 0.145461
v -0.346309 -0.048140 0.070025
v -0.335963 -0.052611 0.063534
v -0.318925 -0.008276 0.133903
v -0.328109 -0.002638 0.127823
v -0.310603 -0.013128 0.139363
v -0.355740 0.020907 0.074732
v -0.376389 -0.038036 0.121884
v -0.357909 0.014716 0.121884
v -0.374514 -0.032684 0.074732
v -0.311484 -0.001868 0.059882
v -0.408861 -0.007217 0.051156
v -0.399745 -0.014327 0.057480
v -0.390195 0.046062 0.051156
v -0.444434 0.014751 0.074732
v -0.427198 0.063951 0.093219
v -0.426301 0.066511 0.074732
v -0.446521 0.008794 0.121884
v -0.428693 0.059680 0.121885
v -0.375968 -0.036835 0.111890
v -0.390106 -0.031091 0.130684
v -0.383317 0.026799 0.138035
v -0.406820 -0.022209 0.141487
v -0.412919 -0.018799 0.145461
v -0.394906 0.032619 0.145461
v -0.374880 0.034544 0.061700
v -0.360736 0.024381 0.071346
v -0.385153 -0.025173 0.067501
v -0.422417 -0.011440 0.138881
v -0.399406 0.035956 0.142371
v -0.437053 0.000549 0.128617
v -0.421581 0.063687 0.071621
v -0.431414 0.006415 0.066047
v -0.415169 -0.003527 0.055297
v -0.413580 0.047073 0.132526
v -0.190328 -0.050533 0.045766
v 0.032079 -0.168625 -0.111716
v 0.433584 0.009841 -0.188693
v 0.433584 -0.006832 -0.151117
v 0.579134 -0.138140 -0.186377
v 0.579134 -0.143580 -0.138083
v 0.433584 -0.049804 -0.147351
v 0.433584 -0.026890 -0.149812
v 0.433584 -0.138005 -0.187576
v 0.433584 -0.131386 -0.137074
v 0.433584 -0.095919 -0.141084
v 0.433584 -0.143772 -0.136394
v 0.433584 -0.128801 -0.188430
v 0.537890 -0.143712 -0.136894
v 0.539706 0.009842 -0.188697
v 0.579134 0.009829 -0.188667
v 0.579134 -0.004372 -0.156662
v 0.539670 -0.006403 -0.152083
v 0.579134 -0.141440 -0.136887
v 0.579134 -0.131073 -0.136547
v 0.579134 -0.117966 -0.188421
v 0.447165 -0.006709 -0.151395
v 0.464266 -0.006406 -0.152078
v 0.464262 0.009842 -0.188697
v 0.579134 -0.030598 -0.153817
v 0.579134 -0.118633 -0.137623
vn 0.0733 0.1940 0.9783
vn -0.3016 -0.0011 0.9534
vn -0.0000 -0.0000 -1.0000
vn -0.3708 0.0002 0.9287
vn 0.8660 -0.0000 -0.5000
vn -0.0000 -0.0000 1.0000
vn 0.0359 0.0004 0.9994
vn 0.5767 -0.8130 -0.0802
vn -0.8944 0.0014 -0.4472
vn 0.9142 -0.0000 0.4052
vn -0.9548 0.0100 0.2971
vn 0.0203 0.0004 0.9998
vn 0.0304 -0.0006 0.9995
vn 0.9743 -0.0007 0.2251
vn 0.9672 -0.0010 0.2539
vn -0.1948 -0.9736 0.1187
vn -0.7246 0.0003 0.6892
vn 0.2419 -0.9525 -0.1851
vn -0.9984 0.0474 0.0318
vn -1.0000 0.0007 -0.0007
vn -0.5729 0.0004 0.8196
vn 0.9757 -0.0000 -0.2192
vn 0.9173 -0.0051 -0.3982
vn -0.1656 -0.6547 0.7375
vn 0.0032 -0.2325 0.9726
vn -0.0228 -0.2033 0.9789
vn 0.0432 0.9927 0.1128
vn 0.2784 0.0061 0.9604
vn -0.2262 -0.6183 -0.7527
vn 0.6633 0.7304 0.1630
vn 0.6113 -0.0000 -0.7914
vn -0.9438 0.3306 -0.0000
vn 0.1376 0.1132 0.9840
vn -0.1712 -0.9838 -0.0527
vn -0.2130 -0.0023 0.9771
vn 0.0750 -0.9422 0.3265
vn -0.4442 -0.0000 -0.8959
vn 0.0795 -0.3598 -0.9296
vn -0.1068 -0.1328 -0.9854
vn 0.9028 -0.0891 0.4207
vn 0.0958 0.9952 0.0203
vn 0.2677 -0.0008 0.9635
vn 0.1161 0.9932 -0.0071
vn 0.1798 0.9832 0.0304
vn -0.0150 -0.2869 0.9578
vn -0.0419 -0.2824 0.9584
vn -0.0387 -0.2823 0.9585
vn -0.0140 -0.2756 0.9612
vn -0.0355 -0.2713 0.9618
vn -0.0330 -0.2713 0.9619
vn 0.9545 -0.0052 0.2980
vn 0.4011 0.1286 0.9070
vn 0.1866 0.2019 0.9615
vn 0.2229 0.1034 0.9694
vn 0.0855 0.1656 0.9825
vn 0.1134 0.0760 0.9906
vn 0.0211 0.1307 0.9912
vn 0.1005 -0.1671 0.9808
vn 0.0383 -0.1104 0.9931
vn 0.2469 0.3757 0.8933
vn 0.0542 0.3694 0.9277
vn 0.0954 0.2649 0.9596
vn -0.0116 0.2845 0.9586
vn 0.3007 0.2391 0.9233
vn 0.0877 0.2813 0.9556
vn 0.1284 0.1688 0.9773
vn 0.0100 0.2134 0.9769
vn 0.0969 -0.0936 0.9909
vn 0.0216 -0.0353 0.9991
vn 0.0733 -0.0084 0.9973
vn 0.0029 0.0365 0.9993
vn 0.0374 0.0625 0.9973
vn -0.0122 0.0894 0.9959
vn 0.0149 0.3072 0.9515
vn -0.0328 0.3116 0.9497
vn -0.1142 0.2036 0.9724
vn 0.0655 0.2610 0.9631
vn 0.5365 0.5324 0.6548
vn 0.1784 0.4786 0.8597
vn 0.6277 0.3348 0.7028
vn 0.2316 0.3755 0.8974
vn 0.0336 0.9836 0.1774
vn -0.1904 -0.1832 -0.9645
vn -0.1332 -0.9911 -0.0066
vn -0.0114 -0.2635 0.9646
vn -0.2660 -0.9637 -0.0245
vn -0.7415 -0.6707 -0.0176
vn 0.6365 0.7649 0.0989
vn 0.5106 0.8496 0.1321
vn 0.0848 0.0242 -0.9961
vn 0.5573 0.8249 0.0945
vn -0.7760 -0.6302 0.0249
vn -0.8660 -0.0000 0.5000
vn -0.6672 0.0006 -0.7449
vn 0.0532 -0.0454 -0.9975
vn -0.8660 -0.0000 -0.5000
vn -0.9351 0.3209 0.1502
vn -0.9628 -0.0003 -0.2702
vn 0.2226 0.9233 0.3129
vn 0.6893 -0.0000 -0.7244
vn 0.9330 -0.0000 -0.3599
vn 0.6315 -0.7736 -0.0528
vn 0.6241 -0.0001 -0.7814
vn -0.2303 0.0001 0.9731
vn -0.7091 -0.7049 -0.0171
vn -0.2159 -0.9693 0.1180
vn 0.9998 0.0003 0.0192
vn 0.9987 0.0008 -0.0508
vn -0.8670 0.0008 0.4983
vn -0.8298 0.0005 0.5580
vn 0.9712 0.0004 -0.2383
vn -0.7479 -0.0011 0.6638
vn -0.2773 -0.0003 0.9608
vn 0.9433 0.0006 -0.3321
vn 0.6673 0.0016 -0.7448
vn 0.9116 0.0007 -0.4110
vn -0.5253 -0.0011 0.8509
vn -0.0426 0.0011 -0.9991
vn 0.8838 -0.0008 -0.4679
vn -0.1357 0.0011 -0.9907
vn -0.4452 -0.0007 0.8954
vn 0.3736 0.0006 0.9276
vn -0.2622 0.0013 0.9650
vn -0.1653 0.0009 0.9862
vn -0.7983 0.0661 -0.5987
vn -0.5384 0.0011 -0.8427
vn -0.6826 0.7162 0.1451
vn -0.6867 -0.7267 -0.0148
vn -0.4607 -0.0014 -0.8876
vn -0.7273 0.0010 -0.6863
vn -0.6205 -0.0002 -0.7842
vn 0.3100 -0.0009 0.9507
vn -0.7963 0.0013 -0.6048
vn -0.8571 0.0006 -0.5152
vn -0.9395 0.0002 -0.3426
vn -0.8996 0.0002 -0.4366
vn 0.7964 0.0012 0.6047
vn -0.9691 0.0002 -0.2467
vn 0.7656 -0.0011 0.6434
vn 0.8477 0.0005 0.5305
vn -0.9034 0.0065 0.4287
vn 0.7636 -0.0004 0.6457
vn -0.8650 0.0002 -0.5018
vn 0.3584 -0.9293 -0.0894
vn 0.0185 0.9981 0.0585
vn -0.7990 0.0394 0.6001
vn 0.6878 -0.0791 -0.7215
vn 0.0259 0.0598 0.9979
vn -0.1898 -0.9793 -0.0701
vn -0.0000 1.0000 -0.0000
vn 0.0387 -0.2293 0.9726
vn -0.0701 0.9915 0.1094
vn 0.0211 0.0161 0.9996
vn 0.2530 -0.0002 -0.9675
vn 0.2215 0.0011 0.9752
vn -0.6422 0.0010 0.7666
vn -0.7146 -0.0009 -0.6996
vn -0.8933 -0.0000 -0.4495
vn -0.9966 -0.0000 -0.0821
vn 0.4093 0.0044 0.9124
vn -0.9735 -0.1681 -0.1550
vn -0.3977 -0.9147 -0.0714
vn 0.0211 0.9838 0.1780
vn -0.0524 -0.6655 -0.7446
vn -0.0730 -0.6930 -0.7172
vn 0.1339 -0.7383 -0.6610
vn -0.0453 -0.8911 -0.4515
vn 0.0117 -0.9835 -0.1806
vn -0.0207 -0.9916 -0.1277
vn 0.8176 -0.0000 0.5758
vn 0.1749 -0.0000 0.9846
vn 0.3466 -0.0507 0.9366
vn 0.4757 0.8713 0.1210
vn 0.4726 -0.0505 0.8798
vn 0.4838 -0.0162 0.8750
vn 0.5759 -0.0000 0.8175
vn 0.7243 -0.0000 0.6895
vn 0.9638 -0.0000 0.2667
vn 0.0876 -0.9893 0.1168
vn 0.9757 -0.0000 0.2192
vn 0.9853 -0.0000 0.1709
vn 0.9997 -0.0000 0.0246
vn 0.9495 -0.0000 0.3137
vn 0.9925 -0.0000 0.1224
vn 0.9997 -0.0000 -0.0246
vn 0.9853 -0.0000 -0.1709
vn -0.9993 0.0347 0.0170
vn 0.9495 -0.0000 -0.3137
vn 0.0001 -1.0000 0.0001
vn 0.9361 0.0101 -0.3517
vn 0.3890 -0.0716 -0.9185
vn 0.3750 -0.0319 -0.9265
vn 0.3674 -0.0039 -0.9301
vn 0.3307 -0.0510 -0.9424
vn 0.1259 0.0187 -0.9919
vn 0.5885 0.8037 0.0879
vn -0.9121 -0.3833 -0.1454
vn 0.0547 0.9978 0.0368
vn 0.0557 0.0550 -0.9969
vn 0.0723 0.0614 -0.9955
vn 0.0666 0.0470 -0.9967
vn 0.0857 0.0531 -0.9949
vn 0.0893 0.0355 -0.9954
vn 0.1128 0.0415 -0.9927
vn 0.7572 -0.0000 0.6532
vn 0.7883 -0.0000 0.6153
vn -0.3272 -0.9422 0.0718
vn -0.0949 0.0005 0.9955
vn -0.9251 -0.3498 -0.1475
vn 0.8932 -0.0000 0.4496
vn 0.1613 -0.0004 -0.9869
vn 0.0171 0.9997 0.0148
vn 0.1207 0.9923 0.0272
vn 0.8660 -0.0000 0.5000
vn -0.0000 -1.0000 -0.0000
vn 0.9529 -0.0007 0.3033
vn -0.1430 0.0217 -0.9895
vn 0.8918 -0.0006 0.4524
vn 0.5668 -0.0003 -0.8238
vn -0.1984 -0.0007 -0.9801
vn 0.6875 -0.0006 -0.7262
vn 0.9964 -0.0003 -0.0845
vn 0.7883 -0.0004 -0.6153
vn -0.8756 -0.0000 -0.4830
vn 0.8652 -0.0007 -0.5015
vn 0.8919 0.0006 -0.4523
vn 0.9290 0.0003 -0.3701
vn -0.6925 0.0004 -0.7214
vn 0.9998 -0.0007 -0.0185
vn 0.6919 -0.0003 -0.7220
vn 0.9871 -0.0003 0.1602
vn 0.9976 -0.0007 0.0693
vn 0.1382 -0.9270 0.3487
vn 0.2060 -0.9763 -0.0662
vn 0.9846 -0.0007 -0.1751
vn 0.7602 -0.0002 -0.6497
vn 0.0707 0.9824 0.1731
vn -0.4473 0.0003 -0.8944
vn 0.9341 0.0006 0.3569
vn -0.4535 -0.0004 0.8912
vn -0.1063 -0.0165 0.9942
vn -0.9713 0.0002 0.2379
vn 0.9552 0.0001 -0.2961
vn 0.4719 -0.1653 -0.8660
vn -0.2091 -0.0008 0.9779
vn 0.6632 -0.6029 0.4434
vn 1.0000 0.0002 -0.0043
vn 0.5760 -0.0004 0.8174
vn -0.5386 -0.0007 0.8426
vn 0.9930 0.0003 0.1183
vn 0.6067 0.0693 -0.7919
vn 0.4051 -0.0004 0.9143
vn 0.4409 0.0004 0.8976
vn -0.9901 -0.0002 0.1407
vn 0.9529 0.0001 0.3033
vn 0.1677 -0.0001 0.9858
vn 0.9205 -0.0862 0.3812
vn 0.3692 0.0004 0.9294
vn 0.5866 0.0004 0.8098
vn -0.8209 0.0005 0.5710
vn 0.8460 0.0002 0.5332
vn 0.3931 0.9162 0.0781
vn 0.0379 -0.0165 0.9991
vn 0.8777 -0.0724 -0.4737
vn -0.8888 0.0004 0.4584
vn -0.8646 -0.0007 0.5025
vn 0.7862 0.0001 0.6180
vn 0.7222 -0.0000 0.6916
vn -0.9319 -0.0006 0.3628
vn 0.6557 -0.0000 0.7550
vn -0.9991 -0.0165 0.0383
vn -0.8749 0.0109 0.4842
vn -0.7419 -0.6607 -0.1146
vn 0.9069 0.0671 -0.4161
vn -0.9942 -0.0164 -0.1063
vn -0.0254 -0.9983 -0.0518
vn -0.8646 -0.0003 -0.5025
vn -0.9141 -0.0004 -0.4054
vn -0.8123 -0.0052 -0.5832
vn -0.7823 -0.0004 -0.6229
vn -0.7309 -0.0004 -0.6825
vn 0.0454 -0.0009 -0.9990
vn 0.8502 -0.0007 0.5265
vn -0.5793 0.0004 -0.8151
vn -0.4279 0.0058 -0.9038
vn -0.4621 0.0003 0.8868
vn 0.1094 -0.9938 0.0183
vn -0.2626 0.0004 -0.9649
vn -0.3641 -0.0004 -0.9313
vn -0.1818 -0.0003 -0.9833
vn -0.0344 -0.0004 -0.9994
vn 0.6429 0.0003 -0.7659
vn -0.8716 0.0003 0.4903
vn -0.8154 -0.0003 -0.5790
vn -0.6246 -0.6164 0.4794
vn 0.3509 -0.0004 -0.9364
vn 0.4904 -0.0006 -0.8715
vn 0.4141 -0.0007 -0.9102
vn -0.8387 0.0002 -0.5446
vn 0.4473 0.0003 0.8944
vn -0.3317 0.0011 -0.9434
vn 0.1731 -0.0000 -0.9849
vn 0.3628 0.0003 0.9319
vn 0.2571 -0.0000 -0.9664
vn 0.0848 -0.9321 -0.3520
vn -0.6611 -0.0003 -0.7503
vn 0.0695 -0.0002 0.9976
vn -0.0269 -0.0003 0.9996
vn -0.3121 -0.0002 -0.9501
vn -0.9998 -0.0016 0.0213
vn -0.0456 0.0218 -0.9987
vn 0.9906 0.0011 -0.1367
vn -0.1671 0.0004 -0.9859
vn 0.8913 0.0003 -0.4534
vn -0.7814 0.0001 0.6240
vn -0.7274 -0.0001 0.6862
vn -0.1705 -0.9782 0.1188
vn -0.1556 -0.6029 -0.7825
vn -0.9781 -0.0001 0.2084
vn -0.7199 -0.0004 0.6941
vn -0.9502 0.0003 0.3115
vn -0.3641 -0.0004 0.9314
vn -0.9997 -0.0000 0.0225
vn 0.8919 0.0003 0.4522
vn 0.9939 0.0007 0.1104
vn -0.9971 0.0001 -0.0757
vn -0.9753 0.0010 -0.2211
vn -0.9360 0.0006 -0.3521
vn 0.3365 0.0050 0.9417
vn 0.9488 -0.0047 -0.3158
vn 0.0947 -0.9914 -0.0903
vn -0.1676 0.0036 0.9859
vn 0.1162 0.0440 0.9923
vn 0.1371 0.0541 0.9891
vn -0.6410 0.0029 -0.7676
vn 0.1592 0.0074 0.9872
vn 0.0972 0.0291 0.9948
vn 0.4417 0.8902 0.1112
vn 0.1748 0.9840 0.0337
vn 0.0634 -0.3475 -0.9356
vn -0.5217 -0.0002 0.8531
vn -0.9937 0.0019 -0.1122
vn -0.9842 0.0134 0.1765
vn -0.9731 0.0172 0.2297
vn -0.9320 -0.0000 0.3625
vn -0.1956 -0.9802 -0.0319
vn -0.3730 -0.0002 0.9278
vn -0.9300 -0.0001 0.3674
vn 0.1699 -0.9711 0.1679
vn 0.2646 -0.0000 0.9644
vn -0.7726 -0.0001 0.6349
vn -0.3191 0.9470 0.0370
vn -0.1504 -0.9815 0.1186
vn 0.4852 -0.0659 -0.8719
vn 0.6895 -0.0000 0.7243
vn -0.8910 -0.0013 0.4541
vn 1.0000 -0.0000 -0.0001
vn 0.8449 -0.0000 -0.5350
vn -0.3836 0.0005 0.9235
vn 0.2615 0.0694 0.9627
vn 0.2235 -0.8624 -0.4543
vn 0.2535 0.0561 0.9657
vn -0.1818 0.9798 0.0829
vn 0.0630 -0.9979 0.0159
vn -0.3314 0.0199 0.9433
vn 0.1009 -0.9919 0.0767
vn 0.1785 0.1005 0.9788
vn 0.0044 0.2249 0.9744
vn 0.0742 0.1732 0.9821
vn 0.0327 0.2091 0.9774
vn 0.0466 0.1795 0.9826
vn 0.0448 0.9961 0.0762
vn 0.1742 0.0885 0.9807
vn -0.1099 -0.6592 -0.7439
vn 0.0811 0.1465 0.9859
vn -0.8290 0.0088 0.5592
vn 0.5432 0.0004 0.8396
vn 0.1385 -0.0000 0.9904
vn 0.6228 -0.0004 0.7824
vn -0.7311 -0.0004 0.6822
vn -0.7410 0.0053 0.6715
vn -0.8211 -0.0000 -0.5708
vn -0.3376 -0.6711 0.6600
vn 0.8148 0.0013 -0.5797
vn 0.0551 0.0796 -0.9953
vn -0.7416 -0.6588 -0.1270
vn 0.1019 -0.0000 0.9948
vn -0.7969 -0.6039 -0.0150
vn 0.0263 -0.9629 0.2686
vn 0.6232 0.7662 0.1566
vn 0.6305 0.7648 -0.1325
vn 0.1254 0.0380 -0.9914
vn 0.0887 0.0573 -0.9944
vn 0.0661 0.0703 -0.9953
vn -0.7714 -0.6361 -0.0180
vn -0.9062 0.3570 0.2265
vn -0.6565 -0.7543 -0.0114
vn 0.2107 0.4219 0.8818
vn 0.0339 -0.0079 -0.9994
vn 0.0907 -0.0106 -0.9958
vn 0.0929 -0.0281 -0.9953
vn 0.0435 0.0800 -0.9958
vn 0.4267 -0.1207 -0.8963
vn 0.8277 -0.0998 0.5523
vn -0.4364 -0.8928 -0.1122
vn 0.5563 0.8201 0.1340
vn -0.9101 0.3701 0.1865
vn 0.4935 0.8550 0.1592
vn 0.8297 -0.0779 -0.5528
vn -0.1470 0.0072 0.9891
vn -0.5143 0.0027 0.8576
vn 0.2879 0.0629 0.9556
vn 0.7593 0.0006 -0.6507
vn -0.8033 0.0053 0.5956
vn 0.6518 -0.0000 -0.7584
vn 0.9551 0.0010 0.2962
vn -0.9418 0.0079 0.3361
vn 0.4433 -0.6029 0.6633
vn 0.5623 -0.8205 -0.1028
vn -0.5819 -0.7629 -0.2817
vn 0.7396 -0.0081 0.6729
vn 0.6532 -0.0000 0.7572
vn 0.1692 -0.9719 -0.1637
vn 0.9438 -0.3306 -0.0000
vn 0.8819 0.0151 0.4711
vn -0.1218 0.9893 0.0806
vn -0.7301 0.0044 -0.6834
vn -0.9943 0.0941 0.0498
vn 0.3043 -0.9502 -0.0673
vn -0.0795 -0.1432 -0.9865
vn 0.1453 -0.9857 -0.0854
vn 0.2649 -0.9479 -0.1771
vn -0.9868 -0.0051 0.1618
vn 0.8871 0.0119 0.4614
vn -0.9894 0.0150 0.1443
vn 0.0495 0.9986 0.0180
vn 0.3551 -0.0044 -0.9348
vn -0.4499 -0.8880 -0.0956
vn -0.9653 -0.2089 -0.1569
vn -0.3558 0.0086 0.9345
vn 0.6955 0.7042 0.1428
vn 0.0563 -0.8827 -0.4665
vn -0.5978 -0.6530 0.4651
vn -0.5969 -0.5344 0.5985
vn -0.6754 -0.5887 0.4442
vn -0.6822 -0.5390 0.4940
vn -0.7559 -0.3785 0.5342
vn -0.7496 -0.4602 0.4757
vn -0.7515 -0.1327 0.6463
vn -0.7656 -0.3498 0.5398
vn -0.9093 -0.4160 -0.0126
vn -0.8930 -0.4490 -0.0301
vn 0.6364 0.7631 0.1123
vn 0.6366 0.7475 0.1899
vn -0.4176 -0.5077 -0.7536
vn 0.9262 -0.3765 -0.0198
vn 0.8790 -0.3713 -0.2993
vn 0.0929 0.9736 0.2084
vn -0.4116 0.9090 0.0659
vn -0.9962 0.0714 0.0499
vn -0.5861 -0.5534 0.5918
vn -0.6928 -0.5389 0.4791
vn -0.7238 -0.6900 -0.0035
vn -0.7294 -0.6838 -0.0207
vn -0.7101 -0.7028 -0.0425
vn 0.9362 -0.0835 0.3415
vn -0.6276 -0.6370 0.4476
vn -0.6562 -0.6498 0.3835
vn -0.6431 -0.6268 0.4399
vn -0.6740 -0.6270 0.3906
vn 0.5655 -0.0082 -0.8247
vn 0.6987 0.7154 -0.0009
vn 0.4770 -0.0016 -0.8789
vn -0.4567 -0.8823 -0.1134
vn 0.3782 -0.9225 -0.0770
vn 0.9996 -0.0053 0.0279
vn -0.0000 -0.0002 -1.0000
vn -0.9958 -0.0050 0.0916
vn -0.4719 0.1653 0.8660
vn 0.3831 -0.3885 -0.8381
vn 0.3397 -0.3882 -0.8567
vn 0.2277 -0.0024 -0.9737
vn 0.4149 -0.4011 -0.8167
vn 0.3676 -0.4013 -0.8389
vn 0.4445 -0.4137 -0.7946
vn 0.3930 -0.4146 -0.8208
vn 0.4721 -0.4263 -0.7716
vn 0.4170 -0.4280 -0.8018
vn 0.2980 -0.9499 -0.0941
vn 0.4322 0.2906 0.8537
vn 0.9025 0.3887 0.1855
vn 0.9977 -0.0043 -0.0670
vn 0.4981 -0.4391 -0.7477
vn 0.4413 -0.4417 -0.7812
vn 0.5550 -0.4632 -0.6909
vn 0.5249 -0.4661 -0.7123
vn 0.9980 0.0397 -0.0487
vn 0.6240 -0.4730 -0.6220
vn -0.4248 0.0195 0.9051
vn 0.2479 -0.8869 -0.3899
vn -0.9941 0.0839 0.0694
vn 0.5256 -0.4519 -0.7208
vn 0.4765 -0.4552 -0.7522
vn 0.7439 -0.4455 -0.4982
vn 0.7265 -0.4463 -0.5225
vn 0.7755 -0.4311 -0.4613
vn 0.1877 -0.9126 -0.3633
vn -0.2876 -0.7020 0.6515
vn 0.0484 -0.8454 -0.5320
vn 0.7562 -0.4322 -0.4912
vn 0.7997 -0.4174 -0.4316
vn 0.7847 -0.4184 -0.4574
vn 0.8219 -0.4044 -0.4012
vn 0.8114 -0.4052 -0.4212
vn -0.2715 0.0044 -0.9624
vn 0.1884 -0.8750 -0.4459
vn 0.1616 -0.0052 0.9868
vn 0.9171 -0.3495 -0.1916
vn 0.4101 -0.0190 -0.9118
vn 0.4005 -0.0230 0.9160
vn 0.5713 0.0216 0.8205
vn 0.4080 0.0460 0.9118
vn 0.5593 0.0115 0.8289
vn 0.4662 0.0255 0.8843
vn 0.5050 0.0061 0.8631
vn 0.3987 0.0216 0.9168
vn 0.4942 -0.0446 0.8682
vn 0.3432 -0.0202 0.9391
vn 0.5757 -0.3548 0.7367
vn 0.2626 -0.2739 0.9252
vn 0.3446 0.0409 0.9379
vn 0.1926 0.0639 0.9792
vn 0.1350 0.0261 0.9905
vn 0.4636 0.0194 0.8858
vn 0.3126 0.0419 0.9490
vn 0.4304 -0.2979 0.8521
vn 0.1753 -0.2193 0.9598
vn 0.2085 -0.2251 0.9518
vn 0.0819 -0.1759 0.9810
vn 0.0389 -0.1677 0.9851
vn 0.0174 -0.1568 0.9875
vn 0.0909 0.0281 0.9955
vn 0.0553 0.0376 0.9978
vn 0.1548 0.0645 0.9858
vn 0.0896 0.0767 0.9930
vn 0.4556 0.0716 0.8873
vn 0.1402 0.1018 0.9849
vn 0.5383 0.0409 0.8418
vn 0.2853 0.0744 0.9555
vn 0.3948 -0.4496 0.8013
vn 0.2942 -0.4165 0.8602
vn 0.4333 -0.0070 0.9012
vn 0.3885 -0.0008 0.9214
vn 0.4424 -0.0679 0.8942
vn 0.3648 -0.0551 0.9295
vn 0.3955 -0.0067 0.9185
vn 0.4234 -0.0742 0.9029
vn 0.3772 -0.0662 0.9238
vn 0.4796 -0.0585 0.8755
vn 0.3627 -0.0397 0.9311
vn 0.4753 -0.0018 0.8798
vn 0.4022 0.0084 0.9155
vn 0.5117 0.0052 0.8591
vn 0.4489 0.0140 0.8935
vn 0.4557 0.0009 0.8902
vn 0.4170 0.0061 0.9089
vn 0.3748 0.2980 0.8779
vn 0.4279 0.0052 0.9038
vn 0.5986 0.7785 0.1885
vn 0.4052 -0.0759 0.9111
vn -0.6508 0.0001 0.7592
vn 0.4124 -0.4339 0.8011
vn 0.2775 -0.3912 0.8775
vn 0.4648 -0.4164 0.7813
vn 0.2726 -0.3600 0.8922
vn 0.5394 -0.3914 0.7456
vn 0.2769 -0.3214 0.9055
vn -0.9599 0.0122 0.2800
vn 0.4864 -0.5198 0.7022
vn 0.4170 -0.4988 0.7598
vn 0.5123 -0.0882 0.8543
vn 0.4910 -0.0839 0.8671
vn 0.5535 -0.0928 0.8277
vn 0.5334 -0.0886 0.8412
vn 0.4687 -0.0834 0.8794
vn 0.0972 0.0035 -0.9953
vn 0.5934 -0.0971 0.7990
vn 0.5748 -0.0931 0.8130
vn 0.4592 -0.5034 0.7319
vn 0.3849 -0.4799 0.7884
vn 0.4341 -0.4861 0.7585
vn 0.3539 -0.4600 0.8144
vn 0.4106 -0.4679 0.7826
vn 0.3230 -0.4390 0.8385
vn -0.0000 0.9976 0.0694
vn -0.4719 0.1653 -0.8660
vn -0.9281 -0.0003 -0.3723
vn 0.6695 -0.1046 0.7354
vn 0.6555 -0.1013 0.7484
vn 0.6325 -0.1012 0.7679
vn 0.6153 -0.0974 0.7823
vn -0.6719 -0.7057 -0.2247
vn -0.0089 0.0438 0.9990
vn 0.5753 -0.5547 0.6011
vn 0.4930 -0.5338 0.6870
vn 0.5154 -0.5351 0.6694
vn 0.4510 -0.5168 0.7277
vn 0.1391 -0.9809 -0.1359
vn -0.0061 0.0594 0.9982
vn 0.0029 -0.9236 0.3833
vn -0.4538 -0.8558 -0.2483
vn 0.5638 0.8110 0.1563
vn -0.3352 0.0023 0.9421
vn 0.2728 -0.9488 -0.1592
vn -0.5969 -0.8023 -0.0029
vn 0.7440 -0.5049 0.4377
vn 0.7730 -0.5096 0.3778
vn 0.6186 0.7783 0.1074
vn -0.7331 -0.6681 -0.1271
vn 0.1769 -0.0035 -0.9842
vn 0.9500 -0.0811 0.3015
vn 0.1779 -0.0209 -0.9838
vn -0.6933 -0.7044 -0.1522
vn 0.0135 0.9989 0.0454
vn -0.0125 0.9989 0.0455
vn 0.5327 0.8348 0.1389
vn 0.7114 -0.5218 0.4707
vn 0.7426 -0.5265 0.4138
vn 0.6771 -0.5374 0.5028
vn 0.7045 -0.5416 0.4587
vn 0.6418 -0.5494 0.5350
vn 0.6566 -0.5519 0.5141
vn -0.0799 0.9747 0.2087
vn -0.0942 0.9736 0.2080
vn -0.1071 0.9754 0.1927
vn -0.1226 0.9796 0.1594
vn -0.1107 -0.9725 -0.2048
vn 0.8428 -0.4460 0.3014
vn 0.8537 -0.4497 0.2626
vn 0.8783 -0.0071 0.4780
vn 0.8198 0.0151 -0.5725
vn 0.3344 0.0086 -0.9424
vn 0.8226 -0.4592 0.3353
vn 0.8369 -0.4629 0.2921
vn 0.7997 -0.4733 0.3695
vn 0.8181 -0.4773 0.3207
vn 0.7735 -0.4886 0.4038
vn 0.7971 -0.4929 0.3490
vn -0.7819 -0.6226 -0.0307
vn 0.9056 -0.4009 0.1387
vn 0.9075 -0.4037 0.1161
vn 0.5272 -0.0052 0.8497
vn -0.0046 -0.1783 0.9840
vn 0.2217 -0.3369 -0.9151
vn 0.2002 -0.3357 -0.9205
vn 0.1958 -0.9672 0.1617
vn 0.8925 -0.4111 0.1855
vn 0.8962 -0.4143 0.1589
vn 0.8773 -0.4221 0.2284
vn 0.8831 -0.4256 0.1976
vn 0.8607 -0.4337 0.2667
vn 0.8688 -0.4374 0.2320
vn 0.2683 -0.3502 -0.8974
vn 0.2400 -0.3490 -0.9059
vn 0.3100 -0.3632 -0.8786
vn 0.2767 -0.3621 -0.8901
vn 0.3484 -0.3759 -0.8586
vn 0.3098 -0.3752 -0.8736
vn 0.0074 0.9917 0.1282
vn 0.3381 -0.9367 -0.0911
vn 0.1463 -0.0303 -0.9888
vn 0.3032 -0.0042 -0.9529
vn 0.0306 0.0093 -0.9995
vn 0.2199 -0.0520 -0.9741
vn 0.2098 -0.0068 -0.9777
vn 0.1031 0.9883 0.1128
vn -0.1306 -0.6477 -0.7506
vn -0.6053 0.7953 -0.0321
vn -0.6231 0.0058 -0.7821
vn 0.6761 0.7235 0.1391
vn 0.8980 -0.0698 -0.4344
vn 0.4719 -0.1653 0.8660
vn 0.7754 0.0155 -0.6313
vn -0.8494 0.0375 0.5264
vn -0.0363 -0.6791 0.7332
vn -0.4674 -0.6292 0.6210
vn 0.0749 -0.8413 -0.5353
vn 0.1009 -0.4036 -0.9094
vn 0.5201 0.0083 -0.8541
vn -0.4897 -0.0003 -0.8719
vn -0.8385 -0.5289 -0.1310
vn -0.0828 -0.3328 0.9393
vn -0.0403 0.0385 0.9984
vn -0.0217 0.0263 0.9994
vn 0.0208 -0.4836 0.8750
vn -0.9068 0.4212 -0.0168
vn 0.5095 0.7542 0.4141
vn -0.1519 -0.1656 -0.9744
vn -0.0576 -0.1419 0.9882
vn -0.0232 -0.1663 0.9858
vn 0.4132 0.0009 0.9106
vn -0.0547 0.0278 0.9981
vn -0.0353 0.0096 0.9993
vn 0.0048 0.9928 0.1197
vn -0.0990 -0.1503 0.9837
vn -0.0448 -0.2029 0.9782
vn -0.1161 -0.1865 0.9756
vn -0.0552 -0.2634 0.9631
vn -0.1140 -0.2487 0.9618
vn -0.0520 -0.3408 0.9387
vn -0.0560 0.0106 0.9984
vn 0.3837 0.0096 -0.9234
vn 0.0352 -0.9994 -0.0009
vn -0.1705 -0.6473 -0.7429
vn 0.1838 -0.0083 0.9829
vn -0.9385 -0.0061 0.3452
vn 0.6312 0.7539 0.1823
vn 0.4718 -0.1653 -0.8661
vn -0.0408 0.9927 0.1138
vn 0.0266 -0.8579 -0.5132
vn -0.6415 -0.7586 -0.1143
vn -0.2498 -0.9483 -0.1959
vn 0.9701 0.0023 0.2428
vn 0.9633 0.0246 -0.2672
vn 0.0064 -0.3047 -0.9524
vn 0.0392 -0.4665 -0.8837
vn 0.0739 -0.9964 -0.0417
vn -0.8512 -0.5240 -0.0282
vn 0.0122 -0.0475 -0.9988
vn -0.0561 -0.1395 -0.9886
vn 0.0944 -0.8591 -0.5030
vn 0.3741 0.9207 0.1110
vn -0.6543 -0.7367 -0.1709
vn 0.0651 -0.9976 0.0245
vn 0.0430 -0.9990 0.0147
vn 0.0500 0.2082 0.9768
vn 0.0817 -0.9947 -0.0616
vn 0.0649 -0.9955 -0.0694
vn 0.0352 0.0743 -0.9966
vn -0.2090 -0.2182 0.9533
vn 0.0402 -0.9389 0.3419
vn 0.0008 -0.9486 0.3165
vn 0.0150 -0.9037 0.4279
vn -0.0542 -0.9198 0.3886
vn 0.0514 -0.9965 0.0652
vn 0.0171 -0.9985 0.0518
vn 0.0754 -0.9965 -0.0348
vn 0.0515 -0.9977 -0.0447
vn 0.0912 -0.8166 -0.5699
vn 0.0607 -0.8064 -0.5883
vn 0.0828 -0.8010 -0.5929
vn 0.0652 -0.7945 -0.6037
vn 0.0122 -0.9729 0.2309
vn -0.0467 -0.9729 0.2263
vn 0.0230 -0.9838 0.1777
vn -0.0331 -0.9857 0.1653
vn 0.0539 -0.9951 0.0825
vn 0.0122 -0.9968 0.0785
vn 0.0641 -0.9971 0.0414
vn 0.0233 -0.9992 0.0314
vn 0.0717 -0.4239 -0.9029
vn -0.1106 -0.9938 -0.0144
vn 0.9066 -0.3553 -0.2275
vn 0.0610 -0.9557 0.2878
vn 0.0434 -0.9604 0.2752
vn -0.0337 -0.7146 0.6987
vn -0.1364 -0.7238 0.6763
vn -0.1072 -0.6790 0.7263
vn 0.0026 -0.9623 0.2720
vn -0.0521 -0.9593 0.2774
vn 0.0276 -0.9925 0.1194
vn 0.0019 -0.9926 0.1218
vn 0.0407 -0.9346 -0.3533
vn 0.0186 -0.9335 -0.3581
vn 0.1203 -0.9041 -0.4100
vn 0.0469 -0.8959 -0.4418
vn 0.1257 -0.8712 -0.4746
vn 0.0548 -0.8562 -0.5137
vn 0.1075 -0.8405 -0.5310
vn 0.0569 -0.8259 -0.5610
vn 0.1171 -0.9852 -0.1248
vn 0.1256 -0.9892 -0.0754
vn 0.0692 -0.9976 0.0007
vn 0.0363 -0.9993 -0.0108
vn 0.0360 -0.9922 0.1195
vn -0.0115 -0.9945 0.1041
vn -0.0106 -0.8443 0.5358
vn -0.1100 -0.8655 0.4886
vn -0.0267 -0.7745 0.6320
vn -0.1375 -0.7934 0.5930
vn -0.1693 0.9839 0.0580
vn 0.2190 -0.9669 -0.1309
vn 0.1234 -0.9045 -0.4081
vn -0.0359 0.9915 0.1248
vn 0.0789 -0.9385 -0.3363
vn 0.0210 -0.8151 -0.5789
vn -0.4639 -0.8784 -0.1154
vn 0.3321 0.9405 0.0725
vn 0.6335 0.7452 0.2080
vn 0.0845 -0.4130 -0.9068
vn 0.2294 -0.9539 -0.1935
vn 0.7052 -0.0081 0.7090
vn 0.2593 -0.9212 0.2901
vn -0.3894 -0.8940 -0.2215
vn 0.4582 0.8790 0.1320
vn -0.0279 -0.9518 0.3056
vn -0.7246 -0.6767 -0.1305
vn 0.2907 -0.9459 -0.1443
vn 0.2749 -0.9515 -0.1384
vn 0.2927 -0.9483 -0.1224
vn 0.2754 -0.9581 -0.0783
vn 0.2597 -0.9630 -0.0719
vn 0.2771 -0.9592 -0.0562
vn 0.5689 0.0096 -0.8224
vn -0.9827 0.0102 -0.1848
vn 0.8158 0.0438 0.5766
vn -0.2658 -0.0053 -0.9640
vn 0.8858 -0.0052 -0.4640
vn 0.2445 -0.9689 0.0380
vn 0.2287 -0.9733 0.0199
vn 0.2540 -0.9671 0.0158
vn 0.2377 -0.9713 -0.0019
vn 0.2605 -0.9650 -0.0293
vn 0.2444 -0.9685 -0.0480
vn 0.2702 -0.9614 -0.0513
vn 0.2534 -0.9648 -0.0696
vn 0.2558 -0.9655 -0.0488
vn 0.2730 -0.9615 -0.0323
vn 0.2713 -0.9555 -0.1157
vn 0.2889 -0.9523 -0.0988
vn 0.2727 -0.8620 -0.4272
vn 0.0847 -0.9939 -0.0703
vn 0.2207 -0.9391 0.2633
vn 0.2107 -0.9453 0.2489
vn 0.2114 -0.9361 0.2813
vn 0.2013 -0.9426 0.2663
vn 0.2353 -0.9701 0.0588
vn 0.2201 -0.9746 0.0404
vn 0.2510 -0.9679 -0.0089
vn 0.2356 -0.9715 -0.0277
vn 0.1616 -0.9800 0.1164
vn -0.4743 -0.8434 -0.2523
vn -0.3618 -0.9007 -0.2404
vn 0.2306 -0.9418 0.2447
vn -0.5570 0.0074 0.8305
vn 0.2169 -0.9761 0.0086
vn 0.2300 -0.9728 0.0261
vn 0.2055 -0.9784 0.0233
vn 0.2163 -0.9756 0.0385
vn 0.2028 -0.9762 0.0774
vn 0.2160 -0.9718 0.0951
vn 0.1932 -0.9768 0.0930
vn 0.2043 -0.9729 0.1085
vn 0.2800 -0.9571 -0.0745
vn 0.2628 -0.9604 -0.0923
vn 0.2639 -0.9645 -0.0077
vn 0.2471 -0.9687 -0.0249
vn -0.9939 -0.0006 -0.1100
vn 0.7033 0.6908 0.1679
vn 0.2269 -0.9739 -0.0088
vn 0.2414 -0.9704 0.0099
vn 0.2117 -0.9755 0.0596
vn 0.2262 -0.9709 0.0781
vn 0.1928 -0.9395 0.2830
vn 0.2024 -0.9329 0.2979
vn 0.1842 -0.9364 0.2986
vn 0.0831 -0.0076 -0.9965
vn 0.1932 -0.9300 0.3128
vn -0.8968 0.0472 0.4400
vn 0.9885 0.0424 -0.1448
vn -0.0225 0.1299 0.9913
vn 0.6055 0.7801 0.1576
vn 0.1125 -0.9083 -0.4030
vn 0.1217 0.9820 0.1443
vn 0.0757 -0.9963 0.0407
vn 0.1102 -0.9939 0.0096
vn -0.1197 -0.9913 -0.0540
vn -0.5341 -0.8343 -0.1368
vn 0.0251 -0.9543 0.2979
vn 0.0545 -0.9316 0.3594
vn -0.3911 -0.9163 -0.0859
vn -0.9919 0.1166 0.0497
vn 0.6752 0.7119 0.1934
vn -0.4086 -0.8810 -0.2387
vn -0.2174 0.9760 0.0112
vn -0.5932 -0.7901 -0.1547
vn 0.9206 0.0222 -0.3898
vn 0.0073 -0.9437 0.3306
vn -0.0232 0.0016 0.9997
vn -0.6909 -0.7147 -0.1085
vn 0.1168 0.9919 0.0504
vn -0.9375 0.0867 -0.3371
vn 0.8830 -0.0922 0.4603
vn 0.6569 0.7300 0.1887
vn -0.7633 0.0103 0.6460
vn -0.0016 -0.0331 -0.9995
vn 0.9973 -0.0000 -0.0736
vn -0.0442 -0.4007 -0.9151
vn -0.0380 -0.1422 0.9891
vn 0.0104 0.0232 0.9997
vn -0.1320 -0.0010 0.9913
vn -0.2852 -0.9580 -0.0290
vn 0.2811 -0.9548 -0.0962
vn 0.1013 -0.9918 -0.0781
vn 0.0459 -0.3360 -0.9407
vn -0.6576 -0.7422 -0.1296
vn 0.1488 -0.9832 -0.1056
vn 0.1477 -0.9860 -0.0775
vn 0.1363 -0.9844 -0.1115
vn 0.1371 -0.9873 -0.0803
vn 0.2123 -0.9652 -0.1524
vn 0.2141 -0.9708 -0.1086
vn 0.1936 -0.9673 -0.1641
vn 0.1989 -0.9732 -0.1152
vn -0.1197 -0.1578 0.9802
vn -0.1127 0.9935 -0.0135
vn 0.2840 -0.9555 -0.0803
vn -0.0006 0.0042 -1.0000
vn 0.1598 -0.9821 -0.0994
vn 0.1571 -0.9847 -0.0748
vn 0.2288 -0.9633 -0.1402
vn 0.2276 -0.9684 -0.1017
vn 0.5201 -0.8301 -0.2010
vn 0.5218 -0.8390 -0.1540
vn 0.4989 -0.8363 -0.2275
vn 0.5044 -0.8461 -0.1722
vn 0.4739 -0.8435 -0.2529
vn 0.4842 -0.8541 -0.1899
vn 0.4452 -0.8514 -0.2772
vn 0.4613 -0.8627 -0.2071
vn 0.0918 -0.9878 -0.1260
vn 0.1004 -0.9911 -0.0869
vn 0.0767 -0.9888 -0.1279
vn 0.0878 -0.9923 -0.0878
vn 0.1274 -0.9731 -0.1918
vn 0.1463 -0.9805 -0.1313
vn 0.1056 -0.9750 -0.1953
vn 0.1288 -0.9826 -0.1336
vn 0.1726 -0.9693 -0.1752
vn 0.1822 -0.9757 -0.1214
vn 0.1224 -0.9855 -0.1172
vn 0.1255 -0.9886 -0.0828
vn 0.0611 -0.9951 -0.0783
vn -0.2436 -0.9629 0.1163
vn 0.0061 -0.0976 -0.9952
vn 0.0277 -0.9961 -0.0838
vn 0.0281 -0.9975 -0.0645
vn 0.0351 -0.9960 -0.0823
vn 0.0346 -0.9973 -0.0640
vn 0.1073 -0.9867 -0.1224
vn 0.1131 -0.9899 -0.0852
vn 0.1501 -0.9712 -0.1849
vn 0.1643 -0.9782 -0.1272
vn 0.4138 -0.8597 -0.2994
vn 0.4362 -0.8718 -0.2230
vn 0.3813 -0.8683 -0.3173
vn 0.4101 -0.8809 -0.2363
vn 0.3491 -0.8769 -0.3304
vn 0.3843 -0.8898 -0.2461
vn 0.3181 -0.8854 -0.3391
vn 0.3592 -0.8984 -0.2528
vn 0.0637 -0.9885 -0.1371
vn 0.0239 -0.9794 -0.2006
vn 0.0819 -0.9876 -0.1336
vn 0.0471 -0.9795 -0.1956
vn 0.0555 -0.9966 -0.0604
vn 0.0203 -0.9918 -0.1264
vn 0.0568 -0.9951 -0.0807
vn 0.0361 -0.9914 -0.1256
vn 0.0856 -0.9769 -0.1957
vn 0.1126 -0.9845 -0.1342
vn 0.0623 -0.9898 -0.1280
vn 0.0759 -0.9932 -0.0880
vn 0.0200 -0.9963 -0.0839
vn 0.2680 -0.9179 -0.2928
vn 0.2207 -0.9049 -0.3640
vn 0.2206 -0.9179 -0.3298
vn 0.1836 -0.9065 -0.3803
vn 0.0333 -0.9870 -0.1571
vn -0.0042 -0.9775 -0.2111
vn 0.0561 -0.9980 -0.0294
vn -0.0111 -0.9903 -0.1383
vn 0.1544 -0.8891 0.4308
vn 0.0023 -0.9999 -0.0117
vn 0.0281 -0.9991 0.0318
vn -0.6209 -0.7385 -0.2629
vn 0.1800 -0.9812 -0.0693
vn 0.1785 -0.9801 -0.0872
vn 0.1726 -0.9825 -0.0701
vn 0.2675 -0.9583 -0.1005
vn 0.2581 -0.9625 -0.0837
vn 0.2557 -0.9605 -0.1099
vn 0.2492 -0.9645 -0.0875
vn 0.0651 -0.9941 -0.0867
vn 0.0490 -0.9907 -0.1269
vn 0.0974 -0.9862 -0.1336
vn 0.0671 -0.9786 -0.1944
vn 0.3344 -0.9063 -0.2584
vn 0.2883 -0.8934 -0.3444
vn 0.3047 -0.9132 -0.2706
vn 0.2560 -0.9002 -0.3522
vn -0.1776 -0.1714 0.9691
vn 0.5533 -0.8233 -0.1266
vn 0.5492 -0.8287 -0.1079
vn 0.5386 -0.8257 -0.1677
vn 0.5369 -0.8332 -0.1326
vn 0.0096 -0.9850 -0.1722
vn 0.2431 -0.9618 -0.1257
vn 0.2393 -0.9664 -0.0943
vn 0.1694 -0.9812 -0.0928
vn 0.1654 -0.9836 -0.0720
vn 0.0600 -0.9957 -0.0698
vn 0.0339 0.0200 -0.9992
vn -0.0557 -0.9471 0.3161
vn 0.1184 -0.8754 -0.4687
vn 0.1139 -0.8736 -0.4731
vn 0.0880 -0.8588 -0.5048
vn 0.1078 -0.8651 -0.4900
vn 0.4238 -0.0061 -0.9057
vn 0.8617 -0.3813 -0.3349
vn 0.5054 0.8571 0.1001
vn -0.0603 -0.9693 -0.2385
vn -0.8897 -0.4339 -0.1419
vn -0.1707 -0.9786 0.1151
vn -0.1166 -0.9747 0.1905
vn -0.1440 -0.9889 0.0366
vn -0.0099 -0.9595 0.2816
vn -0.0589 -0.9861 -0.1557
vn -0.0253 -0.9938 -0.1083
vn -0.0338 -0.9733 -0.2269
vn -0.0108 -0.9805 -0.1964
vn 0.1474 -0.9042 -0.4007
vn 0.1634 -0.9101 -0.3808
vn 0.0007 -0.2945 -0.9557
vn 0.1012 -0.8922 -0.4402
vn 0.0816 -0.8803 -0.4674
vn -0.0503 -0.9910 -0.1240
vn -0.0518 -0.9592 0.2779
vn -0.1310 -0.9756 0.1762
vn 0.6053 0.7825 0.1461
vn -0.0017 0.0591 0.9983
vn -0.4491 -0.8873 -0.1045
vn -0.8848 0.0056 -0.4659
vn -0.2835 0.0103 0.9589
vn -0.0101 -0.9976 -0.0686
vn -0.0799 -0.9613 0.2636
vn -0.0412 -0.9498 0.3101
vn -0.0872 -0.9657 0.2447
vn -0.0435 -0.9537 0.2975
vn -0.0621 -0.9887 -0.1364
vn -0.0443 -0.9929 -0.1102
vn 0.1060 -0.8885 -0.4465
vn 0.0781 -0.8751 -0.4777
vn 0.1101 -0.8860 -0.4505
vn 0.0819 -0.8724 -0.4818
vn 0.1135 -0.8832 -0.4550
vn 0.0851 -0.8696 -0.4864
vn 0.1161 -0.8802 -0.4602
vn 0.0875 -0.8664 -0.4916
vn -0.4585 0.0080 0.8886
vn 0.3638 -0.9287 -0.0718
vn -0.6184 -0.0011 0.7859
vn -0.0365 -0.9442 0.3274
vn -0.0718 -0.9567 0.2820
vn -0.0390 -0.9449 0.3249
vn -0.4217 -0.6438 0.6385
vn 0.6133 0.7791 0.1299
vn 0.6474 0.7524 -0.1214
vn 0.0610 -0.9743 0.2167
vn 0.0774 -0.9757 0.2052
vn 0.0284 -0.9684 0.2476
vn 0.0481 -0.9710 0.2341
vn -0.0024 -0.9806 0.1959
vn 0.0322 -0.9845 0.1722
vn -0.0134 -0.9773 0.2113
vn 0.0071 -0.9803 0.1975
vn 0.1235 -0.9729 0.1956
vn 0.1969 -0.9176 0.3452
vn 0.2218 -0.9181 0.3286
vn 0.1658 -0.3219 -0.9322
vn 0.0383 -0.3345 -0.9416
vn 0.0427 -0.9924 -0.1158
vn -0.0929 -0.9946 -0.0455
vn -0.0503 -0.9958 -0.0761
vn -0.0737 -0.9952 -0.0650
vn -0.0202 -0.9945 -0.1027
vn -0.0574 -0.9947 -0.0853
vn 0.2746 -0.9614 0.0140
vn 0.3110 -0.9502 -0.0219
vn 0.2889 -0.9573 0.0116
vn 0.3221 -0.9464 -0.0231
vn 0.2927 -0.9531 0.0771
vn 0.3474 -0.9374 0.0235
vn 0.3131 -0.9470 0.0722
vn 0.3628 -0.9316 0.0204
vn 0.0092 -0.9636 0.2672
vn 0.0257 -0.9663 0.2561
vn 0.1176 -0.8986 0.4227
vn 0.1745 -0.9049 0.3882
vn 0.1498 -0.9090 0.3889
vn 0.1963 -0.9123 0.3593
vn 0.1693 -0.9851 -0.0309
vn 0.1628 -0.9862 -0.0303
vn 0.1776 -0.9830 -0.0471
vn 0.2603 -0.9654 0.0160
vn 0.2997 -0.9538 -0.0210
vn 0.2723 -0.9588 0.0808
vn 0.3317 -0.9430 0.0261
vn 0.4161 -0.8865 0.2023
vn 0.4846 -0.8643 0.1349
vn 0.4448 -0.8751 0.1907
vn 0.5057 -0.8534 0.1264
vn 0.4721 -0.8634 0.1780
vn 0.5259 -0.8425 0.1168
vn 0.4981 -0.8515 0.1639
vn 0.5451 -0.8317 0.1059
vn 0.1973 -0.9798 0.0339
vn 0.2655 -0.9639 -0.0214
vn 0.2262 -0.9738 0.0232
vn 0.2765 -0.9608 -0.0197
vn 0.1945 -0.9750 0.1075
vn 0.2649 -0.9629 0.0517
vn 0.2258 -0.9697 0.0930
vn 0.2942 -0.9551 0.0362
vn 0.3333 -0.9405 0.0662
vn 0.3778 -0.9258 0.0166
vn 0.3031 -0.9529 0.0084
vn 0.3327 -0.9427 -0.0245
vn 0.1875 -0.9818 -0.0311
vn 0.1073 -0.9928 -0.0531
vn 0.1317 -0.9904 -0.0424
vn 0.1946 -0.9754 -0.1041
vn 0.0141 -0.9963 -0.0852
vn 0.3129 -0.8978 -0.3099
vn 0.1455 -0.9874 0.0630
vn 0.2328 -0.9725 -0.0035
vn 0.1570 -0.9787 0.1323
vn 0.2107 -0.9733 0.0915
vn 0.2853 -0.9204 0.2675
vn -0.9784 0.0085 0.2066
vn 0.3886 -0.9019 0.1886
vn 0.3538 -0.9074 0.2268
vn 0.4302 -0.8883 0.1609
vn 0.3862 -0.8974 0.2132
vn 0.4612 -0.8755 0.1440
vn -0.9431 0.2961 0.1515
vn 0.9383 0.0154 0.3455
vn 0.4937 -0.0053 -0.8696
vn 0.2513 -0.9642 0.0848
vn 0.3151 -0.9486 0.0289
vn 0.2453 -0.9693 0.0181
vn 0.2882 -0.9574 -0.0202
vn 0.1562 -0.9873 -0.0302
vn 0.1726 -0.9838 -0.0480
vn 0.1492 -0.9883 -0.0321
vn 0.1704 -0.9839 -0.0542
vn -0.0623 -0.9913 -0.1162
vn -0.0109 -0.9901 -0.1397
vn -0.0635 -0.9896 -0.1293
vn -0.0080 -0.9880 -0.1543
vn -0.0450 -0.9711 0.2344
vn 0.1171 -0.8706 0.4778
vn 0.0521 -0.8575 0.5119
vn 0.1274 -0.8796 0.4583
vn 0.0664 -0.8684 0.4914
vn 0.1402 -0.8883 0.4373
vn 0.0815 -0.8787 0.4703
vn 0.1560 -0.8968 0.4140
vn 0.0976 -0.8887 0.4481
vn 0.3317 -0.9434 -0.0035
vn 0.3531 -0.9354 -0.0168
vn 0.7349 -0.1074 0.6696
vn 0.3755 -0.9258 0.0439
vn 0.4065 -0.9137 0.0032
vn 0.3978 -0.9172 0.0226
vn 0.0503 0.9883 0.1443
vn -0.0575 -0.9938 -0.0955
vn -0.0142 -0.9932 -0.1156
vn -0.0603 -0.9926 -0.1050
vn -0.0128 -0.9918 -0.1269
vn -0.5487 -0.5066 -0.6651
vn 0.7412 0.0049 0.6713
vn 0.3170 -0.9484 0.0042
vn 0.3428 -0.9390 -0.0265
vn 0.3536 -0.9336 0.0581
vn 0.3922 -0.9198 0.0116
vn 0.5232 -0.8394 0.1473
vn 0.5634 -0.8209 0.0932
vn 0.5497 -0.8263 0.1227
vn 0.6142 -0.7889 0.0198
vn -0.0374 -0.9753 0.2177
vn -0.0573 -0.9700 0.2364
vn -0.0348 -0.9738 0.2248
vn -0.0414 -0.9472 0.3180
vn 0.0869 0.9960 0.0227
vn -0.0620 -0.9818 -0.1797
vn 0.0070 -0.9778 -0.2092
vn -0.0601 -0.9779 -0.2005
vn 0.0149 -0.9727 -0.2317
vn -0.0672 -0.9698 0.2344
vn -0.0389 -0.9750 0.2188
vn -0.0372 -0.9473 0.3182
vn -0.0523 -0.9434 0.3274
vn 0.2284 -0.8420 0.4886
vn 0.0247 -0.8062 0.5912
vn 0.1667 -0.8507 0.4985
vn 0.0254 -0.8223 0.5685
vn 0.1281 -0.8559 0.5010
vn 0.0302 -0.8349 0.5495
vn 0.1127 -0.8620 0.4943
vn 0.0398 -0.8463 0.5312
vn -0.0278 -0.9845 0.1729
vn 0.0097 -0.9877 0.1559
vn -0.0495 -0.9778 0.2037
vn -0.0111 -0.9832 0.1823
vn -0.0321 -0.9474 0.3184
vn -0.0495 0.0031 -0.9988
vn -0.0327 -0.9742 0.2233
vn -0.0637 -0.9875 -0.1442
vn -0.0044 -0.9853 -0.1706
vn -0.0633 -0.9849 -0.1609
vn 0.0005 -0.9820 -0.1888
vn 0.0767 -0.9373 -0.3401
vn 0.4197 -0.9076 -0.0057
vn -0.0104 -0.9888 0.1490
vn 0.0095 -0.9897 0.1432
vn -0.0478 -0.9497 0.3095
vn -0.0083 -0.9546 0.2979
vn 0.0727 -0.7219 0.6881
vn -0.0094 -0.7062 0.7080
vn 0.2037 -0.7813 0.5900
vn 0.0097 -0.7451 0.6669
vn 0.2774 -0.8226 0.4963
vn 0.0243 -0.7826 0.6221
vn -0.6084 -0.5868 0.5342
vn 0.2417 -0.8541 -0.4605
vn -0.8034 0.3314 0.4946
vn 0.0219 0.9988 0.0427
vn -0.0552 -0.9416 0.3323
vn -0.0662 -0.9716 0.2271
vn -0.0350 -0.9775 0.2080
vn -0.0513 -0.9721 -0.2289
vn 0.0315 -0.9648 -0.2612
vn -0.0212 -0.9596 -0.2805
vn 0.0729 -0.9485 -0.3084
vn -0.6389 -0.0050 0.7693
vn 0.0164 0.9985 0.0527
vn -0.0779 -0.3389 0.9376
vn 0.0298 0.9975 0.0642
vn 0.0206 0.9971 0.0727
vn 0.0116 0.9957 0.0921
vn -0.0000 0.9920 0.1259
vn 0.0014 0.9883 0.1525
vn -0.0172 0.1926 -0.9811
vn 0.0672 0.1623 0.9844
vn 0.0607 0.1316 0.9894
vn 0.1452 0.1800 0.9729
vn 0.0961 0.1189 0.9882
vn -0.0169 -0.9992 -0.0358
vn 0.8390 0.0174 -0.5438
vn -0.0034 -0.0393 0.9992
vn -0.6523 -0.6427 0.4019
vn -0.0680 0.9975 -0.0190
vn -0.9526 0.2786 0.1220
vn 0.0551 0.0222 -0.9982
vn -0.7757 -0.6198 -0.1194
vn -0.9282 0.3526 0.1189
vn -0.9415 0.3262 0.0841
vn -0.9356 0.3321 0.1198
vn -0.9022 0.3898 0.1847
vn -0.1778 -0.0024 -0.9841
vn -0.5666 0.0006 -0.8240
vn -0.9252 0.3288 0.1897
vn -0.9444 0.3057 0.1210
vn 0.8511 0.0442 0.5232
vn -0.9602 0.2507 0.1230
vn -0.9544 0.2724 0.1222
vn -0.9674 0.2382 0.0865
vn -0.9463 0.2999 0.1212
vn -0.9595 0.2683 0.0857
vn -0.9375 0.3266 0.1201
vn -0.9509 0.2977 0.0850
vn 0.0282 -0.0969 -0.9949
vn 0.0110 -0.1027 -0.9947
vn 0.0382 -0.1082 -0.9934
vn 0.0163 -0.1168 -0.9930
vn 0.0445 -0.1224 -0.9915
vn 0.0104 -0.1367 -0.9906
vn 0.0418 -0.1425 -0.9889
vn -0.0405 -0.1738 -0.9839
vn -0.7337 -0.6719 -0.1014
vn -0.8796 0.4364 0.1896
vn 0.0600 -0.9965 -0.0576
vn 0.1470 0.0025 -0.9891
vn -0.9786 -0.1342 -0.1559
vn -0.8634 0.4690 0.1859
vn -0.9106 0.3688 0.1866
vn -0.2427 0.0043 -0.9701
vn -0.0254 -0.3280 -0.9443
vn 0.0123 -0.3448 -0.9386
vn -0.0328 -0.3454 -0.9379
vn 0.0092 -0.3541 -0.9351
vn -0.6547 -0.7481 -0.1086
vn 0.0092 -0.0163 -0.9998
vn -0.0101 -0.0183 -0.9998
vn 0.0509 -0.1881 -0.9808
vn -0.0658 -0.2237 -0.9724
vn 0.0151 -0.3354 -0.9419
vn -0.0294 -0.3366 -0.9412
vn 0.0715 -0.2668 -0.9611
vn 0.0157 -0.2752 -0.9612
vn 0.0525 -0.2795 -0.9587
vn 0.0749 -0.2413 -0.9676
vn 0.0014 -0.2590 -0.9659
vn -0.0362 -0.0319 -0.9988
vn -0.5299 -0.8019 -0.2760
vn -0.3019 -0.5438 -0.7830
vn -0.2578 -0.2468 0.9342
vn -0.0128 -0.2924 -0.9562
vn 0.0355 -0.3092 -0.9503
vn -0.0177 -0.3013 -0.9534
vn 0.0290 -0.3182 -0.9476
vn -0.0219 -0.3100 -0.9505
vn 0.0037 0.0250 -0.9997
vn 0.7286 0.0008 0.6849
vn -0.0186 0.9896 0.1424
vn 0.0432 -0.3002 -0.9529
vn -0.0888 -0.3512 -0.9321
vn -0.0273 -0.3808 -0.9243
vn -0.1392 -0.3549 -0.9245
vn 0.0128 0.9924 0.1225
vn 0.9724 -0.0052 0.2331
vn 0.7718 -0.0061 -0.6359
vn -0.4173 -0.9081 0.0337
vn -0.0234 -0.0248 -0.9994
vn -0.0353 -0.0171 -0.9992
vn -0.4167 -0.9025 -0.1087
vn 0.0108 0.9980 0.0617
vn 0.0019 -0.3731 -0.9278
vn 0.1718 0.0136 -0.9850
vn -0.6351 -0.7580 -0.1482
vn -0.0040 -0.9999 -0.0159
vn -0.1511 -0.9875 -0.0441
vn -0.0406 -0.9974 -0.0600
vn 0.0535 0.9806 0.1885
vn -0.2689 0.9628 0.0262
vn -0.9987 0.0075 0.0504
vn 0.1083 0.9917 0.0699
vn -0.0120 0.9884 0.1514
vn -0.0020 0.1278 0.9918
vn -0.0246 0.9852 0.1696
vn 0.6411 0.7554 0.1355
vn -0.0385 0.9818 0.1861
vn 0.0301 0.9982 0.0515
vn -0.0537 0.9781 0.2012
vn 0.0268 0.9973 0.0680
vn -0.0111 -0.9999 0.0017
vn 0.0209 0.9971 0.0736
vn 0.0225 0.9986 0.0482
vn 0.0042 0.9979 0.0654
vn -0.0029 0.9975 0.0705
vn -0.0183 0.9924 0.1216
vn 0.0142 0.9968 0.0787
vn 0.0321 0.9976 0.0621
vn 0.1278 -0.9863 0.1039
vn 0.0106 0.9982 0.0599
vn 0.2452 0.0041 0.9695
vn 0.2578 -0.9617 -0.0931
vn -0.0288 0.9996 -0.0038
vn -0.2295 0.9718 0.0542
vn -0.1009 0.0037 -0.9949
vn -0.2255 0.9740 0.0232
vn -0.5011 -0.8556 -0.1298
vn -0.5506 0.8280 0.1063
vn -0.4911 0.8666 0.0883
vn -0.4371 0.8965 0.0721
vn -0.4915 0.8658 0.0943
vn -0.9004 -0.4107 -0.1434
vn 0.0662 0.0151 -0.9977
vn -0.9955 0.0894 0.0317
vn 0.1175 -0.9907 -0.0680
vn -0.9836 0.1578 0.0879
vn -0.9870 0.1342 0.0882
vn -0.9899 0.1105 0.0885
vn -0.9923 0.0866 0.0887
vn 0.0521 -0.9986 0.0100
vn 0.8534 -0.0960 0.5123
vn 0.0726 0.0385 -0.9966
vn -0.3522 -0.4992 -0.7917
vn -0.9808 0.0075 0.1951
vn -0.3075 -0.0001 0.9516
vn 0.7692 -0.0050 0.6390
vn 0.2502 -0.9618 -0.1114
vn 0.2573 0.0004 -0.9663
vn -0.7690 -0.0050 -0.6392
vn -0.3224 -0.9451 -0.0528
vn -0.7759 -0.6195 -0.1189
vn -0.2538 0.0072 0.9672
vn -0.0589 -0.9976 -0.0353
vn 0.0034 -0.0370 -0.9993
vn 0.0782 -0.3018 0.9502
vn 0.0085 -0.0412 0.9991
vn 0.8940 -0.3626 -0.2633
vn -0.9996 0.0225 0.0170
vn 0.9974 -0.0695 0.0200
vn -0.4236 0.0014 -0.9059
vn 0.0539 0.0067 0.9985
vn 0.0278 0.0294 0.9992
vn 0.0356 -0.0029 0.9994
vn 0.0122 0.0186 0.9998
vn -0.8453 0.5008 0.1861
vn 0.0860 -0.2113 0.9736
vn 0.0484 -0.1727 0.9838
vn 0.0699 0.0206 0.9973
vn 0.0188 0.0610 0.9980
vn 0.1190 0.0326 0.9924
vn 0.0548 0.0773 0.9955
vn 0.1862 0.0346 0.9819
vn 0.1039 0.0851 0.9909
vn 0.0775 0.0058 0.9970
vn 0.0481 0.0301 0.9984
vn 0.0452 -0.2298 0.9722
vn 0.0702 -0.2310 0.9704
vn 0.0523 -0.2113 0.9760
vn 0.5450 -0.0052 -0.8384
vn 0.0027 0.1030 0.9947
vn -0.2029 0.9778 0.0514
vn 0.0565 -0.4364 -0.8980
vn -0.0480 0.2611 0.9641
vn -0.0909 0.1885 0.9779
vn -0.0701 0.2670 0.9611
vn -0.0757 0.0689 0.9947
vn -0.1054 0.1120 0.9881
vn -0.0269 0.0830 0.9962
vn -0.0922 0.2404 0.9663
vn -0.0342 0.2307 0.9724
vn -0.6506 -0.7475 -0.1341
vn -0.0359 0.9960 0.0822
vn -0.0052 -0.0053 1.0000
vn 0.4275 -0.0229 -0.9037
vn -0.4021 -0.6482 0.6466
vn -0.9946 0.0006 -0.1042
vn 0.7243 -0.0000 -0.6895
vn 0.7883 -0.0000 -0.6153
vn 0.5832 -0.0051 -0.8123
vn -0.0260 -0.2340 0.9719
vn -0.0533 -0.3459 0.9367
vn -0.6221 -0.7750 -0.1113
vn -0.0007 -0.0210 0.9998
vn -0.0330 -0.0282 0.9991
vn -0.0415 -0.3092 0.9501
vn -0.0909 -0.3053 0.9479
vn -0.0203 -0.2946 0.9554
vn -0.0516 -0.2924 0.9549
vn 0.0926 -0.9955 0.0218
vn -0.1418 -0.3270 0.9343
vn 0.8985 -0.0053 -0.4390
vn -0.7555 -0.6552 -0.0042
vn 0.1452 -0.9829 0.1128
vn 0.1657 -0.9276 0.3349
vn -0.0060 0.0492 0.9988
vn -0.5281 -0.8490 0.0134
vn 0.0032 -0.0367 0.9993
vn 0.0074 -0.0405 0.9992
vn -0.9038 0.0151 -0.4278
vn 0.8314 0.0050 0.5556
vn -0.3903 -0.9166 -0.0865
vn 0.2409 -0.9438 0.2263
vn -0.8141 0.0093 0.5807
vn 0.9908 -0.0010 -0.1353
vn 0.0122 -0.0567 -0.9983
vn 0.1021 -0.4096 -0.9065
vn -0.9134 0.0112 0.4069
vn 0.8490 0.4650 0.2507
vn -0.1951 -0.0011 -0.9808
vn -0.0207 0.0052 -0.9998
vn -0.9989 0.0431 0.0156
vn -0.6624 -0.0003 0.7492
vn -0.2567 0.0001 0.9665
vn 0.7391 -0.0061 -0.6736
vn -0.8826 0.0001 0.4701
vn 0.8701 -0.0000 0.4929
vn -0.9804 0.0531 0.1895
vn -0.9946 0.0090 0.1034
vn -0.2421 0.9697 0.0322
vn -0.9949 0.0268 0.0975
vn -0.9988 0.0244 0.0435
vn -0.9946 0.0911 0.0487
vn -0.6615 0.1917 0.7250
vn 0.9330 -0.0000 0.3599
vn -0.4018 0.0013 0.9157
vn -0.1335 0.0004 -0.9910
vn -0.2299 0.0011 -0.9732
vn 0.6824 -0.0019 -0.7310
vn -0.4488 -0.8882 -0.0986
vn -0.3735 -0.0006 -0.9276
vn -0.2149 -0.0003 -0.9766
vn -0.5783 0.0031 -0.8158
vn -0.0950 0.0002 0.9955
vn -0.5585 -0.0013 -0.8295
vn -0.5880 0.0011 -0.8089
vn 0.2335 -0.0011 0.9724
vn -0.7286 0.0005 -0.6849
vn 0.3328 -0.0007 0.9430
vn 0.9142 -0.0000 -0.4053
vn -0.8477 -0.0009 -0.5304
vn 0.1587 0.0002 -0.9873
vn -0.8321 -0.0003 -0.5546
vn -0.9350 0.0006 -0.3547
vn -0.5143 0.0055 -0.8576
vn 0.8206 -0.0003 0.5715
vn 0.8771 0.0011 0.4804
vn -0.9645 -0.0010 -0.2642
vn 0.0757 -0.0000 -0.9971
vn 0.8231 0.0004 0.5679
vn 0.9920 -0.0009 0.1263
vn -0.9161 0.0002 -0.4010
vn -0.8341 -0.0011 0.5516
vn -0.8607 0.0012 0.5090
vn -0.8102 0.0010 0.5862
vn -0.7537 0.0007 0.6572
vn 0.2013 -0.0002 -0.9795
vn 0.1131 0.0199 -0.9934
vn 0.0015 -0.0286 0.9996
vn 0.0962 0.0012 -0.9954
vn 0.5142 0.8509 0.1074
vn -0.0294 0.0010 -0.9996
vn -0.5245 0.0011 0.8514
vn 0.8867 -0.0002 -0.4624
vn -0.9884 0.0268 -0.1494
vn 1.0000 -0.0000 -0.0000
vn 0.0326 0.1195 0.9923
vn 0.6423 0.0014 -0.7665
vn 0.0052 -0.0011 1.0000
vn -0.9996 0.0011 0.0285
vn 0.9076 -0.0061 0.4197
vn -0.9691 0.0064 0.2467
vn 0.1951 -0.0011 0.9808
vn 0.8932 -0.0000 -0.4496
vn -0.6182 0.0003 -0.7860
vn 0.7572 -0.0000 -0.6532
vn 0.1041 0.9810 0.1640
vn -0.2453 0.9693 0.0192
vn 0.2406 -0.0825 -0.9671
vn 0.0749 -0.1109 0.9910
vn -0.0136 -0.0857 0.9962
vn 0.0001 -0.9141 -0.4056
vn -0.0169 0.9938 0.1102
vn -0.0217 -0.0943 0.9953
vn -0.9423 -0.2993 -0.1502
vn -0.0553 -0.0498 0.9972
vn 0.0048 -0.8315 -0.5555
vn 0.7998 -0.1033 0.5913
vn 0.0698 0.9854 0.1553
vn -0.1229 -0.0053 0.9924
vn -0.9289 0.3274 0.1732
vn 0.5283 0.8344 0.1572
vn 0.5556 0.0066 -0.8314
vn -0.6580 -0.7474 -0.0922
vn -0.1497 0.9873 0.0539
vn -0.1331 0.9899 0.0485
vn 0.3829 0.9185 0.0989
vn 0.5109 0.8518 0.1163
vn 0.0208 0.0649 0.9977
vn -0.8488 -0.4699 -0.2422
vn 0.9344 -0.0064 0.3561
vn -0.0599 0.9948 0.0820
vn -0.0212 0.9953 0.0945
vn 0.5880 -0.0054 -0.8089
vn -0.0073 1.0000 0.0045
vn 0.0789 0.9944 0.0706
vn -0.2835 -0.9549 -0.0882
vn 0.4868 0.8653 0.1194
vn 0.0058 0.9984 0.0554
vn -0.0250 0.9995 0.0206
vn 0.0426 0.9952 0.0881
vn 0.0001 0.9994 -0.0338
vn -0.9794 0.0088 0.2017
vn -0.4394 0.1795 0.8802
vn 0.9876 -0.0052 -0.1568
vn 0.9535 0.0214 -0.3005
vn 0.9924 -0.0053 0.1231
vn -0.2150 -0.9754 -0.0484
vn 0.0053 0.2479 0.9688
vn 0.0787 0.9884 0.1301
vn 0.0341 0.9952 0.0915
vn 0.1211 -0.9926 -0.0060
vn 0.2195 -0.9721 -0.0827
vn -0.0560 0.9971 0.0510
vn -0.0117 0.9976 0.0677
vn -0.0598 0.9950 0.0801
vn -0.0280 0.9963 0.0816
vn -0.0494 0.9969 0.0608
vn 0.0989 0.9719 0.2136
vn 0.5203 0.8426 0.1389
vn -0.4718 0.1653 0.8661
vn 0.3222 -0.0000 0.9467
vn 0.9819 -0.0058 0.1894
vn -0.8487 -0.5120 -0.1326
vn 0.0463 0.9811 0.1877
vn 0.0324 -0.9935 -0.1091
vn -0.0395 0.9909 0.1285
vn -0.0532 0.9910 0.1226
vn -0.0158 0.9912 0.1313
vn -0.7728 -0.6345 0.0148
vn 0.8295 -0.0059 -0.5585
vn 0.0580 0.9807 0.1865
vn -0.4048 -0.5090 -0.7597
vn 0.9800 -0.0586 -0.1903
vn 0.0606 0.9845 0.1648
vn -0.5034 -0.5487 -0.6675
vn -0.4947 -0.6175 0.6115
vn 0.5669 0.0015 0.8238
vn 0.0012 -0.9443 -0.3292
vn -0.0998 0.9911 0.0881
vn -0.5953 -0.7524 -0.2820
vn -0.6872 -0.7135 -0.1367
vn -0.8869 -0.4397 -0.1415
vn 0.0508 0.9916 0.1189
vn -0.7249 -0.6888 0.0049
vn 0.9254 -0.3491 -0.1476
vn 0.9640 -0.0053 -0.2660
vn 0.0100 0.9869 0.1609
vn 0.8777 -0.0054 -0.4791
vn -0.3407 -0.0061 -0.9401
vn 0.0923 -0.9018 -0.4223
vn -0.0731 0.9938 0.0834
vn -0.1112 0.9894 0.0938
vn -0.3348 0.9344 0.1219
vn -0.3827 0.9220 0.0585
vn -0.4430 0.7025 0.5570
vn -0.7252 0.6752 0.1349
vn 0.3075 0.0037 0.9516
vn -0.4157 0.0037 -0.9095
vn 0.0453 0.2033 0.9781
vn 0.8990 -0.0068 0.4378
vn -0.9173 0.3959 -0.0421
vn -0.0141 0.9934 0.1142
vn -0.2696 0.9519 0.1456
vn -0.3167 0.9437 0.0956
vn -0.8108 -0.5714 -0.1270
vn -0.2007 0.9758 0.0863
vn -0.9886 0.1335 0.0690
vn -0.3861 -0.5095 -0.7690
vn 0.5845 -0.4706 -0.6610
vn -0.2455 0.9685 0.0426
vn -0.2375 0.9710 0.0257
vn -0.2841 0.9569 0.0600
vn 0.0152 0.1040 0.9945
vn -0.0254 0.9917 0.1258
vn 0.9795 0.1047 0.1720
vn -0.9560 0.2935 0.0029
vn -0.0299 -0.4127 0.9104
vn -0.8408 0.5382 0.0582
vn -0.6389 0.7647 0.0836
vn -0.5875 0.8090 -0.0197
vn 0.1228 -0.9922 0.0229
vn 0.0839 -0.9949 0.0559
vn -0.1905 -0.9797 -0.0621
vn -0.5522 0.8257 0.1155
vn -0.4398 0.8928 0.0970
vn -0.9134 0.3921 0.1098
vn -0.8809 0.4264 0.2054
vn -0.7053 0.6159 0.3511
vn -0.6301 0.7753 -0.0433
vn 0.8425 -0.3924 -0.3691
vn 0.0969 -0.9654 0.2422
vn 0.7379 0.0512 0.6729
vn -0.4975 -0.8584 -0.1253
vn -0.3609 -0.9309 0.0569
vn -0.2075 -0.6293 -0.7490
vn 0.0420 -0.0265 0.9988
vn 0.1294 0.1791 0.9753
vn 0.3520 -0.0259 0.9357
vn 0.0095 -0.0408 0.9991
vn 0.0746 0.9867 0.1447
vn 0.9960 -0.0052 -0.0895
vn 0.3927 -0.0002 -0.9197
vn 0.6687 0.0007 0.7435
vn -0.8525 0.0051 -0.5227
vn 0.2264 0.0017 0.9740
vn -0.0092 0.0831 0.9965
vn -0.8498 -0.0051 0.5271
vn -0.8113 -0.5706 -0.1269
vn 0.4049 -0.0045 -0.9143
vn 0.7214 0.6803 0.1293
vn 0.6296 0.7500 0.2025
vn 0.0977 0.9909 0.0921
vn -0.9090 0.0013 0.4168
vn -0.4217 0.0407 -0.9058
vn 0.0744 -0.8468 -0.5267
vn 0.9807 0.0122 0.1951
vn -0.2275 -0.9715 -0.0661
vn 0.2995 0.0084 -0.9541
vn 0.5922 0.7962 0.1242
vn 0.6003 -0.7984 0.0467
vn -0.0288 -0.0346 0.9990
vn 0.5856 0.8090 0.0508
vn 0.9732 -0.0001 0.2298
vn 0.4825 0.4852 -0.7292
vn 0.0521 -0.9970 -0.0573
vn -0.1344 0.9909 -0.0018
vn 0.0867 -0.9513 0.2958
vn 0.5676 -0.0000 -0.8233
vn -0.8868 0.4207 0.1913
vn -0.0825 0.0050 0.9966
vn 0.0534 0.9966 0.0626
vn -0.5251 -0.6036 0.5999
vn -0.6430 -0.7608 -0.0883
vn 0.7603 0.0834 -0.6442
vn -0.5321 0.0068 0.8467
vn 0.9617 -0.0046 -0.2742
vn 0.5813 0.7968 0.1650
vn -0.9314 -0.3311 -0.1514
vn 0.1610 0.9865 0.0288
vn 0.9745 0.0002 -0.2242
vn 0.9937 0.0218 -0.1104
vn -0.2035 -0.9592 -0.1963
vn -0.6813 -0.7271 -0.0845
vn 0.0185 -0.0001 0.9998
vn 0.0971 -0.9382 0.3322
vn 0.6826 0.7131 0.1599
vn -0.7781 0.6047 0.1698
vn 0.0734 -0.8931 -0.4438
vn 0.5862 0.7953 0.1545
vn -0.3268 -0.5423 -0.7741
vn 0.5801 0.7986 0.1604
vn 0.6256 0.7684 0.1348
vn -0.0120 -0.0259 0.9996
vn -0.0937 0.9897 0.1083
vn 0.0130 0.9992 -0.0374
vn -0.0748 -0.1813 0.9806
vn -0.0977 0.0246 0.9949
vn 0.5675 0.8169 0.1033
vn 0.2497 0.9673 0.0455
vn -0.5937 0.0026 0.8047
vn 0.5006 -0.0050 -0.8657
vn 0.5799 0.8107 -0.0805
vn 0.1683 -0.9145 -0.3679
vn 0.6334 0.7627 0.1311
vn 0.4249 -0.9022 -0.0746
vn 0.0035 0.0013 1.0000
vn -0.9454 0.0002 0.3260
vn -0.1968 -0.0002 0.9804
vn 0.6956 -0.1069 0.7104
vn -0.8653 -0.4831 -0.1335
vn 0.2417 0.9696 0.0389
vn -0.1711 -0.1883 -0.9671
vn 0.1468 -0.9716 0.1858
vn -0.4805 0.8764 0.0316
vn 0.7273 0.6569 0.1986
vn -0.8502 0.0007 0.5264
vn 0.1347 0.1030 0.9855
vn -0.0018 0.1570 0.9876
vn 0.4897 0.0040 0.8719
vn -0.8759 -0.4618 -0.1397
vn 0.6346 0.7703 0.0633
vn 0.1163 -0.9932 -0.0047
vn 1.0000 0.0025 0.0014
vn 0.6331 0.7701 0.0780
vn 0.5902 0.8044 0.0673
vn -0.4691 -0.5064 -0.7235
vn 0.6259 0.7663 0.1452
vn 0.6236 0.7806 0.0425
vn -0.0272 -0.0278 0.9992
vn 0.1198 0.0008 0.9928
vn -0.5615 -0.0002 0.8275
vn 0.2199 -0.9642 0.1480
vn -0.2204 -0.2165 0.9511
vn -0.3435 -0.5264 -0.7778
vn 0.4298 -0.0037 -0.9029
vn -0.2177 -0.1758 0.9600
vn -0.1188 -0.0589 0.9912
vn -0.4705 -0.0002 0.8824
vn -0.5457 -0.8259 -0.1419
vn 0.7347 -0.0061 -0.6783
vn -0.4806 -0.8711 -0.1004
vn 0.2342 -0.0282 -0.9718
vn 0.9244 -0.3814 0.0086
vn 0.1746 -0.9822 -0.0694
vn -0.2868 -0.5742 -0.7668
vn 0.0257 -0.0033 -0.9997
vn -0.1856 -0.9625 -0.1980
vn -0.0168 -0.0414 0.9990
vn -0.5712 -0.8208 0.0022
vn -0.7343 0.0712 -0.6751
vn 0.1132 -0.9919 -0.0580
vn -0.9368 0.0073 -0.3498
vn -0.0833 -0.9965 -0.0023
vn 0.7702 -0.1061 0.6289
vn -0.2990 -0.9493 0.0970
vn -0.9921 0.0001 0.1256
vn 0.0954 -0.8242 -0.5582
vn -0.1290 -0.6450 0.7532
vn -0.9565 -0.2468 -0.1554
vn -0.5156 -0.8463 -0.1338
vn 0.4496 -0.0048 0.8932
vn 0.0136 -0.8441 -0.5361
vn 0.9959 -0.0710 0.0567
vn -0.3247 0.9449 0.0418
vn 0.9263 -0.3754 -0.0332
vn -0.0175 -0.9813 -0.1916
vn 0.9888 -0.0576 -0.1374
vn -0.3775 -0.9222 -0.0835
vn 0.3937 -0.0608 -0.9172
vn 0.9417 0.0062 -0.3365
vn -0.9504 -0.2646 -0.1636
vn 0.2720 0.9610 0.0508
vn -0.6714 0.0097 -0.7411
vn 0.4364 -0.8988 -0.0412
vn 0.2619 -0.9617 -0.0813
vn -0.5467 -0.0084 -0.8373
vn -0.3289 -0.9424 -0.0607
vn 0.1879 -0.0038 -0.9822
vn -0.1970 0.0650 -0.9782
vn -0.6697 0.0038 0.7426
vn 0.0248 0.0761 -0.9968
vn 0.6075 -0.5557 0.5676
vn 0.0070 -0.9986 -0.0515
vn 0.2629 0.9639 0.0430
vn 0.2561 0.8542 0.4524
vn 0.0460 -0.9988 0.0183
vn 0.2074 -0.9616 -0.1800
vn -0.5138 -0.8502 -0.1151
vn 0.9018 0.0066 -0.4320
vn 0.4520 -0.0063 0.8920
vn 0.6777 0.7204 0.1473
vn -0.7439 -0.6604 -0.1023
vn -0.0137 -0.0314 0.9994
vn -0.0190 0.9941 0.1066
vn 0.1136 0.1430 0.9832
vn -0.9076 -0.0061 -0.4197
vn -0.0219 0.0824 0.9964
vn -0.3696 0.9277 0.0532
vn 0.1218 -0.9505 0.2857
vn 0.9340 -0.0049 -0.3573
vn -0.6507 -0.7197 -0.2421
vn -0.6898 -0.7094 -0.1446
vn -0.0761 0.9971 -0.0042
vn 0.3693 0.9245 0.0946
vn 0.0902 0.9914 0.0951
vn 0.0187 0.0461 -0.9988
vn 0.0294 -0.9995 -0.0140
vn 0.0495 0.0079 0.9987
vn 0.9602 -0.0613 -0.2724
vn -0.4888 0.0101 0.8723
vn 0.2186 -0.0003 0.9758
vn 0.1633 -0.9857 0.0413
vn -0.4019 0.9157 -0.0059
vn -0.1444 -0.9710 -0.1905
vn 0.0771 -0.8019 -0.5924
vn 0.3329 -0.0277 -0.9426
vn 0.1999 0.9792 0.0351
vn 0.2479 -0.9524 0.1774
vn 0.0277 0.0635 -0.9976
vn 0.2478 -0.0535 -0.9673
vn -0.6023 0.0027 -0.7983
vn -0.8518 0.4908 0.1832
vn -0.4767 -0.8735 -0.0992
vn -0.0495 -0.9987 -0.0151
vn 0.6059 0.7766 0.1723
vn -0.4431 -0.6029 0.6634
vn 0.0410 -0.8709 -0.4897
vn -0.4878 -0.8328 -0.2618
vn 0.3160 0.9469 0.0592
vn -0.6597 -0.7270 -0.1904
vn 0.7344 0.6788 0.0032
vn 0.1596 0.9859 0.0496
vn 0.1639 0.9851 0.0516
vn -0.2425 -0.6914 0.6805
vn 0.1533 0.9856 0.0708
vn 0.1457 0.9881 0.0484
vn 0.5189 0.0058 -0.8548
vn -0.7831 0.0121 0.6218
vn 0.8548 -0.0057 -0.5189
vn -1.0000 -0.0000 -0.0000
vn 0.9897 -0.0729 0.1230
vn 0.6394 -0.0050 -0.7688
vn 0.0278 0.9996 -0.0018
vn -0.6436 -0.6219 0.4461
vn -0.9978 0.0047 0.0660
vn 0.2036 -0.9715 -0.1212
vn -0.2904 0.9566 0.0237
vn 0.5143 0.0039 0.8576
vn -0.5840 -0.5804 0.5676
vn -0.1296 -0.9910 -0.0347
vn -0.0222 -0.1368 0.9903
vn 0.4838 0.8627 0.1468
vn -0.9417 0.0136 -0.3361
vn -0.5431 -0.8311 -0.1200
vn 0.9710 -0.0598 -0.2314
vn 0.3685 -0.9284 -0.0472
vn -0.9264 -0.2578 -0.2746
vn -0.9359 -0.2342 -0.2633
vn 0.1773 0.0054 -0.9841
vn -0.7585 -0.6515 0.0164
vn 0.6313 0.7712 0.0825
vn -0.9504 -0.0502 -0.3069
vn -0.9591 0.0104 -0.2828
vn -0.6193 0.0072 -0.7851
vn -0.6630 0.2168 -0.7166
vn -0.6628 -0.1645 -0.7305
vn -0.7037 -0.0811 -0.7059
vn -0.6446 -0.3632 -0.6727
vn -0.6013 -0.4000 -0.6917
vn -0.5784 -0.4538 -0.6779
vn -0.4675 -0.4903 -0.7356
vn -0.7707 -0.5932 -0.2328
vn -0.7593 -0.6020 -0.2472
vn -0.2134 -0.6774 0.7040
vn 0.0052 -0.0794 0.9968
vn -0.5067 -0.8619 0.0191
vn 0.0592 -0.9977 0.0345
vn 0.1156 -0.9514 0.2855
vn 0.1780 -0.9830 0.0457
vn -0.2654 0.9640 0.0173
vn 0.3805 0.9173 0.1172
vn -0.7248 -0.6466 -0.2379
vn -0.7216 -0.6563 -0.2204
vn -0.5116 -0.3727 -0.7742
vn 0.6008 0.7823 0.1643
vn -0.5612 -0.5472 -0.6210
vn -0.5460 -0.5737 -0.6105
vn -0.5404 -0.5543 -0.6330
vn -0.5244 -0.5764 -0.6267
vn -0.4948 -0.5197 -0.6965
vn -0.3055 -0.9299 -0.2048
vn 0.3661 0.0894 -0.9263
vn 0.6777 -0.0061 0.7353
vn -0.4175 -0.9042 -0.0906
vn 0.1435 -0.9890 0.0350
vn 0.6635 0.0053 0.7482
vn 0.1024 -0.9164 -0.3870
vn 0.1372 0.0126 0.9905
vn -0.0409 0.9952 0.0885
vn -0.6048 -0.5773 0.5486
vn -0.0934 0.1375 -0.9861
vn 0.0847 -0.0012 0.9964
vn 0.3302 -0.0059 -0.9439
vn 0.2807 0.9586 0.0474
vn -0.0221 -0.1683 -0.9855
vn -0.9992 -0.0061 -0.0403
vn 0.5191 0.8411 0.1523
vn 0.9907 -0.0043 -0.1360
vn -0.0016 0.0051 1.0000
vn -0.0456 -0.0018 0.9990
vn -0.0415 -0.0373 0.9984
vn -0.0219 -0.0581 0.9981
vn -0.2262 -0.0188 0.9739
vn -0.2489 -0.1214 0.9609
vn -0.0277 0.0474 0.9985
vn -0.0401 0.0259 0.9989
vn -0.1861 0.1203 0.9751
vn -0.2252 -0.0394 0.9735
vn -0.0307 -0.0263 0.9992
vn -0.2380 -0.1897 0.9526
vn -0.1911 -0.2223 0.9561
vn -0.2107 -0.1625 0.9640
vn -0.0948 -0.1569 0.9831
vn 0.4038 0.9069 0.1200
vn 0.1092 0.0044 0.9940
vn -0.9989 0.0353 0.0318
vn 0.1039 -0.9888 -0.1074
vn 0.5432 0.4641 -0.6997
vn -0.0288 0.2610 0.9649
vn 0.0449 -0.0061 -0.9990
vn -0.9845 -0.0011 0.1755
vn 0.0031 0.0733 -0.9973
vn -0.9505 0.2706 0.1527
vn -0.0146 0.9948 0.1007
vn -0.0013 1.0000 -0.0023
vn -0.0011 0.0021 -1.0000
vn -0.1905 0.9798 0.0610
vn -0.0440 -0.1480 -0.9880
vn -0.9666 0.0005 -0.2564
vn -0.0544 0.9969 0.0574
vn 0.0197 0.3384 0.9408
vn 0.7660 -0.0810 -0.6378
vn 0.9891 0.0030 0.1470
vn 0.1119 0.9934 0.0244
vn 0.6713 0.0067 -0.7411
vn -0.7351 -0.0061 0.6779
vn 0.3026 -0.0529 -0.9516
vn -0.9700 0.0211 -0.2423
vn -0.5484 -0.7892 -0.2764
vn 0.8034 0.0042 0.5954
vn -0.9513 0.3082 0.0104
vn 0.7278 -0.0806 -0.6811
vn 0.6905 0.7049 0.1623
vn -0.1951 0.0016 0.9808
vn 0.0540 0.0603 -0.9967
vn -0.0430 0.0003 0.9991
vn -0.3335 -0.9399 -0.0733
vn 0.5380 0.8289 0.1534
vn -0.1182 0.0825 0.9896
vn -0.0246 0.9936 0.1099
vn 0.6425 0.0049 0.7663
vn 0.1349 0.9904 0.0312
vn -0.8570 0.0053 0.5153
vn -0.0055 0.9958 0.0909
vn 0.0611 -0.9977 0.0295
vn -0.5297 -0.8363 -0.1414
vn -0.0769 -0.9952 -0.0611
vn -0.8575 0.0113 -0.5144
vn 0.0728 -0.0044 0.9973
vn -0.6275 -0.7660 -0.1395
vn -0.6663 -0.7342 -0.1304
vn 0.4171 0.9038 0.0954
vn -0.0130 -0.9766 0.2145
vn -0.1285 -0.9850 0.1152
vn -0.1243 -0.9874 0.0977
vn 0.3562 0.9316 0.0729
vn -0.0780 -0.9962 -0.0393
vn -0.0676 -0.9930 0.0971
vn -0.0622 -0.9974 0.0369
vn -0.0207 -0.6941 0.7196
vn 0.0183 -0.8907 0.4543
vn -0.0785 -0.6522 0.7539
vn -0.0677 -0.6917 0.7190
vn 0.0556 0.9984 -0.0035
vn 0.8554 -0.0752 -0.5124
vn 0.0326 0.2242 0.9740
vn -0.1971 -0.9792 -0.0483
vn 0.3614 0.9282 0.0879
vn 0.0310 0.9994 -0.0119
vn 0.0104 0.9994 0.0319
vn 0.0819 0.9966 -0.0059
vn 0.0168 0.9985 0.0514
vn -0.6552 -0.7469 -0.1135
vn -0.1714 -0.9847 -0.0329
vn -0.3905 -0.9199 0.0351
vn -0.6198 -0.7730 -0.1354
vn -0.0025 -0.4609 0.8874
vn 0.9726 -0.0768 0.2193
vn 0.1856 -0.0508 -0.9813
vn 0.2493 -0.9501 0.1875
vn -0.1891 -0.6787 0.7096
vn 0.0707 0.9972 -0.0236
vn 0.0715 0.9972 -0.0205
vn 0.0763 0.9969 -0.0183
vn 0.0769 0.9969 -0.0150
vn -0.5953 0.0070 -0.8035
vn 0.2785 0.8190 0.5016
vn -0.4612 0.1131 0.8800
vn 0.0977 0.9937 0.0550
vn 0.0458 0.9986 -0.0251
vn 0.0565 0.9980 -0.0278
vn 0.0626 0.9977 -0.0273
vn 0.0666 0.9975 -0.0256
vn 0.1447 0.9852 0.0915
vn 0.9339 -0.3452 -0.0926
vn -0.6400 -0.7491 -0.1709
vn 0.6317 0.0084 0.7752
vn 0.0902 -0.9252 -0.3685
vn 0.0880 0.9932 0.0764
vn 0.0941 0.9931 0.0705
vn -0.1738 -0.6649 0.7264
vn 0.1979 0.0016 0.9802
vn 0.1359 0.9870 0.0855
vn 0.1346 0.9887 0.0653
vn 0.1273 0.9883 0.0841
vn 0.1382 0.9845 0.1083
vn 0.6430 0.7541 0.1334
vn 0.1332 0.9837 0.1205
vn 0.1293 0.9830 0.1300
vn -0.8534 0.0596 -0.5178
vn 0.3049 0.9492 -0.0785
vn 0.3490 0.9369 -0.0202
vn 0.2991 0.9536 -0.0337
vn -0.7044 0.5626 -0.4328
vn -0.7705 0.4718 -0.4287
vn -0.8912 0.1115 -0.4398
vn -0.8988 0.0791 -0.4311
vn -0.6458 0.4647 -0.6058
vn -0.6864 0.4126 -0.5988
vn -0.6136 0.5767 -0.5393
vn -0.7473 0.4047 -0.5269
vn -0.8453 0.0871 -0.5271
vn 0.9828 -0.0084 -0.1842
vn -0.5637 0.4645 -0.6830
vn -0.6161 0.4064 -0.6747
vn 0.4060 0.9085 -0.0988
vn 0.3039 0.9426 -0.1384
vn 0.3947 0.9161 -0.0701
vn 0.2918 0.9505 -0.1066
vn 0.4756 0.8795 -0.0182
vn 0.6606 0.3310 -0.6738
vn 0.7010 0.3899 -0.5972
vn 0.6183 0.3877 -0.6836
vn 0.4957 0.0847 -0.8643
vn 0.4601 0.0739 -0.8848
vn 0.5725 0.0596 -0.8177
vn 0.5874 0.0070 -0.8093
vn 0.5622 0.0686 -0.8241
vn 0.5379 0.0614 -0.8408
vn -0.3794 -0.9201 -0.0977
vn 0.6848 0.0886 -0.7233
vn 0.4013 0.4586 -0.7929
vn 0.7294 0.4682 -0.4988
vn 0.6090 0.3540 -0.7098
vn 0.6816 0.3539 -0.6405
vn 0.7275 0.3329 -0.6000
vn 0.5112 0.8459 0.1520
vn -0.0425 -0.9764 -0.2119
vn -0.4720 -0.8736 -0.1185
vn 0.2036 0.0548 0.9775
vn 0.1789 0.0653 0.9817
vn 0.1168 0.0674 0.9909
vn 0.0891 0.0796 0.9928
vn 0.3794 0.3342 0.8628
vn 0.3120 0.3961 0.8636
vn 0.4190 0.2837 0.8625
vn 0.3577 0.3409 0.8694
vn 0.6072 0.1667 0.7769
vn 0.4158 0.3921 0.8206
vn 0.6486 0.1769 0.7403
vn 0.6116 0.0563 0.7892
vn 0.6685 0.0327 0.7430
vn 0.4405 -0.0633 -0.8955
vn 0.5650 0.0400 0.8241
vn 0.5925 0.0288 0.8051
vn 0.5465 -0.0069 0.8375
vn 0.4649 0.0409 0.8844
vn 0.4470 0.0482 0.8932
vn 0.5279 -0.0685 -0.8466
vn 0.5388 0.2434 0.8065
vn 0.6206 0.1599 0.7676
vn 0.5451 0.2301 0.8062
vn -0.8553 0.4350 0.2816
vn -0.0512 0.9860 0.1589
vn -0.6949 0.6193 0.3655
vn -0.8906 0.3161 0.3270
vn -0.9157 0.1812 0.3587
vn -0.9768 0.1167 0.1794
vn -0.9687 0.1819 0.1686
vn -0.9859 0.0538 0.1587
vn -0.9536 0.1809 0.2405
vn -0.9611 0.1156 0.2508
vn -0.2374 0.0210 -0.9712
vn -0.9967 0.0550 0.0597
vn -0.9948 0.0862 0.0540
vn -0.9776 0.1891 0.0921
vn -0.9534 0.2907 0.0811
vn -0.7215 0.6664 0.1879
vn -0.5106 0.8443 0.1627
vn -0.8523 0.4530 0.2615
vn -0.7371 0.6280 0.2494
vn -0.6878 0.6792 0.2562
vn 0.2612 0.6621 -0.7024
vn 0.6324 0.7278 -0.2654
vn 0.2744 0.7432 -0.6102
vn -0.1077 0.2651 -0.9582
vn -0.2600 0.1739 -0.9498
vn -0.3131 0.0407 -0.9489
vn -0.3300 0.0293 -0.9435
vn 0.0758 -0.9971 -0.0022
vn -0.0817 0.1860 -0.9791
vn -0.1792 0.1330 -0.9748
vn -0.2213 0.0303 -0.9747
vn 0.9973 -0.0000 0.0736
vn 0.3769 0.6356 -0.6738
vn 0.3370 0.6285 -0.7010
vn 0.3224 0.6583 -0.6802
vn 0.2729 0.6471 -0.7118
vn 0.5110 0.7002 -0.4986
vn 0.2420 0.8827 0.4029
vn 0.8019 -0.0060 -0.5974
vn -0.6277 0.2409 0.7402
vn -0.6388 0.2745 0.7187
vn -0.7387 0.2819 0.6123
vn -0.7356 0.3508 0.5795
vn 0.6236 -0.7818 -0.0059
vn -0.7042 0.2650 0.6586
vn -0.7071 0.2879 0.6458
vn -0.0734 -0.9846 -0.1586
vn 0.3256 0.8455 0.4232
vn 0.2990 0.8938 0.3343
vn 0.9675 0.1463 0.2065
vn 0.9873 0.1234 0.1002
vn 0.9948 0.0341 0.0963
vn 0.9979 0.0267 0.0589
vn 0.9772 0.0200 0.2116
vn 0.9716 0.0253 0.2351
vn 0.9849 0.0244 0.1714
vn 0.9879 0.0206 0.1535
vn -0.0904 -0.6518 -0.7529
vn 0.9599 0.0252 0.2791
vn 0.9444 0.0371 0.3266
vn 0.9858 0.1230 0.1141
vn 0.9418 0.1902 0.2772
vn 0.9696 0.1184 0.2141
vn 0.9704 0.1140 0.2128
vn 0.8515 0.2248 0.4736
vn -0.2825 -0.9543 0.0977
vn 0.8576 0.0035 0.5144
vn -0.1372 -0.1555 0.9783
vn -0.0093 0.9997 0.0244
vn 0.7407 0.2738 0.6135
vn 0.7542 0.2612 0.6024
vn 0.8410 0.2291 0.4901
vn 0.8173 0.2487 0.5197
vn 0.8344 0.2392 0.4966
vn -0.1627 0.0816 0.9833
vn -0.1921 0.0980 0.9765
vn 0.0329 -0.8423 -0.5380
vn -0.0987 -0.9703 0.2207
vn 0.3599 -0.0048 0.9330
vn -0.2468 0.0976 0.9641
vn -0.2776 0.1170 0.9535
vn 0.2040 0.4811 0.8526
vn 0.1177 0.5488 0.8276
vn 0.2254 0.4229 0.8777
vn 0.1443 0.4898 0.8598
vn 0.0469 -0.9955 -0.0824
vn 0.6221 -0.7795 -0.0734
vn 0.2280 -0.0052 -0.9736
vn 0.0151 -0.9999 -0.0072
vn -0.0204 -0.9997 -0.0097
vn -0.0527 -0.9985 0.0126
vn -0.0558 -0.9982 0.0200
vn 0.8625 0.0673 -0.5016
vn 0.6458 0.7480 0.1530
vn -0.0476 0.9945 0.0931
vn -0.0794 -0.9965 -0.0256
vn -0.8392 0.0050 -0.5438
vn -0.5116 -0.8503 -0.1232
vn -0.0584 -0.9979 -0.0269
vn 0.3415 0.0541 0.9383
vn 0.0030 0.9969 0.0782
vn -0.8848 -0.0051 0.4660
vn -0.5806 -0.7999 -0.1517
vn 0.0277 0.0334 -0.9991
vn 0.0211 -0.3262 -0.9451
vn 0.5883 0.8002 0.1165
vn -0.4430 -0.6379 0.6299
vn 0.5431 -0.5472 0.6369
vn -0.9178 0.3497 0.1881
vn 0.9505 0.2847 -0.1247
vn 0.9346 0.2920 -0.2032
vn 0.9552 0.0633 -0.2890
vn 0.9465 0.0583 -0.3173
vn -0.8034 0.0092 -0.5954
vn 0.9782 0.0515 -0.2014
vn 0.9727 0.0472 -0.2271
vn 0.9329 -0.0651 -0.3543
vn 0.1951 0.0008 -0.9808
vn 0.9745 0.2202 -0.0440
vn 0.9759 0.2182 -0.0093
vn 0.9655 0.2419 -0.0965
vn 0.9679 0.2410 -0.0709
vn -0.0493 0.5859 0.8089
vn 0.0313 0.5556 0.8309
vn 0.0121 0.5693 0.8220
vn -0.4794 0.1177 0.8697
vn 0.3199 -0.9154 0.2443
vn -0.0946 -0.1507 0.9840
vn 0.2131 -0.0023 -0.9770
vn -0.5597 0.2493 0.7903
vn 0.4938 0.5936 0.6354
vn 0.1833 0.5789 0.7945
vn 0.0494 0.6771 0.7343
vn -0.0265 0.5698 0.8214
vn 0.4538 0.4924 -0.7427
vn 0.5588 0.5762 -0.5964
vn 0.4134 0.5578 -0.7196
vn 0.1612 0.1338 -0.9778
vn 0.1033 0.1111 -0.9884
vn -0.1000 0.9925 0.0696
vn 0.2425 0.1103 -0.9639
vn 0.1921 0.0921 -0.9770
vn 0.0486 0.9897 0.1343
vn 0.6178 0.7780 0.1142
vn 0.5844 0.5108 -0.6305
vn -0.5475 0.8332 -0.0779
vn -0.9541 0.2968 -0.0410
vn -0.9652 0.2590 -0.0368
vn -0.4452 -0.8925 -0.0724
vn -0.9534 0.2065 -0.2200
vn -0.9233 0.3043 -0.2345
vn -0.9686 0.0813 -0.2349
vn -0.9551 0.2539 -0.1528
vn -0.9668 0.2098 -0.1458
vn 0.9621 -0.0789 0.2609
vn 0.2747 0.0909 -0.9572
vn -0.6545 0.0274 0.7556
vn -0.8992 0.3152 -0.3034
vn -0.8188 0.4780 -0.3178
vn 0.1907 0.9816 -0.0130
vn -0.5587 0.8218 -0.1123
vn -0.4821 0.8727 -0.0769
vn 0.8331 0.4049 -0.3770
vn 0.7978 0.4017 -0.4496
vn 0.8344 0.0765 -0.5459
vn 0.8174 0.0701 -0.5718
vn -0.5900 0.0375 -0.8065
vn -0.9018 -0.4075 -0.1437
vn 0.5760 -0.8126 0.0892
vn 0.8755 0.3500 -0.3333
vn 0.8905 0.3478 -0.2935
vn 0.8610 0.3584 -0.3610
vn 0.8826 0.3597 -0.3029
vn 0.2768 0.9078 -0.3150
vn 0.4869 0.8640 -0.1279
vn 0.3044 0.9270 -0.2189
vn -0.4283 0.4563 -0.7800
vn -0.5619 0.3279 -0.7594
vn -0.6509 0.0711 -0.7559
vn -0.6650 0.0500 -0.7452
vn -0.4110 0.2718 -0.8702
vn -0.4308 0.2556 -0.8655
vn -0.3987 0.3561 -0.8451
vn -0.5059 0.2602 -0.8224
vn -0.5773 0.0527 -0.8148
vn -0.3139 0.2662 -0.9114
vn -0.3398 0.2480 -0.9072
vn 0.3505 0.8701 -0.3466
vn 0.3251 0.8740 -0.3611
vn 0.3457 0.8847 -0.3127
vn 0.2735 0.8964 -0.3488
vn 0.4688 0.8583 -0.2088
vn -0.9300 -0.0185 -0.3671
vn -0.8574 -0.0073 -0.5147
vn -0.8034 -0.0000 -0.5955
vn -0.8022 0.0010 -0.5971
vn -0.8774 0.0082 -0.4797
vn -0.7411 0.0077 -0.6714
vn -0.8457 -0.0016 -0.5337
vn 0.0640 0.9969 0.0455
vn -0.8576 -0.0072 -0.5142
vn -0.9037 -0.0065 -0.4280
vn 0.0913 -0.0050 0.9958
vn -0.8315 -0.0052 -0.5556
vn -0.7874 -0.0184 -0.6162
vn 0.0139 -0.0185 0.9997
vn -0.1469 -0.0073 0.9891
vn -0.2424 -0.0002 0.9702
vn -0.2446 0.0010 0.9696
vn -0.0822 -0.1616 0.9834
vn -0.3368 0.0077 0.9416
vn -0.1680 -0.0017 0.9858
vn 0.3419 0.9374 0.0659
vn 0.0475 0.9851 0.1651
vn -0.1475 -0.0072 0.9890
vn -0.4660 -0.0050 -0.8847
vn 0.8701 -0.0000 -0.4929
vn -0.1953 -0.0052 0.9807
vn -0.2681 -0.0183 0.9632
vn 0.8025 -0.0079 0.5966
vn 0.9784 -0.0083 0.2067
vn 0.9186 -0.0184 -0.3948
vn 0.9691 -0.0076 -0.2464
vn 0.9891 -0.0000 -0.1470
vn 0.9895 0.0010 -0.1447
vn -0.6335 -0.7302 -0.2558
vn 0.9988 0.0077 -0.0493
vn 0.9761 -0.0013 -0.2172
vn 0.9840 -0.0027 -0.1779
vn 0.0495 0.0032 -0.9988
vn 0.1827 -0.9764 0.1155
vn 0.9700 -0.0071 -0.2429
vn -0.9828 -0.0084 0.1845
vn 0.0129 0.0082 0.9999
vn 0.9808 -0.0056 -0.1951
vn 0.9932 -0.0184 -0.1146
vn 0.9701 0.0050 -0.2428
vn -0.7188 -0.0185 -0.6949
vn -0.5962 -0.0074 -0.8028
vn -0.5145 -0.0000 -0.8575
vn -0.5125 0.0010 -0.8587
vn -0.4276 0.0077 -0.9039
vn -0.5781 -0.0017 -0.8160
vn -0.5410 -0.0024 -0.8410
vn -0.5955 -0.0072 -0.8033
vn -0.6713 -0.0065 -0.7412
vn -0.2279 -0.0052 0.9737
vn -0.5555 -0.0052 -0.8315
vn -0.4920 -0.0184 -0.8704
vn 0.4718 -0.1653 0.8661
vn -0.3706 -0.0184 0.9286
vn -0.5143 -0.0073 0.8576
vn -0.5955 -0.0001 0.8033
vn -0.5972 0.0009 0.8021
vn -0.2443 -0.6068 -0.7564
vn -0.6709 0.0076 0.7415
vn -0.5325 -0.0017 0.8464
vn -0.4795 -0.8690 -0.1220
vn -0.3776 0.1143 0.9189
vn -0.5145 -0.0072 0.8574
vn -0.3933 0.9175 0.0588
vn 0.1047 -0.9699 0.2199
vn -0.5554 -0.0051 0.8316
vn -0.6158 -0.0183 0.7877
vn 0.9997 -0.0184 -0.0130
vn 0.9897 -0.0076 0.1433
vn 0.9701 -0.0001 0.2429
vn 0.9696 0.0010 0.2449
vn 0.9417 0.0077 0.3364
vn 0.9849 -0.0013 0.1731
vn 0.9771 -0.0026 0.2126
vn 0.9891 -0.0072 0.1469
vn 0.5936 0.8011 -0.0758
vn 0.9808 -0.0056 0.1951
vn 0.9616 -0.0184 0.2738
vn -0.2843 0.0070 0.9587
vn -0.3954 -0.0185 -0.9183
vn -0.2419 -0.0072 -0.9703
vn -0.1475 -0.0001 -0.9891
vn -0.1447 0.0010 -0.9895
vn -0.0489 0.0078 -0.9988
vn -0.2221 -0.0017 -0.9750
vn 0.1312 0.0085 -0.9913
vn 0.0938 -0.3714 -0.9237
vn -0.2424 -0.0071 -0.9701
vn 0.0884 0.0508 -0.9948
vn 0.1336 0.0125 0.9910
vn -0.1954 -0.0053 -0.9807
vn -0.1211 -0.0184 -0.9925
vn 0.9988 0.0040 0.0494
vn -0.6952 -0.0184 0.7186
vn -0.8037 -0.0072 0.5950
vn -0.8576 -0.0000 0.5142
vn -0.8588 0.0009 0.5123
vn 0.1159 -0.9594 0.2572
vn -0.9036 0.0076 0.4283
vn -0.7163 -0.6850 -0.1330
vn -0.8161 -0.0017 0.5778
vn -0.8412 -0.0024 0.5407
vn -0.8034 -0.0072 0.5954
vn -0.7414 -0.0065 0.6710
vn 0.9908 -0.0056 0.1351
vn 0.2826 -0.0055 -0.9592
vn -0.8314 -0.0053 0.5557
vn -0.8706 -0.0184 0.4916
vn -0.9993 0.0118 0.0350
vn 0.8233 -0.0004 -0.5677
vn 0.9299 -0.0184 0.3672
vn 0.8578 -0.0073 0.5140
vn 0.8033 -0.0000 0.5955
vn 0.8020 0.0010 0.5973
vn 0.6675 -0.0058 -0.7446
vn 0.7413 0.0077 0.6711
vn 0.8463 -0.0017 0.5327
vn 0.8215 -0.0024 0.5702
vn 0.8576 -0.0072 0.5142
vn 0.9037 -0.0065 0.4281
vn 0.8254 -0.0084 0.5644
vn 0.7020 -0.4589 -0.5446
vn 0.8313 -0.0053 0.5557
vn 0.7875 -0.0183 0.6161
vn 0.3535 0.9297 0.1031
vn -0.5038 -0.8570 -0.1082
vn -0.0139 -0.0185 -0.9997
vn 0.1474 -0.0073 -0.9891
vn 0.2425 -0.0002 -0.9702
vn 0.2452 0.0011 -0.9695
vn 0.3367 0.0077 -0.9416
vn 0.1685 -0.0016 -0.9857
vn 0.2491 -0.8866 -0.3898
vn 0.1475 -0.0072 -0.9890
vn -0.6739 -0.7163 -0.1810
vn 0.1344 0.0064 -0.9909
vn 0.1953 -0.0052 -0.9807
vn 0.2678 -0.0184 -0.9633
vn -0.9171 -0.0185 0.3982
vn -0.9700 -0.0073 0.2431
vn -0.9891 -0.0000 0.1470
vn -0.9895 0.0009 0.1448
vn -0.9987 0.0077 0.0496
vn -0.9752 -0.0017 0.2214
vn -0.9841 -0.0024 0.1776
vn -0.9701 -0.0072 0.2425
vn -0.9417 -0.0065 0.3364
vn -0.9807 -0.0052 0.1953
vn -0.9924 -0.0184 0.1213
vn -0.5272 -0.0052 -0.8497
vn 0.7184 -0.0184 0.6954
vn 0.5950 -0.0072 0.8037
vn 0.5146 -0.0000 0.8574
vn 0.5124 0.0010 0.8587
vn 0.4276 0.0078 0.9039
vn 0.5774 -0.0017 0.8165
vn 0.6459 0.7540 0.1197
vn 0.5955 -0.0072 0.8033
vn 0.6710 -0.0065 0.7414
vn -0.0380 -0.9987 -0.0344
vn 0.9164 -0.0673 -0.3946
vn -0.0495 0.0076 0.9987
vn 0.5554 -0.0053 0.8316
vn 0.4912 -0.0184 0.8708
vn 0.9728 -0.0059 0.2314
vn 0.3704 -0.0185 -0.9287
vn 0.5143 -0.0073 -0.8576
vn 0.5955 -0.0001 -0.8034
vn 0.5972 0.0010 -0.8021
vn -0.8373 -0.0084 0.5466
vn 0.6714 0.0077 -0.7411
vn 0.5324 -0.0017 -0.8465
vn 0.5706 -0.0023 -0.8212
vn 0.5347 0.7381 0.4115
vn 0.5146 -0.0072 -0.8574
vn 0.0981 -0.9944 -0.0402
vn -0.9545 -0.0052 -0.2981
vn 0.5555 -0.0053 -0.8315
vn 0.6163 -0.0184 -0.7873
vn -0.9997 -0.0185 0.0170
vn -0.9896 -0.0075 -0.1437
vn -0.9701 -0.0000 -0.2427
vn -0.9696 0.0010 -0.2447
vn 0.8575 0.0057 -0.5144
vn -0.9417 0.0077 -0.3364
vn -0.9847 -0.0012 -0.1742
vn 0.9402 -0.0061 -0.3406
vn -0.9891 -0.0072 -0.1468
vn -0.9987 -0.0065 -0.0497
vn -0.6834 -0.7005 -0.2056
vn 0.6288 -0.0056 -0.7776
vn -0.9808 -0.0055 -0.1949
vn -0.9616 -0.0184 -0.2739
vn 0.3949 -0.0185 0.9185
vn 0.2437 -0.0074 0.9698
vn 0.1474 -0.0002 0.9891
vn 0.1447 0.0010 0.9895
vn 0.3174 -0.9437 -0.0926
vn 0.0489 0.0078 0.9988
vn 0.2223 -0.0017 0.9750
vn 0.1773 -0.0024 0.9842
vn -0.5833 -0.0052 0.8122
vn 0.2425 -0.0072 0.9701
vn -0.0328 -0.0288 0.9990
vn -0.1577 -0.6564 0.7378
vn -0.0915 -0.0050 -0.9958
vn 0.1953 -0.0052 0.9807
vn 0.1213 -0.0184 0.9924
vn 0.9996 -0.0043 -0.0286
vn 0.6947 -0.0185 -0.7191
vn 0.8010 -0.0076 -0.5986
vn 0.8576 -0.0000 -0.5144
vn 0.8587 0.0010 -0.5124
vn 0.9039 0.0077 -0.4277
vn 0.8193 -0.0012 -0.5734
vn 0.8410 -0.0027 -0.5410
vn 0.8033 -0.0072 -0.5955
vn 0.7410 -0.0065 -0.6715
vn 0.8315 -0.0056 -0.5555
vn 0.8738 -0.0184 -0.4860
vn 0.1556 -0.6029 -0.7825
vn 0.7536 0.0009 -0.6573
vn -0.7825 -0.6029 0.1556
vn -0.9997 -0.0000 -0.0238
vn 0.4432 -0.6029 -0.6634
vn -0.7825 -0.6029 -0.1555
vn 0.1206 -0.9926 0.0153
vn -0.2341 -0.6822 0.6927
vn -0.4504 -0.8924 0.0293
vn 0.7825 -0.6029 0.1556
vn -0.9267 0.3449 0.1489
vn 0.7825 -0.6029 -0.1556
vn -0.1557 -0.6029 0.7825
vn -0.9543 0.0010 -0.2987
vn -0.5555 -0.0002 -0.8315
vn -0.3957 -0.9115 -0.1126
vn 0.1233 0.9859 0.1131
vn -0.5190 0.1619 0.8393
vn 0.9471 0.0047 -0.3208
vn 0.9878 0.0166 -0.1551
vn -0.9998 -0.0187 0.0016
vn 0.9806 0.0212 -0.1950
vn 0.9645 0.0358 -0.2617
vn 0.9910 0.0245 -0.1316
vn 0.6083 -0.0739 -0.7902
vn 0.9981 0.0180 -0.0588
vn 0.9992 0.0392 0.0120
vn 0.9909 0.0254 -0.1320
vn 0.9741 0.0155 -0.2257
vn 0.9827 0.0218 0.1837
vn -0.5992 0.0022 -0.8006
vn -0.5955 -0.0019 -0.8033
vn -0.6729 -0.0066 -0.7397
vn -0.5268 -0.0002 -0.8500
vn -0.2626 -0.9627 -0.0648
vn -0.5557 0.0034 -0.8314
vn -0.6166 0.0120 -0.7872
vn -0.5054 0.0042 -0.8629
vn -0.4392 0.0006 -0.8984
vn -0.3733 0.0117 -0.9276
vn -0.5051 0.0044 -0.8631
vn -0.5921 -0.0009 -0.8058
vn 0.4538 -0.0048 -0.8911
vn -0.9957 0.0085 -0.0926
vn -0.4551 -0.0010 0.8904
vn -0.6292 0.0129 0.7772
vn -0.5554 0.0084 0.8315
vn -0.4920 0.0180 0.8704
vn 0.8553 -0.0073 0.5181
vn -0.6101 0.0110 0.7923
vn -0.5569 -0.5893 0.5853
vn -0.6633 -0.6029 0.4432
vn -0.6672 0.0079 0.7449
vn -0.7119 0.0196 0.7020
vn -0.3333 -0.9130 -0.2352
vn -0.5348 0.0055 0.8449
vn -0.5555 0.0051 0.8315
vn 0.0389 -0.9972 -0.0635
vn -0.9994 0.0100 0.0330
vn 0.9987 0.0002 0.0519
vn 0.9750 0.0113 0.2220
vn 0.9839 0.0139 0.1780
vn 0.9806 0.0201 0.1951
vn 0.9917 0.0375 0.1226
vn 0.9708 0.0190 0.2393
vn 0.9435 0.0175 0.3308
vn 0.9468 0.0129 0.3215
vn 0.9229 0.0341 0.3836
vn 0.9686 0.0206 0.2479
vn 0.9890 0.0100 0.1473
vn 0.1054 -0.9942 -0.0202
vn -0.3303 -0.0079 -0.9438
vn 0.1399 0.4359 0.8890
vn -0.1532 -0.0001 -0.9882
vn 0.1179 -0.0029 -0.9930
vn -0.2590 -0.9591 0.1139
vn -0.1952 0.0023 -0.9808
vn -0.2660 0.0111 -0.9639
vn -0.0537 0.0013 -0.9986
vn 0.0183 0.0137 -0.9997
vn -0.1285 0.0050 -0.9917
vn -0.2270 -0.0010 -0.9739
vn -0.4662 0.8809 0.0824
vn 0.8542 0.5128 0.0858
vn -0.7566 0.0017 0.6538
vn -0.8529 0.0081 0.5221
vn 0.0414 -0.8307 -0.5551
vn -0.8315 0.0107 0.5554
vn -0.7875 0.0195 0.6161
vn 0.0020 0.9968 0.0799
vn -0.8634 0.0122 0.5043
vn -0.8995 0.0091 0.4367
vn -0.9256 0.0199 0.3781
vn -0.8634 0.0125 0.5043
vn -0.8133 0.0073 0.5818
vn -1.0000 0.0055 -0.0000
vn 0.8546 0.0035 0.5192
vn 0.9041 -0.0065 0.4274
vn 0.9586 0.2477 -0.1403
vn 0.8171 0.0038 0.5765
vn 0.8429 0.0064 0.5380
vn 0.5903 0.1938 0.7836
vn 0.8314 0.0134 0.5554
vn 0.8715 0.0319 0.4893
vn 0.8076 0.0112 0.5896
vn 0.7452 0.0099 0.6668
vn 0.7521 0.0055 0.6591
vn 0.7085 0.0252 0.7052
vn 0.8016 0.0125 0.5977
vn 0.8592 0.0027 0.5116
vn -0.5065 -0.8543 -0.1168
vn -0.1078 -0.9934 -0.0396
vn 0.1661 -0.0000 -0.9861
vn 0.1346 0.0086 -0.9909
vn 0.0683 -0.0062 -0.9976
vn -0.6401 -0.7485 -0.1732
vn 0.3024 0.0119 -0.9531
vn -0.4379 -0.8643 -0.2475
vn 0.1952 0.0043 -0.9808
vn 0.1262 0.0134 -0.9919
vn 0.3200 -0.0163 0.9473
vn 0.3387 0.0054 -0.9409
vn 0.4048 0.0196 -0.9142
vn 0.1773 0.0024 -0.9842
vn -0.9732 0.0096 0.2297
vn -0.9459 0.0019 0.3245
vn -0.9867 0.0075 0.1624
vn -0.8214 -0.0024 -0.5704
vn -0.9807 0.0110 0.1951
vn -0.9630 0.0194 0.2689
vn -0.9897 0.0113 0.1425
vn -0.9583 0.2856 0.0015
vn -0.9979 0.0082 0.0637
vn -0.9998 0.0184 -0.0029
vn -0.9902 0.0118 0.1389
vn -0.9720 0.0069 0.2350
vn -0.6742 -0.7314 -0.1025
vn 0.0766 -0.9624 0.2605
vn 0.9038 0.0039 0.4279
vn -0.5793 0.0187 0.8149
vn 0.5870 0.0038 0.8096
vn 0.6640 -0.0101 0.7476
vn 0.5276 -0.0003 0.8495
vn 0.2645 -0.8608 -0.4347
vn 0.5557 0.0064 0.8314
vn 0.6188 0.0233 0.7852
vn 0.5122 0.0063 0.8589
vn 0.1234 -0.8990 -0.4201
vn 0.4391 0.0010 0.8984
vn 0.3823 0.0187 0.9239
vn 0.5081 0.0070 0.8612
vn 0.5655 0.0080 0.8247
vn 0.5905 -0.0013 0.8070
vn 0.5759 0.8088 0.1195
vn -0.9941 0.0111 -0.1076
vn -0.9725 -0.0052 -0.2328
vn 0.5354 0.0053 -0.8446
vn 0.5097 0.0148 -0.8602
vn 0.4543 -0.0015 -0.8909
vn 0.0893 -0.8208 -0.5642
vn 0.1103 -0.9338 0.3404
vn 0.5554 0.0095 -0.8315
vn 0.4986 0.0195 -0.8666
vn -0.9964 -0.0012 0.0843
vn 0.4091 0.9059 0.1091
vn 0.5341 0.8333 0.1425
vn 0.6754 0.0120 -0.7373
vn 0.7256 0.0284 -0.6875
vn 0.6169 0.0162 -0.7869
vn 0.5480 0.0087 -0.8364
vn 0.1507 -0.8911 -0.4281
vn -0.9892 0.0037 -0.1467
vn -0.9986 -0.0000 -0.0521
vn -0.9743 0.0052 -0.2252
vn -0.9839 0.0065 -0.1788
vn -0.4462 -0.5143 -0.7324
vn -0.9807 0.0079 -0.1952
vn -0.9925 0.0176 -0.1211
vn -0.9701 0.0090 -0.2426
vn -0.9418 0.0083 -0.3362
vn -0.9705 0.0070 -0.2408
vn -0.9465 0.0060 -0.3225
vn -0.9228 0.0157 -0.3848
vn -0.9751 0.0082 -0.2218
vn -0.9890 0.0046 -0.1478
vn 0.5976 0.7880 0.1480
vn -0.2775 -0.9599 -0.0384
vn 0.2399 -0.9673 -0.0821
vn 0.3148 -0.0089 0.9491
vn 0.1091 0.0083 0.9940
vn 0.0197 -0.1901 0.9816
vn 0.1952 0.0038 0.9808
vn 0.2700 0.0177 0.9627
vn 0.1333 0.0061 0.9911
vn 0.0560 0.0018 0.9984
vn -0.0047 0.0169 0.9998
vn 0.1261 0.9901 0.0619
vn 0.2249 -0.0009 0.9744
vn -0.3067 0.0024 -0.9518
vn -0.0065 -0.0152 -0.9999
vn 0.8167 0.0111 -0.5770
vn 0.7985 0.0220 -0.6017
vn 0.7605 0.0036 -0.6493
vn 0.6297 -0.0075 0.7768
vn 0.8870 0.0266 -0.4610
vn 0.5097 0.7821 0.3585
vn 0.8313 0.0164 -0.5555
vn 0.7927 0.0282 -0.6090
vn -0.9908 -0.0002 0.1354
vn 0.9042 0.0176 -0.4267
vn 0.9317 0.0366 -0.3615
vn -0.2217 -0.9740 -0.0464
vn 0.8233 0.0145 -0.5674
vn -0.8587 0.0006 -0.5125
vn -0.9051 -0.0034 -0.4252
vn -0.8138 0.0022 -0.5811
vn -0.8412 0.0034 -0.5407
vn -0.8315 0.0049 -0.5555
vn -0.8706 0.0147 -0.4917
vn 0.3140 -0.0008 0.9494
vn -0.8025 0.0060 -0.5966
vn 0.9188 -0.3896 0.0640
vn -0.8043 0.0039 -0.5942
vn -0.7525 0.0025 -0.6586
vn -0.7037 0.0129 -0.7104
vn -0.8157 0.0051 -0.5784
vn -0.8583 0.0015 -0.5132
vn 0.6682 -0.0080 0.7439
vn -0.4739 -0.8740 -0.1079
vn -0.0797 -0.0051 0.9968
vn -0.5644 -0.7760 -0.2815
vn -0.1971 0.0043 0.9804
vn 0.9036 0.2040 0.3766
vn -0.1952 0.0052 0.9808
vn -0.1206 0.0166 0.9926
vn -0.2618 0.0084 0.9651
vn -0.3331 0.0049 0.9429
vn -0.3894 0.0180 0.9209
vn 0.2179 0.0790 0.9728
vn -0.1709 0.0021 0.9853
vn -0.7053 -0.6990 -0.1183
vn -0.6849 -0.7192 -0.1167
vn -0.7478 -0.6530 -0.1197
vn -0.6498 -0.7497 -0.1251
vn 0.5868 0.0044 0.8097
vn 0.7726 -0.0081 0.6348
vn -0.8052 -0.0000 -0.5930
vn 0.4742 0.0086 -0.8804
vn -0.6558 0.0011 0.7550
vn -0.6748 -0.7202 -0.1614
vn -0.0351 -0.0390 0.9986
vn -0.5954 -0.7979 -0.0944
vn -0.8314 0.0073 0.5556
vn 0.2787 0.9591 0.0491
vn -0.2152 0.9756 0.0435
vn 0.1778 0.9530 0.2455
vn 0.2519 0.9530 0.1681
vn 0.3180 0.9312 0.1782
vn 0.5188 0.8431 0.1414
vn -0.1970 0.0007 -0.9804
vn 0.8457 0.3572 -0.3965
vn 0.0209 -0.9995 -0.0239
vn 0.2715 0.9465 0.1747
vn 0.1182 0.9683 0.2202
vn 0.6485 -0.4686 -0.5999
vn 0.2953 0.9422 0.1583
vn 0.0897 0.9670 0.2387
vn -0.5461 -0.8301 -0.1129
vn -0.6895 -0.7205 -0.0738
vn -0.6864 -0.7199 -0.1030
vn 0.9957 0.0186 0.0908
vn 0.4929 0.8605 0.1286
vn 0.2197 0.9745 0.0467
vn -0.1537 0.9841 0.0887
vn -0.6633 -0.6029 -0.4433
vn -0.7051 -0.7054 -0.0725
vn -0.6813 -0.7266 -0.0891
vn 0.9817 -0.0044 -0.1903
vn -0.6385 -0.7487 -0.1784
vn -0.9395 0.0581 0.3377
vn 0.9801 0.0183 -0.1975
vn 0.2427 0.0048 0.9701
vn -0.3489 -0.9354 0.0575
vn 0.1713 -0.9791 -0.1094
vn -0.0072 0.0574 0.9983
vn -0.9958 0.0588 0.0695
vn -0.5795 -0.8112 -0.0781
vn 0.6479 0.7572 0.0829
vn -0.6114 -0.7883 -0.0692
vn 0.0027 0.1354 -0.9908
vn -0.6138 -0.7812 -0.1139
vn -0.9872 0.0011 0.1596
vn -0.1896 -0.6379 -0.7464
vn 0.6230 0.7692 0.1421
vn 0.9058 0.0390 0.4219
vn 0.9978 -0.0055 0.0664
vn 0.7061 0.6802 0.1968
vn 0.1264 -0.9793 0.1583
vn 0.6684 0.7220 0.1787
vn -0.3065 -0.9517 -0.0192
vn 0.4035 0.9111 0.0846
vn 0.3852 0.9206 0.0644
vn 0.6828 0.7082 0.1798
vn 0.6271 0.7599 0.1709
vn 0.0075 0.9961 0.0882
vn 0.6962 0.6981 0.1670
vn 0.7206 0.6657 0.1940
vn 0.7612 0.6433 0.0820
vn 0.5487 0.8226 0.1491
vn 0.6850 0.7238 0.0830
vn -0.5408 -0.8299 -0.1371
vn 0.6627 0.7408 0.1092
vn -0.3132 -0.9483 -0.0502
vn 0.6380 0.7439 0.1989
vn 0.6680 0.7441 0.0097
vn 0.5999 0.7970 -0.0702
vn 0.6473 0.7556 0.1001
vn 0.6719 0.7370 0.0738
vn 0.6088 0.7929 -0.0270
vn -0.6270 -0.7710 -0.1111
vn 0.6583 0.7273 0.1940
vn 0.0902 -0.9918 -0.0906
vn 0.6804 0.7270 0.0927
vn 0.6585 0.7488 0.0755
vn 0.6417 0.7633 0.0748
vn 0.6193 0.7804 0.0864
vn 0.5440 0.7633 0.3483
vn 0.6496 0.7091 0.2743
vn 0.5972 0.7457 0.2954
vn 0.6874 0.6966 0.2056
vn 0.6895 0.7220 0.0569
vn 0.7041 0.7065 -0.0707
vn 0.6485 0.7504 -0.1278
vn 0.6612 0.7442 0.0944
vn 0.6515 0.7536 0.0869
vn 0.6834 0.7286 -0.0450
vn 0.6329 0.7682 -0.0962
vn -0.5708 -0.0023 0.8211
vn -0.0002 0.0965 0.9953
vn -0.2382 -0.2419 0.9406
vn -0.2521 -0.5588 -0.7900
vn 0.0669 -0.9525 0.2972
vn 0.7774 0.6127 -0.1423
vn 0.7301 0.6589 -0.1810
vn 0.6860 0.7234 0.0782
vn 0.6733 0.7356 0.0741
vn 0.7491 0.6530 -0.1121
vn 0.7038 0.6947 -0.1484
vn 0.6563 0.7515 0.0670
vn 0.6136 0.7833 0.0998
vn 0.7160 0.6950 0.0656
vn 0.4656 -0.0051 0.8850
vn 0.6428 0.7358 0.2132
vn 0.6722 0.7135 0.1975
vn 0.6066 0.7705 0.1960
vn 0.6239 0.7523 0.2116
vn 0.6354 0.7668 0.0910
vn 0.7034 0.6872 -0.1815
vn 0.6343 0.7601 -0.1411
vn 0.6932 0.7055 -0.1475
vn 0.5786 0.8154 -0.0159
vn 0.6457 0.7370 0.1997
vn 0.6609 0.7255 0.1918
vn 0.5423 0.7283 0.4190
vn 0.6238 0.6884 0.3700
vn 0.5442 0.7452 0.3855
vn 0.6187 0.7079 0.3408
vn 0.1354 0.9905 0.0233
vn -0.5704 -0.8104 -0.1336
vn 0.0682 0.1579 0.9851
vn 0.5757 0.8053 0.1417
vn 0.0757 -0.9966 -0.0328
vn 0.6271 0.7683 0.1286
vn -0.2276 -0.0016 -0.9738
vn 0.6547 0.7329 0.1850
vn 0.6324 0.7528 0.1828
vn 0.7079 0.6470 0.2832
vn 0.5357 0.7895 0.2994
vn 0.6606 0.7361 0.1476
vn -0.3365 0.0058 -0.9417
vn 0.6439 0.7347 0.2134
vn 0.6771 0.7188 0.1578
vn 0.6588 0.7432 0.1168
vn 0.6426 0.7595 0.1013
vn 0.6001 0.7958 0.0811
vn 0.6324 0.7605 0.1473
vn 0.6417 0.7532 0.1449
vn 0.6506 0.7351 0.1904
vn 0.5570 0.8158 0.1554
vn 0.6328 0.7578 0.1594
vn 0.7242 0.6263 0.2887
vn 0.7757 0.6290 0.0518
vn 0.6425 0.7538 0.1377
vn 0.6347 0.7650 0.1094
vn 0.7149 0.6957 0.0707
vn 0.6666 0.7389 -0.0982
vn 0.6455 0.7549 0.1164
vn 0.6324 0.7668 0.1101
vn 0.6915 0.7171 -0.0874
vn 0.7426 0.6691 -0.0292
vn 0.7111 0.7011 -0.0519
vn 0.6601 0.5318 0.5306
vn 0.6438 0.7344 0.2148
vn 0.5568 0.7696 0.3125
vn 0.6495 0.5818 0.4895
vn 0.6673 0.7045 0.2418
vn 0.6840 0.6864 0.2470
vn 0.6872 0.4894 0.5369
vn 0.7306 0.4423 0.5202
vn 0.6608 0.5544 0.5060
vn 0.7061 0.5103 0.4909
vn 0.9976 -0.0692 -0.0059
vn 0.5942 0.7868 0.1669
vn 0.6493 0.7208 0.2425
vn 0.6885 0.6700 0.2775
vn 0.7322 0.6558 0.1838
vn 0.7025 0.6968 0.1445
vn 0.6815 0.7203 0.1294
vn 0.6016 0.7929 0.0972
vn 0.6493 0.7439 0.1584
vn 0.6599 0.7334 0.1634
vn 0.5785 0.6745 0.4588
vn 0.8547 0.5071 0.1111
vn 0.6901 0.7069 0.1553
vn 0.6768 0.7230 0.1386
vn 0.8228 0.5617 0.0868
vn 0.7979 0.6021 0.0274
vn 0.7129 0.6821 0.1631
vn 0.6631 0.7337 0.1482
vn 0.7447 0.6671 -0.0212
vn 0.8790 0.4552 0.1421
vn 0.7362 0.6740 0.0611
vn 0.6689 0.7231 0.1723
vn -0.1682 -0.9829 -0.0745
vn -0.6714 -0.7266 -0.1460
vn 0.6683 0.7319 0.1328
vn 0.7017 0.6120 0.3648
vn 0.7799 0.5408 0.3150
vn 0.6672 0.7242 0.1743
vn 0.7115 0.6832 0.1644
vn 0.7287 0.6295 0.2698
vn 0.8604 0.4679 0.2019
vn 0.7111 0.6857 0.1552
vn 0.0213 -0.0016 0.9998
vn 0.6130 0.7587 0.2206
vn 0.9120 0.3983 0.0986
vn 0.9065 0.3739 0.1960
vn 0.2065 0.0048 -0.9784
vn -0.9928 0.0100 0.1192
vn 0.7466 0.6220 0.2360
vn 0.7735 0.6044 0.1906
vn 0.7725 0.6165 0.1521
vn 0.7389 0.6671 0.0950
vn 0.6511 0.7313 0.2032
vn 0.7516 0.5626 0.3444
vn 0.8006 0.5379 0.2641
vn 0.6435 0.6427 0.4156
vn 0.7276 0.6330 0.2644
vn 0.6854 0.7046 0.1837
vn 0.6429 0.7455 0.1758
vn 0.6413 0.7536 0.1442
vn 0.8961 0.3606 0.2590
vn 0.0143 -0.9883 -0.1517
vn 0.7520 0.6332 0.1834
vn 0.9124 0.3802 0.1516
vn 0.7494 0.6452 0.1488
vn 0.6110 0.7828 0.1181
vn 0.6315 0.7652 0.1249
vn 0.6330 0.7647 0.1208
vn 0.5432 0.8396 -0.0076
vn 0.7051 0.7068 0.0566
vn -0.1050 0.0007 0.9945
vn 0.3407 -0.0061 0.9401
vn 0.6241 0.7496 0.2204
vn 0.7165 0.6850 0.1320
vn 0.6959 0.7005 0.1585
vn 0.7023 0.6940 0.1584
vn 0.7618 0.6003 0.2435
vn 0.6544 0.7433 0.1387
vn -0.3480 -0.9341 -0.0793
vn 0.5436 0.7033 0.4581
vn 0.5706 0.6670 0.4790
vn 0.5783 0.6762 0.4564
vn 0.5963 0.6501 0.4710
vn 0.6485 0.7247 0.2331
vn 0.6808 0.6965 0.2266
vn 0.5906 0.7862 0.1818
vn 0.6444 0.7343 0.2134
vn 0.6596 0.7216 0.2103
vn 0.5912 0.6472 0.4813
vn 0.6582 0.6049 0.4482
vn 0.5804 0.6816 0.4455
vn 0.6416 0.6447 0.4155
vn 0.9372 -0.3436 -0.0604
vn 0.9785 0.0011 0.2060
vn 0.0213 0.0764 0.9969
vn 0.2128 0.9765 0.0343
vn -0.1511 -0.9880 -0.0329
vn -0.9974 -0.0044 0.0724
vn -0.9948 0.0865 -0.0541
vn -0.9449 0.0002 0.3272
vn -0.7823 -0.0007 0.6229
vn 0.1477 -0.9146 -0.3765
vn 0.0106 -0.9989 -0.0463
vn -0.2446 -0.9682 -0.0523
vn -0.0023 -0.2540 0.9672
vn 0.0636 0.0004 -0.9980
vn 0.0810 0.9905 0.1114
vn -0.7008 -0.7056 -0.1054
vn 0.9687 -0.0014 0.2481
vn 0.6152 -0.0000 0.7884
vn 0.2189 -0.0004 -0.9757
vn -0.6256 -0.7801 -0.0075
vn -0.2324 0.0007 -0.9726
vn 0.5738 -0.0001 0.8190
vn -0.9992 -0.0006 0.0388
vn -0.5026 0.0003 -0.8645
vn 0.1108 -0.3727 -0.9213
vn -0.1244 -0.1365 -0.9828
vn -0.1102 -0.0006 0.9939
vn -0.1622 -0.0051 -0.9867
vn 0.8449 -0.0000 0.5350
vn -0.0023 0.0398 0.9992
vn -0.2232 -0.9550 -0.1956
vn -0.6286 -0.5907 0.5059
vn -0.9982 -0.0014 -0.0594
vn -0.3128 -0.6831 0.6600
vn -0.9725 -0.0002 0.2330
vn 0.9959 -0.0569 -0.0708
vn 0.6965 0.0004 0.7175
vn 0.0326 0.0060 0.9994
vn 0.5708 0.0003 -0.8211
vn 0.0426 0.9888 0.1431
vn -0.9065 0.0011 0.4222
vn -0.0219 -0.9748 0.2219
vn 0.1558 -0.6029 0.7825
vn 0.8288 0.5577 0.0461
vn -0.0781 0.0002 0.9969
vn -0.4432 -0.6029 -0.6634
vn 0.2499 0.0557 0.9667
vn -0.9626 -0.0004 0.2710
vn 0.0951 -0.3038 -0.9480
vn 0.1463 -0.9868 -0.0700
vn -0.5093 0.0393 -0.8597
vn -0.9990 0.0116 -0.0441
vn 0.5555 -0.0004 0.8315
vn 0.9376 -0.0010 0.3477
vn 0.8001 -0.0800 -0.5945
vn 0.1350 -0.0014 0.9908
vn -0.8499 -0.0001 0.5269
vn -0.5728 -0.0003 -0.8197
vn 0.0925 -0.9957 -0.0101
vn -0.9561 -0.0004 0.2930
vn -0.0087 -0.0272 -0.9996
vn -0.0837 0.0475 -0.9954
vn -0.0543 -0.1866 -0.9809
vn -0.7955 -0.6059 0.0015
vn 0.9620 -0.0061 0.2731
vn -0.0013 0.0941 0.9956
vn -0.4858 0.0027 -0.8740
vn -0.6283 0.0098 0.7779
vn -0.0127 0.0123 -0.9998
vn -0.8940 0.4044 0.1930
vn -1.0000 -0.0000 -0.0012
vn 0.9257 -0.0002 -0.3782
vn 0.1091 0.1427 0.9837
vn -0.0241 -0.0049 -0.9997
vn 0.1621 -0.0530 -0.9854
vn -0.0254 -0.0230 -0.9994
vn -0.1655 -0.1263 -0.9781
vn -0.1652 -0.1657 -0.9722
vn -0.0961 -0.0342 -0.9948
vn 0.9978 -0.0567 -0.0333
vn 0.8301 -0.0076 0.5575
vn -0.6970 -0.6845 -0.2138
vn 0.1984 -0.0002 0.9801
vn -0.2961 -0.0051 0.9552
vn 0.1222 0.0004 -0.9925
vn -0.8125 -0.0001 0.5829
vn -0.2162 -0.0217 -0.9761
vn -0.1616 0.1975 -0.9669
vn -0.0190 -0.0563 -0.9982
vn -0.0371 -0.0267 -0.9990
vn -0.0415 0.0168 -0.9990
vn -0.1641 -0.1707 -0.9716
vn -0.2052 -0.1188 -0.9715
vn -0.0266 -0.0220 -0.9994
vn -0.0770 -0.1458 -0.9863
vn -0.1768 -0.1187 -0.9771
vn -0.0365 0.0445 -0.9983
vn -0.0256 0.0607 -0.9978
vn 0.0217 -0.9909 -0.1327
vn 0.9971 -0.0003 0.0758
vn 0.7340 0.0079 0.6791
vn 0.9475 -0.0631 -0.3134
vn -0.1470 0.0031 -0.9891
vn 0.3451 -0.0582 -0.9367
vn 0.4953 -0.0003 0.8687
vn 0.9869 -0.0002 0.1612
vn 0.5802 -0.0005 0.8145
vn -0.2668 -0.6923 0.6705
vn -0.5186 0.8494 0.0984
vn -0.6840 0.0111 0.7294
vn 0.3544 0.0010 -0.9351
vn -0.6447 -0.0003 -0.7644
vn -0.9811 -0.0002 -0.1935
vn -0.2789 -0.9395 -0.1991
vn -0.5036 0.0014 -0.8639
vn -0.8240 0.0002 0.5666
vn -0.7849 -0.6046 -0.1358
vn 0.9638 -0.0000 -0.2667
vn 0.6634 -0.6029 -0.4432
vn -0.7033 -0.6991 -0.1289
vn -0.7338 0.0377 0.6783
vn -0.0334 0.0461 0.9984
vn -0.0107 -0.0326 -0.9994
vn 0.1889 -0.9785 -0.0833
vn 0.9177 -0.0066 0.3972
vn -0.1804 -0.1700 0.9688
vn 0.0218 0.9931 0.1149
vn -0.6317 0.0013 0.7752
vn -0.0306 0.1528 0.9878
vn 0.4267 0.8973 0.1132
vn 0.0602 0.0684 -0.9958
vn 0.9999 0.0011 0.0104
vn 0.9726 -0.0045 -0.2323
vn 0.0436 -0.2911 -0.9557
vn 0.5213 -0.0002 -0.8534
vn 0.8176 -0.0000 -0.5758
vn 0.6615 0.7275 0.1819
vn -0.7345 -0.6694 -0.1119
vn -0.9916 0.1088 0.0692
vn 0.9891 0.0038 -0.1469
vn -0.7851 -0.6193 0.0055
vn 0.8057 0.0150 -0.5921
vn -0.7999 -0.6001 -0.0108
vn 0.1470 0.0062 0.9891
vn -0.7883 0.0045 -0.6153
vn -0.1472 -0.9863 -0.0743
vn 0.4355 0.0069 -0.9001
vn -0.1528 -0.6546 -0.7404
vn 0.7652 -0.0007 0.6438
vn 0.0461 0.0372 -0.9982
vn 0.5378 0.0323 0.8424
vn 0.2427 0.0079 -0.9701
vn 0.0075 0.9953 0.0961
vn 0.5727 -0.0012 -0.8198
vn -0.9876 0.0081 -0.1570
vn -0.9363 0.3048 0.1746
vn -0.1167 0.0075 0.9931
vn -0.2920 -0.9553 -0.0464
vn 0.8374 -0.0084 -0.5465
vn -0.9812 -0.0691 -0.1801
vn -0.8372 0.0072 -0.5469
vn -0.1147 0.9887 0.0964
vn 0.0455 -0.4882 0.8715
vn -0.0092 0.8479 -0.5301
vn -0.0489 -0.0063 0.9988
vn -0.4716 0.1665 -0.8660
vn 0.0333 -0.9149 0.4022
vn 0.1549 0.0081 -0.9879
vn 0.2693 -0.0208 -0.9628
vn -0.0538 0.2906 0.9553
vn 0.4761 -0.0002 -0.8794
vn -0.3748 0.9215 -0.1018
vn 0.8501 0.0007 -0.5267
vn 0.9988 -0.0063 0.0493
vn 0.9447 0.0032 0.3280
vn -0.0045 -0.9585 0.2851
vn -0.7610 -0.6476 0.0378
vn -0.4718 0.1653 0.8660
vn -0.2679 0.9632 0.0234
vn 0.8071 0.0059 -0.5903
vn -0.3620 -0.6603 0.6580
vn -0.9772 -0.0027 -0.2123
vn 0.8523 -0.0052 -0.5230
vn 0.4177 -0.0073 0.9085
vn 0.1380 0.9899 0.0336
vn 0.6758 0.7143 0.1816
vn 0.9491 -0.0062 0.3148
vn 0.0356 0.0885 -0.9954
vn -0.6894 0.0002 0.7244
vn 0.0214 -0.4832 0.8752
vn 0.3808 0.9193 0.0993
vn -0.0280 -0.9365 0.3496
vn 0.5926 -0.8017 -0.0781
vn 0.0440 -0.9986 -0.0294
vn 0.4767 -0.1535 -0.8656
vn 0.3963 -0.9150 -0.0760
vn 0.7041 -0.0059 -0.7101
vn -0.4243 -0.0061 0.9055
vn 0.0437 -0.9604 0.2753
vn -0.9886 0.0004 -0.1508
vn -0.0714 -0.9957 -0.0583
vn -0.9466 -0.2832 -0.1538
vn -0.2173 -0.9756 -0.0304
vn 0.5634 0.8091 0.1673
vn 0.0883 0.1690 0.9817
vn -0.6192 -0.7675 -0.1659
vn 0.9941 0.0224 0.1059
vn 0.0759 0.9956 0.0543
vn 0.5889 -0.0072 0.8081
vn 0.0555 -0.0034 -0.9985
vn -0.5489 -0.8358 0.0077
vn 0.9879 0.0108 0.1550
vn -0.9002 -0.4112 -0.1435
vn 0.2080 0.9775 0.0344
vn -0.9365 -0.0004 -0.3507
vn -0.0010 -0.0040 1.0000
vn 0.5689 -0.0712 -0.8193
vn 0.5016 -0.0066 0.8651
vn -0.1841 -0.9810 -0.0606
vn -0.9586 0.2832 -0.0286
vn 0.4256 0.8964 0.1240
vn 0.9994 0.0217 -0.0269
vn -0.5283 -0.8395 -0.1271
vn -0.7205 -0.6808 -0.1320
vn 0.1132 0.1249 0.9857
vn 0.1546 0.9874 0.0343
vn 0.8847 0.0214 -0.4657
vn -0.0633 -0.1632 0.9846
vn 0.3305 0.9408 0.0758
vn -0.9976 0.0485 0.0500
vn -0.9011 0.3875 0.1946
vn -0.0199 0.9997 0.0142
vn 0.5801 0.8035 0.1341
vn 0.9813 -0.0749 0.1771
vn 0.1261 -0.9124 -0.3895
vn -0.0147 -0.0442 -0.9989
vn 0.5350 -0.0000 0.8449
vn 0.3233 -0.9439 -0.0667
vn -0.1640 -0.9651 -0.2040
vn 0.6054 0.7828 0.1438
vn -0.3905 -0.9147 -0.1038
vn -0.0008 -0.2057 -0.9786
vn -0.0283 0.0631 0.9976
vn -0.0713 -0.0014 0.9975
vn -0.6982 -0.7019 -0.1410
vn -0.7411 0.0096 -0.6713
vn 0.9988 0.0039 -0.0494
vn -0.4328 -0.5148 -0.7400
vn 0.0954 0.9945 0.0439
vn -0.3828 -0.6533 0.6533
vn -0.1752 -0.0011 0.9845
vn 0.2185 -0.9048 -0.3656
vn -0.7864 -0.6057 -0.1208
vn -0.6808 -0.7205 -0.1320
vn 0.0029 -0.1003 0.9950
vn 0.5408 -0.0024 0.8411
vn 0.6031 0.7942 0.0743
vn -0.3018 -0.9519 -0.0538
vn -0.4931 -0.0053 0.8700
vn -0.0021 1.0000 0.0013
vn 0.7034 0.0176 -0.7106
vn 0.4433 0.8872 0.1276
vn 0.4473 -0.0786 0.8909
vn -0.0376 -0.0103 0.9992
vn 0.0379 0.0964 0.9946
vn 0.8410 0.0139 0.5408
vn 0.0961 0.0100 -0.9953
vn 0.4928 -0.0003 0.8701
vn 0.9741 0.0146 -0.2258
vn -0.3803 0.4676 -0.7980
vn 0.1893 0.9814 0.0313
vn 0.2964 -0.0050 -0.9550
vn 0.7449 0.0070 -0.6671
vn -0.2824 -0.9581 -0.0484
vn 0.5047 0.8533 0.1309
vn -0.2633 0.9627 0.0629
vn 0.1112 -0.0035 -0.9938
vn 0.4434 -0.8935 -0.0707
vn 0.0273 0.9889 0.1457
vn 0.8122 -0.0051 0.5834
vn 0.0247 0.9886 0.1487
vn 0.3398 -0.9382 -0.0662
vn 0.0970 0.9951 0.0209
vn -0.4818 -0.8760 0.0244
vn -0.5003 -0.8584 -0.1131
vn 0.9925 -0.0000 -0.1224
vn -0.2674 -0.9626 -0.0427
vn 0.2665 -0.0053 0.9638
vn -0.5472 -0.8268 -0.1303
vn 0.1075 -0.0476 -0.9931
vn 0.9199 0.0011 0.3923
vn 0.6472 0.0156 -0.7622
vn -0.5259 -0.8435 -0.1091
vn 0.0062 -0.0834 0.9965
vn 0.2498 -0.0040 -0.9683
vn 0.1849 0.0866 0.9789
vn 0.0757 0.9969 0.0189
vn 0.1229 -0.0053 -0.9924
vn 0.3016 -0.0004 -0.9534
vn -0.9051 -0.0001 0.4251
vn -0.0000 0.9937 0.1120
vn -0.0000 -0.9141 -0.4056
vn 0.6066 -0.7910 -0.0800
vn 0.0951 0.9947 0.0381
vn 0.6482 -0.0767 -0.7576
vn 0.0935 0.0004 0.9956
vn -0.3107 -0.9458 -0.0942
vn -0.1018 -0.6309 0.7692
vn -0.0429 0.1705 0.9844
vn 0.0460 0.1868 0.9813
vn 0.0769 0.1505 0.9856
vn 0.3013 -0.0560 -0.9519
vn -0.2957 -0.0004 0.9553
vn -0.3056 0.0003 0.9522
vn 0.9948 0.0015 -0.1022
vn 0.5672 -0.8187 -0.0897
vn 0.5634 -0.8218 -0.0854
vn 0.5767 -0.8129 -0.0816
vn -0.9498 -0.2753 -0.1489
vn -0.9423 -0.2993 -0.1503
vn 0.9142 -0.0000 0.4053
vn -0.9518 0.0108 0.3066
vn 0.1497 0.0032 -0.9887
vn 0.1508 0.0031 -0.9886
vn -0.1947 -0.9737 0.1182
vn 0.2510 -0.9491 -0.1903
vn -0.9981 0.0588 0.0169
vn -0.9970 0.0709 0.0317
vn -0.9969 0.0714 0.0317
vn -0.9981 0.0534 0.0317
vn 0.4362 -0.0011 -0.8998
vn 0.3567 0.0003 -0.9342
vn -1.0000 0.0006 -0.0000
vn -1.0000 -0.0000 -0.0006
vn -1.0000 0.0006 -0.0007
vn 0.9165 -0.0049 -0.3999
vn -0.1657 -0.6540 0.7381
vn 0.0431 0.9927 0.1129
vn -0.2252 -0.6168 -0.7542
vn 0.6688 0.7267 0.1570
vn 0.1488 0.1000 0.9838
vn -0.1525 -0.9868 -0.0543
vn -0.2065 -0.0083 0.9784
vn 0.0791 -0.9431 0.3231
vn -0.4399 0.0003 -0.8981
vn 0.0892 -0.3696 -0.9249
vn 0.0806 -0.3583 -0.9301
vn -0.1064 -0.1358 -0.9850
vn -0.1076 -0.1350 -0.9850
vn -0.1147 -0.1394 -0.9836
vn 0.8981 -0.0915 0.4303
vn 0.0915 0.9956 0.0192
vn 0.0903 0.9959 0.0077
vn 0.2770 -0.0038 0.9609
vn 0.2539 -0.0038 0.9672
vn 0.2660 -0.0003 0.9640
vn 0.1015 0.9948 0.0113
vn 0.0991 0.9951 -0.0005
vn 0.1735 0.9843 0.0320
vn 0.9743 0.0007 -0.2252
vn -0.1993 -0.0014 0.9799
vn 0.9517 -0.0060 0.3070
vn 0.0071 0.9871 0.1600
vn 0.0092 0.9869 0.1612
vn 0.9232 -0.0007 -0.3843
vn -0.1875 -0.1979 -0.9621
vn -0.1359 -0.9904 -0.0244
vn -0.1405 -0.9899 -0.0209
vn -0.1249 -0.9920 0.0191
vn -0.1165 -0.9932 0.0058
vn -0.1242 -0.9923 -0.0037
vn -0.0204 -0.2524 0.9674
vn -0.2489 -0.9682 -0.0269
vn -0.2493 -0.9681 -0.0242
vn -0.2657 -0.9636 -0.0284
vn -0.7479 -0.6638 -0.0046
vn 0.5188 0.8441 0.1350
vn 0.0838 0.0395 -0.9957
vn -0.7847 -0.6197 0.0132
vn 0.5375 0.0004 -0.8433
vn -0.6515 -0.0008 -0.7586
vn 0.0531 -0.0454 -0.9976
vn -0.9313 0.3321 0.1496
vn 0.2238 0.9252 0.3065
vn 0.9330 -0.0000 -0.3598
vn 0.6317 -0.7735 -0.0513
vn 0.9399 -0.0012 0.3415
vn -0.2155 -0.0002 0.9765
vn -0.7092 -0.7049 -0.0167
vn -0.2157 -0.9694 0.1174
vn -0.9226 -0.0009 -0.3858
vn 1.0000 -0.0007 0.0039
vn -0.8418 -0.0005 0.5398
vn 0.9747 -0.0009 -0.2236
vn -0.2627 0.0007 0.9649
vn -0.7103 0.0012 0.7039
vn 0.9478 -0.0003 -0.3188
vn -0.6764 -0.0010 0.7365
vn -0.5592 0.0011 0.8290
vn 0.8200 -0.0004 -0.5724
vn 0.8806 -0.0002 -0.4739
vn -0.4741 0.0011 0.8805
vn -0.0784 -0.0013 -0.9969
vn 0.7482 0.0014 -0.6634
vn 0.7146 -0.0011 -0.6995
vn 0.3938 -0.0009 0.9192
vn -0.2966 -0.0011 0.9550
vn 0.5122 -0.0008 -0.8588
vn 0.6392 -0.0012 -0.7690
vn -0.7982 0.0656 -0.5988
vn -0.5502 -0.0002 -0.8350
vn -0.6603 0.7376 0.1411
vn 0.1001 -0.0005 0.9950
vn -0.7432 -0.0010 -0.6691
vn -0.6737 -0.0011 -0.7390
vn -0.6364 0.0012 -0.7714
vn -0.8546 0.0002 -0.5193
vn -0.9380 -0.0002 -0.3466
vn -0.9015 -0.0002 -0.4328
vn 0.4663 0.0010 0.8846
vn -0.9689 0.0003 -0.2476
vn -0.9038 0.0082 0.4279
vn 0.0674 0.9975 0.0234
vn 0.0769 0.9965 0.0313
vn 0.0768 0.9964 0.0346
vn 0.0587 0.9978 0.0312
vn 0.0608 0.9980 0.0199
vn 0.7507 0.0004 0.6606
vn -0.8693 -0.0008 -0.4942
vn 0.0327 0.9979 0.0556
vn -0.7988 0.0389 0.6004
vn 0.6948 -0.0805 -0.7147
vn -0.1906 -0.9793 -0.0675
vn 0.0001 1.0000 -0.0001
vn -0.0000 1.0000 -0.0001
vn 0.0001 1.0000 0.0001
vn -0.0000 1.0000 0.0001
vn -0.0001 1.0000 -0.0001
vn -0.0001 1.0000 0.0001
vn -0.0003 1.0000 -0.0002
vn -0.0002 1.0000 0.0001
vn 0.0324 -0.2170 0.9756
vn 0.0285 -0.2154 0.9761
vn 0.0327 -0.2154 0.9760
vn -0.0570 0.9932 0.1012
vn -0.0748 0.9929 0.0925
vn -0.0804 0.9914 0.1037
vn 0.2490 0.0002 -0.9685
vn 0.4927 0.0004 0.8702
vn -0.8977 0.0004 -0.4406
vn 0.4223 0.0055 0.9065
vn -0.9774 -0.1394 -0.1588
vn -0.4032 -0.9120 -0.0756
vn -0.4020 -0.9126 -0.0752
vn -0.9825 -0.1005 -0.1569
vn -0.9848 -0.0660 -0.1608
vn 0.4880 0.8634 0.1283
vn 0.9220 0.0011 0.3872
vn 0.0834 -0.9891 0.1217
vn 0.9757 -0.0000 0.2191
vn -0.9997 0.0194 0.0170
vn -0.9996 0.0256 0.0073
vn -0.9991 0.0387 0.0170
vn -0.4949 -0.0004 0.8689
vn -0.0003 -1.0000 -0.0000
vn -0.0001 -1.0000 -0.0000
vn 0.3772 -0.0069 -0.9261
vn 0.5945 0.8001 0.0803
vn 0.5909 0.8018 0.0887
vn 0.5866 0.8050 0.0886
vn -0.3368 0.9406 0.0431
vn -0.3515 0.9349 0.0483
vn -0.9187 -0.3657 -0.1493
vn 0.0417 0.9982 0.0439
vn 0.0407 0.9973 0.0606
vn 0.0313 0.9986 0.0437
vn 0.0233 0.9987 0.0457
vn 0.0306 0.9985 0.0459
vn 0.0482 0.9984 0.0307
vn 0.0840 0.9960 0.0295
vn 0.0522 0.9982 0.0309
vn 0.0475 0.9985 0.0271
vn 0.0466 0.9983 0.0344
vn 0.0569 0.9973 0.0455
vn 0.0439 0.9985 0.0334
vn 0.0560 0.9969 0.0556
vn 0.0362 0.9982 0.0473
vn 0.0275 0.9986 0.0455
vn 0.0558 0.9971 0.0515
vn 0.0321 0.9986 0.0426
vn 0.0671 0.9965 0.0491
vn 0.0475 0.9979 0.0442
vn 0.0395 0.9988 0.0302
vn 0.0626 0.9970 0.0452
vn 0.0335 0.9980 0.0542
vn 0.0372 0.9983 0.0438
vn -0.3235 -0.9425 0.0845
vn -0.3299 -0.9404 0.0824
vn -0.9163 -0.3742 -0.1430
vn 0.1807 0.0004 -0.9835
vn 0.0172 0.9998 0.0141
vn 0.1951 -0.0019 0.9808
vn 0.1619 -0.0051 0.9868
vn 0.1224 0.9916 0.0407
vn 0.1131 0.9930 0.0336
vn 0.1185 0.9921 0.0415
vn 0.1414 0.9893 0.0361
vn 0.1388 0.9888 0.0557
vn -0.1424 0.0212 -0.9896
vn 0.8981 0.0003 0.4399
vn -0.7643 0.0007 0.6449
vn 0.6231 -0.0008 -0.7821
vn 0.5793 0.0007 -0.8151
vn 0.6976 0.0003 -0.7165
vn -0.9786 0.0004 -0.2058
vn 0.9976 0.0007 -0.0693
vn -0.8718 -0.0002 -0.4899
vn 0.6679 0.0010 0.7443
vn 0.8981 -0.0003 -0.4398
vn 0.9341 -0.0006 -0.3570
vn 0.9629 -0.0010 -0.2698
vn 0.4083 -0.0003 -0.9128
vn 0.9998 0.0007 0.0185
vn 0.9845 0.0007 0.1752
vn 0.9964 0.0003 0.0845
vn -0.7760 -0.0010 0.6308
vn 0.1513 -0.9277 0.3412
vn 0.1405 -0.9250 0.3529
vn 0.2102 -0.9763 -0.0525
vn 0.1924 -0.9805 -0.0400
vn 0.1857 -0.9807 -0.0609
vn 0.2079 -0.9757 -0.0689
vn 0.2099 -0.9763 -0.0528
vn 0.9871 0.0003 -0.1601
vn 0.8253 0.0003 -0.5646
vn 0.7646 -0.0000 -0.6445
vn 0.0726 0.9822 0.1734
vn 0.0642 0.9817 0.1792
vn 0.0498 0.9866 0.1553
vn 0.0753 0.9835 0.1645
vn 0.0693 0.9830 0.1701
vn 0.9290 -0.0003 0.3700
vn 0.8337 -0.0001 -0.5521
vn -0.4458 0.0004 0.8951
vn -0.9728 -0.0004 0.2317
vn 0.1044 0.9854 0.1344
vn 0.0965 0.9861 0.1356
vn 0.0973 0.9897 0.1053
vn 0.1016 0.9871 0.1235
vn 0.0888 0.9883 0.1242
vn 0.0881 0.9880 0.1272
vn 0.1010 0.9863 0.1302
vn 0.4719 -0.1654 -0.8660
vn 0.9921 -0.0003 -0.1254
vn 0.6633 -0.6029 0.4432
vn 0.6634 -0.6029 0.4432
vn 0.6633 -0.6029 0.4433
vn 0.9996 -0.0002 -0.0278
vn 0.6532 0.0004 0.7572
vn -0.5257 0.0003 0.8507
vn -0.7756 0.0010 0.6313
vn 0.6163 0.0688 -0.7845
vn 0.4584 -0.0004 0.8887
vn -0.0796 0.0006 -0.9968
vn -0.9906 0.0002 0.1366
vn -0.5849 0.0008 0.8111
vn -0.6849 -0.0006 0.7286
vn 0.9485 -0.0001 0.3167
vn 0.1741 -0.0000 0.9847
vn 0.9168 -0.0883 0.3896
vn 0.3509 -0.0004 0.9364
vn 0.5864 0.0004 0.8100
vn -0.8139 -0.0005 0.5810
vn 0.8395 -0.0000 0.5433
vn 0.9153 -0.0003 0.4027
vn -0.0270 -0.9961 -0.0837
vn -0.0241 -0.9963 -0.0821
vn 0.4110 0.9077 0.0843
vn 0.4028 0.9104 0.0942
vn 0.3975 0.9138 0.0833
vn 0.3874 0.9182 0.0825
vn 0.8712 -0.0702 -0.4859
vn -0.8976 -0.0004 0.4408
vn -0.9142 0.0004 0.4053
vn 0.7901 -0.0000 0.6130
vn 0.7267 -0.0001 0.6870
vn -0.9369 0.0003 0.3497
vn -0.9779 0.0007 0.2091
vn 0.6508 -0.0001 0.7592
vn -0.8722 0.0101 0.4891
vn -0.7588 -0.6408 -0.1170
vn -0.7549 -0.6456 -0.1154
vn -0.7439 -0.6584 -0.1144
vn 0.9011 0.0711 -0.4278
vn 0.5258 0.0002 0.8506
vn -0.0406 -0.9973 -0.0607
vn -0.0223 -0.9981 -0.0578
vn -0.0430 -0.9972 -0.0616
vn -0.0192 -0.9979 -0.0618
vn -0.0242 -0.9983 -0.0531
vn 0.0119 -0.9980 -0.0620
vn -0.0255 -0.9983 -0.0517
vn -0.0167 -0.9983 -0.0557
vn -0.8670 -0.0000 -0.4983
vn -0.9496 0.0004 -0.3135
vn -0.3184 0.0007 -0.9480
vn 0.0130 0.0002 0.9999
vn -0.7883 -0.0000 -0.6153
vn -0.7173 0.0004 -0.6968
vn 0.0604 0.0004 -0.9982
vn -0.6897 -0.0004 -0.7241
vn -0.5722 -0.0004 -0.8201
vn -0.4276 0.0056 -0.9040
vn 0.1074 -0.9938 0.0275
vn 0.2699 -0.0010 0.9629
vn -0.5991 -0.0002 0.8007
vn -0.2710 -0.0004 -0.9626
vn -0.3561 0.0004 -0.9345
vn -0.1668 0.0007 -0.9860
vn -0.8162 -0.0010 -0.5777
vn -0.0148 0.0004 -0.9999
vn -0.1125 -0.0008 -0.9936
vn 0.7883 0.0004 0.6153
vn -0.8943 -0.0003 0.4475
vn -0.9608 -0.0002 0.2773
vn -0.6373 -0.6055 0.4766
vn 0.3137 0.0004 -0.9495
vn 0.3692 0.0004 -0.9294
vn 0.5026 0.0003 -0.8645
vn -0.9856 -0.0003 -0.1690
vn -0.7572 0.0004 -0.6532
vn 0.0246 -0.0004 -0.9997
vn 0.4019 -0.0003 0.9157
vn 0.1690 -0.0000 -0.9856
vn -0.7499 -0.0004 -0.6616
vn 0.2685 0.0002 -0.9633
vn 0.0843 -0.9322 -0.3520
vn 0.0845 0.0001 0.9964
vn 0.4898 -0.0003 -0.8719
vn -0.1191 -0.0003 0.9929
vn -0.9632 -0.0009 -0.2686
vn 0.5667 -0.0002 -0.8240
vn -0.4072 -0.0003 -0.9133
vn -0.3331 0.0002 -0.9429
vn -0.9993 -0.0029 0.0383
vn -0.0459 0.0219 -0.9987
vn -0.2571 0.0002 -0.9664
vn 0.7165 0.0002 -0.6976
vn 0.8756 -0.0002 -0.4830
vn 0.9294 0.0001 -0.3690
vn -0.7901 -0.0001 0.6130
vn -0.9132 0.0002 0.4076
vn 0.3043 0.0007 0.9526
vn -0.7215 0.0001 0.6925
vn -0.1705 -0.9782 0.1186
vn -0.1559 -0.6029 -0.7825
vn -0.1557 -0.6029 -0.7825
vn -0.9750 0.0001 0.2221
vn -0.7054 0.0005 0.7088
vn 0.9291 0.0002 0.3699
vn -0.3560 0.0004 0.9345
vn -0.9996 -0.0000 0.0267
vn 0.9955 -0.0003 0.0953
vn -0.9970 -0.0000 -0.0776
vn -0.6701 -0.0008 0.7423
vn -0.9782 -0.0004 -0.2078
vn -0.9421 -0.0008 -0.3354
vn 0.3332 0.0055 0.9429
vn 0.9484 -0.0046 -0.3171
vn 0.0892 -0.9921 -0.0887
vn 0.0756 -0.9943 -0.0748
vn 0.0877 -0.9918 -0.0926
vn -0.1702 0.0008 0.9854
vn -0.1621 0.0044 0.9868
vn 0.1438 0.0442 0.9886
vn -0.6475 0.0036 -0.7620
vn 0.1497 0.0002 0.9887
vn 0.4451 0.8896 0.1028
vn 0.4275 0.8971 0.1114
vn 0.4464 0.8855 0.1289
vn 0.4238 0.8989 0.1111
vn 0.4394 0.8895 0.1253
vn 0.4355 0.8913 0.1264
vn 0.4396 0.8894 0.1253
vn 0.4284 0.8973 0.1066
vn 0.4300 0.8956 0.1142
vn -0.9734 -0.1683 -0.1552
vn 0.1621 0.9862 0.0347
vn 0.1638 0.9860 0.0329
vn 0.1763 0.9836 0.0389
vn 0.1594 0.9865 0.0372
vn 0.0736 -0.3577 -0.9310
vn 0.0638 -0.3469 -0.9357
vn 0.5051 -0.0010 0.8630
vn -0.3258 -0.0003 0.9454
vn -0.1961 -0.9801 -0.0303
vn -0.3597 0.0002 0.9331
vn -0.9315 0.0001 0.3638
vn 0.1700 -0.9710 0.1681
vn 0.2780 -0.0003 0.9606
vn -0.7662 0.0002 0.6426
vn -0.1495 -0.9820 0.1152
vn 0.4957 -0.0678 -0.8659
vn -0.8022 -0.0008 0.5971
vn -0.6432 0.0004 0.7657
vn 0.5556 -0.0019 0.8314
vn 0.5273 -0.0051 0.8497
vn 1.0000 0.0001 -0.0000
vn 1.0000 0.0001 -0.0001
vn -0.3789 0.0009 0.9254
vn 0.2187 -0.8614 -0.4585
vn -0.1720 0.9820 0.0774
vn -0.1675 0.9821 0.0867
vn -0.1873 0.9795 0.0744
vn 0.0701 -0.9975 0.0119
vn 0.0739 -0.9971 0.0178
vn -0.3241 0.0158 0.9459
vn 0.1098 -0.9906 0.0816
vn 0.1770 0.1051 0.9786
vn 0.1819 0.1006 0.9782
vn 0.1771 0.0934 0.9797
vn -0.0000 0.2154 0.9765
vn 0.0444 0.9964 0.0718
vn -0.1007 -0.6628 -0.7419
vn -0.1135 -0.6680 -0.7355
vn 0.0716 0.1557 0.9852
vn -0.8312 0.0129 0.5558
vn 0.5266 -0.0004 0.8501
vn 0.6073 0.0004 0.7945
vn -0.7176 0.0004 0.6965
vn -0.7412 0.0056 0.6713
vn -0.8239 0.0003 -0.5668
vn -0.3376 -0.6712 0.6599
vn 0.4685 0.0014 -0.8835
vn -0.7485 -0.6510 -0.1265
vn -0.7450 -0.6550 -0.1259
vn -0.7438 -0.6565 -0.1259
vn -0.7279 -0.6745 -0.1236
vn -0.7432 -0.6570 -0.1261
vn -0.7333 -0.6657 -0.1379
vn -0.7381 -0.6624 -0.1284
vn -0.7342 -0.6652 -0.1357
vn -0.7386 -0.6616 -0.1297
vn 0.1080 -0.0008 0.9941
vn 0.1141 -0.0000 0.9935
vn 0.0284 -0.9662 0.2564
vn 0.6260 0.7667 0.1428
vn 0.6323 0.7593 0.1542
vn 0.6181 0.7757 -0.1277
vn -0.7694 -0.6386 -0.0133
vn -0.7935 -0.6085 -0.0146
vn -0.7770 -0.6294 -0.0071
vn -0.7670 -0.6416 -0.0000
vn -0.7746 -0.6322 -0.0190
vn -0.7848 -0.6196 -0.0121
vn -0.7676 -0.6409 -0.0080
vn -0.7690 -0.6392 -0.0034
vn -0.7734 -0.6337 -0.0158
vn -0.6563 -0.7544 -0.0122
vn 0.2095 0.4229 0.8816
vn 0.0440 0.0641 -0.9970
vn 0.8351 -0.1022 0.5405
vn -0.4197 -0.9030 -0.0921
vn -0.4158 -0.9053 -0.0874
vn -0.4246 -0.8997 -0.1010
vn -0.4293 -0.8976 -0.1000
vn -0.4295 -0.8981 -0.0949
vn -0.4354 -0.8957 -0.0902
vn -0.4783 -0.8698 -0.1216
vn -0.4347 -0.8943 -0.1063
vn -0.4387 -0.8928 -0.1022
vn -0.4407 -0.8913 -0.1064
vn -0.4353 -0.8935 -0.1106
vn -0.4599 -0.8817 -0.1054
vn -0.4291 -0.8988 -0.0902
vn -0.4474 -0.8886 -0.1013
vn -0.4523 -0.8860 -0.1023
vn 0.5679 0.8139 0.1227
vn 0.5625 0.8175 0.1234
vn 0.5631 0.8181 0.1169
vn 0.5583 0.8220 0.1119
vn 0.5662 0.8163 0.1146
vn -0.9145 0.3669 0.1704
vn -0.9131 0.3705 0.1702
vn 0.8217 -0.0757 -0.5648
vn -0.1495 0.0076 0.9887
vn -0.5097 0.0194 0.8601
vn -0.5256 0.0106 0.8506
vn 0.2801 0.0540 0.9585
vn 0.2590 0.0614 0.9639
vn 0.2816 0.0546 0.9580
vn 0.2766 0.0557 0.9594
vn -0.0013 -1.0000 -0.0000
vn 0.0008 -1.0000 -0.0000
vn 0.7501 -0.0003 -0.6613
vn -0.8034 0.0056 0.5954
vn -0.9416 0.0066 0.3366
vn 0.4432 -0.6029 0.6634
vn 0.4431 -0.6030 0.6634
vn 0.9948 -0.0013 -0.1015
vn 0.5572 -0.8252 -0.0926
vn -0.5816 -0.7627 -0.2829
vn 0.7398 -0.0081 0.6728
vn 0.1700 -0.9719 -0.1630
vn -0.1154 0.9905 0.0753
vn -0.1206 0.9892 0.0834
vn -0.7390 0.0052 -0.6737
vn -0.9947 0.0899 0.0498
vn 0.3049 -0.9491 -0.0789
vn -0.0749 -0.1242 -0.9894
vn -0.0674 -0.1034 -0.9924
vn -0.0823 -0.1167 -0.9897
vn -0.1013 -0.1337 -0.9858
vn -0.0646 -0.0970 -0.9932
vn 0.1399 -0.9860 -0.0903
vn 0.2679 -0.9468 -0.1786
vn 0.8910 0.0134 0.4538
vn -0.9892 0.0074 0.1465
vn 0.0495 0.9987 0.0145
vn 0.3559 -0.0044 -0.9345
vn -0.4483 -0.8884 -0.0990
vn -0.3671 0.0079 0.9301
vn 0.0606 -0.8836 -0.4643
vn -0.6115 -0.0004 0.7913
vn 0.6381 0.7611 0.1164
vn -0.9923 0.0009 0.1242
vn -0.9909 -0.0004 0.1343
vn -0.4139 -0.5117 -0.7529
vn -0.4179 -0.5088 -0.7527
vn 0.9252 -0.3790 -0.0165
vn 0.8785 -0.3713 -0.3006
vn 0.0755 0.9773 0.1981
vn 0.0914 0.9757 0.1992
vn 0.0877 0.9762 0.1982
vn 0.0915 0.9738 0.2080
vn 0.0772 0.9768 0.2000
vn -0.9961 0.0725 0.0499
vn -0.7168 -0.6970 -0.0203
vn -0.7128 -0.7009 -0.0246
vn -0.7122 -0.7017 -0.0215
vn 0.9333 -0.0854 0.3488
vn 0.7372 0.6735 -0.0543
vn 0.4859 -0.0002 -0.8740
vn -0.4589 -0.8807 -0.1174
vn -0.4490 -0.8862 -0.1138
vn -0.4469 -0.8872 -0.1150
vn 0.3790 -0.9212 -0.0874
vn 0.9996 -0.0054 0.0281
vn -0.0060 0.0003 -1.0000
vn 0.0003 -0.0031 -1.0000
vn -0.0000 0.0002 -1.0000
vn -0.0016 -0.0020 -1.0000
vn -0.0009 -0.0059 -1.0000
vn -0.0016 -0.0021 -1.0000
vn -0.0133 0.0010 -0.9999
vn -0.0057 -0.0057 -1.0000
vn -0.0013 0.0027 -1.0000
vn -0.0034 0.0046 -1.0000
vn -0.0010 0.0031 -1.0000
vn 0.0004 0.0013 -1.0000
vn 0.0005 0.0006 -1.0000
vn -0.0003 -0.0003 -1.0000
vn -0.0005 0.0002 -1.0000
vn -0.0017 -0.0023 -1.0000
vn -0.0011 -0.0027 -1.0000
vn -0.0000 0.0001 -1.0000
vn -0.0009 -0.0001 -1.0000
vn -0.0003 -0.0000 -1.0000
vn -0.0002 0.0005 -1.0000
vn -0.0078 -0.0117 -0.9999
vn 0.0011 -0.0095 -1.0000
vn -0.0001 0.0001 -1.0000
vn 0.0022 -0.0080 -1.0000
vn -0.0002 -0.0019 -1.0000
vn -0.0000 -0.0011 -1.0000
vn 0.0019 -0.0007 -1.0000
vn -0.0001 -0.0029 -1.0000
vn 0.0043 0.0005 -1.0000
vn 0.0017 -0.0008 -1.0000
vn -0.0012 -0.0016 -1.0000
vn -0.0001 -0.0000 -1.0000
vn 0.0007 -0.0000 -1.0000
vn -0.0000 -0.0001 -1.0000
vn -0.0011 -0.0015 -1.0000
vn -0.0010 -0.0015 -1.0000
vn 0.0002 -0.0019 -1.0000
vn -0.0003 -0.0013 -1.0000
vn 0.0013 -0.0013 -1.0000
vn 0.0003 -0.0005 -1.0000
vn -0.0002 -0.0016 -1.0000
vn -0.0010 -0.0016 -1.0000
vn -0.0002 -0.0018 -1.0000
vn -0.0009 -0.0016 -1.0000
vn -0.0001 -0.0022 -1.0000
vn -0.0001 -0.0024 -1.0000
vn -0.0009 -0.0017 -1.0000
vn -0.0009 -0.0019 -1.0000
vn -0.0005 -0.0026 -1.0000
vn -0.0010 -0.0020 -1.0000
vn -0.0010 -0.0022 -1.0000
vn 0.0018 -0.0007 -1.0000
vn 0.0018 -0.0008 -1.0000
vn -0.0011 -0.0026 -1.0000
vn -0.0013 -0.0032 -1.0000
vn 0.0022 -0.0013 -1.0000
vn -0.0019 -0.0053 -1.0000
vn -0.0112 -0.0343 -0.9993
vn -0.0145 -0.0438 -0.9989
vn -0.0031 -0.0105 -0.9999
vn -0.0005 0.0004 -1.0000
vn -0.0004 0.0004 -1.0000
vn -0.0019 -0.0071 -1.0000
vn -0.0015 -0.0058 -1.0000
vn -0.0003 0.0004 -1.0000
vn -0.0002 0.0004 -1.0000
vn -0.0012 -0.0049 -1.0000
vn -0.0009 -0.0043 -1.0000
vn -0.0007 -0.0039 -1.0000
vn -0.0005 -0.0035 -1.0000
vn -0.0004 -0.0033 -1.0000
vn -0.0003 -0.0031 -1.0000
vn -0.0002 -0.0031 -1.0000
vn -0.0001 -0.0032 -1.0000
vn -0.9967 -0.0060 0.0804
vn 0.2352 -0.0006 -0.9719
vn 0.2277 -0.0014 -0.9737
vn 0.2976 -0.9512 -0.0808
vn 0.4441 0.2795 0.8513
vn 0.9210 0.3418 0.1868
vn 0.9977 0.0411 -0.0536
vn 0.3518 0.9297 0.1092
vn 0.3396 0.9348 0.1042
vn 0.3444 0.9320 0.1132
vn 0.3518 0.9307 0.1000
vn -0.4279 0.0029 0.9038
vn -0.4120 0.0111 0.9111
vn 0.2411 -0.8932 -0.3795
vn 0.2332 -0.8989 -0.3709
vn 0.2393 -0.8936 -0.3798
vn -0.9930 0.0956 0.0693
vn 0.2044 -0.9092 -0.3628
vn 0.2020 -0.9110 -0.3596
vn 0.1870 -0.9131 -0.3625
vn -0.2861 -0.6937 0.6611
vn 0.0641 -0.8398 -0.5391
vn 0.0531 -0.8513 -0.5219
vn -0.2820 -0.0089 0.9594
vn 0.1887 -0.8751 -0.4456
vn 0.3545 -0.0173 -0.9349
vn 0.4004 -0.0041 -0.9163
vn 0.3622 0.3091 0.8793
vn 0.4340 0.0043 0.9009
vn 0.6103 0.7678 0.1951
vn 0.6090 0.7693 0.1931
vn -0.6614 -0.0001 0.7500
vn 0.0873 0.0044 -0.9962
vn -0.0145 0.9976 0.0676
vn -0.6670 -0.7066 -0.2361
vn -0.6766 -0.7063 -0.2083
vn -0.0106 0.0259 0.9996
vn -0.0004 0.0312 0.9995
vn 0.0008 0.0414 0.9991
vn -0.0115 0.0259 0.9996
vn -0.9996 -0.0015 -0.0285
vn 0.1338 -0.9809 -0.1414
vn -0.0198 0.0529 0.9984
vn 0.0044 -0.9235 0.3835
vn -0.4520 -0.8559 -0.2512
vn 0.5651 0.8099 0.1569
vn -0.3365 0.0029 0.9417
vn 0.2828 -0.9451 -0.1636
vn -0.5963 -0.8028 -0.0055
vn 0.6234 0.7733 0.1158
vn -0.7339 -0.6675 -0.1255
vn 0.1767 0.0107 -0.9842
vn 0.9478 -0.0828 0.3081
vn 0.1786 -0.0062 -0.9839
vn -0.5638 -0.8129 -0.1458
vn -0.5491 -0.8263 -0.1253
vn -0.5505 -0.8231 -0.1391
vn -0.5676 -0.8106 -0.1443
vn -0.5573 -0.8216 -0.1202
vn -0.5599 -0.8195 -0.1221
vn -0.5669 -0.8131 -0.1320
vn -0.5745 -0.8080 -0.1308
vn -0.5597 -0.8197 -0.1221
vn -0.5498 -0.8240 -0.1369
vn 0.5472 0.8246 0.1436
vn 0.5338 0.8326 0.1476
vn 0.5380 0.8296 0.1493
vn 0.5342 0.8342 0.1366
vn 0.5335 0.8346 0.1368
vn 0.5468 0.8243 0.1470
vn -0.2920 0.9559 0.0318
vn -0.2892 0.9568 0.0298
vn -0.1163 -0.9748 -0.1904
vn 0.8773 -0.0073 0.4799
vn 0.8314 0.0128 -0.5555
vn 0.3365 0.0082 -0.9416
vn -0.7888 -0.6143 -0.0208
vn -0.0109 -0.1783 0.9839
vn 0.1922 -0.9688 0.1568
vn 0.8285 0.0011 -0.5600
vn 0.3376 -0.9380 -0.0789
vn 0.1462 -0.0132 -0.9892
vn 0.3040 -0.0043 -0.9527
vn 0.2231 -0.0394 -0.9740
vn 0.2098 0.0015 -0.9777
vn 0.1033 0.9885 0.1107
vn -0.1277 -0.6623 -0.7383
vn -0.1400 -0.6601 -0.7380
vn -0.6029 0.7973 -0.0271
vn 0.6713 0.7262 0.1480
vn 0.6708 0.7266 0.1483
vn 0.6676 0.7306 0.1433
vn 0.6713 0.7274 0.1423
vn 0.6818 0.7180 0.1405
vn 0.6799 0.7182 0.1482
vn 0.8926 -0.0678 -0.4457
vn 0.7689 0.0166 -0.6392
vn -0.8522 0.0491 0.5209
vn -0.0245 -0.6806 0.7322
vn -0.0334 -0.6804 0.7321
vn -0.7739 0.0006 -0.6334
vn -0.4684 -0.6338 0.6155
vn -0.6050 -0.0012 0.7962
vn 0.0816 -0.8336 -0.5464
vn 0.1032 -0.3983 -0.9114
vn -0.8331 -0.5381 -0.1276
vn -0.9066 0.4215 -0.0175
vn 0.5206 0.7427 0.4211
vn -0.1416 -0.1794 -0.9735
vn 0.3944 -0.0065 0.9189
vn 0.4139 0.0010 0.9103
vn 0.0614 0.9809 0.1845
vn 0.0697 0.9820 0.1756
vn 0.3755 0.0103 -0.9268
vn -0.0509 0.0039 0.9987
vn -0.0635 0.0009 0.9980
vn 0.0368 -0.9993 0.0006
vn -0.5943 -0.7913 -0.1436
vn -0.5809 -0.7992 -0.1546
vn -0.5582 -0.8187 -0.1347
vn -0.5777 -0.8063 -0.1273
vn -0.5942 -0.7940 -0.1286
vn -0.5953 -0.7933 -0.1277
vn -0.5785 -0.8035 -0.1408
vn -0.5800 -0.8056 -0.1213
vn -0.5787 -0.8064 -0.1221
vn -0.5891 -0.8016 -0.1023
vn -0.5850 -0.7999 -0.1338
vn -0.5940 -0.7929 -0.1357
vn -0.5915 -0.7951 -0.1343
vn -0.5918 -0.7946 -0.1353
vn -0.6146 -0.7788 -0.1256
vn -0.5988 -0.7914 -0.1229
vn -0.1706 -0.6475 -0.7427
vn 0.5884 0.7947 0.1491
vn 0.5920 0.7928 0.1451
vn 0.5856 0.7954 0.1564
vn 0.5887 0.7928 0.1577
vn 0.4718 -0.1653 -0.8660
vn -0.0424 0.9926 0.1135
vn 0.0281 -0.8583 -0.5124
vn -0.6464 -0.7560 -0.1031
vn -0.2500 -0.9484 -0.1952
vn 0.9720 0.0031 0.2351
vn 0.0154 -0.3149 -0.9490
vn 0.0094 -0.3023 -0.9532
vn 0.0411 -0.4549 -0.8896
vn 0.0398 -0.4678 -0.8829
vn 0.0840 -0.9954 -0.0471
vn 0.0760 -0.9961 -0.0450
vn -0.8452 -0.5333 -0.0349
vn 0.0050 -0.0240 -0.9997
vn 0.0057 -0.0474 -0.9989
vn 0.0058 -0.0468 -0.9989
vn 0.0033 -0.0376 -0.9993
vn 0.0234 -0.0442 -0.9987
vn 0.0073 -0.0444 -0.9990
vn 0.0096 -0.0447 -0.9990
vn 0.0058 -0.0369 -0.9993
vn 0.0030 -0.0406 -0.9992
vn 0.0010 -0.0486 -0.9988
vn 0.0047 -0.0259 -0.9997
vn 0.0043 -0.0313 -0.9995
vn 0.0049 -0.0193 -0.9998
vn 0.0049 -0.0220 -0.9997
vn 0.0161 -0.0535 -0.9984
vn -0.5556 -0.0019 -0.8314
vn -0.5271 -0.0052 -0.8498
vn -0.0617 -0.1367 -0.9887
vn -0.0734 -0.1470 -0.9864
vn -0.0517 -0.1203 -0.9914
vn -0.0577 -0.1578 -0.9858
vn 0.3579 0.9269 0.1133
vn 0.8754 -0.0002 0.4834
vn -0.6597 -0.7330 -0.1659
vn -0.6549 -0.7363 -0.1701
vn 0.0537 0.1996 0.9784
vn 0.0465 0.2000 0.9787
vn 0.0559 0.1991 0.9784
vn 0.0491 0.1959 0.9794
vn 0.0357 0.0632 -0.9974
vn -0.2022 -0.2245 0.9533
vn 0.0694 -0.7959 -0.6015
vn 0.0701 -0.7935 -0.6046
vn 0.0659 -0.4168 -0.9066
vn -0.1085 -0.9939 -0.0191
vn 0.9092 -0.3552 -0.2171
vn -0.1561 0.9854 0.0677
vn -0.1588 0.9856 0.0574
vn -0.1661 0.9842 0.0616
vn -0.1574 0.9859 0.0565
vn 0.2371 -0.9634 -0.1252
vn 0.2320 -0.9650 -0.1222
vn -0.0354 0.9924 0.1181
vn -0.0377 0.9915 0.1244
vn 0.0014 -0.8228 -0.5683
vn 0.0155 -0.8186 -0.5742
vn -0.4491 -0.8865 -0.1112
vn -0.4475 -0.8869 -0.1147
vn -0.4621 -0.8788 -0.1186
vn 0.3369 0.9396 0.0601
vn 0.3334 0.9406 0.0639
vn 0.6222 0.7559 0.2038
vn 0.0874 -0.4058 -0.9098
vn 0.7065 -0.0080 0.7077
vn 0.2525 -0.9205 0.2981
vn -0.3876 -0.8929 -0.2290
vn 0.4611 0.8776 0.1314
vn 0.4680 0.8733 0.1355
vn -0.0159 -0.9543 0.2986
vn -0.0280 -0.9523 0.3038
vn 0.7153 0.6985 0.0201
vn 0.5804 0.0170 -0.8142
vn 0.8093 0.0469 0.5855
vn 0.8901 -0.0060 -0.4558
vn 0.2644 -0.8717 -0.4126
vn 0.0971 -0.9935 -0.0593
vn 0.0971 -0.9935 -0.0594
vn 0.1770 -0.9775 0.1143
vn 0.1598 -0.9801 0.1179
vn 0.1718 -0.9779 0.1193
vn -0.4715 -0.8423 -0.2611
vn -0.3564 -0.9097 -0.2133
vn -0.3696 -0.9027 -0.2203
vn 0.2210 -0.9474 0.2314
vn -0.5595 0.0115 0.8288
vn -0.9980 -0.0026 -0.0627
vn 0.6989 0.6915 0.1827
vn 0.0811 0.0089 -0.9967
vn 0.1746 -0.9295 0.3250
vn 0.1843 -0.9318 0.3126
vn -0.8985 0.0604 0.4349
vn 0.9865 0.0461 -0.1570
vn -0.0161 0.1409 0.9899
vn -0.0169 0.1401 0.9900
vn -0.0181 0.1437 0.9895
vn -0.0197 0.1233 0.9922
vn -0.0215 0.1157 0.9930
vn -0.0250 0.1318 0.9910
vn -0.0199 0.1315 0.9911
vn 0.6120 0.7753 0.1559
vn 0.6154 -0.0054 0.7882
vn -0.8776 -0.0089 0.4793
vn 0.6276 -0.0089 -0.7785
vn -0.1334 -0.9895 -0.0560
vn -0.1188 -0.9901 -0.0747
vn -0.1143 -0.9918 -0.0577
vn -0.1290 -0.9901 -0.0560
vn -0.5378 -0.8318 -0.1374
vn -0.5401 -0.8302 -0.1385
vn -0.5495 -0.8248 -0.1331
vn -0.3892 -0.9168 -0.0892
vn -0.9930 0.1072 0.0497
vn 0.6799 0.7057 0.1992
vn -0.4107 -0.8822 -0.2304
vn -0.2348 0.9719 0.0146
vn -0.2194 0.9756 0.0123
vn -0.2228 0.9748 0.0131
vn -0.6129 -0.7744 -0.1573
vn -0.5968 -0.7825 -0.1777
vn -0.5932 -0.7900 -0.1549
vn -0.6126 -0.7744 -0.1580
vn -0.6041 -0.7811 -0.1577
vn -0.6059 -0.7833 -0.1391
vn -0.5937 -0.7908 -0.1487
vn -0.6201 -0.7711 -0.1447
vn -0.5935 -0.7909 -0.1492
vn -0.6128 -0.7736 -0.1612
vn 0.9166 0.0233 -0.3992
vn -0.0388 -0.0011 0.9992
vn -0.7076 -0.6973 -0.1146
vn -0.7122 -0.6938 -0.1067
vn -0.7067 -0.6974 -0.1189
vn -0.7135 -0.6914 -0.1134
vn -0.7086 -0.6967 -0.1119
vn -0.7014 -0.7048 -0.1062
vn -0.7082 -0.6955 -0.1215
vn -0.6962 -0.7095 -0.1089
vn -0.6950 -0.7090 -0.1197
vn -0.7029 -0.7044 -0.0989
vn -0.6989 -0.7076 -0.1045
vn -0.7037 -0.7012 -0.1144
vn -0.6976 -0.7059 -0.1225
vn -0.6906 -0.7141 -0.1146
vn -0.6960 -0.7074 -0.1234
vn -0.6898 -0.7158 -0.1090
vn -0.7016 -0.7042 -0.1088
vn -0.7030 -0.7045 -0.0977
vn 0.1159 0.9916 0.0581
vn -0.9369 0.1030 -0.3340
vn 0.8769 -0.0950 0.4711
vn 0.6440 0.7455 0.1717
vn 0.6440 0.7460 0.1696
vn 0.6476 0.7429 0.1695
vn 0.6444 0.7462 0.1672
vn 0.6505 0.7399 0.1715
vn 0.6474 0.7431 0.1695
vn 0.6510 0.7400 0.1691
vn 0.6396 0.7535 0.1521
vn 0.6543 0.7345 0.1800
vn 0.6542 0.7347 0.1795
vn -0.7701 0.0095 0.6379
vn -0.0019 -0.0331 -0.9995
vn -0.0030 -0.0330 -0.9995
vn -0.0067 -0.0320 -0.9995
vn 0.0066 -0.0242 -0.9997
vn 0.0017 -0.0217 -0.9998
vn 0.0061 -0.0253 -0.9997
vn 0.0041 -0.0284 -0.9996
vn 0.0030 -0.0299 -0.9995
vn 0.0019 -0.0310 -0.9995
vn 0.0009 -0.0319 -0.9995
vn -0.0004 -0.0327 -0.9995
vn -0.0465 -0.4019 -0.9145
vn -0.0545 -0.3994 -0.9152
vn -0.0535 -0.1710 0.9838
vn -0.0471 -0.1645 0.9853
vn -0.0377 -0.1401 0.9894
vn -0.0383 -0.1513 0.9877
vn 0.0219 0.0222 0.9995
vn -0.2845 -0.9581 -0.0338
vn 0.2682 -0.9598 -0.0822
vn 0.2811 -0.9562 -0.0815
vn 0.1121 -0.9908 -0.0762
vn 0.1159 -0.9900 -0.0807
vn 0.1051 -0.9910 -0.0827
vn 0.0559 -0.3462 -0.9365
vn 0.0464 -0.3355 -0.9409
vn -0.6683 -0.7308 -0.1392
vn -0.6569 -0.7447 -0.1182
vn -0.1306 -0.1641 0.9778
vn -0.1205 -0.1631 0.9792
vn -0.1383 0.9904 -0.0028
vn -0.1145 0.9933 -0.0132
vn 0.2840 -0.9555 -0.0798
vn 0.0051 -0.0032 -1.0000
vn 0.0003 0.0013 -1.0000
vn 0.0094 0.0218 -0.9997
vn 0.0033 -0.0132 -0.9999
vn 0.0035 0.0117 -0.9999
vn 0.0106 0.0158 -0.9998
vn 0.0039 -0.0188 -0.9998
vn 0.0001 0.0016 -1.0000
vn -0.0000 0.0017 -1.0000
vn -0.0014 0.0103 -0.9999
vn -0.0010 0.0101 -0.9999
vn -0.0020 0.0098 -0.9999
vn 0.0043 0.0078 -1.0000
vn 0.0017 0.0067 -1.0000
vn 0.0026 0.0039 -1.0000
vn 0.0049 0.0036 -1.0000
vn 0.0050 0.0060 -1.0000
vn -0.0000 0.0019 -1.0000
vn 0.0034 -0.0070 -1.0000
vn 0.0038 -0.0169 -0.9999
vn -0.0001 0.0020 -1.0000
vn -0.0002 0.0023 -1.0000
vn 0.0042 -0.0223 -0.9997
vn 0.0046 -0.0274 -0.9996
vn -0.0002 0.0026 -1.0000
vn -0.0003 0.0030 -1.0000
vn -0.0005 0.0035 -1.0000
vn 0.0471 -0.9969 -0.0623
vn 0.0592 -0.9956 -0.0733
vn 0.0597 -0.9953 -0.0757
vn 0.0358 -0.9962 -0.0800
vn -0.2512 -0.9612 0.1141
vn -0.2480 -0.9634 0.1012
vn -0.2321 -0.9656 0.1172
vn -0.2320 -0.9657 0.1165
vn 0.0083 -0.0928 -0.9957
vn 0.0087 -0.0907 -0.9958
vn 0.0087 -0.0906 -0.9958
vn 0.0100 -0.0923 -0.9957
vn 0.0091 -0.0926 -0.9957
vn 0.0081 -0.0934 -0.9956
vn 0.0051 -0.1008 -0.9949
vn 0.0037 -0.1017 -0.9948
vn 0.0081 -0.1071 -0.9942
vn 0.0101 -0.0925 -0.9957
vn 0.0042 -0.1028 -0.9947
vn 0.0096 -0.0928 -0.9956
vn 0.0087 -0.0990 -0.9950
vn 0.0029 -0.9971 -0.0764
vn 0.0091 -0.9979 -0.0640
vn 0.0203 -0.9962 -0.0846
vn 0.0203 -0.9962 -0.0850
vn -0.6120 -0.7474 -0.2584
vn -0.6242 -0.7383 -0.2554
vn -0.6124 -0.7456 -0.2627
vn -0.1605 -0.1611 0.9738
vn -0.1613 -0.1630 0.9734
vn -0.0280 -0.0015 0.9996
vn 0.0093 -0.9861 -0.1660
vn 0.0149 -0.9856 -0.1684
vn 0.0083 -0.9861 -0.1660
vn 0.0004 -0.9846 -0.1746
vn 0.0694 -0.9958 -0.0597
vn 0.0842 -0.9940 -0.0697
vn 0.0595 -0.9957 -0.0710
vn 0.0357 0.0091 -0.9993
vn -0.9653 0.0069 -0.2610
vn -0.9644 0.0076 -0.2645
vn -0.0950 -0.9954 -0.0153
vn 0.4276 -0.0063 -0.9039
vn 0.8589 -0.3815 -0.3418
vn 0.5297 0.8403 0.1156
vn -0.0449 -0.9719 -0.2310
vn -0.0567 -0.9700 -0.2362
vn -0.0503 -0.9723 -0.2284
vn -0.8805 -0.4535 -0.1379
vn 0.0050 -0.3014 -0.9535
vn 0.0027 -0.2988 -0.9543
vn 0.0087 -0.2820 -0.9594
vn -0.8702 -0.0054 -0.4927
vn -0.9438 0.3306 0.0001
vn 0.5982 0.7898 0.1356
vn 0.6070 0.7821 0.1411
vn 0.6066 0.7849 0.1264
vn 0.0001 0.0709 0.9975
vn -0.4559 -0.8842 -0.1017
vn -0.8900 0.0064 -0.4560
vn -0.2431 0.0034 0.9700
vn -0.0145 -0.9975 -0.0695
vn -0.4685 0.0069 0.8834
vn 0.3718 -0.9263 -0.0614
vn 0.3645 -0.9280 -0.0770
vn -0.4225 -0.6492 0.6324
vn 0.6054 0.7859 0.1255
vn 0.6431 0.7557 -0.1242
vn 0.1228 -0.9732 0.1944
vn 0.1515 -0.3210 -0.9349
vn 0.0281 -0.3102 -0.9503
vn 0.0217 -0.3160 -0.9485
vn 0.0240 -0.3193 -0.9473
vn 0.1883 -0.9815 -0.0343
vn 0.1834 -0.9819 -0.0476
vn 0.1876 -0.9817 -0.0325
vn 0.1162 -0.9918 -0.0531
vn 0.1092 -0.9929 -0.0468
vn 0.0973 -0.9946 -0.0364
vn 0.0925 -0.9948 -0.0433
vn -0.9793 0.0124 0.2018
vn -0.9396 0.3072 0.1509
vn 0.6072 0.0101 -0.7945
vn 0.3544 -0.9345 -0.0327
vn 0.7383 -0.1065 0.6661
vn 0.0289 0.9913 0.1284
vn 0.0081 0.9918 0.1278
vn -0.5526 -0.4965 -0.6694
vn 0.7430 0.0046 0.6693
vn -0.5730 0.8115 0.1146
vn -0.5910 0.7974 0.1217
vn -0.0452 -0.9469 0.3185
vn -0.0418 -0.9471 0.3183
vn -0.0357 -0.9484 0.3151
vn 0.0836 0.9962 0.0248
vn -0.0417 -0.9450 0.3243
vn -0.0231 -0.9480 0.3174
vn -0.0299 -0.9477 0.3179
vn -0.0396 -0.9460 0.3217
vn -0.0496 0.0032 -0.9988
vn 0.4209 -0.9070 -0.0110
vn -0.8423 -0.5244 -0.1248
vn -0.8389 -0.5294 -0.1261
vn -0.8439 -0.5193 -0.1345
vn -0.6197 -0.5799 0.5288
vn 0.2554 -0.8534 -0.4543
vn 0.2502 -0.8557 -0.4530
vn -0.8005 0.3466 0.4889
vn -0.6477 -0.0060 0.7619
vn -0.0640 -0.3351 0.9400
vn 0.9650 0.0162 0.2619
vn 0.9657 0.0149 0.2592
vn -0.0108 0.1367 0.9906
vn -0.0039 -0.2845 -0.9587
vn -0.0197 -0.9992 -0.0341
vn -0.0094 -0.9992 -0.0376
vn -0.0131 -0.9992 -0.0366
vn -0.0312 -0.9989 -0.0344
vn -0.0257 -0.9991 -0.0347
vn -0.0211 -0.9992 -0.0352
vn 0.8445 0.0240 -0.5351
vn 0.0048 -0.0418 0.9991
vn 0.0029 -0.0332 0.9994
vn -0.0138 -0.0389 0.9991
vn -0.8595 -0.4932 -0.1345
vn -0.8662 -0.4803 -0.1381
vn -0.6468 -0.6486 0.4013
vn -0.0353 0.9989 -0.0314
vn 0.0631 0.0177 -0.9978
vn -0.7864 -0.6057 -0.1215
vn -0.7816 -0.6124 -0.1188
vn -0.1846 -0.0084 -0.9828
vn -0.5584 0.0052 -0.8296
vn 0.8569 0.0412 0.5138
vn -0.6922 -0.7134 -0.1095
vn 0.0635 -0.9965 -0.0551
vn 0.1350 0.0080 -0.9908
vn 0.1605 0.0177 -0.9869
vn -0.9816 -0.1053 -0.1594
vn 0.9862 -0.0008 0.1658
vn -0.2410 0.0030 -0.9705
vn -0.6459 -0.7558 -0.1075
vn -0.0348 -0.0410 -0.9986
vn -0.5219 -0.8015 -0.2919
vn -0.5166 -0.8127 -0.2693
vn -0.2991 -0.5641 -0.7697
vn -0.3106 -0.5523 -0.7736
vn -0.2558 -0.2573 0.9319
vn -0.0020 0.0355 -0.9994
vn 0.0090 0.0215 -0.9997
vn 0.0080 0.0278 -0.9996
vn 0.0043 0.0399 -0.9992
vn 0.0013 0.0504 -0.9987
vn -0.0002 0.0466 -0.9989
vn 0.0066 0.0221 -0.9997
vn -0.0198 0.9898 0.1413
vn 0.9808 -0.0019 0.1951
vn 0.7713 -0.0060 -0.6365
vn -0.4162 -0.9087 0.0312
vn -0.4283 -0.8966 -0.1129
vn 0.0233 0.9978 0.0626
vn 0.1719 0.0015 -0.9851
vn 0.1796 0.0033 -0.9837
vn -0.6355 -0.7579 -0.1473
vn -0.6378 -0.7535 -0.1593
vn -0.0053 -0.9993 -0.0358
vn -0.0040 -0.9998 -0.0185
vn -0.0038 -0.9998 -0.0186
vn -0.0018 -0.9998 -0.0183
vn -0.0014 -0.9998 -0.0186
vn -0.0000 -0.9998 -0.0194
vn 0.0003 -0.9998 -0.0180
vn -0.0000 -0.9998 -0.0180
vn -0.0000 -0.9998 -0.0178
vn -0.0002 -0.9998 -0.0180
vn 0.0191 -0.9998 -0.0064
vn 0.0131 -0.9999 -0.0079
vn 0.0087 -0.9999 -0.0103
vn 0.0097 -0.9999 -0.0130
vn -0.0018 -0.9993 -0.0364
vn 0.0018 -0.9993 -0.0372
vn 0.0095 -0.9998 -0.0158
vn 0.0118 -0.9999 -0.0087
vn 0.0108 -0.9999 -0.0098
vn 0.0057 -0.9993 -0.0383
vn 0.0099 -0.9992 -0.0397
vn 0.0032 -0.9993 -0.0371
vn 0.0101 -0.9999 -0.0111
vn 0.0104 -0.9995 -0.0291
vn 0.0096 -0.9997 -0.0204
vn 0.0127 -0.9996 -0.0267
vn 0.0148 -0.9996 -0.0247
vn -0.0967 -0.9953 -0.0081
vn -0.0169 -0.9998 -0.0102
vn -0.0110 -0.9999 -0.0126
vn -0.0147 -0.9998 -0.0109
vn -0.0132 -0.9998 -0.0120
vn -0.0001 -0.9999 -0.0171
vn 0.0048 -0.9999 -0.0134
vn 0.0036 -0.9999 -0.0145
vn -0.0003 -0.9998 -0.0186
vn -0.0122 -0.9998 -0.0135
vn -0.0116 -0.9998 -0.0157
vn 0.0023 -0.9999 -0.0158
vn -0.0114 -0.9998 -0.0190
vn 0.0010 -0.9998 -0.0198
vn -0.0068 -0.9999 -0.0144
vn -0.0009 -0.9998 -0.0182
vn -0.0025 -0.9999 -0.0169
vn -0.0054 -0.9999 -0.0151
vn -0.1417 -0.9893 -0.0343
vn -0.1396 -0.9893 -0.0424
vn -0.0482 -0.9974 -0.0537
vn 0.0424 0.9824 0.1819
vn -0.9987 0.0115 0.0494
vn 0.1109 0.9910 0.0752
vn 0.0930 0.9944 0.0503
vn 0.1039 0.9906 0.0888
vn 0.1102 0.9908 0.0787
vn 0.0039 0.1266 0.9919
vn -0.0012 0.1121 0.9937
vn 0.0244 0.1261 0.9917
vn 0.0174 0.1232 0.9922
vn -0.0050 0.1175 0.9931
vn -0.0048 0.1311 0.9914
vn -0.0098 0.1254 0.9921
vn 0.6317 0.7639 0.1321
vn 0.6293 0.7661 0.1308
vn 0.6321 0.7647 0.1253
vn 0.6426 0.7548 0.1316
vn 0.6306 0.7634 0.1395
vn 0.6384 0.7588 0.1288
vn 0.0170 0.9986 0.0509
vn 0.0267 0.9990 0.0351
vn -0.0416 -0.9988 -0.0253
vn -0.0448 -0.9989 -0.0157
vn -0.0172 -0.9998 -0.0102
vn -0.0325 -0.9992 -0.0234
vn -0.0358 -0.9991 -0.0210
vn 0.8777 -0.0089 -0.4791
vn -0.4455 -0.8886 -0.1090
vn -0.4609 -0.8795 -0.1181
vn -0.4530 -0.8840 -0.1158
vn 0.1241 -0.9865 0.1067
vn 0.2436 0.0042 0.9699
vn 0.2679 -0.9585 -0.0978
vn -0.1104 0.0025 -0.9939
vn -0.1215 0.0052 -0.9926
vn -0.4991 -0.8562 -0.1332
vn -0.2465 -0.9681 -0.0448
vn -0.2476 -0.9678 -0.0454
vn -0.6273 -0.0089 0.7787
vn -0.8953 -0.4228 -0.1400
vn 0.0647 0.0292 -0.9975
vn 0.1148 -0.9920 -0.0532
vn 0.1217 -0.9908 -0.0598
vn 0.1210 -0.9903 -0.0682
vn 0.0392 -0.9992 0.0037
vn 0.0454 -0.9990 -0.0016
vn 0.8606 -0.0985 0.4997
vn 0.0861 0.0282 -0.9959
vn 0.0907 0.0300 -0.9954
vn -0.3588 -0.5163 -0.7777
vn -0.3710 -0.5100 -0.7760
vn 0.9832 0.0003 -0.1824
vn 0.9561 -0.0011 -0.2930
vn -0.3089 -0.0001 0.9511
vn 0.1253 0.0010 0.9921
vn 0.1351 -0.0004 0.9908
vn -0.8802 -0.4560 -0.1320
vn -0.8861 -0.4455 -0.1277
vn 0.7619 -0.0060 0.6477
vn 0.2540 -0.9605 -0.1133
vn 0.2762 -0.0004 -0.9611
vn -0.7617 -0.0060 -0.6479
vn -0.3275 -0.9430 -0.0586
vn -0.3371 -0.9393 -0.0632
vn -0.3390 -0.9393 -0.0536
vn -0.3333 -0.9401 -0.0712
vn -0.3336 -0.9402 -0.0688
vn -0.3270 -0.9431 -0.0606
vn -0.3246 -0.9438 -0.0617
vn -0.3251 -0.9436 -0.0617
vn -0.3373 -0.9398 -0.0547
vn -0.3389 -0.9390 -0.0576
vn -0.3229 -0.9452 -0.0486
vn -0.3174 -0.9470 -0.0501
vn -0.3198 -0.9458 -0.0568
vn -0.3249 -0.9440 -0.0568
vn -0.3266 -0.9437 -0.0517
vn -0.3266 -0.9437 -0.0521
vn -0.3234 -0.9446 -0.0559
vn -0.3121 -0.9481 -0.0606
vn -0.3197 -0.9466 -0.0411
vn -0.7711 -0.6260 -0.1162
vn -0.7599 -0.6395 -0.1166
vn -0.2427 0.0023 0.9701
vn -0.2298 0.0159 0.9731
vn 0.4791 -0.0089 0.8777
vn -0.0021 -0.0341 -0.9994
vn 0.8651 0.0007 0.5016
vn 0.8953 -0.3625 -0.2589
vn -0.1951 -0.0019 -0.9808
vn -0.1617 -0.0052 -0.9868
vn -0.9998 0.0130 0.0170
vn 0.9973 -0.0704 0.0214
vn -0.9111 0.0011 -0.4121
vn -0.8406 0.5107 0.1806
vn -0.0000 -1.0000 0.0001
vn -0.0000 -1.0000 -0.0001
vn 0.0482 -0.2253 0.9731
vn 0.0524 -0.2301 0.9718
vn 0.0462 -0.2215 0.9741
vn 0.0461 -0.2244 0.9734
vn 0.0415 -0.2326 0.9717
vn 0.0437 -0.2327 0.9716
vn 0.5469 -0.0053 -0.8372
vn 0.0512 -0.4284 -0.9021
vn 0.0458 -0.4386 -0.8975
vn -0.0500 0.2494 0.9671
vn 0.9594 -0.0089 0.2819
vn -0.9253 -0.0014 -0.3793
vn -0.9825 0.0052 -0.1860
vn -0.9808 0.0055 -0.1951
vn -0.9834 0.0080 -0.1815
vn -0.6440 -0.7528 -0.1362
vn -0.0387 0.9959 0.0819
vn -0.0035 -0.0291 0.9996
vn -0.0107 -0.0137 0.9998
vn -0.0389 -0.0407 0.9984
vn -0.0032 -0.0119 0.9999
vn -0.0032 -0.0118 0.9999
vn -0.0093 -0.0259 0.9996
vn -0.0116 -0.0184 0.9998
vn -0.0125 -0.0246 0.9996
vn -0.0063 -0.0072 1.0000
vn -0.0082 -0.0108 0.9999
vn -0.0496 -0.0481 0.9976
vn -0.1757 -0.9832 -0.0506
vn -0.1692 -0.9840 -0.0558
vn -0.1656 -0.9847 -0.0548
vn -0.4027 -0.6538 0.6406
vn -0.9932 -0.0002 -0.1160
vn -0.6194 -0.7765 -0.1160
vn -0.6185 -0.7777 -0.1126
vn -0.6189 -0.7772 -0.1142
vn -0.6205 -0.7763 -0.1107
vn -0.6144 -0.7802 -0.1170
vn -0.6036 -0.7884 -0.1184
vn -0.0212 -0.0291 0.9994
vn -0.0080 -0.0274 0.9996
vn -0.0045 -0.0263 0.9996
vn -0.0040 -0.0260 0.9997
vn -0.0026 -0.0247 0.9997
vn -0.0019 -0.0147 0.9999
vn 0.0840 -0.9962 0.0228
vn 0.0908 -0.9957 0.0192
vn 0.1756 -0.0012 0.9845
vn 0.8976 -0.0051 -0.4408
vn -0.7541 -0.6568 -0.0001
vn -0.7711 -0.6366 -0.0113
vn -0.7629 -0.6464 -0.0135
vn -0.7659 -0.6430 -0.0081
vn -0.7687 -0.6396 -0.0034
vn -0.7641 -0.6451 -0.0000
vn -0.7593 -0.6508 -0.0013
vn 0.1466 -0.9829 0.1117
vn 0.1564 -0.9265 0.3422
vn 0.1631 -0.9282 0.3346
vn 0.1739 -0.9296 0.3249
vn -0.0058 0.0505 0.9987
vn -0.5271 -0.8498 0.0091
vn -0.4721 0.1654 -0.8659
vn -0.0000 -0.0280 0.9996
vn -0.0122 -0.0362 0.9993
vn 0.0107 -0.0301 0.9995
vn 0.0050 -0.0394 0.9992
vn -0.9033 0.0103 -0.4289
vn -0.3949 -0.9141 -0.0921
vn 0.2324 -0.9486 0.2147
vn -0.8133 0.0068 0.5818
vn -0.8109 0.0100 0.5852
vn -0.9080 0.0119 0.4189
vn 0.8498 0.4659 0.2465
vn -0.0103 0.0045 -0.9999
vn -0.2666 -0.0002 0.9638
vn -0.4251 -0.0003 0.9051
vn 0.7394 -0.0061 -0.6732
vn -0.7407 -0.0002 0.6718
vn -0.8836 -0.0000 0.4683
vn -0.2407 0.9695 0.0454
vn -0.2513 0.9672 0.0356
vn 0.9189 -0.0003 -0.3944
vn -0.1319 0.0005 -0.9913
vn 0.7057 0.0005 -0.7085
vn -0.2863 -0.0010 -0.9581
vn -0.2061 0.0012 0.9785
vn -0.4476 -0.8889 -0.0973
vn -0.4517 -0.8884 -0.0817
vn -0.4484 -0.8888 -0.0950
vn -0.4436 -0.8916 -0.0908
vn -0.4508 -0.8869 -0.1005
vn -0.4055 0.0003 0.9141
vn -0.3938 0.0009 -0.9192
vn -0.3646 -0.0013 -0.9312
vn -0.1028 0.0009 0.9947
vn 0.1983 0.0014 0.9801
vn -0.7912 -0.0013 -0.6115
vn 0.1010 0.0009 0.9949
vn 0.3853 0.0008 0.9228
vn 0.3119 0.0008 0.9501
vn 0.4231 -0.0011 0.9061
vn -0.8293 0.0014 -0.5588
vn -0.4239 -0.0011 0.9057
vn 0.1523 -0.0004 -0.9883
vn 0.5402 0.0008 0.8416
vn -0.8342 0.0002 -0.5514
vn 0.6989 -0.0010 0.7152
vn 0.6358 -0.0008 0.7719
vn -0.5144 0.0056 -0.8575
vn -0.9575 0.0006 -0.2885
vn 0.8286 0.0006 0.5599
vn 0.9555 0.0010 0.2949
vn 0.4408 0.0007 -0.8976
vn 0.0614 -0.0003 -0.9981
vn 0.8118 -0.0004 0.5840
vn 0.9946 0.0006 0.1042
vn 0.9989 -0.0007 0.0462
vn 0.9587 -0.0001 -0.2845
vn 0.2054 0.0002 -0.9787
vn -0.1760 -0.0008 -0.9844
vn 0.1276 0.0250 -0.9915
vn 0.0010 -0.0327 0.9995
vn 0.1165 -0.0002 -0.9932
vn 0.8338 -0.0015 0.5520
vn 0.0461 -0.0011 -0.9989
vn -0.0457 -0.0004 -0.9990
vn 0.8351 -0.0011 -0.5502
vn -0.5177 0.0003 0.8556
vn -0.8437 -0.0003 0.5368
vn 0.8807 0.0010 -0.4737
vn -0.9889 0.0198 -0.1470
vn 0.0372 0.1174 0.9924
vn 0.0271 0.1323 0.9908
vn -0.9991 -0.0002 0.0429
vn -0.9700 0.0126 0.2427
vn 0.9778 -0.0001 -0.2096
vn -0.5914 0.0003 0.8064
vn 0.7374 0.0010 0.6755
vn 0.2487 -0.0678 -0.9662
vn -0.0000 -0.9141 -0.4055
vn -0.0118 0.9921 0.1251
vn -0.0108 0.9943 0.1061
vn 0.0139 0.9929 0.1183
vn -0.0022 0.9930 0.1184
vn -0.9350 -0.3232 -0.1462
vn 0.0135 -0.8350 -0.5502
vn 0.8060 -0.1052 0.5825
vn 0.4718 -0.1653 0.8660
vn -0.9308 0.3218 0.1736
vn 0.5374 0.8286 0.1567
vn 0.5311 0.8325 0.1576
vn 0.5240 0.8378 0.1531
vn 0.5316 0.8321 0.1582
vn 0.5445 0.0085 -0.8387
vn -0.6590 -0.7462 -0.0942
vn 0.3908 0.9145 0.1041
vn 0.5217 0.8467 0.1043
vn -0.5556 -0.0019 0.8314
vn -0.5829 -0.0051 0.8126
vn 0.0199 0.0593 0.9980
vn 0.0388 0.0563 0.9977
vn 0.0198 0.0595 0.9980
vn 0.0296 0.0660 0.9974
vn -0.8412 -0.4794 -0.2500
vn 0.9340 -0.0065 0.3573
vn 0.5899 -0.0055 -0.8075
vn -0.2771 -0.9586 -0.0652
vn -0.2902 -0.9546 -0.0676
vn 0.4911 0.8597 0.1402
vn 0.4980 0.8581 0.1251
vn 0.4737 0.8707 0.1324
vn 0.4469 0.8860 0.1232
vn 0.4651 0.8758 0.1293
vn 0.4669 0.8746 0.1310
vn 0.4906 0.8598 0.1414
vn 0.4891 0.8609 0.1398
vn 0.4846 0.8637 0.1385
vn 0.4772 0.8677 0.1392
vn 0.4821 0.8659 0.1333
vn -0.0218 0.9993 -0.0313
vn -0.9750 -0.0000 0.2220
vn -0.9747 -0.0001 0.2235
vn -0.9735 0.0005 0.2287
vn -0.9809 0.0138 0.1938
vn 0.0091 0.2047 0.9788
vn 0.0151 0.2034 0.9790
vn 0.0039 0.1956 0.9807
vn 0.9808 -0.0019 -0.1951
vn 0.9565 0.0198 -0.2911
vn -0.2248 -0.9731 -0.0511
vn -0.2091 -0.9763 -0.0562
vn -0.1999 -0.9784 -0.0534
vn -0.2074 -0.9768 -0.0540
vn -0.2171 -0.9745 -0.0567
vn -0.2147 -0.9754 -0.0506
vn -0.2086 -0.9769 -0.0462
vn -0.2084 -0.9758 -0.0657
vn -0.2077 -0.9758 -0.0678
vn -0.2172 -0.9748 -0.0516
vn 0.0139 -0.9178 -0.3969
vn 0.0705 0.9904 0.1187
vn 0.0701 0.9905 0.1186
vn -0.9701 0.0484 0.2380
vn 0.0377 -0.9991 -0.0178
vn 0.1484 -0.9796 -0.1356
vn 0.0170 -0.9996 -0.0229
vn -0.0307 -0.9995 -0.0110
vn -0.0427 -0.9990 -0.0107
vn 0.0201 -0.9996 -0.0206
vn 0.0386 -0.9992 -0.0138
vn 0.0273 -0.9995 -0.0157
vn 0.0365 -0.9993 -0.0107
vn -0.0701 -0.9975 -0.0104
vn 0.0443 -0.9990 -0.0111
vn 0.0811 -0.9967 0.0040
vn 0.0600 -0.9982 -0.0089
vn 0.0466 -0.9989 -0.0078
vn 0.2190 -0.9733 -0.0692
vn -0.0349 -0.9944 -0.0997
vn -0.0395 -0.9938 -0.1042
vn -0.0495 -0.9928 -0.1095
vn -0.0499 0.9950 0.0867
vn 0.5165 0.8458 0.1337
vn 0.9817 -0.0059 0.1902
vn -0.8437 -0.5210 -0.1291
vn 0.0351 -0.9936 -0.1070
vn -0.7850 -0.6195 0.0063
vn -0.7539 -0.6551 0.0511
vn -0.7734 -0.6336 0.0201
vn 0.8282 -0.0057 -0.5604
vn -0.4043 -0.5069 -0.7613
vn -0.9276 -0.3444 -0.1448
vn -0.9330 -0.3277 -0.1486
vn 0.9791 -0.0577 -0.1949
vn -0.5130 -0.5373 -0.6694
vn -0.4960 -0.6227 0.6052
vn 0.0018 -0.9444 -0.3289
vn -0.0019 -0.9443 -0.3292
vn -0.6021 -0.7495 -0.2753
vn -0.6046 -0.7474 -0.2754
vn -0.5958 -0.7492 -0.2893
vn -0.6928 -0.7065 -0.1446
vn -0.6834 -0.7210 -0.1146
vn -0.6897 -0.7159 -0.1090
vn -0.6901 -0.7139 -0.1190
vn -0.6755 -0.7256 -0.1313
vn -0.6858 -0.7160 -0.1304
vn -0.6855 -0.7179 -0.1214
vn -0.6684 -0.7366 -0.1031
vn -0.6792 -0.7240 -0.1200
vn -0.6823 -0.7222 -0.1137
vn -0.6817 -0.7228 -0.1136
vn -0.8980 -0.4152 -0.1456
vn -0.7232 -0.6903 -0.0184
vn -0.7290 -0.6822 -0.0559
vn -0.7293 -0.6813 -0.0625
vn -0.7264 -0.6872 0.0072
vn -0.7281 -0.6842 0.0415
vn -0.7189 -0.6947 -0.0223
vn 0.9241 -0.3454 -0.1634
vn 0.8767 -0.0053 -0.4810
vn -0.3368 -0.0063 -0.9416
vn 0.1033 -0.9028 -0.4174
vn -0.0834 0.9937 0.0753
vn -0.0894 0.9924 0.0843
vn -0.0763 0.9930 0.0903
vn 0.2969 0.0023 0.9549
vn -0.4046 0.0029 -0.9145
vn 0.0523 0.2013 0.9781
vn 0.8983 -0.0070 0.4393
vn -0.9178 0.3950 -0.0409
vn -0.0095 0.9929 0.1189
vn 0.0057 0.9927 0.1207
vn -0.8009 -0.5859 -0.1237
vn -0.7942 -0.5948 -0.1243
vn -0.8109 -0.5713 -0.1271
vn -0.9879 0.1389 0.0690
vn -0.3827 -0.5019 -0.7757
vn -0.3943 -0.5036 -0.7687
vn 0.5878 -0.4716 -0.6573
vn 0.0258 0.1067 0.9940
vn 0.9818 0.1056 0.1577
vn -0.0376 -0.4108 0.9109
vn 0.1285 -0.9915 0.0187
vn 0.0923 -0.9939 0.0611
vn -0.1955 -0.9795 -0.0492
vn -0.1735 -0.9832 -0.0572
vn -0.1673 -0.9845 -0.0526
vn -0.1651 -0.9849 -0.0521
vn -0.1881 -0.9805 -0.0560
vn 0.8363 -0.3928 -0.3826
vn 0.0947 -0.9642 0.2479
vn 0.7481 0.0467 0.6620
vn -0.5029 -0.8545 -0.1300
vn -0.3591 -0.9318 0.0523
vn -0.2068 -0.6281 -0.7502
vn 0.0004 -0.0322 0.9995
vn 0.0003 -0.0308 0.9995
vn 0.0081 -0.0068 0.9999
vn 0.0148 -0.0451 0.9989
vn 0.0520 0.9907 0.1261
vn 0.0687 0.9891 0.1300
vn 0.0479 0.9892 0.1385
vn 0.0692 0.9874 0.1420
vn -0.9854 0.0009 -0.1701
vn 0.9967 -0.0060 -0.0804
vn 0.3869 0.0004 -0.9221
vn 0.6574 -0.0003 0.7536
vn 0.2231 -0.0022 0.9748
vn 0.2329 0.0028 0.9725
vn -0.0067 0.0731 0.9973
vn -0.0001 0.1070 0.9943
vn -0.8262 -0.5483 -0.1292
vn -0.8232 -0.5533 -0.1268
vn 0.4067 -0.0047 -0.9136
vn -0.3312 0.9425 0.0456
vn 0.6263 0.7536 0.1994
vn 0.0984 0.9907 0.0943
vn -0.4205 0.0392 -0.9065
vn 0.8702 -0.0054 0.4927
vn 0.0745 -0.8468 -0.5267
vn -0.2280 -0.9715 -0.0646
vn 0.2880 0.0065 -0.9576
vn 0.2814 0.0099 -0.9595
vn 0.5991 -0.7991 0.0503
vn -0.0403 -0.0394 0.9984
vn -0.0363 -0.0399 0.9985
vn 0.5837 0.8103 0.0524
vn 0.5875 0.8076 0.0505
vn 0.9764 0.0001 0.2161
vn 0.4851 0.4828 -0.7291
vn 0.0629 -0.9967 -0.0520
vn 0.0571 -0.9972 -0.0490
vn 0.0888 -0.9523 0.2920
vn -0.8886 0.4210 0.1818
vn -0.0939 0.0038 0.9956
vn 0.0540 0.9957 0.0751
vn -0.5270 -0.6098 0.5919
vn 0.7651 0.0807 -0.6388
vn -0.5341 0.0043 0.8454
vn -0.5271 0.0075 0.8498
vn 0.9614 -0.0045 -0.2753
vn 0.5796 0.7956 0.1765
vn 0.5883 0.7899 0.1734
vn 0.5827 0.7949 0.1692
vn -0.9239 -0.3532 -0.1473
vn 0.1637 0.9862 0.0255
vn 0.1650 0.9859 0.0281
vn 0.9710 0.0015 -0.2391
vn 0.9930 0.0204 -0.1159
vn -0.2042 -0.9594 -0.1943
vn 0.0102 0.0081 0.9999
vn 0.0235 0.0075 0.9997
vn 0.0954 -0.9378 0.3338
vn 0.6808 0.7135 0.1655
vn 0.6809 0.7152 0.1580
vn 0.6833 0.7126 0.1590
vn 0.6830 0.7146 0.1514
vn 0.6826 0.7113 0.1680
vn 0.6825 0.7130 0.1604
vn 0.6835 0.7123 0.1595
vn 0.6822 0.7130 0.1619
vn -0.7740 0.6103 0.1688
vn -0.7759 0.6076 0.1697
vn 0.0811 -0.8943 -0.4401
vn 0.5755 0.8025 0.1576
vn 0.5739 0.8037 0.1571
vn -0.3248 -0.5408 -0.7759
vn 0.5881 0.7956 0.1450
vn 0.5701 0.8078 0.1500
vn 0.6287 0.7675 0.1256
vn -0.1068 0.9890 0.1024
vn 0.0277 0.9992 -0.0276
vn 0.2292 0.9726 0.0388
vn 0.2500 0.9672 0.0455
vn 0.2401 0.9699 0.0408
vn 0.2579 0.9649 0.0501
vn 0.2573 0.9652 0.0476
vn 0.2315 0.9720 0.0395
vn 0.2383 0.9702 0.0426
vn 0.2494 0.9672 0.0490
vn 0.2520 0.9668 0.0421
vn 0.2578 0.9654 0.0398
vn 0.2654 0.9632 0.0417
vn 0.2634 0.9638 0.0406
vn 0.2520 0.9668 0.0429
vn 0.2513 0.9673 0.0345
vn 0.2581 0.9653 0.0391
vn 0.2581 0.9653 0.0398
vn -0.5953 0.0040 0.8035
vn 0.5025 -0.0051 -0.8646
vn 0.5818 0.8093 -0.0808
vn 0.1697 -0.9137 -0.3694
vn -0.9925 -0.0054 -0.1221
vn 0.4249 -0.9022 -0.0745
vn 0.4128 -0.9067 -0.0864
vn 0.4121 -0.9080 -0.0752
vn -0.9408 -0.0010 0.3390
vn -0.1905 0.0002 0.9817
vn 0.7051 -0.1045 0.7014
vn -0.8591 -0.4939 -0.1345
vn -0.8640 -0.4806 -0.1502
vn -0.8651 -0.4790 -0.1489
vn 0.2459 0.9684 0.0405
vn -0.1680 -0.1948 -0.9663
vn 0.8315 -0.0019 0.5556
vn 0.8120 -0.0052 0.5836
vn -0.7208 -0.6829 -0.1189
vn -0.7225 -0.6803 -0.1231
vn 0.1434 -0.9730 0.1810
vn -0.4787 0.8774 0.0321
vn 0.4720 -0.1653 -0.8660
vn 0.1177 0.2342 0.9651
vn 0.1275 0.0928 0.9875
vn 0.0011 0.1697 0.9855
vn 0.0054 0.1511 0.9885
vn 0.4940 0.0029 0.8695
vn -0.8691 -0.4755 -0.1362
vn 0.1213 -0.9926 -0.0055
vn 0.1199 -0.9927 -0.0090
vn 1.0000 -0.0043 -0.0025
vn 1.0000 0.0060 0.0005
vn 0.9999 -0.0053 0.0116
vn 1.0000 -0.0019 0.0048
vn -0.4814 -0.5099 -0.7129
vn -0.4724 -0.5182 -0.7130
vn 0.6263 0.7666 0.1417
vn 0.6239 0.7680 0.1448
vn -0.0238 -0.0280 0.9993
vn -0.5496 0.0002 0.8354
vn 0.2184 -0.9641 0.1510
vn -0.3441 -0.5285 -0.7761
vn 0.4546 -0.0062 -0.8907
vn 0.4471 -0.0016 -0.8945
vn 0.4364 -0.0037 -0.8997
vn -0.4571 0.0002 0.8894
vn -0.5443 -0.8262 -0.1453
vn -0.4793 -0.8715 -0.1039
vn 0.2350 -0.0220 -0.9718
vn 0.9229 -0.3847 0.0152
vn 0.1606 -0.9851 -0.0608
vn 0.0905 0.9798 0.1782
vn 0.0754 0.9794 0.1871
vn -0.2851 -0.5724 -0.7688
vn -0.1866 -0.9628 -0.1952
vn -0.0091 -0.0375 0.9993
vn -0.5704 -0.8214 -0.0012
vn -0.7334 0.0667 -0.6765
vn 0.1178 -0.9912 -0.0597
vn 0.7724 -0.1067 0.6261
vn -0.3131 -0.9440 0.1039
vn -0.3188 -0.9440 0.0847
vn -0.3057 -0.9492 0.0743
vn -0.4003 -0.0003 0.9164
vn -0.9929 -0.0000 0.1193
vn 0.0865 -0.8366 -0.5410
vn 0.0907 -0.8242 -0.5591
vn -0.1280 -0.6498 0.7492
vn -0.9532 -0.2614 -0.1519
vn -0.5137 -0.8469 -0.1373
vn 0.4618 -0.0023 0.8870
vn 0.0190 -0.8459 -0.5329
vn -0.1701 0.0009 0.9854
vn 0.9957 -0.0719 0.0589
vn -0.3030 0.9524 0.0346
vn 0.9259 -0.3760 -0.0368
vn 0.9381 -0.3438 -0.0425
vn 0.9332 -0.3574 -0.0380
vn 0.9218 -0.3857 -0.0387
vn 0.9885 -0.0570 -0.1402
vn -0.3764 -0.9224 -0.0869
vn 0.2820 -0.0089 -0.9594
vn 0.4020 -0.0622 -0.9135
vn 0.9442 0.0053 -0.3295
vn -0.9467 -0.2746 -0.1682
vn 0.2795 0.9584 0.0573
vn 0.2707 0.9613 0.0511
vn -0.6701 0.0067 -0.7423
vn -0.4260 0.9016 0.0748
vn 0.4364 -0.8988 -0.0427
vn 0.2613 -0.9628 -0.0683
vn -0.9808 -0.0019 0.1950
vn -0.9868 -0.0051 0.1620
vn -0.3317 -0.9412 -0.0646
vn 0.1878 -0.0038 -0.9822
vn -0.1947 0.0691 -0.9784
vn -0.6713 0.0056 0.7411
vn 0.0199 0.0821 -0.9964
vn 0.0196 0.0891 -0.9958
vn 0.0089 0.0862 -0.9962
vn 0.0249 0.0742 -0.9969
vn 0.5992 -0.5540 0.5779
vn 0.0072 -0.9985 -0.0543
vn 0.2589 0.9649 0.0431
vn 0.2585 0.9651 0.0415
vn 0.2545 0.8549 0.4521
vn 0.0450 -0.9988 0.0187
vn 0.2016 -0.9620 -0.1841
vn -0.5212 -0.8460 -0.1120
vn -0.5242 -0.8437 -0.1156
vn -0.5288 -0.8411 -0.1135
vn 0.9038 0.0060 -0.4279
vn 0.4572 -0.0058 0.8894
vn 0.6845 0.7151 0.1417
vn 0.6942 0.7070 0.1352
vn 0.6977 0.7014 0.1459
vn 0.6825 0.7165 0.1441
vn -0.7451 -0.6594 -0.1004
vn -0.0154 0.9941 0.1070
vn -0.4790 -0.0089 -0.8778
vn -0.0194 0.0812 0.9965
vn 0.6483 0.0006 -0.7614
vn 0.7927 0.0085 0.6096
vn 0.7943 0.0072 0.6074
vn 0.1262 -0.9552 0.2679
vn 0.9335 -0.0048 -0.3586
vn -0.6622 -0.7113 -0.2357
vn -0.6478 -0.7200 -0.2489
vn -0.6593 -0.7117 -0.2426
vn -0.0778 0.9968 -0.0185
vn 0.3742 0.9221 0.0985
vn 0.0736 0.9930 0.0922
vn 0.0767 0.9928 0.0916
vn 0.0839 0.9925 0.0885
vn 0.0786 0.9924 0.0950
vn 0.0190 0.0437 -0.9989
vn 0.0312 -0.9993 -0.0193
vn -0.4656 0.8809 0.0849
vn 0.0582 0.0064 0.9983
vn 0.9583 -0.0600 -0.2795
vn -0.7785 -0.0089 -0.6276
vn 0.2207 -0.0000 0.9753
vn 0.1625 -0.9858 0.0420
vn 0.1951 -0.0019 -0.9808
vn 0.2279 -0.0052 -0.9737
vn -0.3962 0.9181 0.0069
vn -0.3869 0.9221 0.0041
vn -0.1478 -0.9680 -0.2029
vn -0.1388 -0.9685 -0.2066
vn 0.0816 -0.7986 -0.5964
vn 0.0763 -0.7991 -0.5963
vn 0.3370 -0.0302 -0.9410
vn 0.1871 0.9819 0.0305
vn 0.2022 0.9787 0.0348
vn 0.2054 0.9781 0.0342
vn 0.1895 0.9813 0.0322
vn 0.2356 -0.9569 0.1697
vn 0.2484 -0.9523 0.1772
vn 0.2410 -0.9559 0.1677
vn 0.0282 0.0558 -0.9980
vn -0.3486 -0.9356 -0.0559
vn -0.3294 -0.9425 -0.0557
vn -0.3331 -0.9413 -0.0553
vn -0.3284 -0.9430 -0.0530
vn -0.3431 -0.9374 -0.0588
vn 0.2430 -0.0540 -0.9685
vn -0.8565 0.4804 0.1888
vn -0.4633 -0.8810 -0.0956
vn -0.4589 -0.8830 -0.0985
vn -0.4726 -0.8758 -0.0983
vn -0.4735 -0.8750 -0.1005
vn -0.0737 -0.9973 -0.0038
vn -0.4433 -0.6029 0.6633
vn -0.4432 -0.6029 0.6634
vn 0.0425 -0.8713 -0.4889
vn -0.5011 -0.8226 -0.2688
vn -0.4943 -0.8230 -0.2798
vn 0.2999 0.9526 0.0507
vn 0.2979 0.9532 0.0522
vn 0.2960 0.9534 0.0587
vn 0.2997 0.9530 0.0437
vn 0.3157 0.9458 0.0762
vn 0.3155 0.9458 0.0775
vn 0.3162 0.9469 0.0590
vn 0.3051 0.9501 0.0641
vn 0.3162 0.9469 0.0583
vn 0.3168 0.9453 0.0773
vn 0.3134 0.9461 0.0818
vn 0.2946 0.9527 0.0744
vn 0.3008 0.9518 0.0594
vn 0.2982 0.9524 0.0634
vn 0.3053 0.9506 0.0570
vn 0.3056 0.9503 0.0592
vn 0.3075 0.9495 0.0621
vn 0.3076 0.9498 0.0567
vn 0.3075 0.9500 0.0539
vn 0.3129 0.9481 0.0568
vn 0.3100 0.9492 0.0548
vn 0.3055 0.9501 0.0637
vn 0.2856 0.9566 0.0581
vn 0.2902 0.9553 0.0556
vn -0.6563 -0.7336 -0.1764
vn -0.6519 -0.7378 -0.1749
vn -0.6593 -0.7304 -0.1783
vn -0.6562 -0.7337 -0.1764
vn 0.7390 0.6737 -0.0000
vn 0.7441 0.6681 -0.0000
vn -0.2435 -0.6801 0.6915
vn -0.2546 -0.6966 0.6708
vn 0.1402 0.9880 0.0655
vn 0.1456 0.9882 0.0472
vn 0.5143 0.0066 -0.8576
vn -0.0544 0.9946 0.0882
vn 0.8535 -0.0055 -0.5211
vn -0.8591 -0.4939 -0.1344
vn -0.8508 -0.5089 -0.1307
vn 0.9891 -0.0740 0.1271
vn 0.6481 -0.0060 -0.7615
vn 0.0273 0.9996 -0.0124
vn -0.9973 0.0021 0.0729
vn 0.5556 -0.0019 -0.8314
vn 0.5833 -0.0052 -0.8122
vn 0.1968 -0.9723 -0.1258
vn -0.7883 -0.0054 0.6152
vn -0.2906 0.9566 0.0233
vn 0.5177 0.0034 0.8556
vn -0.5874 -0.5898 0.5542
vn -0.1286 -0.9909 -0.0388
vn -0.0361 -0.1587 0.9867
vn -0.0299 -0.1517 0.9880
vn -0.0218 -0.1431 0.9895
vn -0.1066 -0.0089 -0.9943
vn 0.5156 0.8441 0.1470
vn -0.9418 0.0140 -0.3360
vn -0.5401 -0.8336 -0.1158
vn 0.9697 -0.0587 -0.2372
vn 0.3685 -0.9284 -0.0467
vn 0.6281 0.7729 0.0897
vn 0.6446 0.7594 0.0882
vn 0.6356 0.7677 0.0817
vn -0.2131 -0.6805 0.7011
vn 0.0058 -0.0808 0.9967
vn -0.5055 -0.8627 0.0148
vn -0.4068 -0.9084 -0.0969
vn -0.4019 -0.9110 -0.0926
vn -0.4092 -0.9075 -0.0953
vn -0.4144 -0.9047 -0.0991
vn -0.4188 -0.9029 -0.0968
vn -0.4210 -0.9030 -0.0852
vn -0.4152 -0.9055 -0.0873
vn -0.4212 -0.9027 -0.0875
vn 0.1044 -0.9491 0.2972
vn 0.1088 -0.9548 0.2766
vn 0.1824 -0.9823 0.0416
vn 0.2005 -0.9790 0.0357
vn 0.1924 -0.9803 0.0439
vn 0.3920 0.9126 0.1159
vn 0.5982 0.7830 0.1702
vn -0.4867 -0.5281 -0.6959
vn -0.3063 -0.9305 -0.2009
vn 0.3644 0.0904 -0.9269
vn -0.4157 -0.9046 -0.0940
vn 0.6749 0.7242 0.1415
vn 0.6769 0.7205 0.1507
vn 0.6759 0.7208 0.1534
vn 0.6758 0.7235 0.1412
vn 0.6719 0.7260 0.1468
vn 0.6661 0.7306 0.1499
vn 0.1460 -0.9887 0.0329
vn 0.6713 0.0040 0.7411
vn 0.1180 -0.9118 -0.3933
vn 0.1443 0.0284 0.9891
vn 0.1592 0.0191 0.9871
vn 0.1436 0.0178 0.9895
vn 0.1372 0.0281 0.9901
vn -0.0520 0.9930 0.1061
vn -0.0448 0.9947 0.0929
vn -0.0236 0.9942 0.1050
vn -0.0872 0.1324 -0.9874
vn 0.0883 -0.0016 0.9961
vn 0.3347 -0.0072 -0.9423
vn 0.2977 0.9532 0.0522
vn 0.2800 0.9591 0.0425
vn -0.0260 -0.1559 -0.9874
vn -0.0347 -0.1719 -0.9845
vn -0.0242 -0.1505 -0.9883
vn -0.0124 -0.1738 -0.9847
vn 0.5131 0.8450 0.1510
vn 0.5186 0.8419 0.1495
vn 0.9907 -0.0043 -0.1363
vn 0.0103 -0.0035 0.9999
vn 0.0005 -0.0023 1.0000
vn -0.0019 -0.0014 1.0000
vn -0.0036 -0.0053 1.0000
vn -0.0041 -0.0036 1.0000
vn -0.0234 0.0017 0.9997
vn -0.0069 0.0003 1.0000
vn -0.0049 0.0029 1.0000
vn -0.0088 0.0005 1.0000
vn -0.0032 0.0109 0.9999
vn 0.4120 0.9028 0.1230
vn 0.1156 0.0031 0.9933
vn -0.9989 0.0356 0.0318
vn 0.1104 -0.9878 -0.1098
vn 0.5462 0.4611 -0.6993
vn -0.0331 0.2740 0.9612
vn 0.0489 -0.0063 -0.9988
vn -0.0010 0.0584 -0.9983
vn 0.0106 0.0562 -0.9984
vn 0.0104 0.0580 -0.9983
vn 0.0174 0.0659 -0.9977
vn 0.0172 0.0691 -0.9975
vn 0.0029 0.0775 -0.9970
vn -0.9474 0.2816 0.1522
vn 0.0006 0.9947 0.1031
vn 0.0039 1.0000 -0.0086
vn -0.0076 0.9998 -0.0170
vn -0.0023 -0.0000 -1.0000
vn -0.1845 0.9813 0.0543
vn -0.1839 0.9814 0.0546
vn -0.0530 -0.1607 -0.9856
vn -0.0404 -0.1405 -0.9893
vn -0.0394 -0.1691 -0.9848
vn -0.0417 -0.1584 -0.9865
vn -0.9611 -0.0004 -0.2763
vn 0.0038 0.3369 0.9415
vn 0.7628 -0.0802 -0.6416
vn 0.9882 0.0023 0.1529
vn 0.1092 0.9938 0.0211
vn 0.1132 0.9932 0.0260
vn 0.1161 0.9930 0.0231
vn 0.6641 0.0081 -0.7476
vn 0.2993 -0.0590 -0.9523
vn -0.9690 0.0090 -0.2467
vn -0.5469 -0.7885 -0.2812
vn 0.8059 0.0038 0.5920
vn 0.7298 -0.0811 -0.6789
vn 0.1065 -0.0089 0.9943
vn 0.9964 0.0002 -0.0846
vn 0.6954 0.6999 0.1628
vn 0.0548 0.0470 -0.9974
vn -0.0344 0.0015 0.9994
vn -0.3327 -0.9400 -0.0758
vn 0.5408 0.8267 0.1550
vn -0.1159 0.0814 0.9899
vn -0.0084 0.9936 0.1128
vn 0.6499 0.0064 0.7600
vn 0.1863 0.9819 0.0334
vn 0.1880 0.9815 0.0356
vn 0.1905 0.9811 0.0341
vn 0.1844 0.9822 0.0348
vn 0.1920 0.9808 0.0337
vn -0.8575 0.0068 0.5144
vn 0.0086 0.9956 0.0928
vn 0.8590 -0.0007 0.5119
vn 0.0601 -0.9977 0.0300
vn -0.5313 -0.8359 -0.1379
vn -0.0768 -0.9958 -0.0491
vn -0.0614 -0.9965 -0.0561
vn -0.0541 -0.9967 -0.0599
vn -0.0541 -0.9967 -0.0597
vn -0.0793 -0.9949 -0.0623
vn -0.0799 -0.9948 -0.0628
vn -0.0793 -0.9949 -0.0625
vn -0.8570 0.0083 -0.5152
vn 0.0976 -0.0057 0.9952
vn -0.6388 -0.7581 -0.1316
vn -0.6275 -0.7663 -0.1378
vn -0.6185 -0.7699 -0.1575
vn -0.6145 -0.7765 -0.1394
vn -0.6148 -0.7763 -0.1393
vn -0.6257 -0.7662 -0.1465
vn -0.6368 -0.7594 -0.1331
vn -0.6284 -0.7652 -0.1399
vn -0.6259 -0.7678 -0.1366
vn -0.9676 0.0007 0.2525
vn -0.6645 -0.7349 -0.1353
vn 0.4270 0.8985 0.1014
vn 0.4225 0.9019 0.0899
vn 0.4172 0.9026 0.1057
vn -0.0088 -0.9773 0.2118
vn 0.3332 0.9408 0.0629
vn 0.0619 0.9980 -0.0146
vn 0.0647 0.9979 0.0003
vn 0.0566 0.9984 0.0077
vn 0.8477 -0.0729 -0.5255
vn 0.0140 0.2366 0.9715
vn -0.1977 -0.9791 -0.0482
vn -0.1908 -0.9803 -0.0507
vn 0.3770 0.9210 0.0985
vn 0.3727 0.9230 0.0955
vn 0.3696 0.9247 0.0910
vn 0.3662 0.9258 0.0936
vn 0.3663 0.9263 0.0886
vn 0.3766 0.9228 0.0816
vn 0.3849 0.9201 0.0727
vn 0.3698 0.9255 0.0820
vn 0.3727 0.9248 0.0765
vn 0.3598 0.9299 0.0765
vn 0.3681 0.9273 0.0679
vn 0.3468 0.9347 0.0775
vn 0.3526 0.9323 0.0802
vn 0.3572 0.9307 0.0788
vn 0.3697 0.9252 0.0855
vn 0.3549 0.9312 0.0832
vn 0.3571 0.9305 0.0815
vn 0.3466 0.9351 0.0734
vn 0.3436 0.9362 0.0741
vn 0.3527 0.9326 0.0766
vn 0.3526 0.9323 0.0812
vn 0.3433 0.9336 0.1022
vn 0.3444 0.9348 0.0873
vn 0.3476 0.9342 0.0805
vn 0.3570 0.9292 0.0959
vn 0.3572 0.9296 0.0912
vn 0.0440 0.9986 -0.0303
vn 0.0553 0.9983 -0.0206
vn 0.0083 0.9989 0.0466
vn 0.0685 0.9974 -0.0218
vn -0.1717 -0.9846 -0.0318
vn -0.3776 -0.9245 0.0514
vn -0.3784 -0.9238 0.0585
vn -0.6171 -0.7750 -0.1362
vn 0.0051 -0.4626 0.8866
vn 0.9713 -0.0782 0.2247
vn 0.1826 -0.0512 -0.9819
vn 0.2435 -0.9491 0.1997
vn 0.2506 -0.9452 0.2094
vn 0.2554 -0.9468 0.1960
vn 0.2546 -0.9490 0.1858
vn -0.1874 -0.6543 0.7326
vn -0.2015 -0.6807 0.7043
vn -0.8314 -0.0019 -0.5556
vn -0.8124 -0.0051 -0.5831
vn -0.5943 0.0053 -0.8042
vn 0.2762 0.8142 0.5107
vn -0.4672 0.1185 0.8762
vn 0.0977 0.9938 0.0529
vn 0.0881 0.9948 0.0517
vn 0.0827 0.9953 0.0507
vn 0.0883 0.9947 0.0533
vn 0.9341 -0.3435 -0.0974
vn 0.6987 0.7065 0.1125
vn -0.8314 -0.0019 0.5556
vn -0.8499 -0.0052 0.5269
vn 0.0965 -0.9239 -0.3703
vn -0.1793 -0.6660 0.7241
vn -0.1792 -0.6636 0.7263
vn 0.1965 0.0070 0.9805
vn 0.6305 0.7623 0.1463
vn -0.9319 -0.0003 0.3627
vn 0.5954 0.0055 -0.8034
vn -0.3879 -0.9158 -0.1037
vn -0.3819 -0.9197 -0.0912
vn -0.3855 -0.9183 -0.0899
vn 0.5088 0.8489 0.1429
vn -0.0306 -0.9786 -0.2036
vn -0.0268 -0.9786 -0.2040
vn -0.0401 -0.9757 -0.2155
vn -0.4802 -0.8683 -0.1243
vn 0.4499 -0.0650 -0.8907
vn 0.5459 -0.0069 0.8378
vn 0.5390 -0.0706 -0.8394
vn 0.0638 -0.9979 -0.0082
vn 0.8009 -0.0059 -0.5988
vn 0.6234 -0.7817 -0.0181
vn -0.0780 -0.9841 -0.1596
vn -0.0637 -0.9865 -0.1507
vn -0.1951 -0.0019 0.9808
vn -0.2276 -0.0051 0.9737
vn -0.0911 -0.6490 -0.7553
vn -0.2831 -0.9535 0.1036
vn 0.8549 0.0041 0.5187
vn -0.1537 -0.1642 0.9744
vn -0.1385 -0.1602 0.9773
vn -0.0222 0.9994 0.0264
vn -0.0077 0.9998 0.0158
vn 0.0343 -0.8382 -0.5443
vn -0.0871 -0.9688 0.2318
vn 0.3471 -0.0073 0.9378
vn 0.0459 -0.9955 -0.0831
vn 0.6325 -0.7714 -0.0700
vn 0.6337 -0.7702 -0.0719
vn 0.6274 -0.7748 -0.0775
vn 0.6221 -0.7794 -0.0736
vn 0.8520 -0.0051 -0.5235
vn 0.8552 0.0716 -0.5134
vn 0.6545 0.7412 0.1489
vn 0.6480 0.7456 0.1553
vn 0.6499 0.7476 0.1367
vn 0.6429 0.7503 0.1538
vn 0.6454 0.7491 0.1491
vn 0.6557 0.7377 0.1608
vn 0.6561 0.7363 0.1659
vn 0.6445 0.7450 0.1719
vn 0.6528 0.7400 0.1620
vn 0.6474 0.7437 0.1667
vn 0.6452 0.7493 0.1493
vn 0.6646 0.7337 0.1411
vn 0.6490 0.7431 0.1630
vn 0.6465 0.7476 0.1524
vn -0.8871 0.0009 -0.4615
vn -0.0142 0.9943 0.1052
vn -0.8368 0.0021 -0.5475
vn -0.8314 0.0025 -0.5556
vn -0.5037 -0.8546 -0.1260
vn -0.5101 -0.8513 -0.1233
vn -0.5132 -0.8493 -0.1237
vn 0.3487 0.0512 0.9358
vn 0.0160 0.9967 0.0796
vn -0.8899 -0.0060 0.4561
vn -0.5910 -0.7912 -0.1575
vn -0.5953 -0.7871 -0.1617
vn -0.5820 -0.7997 -0.1477
vn -0.5681 -0.8101 -0.1445
vn 0.0287 0.0268 -0.9992
vn -0.9912 -0.0010 -0.1322
vn -0.6112 0.7816 0.1248
vn -0.4439 -0.6429 0.6242
vn 0.5448 -0.5473 0.6354
vn -0.9228 0.3447 0.1720
vn -0.9212 0.3492 0.1717
vn -0.8033 0.0088 -0.5955
vn 0.9294 -0.0635 -0.3635
vn 0.2002 0.0018 -0.9798
vn 0.3319 -0.9143 0.2321
vn -0.1145 -0.1660 0.9795
vn -0.1037 -0.1592 0.9818
vn -0.0962 -0.1562 0.9830
vn -0.0961 -0.1649 0.9816
vn 0.2065 -0.0083 -0.9784
vn 0.6137 0.7810 0.1160
vn -0.3900 -0.9181 -0.0710
vn -0.3814 -0.9220 -0.0670
vn 0.9604 -0.0804 0.2666
vn 0.2729 0.0919 -0.9576
vn -0.6636 0.0393 0.7470
vn 0.0063 0.9955 0.0949
vn -0.9074 -0.3934 -0.1475
vn 0.5817 -0.8100 0.0748
vn 0.9629 0.0010 0.2699
vn 0.0580 0.9973 0.0443
vn 0.0585 0.9977 0.0339
vn 0.0683 0.9969 0.0386
vn 0.0639 0.9968 0.0477
vn 0.0680 0.9966 0.0456
vn 0.0521 0.9969 0.0586
vn 0.0800 -0.0060 0.9968
vn -0.0911 -0.1670 0.9818
vn -0.0823 -0.1636 0.9831
vn -0.0795 -0.1729 0.9817
vn 0.3308 0.9419 0.0582
vn 0.3431 0.9370 0.0657
vn 0.0474 0.9851 0.1656
vn -0.4557 -0.0060 -0.8901
vn 0.8016 -0.0080 0.5978
vn -0.6368 -0.7300 -0.2484
vn -0.5383 -0.8335 -0.1243
vn -0.5460 -0.8289 -0.1217
vn 0.0508 0.0025 -0.9987
vn 0.1915 -0.9757 0.1066
vn 0.0007 0.0044 1.0000
vn 0.0109 0.0004 0.9999
vn 0.0008 0.0048 1.0000
vn 0.9718 0.0041 -0.2357
vn -0.9638 -0.0054 0.2666
vn -0.2431 -0.6051 -0.7582
vn -0.4936 -0.8623 -0.1129
vn -0.5077 -0.8550 -0.1057
vn -0.5029 -0.8576 -0.1080
vn -0.4999 -0.8582 -0.1169
vn -0.3812 0.1170 0.9171
vn -0.3710 0.9270 0.0555
vn 0.1102 -0.9669 0.2302
vn 0.1107 -0.9695 0.2189
vn -0.4110 0.9091 0.0682
vn 0.6004 0.7960 -0.0770
vn -0.2780 0.0059 0.9606
vn 0.1306 0.0252 -0.9911
vn 0.1015 -0.3790 -0.9198
vn 0.0946 -0.3702 -0.9241
vn 0.0891 0.0337 -0.9955
vn 0.1335 0.0002 0.9911
vn 0.9984 0.0032 0.0572
vn 0.1146 -0.9591 0.2589
vn -0.7069 -0.6931 -0.1411
vn -0.7002 -0.7002 -0.1396
vn -0.7057 -0.6954 -0.1356
vn -0.7174 -0.6838 -0.1333
vn -0.7110 -0.6905 -0.1334
vn 0.9907 -0.0057 0.1359
vn 0.2863 -0.0046 -0.9581
vn 0.2821 -0.0172 -0.9592
vn -0.9994 0.0029 0.0348
vn -0.9994 0.0039 0.0332
vn 0.8119 0.0004 -0.5838
vn 0.6689 -0.0059 -0.7433
vn 0.6941 -0.4591 -0.5545
vn 0.3547 0.9292 0.1036
vn -0.5049 -0.8568 -0.1049
vn 0.2602 -0.8755 -0.4073
vn 0.2558 -0.8743 -0.4125
vn -0.6807 -0.7089 -0.1847
vn -0.6649 -0.7252 -0.1789
vn -0.6779 -0.7120 -0.1829
vn -0.6679 -0.7224 -0.1793
vn 0.1277 0.0048 -0.9918
vn 0.1131 -0.9911 -0.0704
vn 0.1290 -0.9898 -0.0599
vn 0.6527 0.7477 0.1223
vn 0.6459 0.7537 0.1216
vn 0.6493 0.7506 0.1229
vn 0.6465 0.7522 0.1276
vn 0.6417 0.7576 0.1193
vn 0.6437 0.7563 0.1168
vn 0.6464 0.7536 0.1193
vn 0.6547 0.7470 0.1159
vn 0.6535 0.7472 0.1207
vn 0.6511 0.7505 0.1130
vn 0.6506 0.7510 0.1126
vn 0.6511 0.7510 0.1100
vn 0.6463 0.7537 0.1193
vn 0.6415 0.7581 0.1171
vn 0.6400 0.7592 0.1184
vn 0.6431 0.7573 0.1137
vn 0.6470 0.7528 0.1208
vn 0.6495 0.7509 0.1195
vn 0.6451 0.7563 0.1091
vn 0.6512 0.7514 0.1068
vn 0.6459 0.7549 0.1141
vn -0.0467 -0.9983 -0.0346
vn 0.9121 -0.0655 -0.4047
vn -0.0519 0.0080 0.9986
vn 0.9726 -0.0060 0.2323
vn 0.5391 0.7332 0.4145
vn 0.1073 -0.9939 -0.0262
vn 0.1044 -0.9937 -0.0414
vn -0.9517 -0.0060 -0.3069
vn 0.8549 0.0063 -0.5188
vn 0.9416 -0.0063 -0.3366
vn -0.6761 -0.7080 -0.2042
vn -0.6858 -0.6997 -0.2002
vn 0.6308 -0.0057 -0.7760
vn 0.3169 -0.9451 -0.0799
vn -0.0297 -0.0119 0.9995
vn -0.1439 -0.6468 0.7489
vn -0.1453 -0.6391 0.7553
vn -0.0802 -0.0060 -0.9968
vn 0.9996 -0.0043 -0.0285
vn -0.0777 -0.9963 -0.0368
vn 0.1558 -0.6029 -0.7824
vn 0.1557 -0.6029 -0.7825
vn -0.7824 -0.6029 0.1558
vn 0.4433 -0.6029 -0.6633
vn 0.4431 -0.6029 -0.6634
vn -0.7825 -0.6029 -0.1557
vn -0.7825 -0.6029 -0.1556
vn 0.1271 -0.9919 -0.0003
vn 0.1163 -0.9930 0.0192
vn 0.1219 -0.9924 0.0154
vn -0.2246 -0.6772 0.7007
vn -0.2230 -0.6635 0.7142
vn -0.5010 0.0003 0.8654
vn -0.4492 -0.8930 0.0263
vn 0.7825 -0.6029 0.1557
vn 0.7824 -0.6029 0.1557
vn -0.9226 0.3563 0.1482
vn 0.7825 -0.6029 -0.1557
vn -0.1556 -0.6029 0.7825
vn -0.1558 -0.6029 0.7824
vn -0.5682 0.0010 -0.8229
vn -0.3895 -0.9169 -0.0875
vn -0.4012 -0.9109 -0.0961
vn 0.1141 0.9875 0.1088
vn 0.1092 0.9879 0.1103
vn 0.1215 0.9865 0.1099
vn 0.1305 0.9839 0.1217
vn 0.1216 0.9876 0.0994
vn 0.1135 0.9878 0.1066
vn -0.5043 0.1632 0.8480
vn -0.9999 -0.0100 0.0014
vn -0.9998 0.0124 0.0151
vn -0.9998 0.0028 0.0201
vn -0.9999 0.0086 0.0103
vn -1.0000 0.0064 -0.0010
vn -1.0000 -0.0000 -0.0047
vn 0.6207 -0.0764 -0.7804
vn -0.2538 -0.9629 -0.0919
vn -0.2463 -0.9670 -0.0651
vn 0.4553 -0.0049 -0.8903
vn -0.9966 0.0092 -0.0815
vn -0.5948 0.0065 0.8039
vn 0.8542 -0.0076 0.5200
vn -0.5597 -0.5976 0.5742
vn -0.6633 -0.6029 0.4433
vn -0.6634 -0.6029 0.4431
vn -0.3272 -0.9222 -0.2062
vn -0.3420 -0.9154 -0.2123
vn 0.0311 -0.9959 -0.0850
vn 0.0391 -0.9972 -0.0639
vn -0.9989 0.0107 0.0465
vn 0.0999 -0.9949 -0.0131
vn 0.0794 -0.9967 -0.0154
vn 0.0895 -0.9955 -0.0300
vn 0.1386 0.4370 0.8887
vn 0.1171 0.0137 -0.9930
vn -0.2670 -0.9581 0.1041
vn -0.2651 -0.9613 0.0757
vn 0.8532 0.5168 0.0707
vn 0.0448 -0.8316 -0.5535
vn -0.0106 0.9971 0.0752
vn -0.0115 0.9969 0.0779
vn -0.9999 0.0096 0.0073
vn -0.9998 0.0191 0.0073
vn -1.0000 0.0042 0.0073
vn 0.8582 0.0123 0.5131
vn 0.8545 0.0105 0.5193
vn 0.9591 0.2470 -0.1382
vn 0.5795 0.1991 0.7903
vn -0.5152 -0.8494 -0.1142
vn -0.6485 -0.7436 -0.1626
vn -0.6377 -0.7535 -0.1597
vn -0.6407 -0.7483 -0.1721
vn 0.2495 0.0036 -0.9684
vn -0.4303 -0.8640 -0.2614
vn -0.4253 -0.8728 -0.2396
vn 0.2884 -0.0163 0.9574
vn -0.9729 0.0069 0.2311
vn -0.9718 0.0104 0.2356
vn -0.8253 -0.0084 -0.5646
vn -0.9942 -0.0089 0.1069
vn -0.9534 0.3016 -0.0045
vn -0.9546 0.2977 -0.0152
vn -0.9514 0.3079 -0.0014
vn -0.9537 0.2996 -0.0258
vn -0.9531 0.3002 -0.0383
vn -0.9541 0.2981 -0.0294
vn -0.9523 0.3035 -0.0300
vn -0.6744 -0.7311 -0.1032
vn 0.0720 -0.9637 0.2570
vn 0.9025 0.0042 0.4307
vn -0.5889 0.0283 0.8077
vn 0.5869 -0.0015 0.8097
vn 0.5928 0.0054 0.8054
vn 0.2656 -0.8605 -0.4348
vn 0.2684 -0.8559 -0.4420
vn 0.1076 -0.8948 -0.4333
vn 0.1133 -0.8974 -0.4265
vn 0.5923 0.7969 0.1188
vn 0.5857 0.8019 0.1182
vn -0.9808 -0.0019 -0.1951
vn 0.0956 -0.8062 -0.5839
vn 0.0915 -0.8091 -0.5805
vn 0.1177 -0.9354 0.3334
vn 0.1233 -0.9308 0.3440
vn -0.9961 -0.0016 0.0880
vn 0.4014 0.9099 0.1047
vn 0.5626 0.8129 0.1507
vn 0.5322 0.8351 0.1394
vn 0.1554 -0.8928 -0.4229
vn -0.4559 -0.5067 -0.7317
vn -0.4583 -0.5155 -0.7241
vn 0.4819 0.8673 0.1248
vn 0.4667 0.8763 0.1193
vn 0.5955 0.7887 0.1526
vn 0.5894 0.7929 0.1547
vn -0.2704 -0.9617 -0.0458
vn -0.2629 -0.9638 -0.0451
vn -0.2626 -0.9638 -0.0451
vn 0.2393 -0.9685 -0.0688
vn 0.1505 0.0004 0.9886
vn 0.0250 -0.2113 0.9771
vn 0.0177 -0.1966 0.9803
vn 0.0107 -0.2027 0.9792
vn 0.1269 0.9889 0.0772
vn -0.2961 0.0014 -0.9551
vn -0.0025 -0.0077 -1.0000
vn -0.0034 -0.0230 -0.9997
vn -0.0028 -0.0097 -0.9999
vn -0.0190 -0.0285 -0.9994
vn -0.0099 -0.0123 -0.9999
vn -0.0321 -0.0407 -0.9987
vn -0.0394 -0.0456 -0.9982
vn -0.0164 -0.0223 -0.9996
vn 0.6285 -0.0076 0.7778
vn 0.8609 0.0157 -0.5085
vn 0.5189 0.7745 0.3619
vn 0.5183 0.7754 0.3608
vn -0.9899 0.0004 0.1418
vn -0.2028 -0.9780 -0.0493
vn -0.2248 -0.9733 -0.0454
vn 0.3002 -0.0048 0.9539
vn 0.9153 -0.3950 0.0786
vn 0.6680 -0.0080 0.7441
vn -0.4735 -0.8744 -0.1058
vn -0.4760 -0.8729 -0.1076
vn -0.4794 -0.8713 -0.1051
vn -0.5640 -0.7759 -0.2826
vn -0.1992 0.0089 0.9799
vn 0.8990 0.2091 0.3848
vn 0.0795 0.9968 -0.0052
vn 0.0848 0.9964 0.0091
vn 0.0927 0.9955 0.0205
vn 0.0781 0.9969 -0.0005
vn 0.0740 0.9973 -0.0030
vn 0.0739 0.9973 0.0038
vn 0.0799 0.9968 0.0019
vn 0.0846 0.9963 0.0119
vn 0.0798 0.9968 0.0031
vn 0.0800 0.9968 -0.0020
vn 0.0801 0.9968 -0.0010
vn 0.2338 0.0818 0.9688
vn 0.2349 0.0736 0.9692
vn 0.2280 0.0663 0.9714
vn 0.2138 0.0625 0.9749
vn -0.6412 -0.7557 -0.1333
vn -0.6465 -0.7519 -0.1288
vn -0.6481 -0.7507 -0.1279
vn -0.6514 -0.7467 -0.1343
vn -0.6400 -0.7570 -0.1316
vn -0.6402 -0.7576 -0.1274
vn 0.5954 0.0031 0.8034
vn 0.7710 -0.0083 0.6368
vn -0.8061 0.0003 -0.5918
vn 0.4648 0.0096 -0.8854
vn -0.0304 -0.0446 0.9985
vn -0.0475 -0.0422 0.9980
vn -0.0467 -0.0502 0.9976
vn -0.9778 -0.0008 -0.2093
vn -0.9594 -0.0089 -0.2818
vn 0.2387 0.9699 0.0479
vn 0.2758 0.9597 0.0538
vn 0.2744 0.9602 0.0532
vn 0.2745 0.9602 0.0517
vn 0.2769 0.9594 0.0541
vn 0.2849 0.9575 0.0451
vn -0.2320 0.9717 0.0448
vn -0.2190 0.9747 0.0449
vn -0.2090 0.9767 0.0486
vn -0.2106 0.9765 0.0464
vn -0.2238 0.9741 0.0335
vn -0.2350 0.9712 0.0402
vn -0.2220 0.9737 0.0513
vn -0.1861 0.0057 -0.9825
vn 0.8430 0.3584 -0.4010
vn 0.0270 -0.9995 -0.0183
vn 0.0267 -0.9994 -0.0234
vn 0.6598 -0.4686 -0.5874
vn -0.5453 -0.8303 -0.1155
vn 0.3101 0.9442 0.1114
vn 0.3399 0.9360 0.0918
vn 0.3396 0.9352 0.1000
vn 0.3410 0.9343 0.1043
vn 0.3199 0.9434 0.0874
vn 0.3119 0.9462 0.0864
vn 0.3217 0.9419 0.0964
vn 0.3184 0.9444 0.0824
vn 0.3309 0.9400 0.0836
vn 0.3266 0.9412 0.0869
vn 0.3132 0.9462 0.0810
vn 0.3254 0.9410 0.0927
vn 0.9964 0.0202 0.0823
vn 0.5047 0.8532 0.1317
vn 0.2269 0.9732 0.0378
vn 0.2230 0.9741 0.0364
vn 0.2260 0.9735 0.0346
vn 0.2373 0.9706 0.0394
vn 0.2265 0.9734 0.0347
vn 0.2321 0.9720 0.0381
vn 0.2320 0.9720 0.0381
vn 0.2215 0.9745 0.0369
vn 0.2231 0.9741 0.0368
vn -0.1419 0.9874 0.0697
vn -0.1484 0.9854 0.0833
vn -0.1515 0.9853 0.0784
vn -0.1575 0.9842 0.0808
vn -0.6486 -0.7463 -0.1496
vn -0.6510 -0.7450 -0.1455
vn -0.6575 -0.7385 -0.1495
vn -0.6568 -0.7395 -0.1477
vn -0.6577 -0.7391 -0.1457
vn 0.7059 -0.0007 0.7083
vn -0.6634 -0.6029 -0.4432
vn 0.9816 -0.0043 -0.1911
vn -0.9390 0.0500 0.3403
vn 0.9817 0.0263 -0.1886
vn 0.2391 0.0053 0.9710
vn -0.3372 -0.9396 0.0582
vn -0.3423 -0.9365 0.0760
vn -0.0211 0.0540 0.9983
vn -0.0122 0.0540 0.9985
vn -0.0066 0.0548 0.9985
vn -0.9949 0.0737 0.0694
vn 0.6436 0.7606 0.0852
vn 0.0070 0.1323 -0.9912
vn -0.9909 0.0046 0.1342
vn -0.1899 -0.6385 -0.7458
vn 0.6243 0.7677 0.1444
vn 0.6237 0.7694 0.1380
vn 0.6194 0.7744 0.1288
vn 0.6224 0.7701 0.1398
vn 0.6290 0.7649 0.1392
vn 0.6290 0.7660 0.1327
vn 0.6288 0.7675 0.1247
vn 0.6207 0.7712 0.1413
vn 0.6160 0.7768 0.1309
vn 0.6139 0.7758 0.1459
vn 0.6166 0.7731 0.1487
vn 0.6185 0.7727 0.1430
vn 0.6160 0.7746 0.1434
vn 0.6187 0.7724 0.1435
vn 0.6236 0.7690 0.1407
vn 0.6185 0.7735 0.1387
vn 0.6205 0.7716 0.1401
vn 0.6198 0.7728 0.1364
vn 0.6252 0.7674 0.1424
vn 0.6215 0.7709 0.1393
vn 0.6202 0.7721 0.1384
vn 0.9032 0.0405 0.4272
vn -0.8562 -0.4983 -0.1365
vn -0.8518 -0.5065 -0.1336
vn 0.9978 -0.0055 0.0668
vn 0.1160 -0.9785 0.1703
vn 0.7785 -0.0089 0.6276
vn 0.6821 0.7098 0.1758
vn 0.6635 0.7270 0.1767
vn 0.6807 0.7103 0.1793
vn 0.6662 0.7236 0.1806
vn -0.3124 -0.9491 -0.0408
vn -0.3020 -0.9527 -0.0345
vn 0.6288 0.7582 0.1727
vn 0.0104 0.9960 0.0890
vn 0.4359 0.8928 0.1138
vn 0.4562 0.8814 0.1224
vn 0.4502 0.8851 0.1179
vn 0.4505 0.8831 0.1310
vn 0.4522 0.8822 0.1310
vn -0.5235 -0.8412 -0.1354
vn -0.5194 -0.8444 -0.1309
vn -0.3182 -0.9466 -0.0527
vn 0.6361 0.7466 0.1945
vn -0.6294 -0.7707 -0.0993
vn -0.9693 0.0013 0.2458
vn -0.3957 -0.9150 -0.0789
vn -0.3994 -0.9126 -0.0870
vn 0.0979 -0.9922 -0.0772
vn 0.0966 -0.9911 -0.0918
vn -0.5652 -0.0083 0.8249
vn -0.0017 0.0861 0.9963
vn -0.2338 -0.2489 0.9399
vn -0.2596 -0.5960 -0.7598
vn -0.2715 -0.5831 -0.7657
vn 0.0622 -0.9555 0.2882
vn 0.0752 -0.9538 0.2908
vn 0.4557 -0.0060 0.8901
vn 0.1351 0.9906 0.0229
vn -0.5673 -0.8152 -0.1164
vn -0.5703 -0.8105 -0.1335
vn 0.0549 0.1744 0.9831
vn 0.0819 -0.9962 -0.0289
vn -0.2288 0.0018 -0.9735
vn -0.2239 0.0010 -0.9746
vn 0.6542 0.7431 0.1407
vn -0.3346 0.0041 -0.9423
vn 0.9942 -0.0089 -0.1067
vn 0.6272 0.7634 0.1546
vn 0.6305 0.7625 0.1451
vn 0.6352 0.7554 0.1610
vn 0.6403 0.7525 0.1540
vn 0.6333 0.7603 0.1440
vn 0.6341 0.7598 0.1433
vn 0.6302 0.7624 0.1467
vn 0.9984 -0.0569 -0.0056
vn 0.6512 0.7418 0.1599
vn 0.6525 0.7415 0.1563
vn 0.6531 0.7402 0.1602
vn 0.6565 0.7357 0.1664
vn 0.6643 0.7286 0.1671
vn 0.6616 0.7327 0.1593
vn -0.1690 -0.9831 -0.0697
vn -0.6685 -0.7310 -0.1370
vn -0.6713 -0.7266 -0.1463
vn 0.0379 -0.0029 0.9993
vn 0.2174 0.0098 -0.9760
vn -0.9923 0.0094 0.1238
vn 0.0213 -0.9891 -0.1454
vn -0.1173 -0.0001 0.9931
vn -0.1146 -0.0004 0.9934
vn 0.3368 -0.0063 0.9416
vn -0.3488 -0.9351 -0.0633
vn -0.3603 -0.9294 -0.0795
vn -0.3565 -0.9305 -0.0836
vn -0.3768 -0.9224 -0.0852
vn -0.3776 -0.9225 -0.0803
vn -0.3526 -0.9326 -0.0777
vn -0.3429 -0.9360 -0.0792
vn -0.3554 -0.9305 -0.0892
vn -0.3678 -0.9264 -0.0810
vn -0.3583 -0.9300 -0.0815
vn -0.3714 -0.9255 -0.0747
vn -0.3812 -0.9212 -0.0785
vn -0.3772 -0.9234 -0.0711
vn -0.3713 -0.9254 -0.0757
vn -0.3717 -0.9255 -0.0727
vn -0.3583 -0.9299 -0.0834
vn -0.3800 -0.9214 -0.0811
vn -0.3844 -0.9191 -0.0862
vn -0.3746 -0.9240 -0.0769
vn -0.3722 -0.9251 -0.0749
vn -0.3721 -0.9248 -0.0789
vn -0.3638 -0.9291 -0.0671
vn -0.3492 -0.9353 -0.0578
vn -0.3513 -0.9342 -0.0623
vn -0.3606 -0.9301 -0.0697
vn -0.3610 -0.9295 -0.0754
vn -0.3639 -0.9293 -0.0631
vn -0.3612 -0.9300 -0.0689
vn -0.3613 -0.9302 -0.0651
vn -0.3431 -0.9370 -0.0653
vn -0.3457 -0.9358 -0.0689
vn -0.3571 -0.9313 -0.0722
vn -0.3591 -0.9308 -0.0686
vn -0.3627 -0.9282 -0.0829
vn -0.3637 -0.9281 -0.0799
vn -0.3572 -0.9316 -0.0676
vn -0.3772 -0.9242 -0.0592
vn -0.3584 -0.9310 -0.0689
vn -0.3568 -0.9321 -0.0621
vn -0.3489 -0.9340 -0.0765
vn -0.3633 -0.9298 -0.0596
vn 0.9372 -0.3436 -0.0605
vn 0.0212 0.0764 0.9969
vn 0.2101 0.9770 0.0355
vn 0.2227 0.9741 0.0388
vn -0.1506 -0.9880 -0.0346
vn -0.9952 -0.0057 0.0976
vn 0.7758 -0.0014 -0.6310
vn -0.9408 -0.0010 0.3391
vn 0.1512 -0.9124 -0.3803
vn 0.0130 -0.9989 -0.0452
vn -0.2487 -0.9676 -0.0445
vn -0.2467 -0.9679 -0.0472
vn -0.2595 -0.9647 -0.0455
vn -0.2439 -0.9688 -0.0440
vn -0.2422 -0.9695 -0.0369
vn -0.2422 -0.9693 -0.0435
vn -0.2558 -0.9659 -0.0407
vn -0.2606 -0.9645 -0.0437
vn -0.2440 -0.9683 -0.0542
vn -0.2569 -0.9654 -0.0446
vn 0.9807 0.0155 -0.1951
vn 0.0055 -0.2498 0.9683
vn 0.0022 -0.2649 0.9643
vn -0.9884 -0.0010 -0.1517
vn 0.0833 -0.0004 -0.9965
vn -0.4673 -0.0014 -0.8841
vn 0.0815 0.9903 0.1127
vn -0.0009 -0.9844 -0.1760
vn -0.0102 -0.9832 -0.1823
vn -0.6938 -0.7120 -0.1080
vn -0.6932 -0.7135 -0.1021
vn -0.6989 -0.7087 -0.0962
vn -0.6975 -0.7097 -0.0987
vn -0.6986 -0.7083 -0.1016
vn -0.6941 -0.7108 -0.1143
vn -0.7075 -0.6981 -0.1097
vn -0.7058 -0.7007 -0.1046
vn -0.7073 -0.6997 -0.1004
vn -0.7061 -0.7003 -0.1046
vn -0.6958 -0.7102 -0.1076
vn -0.6977 -0.7079 -0.1100
vn -0.6972 -0.7088 -0.1071
vn -0.6987 -0.7075 -0.1065
vn -0.7037 -0.7030 -0.1034
vn -0.0797 -0.0005 -0.9968
vn 0.4461 0.0002 -0.8950
vn -0.6252 -0.7804 -0.0091
vn -0.2530 -0.0008 -0.9675
vn 0.5852 0.0001 0.8109
vn -0.9987 0.0002 0.0507
vn -0.4985 -0.0000 -0.8669
vn 0.1154 -0.3860 -0.9153
vn 0.1160 -0.3969 -0.9105
vn 0.1275 -0.4066 -0.9046
vn 0.1061 -0.3797 -0.9190
vn 0.1106 -0.3496 -0.9304
vn -0.1529 -0.1659 -0.9742
vn -0.1319 -0.1527 -0.9794
vn -0.1222 -0.1424 -0.9822
vn -0.1251 -0.1407 -0.9821
vn -0.0630 -0.0026 0.9980
vn -0.7798 0.0004 -0.6260
vn 0.0051 0.0367 0.9993
vn -0.2236 -0.9551 -0.1942
vn -0.6331 -0.6042 0.4838
vn -0.6306 -0.5891 0.5052
vn 0.4753 0.0017 0.8798
vn -0.3132 -0.6814 0.6615
vn -0.9715 0.0002 0.2371
vn 0.9958 -0.0568 -0.0711
vn -0.9510 0.0003 -0.3093
vn 0.6823 -0.0004 0.7311
vn 0.0196 0.0051 0.9998
vn 0.5652 0.0009 -0.8250
vn 0.0426 0.9888 0.1429
vn -0.0259 -0.9743 0.2239
vn -0.0294 -0.9739 0.2251
vn -0.0248 -0.9742 0.2243
vn -0.0171 -0.9756 0.2188
vn -0.8996 -0.0011 -0.4367
vn 0.1557 -0.6029 0.7825
vn 0.1556 -0.6029 0.7825
vn 0.8301 0.5559 0.0451
vn -0.4433 -0.6029 -0.6633
vn 0.2569 0.0528 0.9650
vn -0.9621 -0.0005 0.2727
vn 0.0900 -0.3037 -0.9485
vn 0.3959 0.9121 0.1067
vn 0.3994 0.9097 0.1138
vn 0.2863 0.0010 0.9581
vn 0.1463 -0.9868 -0.0699
vn -0.0373 0.0004 -0.9993
vn -0.5092 0.0390 -0.8598
vn -0.9984 0.0258 -0.0494
vn -0.9726 -0.0051 -0.2324
vn 0.7936 -0.0783 -0.6034
vn 0.9529 0.0007 -0.3032
vn -0.8515 0.0001 0.5243
vn 0.1018 -0.9948 -0.0048
vn -0.9533 -0.0000 0.3022
vn -0.1650 0.0002 0.9863
vn -0.8084 -0.5885 -0.0106
vn -0.7913 -0.6113 -0.0146
vn -0.8030 -0.5958 -0.0117
vn -0.7932 -0.6088 -0.0140
vn 0.9617 -0.0062 0.2740
vn -0.0045 0.0976 0.9952
vn -0.0098 0.0962 0.9953
vn -0.0094 0.0941 0.9955
vn -0.4921 0.0018 -0.8705
vn -0.6232 0.0087 0.7820
vn 0.9019 -0.0012 0.4319
vn -0.8961 0.4043 0.1834
vn 0.9309 0.0010 -0.3653
vn 0.7243 -0.0004 0.6894
vn 0.8828 0.0009 0.4698
vn 0.1010 0.1334 0.9859
vn 0.1040 0.1319 0.9858
vn 0.1625 -0.0370 -0.9860
vn 0.9978 -0.0569 -0.0329
vn 0.8290 -0.0078 0.5592
vn -0.7020 -0.6824 -0.2038
vn 0.1917 -0.0007 0.9815
vn -0.3070 -0.0061 0.9517
vn -0.8098 0.0002 0.5868
vn 0.0271 -0.9914 -0.1281
vn 0.9449 -0.0616 -0.3216
vn 0.8991 -0.0014 0.4377
vn 0.9990 -0.0012 -0.0440
vn -0.1469 0.0030 -0.9891
vn 0.3528 -0.0595 -0.9338
vn 0.5035 -0.0013 0.8640
vn 0.5978 0.0005 0.8017
vn -0.2674 -0.6892 0.6734
vn -0.5280 0.8429 0.1034
vn -0.6931 0.0104 0.7207
vn 0.3422 -0.0002 -0.9396
vn -0.6553 0.0006 -0.7553
vn -0.9787 0.0006 -0.2051
vn -0.2793 -0.9397 -0.1972
vn -0.7851 -0.6043 -0.1355
vn 0.6633 -0.6029 -0.4433
vn 0.6633 -0.6029 -0.4432
vn -0.6927 -0.7090 -0.1325
vn -0.7356 0.0409 0.6762
vn -0.0438 0.0518 0.9977
vn -0.0268 0.0545 0.9982
vn 0.2019 -0.9770 -0.0693
vn 0.1889 -0.9784 -0.0843
vn 0.9171 -0.0068 0.3986
vn 0.9726 -0.0051 0.2324
vn -0.9989 -0.0007 -0.0473
vn -0.1922 -0.1867 0.9634
vn -0.2000 -0.1973 0.9597
vn -0.2040 -0.1947 0.9594
vn 0.0128 0.1318 0.9912
vn 0.0225 0.9930 0.1161
vn -0.0184 0.1666 0.9858
vn -0.0199 0.1712 0.9850
vn 0.4204 0.9007 0.1097
vn 0.0608 0.0518 -0.9968
vn 0.9724 -0.0044 -0.2333
vn 0.0446 -0.2910 -0.9557
vn 0.5225 -0.0000 -0.8526
vn 0.3244 -0.0002 -0.9459
vn -0.7293 -0.6752 -0.1102
vn -0.7204 -0.6868 -0.0970
vn -0.7148 -0.6908 -0.1093
vn -0.7301 -0.6744 -0.1103
vn -0.9907 0.1173 0.0692
vn 0.9885 0.0043 -0.1515
vn 0.1548 0.0050 0.9879
vn -0.7914 0.0039 -0.6112
vn -0.1471 -0.9863 -0.0749
vn 0.4278 0.0084 -0.9038
vn -0.5388 0.0003 -0.8424
vn -0.1531 -0.6550 -0.7399
vn 0.7749 0.0003 0.6321
vn 0.0451 0.0483 -0.9978
vn -0.6038 -0.0011 0.7971
vn 0.5265 0.0370 0.8494
vn 0.2405 0.0084 -0.9706
vn 0.5603 0.0002 -0.8283
vn -0.9383 0.2982 0.1750
vn -0.2883 -0.9566 -0.0436
vn -0.2877 -0.9568 -0.0407
vn -0.3035 -0.9516 -0.0483
vn -0.3093 -0.9497 -0.0500
vn -0.3029 -0.9518 -0.0478
vn -0.3028 -0.9515 -0.0534
vn -0.3061 -0.9509 -0.0454
vn -0.3133 -0.9479 -0.0580
vn -0.3174 -0.9464 -0.0601
vn -0.3092 -0.9493 -0.0569
vn -0.3059 -0.9502 -0.0593
vn -0.2907 -0.9554 -0.0513
vn -0.2812 -0.9583 -0.0516
vn -0.2997 -0.9528 -0.0481
vn -0.2878 -0.9562 -0.0535
vn -0.2878 -0.9562 -0.0536
vn -0.2920 -0.9550 -0.0515
vn -0.2906 -0.9557 -0.0463
vn -0.2872 -0.9567 -0.0474
vn -0.3040 -0.9514 -0.0499
vn -0.8907 -0.0016 0.4546
vn -0.9834 -0.0520 -0.1737
vn -0.1286 0.9864 0.1020
vn 0.0381 -0.4831 0.8747
vn 0.0583 -0.5165 0.8543
vn 0.0362 -0.4865 0.8730
vn 0.0466 -0.4746 0.8790
vn 0.0528 -0.4418 0.8956
vn 0.0545 -0.4127 0.9093
vn 0.0595 -0.5227 0.8504
vn -0.0406 -0.3541 -0.9343
vn -0.0449 -0.0061 0.9990
vn 0.0394 -0.9165 0.3982
vn 0.0282 -0.9111 0.4112
vn 0.0229 -0.9171 0.3981
vn 0.1547 0.0245 -0.9877
vn 0.2689 -0.0246 -0.9628
vn -0.0460 0.2894 0.9561
vn 0.4797 0.0002 -0.8774
vn -0.3750 0.9228 -0.0887
vn 0.9990 -0.0061 0.0450
vn 0.9417 0.0041 0.3365
vn 0.0108 -0.9613 0.2753
vn -0.0077 -0.9587 0.2842
vn -0.2879 0.9572 0.0295
vn 0.8034 0.0067 -0.5954
vn -0.6218 -0.5860 0.5195
vn -0.3619 -0.6631 0.6552
vn -0.9786 -0.0084 -0.2056
vn 0.8314 -0.0019 -0.5557
vn 0.4053 -0.0048 0.9142
vn 0.4177 -0.0163 0.9085
vn 0.1392 0.9900 0.0221
vn 0.1498 0.9886 0.0122
vn 0.1298 0.9912 0.0273
vn 0.1378 0.9899 0.0335
vn 0.9488 -0.0063 0.3157
vn 0.0361 0.0727 -0.9967
vn -0.7002 -0.0002 0.7140
vn 0.0266 -0.4990 0.8662
vn 0.0317 -0.4870 0.8728
vn 0.0138 -0.4938 0.8694
vn 0.0186 -0.4881 0.8726
vn 0.0134 -0.4917 0.8707
vn 0.3860 0.9164 0.1058
vn -0.0338 -0.9359 0.3506
vn 0.5835 -0.8078 -0.0841
vn 0.5926 -0.8018 -0.0771
vn 0.3969 -0.9138 -0.0868
vn 0.7055 -0.0061 -0.7086
vn -0.4276 -0.0063 0.9039
vn 0.0425 -0.9595 0.2786
vn -0.9891 -0.0000 -0.1474
vn -0.0601 -0.9963 -0.0613
vn -0.9381 -0.3123 -0.1496
vn -0.2337 -0.9719 -0.0267
vn -0.2247 -0.9728 -0.0571
vn 0.5460 0.8254 0.1435
vn 0.5612 0.8138 0.1509
vn 0.5713 0.8025 0.1723
vn 0.5534 0.8163 0.1658
vn 0.5549 0.8185 0.1489
vn 0.5591 0.8153 0.1505
vn 0.5448 0.8207 0.1720
vn 0.5575 0.8153 0.1566
vn 0.5567 0.8137 0.1673
vn 0.5605 0.8145 0.1495
vn 0.5703 0.8095 0.1397
vn 0.5728 0.8084 0.1354
vn 0.0964 0.1689 0.9809
vn 0.0889 0.1710 0.9813
vn -0.6421 -0.7578 -0.1158
vn -0.5992 -0.7840 -0.1620
vn -0.5943 -0.7856 -0.1722
vn -0.6182 -0.7670 -0.1720
vn -0.6116 -0.7736 -0.1657
vn -0.6246 -0.7649 -0.1575
vn -0.6349 -0.7520 -0.1772
vn -0.6280 -0.7596 -0.1692
vn 0.0835 0.9956 0.0436
vn 0.0903 0.9952 0.0386
vn 0.0707 0.9959 0.0558
vn 0.0911 0.9948 0.0456
vn 0.0837 0.9957 0.0391
vn 0.0762 0.9959 0.0479
vn -0.9160 -0.3748 -0.1432
vn 0.5883 -0.0073 0.8086
vn 0.0562 -0.0035 -0.9984
vn -0.5479 -0.8365 0.0036
vn 0.9884 0.0190 0.1509
vn 0.9874 0.0174 0.1570
vn -0.4720 0.1654 -0.8659
vn 0.2087 0.9773 0.0353
vn -0.9294 0.0004 -0.3690
vn 0.0045 -0.0154 0.9999
vn 0.0125 -0.0022 0.9999
vn 0.0032 0.0008 1.0000
vn 0.0005 -0.0099 1.0000
vn 0.0005 -0.0033 1.0000
vn 0.0017 -0.0020 1.0000
vn -0.0071 -0.0090 0.9999
vn -0.0049 -0.0021 1.0000
vn -0.0002 -0.0004 1.0000
vn -0.0001 -0.0006 1.0000
vn -0.0065 -0.0069 1.0000
vn -0.0156 -0.0022 0.9999
vn -0.0142 0.0083 0.9999
vn -0.0070 -0.0056 1.0000
vn -0.0016 -0.0027 1.0000
vn -0.0016 -0.0024 1.0000
vn -0.0013 -0.0052 1.0000
vn -0.0008 -0.0035 1.0000
vn -0.0006 -0.0024 1.0000
vn 0.0002 -0.0011 1.0000
vn -0.0041 -0.0053 1.0000
vn -0.0027 -0.0032 1.0000
vn -0.0003 -0.0003 1.0000
vn -0.0022 -0.0024 1.0000
vn 0.0003 -0.0031 1.0000
vn 0.0006 -0.0034 1.0000
vn 0.0006 -0.0033 1.0000
vn -0.0010 0.0025 1.0000
vn -0.0037 0.0030 1.0000
vn -0.0014 0.0020 1.0000
vn -0.0005 0.0001 1.0000
vn 0.0004 -0.0034 1.0000
vn -0.0018 -0.0019 1.0000
vn -0.0019 -0.0020 1.0000
vn 0.0002 -0.0031 1.0000
vn -0.0020 -0.0021 1.0000
vn 0.0001 -0.0030 1.0000
vn 0.0001 -0.0031 1.0000
vn -0.0037 -0.0047 1.0000
vn -0.0028 -0.0037 1.0000
vn -0.0020 -0.0028 1.0000
vn -0.0015 -0.0023 1.0000
vn -0.0013 -0.0021 1.0000
vn -0.0011 -0.0020 1.0000
vn -0.0010 -0.0019 1.0000
vn -0.0009 -0.0019 1.0000
vn -0.0008 -0.0019 1.0000
vn -0.0008 -0.0020 1.0000
vn -0.0003 -0.0026 1.0000
vn -0.0004 -0.0026 1.0000
vn -0.0008 -0.0021 1.0000
vn -0.0008 -0.0022 1.0000
vn -0.0008 -0.0025 1.0000
vn -0.0004 -0.0027 1.0000
vn -0.0005 -0.0028 1.0000
vn -0.0010 -0.0035 1.0000
vn -0.0013 -0.0049 1.0000
vn -0.0005 -0.0029 1.0000
vn -0.0006 -0.0031 1.0000
vn 0.5809 -0.0735 -0.8107
vn 0.5040 -0.0064 0.8637
vn -0.1505 -0.9871 -0.0543
vn -0.1376 -0.9889 -0.0553
vn -0.1432 -0.9881 -0.0561
vn -0.1521 -0.9866 -0.0595
vn -0.1474 -0.9875 -0.0552
vn -0.1141 -0.9919 -0.0560
vn -0.9577 0.2854 -0.0361
vn 0.4360 0.8909 0.1271
vn 0.9989 0.0232 -0.0397
vn -0.5246 -0.8415 -0.1295
vn -0.7016 -0.7008 -0.1288
vn -0.7209 -0.6820 -0.1235
vn -0.7144 -0.6904 -0.1140
vn -0.7144 -0.6923 -0.1021
vn -0.7156 -0.6903 -0.1072
vn -0.7188 -0.6886 -0.0953
vn -0.7181 -0.6891 -0.0972
vn -0.7149 -0.6915 -0.1036
vn -0.7152 -0.6917 -0.1000
vn -0.7146 -0.6917 -0.1045
vn -0.7118 -0.6924 -0.1178
vn -0.7069 -0.6978 -0.1156
vn -0.7128 -0.6928 -0.1093
vn -0.7161 -0.6891 -0.1113
vn -0.7177 -0.6865 -0.1166
vn -0.7182 -0.6867 -0.1124
vn -0.7195 -0.6852 -0.1130
vn -0.7231 -0.6813 -0.1142
vn -0.7127 -0.6913 -0.1195
vn -0.7162 -0.6874 -0.1206
vn -0.7203 -0.6844 -0.1133
vn -0.7212 -0.6834 -0.1135
vn -0.7179 -0.6854 -0.1216
vn -0.7224 -0.6820 -0.1138
vn -0.7240 -0.6803 -0.1140
vn -0.7191 -0.6839 -0.1229
vn -0.7199 -0.6828 -0.1245
vn -0.7260 -0.6781 -0.1141
vn -0.7204 -0.6818 -0.1268
vn -0.7206 -0.6811 -0.1297
vn -0.7204 -0.6807 -0.1327
vn -0.9656 -0.2094 -0.1539
vn 0.1128 0.1254 0.9857
vn 0.1378 0.9898 0.0359
vn 0.8803 0.0194 -0.4741
vn 0.8758 0.0236 -0.4821
vn -0.0508 -0.1420 0.9886
vn -0.0571 -0.1700 0.9838
vn -0.0522 -0.1448 0.9881
vn -0.0725 -0.1757 0.9818
vn 0.3300 0.9415 0.0685
vn -0.5313 -0.8389 -0.1177
vn -0.5219 -0.8444 -0.1209
vn -0.9972 0.0551 0.0500
vn -0.9034 0.3868 0.1850
vn -0.3706 0.9270 0.0580
vn 0.9803 -0.0761 0.1820
vn -0.0309 0.9974 0.0646
vn -0.0325 0.9971 0.0693
vn -0.2315 -0.9717 -0.0465
vn -0.2282 -0.9726 -0.0451
vn 0.7883 -0.0054 -0.6152
vn 0.1319 -0.9091 -0.3951
vn -0.0079 -0.0436 -0.9990
vn 0.5367 -0.0003 0.8438
vn -0.8832 -0.0005 -0.4689
vn 0.3240 -0.9428 -0.0782
vn 0.4309 0.8949 0.1158
vn 0.4146 0.9023 0.1186
vn 0.4135 0.9029 0.1178
vn -0.1654 -0.9664 -0.1967
vn 0.6153 0.7742 0.1485
vn 0.6023 0.7833 0.1537
vn 0.6099 0.7751 0.1652
vn 0.5984 0.7865 0.1528
vn 0.6016 0.7849 0.1483
vn 0.6064 0.7809 0.1500
vn 0.6108 0.7761 0.1568
vn 0.6168 0.7734 0.1462
vn 0.6128 0.7776 0.1404
vn 0.6073 0.7803 0.1492
vn -0.4017 -0.9094 -0.1080
vn -0.0043 -0.2041 -0.9789
vn -0.6151 -0.0054 -0.7884
vn -0.0277 0.0606 0.9978
vn -0.0276 0.0713 0.9971
vn -0.0088 0.0765 0.9970
vn -0.6701 -0.7237 -0.1647
vn -0.6966 -0.7032 -0.1422
vn -0.7013 -0.6992 -0.1392
vn -0.7115 -0.6888 -0.1388
vn -0.7409 0.0091 -0.6715
vn 0.9986 0.0044 -0.0534
vn 0.9875 -0.0051 -0.1574
vn -0.4383 -0.5108 -0.7396
vn 0.1125 0.9928 0.0404
vn 0.0957 0.9949 0.0323
vn -0.3830 -0.6577 0.6486
vn 0.2299 -0.8996 -0.3714
vn 0.2249 -0.9037 -0.3643
vn 0.2146 -0.9078 -0.3605
vn -0.7843 -0.6109 -0.1080
vn -0.7896 -0.6022 -0.1180
vn -0.7943 -0.5947 -0.1242
vn -0.6720 -0.7282 -0.1348
vn 0.0071 -0.1014 0.9948
vn 0.0085 -0.0976 0.9952
vn 0.0075 -0.0995 0.9950
vn 0.0176 -0.1100 0.9938
vn 0.0014 -0.0894 0.9960
vn 0.5468 -0.0084 0.8372
vn -0.2843 -0.9572 -0.0546
vn -0.2826 -0.9577 -0.0547
vn -0.3069 -0.9500 -0.0567
vn -0.0046 1.0000 -0.0006
vn -0.0048 1.0000 -0.0007
vn -0.0048 1.0000 -0.0008
vn -0.0047 1.0000 -0.0008
vn -0.0030 1.0000 -0.0001
vn -0.0026 1.0000 0.0010
vn -0.0033 1.0000 -0.0005
vn -0.0019 1.0000 -0.0017
vn -0.0025 1.0000 -0.0004
vn -0.0020 1.0000 -0.0015
vn -0.0021 1.0000 -0.0013
vn -0.0026 1.0000 -0.0004
vn -0.0022 1.0000 -0.0010
vn -0.0025 1.0000 -0.0005
vn -0.0025 1.0000 -0.0009
vn -0.0025 1.0000 -0.0003
vn -0.0025 1.0000 -0.0006
vn -0.0026 1.0000 0.0004
vn -0.0026 1.0000 -0.0001
vn -0.0026 1.0000 0.0001
vn -0.0027 1.0000 0.0007
vn -0.0034 1.0000 -0.0006
vn -0.0035 1.0000 -0.0006
vn -0.0051 1.0000 -0.0008
vn -0.0022 1.0000 0.0008
vn -0.0050 1.0000 -0.0010
vn -0.0052 1.0000 -0.0008
vn -0.0052 1.0000 -0.0009
vn -0.0027 1.0000 -0.0016
vn -0.0028 1.0000 -0.0010
vn -0.0020 1.0000 0.0018
vn -0.0021 1.0000 0.0015
vn -0.0022 1.0000 0.0010
vn 0.7094 0.0168 -0.7046
vn 0.4543 0.8812 0.1309
vn -0.0425 -0.0101 0.9990
vn 0.0418 0.0946 0.9946
vn 0.0908 0.0072 -0.9958
vn 0.5052 -0.0023 0.8630
vn -0.9998 0.0007 -0.0181
vn 0.9737 0.0203 -0.2269
vn 0.9748 0.0190 -0.2223
vn 0.7718 -0.0009 -0.6359
vn 0.3071 -0.0060 -0.9516
vn 0.7413 0.0078 -0.6712
vn -0.3334 -0.9403 -0.0688
vn -0.3431 -0.9361 -0.0772
vn -0.3362 -0.9390 -0.0730
vn -0.3381 -0.9383 -0.0730
vn -0.3380 -0.9384 -0.0712
vn -0.3383 -0.9384 -0.0708
vn -0.2850 -0.9574 -0.0469
vn -0.2912 -0.9552 -0.0535
vn 0.4958 0.8573 0.1385
vn 0.4927 0.8575 0.1479
vn 0.4943 0.8567 0.1474
vn 0.5086 0.8505 0.1342
vn 0.5055 0.8528 0.1311
vn 0.5131 0.8477 0.1349
vn 0.5083 0.8508 0.1334
vn -0.2653 0.9623 0.0607
vn 0.1120 -0.0036 -0.9937
vn 0.4350 -0.8964 -0.0850
vn 0.4416 -0.8947 -0.0676
vn 0.0330 0.9885 0.1473
vn 0.0249 0.9885 0.1491
vn 0.3533 -0.9332 -0.0656
vn 0.3407 -0.9370 -0.0777
vn 0.1024 0.9944 0.0259
vn 0.1059 0.9938 0.0346
vn 0.0921 0.9952 0.0328
vn 0.0933 0.9941 0.0549
vn 0.1070 0.9940 0.0211
vn 0.0973 0.9950 0.0207
vn 0.0862 0.9961 0.0200
vn 0.0903 0.9951 0.0400
vn 0.0898 0.9959 0.0117
vn -0.4806 -0.8767 0.0206
vn -0.6781 -0.0061 -0.7349
vn -0.4867 -0.8640 -0.1292
vn -0.4839 -0.8643 -0.1374
vn -0.4756 -0.8715 -0.1191
vn -0.4879 -0.8661 -0.1090
vn -0.4911 -0.8642 -0.1091
vn -0.2683 -0.9621 -0.0496
vn -0.2687 -0.9618 -0.0528
vn -0.2427 -0.9691 -0.0435
vn -0.2489 -0.9675 -0.0441
vn -0.2574 -0.9653 -0.0446
vn -0.2658 -0.9631 -0.0421
vn -0.2756 -0.9601 -0.0482
vn -0.2698 -0.9619 -0.0448
vn -0.2652 -0.9634 -0.0399
vn -0.2753 -0.9605 -0.0399
vn -0.2766 -0.9601 -0.0407
vn -0.2698 -0.9620 -0.0426
vn -0.2723 -0.9613 -0.0414
vn -0.2723 -0.9614 -0.0390
vn -0.2680 -0.9626 -0.0388
vn -0.5449 -0.8282 -0.1310
vn -0.5478 -0.8260 -0.1328
vn 0.1088 -0.0479 -0.9929
vn 0.6375 0.0133 -0.7703
vn 0.6320 0.0174 -0.7748
vn -0.5249 -0.8438 -0.1121
vn 0.0006 -0.0601 0.9982
vn 0.0139 -0.0758 0.9970
vn 0.0147 -0.0601 0.9981
vn -0.0014 -0.0494 0.9988
vn -0.0002 -0.0604 0.9982
vn 0.2509 -0.0041 -0.9680
vn 0.0780 0.9968 0.0190
vn 0.2955 0.0002 -0.9553
vn -0.9043 -0.0000 0.4269
vn -0.0000 0.9937 0.1119
vn 0.6218 -0.7797 -0.0739
vn 0.0894 0.9955 0.0302
vn 0.6586 -0.0788 -0.7483
vn -0.3037 -0.9503 -0.0681
vn -0.3178 -0.9454 -0.0727
vn -0.1126 -0.6479 0.7534
vn -0.0970 -0.6500 0.7537
vn -0.0546 0.1646 0.9849
vn 0.2954 -0.0566 -0.9537
vn 0.9787 0.0014 0.2054
s 0
usemtl Material.026
f 10//1 9//1 11//1
f 2185//2 54//2 2178//2
f 21//3 19//3 20//3
f 864//4 609//4 608//4
f 12//5 18//5 13//5
f 17//6 22//6 23//6
f 1222//7 3953//7 952//7
f 1726//8 1724//8 1242//8
f 2204//9 61//9 24//9
f 549//10 548//10 453//10
f 3279//11 3305//11 3307//11
f 2191//12 36//12 35//12
f 394//13 301//13 393//13
f 771//14 693//14 682//14
f 357//15 320//15 345//15
f 2576//16 2568//16 2575//16
f 937//17 2164//17 2155//17
f 1627//18 1632//18 1631//18
f 966//19 2038//19 2040//19
f 3945//20 908//20 907//20
f 867//21 627//21 636//21
f 565//22 561//22 427//22
f 1233//23 1230//23 1226//23
f 83//24 1127//24 2578//24
f 145//25 138//25 144//25
f 145//26 146//26 138//26
f 2258//27 2284//27 222//27
f 3323//28 3352//28 3350//28
f 1025//29 1081//29 115//29
f 3488//30 3482//30 3483//30
f 174//31 181//31 182//31
f 3607//32 3609//32 3608//32
f 956//33 510//33 509//33
f 3598//34 2646//34 2574//34
f 2979//35 2983//35 2978//35
f 1701//36 147//36 146//36
f 823//37 704//37 707//37
f 1494//38 1506//38 1496//38
f 195//39 2077//39 1149//39
f 1398//40 1395//40 1397//40
f 211//41 210//41 2645//41
f 512//42 515//42 513//42
f 213//43 168//43 167//43
f 165//44 3610//44 166//44
f 216//45 215//45 214//45
f 216//46 217//46 215//46
f 217//47 219//47 215//47
f 219//48 218//48 215//48
f 219//49 220//49 218//49
f 220//50 221//50 218//50
f 3050//51 3044//51 3046//51
f 226//52 227//52 228//52
f 226//53 229//53 227//53
f 230//54 229//54 226//54
f 230//55 231//55 229//55
f 232//56 231//56 230//56
f 232//57 233//57 231//57
f 234//58 233//58 232//58
f 234//59 235//59 233//59
f 236//60 237//60 238//60
f 236//61 239//61 237//61
f 240//62 239//62 236//62
f 240//63 241//63 239//63
f 231//64 238//64 229//64
f 231//65 236//65 238//65
f 233//66 236//66 231//66
f 233//67 240//67 236//67
f 235//68 240//68 233//68
f 235//69 242//69 240//69
f 242//70 241//70 240//70
f 242//71 243//71 241//71
f 243//72 244//72 241//72
f 243//73 245//73 244//73
f 241//74 246//74 239//74
f 241//75 244//75 246//75
f 237//76 248//76 249//76
f 237//77 247//77 248//77
f 238//78 249//78 250//78
f 238//79 237//79 249//79
f 229//80 250//80 227//80
f 229//81 238//81 250//81
f 2295//82 2293//82 1412//82
f 3564//83 2613//83 2612//83
f 2884//84 2776//84 2878//84
f 2145//85 218//85 221//85
f 1118//86 2525//86 1120//86
f 1092//87 1101//87 1098//87
f 267//88 268//88 269//88
f 254//89 3684//89 3692//89
f 986//90 1009//90 1011//90
f 273//91 267//91 269//91
f 3571//92 3575//92 3576//92
f 281//93 283//93 284//93
f 29//94 2196//94 50//94
f 1405//95 1407//95 1401//95
f 277//5 287//5 286//5
f 285//96 283//96 282//96
f 1946//97 1949//97 1948//97
f 504//98 692//98 503//98
f 2816//99 2761//99 2822//99
f 179//100 177//100 178//100
f 568//101 154//101 163//101
f 1830//102 1460//102 1459//102
f 861//103 738//103 859//103
f 865//104 611//104 610//104
f 2627//105 2626//105 2625//105
f 2570//106 2569//106 2568//106
f 360//107 305//107 302//107
f 305//108 361//108 306//108
f 362//109 342//109 298//109
f 342//110 363//110 341//110
f 314//111 369//111 312//111
f 370//112 347//112 364//112
f 724//113 784//113 720//113
f 312//114 374//114 313//114
f 309//115 387//115 307//115
f 375//116 311//116 313//116
f 377//117 349//117 376//117
f 317//118 378//118 296//118
f 379//119 311//119 375//119
f 383//120 297//120 296//120
f 381//121 353//121 377//121
f 402//122 331//122 336//122
f 388//123 318//123 319//123
f 389//124 300//124 318//124
f 2691//125 2680//125 2679//125
f 395//126 294//126 292//126
f 1971//127 1977//127 1311//127
f 2547//128 2625//128 2548//128
f 395//129 292//129 390//129
f 400//130 289//130 315//130
f 399//131 294//131 396//131
f 402//132 336//132 398//132
f 401//133 290//133 289//133
f 405//134 290//134 404//134
f 326//135 408//135 327//135
f 405//136 326//136 291//136
f 411//137 325//137 324//137
f 408//138 330//138 327//138
f 411//139 324//139 203//139
f 343//140 323//140 325//140
f 2821//141 2764//141 2818//141
f 782//142 712//142 715//142
f 475//143 481//143 476//143
f 1729//144 1730//144 1725//144
f 2268//145 2270//145 1210//145
f 2796//146 2794//146 2795//146
f 1185//147 1182//147 1184//147
f 202//148 436//148 435//148
f 1082//149 1083//149 1084//149
f 2437//150 3107//150 3110//150
f 1702//151 128//151 121//151
f 1491//152 1490//152 2296//152
f 436//153 437//153 435//153
f 372//154 351//154 367//154
f 797//155 600//155 796//155
f 371//156 348//156 346//156
f 50//157 2196//157 2197//157
f 679//158 815//158 680//158
f 482//159 487//159 468//159
f 3319//160 3323//160 3324//160
f 2354//161 2353//161 2389//161
f 1087//162 3655//162 3656//162
f 2293//163 2295//163 2117//163
f 499//164 492//164 491//164
f 499//165 500//165 492//165
f 500//166 501//166 492//166
f 500//167 502//167 501//167
f 492//168 495//168 490//168
f 492//169 501//169 495//169
f 542//170 540//170 541//170
f 461//171 509//171 460//171
f 514//172 518//172 519//172
f 134//173 3693//173 3670//173
f 518//174 522//174 519//174
f 523//175 529//175 522//175
f 527//176 531//176 530//176
f 534//177 538//177 537//177
f 555//178 450//178 554//178
f 1837//179 1846//179 1842//179
f 553//180 450//180 448//180
f 556//181 448//181 446//181
f 423//182 558//182 449//182
f 552//183 451//183 555//183
f 559//184 446//184 447//184
f 421//185 557//185 423//185
f 561//186 426//186 427//186
f 966//187 2041//187 967//187
f 569//188 567//188 568//188
f 122//189 776//189 778//189
f 570//190 571//190 572//190
f 570//191 573//191 571//191
f 574//192 575//192 573//192
f 577//193 574//193 576//193
f 573//194 580//194 588//194
f 585//195 589//195 586//195
f 275//196 276//196 268//196
f 2373//197 2417//197 2484//197
f 1925//198 1924//198 3584//198
f 593//199 597//199 598//199
f 593//200 596//200 597//200
f 594//201 598//201 599//201
f 594//202 593//202 598//202
f 590//203 599//203 589//203
f 590//204 594//204 599//204
f 539//205 537//205 538//205
f 543//206 539//206 540//206
f 1121//207 1109//207 2566//207
f 300//208 389//208 299//208
f 2357//209 2345//209 2354//209
f 550//210 547//210 548//210
f 831//211 612//211 743//211
f 1370//212 1390//212 1371//212
f 2471//213 2375//213 2518//213
f 278//214 279//214 280//214
f 719//215 717//215 718//215
f 772//216 689//216 693//216
f 2793//217 2772//217 2771//217
f 690//218 774//218 699//218
f 757//219 637//219 626//219
f 32//220 2180//220 2181//220
f 758//221 634//221 633//221
f 767//222 671//222 675//222
f 647//223 760//223 642//223
f 702//224 841//224 703//224
f 762//225 656//225 643//225
f 763//226 656//226 762//226
f 764//227 653//227 763//227
f 847//228 714//228 728//228
f 768//229 672//229 671//229
f 859//230 618//230 860//230
f 770//231 682//231 681//231
f 769//232 681//232 672//232
f 1690//233 1680//233 1682//233
f 288//3 286//3 287//3
f 1826//234 1829//234 1832//234
f 766//235 675//235 661//235
f 617//236 866//236 860//236
f 2279//237 2262//237 2280//237
f 603//238 751//238 741//238
f 773//239 689//239 772//239
f 721//240 789//240 736//240
f 777//241 778//241 776//241
f 337//242 356//242 338//242
f 870//243 640//243 639//243
f 3813//244 3812//244 3811//244
f 780//245 724//245 708//245
f 3186//246 3091//246 3090//246
f 878//247 650//247 659//247
f 788//248 726//248 725//248
f 736//249 790//249 737//249
f 882//250 659//250 658//250
f 2710//251 2709//251 2692//251
f 793//252 604//252 740//252
f 740//253 792//253 793//253
f 75//254 2215//254 2218//254
f 668//255 748//255 669//255
f 849//256 734//256 854//256
f 1397//257 1399//257 1392//257
f 795//258 604//258 793//258
f 332//259 204//259 328//259
f 209//260 615//260 614//260
f 677//261 888//261 678//261
f 2130//262 2129//262 152//262
f 799//263 778//263 777//263
f 1225//264 1206//264 1204//264
f 118//265 632//265 119//265
f 119//266 632//266 615//266
f 892//267 677//267 687//267
f 839//268 687//268 686//268
f 117//269 641//269 629//269
f 697//270 839//270 686//270
f 805//271 807//271 808//271
f 3274//272 3277//272 3275//272
f 1115//273 2480//273 2420//273
f 2911//274 2953//274 2954//274
f 808//275 807//275 809//275
f 490//276 433//276 434//276
f 680//277 816//277 676//277
f 814//278 679//278 666//278
f 2967//279 2975//279 2973//279
f 688//280 818//280 684//280
f 819//281 685//281 684//281
f 317//282 373//282 378//282
f 775//283 700//283 699//283
f 822//284 694//284 821//284
f 2789//285 2964//285 2903//285
f 868//286 608//286 627//286
f 1565//287 1562//287 1568//287
f 716//288 825//288 826//288
f 824//289 719//289 704//289
f 826//290 735//290 716//290
f 23//214 12//214 13//214
f 828//291 731//291 730//291
f 618//292 859//292 738//292
f 881//293 644//293 655//293
f 840//294 701//294 848//294
f 2528//295 107//295 106//295
f 834//296 607//296 606//296
f 836//297 626//297 628//297
f 607//298 835//298 628//298
f 840//299 702//299 701//299
f 842//300 706//300 705//300
f 295//301 385//301 293//301
f 844//302 709//302 845//302
f 718//303 843//303 705//303
f 709//304 851//304 845//304
f 1620//305 1503//305 1217//305
f 728//306 852//306 847//306
f 854//307 733//307 853//307
f 853//308 732//308 858//308
f 752//309 602//309 862//309
f 805//310 649//310 648//310
f 2799//311 2792//311 2793//311
f 368//312 314//312 306//312
f 624//313 863//313 601//313
f 869//314 631//314 630//314
f 645//315 877//315 646//315
f 872//316 646//316 877//316
f 2575//317 2654//317 2576//317
f 3181//318 3182//318 3064//318
f 883//319 662//319 884//319
f 2232//320 91//320 2231//320
f 885//321 654//321 663//321
f 720//322 785//322 721//322
f 887//323 674//323 673//323
f 890//324 667//324 678//324
f 358//325 302//325 303//325
f 887//326 683//326 891//326
f 893//327 467//327 470//327
f 896//328 754//328 755//328
f 2726//329 2727//329 2728//329
f 1246//330 1240//330 1239//330
f 1580//331 1581//331 1578//331
f 3383//332 3386//332 3384//332
f 901//333 902//333 903//333
f 900//334 903//334 897//334
f 3227//335 3218//335 3221//335
f 282//336 905//336 906//336
f 904//337 908//337 902//337
f 2638//338 135//338 3658//338
f 2517//339 3722//339 81//339
f 1482//340 1483//340 1496//340
f 921//341 2151//341 920//341
f 410//342 333//342 330//342
f 931//343 932//343 926//343
f 932//344 933//344 926//344
f 932//345 934//345 933//345
f 2575//346 2573//346 2574//346
f 935//347 2168//347 923//347
f 3816//32 3819//32 3817//32
f 2157//348 940//348 909//348
f 1635//349 1650//349 1630//349
f 849//350 718//350 717//350
f 925//351 2154//351 924//351
f 1984//352 1983//352 2008//352
f 3680//32 3681//32 3669//32
f 2647//353 2650//353 2654//353
f 1151//354 1155//354 1156//354
f 534//355 533//355 469//355
f 362//356 298//356 359//356
f 949//357 952//357 3954//357
f 158//358 160//358 157//358
f 949//215 950//215 281//215
f 382//359 353//359 381//359
f 897//360 953//360 900//360
f 1486//361 1632//361 1487//361
f 511//362 521//362 955//362
f 2313//363 2260//363 2259//363
f 1552//364 1555//364 1556//364
f 2863//365 2859//365 2862//365
f 1695//366 1700//366 1699//366
f 957//367 897//367 954//367
f 2012//368 425//368 431//368
f 961//369 960//369 963//369
f 458//370 964//370 430//370
f 459//371 962//371 458//371
f 2275//372 2267//372 2273//372
f 509//373 508//373 956//373
f 169//374 498//374 170//374
f 960//375 457//375 417//375
f 753//150 850//150 856//150
f 3274//376 3270//376 3272//376
f 791//377 726//377 788//377
f 509//378 462//378 460//378
f 787//379 725//379 729//379
f 619//380 207//380 620//380
f 2814//381 2794//381 2813//381
f 676//382 817//382 688//382
f 256//383 1069//383 1068//383
f 2183//384 44//384 47//384
f 972//385 598//385 597//385
f 3317//386 3395//386 3322//386
f 507//387 417//387 418//387
f 3573//388 3574//388 3554//388
f 1547//389 444//389 1461//389
f 2379//390 2400//390 2054//390
f 2938//391 3454//391 2931//391
f 978//392 586//392 589//392
f 979//393 589//393 599//393
f 973//394 599//394 598//394
f 2431//395 3552//395 3551//395
f 989//396 991//396 990//396
f 2542//397 2548//397 2541//397
f 2736//398 2868//398 2737//398
f 998//399 999//399 1000//399
f 998//400 1001//400 999//400
f 1002//401 1001//401 998//401
f 979//402 973//402 975//402
f 572//403 571//403 1005//403
f 1357//404 1360//404 1364//404
f 3774//405 2359//405 3785//405
f 2408//406 3404//406 3408//406
f 1958//407 1960//407 1950//407
f 3401//408 3404//408 3402//408
f 1201//409 1198//409 1200//409
f 2855//410 2854//410 2869//410
f 2895//411 2896//411 2915//411
f 519//412 955//412 520//412
f 14//96 20//96 15//96
f 767//215 766//215 562//215
f 17//215 177//215 176//215
f 647//413 759//413 760//413
f 2815//414 2795//414 2794//414
f 176//415 181//415 175//415
f 321//416 345//416 320//416
f 2765//417 2751//417 2764//417
f 3129//418 3091//418 3191//418
f 1270//419 1793//419 1271//419
f 1044//420 1052//420 1042//420
f 1340//421 1344//421 1345//421
f 536//422 533//422 535//422
f 1622//423 1629//423 1633//423
f 3752//424 3755//424 3754//424
f 2344//425 3283//425 3280//425
f 2300//426 2298//426 2299//426
f 3379//427 3219//427 3227//427
f 2033//428 2031//428 2030//428
f 1739//429 1738//429 1728//429
f 130//430 136//430 2142//430
f 1635//431 1616//431 1618//431
f 1640//432 1639//432 1643//432
f 3105//433 3111//433 3109//433
f 3256//434 3280//434 3282//434
f 2773//435 2769//435 2752//435
f 1372//436 1371//436 212//436
f 1437//437 1444//437 1436//437
f 1062//438 1071//438 1063//438
f 2345//439 2352//439 2353//439
f 3233//440 3389//440 3391//440
f 3539//441 3541//441 3540//441
f 1521//442 1696//442 1698//442
f 1098//443 1099//443 1100//443
f 1098//444 1101//444 1099//444
f 1096//445 1100//445 1102//445
f 1096//446 1098//446 1100//446
f 1097//447 1102//447 1103//447
f 1097//448 1096//448 1102//448
f 1104//449 1103//449 1105//449
f 1104//450 1097//450 1103//450
f 1106//451 1097//451 1104//451
f 1106//452 1095//452 1097//452
f 2433//453 2435//453 2432//453
f 2810//454 3482//454 3424//454
f 1145//455 1148//455 1149//455
f 1459//456 1448//456 1449//456
f 1250//457 1244//457 1238//457
f 2291//458 1414//458 2117//458
f 2027//459 2011//459 1326//459
f 2035//460 2033//460 2034//460
f 1129//461 1099//461 1101//461
f 1129//462 1130//462 1099//462
f 1126//463 1101//463 1116//463
f 1126//464 1129//464 1101//464
f 1125//465 1124//465 1126//465
f 1392//466 1400//466 1393//466
f 1136//467 106//467 1137//467
f 1125//468 1138//468 1124//468
f 1124//469 1130//469 1129//469
f 1124//470 1138//470 1130//470
f 3127//471 3126//471 3133//471
f 2958//472 2951//472 2950//472
f 1015//473 2105//473 2109//473
f 2342//474 3879//474 3882//474
f 1738//475 1730//475 1729//475
f 1450//476 1457//476 1454//476
f 2004//477 2002//477 2005//477
f 3115//478 3109//478 3111//478
f 3889//479 3876//479 3887//479
f 1164//480 1156//480 1163//480
f 1164//481 1165//481 1156//481
f 583//482 584//482 581//482
f 1165//483 1151//483 1156//483
f 1165//484 1166//484 1151//484
f 1166//485 1154//485 1151//485
f 1166//486 1167//486 1154//486
f 1167//487 1168//487 1154//487
f 1167//488 1169//488 1168//488
f 1722//489 1726//489 1731//489
f 2722//490 2723//490 2724//490
f 2842//491 2827//491 2825//491
f 1262//492 1269//492 1266//492
f 1169//493 1180//493 1168//493
f 1169//494 1181//494 1180//494
f 1186//495 1185//495 1184//495
f 1186//496 1187//496 1185//496
f 2829//497 2913//497 2914//497
f 1189//498 1196//498 1188//498
f 2922//499 2863//499 2862//499
f 1479//500 1478//500 1658//500
f 2034//501 2030//501 1965//501
f 1181//502 1184//502 1180//502
f 1181//503 1186//503 1184//503
f 1202//504 1203//504 1201//504
f 1203//505 1204//505 1201//505
f 1203//506 1205//506 1204//506
f 1507//507 1673//507 1482//507
f 1067//508 1059//508 1055//508
f 1551//509 1550//509 1557//509
f 1205//510 1225//510 1204//510
f 1205//511 1232//511 1225//511
f 1232//512 1228//512 1225//512
f 1232//513 1235//513 1228//513
f 1235//514 1234//514 1228//514
f 3230//515 3260//515 3257//515
f 1471//516 1631//516 1486//516
f 3154//517 3159//517 3158//517
f 1254//518 1256//518 1255//518
f 574//519 573//519 570//519
f 1272//520 1273//520 1274//520
f 1276//521 1277//521 1278//521
f 1276//522 1279//522 1277//522
f 1280//523 1278//523 1281//523
f 1280//524 1276//524 1278//524
f 1282//525 1276//525 1280//525
f 1282//526 1274//526 1276//526
f 1283//527 1274//527 1282//527
f 1283//528 1272//528 1274//528
f 1284//529 1272//529 1283//529
f 1284//530 1285//530 1272//530
f 1273//531 1286//531 1279//531
f 1273//532 1287//532 1286//532
f 1275//533 1288//533 1287//533
f 1274//534 1279//534 1276//534
f 1274//535 1273//535 1279//535
f 1285//536 1275//536 1272//536
f 1285//537 1289//537 1275//537
f 1289//538 1288//538 1275//538
f 1289//539 1290//539 1288//539
f 1290//540 1291//540 1288//540
f 1290//541 1292//541 1291//541
f 1288//542 1293//542 1287//542
f 1288//543 1291//543 1293//543
f 1287//544 1294//544 1286//544
f 1287//545 1293//545 1294//545
f 1286//546 1295//546 1296//546
f 1286//547 1294//547 1295//547
f 1279//548 1296//548 1277//548
f 1279//549 1286//549 1296//549
f 1297//550 1298//550 1299//550
f 1297//551 1300//551 1298//551
f 1301//552 1302//552 1303//552
f 1301//553 1304//553 1302//553
f 1305//554 1304//554 1301//554
f 1305//555 1306//555 1304//555
f 1307//556 1301//556 1303//556
f 1298//557 1301//557 1307//557
f 1298//558 1305//558 1301//558
f 1306//559 1282//559 1304//559
f 1306//560 1283//560 1282//560
f 1304//561 1280//561 1302//561
f 1304//562 1282//562 1280//562
f 1302//563 1281//563 1308//563
f 1302//564 1280//564 1281//564
f 1303//565 1308//565 1309//565
f 1303//566 1302//566 1308//566
f 2721//567 2719//567 2720//567
f 2725//568 2754//568 2727//568
f 2807//569 2822//569 3483//569
f 1299//570 1298//570 1307//570
f 635//571 873//571 636//571
f 1300//572 1305//572 1298//572
f 1300//573 1312//573 1305//573
f 1312//574 1306//574 1305//574
f 1312//575 1313//575 1306//575
f 1313//576 1283//576 1306//576
f 1313//577 1284//577 1283//577
f 2415//578 3308//578 3305//578
f 1314//579 1315//579 1316//579
f 1314//580 1317//580 1315//580
f 1320//581 1319//581 1318//581
f 1320//582 1321//582 1319//582
f 1315//583 1318//583 1322//583
f 1315//584 1320//584 1318//584
f 1321//585 1307//585 1319//585
f 3268//586 3292//586 3294//586
f 1316//587 1322//587 1327//587
f 1316//588 1315//588 1322//588
f 1317//589 1320//589 1315//589
f 1317//590 1328//590 1320//590
f 1328//591 1321//591 1320//591
f 1328//592 1329//592 1321//592
f 1329//593 1299//593 1321//593
f 1329//594 1297//594 1299//594
f 1376//595 1373//595 1377//595
f 3725//596 3739//596 3726//596
f 503//597 691//597 841//597
f 3590//479 3591//479 3601//479
f 1338//598 1337//598 1336//598
f 1338//599 1339//599 1337//599
f 1339//600 1327//600 1337//600
f 1339//601 1316//601 1327//601
f 1029//602 1028//602 1046//602
f 968//603 969//603 1346//603
f 1335//604 1338//604 1333//604
f 1349//605 1350//605 1339//605
f 1350//606 1316//606 1339//606
f 1350//607 1314//607 1316//607
f 1623//608 1614//608 1616//608
f 1346//609 1351//609 1347//609
f 1813//610 1818//610 1819//610
f 2546//611 2543//611 2545//611
f 3930//612 2052//612 2051//612
f 2870//613 2862//613 2859//613
f 1642//614 1643//614 1641//614
f 2536//615 2535//615 2534//615
f 1356//616 1357//616 1358//616
f 1356//617 1359//617 1357//617
f 269//618 271//618 273//618
f 2594//619 2610//619 2595//619
f 586//620 587//620 579//620
f 1393//621 1425//621 1427//621
f 1011//622 1010//622 588//622
f 1131//623 3793//623 3929//623
f 1377//624 1378//624 1376//624
f 1379//625 1373//625 1375//625
f 2637//626 3676//626 3684//626
f 1359//627 1362//627 1357//627
f 1359//628 1381//628 1362//628
f 1381//629 1363//629 1362//629
f 1381//630 1382//630 1363//630
f 1382//631 1334//631 1363//631
f 1382//632 1332//632 1334//632
f 1374//633 1385//633 1386//633
f 1375//634 1386//634 1387//634
f 1380//635 1387//635 1388//635
f 1389//636 1388//636 1368//636
f 491//637 490//637 488//637
f 1391//638 1392//638 1393//638
f 1391//639 1394//639 1392//639
f 1369//640 1388//640 1396//640
f 3365//641 3199//641 3362//641
f 2935//642 2707//642 2705//642
f 3844//596 3834//596 3833//596
f 1394//643 1397//643 1392//643
f 1394//644 1408//644 1397//644
f 1408//645 1398//645 1397//645
f 1408//646 1409//646 1398//646
f 1409//647 1358//647 1398//647
f 1409//648 1356//648 1358//648
f 1093//649 1098//649 1096//649
f 1420//650 1421//650 1422//650
f 1420//651 1423//651 1421//651
f 3118//652 3124//652 3122//652
f 2070//653 2068//653 2069//653
f 1418//654 1434//654 1411//654
f 1418//655 1435//655 1434//655
f 1630//656 1637//656 1628//656
f 1423//657 1426//657 1421//657
f 1423//658 1441//658 1426//658
f 1441//659 1427//659 1426//659
f 1441//660 1442//660 1427//660
f 1442//661 1393//661 1427//661
f 1442//662 1391//662 1393//662
f 1435//663 1438//663 1434//663
f 1435//664 1446//664 1438//664
f 1446//665 1439//665 1438//665
f 1446//666 1447//666 1439//666
f 1447//667 1163//667 1439//667
f 1447//668 1164//668 1163//668
f 2263//669 2261//669 2262//669
f 1720//670 1725//670 1724//670
f 1006//671 1003//671 1005//671
f 1436//672 1445//672 1440//672
f 1472//673 1000//673 999//673
f 1010//674 1005//674 571//674
f 585//675 579//675 581//675
f 2272//676 2274//676 2073//676
f 1088//677 172//677 170//677
f 2327//678 2331//678 227//678
f 3222//679 3218//679 3219//679
f 3541//680 3521//680 3542//680
f 1228//681 1227//681 1225//681
f 3858//682 3865//682 3864//682
f 3337//683 3362//683 3363//683
f 2795//684 2817//684 2796//684
f 1290//685 1606//685 1292//685
f 2050//686 2537//686 2536//686
f 1560//687 6//687 7//687
f 1486//688 1475//688 1474//688
f 3327//689 3325//689 3193//689
f 750//690 741//690 751//690
f 2356//691 2346//691 2357//691
f 1526//692 1516//692 1525//692
f 1529//693 1530//693 1531//693
f 1529//694 1532//694 1530//694
f 1533//695 1534//695 1528//695
f 2326//696 2329//696 2327//696
f 2868//697 3470//697 3466//697
f 201//698 200//698 199//698
f 1292//699 1529//699 1291//699
f 1292//700 1539//700 1529//700
f 1310//701 1311//701 1303//701
f 1532//702 1540//702 1530//702
f 1532//703 1541//703 1540//703
f 2116//704 2292//704 1177//704
f 1539//705 1532//705 1529//705
f 1539//706 1543//706 1532//706
f 1543//707 1541//707 1532//707
f 1543//708 1544//708 1541//708
f 1544//709 1525//709 1541//709
f 1544//710 1526//710 1525//710
f 1541//711 1524//711 1540//711
f 3299//712 3303//712 3304//712
f 1707//713 1704//713 1708//713
f 2599//714 2134//714 2133//714
f 3152//715 3151//715 3156//715
f 3106//716 3071//716 3076//716
f 3484//717 3506//717 3478//717
f 3901//718 3893//718 3899//718
f 1374//719 1375//719 1373//719
f 1713//720 1172//720 1522//720
f 2383//721 2384//721 2385//721
f 2600//722 2602//722 2599//722
f 2837//723 2819//723 2836//723
f 3205//724 3208//724 3204//724
f 1511//725 1522//725 1171//725
f 1219//726 1218//726 1503//726
f 1554//727 1560//727 1552//727
f 1095//728 1096//728 1097//728
f 1476//729 1474//729 1475//729
f 1081//730 1080//730 114//730
f 1797//731 1435//731 1418//731
f 3885//732 2043//732 3883//732
f 2506//733 3412//733 3413//733
f 1583//734 1584//734 1585//734
f 1583//735 1586//735 1584//735
f 963//736 11//736 964//736
f 1589//737 1585//737 1590//737
f 1589//738 1583//738 1585//738
f 980//739 977//739 981//739
f 104//740 106//740 105//740
f 1586//741 1527//741 1584//741
f 1586//742 1533//742 1527//742
f 1584//743 1526//743 1591//743
f 1584//744 1527//744 1526//744
f 1585//745 1591//745 1592//745
f 1585//746 1584//746 1591//746
f 1590//747 1592//747 1593//747
f 1590//748 1585//748 1592//748
f 1594//749 1593//749 1595//749
f 1594//750 1590//750 1593//750
f 1596//751 1590//751 1594//751
f 1589//752 1590//752 1596//752
f 1597//753 1598//753 1599//753
f 1597//754 1600//754 1598//754
f 1601//755 1600//755 1597//755
f 1601//756 1602//756 1600//756
f 1603//757 1599//757 1604//757
f 1603//758 1597//758 1599//758
f 1605//759 1597//759 1603//759
f 1605//760 1601//760 1597//760
f 1471//761 1470//761 1468//761
f 2408//762 2880//762 2877//762
f 1254//763 1252//763 1253//763
f 1588//764 1533//764 1586//764
f 1588//765 1534//765 1533//765
f 1600//766 1539//766 1598//766
f 1600//767 1543//767 1539//767
f 1598//768 1539//768 1292//768
f 1599//769 1606//769 1607//769
f 1599//770 1598//770 1606//770
f 1604//771 1607//771 1608//771
f 1604//772 1599//772 1607//772
f 1609//773 1608//773 1610//773
f 1609//774 1604//774 1608//774
f 1611//775 1604//775 1609//775
f 1611//776 1603//776 1604//776
f 1612//777 1603//777 1611//777
f 1612//778 1605//778 1603//778
f 1595//779 1605//779 1612//779
f 1595//780 1593//780 1605//780
f 1613//781 1616//781 1614//781
f 1617//782 1618//782 1616//782
f 1593//783 1601//783 1605//783
f 1593//784 1592//784 1601//784
f 1592//785 1602//785 1601//785
f 1592//786 1591//786 1602//786
f 1591//787 1544//787 1602//787
f 1591//788 1526//788 1544//788
f 1602//789 1543//789 1600//789
f 1602//790 1544//790 1543//790
f 2256//791 2260//791 1502//791
f 1625//792 1628//792 1626//792
f 1614//793 1622//793 1468//793
f 1374//794 1376//794 1384//794
f 1217//795 1503//795 1218//795
f 1402//796 1710//796 1416//796
f 2546//797 2551//797 2544//797
f 3759//798 3756//798 3931//798
f 3543//799 3509//799 3508//799
f 1471//800 1474//800 1469//800
f 1631//801 1625//801 1627//801
f 1336//802 1343//802 1340//802
f 1335//803 1844//803 1836//803
f 1073//804 2588//804 1079//804
f 3878//805 3870//805 184//805
f 1889//806 1890//806 1883//806
f 3359//807 3323//807 3406//807
f 1641//808 1644//808 1642//808
f 1645//809 1644//809 1641//809
f 1645//810 1646//810 1644//810
f 1647//811 1641//811 1643//811
f 1649//812 1641//812 1647//812
f 1649//813 1645//813 1641//813
f 3330//814 3326//814 3328//814
f 3344//815 3340//815 3342//815
f 2835//816 2849//816 2844//816
f 3049//817 3060//817 3054//817
f 2999//818 3168//818 3169//818
f 1652//819 1653//819 1654//819
f 1652//820 1655//820 1653//820
f 1656//821 1655//821 1652//821
f 1656//822 1657//822 1655//822
f 1658//823 1654//823 1659//823
f 1658//824 1652//824 1654//824
f 1660//825 1652//825 1658//825
f 1660//826 1656//826 1652//826
f 1651//827 1645//827 1649//827
f 1651//828 1661//828 1645//828
f 1661//829 1646//829 1645//829
f 1661//830 1662//830 1646//830
f 1646//831 1462//831 1512//831
f 1723//832 1787//832 416//832
f 1655//833 1663//833 1653//833
f 1655//834 1664//834 1663//834
f 1653//835 133//835 1665//835
f 1653//836 1663//836 133//836
f 1654//837 1665//837 1666//837
f 1654//838 1653//838 1665//838
f 1659//839 1666//839 1667//839
f 1659//840 1654//840 1666//840
f 1684//841 1679//841 1683//841
f 2544//842 2554//842 2543//842
f 1077//843 1074//843 1079//843
f 1657//844 1664//844 1655//844
f 3238//845 3236//845 3235//845
f 1668//846 1669//846 1670//846
f 1668//847 1671//847 1669//847
f 1672//848 1671//848 1668//848
f 1672//849 1673//849 1671//849
f 1674//850 1670//850 1675//850
f 1674//851 1668//851 1670//851
f 1676//852 1668//852 1674//852
f 1676//853 1672//853 1668//853
f 1662//854 1656//854 1660//854
f 1662//855 1661//855 1656//855
f 1661//856 1657//856 1656//856
f 1661//857 1651//857 1657//857
f 660//858 809//858 810//858
f 3428//859 3430//859 3433//859
f 1670//860 1667//860 1666//860
f 1670//861 1669//861 1667//861
f 1675//862 1666//862 1665//862
f 1675//863 1670//863 1666//863
f 132//864 1665//864 133//864
f 132//865 1675//865 1665//865
f 131//866 1675//866 132//866
f 1008//867 1001//867 1003//867
f 1674//868 1675//868 131//868
f 2818//869 2762//869 2817//869
f 2914//870 2906//870 2902//870
f 2100//871 1650//871 1636//871
f 2379//872 2053//872 2380//872
f 1498//873 1686//873 1692//873
f 2125//874 2277//874 2073//874
f 1701//875 1697//875 1693//875
f 1695//876 1692//876 1691//876
f 942//877 415//877 2652//877
f 3674//878 3807//878 3803//878
f 145//879 1701//879 146//879
f 145//880 1703//880 1701//880
f 1058//881 1061//881 1064//881
f 2031//882 2037//882 2032//882
f 3526//883 3517//883 3518//883
f 2596//884 2589//884 2587//884
f 1344//885 1982//885 2026//885
f 2416//886 2412//886 2494//886
f 3368//887 3205//887 3213//887
f 1703//888 145//888 1715//888
f 913//889 918//889 915//889
f 1039//890 2486//890 2615//890
f 2677//891 2471//891 2521//891
f 2686//892 2944//892 2945//892
f 1358//893 1396//893 1398//893
f 3473//894 3506//894 3509//894
f 3269//895 3245//895 3244//895
f 1978//896 1979//896 2002//896
f 560//897 422//897 563//897
f 2001//898 2000//898 1847//898
f 84//899 2126//899 1123//899
f 1223//900 1222//900 952//900
f 711//901 779//901 708//901
f 2524//902 2531//902 2525//902
f 1793//903 1740//903 1731//903
f 1576//904 1581//904 1577//904
f 1483//905 1497//905 1485//905
f 2478//906 2502//906 2503//906
f 1743//907 1744//907 1745//907
f 1743//908 1746//908 1744//908
f 1747//909 1746//909 1743//909
f 1747//910 1748//910 1746//910
f 1749//911 1745//911 1750//911
f 1749//912 1743//912 1745//912
f 1751//913 1743//913 1749//913
f 1751//914 1747//914 1743//914
f 2055//915 2049//915 2046//915
f 2007//916 2006//916 2022//916
f 1728//917 1729//917 1720//917
f 1175//918 1500//918 1501//918
f 1745//919 1752//919 1753//919
f 1745//920 1744//920 1752//920
f 1750//921 1753//921 1754//921
f 1750//922 1745//922 1753//922
f 1254//923 1754//923 1256//923
f 1254//924 1750//924 1754//924
f 1253//925 1750//925 1254//925
f 1253//926 1749//926 1750//926
f 1250//927 1749//927 1253//927
f 1250//928 1751//928 1749//928
f 1238//929 1751//929 1250//929
f 1238//930 1755//930 1751//930
f 1756//931 1757//931 1758//931
f 1756//932 1759//932 1757//932
f 1760//933 1759//933 1756//933
f 1760//934 1761//934 1759//934
f 1762//935 1758//935 1763//935
f 1762//936 1756//936 1758//936
f 1764//937 1756//937 1762//937
f 1764//938 1760//938 1756//938
f 1755//939 1747//939 1751//939
f 1755//940 1765//940 1747//940
f 1765//941 1748//941 1747//941
f 1765//942 1766//942 1748//942
f 414//943 1746//943 1748//943
f 2578//944 1127//944 2577//944
f 3935//945 1551//945 7//945
f 1759//946 1330//946 1757//946
f 1759//947 1331//947 1330//947
f 1757//948 413//948 1766//948
f 1757//949 1330//949 413//949
f 1758//950 1766//950 1765//950
f 1758//951 1757//951 1766//951
f 1763//952 1765//952 1755//952
f 1763//953 1758//953 1765//953
f 1236//954 1755//954 1238//954
f 1236//955 1763//955 1755//955
f 1235//956 1763//956 1236//956
f 1235//957 1762//957 1763//957
f 1232//958 1762//958 1235//958
f 1232//959 1764//959 1762//959
f 1205//960 1764//960 1232//960
f 1205//961 1767//961 1764//961
f 1768//962 1769//962 1770//962
f 1768//963 1771//963 1769//963
f 1772//964 1771//964 1768//964
f 1772//965 1773//965 1771//965
f 1774//966 1770//966 1775//966
f 1774//967 1768//967 1770//967
f 1776//968 1768//968 1774//968
f 1776//969 1772//969 1768//969
f 1767//970 1760//970 1764//970
f 1767//971 1777//971 1760//971
f 1777//972 1761//972 1760//972
f 1777//973 1778//973 1761//973
f 1778//974 1776//974 1331//974
f 1771//975 1197//975 1769//975
f 1771//976 1202//976 1197//976
f 1769//977 1189//977 1779//977
f 1769//978 1197//978 1189//978
f 1770//979 1779//979 1780//979
f 1770//980 1769//980 1779//980
f 1775//981 1780//981 1781//981
f 1775//982 1770//982 1780//982
f 1782//983 1781//983 1783//983
f 1782//984 1775//984 1781//984
f 1784//985 1775//985 1782//985
f 1144//986 1147//986 1145//986
f 1786//987 1789//987 1787//987
f 1790//988 1789//988 1786//988
f 1790//989 1791//989 1789//989
f 1792//990 1788//990 1793//990
f 1792//991 1786//991 1788//991
f 1794//992 1786//992 1792//992
f 1794//993 1790//993 1786//993
f 1778//994 1772//994 1776//994
f 1778//995 1777//995 1772//995
f 1777//996 1773//996 1772//996
f 1777//997 1767//997 1773//997
f 1767//998 1203//998 1773//998
f 1767//999 1205//999 1203//999
f 1773//1000 1202//1000 1771//1000
f 1773//1001 1203//1001 1202//1001
f 109//1002 2099//1002 2088//1002
f 1261//1003 1792//1003 1270//1003
f 1261//1004 1794//1004 1792//1004
f 1256//1005 1794//1005 1261//1005
f 1256//1006 1754//1006 1794//1006
f 1801//1007 1811//1007 1797//1007
f 1754//1008 1790//1008 1794//1008
f 1754//1009 1753//1009 1790//1009
f 1753//1010 1791//1010 1790//1010
f 1753//1011 1752//1011 1791//1011
f 1789//1012 1791//1012 414//1012
f 999//1013 1013//1013 1473//1013
f 1796//1014 221//1014 1799//1014
f 1447//1015 1798//1015 1164//1015
f 1446//1016 1798//1016 1447//1016
f 1446//1017 1797//1017 1798//1017
f 1435//1018 1797//1018 1446//1018
f 3132//1019 3097//1019 3102//1019
f 1238//1020 1237//1020 1236//1020
f 3425//1021 2407//1021 3408//1021
f 1806//1022 1810//1022 1815//1022
f 2421//1023 2418//1023 2350//1023
f 1804//1024 1808//1024 1802//1024
f 1804//1025 1809//1025 1808//1025
f 1802//1026 1783//1026 1781//1026
f 1802//1027 1808//1027 1783//1027
f 1803//1028 1781//1028 1780//1028
f 1803//1029 1802//1029 1781//1029
f 1807//1030 1780//1030 1779//1030
f 1807//1031 1803//1031 1780//1031
f 1187//1032 1779//1032 1189//1032
f 1187//1033 1807//1033 1779//1033
f 1401//1034 1171//1034 1174//1034
f 1169//1035 1806//1035 1181//1035
f 1169//1036 1810//1036 1806//1036
f 1815//1037 1816//1037 1805//1037
f 1816//1038 216//1038 1817//1038
f 1805//1039 1809//1039 1804//1039
f 2378//1040 2377//1040 2380//1040
f 1229//1041 1347//1041 1351//1041
f 3797//1042 3898//1042 3897//1042
f 3349//1043 3373//1043 3370//1043
f 3386//1044 3390//1044 3175//1044
f 1813//1045 1795//1045 1811//1045
f 1822//1046 217//1046 1821//1046
f 1822//1047 219//1047 217//1047
f 1821//1048 216//1048 1816//1048
f 1821//1049 217//1049 216//1049
f 1820//1050 1816//1050 1815//1050
f 1820//1051 1821//1051 1816//1051
f 1167//1052 1810//1052 1169//1052
f 1167//1053 1824//1053 1810//1053
f 1166//1054 1824//1054 1167//1054
f 1166//1055 1823//1055 1824//1055
f 1165//1056 1823//1056 1166//1056
f 1165//1057 1825//1057 1823//1057
f 1164//1058 1825//1058 1165//1058
f 1164//1059 1798//1059 1825//1059
f 3232//1060 3241//1060 3233//1060
f 1827//1061 1828//1061 1829//1061
f 737//1062 794//1062 746//1062
f 1799//1063 221//1063 220//1063
f 1799//1064 219//1064 1822//1064
f 1799//1065 220//1065 219//1065
f 189//1066 2540//1066 2624//1066
f 3475//1067 3477//1067 3481//1067
f 3459//1068 2938//1068 2704//1068
f 1835//1069 1836//1069 1837//1069
f 1835//1070 1838//1070 1836//1070
f 1839//1071 1838//1071 1835//1071
f 1839//1072 1840//1072 1838//1072
f 1841//1073 1837//1073 1842//1073
f 1841//1074 1835//1074 1837//1074
f 1843//1075 1835//1075 1841//1075
f 1843//1076 1839//1076 1835//1076
f 1617//1077 1634//1077 1618//1077
f 1838//1078 1335//1078 1836//1078
f 1838//1079 1349//1079 1335//1079
f 1417//1080 1411//1080 1406//1080
f 1485//1081 1498//1081 1499//1081
f 1847//1082 1846//1082 502//1082
f 1848//1083 1841//1083 1842//1083
f 1849//1084 1841//1084 1848//1084
f 1849//1085 1843//1085 1841//1085
f 1850//1086 1843//1086 1849//1086
f 1850//1087 1851//1087 1843//1087
f 1852//1088 1853//1088 1854//1088
f 1852//1089 1855//1089 1853//1089
f 1856//1090 1855//1090 1852//1090
f 1856//1091 1857//1091 1855//1091
f 1858//1092 1854//1092 1859//1092
f 1858//1093 1852//1093 1854//1093
f 1860//1094 1852//1094 1858//1094
f 1860//1095 1856//1095 1852//1095
f 1861//1096 1840//1096 1839//1096
f 1861//1097 1862//1097 1840//1097
f 1862//1098 1350//1098 1840//1098
f 1862//1099 1314//1099 1350//1099
f 1840//1100 1349//1100 1838//1100
f 1840//1101 1350//1101 1349//1101
f 1855//1102 433//1102 1853//1102
f 1853//1103 432//1103 1863//1103
f 1853//1104 433//1104 432//1104
f 1854//1105 1863//1105 1864//1105
f 1854//1106 1853//1106 1863//1106
f 1859//1107 1864//1107 1865//1107
f 1859//1108 1854//1108 1864//1108
f 1409//1109 1865//1109 1356//1109
f 1409//1110 1859//1110 1865//1110
f 1408//1111 1859//1111 1409//1111
f 1408//1112 1858//1112 1859//1112
f 1394//1113 1858//1113 1408//1113
f 1394//1114 1860//1114 1858//1114
f 1391//1115 1860//1115 1394//1115
f 1391//1116 1866//1116 1860//1116
f 1867//1117 1868//1117 1869//1117
f 1867//1118 1870//1118 1868//1118
f 1871//1119 1870//1119 1867//1119
f 1871//1120 1872//1120 1870//1120
f 1873//1121 1869//1121 1874//1121
f 1873//1122 1867//1122 1869//1122
f 1875//1123 1867//1123 1873//1123
f 1875//1124 1871//1124 1867//1124
f 1866//1125 1856//1125 1860//1125
f 1866//1126 1876//1126 1856//1126
f 1876//1127 1857//1127 1856//1127
f 1876//1128 1877//1128 1857//1128
f 434//1129 1855//1129 1857//1129
f 1561//1130 1565//1130 1563//1130
f 1870//1131 501//1131 1868//1131
f 1870//1132 495//1132 501//1132
f 1868//1133 502//1133 1846//1133
f 1868//1134 501//1134 502//1134
f 1869//1135 1846//1135 1845//1135
f 1869//1136 1868//1136 1846//1136
f 1874//1137 1845//1137 1844//1137
f 1874//1138 1869//1138 1845//1138
f 1382//1139 1844//1139 1332//1139
f 3309//1140 3306//1140 3308//1140
f 1381//1141 1873//1141 1874//1141
f 1359//1142 1873//1142 1381//1142
f 1359//1143 1875//1143 1873//1143
f 1356//1144 1875//1144 1359//1144
f 1356//1145 1865//1145 1875//1145
f 1944//1146 1946//1146 1951//1146
f 3251//1147 2344//1147 3256//1147
f 3127//1148 3138//1148 3132//1148
f 1865//1149 1871//1149 1875//1149
f 1865//1150 1864//1150 1871//1150
f 1864//1151 1872//1151 1871//1151
f 1864//1152 1863//1152 1872//1152
f 1863//1153 494//1153 1872//1153
f 1863//1154 432//1154 494//1154
f 1872//1155 495//1155 1870//1155
f 1872//1156 494//1156 495//1156
f 1880//1157 1885//1157 1879//1157
f 1880//1158 1886//1158 1885//1158
f 1879//1159 1887//1159 1888//1159
f 1879//1160 1885//1160 1887//1160
f 1878//1161 1888//1161 1889//1161
f 1329//1162 1890//1162 1297//1162
f 1329//1163 1883//1163 1890//1163
f 1328//1164 1883//1164 1329//1164
f 1328//1165 1882//1165 1883//1165
f 1317//1166 1882//1166 1328//1166
f 1317//1167 1884//1167 1882//1167
f 1314//1168 1884//1168 1317//1168
f 1314//1169 1862//1169 1884//1169
f 1891//1170 1892//1170 1893//1170
f 1891//1171 1833//1171 1894//1171
f 1333//1172 1345//1172 1334//1172
f 1895//1173 1893//1173 1896//1173
f 1895//1174 1891//1174 1893//1174
f 1897//1175 1891//1175 1895//1175
f 1514//1176 2302//1176 141//1176
f 1851//1177 1898//1177 1881//1177
f 1851//1178 1850//1178 1898//1178
f 1881//1179 1886//1179 1880//1179
f 1881//1180 1898//1180 1886//1180
f 2611//1181 2612//1181 2613//1181
f 2745//1182 2852//1182 2747//1182
f 1893//1183 1877//1183 1876//1183
f 1893//1184 1892//1184 1877//1184
f 1896//1185 1876//1185 1866//1185
f 1896//1186 1893//1186 1876//1186
f 1442//1187 1866//1187 1391//1187
f 1442//1188 1896//1188 1866//1188
f 1441//1189 1896//1189 1442//1189
f 1420//1190 1834//1190 1897//1190
f 1899//1191 1901//1191 1900//1191
f 1889//1192 1901//1192 1899//1192
f 1889//1193 1902//1193 1901//1193
f 1899//1194 1903//1194 1905//1194
f 2320//1195 3597//1195 1355//1195
f 1901//1196 1906//1196 1900//1196
f 1901//1197 1907//1197 1906//1197
f 1900//1198 1908//1198 1909//1198
f 1900//1199 1906//1199 1908//1199
f 1899//1200 1909//1200 1910//1200
f 1899//1201 1900//1201 1909//1201
f 1904//1202 1910//1202 1911//1202
f 1904//1203 1899//1203 1910//1203
f 1313//1204 1911//1204 1284//1204
f 1313//1205 1904//1205 1911//1205
f 1312//1206 1904//1206 1313//1206
f 1312//1207 1903//1207 1904//1207
f 1300//1208 1903//1208 1312//1208
f 1300//1209 1905//1209 1903//1209
f 1297//1210 1905//1210 1300//1210
f 1297//1211 1890//1211 1905//1211
f 1912//1212 1913//1212 1914//1212
f 1912//1213 1915//1213 1913//1213
f 1916//1214 1915//1214 1912//1214
f 1916//1215 1917//1215 1915//1215
f 1914//1216 1918//1216 1920//1216
f 2800//1217 2793//1217 2798//1217
f 1889//1218 1888//1218 1902//1218
f 1888//1219 1921//1219 1902//1219
f 1888//1220 1887//1220 1921//1220
f 1902//1221 1907//1221 1901//1221
f 1902//1222 1921//1222 1907//1222
f 1915//1223 1923//1223 1922//1223
f 1833//1224 1897//1224 1834//1224
f 1914//1225 1608//1225 1607//1225
f 1914//1226 1913//1226 1608//1226
f 1919//1227 1607//1227 1606//1227
f 1919//1228 1914//1228 1607//1228
f 1289//1229 1919//1229 1290//1229
f 1289//1230 1918//1230 1919//1230
f 1285//1231 1918//1231 1289//1231
f 1285//1232 1920//1232 1918//1232
f 1284//1233 1920//1233 1285//1233
f 1284//1234 1911//1234 1920//1234
f 109//1235 2629//1235 2099//1235
f 1487//1236 1632//1236 1640//1236
f 2817//1237 2759//1237 2816//1237
f 1929//1238 1926//1238 1924//1238
f 1911//1239 1910//1239 1916//1239
f 1910//1240 1917//1240 1916//1240
f 1910//1241 1909//1241 1917//1241
f 1909//1242 1930//1242 1917//1242
f 1909//1243 1908//1243 1930//1243
f 1917//1244 1923//1244 1915//1244
f 1917//1245 1930//1245 1923//1245
f 3037//1246 3031//1246 3033//1246
f 1932//1247 1933//1247 1926//1247
f 3628//682 3613//682 3627//682
f 1808//1248 2121//1248 1783//1248
f 1457//1249 1935//1249 1458//1249
f 1456//1250 1928//1250 1457//1250
f 1455//1251 1927//1251 1456//1251
f 1432//1252 1929//1252 1455//1252
f 2283//1253 2282//1253 2294//1253
f 1906//1254 1930//1254 1908//1254
f 1941//1255 1940//1255 1938//1255
f 1941//1256 1942//1256 1940//1256
f 1295//1257 1942//1257 1941//1257
f 1295//1258 1538//1258 1942//1258
f 2789//1259 2903//1259 266//1259
f 3367//1260 3365//1260 3364//1260
f 1519//1261 1528//1261 1517//1261
f 1137//1262 1125//1262 1136//1262
f 2022//1263 2004//1263 2023//1263
f 1944//1264 1947//1264 1945//1264
f 2926//1265 2801//1265 2799//1265
f 2390//1266 2388//1266 2462//1266
f 1952//1267 1953//1267 1954//1267
f 1952//1268 1955//1268 1953//1268
f 1949//1269 1952//1269 1954//1269
f 1958//1270 1957//1270 1959//1270
f 3049//1271 3053//1271 3048//1271
f 3224//1272 3220//1272 3222//1272
f 1281//1273 1951//1273 1961//1273
f 1946//1274 1945//1274 1952//1274
f 2847//1275 2844//1275 2843//1275
f 1277//1276 1296//1276 1947//1276
f 1296//1277 1965//1277 1947//1277
f 1296//1278 1295//1278 1965//1278
f 1947//1279 1966//1279 1945//1279
f 1947//1280 1965//1280 1966//1280
f 1945//1281 1955//1281 1952//1281
f 1945//1282 1966//1282 1955//1282
f 1595//1283 1964//1283 1967//1283
f 1595//1284 1612//1284 1964//1284
f 1612//1285 1962//1285 1964//1285
f 1612//1286 1611//1286 1962//1286
f 1611//1287 1963//1287 1962//1287
f 1611//1288 1609//1288 1963//1288
f 1609//1289 1972//1289 1963//1289
f 1609//1290 1610//1290 1972//1290
f 3616//424 3615//424 3614//424
f 3377//1291 3419//1291 3418//1291
f 1974//1292 1959//1292 1975//1292
f 1698//1293 1697//1293 1712//1293
f 2926//1294 2899//1294 2900//1294
f 2461//1295 2389//1295 2391//1295
f 1309//1296 1308//1296 1970//1296
f 1308//1297 1281//1297 1961//1297
f 2797//1298 2770//1298 2790//1298
f 1887//1299 1885//1299 1978//1299
f 1886//1300 1980//1300 1979//1300
f 1886//1301 1898//1301 1980//1301
f 1898//1302 1981//1302 1980//1302
f 3397//1303 3418//1303 3419//1303
f 1972//1304 1987//1304 1973//1304
f 1972//1305 1988//1305 1987//1305
f 1610//1306 1988//1306 1972//1306
f 1610//1307 1922//1307 1988//1307
f 1885//1308 1979//1308 1978//1308
f 1885//1309 1886//1309 1979//1309
f 1923//1310 1990//1310 1989//1310
f 1923//1311 1930//1311 1990//1311
f 1930//1312 1991//1312 1990//1312
f 1922//1313 1989//1313 1988//1313
f 1922//1314 1923//1314 1989//1314
f 3563//1315 3564//1315 3565//1315
f 1141//1316 1132//1316 1133//1316
f 136//1317 2543//1317 2142//1317
f 1138//1318 2451//1318 1130//1318
f 1907//1319 1992//1319 1906//1319
f 1907//1320 1993//1320 1992//1320
f 1921//1321 1993//1321 1907//1321
f 1921//1322 1994//1322 1993//1322
f 1887//1323 1994//1323 1921//1323
f 1504//1324 1476//1324 1481//1324
f 2207//1325 60//1325 64//1325
f 2282//1326 1445//1326 2294//1326
f 1906//1327 1992//1327 1991//1327
f 1848//1328 1998//1328 1849//1328
f 1848//1329 1999//1329 1998//1329
f 1847//1330 1999//1330 1848//1330
f 2261//1331 2255//1331 2251//1331
f 3051//1332 3046//1332 3040//1332
f 1195//1333 1191//1333 1190//1333
f 1059//1334 1062//1334 1060//1334
f 1999//1335 2002//1335 1998//1335
f 2000//1336 2002//1336 1999//1336
f 1063//1337 3893//1337 1061//1337
f 1929//1338 1927//1338 1455//1338
f 1849//1339 1998//1339 1981//1339
f 591//1340 590//1340 584//1340
f 2505//1341 2496//1341 2500//1341
f 2732//1342 2728//1342 2872//1342
f 2883//1343 266//1343 2887//1343
f 942//1344 943//1344 944//1344
f 1413//1345 2293//1345 2117//1345
f 1343//1346 1342//1346 2009//1346
f 2774//1347 2775//1347 2769//1347
f 2672//1348 2677//1348 2676//1348
f 1431//1349 1932//1349 1432//1349
f 1931//1350 1936//1350 1943//1350
f 1430//1351 2013//1351 1431//1351
f 2064//1352 2060//1352 2641//1352
f 1429//1353 2014//1353 1430//1353
f 1927//1354 1925//1354 1928//1354
f 1385//1355 2015//1355 1429//1355
f 2016//1356 2017//1356 2018//1356
f 2882//1357 2876//1357 2765//1357
f 2020//1358 2019//1358 2016//1358
f 2020//1359 2021//1359 2019//1359
f 2014//1360 2016//1360 2018//1360
f 2015//1361 2020//1361 2016//1361
f 1384//1362 2020//1362 2015//1362
f 1383//1363 2021//1363 2020//1363
f 2018//1364 1934//1364 1933//1364
f 1680//1365 1691//1365 1681//1365
f 2013//1366 2018//1366 1933//1366
f 1275//1367 1273//1367 1272//1367
f 1643//1368 1648//1368 1647//1368
f 1368//1369 2023//1369 2025//1369
f 1368//1370 1367//1370 2023//1370
f 3265//1371 3263//1371 3262//1371
f 1367//1372 1366//1372 2024//1372
f 2561//1373 2552//1373 2555//1373
f 2028//1374 1997//1374 1996//1374
f 2027//1375 1996//1375 1995//1375
f 2011//1376 1995//1376 1986//1376
f 1324//1377 1323//1377 2029//1377
f 2349//1378 2350//1378 2348//1378
f 1007//1379 1008//1379 1006//1379
f 2031//1380 2038//1380 2036//1380
f 1570//1381 1572//1381 1575//1381
f 1955//1382 2039//1382 1953//1382
f 1966//1383 2032//1383 1955//1383
f 1965//1384 2030//1384 1966//1384
f 1295//1385 2034//1385 1965//1385
f 1556//1386 1555//1386 1549//1386
f 1358//1387 1364//1387 1369//1387
f 595//1388 596//1388 593//1388
f 1139//1389 1051//1389 1140//1389
f 3189//1390 3306//1390 3190//1390
f 864//1391 610//1391 609//1391
f 3089//1392 3083//1392 3085//1392
f 1639//1393 1638//1393 1648//1393
f 833//1394 613//1394 832//1394
f 2980//1395 2973//1395 2975//1395
f 1109//1396 1113//1396 2466//1396
f 2356//1397 2388//1397 2390//1397
f 2869//1398 2859//1398 2855//1398
f 2688//1399 266//1399 2693//1399
f 2138//1400 2139//1400 2137//1400
f 2070//1401 1783//1401 2071//1401
f 2068//1402 2071//1402 2072//1402
f 1253//1403 1247//1403 1250//1403
f 969//1404 967//1404 1939//1404
f 1452//1405 1454//1405 1448//1405
f 390//1406 292//1406 293//1406
f 2079//1407 2080//1407 2081//1407
f 2079//1408 2082//1408 2080//1408
f 2083//1409 2082//1409 2079//1409
f 2083//1410 2084//1410 2082//1410
f 1974//1411 1976//1411 1969//1411
f 1677//1412 232//1412 2084//1412
f 1677//1413 234//1413 232//1413
f 2084//1414 230//1414 2082//1414
f 2084//1415 232//1415 230//1415
f 2082//1416 226//1416 2080//1416
f 2082//1417 230//1417 226//1417
f 2080//1418 228//1418 2085//1418
f 2080//1419 226//1419 228//1419
f 2081//1420 2085//1420 2086//1420
f 2081//1421 2080//1421 2085//1421
f 131//1422 132//1422 121//1422
f 1664//1423 2084//1423 2083//1423
f 1664//1424 1677//1424 2084//1424
f 1152//1425 1159//1425 1153//1425
f 245//1426 2094//1426 244//1426
f 123//1427 1465//1427 1464//1427
f 1505//1428 1509//1428 1468//1428
f 2100//1429 2095//1429 2094//1429
f 2093//1430 2097//1430 2098//1430
f 2094//1431 2095//1431 2093//1431
f 2098//1432 2103//1432 2104//1432
f 247//1433 2104//1433 248//1433
f 247//1434 2098//1434 2104//1434
f 246//1435 2098//1435 247//1435
f 246//1436 2093//1436 2098//1436
f 2382//1437 2541//1437 2548//1437
f 1375//1438 1380//1438 1379//1438
f 2088//1439 2089//1439 257//1439
f 2106//1440 570//1440 572//1440
f 190//1441 2624//1441 2620//1441
f 66//1442 2213//1442 70//1442
f 1017//1443 178//1443 177//1443
f 1016//1444 2114//1444 1018//1444
f 3131//1445 3137//1445 3135//1445
f 1715//1446 145//1446 144//1446
f 1783//1447 2121//1447 2071//1447
f 3398//1448 3399//1448 3397//1448
f 137//1449 2122//1449 2145//1449
f 2121//1450 2123//1450 2122//1450
f 1809//1451 2124//1451 2123//1451
f 1809//1452 1817//1452 2124//1452
f 1817//1453 214//1453 2124//1453
f 1817//1454 216//1454 214//1454
f 1562//1455 1561//1455 1559//1455
f 1808//1456 1809//1456 2123//1456
f 1226//1457 1231//1457 1227//1457
f 3581//1458 3579//1458 807//1458
f 1682//1459 1681//1459 1679//1459
f 128//1460 1678//1460 129//1460
f 1211//1461 2102//1461 2096//1461
f 3623//479 3612//479 3621//479
f 2620//1462 2623//1462 2617//1462
f 3800//596 3798//596 3799//596
f 2102//1463 995//1463 996//1463
f 2333//1464 2332//1464 2244//1464
f 2688//1465 2686//1465 2687//1465
f 3185//1466 3281//1466 3186//1466
f 3769//1467 3668//1467 3768//1467
f 1651//1468 1677//1468 1657//1468
f 3269//1469 3270//1469 3271//1469
f 2229//1470 49//1470 2224//1470
f 2139//1471 2003//1471 2001//1471
f 500//1472 2001//1472 502//1472
f 3275//1473 2415//1473 3279//1473
f 2828//1474 3433//1474 3430//1474
f 3181//1475 3258//1475 3182//1475
f 3267//1476 3263//1476 3265//1476
f 2146//1477 934//1477 2147//1477
f 2153//1478 938//1478 939//1478
f 2161//1479 941//1479 2160//1479
f 1190//1480 1192//1480 1183//1480
f 2166//1481 911//1481 2165//1481
f 551//1482 546//1482 547//1482
f 931//1483 2169//1483 932//1483
f 931//1484 2170//1484 2169//1484
f 2310//1485 2307//1485 2323//1485
f 2170//1486 2171//1486 2169//1486
f 2169//1487 2148//1487 2147//1487
f 2169//1488 2147//1488 934//1488
f 932//1489 2169//1489 934//1489
f 452//1490 549//1490 453//1490
f 2178//1491 54//1491 92//1491
f 2179//1492 32//1492 33//1492
f 2181//1493 30//1493 32//1493
f 2184//1494 41//1494 2182//1494
f 3669//1495 3686//1495 2459//1495
f 2188//1496 31//1496 2187//1496
f 601//1497 863//1497 862//1497
f 3218//1498 3220//1498 3214//1498
f 35//1499 2186//1499 2190//1499
f 28//1500 2192//1500 2193//1500
f 2193//1501 29//1501 28//1501
f 2195//1502 73//1502 2194//1502
f 2197//1503 27//1503 50//1503
f 74//1504 2195//1504 2198//1504
f 163//1505 155//1505 162//1505
f 2201//1506 24//1506 2200//1506
f 372//1507 316//1507 352//1507
f 475//1508 477//1508 474//1508
f 2205//1509 62//1509 61//1509
f 2903//1510 2956//1510 2904//1510
f 2211//1511 59//1511 2210//1511
f 2212//1512 58//1512 57//1512
f 470//1513 894//1513 893//1513
f 844//1514 623//1514 710//1514
f 781//1515 700//1515 775//1515
f 2222//1516 37//1516 2220//1516
f 703//1517 841//1517 691//1517
f 80//1518 2225//1518 2226//1518
f 34//1519 2225//1519 80//1519
f 2226//1520 79//1520 80//1520
f 2231//1521 91//1521 79//1521
f 52//1522 2234//1522 2235//1522
f 591//1523 594//1523 590//1523
f 3950//1524 442//1524 443//1524
f 52//1525 2239//1525 51//1525
f 2407//1526 273//1526 2406//1526
f 2240//1527 33//1527 51//1527
f 2238//1528 92//1528 93//1528
f 2241//1529 46//1529 2237//1529
f 2884//1530 2937//1530 2936//1530
f 1212//1531 1216//1531 1220//1531
f 1538//1532 1943//1532 1942//1532
f 2184//1533 42//1533 41//1533
f 35//1534 2190//1534 2191//1534
f 412//1535 334//1535 333//1535
f 3080//1536 3045//1536 3050//1536
f 2766//1537 2752//1537 2751//1537
f 3197//1538 3353//1538 3198//1538
f 162//1539 156//1539 161//1539
f 727//1540 852//1540 728//1540
f 1018//1541 2110//1541 1017//1541
f 2250//1542 222//1542 265//1542
f 1344//1543 1343//1543 2008//1543
f 1005//1544 1004//1544 572//1544
f 202//1545 2246//1545 2245//1545
f 2248//1546 2249//1546 2247//1546
f 902//1547 3948//1547 3945//1547
f 2265//1548 2254//1548 2261//1548
f 994//1549 993//1549 2249//1549
f 2389//1550 2461//1550 2460//1550
f 993//1551 248//1551 2104//1551
f 1709//1552 1174//1552 1173//1552
f 1362//1553 1361//1553 1360//1553
f 265//1554 2251//1554 2250//1554
f 3820//682 3822//682 3838//682
f 2979//1555 2991//1555 2985//1555
f 1951//1556 1948//1556 1961//1556
f 3806//1557 3695//1557 3679//1557
f 3326//1558 3194//1558 3193//1558
f 3417//1559 3399//1559 2363//1559
f 1500//1560 2256//1560 1501//1560
f 1493//1561 2257//1561 1500//1561
f 3786//1562 3887//1562 3877//1562
f 3409//1563 2761//1563 3405//1563
f 3934//1564 1224//1564 3938//1564
f 2582//1565 2585//1565 2580//1565
f 1399//1566 1385//1566 1400//1566
f 1157//1567 2264//1567 1158//1567
f 1157//1568 2254//1568 2264//1568
f 1170//1569 1158//1569 1152//1569
f 1207//1570 2266//1570 1208//1570
f 1207//1571 2271//1571 2266//1571
f 2598//1572 1026//1572 1022//1572
f 3906//1573 3796//1573 3799//1573
f 1191//1574 2270//1574 2275//1574
f 1191//1575 1210//1575 2270//1575
f 1191//1576 2275//1576 2276//1576
f 2025//1577 2004//1577 2005//1577
f 931//1578 926//1578 930//1578
f 3//1579 8//1579 2//1579
f 3012//1580 3006//1580 2998//1580
f 3204//1581 3213//1581 3205//1581
f 3036//1582 3047//1582 3041//1582
f 3607//1583 1085//1583 3932//1583
f 1//1584 431//1584 430//1584
f 222//1585 2284//1585 2287//1585
f 1191//1586 2285//1586 2286//1586
f 2831//1587 2886//1587 2888//1587
f 1723//1588 1722//1588 1740//1588
f 1191//1589 2288//1589 1192//1589
f 1191//1590 2286//1590 2288//1590
f 2305//1591 2059//1591 2058//1591
f 1157//1592 2290//1592 2252//1592
f 1157//1593 1194//1593 2290//1593
f 1176//1594 1415//1594 2291//1594
f 3921//1595 3812//1595 3813//1595
f 3821//1596 3822//1596 3820//1596
f 753//1597 2444//1597 122//1597
f 1428//1598 1432//1598 1433//1598
f 2388//1599 2357//1599 2387//1599
f 143//1600 2292//1600 2115//1600
f 1708//1601 1711//1601 1713//1601
f 1443//1602 2294//1602 1444//1602
f 1161//1603 2294//1603 1443//1603
f 1161//1604 2283//1604 2294//1604
f 3573//1605 3554//1605 3553//1605
f 1199//1606 1209//1606 1198//1606
f 2117//1607 2295//1607 2281//1607
f 1048//1608 1047//1608 1044//1608
f 1255//1609 1251//1609 1252//1609
f 1178//1610 2292//1610 143//1610
f 1046//1611 201//1611 199//1611
f 2055//1612 2542//1612 2537//1612
f 3316//1613 3318//1613 3314//1613
f 1610//1614 1913//1614 1915//1614
f 2299//1615 2298//1615 2301//1615
f 1044//1616 1042//1616 1041//1616
f 2492//1617 2339//1617 2491//1617
f 2482//1618 1108//1618 1107//1618
f 1178//1619 2302//1619 1513//1619
f 2527//1620 2528//1620 1135//1620
f 1261//1621 1255//1621 1256//1621
f 2994//1622 3007//1622 3000//1622
f 2295//1623 2282//1623 2281//1623
f 1227//1624 1207//1624 1206//1624
f 3054//1625 3019//1625 3024//1625
f 1499//1626 1692//1626 1694//1626
f 2305//1627 2058//1627 2304//1627
f 127//1628 2304//1628 2057//1628
f 2311//1629 2308//1629 2312//1629
f 2311//1630 2306//1630 2308//1630
f 991//1631 2306//1631 2311//1631
f 991//1632 1467//1632 2306//1632
f 3350//1633 3324//1633 3323//1633
f 3230//1634 3225//1634 3228//1634
f 3//1635 9//1635 8//1635
f 1396//1636 1387//1636 1395//1636
f 249//1637 2327//1637 250//1637
f 2324//1638 1514//1638 141//1638
f 1467//1639 2309//1639 2306//1639
f 1467//1640 1466//1640 2309//1640
f 2419//1641 2421//1641 2420//1641
f 123//1642 2313//1642 124//1642
f 2032//1643 2039//1643 1955//1643
f 3824//424 3827//424 3825//424
f 1044//1644 1049//1644 1051//1644
f 1189//1645 1185//1645 1187//1645
f 3653//596 3651//596 3662//596
f 2085//1646 2321//1646 2086//1646
f 2085//1647 2322//1647 2321//1647
f 228//1648 2322//1648 2085//1648
f 3937//1649 1229//1649 1936//1649
f 139//1650 2324//1650 140//1650
f 2824//1651 2825//1651 2823//1651
f 992//1652 2325//1652 2326//1652
f 1527//1653 1516//1653 1526//1653
f 2328//1654 2329//1654 2325//1654
f 2328//1655 2330//1655 2329//1655
f 2331//1656 2329//1656 2330//1656
f 1681//1657 1692//1657 1686//1657
f 1693//1658 1699//1658 1701//1658
f 3700//1659 3708//1659 3596//1659
f 2311//1660 2330//1660 2328//1660
f 2311//1661 2312//1661 2330//1661
f 990//1662 2328//1662 2325//1662
f 991//1663 2328//1663 990//1663
f 991//1664 2311//1664 2328//1664
f 227//1665 250//1665 2327//1665
f 1236//1666 1234//1666 1235//1666
f 1548//1667 1582//1667 1579//1667
f 2850//1668 2742//1668 2849//1668
f 3804//1669 3698//1669 3790//1669
f 1066//1670 1054//1670 1065//1670
f 1023//1671 115//1671 113//1671
f 436//1672 2335//1672 2336//1672
f 202//1673 2335//1673 436//1673
f 202//1674 2245//1674 2335//1674
f 2338//1675 2336//1675 2335//1675
f 2250//1676 2251//1676 2253//1676
f 3011//1677 3004//1677 3006//1677
f 2228//1678 94//1678 2227//1678
f 328//1679 205//1679 329//1679
f 3373//1680 3376//1680 3370//1680
f 3350//1681 3353//1681 3351//1681
f 1351//1682 969//1682 1939//1682
f 3066//1683 3072//1683 3070//1683
f 3836//479 3835//479 3851//479
f 2420//1684 2421//1684 2349//1684
f 1162//1685 1443//1685 1437//1685
f 3529//1686 3540//1686 3532//1686
f 3467//1687 3465//1687 3466//1687
f 2271//1688 2671//1688 2673//1688
f 2221//1689 34//1689 78//1689
f 2788//1690 2963//1690 2964//1690
f 1418//1691 1801//1691 1797//1691
f 3179//1692 3247//1692 3180//1692
f 1090//1693 2600//1693 1091//1693
f 3301//1694 3299//1694 3298//1694
f 2368//1695 2367//1695 2366//1695
f 1897//1696 1423//1696 1420//1696
f 2103//1697 2247//1697 2249//1697
f 3724//32 3726//32 3723//32
f 2440//1698 2434//1698 2439//1698
f 749//1699 669//1699 748//1699
f 2934//1700 2931//1700 2930//1700
f 1550//1701 1549//1701 1555//1701
f 2026//1702 2024//1702 1366//1702
f 1545//1703 1562//1703 1553//1703
f 174//1704 183//1704 173//1704
f 1958//1705 1974//1705 1968//1705
f 3383//1706 3361//1706 3360//1706
f 2266//1707 2268//1707 1208//1707
f 2048//1708 2547//1708 2542//1708
f 2385//1709 2384//1709 2363//1709
f 2952//1710 2716//1710 2715//1710
f 3232//1711 3236//1711 3234//1711
f 1245//1712 1249//1712 1246//1712
f 2490//1713 2426//1713 2487//1713
f 2418//1714 2372//1714 2371//1714
f 2427//1715 3703//1715 3707//1715
f 2230//1716 49//1716 2229//1716
f 3210//1717 3215//1717 3211//1717
f 1083//1718 1089//1718 1088//1718
f 2384//1719 2397//1719 2363//1719
f 2078//1720 2081//1720 2087//1720
f 1699//1721 148//1721 147//1721
f 3424//1722 3487//1722 3423//1722
f 1310//1723 1309//1723 1969//1723
f 1510//1724 1694//1724 1696//1724
f 3711//424 3712//424 3709//424
f 263//1725 2489//1725 2487//1725
f 2554//1726 2144//1726 2142//1726
f 2425//1727 2424//1727 2370//1727
f 2377//1728 2398//1728 2400//1728
f 2404//1729 2403//1729 2401//1729
f 2301//1730 1492//1730 1491//1730
f 2005//1731 2657//1731 2025//1731
f 1099//1732 2401//1732 2405//1732
f 1099//1733 2404//1733 2401//1733
f 273//1734 271//1734 2406//1734
f 3739//1735 3825//1735 3838//1735
f 2896//1736 2925//1736 2915//1736
f 1153//1737 1160//1737 1155//1737
f 2804//1738 3441//1738 2783//1738
f 1689//1739 1484//1739 1482//1739
f 3462//1740 3463//1740 2062//1740
f 1735//1741 1742//1741 1741//1741
f 299//1742 393//1742 301//1742
f 2219//1743 78//1743 76//1743
f 916//1744 2160//1744 941//1744
f 1338//1745 1340//1745 1333//1745
f 2583//1746 2462//1746 2465//1746
f 3791//424 3794//424 3793//424
f 2074//1747 3621//1747 3620//1747
f 2614//1748 3562//1748 201//1748
f 1636//1749 1618//1749 1634//1749
f 3652//479 3650//479 3654//479
f 2939//1750 2779//1750 2778//1750
f 3433//1751 3533//1751 3428//1751
f 3605//244 3603//244 3596//244
f 615//1752 120//1752 119//1752
f 3947//1753 899//1753 897//1753
f 4//1754 3956//1754 439//1754
f 3318//1755 3321//1755 3319//1755
f 2418//1756 2419//1756 2417//1756
f 2438//1757 2434//1757 2433//1757
f 1574//1758 1573//1758 1576//1758
f 1727//1759 1716//1759 1454//1759
f 276//1760 2433//1760 274//1760
f 276//1761 2438//1761 2433//1761
f 197//1762 1034//1762 1027//1762
f 2370//1763 3537//1763 3542//1763
f 2441//1764 2435//1764 2440//1764
f 1516//1765 1518//1765 1525//1765
f 397//1766 339//1766 301//1766
f 920//1767 2150//1767 945//1767
f 1626//1768 1637//1768 245//1768
f 1099//1769 1130//1769 2450//1769
f 2144//1770 1133//1770 1140//1770
f 2107//1771 570//1771 2106//1771
f 1130//1772 2451//1772 2450//1772
f 1099//1773 2450//1773 2404//1773
f 922//1774 2163//1774 921//1774
f 1142//1775 1132//1775 1141//1775
f 3165//1776 3136//1776 3141//1776
f 1070//1777 2622//1777 1071//1777
f 587//1778 588//1778 580//1778
f 1460//1779 1452//1779 1459//1779
f 419//1780 1737//1780 1736//1780
f 2596//1781 136//1781 153//1781
f 3829//596 3816//596 3817//596
f 1407//1782 1176//1782 1175//1782
f 1084//1783 1088//1783 1086//1783
f 2121//1784 2072//1784 2071//1784
f 2540//1785 2534//1785 2539//1785
f 2695//1786 2690//1786 2691//1786
f 3925//244 3926//244 3930//244
f 1617//1787 1613//1787 1621//1787
f 3343//1788 3348//1788 3349//1788
f 2878//1789 2773//1789 2875//1789
f 1363//1790 1345//1790 1361//1790
f 2530//1791 2529//1791 2564//1791
f 674//1792 884//1792 662//1792
f 1569//1793 1570//1793 1571//1793
f 86//1794 2570//1794 2576//1794
f 2348//1795 2351//1795 2352//1795
f 2560//1796 2553//1796 2552//1796
f 525//1797 523//1797 524//1797
f 3789//479 3805//479 3804//479
f 1711//1798 1173//1798 1172//1798
f 1453//1799 1450//1799 1452//1799
f 1341//1800 2010//1800 2009//1800
f 3749//479 3750//479 3748//479
f 1717//1801 1449//1801 1448//1801
f 1800//1802 1825//1802 1798//1802
f 1260//1803 1257//1803 1255//1803
f 1072//1804 1073//1804 1074//1804
f 1163//1805 1437//1805 1439//1805
f 2889//1806 2911//1806 2891//1806
f 2465//1807 2579//1807 2580//1807
f 2119//1808 3844//1808 3847//1808
f 2901//1809 2695//1809 2696//1809
f 1827//1810 1834//1810 1831//1810
f 1719//1811 1720//1811 1718//1811
f 3010//1812 3009//1812 3016//1812
f 3750//1813 3641//1813 3747//1813
f 1413//1814 1410//1814 1412//1814
f 100//1815 3566//1815 2584//1815
f 2898//1816 2813//1816 2925//1816
f 981//1817 977//1817 975//1817
f 1332//1818 1333//1818 1334//1818
f 1785//1819 1775//1819 1784//1819
f 3622//1820 2075//1820 2076//1820
f 2805//1821 2809//1821 2808//1821
f 1703//1822 1708//1822 1712//1822
f 1633//1823 1625//1823 1631//1823
f 2392//1824 3915//1824 3905//1824
f 2954//1825 2891//1825 2911//1825
f 1307//1826 1323//1826 1319//1826
f 110//1827 506//1827 505//1827
f 3888//682 3891//682 3906//682
f 1094//1828 1116//1828 1092//1828
f 2402//1829 2634//1829 2405//1829
f 1515//1830 139//1830 1489//1830
f 898//1831 3955//1831 899//1831
f 2969//1832 2977//1832 2968//1832
f 2735//1833 2861//1833 2736//1833
f 2011//1834 2010//1834 1341//1834
f 1542//1835 1573//1835 1566//1835
f 1239//1836 1241//1836 1233//1836
f 1034//1837 1036//1837 1030//1837
f 2339//1838 2492//1838 2341//1838
f 2024//1839 2023//1839 1367//1839
f 3777//1840 3877//1840 3873//1840
f 2271//1841 2274//1841 2269//1841
f 1012//1842 985//1842 1481//1842
f 1546//1843 440//1843 1547//1843
f 2735//1844 2733//1844 2734//1844
f 1247//1845 1246//1845 1244//1845
f 3233//1846 3235//1846 3232//1846
f 508//1847 512//1847 511//1847
f 1683//1848 1685//1848 1687//1848
f 228//1849 227//1849 2331//1849
f 493//1850 488//1850 497//1850
f 1419//1851 951//1851 1577//1851
f 578//1852 573//1852 575//1852
f 164//1853 3727//1853 3583//1853
f 1638//1854 243//1854 1648//1854
f 984//1855 982//1855 983//1855
f 1411//1856 1440//1856 1410//1856
f 3173//1857 3221//1857 3214//1857
f 1970//1858 1968//1858 1969//1858
f 2549//1859 2550//1859 2467//1859
f 2877//1860 2875//1860 2876//1860
f 2514//1861 2426//1861 2490//1861
f 3177//1862 3039//1862 3038//1862
f 1522//1863 1698//1863 1713//1863
f 459//1531 458//1531 428//1531
f 2554//1864 2555//1864 2552//1864
f 3745//1865 3759//1865 3842//1865
f 3412//1866 2422//1866 3414//1866
f 753//1867 2429//1867 2437//1867
f 2517//1868 2519//1868 2518//1868
f 89//1869 88//1869 2519//1869
f 1110//1870 1121//1870 224//1870
f 88//1871 87//1871 2520//1871
f 2519//1872 88//1872 2520//1872
f 3753//244 3752//244 3756//244
f 2706//1873 2712//1873 2692//1873
f 3244//1874 3272//1874 3269//1874
f 1158//215 1160//215 1159//215
f 1206//1875 1208//1875 1199//1875
f 3955//1876 3946//1876 10//1876
f 1422//1877 1451//1877 1453//1877
f 3141//1878 3135//1878 3137//1878
f 1371//1879 2657//1879 2655//1879
f 106//1880 1136//1880 2528//1880
f 2173//1881 2174//1881 2171//1881
f 1629//1882 1628//1882 1625//1882
f 2312//1883 2310//1883 228//1883
f 2750//1884 2753//1884 2754//1884
f 2090//1885 2628//1885 2627//1885
f 2652//1886 2651//1886 2648//1886
f 2068//1887 84//1887 86//1887
f 3403//1888 3404//1888 3401//1888
f 2687//1889 2945//1889 2887//1889
f 3814//1890 3908//1890 3811//1890
f 1252//1891 1245//1891 1247//1891
f 1826//1892 1833//1892 1827//1892
f 2581//1893 2580//1893 2579//1893
f 2581//1894 2582//1894 2580//1894
f 3292//1895 3296//1895 3293//1895
f 122//1896 3553//1896 3554//1896
f 3439//1897 3441//1897 3442//1897
f 101//1898 2579//1898 102//1898
f 101//1899 2581//1899 2579//1899
f 100//1900 2581//1900 101//1900
f 100//1901 2584//1901 2581//1901
f 2584//1902 2582//1902 2581//1902
f 2584//1903 2590//1903 2582//1903
f 2590//1904 2586//1904 2582//1904
f 2590//1905 2591//1905 2586//1905
f 2591//1906 2592//1906 2586//1906
f 2591//1907 2593//1907 2592//1907
f 2586//1908 2594//1908 2585//1908
f 2586//1909 2592//1909 2594//1909
f 2118//1910 2564//1910 2529//1910
f 2247//1911 997//1911 2248//1911
f 2619//1912 2617//1912 2616//1912
f 3659//1913 3785//1913 2587//1913
f 1542//1914 1566//1914 1568//1914
f 1688//1915 1683//1915 1687//1915
f 2322//1916 228//1916 2310//1916
f 3895//1917 260//1917 2044//1917
f 2611//1918 2594//1918 2592//1918
f 2611//1919 2607//1919 2594//1919
f 2612//1920 2592//1920 2593//1920
f 2490//1921 2511//1921 2512//1921
f 2613//1922 2605//1922 2611//1922
f 2614//1923 2605//1923 2613//1923
f 2614//1924 2608//1924 2605//1924
f 201//1925 2608//1925 2614//1925
f 199//1926 1029//1926 1046//1926
f 1025//1927 1022//1927 1020//1927
f 2705//1928 2934//1928 2935//1928
f 3119//1929 3084//1929 3089//1929
f 1060//1930 1063//1930 1061//1930
f 1679//1931 1686//1931 1685//1931
f 2747//1932 2746//1932 2745//1932
f 1614//1933 1509//1933 1615//1933
f 905//1934 904//1934 901//1934
f 139//1935 2059//1935 2303//1935
f 2099//1936 2629//1936 2628//1936
f 2792//1937 2782//1937 2772//1937
f 798//1938 621//1938 625//1938
f 582//1939 575//1939 577//1939
f 3849//1940 3738//1940 3735//1940
f 499//1941 169//1941 2137//1941
f 3145//1942 3110//1942 3115//1942
f 3920//1943 3925//1943 187//1943
f 1266//1944 1258//1944 1257//1944
f 438//1945 454//1945 2175//1945
f 2630//1946 2631//1946 2632//1946
f 2633//1947 2632//1947 2631//1947
f 2633//1948 2634//1948 2632//1948
f 1103//1949 2631//1949 2630//1949
f 1103//1950 1102//1950 2631//1950
f 2515//1951 2632//1951 2516//1951
f 2515//1952 2630//1952 2632//1952
f 1105//1953 2630//1953 2515//1953
f 1105//1954 1103//1954 2630//1954
f 2405//1955 2634//1955 2633//1955
f 1100//1956 2631//1956 1102//1956
f 1100//1957 2633//1957 2631//1957
f 1099//1958 2633//1958 1100//1958
f 1099//1959 2405//1959 2633//1959
f 3895//1960 261//1960 260//1960
f 3355//1961 3358//1961 3356//1961
f 1939//1962 2041//1962 1938//1962
f 1613//1963 1615//1963 1619//1963
f 2702//1964 2938//1964 2934//1964
f 2100//1965 1212//1965 2101//1965
f 3879//424 3880//424 3870//424
f 3093//1966 3058//1966 3063//1966
f 803//1967 652//1967 638//1967
f 976//1968 1221//1968 983//1968
f 1277//1969 1944//1969 1278//1969
f 2014//1970 2013//1970 1430//1970
f 1389//1971 2025//1971 2657//1971
f 971//1972 2431//1972 2429//1972
f 2260//1973 2313//1973 123//1973
f 3760//596 3757//596 3759//596
f 2134//1974 113//1974 114//1974
f 812//1975 670//1975 811//1975
f 1194//1976 1192//1976 2290//1976
f 239//1977 247//1977 237//1977
f 3586//32 3585//32 3584//32
f 1196//1978 1190//1978 1188//1978
f 2836//1979 2830//1979 2832//1979
f 1355//1980 3597//1980 3599//1980
f 2714//1981 2710//1981 2713//1981
f 3067//1982 3032//1982 3037//1982
f 588//1983 571//1983 573//1983
f 2887//1984 2937//1984 2885//1984
f 1132//1985 1139//1985 1133//1985
f 3910//682 3928//682 3927//682
f 2850//1986 2851//1986 2852//1986
f 3754//682 3749//682 3751//682
f 990//1987 2325//1987 988//1987
f 1188//1988 1183//1988 1185//1988
f 3533//1989 3532//1989 3530//1989
f 3202//1990 3386//1990 3175//1990
f 986//1991 980//1991 982//1991
f 919//1992 2176//1992 914//1992
f 3640//244 3649//244 3642//244
f 1021//1993 1033//1993 1020//1993
f 3925//1994 2051//1994 187//1994
f 3716//244 3717//244 3719//244
f 2860//1995 2857//1995 2861//1995
f 2015//1996 2014//1996 1429//1996
f 3291//1997 3313//1997 3315//1997
f 3816//1998 81//1998 3717//1998
f 2820//1999 2818//1999 2795//1999
f 3859//424 2381//424 3857//424
f 2013//2000 1932//2000 1431//2000
f 1712//2001 1701//2001 1703//2001
f 1141//2002 2558//2002 1142//2002
f 2653//2003 414//2003 413//2003
f 2693//2004 2678//2004 2688//2004
f 800//2005 799//2005 798//2005
f 2479//2006 1043//2006 2497//2006
f 1030//2007 1037//2007 1031//2007
f 151//2008 2644//2008 3657//2008
f 1851//2009 1839//2009 1843//2009
f 2648//2010 2649//2010 2650//2010
f 2648//2011 2651//2011 2649//2011
f 3425//2012 2942//2012 2941//2012
f 2653//2013 1784//2013 2651//2013
f 2651//2014 1782//2014 2649//2014
f 2651//2015 1784//2015 1782//2015
f 2649//2016 1783//2016 2070//2016
f 2649//2017 1782//2017 1783//2017
f 2650//2018 2070//2018 2069//2018
f 2650//2019 2649//2019 2070//2019
f 212//2020 1371//2020 2655//2020
f 1204//2021 1199//2021 1201//2021
f 964//2022 1//2022 430//2022
f 3582//2023 1085//2023 3602//2023
f 3858//2024 3764//2024 3777//2024
f 2656//2025 2655//2025 2657//2025
f 1377//2026 1379//2026 1370//2026
f 213//2027 2140//2027 168//2027
f 2021//2028 1383//2028 1378//2028
f 3397//2029 3419//2029 3348//2029
f 2647//2030 2574//2030 2646//2030
f 1059//2031 1060//2031 1058//2031
f 2383//2032 2535//2032 2541//2032
f 1533//2033 1519//2033 1527//2033
f 1426//2034 1428//2034 1421//2034
f 1406//2035 1410//2035 1404//2035
f 242//2036 235//2036 1647//2036
f 2526//2037 1122//2037 1123//2037
f 1249//2038 2660//2038 1240//2038
f 1248//2039 2660//2039 1249//2039
f 1259//2040 2658//2040 1248//2040
f 1258//2041 2658//2041 1259//2041
f 2904//2042 2955//2042 2901//2042
f 2923//2043 2809//2043 2810//2043
f 2922//2044 2919//2044 2918//2044
f 2664//2045 2663//2045 2668//2045
f 1231//2046 2669//2046 1207//2046
f 1230//2047 2667//2047 1231//2047
f 1241//2048 2666//2048 1230//2048
f 1240//2049 2662//2049 1241//2049
f 87//2050 2067//2050 2670//2050
f 1270//2051 1260//2051 1261//2051
f 2415//2052 3278//2052 3416//2052
f 3290//2053 3316//2053 3313//2053
f 1615//2054 1508//2054 1620//2054
f 2671//2055 1207//2055 2669//2055
f 2672//2056 2669//2056 2668//2056
f 1119//2057 1127//2057 1128//2057
f 3355//2058 3353//2058 3352//2058
f 2520//2059 2670//2059 2676//2059
f 87//2060 2670//2060 2520//2060
f 2067//2061 2674//2061 2670//2061
f 2067//2062 2066//2062 2674//2062
f 2062//2063 2060//2063 2061//2063
f 2066//2064 2065//2064 2675//2064
f 2065//2065 2073//2065 2274//2065
f 873//150 872//150 485//150
f 2678//2066 2679//2066 2680//2066
f 2681//2067 2682//2067 270//2067
f 2683//2068 267//2068 273//2068
f 2683//2069 2681//2069 267//2069
f 2684//2070 2681//2070 2683//2070
f 2684//2071 2685//2071 2681//2071
f 2686//2072 2685//2072 2684//2072
f 2686//2073 2678//2073 2685//2073
f 2680//2074 2689//2074 2682//2074
f 2680//2075 2690//2075 2689//2075
f 2685//2076 2682//2076 2681//2076
f 2685//2077 2680//2077 2682//2077
f 2678//2078 2680//2078 2685//2078
f 2994//2079 2993//2079 3002//2079
f 2690//2080 2698//2080 2689//2080
f 2690//2081 2697//2081 2698//2081
f 2689//2082 276//2082 275//2082
f 2689//2083 2698//2083 276//2083
f 2682//2084 275//2084 270//2084
f 2682//2085 2689//2085 275//2085
f 2681//2086 270//2086 267//2086
f 2699//2087 2700//2087 2701//2087
f 2702//2088 2703//2088 2704//2088
f 2702//2089 2699//2089 2703//2089
f 2705//2090 2699//2090 2702//2090
f 2705//2091 2706//2091 2699//2091
f 3737//424 3736//424 3734//424
f 2692//2092 2709//2092 2700//2092
f 2692//2093 2713//2093 2710//2093
f 2706//2094 2700//2094 2699//2094
f 2706//2095 2692//2095 2700//2095
f 1057//2096 1064//2096 3896//2096
f 2710//2097 2715//2097 2716//2097
f 2709//2098 2717//2098 2718//2098
f 2709//2099 2716//2099 2717//2099
f 2700//2100 2718//2100 2701//2100
f 2700//2101 2709//2101 2718//2101
f 2699//2102 2701//2102 2703//2102
f 3805//2103 3696//2103 3695//2103
f 1824//2104 1823//2104 1800//2104
f 3790//2105 3694//2105 3787//2105
f 2711//2106 2729//2106 2720//2106
f 2711//2107 2730//2107 2729//2107
f 2730//2108 2736//2108 2729//2108
f 2730//2109 2735//2109 2736//2109
f 2729//2110 2737//2110 2738//2110
f 2729//2111 2736//2111 2737//2111
f 2720//2112 2738//2112 2721//2112
f 2720//2113 2729//2113 2738//2113
f 2739//2114 2740//2114 2741//2114
f 2742//2115 2743//2115 2744//2115
f 2742//2116 2739//2116 2743//2116
f 2745//2117 2739//2117 2742//2117
f 2745//2118 2746//2118 2739//2118
f 1156//2119 1162//2119 1163//2119
f 3896//596 3895//596 3885//596
f 2746//2120 2740//2120 2739//2120
f 2746//2121 2731//2121 2740//2121
f 1318//2122 1325//2122 1322//2122
f 2750//2123 2722//2123 2749//2123
f 2750//2124 2725//2124 2722//2124
f 1154//2125 1153//2125 1151//2125
f 2749//2126 2722//2126 2724//2126
f 2740//2127 2755//2127 2741//2127
f 2739//2128 2741//2128 2743//2128
f 2756//2129 2757//2129 2758//2129
f 2759//2130 2760//2130 2761//2130
f 2759//2131 2756//2131 2760//2131
f 2762//2132 2756//2132 2759//2132
f 2762//2133 2763//2133 2756//2133
f 2752//2134 2767//2134 2757//2134
f 2752//2135 2768//2135 2767//2135
f 2752//2136 2769//2136 2768//2136
f 2763//2137 2757//2137 2756//2137
f 2763//2138 2752//2138 2757//2138
f 2770//2139 2771//2139 2772//2139
f 2769//2140 2777//2140 2768//2140
f 2769//2141 2775//2141 2777//2141
f 2768//2142 2778//2142 2767//2142
f 2768//2143 2777//2143 2778//2143
f 2767//2144 2779//2144 2780//2144
f 2767//2145 2778//2145 2779//2145
f 2757//2146 2780//2146 2758//2146
f 2757//2147 2767//2147 2780//2147
f 2756//2148 2758//2148 2760//2148
f 2781//2149 2782//2149 2783//2149
f 2784//2150 2785//2150 2441//2150
f 2784//2151 2781//2151 2785//2151
f 2786//2152 2781//2152 2784//2152
f 2786//2153 2787//2153 2781//2153
f 2788//2154 2787//2154 2786//2154
f 2788//2155 2770//2155 2787//2155
f 1587//2156 1586//2156 1583//2156
f 2787//2157 2782//2157 2781//2157
f 2787//2158 2772//2158 2782//2158
f 2770//2159 2772//2159 2787//2159
f 559//2160 449//2160 558//2160
f 2791//2161 2803//2161 2804//2161
f 2791//2162 2802//2162 2803//2162
f 2782//2163 2804//2163 2783//2163
f 2782//2164 2791//2164 2804//2164
f 2781//2165 2783//2165 2785//2165
f 2805//2166 2806//2166 2807//2166
f 1198//2167 1210//2167 1195//2167
f 2811//2168 2805//2168 2808//2168
f 2811//2169 2812//2169 2805//2169
f 3665//244 3666//244 3668//244
f 2796//2170 2816//2170 2806//2170
f 2796//2171 2817//2171 2816//2171
f 1831//2172 1420//2172 1460//2172
f 2812//2173 2806//2173 2805//2173
f 2812//2174 2796//2174 2806//2174
f 1804//2175 1802//2175 1803//2175
f 2806//2176 2822//2176 2807//2176
f 2806//2177 2816//2177 2822//2177
f 2826//2178 2827//2178 2828//2178
f 2826//2179 2823//2179 2827//2179
f 2829//2180 2823//2180 2826//2180
f 2829//2181 2830//2181 2823//2181
f 2819//2182 2833//2182 2824//2182
f 2819//2183 2834//2183 2833//2183
f 2830//2184 2824//2184 2823//2184
f 2830//2185 2819//2185 2824//2185
f 493//2186 499//2186 491//2186
f 2834//2187 2840//2187 2833//2187
f 2834//2188 2839//2188 2840//2188
f 2833//2189 2841//2189 2842//2189
f 2833//2190 2840//2190 2841//2190
f 2824//2191 2833//2191 2842//2191
f 2823//2192 2825//2192 2827//2192
f 2843//2193 2844//2193 2845//2193
f 2530//2194 2526//2194 2529//2194
f 2835//2195 2848//2195 2851//2195
f 2047//2196 2046//2196 2089//2196
f 1380//2197 1389//2197 1379//2197
f 2849//2198 2744//2198 2853//2198
f 2849//2199 2742//2199 2744//2199
f 2844//2200 2853//2200 2845//2200
f 2844//2201 2849//2201 2853//2201
f 2843//2202 2845//2202 2846//2202
f 2855//2203 2856//2203 2857//2203
f 2855//2204 2858//2204 2856//2204
f 1551//2205 445//2205 1550//2205
f 1817//2206 1805//2206 1816//2206
f 517//2207 514//2207 516//2207
f 2858//2208 2864//2208 2856//2208
f 2858//2209 2863//2209 2864//2209
f 2856//2210 2865//2210 2866//2210
f 2856//2211 2864//2211 2865//2211
f 2857//2212 2866//2212 2867//2212
f 2857//2213 2856//2213 2866//2213
f 3915//32 3904//32 3905//32
f 1712//2214 1713//2214 1698//2214
f 1741//2215 1717//2215 1733//2215
f 3092//2216 3098//2216 3096//2216
f 2765//2217 2821//2217 2873//2217
f 2838//2218 2874//2218 2848//2218
f 2766//2219 2875//2219 2773//2219
f 2765//2220 2875//2220 2766//2220
f 2954//2221 2949//2221 2946//2221
f 2398//2222 3478//2222 2399//2222
f 1161//2223 1160//2223 2265//2223
f 2408//2224 2877//2224 2881//2224
f 3374//2225 3201//2225 3370//2225
f 2622//2226 3903//2226 2392//2226
f 2408//2227 2881//2227 2882//2227
f 2725//2228 2719//2228 2722//2228
f 1932//2229 1929//2229 1432//2229
f 3076//2230 3070//2230 3072//2230
f 2409//2231 2416//2231 2364//2231
f 1013//2232 1012//2232 1477//2232
f 1978//2233 1994//2233 1887//2233
f 3834//32 3836//32 3833//32
f 266//2234 2406//2234 271//2234
f 188//2235 2536//2235 2540//2235
f 1349//2236 1338//2236 1335//2236
f 1960//2237 1961//2237 1948//2237
f 2908//2238 2909//2238 2910//2238
f 2908//2239 2905//2239 2909//2239
f 2911//2240 2905//2240 2908//2240
f 2911//2241 2912//2241 2905//2241
f 2694//2242 2679//2242 2693//2242
f 2912//2243 2906//2243 2905//2243
f 2912//2244 2902//2244 2906//2244
f 1237//2245 1233//2245 1234//2245
f 3293//2246 3188//2246 3187//2246
f 2913//2247 2828//2247 2917//2247
f 2913//2248 2826//2248 2828//2248
f 2906//2249 2913//2249 2917//2249
f 2905//2250 2907//2250 2909//2250
f 2918//2251 2919//2251 2920//2251
f 2864//2252 2921//2252 2865//2252
f 2864//2253 2918//2253 2921//2253
f 2916//2254 2923//2254 2919//2254
f 1874//2255 1382//2255 1381//2255
f 180//2256 2049//2256 189//2256
f 3088//2257 3092//2257 3087//2257
f 2924//2258 2811//2258 2808//2258
f 2923//2259 2810//2259 2928//2259
f 2919//2260 2928//2260 2920//2260
f 2919//2261 2923//2261 2928//2261
f 2918//2262 2920//2262 2921//2262
f 2929//2263 2930//2263 2931//2263
f 2802//2264 2932//2264 2803//2264
f 2802//2265 2929//2265 2932//2265
f 2801//2266 2929//2266 2802//2266
f 2801//2267 2933//2267 2929//2267
f 2304//2268 127//2268 2299//2268
f 2933//2269 2930//2269 2929//2269
f 2933//2270 2927//2270 2930//2270
f 2253//2271 2255//2271 2254//2271
f 3472//2272 3463//2272 3462//2272
f 2929//2273 2931//2273 2932//2273
f 2939//2274 2940//2274 2941//2274
f 2777//2275 2939//2275 2778//2275
f 2777//2276 2936//2276 2939//2276
f 1075//2277 3651//2277 3652//2277
f 2937//2278 2943//2278 2940//2278
f 2937//2279 2944//2279 2943//2279
f 2937//2280 2945//2280 2944//2280
f 2936//2281 2940//2281 2939//2281
f 2936//2282 2937//2282 2940//2282
f 1427//2283 1424//2283 1426//2283
f 2935//2284 2930//2284 2927//2284
f 2925//2285 2811//2285 2924//2285
f 2944//2286 2683//2286 2943//2286
f 2944//2287 2684//2287 2683//2287
f 2943//2288 2683//2288 273//2288
f 2940//2289 2947//2289 2941//2289
f 2939//2290 2941//2290 2942//2290
f 2716//2291 2951//2291 2717//2291
f 2716//2292 2948//2292 2951//2292
f 2952//2293 2949//2293 2948//2293
f 2952//2294 2946//2294 2949//2294
f 2955//2295 2956//2295 2957//2295
f 2484//2296 2482//2296 2483//2296
f 1895//2297 1441//2297 1423//2297
f 2953//2298 2910//2298 2958//2298
f 2953//2299 2908//2299 2910//2299
f 2949//2300 2953//2300 2958//2300
f 2948//2301 2950//2301 2951//2301
f 2959//2302 2960//2302 2439//2302
f 2698//2303 2438//2303 276//2303
f 2698//2304 2959//2304 2438//2304
f 2697//2305 2959//2305 2698//2305
f 2697//2306 2961//2306 2959//2306
f 2695//2307 2961//2307 2697//2307
f 2695//2308 2955//2308 2961//2308
f 2957//2309 2962//2309 2960//2309
f 2957//2310 2963//2310 2962//2310
f 2961//2311 2960//2311 2959//2311
f 2961//2312 2957//2312 2960//2312
f 2955//2313 2957//2313 2961//2313
f 2963//2314 2784//2314 2962//2314
f 2963//2315 2786//2315 2784//2315
f 2962//2316 2441//2316 2440//2316
f 2962//2317 2784//2317 2441//2317
f 2960//2318 2440//2318 2439//2318
f 2960//2319 2962//2319 2440//2319
f 2959//2320 2439//2320 2438//2320
f 2970//2321 2969//2321 2968//2321
f 2970//2322 2967//2322 2969//2322
f 2971//2323 2972//2323 2966//2323
f 2973//2324 2965//2324 2967//2324
f 3375//2325 3373//2325 3348//2325
f 2974//2326 2971//2326 2965//2326
f 2969//2327 2967//2327 2966//2327
f 2318//2328 1716//2328 2316//2328
f 3782//596 3781//596 3777//596
f 2976//2329 2966//2329 2972//2329
f 2977//2330 2969//2330 2976//2330
f 2984//2331 3158//2331 3159//2331
f 2982//2332 2975//2332 2981//2332
f 2982//2333 2980//2333 2975//2333
f 2986//2334 2985//2334 2984//2334
f 2986//2335 2983//2335 2985//2335
f 2987//2336 2988//2336 2979//2336
f 2989//2337 2978//2337 2983//2337
f 258//2338 180//2338 192//2338
f 2472//2339 2987//2339 2978//2339
f 2985//2340 2983//2340 2979//2340
f 2128//2341 3645//2341 3638//2341
f 2279//2342 2282//2342 2283//2342
f 2991//2343 2979//2343 2988//2343
f 3024//2344 3018//2344 3020//2344
f 157//2345 161//2345 156//2345
f 2997//2346 2990//2346 2996//2346
f 2997//2347 2995//2347 2990//2347
f 1361//2348 1366//2348 1360//2348
f 3036//2349 3035//2349 3042//2349
f 3001//2350 3000//2350 2999//2350
f 3001//2351 2998//2351 3000//2351
f 3002//2352 3003//2352 2994//2352
f 3004//2353 2993//2353 2998//2353
f 1143//2354 1035//2354 1147//2354
f 3005//2355 3002//2355 2993//2355
f 3000//2356 2998//2356 2994//2356
f 2993//2357 2994//2357 2998//2357
f 2899//2358 2799//2358 2800//2358
f 1688//2359 1676//2359 1678//2359
f 3007//2360 2994//2360 3003//2360
f 3101//2361 3100//2361 3107//2361
f 970//2362 968//2362 1348//2362
f 3013//2363 3006//2363 3012//2363
f 3013//2364 3011//2364 3006//2364
f 2890//2365 2912//2365 2889//2365
f 2982//2366 3015//2366 2980//2366
f 2982//2367 3014//2367 3015//2367
f 3016//2368 3017//2368 3010//2368
f 3018//2369 3009//2369 3014//2369
f 3019//2370 3016//2370 3009//2370
f 3015//2371 3014//2371 3010//2371
f 3009//2372 3010//2372 3014//2372
f 3021//2373 3010//2373 3017//2373
f 2974//2374 3015//2374 3021//2374
f 2983//2375 2990//2375 2989//2375
f 3026//2376 3020//2376 3025//2376
f 3026//2377 3024//2377 3020//2377
f 3731//2378 3730//2378 3746//2378
f 2997//2379 3028//2379 2995//2379
f 2997//2380 3027//2380 3028//2380
f 3029//2381 3030//2381 3023//2381
f 3031//2382 3022//2382 3027//2382
f 1077//2383 1080//2383 1081//2383
f 3032//2384 3029//2384 3022//2384
f 3028//2385 3027//2385 3023//2385
f 1071//2386 2622//2386 2392//2386
f 2863//2387 2918//2387 2864//2387
f 3034//2388 3023//2388 3030//2388
f 1986//2389 1985//2389 2010//2389
f 1621//2390 1214//2390 1624//2390
f 3039//2391 3033//2391 3038//2391
f 3039//2392 3037//2392 3033//2392
f 3013//2393 3041//2393 3011//2393
f 3013//2394 3040//2394 3041//2394
f 3042//2395 3043//2395 3036//2395
f 3044//2396 3035//2396 3040//2396
f 3045//2397 3042//2397 3035//2397
f 3041//2398 3040//2398 3036//2398
f 3035//2399 3036//2399 3040//2399
f 3047//2400 3036//2400 3043//2400
f 2803//2401 3442//2401 2804//2401
f 3052//2402 3046//2402 3051//2402
f 3052//2403 3050//2403 3046//2403
f 3388//2404 3391//2404 3389//2404
f 3026//2405 3054//2405 3024//2405
f 3026//2406 3053//2406 3054//2406
f 3055//2407 3056//2407 3049//2407
f 3057//2408 3048//2408 3053//2408
f 3058//2409 3055//2409 3048//2409
f 3054//2410 3053//2410 3049//2410
f 987//2411 1011//2411 587//2411
f 1463//2412 1480//2412 1494//2412
f 3060//2413 3049//2413 3056//2413
f 987//2414 978//2414 980//2414
f 907//2415 904//2415 905//2415
f 3065//2416 3059//2416 3064//2416
f 3065//2417 3063//2417 3059//2417
f 2832//2418 2829//2418 2831//2418
f 3039//2419 3067//2419 3037//2419
f 3039//2420 3066//2420 3067//2420
f 3068//2421 3069//2421 3062//2421
f 3070//2422 3061//2422 3066//2422
f 1150//2423 1579//2423 1573//2423
f 3071//2424 3068//2424 3061//2424
f 3400//2425 3358//2425 3359//2425
f 3067//2426 3066//2426 3062//2426
f 3061//2427 3062//2427 3066//2427
f 3073//2428 3062//2428 3069//2428
f 3032//2429 3067//2429 3073//2429
f 1433//2430 1455//2430 1451//2430
f 582//2431 581//2431 578//2431
f 3078//2432 3072//2432 3077//2432
f 3078//2433 3076//2433 3072//2433
f 2148//2434 2169//2434 2171//2434
f 642//2435 761//2435 643//2435
f 3052//2436 3080//2436 3050//2436
f 3052//2437 3079//2437 3080//2437
f 3081//2438 3082//2438 3075//2438
f 3083//2439 3074//2439 3079//2439
f 1182//2440 1194//2440 1179//2440
f 3084//2441 3081//2441 3074//2441
f 3080//2442 3079//2442 3075//2442
f 3074//2443 3075//2443 3079//2443
f 3086//2444 3075//2444 3082//2444
f 3045//2445 3080//2445 3086//2445
f 3075//2446 3074//2446 3081//2446
f 1202//2447 1200//2447 1197//2447
f 3091//2448 3085//2448 3090//2448
f 3091//2449 3089//2449 3085//2449
f 2942//2450 3403//2450 2779//2450
f 2618//2451 2616//2451 2617//2451
f 3065//2452 3093//2452 3063//2452
f 3065//2453 3092//2453 3093//2453
f 3094//2454 3095//2454 3088//2454
f 3096//2455 3087//2455 3092//2455
f 3097//2456 3094//2456 3087//2456
f 3093//2457 3092//2457 3088//2457
f 1660//2458 1658//2458 1478//2458
f 3099//2459 3088//2459 3095//2459
f 3242//2460 3243//2460 3413//2460
f 592//2461 464//2461 465//2461
f 3104//2462 3098//2462 3103//2462
f 3104//2463 3102//2463 3098//2463
f 3078//2464 3106//2464 3076//2464
f 3078//2465 3105//2465 3106//2465
f 3107//2466 3108//2466 3101//2466
f 3109//2467 3100//2467 3105//2467
f 3110//2468 3107//2468 3100//2468
f 3106//2469 3105//2469 3101//2469
f 3100//2470 3101//2470 3105//2470
f 3112//2471 3101//2471 3108//2471
f 3071//2472 3106//2472 3112//2472
f 3117//2473 3111//2473 3116//2473
f 3117//2474 3115//2474 3111//2474
f 3014//2475 3020//2475 3018//2475
f 3091//2476 3119//2476 3089//2476
f 3091//2477 3118//2477 3119//2477
f 3120//2478 3121//2478 3114//2478
f 3122//2479 3113//2479 3118//2479
f 3123//2480 3120//2480 3113//2480
f 3119//2481 3118//2481 3114//2481
f 266//2482 3436//2482 2061//2482
f 3125//2483 3114//2483 3121//2483
f 3084//2484 3119//2484 3125//2484
f 266//2485 2696//2485 2694//2485
f 1234//2486 1226//2486 1228//2486
f 2860//2487 2734//2487 2854//2487
f 3130//2488 3124//2488 3129//2488
f 3130//2489 3128//2489 3124//2489
f 1424//2490 1431//2490 1428//2490
f 3104//2491 3132//2491 3102//2491
f 3104//2492 3131//2492 3132//2492
f 3133//2493 3134//2493 3127//2493
f 3135//2494 3126//2494 3131//2494
f 3062//2495 3061//2495 3068//2495
f 3136//2496 3133//2496 3126//2496
f 3132//2497 3131//2497 3127//2497
f 3126//2498 3127//2498 3131//2498
f 2737//2499 3466//2499 3465//2499
f 3138//2500 3127//2500 3134//2500
f 1621//2501 1619//2501 1216//2501
f 2968//2502 3148//2502 3149//2502
f 3143//2503 3137//2503 3142//2503
f 3143//2504 3141//2504 3137//2504
f 3117//2505 3145//2505 3115//2505
f 3117//2506 3144//2506 3145//2506
f 3146//2507 3147//2507 3140//2507
f 3148//2508 3139//2508 3144//2508
f 2892//2509 2946//2509 2893//2509
f 2977//2510 3146//2510 3139//2510
f 3145//2511 3144//2511 3140//2511
f 3000//2512 3008//2512 2999//2512
f 3745//32 3744//32 3743//32
f 3150//2513 3140//2513 3147//2513
f 3110//2514 3145//2514 3150//2514
f 2608//2515 2609//2515 2605//2515
f 1179//2516 1157//2516 1170//2516
f 2970//2517 3149//2517 3153//2517
f 2970//2518 2968//2518 3149//2518
f 3130//2519 3155//2519 3128//2519
f 3130//2520 3154//2520 3155//2520
f 3156//2521 3157//2521 3152//2521
f 3808//682 3810//682 3806//682
f 3158//2522 3151//2522 3154//2522
f 1718//2523 1724//2523 1726//2523
f 2992//2524 3156//2524 3151//2524
f 3155//2525 3154//2525 3152//2525
f 3151//2526 3152//2526 3154//2526
f 3027//2527 3033//2527 3031//2527
f 3160//2528 3152//2528 3157//2528
f 2450//2529 2449//2529 2404//2529
f 83//2530 2578//2530 2571//2530
f 3063//2531 3057//2531 3059//2531
f 2986//2532 3159//2532 3163//2532
f 2986//2533 2984//2533 3159//2533
f 1263//2534 1268//2534 1262//2534
f 3143//2535 3165//2535 3141//2535
f 3143//2536 3164//2536 3165//2536
f 3166//2537 3167//2537 3162//2537
f 3168//2538 3161//2538 3164//2538
f 3008//2539 3166//2539 3161//2539
f 3165//2540 3164//2540 3162//2540
f 3161//2541 3162//2541 3164//2541
f 3170//2542 3162//2542 3167//2542
f 3136//2543 3165//2543 3170//2543
f 3001//2544 3169//2544 3171//2544
f 3001//2545 2999//2545 3169//2545
f 3187//2546 3188//2546 3103//2546
f 2182//2547 45//2547 44//2547
f 3078//2548 3184//2548 3189//2548
f 483//2549 486//2549 487//2549
f 3194//2550 3143//2550 3142//2550
f 3196//2551 2970//2551 3153//2551
f 1937//1531 3943//1531 3937//1531
f 1567//2552 1568//2552 1566//2552
f 224//2553 1121//2553 2567//2553
f 1068//2554 1070//2554 1062//2554
f 3051//2555 3013//2555 3179//2555
f 1949//2556 1956//2556 1950//2556
f 3178//2557 3013//2557 3012//2557
f 2996//2558 2986//2558 3202//2558
f 894//2559 470//2559 754//2559
f 3220//2560 3174//2560 3173//2560
f 1073//2561 1087//2561 2589//2561
f 2673//2562 2674//2562 2675//2562
f 2924//2563 2923//2563 2916//2563
f 3205//2564 3209//2564 3208//2564
f 3212//2565 3206//2565 3210//2565
f 485//2566 2146//2566 424//2566
f 3200//2567 3207//2567 3203//2567
f 3200//2568 3213//2568 3207//2568
f 3215//2569 3210//2569 3216//2569
f 1180//2570 1170//2570 1168//2570
f 3217//2571 3212//2571 3211//2571
f 3178//2572 3212//2572 3217//2572
f 3178//2573 3206//2573 3212//2573
f 3209//2574 3216//2574 3210//2574
f 3252//2575 3249//2575 3250//2575
f 3214//2576 3221//2576 3218//2576
f 3218//2577 3222//2577 3220//2577
f 3219//2578 3223//2578 3222//2578
f 3226//2579 3220//2579 3224//2579
f 2603//2580 2601//2580 2598//2580
f 3172//2581 3221//2581 3173//2581
f 3172//2582 3227//2582 3221//2582
f 3228//2583 3224//2583 3229//2583
f 3231//2584 3226//2584 3225//2584
f 3174//2585 3226//2585 3231//2585
f 3174//2586 3220//2586 3226//2586
f 3223//2587 3229//2587 3224//2587
f 1155//2588 1161//2588 1162//2588
f 3312//2589 3338//2589 3333//2589
f 3233//2590 3237//2590 3235//2590
f 3236//2591 3240//2591 3177//2591
f 3175//2592 3234//2592 3176//2592
f 3175//2593 3241//2593 3234//2593
f 1364//2594 1368//2594 1369//2594
f 3242//2595 3238//2595 3243//2595
f 2047//2596 2627//2596 2547//2596
f 3183//2597 3184//2597 3077//2597
f 3245//2598 3240//2598 3239//2598
f 3177//2599 3240//2599 3245//2599
f 1025//2600 1033//2600 1077//2600
f 3237//2601 3243//2601 3238//2601
f 3176//2602 3236//2602 3177//2602
f 1546//2603 1550//2603 445//2603
f 3310//2604 2410//2604 3312//2604
f 2423//2605 3250//2605 3249//2605
f 3253//2606 3247//2606 3252//2606
f 3249//2607 3252//2607 3247//2607
f 3178//2608 3248//2608 3179//2608
f 3178//2609 3217//2609 3248//2609
f 3254//2610 3252//2610 3255//2610
f 2344//2611 3251//2611 3254//2611
f 3256//2612 3253//2612 3251//2612
f 3180//2613 3253//2613 3256//2613
f 3180//2614 3247//2614 3253//2614
f 3250//2615 3255//2615 3252//2615
f 3853//32 3862//32 3861//32
f 1578//2616 1576//2616 1579//2616
f 3230//2617 3261//2617 3260//2617
f 2861//2618 2867//2618 2868//2618
f 3264//2619 3258//2619 3262//2619
f 1009//2620 1006//2620 1010//2620
f 1118//2621 1119//2621 1122//2621
f 3174//2622 3259//2622 3181//2622
f 3174//2623 3231//2623 3259//2623
f 3268//2624 3264//2624 3263//2624
f 3182//2625 3264//2625 3268//2625
f 3182//2626 3258//2626 3264//2626
f 3261//2627 3266//2627 3262//2627
f 2028//2628 2027//2628 1325//2628
f 2841//2629 3529//2629 3527//2629
f 3244//2630 3273//2630 3272//2630
f 3276//2631 3270//2631 3274//2631
f 1417//2632 1812//2632 1801//2632
f 3177//2633 3271//2633 3183//2633
f 3177//2634 3245//2634 3271//2634
f 1376//2635 1378//2635 1383//2635
f 3277//2636 3274//2636 3278//2636
f 3279//2637 3276//2637 3275//2637
f 3184//2638 3276//2638 3279//2638
f 3184//2639 3270//2639 3276//2639
f 3273//2640 3278//2640 3274//2640
f 970//2641 948//2641 965//2641
f 3280//2642 3283//2642 3281//2642
f 2344//2643 3284//2643 3283//2643
f 2906//2644 2907//2644 2905//2644
f 3287//2645 3281//2645 3286//2645
f 3283//2646 3286//2646 3281//2646
f 2749//2647 2755//2647 2740//2647
f 3180//2648 3282//2648 3185//2648
f 3180//2649 3256//2649 3282//2649
f 3288//2650 3286//2650 3289//2650
f 3290//2651 3285//2651 3288//2651
f 3291//2652 3287//2652 3285//2652
f 3186//2653 3287//2653 3291//2653
f 3186//2654 3281//2654 3287//2654
f 3284//2655 3289//2655 3286//2655
f 3685//2656 3702//2656 2558//2656
f 2887//2657 266//2657 2687//2657
f 3292//2658 3295//2658 3296//2658
f 3267//2659 3295//2659 3292//2659
f 3267//2660 3297//2660 3295//2660
f 2422//2661 3412//2661 2501//2661
f 3296//2662 3300//2662 3188//2662
f 2556//2663 2546//2663 2545//2663
f 3182//2664 3294//2664 3187//2664
f 3182//2665 3268//2665 3294//2665
f 514//2666 520//2666 513//2666
f 3304//2667 3300//2667 3299//2667
f 3188//2668 3300//2668 3304//2668
f 3297//2669 3302//2669 3298//2669
f 3305//2670 3306//2670 3307//2670
f 2415//2671 2413//2671 3308//2671
f 3311//2672 3306//2672 3309//2672
f 2966//2673 2967//2673 2965//2673
f 3184//2674 3307//2674 3189//2674
f 3184//2675 3279//2675 3307//2675
f 2411//2676 3309//2676 2414//2676
f 994//2677 989//2677 988//2677
f 3312//2678 3311//2678 3310//2678
f 3190//2679 3311//2679 3312//2679
f 3190//2680 3306//2680 3311//2680
f 2413//2681 2414//2681 3309//2681
f 2393//2682 2384//2682 2382//2682
f 1582//2683 1534//2683 1588//2683
f 2847//2684 2838//2684 2848//2684
f 2915//2685 2924//2685 2916//2685
f 3313//2686 3314//2686 3315//2686
f 3290//2687 3317//2687 3316//2687
f 3320//2688 3314//2688 3318//2688
f 1512//2689 1642//2689 1644//2689
f 3186//2690 3315//2690 3191//2690
f 3186//2691 3291//2691 3315//2691
f 3321//2692 3318//2692 3322//2692
f 1186//2693 1806//2693 1187//2693
f 3324//2694 3320//2694 3319//2694
f 3192//2695 3320//2695 3324//2695
f 3192//2696 3314//2696 3320//2696
f 3317//2697 3318//2697 3316//2697
f 3317//2698 3322//2698 3318//2698
f 3476//2699 3409//2699 2408//2699
f 3340//2700 3338//2700 2410//2700
f 3153//2701 3149//2701 3144//2701
f 3325//2702 3328//2702 3326//2702
f 3303//2703 3328//2703 3325//2703
f 3303//2704 3329//2704 3328//2704
f 951//2705 1571//2705 1570//2705
f 149//2706 148//2706 1700//2706
f 3188//2707 3327//2707 3193//2707
f 3188//2708 3304//2708 3327//2708
f 804//2709 648//2709 652//2709
f 3889//2710 3780//2710 3779//2710
f 3909//2711 3813//2711 3794//2711
f 3337//2712 3332//2712 3331//2712
f 3194//2713 3332//2713 3337//2713
f 3194//2714 3326//2714 3332//2714
f 3329//2715 3335//2715 3330//2715
f 1468//2716 1633//2716 1471//2716
f 3338//2717 3340//2717 3341//2717
f 2410//2718 3342//2718 3340//2718
f 3345//2719 3341//2719 3344//2719
f 3340//2720 3344//2720 3341//2720
f 196//2721 1147//2721 1035//2721
f 3190//2722 3333//2722 3195//2722
f 3190//2723 3312//2723 3333//2723
f 3346//2724 3344//2724 3347//2724
f 3348//2725 3343//2725 3346//2725
f 3339//2726 3341//2726 3345//2726
f 3349//2727 3345//2727 3343//2727
f 3196//2728 3345//2728 3349//2728
f 3196//2729 3339//2729 3345//2729
f 3342//2730 3347//2730 3344//2730
f 2045//2731 2635//2731 2136//2731
f 3619//2732 1026//2732 2601//2732
f 1721//2733 1718//2733 1722//2733
f 3323//2734 3354//2734 3352//2734
f 3353//2735 3357//2735 3198//2735
f 148//2736 138//2736 147//2736
f 3192//2737 3351//2737 3197//2737
f 3192//2738 3324//2738 3351//2738
f 3358//2739 3355//2739 3359//2739
f 3361//2740 3357//2740 3356//2740
f 3198//2741 3357//2741 3361//2741
f 2676//2742 2521//2742 2520//2742
f 3354//2743 3359//2743 3355//2743
f 3257//2744 3231//2744 3230//2744
f 114//2745 130//2745 2143//2745
f 3921//479 3909//479 3907//479
f 3362//2746 3364//2746 3365//2746
f 3336//2747 3364//2747 3362//2747
f 3336//2748 3366//2748 3364//2748
f 1327//2749 1341//2749 1337//2749
f 3365//2750 3369//2750 3200//2750
f 2921//2751 2920//2751 3443//2751
f 3194//2752 3363//2752 3199//2752
f 3194//2753 3337//2753 3363//2753
f 355//2754 334//2754 354//2754
f 3213//2755 3369//2755 3368//2755
f 3200//2756 3369//2756 3213//2756
f 3720//2757 2573//2757 3719//2757
f 3366//2758 3372//2758 3367//2758
f 3373//2759 3375//2759 3376//2759
f 3348//2760 3377//2760 3375//2760
f 3380//2761 3376//2761 3378//2761
f 3375//2762 3378//2762 3376//2762
f 3196//2763 3370//2763 3201//2763
f 3196//2764 3349//2764 3370//2764
f 516//2765 513//2765 515//2765
f 3381//2766 3378//2766 3382//2766
f 1420//2767 1453//2767 1460//2767
f 3374//2768 3376//2768 3380//2768
f 3227//2769 3380//2769 3379//2769
f 3172//2770 3380//2770 3227//2770
f 3172//2771 3374//2771 3380//2771
f 3377//2772 3382//2772 3378//2772
f 1337//2773 1342//2773 1336//2773
f 3801//2774 3897//2774 3880//2774
f 3360//2775 3387//2775 3385//2775
f 1131//2776 1050//2776 1139//2776
f 3388//2777 3386//2777 3385//2777
f 2840//2778 2846//2778 2841//2778
f 3198//2779 3384//2779 3202//2779
f 3198//2780 3361//2780 3384//2780
f 3391//2781 3388//2781 3392//2781
f 3241//2782 3390//2782 3389//2782
f 3175//2783 3390//2783 3241//2783
f 508//2784 511//2784 955//2784
f 3387//2785 3392//2785 3388//2785
f 278//6 284//6 279//6
f 3215//2786 3216//2786 3393//2786
f 2423//2787 3215//2787 3393//2787
f 2344//2788 3396//2788 3284//2788
f 1037//2789 1143//2789 2642//2789
f 2748//2790 2731//2790 2746//2790
f 1345//2791 1365//2791 1361//2791
f 474//2792 208//2792 472//2792
f 3304//2793 3325//2793 3327//2793
f 746//2794 794//2794 206//2794
f 3233//2795 2341//2795 2506//2795
f 2446//2796 104//2796 2447//2796
f 2363//2797 3399//2797 3398//2797
f 3183//2798 3270//2798 3184//2798
f 3613//2799 3628//2799 112//2799
f 2087//2800 2321//2800 2323//2800
f 2780//2801 3401//2801 3402//2801
f 2779//2802 3401//2802 2780//2802
f 2779//2803 3403//2803 3401//2803
f 3405//2804 3402//2804 3404//2804
f 3262//2805 3258//2805 3260//2805
f 2949//2806 2950//2806 2948//2806
f 1706//2807 1705//2807 1714//2807
f 2760//2808 3402//2808 3405//2808
f 2760//2809 2758//2809 3402//2809
f 1197//2810 1196//2810 1189//2810
f 2761//2811 2760//2811 3405//2811
f 2780//2812 3402//2812 2758//2812
f 2623//2813 2538//2813 2621//2813
f 2363//2814 3411//2814 3410//2814
f 2363//2815 2397//2815 3411//2815
f 3217//2816 3246//2816 3248//2816
f 253//2817 3692//2817 3693//2817
f 3625//2818 3710//2818 3727//2818
f 2259//2819 1493//2819 2300//2819
f 2981//2820 2970//2820 3201//2820
f 2363//2821 3415//2821 3417//2821
f 2363//2822 3410//2822 3415//2822
f 1257//2823 1259//2823 1251//2823
f 2422//2824 3416//2824 3414//2824
f 2764//2825 2763//2825 2762//2825
f 3210//2826 3206//2826 3208//2826
f 2711//2827 2728//2827 2732//2827
f 1066//2828 1065//2828 1111//2828
f 1623//2829 1630//2829 1629//2829
f 3940//2830 1523//2830 1517//2830
f 1941//2831 2034//2831 1295//2831
f 3346//2832 3347//2832 3420//2832
f 3459//2833 3450//2833 3455//2833
f 3348//2834 3346//2834 3421//2834
f 2801//2835 2791//2835 2792//2835
f 3346//2836 3420//2836 3421//2836
f 2172//2837 2170//2837 930//2837
f 113//2838 2602//2838 1023//2838
f 2640//2839 2063//2839 2475//2839
f 2839//2840 2843//2840 2840//2840
f 1451//2841 1456//2841 1450//2841
f 2810//2842 3424//2842 3426//2842
f 1836//2843 1845//2843 1837//2843
f 3427//2844 2426//2844 3431//2844
f 2565//2845 2530//2845 2562//2845
f 2947//2846 2407//2846 3425//2846
f 273//2847 2407//2847 2947//2847
f 3431//2848 3432//2848 3429//2848
f 2424//2849 3427//2849 2370//2849
f 2286//2850 2289//2850 2288//2850
f 3434//2851 3429//2851 3432//2851
f 3434//2852 3430//2852 3429//2852
f 2828//2853 3430//2853 3434//2853
f 3773//2854 3699//2854 3906//2854
f 2441//2855 3435//2855 3436//2855
f 3807//2856 3674//2856 3678//2856
f 3438//2857 3439//2857 3440//2857
f 3636//2858 1019//2858 3637//2858
f 3444//2859 3448//2859 3443//2859
f 2785//2860 3441//2860 3438//2860
f 2785//2861 2783//2861 3441//2861
f 3435//2862 3438//2862 3440//2862
f 2441//2863 3438//2863 3435//2863
f 2441//2864 2785//2864 3438//2864
f 2363//2865 2362//2865 2385//2865
f 3449//2866 3444//2866 3443//2866
f 1619//2867 1620//2867 1217//2867
f 3451//2868 3452//2868 3453//2868
f 3451//2869 3454//2869 3452//2869
f 3455//2870 3452//2870 3454//2870
f 3455//2871 3450//2871 3452//2871
f 2928//2872 3443//2872 2920//2872
f 2928//2873 3449//2873 3443//2873
f 2810//2874 3449//2874 2928//2874
f 2810//2875 3426//2875 3449//2875
f 3456//2876 3457//2876 3458//2876
f 2932//2877 3454//2877 3451//2877
f 2932//2878 2931//2878 3454//2878
f 3445//2879 3453//2879 3437//2879
f 3445//2880 3451//2880 3453//2880
f 2803//2881 3451//2881 3445//2881
f 2803//2882 2932//2882 3451//2882
f 3023//2883 3027//2883 3022//2883
f 3956//2884 443//2884 439//2884
f 2446//2885 1137//2885 106//2885
f 2588//2886 153//2886 1080//2886
f 1556//2887 1558//2887 1553//2887
f 2703//2888 3457//2888 3456//2888
f 2703//2889 2701//2889 3457//2889
f 3459//2890 3461//2890 3460//2890
f 3459//2891 3456//2891 3461//2891
f 2704//2892 3456//2892 3459//2892
f 2704//2893 2703//2893 3456//2893
f 3464//2894 3458//2894 3457//2894
f 3464//2895 3462//2895 3458//2895
f 3456//2896 3458//2896 3461//2896
f 3128//2897 3122//2897 3124//2897
f 3468//2898 3469//2898 3470//2898
f 3468//2899 3471//2899 3469//2899
f 3466//2900 3469//2900 3467//2900
f 3466//2901 3470//2901 3469//2901
f 3472//2902 3462//2902 3464//2902
f 2718//2903 3457//2903 2701//2903
f 2718//2904 3464//2904 3457//2904
f 2717//2905 3464//2905 2718//2905
f 2717//2906 3472//2906 3464//2906
f 3448//2907 3471//2907 3468//2907
f 3448//2908 3446//2908 3471//2908
f 2866//2909 3470//2909 2867//2909
f 2866//2910 3468//2910 3470//2910
f 2865//2911 3468//2911 2866//2911
f 2865//2912 3448//2912 3468//2912
f 3603//2913 3707//2913 3706//2913
f 2538//2914 2534//2914 3924//2914
f 961//2915 459//2915 457//2915
f 2761//2916 3476//2916 3475//2916
f 1696//2917 1693//2917 1697//2917
f 2443//2918 3481//2918 3477//2918
f 3257//2919 3260//2919 3258//2919
f 3484//2920 3478//2920 3480//2920
f 3485//2921 3480//2921 3479//2921
f 2744//2922 3480//2922 3485//2922
f 2744//2923 3484//2923 3480//2923
f 3487//2924 3475//2924 3481//2924
f 2790//2925 2788//2925 2789//2925
f 2810//2926 2809//2926 3482//2926
f 3493//2927 3494//2927 3495//2927
f 3493//2928 3496//2928 3494//2928
f 3497//2929 3494//2929 3496//2929
f 3497//2930 3491//2930 3494//2930
f 3495//2931 3504//2931 3490//2931
f 3475//2932 3487//2932 3488//2932
f 2822//2933 3488//2933 3483//2933
f 2761//2934 3488//2934 2822//2934
f 2761//2935 3475//2935 3488//2935
f 3498//2936 3499//2936 3500//2936
f 2951//2937 3496//2937 3493//2937
f 3832//244 3830//244 3826//244
f 3501//2938 3495//2938 3502//2938
f 3501//2939 3493//2939 3495//2939
f 2717//2940 3493//2940 3501//2940
f 2717//2941 2951//2941 3493//2941
f 3503//2942 3491//2942 3497//2942
f 3503//2943 3504//2943 3491//2943
f 2958//2944 3497//2944 3496//2944
f 2910//2945 3497//2945 2958//2945
f 2910//2946 3503//2946 3497//2946
f 2743//2947 2741//2947 3505//2947
f 3484//2948 3507//2948 3506//2948
f 2744//2949 3507//2949 3484//2949
f 2744//2950 2743//2950 3507//2950
f 3508//2951 3499//2951 3498//2951
f 3508//2952 3509//2952 3499//2952
f 2755//2953 3505//2953 2741//2953
f 2755//2954 3498//2954 3505//2954
f 2724//2955 3498//2955 2755//2955
f 2724//2956 3508//2956 3498//2956
f 1263//2957 1448//2957 1454//2957
f 3507//2958 3500//2958 3506//2958
f 3507//2959 3505//2959 3500//2959
f 3498//2960 3500//2960 3505//2960
f 3512//2961 3513//2961 3514//2961
f 3512//2962 3515//2962 3513//2962
f 3516//2963 3513//2963 3515//2963
f 3516//2964 3511//2964 3513//2964
f 3514//2965 3511//2965 3510//2965
f 3446//2966 3447//2966 3473//2966
f 2743//2967 3505//2967 3507//2967
f 2909//2968 3515//2968 3512//2968
f 3503//2969 3514//2969 3504//2969
f 3503//2970 3512//2970 3514//2970
f 2910//2971 3512//2971 3503//2971
f 2910//2972 2909//2972 3512//2972
f 3434//2973 3511//2973 3516//2973
f 3434//2974 3432//2974 3511//2974
f 2917//2975 3516//2975 3515//2975
f 2828//2976 3516//2976 2917//2976
f 2828//2977 3434//2977 3516//2977
f 3431//2978 3511//2978 3432//2978
f 496//2979 1084//2979 497//2979
f 2506//2980 2341//2980 2492//2980
f 2368//2981 3520//2981 3524//2981
f 2846//2982 3518//2982 3517//2982
f 2846//2983 2845//2983 3518//2983
f 3525//2984 3522//2984 3521//2984
f 3525//2985 3517//2985 3522//2985
f 2841//2986 3517//2986 3525//2986
f 2841//2987 2846//2987 3517//2987
f 3526//2988 3523//2988 3519//2988
f 799//2989 622//2989 621//2989
f 3517//2990 3519//2990 3522//2990
f 2842//2991 3527//2991 3528//2991
f 2841//2992 3527//2992 2842//2992
f 3298//2993 3296//2993 3295//2993
f 3309//2994 2411//2994 3310//2994
f 3534//2995 3531//2995 3533//2995
f 3534//2996 3528//2996 3531//2996
f 3527//2997 3531//2997 3528//2997
f 3527//2998 3532//2998 3531//2998
f 3485//2999 3523//2999 3526//2999
f 2853//3000 3518//3000 2845//3000
f 2853//3001 3526//3001 3518//3001
f 2744//3002 3526//3002 2853//3002
f 2744//3003 3485//3003 3526//3003
f 3427//3004 3533//3004 3530//3004
f 2370//3005 3530//3005 3537//3005
f 2370//3006 3427//3006 3530//3006
f 2827//3007 3528//3007 3534//3007
f 1706//3008 1710//3008 1709//3008
f 3433//3009 3534//3009 3533//3009
f 2828//3010 2827//3010 3534//3010
f 3529//3011 3532//3011 3527//3011
f 3501//3012 3536//3012 3535//3012
f 3501//3013 3502//3013 3536//3013
f 3472//3014 3535//3014 3538//3014
f 2717//3015 3535//3015 3472//3015
f 2717//3016 3501//3016 3535//3016
f 914//3017 2176//3017 2159//3017
f 3155//3018 3123//3018 3128//3018
f 3543//3019 3544//3019 3545//3019
f 3525//3020 3541//3020 3539//3020
f 3525//3021 3521//3021 3541//3021
f 3529//3022 3539//3022 3540//3022
f 2841//3023 3525//3023 3539//3023
f 2368//3024 3542//3024 3520//3024
f 1076//3025 1032//3025 1078//3025
f 2723//3026 3544//3026 3543//3026
f 2723//3027 2721//3027 3544//3027
f 2724//3028 3543//3028 3508//3028
f 2724//3029 2723//3029 3543//3029
f 3548//3030 3545//3030 3544//3030
f 3548//3031 3547//3031 3545//3031
f 3543//3032 3545//3032 3546//3032
f 3465//3033 3547//3033 3548//3033
f 3465//3034 3474//3034 3547//3034
f 2738//3035 3544//3035 2721//3035
f 2738//3036 3548//3036 3544//3036
f 2737//3037 3548//3037 2738//3037
f 2737//3038 3465//3038 3548//3038
f 1271//3039 1264//3039 1270//3039
f 934//6 753//6 3555//6
f 357//3040 303//3040 320//3040
f 1293//3041 1536//3041 1294//3041
f 3831//3042 2131//3042 82//3042
f 2646//3043 2648//3043 2647//3043
f 806//3044 805//3044 804//3044
f 2775//3045 2936//3045 2777//3045
f 356//3046 340//3046 338//3046
f 209//3047 614//3047 620//3047
f 1687//3048 1497//3048 1484//3048
f 1811//3049 1814//3049 1813//3049
f 3617//3050 3609//3050 3728//3050
f 2145//3051 1819//3051 1818//3051
f 830//3052 745//3052 829//3052
f 2273//3053 2276//3053 2275//3053
f 3229//3054 3223//3054 3418//3054
f 2220//3055 56//3055 2217//3055
f 530//3056 532//3056 536//3056
f 832//3057 613//3057 612//3057
f 2537//3058 2541//3058 2535//3058
f 384//3059 295//3059 297//3059
f 837//3060 696//3060 838//3060
f 2215//3061 71//3061 2214//3061
f 823//3062 695//3062 822//3062
f 1462//3063 1478//3063 1463//3063
f 3727//682 3710//682 3728//682
f 197//3064 198//3064 195//3064
f 711//3065 776//3065 779//3065
f 3053//3066 3059//3066 3057//3066
f 542//3067 546//3067 545//3067
f 1291//3068 1531//3068 1293//3068
f 1091//3069 2599//3069 1089//3069
f 2527//3070 2532//3070 108//3070
f 412//3071 333//3071 410//3071
f 259//3072 1068//3072 1059//3072
f 2219//3073 75//3073 2218//3073
f 1264//3074 1266//3074 1260//3074
f 786//3075 713//3075 783//3075
f 3694//244 3698//244 3689//244
f 3360//3076 3356//3076 3358//3076
f 392//3077 307//3077 391//3077
f 2262//3078 2251//3078 265//3078
f 340//3079 359//3079 298//3079
f 1880//3080 1861//3080 1881//3080
f 3198//3081 2986//3081 3163//3081
f 2917//3082 2909//3082 2907//3082
f 858//3083 732//3083 744//3083
f 3174//3084 3026//3084 3025//3084
f 2726//3085 2720//3085 2719//3085
f 801//3086 638//3086 641//3086
f 1416//3087 1406//3087 1405//3087
f 420//3088 1728//3088 1719//3088
f 2964//3089 2957//3089 2956//3089
f 2776//3090 2936//3090 2775//3090
f 3191//3091 3314//3091 3192//3091
f 2217//3092 55//3092 2216//3092
f 1200//3093 1195//3093 1196//3093
f 77//3094 2191//3094 2194//3094
f 2156//3095 911//3095 912//3095
f 852//3096 727//3096 750//3096
f 1694//3097 1695//3097 1693//3097
f 929//3098 928//3098 940//3098
f 3556//3099 3558//3099 3557//3099
f 2593//3100 3558//3100 3556//3100
f 2593//3101 3559//3101 3558//3101
f 3574//3102 3573//3102 3571//3102
f 1425//3103 1430//3103 1424//3103
f 1537//3104 1538//3104 1536//3104
f 3224//3105 3228//3105 3225//3105
f 3238//3106 3242//3106 3239//3106
f 3559//3107 3560//3107 3558//3107
f 1960//3108 1968//3108 1970//3108
f 472//3109 473//3109 471//3109
f 46//3110 2236//3110 2237//3110
f 954//3111 899//3111 960//3111
f 3565//3112 3561//3112 3563//3112
f 1003//3113 1002//3113 1004//3113
f 3556//3114 3561//3114 3565//3114
f 2612//3115 3565//3115 3564//3115
f 2593//3116 3565//3116 2612//3116
f 2593//3117 3556//3117 3565//3117
f 1265//3118 1262//3118 1264//3118
f 1360//3119 1367//3119 1364//3119
f 2611//3120 2606//3120 2607//3120
f 339//3121 398//3121 335//3121
f 2995//3122 2989//3122 2990//3122
f 743//3123 830//3123 831//3123
f 924//3124 2156//3124 912//3124
f 2584//3125 3566//3125 2590//3125
f 100//3126 99//3126 3567//3126
f 3570//3127 3568//3127 3569//3127
f 3570//3128 3566//3128 3568//3128
f 3567//3129 3568//3129 3566//3129
f 2591//3130 3566//3130 3570//3130
f 2591//3131 2590//3131 3566//3131
f 3559//3132 3570//3132 3569//3132
f 2593//3133 3570//3133 3559//3133
f 2593//3134 2591//3134 3570//3134
f 99//3135 3568//3135 3567//3135
f 99//3136 98//3136 3568//3136
f 1704//3137 1709//3137 1711//3137
f 878//3138 659//3138 882//3138
f 3285//3139 3290//3139 3291//3139
f 1244//3140 1239//3140 1237//3140
f 2798//3141 2771//3141 2797//3141
f 1439//3142 1436//3142 1438//3142
f 706//3143 842//3143 838//3143
f 658//3144 749//3144 882//3144
f 2203//3145 69//3145 2202//3145
f 223//3146 1055//3146 1066//3146
f 2029//3147 2028//3147 1324//3147
f 3244//3148 3239//3148 3242//3148
f 366//3149 351//3149 350//3149
f 698//3150 821//3150 694//3150
f 66//3151 2208//3151 2209//3151
f 1023//3152 2598//3152 1022//3152
f 26//3153 2192//3153 28//3153
f 876//3154 645//3154 644//3154
f 2585//3155 2595//3155 2583//3155
f 566//3156 564//3156 565//3156
f 3200//3157 3001//3157 3171//3157
f 2394//3158 2625//3158 2626//3158
f 2813//3159 2812//3159 2811//3159
f 2096//3160 2102//3160 2103//3160
f 3559//3161 3569//3161 3560//3161
f 1740//3162 1788//3162 1787//3162
f 1395//3163 1386//3163 1399//3163
f 108//3164 109//3164 2088//3164
f 2252//3165 2254//3165 1157//3165
f 90//3166 2233//3166 93//3166
f 2096//3167 2095//3167 2101//3167
f 3890//3168 3779//3168 3771//3168
f 978//3169 979//3169 977//3169
f 2223//3170 40//3170 38//3170
f 1251//3171 1248//3171 1245//3171
f 1402//3172 1405//3172 1401//3172
f 1014//3173 183//3173 2105//3173
f 16//93 14//93 15//93
f 2108//3174 159//3174 158//3174
f 3523//3175 3485//3175 3479//3175
f 2390//3176 2595//3176 2610//3176
f 2030//3177 2032//3177 1966//3177
f 2886//3178 2902//3178 2890//3178
f 3554//3179 3574//3179 3572//3179
f 3363//3180 3362//3180 3199//3180
f 2444//3181 3571//3181 3576//3181
f 2730//3182 2732//3182 2733//3182
f 3378//3183 3381//3183 3379//3183
f 497//3184 489//3184 496//3184
f 2705//3185 2708//3185 2706//3185
f 1089//3186 2133//3186 172//3186
f 2210//3187 60//3187 2207//3187
f 984//3188 1007//3188 1009//3188
f 2731//3189 2749//3189 2740//3189
f 2897//3190 2927//3190 2900//3190
f 2252//3191 2289//3191 2258//3191
f 2189//3192 42//3192 2184//3192
f 3338//3193 3341//3193 3333//3193
f 1278//3194 1951//3194 1281//3194
f 3582//424 3583//424 3594//424
f 3598//596 3599//596 3597//596
f 3360//3195 3385//3195 3383//3195
f 3635//3196 1024//3196 3616//3196
f 3162//3197 3161//3197 3166//3197
f 3624//244 3617//244 3614//244
f 3609//596 3617//596 3625//596
f 102//3198 2464//3198 97//3198
f 3378//3199 3375//3199 3377//3199
f 2300//3200 1493//3200 1492//3200
f 3632//424 3630//424 3629//424
f 1520//3201 1545//3201 3944//3201
f 3657//682 3671//682 3672//682
f 3642//596 3633//596 3643//596
f 3637//479 3635//479 3626//479
f 1849//3202 1898//3202 1850//3202
f 2992//3203 2985//3203 2991//3203
f 3651//3204 3663//3204 3661//3204
f 1705//3205 1707//3205 1715//3205
f 590//3206 585//3206 584//3206
f 579//3207 580//3207 578//3207
f 3688//596 2358//596 3699//596
f 244//3208 2093//3208 246//3208
f 94//3209 2189//3209 2227//3209
f 3702//2378 3685//2378 3684//2378
f 2943//3210 2947//3210 2940//3210
f 643//3211 761//3211 762//3211
f 3703//479 3708//479 3707//479
f 3005//3212 3041//3212 3047//3212
f 2837//3213 2839//3213 2834//3213
f 3738//244 3740//244 3741//244
f 1878//3214 1882//3214 1884//3214
f 122//3215 2444//3215 3553//3215
f 3764//32 3762//32 3761//32
f 3768//3216 3763//3216 3767//3216
f 2008//3217 1982//3217 1344//3217
f 2952//3218 2893//3218 2946//3218
f 3785//682 3770//682 3783//682
f 192//3219 2619//3219 1069//3219
f 3140//3220 3144//3220 3139//3220
f 3171//3221 3169//3221 3164//3221
f 517//3222 523//3222 518//3222
f 3610//3223 3592//3223 2645//3223
f 3426//3224 3444//3224 3449//3224
f 1400//3225 1429//3225 1425//3225
f 973//3226 972//3226 974//3226
f 2164//3227 938//3227 2153//3227
f 3936//3228 1564//3228 1461//3228
f 3666//3229 3766//3229 3767//3229
f 1796//3230 1819//3230 221//3230
f 1724//3231 1725//3231 1243//3231
f 3693//479 3692//479 3685//479
f 2892//3232 2894//3232 2888//3232
f 3867//3233 3868//3233 3857//3233
f 1732//3234 1734//3234 1738//3234
f 1183//3235 1193//3235 1182//3235
f 3028//3236 2472//3236 2995//3236
f 1461//3237 1556//3237 1547//3237
f 895//3238 468//3238 467//3238
f 1848//3239 1846//3239 1847//3239
f 2350//3240 2371//3240 2351//3240
f 2573//3241 2568//3241 2569//3241
f 3927//3242 3909//3242 2367//3242
f 3919//596 3920//596 3917//596
f 963//3243 960//3243 899//3243
f 2112//215 2111//215 2113//215
f 2494//3244 2412//3244 3416//3244
f 2423//3245 3249//3245 3246//3245
f 1267//3246 1353//3246 1352//3246
f 1322//3247 1326//3247 1327//3247
f 1403//3248 1415//3248 1407//3248
f 2624//3249 2539//3249 2623//3249
f 3246//3250 3249//3250 3247//3250
f 3721//596 3718//596 3715//596
f 2349//3251 2348//3251 2345//3251
f 3716//3252 3821//3252 3823//3252
f 813//3253 666//3253 665//3253
f 2131//3254 2132//3254 2072//3254
f 1168//3255 1152//3255 1154//3255
f 1319//3256 1324//3256 1318//3256
f 3586//3257 3587//3257 489//3257
f 3611//682 3583//682 3602//682
f 248//3258 2326//3258 249//3258
f 3901//3259 262//3259 261//3259
f 3211//3260 2423//3260 3217//3260
f 3916//3261 2618//3261 3918//3261
f 3335//3262 3393//3262 3334//3262
f 958//3263 507//3263 510//3263
f 2518//3264 3721//3264 2517//3264
f 3371//3265 3368//3265 3367//3265
f 3776//244 3779//244 3780//244
f 1067//3266 223//3266 258//3266
f 3748//3267 3642//3267 3649//3267
f 1938//3268 2035//3268 1941//3268
f 1961//3269 1970//3269 1308//3269
f 1210//3270 1208//3270 2268//3270
f 2378//3271 3911//3271 2367//3271
f 1421//3272 1433//3272 1422//3272
f 1685//3273 1498//3273 1497//3273
f 2003//3274 2000//3274 2001//3274
f 527//3275 526//3275 456//3275
f 1736//3276 1732//3276 1739//3276
f 3647//682 3648//682 3645//682
f 497//3277 1086//3277 498//3277
f 2635//3278 194//3278 2636//3278
f 1061//3279 3894//3279 1064//3279
f 2139//3280 500//3280 499//3280
f 1530//3281 1540//3281 1523//3281
f 3849//682 3842//682 3854//682
f 393//3282 299//3282 389//3282
f 3391//3283 3392//3283 3407//3283
f 3840//424 3841//424 3842//424
f 2696//3284 2691//3284 2694//3284
f 2831//3285 2914//3285 2886//3285
f 1147//3286 1148//3286 1145//3286
f 2374//3287 1354//3287 1355//3287
f 191//3288 2620//3288 2619//3288
f 2186//3289 39//3289 2185//3289
f 1495//3290 1669//3290 1506//3290
f 2480//3291 1094//3291 1114//3291
f 2393//3292 2548//3292 2625//3292
f 2246//3293 994//3293 2248//3293
f 3114//3294 3118//3294 3113//3294
f 2441//3295 3436//3295 2435//3295
f 3852//3296 2531//3296 2565//3296
f 3023//3297 3034//3297 3028//3297
f 3166//3298 2371//3298 3167//3298
f 3336//3299 3331//3299 3334//3299
f 3899//3300 255//3300 262//3300
f 1299//3301 1307//3301 1321//3301
f 1525//3302 1524//3302 1541//3302
f 1294//3303 1538//3303 1295//3303
f 3286//3304 3283//3304 3284//3304
f 595//3305 465//3305 455//3305
f 528//3306 525//3306 526//3306
f 3204//3307 3208//3307 3206//3307
f 3727//3308 3704//3308 2427//3308
f 3704//3309 3703//3309 2427//3309
f 3102//3310 3096//3310 3098//3310
f 2715//3311 2894//3311 2952//3311
f 3864//479 3865//479 3866//479
f 3845//3312 3846//3312 2525//3312
f 3798//3313 3922//3313 3902//3313
f 2306//3314 2307//3314 2308//3314
f 1404//3315 1414//3315 1403//3315
f 1827//3316 1831//3316 1830//3316
f 142//3317 1178//3317 143//3317
f 3079//3318 3085//3318 3083//3318
f 2263//3319 2283//3319 1161//3319
f 1735//3320 1736//3320 1737//3320
f 3843//244 3839//244 3855//244
f 2661//3321 2376//3321 2374//3321
f 1069//3322 2616//3322 1070//3322
f 3685//3323 2560//3323 2561//3323
f 562//3324 422//3324 426//3324
f 3724//479 3723//479 3729//479
f 3837//3325 3827//3325 3740//3325
f 3152//3326 3160//3326 3155//3326
f 3919//3327 3918//3327 2621//3327
f 1406//3328 1403//3328 1405//3328
f 344//3329 321//3329 322//3329
f 3334//3330 3331//3330 3330//3330
f 2617//3331 2621//3331 2618//3331
f 2245//3332 2243//3332 2332//3332
f 1440//3333 1412//3333 1410//3333
f 508//3334 957//3334 956//3334
f 2666//3335 2667//3335 1230//3335
f 3088//3336 3099//3336 3093//3336
f 2234//3337 95//3337 2228//3337
f 910//3338 2157//3338 909//3338
f 3942//3339 3944//3339 3939//3339
f 3952//3340 3933//3340 3954//3340
f 1243//3341 1730//3341 1717//3341
f 1372//3342 3591//3342 3590//3342
f 1184//3343 1179//3343 1180//3343
f 908//3344 3948//3344 902//3344
f 1022//3345 1019//3345 1020//3345
f 2654//3346 2069//3346 86//3346
f 2095//3347 2097//3347 2093//3347
f 10//3348 8//3348 9//3348
f 3955//3349 10//3349 11//3349
f 1434//3350 1436//3350 1440//3350
f 2185//3351 53//3351 54//3351
f 21//3 18//3 19//3
f 12//5 19//5 18//5
f 2161//3352 2167//3352 936//3352
f 17//6 16//6 22//6
f 2224//3353 49//3353 40//3353
f 1242//3354 1271//3354 1731//3354
f 1271//3355 1793//3355 1731//3355
f 1731//3356 1726//3356 1242//3356
f 2465//3357 2460//3357 2464//3357
f 2461//3358 2464//3358 2460//3358
f 549//3359 550//3359 548//3359
f 3279//3360 2415//3360 3305//3360
f 3187//3361 3294//3361 3293//3361
f 3294//3362 3292//3362 3293//3362
f 2576//3363 2570//3363 2568//3363
f 19//215 12//215 44//215
f 12//215 46//215 47//215
f 95//215 96//215 19//215
f 94//215 95//215 19//215
f 12//215 47//215 44//215
f 43//215 94//215 19//215
f 19//215 44//215 45//215
f 42//215 43//215 19//215
f 19//215 45//215 41//215
f 41//215 42//215 19//215
f 1627//3364 1639//3364 1632//3364
f 2041//19 966//19 2040//19
f 966//3365 947//3365 2038//3365
f 947//3366 2036//3366 2038//3366
f 2038//3367 2033//3367 2040//3367
f 2040//3368 2035//3368 2041//3368
f 350//3369 365//3369 366//3369
f 850//3370 723//3370 722//3370
f 282//3371 950//3371 907//3371
f 950//3372 3945//3372 907//3372
f 3945//3373 3948//3373 908//3373
f 565//22 564//22 561//22
f 3772//424 3774//424 3771//424
f 3774//424 3773//424 3771//424
f 1233//3374 1241//3374 1230//3374
f 83//3375 1128//3375 1127//3375
f 2258//3376 2289//3376 2284//3376
f 1025//3377 1077//3377 1081//3377
f 3488//3378 3486//3378 3482//3378
f 174//31 175//31 181//31
f 3608//32 3606//32 3607//32
f 956//3379 958//3379 510//3379
f 3598//3380 3600//3380 2646//3380
f 2978//3381 2987//3381 2979//3381
f 1701//3382 1699//3382 147//3382
f 823//3383 824//3383 704//3383
f 1495//3384 1506//3384 1494//3384
f 1506//3385 1507//3385 1496//3385
f 1049//3386 1047//3386 2077//3386
f 1047//3387 1149//3387 2077//3387
f 1149//3388 1148//3388 195//3388
f 1398//3389 1396//3389 1395//3389
f 1372//3390 212//3390 2645//3390
f 212//3391 211//3391 2645//3391
f 520//3392 521//3392 513//3392
f 521//3393 511//3393 513//3393
f 511//3394 512//3394 513//3394
f 167//3395 210//3395 213//3395
f 210//3396 211//3396 213//3396
f 165//3397 3611//3397 3610//3397
f 765//3398 766//3398 661//3398
f 318//3399 388//3399 389//3399
f 3050//3400 3045//3400 3044//3400
f 1412//3401 1445//3401 2295//3401
f 1445//3402 2282//3402 2295//3402
f 374//3403 375//3403 313//3403
f 3564//3404 2614//3404 2613//3404
f 2880//3405 2883//3405 2884//3405
f 2883//3406 2885//3406 2884//3406
f 2773//3407 2878//3407 2774//3407
f 2776//3408 2774//3408 2878//3408
f 2880//3409 2884//3409 2878//3409
f 221//3410 1819//3410 2145//3410
f 2572//3411 2577//3411 1120//3411
f 2577//3412 1118//3412 1120//3412
f 1118//3413 2524//3413 2525//3413
f 1092//3414 1116//3414 1101//3414
f 254//3415 251//3415 3684//3415
f 986//3416 984//3416 1009//3416
f 3571//3417 3573//3417 3575//3417
f 281//93 282//93 283//93
f 855//3418 739//3418 738//3418
f 29//3419 2193//3419 2196//3419
f 1405//3420 1403//3420 1407//3420
f 277//5 280//5 287//5
f 285//96 288//96 283//96
f 1946//3421 1952//3421 1949//3421
f 2816//3422 2759//3422 2761//3422
f 179//100 176//100 177//100
f 568//3423 567//3423 154//3423
f 1830//3424 1831//3424 1460//3424
f 344//3425 345//3425 321//3425
f 865//3426 857//3426 611//3426
f 320//215 303//215 280//215
f 280//215 323//215 322//215
f 321//215 320//215 280//215
f 280//215 322//215 321//215
f 2627//3427 2628//3427 2626//3427
f 2570//3428 2571//3428 2569//3428
f 755//3429 479//3429 896//3429
f 360//3430 361//3430 305//3430
f 342//3431 362//3431 363//3431
f 314//3432 368//3432 369//3432
f 724//3433 780//3433 784//3433
f 370//3434 346//3434 347//3434
f 312//3435 369//3435 374//3435
f 370//3436 371//3436 346//3436
f 376//3437 349//3437 348//3437
f 308//3438 379//3438 380//3438
f 379//3439 310//3439 311//3439
f 377//3440 353//3440 349//3440
f 296//3441 378//3441 383//3441
f 386//3442 309//3442 308//3442
f 309//3443 386//3443 387//3443
f 402//3444 403//3444 331//3444
f 382//3445 388//3445 319//3445
f 392//3446 365//3446 304//3446
f 387//3447 391//3447 307//3447
f 2691//3448 2690//3448 2680//3448
f 395//3449 396//3449 294//3449
f 1310//3450 1971//3450 1311//3450
f 2547//128 2627//128 2625//128
f 394//3451 397//3451 301//3451
f 400//3452 401//3452 289//3452
f 399//3453 400//3453 315//3453
f 399//3454 315//3454 294//3454
f 405//3455 291//3455 290//3455
f 326//3456 407//3456 408//3456
f 405//3457 407//3457 326//3457
f 2199//3458 67//3458 68//3458
f 408//3459 409//3459 330//3459
f 2821//3460 2765//3460 2764//3460
f 3585//3461 2320//3461 2315//3461
f 2320//3462 1354//3462 2317//3462
f 2315//3463 2320//3463 2317//3463
f 2315//3464 2314//3464 3585//3464
f 2314//3465 3584//3465 3585//3465
f 782//3466 783//3466 712//3466
f 475//3467 478//3467 481//3467
f 2268//3468 2267//3468 2270//3468
f 2796//3469 2812//3469 2794//3469
f 1185//3470 1183//3470 1182//3470
f 1082//3471 1085//3471 1083//3471
f 3133//3472 3136//3472 2428//3472
f 2428//3473 2445//3473 2971//3473
f 2445//150 2437//150 3110//150
f 2428//3473 3019//3473 3060//3473
f 3549//3474 3084//3474 3125//3474
f 3549//3474 3125//3474 3121//3474
f 3134//3472 3133//3472 2428//3472
f 3138//3473 3134//3473 2428//3473
f 3549//3474 3121//3474 3120//3474
f 3549//3475 3120//3475 3123//3475
f 3097//3473 3138//3473 2428//3473
f 3094//3473 3097//3473 2428//3473
f 3549//3475 3123//3475 3160//3475
f 3549//3475 3160//3475 3157//3475
f 3095//3473 3094//3473 2428//3473
f 3099//3473 3095//3473 2428//3473
f 2437//3475 3549//3475 3071//3475
f 3549//3475 3157//3475 3156//3475
f 3549//3475 3156//3475 2992//3475
f 3058//3473 3099//3473 2428//3473
f 3055//3473 3058//3473 2428//3473
f 3549//3475 2992//3475 2991//3475
f 3549//3475 2991//3475 2988//3475
f 3056//3473 3055//3473 2428//3473
f 3060//3473 3056//3473 2428//3473
f 3549//3475 2988//3475 2987//3475
f 3549//3475 2987//3475 2472//3475
f 3019//3476 2428//3476 3016//3476
f 3016//3476 2428//3476 3017//3476
f 3549//3475 2472//3475 3034//3475
f 3549//3477 3034//3477 3030//3477
f 3017//3476 2428//3476 3021//3476
f 3021//3476 2428//3476 2974//3476
f 3549//3477 3030//3477 3029//3477
f 3549//3477 3029//3477 3032//3477
f 2974//3478 2428//3478 2971//3478
f 2971//150 2445//150 2972//150
f 3549//3479 3032//3479 3073//3479
f 3549//3477 3073//3477 3069//3477
f 2972//150 2445//150 2976//150
f 2976//150 2445//150 2977//150
f 3549//3479 3069//3479 3068//3479
f 3549//3479 3068//3479 3071//3479
f 2977//150 2445//150 3146//150
f 3146//150 2445//150 3147//150
f 2437//150 3071//150 3112//150
f 3147//150 2445//150 3150//150
f 3150//150 2445//150 3110//150
f 2437//150 3112//150 3108//150
f 2437//150 3108//150 3107//150
f 121//3480 2056//3480 1702//3480
f 2056//3481 149//3481 1690//3481
f 1702//3482 2056//3482 1690//3482
f 2303//3483 2305//3483 2296//3483
f 2305//3484 2301//3484 2296//3484
f 2301//3485 1491//3485 2296//3485
f 372//3486 352//3486 351//3486
f 791//3487 792//3487 742//3487
f 2113//150 365//150 392//150
f 2113//150 392//150 391//150
f 386//150 2112//150 387//150
f 2112//150 2113//150 391//150
f 387//150 2112//150 391//150
f 355//150 354//150 531//150
f 354//150 469//150 533//150
f 354//150 533//150 532//150
f 354//150 532//150 531//150
f 356//150 355//150 456//150
f 355//150 531//150 456//150
f 359//150 356//150 456//150
f 456//150 526//150 359//150
f 526//150 525//150 362//150
f 359//150 526//150 362//150
f 525//150 524//150 370//150
f 362//150 525//150 363//150
f 524//150 517//150 371//150
f 363//150 525//150 364//150
f 517//150 516//150 376//150
f 364//150 525//150 370//150
f 516//150 515//150 377//150
f 370//150 524//150 371//150
f 515//150 512//150 463//150
f 512//150 461//150 463//150
f 371//150 517//150 376//150
f 461//150 460//150 463//150
f 462//150 418//150 463//150
f 376//150 516//150 377//150
f 460//150 462//150 463//150
f 463//150 473//150 388//150
f 389//150 473//150 393//150
f 208//150 477//150 343//150
f 473//150 208//150 406//150
f 377//150 515//150 381//150
f 477//150 476//150 344//150
f 476//150 481//150 345//150
f 476//150 345//150 344//150
f 481//150 480//150 345//150
f 357//150 345//150 480//150
f 381//150 515//150 382//150
f 515//150 463//150 382//150
f 477//150 344//150 343//150
f 388//150 382//150 463//150
f 208//150 343//150 411//150
f 389//150 388//150 473//150
f 208//150 411//150 203//150
f 208//150 203//150 205//150
f 393//150 473//150 394//150
f 394//150 473//150 397//150
f 208//150 205//150 204//150
f 397//150 473//150 398//150
f 208//150 204//150 406//150
f 406//150 403//150 473//150
f 398//150 473//150 402//150
f 402//150 473//150 403//150
f 679//3488 814//3488 815//3488
f 482//159 483//159 487//159
f 3319//3489 3321//3489 3323//3489
f 2353//3490 2391//3490 2389//3490
f 3673//3491 2597//3491 3656//3491
f 2597//3492 1087//3492 3656//3492
f 542//170 543//170 540//170
f 461//171 508//171 509//171
f 2464//3493 2461//3493 2463//3493
f 2463//3494 97//3494 2464//3494
f 134//3495 253//3495 3693//3495
f 527//176 456//176 531//176
f 534//177 469//177 538//177
f 2216//3496 55//3496 58//3496
f 555//178 451//178 450//178
f 1837//3497 1845//3497 1846//3497
f 553//3498 554//3498 450//3498
f 556//181 553//181 448//181
f 423//182 557//182 558//182
f 552//183 452//183 451//183
f 559//184 556//184 446//184
f 421//185 560//185 557//185
f 561//186 562//186 426//186
f 967//3499 965//3499 966//3499
f 965//3500 946//3500 966//3500
f 946//3501 947//3501 966//3501
f 569//188 566//188 567//188
f 867//3502 868//3502 627//3502
f 770//215 769//215 3555//215
f 122//3503 807//3503 806//3503
f 771//215 770//215 3555//215
f 122//215 806//215 803//215
f 772//215 771//215 3555//215
f 122//215 803//215 802//215
f 122//215 802//215 801//215
f 773//215 772//215 3555//215
f 122//215 801//215 117//215
f 774//215 773//215 3555//215
f 122//215 117//215 118//215
f 122//215 118//215 119//215
f 775//215 774//215 3555//215
f 122//215 119//215 120//215
f 781//215 775//215 3555//215
f 782//215 781//215 3555//215
f 122//215 120//215 209//215
f 783//215 782//215 3555//215
f 122//215 209//215 207//215
f 122//215 207//215 206//215
f 783//215 3555//215 786//215
f 3555//215 122//215 796//215
f 786//215 3555//215 787//215
f 787//215 3555//215 788//215
f 122//215 206//215 794//215
f 788//215 3555//215 791//215
f 122//215 794//215 790//215
f 791//215 3555//215 792//215
f 792//215 3555//215 793//215
f 122//215 790//215 789//215
f 793//215 3555//215 795//215
f 122//215 789//215 785//215
f 795//215 3555//215 796//215
f 122//215 785//215 784//215
f 122//215 784//215 780//215
f 797//215 796//215 122//215
f 122//215 780//215 779//215
f 800//215 797//215 122//215
f 122//3504 779//3504 776//3504
f 778//215 800//215 122//215
f 577//3505 575//3505 574//3505
f 274//3506 268//3506 276//3506
f 268//3507 267//3507 270//3507
f 275//3508 268//3508 270//3508
f 2009//3509 2010//3509 1984//3509
f 2010//3510 1985//3510 1984//3510
f 2373//3511 2372//3511 2417//3511
f 2319//3512 2316//3512 1727//3512
f 1727//3513 1458//3513 2319//3513
f 1458//3514 1935//3514 2319//3514
f 1935//3515 1457//3515 1928//3515
f 1935//3516 1928//3516 1925//3516
f 2314//3517 2315//3517 2319//3517
f 3588//3518 3584//3518 1934//3518
f 3584//3519 2314//3519 1925//3519
f 1934//3520 3584//3520 1924//3520
f 1372//3521 3590//3521 1378//3521
f 3590//3522 3588//3522 2019//3522
f 1377//3523 1370//3523 1372//3523
f 2021//3524 1378//3524 3590//3524
f 1378//3525 1377//3525 1372//3525
f 2017//3526 2016//3526 2019//3526
f 2019//3527 2021//3527 3590//3527
f 1934//3528 2018//3528 2017//3528
f 2017//3529 2019//3529 3588//3529
f 2314//3530 2319//3530 1935//3530
f 2314//3531 1935//3531 1925//3531
f 1934//3532 2017//3532 3588//3532
f 1926//3533 1933//3533 1934//3533
f 1924//3534 1926//3534 1934//3534
f 539//205 544//205 537//205
f 543//206 544//206 539//206
f 2566//3535 2567//3535 1121//3535
f 1121//3536 1110//3536 1109//3536
f 2357//3537 2346//3537 2345//3537
f 550//210 551//210 547//210
f 831//3538 832//3538 612//3538
f 1370//3539 1379//3539 1390//3539
f 3154//3540 3130//3540 3163//3540
f 3163//3541 3159//3541 3154//3541
f 733//215 734//215 745//215
f 745//215 743//215 732//215
f 745//215 732//215 733//215
f 743//215 612//215 611//215
f 612//215 613//215 610//215
f 608//215 606//215 607//215
f 613//215 606//215 610//215
f 607//215 628//215 608//215
f 628//215 626//215 627//215
f 627//215 626//215 636//215
f 626//215 637//215 636//215
f 637//215 633//215 636//215
f 633//215 634//215 635//215
f 633//215 635//215 636//215
f 634//215 647//215 646//215
f 647//215 642//215 646//215
f 642//215 643//215 645//215
f 634//215 646//215 635//215
f 643//215 656//215 644//215
f 656//215 653//215 655//215
f 653//215 664//215 654//215
f 664//215 661//215 663//215
f 661//215 675//215 662//215
f 675//215 671//215 674//215
f 671//215 672//215 674//215
f 672//215 681//215 673//215
f 681//215 682//215 683//215
f 682//215 693//215 692//215
f 691//215 689//215 690//215
f 693//215 689//215 691//215
f 703//215 690//215 699//215
f 701//215 699//215 700//215
f 700//215 715//215 701//215
f 715//215 712//215 714//215
f 701//215 715//215 714//215
f 712//215 713//215 714//215
f 713//215 729//215 714//215
f 729//215 725//215 728//215
f 725//215 726//215 727//215
f 726//215 742//215 727//215
f 742//215 740//215 741//215
f 740//215 604//215 603//215
f 604//215 605//215 603//215
f 605//215 600//215 602//215
f 600//215 625//215 601//215
f 625//215 621//215 624//215
f 621//215 622//215 624//215
f 622//215 711//215 623//215
f 711//215 708//215 710//215
f 708//215 724//215 709//215
f 722//215 720//215 721//215
f 724//215 720//215 723//215
f 739//215 721//215 736//215
f 738//215 736//215 737//215
f 738//215 737//215 746//215
f 618//215 746//215 619//215
f 619//215 620//215 617//215
f 620//215 614//215 616//215
f 631//215 615//215 632//215
f 614//215 615//215 631//215
f 630//215 632//215 629//215
f 629//215 641//215 640//215
f 641//215 638//215 639//215
f 640//215 641//215 639//215
f 638//215 652//215 639//215
f 652//215 648//215 651//215
f 648//215 649//215 650//215
f 649//215 660//215 659//215
f 660//215 657//215 659//215
f 657//215 670//215 669//215
f 667//215 665//215 666//215
f 670//215 665//215 669//215
f 678//215 679//215 680//215
f 666//215 679//215 667//215
f 680//215 676//215 678//215
f 687//215 688//215 684//215
f 676//215 688//215 677//215
f 686//215 684//215 685//215
f 697//215 698//215 694//215
f 685//215 698//215 686//215
f 697//215 694//215 696//215
f 696//215 695//215 706//215
f 694//215 695//215 696//215
f 706//215 695//215 707//215
f 707//215 704//215 705//215
f 704//215 718//215 705//215
f 707//215 705//215 706//215
f 684//215 686//215 687//215
f 698//215 697//215 686//215
f 676//215 677//215 678//215
f 688//215 687//215 677//215
f 665//215 667//215 668//215
f 679//215 678//215 667//215
f 639//215 652//215 651//215
f 651//215 648//215 650//215
f 629//215 640//215 630//215
f 632//215 630//215 631//215
f 620//215 616//215 617//215
f 736//215 738//215 739//215
f 720//215 722//215 723//215
f 721//215 739//215 722//215
f 601//215 625//215 624//215
f 602//215 600//215 601//215
f 727//215 742//215 741//215
f 741//215 740//215 603//215
f 714//215 729//215 728//215
f 699//215 702//215 703//215
f 699//215 701//215 702//215
f 642//215 645//215 646//215
f 606//215 608//215 609//215
f 628//215 627//215 608//215
f 732//215 743//215 744//215
f 643//215 644//215 645//215
f 644//215 656//215 655//215
f 728//215 725//215 727//215
f 614//215 631//215 616//215
f 611//215 744//215 743//215
f 610//215 611//215 612//215
f 609//215 610//215 606//215
f 665//215 668//215 669//215
f 655//215 653//215 654//215
f 657//215 669//215 658//215
f 654//215 664//215 663//215
f 657//215 658//215 659//215
f 663//215 661//215 662//215
f 659//215 650//215 649//215
f 662//215 675//215 674//215
f 674//215 672//215 673//215
f 619//215 617//215 618//215
f 673//215 681//215 683//215
f 746//215 618//215 738//215
f 692//215 683//215 682//215
f 691//215 692//215 693//215
f 703//215 691//215 690//215
f 724//215 723//215 709//215
f 603//215 605//215 602//215
f 708//215 709//215 710//215
f 710//215 623//215 711//215
f 623//215 624//215 622//215
f 2375//3542 1355//3542 3713//3542
f 1355//3543 3714//3543 3713//3543
f 3713//3544 3718//3544 2375//3544
f 3718//3545 2518//3545 2375//3545
f 2521//3546 2471//3546 2518//3546
f 277//214 278//214 280//214
f 704//215 719//215 718//215
f 719//215 716//215 717//215
f 716//215 735//215 717//215
f 735//215 730//215 734//215
f 730//215 731//215 734//215
f 731//215 745//215 734//215
f 734//215 717//215 735//215
f 2793//3547 2792//3547 2772//3547
f 690//3548 773//3548 774//3548
f 207//3549 209//3549 620//3549
f 756//3550 633//3550 637//3550
f 757//3551 756//3551 637//3551
f 758//3552 759//3552 634//3552
f 504//3553 683//3553 692//3553
f 767//3554 768//3554 671//3554
f 702//3555 840//3555 841//3555
f 2206//3556 64//3556 63//3556
f 763//3557 653//3557 656//3557
f 764//3558 664//3558 653//3558
f 661//3559 664//3559 765//3559
f 722//3560 856//3560 850//3560
f 768//3561 769//3561 672//3561
f 770//3562 771//3562 682//3562
f 769//3563 770//3563 681//3563
f 2226//3564 2231//3564 79//3564
f 1682//3565 1684//3565 1702//3565
f 1702//3566 1690//3566 1682//3566
f 288//3 285//3 286//3
f 1832//3567 434//3567 1894//3567
f 434//3568 1892//3568 1894//3568
f 1737//3569 419//3569 1832//3569
f 1829//3570 1737//3570 1832//3570
f 1832//3571 1894//3571 1826//3571
f 766//3572 767//3572 675//3572
f 616//3573 631//3573 866//3573
f 617//3574 616//3574 866//3574
f 2280//3575 2278//3575 2281//3575
f 2281//3576 2282//3576 2280//3576
f 2279//3577 2263//3577 2262//3577
f 2262//3578 265//3578 2278//3578
f 2262//3579 2278//3579 2280//3579
f 773//3580 690//3580 689//3580
f 871//3581 866//3581 631//3581
f 721//3582 785//3582 789//3582
f 337//3583 355//3583 356//3583
f 2277//3584 2125//3584 222//3584
f 2277//3585 222//3585 2287//3585
f 2272//3586 2073//3586 2277//3586
f 2277//3587 2273//3587 2272//3587
f 2285//3588 1191//3588 2276//3588
f 2285//3589 2276//3589 2287//3589
f 2276//3590 2277//3590 2287//3590
f 3812//244 3798//244 3814//244
f 3798//244 3800//244 3815//244
f 3814//244 3798//244 3815//244
f 3814//244 3811//244 3812//244
f 3811//3591 3792//3591 3813//3591
f 3792//244 3794//244 3813//244
f 879//3592 875//3592 651//3592
f 3090//3593 3052//3593 3185//3593
f 3052//3594 3180//3594 3185//3594
f 3185//3595 3186//3595 3090//3595
f 878//3596 879//3596 650//3596
f 786//3597 787//3597 729//3597
f 736//3598 789//3598 790//3598
f 364//3599 347//3599 341//3599
f 2710//3600 2716//3600 2709//3600
f 740//3601 742//3601 792//3601
f 827//3602 828//3602 730//3602
f 75//3603 72//3603 2215//3603
f 790//3604 794//3604 737//3604
f 206//3605 619//3605 746//3605
f 668//3606 747//3606 748//3606
f 849//3607 717//3607 734//3607
f 1397//3608 1395//3608 1399//3608
f 795//3609 605//3609 604//3609
f 332//3610 406//3610 204//3610
f 209//3611 120//3611 615//3611
f 677//3612 889//3612 888//3612
f 890//3613 747//3613 667//3613
f 1800//3614 1795//3614 1796//3614
f 1796//3615 1799//3615 1800//3615
f 152//3616 151//3616 2639//3616
f 151//3617 3657//3617 2639//3617
f 3657//3618 3654//3618 2639//3618
f 2639//3619 2130//3619 152//3619
f 1225//3620 1227//3620 1206//3620
f 118//3621 629//3621 632//3621
f 118//3622 117//3622 629//3622
f 892//3623 889//3623 677//3623
f 839//3624 892//3624 687//3624
f 117//3625 801//3625 641//3625
f 802//3626 803//3626 638//3626
f 697//3627 837//3627 839//3627
f 3275//3628 3276//3628 3274//3628
f 2355//3629 2347//3629 2420//3629
f 2347//3630 1115//3630 2420//3630
f 1115//3631 1094//3631 2480//3631
f 2911//3632 2908//3632 2953//3632
f 696//3633 706//3633 838//3633
f 943//3634 942//3634 420//3634
f 942//3635 490//3635 419//3635
f 420//3636 942//3636 419//3636
f 490//3637 495//3637 494//3637
f 490//3638 494//3638 432//3638
f 1832//3639 419//3639 490//3639
f 490//3640 432//3640 433//3640
f 434//3641 1832//3641 490//3641
f 680//3642 815//3642 816//3642
f 812//3643 813//3643 665//3643
f 31//3644 30//3644 2187//3644
f 733//3645 732//3645 853//3645
f 688//3646 817//3646 818//3646
f 819//3647 820//3647 685//3647
f 317//3648 316//3648 373//3648
f 698//3649 685//3649 820//3649
f 822//3650 695//3650 694//3650
f 2789//3651 2788//3651 2964//3651
f 1565//3652 1561//3652 1562//3652
f 600//3653 605//3653 796//3653
f 873//3654 867//3654 636//3654
f 716//3655 719//3655 825//3655
f 824//3656 825//3656 719//3656
f 826//3657 827//3657 735//3657
f 23//214 22//214 12//214
f 290//3658 401//3658 404//3658
f 828//3659 829//3659 731//3659
f 827//3660 730//3660 735//3660
f 781//3661 782//3661 715//3661
f 655//3662 880//3662 881//3662
f 883//3663 885//3663 663//3663
f 2528//3664 2527//3664 107//3664
f 833//3665 834//3665 606//3665
f 834//3666 835//3666 607//3666
f 836//3667 757//3667 626//3667
f 504//3668 891//3668 683//3668
f 818//3669 819//3669 684//3669
f 745//3670 731//3670 829//3670
f 843//3671 842//3671 705//3671
f 844//3672 710//3672 709//3672
f 714//3673 847//3673 848//3673
f 709//3674 723//3674 851//3674
f 1620//3675 1508//3675 1503//3675
f 854//3676 734//3676 733//3676
f 855//3677 856//3677 739//3677
f 857//3678 858//3678 744//3678
f 65//3679 2205//3679 2208//3679
f 861//3680 855//3680 738//3680
f 752//3681 751//3681 603//3681
f 752//3682 603//3682 602//3682
f 805//3683 808//3683 649//3683
f 2799//3684 2801//3684 2792//3684
f 602//3685 601//3685 862//3685
f 860//3686 618//3686 617//3686
f 631//3687 869//3687 871//3687
f 870//3688 630//3688 640//3688
f 645//3689 876//3689 877//3689
f 880//3690 655//3690 654//3690
f 795//3691 796//3691 605//3691
f 872//3692 635//3692 646//3692
f 2575//3693 2647//3693 2654//3693
f 3182//3694 3065//3694 3064//3694
f 3064//318 3026//318 3181//318
f 3026//3695 3174//3695 3181//3695
f 883//3696 663//3696 662//3696
f 2232//3697 90//3697 91//3697
f 668//3698 667//3698 747//3698
f 720//3699 784//3699 785//3699
f 887//3700 886//3700 674//3700
f 358//3701 360//3701 302//3701
f 887//3702 673//3702 683//3702
f 2232//3703 2233//3703 90//3703
f 893//3704 895//3704 467//3704
f 896//3705 894//3705 754//3705
f 2726//3706 2725//3706 2727//3706
f 1246//3707 1249//3707 1240//3707
f 1578//3708 1587//3708 1580//3708
f 1587//3709 1583//3709 1589//3709
f 1580//3710 1587//3710 1589//3710
f 3385//3711 3386//3711 3383//3711
f 3386//3712 3202//3712 3384//3712
f 900//3713 901//3713 903//3713
f 3227//3714 3219//3714 3218//3714
f 282//3715 907//3715 905//3715
f 2644//3716 150//3716 135//3716
f 135//3717 3681//3717 2508//3717
f 3681//3718 3683//3718 2508//3718
f 135//3719 2508//3719 3658//3719
f 3683//3720 3688//3720 3783//3720
f 3688//3721 3784//3721 3783//3721
f 3783//3722 2508//3722 3683//3722
f 3658//3723 3671//3723 2638//3723
f 2638//3724 2644//3724 135//3724
f 2354//3725 2345//3725 2353//3725
f 2517//3726 3721//3726 3722//3726
f 3722//3727 3717//3727 81//3727
f 81//3728 89//3728 2517//3728
f 89//3729 2519//3729 2517//3729
f 1496//3730 1507//3730 1482//3730
f 1482//3731 1484//3731 1483//3731
f 67//3732 2199//3732 2202//3732
f 935//3733 936//3733 2167//3733
f 2575//3734 2568//3734 2573//3734
f 935//3735 2167//3735 2168//3735
f 3816//32 3818//32 3819//32
f 2157//3736 2158//3736 940//3736
f 1635//3737 1636//3737 1650//3737
f 849//3738 843//3738 718//3738
f 925//3739 2155//3739 2154//3739
f 3680//32 3682//32 3683//32
f 3683//32 3681//32 3680//32
f 3681//32 3670//32 3669//32
f 2647//3740 2648//3740 2650//3740
f 1151//3741 1153//3741 1155//3741
f 363//3742 364//3742 341//3742
f 2152//3743 2153//3743 939//3743
f 534//355 535//355 533//355
f 3118//3744 3091//3744 3129//3744
f 3129//3745 3124//3745 3118//3745
f 277//3746 952//3746 949//3746
f 952//3747 3953//3747 3954//3747
f 158//358 159//358 160//358
f 278//215 277//215 949//215
f 950//215 282//215 281//215
f 281//215 278//215 949//215
f 382//3748 319//3748 353//3748
f 1486//3749 1631//3749 1632//3749
f 2259//3750 126//3750 2313//3750
f 126//3751 125//3751 2313//3751
f 125//3752 124//3752 2313//3752
f 1556//3753 1553//3753 1552//3753
f 1553//3754 1554//3754 1552//3754
f 2863//3755 2858//3755 2859//3755
f 1695//3756 1691//3756 1700//3756
f 897//3757 899//3757 954//3757
f 954//3758 958//3758 957//3758
f 958//3759 956//3759 957//3759
f 2012//3760 4//3760 425//3760
f 2275//3761 2270//3761 2267//3761
f 493//3762 498//3762 169//3762
f 498//3763 1086//3763 170//3763
f 960//3764 961//3764 457//3764
f 753//150 934//150 750//150
f 934//150 485//150 884//150
f 485//150 872//150 877//150
f 854//150 853//150 971//150
f 485//150 877//150 876//150
f 849//150 854//150 971//150
f 485//150 876//150 881//150
f 843//150 849//150 971//150
f 485//150 881//150 880//150
f 485//150 880//150 885//150
f 842//150 843//150 971//150
f 485//150 885//150 883//150
f 485//150 883//150 884//150
f 838//150 842//150 971//150
f 884//150 886//150 934//150
f 837//150 838//150 971//150
f 886//150 887//150 934//150
f 839//150 837//150 971//150
f 887//150 891//150 934//150
f 892//150 839//150 971//150
f 891//150 504//150 934//150
f 889//150 892//150 971//150
f 504//150 503//150 934//150
f 888//150 889//150 971//150
f 890//150 888//150 971//150
f 503//150 841//150 934//150
f 747//150 890//150 971//150
f 748//150 747//150 971//150
f 841//150 840//150 934//150
f 749//150 748//150 971//150
f 934//150 840//150 848//150
f 749//150 971//150 882//150
f 971//150 753//150 882//150
f 934//150 848//150 847//150
f 878//150 882//150 753//150
f 934//150 847//150 852//150
f 879//150 878//150 753//150
f 934//150 852//150 750//150
f 875//150 879//150 753//150
f 874//150 875//150 753//150
f 753//150 750//150 751//150
f 870//150 874//150 753//150
f 753//150 751//150 752//150
f 869//150 870//150 753//150
f 753//150 752//150 862//150
f 871//150 869//150 753//150
f 753//150 862//150 863//150
f 866//150 871//150 753//150
f 753//150 863//150 846//150
f 860//150 866//150 753//150
f 859//150 860//150 753//150
f 753//150 846//150 844//150
f 861//150 859//150 753//150
f 753//150 844//150 845//150
f 855//150 861//150 753//150
f 753//150 845//150 851//150
f 753//150 851//150 850//150
f 856//150 855//150 753//150
f 3272//3765 3273//3765 3274//3765
f 791//3766 742//3766 726//3766
f 509//378 510//378 462//378
f 787//3767 788//3767 725//3767
f 619//3768 206//3768 207//3768
f 48//215 46//215 12//215
f 12//215 22//215 57//215
f 22//215 16//215 35//215
f 16//215 15//215 34//215
f 92//215 16//215 93//215
f 15//215 20//215 24//215
f 20//215 19//215 51//215
f 19//215 96//215 52//215
f 19//215 52//215 51//215
f 49//215 48//215 12//215
f 51//215 33//215 20//215
f 40//215 49//215 12//215
f 33//215 32//215 20//215
f 38//215 40//215 12//215
f 32//215 30//215 20//215
f 38//215 12//215 37//215
f 30//215 31//215 20//215
f 37//215 12//215 56//215
f 31//215 26//215 20//215
f 56//215 12//215 55//215
f 20//215 26//215 28//215
f 55//215 12//215 58//215
f 20//215 28//215 29//215
f 58//215 12//215 57//215
f 20//215 29//215 50//215
f 20//215 50//215 27//215
f 59//215 57//215 22//215
f 20//215 27//215 25//215
f 60//215 59//215 22//215
f 64//215 60//215 22//215
f 20//215 25//215 24//215
f 63//215 64//215 22//215
f 69//215 63//215 22//215
f 15//215 24//215 61//215
f 67//215 69//215 22//215
f 15//215 61//215 62//215
f 15//215 62//215 65//215
f 68//215 67//215 22//215
f 15//215 65//215 66//215
f 74//215 68//215 22//215
f 73//215 74//215 22//215
f 15//215 66//215 70//215
f 15//215 70//215 71//215
f 77//215 73//215 22//215
f 15//215 71//215 72//215
f 36//215 77//215 22//215
f 35//215 36//215 22//215
f 15//215 72//215 75//215
f 15//215 75//215 76//215
f 39//215 35//215 16//215
f 15//215 76//215 78//215
f 53//215 39//215 16//215
f 15//215 78//215 34//215
f 54//215 53//215 16//215
f 34//215 80//215 16//215
f 92//215 54//215 16//215
f 80//215 79//215 16//215
f 79//215 91//215 16//215
f 91//215 90//215 16//215
f 93//215 16//215 90//215
f 2814//3769 2815//3769 2794//3769
f 676//3770 816//3770 817//3770
f 256//3771 192//3771 1069//3771
f 365//3772 350//3772 304//3772
f 3289//3773 3284//3773 3395//3773
f 3288//3774 3289//3774 3395//3774
f 3288//3775 3395//3775 3290//3775
f 3395//3776 3394//3776 3406//3776
f 3290//3777 3395//3777 3317//3777
f 3394//3778 2341//3778 3406//3778
f 3406//3779 3323//3779 3395//3779
f 3323//3780 3321//3780 3395//3780
f 3321//3781 3322//3781 3395//3781
f 418//3782 462//3782 507//3782
f 462//3783 510//3783 507//3783
f 1547//3784 440//3784 444//3784
f 2379//3785 2377//3785 2400//3785
f 2400//3786 2091//3786 2054//3786
f 2938//3787 3455//3787 3454//3787
f 3580//3788 3581//3788 3577//3788
f 3577//3789 3554//3789 2430//3789
f 2431//3790 948//3790 3552//3790
f 948//3791 970//3791 3552//3791
f 3577//3792 2430//3792 3580//3792
f 2430//3793 2431//3793 3580//3793
f 3551//3794 3579//3794 3580//3794
f 3552//3795 3578//3795 3551//3795
f 3551//3796 3580//3796 2431//3796
f 2542//3797 2547//3797 2548//3797
f 2736//3798 2861//3798 2868//3798
f 979//3799 599//3799 973//3799
f 1357//3800 1362//3800 1360//3800
f 3772//3801 3776//3801 3888//3801
f 3776//3802 3876//3802 3888//3802
f 3888//3803 3898//3803 3802//3803
f 3774//3804 3772//3804 3795//3804
f 3772//3805 3888//3805 3795//3805
f 3888//3806 3802//3806 3795//3806
f 3795//3807 2358//3807 2359//3807
f 2359//3808 2358//3808 3785//3808
f 2358//3809 3682//3809 3785//3809
f 3795//3810 2359//3810 3774//3810
f 2557//3811 2556//3811 2587//3811
f 3682//3812 3680//3812 2459//3812
f 2459//3813 2557//3813 2587//3813
f 3682//3814 2459//3814 3785//3814
f 2459//3815 2587//3815 3785//3815
f 2408//3816 3409//3816 3404//3816
f 3409//3817 3405//3817 3404//3817
f 3408//3818 2407//3818 2408//3818
f 2407//3819 2406//3819 2408//3819
f 2406//3820 266//3820 2408//3820
f 1950//3821 1956//3821 1957//3821
f 1957//3822 1958//3822 1950//3822
f 1201//3823 1199//3823 1198//3823
f 2855//3824 2860//3824 2854//3824
f 2915//3825 2916//3825 2922//3825
f 2922//3826 2895//3826 2915//3826
f 900//3827 953//3827 519//3827
f 953//3828 959//3828 955//3828
f 519//3829 953//3829 955//3829
f 955//3830 521//3830 520//3830
f 14//96 21//96 20//96
f 285//215 282//215 534//215
f 282//215 906//215 527//215
f 906//215 519//215 522//215
f 906//215 522//215 529//215
f 906//215 529//215 528//215
f 906//215 528//215 527//215
f 282//215 527//215 530//215
f 282//215 530//215 536//215
f 970//215 277//215 835//215
f 277//215 286//215 757//215
f 758//215 553//215 759//215
f 282//215 536//215 535//215
f 282//215 535//215 534//215
f 285//215 534//215 537//215
f 285//215 537//215 544//215
f 286//215 285//215 543//215
f 285//215 544//215 543//215
f 809//3831 807//3831 970//3831
f 810//3832 809//3832 970//3832
f 553//215 758//215 554//215
f 286//215 543//215 542//215
f 286//215 542//215 545//215
f 811//215 810//215 970//215
f 286//215 545//215 551//215
f 286//215 551//215 550//215
f 812//215 811//215 970//215
f 286//215 550//215 549//215
f 286//215 549//215 552//215
f 813//215 812//215 970//215
f 814//215 813//215 970//215
f 286//215 552//215 555//215
f 286//215 555//215 554//215
f 815//215 814//215 970//215
f 286//215 554//215 756//215
f 759//215 553//215 556//215
f 816//215 815//215 970//215
f 759//215 556//215 760//215
f 556//215 559//215 760//215
f 817//215 816//215 970//215
f 818//215 817//215 970//215
f 559//215 558//215 761//215
f 558//215 557//215 762//215
f 819//215 818//215 970//215
f 820//215 819//215 970//215
f 760//215 559//215 761//215
f 557//215 560//215 763//215
f 560//215 563//215 765//215
f 761//215 558//215 762//215
f 821//215 820//215 970//215
f 563//215 562//215 766//215
f 562//215 561//215 767//215
f 822//215 821//215 970//215
f 561//215 564//215 768//215
f 762//215 557//215 763//215
f 564//215 569//215 769//215
f 823//215 822//215 970//215
f 569//215 568//215 23//215
f 568//215 163//215 23//215
f 569//215 23//215 769//215
f 824//215 823//215 970//215
f 163//215 162//215 23//215
f 162//215 161//215 23//215
f 825//215 824//215 970//215
f 161//215 160//215 23//215
f 160//215 159//215 23//215
f 826//215 825//215 970//215
f 23//215 13//215 3555//215
f 763//215 560//215 764//215
f 13//215 18//215 924//215
f 827//215 826//215 970//215
f 828//215 827//215 970//215
f 829//215 828//215 970//215
f 830//215 829//215 970//215
f 831//215 830//215 970//215
f 832//215 831//215 970//215
f 833//215 832//215 970//215
f 834//215 833//215 970//215
f 835//215 834//215 970//215
f 836//215 835//215 277//215
f 757//215 836//215 277//215
f 756//215 757//215 286//215
f 758//215 756//215 554//215
f 764//215 560//215 765//215
f 21//215 14//215 202//215
f 18//215 21//215 918//215
f 21//215 202//215 918//215
f 918//215 917//215 18//215
f 917//215 916//215 18//215
f 916//215 941//215 18//215
f 941//215 936//215 18//215
f 936//215 935//215 18//215
f 935//215 923//215 18//215
f 923//215 922//215 18//215
f 922//215 921//215 18//215
f 921//215 920//215 18//215
f 920//215 945//215 18//215
f 945//215 939//215 18//215
f 939//215 938//215 18//215
f 938//215 937//215 18//215
f 937//215 925//215 18//215
f 925//215 924//215 18//215
f 924//215 912//215 13//215
f 912//215 911//215 13//215
f 911//215 910//215 13//215
f 910//215 909//215 13//215
f 909//215 940//215 13//215
f 940//215 928//215 13//215
f 927//215 3555//215 13//215
f 3555//215 769//215 23//215
f 928//215 927//215 13//215
f 769//215 768//215 564//215
f 768//215 767//215 561//215
f 765//215 563//215 766//215
f 1015//215 572//215 14//215
f 17//215 23//215 1016//215
f 23//215 159//215 1016//215
f 1015//215 14//215 1014//215
f 14//215 17//215 176//215
f 1014//215 14//215 173//215
f 173//215 14//215 174//215
f 17//215 1016//215 1018//215
f 174//215 14//215 175//215
f 175//215 14//215 176//215
f 17//215 1018//215 1017//215
f 17//215 1017//215 177//215
f 647//3833 634//3833 759//3833
f 2815//3834 2820//3834 2795//3834
f 176//415 179//415 181//415
f 2765//3835 2766//3835 2751//3835
f 3091//418 3186//418 3191//418
f 3191//3836 3192//3836 3129//3836
f 3192//3837 3130//3837 3129//3837
f 361//3838 368//3838 306//3838
f 1270//3839 1792//3839 1793//3839
f 1044//3840 1050//3840 1052//3840
f 1340//3841 1343//3841 1344//3841
f 536//422 532//422 533//422
f 1622//3842 1623//3842 1629//3842
f 3752//424 3753//424 3755//424
f 127//3843 2297//3843 2299//3843
f 2297//3844 2300//3844 2299//3844
f 3379//3845 3381//3845 3219//3845
f 2033//3846 2038//3846 2031//3846
f 1739//3847 1732//3847 1738//3847
f 2142//3848 2144//3848 130//3848
f 2144//3849 1140//3849 130//3849
f 1140//3850 1051//3850 2077//3850
f 1051//3851 1049//3851 2077//3851
f 2077//3852 130//3852 1140//3852
f 1635//3853 1623//3853 1616//3853
f 1640//3854 1632//3854 1639//3854
f 3256//3855 2344//3855 3280//3855
f 2773//3856 2774//3856 2769//3856
f 1372//3857 1370//3857 1371//3857
f 1437//3858 1443//3858 1444//3858
f 1062//3859 1070//3859 1071//3859
f 3233//3860 3241//3860 3389//3860
f 1521//3861 1510//3861 1696//3861
f 939//3862 945//3862 2152//3862
f 2433//3863 2434//3863 2435//3863
f 652//3864 803//3864 804//3864
f 803//3865 806//3865 804//3865
f 1048//3866 1146//3866 1149//3866
f 1146//3867 1145//3867 1149//3867
f 1459//3868 1452//3868 1448//3868
f 1250//3869 1247//3869 1244//3869
f 3856//244 2456//244 3867//244
f 2456//244 3869//244 3867//244
f 3867//244 3857//244 3856//244
f 2117//3870 2116//3870 2291//3870
f 2116//3871 1177//3871 1176//3871
f 2291//3872 2116//3872 1176//3872
f 2291//3873 1415//3873 1414//3873
f 1414//3874 1413//3874 2117//3874
f 2035//3875 2040//3875 2033//3875
f 1124//3876 1129//3876 1126//3876
f 1126//3877 1135//3877 1125//3877
f 1135//3878 1136//3878 1125//3878
f 1392//3879 1399//3879 1400//3879
f 2958//3880 3496//3880 2951//3880
f 1015//3881 1014//3881 2105//3881
f 3882//3882 3892//3882 1071//3882
f 3892//3883 1063//3883 1071//3883
f 1071//3884 2342//3884 3882//3884
f 1738//3885 1734//3885 1730//3885
f 1450//3886 1456//3886 1457//3886
f 2002//3887 2003//3887 2005//3887
f 2003//3888 2138//3888 2141//3888
f 1987//3889 1983//3889 1984//3889
f 2143//3890 3563//3890 263//3890
f 3563//3891 3561//3891 193//3891
f 2045//3892 3563//3892 194//3892
f 3561//3893 3556//3893 3557//3893
f 3557//3894 3558//3894 3560//3894
f 3560//3895 3569//3895 98//3895
f 3569//3896 3568//3896 98//3896
f 98//3897 3549//3897 3560//3897
f 2437//3 2429//3 2436//3
f 2429//3898 2431//3898 2430//3898
f 2436//3899 2429//3899 2430//3899
f 3549//3 2437//3 2436//3
f 3560//3900 3549//3900 3557//3900
f 193//3 3549//3 2436//3
f 3549//3901 193//3901 3557//3901
f 3563//3902 2045//3902 263//3902
f 3561//3903 3557//3903 193//3903
f 3563//3890 193//3890 194//3890
f 1983//3904 1987//3904 1982//3904
f 1973//3905 1987//3905 1985//3905
f 1987//3906 2002//3906 2006//3906
f 1973//3907 1985//3907 1986//3907
f 1963//3908 1972//3908 1973//3908
f 1962//3909 1963//3909 1973//3909
f 1987//3910 1984//3910 1985//3910
f 1964//3911 1962//3911 1973//3911
f 3933//3912 3943//3912 2039//3912
f 3943//3913 1967//3913 1953//3913
f 1953//3914 1967//3914 1954//3914
f 1967//3915 1964//3915 1975//3915
f 1964//3916 1973//3916 1976//3916
f 1967//3917 1975//3917 1959//3917
f 2143//3918 263//3918 264//3918
f 1954//3914 1967//3914 1956//3914
f 949//3919 3954//3919 3933//3919
f 3946//3920 3945//3920 950//3920
f 949//3921 3933//3921 971//3921
f 2143//3922 264//3922 2135//3922
f 2143//3923 2135//3923 252//3923
f 428//3924 3951//3924 3946//3924
f 471//3 473//3 950//3
f 473//3 463//3 950//3
f 948//3 971//3 3933//3
f 971//3 471//3 949//3
f 948//3925 3933//3925 946//3925
f 463//3926 428//3926 3946//3926
f 463//3927 3946//3927 950//3927
f 949//3 471//3 950//3
f 947//3928 946//3928 3933//3928
f 2143//3923 252//3923 251//3923
f 2143//3929 251//3929 254//3929
f 2036//3930 947//3930 3933//3930
f 2143//3931 254//3931 253//3931
f 2143//3931 253//3931 134//3931
f 2037//3932 2036//3932 3933//3932
f 2039//3933 2037//3933 3933//3933
f 2143//3934 134//3934 135//3934
f 2143//3935 135//3935 150//3935
f 1953//3936 2039//3936 3943//3936
f 2143//3937 150//3937 151//3937
f 2143//3938 151//3938 152//3938
f 1956//3939 1967//3939 1957//3939
f 1957//3940 1967//3940 1959//3940
f 2143//3941 152//3941 2129//3941
f 2143//3942 2129//3942 2128//3942
f 1975//3943 1964//3943 1976//3943
f 2143//3944 2128//3944 116//3944
f 2143//3945 116//3945 2138//3945
f 116//3946 112//3946 2138//3946
f 2138//3947 112//3947 2076//3947
f 1971//3948 1976//3948 1973//3948
f 1977//3949 1971//3949 1973//3949
f 2138//3950 2076//3950 2075//3950
f 2138//3951 2075//3951 2074//3951
f 1997//3952 1977//3952 1973//3952
f 1996//3953 1997//3953 1973//3953
f 2138//3954 2074//3954 164//3954
f 2138//3955 164//3955 165//3955
f 1995//3953 1996//3953 1973//3953
f 1986//3953 1995//3953 1973//3953
f 2138//3956 165//3956 166//3956
f 2138//3957 166//3957 167//3957
f 1982//3889 1987//3889 2007//3889
f 2138//3958 167//3958 168//3958
f 2138//3959 168//3959 2140//3959
f 2007//3889 1987//3889 2006//3889
f 2006//477 2002//477 2004//477
f 2138//3960 2140//3960 2141//3960
f 2141//3961 2005//3961 2003//3961
f 3115//3962 3110//3962 3109//3962
f 3890//1596 3891//1596 3888//1596
f 3888//479 3876//479 3889//479
f 3876//479 3872//479 3877//479
f 3888//479 3889//479 3890//479
f 3872//1596 3873//1596 3877//1596
f 3877//479 3887//479 3876//479
f 466//3963 584//3963 583//3963
f 584//3964 585//3964 581//3964
f 1722//3965 1718//3965 1726//3965
f 2722//3966 2719//3966 2723//3966
f 2842//3967 3528//3967 2827//3967
f 1262//492 1268//492 1269//492
f 2829//3968 2826//3968 2913//3968
f 3883//3969 2043//3969 2454//3969
f 2043//3970 2042//3970 2454//3970
f 2454//3971 2455//3971 3883//3971
f 2455//3972 3874//3972 3883//3972
f 2862//3973 2871//3973 2895//3973
f 2895//3974 2922//3974 2862//3974
f 1658//3975 1659//3975 1479//3975
f 1659//3976 1667//3976 1480//3976
f 1479//3977 1659//3977 1480//3977
f 2034//3978 2033//3978 2030//3978
f 1507//3979 1506//3979 1671//3979
f 1671//3980 1673//3980 1507//3980
f 1673//3981 1689//3981 1482//3981
f 1067//3982 259//3982 1059//3982
f 1557//3983 1560//3983 7//3983
f 7//3984 1551//3984 1557//3984
f 2989//3985 2472//3985 2978//3985
f 1471//3986 1633//3986 1631//3986
f 570//3987 2107//3987 574//3987
f 2107//3988 576//3988 574//3988
f 2721//3989 2723//3989 2719//3989
f 2725//3990 2750//3990 2754//3990
f 3482//3991 2809//3991 3483//3991
f 2809//3992 2807//3992 3483//3992
f 635//3993 872//3993 873//3993
f 3268//3994 3267//3994 3292//3994
f 1376//3995 1374//3995 1373//3995
f 3725//596 3740//596 3739//596
f 3591//479 3592//479 3601//479
f 3592//479 3593//479 3601//479
f 3601//479 3589//479 3590//479
f 3589//479 3587//479 3590//479
f 3587//479 3588//479 3590//479
f 1029//3996 1027//3996 1028//3996
f 1028//3997 2609//3997 1046//3997
f 1346//3998 1347//3998 1348//3998
f 1347//3999 1224//3999 1348//3999
f 1224//4000 1223//4000 1348//4000
f 1348//4001 968//4001 1346//4001
f 809//4002 649//4002 808//4002
f 1623//4003 1622//4003 1614//4003
f 1346//4004 969//4004 1351//4004
f 1813//4005 1814//4005 1818//4005
f 2546//4006 2544//4006 2543//4006
f 3930//4007 3914//4007 2052//4007
f 2870//4008 2871//4008 2862//4008
f 1642//4009 1640//4009 1643//4009
f 2536//4010 2537//4010 2535//4010
f 269//4011 272//4011 271//4011
f 2594//4012 2607//4012 2610//4012
f 586//4013 987//4013 587//4013
f 1393//4014 1400//4014 1425//4014
f 1011//4015 1009//4015 1010//4015
f 1131//4016 1132//4016 1134//4016
f 1134//4017 3675//4017 2499//4017
f 2499//4018 3810//4018 3809//4018
f 2499//4019 3809//4019 3793//4019
f 3811//4020 3908//4020 3907//4020
f 3792//4021 3811//4021 3907//4021
f 1131//4022 1134//4022 2499//4022
f 3793//4023 3792//4023 3929//4023
f 3792//4024 3907//4024 3929//4024
f 1131//4025 2499//4025 3793//4025
f 252//4026 2135//4026 2637//4026
f 2473//4027 2507//4027 3676//4027
f 2507//4028 3677//4028 3676//4028
f 251//4029 252//4029 3684//4029
f 252//4030 2637//4030 3684//4030
f 2637//4031 2473//4031 3676//4031
f 2009//4032 1984//4032 2008//4032
f 2008//4033 1343//4033 2009//4033
f 491//4034 492//4034 490//4034
f 1369//4035 1368//4035 1388//4035
f 3365//4036 3200//4036 3199//4036
f 2935//4037 2897//4037 2707//4037
f 3833//596 3846//596 3844//596
f 3846//596 3845//596 3847//596
f 3844//596 3846//596 3847//596
f 1093//4038 1092//4038 1098//4038
f 2070//4039 2071//4039 2068//4039
f 1630//4040 1650//4040 1637//4040
f 379//4041 308//4041 310//4041
f 1720//4042 1729//4042 1725//4042
f 1006//4043 1008//4043 1003//4043
f 1436//4044 1444//4044 1445//4044
f 1010//4045 1006//4045 1005//4045
f 585//4046 586//4046 579//4046
f 2272//4047 2269//4047 2274//4047
f 170//4048 1086//4048 1088//4048
f 1088//4049 1089//4049 172//4049
f 2327//4050 2329//4050 2331//4050
f 3521//4051 3522//4051 3520//4051
f 3520//4052 3542//4052 3521//4052
f 3542//4053 3537//4053 3540//4053
f 3541//4054 3542//4054 3540//4054
f 3537//4055 3530//4055 3532//4055
f 3537//4056 3532//4056 3540//4056
f 1228//4057 1226//4057 1227//4057
f 3858//682 3859//682 3865//682
f 3337//4058 3336//4058 3362//4058
f 2795//4059 2818//4059 2817//4059
f 1919//4060 1606//4060 1290//4060
f 1606//4061 1598//4061 1292//4061
f 2197//4062 25//4062 27//4062
f 2050//4063 2055//4063 2537//4063
f 348//4064 371//4064 376//4064
f 1560//4065 1563//4065 6//4065
f 1486//4066 1487//4066 1475//4066
f 2356//4067 2355//4067 2346//4067
f 2326//4068 2325//4068 2329//4068
f 2868//4069 2867//4069 3470//4069
f 201//4070 3562//4070 200//4070
f 1311//4071 1307//4071 1303//4071
f 1303//4072 1309//4072 1310//4072
f 2116//4073 2115//4073 2292//4073
f 2292//4074 1178//4074 1177//4074
f 3299//4075 3301//4075 3303//4075
f 919//4076 914//4076 913//4076
f 914//4077 917//4077 913//4077
f 1707//4078 1705//4078 1704//4078
f 2361//4079 1045//4079 1053//4079
f 1053//4080 1052//4080 1131//4080
f 1131//4081 3929//4081 2361//4081
f 3929//4082 3928//4082 2361//4082
f 3928//4083 3910//4083 2364//4083
f 2361//4084 3928//4084 2364//4084
f 2361//4085 1053//4085 1131//4085
f 2410//4086 2364//4086 3420//4086
f 2410//4087 3420//4087 3342//4087
f 3420//4088 3347//4088 3342//4088
f 3420//4089 2364//4089 3910//4089
f 3913//4090 3926//4090 2535//4090
f 3926//4091 2534//4091 2535//4091
f 3913//4092 2535//4092 2386//4092
f 3910//4093 3913//4093 2386//4093
f 3910//4094 2386//4094 3420//4094
f 2599//4095 2602//4095 2134//4095
f 3914//4096 3911//4096 2378//4096
f 2378//4097 2380//4097 3914//4097
f 2380//4098 2053//4098 3914//4098
f 2053//4099 2052//4099 3914//4099
f 3896//244 3894//244 3895//244
f 3894//4100 3893//4100 3901//4100
f 3893//244 3892//244 3899//244
f 3892//244 3882//244 3900//244
f 3899//244 3892//244 3900//244
f 3882//244 3878//244 3900//244
f 3894//244 3901//244 3895//244
f 1374//4101 1386//4101 1375//4101
f 1713//4102 1711//4102 1172//4102
f 2383//4103 2382//4103 2384//4103
f 2600//4104 2598//4104 2602//4104
f 2837//4105 2834//4105 2819//4105
f 1521//4106 1522//4106 1511//4106
f 1522//4107 1172//4107 1171//4107
f 1508//4108 1505//4108 1503//4108
f 1505//4109 1219//4109 1503//4109
f 1554//4110 1559//4110 1560//4110
f 1560//4111 1557//4111 1552//4111
f 1095//4112 1093//4112 1096//4112
f 1175//4113 1476//4113 1463//4113
f 1476//4114 1220//4114 1505//4114
f 1470//4115 1476//4115 1505//4115
f 1220//4116 1219//4116 1505//4116
f 1401//4117 1407//4117 1175//4117
f 1476//4118 1470//4118 1469//4118
f 1476//4119 1469//4119 1474//4119
f 1171//4120 1401//4120 1175//4120
f 1485//4121 1511//4121 1175//4121
f 1511//4122 1171//4122 1175//4122
f 1496//4123 1483//4123 1175//4123
f 1483//4124 1485//4124 1175//4124
f 1463//4125 1494//4125 1175//4125
f 1494//4126 1496//4126 1175//4126
f 1475//4127 1463//4127 1476//4127
f 3014//4128 2982//4128 3025//4128
f 3025//4129 3020//4129 3014//4129
f 1080//4130 153//4130 130//4130
f 153//4131 136//4131 130//4131
f 130//4132 114//4132 1080//4132
f 114//4133 115//4133 1081//4133
f 3885//4134 2044//4134 2043//4134
f 888//4135 890//4135 678//4135
f 3413//4136 3233//4136 2506//4136
f 2506//4137 2501//4137 3412//4137
f 9//4138 964//4138 11//4138
f 964//4139 458//4139 962//4139
f 962//4140 961//4140 964//4140
f 961//4141 963//4141 964//4141
f 980//4142 978//4142 977//4142
f 104//4143 2446//4143 106//4143
f 1419//4144 1580//4144 1596//4144
f 1580//4145 1589//4145 1596//4145
f 1471//4146 1469//4146 1470//4146
f 2408//4147 2883//4147 2880//4147
f 1254//4148 1255//4148 1252//4148
f 2256//4149 1500//4149 2257//4149
f 2257//4150 2259//4150 2260//4150
f 1502//4151 1501//4151 2256//4151
f 2256//4152 2257//4152 2260//4152
f 1626//4153 1638//4153 1627//4153
f 1627//4154 1625//4154 1626//4154
f 2015//4155 1385//4155 1384//4155
f 1385//4156 1374//4156 1384//4156
f 1402//4157 1174//4157 1710//4157
f 1710//4158 1812//4158 1416//4158
f 2546//4159 2556//4159 2557//4159
f 2557//4160 2551//4160 2546//4160
f 2551//4161 2550//4161 2544//4161
f 3931//4162 3864//4162 3860//4162
f 3860//4163 3759//4163 3931//4163
f 3543//4164 3546//4164 3509//4164
f 1471//4165 1486//4165 1474//4165
f 1336//4166 1342//4166 1343//4166
f 1335//4167 1332//4167 1844//4167
f 1073//4168 2589//4168 2588//4168
f 255//4169 3900//4169 184//4169
f 3900//4170 3878//4170 184//4170
f 1883//4171 1882//4171 1889//4171
f 1889//4172 1882//4172 1878//4172
f 3359//4173 3354//4173 3323//4173
f 3328//4174 3329//4174 3330//4174
f 2835//4175 2850//4175 2849//4175
f 2999//4176 3008//4176 3168//4176
f 1646//4177 1662//4177 1462//4177
f 416//4178 944//4178 1723//4178
f 944//4179 943//4179 1723//4179
f 1683//4180 1688//4180 1678//4180
f 1684//4181 1682//4181 1679//4181
f 1683//4182 1678//4182 1684//4182
f 2544//4183 2555//4183 2554//4183
f 1076//4184 1074//4184 1077//4184
f 1074//4185 1073//4185 1079//4185
f 1657//4186 1677//4186 1664//4186
f 3235//4187 3237//4187 3238//4187
f 660//4188 649//4188 809//4188
f 3428//4189 3429//4189 3430//4189
f 1008//4190 1013//4190 1001//4190
f 131//4191 129//4191 1676//4191
f 1676//4192 1674//4192 131//4192
f 2818//4193 2764//4193 2762//4193
f 2914//4194 2913//4194 2906//4194
f 1215//4195 1213//4195 1624//4195
f 1213//4196 2100//4196 1634//4196
f 1624//4197 1213//4197 1634//4197
f 2100//4198 2094//4198 1637//4198
f 2094//4199 245//4199 1637//4199
f 2100//4200 1637//4200 1650//4200
f 1636//4201 1634//4201 2100//4201
f 2379//4202 2054//4202 2053//4202
f 3114//4203 3125//4203 3119//4203
f 3070//4204 3071//4204 3061//4204
f 3135//4205 3136//4205 3126//4205
f 2652//4206 489//4206 942//4206
f 489//4207 488//4207 490//4207
f 942//4208 489//4208 490//4208
f 415//4209 2653//4209 2652//4209
f 3803//4210 3810//4210 3674//4210
f 3810//4211 2499//4211 3674//4211
f 2499//4212 3675//4212 3674//4212
f 1058//4213 1060//4213 1061//4213
f 2031//4214 2036//4214 2037//4214
f 3526//4215 3519//4215 3517//4215
f 3796//32 3788//32 3787//32
f 3787//32 3795//32 3796//32
f 2596//4216 2588//4216 2589//4216
f 2007//4217 2026//4217 1982//4217
f 2026//4218 1366//4218 1365//4218
f 1365//4219 1344//4219 2026//4219
f 1040//4220 1043//4220 1041//4220
f 1042//4221 1052//4221 1045//4221
f 1052//4222 1053//4222 1045//4222
f 1040//4223 1041//4223 1042//4223
f 1040//4224 1042//4224 1045//4224
f 2493//4225 1040//4225 1045//4225
f 2361//4226 2364//4226 2416//4226
f 2493//4227 1045//4227 2361//4227
f 2493//4228 2361//4228 2416//4228
f 2493//4229 2416//4229 2494//4229
f 3368//4230 3371//4230 3205//4230
f 913//4231 917//4231 918//4231
f 3396//4232 2344//4232 2343//4232
f 2343//4233 2369//4233 2365//4233
f 3394//4234 3396//4234 2343//4234
f 2343//4235 2365//4235 2340//4235
f 3422//4236 1135//4236 1126//4236
f 1126//4237 2610//4237 2365//4237
f 2610//4238 2607//4238 2606//4238
f 2365//4239 2610//4239 2486//4239
f 2606//4240 2609//4240 2615//4240
f 2610//4241 2606//4241 2615//4241
f 2365//4242 3422//4242 1126//4242
f 3394//4243 2343//4243 2340//4243
f 2339//4244 2341//4244 3394//4244
f 2486//4245 2485//4245 2340//4245
f 2340//4246 2339//4246 3394//4246
f 1039//4247 1038//4247 2486//4247
f 2486//4248 2340//4248 2365//4248
f 2610//4249 2615//4249 2486//4249
f 2677//4250 2663//4250 2471//4250
f 2686//4251 2684//4251 2944//4251
f 1358//4252 1369//4252 1396//4252
f 3546//4253 3545//4253 3547//4253
f 3546//4254 3547//4254 3509//4254
f 3547//4255 3474//4255 3473//4255
f 3509//4256 3547//4256 3473//4256
f 3467//4257 3469//4257 3471//4257
f 3474//4258 3467//4258 3473//4258
f 3467//4259 3471//4259 3473//4259
f 3473//4260 2399//4260 3506//4260
f 3506//4261 3500//4261 3499//4261
f 3506//4262 3499//4262 3509//4262
f 3269//4263 3271//4263 3245//4263
f 1979//4264 1980//4264 2002//4264
f 1980//4265 1981//4265 2002//4265
f 1981//4266 1998//4266 2002//4266
f 2002//4267 1987//4267 1989//4267
f 1987//4268 1988//4268 1989//4268
f 2002//4269 1989//4269 1990//4269
f 1990//4270 1991//4270 2002//4270
f 1991//4271 1992//4271 2002//4271
f 1992//4272 1993//4272 2002//4272
f 1993//4273 1994//4273 2002//4273
f 1994//4274 1978//4274 2002//4274
f 560//897 421//897 422//897
f 1847//4275 502//4275 2001//4275
f 2000//4276 1999//4276 1847//4276
f 2127//4277 2118//4277 2126//4277
f 2118//4278 1123//4278 2126//4278
f 1123//4279 1128//4279 84//4279
f 1128//4280 83//4280 84//4280
f 1223//4281 1224//4281 1222//4281
f 2524//4282 2530//4282 2531//4282
f 1788//4283 1740//4283 1793//4283
f 1740//4284 1722//4284 1731//4284
f 1575//4285 1574//4285 1577//4285
f 1574//4286 1576//4286 1577//4286
f 1576//4287 1578//4287 1581//4287
f 1484//4288 1497//4288 1483//4288
f 1497//4289 1498//4289 1485//4289
f 2503//4290 2491//4290 2478//4290
f 2491//4291 1037//4291 2478//4291
f 2046//4292 2048//4292 2055//4292
f 2055//4293 2050//4293 2049//4293
f 2022//4294 2024//4294 2026//4294
f 2026//4295 2007//4295 2022//4295
f 1728//4296 1738//4296 1729//4296
f 1175//4297 1176//4297 1177//4297
f 1175//4298 1177//4298 1178//4298
f 1473//4299 1476//4299 1472//4299
f 1476//4300 1175//4300 1501//4300
f 1472//4301 1476//4301 1467//4301
f 1472//4302 999//4302 1473//4302
f 1465//4303 1476//4303 1464//4303
f 1175//4304 1178//4304 1513//4304
f 1175//4305 1513//4305 1514//4305
f 14//4306 572//4306 1004//4306
f 989//4307 14//4307 1002//4307
f 14//4308 1004//4308 1002//4308
f 991//4309 989//4309 1000//4309
f 989//4310 1002//4310 998//4310
f 989//4311 998//4311 1000//4311
f 1467//4312 991//4312 1472//4312
f 991//4313 1000//4313 1472//4313
f 1175//4305 1514//4305 1515//4305
f 1175//4314 1515//4314 1489//4314
f 1466//4315 1467//4315 1476//4315
f 1465//4316 1466//4316 1476//4316
f 1175//4317 1489//4317 1490//4317
f 1175//4318 1490//4318 1491//4318
f 1464//4319 1476//4319 1502//4319
f 1502//4320 1476//4320 1501//4320
f 1175//4321 1491//4321 1492//4321
f 1175//4322 1492//4322 1493//4322
f 1175//4323 1493//4323 1500//4323
f 413//4324 414//4324 1748//4324
f 414//4325 1752//4325 1744//4325
f 414//4326 1744//4326 1746//4326
f 1748//4327 1766//4327 413//4327
f 1127//4328 1119//4328 1118//4328
f 1118//4329 2577//4329 1127//4329
f 2577//4330 2569//4330 2571//4330
f 2578//4331 2577//4331 2571//4331
f 1595//4332 1967//4332 1594//4332
f 1967//4333 3943//4333 1419//4333
f 1419//4334 3943//4334 951//4334
f 3943//4335 3939//4335 951//4335
f 1594//4336 1967//4336 1596//4336
f 1596//4337 1967//4337 1419//4337
f 3935//4338 3951//4338 1551//4338
f 3951//4339 428//4339 1551//4339
f 3939//4340 3935//4340 7//4340
f 951//4341 3939//4341 1571//4341
f 428//4342 429//4342 1551//4342
f 1571//4343 3939//4343 6//4343
f 6//4344 3939//4344 7//4344
f 1776//4345 1774//4345 1785//4345
f 1785//4346 1331//4346 1776//4346
f 1331//4347 1759//4347 1761//4347
f 1331//4348 1761//4348 1778//4348
f 1146//4349 1056//4349 1144//4349
f 1144//4350 1143//4350 1147//4350
f 1145//4351 1146//4351 1144//4351
f 2090//4352 2089//4352 2099//4352
f 2089//4353 2088//4353 2099//4353
f 776//4354 622//4354 777//4354
f 1812//4355 1710//4355 1714//4355
f 1714//4356 1811//4356 1801//4356
f 1714//4357 1801//4357 1812//4357
f 1811//4358 1795//4358 1797//4358
f 414//4359 416//4359 1789//4359
f 416//4360 1787//4360 1789//4360
f 1791//4361 1752//4361 414//4361
f 999//4362 1001//4362 1013//4362
f 3343//4363 3345//4363 3344//4363
f 3344//4364 3346//4364 3343//4364
f 2880//4365 2878//4365 2877//4365
f 3132//4366 3138//4366 3097//4366
f 1238//4367 1244//4367 1237//4367
f 3408//4368 3403//4368 3425//4368
f 1815//4369 1803//4369 1807//4369
f 1815//4370 1807//4370 1806//4370
f 1810//4371 1824//4371 1815//4371
f 2421//4372 2419//4372 2418//4372
f 1171//4373 1172//4373 1173//4373
f 1173//4374 1174//4374 1171//4374
f 1174//4375 1402//4375 1401//4375
f 2966//4376 2976//4376 2969//4376
f 3872//32 3875//32 3871//32
f 3875//4377 3874//4377 3871//4377
f 3871//32 3873//32 3872//32
f 2378//4378 2367//4378 2368//4378
f 2377//4379 2379//4379 2380//4379
f 2378//4380 2368//4380 2377//4380
f 1229//4381 1224//4381 1347//4381
f 3797//4382 3802//4382 3898//4382
f 3349//4383 3348//4383 3373//4383
f 3386//4384 3388//4384 3390//4384
f 1813//4385 1796//4385 1795//4385
f 3232//4386 3234//4386 3241//4386
f 1829//4387 1826//4387 1827//4387
f 1828//4388 1742//4388 1829//4388
f 189//4389 188//4389 2540//4389
f 3475//4390 3476//4390 3477//4390
f 3459//4391 3455//4391 2938//4391
f 1617//4392 1624//4392 1634//4392
f 1417//4393 1418//4393 1411//4393
f 1499//4394 1510//4394 1511//4394
f 1510//4395 1521//4395 1511//4395
f 1511//4396 1485//4396 1499//4396
f 1877//4397 1892//4397 434//4397
f 434//4398 433//4398 1855//4398
f 1857//4399 1877//4399 434//4399
f 1565//4400 1567//4400 1569//4400
f 1569//4401 1563//4401 1565//4401
f 1563//4402 1560//4402 1561//4402
f 1560//4403 1559//4403 1561//4403
f 3308//4404 2413//4404 3309//4404
f 1944//4405 1945//4405 1946//4405
f 3326//4406 3330//4406 3332//4406
f 1894//4407 1892//4407 1891//4407
f 1333//4408 1340//4408 1345//4408
f 1514//4409 1513//4409 2302//4409
f 2302//4410 142//4410 141//4410
f 2611//4411 2592//4411 2612//4411
f 2745//4412 2850//4412 2852//4412
f 1323//4413 1311//4413 2029//4413
f 1311//4414 1977//4414 2029//4414
f 1889//4415 1899//4415 1890//4415
f 1899//4416 1904//4416 1903//4416
f 1905//4417 1890//4417 1899//4417
f 2320//4418 3585//4418 3597//4418
f 1916//4419 1912//4419 1911//4419
f 1912//4420 1914//4420 1911//4420
f 1911//4421 1914//4421 1920//4421
f 1914//4422 1919//4422 1918//4422
f 2800//4423 2799//4423 2793//4423
f 1833//4424 1891//4424 1897//4424
f 1114//4425 1093//4425 1108//4425
f 1093//4426 1095//4426 1108//4426
f 1108//4427 2482//4427 1114//4427
f 109//4428 2533//4428 2629//4428
f 1640//4429 1642//4429 1488//4429
f 1488//4430 1487//4430 1640//4430
f 2817//4431 2762//4431 2759//4431
f 3037//4432 3032//4432 3031//4432
f 3616//2378 3627//2378 3613//2378
f 3627//682 3619//682 3628//682
f 3619//682 3622//682 3628//682
f 1808//4433 2123//4433 2121//4433
f 3252//4434 3254//4434 3251//4434
f 3251//4435 3253//4435 3252//4435
f 1937//4436 1931//4436 3941//4436
f 1906//4437 1991//4437 1930//4437
f 3550//4438 2797//4438 266//4438
f 2797//4439 2790//4439 266//4439
f 2790//4440 2789//4440 266//4440
f 2696//4441 266//4441 2901//4441
f 2901//4442 266//4442 2904//4442
f 2904//4443 266//4443 2903//4443
f 3364//4444 3366//4444 3367//4444
f 3944//4445 3942//4445 1528//4445
f 3942//4446 1517//4446 1528//4446
f 1517//4447 1516//4447 1519//4447
f 2498//4448 2481//4448 2484//4448
f 2484//4449 2417//4449 2498//4449
f 1137//4450 1138//4450 1125//4450
f 2022//4451 2006//4451 2004//4451
f 2926//4452 2933//4452 2801//4452
f 2583//4453 2595//4453 2462//4453
f 2595//4454 2390//4454 2462//4454
f 3048//4455 3055//4455 3049//4455
f 3222//4456 3223//4456 3224//4456
f 2847//4457 2835//4457 2844//4457
f 3616//424 3613//424 3615//424
f 3377//4458 3348//4458 3419//4458
f 1698//4459 1696//4459 1697//4459
f 2900//4460 2927//4460 2926//4460
f 2927//4461 2933//4461 2926//4461
f 2391//4462 2463//4462 2461//4462
f 303//4463 357//4463 358//4463
f 2797//4464 2771//4464 2770//4464
f 3397//4465 3399//4465 3418//4465
f 3563//4466 3562//4466 3564//4466
f 1133//4467 2559//4467 1141//4467
f 2559//4468 2553//4468 1141//4468
f 2545//4469 2543//4469 136//4469
f 2543//4470 2554//4470 2142//4470
f 1138//4471 1137//4471 2451//4471
f 1220//4472 1476//4472 1504//4472
f 1476//4473 1473//4473 1477//4473
f 1473//4474 1013//4474 1477//4474
f 1477//4475 1012//4475 1481//4475
f 1481//4476 985//4476 1504//4476
f 1504//4477 1221//4477 1220//4477
f 1476//4478 1477//4478 1481//4478
f 1445//4479 1444//4479 2294//4479
f 3040//4480 3013//4480 3051//4480
f 1195//4481 1210//4481 1191//4481
f 1059//4482 1068//4482 1062//4482
f 1063//4483 3892//4483 3893//4483
f 1929//4484 1924//4484 1927//4484
f 584//4485 466//4485 591//4485
f 466//4486 464//4486 591//4486
f 2497//4487 2496//4487 2505//4487
f 2496//4488 2495//4488 2500//4488
f 2798//4489 2797//4489 3550//4489
f 3550//4490 266//4490 2064//4490
f 2064//4491 2477//4491 3550//4491
f 2477//4492 193//4492 2879//4492
f 3550//4493 2477//4493 2879//4493
f 193//4494 2436//4494 2879//4494
f 2436//4495 3571//4495 2879//4495
f 3571//4496 2444//4496 2872//4496
f 2444//4497 103//4497 2872//4497
f 103//4498 2443//4498 2872//4498
f 2443//4499 2765//4499 2873//4499
f 2873//4500 2821//4500 2820//4500
f 2443//4501 2873//4501 2871//4501
f 2896//4502 2873//4502 2898//4502
f 2800//4503 2798//4503 3550//4503
f 2899//4504 2800//4504 3550//4504
f 2873//4505 2896//4505 2895//4505
f 2873//4506 2820//4506 2815//4506
f 2873//4507 2815//4507 2814//4507
f 2899//4508 3550//4508 2900//4508
f 2900//4509 3550//4509 2897//4509
f 2897//4510 3550//4510 2879//4510
f 2873//4511 2814//4511 2898//4511
f 2707//4512 2897//4512 2879//4512
f 2873//4513 2895//4513 2871//4513
f 2708//4514 2707//4514 2879//4514
f 2879//4515 2712//4515 2708//4515
f 2874//4516 2838//4516 2872//4516
f 2848//4517 2874//4517 2851//4517
f 2874//4518 2872//4518 2754//4518
f 2851//4519 2874//4519 2852//4519
f 2852//4520 2874//4520 2747//4520
f 2872//4521 2879//4521 3571//4521
f 2443//4522 2871//4522 2870//4522
f 2443//4523 2870//4523 2869//4523
f 2872//4524 2443//4524 2854//4524
f 2747//4525 2874//4525 2748//4525
f 2748//4526 2874//4526 2753//4526
f 2443//4527 2869//4527 2854//4527
f 2753//4528 2874//4528 2754//4528
f 2872//4529 2854//4529 2734//4529
f 2727//4530 2754//4530 2872//4530
f 2872//4531 2734//4531 2733//4531
f 2872//4532 2733//4532 2732//4532
f 2728//4533 2727//4533 2872//4533
f 2885//4534 2883//4534 2887//4534
f 2883//4535 2408//4535 266//4535
f 944//4536 415//4536 942//4536
f 1413//4537 1412//4537 2293//4537
f 2774//4538 2776//4538 2775//4538
f 2676//4539 2670//4539 2672//4539
f 2670//4540 2671//4540 2672//4540
f 2671//4541 2669//4541 2672//4541
f 2672//4542 2668//4542 2677//4542
f 1931//4543 1937//4543 1936//4543
f 1936//4544 1939//4544 1943//4544
f 1939//4545 1938//4545 1940//4545
f 1943//4546 1939//4546 1940//4546
f 1943//4547 1537//4547 1931//4547
f 1537//4548 5//4548 1931//4548
f 5//4549 3941//4549 1931//4549
f 2641//4550 2474//4550 2476//4550
f 2476//4551 2474//4551 2477//4551
f 2477//4552 2064//4552 2476//4552
f 2064//4553 2061//4553 2060//4553
f 2060//4554 2640//4554 2641//4554
f 2641//4555 2476//4555 2064//4555
f 1928//4556 1456//4556 1927//4556
f 1927//4557 1924//4557 1925//4557
f 2443//4558 2408//4558 2882//4558
f 2881//4559 2877//4559 2876//4559
f 2876//4560 2875//4560 2765//4560
f 2765//4561 2443//4561 2882//4561
f 2882//4562 2881//4562 2876//4562
f 3168//4563 3008//4563 3161//4563
f 2358//4564 3795//4564 3787//4564
f 3787//4565 3694//4565 3691//4565
f 2358//4566 3787//4566 3691//4566
f 1680//4567 1700//4567 1691//4567
f 1275//4568 1287//4568 1273//4568
f 1643//4569 1639//4569 1648//4569
f 3263//4570 3264//4570 3262//4570
f 3262//4571 3266//4571 3265//4571
f 2561//4572 2560//4572 2552//4572
f 2603//4573 2604//4573 3623//4573
f 2604//4574 3612//4574 3623//4574
f 3031//4575 3032//4575 3022//4575
f 2349//4576 2421//4576 2350//4576
f 1007//4577 1012//4577 1008//4577
f 1570//4578 1569//4578 1567//4578
f 1567//4579 1572//4579 1570//4579
f 1572//4580 1574//4580 1575//4580
f 1546//4581 1547//4581 1549//4581
f 1547//4582 1556//4582 1549//4582
f 1358//4583 1357//4583 1364//4583
f 594//4584 592//4584 593//4584
f 592//4585 595//4585 593//4585
f 1140//4586 1133//4586 1139//4586
f 1139//4587 1050//4587 1051//4587
f 875//4588 639//4588 651//4588
f 2230//4589 2236//4589 48//4589
f 864//4590 865//4590 610//4590
f 625//4591 797//4591 798//4591
f 797//4592 800//4592 798//4592
f 1108//4593 1095//4593 1107//4593
f 1095//4594 1106//4594 1107//4594
f 3089//4595 3084//4595 3083//4595
f 1639//4596 1627//4596 1638//4596
f 833//4597 606//4597 613//4597
f 754//150 470//150 360//150
f 754//150 360//150 358//150
f 470//150 467//150 360//150
f 467//150 468//150 361//150
f 468//150 487//150 2113//150
f 487//150 486//150 2113//150
f 486//150 424//150 449//150
f 449//150 424//150 423//150
f 424//150 2202//150 2199//150
f 468//150 2113//150 361//150
f 755//150 754//150 358//150
f 357//150 480//150 755//150
f 358//150 357//150 755//150
f 424//150 2199//150 2198//150
f 424//150 2198//150 2195//150
f 361//150 360//150 467//150
f 424//150 2195//150 157//150
f 157//150 2195//150 158//150
f 424//150 157//150 156//150
f 368//150 361//150 2113//150
f 2195//150 2194//150 158//150
f 424//150 156//150 155//150
f 2194//150 2191//150 158//150
f 427//150 424//150 565//150
f 424//150 427//150 426//150
f 369//150 368//150 2113//150
f 424//150 155//150 154//150
f 2191//150 2190//150 2108//150
f 374//150 369//150 2113//150
f 375//150 374//150 2112//150
f 565//150 424//150 566//150
f 2190//150 2186//150 2108//150
f 566//150 424//150 567//150
f 374//150 2113//150 2112//150
f 379//150 375//150 2112//150
f 2186//150 2185//150 2114//150
f 567//150 424//150 154//150
f 2185//150 2178//150 2114//150
f 158//150 2191//150 2108//150
f 380//150 379//150 2112//150
f 386//150 380//150 2112//150
f 365//150 2113//150 547//150
f 366//150 365//150 547//150
f 547//150 2113//150 548//150
f 2201//150 2200//150 183//150
f 2201//150 183//150 2204//150
f 183//150 182//150 2214//150
f 2204//150 183//150 2205//150
f 182//150 181//150 2218//150
f 181//150 179//150 2221//150
f 2205//150 183//150 2208//150
f 2208//150 183//150 2209//150
f 179//150 178//150 2231//150
f 2209//150 183//150 2213//150
f 2213//150 183//150 2214//150
f 2214//150 182//150 2215//150
f 178//150 2110//150 2238//150
f 2215//150 182//150 2218//150
f 2110//150 2114//150 2178//150
f 2218//150 181//150 2219//150
f 2114//150 2108//150 2186//150
f 2219//150 181//150 2221//150
f 2221//150 179//150 2225//150
f 2225//150 179//150 2226//150
f 2226//150 179//150 2231//150
f 2231//150 178//150 2232//150
f 2232//150 178//150 2233//150
f 2233//150 178//150 2238//150
f 2238//150 2110//150 2177//150
f 2177//150 2110//150 2178//150
f 447//150 486//150 449//150
f 486//150 447//150 446//150
f 424//150 426//150 422//150
f 424//150 422//150 421//150
f 424//150 421//150 423//150
f 2113//150 486//150 548//150
f 486//150 446//150 448//150
f 486//150 448//150 450//150
f 367//150 366//150 546//150
f 486//150 450//150 451//150
f 486//150 451//150 452//150
f 486//150 452//150 453//150
f 486//150 453//150 548//150
f 372//150 367//150 546//150
f 366//150 547//150 546//150
f 373//150 372//150 541//150
f 378//150 373//150 541//150
f 372//150 546//150 541//150
f 378//150 541//150 540//150
f 383//150 378//150 540//150
f 384//150 383//150 540//150
f 384//150 540//150 539//150
f 385//150 384//150 539//150
f 538//150 469//150 400//150
f 539//150 538//150 390//150
f 385//150 539//150 390//150
f 469//150 354//150 412//150
f 469//150 412//150 410//150
f 395//150 390//150 538//150
f 469//150 410//150 409//150
f 396//150 395//150 538//150
f 469//150 409//150 408//150
f 399//150 396//150 538//150
f 469//150 408//150 407//150
f 400//150 399//150 538//150
f 469//150 407//150 405//150
f 401//150 400//150 469//150
f 469//150 405//150 404//150
f 469//150 404//150 401//150
f 2980//4598 2974//4598 2973//4598
f 2566//4599 1109//4599 2466//4599
f 1109//4600 1111//4600 1112//4600
f 1113//4601 1109//4601 1112//4601
f 1113//4602 1117//4602 2466//4602
f 2466//4603 3869//4603 3863//4603
f 3863//4604 3861//4604 2563//4604
f 2466//4605 3863//4605 2566//4605
f 3863//4606 2563//4606 2566//4606
f 3862//4607 3866//4607 3757//4607
f 3866//4608 3758//4608 3757//4608
f 3757//4609 3760//4609 3854//4609
f 3841//4610 3840//4610 2360//4610
f 3757//4611 3854//4611 3841//4611
f 3861//4612 3862//4612 2360//4612
f 3862//4613 3757//4613 3841//4613
f 3862//4614 3841//4614 2360//4614
f 2360//4615 2565//4615 3861//4615
f 2565//4616 2563//4616 3861//4616
f 2563//4617 2562//4617 2566//4617
f 2390//4618 2347//4618 2356//4618
f 2347//4619 2355//4619 2356//4619
f 2870//4620 2859//4620 2869//4620
f 2859//4621 2858//4621 2855//4621
f 3122//4622 3123//4622 3113//4622
f 2138//4623 2003//4623 2139//4623
f 774//4624 775//4624 699//4624
f 1253//4625 1252//4625 1247//4625
f 3053//4626 3026//4626 3064//4626
f 3064//4627 3059//4627 3053//4627
f 969//4628 968//4628 967//4628
f 1452//4629 1450//4629 1454//4629
f 755//4630 480//4630 479//4630
f 1974//4631 1975//4631 1976//4631
f 325//215 323//215 280//215
f 280//215 279//215 324//215
f 279//215 284//215 301//215
f 332//215 279//215 331//215
f 284//215 283//215 298//215
f 283//215 288//215 291//215
f 288//215 287//215 317//215
f 287//215 280//215 310//215
f 280//215 303//215 302//215
f 324//215 325//215 280//215
f 280//215 302//215 305//215
f 329//215 324//215 279//215
f 280//215 305//215 306//215
f 328//215 329//215 279//215
f 280//4632 306//4632 314//4632
f 332//215 328//215 279//215
f 280//4633 314//4633 312//4633
f 280//215 312//215 313//215
f 331//215 279//215 336//215
f 280//215 313//215 311//215
f 280//215 311//215 310//215
f 336//215 279//215 335//215
f 310//215 308//215 287//215
f 335//215 279//215 339//215
f 339//215 279//215 301//215
f 308//215 309//215 287//215
f 309//215 307//215 287//215
f 299//215 301//215 284//215
f 307//215 304//215 287//215
f 300//215 299//215 284//215
f 287//215 304//215 350//215
f 318//215 300//215 284//215
f 319//215 318//215 284//215
f 287//215 350//215 351//215
f 353//215 319//215 284//215
f 287//215 351//215 352//215
f 349//215 353//215 284//215
f 287//215 352//215 316//215
f 348//215 349//215 284//215
f 287//215 316//215 317//215
f 346//215 348//215 284//215
f 288//215 317//215 296//215
f 347//215 346//215 284//215
f 288//215 296//215 297//215
f 341//215 347//215 284//215
f 288//215 297//215 295//215
f 342//215 341//215 284//215
f 288//215 295//215 293//215
f 298//215 342//215 284//215
f 288//215 293//215 292//215
f 340//215 298//215 283//215
f 338//215 340//215 283//215
f 288//215 292//215 294//215
f 337//215 338//215 283//215
f 288//215 294//215 315//215
f 334//215 337//215 283//215
f 288//215 315//215 289//215
f 333//215 334//215 283//215
f 288//215 289//215 290//215
f 333//215 283//215 330//215
f 288//215 290//215 291//215
f 330//215 283//215 327//215
f 291//215 326//215 283//215
f 327//215 283//215 326//215
f 133//4634 1663//4634 2083//4634
f 1663//4635 1664//4635 2083//4635
f 2083//4636 121//4636 133//4636
f 133//4637 121//4637 132//4637
f 121//4638 128//4638 129//4638
f 129//4639 131//4639 121//4639
f 1152//4640 1158//4640 1159//4640
f 1468//4641 1470//4641 1505//4641
f 1505//4642 1508//4642 1509//4642
f 2100//4643 2101//4643 2095//4643
f 3044//4644 3045//4644 3035//4644
f 2204//4645 2205//4645 61//4645
f 3333//4646 3341//4646 3339//4646
f 3339//4647 3196//4647 3195//4647
f 3195//4648 3333//4648 3339//4648
f 2382//4649 2383//4649 2541//4649
f 1375//4650 1387//4650 1380//4650
f 84//4651 2068//4651 2072//4651
f 257//4652 2447//4652 2088//4652
f 2447//4653 104//4653 105//4653
f 84//4654 2072//4654 2126//4654
f 2072//4655 257//4655 2126//4655
f 258//4656 2126//4656 257//4656
f 2049//4657 180//4657 257//4657
f 180//4658 258//4658 257//4658
f 2089//4659 2046//4659 257//4659
f 2046//4660 2049//4660 257//4660
f 105//4661 2088//4661 2447//4661
f 3602//4662 1082//4662 3593//4662
f 1082//4663 496//4663 3593//4663
f 496//4664 3601//4664 3593//4664
f 190//4665 189//4665 2624//4665
f 66//4666 2209//4666 2213//4666
f 1017//1443 2110//1443 178//1443
f 1016//1444 2108//1444 2114//1444
f 3421//4667 3420//4667 3398//4667
f 3420//4668 2386//4668 2362//4668
f 2386//4669 2383//4669 2385//4669
f 2386//4670 2385//4670 2362//4670
f 3397//4671 3421//4671 3398//4671
f 3420//4672 2362//4672 3398//4672
f 2122//4673 2123//4673 2124//4673
f 2124//4674 214//4674 2122//4674
f 214//4675 215//4675 2122//4675
f 215//4676 218//4676 2122//4676
f 218//4677 2145//4677 2122//4677
f 2145//4678 144//4678 137//4678
f 1559//4679 1554//4679 1553//4679
f 1553//4680 1562//4680 1559//4680
f 625//4681 600//4681 797//4681
f 1226//4682 1230//4682 1231//4682
f 807//4683 122//4683 3554//4683
f 3554//4684 3577//4684 3581//4684
f 3581//4685 3580//4685 3579//4685
f 3579//4686 3551//4686 3578//4686
f 3578//4687 3552//4687 970//4687
f 970//4688 807//4688 3578//4688
f 807//1458 3554//1458 3581//1458
f 3578//4689 807//4689 3579//4689
f 1682//4690 1680//4690 1681//4690
f 128//4691 1702//4691 1684//4691
f 1684//4692 1678//4692 128//4692
f 1678//4693 1676//4693 129//4693
f 1211//4694 995//4694 2102//4694
f 3607//479 3606//479 3620//479
f 3621//479 3622//479 3623//479
f 3622//479 3619//479 3623//479
f 3620//479 3621//479 3612//479
f 3607//479 3620//479 3612//479
f 2620//4695 2624//4695 2623//4695
f 3799//596 3796//596 3801//596
f 3796//4696 3795//4696 3802//4696
f 3797//596 3796//596 3802//596
f 3797//596 3801//596 3796//596
f 3801//596 3800//596 3799//596
f 996//4697 2247//4697 2102//4697
f 2247//4698 2103//4698 2102//4698
f 2244//4699 2242//4699 2333//4699
f 2333//4700 2334//4700 2332//4700
f 2688//4701 2678//4701 2686//4701
f 3769//4702 3667//4702 3668//4702
f 1651//4703 234//4703 1677//4703
f 3272//4704 3270//4704 3269//4704
f 3270//4705 3183//4705 3271//4705
f 3275//4706 3277//4706 2415//4706
f 2828//4707 3534//4707 3433//4707
f 3267//4708 3268//4708 3263//4708
f 2161//4709 936//4709 941//4709
f 922//4710 923//4710 2162//4710
f 1190//4711 1191//4711 1192//4711
f 2155//4712 925//4712 937//4712
f 2166//4713 910//4713 911//4713
f 551//1482 545//1482 546//1482
f 2323//4714 2322//4714 2310//4714
f 2310//4715 2308//4715 2307//4715
f 452//1490 552//1490 549//1490
f 3635//32 3633//32 3626//32
f 3633//32 3634//32 3626//32
f 630//4716 870//4716 869//4716
f 2179//4717 2180//4717 32//4717
f 2182//4718 41//4718 45//4718
f 2181//4719 2187//4719 30//4719
f 39//4720 53//4720 2185//4720
f 3686//4721 2467//4721 2459//4721
f 2467//4722 2468//4722 2459//4722
f 2468//4723 2551//4723 2557//4723
f 2557//4724 2459//4724 2468//4724
f 2459//4725 3680//4725 3669//4725
f 2168//4726 2162//4726 923//4726
f 2188//4727 26//4727 31//4727
f 293//4728 385//4728 390//4728
f 35//4729 39//4729 2186//4729
f 2194//4730 73//4730 77//4730
f 25//4731 2197//4731 2200//4731
f 2191//4732 77//4732 36//4732
f 2198//4733 68//4733 74//4733
f 74//4734 73//4734 2195//4734
f 2198//4735 2199//4735 68//4735
f 24//4736 25//4736 2200//4736
f 163//1505 154//1505 155//1505
f 2177//4737 2178//4737 92//4737
f 372//4738 373//4738 316//4738
f 69//4739 67//4739 2202//4739
f 475//4740 476//4740 477//4740
f 64//4741 2206//4741 2207//4741
f 2203//4742 2206//4742 63//4742
f 2903//4743 2964//4743 2956//4743
f 2205//4744 65//4744 62//4744
f 2211//4745 57//4745 59//4745
f 2217//4746 56//4746 55//4746
f 628//4747 835//4747 836//4747
f 844//4748 846//4748 623//4748
f 781//4749 715//4749 700//4749
f 2222//4750 38//4750 37//4750
f 2222//4751 2223//4751 38//4751
f 874//4752 870//4752 639//4752
f 52//4753 96//4753 2234//4753
f 297//4754 383//4754 384//4754
f 591//4755 592//4755 594//4755
f 3950//4756 3949//4756 442//4756
f 52//4757 2235//4757 2239//4757
f 411//4758 343//4758 325//4758
f 2239//4759 2240//4759 51//4759
f 2240//4760 2179//4760 33//4760
f 2241//4761 2183//4761 47//4761
f 2238//4762 2177//4762 92//4762
f 881//4763 876//4763 644//4763
f 2241//4764 47//4764 46//4764
f 2884//4765 2885//4765 2937//4765
f 595//1531 455//1531 2242//1531
f 455//1531 454//1531 2242//1531
f 2242//1531 2244//1531 595//1531
f 2244//1531 2243//1531 596//1531
f 2243//1531 997//1531 972//1531
f 597//1531 2243//1531 972//1531
f 2243//1531 597//1531 596//1531
f 596//1531 595//1531 2244//1531
f 997//1531 996//1531 974//1531
f 972//1531 997//1531 974//1531
f 996//1531 995//1531 976//1531
f 974//1531 996//1531 976//1531
f 1221//1531 976//1531 1211//1531
f 1211//1531 976//1531 995//1531
f 1220//1531 1221//1531 1212//1531
f 1218//1531 1219//1531 1217//1531
f 1219//1531 1220//1531 1217//1531
f 1216//1531 1217//1531 1220//1531
f 1215//1531 1214//1531 1213//1531
f 1214//1531 1216//1531 1213//1531
f 1212//1531 1213//1531 1216//1531
f 1211//1531 1212//1531 1221//1531
f 1537//4766 1943//4766 1538//4766
f 1943//4767 1940//4767 1942//4767
f 412//4768 354//4768 334//4768
f 2766//4769 2773//4769 2752//4769
f 162//1539 155//1539 156//1539
f 639//4770 875//4770 874//4770
f 2150//4771 2152//4771 945//4771
f 1018//1541 2114//1541 2110//1541
f 203//4772 324//4772 329//4772
f 1005//4773 1003//4773 1004//4773
f 3945//3340 3946//3340 903//3340
f 3946//3340 3947//3340 903//3340
f 903//4774 902//4774 3945//4774
f 2263//4775 1161//4775 2265//4775
f 2265//4776 2264//4776 2254//4776
f 2254//4777 2255//4777 2261//4777
f 2261//4778 2263//4778 2265//4778
f 2460//4779 2387//4779 2389//4779
f 1709//4780 1710//4780 1174//4780
f 1362//4781 1363//4781 1361//4781
f 3838//682 3825//682 3837//682
f 3825//682 3827//682 3837//682
f 3837//4782 3820//4782 3838//4782
f 1951//4783 1946//4783 1948//4783
f 3677//4784 2507//4784 3679//4784
f 2507//4785 3808//4785 3679//4785
f 3806//4786 3805//4786 3695//4786
f 3808//4787 3806//4787 3679//4787
f 3193//4788 3325//4788 3326//4788
f 3417//4789 3418//4789 3399//4789
f 3786//4790 3780//4790 3887//4790
f 3409//4791 3476//4791 2761//4791
f 3027//4792 2997//4792 3038//4792
f 3038//4793 3033//4793 3027//4793
f 3934//4794 3952//4794 1222//4794
f 3952//4795 3953//4795 1222//4795
f 1222//4796 1224//4796 3934//4796
f 1224//4797 1229//4797 3938//4797
f 2582//4798 2586//4798 2585//4798
f 1399//4799 1386//4799 1385//4799
f 1170//4800 1157//4800 1158//4800
f 2601//4801 1026//4801 2598//4801
f 1026//4802 1024//4802 1022//4802
f 184//4803 3870//4803 2453//4803
f 3870//4804 3881//4804 3799//4804
f 2453//4805 3870//4805 3799//4805
f 3906//4806 3699//4806 3796//4806
f 3699//4807 3690//4807 3788//4807
f 3796//4808 3699//4808 3788//4808
f 3689//4809 3696//4809 3789//4809
f 3690//4810 3689//4810 3788//4810
f 3689//4811 3789//4811 3788//4811
f 2453//4812 185//4812 184//4812
f 3881//4813 3906//4813 3799//4813
f 2025//4814 2023//4814 2004//4814
f 926//4815 933//4815 927//4815
f 927//4816 928//4816 926//4816
f 928//4817 930//4817 926//4817
f 930//4818 2170//4818 931//4818
f 2012//4819 1//4819 4//4819
f 1//4820 3//4820 4//4820
f 4//4821 3//4821 2//4821
f 2998//4822 3001//4822 3012//4822
f 3204//4823 3207//4823 3213//4823
f 3705//4824 3728//4824 3609//4824
f 3604//4825 3708//4825 3705//4825
f 3932//4826 3582//4826 3595//4826
f 3595//4827 3604//4827 3705//4827
f 3705//4828 3609//4828 3595//4828
f 3609//4829 3607//4829 3932//4829
f 3607//4830 1090//4830 1085//4830
f 1090//4831 1091//4831 1085//4831
f 1091//4832 1083//4832 1085//4832
f 3609//4833 3932//4833 3595//4833
f 1//4834 2012//4834 431//4834
f 2287//4835 2284//4835 2285//4835
f 2284//4836 2286//4836 2285//4836
f 2752//4837 2763//4837 2751//4837
f 2891//4838 2892//4838 2888//4838
f 2888//4839 2894//4839 2714//4839
f 2713//4840 2712//4840 2879//4840
f 2872//4841 2838//4841 2837//4841
f 2872//4842 2837//4842 2836//4842
f 2714//4843 2713//4843 2879//4843
f 2889//4844 2891//4844 2888//4844
f 2888//4845 2714//4845 2879//4845
f 2879//4846 2872//4846 2832//4846
f 2872//4847 2836//4847 2832//4847
f 2890//4848 2889//4848 2888//4848
f 2879//4849 2832//4849 2831//4849
f 2886//4850 2890//4850 2888//4850
f 2879//4851 2831//4851 2888//4851
f 1723//4852 1721//4852 1722//4852
f 1799//4853 1822//4853 1820//4853
f 1822//4854 1821//4854 1820//4854
f 1820//4855 1800//4855 1799//4855
f 2305//4856 2303//4856 2059//4856
f 3921//4857 3922//4857 3812//4857
f 3820//479 3819//479 3821//479
f 3819//479 3818//479 3823//479
f 3819//479 3823//479 3821//479
f 753//1597 2445//1597 2444//1597
f 1428//4858 1431//4858 1432//4858
f 2388//4859 2356//4859 2357//4859
f 1708//4860 1704//4860 1711//4860
f 2444//4861 3576//4861 3553//4861
f 3576//4862 3575//4862 3553//4862
f 3575//4863 3573//4863 3553//4863
f 1199//4864 1208//4864 1209//4864
f 1048//4865 1149//4865 1047//4865
f 2387//4866 2357//4866 2354//4866
f 2387//4867 2354//4867 2389//4867
f 1255//4868 1257//4868 1251//4868
f 1046//4869 2608//4869 201//4869
f 2055//4870 2048//4870 2542//4870
f 1915//4871 1922//4871 1610//4871
f 1610//4872 1608//4872 1913//4872
f 1041//4873 1056//4873 1048//4873
f 1056//4874 1146//4874 1048//4874
f 1048//4875 1044//4875 1041//4875
f 2339//4876 2340//4876 2491//4876
f 2340//4877 2485//4877 2491//4877
f 2485//4878 2486//4878 1038//4878
f 1039//4879 2615//4879 2609//4879
f 1028//4880 1030//4880 1031//4880
f 1039//4881 2609//4881 1028//4881
f 1038//4882 1039//4882 1028//4882
f 1031//4883 1037//4883 2485//4883
f 1037//4884 2491//4884 2485//4884
f 1038//4885 1028//4885 2485//4885
f 1028//4886 1031//4886 2485//4886
f 1107//4887 2483//4887 2482//4887
f 2628//4888 2629//4888 2626//4888
f 2629//4889 2533//4889 2626//4889
f 2533//4890 2532//4890 2626//4890
f 1135//4891 2626//4891 2532//4891
f 1135//4892 2532//4892 2527//4892
f 2528//4893 1136//4893 1135//4893
f 1261//4894 1260//4894 1255//4894
f 1227//4895 1231//4895 1207//4895
f 3054//4896 3060//4896 3019//4896
f 1499//4897 1498//4897 1692//4897
f 2058//4898 2057//4898 2304//4898
f 2304//4899 2299//4899 2301//4899
f 2301//4900 2305//4900 2304//4900
f 3350//4901 3351//4901 3324//4901
f 3230//4902 3231//4902 3225//4902
f 3//4903 964//4903 9//4903
f 1396//4904 1388//4904 1387//4904
f 249//4905 2326//4905 2327//4905
f 141//4906 140//4906 2324//4906
f 2324//4907 1515//4907 1514//4907
f 2420//4908 2480//4908 2498//4908
f 2480//4909 2481//4909 2498//4909
f 2498//4910 2419//4910 2420//4910
f 2032//4911 2037//4911 2039//4911
f 3824//424 3826//424 3827//424
f 1051//4912 1050//4912 1044//4912
f 1044//4913 1047//4913 1049//4913
f 1189//4914 1188//4914 1185//4914
f 3651//596 3661//596 3662//596
f 3937//4915 3938//4915 1229//4915
f 2824//4916 2842//4916 2825//4916
f 1527//4917 1519//4917 1516//4917
f 1681//4918 1691//4918 1692//4918
f 1693//4919 1695//4919 1699//4919
f 2574//4920 2573//4920 3715//4920
f 3596//4921 3598//4921 3700//4921
f 3598//4922 2574//4922 3715//4922
f 3700//4923 3598//4923 3715//4923
f 3708//4924 3604//4924 3596//4924
f 1236//4925 1237//4925 1234//4925
f 1548//4926 1535//4926 1582//4926
f 2850//4927 2745//4927 2742//4927
f 3804//4928 3697//4928 3698//4928
f 1066//4929 1055//4929 1054//4929
f 1023//4930 1025//4930 115//4930
f 2334//4931 2333//4931 2338//4931
f 2333//4932 438//4932 2338//4932
f 438//4933 2336//4933 2338//4933
f 2335//4934 2337//4934 2338//4934
f 2253//4935 2252//4935 2258//4935
f 2258//4936 222//4936 2250//4936
f 2251//4937 2255//4937 2253//4937
f 2253//4938 2258//4938 2250//4938
f 657//4939 810//4939 811//4939
f 3011//4940 3005//4940 3004//4940
f 2228//4941 95//4941 94//4941
f 328//4942 204//4942 205//4942
f 3352//4943 3353//4943 3350//4943
f 3353//4944 3197//4944 3351//4944
f 1939//4945 1936//4945 1351//4945
f 1936//4946 1229//4946 1351//4946
f 3851//479 3849//479 3850//479
f 3849//479 3848//479 3850//479
f 3850//479 3836//479 3851//479
f 2346//4947 2355//4947 2349//4947
f 2355//4948 2420//4948 2349//4948
f 1162//4949 1161//4949 1443//4949
f 1326//4950 2011//4950 1341//4950
f 3467//4951 3474//4951 3465//4951
f 2271//4952 1207//4952 2671//4952
f 2788//4953 2786//4953 2963//4953
f 3075//4954 3086//4954 3080//4954
f 1418//4955 1417//4955 1801//4955
f 1090//4956 2604//4956 2600//4956
f 3299//4957 3300//4957 3298//4957
f 3298//4958 3302//4958 3301//4958
f 1897//4959 1895//4959 1423//4959
f 993//4960 2104//4960 2249//4960
f 2104//4961 2103//4961 2249//4961
f 3724//32 3725//32 3726//32
f 2435//4962 2434//4962 2440//4962
f 2434//4963 2438//4963 2439//4963
f 749//4964 658//4964 669//4964
f 2934//4965 2938//4965 2931//4965
f 1555//4966 1552//4966 1557//4966
f 1557//4967 1550//4967 1555//4967
f 1545//4968 1520//4968 1562//4968
f 174//1704 182//1704 183//1704
f 1958//4969 1959//4969 1974//4969
f 3383//4970 3384//4970 3361//4970
f 2266//4971 2267//4971 2268//4971
f 2048//4972 2047//4972 2547//4972
f 2952//4973 2948//4973 2716//4973
f 3235//4974 3236//4974 3232//4974
f 3236//4975 3176//4975 3234//4975
f 1245//4976 1248//4976 1249//4976
f 2426//4977 2424//4977 2425//4977
f 2425//4978 2487//4978 2426//4978
f 2490//4979 2487//4979 2489//4979
f 2418//4980 2417//4980 2372//4980
f 3707//4981 3605//4981 2427//4981
f 3605//4982 3594//4982 2427//4982
f 2230//4983 48//4983 49//4983
f 3211//4984 3212//4984 3210//4984
f 1083//4985 1091//4985 1089//4985
f 2079//4986 2081//4986 2078//4986
f 2081//4987 2086//4987 2087//4987
f 1699//4988 1700//4988 148//4988
f 3861//596 3863//596 3853//596
f 3853//596 3863//596 2456//596
f 3863//596 3869//596 2456//596
f 3424//4989 3482//4989 3486//4989
f 3486//4990 3488//4990 3487//4990
f 3487//4991 2443//4991 3423//4991
f 2443//4992 2442//4992 3423//4992
f 3444//4993 3426//4993 3424//4993
f 3424//4994 3486//4994 3487//4994
f 3423//4995 3447//4995 3424//4995
f 3447//4996 3444//4996 3424//4996
f 1969//4997 1976//4997 1971//4997
f 1971//4998 1310//4998 1969//4998
f 1510//4999 1499//4999 1694//4999
f 3711//424 3710//424 3712//424
f 2488//5000 264//5000 2487//5000
f 264//5001 263//5001 2487//5001
f 2554//5002 2559//5002 2144//5002
f 2366//5003 2367//5003 2370//5003
f 2367//5004 2425//5004 2370//5004
f 2377//5005 2368//5005 2398//5005
f 2301//5006 2298//5006 1492//5006
f 2005//5007 2141//5007 2657//5007
f 3838//5008 3625//5008 3726//5008
f 3625//5009 3618//5009 3723//5009
f 3726//5010 3625//5010 3723//5010
f 3618//5011 3624//5011 3729//5011
f 3618//5012 3729//5012 3723//5012
f 2131//5013 3832//5013 2132//5013
f 3832//5014 3824//5014 2132//5014
f 2119//5015 2132//5015 3844//5015
f 3834//5016 2132//5016 3824//5016
f 3834//5017 3844//5017 2132//5017
f 3738//5018 3851//5018 3739//5018
f 3851//5019 3835//5019 3739//5019
f 3835//5020 3834//5020 3824//5020
f 3726//5021 3739//5021 3838//5021
f 3739//5022 3835//5022 3825//5022
f 3835//5023 3824//5023 3825//5023
f 2896//5024 2898//5024 2925//5024
f 1153//5025 1159//5025 1160//5025
f 2804//5026 3442//5026 3441//5026
f 1689//5027 1687//5027 1484//5027
f 3140//5028 3150//5028 3145//5028
f 1828//5029 1741//5029 1742//5029
f 1741//5030 1733//5030 1735//5030
f 1733//5031 1732//5031 1735//5031
f 2219//5032 2221//5032 78//5032
f 916//5033 2159//5033 2160//5033
f 1338//5034 1336//5034 1340//5034
f 2460//5035 2465//5035 2462//5035
f 2465//5036 2580//5036 2583//5036
f 2580//5037 2585//5037 2583//5037
f 3792//424 3793//424 3794//424
f 2074//5038 2075//5038 3621//5038
f 2614//5039 3564//5039 3562//5039
f 3079//5040 3052//5040 3090//5040
f 3090//5041 3085//5041 3079//5041
f 3395//5042 3284//5042 3396//5042
f 3396//5043 3394//5043 3395//5043
f 1636//5044 1635//5044 1618//5044
f 3656//479 3655//479 3657//479
f 3655//479 3652//479 3654//479
f 3654//479 3657//479 3655//479
f 2939//5045 2942//5045 2779//5045
f 3603//5046 3599//5046 3596//5046
f 3596//244 3604//244 3605//244
f 3604//244 3595//244 3594//244
f 3605//244 3604//244 3594//244
f 897//5047 903//5047 3947//5047
f 3947//5048 898//5048 899//5048
f 439//5049 425//5049 4//5049
f 4//5050 2//5050 3956//5050
f 3319//5051 3320//5051 3318//5051
f 2419//5052 2498//5052 2417//5052
f 1572//5053 1573//5053 1574//5053
f 1573//5054 1579//5054 1576//5054
f 1716//5055 1267//5055 1263//5055
f 1263//5056 1454//5056 1716//5056
f 1454//5057 1457//5057 1458//5057
f 1454//5058 1458//5058 1727//5058
f 1029//5059 198//5059 1027//5059
f 198//5060 197//5060 1027//5060
f 2368//5061 2366//5061 3542//5061
f 2366//5062 2370//5062 3542//5062
f 1516//5063 1517//5063 1518//5063
f 920//5064 2151//5064 2150//5064
f 1626//5065 1628//5065 1637//5065
f 2144//5066 2559//5066 1133//5066
f 3911//424 3914//424 3913//424
f 3913//424 3910//424 3911//424
f 3910//424 3912//424 3911//424
f 2106//5067 572//5067 1015//5067
f 1015//5068 2109//5068 2106//5068
f 2109//5069 2107//5069 2106//5069
f 922//5070 2162//5070 2163//5070
f 1142//5071 1134//5071 1132//5071
f 1070//5072 2616//5072 2622//5072
f 587//5073 1011//5073 588//5073
f 1460//5074 1453//5074 1452//5074
f 1736//1780 1739//1780 419//1780
f 1739//5075 420//5075 419//5075
f 2278//5076 265//5076 2117//5076
f 2117//5077 2281//5077 2278//5077
f 2596//5078 2545//5078 136//5078
f 3817//596 3828//596 3829//596
f 3828//596 3830//596 3831//596
f 3829//596 3828//596 3831//596
f 1407//1782 1415//1782 1176//1782
f 1084//5079 1083//5079 1088//5079
f 2121//5080 2122//5080 2072//5080
f 2540//5081 2536//5081 2534//5081
f 2695//5082 2697//5082 2690//5082
f 3925//244 3920//244 3924//244
f 3920//244 3919//244 3924//244
f 3924//244 3926//244 3925//244
f 3926//244 3913//244 3930//244
f 3913//244 3914//244 3930//244
f 1617//5083 1616//5083 1613//5083
f 1363//5084 1334//5084 1345//5084
f 2564//5085 2567//5085 2562//5085
f 2567//5086 2566//5086 2562//5086
f 2562//5087 2530//5087 2564//5087
f 868//5088 864//5088 608//5088
f 674//5089 886//5089 884//5089
f 6//5090 1563//5090 1571//5090
f 1563//5091 1569//5091 1571//5091
f 86//5092 85//5092 2570//5092
f 2348//5093 2350//5093 2351//5093
f 2560//5094 2558//5094 2553//5094
f 525//5095 529//5095 523//5095
f 3805//479 3806//479 3803//479
f 3803//1596 3807//1596 3805//1596
f 3807//479 3804//479 3805//479
f 3804//479 3790//479 3789//479
f 3790//479 3787//479 3788//479
f 3789//479 3790//479 3788//479
f 1711//5096 1709//5096 1173//5096
f 708//5097 779//5097 780//5097
f 1453//5098 1451//5098 1450//5098
f 2009//5099 1342//5099 1341//5099
f 3750//479 3747//479 3742//479
f 3747//3216 3744//3216 3742//3216
f 3742//479 3748//479 3750//479
f 3748//479 3751//479 3749//479
f 1448//5100 1265//5100 1243//5100
f 1265//5101 1271//5101 1242//5101
f 1243//5102 1265//5102 1242//5102
f 1243//5103 1717//5103 1448//5103
f 1260//5104 1266//5104 1257//5104
f 1072//5105 1075//5105 1073//5105
f 3096//5106 3097//5106 3087//5106
f 1163//5107 1162//5107 1437//5107
f 2889//5108 2912//5108 2911//5108
f 2465//5109 2464//5109 2579//5109
f 3847//5110 3855//5110 2120//5110
f 2120//5111 2119//5111 3847//5111
f 2901//5112 2955//5112 2695//5112
f 1324//5113 2028//5113 1325//5113
f 1827//5114 1833//5114 1834//5114
f 1719//5115 1728//5115 1720//5115
f 3105//5116 3078//5116 3116//5116
f 3116//5117 3111//5117 3105//5117
f 3750//5118 3640//5118 3641//5118
f 1413//5119 1404//5119 1410//5119
f 100//5120 3567//5120 3566//5120
f 2898//5121 2814//5121 2813//5121
f 975//5122 973//5122 974//5122
f 974//5123 976//5123 975//5123
f 976//5124 981//5124 975//5124
f 977//5125 979//5125 975//5125
f 1332//5126 1335//5126 1333//5126
f 1785//5127 1774//5127 1775//5127
f 2076//5128 3628//5128 3622//5128
f 3622//5129 3621//5129 2075//5129
f 2805//5130 2807//5130 2809//5130
f 1703//5131 1707//5131 1708//5131
f 1633//5132 1629//5132 1625//5132
f 3905//5133 3923//5133 3815//5133
f 3923//5134 3814//5134 3815//5134
f 3815//5135 2392//5135 3905//5135
f 2954//5136 2892//5136 2891//5136
f 1307//5137 1311//5137 1323//5137
f 505//5138 2442//5138 2443//5138
f 2443//5139 103//5139 505//5139
f 103//5140 111//5140 505//5140
f 111//5141 110//5141 505//5141
f 3906//682 3881//682 3897//682
f 3881//2378 3880//2378 3897//2378
f 3897//682 3898//682 3906//682
f 3898//682 3888//682 3906//682
f 1094//5142 1115//5142 1116//5142
f 1515//5143 2324//5143 139//5143
f 3018//5144 3019//5144 3009//5144
f 2735//5145 2860//5145 2861//5145
f 756//5146 758//5146 633//5146
f 3286//5147 3288//5147 3285//5147
f 3285//5148 3287//5148 3286//5148
f 1542//5149 1150//5149 1573//5149
f 1239//5150 1240//5150 1241//5150
f 1030//5151 1028//5151 1027//5151
f 1034//5152 1035//5152 1036//5152
f 1030//5153 1027//5153 1034//5153
f 2024//5154 2022//5154 2023//5154
f 3777//5155 3786//5155 3877//5155
f 2269//5156 2272//5156 2273//5156
f 2273//5157 2267//5157 2269//5157
f 2267//5158 2266//5158 2271//5158
f 2269//5159 2267//5159 2271//5159
f 1012//5160 1007//5160 985//5160
f 1546//5161 441//5161 440//5161
f 2028//5162 1996//5162 2027//5162
f 2735//5163 2730//5163 2733//5163
f 1247//5164 1245//5164 1246//5164
f 2973//5165 2974//5165 2965//5165
f 508//5166 461//5166 512//5166
f 1683//5167 1679//5167 1685//5167
f 3092//5168 3065//5168 3103//5168
f 3103//5169 3098//5169 3092//5169
f 2331//5170 2330//5170 2312//5170
f 2312//5171 228//5171 2331//5171
f 497//5172 498//5172 493//5172
f 493//5173 491//5173 488//5173
f 1577//5174 1581//5174 1419//5174
f 1581//5175 1580//5175 1419//5175
f 578//5176 580//5176 573//5176
f 3727//5177 2427//5177 3594//5177
f 3583//5178 3611//5178 164//5178
f 3611//5179 165//5179 164//5179
f 3727//5180 3594//5180 3583//5180
f 1638//5181 1626//5181 245//5181
f 243//5182 242//5182 1648//5182
f 1638//5183 245//5183 243//5183
f 984//5184 986//5184 982//5184
f 1078//5185 1032//5185 3648//5185
f 3648//5186 1032//5186 3639//5186
f 1032//5187 1021//5187 3639//5187
f 1021//5188 3636//5188 3639//5188
f 3647//5189 1078//5189 3648//5189
f 1411//5190 1434//5190 1440//5190
f 1969//5191 1309//5191 1970//5191
f 1968//1858 1974//1858 1969//1858
f 2551//5192 2468//5192 2550//5192
f 2468//5193 2467//5193 2550//5193
f 2467//5194 3686//5194 3687//5194
f 3687//5195 2549//5195 2467//5195
f 2877//5196 2878//5196 2875//5196
f 3038//5197 2997//5197 3176//5197
f 2997//1862 3175//1862 3176//1862
f 3176//5198 3177//5198 3038//5198
f 1522//5199 1521//5199 1698//5199
f 463//1531 418//1531 417//1531
f 463//1531 417//1531 428//1531
f 417//1531 457//1531 428//1531
f 429//1531 428//1531 445//1531
f 430//1531 428//1531 458//1531
f 441//1531 445//1531 428//1531
f 444//1531 440//1531 442//1531
f 440//1531 441//1531 443//1531
f 443//1531 442//1531 440//1531
f 425//1531 439//1531 428//1531
f 439//1531 443//1531 441//1531
f 430//1531 431//1531 428//1531
f 431//1531 425//1531 428//1531
f 439//1531 441//1531 428//1531
f 457//1531 459//1531 428//1531
f 2552//5200 2553//5200 2559//5200
f 2559//5201 2554//5201 2552//5201
f 3842//5202 3849//5202 3745//5202
f 3849//5203 3734//5203 3745//5203
f 2120//5204 3855//5204 3839//5204
f 2523//5205 225//5205 2120//5205
f 2457//5206 2469//5206 2458//5206
f 2456//5207 2469//5207 2457//5207
f 3759//5208 3860//5208 3842//5208
f 3860//5209 3853//5209 3839//5209
f 3842//5210 3860//5210 3839//5210
f 2456//5211 2457//5211 3853//5211
f 2458//5212 2522//5212 2523//5212
f 2457//5213 2458//5213 2120//5213
f 3853//5214 2457//5214 2120//5214
f 2458//5215 2523//5215 2120//5215
f 2120//5216 3839//5216 3853//5216
f 3742//5217 3745//5217 3734//5217
f 3642//5218 3742//5218 3736//5218
f 3736//5219 3742//5219 3734//5219
f 3746//5220 112//5220 3626//5220
f 112//5221 116//5221 3644//5221
f 3626//5222 112//5222 3644//5222
f 3634//5223 3642//5223 3736//5223
f 3746//5224 3626//5224 3634//5224
f 3736//5225 3746//5225 3634//5225
f 3414//5226 3416//5226 3412//5226
f 3416//5227 3278//5227 3273//5227
f 3273//5228 3244//5228 3416//5228
f 3244//5229 3412//5229 3416//5229
f 2437//5230 2445//5230 753//5230
f 753//5231 971//5231 2429//5231
f 224//5232 223//5232 1110//5232
f 223//5233 1066//5233 1110//5233
f 2520//5234 2521//5234 2518//5234
f 2518//5235 2519//5235 2520//5235
f 3756//244 3759//244 3758//244
f 3759//244 3757//244 3758//244
f 3758//244 3753//244 3756//244
f 2706//5236 2708//5236 2712//5236
f 1158//5237 2265//5237 1160//5237
f 1206//5238 1207//5238 1208//5238
f 898//1876 3947//1876 3946//1876
f 3946//1876 3951//1876 10//1876
f 3951//1876 3935//1876 3956//1876
f 3946//1876 3955//1876 898//1876
f 3935//1876 3936//1876 3950//1876
f 3936//1876 3949//1876 3950//1876
f 3950//1876 3956//1876 3935//1876
f 3956//1876 2//1876 3951//1876
f 2//1876 8//1876 3951//1876
f 8//1876 10//1876 3951//1876
f 2387//5239 2460//5239 2462//5239
f 2388//5240 2387//5240 2462//5240
f 1422//5241 1433//5241 1451//5241
f 3141//5242 3136//5242 3135//5242
f 1371//5243 1390//5243 2657//5243
f 2170//5244 2173//5244 2171//5244
f 3131//5245 3104//5245 3142//5245
f 3142//5246 3137//5246 3131//5246
f 1629//5247 1630//5247 1628//5247
f 3062//5248 3073//5248 3067//5248
f 2312//5249 2308//5249 2310//5249
f 2750//5250 2731//5250 2753//5250
f 2090//5251 2099//5251 2628//5251
f 2652//5252 2653//5252 2651//5252
f 83//5253 85//5253 84//5253
f 85//5254 86//5254 84//5254
f 86//5255 2069//5255 2068//5255
f 3057//5256 3058//5256 3048//5256
f 3403//5257 3408//5257 3404//5257
f 2687//5258 2686//5258 2945//5258
f 3814//5259 3923//5259 3908//5259
f 1252//5260 1251//5260 1245//5260
f 1826//5261 1894//5261 1833//5261
f 3437//5262 3439//5262 3445//5262
f 3439//5263 3438//5263 3441//5263
f 3442//5264 3445//5264 3439//5264
f 2118//5265 2127//5265 2564//5265
f 2247//5266 996//5266 997//5266
f 2619//5267 2620//5267 2617//5267
f 3660//5268 3667//5268 3765//5268
f 3667//5269 3769//5269 3765//5269
f 3659//5270 3660//5270 3785//5270
f 3660//5271 3765//5271 3785//5271
f 2587//5272 2589//5272 2597//5272
f 2597//5273 3673//5273 2587//5273
f 3673//5274 3672//5274 2587//5274
f 3672//5275 3659//5275 2587//5275
f 1568//5276 1562//5276 1520//5276
f 1520//5277 1542//5277 1568//5277
f 1687//5278 1689//5278 1688//5278
f 1689//5279 1673//5279 1672//5279
f 1688//5280 1689//5280 1672//5280
f 2044//5281 3885//5281 3895//5281
f 2490//5282 2489//5282 2511//5282
f 199//5283 198//5283 1029//5283
f 1025//5284 1023//5284 1022//5284
f 2705//5285 2702//5285 2934//5285
f 1060//5286 1062//5286 1063//5286
f 506//5287 2399//5287 2442//5287
f 2399//5288 3447//5288 3423//5288
f 2442//5289 2399//5289 3423//5289
f 2442//5290 505//5290 506//5290
f 506//5291 110//5291 2092//5291
f 2092//5292 2452//5292 506//5292
f 1679//5293 1681//5293 1686//5293
f 2747//5294 2748//5294 2746//5294
f 1614//5295 1468//5295 1509//5295
f 901//5296 900//5296 519//5296
f 519//5297 906//5297 901//5297
f 906//5298 905//5298 901//5298
f 904//5299 902//5299 901//5299
f 2303//5300 2296//5300 1489//5300
f 2296//5301 1490//5301 1489//5301
f 1489//5302 139//5302 2303//5302
f 2792//5303 2791//5303 2782//5303
f 798//5304 799//5304 621//5304
f 582//5305 578//5305 575//5305
f 3734//5306 3849//5306 3735//5306
f 3849//5307 3851//5307 3738//5307
f 169//5308 170//5308 171//5308
f 170//5309 172//5309 171//5309
f 171//5310 2137//5310 169//5310
f 2137//5311 2139//5311 499//5311
f 187//5312 186//5312 3920//5312
f 186//5313 3917//5313 3920//5313
f 1266//5314 1269//5314 1258//5314
f 437//5315 436//5315 2336//5315
f 438//5316 2333//5316 454//5316
f 2333//5317 2242//5317 454//5317
f 437//5315 2336//5315 438//5315
f 918//5318 202//5318 435//5318
f 918//5319 435//5319 437//5319
f 919//5320 913//5320 915//5320
f 915//5321 918//5321 437//5321
f 915//5322 437//5322 438//5322
f 2175//5323 919//5323 438//5323
f 919//5324 915//5324 438//5324
f 3677//424 3679//424 3674//424
f 3679//424 3678//424 3674//424
f 3675//424 3676//424 3677//424
f 3677//424 3674//424 3675//424
f 3895//5325 3901//5325 261//5325
f 3356//5326 3357//5326 3355//5326
f 1939//5327 967//5327 2041//5327
f 1613//5328 1614//5328 1615//5328
f 2702//5329 2704//5329 2938//5329
f 2100//5330 1213//5330 1212//5330
f 3881//424 3870//424 3880//424
f 3870//424 3878//424 3879//424
f 3878//424 3882//424 3879//424
f 3093//5331 3099//5331 3058//5331
f 1221//5332 1504//5332 983//5332
f 1504//5333 985//5333 983//5333
f 985//5334 984//5334 983//5334
f 983//5335 982//5335 981//5335
f 982//5336 980//5336 981//5336
f 981//5337 976//5337 983//5337
f 1277//5338 1947//5338 1944//5338
f 2014//5339 2018//5339 2013//5339
f 2657//5340 1390//5340 1389//5340
f 1389//5341 1368//5341 2025//5341
f 971//5342 948//5342 2431//5342
f 123//5343 1464//5343 2260//5343
f 1464//5344 1502//5344 2260//5344
f 3759//596 3745//596 3760//596
f 3745//596 3743//596 3760//596
f 113//5345 115//5345 114//5345
f 114//5346 171//5346 2134//5346
f 171//5347 172//5347 2133//5347
f 2134//5348 171//5348 2133//5348
f 812//5349 665//5349 670//5349
f 1194//4632 1193//4632 1192//4632
f 239//5350 246//5350 247//5350
f 3584//32 3588//32 3587//32
f 3587//32 3586//32 3584//32
f 1196//5351 1195//5351 1190//5351
f 2836//5352 2819//5352 2830//5352
f 3603//5353 3706//5353 3599//5353
f 3706//5354 3714//5354 1355//5354
f 3599//5355 3706//5355 1355//5355
f 2714//5356 2715//5356 2710//5356
f 588//5357 1010//5357 571//5357
f 2887//5358 2945//5358 2937//5358
f 1132//5359 1131//5359 1139//5359
f 3928//682 3929//682 3909//682
f 3929//2378 3907//2378 3909//2378
f 3909//682 3927//682 3928//682
f 3927//682 3912//682 3910//682
f 2850//5360 2835//5360 2851//5360
f 3754//682 3755//682 3749//682
f 1188//5361 1190//5361 1183//5361
f 3158//5362 2992//5362 3151//5362
f 879//5363 651//5363 650//5363
f 3533//5364 3531//5364 3532//5364
f 986//5365 987//5365 980//5365
f 919//5366 2175//5366 2176//5366
f 3640//244 3631//244 3649//244
f 3631//244 3632//244 3649//244
f 3643//244 3641//244 3642//244
f 3641//244 3640//244 3642//244
f 1021//5367 1032//5367 1033//5367
f 3925//5368 3930//5368 2051//5368
f 3717//5046 3722//5046 3719//5046
f 3719//244 3709//244 3716//244
f 3709//244 3712//244 3716//244
f 2860//5369 2855//5369 2857//5369
f 2015//5370 2016//5370 2014//5370
f 3291//5371 3290//5371 3313//5371
f 3717//5372 3716//5372 3823//5372
f 3717//5373 3823//5373 3818//5373
f 3829//5374 82//5374 81//5374
f 3717//5375 3818//5375 3816//5375
f 3816//5376 3829//5376 81//5376
f 2820//5377 2821//5377 2818//5377
f 3858//424 2381//424 3859//424
f 2381//424 3856//424 3857//424
f 2013//5378 1933//5378 1932//5378
f 2211//5379 2212//5379 57//5379
f 1712//5380 1697//5380 1701//5380
f 1141//5381 2553//5381 2558//5381
f 1785//5382 1784//5382 2653//5382
f 2653//5383 415//5383 414//5383
f 415//5384 944//5384 416//5384
f 415//5385 416//5385 414//5385
f 1331//5386 1785//5386 2653//5386
f 1330//5387 1331//5387 2653//5387
f 413//5388 1330//5388 2653//5388
f 2693//5389 2679//5389 2678//5389
f 800//5390 778//5390 799//5390
f 2642//5391 1144//5391 2479//5391
f 1144//5392 1056//5392 2479//5392
f 1056//5393 1041//5393 1043//5393
f 1043//5394 1040//5394 2493//5394
f 2493//5395 2494//5395 1043//5395
f 2494//5396 2496//5396 2497//5396
f 2497//5397 2505//5397 2479//5397
f 2494//5398 2497//5398 1043//5398
f 1056//5399 1043//5399 2479//5399
f 928//5400 929//5400 930//5400
f 1030//5401 1036//5401 1037//5401
f 151//5402 150//5402 2644//5402
f 2644//5403 2638//5403 3657//5403
f 2638//5404 3671//5404 3657//5404
f 1851//5405 1861//5405 1839//5405
f 3653//32 3650//32 3651//32
f 3650//32 3652//32 3651//32
f 2941//5406 2947//5406 3425//5406
f 2655//5407 2656//5407 211//5407
f 2656//5408 213//5408 211//5408
f 211//5409 212//5409 2655//5409
f 1204//5410 1206//5410 1199//5410
f 964//5411 3//5411 1//5411
f 3932//5412 1085//5412 3582//5412
f 1085//5413 1082//5413 3602//5413
f 3662//5414 3666//5414 3767//5414
f 3662//5415 3767//5415 3763//5415
f 3653//5416 3662//5416 3754//5416
f 3662//5417 3763//5417 3754//5417
f 3763//5418 3764//5418 3754//5418
f 2639//5419 3654//5419 3650//5419
f 2130//5420 2639//5420 3629//5420
f 2639//5421 3650//5421 3629//5421
f 2128//5422 2129//5422 2130//5422
f 3629//5423 3645//5423 2130//5423
f 3645//5424 2128//5424 2130//5424
f 3748//5425 3649//5425 3751//5425
f 3649//5426 3632//5426 3751//5426
f 3632//5427 3629//5427 3653//5427
f 3653//5428 3629//5428 3650//5428
f 3754//5429 3751//5429 3653//5429
f 3751//5430 3632//5430 3653//5430
f 3931//5431 3756//5431 3752//5431
f 3864//5432 3931//5432 3752//5432
f 3864//5433 3752//5433 3764//5433
f 3752//5434 3754//5434 3764//5434
f 3874//5435 2381//5435 3871//5435
f 2381//5436 3858//5436 3871//5436
f 3858//5437 3864//5437 3764//5437
f 3873//5438 3871//5438 3858//5438
f 3777//5439 3873//5439 3858//5439
f 2657//5440 2141//5440 2656//5440
f 2141//5441 2140//5441 2656//5441
f 1377//5442 1373//5442 1379//5442
f 213//5443 2656//5443 2140//5443
f 2647//5444 2575//5444 2574//5444
f 1054//5445 1055//5445 1058//5445
f 1055//5446 1059//5446 1058//5446
f 2383//5447 2386//5447 2535//5447
f 1533//5448 1528//5448 1519//5448
f 1426//5449 1424//5449 1428//5449
f 1406//5450 1411//5450 1410//5450
f 235//5451 234//5451 1649//5451
f 234//5452 1651//5452 1649//5452
f 1649//5453 1647//5453 235//5453
f 1647//5454 1648//5454 242//5454
f 1123//5455 2118//5455 2526//5455
f 2118//5456 2529//5456 2526//5456
f 2967//5457 2970//5457 2981//5457
f 2981//5458 2975//5458 2967//5458
f 2904//5459 2956//5459 2955//5459
f 2923//5460 2808//5460 2809//5460
f 2922//5461 2916//5461 2919//5461
f 2663//5462 2677//5462 2668//5462
f 2668//5463 2669//5463 2664//5463
f 2669//5464 1231//5464 2667//5464
f 2669//5465 2667//5465 2664//5465
f 1270//5466 1264//5466 1260//5466
f 2415//5467 3277//5467 3278//5467
f 3066//5468 3039//5468 3077//5468
f 3077//5469 3072//5469 3066//5469
f 1615//5470 1509//5470 1508//5470
f 1128//5471 1123//5471 1122//5471
f 1122//5472 1119//5472 1128//5472
f 3354//5473 3355//5473 3352//5473
f 2062//5474 2063//5474 2060//5474
f 885//5475 880//5475 654//5475
f 471//150 971//150 474//150
f 971//150 853//150 858//150
f 474//150 472//150 471//150
f 971//150 858//150 485//150
f 485//150 858//150 857//150
f 971//150 483//150 482//150
f 475//150 474//150 971//150
f 483//150 971//150 484//150
f 895//150 971//150 482//150
f 857//150 865//150 485//150
f 894//150 971//150 893//150
f 478//150 475//150 971//150
f 893//150 971//150 895//150
f 865//150 864//150 485//150
f 479//150 478//150 971//150
f 864//150 868//150 485//150
f 484//150 971//150 485//150
f 896//150 479//150 971//150
f 894//150 896//150 971//150
f 868//150 867//150 485//150
f 867//150 873//150 485//150
f 3735//424 3733//424 3734//424
f 3733//424 3737//424 3734//424
f 2692//5476 2712//5476 2713//5476
f 1064//5477 3894//5477 3896//5477
f 3886//5478 3884//5478 1057//5478
f 3896//5479 3886//5479 1057//5479
f 3805//5480 3789//5480 3696//5480
f 1823//5481 1825//5481 1800//5481
f 1800//5482 1820//5482 1824//5482
f 1820//5483 1815//5483 1824//5483
f 3790//5484 3698//5484 3694//5484
f 1156//5485 1155//5485 1162//5485
f 3883//596 3874//596 3884//596
f 3874//596 3875//596 3884//596
f 3884//596 3886//596 3883//596
f 3886//596 3896//596 3885//596
f 3885//596 3883//596 3886//596
f 1318//5486 1324//5486 1325//5486
f 1154//5487 1152//5487 1153//5487
f 1587//5488 1588//5488 1586//5488
f 559//2160 447//2160 449//2160
f 1198//5489 1209//5489 1210//5489
f 3667//244 3660//244 3665//244
f 3660//244 3664//244 3665//244
f 3661//244 3668//244 3662//244
f 3668//244 3667//244 3665//244
f 3666//244 3662//244 3668//244
f 1831//5490 1834//5490 1420//5490
f 1803//5491 1815//5491 1805//5491
f 1805//5492 1804//5492 1803//5492
f 2983//5493 2986//5493 2996//5493
f 2996//5494 2990//5494 2983//5494
f 493//5495 169//5495 499//5495
f 2530//5496 2524//5496 2526//5496
f 2835//5497 2847//5497 2848//5497
f 2089//5498 2090//5498 2047//5498
f 2047//5499 2048//5499 2046//5499
f 1380//5500 1388//5500 1389//5500
f 1389//5501 1390//5501 1379//5501
f 1551//5502 429//5502 445//5502
f 1817//5503 1809//5503 1805//5503
f 517//5504 518//5504 514//5504
f 3915//32 3903//32 3904//32
f 3904//32 3902//32 3905//32
f 1712//5505 1708//5505 1713//5505
f 1741//5506 1830//5506 1449//5506
f 1830//5507 1459//5507 1449//5507
f 1449//5508 1717//5508 1741//5508
f 1717//5509 1734//5509 1733//5509
f 3169//5510 3168//5510 3164//5510
f 2954//5511 2953//5511 2949//5511
f 2092//5512 2091//5512 2452//5512
f 2091//5513 2400//5513 2452//5513
f 2400//5514 2398//5514 2399//5514
f 2398//5515 2368//5515 3479//5515
f 2368//5516 3524//5516 3479//5516
f 3524//5517 3520//5517 3522//5517
f 3522//5518 3519//5518 3523//5518
f 3479//5519 3480//5519 3478//5519
f 3522//5520 3523//5520 3524//5520
f 3523//5521 3479//5521 3524//5521
f 2452//5522 2400//5522 2399//5522
f 2399//5523 506//5523 2452//5523
f 3478//5524 3506//5524 2399//5524
f 2398//5525 3479//5525 3478//5525
f 478//5526 480//5526 481//5526
f 1158//5527 2264//5527 2265//5527
f 3370//5528 3376//5528 3374//5528
f 3374//5529 3172//5529 3201//5529
f 2622//5530 2618//5530 3916//5530
f 3916//5531 3903//5531 2622//5531
f 3903//5532 3915//5532 2392//5532
f 2725//5533 2726//5533 2719//5533
f 1932//5534 1926//5534 1929//5534
f 3076//5535 3071//5535 3070//5535
f 2411//5536 2414//5536 2409//5536
f 2409//5537 2412//5537 2416//5537
f 2364//5538 2410//5538 2409//5538
f 2410//5539 2411//5539 2409//5539
f 1013//5540 1008//5540 1012//5540
f 810//5541 657//5541 660//5541
f 3834//32 3835//32 3836//32
f 2029//5542 1977//5542 1997//5542
f 188//5543 2050//5543 2536//5543
f 1349//5544 1339//5544 1338//5544
f 1948//5545 1949//5545 1950//5545
f 1950//5546 1960//5546 1948//5546
f 2694//5547 2691//5547 2679//5547
f 1237//5548 1239//5548 1233//5548
f 3293//5549 3296//5549 3188//5549
f 1874//5550 1844//5550 1382//5550
f 2050//5551 188//5551 2049//5551
f 188//5552 189//5552 2049//5552
f 189//5553 190//5553 180//5553
f 190//5554 191//5554 180//5554
f 3087//5555 3094//5555 3088//5555
f 3472//5556 3538//5556 3463//5556
f 3655//5557 1087//5557 1075//5557
f 3652//5558 3655//5558 1075//5558
f 1427//5559 1425//5559 1424//5559
f 2935//5560 2934//5560 2930//5560
f 2925//5561 2813//5561 2811//5561
f 2252//5562 2290//5562 2289//5562
f 2483//5563 2373//5563 2484//5563
f 1895//5564 1896//5564 1441//5564
f 771//5565 772//5565 693//5565
f 2316//5566 2319//5566 2315//5566
f 2315//5567 2317//5567 2316//5567
f 2317//5568 1352//5568 2318//5568
f 2318//5569 1353//5569 1716//5569
f 2317//5570 2318//5570 2316//5570
f 1716//5571 1727//5571 2316//5571
f 3775//596 3777//596 3781//596
f 3777//596 3764//596 3782//596
f 3764//596 3761//596 3782//596
f 2984//5572 2992//5572 3158//5572
f 180//5573 191//5573 192//5573
f 192//5574 256//5574 258//5574
f 256//5575 259//5575 258//5575
f 3644//5576 116//5576 3638//5576
f 116//5577 2128//5577 3638//5577
f 2279//5578 2280//5578 2282//5578
f 3024//5579 3019//5579 3018//5579
f 157//2345 160//2345 161//2345
f 1361//5580 1365//5580 1366//5580
f 1143//5581 1036//5581 1035//5581
f 3675//5582 1134//5582 3701//5582
f 1134//5583 1142//5583 3701//5583
f 2899//5584 2926//5584 2799//5584
f 1688//5585 1672//5585 1676//5585
f 1348//5586 1223//5586 970//5586
f 1223//5587 952//5587 277//5587
f 970//5588 1223//5588 277//5588
f 2890//5589 2902//5589 2912//5589
f 3746//682 3736//682 3731//682
f 3736//682 3737//682 3731//682
f 3101//5590 3112//5590 3106//5590
f 1077//5591 1079//5591 1080//5591
f 2392//5592 3815//5592 2342//5592
f 3815//5593 3800//5593 2342//5593
f 3800//5594 3801//5594 2342//5594
f 2342//5595 1071//5595 2392//5595
f 2863//5596 2922//5596 2918//5596
f 2011//5597 1986//5597 2010//5597
f 1215//5598 1624//5598 1214//5598
f 1624//5599 1617//5599 1621//5599
f 2027//5600 1995//5600 2011//5600
f 2803//5601 3445//5601 3442//5601
f 3389//5602 3390//5602 3388//5602
f 987//5603 986//5603 1011//5603
f 1479//5604 1480//5604 1463//5604
f 1480//5605 1495//5605 1494//5605
f 987//5606 586//5606 978//5606
f 907//5607 908//5607 904//5607
f 2832//5608 2830//5608 2829//5608
f 1150//5609 1548//5609 1579//5609
f 3406//5610 2341//5610 3400//5610
f 3400//5611 3407//5611 3387//5611
f 3400//5612 3387//5612 3360//5612
f 3359//5613 3406//5613 3400//5613
f 3400//5614 3360//5614 3358//5614
f 1433//5615 1432//5615 1455//5615
f 583//5616 581//5616 582//5616
f 581//5617 579//5617 578//5617
f 2171//5618 2174//5618 2148//5618
f 2174//5619 2149//5619 2148//5619
f 642//5620 760//5620 761//5620
f 1182//5621 1193//5621 1194//5621
f 1202//5622 1201//5622 1200//5622
f 2942//5623 3425//5623 3403//5623
f 2618//5624 2622//5624 2616//5624
f 1478//5625 1462//5625 1660//5625
f 1462//5626 1662//5626 1660//5626
f 3237//5627 3233//5627 3413//5627
f 3413//5628 3412//5628 3244//5628
f 3243//5629 3237//5629 3413//5629
f 3413//5630 3244//5630 3242//5630
f 592//5631 591//5631 464//5631
f 1721//5632 1723//5632 943//5632
f 943//5633 420//5633 1719//5633
f 1721//5632 943//5632 1719//5632
f 3462//5634 2062//5634 3460//5634
f 2062//5635 2061//5635 3437//5635
f 3460//5636 2062//5636 3437//5636
f 2064//5637 266//5637 2061//5637
f 266//5638 271//5638 272//5638
f 272//5639 269//5639 268//5639
f 266//5640 272//5640 2432//5640
f 3461//5641 3458//5641 3462//5641
f 3460//5642 3461//5642 3462//5642
f 3460//5643 3437//5643 3453//5643
f 3453//5644 3452//5644 3450//5644
f 3450//5645 3460//5645 3453//5645
f 266//5646 2432//5646 3436//5646
f 272//5647 268//5647 274//5647
f 274//5648 2433//5648 272//5648
f 2433//5649 2432//5649 272//5649
f 3437//5650 2061//5650 3440//5650
f 3440//5651 2061//5651 3436//5651
f 2432//5652 2435//5652 3436//5652
f 3436//5653 3435//5653 3440//5653
f 3440//5654 3439//5654 3437//5654
f 2694//5655 2693//5655 266//5655
f 1234//5656 1233//5656 1226//5656
f 2860//5657 2735//5657 2734//5657
f 1424//5658 1430//5658 1431//5658
f 2737//5659 2868//5659 3466//5659
f 1216//5660 1214//5660 1621//5660
f 1621//5661 1613//5661 1619//5661
f 2968//5662 2977//5662 3148//5662
f 2892//5663 2954//5663 2946//5663
f 3000//5664 3007//5664 3008//5664
f 3745//32 3742//32 3744//32
f 1046//5665 2609//5665 2608//5665
f 2609//5666 2606//5666 2605//5666
f 1179//5667 1194//5667 1157//5667
f 3791//682 3793//682 3808//682
f 3793//682 3809//682 3808//682
f 3809//682 3810//682 3808//682
f 3810//682 3803//682 3806//682
f 1718//5668 1720//5668 1724//5668
f 2450//5669 2448//5669 2449//5669
f 2570//5670 85//5670 2571//5670
f 85//5671 83//5671 2571//5671
f 3063//5672 3058//5672 3057//5672
f 1263//5673 1267//5673 1268//5673
f 266//5674 2688//5674 2687//5674
f 3188//5675 3104//5675 3103//5675
f 3103//2546 3065//2546 3187//2546
f 3065//5676 3182//5676 3187//5676
f 3189//2548 3190//2548 3116//2548
f 3190//5677 3117//5677 3116//5677
f 3116//2548 3078//2548 3189//2548
f 483//2549 484//2549 486//2549
f 3142//5678 3104//5678 3193//5678
f 3104//5679 3188//5679 3193//5679
f 3193//5678 3194//5678 3142//5678
f 3153//5680 3117//5680 3195//5680
f 3117//5680 3190//5680 3195//5680
f 3195//5681 3196//5681 3153//5681
f 1937//1531 3941//1531 3943//1531
f 3941//1531 5//1531 3943//1531
f 5//1531 3940//1531 3943//1531
f 3940//3746 3942//3746 3939//3746
f 3943//1531 3940//1531 3939//1531
f 3943//1531 3933//1531 3937//1531
f 3933//1531 3934//1531 3938//1531
f 3933//1531 3938//1531 3937//1531
f 1566//5682 1573//5682 1572//5682
f 1567//5683 1565//5683 1568//5683
f 1566//5684 1572//5684 1567//5684
f 2564//5685 2127//5685 2567//5685
f 2127//5686 224//5686 2567//5686
f 2163//5687 2151//5687 921//5687
f 1068//5688 1069//5688 1070//5688
f 3013//5689 3178//5689 3179//5689
f 3179//2555 3180//2555 3051//2555
f 3180//5690 3052//5690 3051//5690
f 1949//5691 1954//5691 1956//5691
f 3012//2557 3001//2557 3203//2557
f 3001//2557 3200//2557 3203//2557
f 3203//5692 3178//5692 3012//5692
f 2986//2558 3198//2558 3202//2558
f 3202//5693 3175//5693 2996//5693
f 3175//5694 2997//5694 2996//5694
f 3173//5695 3214//5695 3220//5695
f 1075//5696 1087//5696 1073//5696
f 1087//5697 2597//5697 2589//5697
f 2675//5698 2065//5698 2274//5698
f 2274//5699 2271//5699 2673//5699
f 2673//5700 2671//5700 2674//5700
f 2671//5701 2670//5701 2674//5701
f 2674//5702 2066//5702 2675//5702
f 2675//5703 2274//5703 2673//5703
f 2924//5704 2808//5704 2923//5704
f 485//5705 934//5705 2146//5705
f 2146//5706 2147//5706 2148//5706
f 2148//5707 2149//5707 2146//5707
f 2149//5708 424//5708 2146//5708
f 424//5709 486//5709 485//5709
f 486//5710 484//5710 485//5710
f 1180//5711 1179//5711 1170//5711
f 2598//5712 2600//5712 2603//5712
f 2600//5713 2604//5713 2603//5713
f 1155//5714 1160//5714 1161//5714
f 3312//5715 2410//5715 3338//5715
f 3236//5716 3238//5716 3240//5716
f 1364//5717 1367//5717 1368//5717
f 2047//5718 2090//5718 2627//5718
f 3078//5719 3077//5719 3184//5719
f 3077//5719 3039//5719 3183//5719
f 3039//5720 3177//5720 3183//5720
f 1020//5721 1033//5721 1025//5721
f 1033//5722 1076//5722 1077//5722
f 445//5723 441//5723 1546//5723
f 1546//5724 1549//5724 1550//5724
f 3310//5725 2411//5725 2410//5725
f 3853//32 3860//32 3862//32
f 1579//5726 1582//5726 1578//5726
f 1582//5727 1588//5727 1587//5727
f 1578//5728 1582//5728 1587//5728
f 2861//5729 2857//5729 2867//5729
f 1009//5730 1007//5730 1006//5730
f 1122//5731 2526//5731 2524//5731
f 2524//5732 1118//5732 1122//5732
f 2841//5733 3539//5733 3529//5733
f 1417//5734 1416//5734 1812//5734
f 1383//5735 2020//5735 1384//5735
f 1384//5736 1376//5736 1383//5736
f 948//5737 946//5737 965//5737
f 965//5738 967//5738 968//5738
f 968//5739 970//5739 965//5739
f 3185//5740 3282//5740 3281//5740
f 3282//5741 3280//5741 3281//5741
f 2906//5742 2917//5742 2907//5742
f 2749//5743 2724//5743 2755//5743
f 2558//5744 2560//5744 3685//5744
f 2501//5745 2504//5745 2500//5745
f 2500//5746 2495//5746 2501//5746
f 2495//5747 2422//5747 2501//5747
f 3296//5748 3298//5748 3300//5748
f 2545//5749 2596//5749 2556//5749
f 2596//5750 2587//5750 2556//5750
f 514//5751 519//5751 520//5751
f 3308//5752 3306//5752 3305//5752
f 3306//5753 3189//5753 3307//5753
f 2965//5754 2971//5754 2966//5754
f 3109//5755 3110//5755 3100//5755
f 202//5756 14//5756 994//5756
f 14//5757 989//5757 994//5757
f 989//5758 990//5758 988//5758
f 988//5759 2325//5759 992//5759
f 992//5760 248//5760 993//5760
f 992//5761 993//5761 988//5761
f 993//5762 994//5762 988//5762
f 2393//5763 2397//5763 2384//5763
f 1582//5764 1535//5764 1534//5764
f 2847//5765 2839//5765 2838//5765
f 2915//5766 2925//5766 2924//5766
f 3316//5767 3314//5767 3313//5767
f 3314//5768 3191//5768 3315//5768
f 1644//5769 1646//5769 1512//5769
f 1512//5770 1488//5770 1642//5770
f 1181//5771 1806//5771 1186//5771
f 1806//5772 1807//5772 1187//5772
f 2408//5773 2443//5773 3477//5773
f 3477//5774 3476//5774 2408//5774
f 3144//5775 3117//5775 3153//5775
f 1570//5776 1575//5776 951//5776
f 1575//5777 1577//5777 951//5777
f 1700//5778 1680//5778 149//5778
f 1680//5779 1690//5779 149//5779
f 804//5780 805//5780 648//5780
f 3889//5781 3887//5781 3780//5781
f 3794//5782 3791//5782 3909//5782
f 3909//5783 3921//5783 3813//5783
f 1468//5784 1622//5784 1633//5784
f 1035//5785 1034//5785 196//5785
f 1034//5786 197//5786 196//5786
f 3670//5787 3681//5787 135//5787
f 135//5788 134//5788 3670//5788
f 2511//5789 2489//5789 2136//5789
f 2489//5790 263//5790 2136//5790
f 263//5790 2045//5790 2136//5790
f 3619//5791 3627//5791 1026//5791
f 2601//5792 2603//5792 3619//5792
f 2603//5793 3623//5793 3619//5793
f 1721//5794 1719//5794 1718//5794
f 3353//5795 3355//5795 3357//5795
f 148//5796 149//5796 2056//5796
f 2056//5797 138//5797 148//5797
f 138//5798 146//5798 147//5798
f 2676//5799 2677//5799 2521//5799
f 3257//5800 3259//5800 3231//5800
f 2143//5801 2138//5801 114//5801
f 2138//5802 2137//5802 171//5802
f 114//5803 2138//5803 171//5803
f 130//5804 2077//5804 2143//5804
f 2077//5805 195//5805 2143//5805
f 200//5806 3562//5806 3563//5806
f 195//5807 200//5807 3563//5807
f 2143//5808 195//5808 3563//5808
f 3923//479 3905//479 3902//479
f 3923//479 3902//479 3922//479
f 3907//479 3908//479 3921//479
f 3908//479 3923//479 3922//479
f 3921//479 3908//479 3922//479
f 1327//5809 1326//5809 1341//5809
f 3365//5810 3367//5810 3369//5810
f 3448//5811 2865//5811 3443//5811
f 2865//5812 2921//5812 3443//5812
f 355//5813 337//5813 334//5813
f 3720//5814 3715//5814 2573//5814
f 2573//5815 2572//5815 3719//5815
f 516//5816 514//5816 513//5816
f 1420//5817 1422//5817 1453//5817
f 1337//5818 1341//5818 1342//5818
f 3879//5819 2342//5819 3880//5819
f 2342//5820 3801//5820 3880//5820
f 3801//5821 3797//5821 3897//5821
f 1131//5822 1052//5822 1050//5822
f 3387//5823 3388//5823 3385//5823
f 2840//5824 2843//5824 2846//5824
f 1258//5825 1269//5825 2658//5825
f 1269//5826 2376//5826 2658//5826
f 2659//5827 2661//5827 2665//5827
f 2660//5828 1248//5828 2658//5828
f 2662//5829 1240//5829 2660//5829
f 2666//5830 1241//5830 2662//5830
f 2659//5831 2665//5831 2666//5831
f 2376//5832 2659//5832 2658//5832
f 2659//5833 2666//5833 2662//5833
f 2659//5834 2662//5834 2660//5834
f 2660//5835 2658//5835 2659//5835
f 959//5836 953//5836 957//5836
f 953//5837 897//5837 957//5837
f 957//5838 508//5838 955//5838
f 959//5839 957//5839 955//5839
f 278//6 281//6 284//6
f 2479//5840 2505//5840 2478//5840
f 2505//5841 2502//5841 2478//5841
f 2478//5842 1037//5842 2642//5842
f 1037//5843 1036//5843 1143//5843
f 1143//5844 1144//5844 2642//5844
f 2642//5845 2479//5845 2478//5845
f 2748//5846 2753//5846 2731//5846
f 1345//5847 1344//5847 1365//5847
f 474//5848 477//5848 208//5848
f 3304//5849 3303//5849 3325//5849
f 2447//5850 2448//5850 2446//5850
f 2448//5851 2450//5851 2451//5851
f 2446//5852 2448//5852 2451//5852
f 670//5853 657//5853 811//5853
f 3148//5854 2977//5854 3139//5854
f 112//5855 3746//5855 3613//5855
f 3746//5856 3730//5856 3615//5856
f 3613//5857 3746//5857 3615//5857
f 3730//5858 3729//5858 3624//5858
f 3730//5859 3624//5859 3615//5859
f 3628//5860 2076//5860 112//5860
f 2323//5861 2307//5861 2309//5861
f 2309//5862 1466//5862 1465//5862
f 1465//5863 123//5863 2323//5863
f 123//5864 2087//5864 2323//5864
f 2087//5865 2086//5865 2321//5865
f 2321//5866 2322//5866 2323//5866
f 2323//5867 2309//5867 1465//5867
f 3260//5868 3261//5868 3262//5868
f 2949//5869 2958//5869 2950//5869
f 1704//5870 1705//5870 1706//5870
f 1705//5871 1814//5871 1714//5871
f 1197//5872 1200//5872 1196//5872
f 2623//5873 2539//5873 2538//5873
f 2470//5874 2456//5874 3856//5874
f 2381//5875 3874//5875 3856//5875
f 3874//5876 2455//5876 3856//5876
f 2455//5877 2454//5877 2042//5877
f 2042//5878 225//5878 2522//5878
f 225//5879 2523//5879 2522//5879
f 2455//5880 2042//5880 2522//5880
f 2469//5881 2456//5881 2470//5881
f 2470//5882 3856//5882 2469//5882
f 2469//5883 3856//5883 2455//5883
f 2522//5884 2458//5884 2469//5884
f 2455//5885 2522//5885 2469//5885
f 3217//5886 2423//5886 3246//5886
f 253//5887 254//5887 3692//5887
f 164//5888 2074//5888 3620//5888
f 164//5889 3620//5889 3606//5889
f 3821//5890 3712//5890 3822//5890
f 3625//5891 3838//5891 3710//5891
f 3838//5892 3822//5892 3712//5892
f 3710//5893 3838//5893 3712//5893
f 3606//5894 3608//5894 164//5894
f 164//5895 3608//5895 3727//5895
f 3608//5896 3625//5896 3727//5896
f 2297//5897 127//5897 126//5897
f 2259//5898 2257//5898 1493//5898
f 2297//5899 126//5899 2300//5899
f 126//5900 2259//5900 2300//5900
f 2505//5901 2500//5901 2502//5901
f 2500//5902 2504//5902 2502//5902
f 2504//5903 2501//5903 2506//5903
f 2506//5904 2503//5904 2504//5904
f 2503//5905 2502//5905 2504//5905
f 329//5906 205//5906 203//5906
f 3196//5907 3201//5907 2970//5907
f 3201//2820 3172//2820 2981//2820
f 3172//5907 2982//5907 2981//5907
f 1257//5908 1258//5908 1259//5908
f 2764//5909 2751//5909 2763//5909
f 3208//5910 3209//5910 3210//5910
f 2711//5911 2726//5911 2728//5911
f 1109//5912 1110//5912 1111//5912
f 1110//5913 1066//5913 1111//5913
f 1623//2829 1635//2829 1630//2829
f 1524//5914 1518//5914 1523//5914
f 1518//5915 1517//5915 1523//5915
f 3942//5916 3940//5916 1517//5916
f 1941//5917 2035//5917 2034//5917
f 3459//5918 3460//5918 3450//5918
f 2801//5919 2802//5919 2791//5919
f 2172//5920 2173//5920 2170//5920
f 113//5921 2134//5921 2602//5921
f 2063//5922 2062//5922 2509//5922
f 2062//5923 3463//5923 3538//5923
f 3538//5924 3535//5924 3536//5924
f 2062//5925 3538//5925 2509//5925
f 2640//5926 2060//5926 2063//5926
f 2474//5927 2641//5927 2640//5927
f 193//5928 2477//5928 2474//5928
f 2475//5929 194//5929 2474//5929
f 194//5930 193//5930 2474//5930
f 2509//5931 2636//5931 2475//5931
f 2513//5932 2510//5932 2509//5932
f 2426//5933 2514//5933 3492//5933
f 2514//5934 2513//5934 3492//5934
f 3492//5935 3490//5935 2426//5935
f 3502//5936 3495//5936 3492//5936
f 3538//5937 3536//5937 2513//5937
f 2509//5938 3538//5938 2513//5938
f 3536//5939 3502//5939 3492//5939
f 2509//5940 2475//5940 2063//5940
f 2640//5941 2475//5941 2474//5941
f 3492//5942 2513//5942 3536//5942
f 2839//5943 2847//5943 2843//5943
f 2482//5944 2484//5944 2481//5944
f 2481//5945 1114//5945 2482//5945
f 1451//5946 1455//5946 1456//5946
f 1836//5947 1844//5947 1845//5947
f 3083//5948 3084//5948 3074//5948
f 3428//5949 3533//5949 3427//5949
f 2426//5950 3510//5950 3431//5950
f 3431//5951 3429//5951 3427//5951
f 3429//5952 3428//5952 3427//5952
f 2562//5953 2563//5953 2565//5953
f 2565//5954 2531//5954 2530//5954
f 2424//5955 2426//5955 3427//5955
f 2286//5956 2284//5956 2289//5956
f 3890//5957 3771//5957 3891//5957
f 3771//5958 3773//5958 3906//5958
f 3891//5959 3771//5959 3906//5959
f 3773//5960 3784//5960 3699//5960
f 3784//5961 3688//5961 3699//5961
f 3678//5962 3697//5962 3807//5962
f 3697//5963 3804//5963 3807//5963
f 3636//5964 1021//5964 1019//5964
f 3444//5965 3446//5965 3448//5965
f 2363//5966 3398//5966 2362//5966
f 929//5967 2172//5967 930//5967
f 3872//5968 3876//5968 3778//5968
f 3876//5969 3776//5969 3778//5969
f 1217//5970 1216//5970 1619//5970
f 1619//5971 1615//5971 1620//5971
f 3022//5972 3029//5972 3023//5972
f 3956//5973 3950//5973 443//5973
f 2446//5974 2451//5974 1137//5974
f 1080//5975 1079//5975 2588//5975
f 2588//5976 2596//5976 153//5976
f 1564//5977 1558//5977 1556//5977
f 1558//5978 1545//5978 1553//5978
f 3128//5979 3123//5979 3122//5979
f 3603//5980 3605//5980 3707//5980
f 2539//5981 2534//5981 2538//5981
f 2534//5982 3926//5982 3924//5982
f 961//5983 962//5983 459//5983
f 1696//5984 1694//5984 1693//5984
f 3258//5985 3181//5985 3259//5985
f 3259//5986 3257//5986 3258//5986
f 3481//5987 2443//5987 3487//5987
f 2790//5988 2770//5988 2788//5988
f 3004//5989 3005//5989 2993//5989
f 3489//5990 3510//5990 2426//5990
f 3490//5991 3492//5991 3495//5991
f 3489//5992 2426//5992 3490//5992
f 3504//5993 3514//5993 3489//5993
f 3495//5994 3494//5994 3491//5994
f 3491//5995 3504//5995 3495//5995
f 3504//5996 3489//5996 3490//5996
f 3826//244 3824//244 3832//244
f 3832//244 3831//244 3830//244
f 1263//5997 1265//5997 1448//5997
f 3510//5998 3489//5998 3514//5998
f 3514//5999 3513//5999 3511//5999
f 3511//6000 3431//6000 3510//6000
f 3473//6001 3471//6001 3446//6001
f 3444//6002 3447//6002 3446//6002
f 3447//6003 2399//6003 3473//6003
f 496//6004 1082//6004 1084//6004
f 2491//6005 2503//6005 2492//6005
f 2503//6006 2506//6006 2492//6006
f 799//6007 777//6007 622//6007
f 3295//6008 3297//6008 3298//6008
f 3310//6009 3311//6009 3309//6009
f 1706//6010 1714//6010 1710//6010
f 3700//32 3715//32 3714//32
f 3715//32 3713//32 3714//32
f 3714//32 3706//32 3700//32
f 2159//6011 916//6011 914//6011
f 916//6012 917//6012 914//6012
f 3155//6013 3160//6013 3123//6013
f 1112//6014 1111//6014 1065//6014
f 1065//6015 1054//6015 1057//6015
f 1112//6016 1065//6016 1057//6016
f 1054//6017 1058//6017 1064//6017
f 1054//6018 1064//6018 1057//6018
f 3868//6019 2643//6019 3857//6019
f 2643//6020 1112//6020 3857//6020
f 1057//6021 3884//6021 1112//6021
f 3884//6022 3875//6022 1112//6022
f 3875//6023 3872//6023 3857//6023
f 3857//6024 3872//6024 3859//6024
f 3872//6025 3778//6025 3775//6025
f 3775//6026 3781//6026 3859//6026
f 3872//6027 3775//6027 3859//6027
f 3781//6028 3782//6028 3859//6028
f 1112//6029 3875//6029 3857//6029
f 3762//6030 3768//6030 3661//6030
f 3768//6031 3668//6031 3661//6031
f 3661//6032 3663//6032 3755//6032
f 3761//6033 3762//6033 3755//6033
f 3762//6034 3661//6034 3755//6034
f 3663//6035 3651//6035 3749//6035
f 3758//6036 3866//6036 3865//6036
f 3753//6037 3758//6037 3865//6037
f 3865//6038 3859//6038 3782//6038
f 3755//6039 3663//6039 3749//6039
f 3865//6040 3782//6040 3761//6040
f 3755//6041 3753//6041 3761//6041
f 3753//6042 3865//6042 3761//6042
f 3640//6043 3750//6043 3749//6043
f 3640//6044 3749//6044 3631//6044
f 3631//6045 3749//6045 3651//6045
f 3651//6046 1075//6046 3630//6046
f 1072//6047 1074//6047 1078//6047
f 1074//6048 1076//6048 1078//6048
f 3651//6049 3630//6049 3631//6049
f 1075//6050 1072//6050 3646//6050
f 3630//6051 1075//6051 3646//6051
f 3647//6052 3646//6052 1072//6052
f 1076//6053 1033//6053 1032//6053
f 1078//6054 3647//6054 1072//6054
f 1271//6055 1265//6055 1264//6055
f 122//6 3555//6 753//6
f 3555//6 927//6 933//6
f 933//6 934//6 3555//6
f 1293//6056 1531//6056 1536//6056
f 82//6057 3829//6057 3831//6057
f 3831//6058 3832//6058 2131//6058
f 2646//6059 2652//6059 2648//6059
f 806//6060 807//6060 805//6060
f 44//6061 2183//6061 2182//6061
f 356//6062 359//6062 340//6062
f 1687//6063 1685//6063 1497//6063
f 1811//6064 1714//6064 1814//6064
f 1120//6065 3828//6065 2572//6065
f 3828//6066 3817//6066 2572//6066
f 3719//6067 2572//6067 3817//6067
f 3719//6068 3817//6068 3819//6068
f 3709//6069 3719//6069 3820//6069
f 3719//6070 3819//6070 3820//6070
f 3820//6071 3837//6071 3709//6071
f 3837//6072 3617//6072 3709//6072
f 3728//6073 3711//6073 3617//6073
f 3711//6074 3709//6074 3617//6074
f 3206//6075 3178//6075 3203//6075
f 1818//6076 1715//6076 2145//6076
f 1715//6077 144//6077 2145//6077
f 409//6078 410//6078 330//6078
f 830//6079 743//6079 745//6079
f 2188//6080 2192//6080 26//6080
f 2273//6081 2277//6081 2276//6081
f 1798//6082 1797//6082 1795//6082
f 1795//6083 1800//6083 1798//6083
f 3382//6084 3377//6084 3418//6084
f 3418//6085 3417//6085 3415//6085
f 3415//6086 3410//6086 3411//6086
f 3411//6087 2397//6087 2396//6087
f 2397//6088 2393//6088 2396//6088
f 2393//6089 2394//6089 2396//6089
f 2396//6090 2395//6090 3411//6090
f 2395//6091 3230//6091 3411//6091
f 3230//6092 3228//6092 3418//6092
f 3411//6093 3230//6093 3415//6093
f 3382//6094 3418//6094 3381//6094
f 3418//6095 3415//6095 3230//6095
f 3381//6096 3418//6096 3219//6096
f 3219//6097 3418//6097 3223//6097
f 3228//6098 3229//6098 3418//6098
f 530//3056 531//3056 532//3056
f 846//6099 863//6099 624//6099
f 856//6100 722//6100 739//6100
f 2537//6101 2542//6101 2541//6101
f 384//6102 385//6102 295//6102
f 837//6103 697//6103 696//6103
f 2215//6104 72//6104 71//6104
f 823//6105 707//6105 695//6105
f 1463//6106 1475//6106 1512//6106
f 1475//6107 1487//6107 1488//6107
f 1475//6108 1488//6108 1512//6108
f 1478//6109 1479//6109 1463//6109
f 1512//6110 1462//6110 1463//6110
f 3710//682 3711//682 3728//682
f 3728//682 3705//682 3727//682
f 3705//682 3704//682 3727//682
f 198//6111 199//6111 200//6111
f 200//6112 195//6112 198//6112
f 195//6113 1148//6113 196//6113
f 197//6114 195//6114 196//6114
f 711//6115 622//6115 776//6115
f 701//6116 714//6116 848//6116
f 542//3067 541//3067 546//3067
f 1291//6117 1529//6117 1531//6117
f 1091//6118 2600//6118 2599//6118
f 108//6119 107//6119 2527//6119
f 2532//6120 2533//6120 108//6120
f 403//6121 332//6121 331//6121
f 259//6122 256//6122 1068//6122
f 2219//6123 76//6123 75//6123
f 1264//6124 1262//6124 1266//6124
f 503//6125 692//6125 691//6125
f 786//6126 729//6126 713//6126
f 3678//244 3679//244 3695//244
f 3696//244 3689//244 3698//244
f 3689//5046 3691//5046 3694//5046
f 3678//244 3695//244 3697//244
f 3695//244 3696//244 3697//244
f 3698//244 3697//244 3696//244
f 3360//6127 3361//6127 3356//6127
f 392//6128 304//6128 307//6128
f 2262//6129 2261//6129 2251//6129
f 1880//6130 1879//6130 1861//6130
f 1879//6131 1888//6131 1861//6131
f 1878//6132 1861//6132 1888//6132
f 1861//6133 1851//6133 1881//6133
f 478//6134 479//6134 480//6134
f 3163//6135 3130//6135 3197//6135
f 3130//6135 3192//6135 3197//6135
f 3197//6136 3198//6136 3163//6136
f 2917//6137 3515//6137 2909//6137
f 3025//6138 2982//6138 3173//6138
f 2982//6138 3172//6138 3173//6138
f 3173//3084 3174//3084 3025//3084
f 2726//6139 2711//6139 2720//6139
f 801//6140 802//6140 638//6140
f 1416//6141 1417//6141 1406//6141
f 3770//6142 3766//6142 3665//6142
f 3665//6143 3664//6143 3770//6143
f 398//6144 336//6144 335//6144
f 420//6145 1739//6145 1728//6145
f 846//6146 624//6146 623//6146
f 2964//6147 2963//6147 2957//6147
f 2776//6148 2884//6148 2936//6148
f 3149//6149 3148//6149 3144//6149
f 1200//6150 1198//6150 1195//6150
f 764//6151 765//6151 664//6151
f 2156//6152 2165//6152 911//6152
f 1694//6153 1692//6153 1695//6153
f 940//6154 2158//6154 929//6154
f 744//6155 611//6155 857//6155
f 3571//6156 2436//6156 3574//6156
f 2436//6157 2430//6157 3554//6157
f 3574//6158 2436//6158 3572//6158
f 3554//6159 3572//6159 2436//6159
f 1425//6160 1429//6160 1430//6160
f 1536//6161 1523//6161 1537//6161
f 1523//6162 3940//6162 5//6162
f 1537//6163 1523//6163 5//6163
f 3225//6164 3226//6164 3224//6164
f 3239//6165 3240//6165 3238//6165
f 2212//6166 2216//6166 58//6166
f 1960//6167 1958//6167 1968//6167
f 472//3109 208//3109 473//3109
f 46//6168 48//6168 2236//6168
f 713//6169 712//6169 783//6169
f 343//6170 322//6170 323//6170
f 417//6171 507//6171 960//6171
f 507//6172 954//6172 960//6172
f 1003//6173 1001//6173 1002//6173
f 1265//6174 1263//6174 1262//6174
f 1360//6175 1366//6175 1367//6175
f 2611//6176 2605//6176 2606//6176
f 339//6177 397//6177 398//6177
f 2995//6178 2472//6178 2989//6178
f 924//6179 2154//6179 2156//6179
f 1704//6180 1706//6180 1709//6180
f 1244//6181 1246//6181 1239//6181
f 343//6182 344//6182 322//6182
f 2223//6183 2224//6183 40//6183
f 2798//6184 2793//6184 2771//6184
f 1439//6185 1437//6185 1436//6185
f 403//6186 406//6186 332//6186
f 2203//6187 63//6187 69//6187
f 223//6188 1067//6188 1055//6188
f 2029//6189 1997//6189 2028//6189
f 3244//6190 3245//6190 3239//6190
f 366//6191 367//6191 351//6191
f 698//6192 820//6192 821//6192
f 66//6193 65//6193 2208//6193
f 1023//6194 2602//6194 2598//6194
f 2585//6195 2594//6195 2595//6195
f 566//3156 569//3156 564//3156
f 3171//6196 3143//6196 3199//6196
f 3143//6196 3194//6196 3199//6196
f 3199//6197 3200//6197 3171//6197
f 2394//6198 2393//6198 2625//6198
f 2813//6199 2794//6199 2812//6199
f 2103//6200 2098//6200 2097//6200
f 2097//6201 2096//6201 2103//6201
f 1787//6202 1723//6202 1740//6202
f 1788//6203 1786//6203 1787//6203
f 3658//424 3664//424 3659//424
f 3664//424 3660//424 3659//424
f 1395//6204 1387//6204 1386//6204
f 3046//6205 3044//6205 3040//6205
f 2213//6206 2214//6206 70//6206
f 2088//6207 105//6207 108//6207
f 105//6208 106//6208 107//6208
f 105//6209 107//6209 108//6209
f 1937//6210 3937//6210 1936//6210
f 2252//6211 2253//6211 2254//6211
f 2101//6212 1212//6212 1211//6212
f 1211//6213 2096//6213 2101//6213
f 3890//6214 3889//6214 3779//6214
f 978//6215 589//6215 979//6215
f 1251//6216 1259//6216 1248//6216
f 1402//6217 1416//6217 1405//6217
f 1014//6218 173//6218 183//6218
f 723//6219 850//6219 851//6219
f 16//93 17//93 14//93
f 2108//3174 1016//3174 159//3174
f 2610//6220 1126//6220 2347//6220
f 1126//6221 1116//6221 1115//6221
f 2347//6222 1126//6222 1115//6222
f 2347//6223 2390//6223 2610//6223
f 2030//6224 2031//6224 2032//6224
f 2886//6225 2914//6225 2902//6225
f 2730//6226 2711//6226 2732//6226
f 3379//6227 3380//6227 3378//6227
f 497//6228 488//6228 489//6228
f 2705//6229 2707//6229 2708//6229
f 750//6230 727//6230 741//6230
f 1089//6231 2599//6231 2133//6231
f 2210//6232 59//6232 60//6232
f 984//6233 985//6233 1007//6233
f 93//6234 2233//6234 2238//6234
f 2731//6235 2750//6235 2749//6235
f 2897//6236 2935//6236 2927//6236
f 2189//6237 43//6237 42//6237
f 1278//6238 1944//6238 1951//6238
f 3595//424 3582//424 3594//424
f 3586//596 3600//596 3597//596
f 3600//596 3598//596 3597//596
f 3598//596 3596//596 3599//596
f 3597//596 3585//596 3586//596
f 3733//6239 3741//6239 3848//6239
f 3741//6240 3850//6240 3848//6240
f 3848//6241 3854//6241 3760//6241
f 3737//6242 3733//6242 3744//6242
f 3733//6243 3848//6243 3743//6243
f 3744//6244 3733//6244 3743//6244
f 3848//6245 3760//6245 3743//6245
f 3744//6246 3747//6246 3643//6246
f 3747//6247 3641//6247 3643//6247
f 3744//6248 3643//6248 3737//6248
f 3643//6249 3633//6249 3737//6249
f 3731//6250 3737//6250 3633//6250
f 3614//6251 3732//6251 3731//6251
f 3635//6252 3637//6252 1024//6252
f 3731//6253 3633//6253 3614//6253
f 3633//6254 3635//6254 3614//6254
f 3616//6255 3614//6255 3635//6255
f 1026//6256 3627//6256 1024//6256
f 3627//6257 3616//6257 1024//6257
f 3637//6258 1019//6258 1024//6258
f 34//6259 2221//6259 2225//6259
f 3624//244 3618//244 3617//244
f 3614//244 3615//244 3624//244
f 3618//596 3625//596 3617//596
f 3625//596 3608//596 3609//596
f 102//6260 2579//6260 2464//6260
f 1492//6261 2298//6261 2300//6261
f 3632//424 3631//424 3630//424
f 1545//6262 1558//6262 3944//6262
f 3944//6263 1528//6263 1542//6263
f 1528//6264 1534//6264 1535//6264
f 1535//6265 1548//6265 1528//6265
f 1548//6266 1150//6266 1528//6266
f 1150//6267 1542//6267 1528//6267
f 3944//6268 1542//6268 1520//6268
f 3671//682 3658//682 3659//682
f 3659//682 3672//682 3671//682
f 3672//682 3673//682 3657//682
f 3673//682 3656//682 3657//682
f 3642//596 3634//596 3633//596
f 3644//479 3638//479 3636//479
f 3638//479 3639//479 3636//479
f 3636//479 3637//479 3644//479
f 3644//479 3637//479 3626//479
f 1849//6269 1981//6269 1898//6269
f 2992//6270 2984//6270 2985//6270
f 1703//6271 1715//6271 1707//6271
f 1715//6272 1818//6272 1705//6272
f 1818//6273 1814//6273 1705//6273
f 590//6274 589//6274 585//6274
f 579//6275 587//6275 580//6275
f 3682//596 2358//596 3688//596
f 2358//596 3691//596 3699//596
f 3682//596 3688//596 3683//596
f 3691//596 3689//596 3690//596
f 3691//596 3690//596 3699//596
f 244//6276 2094//6276 2093//6276
f 94//6277 43//6277 2189//6277
f 3675//682 3701//682 3676//682
f 3701//682 3702//682 3684//682
f 3676//682 3701//682 3684//682
f 2943//6278 273//6278 2947//6278
f 3705//479 3708//479 3703//479
f 3708//479 3700//479 3707//479
f 3705//1596 3703//1596 3704//1596
f 3700//479 3706//479 3707//479
f 3005//6279 3011//6279 3041//6279
f 2837//6280 2838//6280 2839//6280
f 3741//244 3733//244 3735//244
f 3738//244 3739//244 3740//244
f 3741//244 3735//244 3738//244
f 1884//6281 1862//6281 1878//6281
f 1862//6282 1861//6282 1878//6282
f 2203//150 2202//150 424//150
f 424//150 2149//150 2207//150
f 2149//150 2174//150 2222//150
f 424//150 2207//150 2206//150
f 2174//150 2173//150 2224//150
f 2173//150 2172//150 2229//150
f 2207//150 2149//150 2210//150
f 2172//150 929//150 2229//150
f 929//150 2158//150 2229//150
f 2158//150 2157//150 2236//150
f 2157//150 2166//150 2237//150
f 2237//150 2165//150 2241//150
f 2166//150 2165//150 2237//150
f 2165//150 2156//150 2241//150
f 2183//150 2154//150 2155//150
f 2156//150 2154//150 2241//150
f 2183//150 2155//150 2182//150
f 2182//150 2164//150 2153//150
f 2155//150 2164//150 2182//150
f 2182//150 2152//150 2184//150
f 2153//150 2152//150 2182//150
f 2152//150 2150//150 2184//150
f 2184//150 2151//150 2163//150
f 2150//150 2151//150 2184//150
f 2163//150 2162//150 2189//150
f 2227//150 2162//150 2168//150
f 2227//150 2167//150 2228//150
f 2168//150 2167//150 2227//150
f 2167//150 2161//150 2228//150
f 2161//150 2160//150 2228//150
f 2160//150 2159//150 2234//150
f 2234//150 2159//150 2176//150
f 2176//150 2175//150 2235//150
f 2175//150 454//150 582//150
f 2235//150 2175//150 2239//150
f 454//150 455//150 465//150
f 454//150 465//150 464//150
f 2176//150 2235//150 2234//150
f 2228//150 2160//150 2234//150
f 2162//150 2227//150 2189//150
f 2173//150 2229//150 2224//150
f 2206//150 2203//150 424//150
f 2149//150 2222//150 2220//150
f 454//150 464//150 466//150
f 454//150 466//150 583//150
f 2210//150 2149//150 2211//150
f 454//150 583//150 582//150
f 582//150 577//150 2175//150
f 2175//150 577//150 576//150
f 2211//150 2149//150 2212//150
f 2197//150 2107//150 2200//150
f 576//150 2107//150 2197//150
f 2212//150 2149//150 2216//150
f 2107//150 2109//150 2200//150
f 2105//150 183//150 2200//150
f 2109//150 2105//150 2200//150
f 2216//150 2149//150 2217//150
f 2217//150 2149//150 2220//150
f 576//150 2197//150 2175//150
f 2175//150 2197//150 2196//150
f 2222//150 2174//150 2223//150
f 2196//150 2193//150 2175//150
f 2223//150 2174//150 2224//150
f 2193//150 2192//150 2175//150
f 2192//150 2188//150 2175//150
f 2188//150 2187//150 2175//150
f 2229//150 2158//150 2230//150
f 2230//150 2158//150 2236//150
f 2187//150 2181//150 2175//150
f 2181//150 2180//150 2175//150
f 2237//150 2236//150 2157//150
f 2180//150 2179//150 2175//150
f 2179//150 2240//150 2175//150
f 2183//150 2241//150 2154//150
f 2240//150 2239//150 2175//150
f 2163//150 2189//150 2184//150
f 3764//32 3763//32 3762//32
f 3766//479 3770//479 3765//479
f 3765//479 3769//479 3766//479
f 3769//479 3768//479 3766//479
f 3766//479 3768//479 3767//479
f 3768//3216 3762//3216 3763//3216
f 2008//6283 1983//6283 1982//6283
f 2952//6284 2894//6284 2893//6284
f 3785//682 3765//682 3770//682
f 3773//2378 3774//2378 3784//2378
f 3774//682 3785//682 3783//682
f 3784//682 3774//682 3783//682
f 109//6285 108//6285 2533//6285
f 192//6286 191//6286 2619//6286
f 3139//6287 3146//6287 3140//6287
f 3164//6288 3143//6288 3171//6288
f 524//6289 523//6289 517//6289
f 523//6290 522//6290 518//6290
f 2645//6291 210//6291 166//6291
f 210//6292 167//6292 166//6292
f 166//6293 3610//6293 2645//6293
f 3592//6294 3591//6294 2645//6294
f 1400//6295 1385//6295 1429//6295
f 973//6296 598//6296 972//6296
f 2164//6297 937//6297 938//6297
f 3936//6298 3944//6298 1564//6298
f 3944//6299 1558//6299 1564//6299
f 442//6300 3949//6300 1461//6300
f 3949//6301 3936//6301 1461//6301
f 1461//6302 444//6302 442//6302
f 3666//6303 3665//6303 3766//6303
f 1796//6304 1813//6304 1819//6304
f 1243//6305 1242//6305 1724//6305
f 1725//6306 1730//6306 1243//6306
f 3687//479 3686//479 3670//479
f 3686//479 3669//479 3670//479
f 3670//479 3693//479 3687//479
f 3685//479 3687//479 3693//479
f 3684//479 3685//479 3692//479
f 2892//150 2893//150 2894//150
f 1732//6307 1733//6307 1734//6307
f 1183//6308 1192//6308 1193//6308
f 3028//6309 3034//6309 2472//6309
f 1461//6310 1564//6310 1556//6310
f 895//6311 482//6311 468//6311
f 1848//6312 1842//6312 1846//6312
f 2350//6313 2418//6313 2371//6313
f 2577//6314 2572//6314 2569//6314
f 2572//6315 2573//6315 2569//6315
f 2637//6316 2135//6316 2473//6316
f 2135//6317 264//6317 2473//6317
f 2488//6318 2487//6318 2425//6318
f 3808//6319 2507//6319 2488//6319
f 2507//6320 2473//6320 2488//6320
f 3909//6321 3791//6321 2425//6321
f 3791//6322 3808//6322 2488//6322
f 2473//6323 264//6323 2488//6323
f 2488//6324 2425//6324 3791//6324
f 2425//6325 2367//6325 3909//6325
f 2367//6326 3911//6326 3912//6326
f 3912//6327 3927//6327 2367//6327
f 3917//596 3904//596 3916//596
f 3904//596 3903//596 3916//596
f 3916//596 3918//596 3917//596
f 3918//596 3919//596 3917//596
f 3955//6328 11//6328 899//6328
f 11//6329 963//6329 899//6329
f 3397//6330 3348//6330 3421//6330
f 2412//6331 2409//6331 2413//6331
f 2409//6332 2414//6332 2413//6332
f 2413//6333 2415//6333 2412//6333
f 2415//6334 3416//6334 2412//6334
f 2495//6335 2496//6335 2494//6335
f 3416//6336 2422//6336 2494//6336
f 2422//6337 2495//6337 2494//6337
f 1354//6338 2374//6338 1352//6338
f 2374//6339 1268//6339 1267//6339
f 1267//6340 1716//6340 1353//6340
f 2374//6341 1267//6341 1352//6341
f 1352//6342 2317//6342 1354//6342
f 1353//6343 2318//6343 1352//6343
f 2346//6344 2349//6344 2345//6344
f 1322//6345 1325//6345 1326//6345
f 1403//6346 1414//6346 1415//6346
f 2624//6347 2540//6347 2539//6347
f 3179//6348 3248//6348 3247//6348
f 3248//6349 3246//6349 3247//6349
f 3718//6350 3713//6350 3715//6350
f 3715//596 3720//596 3721//596
f 3720//596 3719//596 3722//596
f 3720//596 3722//596 3721//596
f 3716//6351 3712//6351 3821//6351
f 813//6352 814//6352 666//6352
f 121//6353 2083//6353 2078//6353
f 2083//6354 2079//6354 2078//6354
f 2078//6355 2087//6355 123//6355
f 138//6356 2056//6356 137//6356
f 2056//6357 121//6357 2057//6357
f 137//6358 2056//6358 140//6358
f 137//6359 144//6359 138//6359
f 2072//6360 2122//6360 2073//6360
f 2122//6361 137//6361 2117//6361
f 2125//6362 2122//6362 222//6362
f 2449//6363 2448//6363 2447//6363
f 2403//6364 2404//6364 2449//6364
f 2405//6365 2401//6365 2402//6365
f 2401//6366 2403//6366 2402//6366
f 2403//6367 2449//6367 103//6367
f 2449//6368 2447//6368 103//6368
f 257//6369 2072//6369 2119//6369
f 2122//6362 2125//6362 2073//6362
f 2131//6370 2072//6370 82//6370
f 121//6371 2078//6371 124//6371
f 2078//6372 123//6372 124//6372
f 2447//6373 257//6373 2053//6373
f 2091//6374 2447//6374 2054//6374
f 2402//6375 2403//6375 2428//6375
f 2447//6376 2091//6376 2092//6376
f 2056//6377 2057//6377 2058//6377
f 121//6378 124//6378 125//6378
f 121//6379 125//6379 126//6379
f 2428//6380 2516//6380 2402//6380
f 2516//6381 2632//6381 2634//6381
f 2444//6 2445//6 2428//6
f 103//6 2444//6 2428//6
f 2516//6382 2634//6382 2402//6382
f 103//6383 2428//6383 2403//6383
f 121//6357 126//6357 127//6357
f 121//6384 127//6384 2057//6384
f 111//6385 103//6385 2447//6385
f 110//6386 111//6386 2447//6386
f 2056//6387 2058//6387 2059//6387
f 2092//6388 110//6388 2447//6388
f 2056//6389 2059//6389 139//6389
f 2056//6390 139//6390 140//6390
f 2054//6391 2447//6391 2053//6391
f 137//6 140//6 141//6
f 2052//6392 2053//6392 257//6392
f 137//6 141//6 142//6
f 137//6 142//6 143//6
f 2051//6393 2052//6393 257//6393
f 187//6394 2051//6394 257//6394
f 137//6 143//6 2115//6
f 137//6 2115//6 2116//6
f 186//6395 187//6395 257//6395
f 185//6396 186//6396 257//6396
f 137//6 2116//6 2117//6
f 2117//6362 265//6362 2122//6362
f 184//6397 185//6397 257//6397
f 255//6397 184//6397 257//6397
f 265//6362 222//6362 2122//6362
f 262//6398 255//6398 257//6398
f 261//6398 262//6398 257//6398
f 260//6399 261//6399 257//6399
f 2044//6400 260//6400 257//6400
f 2073//6401 2065//6401 2072//6401
f 2065//6402 2066//6402 2072//6402
f 2043//6400 2044//6400 257//6400
f 2042//6403 2043//6403 257//6403
f 2066//6402 2067//6402 2072//6402
f 2067//6402 87//6402 2072//6402
f 225//6404 2042//6404 257//6404
f 2120//6405 225//6405 257//6405
f 87//6406 88//6406 2072//6406
f 88//6407 89//6407 2072//6407
f 2119//6408 2120//6408 257//6408
f 2132//6409 2119//6409 2072//6409
f 89//6410 81//6410 2072//6410
f 81//6411 82//6411 2072//6411
f 1168//6412 1170//6412 1152//6412
f 1319//6413 1323//6413 1324//6413
f 2646//6414 3600//6414 2652//6414
f 3600//6415 3586//6415 2652//6415
f 3587//6416 3589//6416 489//6416
f 3589//6417 3601//6417 489//6417
f 489//6418 3601//6418 496//6418
f 2652//6419 3586//6419 489//6419
f 3582//4782 3602//4782 3583//4782
f 3602//682 3593//682 3610//682
f 3611//682 3602//682 3610//682
f 3593//682 3592//682 3610//682
f 248//6420 992//6420 2326//6420
f 3901//6421 3899//6421 262//6421
f 3211//6422 3215//6422 2423//6422
f 2618//6423 2621//6423 3918//6423
f 2394//6424 2626//6424 2395//6424
f 2626//6425 1135//6425 2395//6425
f 1135//6426 3422//6426 3393//6426
f 3422//6427 2365//6427 2369//6427
f 2343//6428 2344//6428 2369//6428
f 2344//6429 3254//6429 2369//6429
f 3254//6430 3255//6430 2369//6430
f 3422//6431 2369//6431 3255//6431
f 3250//6432 3422//6432 3255//6432
f 3250//6433 2423//6433 3422//6433
f 2423//6434 3393//6434 3422//6434
f 2396//6435 2394//6435 2395//6435
f 3261//6436 3230//6436 2395//6436
f 3261//6437 2395//6437 3266//6437
f 2395//6438 1135//6438 3393//6438
f 3266//6439 2395//6439 3265//6439
f 3265//6440 2395//6440 3267//6440
f 2395//6441 3393//6441 3329//6441
f 3393//6442 3216//6442 3209//6442
f 3393//6443 3209//6443 3205//6443
f 3267//6444 2395//6444 3297//6444
f 3297//6445 2395//6445 3302//6445
f 3393//6446 3205//6446 3371//6446
f 3302//6447 2395//6447 3301//6447
f 3301//6448 2395//6448 3303//6448
f 3393//6449 3371//6449 3372//6449
f 3393//6450 3372//6450 3366//6450
f 3303//6451 2395//6451 3329//6451
f 3393//6452 3366//6452 3336//6452
f 3393//6453 3336//6453 3334//6453
f 3329//6454 3393//6454 3335//6454
f 2345//6455 2348//6455 2352//6455
f 958//6456 954//6456 507//6456
f 2518//6457 3718//6457 3721//6457
f 3368//6458 3369//6458 3367//6458
f 3367//6459 3372//6459 3371//6459
f 3776//244 3772//244 3779//244
f 3772//5046 3771//5046 3779//5046
f 3775//244 3778//244 3777//244
f 3778//244 3776//244 3786//244
f 3786//244 3776//244 3780//244
f 3786//244 3777//244 3778//244
f 223//6460 224//6460 258//6460
f 224//6461 2127//6461 2126//6461
f 2126//6462 258//6462 224//6462
f 258//6463 259//6463 1067//6463
f 3748//6464 3742//6464 3642//6464
f 1142//6465 2558//6465 3702//6465
f 3702//6466 3701//6466 1142//6466
f 1938//6467 2041//6467 2035//6467
f 1961//6468 1960//6468 1970//6468
f 1325//6469 2027//6469 1326//6469
f 1210//215 1209//215 1208//215
f 1421//6470 1428//6470 1433//6470
f 1192//6471 2288//6471 2290//6471
f 2288//6472 2289//6472 2290//6472
f 3607//6473 3612//6473 1090//6473
f 3612//6474 2604//6474 1090//6474
f 3162//6475 3170//6475 3165//6475
f 1685//6476 1686//6476 1498//6476
f 2003//6477 2002//6477 2000//6477
f 527//6478 528//6478 526//6478
f 2201//6479 2204//6479 24//6479
f 1736//6480 1735//6480 1732//6480
f 3645//682 3629//682 3647//682
f 3629//2378 3630//2378 3646//2378
f 3646//682 3647//682 3629//682
f 3639//682 3638//682 3648//682
f 3638//682 3645//682 3648//682
f 3658//6481 2508//6481 3664//6481
f 2508//6482 3783//6482 3664//6482
f 3783//6483 3770//6483 3664//6483
f 497//6484 1084//6484 1086//6484
f 2510//6485 2513//6485 2514//6485
f 2514//6486 2490//6486 2512//6486
f 2512//6487 2511//6487 2510//6487
f 2511//6488 2136//6488 2635//6488
f 2635//6489 2045//6489 194//6489
f 2511//6490 2635//6490 2636//6490
f 2510//6491 2514//6491 2512//6491
f 2636//6492 2509//6492 2510//6492
f 194//6493 2475//6493 2636//6493
f 2511//6494 2636//6494 2510//6494
f 1061//6495 3893//6495 3894//6495
f 2139//6496 2001//6496 500//6496
f 3010//6497 3021//6497 3015//6497
f 1524//6498 1523//6498 1540//6498
f 1523//6499 1536//6499 1530//6499
f 1536//6500 1531//6500 1530//6500
f 3841//682 3854//682 3842//682
f 3854//682 3848//682 3849//682
f 2341//6501 3233//6501 3407//6501
f 3233//6502 3391//6502 3407//6502
f 3392//6503 3387//6503 3407//6503
f 3407//6504 3400//6504 2341//6504
f 3842//424 3839//424 3840//424
f 3839//424 3843//424 3840//424
f 2696//6505 2695//6505 2691//6505
f 2831//6506 2829//6506 2914//6506
f 3006//6507 3004//6507 2998//6507
f 1147//6508 196//6508 1148//6508
f 1355//6509 2375//6509 2374//6509
f 1354//6510 2320//6510 1355//6510
f 191//6511 190//6511 2620//6511
f 1495//6512 1480//6512 1667//6512
f 1667//6513 1669//6513 1495//6513
f 1669//6514 1671//6514 1506//6514
f 1094//6515 1092//6515 1093//6515
f 1093//6516 1114//6516 1094//6516
f 1114//6517 2481//6517 2480//6517
f 2393//6518 2382//6518 2548//6518
f 2248//6519 997//6519 2246//6519
f 997//6520 2243//6520 2245//6520
f 2246//6521 997//6521 2245//6521
f 2246//6522 202//6522 994//6522
f 994//6523 2249//6523 2248//6523
f 3113//6524 3120//6524 3114//6524
f 2565//6525 2360//6525 3843//6525
f 2360//6526 3840//6526 3843//6526
f 3843//6527 3852//6527 2565//6527
f 98//6528 99//6528 97//6528
f 99//6529 100//6529 102//6529
f 100//6530 101//6530 102//6530
f 102//6530 97//6530 99//6530
f 97//6531 2463//6531 98//6531
f 3084//6532 3549//6532 2391//6532
f 3549//6533 98//6533 2463//6533
f 2391//6534 3549//6534 2463//6534
f 3081//6535 3084//6535 2352//6535
f 2391//6536 2353//6536 3084//6536
f 3082//6537 3081//6537 2352//6537
f 3086//6538 3082//6538 2352//6538
f 2353//6539 2352//6539 3084//6539
f 3086//6540 2352//6540 3045//6540
f 2352//6541 2351//6541 3045//6541
f 3042//6542 3045//6542 2351//6542
f 2351//6543 2371//6543 3007//6543
f 3042//6544 2351//6544 3043//6544
f 3043//6539 2351//6539 3047//6539
f 2371//6536 2372//6536 3136//6536
f 2351//6545 3003//6545 3002//6545
f 3047//6546 2351//6546 3005//6546
f 3005//6547 2351//6547 3002//6547
f 3003//6548 2351//6548 3007//6548
f 2372//6549 2373//6549 2428//6549
f 2373//6550 2483//6550 2428//6550
f 2483//6551 1107//6551 2516//6551
f 2371//6552 3008//6552 3007//6552
f 2516//6553 1107//6553 2515//6553
f 1107//6554 1106//6554 2515//6554
f 1106//6554 1104//6554 1105//6554
f 2515//6555 1106//6555 1105//6555
f 2516//6556 2428//6556 2483//6556
f 2428//6557 3136//6557 2372//6557
f 3136//6558 3170//6558 2371//6558
f 3170//6559 3167//6559 2371//6559
f 3008//6560 2371//6560 3166//6560
f 3336//6561 3337//6561 3331//6561
f 3899//6562 3900//6562 255//6562
f 1525//6563 1518//6563 1524//6563
f 1294//6564 1536//6564 1538//6564
f 595//6565 592//6565 465//6565
f 528//6566 529//6566 525//6566
f 71//6567 70//6567 2214//6567
f 3206//6568 3203//6568 3207//6568
f 3207//6569 3204//6569 3206//6569
f 380//6570 386//6570 308//6570
f 3102//6571 3097//6571 3096//6571
f 2715//6572 2714//6572 2894//6572
f 3869//6573 2466//6573 1117//6573
f 2643//6574 3868//6574 3867//6574
f 3867//6575 3869//6575 1117//6575
f 3867//6576 1117//6576 2643//6576
f 1117//6577 1113//6577 2643//6577
f 1113//6578 1112//6578 2643//6578
f 3862//479 3860//479 3866//479
f 3860//479 3864//479 3866//479
f 2525//6579 2531//6579 3845//6579
f 2531//6580 3852//6580 3845//6580
f 3904//6581 3917//6581 2453//6581
f 3917//6582 186//6582 185//6582
f 2453//6583 3917//6583 185//6583
f 2453//6584 3799//6584 3904//6584
f 3799//6585 3798//6585 3902//6585
f 3904//6586 3799//6586 3902//6586
f 3798//6587 3812//6587 3922//6587
f 2306//6588 2309//6588 2307//6588
f 1404//6589 1413//6589 1414//6589
f 1830//6590 1741//6590 1828//6590
f 1828//6591 1827//6591 1830//6591
f 142//6592 2302//6592 1178//6592
f 2263//6593 2279//6593 2283//6593
f 1829//6594 1742//6594 1737//6594
f 1742//6595 1735//6595 1737//6595
f 3855//244 3847//244 3845//244
f 3845//244 3852//244 3855//244
f 3852//244 3843//244 3855//244
f 2375//6596 2471//6596 2661//6596
f 2471//6597 2663//6597 2665//6597
f 2663//6598 2664//6598 2665//6598
f 2664//6599 2666//6599 2665//6599
f 2374//6600 2375//6600 2661//6600
f 2471//6601 2665//6601 2661//6601
f 1269//6602 1268//6602 2376//6602
f 1268//6603 2374//6603 2376//6603
f 2661//6604 2659//6604 2376//6604
f 1069//6605 2619//6605 2616//6605
f 2974//6606 2980//6606 3015//6606
f 2561//6607 2555//6607 2549//6607
f 2555//6608 2544//6608 2549//6608
f 2544//6609 2550//6609 2549//6609
f 2549//6610 3687//6610 2561//6610
f 3687//6611 3685//6611 2561//6611
f 562//3324 563//3324 422//3324
f 3729//479 3730//479 3732//479
f 3730//479 3731//479 3732//479
f 3732//479 3724//479 3729//479
f 3724//6612 3732//6612 3617//6612
f 3732//6613 3614//6613 3617//6613
f 3617//6614 3837//6614 3725//6614
f 3725//6615 3724//6615 3617//6615
f 3830//6616 3828//6616 1120//6616
f 1120//6617 2525//6617 3830//6617
f 2525//6618 3846//6618 3833//6618
f 2525//6619 3833//6619 3826//6619
f 3826//6620 3830//6620 2525//6620
f 3836//6621 3850//6621 3740//6621
f 3850//6622 3741//6622 3740//6622
f 3826//6623 3833//6623 3836//6623
f 3827//6624 3826//6624 3836//6624
f 3836//6625 3740//6625 3827//6625
f 3740//6626 3725//6626 3837//6626
f 2621//6627 2538//6627 3919//6627
f 2538//6628 3924//6628 3919//6628
f 1406//6629 1404//6629 1403//6629
f 3331//6630 3332//6630 3330//6630
f 3330//6631 3335//6631 3334//6631
f 2617//6632 2623//6632 2621//6632
f 2334//6633 2338//6633 2337//6633
f 2337//6634 2335//6634 2245//6634
f 2243//6635 2244//6635 2332//6635
f 2332//6636 2334//6636 2337//6636
f 2337//6637 2245//6637 2332//6637
f 1440//6638 1445//6638 1412//6638
f 2666//6639 2664//6639 2667//6639
f 2234//6640 96//6640 95//6640
f 910//6641 2166//6641 2157//6641
f 3936//6642 3935//6642 3944//6642
f 3935//6642 3939//6642 3944//6642
f 3954//3340 3953//3340 3952//3340
f 3952//3340 3934//3340 3933//3340
f 1730//6643 1734//6643 1717//6643
f 1372//6644 2645//6644 3591//6644
f 1184//6645 1182//6645 1179//6645
f 1024//6646 1019//6646 1022//6646
f 1019//6647 1021//6647 1020//6647
f 86//6648 2576//6648 2654//6648
f 2654//6649 2650//6649 2069//6649
f 2095//6650 2096//6650 2097//6650
f 1434//6651 1438//6651 1436//6651
f 37//6652 56//6652 2220//6652
